id	narrative	category	classification_latency_ms	created_at
1	Potential FCRA Violations or Reporting Issues : Inconsistent or Contradictory Data : The reporting contains discrepancies in the following fields : Date of Last Activity : Two conflicting dates, XX/XX/year>XXXX  and XX/XX/year>. \nDate Reported : Two different reporting dates, XX/XX/year>XXXX  and XX/XX/year>. \nClosed Date : Two conflicting dates, XX/XX/year> and XX/XX/year>. \nThis is a violation of FCRA standards requiring accurate and consistent reporting. \nAmbiguity in Account Description : The account rating and status ( " XXXX '' ) are unclear and do not follow standard terminology. This could mislead users and is a possible violation under FCRA for failing to provide clear, understandable information. \nDispute Marking : The status shows both " Account not disputed '' and " Account information disputed by consumer. '' This inconsistency suggests either the creditor or credit reporting agency failed to update the dispute status properly, a violation of FCRA Section 623 ( a ) ( 3 ). \nLack of Supporting Details : Missing key fields such as : Payment history Last payment date Term length Past due amount Incomplete data violates the FCRA requirement for furnishing complete and accurate information. \nCollection Status : The account is reported as " Seriously past due date/ assigned to attorney, collection agency, or credit grantor 's internal collection department. '' If you have disputed this or if the information is inaccurate, the creditor is obligated to correct or remove the entry. \nOriginal Creditor Issue : The original creditor is listed as " XXXX XXXX, '' but there is no indication of validation of the debt. If this debt was sold or transferred, you have the right to request proof of assignment or validation under the Fair Debt Collection Practices Act ( FDCPA ).	Credit reporting	3263.82	2026-10-08 04:02:02
2	I went to XXXX college in XXXX and took out loans with sallie mae. I was never late on a payment or had any issues with them. Now that Navient took over it has been a headache. They send XXXX letters and bills a month you call and talk to someone they always say things are ok with the account, but then i get calls saying its late and is going to be reported. I call and set up a auto pay from my account and then call and say that it was n't taken out even though i prove that it was. Then they say well this must be a new loan and you have to pay. Then another person tells you that im up to date. Then i get XXXX different bills adding up to {$800.00} a month i call and talk with someone they say they do n't see that. My credit is going to get ruined because this company took over my loans and you ca n't get a straight answer.	Consumer loan	4647.4	2026-10-08 04:02:04
3	On XXXX of XXXX I had locked my XXXX XXXX XXXX. In XXXX of XXXX they made an unauthorized charge to my card. I wrote a letter. In XXXX of XXXX they made another unauthorized charge. In XXXX they added interest so I wrote another letter. After that I called, the guy said he took care of it, so I closed my account. Now they keep adding interest.	Credit card	4661.17	2026-10-08 04:02:05
4	I am filing a complaint against Nelnet regarding concerns over unauthorized access to my federal student loan records. In early 2025, reports surfaced that the Department of Government Efficiency ( DOGE ), associated with XXXX XXXX, XXXX have accessed sensitive borrower data in violation of federal privacy laws ( XXXX ). \n\nI reached out to Nelnet formally requesting an investigation, full disclosure, and consideration of loan discharge due to this breach of trust. I am deeply concerned that my personal information may have been mishandled, and I have received no assurance that my records remain secure. \n\nI am requesting that CFPB conduct an inquiry and compel Nelnet to respond transparently and fairly to my request.	Consumer loan	4934.22	2026-10-08 04:02:07
5	I am submitting this in response to your current evaluation. I have to pursue my efforts to resolve these matters which require intent to my personal credit report. I am frustrated and feel some errors are still reported on my personal credit report which are not clearly stated as to the accuracy and completeness of the information. At this time, I solely seek the correct remedy to my personal credit report and dispute the remaining information to fix it. Please reinvestigate these accounts. Please check the inconsistency reporting of the Account number, Date Opened, Last Reported, Date of Last Active, and date of Last Payment. You must report this account accurately. Correct this matter ASAP : XXXX : XXXX XXXX XXXX Balance Owed : {$0.00} XXXX XXXX Balance Owed : {$0.00} TRANSUNION XXXX XXXX XXXX Balance Owed : {$0.00} XXXX XXXX Balance Owed : {$0.00}	Credit reporting	5422.97	2026-10-08 04:02:09
6	XXXX {$4900.00} original Balance XXXXXXXX XXXX XXXX {$2200.00} original BalanceXXXX XXXX XXXX XXXX {$1100.00} original Balance- XXXX XXXX XXXX \nXXXX {$16000.00} original Balance- XXXX XXXX XXXX {$1200.00} original Balance- XXXX XXXX XXXX {$1600.00} original Balance- XXXX XXXX XXXX {$1000.00} original balance- XXXX XXXX XXXX {$650.00} original balance- XXXX XXXX  ( XXXX  ) Original debtor XXXX {$1400.00} original balance- XXXX XXXX {$610.00} original balance- XXXX XXXX XXXX ( XXXX XXXX XXXX I have contacted all of these company 's to recant my cosumer rights . They have failed to reflect them on my profile.I 've stated that my accounts should have been frozen. I have also stated that my reports are innaccurate. Their not reflecting true on my account. \n\n\nunder the FCRA section 611 ( 5 ) ( A ) -you are required to promptly delete all information that is inaccurate, incomplete, or which can not be verified. \n\n\nFCRA 15 U.S.C 1681i, -Ever single one each any or all the unproven, none compliant, incomplete, untrue, incorrect, and or unverified aspects of any alleged derogatory, accounts must be promptly negated in its entirety or the alleged accounts are to be completed deleted. \n\n\nThe following deterogatory accounts allegations are either untrue, unverfied, incorrect, incomplete, untimely, Not mine, NOT MY RESPONSIBILITY..	Credit reporting	7265.44	2026-10-08 04:02:12
7	On XX/XX/XXXX I applied to have my Student Loans with Nelnet placed on the SAVE Plan. I had a pair of loans which I consolidated for this with initial balances being {$34000.00} and {$24000.00} for a total of {$58000.00}.\n\nAlthough I had applied to be on the SAVE Plan, Nelnet stated that it took 8 months to process the application and approved it on XXXX. XXXX, XXXX. During that entire time, Nelnet had been charging interest. \n\nWhen I noticed this, I contacted Nelnet regarding the accrued interest. They stated that the SAVE interest free didn't account for processing times and this was legitimate.\n\nI don't understand where the breaking point is. Are they allowed to process the application for 1 year, 2 years, etc. and charge interest at their leisure because they are slow?	Consumer loan	9030.61	2026-10-08 04:02:14
8	15 U.S. Code $ 1681c-2 a consumer reporting agency shall block the reporting of any information in the file of a consumer that the consumer identifies as information that resulted from an alleged identity theft, no later than 4 business days after the date of the receipt. I Have Attached My FTC Report To This Compliant To Prevent Further Staff Tactics From Experian	Credit reporting	7497.5	2026-10-08 04:02:15
9	XXXX XXXX XXXX is reporting a debt from XX/XX/2013. It is not my debt. The original creditor refuses to furnish written proof that it 's my account. They have stated that all correspondences were returned, but Penn Credit is saying no mail was returned. I was never contacted regarding this debt before it was placed on my credit report. Other bureaus have removed the account XXXX refuses to remove it.	Debt collection	8251.97	2026-10-08 04:02:16
10	On XX/XX/XXXX and XX/XX/year>, XXXX unauthorized charges totaling {$520.00} appeared on my secured credit card from merchant Fundedelite.com. I did not authorize any of these transactions and have no account, subscription, or agreement with this merchant. I filed a fraud dispute on XX/XX/year>2026 ( Claim # XXXX ). On XXXX XXXX, 2026, Chime denied the dispute stating no billing error occurred with zero explanation of what evidence was reviewed or whether the merchant was ever contacted. No provisional credit was issued at any point during the investigation. The denial violates the Fair Credit Billing Act ( 15 U.S.C. 1666 ), which requires the card issuer to conduct a reasonable investigation and provide written explanation of findings. Chime did neither. XXXX of the XXXX charges occurred within hours of each other on the same night ( XXXX AM, XXXX AM, and XXXX AM on XX/XX/XXXX ), which is a clear fraudulent charge pattern. I submitted a formal rebuttal to Chime on XX/XX/year>2026 requesting re-investigation, provisional credit, and disclosure of the evidence used. I received no response.	Credit card	9449.27	2026-10-08 04:02:20
11	This is NOT a request for verification or proof of my mailing address or any other personal identifiers, but a request for VALIDATION made pursuant to the above named Titles and Sections. I respectfully request that your offices provide me with competent evidence that I have any legal obligation to pay you. At this time I will also inform you that if your offices have reported invalidated information to any of the XXXX major credit bureaus ( Equifax, XXXX, and XXXX XXXX ) ; this action might constitute fraud under both federal and state laws. Due to this fact, if any negative mark is found to report on any of my credit reports by your company or the company you represent, I will not hesitate in bringing legal action against you and your client for the following : Violation of the Fair Credit Reporting Act and Defamation of Character. It would be constructive for you to note that the FCRA ( Fair Credit Reporting Act ) section 609 ( c ) ( 2 ) ( E ) states : " a consumer reporting agency is not required to remove accurate derogatory information from a consumer 's file, unless the information is outdated under section 605 or can not be verified. The can not be verified is the key phrase, as you can see. Since I challenged you and your staff to verify, and you can not, that means all financial institutions and credit reporting agencies concerned with my account are required to remove any derogatory information. It can not be deemed accurate if it can not be verified. If it can not be verified, then it is required to be removed, according to the FCRA.\n\nName Account COLLECTION. \nXXXX XXXX XXXX. \nAccount Opened. \nXX/XX/2023. \n{$3900.00}.	Credit reporting	9021.78	2026-10-08 04:02:23
12	Summary of Issue Citi Bank mishandled a billing dispute concerning two XXXX XXXX XXXX registrations. \nXX/XX/year> : The first camp was cancelled by XXXX  ; my refund request went unanswered. \nXX/XX/year> : I opened a partial dispute for {$660.00}. \nXX/XX/year> : XXXX  removed my daughter from the second camp two days before it began ; I immediately updated the dispute to the full {$1400.00} and submitted written proof of refund approval.\n\nDespite repeated updates and merchant confirmations that the full {$1400.00} refund was approved ( XX/XX/XXXX ) and executed by the third-party summer camp provider, Active ( XX/XX/year> ), Citi credited only {$660.00} when the case was closed on XX/XX/year>. The remaining {$740.00} has never been applied. \nI sent three follow-up emails on XX/XX/XXXX, XX/XX/XXXX, and XX/XX/XXXX. To the best of my recollection, these emails were sent shortly after phone calls with Citi representatives to ensure my updated dispute information was received. None of these emails received acknowledgment or reply. After closure, I called XX/XX/XXXX and XX/XX/year> and was told the case would be reopened, but no action followed.	Credit card	10200.1	2026-10-08 04:02:26
13	The original debt was disputed with the XXXX. Three phones were returned and only one had a contract amount remaining. XXXX changed the terms of my monthly contract and did put the discount date on my bill until the last month of that contract. Their customer relationships person XXXX XXXX Took responsibility for that error on XXXX  part. This amount should not be XXXX and XXXX needs to provide documentation that they did not provide proper notice of the monthly discount termination or provide proper council during service start time. This debt is not due. XXXX is responsible for the balance. XXXX then continued to bill after the XXXX settlement was made.	Credit reporting	10932.6	2026-10-08 04:02:27
14	On XX/XX/2022 I received a tax delinquency bill, so I called the tax agency and they informed me that my XXXX county tax  hasnt been paid for a year. So after six phone calls and over a month the tax still isnt PAID! So I have til Friday and Im going to have to pay for something I already paid for. This is absolutely ridiculous, this company is stealing my money and has no accountability and is ripping me off. All I can do is sit back and watch cause I cant control my escrow account they do! I have nowhere to turn and its costing me more money and they dont seem to care! How are mortgage companies allowed to do business like this?	Mortgage	12051.8	2026-10-08 04:02:29
15	CHASE BANK COLLECTING AND HOLDING MONEY ILLEGALLY AFTER LOCKING ACCOUNT My chase account over 15 years was hacked. When I noticed the bank had moved {$3000.00} from my checking to savings I immediately moved it back and changed my user name and password. The following day the bank said it prevented a {$1000.00} dollar withdrawal and another for {$200.00} +. \nThe Bank then locked my account and told me to contact the fraud department, which I did. After an hour of verifying who I was the fraud manager told me to contact another number to set up a new account the next day. I followed his advice and was told they would not open another checking and savings account for me, and that I had to come in to a local branch. I retired overseas 8 years ago and have thus far transacted all my money transfers online. The cost of flying back to the US is prohibitive since I live on {$700.00} social security and {$300.00} XXXX veterans pension. \nMy XXXX year old mother was a signer on the account and held a complete Power of Attorney, which chase refused to accept in order to open a new account in my name. So chase opened an account in her name with my social security checks and VA XXXX checks going into her account WITHOUT MY PERMISSION. And even now chase refuses to allow me access to my own money going into another persons account. That should be illegal, if it isn't already. This situation really needs to be remedied ASAP. \nSincerely XXXX XXXX XXXX	Bank account or service	14856.9	2026-10-08 04:02:32
16	I have identified serious billing errors under 15 U.S. Code 1666 ( b ) on my credit report, including unverified late payment marks and the creditor 's failure to accurately reflect payments and credits. Despite my prior formal request for evidence substantiating these late marks, the creditor has failed to provide any legally required proof of investigation or verification. Furthermore, the creditor did not issue a proper billing statement at least 21 days before the due date, as mandated by law, rendering any late payment reporting invalid. This blatant disregard for accurate reporting is unacceptable. I demand that these inaccuracies be immediately corrected by updating the items to 'Paid as Agreed ' or removing them entirely from my credit report.	Credit reporting	16085.2	2026-10-08 04:02:33
17	Please take note of this formal complaint of the collection efforts initiated by I.C. SYSTEM, INC pertaining to an alleged debt that has been reported to consumer credit bureaus reportingwith an account number as XXXX. It has come to my attention that this agency has violated several federal statutes, particularly the Fair Debt Collection Practices Act ( FDCPA ) and the Fair Credit Reporting Act ( FCRA ). \n\nMy primary concern revolves around the collection agency 's failure to furnish the validation information required by 12 CFR 1006.34 ( b ) ( 5 ) prior to reporting the collection account on my consumer credit report. This lack of compliance infringes upon my rights as a consumer and represents a clear violation of federal regulations that are designed to protect individuals from inaccurate and unsubstantiated debt reporting. Additionally, I have not been provided with the opportunity to dispute the alleged account by I.C. SYSTEM, INC owing them any monies reported in accordance with 12 CFR 1006.34 ( c ) ( i ). These actions by the collection agency not only undermine my right to challenge the accuracy of the debt but also constitute an unfair and deceptive practice under the FDCPA. \n\nMoreover, the agency has neglected to provide the necessary disclosures mandated by law prior to submitting the account information to consumer reporting agencies. This disregard for compliance with 12 CFR 1006.34 ( d ) and 15 U.S.C. 1681s-2 ( 7 ) ( A ) represents a significant breach that threatens the integrity of credit reporting systems.\n\n15 U.S.C. 1681b : I.C. System, Inc. accessed my credit report without my authorization, in violation of my rights as a consumer. No previous notification was provided regarding the account, making this inquiry inappropriate.\n\nFurther, I hereby revoke any authorization for communication via email, text, or phone calls in accordance with my rights under the FDCPA.	Debt collection	19329.8	2026-10-08 04:02:37
18	this company is reporting to two credit bureaus ( XXXX and XXXX  ) on my consumer credit report that a debt is owed to them. I have not received any communication regarding this debt from this company, or an opportunity to dispute the validity of this debt. This company is in violation os fair Debt Collection Practices Act Section 809. Their negligence has caused me distress and is hampering my ability to obtain credit.	Credit reporting	20325.8	2026-10-08 04:02:38
19	When I took out my loan with Wells Fargo Mortgage, my loan officer ( XXXX XXXX -- who is no longer with WF ) told me that the PMI would be removed when the LTV was 80 % or less. That is my understanding of the Home Owner 's Protection Act as well. \n\nI just got off the phone with the WF Borrower 's Service line. They just told me that they will not automatically remove the PMI until I pay it down to 78 %. It is currently 79.2 % LTV. \n\nThe officer told me one thing ( and the other officers will only refer me to the Borrower 's Service Line ) and now, when I have paid down the principal they're telling me a different story. \n\nThis is dishonesty but apparently this is also par for the Wells Fargo course.	Mortgage	21590	2026-10-08 04:02:40
20	Paypal closed my account for no reason one day says your account will be permanently limited, and and the funds on your paypal account will be available for withdraw after 180days. The money on my account is really important for me and my family, so I checked my account from time to time and wish to get updates from them for the withdraw, however, I noticed a total amount of $ XXXX was transferred to PAYPAL by paypal on XX/XX/2020 without my permission and even didnt send me any notification, I wont know it if I dont check my account and the recent activity. I was trying to get help from them, I got nothing but disappointment. Thus, I prefer to I file a report to CFPB to get this issue resolved, the email for my paypal is XXXX.	Credit card	22992.7	2026-10-08 04:02:42
21	Dear FORTIVA/ The Bank of XXXX  and its Representatives, I have been searching high and low for some vital information. I have not been able to get this specific information from any customer service representative or through any online search through the Securities and Exchange Commission. I need the most correct, up to date information for the following as soon as possible. Please give me the correct contact information including the contact Name and Title of the person or Senior Officer, their correct phone number, mailing address, e-mail address, and fax number for this or these representative ( s ) from both departments as follows : Full contact information for your company 's Special and Restrictive Deposit Department AND Full contact information for your company 's Indentured Trustee. \n\n\nPlease provide this information as quickly and accurately as possible. \n\nXXXX XXXX, Account # XXXX	Bank account or service	24668.1	2026-10-08 04:02:44
22	I am senior citzen on a fix income i pay the amount they send me each month .all am paying is the interest i feel that for 12 years the bill should have been pay off. I contacted XXXX And put in a complaiint in return they closed the case after 45 days they could not reach the company to resolve the problem.	Credit card	25532.7	2026-10-08 04:02:45
23	I submitted a loan payoff in the amount of {$170.00}. This was to be taken out of my account on XX/XX/year>. \n\nUnfortunately, Mohela, once again switched platforms to be under the XXXX of XXXX. I received this notification the day after my payoff was submitted, XX/XX/year>. \n\nI had a bad feeling that my payoff would not be reflected. But I waited for the transition to the new platform before calling. \n\nI called Mohela on XX/XX/year>. My payoff amount had not been posted to the designated loan. The new platform didn't show ANY payment history. \n\nThe representative I spoke to was very nice and calm, I didn't have to wait in a queue long. \n\nI asked what happened to my payment and gave the confirmation number : XXXX The rep told me that the payment was disbursed amongst all of my loans and not just the loan it was selected for. \n\nHe then assured me he was going to move the payoff amount towards just the singular loan I was trying to payoff. \n\nHere we are, XX/XX/year>. That loan payoff amount was never moved over to that loan. \n\nThe new service site still does NOT show a true PAYMENT HISTORY. It shows the loan disbursement amount/date, and any payments made since the XX/XX/year> switch. \n\nDon't worry, I hope we can fire MOHELA. I am totally fine and understand I need to payoff my loans. But this utter nonsense back and forth for a year has been unacceptable. \n\nDo better.	Consumer loan	28252.3	2026-10-08 04:02:48
24	XXXX XXXX XXXX Subject : **Cease and Desist of Communication Under 15 U.S.C . 1692c ( c ) ** Dear XXXX XXXX XXXX I am writing to formally request that you immediately cease and desist any further communication with me in regard to the debt referenced in your records.\n\nPursuant to 15 U.S.C. 1692c ( c ) of the Fair Debt Collection Practices Act ( FDCPA ), I am exercising my right to request that you stop contacting me about this alleged debt. Specifically, I am requesting that you refrain from any further written, verbal, or any other form of communication, including phone calls, letters, and emails, unless it is for the purpose of notifying me that your collection efforts have ceased, or you are taking specific legal action. \n\nPlease be advised that any further attempts to communicate with me in violation of this request will be considered harassment, and I will not hesitate to file a formal complaint with the Consumer Financial Protection Bureau ( CFPB ) and/or my states attorney general. \n\nI request that you confirm in writing that you have received and are complying with this cease and desist request within 30 days. \n\nThank you for your prompt attention to this matter. \n\nSincerely, XXXX XXXX XXXX	Debt collection	29942.5	2026-10-08 04:02:52
25	You subsequently reported that the account was verified as accurate. I am now exercising my right under 15 U.S.C. 1681i ( a ) ( 6 ) ( B ) ( iii ) to demand that you disclose : The method you used to verify this information ; The name, address, and phone number of the furnisher of the information with whom you verified the account.\n\nPlease provide this information in writing within XXXX calendar days from the date of your receipt of this letter.\n\nRelevant Law 15 U.S.C. 1681i ( a ) ( 6 ) ( B ) ( iii ) requires the credit reporting agency to provide the consumer with a description of the procedure used to determine the accuracy and completeness of the disputed information, including the name, address, and telephone number of any furnisher of information contacted in connection with such information. \nFailure to provide this information, or to have conducted a reasonable investigation, violates your obligations under the FCRA and exposes you to liability under 15 U.S.C. 1681n and 1681o for statutory damages, actual damages, costs, and attorneys fees.	Credit reporting	30449.9	2026-10-08 04:02:54
26	Payoff check was sent XXXX signed for on XXXX. As of today XXXX they have Not post it to the account. Are lenders allowed to hold a payout to collect additional interest prior to posting it? The lender who mailed the check and myself can not get them to even address this illegal activity. After 3 calls, all of which their representatives Refused to get a supervisor, I have given up on them resolving this issue.	Bank account or service	30184.4	2026-10-08 04:02:55
27	In XXXX I was having problems with paying my mortgage. \nSo I ask XXXX XXXX XXXXXXXX to extend my payment for a few months. \nWhile they were in the process of doing that they sold the mortgage to XXXX XXXX who refinance the loan from a XXXX year to a XXXX years loan they were threatening with foreclosure and said I needed except this loan. \nI built this house in XXXX for XXXX, and I now owe XXXX with a XXXX year mortgage at this rate it would take me XXXX and over a XXXX dollars to own this house. I'm XXXX XXXX XXXX now.. \nHaven't missed a payment in over XXXX years. \nI need some help.	Mortgage	31093	2026-10-08 04:02:57
28	Over the past XXXX plus years, I was unaware I needed to provide the credit bureaus with my express consent to furnish my information. Now that I am aware, I no longer wish to have the credit bureau furnish my information. \n\nI wish to exercise my rights at this time.	Credit reporting	30491.9	2026-10-08 04:02:58
29	Ditech 's website provides erroneous information, does not work half the time, tells me a false payment amount, provides a customer service number hat hangs up immediately -- dear XXXX, ca n't you do something about this completely incompetent organization that I never chose to do business with?	Bank account or service	30337	2026-10-08 04:02:59
30	When I was having trouble paying my loans, they would not lower my payment enough to make it affordable. It was the same thing over again to get a lower monthly payment. The lowest they would go seemed consistent with other people who have loans with Navient. We were offered the same XXXX year replacement plan almost to the penny, seemed like they did not consider income or expense depending on status. I also went back to school for my XXXX and I stated this. They would not defer my loans, they deferred them after XXXX months, hurting my credit rating.	Consumer loan	30431.8	2026-10-08 04:03:00
31	On Saturday, XX/XX/XXXX, my phone was stolen and my cash app was compromised, they even saw in the conversation that the person that was scamming was asking questions to the cash bot about my account and they allowed that person to steal from my account by providing them the steps to do so, i have all proof but they denied my claim along with my appeal.	Money transfer or service	30244.2	2026-10-08 04:03:01
32	On XX/XX/XXXX, I filed scam claim with Bank of America for money transfer to a mechanic. The mechanic never fixed my car and actually made a bigger mess when he returned it to me. \nThe bank told me that they will respond in XXXX days. On XX/XX/XXXX the bank send me the letter that the claim was denied. \nI need help to recover my funds.	Money transfer or service	30767.9	2026-10-08 04:03:02
33	I am complaining about SPS because I sent in a RMA form for a loan modification in XX/XX/2019 and they refused to send me a loan modification package. They refused to give me a package and told me they were going to call XXXX XXXX and put my house in foreclosure on XX/XX/2019. SPS is committing dual tracking and I want them to give me a loan modification as soon as possible. They must follow government guidelines. I have an attorney.	Mortgage	31223.1	2026-10-08 04:03:03
34	XXXX & XXXX XXXX XXXX ( XXXX XXXX XXXX We refinanced our first mortgage on XX/XX/XXXX which was serviced by PHH Mortgage. I have been waiting for the refund of our escrow impound. After two weeks I began calling PHH Mortgage and they keeping telling me they are looking into the matter but after 3 separate calls the answer is the same ; we are checking status and will get back to you. \n\nPlease help me recover my escrow refund. The balance is over {$12000.00} and I had to borrow money to cover the impound account with my new lender. \n\nPHH Mortgage Services Account # XXXX XXXX XXXX XXXX XXXX	Mortgage	32436.1	2026-10-08 04:03:05
35	My  XXXX / XXXX / 2017  statement with  Ocwen Loan Servicing contained a section called important News. It stated tha t my " payment amount has changed to {$1500.00} effective  XXXX / XXXX / 2017  ''. I made the payment of {$1500.00} on  XXXX / XXXX / 2017 .  Ocwen  is now indicating that there is a different change that occurred and. Thew new change indicates ab additional  XXXX  is owed and I have been referred to their escalation department. I have made several attempts to contact Ocwen and notify them of their error.	Consumer loan	33489.1	2026-10-08 04:03:06
36	I purchased an XXXX XXXX from XXXX XXXX, XXXX, Minnesota, a couple of months ago and have had Nothing but problems with XXXX XXXX being very dishonest about the vehicle condition as well Westlake Financial Services who have a contract with this dishonest dealership. \n\n\nWestlake Financial concerns to date : Employees allowing someone else 's payments to apply to my loan, No willingness from Westlake employees to remedy the situation, therefore blocking my ability to make the timely payment. \n\n\nWestlake, Dealer Compliance, XXXX and his supervisor, " investigating '' XXXX for miss-representing my vehicle, with XXXX and XXXX, XXXX, working together in an attempt to Keep my XXXX down payment ....!!!, while siding with XXXX XXXX, stating that it was an " as is, used vehicle. '' Even after I explained over and over again, that XXXX misrepresented the vehicle over and over again, via phone calls, live video, mechanics comments, car wash that showed no leaks, no oil or fluid changes, etc. yet XXXX stated the vehicle had been fully serviced, and stated over and over again that this vehicle had no problems. \n\n\nOnly to find out, through certified dealerships, to date, problems with : 3 broken bolts in the exhaust system, both manifolds were cracked, top leaked, and stereo now does not work due to the leaky top or roof. These repairs, to date, have cost over {$4000.00} ... \n\n\nLast ThursdayXXXX Westlake XXXX XXXX, XXXX and his supervisor, told me that my title was ready and waiting at my local XXXX, located in XXXX XXXX, Nebraska. Upon arrival at my XXXX, I was told that I not only do they not have the title to my fully paid off XXXX, also Westlake has a lien on it. \n\n\nXXXX plus calls to Westlake, with XXXX assistance. I feel that this alliance between XXXX and Westlake is deadly, and is taking advantage of a vulnerable population. \n\n\nAny assistance you could offer here would be greatly appreciated.	Mortgage	37243.8	2026-10-08 04:03:10
37	I have two claims with Chase bank one for {$68.00} and one for {$750.00} I have only received a credit for {$68.00}. I have not received a temporary credit for {$750.00} as it states with their company I called customer service rep many times my issues is still unresolved I sent in evidence to back my claims up	Bank account or service	37204.2	2026-10-08 04:03:11
38	I have a couple of cases # XXXX for {$1600.00} my wallet was stolen then somebody use my checking to make purchases and withdraw money on the back of my cards I write my pin and phone number so I can remember. So I called to cancel once found out. Then right after I guess they took my credit builder card also because it was in my wallet both have the pins on sticky notes on the back of the card. Cases # XXXX # XXXX # XXXX # XXXX # XXXX # XXXX they was all atm withdrawals from that card. I cancel both cards now and I just want my money back. {$1700.00}. I need to pay bills please help.	Bank account or service	37142.5	2026-10-08 04:03:13
39	Ive had questions about pending charges on my cash app account and requested refunds for payments I did not authorize on numerous occasions, but there was no customer service support or phone line to connect with the company.	Money transfer or service	37150.5	2026-10-08 04:03:14
40	Complaint against Comenity Bank & Bread Financial : Purchase at XXXX XXXX was made on XX/XX/XXXX. \n\nComenity Bank XXXX Bread Financial charged the wrong total amount and the wrong monthly payment, which amounts were also at variance with XXXX 's records. \n\nVisited XXXX stores several times and spoke with Comenity Bank/Bread Financial on the phone in the store during XXXX trying to resolve the issue to no avail, Called Comenity Bank/Bread Financial on XX/XX/XXXX XXXX XXXX XX/XX/XXXX XXXX, XX/XX/XXXX, XX/XX/XXXX XXXX, XX/XX/XXXX, XX/XX/XXXX XXXX, XXXX XXXX, and XX/XX/XXXX ( all in year XXXX ). Dispute case was opened internally by Comenity Bank/Bread financial in XX/XX/XXXX. \n\nAccording to Comenity Bank/Bread Financial staff who identified themselves as supervisors, specialists, and managers- as conveyed over the above listed phone calls- Comenity charged 4 different payment plans against one account and one purchase, resulting in an incorrect total account balance due and incorrect monthly payment. This information was supposedly not discovered by Comenity Bank/Bread Financial  in late XXXX, all previous attempts they could not figure out why the amounts were incorrect. \n\nEach month I was assured that they had 'resolved ' the issue, the total amount charged to my account and the monthly minimum due both changed radically, even to the point of being charged more than XXXX above the purchase price paid at XXXX XXXX XXXX \n\nTo date ( XX/XX/XXXX ), the minimum monthly payment still is not correct despite speaking with Comenity Bank/Bread financial  supervisors, specialists, and managers multiple times. My dispute has had no resolution and all the agents I speak with indicate that the people handling the dispute are another department and they can not contact them realtime, nor transfer me to them for resolution, and they are very backed up, so there is nothing I can do but wait. \n\nIt has been nearly 4 months with no contact from this so-called resolution department.	Credit card	41000	2026-10-08 04:03:18
41	On Friday XX/XX/2021 my phone was either lost or stolen I'm not sure which one. On Saturday evening I had all kinds of unauthorized activities happening with my bank account and I bank with BOA. My other checkings account was hacked the previous month and I had to get another account. I had a charge through my business XXXX that was refunded. I had a {$400.00} XXXX payment that was unauthorized for a dog from some strange and unusual name. I have 3 dogs and my husband won't even let me look at another one. I also had a charge on there from Florida and I live in South Carolina. I tried to call the police and they stated I could not do a report because I was not for certain if the phone was actually stolen and it was a possibility that the phone could be retrieved later on if it was lost or misplaced. I have been doing a lot of reading about XXXX and fraudulent transactions and how there is no protection for consumers.	Bank account or service	42985.4	2026-10-08 04:03:20
42	I made a dispute with Chime Several of them actually as someone skimmed my card last year, ( XXXX and XXXX ) I got the Card replaced and all So Basically the Charges were like this XXXX -> This has not been refunded ( Ticket with Chime : XXXX then a second ticket was issued, I forget the name, for a series of XXXX " little '' ( XXXX XXXX XXXX total ) XXXX XXXX XXXX XXXX XXXX etc ( Fictitious because I cant remember, but all after the ORIGINAL problem of Every Small Charge that was charged over several days, was put into one dispute, and the big one was put into one dispute. The LARGER dispute was first. The smaller disputes were challenged and refunded to my account via the no liability clauses However Chime has not, and continues to not refund the XXXX and change My problem is this was XXXX of Last year, Every time I call them there's no way to reach the boss, or anything of their " Escalation and dispute department '' They keep saying they'll escalate it, and contact me within XXXX business days, I never get an email/phone call ANYTHING. \n\nI just wanted my money back, but mostly count it as a lost cause, just want to know what you all think?	Credit card	45311.6	2026-10-08 04:03:24
43	in XXXX the city of XXXX XXXXXXXX XXXX XXXX property which the buildings department did not maintain fell into my property damaging it. I informed the mortgage company and made a claim with the insurance company they obtained for my property for me. The insurance company did not honor the insurance policy for the claim against the City of XXXX XXXX and I took the City of XXXX XXXX to court. The city lost and were found guilty of trespassing onto my property. During that time the building inspector illegally tore my house down during litigation and destroyed the evidence. The insurance company did not honor that claim as well for malicious vandalism. The mortgage company knew I was in litigation with the XXXX of XXXX XXXX yet still submitted to credit reporting companies that I had late payments and put negative remarks on my credit report. I have asked repeatedly that they take those remarks and reports off my credit report but they have ignored me. They illegally foreclosed on the property taking me to court without notification of court date so I could come and have my judicial rights. Now that they foreclosed on the property it has been more than 60 days since judgement and they are still sending me mortgage payments and making negative reports against my credit. The foreclosure occurred in XXXX. I tried many ways to rectify this but keep getting blown off and ignored.	Mortgage	46703.6	2026-10-08 04:03:26
44	EQUIFAX IS NOT REPORTING MY MORTGAGE INFORMATION, CALLED SPOKE WITH THEM AND SPOKE WITH XXXX HE SAID FINALLY GIVE IT 30-60 DAYS BUT HE COULD NOT ANSWER WHY IT IS NOT ON THERE NOW. I HAVE HAD THIS MORTGAGE FOR AROUND 15 YEARS AND NO EXPLAINATION WHY IT IS NOT THERE NOW. I CALLED MY MORTGAGE COMPANY AND THEY TOLD ME THEY SENT REPORT XX/XX/2017, SO I CANT GET A STRAIGHT ANSWER WHY EQUIFAX HAS NOT REPORTED ANYTHING, THIS IS HURTING ME GETTING RE-FINANCE OF MORTGAGE AND CAR LOAN. I FEEL LIKE THEY COULD GIVE ME REASON WHY BUT HE COULD N'T. XXXX HAS IT, XXXX HAS IT BUT WHY THEY DONT I DONT KNOW. I WANT IT FIXED NOW! \nTHANKS XXXX XXXX XXXX XXXX XXXX XXXX XXXX XXXX XXXX, INDIANA XXXX ATTACHED IS FROM XXXX AND THE OTHER PAGE IS FROM HOME LOAN APPLICANT	Mortgage	49335.1	2026-10-08 04:03:29
45	I, the consumer and the natural person, was denied credit by Bank of America when I applied for a new Auto loan {$120000.00}. \nAdverse action against a consumer is AGAINST THE LAW according to the Equal credit Opportunity Act which is codified in 15 U.S.C 1691c and is pursuant to civil lability under 15 U.S.C 1692k.\n\nYou are subject to criminally liability for violating 15 U.S.C 1691 as I was discriminated against by BANK OF AMERICA INC due to the response I received.\n\nBANK OF AMERICA is in the violation of 15 U.S.code 1642.U.S.C 1681m and 12 cfr 1002 because I, the consumer made an application in good faith .but credit was not issued.\n\nFurthermore, because my social security number ( credit card ) was used and I received No benefit. This is proof of fraudulent activity ( unauthorized use of credit card ) on behalf of BANK OF AMERICA	Credit reporting	50070.4	2026-10-08 04:03:32
46	On XXXX XXXX XXXX XXXX I requested from XXXX TO SEND ME PROOF OF PAYMENT DATE FOR A BILL PAY XXXXXXXX XXXX XXXX. THE EXACT DATE XXXX RECEIVED PAYMENT FROM TD BANK. \nSPOKE TO SUPERVISORS XXXX, XXXX, AND XXXX AND THEY CLAIM THEY USE A THIRD PARTY TO.GENERATE MY REQUEST. TD BANK SAID THEY DO NOT KNOW WHERE MY REQUEST DOCUMENTS ARE. THEY HAVE NO ANSWERS. THEY OBSOLVE THEMSELVES FROM OBTAINING THESE REQUESTED DOCUMENTS AND BLAME THEIR THIRD PARTY FOR THE DELAY AND NO ANSWERS AS TO WHEN THIS REQUEST WILL BE PROCESSED AND SENT TO ME VIA ONLINE BANKING OR VIA HARD COPY VIA USPS.	Bank account or service	51976.5	2026-10-08 04:03:34
47	I was told one thing from the dealership but it was somethig different from the bank. I feel like I got lied to. I am on XXXX XXXX for learning and I feel that was tooken advantage of. They knew I could not offered that car. the car was just as much as my XXXX check was. The dealer ship fasted walked me he saw I didn't understand.	Consumer loan	52967.7	2026-10-08 04:03:35
48	I contacted Chase about unauthorized transactions on my XXXX account and my XXXX account Transactions that were made in XXXX from XX/XX/XXXX XXXX XX/XX/XXXX. \nsome of the transactions were Reversed but they are refusing to return the other half. we did provide all the information to proof that I was located in XXXX at the time when the transactions were being made in XXXX. \nSomeone was transfeering money from my personal ( {$4000.00}, {$3600.00}, {$2000.00}, {$2000.00}, {$1000.00} ) account into my XXXX account and then using a card making ATM withdrawals ( here they were making purchases at XXXX XXXX XXXX XXXX XXXX XXXX XXXX XXXX XXXX ETC. ), I have downloaded all the bills from the withdrawals and there is written transaction denied and even like that they were able to withdraw the money from a ATM. I have included here the proof of all the transactions of XXXX $ that were made and the routing number is not correct, after every single transaction of XXXX $ there is a XXXX $ ATM withdrawal that as you see it is sayimg denied. \nI just contacted the XXXX department and they told me that the claims were closed. Since I am dealing with them from the beginning I had the impression that this is a insider using peoples personal info. All the time when I was calling them all I heard from them is that it is my fault that this happened to me, they didn't block my card as I asked them so many times All I need is my money back.	Bank account or service	55400.2	2026-10-08 04:03:38
49	15 Years Ago I had opend a Checking Acct with now which is ( XXXX XXXX ). In XXXX I had unexpectedly gotten a call from my landlord saying I had wrote him a bad check I do n't write bad checks if I do n't have it I will tell you I do n't have it and my credit score is over XXXX, after I had sent other checks out as well. Was n't sure if it was me reading my statements wrong or not so I went I got a print out directly from the Bank. The Print out had show 'd both ( Positive+Negative ) to my acct?? I had also deposited enough to cover all checks atleast per there statement that I was reading and thought. I kept getting overdraft letters in the mail and went to an Attorney, I was told to get out of that bank and since their was no ( Bank error notification ) on their print out then I was n't legally responsible for any fee 's. I switch 'd Banks and stop 'd all activitys with TD Bank. I had then went to XXXX Managers gave them their debit card back and had also made 2 phone calls from them and demanded all {$250.00} fee 's be waive 'd so I can close the acct officially. I was laugh 'd @ and told no. I told them I was taking Legal Action and also notifying cfpb. They did n't care and then said my avg daily balance was {$1.00}??? and when talking to them they tried to ( Trick ) me into admitting I was purposely writing bad checks and when it did n't work they then wanted to get their Fraud division involved to clear me and see if there was a possible theft going on.I said no and took action. I 'm reporting this for others to be aware of and to get this acct officially closed and fee 's waived which never should have been givin to begin with.	Bank account or service	55882.6	2026-10-08 04:03:38
50	In XXXX of XXXX, Credit Management, L.PXXXX reported a fraudulent item linked to my social security number to all 3 credit reporting bureaus. Promptly, I provided Credit Management, L.P. with irrefutable evidence of this item 's classification as identity theft, documented through FTC IdentityTheft.gov. Consequently, this item was successfully expunged from my credit report across all three credit bureaus. \n\nHowever, to my dismay, I recently discovered that Credit Management , L.P. has once again reported this exact item, bearing the same account number and originating from the same company, on XX/XX/XXXX. Despite their persistent attempts to dismiss the facts surrounding this item and portray it as distinct from the previous occurrence, on XX/XX/XXXX, I managed to engage one of their supervisors, XXXX, who acknowledged that it is indeed the same item. She assured me of its immediate removal from my credit report across all credit reporting bureaus.\n\nRegrettably, it has been two weeks since XXXX 's pledge, and instead of being removed as a fraudulent item, this entry has been modified to indicate a paid-off status with a remaining balance of {$170.00} as of XX/XX/XXXX. \n\nNumerous attempts have been made to implore this credit collection agency to adhere to the rules and regulations outlined by the Fair Credit Reporting Act ( FCRA ). However, their unwavering lack of cooperation and blatant disregard for these guidelines have resulted in substantial damage to my financial stability.	Credit reporting	58193	2026-10-08 04:03:41
51	In 2017, XXXX  reported a 30 day late that was not late. I disputed this through the CRA 's and it came back as resolved. \n\nLast month, during the Covid crisis I was late on my payment due to work related issues, but it was not 30 days late which it is reporting on all my reports. When I spoke to the company they indicated they are making no concessions related to Covid which is insane considering how impacted this country is.. Now these late payments, the only TWO negative marks on my credit score, are impacting the rest of my finances and causing other companies to lower my limits and change my interest rates. \n\nI would like XXXX  to remove these late payment reports. If they are unwilling to do so, I would like XXXX  to remove the entire tradeline from my report so I can continue with my potential home purchase. \n\nI have attached the XXXX  report which shows the XXXX account and the dispute resolution, and two printouts from bank statements showing the payments.	Credit reporting	55620.5	2026-10-08 04:03:43
52	I have sent written notification to Credence Resource Management requesting documentation of any contractual relationship between myself, & Credence Resource ManagemenXXXX. This was NOT a request for verification or validation. This was a request for proof of contract to substantiate Credence Resource Management 's claim to XXXX, XXXX XXXX XXXX, that I owe Credence Resource Management, {$260.00}. I requested any agreement with any " client '' that grants you the authority to collect on this alleged debt, or proof of acquisition by purchase or assignment, and authorization under subtitle D of the ARRA, SEC. 13401. APPLICATION OF SECURITY PROVISIONS AND PENALTIES TO BUSINESS ASSOCIATES OF COVERED ENTITIES ; and SEC. 13407 ( 1 ) BREACH OF SECURITY. Any automated response such as XXXX XXXX, XXXX XXXX or XXXX, " verification '' is unacceptable. Certification of a contract bearing my signature can be done through the presence of a notary public, who duly swears the copy made is in fact a copy of the original paper contract in question.	Credit reporting	56966.1	2026-10-08 04:03:46
53	I have a XXXX XXXX XXXX  no issues whatever besides the excessive oil burning. I get regular oil changes, have taken it to plenty of place wheres they dont find an issue or say its normal for XXXX XXXX be fine just always check my oil levels or saying I didnt need oil. My car has been known to stall while driving if I do forget to check the oil before driving which is very dangerous. This has been going on for a while and nobody finds anything wrong. The last time my car stalled it didnt move again it was towed to be looked at and it was found that the motor was blown. The repair man told me he could not find that kind of motor and even if it did the amount Id pay would not be worth it for the car. I called XXXX they said I did not have a warranty because I was over XXXX miles and they also didnt have a engine and even said they dont make the engine anymore and refer me to two other places ONE place did have a used engine it was {$3100.00} and told me it would take 15 hours to repair which would cost me about XXXX. I did finance this car so now im stuck paying for a car rendered useless because I dont have that kind of money and Id I did it would just make sense to get a new car because r could still end up having engine issues after repairs. I know their is a class action against XXXX and XXXX for this exact reason so I just wanted to reach out to somebody.	Mortgage	57936.9	2026-10-08 04:03:49
54	My bank reversed a payment for {$110.00} on a Paypal Mastercard by mistake. XXXX immediately restricted by XXXX account, which they claim is separate from the Paypal Mastercard credit card. They told me I need to verify that bank account an submit a request that XXXX payments be sent from XXXX to confirm that bank account. XXXX never sent the small deposits. It has been over two days. When you go to the XXXX website, I can not see what purchases were billed on the card. I had to search the site to find a link to view the credit card statement. Why did XXXX restrict my account and not the credit card company Synchrony Bank, Paypal Mastercard? XXXX sent an email to customers some time ago that XXXX and the credit card were XXXX separate companies and would be treated as such. This is not the case. I have done everything I was supposed to do.	Credit card	59474	2026-10-08 04:03:50
55	This debt collector has done unjustifiable practices of the FDCPA which it prohibits. They furnished this account that we didn't agree upon and I didn't sign an agreement on. A legal contract is signed by two parties and I did not participate in any of it. they didn't follow the proper 5-step validation procedure. According to the FDCPA, Im entitled to compensation for these violations and clearly, they violated my rights and abused my privileges. I demand this account be taken off immediately. This has been very stressful and I feel violated.	Debt collection	60269.9	2026-10-08 04:03:52
56	I filed a complaint with this company for overcharges for fees/interest that were added in error. Additionally, I never received all items that were paid for and financed from the original company, XXXX XXXX, which were outlined in my original complaint. Additionally, I still have a range that was damaged during delivery, that I never signed for since it was not put together or installed and had extensive damage. This was supposed to be repaired by XXXX XXXX  and was never completed. I was comfortable accepting the company 's response : " In the interest of customer service, we credited the accrued promotional interest and the associated finance charges totaling {$1600.00}. Weve moved the remaining account balance to a new 18 Month Deferred Interest, Payment Required promotional plan. '' However, they have not honored this agreement and have continued to charge interest.	Credit card	62012.2	2026-10-08 04:03:55
57	Discover let me open an account on XXXX, XXXX XXXX They closed my account XX/XX/year> and I am still paying for their decision. I was never late! My status on my report even says that. When I called them after I found out that same week, the agent couldn't even find out the reason by her supervisor on why they closed my account. I want my retribution.	Bank account or service	61443.7	2026-10-08 04:03:56
58	I've been a USAA member for quite a number of years and have XXXX cars, XXXX homes, earthquake, and umbrella policies on both homes insured through USAA. When they mailed me a XXXX percent offer with a high credit limit, I took the opportunity to balance transfer a little under {$15000.00} including the balance transfer fee. \n\nNow that I'm trying to make a payment on XXXX 's website, when I click to pay my credit card bill, a box opens up to make a payment to my automobile and umbrella policies only and doesn't give me the option to click an area to just pay my credit card bill. Furthermore, there doesn't appear to be a separate area to just look at the credit card bill and the activity and the website is confusing to traverse. My wife almost submitted XXXX payments on the car insurance this month when we were intending to pay for the credit card. After she contacted the credit card customer service division, they were unable to assist her with a payment because she isn't an authorized user. I've waited another day to make my payment because yesterday the rep stated to my wife that she would let their XXXX division know of this issue and that it shouldn't be happening like this when we sign in to make payments. Now my wife has to go through the trouble of sending this company our power of attorneys because even though we are on the same insurance policies, they refuse to assist her if I don't verify she's able to speak on my behalf regarding a payment. All this has done is create more delays when this company has suggested that I send in my payment via snail mail instead.	Bank account or service	64217.2	2026-10-08 04:03:59
59	This is regarding a student loan that has been in forbearance since XXXX. Randomly in late XXXX Mohela started reporting receipt of payments I did not make. In the spring of XXXX, they started reporting late payments and since then, they have destroyed my credit. I have verified and have evidenced that Mohela is aware of the lawsuit ( Borrowers Defense ) and I have provided evidence that the loan they are continuing to report as late has been involved and put on forbearance since XXXX. They are refusing to remove the late payments from my credit. Instead they provided me a letter on XX/XX/XXXX that my account was current and up to date. On XX/XX/XXXX they denied a credit dispute and are still reporting me late. I have written letters, confirmed with XXXX  named XXXX that this is supposed to be corrected, but they are doing nothing. My credit is destroyed to the extent that now my other lenders are reducing credit lines due to the ( inaccurately ) reported late payments.	Consumer loan	65843.8	2026-10-08 04:04:01
60	My Walmart charge card keeps posting charges then uses these same charges as a pending hold as well. So my card shows XXXX charges. XXXX that has completed & XXXX that is pending in the same amount. They refuse to release the hold on the day the charge was completed & hold the amount as a pending hold for XXXX business days. They are also saying I have no credit limit left when the balance shows there is credit available.	Credit card	66588.5	2026-10-08 04:04:02
61	I was given this account when I purchased XXXX XXXX XXXX in XX/XX/2022. The payment was set for {$120.00} for XXXX XXXX at a low interest rate. I set up an autopay from my bank. In XX/XX/2022 the payment was increased to {$140.00} without prior notification. Since I don't use the account for anything else I never thought the payment would increase. When I did discover the problem, I called customer service to find out why it happened. The excuse was the payment was too low to complete the balance in time not to incur accumulating interest. I said that was not my fault. I had to wait for the decision on the refund. I was issued {$40.00} instead of the {$120.00}. There should be a monetary penalty for them.	Credit card	68235.5	2026-10-08 04:04:04
62	I dispute the accounts ending in XXXX and XXXX from XXXX XXXX  XXXX. Under 15 USC 1692g, I requested debt validation, including full accounting and proof the debts were not sold. They failed to respond within 30 days. I also submitted a settlement via accord and satisfaction by instrument, which was dishonored and not returned. The debts remain unproven, unenforceable, and are being inaccurately reported.	Credit reporting	67034.8	2026-10-08 04:04:05
63	I have been trying to get the amount of my income-based repayment plan payment corrected since XX/XX/2019. Last year my husband and I had our student loan payments more than double without any change in our income due to a mistake made by XXXX XXXX XXXX when we requested due date changes on our accounts. Because we could not afford the new payments I put my loans into a forbearance. \n\nI have applied for the REPAYE income-based repayment plan and this application has been " processing '' for nearly three months now. I make phone call after phone call and no one at XXXX XXXX XXXX seems to have any idea what is the problem. \n\nWhen I spoke to a representative from XXXX XXXX months ago I was told that my estimated loan payment will be around {$170.00} per month. It is currently at {$280.00} per month. I have inquired multiple times in order to verify my payment amount with XXXX XXXX and in over two months I have gotten no reply. \n\nMy husband 's situation was corrected after filing a complaint, so I am doing the same so that my situation might also be corrected. \n\nThis message has been showing up when I login to my online account : Income-Driven Repayment ( IDR ) Resubmitted We received your IDR request. \nAt this point, we will notify you if your request is put on hold or if any additional documentation is needed. \nAt this point, we will notify you of the outcome of your IDR request. \nWe received your IDR request on XX/XX/2019. We will review your request and send a follow up email by XX/XX/2019. This email will detail next steps and any additional actions needed. Reminder : Continue to make your normal monthly payment amount until you are approved and receive a bill with your adjusted monthly payment. \n\nI still have not received any correspondence/email from XXXX XXXX.	Consumer loan	66800.9	2026-10-08 04:04:09
64	I called Citibank within the 37 day cancellation window to cancel a XXXX XXXX XXXX XXXXXXXX XXXX XXXX credit card ) since I did not want the benefits of the card and did not want to pay the renewal annual fee. The agent who I spoke with confirmed that the call was made on time and the charge would be removed. My wife was listening to the call and is witness to this conversation. Subsequent to that, Citibank cancelled the card but wants to charge me the annual fee and penalty ( {$620.00} ). I have called multiple times, and I keep getting transferred to different agents. Some of them tell me the call was not made within the 37 day window, some tell me that the card had to be cancelled ( not the request for cancellation ) within 37 days, so I was a few days late and they can not remove the charges. Some times I am put on hold for a long time and then the call hangs up. The entire experience has been very frustrating and at the end, Citibank wants to charge me an annual fee of {$620.00} for a cancelled card and no benefits. This is very unfair and causing me a lot of stress.	Credit card	68251.6	2026-10-08 04:04:11
65	I made consistent, on-time minimum payments via autopay on a Lowe 's credit card with a promotional 0 % APR offer. By XX/XX/XXXX, I had paid the balance down to $ XXXX reducing the debt. On XX/XX/XXXX, my account was suddenly hit with {$970.00} in retroactive interest charges, bringing my balance back up to XXXX XXXXessentially erasing over a year of payments and returning me to nearly my original balance. While a promotional expiration notice appeared buried in my XX/XX/XXXX statement, it was vague and did not clearly explain that failure to pay the full balance by XX/XX/XXXX would result in retroactive interest dating back to the original purchase date. As someone making regular on-time minimum payments via autopay, I had no reason to expect retroactive interest would be applied. This is a predatory deferred interest practice designed to trap consumers who forget promotional terms ( which Synchrony relies on ) by making regular payments in good faith, then retroactively erasing over a year of payment progress with a single interest charge. The notification strategyburying critical terms in statements consumers on autopay don't reviewis deliberately deceptive.	Credit card	70603.9	2026-10-08 04:04:14
66	I was approved for 18 months of assistance from the homeowners assistance fund. Payment has been sent to M & T bank but not posted to my account. Payment was sent to M & T on XX/XX/2023 by Florida HAF and M & T still has not posted the payment to my account. My mortgage is now 27 days due to their negligence.	Bank account or service	69506.4	2026-10-08 04:04:15
67	I would like to address the challenging situation I faced during the COVID-19 pandemic. All of my family members lost their jobs and were fearful about the future. The responsibility to support my family fell on my shoulders, as I was the sole member working from home remotely.\n\nSuddenly, I found myself dealing with financial difficulties in managing all our financial responsibilities. This led to some missed credit card payments. Prior to the pandemic, I had also gotten married abroad, and I needed to support my wife as well. Due to these circumstances, I struggled to make my credit card payments during the following months : XX/XX/XXXX, XX/XX/XXXX, XX/XX/XXXX, XX/XX/XXXX, and XX/XX/XXXX. \n\nI had contacted my credit card company, TD Bank, to request the removal of these missed payments, but unfortunately, no action was taken. Despite the challenges posed by the pandemic, I eventually managed to make payments with the assistance of a credit counseling company and successfully cleared all my outstanding balances. However, those missed payments continue to negatively impact my credit report. \n\nTherefore, I kindly request that you consider removing these missed payments from my credit card history. I understand the importance of maintaining a good credit record and hope for your understanding and assistance in resolving this matter.	Credit card	70914.7	2026-10-08 04:04:17
68	XX/XX/XXXX of XXXX unable to login Credit Karma XXXX XXXX contacted XXXX, try to make me make a new email. XX/XX/XXXX - XXXX sent email to verify my identity XXXX XXXX still unable to login XXXX XXXX I contact XXXX again, they send verification email. I completed XXXX XXXX XXXX I continue to get the runaround yet. My email is active so I dont know how they were able to deactivate the e-mail, on their end thats where Im having trouble?.	Bank account or service	70535	2026-10-08 04:04:19
69	I requested a payoff amount by email and gave them my new address to send information in XX/XX/XXXX. I advised them I will pay {$5000.00} toward the balance if they did not advise me of another payoff amount in writing. I advised them and sent a copy of a letter from XXXX XXXX XXXX telling me to make payment to XXXX. I told them I needed a payoff amount from them as we were told by XXXX, when trying to pay to XXXX, that we should make payment to XXXX XXXX  XXXX. They were advised I would not pay anyone but XXXX. \nI waited for several months and on XX/XX/XXXX I made a payment of {$5000.00} by mail to bring my account up to date. I wrote to XXXX  back with a copy of the check, the prior letters and advised them I would resume regular payments and, again, gave them my correct address. \nMy credit rating went below 600 due to this problem that was unresolved with them. I was unable to refinance a loan during this period due to ONE low credit score. I was told again to make payments to an unknown ( otherwise ) lawyer firm but never got anything in writing about how to do this. I continue to make my payments to XXXX  by mail.	Consumer loan	72419.8	2026-10-08 04:04:21
70	I called SoFi and asked for paper statements as I was losing internet and computer. They said they only issued paper statements. I asked for a copy of that policy. They refused. I asked who governs their banking practices, they refused to tell me. I wanted to know if it was the Office of the Comptroller of Currency or the Federal Reserve. They said they are a private lender. So I learned they are governed by the Consumer Financial Protection Bureau, but they refused to tell me that information. They DO NOT have a license to operate in the State of Wisconsin, I live in Wisconsin. I asked for her last name, she refused. I asked for her supervisor, she refused. I asked for a copy of our conversation, she refused. I asked for a monthly statement to keep track of my balance, she refused. I asked for a copy of our loan agreement, she refused. I asked for my interest rate and when my loan would be paid off, she refused.As I am XXXX years old, with serious XXXX and health and XXXX  problems and lots of other issues, this is very stressful. Can you help? All I want are things in writing from this company and monthly statements.	Consumer loan	74628.5	2026-10-08 04:04:24
71	Capital One acct # XXXX Is reporting an account on my credit file that is not mine. I requested to be removed off this account a long time ago. I never signed any documents to be added on this card and it was in error. I am requesting for this account to be removed off my credit.	Credit reporting	75328.2	2026-10-08 04:04:26
72	Bank of America Forged financial documents when we applied to refinance our loan in 2008. We where unaware they did this until recently. Bank of America then tried to foreclose on our home based off of forged financial documents and forged signatures. We did not have the assets they claimed we had at the time of the refinancing and we were never given any of those documents. Bank of America then placed over XXXX in fees to our original mortgage of XXXX making our loan over XXXX off of a forged refinancing loan. We ask that Bank of America place our loan back to the original amount and take off all of the fees they placed after forging and lying on our refinancing loan. Ho is Bank of America allowed to get away with breaking the law and adjusting loans based of forgery and deceit? \n\nWe want our loan to go back to the XXXX and all the fees placed to be taken off.	Mortgage	80356.5	2026-10-08 04:05:29
73	I filed for a income based repayment plan with Navient XX/XX/XXXX. They stated that they need a signature letter, and proof of income, which I in turn, provided them. I was told in XXXX that this was processed and everything was OK.. \n\nYet I get a bill for XX/XX/XXXX payment for FULL amt. I contacted the lender via XXXX, via the advocate, AND via e-mail to the President of the company. \n\nI have submitted this information to them 5X now, via fax, mail, e-mail and a variety of other means. \n\nI received a letter from Navient stating that they did NOT receive the information. But, in the SAME e-mail, they sent me the forms, the signature is correct on the form, proof of income HAS been provided, and a copy of the form correctly filled out. \n\nSo, not only do they have the forms CORRECTLY filled out, they have the signature page, AND proof of income ( IRS 1040 form ) ... due to federal rules proof of income WAS NOT REQUIRED to process this form as income for 2016 was NEGATIVE. \n\nI have two letters from them stating the same thing, and in BOTH letters, they have provided me copies of the completed form, a signature page, AND proof of income. \n\nI fail to see any logic in this. They have the forms correctly filled out, they have a valid signature on the forms, and they have proof of income ( which is NOT required ). But yet they can not read their own forms. \n\nCalling them all I get is the SAME XXXX, parroted back to me. We do not have the forms, we do not have proof of income, yet in the next letter, they send me copies of BOTH the form, the signature page AND proof of income as required. \n\nI am tired of this run around, Complaints with the XXXX, CFPB, Virginia Attorney General Consumer Protection Section, Federal Student Aid Department of Education, XXXX, have all been filed, yet all I can get out of them is like talking to a WALL.	Credit reporting	81257.7	2026-10-08 04:05:29
74	My name is XXXX XXXX. I was just made aware of the collections of a credit card in my name due to it being on my credit report. I have contacted local law enforcement as well and still nothing done. In XX/XX/2016 a card was opened in my name through XXXX department store. I did not open the account and do not have any knowledge of this account. It is fraud	Credit reporting	81663.2	2026-10-08 04:05:29
75	I requested a payoff only to find that it is {$16000.00} though the car sold for $ {$23000.00} and I put {$8000.00} cash and have payed XXXX payments at {$52000.00}. I wastold that XXXX held most of the {$8000.00} and because I make a great deal of payments early before my due date most of it goes toward interest opposed to the principal.	Consumer loan	79878.6	2026-10-08 04:05:29
76	A friend on XXXX suddenly posted that he was making cash on the side while working full time as a nurse. Not knowing that his account was hacked and being somewhat sociable with the person, I fell for the bitcoin investment scam. I spent {$600.00} on XX/XX/22 and {$1500.00} as my initial investment and to upgrade my " trading account '' so I can get my profit, I paid {$1400.00}. Another {$100.00} was sent on XX/XX/22 for a bitcoin I was told to buy through XXXX. Everything else was sent through XXXX thats within my Wells Fargo XXXX. As soon as the scammer blocked me, I directly informed Wells Fargo and made a claim that I was scammed. Three weeks later, I received their conclusion and that they deny my claim because I authorized the transactions and that the recipient 's bank nor Wells Fargo had any error. I called and asked for further information, and inquired about EFT Regulation E and thr Wells Fargo banker told me that it only applies if I was induced to giving my information, which is not what my case is. They told me there's nothing they can do. To add salt to wound, I involved my brother and used his money by asking him to send money by XXXX in his Wells Fargo.	Bank account or service	80573.5	2026-10-08 04:05:29
77	Hello, I was reading an article that stated that if you had an auto loan with Wells Fargo Dealer services I may be entitled to a refund for over charges during my loan. \n\nMy loan was from XX/XX/XXXX to XX/XX/XXXX. I tried calling Wells Fargo and was on hold for XXXX. So I also saw this option of contacting you. I pulled my credit report and did not see my Acct #. My last 4 of Social are XXXX. \n\nThank you, XXXX XXXX XXXX XXXX XXXX	Consumer loan	79524.2	2026-10-08 04:05:29
78	I made an online payment from my XXXX checking to pay my loan from American Express for {$800.00} on XX/XX/2023. Please see the attached that has information such as XXXX account number, File transmission date, trace number, and transaction ID.	Bank account or service	77652.1	2026-10-08 04:05:29
79	I am writing to formally express my concerns regarding Zelle 's handling of disputes, particularly in light of the recent CFPB lawsuit highlighting significant issues with the platform. Despite using Zelle numerous times and reporting discrepancies, my financial institution and Zelle failed to investigate my claims adequately. They informed me that recovering lost funds was impossible and that tracking these transactions was unfeasible. The CFPB 's findings indicate that Zelle has not only neglected to protect consumers but has also allowed repeated offenders to exploit the system, leaving users vulnerable to scams. This lack of accountability and transparency is unacceptable and raises serious concerns about consumer safety.	Money transfer or service	77430.2	2026-10-08 04:05:29
80	I made a promotional purchase for 24 month interest free. The purchase was on XX/XX/2016 for {$1300.00}. Every payment I made I would make sure it was applied to my promotional balance, as I was repeatedly emailed the answer that the promotional balance was paid first. Because of the interest not being charged if paid before the promotion expired. I have every bill from when this account was created and almost every payment was not applied towards the promotional balance. Over {$2100.00} of on time payments were not credited towards my promotional balance. Now I have a court summons, which I will answer with and submit all this evidence. There is also a letter from Citi Bank / Best Buy stating there was fraud on my account of over {$500.00}, that was never resolved. They transferred the account to a new card, and more charges were added on to the bill. With no reference of the charges. Now the amount owed reached over {$3000.00}. The customer service could not answer any questions about the balance or the payments. I believe this is very deceptive practice.	Credit card	78409	2026-10-08 04:05:29
81	In XXXX I requested a XXXX fixed rate loan from Sallie Mae/Navient , they refused and told me just pay more knowing that they would likely make more interest without it being a fixed rate loan. In XXXX, I lost my job when the economy tanked. I had contacted the student loan company and they put me on a forbearance. I found a job about a year later and started repaying the loan until the I lost my job again. I was working for a Foreclosure Law Firm, when government interventions were put in place to help keep people in their homes. I had to go into forbearance again and stay there for a while. I ended up owing more interest, causing me to owe more than when I started. Since then have gone into the income driven repayment plan because they wanted so much in monthly payments. I am retired and on Social Security. My Social Security is {$1100.00} per month. I believe they were using predatory loan practices. Now XXXX has taken over the loan and uses Navient website and added XXXX to my loan balance. XXXX 's phone number is Navient 's phone number. Are they related in some way?	Consumer loan	78844.8	2026-10-08 04:05:29
82	2 Bank accounts were opened in fraud using my identity- XXXX XXXX XXXX XXXX \n\nCitizens Bank Account : Around the beginning of XXXX, XXXX  an account was opened in my name. \nI did call and report this to the company and so they have all the supporting evidence. ( I can not find this in my archives! \nI received a letter XX/XX/202 about taking further action via the FTC. \n\n_________________________________________ XXXX XXXX Account : On XX/XX/2022 I received an e-mail from XXXX XXXX  that XXXX XXXX  : Checking Account was open : XXXX Savings Account was open : XXXX The accounts were linked.	Bank account or service	78450.6	2026-10-08 04:05:29
83	I was reviewing my credit report recently and noticed a closed car loan from Bridgecrest that does not belong to me. I want this account removed from all of my credit reports as this does not belong to me and possibly an identity theft issue.	Credit reporting	77249.7	2026-10-08 04:05:29
84	I just received my recent credit report, and I found an unrecognized inquiries on my XXXX credit file. \n\n\nIt's an opened account for credit monitoring. I do not have an account with them. XXXX never extended me no line of credit. \nIt's an Account Review Inquiries	Credit reporting	77580.6	2026-10-08 04:05:29
85	REQUESTING MISSING FUNDS To Whom It May Concern, I am writing to report an issue with an instant cash-out transaction on Cash App. On XX/XX/year> at XXXX XXXX  I initiated an instant cash-out of {$68.00} from my Cash App balance to my linked bank account. However, the funds were never deposited into my bank account, and the amount is missing from my Cash App balance. \n\nI contacted my bank to verify the transaction, and they confirmed that no deposit of {$68.00} was ever received. Despite reaching out to Cash App support for assistance, I have not received any help in resolving this issue. \n\nI request immediate assistance in locating these funds and ensuring the payment is completed as expected. Please address this matter urgently, as this delay is causing financial inconvenience. \n\nThank you for your prompt attention to this issue. \n\nSincerely, XXXX XXXX XXXX XXXX	Money transfer or service	79898.1	2026-10-08 04:05:29
86	On XX/XX/year>, Venmo permanently deactivated my account without providing a clear explanation. They cited unspecified violations of the User Agreement and informed me that my remaining balance of {$310.00} would be held for up to 180 days for loss prevention purposes. \n\nI have contacted Venmo Support multiple times under Request # XXXX to request clarification, documentation of any alleged violation, and confirmation of my account balance and release date. Each response was a template message stating that the decision is final and that no further inquiries will be answered. \n\nMy account was used solely for legitimate personal purposes, including occasional payments for personal expenses. I have never engaged in fraudulent, prohibited, or suspicious activity, and there are no disputes, chargebacks, or pending transactions associated with my account. \n\nI am seeking transparency, a detailed explanation of the account deactivation, and timely access to my {$310.00}. The blanket 180-day hold is excessive and causes financial hardship.	Money transfer or service	78503.8	2026-10-08 04:05:29
87	I applied for a mortgage refinance with Sofi on XX/XX/XXXX. Throughout the process, Sofi caused my credit score to drop unnecessarily due to excessive credit pulls caused by closing delays. Specifically, Sofi pulled my credit 6 times ( dates of pulls : XX/XX/XXXX, XX/XX/XXXX, XX/XX/XXXX, XX/XX/XXXX, XX/XX/XXXX, XX/XX/XXXX ). \n\nI submitted a CFPB complaint about the excessive hard pulls on my credit and Sofi provided a Response in XX/XX/XXXX. In the response, they stated : " Upon reviewing your account, we confirmed that there were a total of four hard credit inquiries obtained throughout the process. We are currently working to have two of them suppressed, which will completely remove them from your credit file. Please note that the general timeframe for this to be handled by the credit bureaus is 30-90 days. '' It is now 200 days after Sofi 's response, and as of today, my credit report still shows 5 inquiries. Attached is a copy of my credit report from Sofi 's own website. The attachment states that there are 5 hard inquiries, on the following dates : XX/XX/XXXX, XX/XX/XXXX, XX/XX/XXXX, XX/XX/XXXX, XX/XX/XXXX. \n\nBased on this, it is clear that Sofi only had one ( 1 ) pull removed from my file ( the pull from XX/XX/XXXX is no longer showing ). \n\nSofi should remove the following specific credit pulls : 1. XX/XX/XXXX, 2. XX/XX/XXXX, 3. XX/XX/XXXX. The pulls on XX/XX/XXXX and XX/XX/XXXX were unnecessary because Sofi had pulled credit on XX/XX/XXXX. The pull on XX/XX/XXXX was unnecessary because Sofi had pulled credit on XX/XX/XXXX. \n\nThere is no reason to pull someone's credit 4 times in one week ( XX/XX/XXXX ) or 2 times in one week ( XX/XX/XXXX ) for one single credit extension/transaction.	Mortgage	57855.6	2026-10-08 04:06:45
88	I originated a wire transfer on XX/XX/XXXX to a company called Coinbase to invest the money in cryptocurrency. I followed the exact instructions and wired {$4000.00} from my checking account to my Coinbase account. I confirmed with my bank that the wire was completed and also called the recipient bank XXXX XXXX XXXX who also acknowledged receipt of the wire on the XX/XX/XXXX.\n\nAs of today, XX/XX/XXXX, the money has not been credited to my account and all inquiries go unanswered. I have attached the wire information for your information : The wire originated from XXXX XXXX XXXX XXXX Transit Routing Number : XXXX XXXX XXXX XXXX XXXX XXXX XXXX XXXX XXXX XXXX, TX XXXX Account XXXX XXXX Confirmation Number XXXX From Account XXXX To Account XXXX Wire Processing Date XX/XX/XXXX Wire Submitted Date XX/XX/XXXX Amount {$4000.00} Receiving Bank Name and ABA Number XXXX XXXX XXXX, XXXX Beneficiary Name and Account Coinbase, XXXX XXXX ( Additional Notes ) XXXX Status Completed XXXX  XXXX Please find the address that I could locate for Coinbase : ( XXXX ) XXXX Coinbase, Inc 5 years in business XXXX XXXX XXXX, XXXX XXXX XXXX XXXX, CA XXXX Sadly, it seems that I am not the only Coinbase victim and I have read multiple posts from people experiencing the same issues.	Money transfer or service	62470.8	2026-10-08 04:06:45
89	First Merchants Bank assigned negative balances to two accounts totaling more than {$3000.00}, even though only my checking account was overdrawn. \n\nI called XX/XX/year> and was informed of there being two negative accounts. I asked to repay one but was left with no way of doing so after the conversation. \n\nMy checking account became negative when the bank continued processing auto-pay transactions for over 30 days after the account was already overdrawn. Instead of stopping the transactions or notifying me properly, they allowed repeated payments to go through and charged hundreds of overdraft fees. I received no meaningful notice only missed calls with no voicemail, and no emails or written alerts. \n\nThe majority of the negative balance is caused by excessive and unfair overdraft fees. First Merchants failed to stop transactions and failed to notify me effectively. One of the accounts has been sent to collections even though the debts appear to be inaccurate and inflated by improper fees. \n\nThis overdraft pattern occurred for months. The bank repeatedly allowed transactions to go through when the account was already negative, causing an ongoing cycle of fees instead of stopping payment activity. This behavior is unfair, abusive, and not consistent with standard bank practices. \n\nI am requesting : 1. A full investigation 2. Reversal of improper or excessive overdraft fees 3. Removal of any invalid debt sent to collections 4. Written explanation of how these negative balances were calculated This situation falls under unfair or deceptive acts and practices. I am requesting CFPB assistance.	Bank account or service	66359.5	2026-10-08 04:07:06
90	Synchrony closed two accounts. Amazon and Sam 's Club. Reason : High risk of failure to pay. Both accounts had a XXXX balance. I had a perfect payment history when I did have a balance. I called the number on the letter, the XXXX XXXX was non-American and did not understand why I was calling. At this point, I can live without the cards. I want to know why they closed two accounts in good standing and I want to be assured that Synchrony does not submit a negative report to any credit reporting agencies.	Bank account or service	73432.5	2026-10-08 04:07:14
91	I am filing a complaint against cash app ( block , inc ) Due to inadequate customer Service and unfair practices, which violate the consumer financial protection ( cfpa ) Specifically, cash app failed to take Timely and effective measures to prevent and address fraud On their platform, leaving my account vulnerable and unprotected. Furthermore, their dispute Resolution process was unfair, and Deceptive, as they did not Comply with error resolution requirements Under the electronic fund transfer act ( efta ) And regulation E. These actions have caused significant inconvenience in financial loss, And I seek appropriate redress for these violations.	Bank account or service	79037	2026-10-08 04:07:14
92	I hope all is well. \n\nI booked a hotel reservation through American Express Travel. The representative clearly stated over email ( I have the supporting documentation ) that my reservation could be cancelled without charge anytime prior to 7 days before my arrival. \n\nDue to an unplanned work commitment, I have to cancel the vacation. However, AMEX is charging me the full amount and refusing to refund for the hotel stay - despite the fact that I cancelled well before the allowable date as stipulated in my original, written correspondence with AMEX I appreciate anything you can do to help. This is an unfair violation of my rights as a consumer by a large corporation.	Credit card	91172.6	2026-10-08 04:07:34
93	Fro the last 4 months we have been attempting to refinance our current mortgage with Mr. Cooper ( mortgage company ) to get a 15 year fixed at 2.5 %, We are currently paying them 5.7 %. We have a HELOC with XXXX  XXXX XXXX and Mr. Cooper does not like the XXXX note because it has language around negative amortization. XXXX XXXX XXXX wrote two letters on our behalf to Mr. Cooper stating that the negative amortization does not apply to us, and Mr. Cooper is still rejecting it saying that it does. We want to meet with Mr. Cooper, and XXXX XXXX XXXX is willing to as well, but Mr. Cooper refuses to stating that their underwriters do not meet with anyone. At this point I suspect they are stalling because they simply do not want to give us a lower rate. They have not given us any other reason and refuse to meet with us. They are also not returning any of our phone calls. Their AVP refuses to get involved as well.	Mortgage	65154	2026-10-08 04:07:44
94	My son has been trying to pay his Sallie Mae loans to the best of his ability. the interest keeps making it higher and he can not for some reason have it based on his income. they are harassing his grandmother who was the co-signer and making her feel as though she has to pay and she has been taking money from her fixed living expenses to try and pay the out ragious amounts that keep going up because they say he 's not paying the full monthly amounts. th interest on his loans have gone through the rough and the payments are double what he brings in monthly. even if he lived at home and made no car payments and I paid for food and everything else he would not be able to make the payments since they keep raising them. There are XXXX different loans which they made him do instead of one. My mother is afraid she is going to loose everything because the payments are not more than all 3 of us together ca n't pay. This should be illegal and why they want let him base the payments off his income I will never know. Please help. And there are more than one of the choices below. We could select every answer below except getting a loan because they have all happened. Dealing with the lender is a joke. they hang up on you once they figure out who you are and will not even try to help. The payments need to be a fixed monthly amount that can be handled and still be able to eat and survive and maybe even feel like living again. Shame on Sallie Mae!!!!	Consumer loan	61577.5	2026-10-08 04:07:55
95	I was charged interest by AmEx on my purchases even though my balance was paid in full. They claim it was a technical error and happened to other customers as well. They say the charges will be reversed, however I have an automatic withdrawal from another account to pay this bill, which means they received payment for the bogus charge. How many other customers did they do that to? How much money do they make by keeping this money for a month before returning it? It was only  XXXX  cents for me, but if they do that to a million customers, that 's a nice monthly profit of {$30000.00}.   The charge was on  XXXX   XXXX ,   XXXX  , and I will apparently receive a reversal on  XXXX   XXXX ,   XXXX  .	Credit card	59648.6	2026-10-08 04:07:55
96	I am writing to formally express my concerns regarding Zelles handling of disputes, particularly in light of the recent CFPB lawsuit highlighting significant issues with the platform. Despite using Zelle numerous times and reporting discrepancies, my financial institution and Zelle failed to investigate my claims adequately. They informed me that reversing lost funds was impossible and tracking these transactions was unfeasible. The CFPBs findings indicate that Zelle has not only neglected to protect consumers but has also allowed repeat offenders to exploit the system, leaving users vulnerable to scams. This lack of accountability is unacceptable and raises serious concerns about consumer safety.	Money transfer or service	56570.3	2026-10-08 04:07:55
97	I'VE BEEN TRYING TO GET THIS ACCOUNT REMOVED FROM MY EXPERIAN CREDIT FILE FOR SEVERAL MONTHS NOW AND THEY KEEP TELLING ME THE CREDITOR VERIFIED THAT THE ACCOUNT BELONGS TO ME BUT I'VE NEVER RECEIVED ANYTHING BESIDES A BILL WHICH DOES NOT BELONG TO ME. THEY KEEP CHANGING INFORMATION RELATED TO THE ACCOUNT WHICH I'VE INCLUDED WITH THIS COMPLIANT. THE ACCOUNT HAS ERRORS WHICH IS A VIOLATION ALSO.	Credit reporting	55179.8	2026-10-08 04:07:55
98	I owe a debt to my old university of a few XXXX dollars, basically for the past 2 years Ive been called non stop it used to be once a month then once a week then daily now its 2-3 times a day, Ive paid some of it before but I dont even see the debt on my credit report and its supposedly in collections Ive told them I just cant afford to pay on it at the moment but its just constant with these people calling me.	Debt collection	44270.5	2026-10-08 04:08:50
99	I applied for Chase XXXX XXXX credit card with promotional bonus XXXX points with requirement to spend {$5000.00} during 90 days. I spent {$6000.00} during that time but did not received bonus. When applied for card nobody told me about it ( I filed standard form online ) for my request I received FIRST LATTER IN 4 months that I was approved WITHOUT BONUS. I would never agreed to obtain that cart without bonus and after all they charge {$95.00} annual fee like for customers who received that bonus. I believe this situation involves a lack of clear disclosure and request fair solution	Credit card	41647.9	2026-10-08 04:09:10
100	After two years Bank of America still havent returned the funds that was mistakenly deposited into my account and was supposed to go into my business account, today XXXX XXXX I just found out today that Bank of America is still holding {$25000.00} of the SBAs money and will not return it! After I was informed by them back on XXXX XXXX that they were waiting on SBA to inform them what they wanted them to do with the funds! But the SBA informed me they never received any information from Bank America on this matter of them holding the funds XX/XX/2023! All I wanted them to do was give the {$25000.00} back that is it! What is so hard about this it was a small mistake of wrongful account numbers which both account numbers are mind but they closed my checking account with bank America because they thought I was trying to commit fraud! Which wasnt the case I am not a criminal I worked hard for everything I have and own! This mistake has went on too long! I thought this was over two years ago but Bank of America refused to return funds that do not belong to them please return the {$25000.00} back to the SBA! That is all I want I encourage you to stop this madness! I reported this matter before and nothing was done! I want this matter resolved immediately	Bank account or service	46659.7	2026-10-08 04:09:10
101	XX/XX/2022 I went into XXXX XXXX XXXX Nj for a vehicle. I ended up filing a police report and returning the vehicle for fraud. I explain to the agencys that XXXX XXXX was only going through XXXX XXXX for loan. They didnt, they used multiple banks! The dealers ships used XXXX bankXXXX XXXX auto finance ( car dealer, XXXX  is the owners last name ). I have multiple inquirys from the same bank days apart. I have submitted my proof and even contacted FTC and filed a identity theft report. TransUnion has not let me dispute anything in months since I first filed a complaint.	Bank account or service	48163	2026-10-08 04:09:10
102	I have written 3 dispute letters to the following company to validate and verify the debt they claim I owe them. They have failed to respond to me in writing in the 30 days allotted by the FCRA. \n1. ) XXXX XXXX XXXX 2. ) Conns XXXX XXXX. \n3. ) XXXX XXXX XXXX 4. ) XXXX XXXX XXXX XXXX TX	Debt collection	42030	2026-10-08 04:09:10
103	On XX/XX/year>, I deposited {$450.00} in cash into a Chase ATM. The machine malfunctioned and did not deposit the cash. I filed a claim for the {$450.00} but mistakenly only asked for {$200.00} of it since I at the time believed that my tax return was part of the deposit ( they had told me that part of it may show up in my account ) and the tax return was not labelled in my account transactions. I didn't realize this until much later, and when I tried to update the claim to deposit the missing {$240.00}, they told me that since more than 6 months had passed, they can not do anything. Even though it was their fault that this happened in the first place.	Bank account or service	41292.1	2026-10-08 04:09:10
104	I disputed an unauthorized charge on my debit card from a landscaping company. I had authrozied a one-time charge from said company a few weeks prior for a single mowing service. The company then came out XXXX wees later and mowed again while i was not home, and charged my card that i provided for the intial service {$81.00}. I never signed a contract for service and I nevered authorized an {$81.00} charge. Because the company had my address and card number from the initial service, Chase said that they were authorized to continue charging for services that I never authorized.	Credit card	41828.5	2026-10-08 04:09:10
105	We have this Citi checking account ending in XXXX, that is linked to a brokerage account. The average monthly balance required to avoid the monthly fee in {$1500.00} in all combined accounts, and our combined balance in both accounts is well above this number. However, Citibank keeps charging a XXXX XXXX monthly fee each month. We called last month, and a rep acknowledged that everything was correctly set up and linked and the fee should not apply, and he removed the fee. However, Citibank charged the fee again this month. Upon speaking with a rep, she is saying that she is unable to access our account and then hung up the phone on us, when we asked her to close the account.	Bank account or service	41064	2026-10-08 04:09:10
106	I paid off my Best Buy card.I realized there was a reoccurring charge of {$20.00} continuously being added to the card every month Ive called ( on phone long hours ) citicard l, Ive called Best Buy several times they said they would remove it continues to show up. I dont know what its for theyre saying its for XXXX XXXX subscription for a tv, but I never signed up for anything. I was told its been there every month since i purchased the tv. Again I didn't signup for anything, I have asked to please remove, they continue to add it and now late fees, its now affecting my credit score. They both are now giving me the run around saying its the other entity ( citicard or bestbuy ) responsible to remove it. This is impacting my credit negatively and i feel abused by them. It went from XXXX balance to XXXX {$80.00} this is fraud and i will not continue to pay for something I didn't authorize or buy. And it seems like i have been paying for this for over two yrs now unknowingly. I closed the acct and they are still upping the bill and now harassing calls for payment	Credit card	40519.6	2026-10-08 04:09:10
107	On XXXX XXXX I deposit a U.S. Goverment Check for {$1800.00} for social security backpay after this I asked the bank teller when will my funds be available she said right away then I made several transactions but not totaling {$1800.00} and one XXXX I received a direct deposit for {$520.00} for my SSI Deposit again I made several transactions but not totaling {$520.00}. I have tried and tried to notify this bank of this error but to no resolution.	Bank account or service	38365.2	2026-10-08 04:09:10
108	For approximately eight months, I have repeatedly encountered errors when attempting to transfer funds from my U.S. Bank checking account to external financial institutions ( e.g., XXXX  XXXX, XXXX, XXXX, XXXX XXXX ). The system consistently returns the same message : Were experiencing some issues. Please try again later. \nHowever, when transferring funds between my own U.S. Bank accounts such as from personal to business or to my U.S. Bank credit card, the transfers process successfully and without delay. This strongly suggests the problem is not on my end, but rather a system-level restriction on outbound transfers. \nI have contacted U.S. Bank on multiple occasions to resolve this. The only guidance Ive received is to physically visit a branch an unreasonable expectation for standard digital banking functionality, especially for a business owner. \nI am requesting a formal explanation : Why does the system fail only when transferring funds out of U.S. Bank to other institutions? \nWhy is there no resolution after eight months of consistent failure? \nIs there any internal policy limiting outbound transfers that has not been disclosed to the customer? \nI have screenshots documenting this issue, including one from today. This ongoing disruption impacts my ability to operate efficiently and undermines confidence in U.S. Banks online systems.	Bank account or service	39752.7	2026-10-08 04:09:10
109	They put my loans in administrative forbearance because they didn't bill me. then they sent an incorrect bill amount ( didn't include all my loans ) and made the bill due in less than a week from when they sent the billing statement.	Consumer loan	38857.7	2026-10-08 04:09:10
110	Complaint Against : Midland Credit Management # XXXX My Name : XXXX XXXX XXXX XXXX Address : XXXX XXXX XXXX, XXXX, CA XXXX Date of Birth : XX/XX/year> Last 4 of SSN : XXXX What is your complaint about? \nMidland Credit Management is trying to collect on a debt that was already taken to court by XXXX XXXX XXXX years ago. I was sued and XXXX won the case by default because I was not able to go to court. Since XXXX already obtained a judgment for the same XXXX debt, I do not understand how Midland is now attempting to collect on what appears to be the same account. \n\nI never received any documentation from Midland showing that they own this debt, and they have not provided me with any proper validation. This feels like an attempt to collect twice on the same account, which is not only confusing but possibly illegal. \n\nI believe this may be : A false or misleading representation under the FDCPA, 15 U.S.C. 1692e, An unfair collection attempt under 15 U.S.C. 1692f, A failure to provide required debt validation under 15 U.S.C. 1692g ( b ), And possibly a violation of the FCRA, 15 U.S.C. 1681s-2 ( b ), if Midland is reporting this to the credit bureaus inaccurately. \n\nI am asking the CFPB to help me by requiring Midland to : Prove that they have the legal right to collect on this debt including a full chain of title and documentation from the original creditor ( XXXX ), Stop all collection activity until they can fully validate this debt, Remove any credit reporting from my credit reports if they can not verify their right to collect. \n\nI also request that the CFPB investigate this situation, as I feel this is not fair or lawful. \n\nThank you. \n\n\nXXXX XXXX XXXX XXXX	Debt collection	40651.8	2026-10-08 04:09:10
111	Navy Federals XX/XX/XXXX denial says you accepted the amount charged when receiving the merchandise or services and that it can not proceed without a merchant credit acknowledgment. The packet directly challenges that reasoning : no merchant credit acknowledgment exists because the merchant never promised a refund, and your dispute is for digital services not delivered as agreed, not for a promised credit that failed to post.	Credit reporting	41113.2	2026-10-08 04:09:10
112	The home secured by the loan burned down, and Freedom Mortgage has been holding all of the insurance funds in escrow. They refuse to return the amount to rebuild or even the overage above the outstanding loan amount. The mortgage company has stolen thousands of dollars from us before, so we were wary of sending them the check, but when we were assured that they would process the amount, and send back the overage we sent them the check. They have been holding the entire amount including an overage of about {$100000.00} with no communication.	Mortgage	42948.1	2026-10-08 04:09:10
113	i became XXXX during the time i had the vehicle. \nthe vehicle was reposessed at my probation office. \ni was XXXX for 15 months and the vehicle went to auction. \ni know the vehicle was sold and i am trying to get this item off of my credit report	Credit reporting	43812.1	2026-10-08 04:09:10
114	Requesting back up from Franklin Collection service Clearly they just purchased this debt from another collection agency that was recently removed from my credit reports due to not providing the information to verify this debt. \n\nAs stated in the attached letter- I am requesting detailed back up for the {$230.00} debt that is being reported on my credit report If you can not provide back cease all collection attempts and report from my credit report AGAIN immediately.	Debt collection	44050.1	2026-10-08 04:09:10
