ollama-1  | [GIN] 2026/10/07 - 09:13:44 | 200 |      20.933µs |      172.21.0.1 | GET      "/api/version"
ollama-1  | [GIN] 2026/10/07 - 09:13:52 | 200 |      17.745µs |       127.0.0.1 | HEAD     "/"
ollama-1  | [GIN] 2026/10/07 - 09:13:52 | 200 |     681.702µs |       127.0.0.1 | GET      "/api/tags"
ollama-1  | [GIN] 2026/10/07 - 09:14:02 | 200 |      16.398µs |       127.0.0.1 | HEAD     "/"
ollama-1  | [GIN] 2026/10/07 - 09:14:02 | 200 |     647.231µs |       127.0.0.1 | GET      "/api/tags"
ollama-1  | [GIN] 2026/10/07 - 09:14:12 | 200 |      17.201µs |       127.0.0.1 | HEAD     "/"
ollama-1  | [GIN] 2026/10/07 - 09:14:12 | 200 |     733.064µs |       127.0.0.1 | GET      "/api/tags"
ollama-1  | [GIN] 2026/10/07 - 09:14:23 | 200 |      15.796µs |       127.0.0.1 | HEAD     "/"
ollama-1  | [GIN] 2026/10/07 - 09:14:23 | 200 |     700.872µs |       127.0.0.1 | GET      "/api/tags"
ollama-1  | srv  server_strea: conv_id= (empty=1)
ollama-1  | slot get_availabl: id  0 | task -1 |  - checking sim = 0.616 (329/534) > 0.100
ollama-1  | slot get_availabl: id  0 | task -1 | selected slot by LCP similarity, f_sim_best = 0.616 (> 0.100 thold), f_keep = 0.892
ollama-1  | slot launch_slot_: id  0 | task -1 | sampler chain: logits -> ?penalties -> ?dry -> ?top-n-sigma -> top-k -> ?typical -> top-p -> ?min-p -> ?xtc -> temp-ext -> dist 
ollama-1  | slot launch_slot_: id  0 | task -1 | sampler params: 
ollama-1  | 	repeat_last_n = 64, repeat_penalty = 1.000, frequency_penalty = 0.000, presence_penalty = 0.000
ollama-1  | 	dry_multiplier = 0.000, dry_base = 1.750, dry_allowed_length = 2, dry_penalty_last_n = 64
ollama-1  | 	top_k = 40, top_p = 0.900, min_p = 0.000, xtc_probability = 0.000, xtc_threshold = 0.100, typical_p = 1.000, top_n_sigma = -1.000, temp = 0.000
ollama-1  | 	mirostat = 0, mirostat_lr = 0.100, mirostat_ent = 5.000, adaptive_target = -1.000, adaptive_decay = 0.900
ollama-1  | slot launch_slot_: id  0 | task 1036 | processing task, is_child = 0
ollama-1  | slot   operator(): id  0 | task 1036 | new prompt, n_ctx_slot = 4096, n_keep = 4, task.n_tokens = 534
ollama-1  | slot   operator(): id  0 | task 1036 | cached n_tokens = 329, memory_seq_rm [329, end)
ollama-1  | slot init_sampler: id  0 | task 1036 | init sampler, took 0.04 ms, tokens: text = 534, total = 534
ollama-1  | slot print_timing: id  0 | task 1036 | prompt eval time =     749.45 ms /   205 tokens (    3.66 ms per token,   273.53 tokens per second)
ollama-1  | slot print_timing: id  0 | task 1036 |        eval time =     145.84 ms /     8 tokens (   20.83 ms per token,    48.00 tokens per second)
ollama-1  | slot print_timing: id  0 | task 1036 |       total time =     895.29 ms /   213 tokens
ollama-1  | slot print_timing: id  0 | task 1036 |    graphs reused =        710
ollama-1  | slot      release: id  0 | task 1036 | stop processing: n_tokens = 541, truncated = 0
ollama-1  | srv  update_slots: all slots are idle
ollama-1  | [GIN] 2026/10/07 - 09:14:31 | 200 |  900.081384ms |      172.21.0.4 | POST     "/api/generate"
ollama-1  | srv  server_strea: conv_id= (empty=1)
ollama-1  | slot get_availabl: id  0 | task -1 |  - checking sim = 0.467 (328/702) > 0.100
ollama-1  | slot get_availabl: id  0 | task -1 | selected slot by LCP similarity, f_sim_best = 0.467 (> 0.100 thold), f_keep = 0.606
ollama-1  | slot launch_slot_: id  0 | task -1 | sampler chain: logits -> ?penalties -> ?dry -> ?top-n-sigma -> top-k -> ?typical -> top-p -> ?min-p -> ?xtc -> temp-ext -> dist 
ollama-1  | slot launch_slot_: id  0 | task -1 | sampler params: 
ollama-1  | 	repeat_last_n = 64, repeat_penalty = 1.000, frequency_penalty = 0.000, presence_penalty = 0.000
ollama-1  | 	dry_multiplier = 0.000, dry_base = 1.750, dry_allowed_length = 2, dry_penalty_last_n = 64
ollama-1  | 	top_k = 40, top_p = 0.900, min_p = 0.000, xtc_probability = 0.000, xtc_threshold = 0.100, typical_p = 1.000, top_n_sigma = -1.000, temp = 0.000
ollama-1  | 	mirostat = 0, mirostat_lr = 0.100, mirostat_ent = 5.000, adaptive_target = -1.000, adaptive_decay = 0.900
ollama-1  | slot launch_slot_: id  0 | task 1045 | processing task, is_child = 0
ollama-1  | slot   operator(): id  0 | task 1045 | new prompt, n_ctx_slot = 4096, n_keep = 4, task.n_tokens = 702
ollama-1  | slot   operator(): id  0 | task 1045 | cached n_tokens = 328, memory_seq_rm [328, end)
ollama-1  | slot init_sampler: id  0 | task 1045 | init sampler, took 0.05 ms, tokens: text = 702, total = 702
ollama-1  | [GIN] 2026/10/07 - 09:14:33 | 200 |      27.758µs |       127.0.0.1 | HEAD     "/"
ollama-1  | [GIN] 2026/10/07 - 09:14:33 | 200 |     974.844µs |       127.0.0.1 | GET      "/api/tags"
ollama-1  | slot print_timing: id  0 | task 1045 | prompt eval time =    1332.18 ms /   374 tokens (    3.56 ms per token,   280.74 tokens per second)
ollama-1  | slot print_timing: id  0 | task 1045 |        eval time =     152.58 ms /     8 tokens (   21.80 ms per token,    45.88 tokens per second)
ollama-1  | slot print_timing: id  0 | task 1045 |       total time =    1484.77 ms /   382 tokens
ollama-1  | slot print_timing: id  0 | task 1045 |    graphs reused =        716
ollama-1  | slot      release: id  0 | task 1045 | stop processing: n_tokens = 709, truncated = 0
ollama-1  | srv  update_slots: all slots are idle
ollama-1  | [GIN] 2026/10/07 - 09:14:33 | 200 |  2.389351146s |      172.21.0.4 | POST     "/api/generate"
ollama-1  | srv  server_strea: conv_id= (empty=1)
ollama-1  | slot get_availabl: id  0 | task -1 |  - checking sim = 0.779 (328/421) > 0.100
ollama-1  | slot get_availabl: id  0 | task -1 | selected slot by LCP similarity, f_sim_best = 0.779 (> 0.100 thold), f_keep = 0.463
ollama-1  | srv  get_availabl: updating prompt cache
ollama-1  | srv   prompt_save:  - saving prompt with length 709, total state size = 22.165 MiB (draft: 0.000 MiB)
ollama-1  | srv         alloc:  - prompt is already in the cache, skipping
ollama-1  | srv          load:  - looking for better prompt, base f_keep = 0.463, f_sim = 0.779
ollama-1  | srv          load:    - prompt with length     709, lcp =     328, f_keep = 0.463, f_sim = 0.779
ollama-1  | srv          load:    - prompt with length     700, lcp =     328, f_keep = 0.469, f_sim = 0.779
ollama-1  | srv          load:    - prompt with length     695, lcp =     328, f_keep = 0.472, f_sim = 0.779
ollama-1  | srv          load:    - prompt with length     670, lcp =     328, f_keep = 0.490, f_sim = 0.779
ollama-1  | srv          load:    - prompt with length     730, lcp =     328, f_keep = 0.449, f_sim = 0.779
ollama-1  | srv          load:    - prompt with length     773, lcp =     328, f_keep = 0.424, f_sim = 0.779
ollama-1  | srv          load:    - prompt with length     779, lcp =     328, f_keep = 0.421, f_sim = 0.779
ollama-1  | srv          load:    - prompt with length     677, lcp =     328, f_keep = 0.484, f_sim = 0.779
ollama-1  | srv          load:    - prompt with length     740, lcp =     328, f_keep = 0.443, f_sim = 0.779
ollama-1  | srv          load:    - prompt with length     677, lcp =     328, f_keep = 0.484, f_sim = 0.779
ollama-1  | srv          load:    - prompt with length     738, lcp =     328, f_keep = 0.444, f_sim = 0.779
ollama-1  | srv          load:    - prompt with length     691, lcp =     328, f_keep = 0.475, f_sim = 0.779
ollama-1  | srv          load:    - prompt with length     672, lcp =     328, f_keep = 0.488, f_sim = 0.779
ollama-1  | srv          load:    - prompt with length     738, lcp =     328, f_keep = 0.444, f_sim = 0.779
ollama-1  | srv          load:    - prompt with length     777, lcp =     328, f_keep = 0.422, f_sim = 0.779
ollama-1  | srv          load:    - prompt with length     805, lcp =     328, f_keep = 0.407, f_sim = 0.779
ollama-1  | srv          load:    - prompt with length     730, lcp =     328, f_keep = 0.449, f_sim = 0.779
ollama-1  | srv        update:  - cache state: 17 prompts, 384.554 MiB (limits: 8192.000 MiB, 4096 tokens, 262043 est)
ollama-1  | srv        update:    - prompt 0x2111c2b0:     709 tokens, checkpoints:  0,    22.165 MiB
ollama-1  | srv        update:    - prompt 0x1d133370:     700 tokens, checkpoints:  0,    21.883 MiB
ollama-1  | srv        update:    - prompt 0x1d12e2c0:     695 tokens, checkpoints:  0,    21.727 MiB
ollama-1  | srv        update:    - prompt 0x1d12d8d0:     670 tokens, checkpoints:  0,    20.946 MiB
ollama-1  | srv        update:    - prompt 0x1d708a50:     730 tokens, checkpoints:  0,    22.821 MiB
ollama-1  | srv        update:    - prompt 0x1d12cbe0:     773 tokens, checkpoints:  0,    24.165 MiB
ollama-1  | srv        update:    - prompt 0x1d12ae00:     779 tokens, checkpoints:  0,    24.353 MiB
ollama-1  | srv        update:    - prompt 0x248f0d00:     677 tokens, checkpoints:  0,    21.164 MiB
ollama-1  | srv        update:    - prompt 0x1d736b50:     740 tokens, checkpoints:  0,    23.134 MiB
ollama-1  | srv        update:    - prompt 0x1d6ed0e0:     677 tokens, checkpoints:  0,    21.164 MiB
ollama-1  | srv        update:    - prompt 0x1d724ac0:     738 tokens, checkpoints:  0,    23.071 MiB
ollama-1  | srv        update:    - prompt 0x2111c150:     691 tokens, checkpoints:  0,    21.602 MiB
ollama-1  | srv        update:    - prompt 0x1e79c240:     672 tokens, checkpoints:  0,    21.008 MiB
ollama-1  | srv        update:    - prompt 0x1e7a6190:     738 tokens, checkpoints:  0,    23.071 MiB
ollama-1  | srv        update:    - prompt 0x24d079d0:     777 tokens, checkpoints:  0,    24.291 MiB
ollama-1  | srv        update:    - prompt 0x1d728d30:     805 tokens, checkpoints:  0,    25.166 MiB
ollama-1  | srv        update:    - prompt 0x24240030:     730 tokens, checkpoints:  0,    22.821 MiB
ollama-1  | srv  get_availabl: prompt cache update took 0.05 ms
ollama-1  | slot launch_slot_: id  0 | task -1 | sampler chain: logits -> ?penalties -> ?dry -> ?top-n-sigma -> top-k -> ?typical -> top-p -> ?min-p -> ?xtc -> temp-ext -> dist 
ollama-1  | slot launch_slot_: id  0 | task -1 | sampler params: 
ollama-1  | 	repeat_last_n = 64, repeat_penalty = 1.000, frequency_penalty = 0.000, presence_penalty = 0.000
ollama-1  | 	dry_multiplier = 0.000, dry_base = 1.750, dry_allowed_length = 2, dry_penalty_last_n = 64
ollama-1  | 	top_k = 40, top_p = 0.900, min_p = 0.000, xtc_probability = 0.000, xtc_threshold = 0.100, typical_p = 1.000, top_n_sigma = -1.000, temp = 0.000
ollama-1  | 	mirostat = 0, mirostat_lr = 0.100, mirostat_ent = 5.000, adaptive_target = -1.000, adaptive_decay = 0.900
ollama-1  | slot launch_slot_: id  0 | task 1054 | processing task, is_child = 0
ollama-1  | slot   operator(): id  0 | task 1054 | new prompt, n_ctx_slot = 4096, n_keep = 4, task.n_tokens = 421
ollama-1  | slot   operator(): id  0 | task 1054 | cached n_tokens = 328, memory_seq_rm [328, end)
ollama-1  | slot init_sampler: id  0 | task 1054 | init sampler, took 0.03 ms, tokens: text = 421, total = 421
ollama-1  | slot print_timing: id  0 | task 1054 | prompt eval time =     347.46 ms /    93 tokens (    3.74 ms per token,   267.66 tokens per second)
ollama-1  | slot print_timing: id  0 | task 1054 |        eval time =     151.62 ms /     8 tokens (   21.66 ms per token,    46.17 tokens per second)
ollama-1  | slot print_timing: id  0 | task 1054 |       total time =     499.08 ms /   101 tokens
ollama-1  | slot print_timing: id  0 | task 1054 |    graphs reused =        722
ollama-1  | slot      release: id  0 | task 1054 | stop processing: n_tokens = 428, truncated = 0
ollama-1  | srv  update_slots: all slots are idle
ollama-1  | [GIN] 2026/10/07 - 09:14:33 | 200 |  2.646254938s |      172.21.0.4 | POST     "/api/generate"
ollama-1  | srv  server_strea: conv_id= (empty=1)
ollama-1  | slot get_availabl: id  0 | task -1 |  - checking sim = 0.691 (328/475) > 0.100
ollama-1  | slot get_availabl: id  0 | task -1 | selected slot by LCP similarity, f_sim_best = 0.691 (> 0.100 thold), f_keep = 0.766
ollama-1  | slot launch_slot_: id  0 | task -1 | sampler chain: logits -> ?penalties -> ?dry -> ?top-n-sigma -> top-k -> ?typical -> top-p -> ?min-p -> ?xtc -> temp-ext -> dist 
ollama-1  | slot launch_slot_: id  0 | task -1 | sampler params: 
ollama-1  | 	repeat_last_n = 64, repeat_penalty = 1.000, frequency_penalty = 0.000, presence_penalty = 0.000
ollama-1  | 	dry_multiplier = 0.000, dry_base = 1.750, dry_allowed_length = 2, dry_penalty_last_n = 64
ollama-1  | 	top_k = 40, top_p = 0.900, min_p = 0.000, xtc_probability = 0.000, xtc_threshold = 0.100, typical_p = 1.000, top_n_sigma = -1.000, temp = 0.000
ollama-1  | 	mirostat = 0, mirostat_lr = 0.100, mirostat_ent = 5.000, adaptive_target = -1.000, adaptive_decay = 0.900
ollama-1  | slot launch_slot_: id  0 | task 1063 | processing task, is_child = 0
ollama-1  | slot   operator(): id  0 | task 1063 | new prompt, n_ctx_slot = 4096, n_keep = 4, task.n_tokens = 475
ollama-1  | slot   operator(): id  0 | task 1063 | cached n_tokens = 328, memory_seq_rm [328, end)
ollama-1  | slot init_sampler: id  0 | task 1063 | init sampler, took 0.05 ms, tokens: text = 475, total = 475
ollama-1  | slot print_timing: id  0 | task 1063 | prompt eval time =     550.38 ms /   147 tokens (    3.74 ms per token,   267.09 tokens per second)
ollama-1  | slot print_timing: id  0 | task 1063 |        eval time =     151.86 ms /     8 tokens (   21.69 ms per token,    46.10 tokens per second)
ollama-1  | slot print_timing: id  0 | task 1063 |       total time =     702.24 ms /   155 tokens
ollama-1  | slot print_timing: id  0 | task 1063 |    graphs reused =        728
ollama-1  | slot      release: id  0 | task 1063 | stop processing: n_tokens = 482, truncated = 0
ollama-1  | srv  update_slots: all slots are idle
ollama-1  | [GIN] 2026/10/07 - 09:14:34 | 200 |  1.236392045s |      172.21.0.4 | POST     "/api/generate"
ollama-1  | srv  server_strea: conv_id= (empty=1)
ollama-1  | slot get_availabl: id  0 | task -1 |  - checking sim = 0.626 (330/527) > 0.100
ollama-1  | slot get_availabl: id  0 | task -1 | selected slot by LCP similarity, f_sim_best = 0.626 (> 0.100 thold), f_keep = 0.685
ollama-1  | slot launch_slot_: id  0 | task -1 | sampler chain: logits -> ?penalties -> ?dry -> ?top-n-sigma -> top-k -> ?typical -> top-p -> ?min-p -> ?xtc -> temp-ext -> dist 
ollama-1  | slot launch_slot_: id  0 | task -1 | sampler params: 
ollama-1  | 	repeat_last_n = 64, repeat_penalty = 1.000, frequency_penalty = 0.000, presence_penalty = 0.000
ollama-1  | 	dry_multiplier = 0.000, dry_base = 1.750, dry_allowed_length = 2, dry_penalty_last_n = 64
ollama-1  | 	top_k = 40, top_p = 0.900, min_p = 0.000, xtc_probability = 0.000, xtc_threshold = 0.100, typical_p = 1.000, top_n_sigma = -1.000, temp = 0.000
ollama-1  | 	mirostat = 0, mirostat_lr = 0.100, mirostat_ent = 5.000, adaptive_target = -1.000, adaptive_decay = 0.900
ollama-1  | slot launch_slot_: id  0 | task 1072 | processing task, is_child = 0
ollama-1  | slot   operator(): id  0 | task 1072 | new prompt, n_ctx_slot = 4096, n_keep = 4, task.n_tokens = 527
ollama-1  | slot   operator(): id  0 | task 1072 | cached n_tokens = 330, memory_seq_rm [330, end)
ollama-1  | slot init_sampler: id  0 | task 1072 | init sampler, took 0.04 ms, tokens: text = 527, total = 527
ollama-1  | slot print_timing: id  0 | task 1072 | prompt eval time =     729.25 ms /   197 tokens (    3.70 ms per token,   270.14 tokens per second)
ollama-1  | slot print_timing: id  0 | task 1072 |        eval time =     153.50 ms /     8 tokens (   21.93 ms per token,    45.60 tokens per second)
ollama-1  | slot print_timing: id  0 | task 1072 |       total time =     882.75 ms /   205 tokens
ollama-1  | slot print_timing: id  0 | task 1072 |    graphs reused =        734
ollama-1  | slot      release: id  0 | task 1072 | stop processing: n_tokens = 534, truncated = 0
ollama-1  | srv  update_slots: all slots are idle
ollama-1  | [GIN] 2026/10/07 - 09:14:41 | 200 |  887.868631ms |      172.21.0.4 | POST     "/api/generate"
ollama-1  | srv  server_strea: conv_id= (empty=1)
ollama-1  | slot get_availabl: id  0 | task -1 |  - checking sim = 0.475 (328/691) > 0.100
ollama-1  | slot get_availabl: id  0 | task -1 | selected slot by LCP similarity, f_sim_best = 0.475 (> 0.100 thold), f_keep = 0.614
ollama-1  | slot launch_slot_: id  0 | task -1 | sampler chain: logits -> ?penalties -> ?dry -> ?top-n-sigma -> top-k -> ?typical -> top-p -> ?min-p -> ?xtc -> temp-ext -> dist 
ollama-1  | slot launch_slot_: id  0 | task -1 | sampler params: 
ollama-1  | 	repeat_last_n = 64, repeat_penalty = 1.000, frequency_penalty = 0.000, presence_penalty = 0.000
ollama-1  | 	dry_multiplier = 0.000, dry_base = 1.750, dry_allowed_length = 2, dry_penalty_last_n = 64
ollama-1  | 	top_k = 40, top_p = 0.900, min_p = 0.000, xtc_probability = 0.000, xtc_threshold = 0.100, typical_p = 1.000, top_n_sigma = -1.000, temp = 0.000
ollama-1  | 	mirostat = 0, mirostat_lr = 0.100, mirostat_ent = 5.000, adaptive_target = -1.000, adaptive_decay = 0.900
ollama-1  | slot launch_slot_: id  0 | task 1081 | processing task, is_child = 0
ollama-1  | slot   operator(): id  0 | task 1081 | new prompt, n_ctx_slot = 4096, n_keep = 4, task.n_tokens = 691
ollama-1  | slot   operator(): id  0 | task 1081 | cached n_tokens = 328, memory_seq_rm [328, end)
ollama-1  | slot init_sampler: id  0 | task 1081 | init sampler, took 0.06 ms, tokens: text = 691, total = 691
ollama-1  | [GIN] 2026/10/07 - 09:14:43 | 200 |      17.836µs |       127.0.0.1 | HEAD     "/"
ollama-1  | [GIN] 2026/10/07 - 09:14:43 | 200 |    2.164847ms |       127.0.0.1 | GET      "/api/tags"
ollama-1  | slot print_timing: id  0 | task 1081 | prompt eval time =    1341.49 ms /   363 tokens (    3.70 ms per token,   270.59 tokens per second)
ollama-1  | slot print_timing: id  0 | task 1081 |        eval time =     218.55 ms /    10 tokens (   24.28 ms per token,    41.18 tokens per second)
ollama-1  | slot print_timing: id  0 | task 1081 |       total time =    1560.04 ms /   373 tokens
ollama-1  | slot print_timing: id  0 | task 1081 |    graphs reused =        742
ollama-1  | slot      release: id  0 | task 1081 | stop processing: n_tokens = 700, truncated = 0
ollama-1  | srv  update_slots: all slots are idle
ollama-1  | [GIN] 2026/10/07 - 09:14:43 | 200 |  1.566764543s |      172.21.0.4 | POST     "/api/generate"
ollama-1  | srv  server_strea: conv_id= (empty=1)
ollama-1  | slot get_availabl: id  0 | task -1 |  - checking sim = 0.636 (328/516) > 0.100
ollama-1  | slot get_availabl: id  0 | task -1 | selected slot by LCP similarity, f_sim_best = 0.636 (> 0.100 thold), f_keep = 0.469
ollama-1  | srv  get_availabl: updating prompt cache
ollama-1  | srv   prompt_save:  - saving prompt with length 700, total state size = 21.883 MiB (draft: 0.000 MiB)
ollama-1  | srv         alloc:  - prompt is already in the cache, skipping
ollama-1  | srv          load:  - looking for better prompt, base f_keep = 0.469, f_sim = 0.636
ollama-1  | srv          load:    - prompt with length     709, lcp =     328, f_keep = 0.463, f_sim = 0.636
ollama-1  | srv          load:    - prompt with length     700, lcp =     328, f_keep = 0.469, f_sim = 0.636
ollama-1  | srv          load:    - prompt with length     695, lcp =     328, f_keep = 0.472, f_sim = 0.636
ollama-1  | srv          load:    - prompt with length     670, lcp =     328, f_keep = 0.490, f_sim = 0.636
ollama-1  | srv          load:    - prompt with length     730, lcp =     328, f_keep = 0.449, f_sim = 0.636
ollama-1  | srv          load:    - prompt with length     773, lcp =     328, f_keep = 0.424, f_sim = 0.636
ollama-1  | srv          load:    - prompt with length     779, lcp =     328, f_keep = 0.421, f_sim = 0.636
ollama-1  | srv          load:    - prompt with length     677, lcp =     328, f_keep = 0.484, f_sim = 0.636
ollama-1  | srv          load:    - prompt with length     740, lcp =     328, f_keep = 0.443, f_sim = 0.636
ollama-1  | srv          load:    - prompt with length     677, lcp =     328, f_keep = 0.484, f_sim = 0.636
ollama-1  | srv          load:    - prompt with length     738, lcp =     328, f_keep = 0.444, f_sim = 0.636
ollama-1  | srv          load:    - prompt with length     691, lcp =     328, f_keep = 0.475, f_sim = 0.636
ollama-1  | srv          load:    - prompt with length     672, lcp =     328, f_keep = 0.488, f_sim = 0.636
ollama-1  | srv          load:    - prompt with length     738, lcp =     328, f_keep = 0.444, f_sim = 0.636
ollama-1  | srv          load:    - prompt with length     777, lcp =     328, f_keep = 0.422, f_sim = 0.636
ollama-1  | srv          load:    - prompt with length     805, lcp =     328, f_keep = 0.407, f_sim = 0.636
ollama-1  | srv          load:    - prompt with length     730, lcp =     328, f_keep = 0.449, f_sim = 0.636
ollama-1  | srv        update:  - cache state: 17 prompts, 384.554 MiB (limits: 8192.000 MiB, 4096 tokens, 262043 est)
ollama-1  | srv        update:    - prompt 0x2111c2b0:     709 tokens, checkpoints:  0,    22.165 MiB
ollama-1  | srv        update:    - prompt 0x1d133370:     700 tokens, checkpoints:  0,    21.883 MiB
ollama-1  | srv        update:    - prompt 0x1d12e2c0:     695 tokens, checkpoints:  0,    21.727 MiB
ollama-1  | srv        update:    - prompt 0x1d12d8d0:     670 tokens, checkpoints:  0,    20.946 MiB
ollama-1  | srv        update:    - prompt 0x1d708a50:     730 tokens, checkpoints:  0,    22.821 MiB
ollama-1  | srv        update:    - prompt 0x1d12cbe0:     773 tokens, checkpoints:  0,    24.165 MiB
ollama-1  | srv        update:    - prompt 0x1d12ae00:     779 tokens, checkpoints:  0,    24.353 MiB
ollama-1  | srv        update:    - prompt 0x248f0d00:     677 tokens, checkpoints:  0,    21.164 MiB
ollama-1  | srv        update:    - prompt 0x1d736b50:     740 tokens, checkpoints:  0,    23.134 MiB
ollama-1  | srv        update:    - prompt 0x1d6ed0e0:     677 tokens, checkpoints:  0,    21.164 MiB
ollama-1  | srv        update:    - prompt 0x1d724ac0:     738 tokens, checkpoints:  0,    23.071 MiB
ollama-1  | srv        update:    - prompt 0x2111c150:     691 tokens, checkpoints:  0,    21.602 MiB
ollama-1  | srv        update:    - prompt 0x1e79c240:     672 tokens, checkpoints:  0,    21.008 MiB
ollama-1  | srv        update:    - prompt 0x1e7a6190:     738 tokens, checkpoints:  0,    23.071 MiB
ollama-1  | srv        update:    - prompt 0x24d079d0:     777 tokens, checkpoints:  0,    24.291 MiB
ollama-1  | srv        update:    - prompt 0x1d728d30:     805 tokens, checkpoints:  0,    25.166 MiB
ollama-1  | srv        update:    - prompt 0x24240030:     730 tokens, checkpoints:  0,    22.821 MiB
ollama-1  | srv  get_availabl: prompt cache update took 0.09 ms
ollama-1  | slot launch_slot_: id  0 | task -1 | sampler chain: logits -> ?penalties -> ?dry -> ?top-n-sigma -> top-k -> ?typical -> top-p -> ?min-p -> ?xtc -> temp-ext -> dist 
ollama-1  | slot launch_slot_: id  0 | task -1 | sampler params: 
ollama-1  | 	repeat_last_n = 64, repeat_penalty = 1.000, frequency_penalty = 0.000, presence_penalty = 0.000
ollama-1  | 	dry_multiplier = 0.000, dry_base = 1.750, dry_allowed_length = 2, dry_penalty_last_n = 64
ollama-1  | 	top_k = 40, top_p = 0.900, min_p = 0.000, xtc_probability = 0.000, xtc_threshold = 0.100, typical_p = 1.000, top_n_sigma = -1.000, temp = 0.000
ollama-1  | 	mirostat = 0, mirostat_lr = 0.100, mirostat_ent = 5.000, adaptive_target = -1.000, adaptive_decay = 0.900
ollama-1  | slot launch_slot_: id  0 | task 1092 | processing task, is_child = 0
ollama-1  | slot   operator(): id  0 | task 1092 | new prompt, n_ctx_slot = 4096, n_keep = 4, task.n_tokens = 516
ollama-1  | slot   operator(): id  0 | task 1092 | cached n_tokens = 328, memory_seq_rm [328, end)
ollama-1  | slot init_sampler: id  0 | task 1092 | init sampler, took 0.11 ms, tokens: text = 516, total = 516
ollama-1  | slot print_timing: id  0 | task 1092 | prompt eval time =     706.02 ms /   188 tokens (    3.76 ms per token,   266.28 tokens per second)
ollama-1  | slot print_timing: id  0 | task 1092 |        eval time =     156.61 ms /     8 tokens (   22.37 ms per token,    44.70 tokens per second)
ollama-1  | slot print_timing: id  0 | task 1092 |       total time =     862.64 ms /   196 tokens
ollama-1  | slot print_timing: id  0 | task 1092 |    graphs reused =        748
ollama-1  | slot      release: id  0 | task 1092 | stop processing: n_tokens = 523, truncated = 0
ollama-1  | srv  update_slots: all slots are idle
ollama-1  | [GIN] 2026/10/07 - 09:14:44 | 200 |  1.134475649s |      172.21.0.4 | POST     "/api/generate"
ollama-1  | srv  server_strea: conv_id= (empty=1)
ollama-1  | slot get_availabl: id  0 | task -1 |  - checking sim = 0.798 (328/411) > 0.100
ollama-1  | slot get_availabl: id  0 | task -1 | selected slot by LCP similarity, f_sim_best = 0.798 (> 0.100 thold), f_keep = 0.627
ollama-1  | slot launch_slot_: id  0 | task -1 | sampler chain: logits -> ?penalties -> ?dry -> ?top-n-sigma -> top-k -> ?typical -> top-p -> ?min-p -> ?xtc -> temp-ext -> dist 
ollama-1  | slot launch_slot_: id  0 | task -1 | sampler params: 
ollama-1  | 	repeat_last_n = 64, repeat_penalty = 1.000, frequency_penalty = 0.000, presence_penalty = 0.000
ollama-1  | 	dry_multiplier = 0.000, dry_base = 1.750, dry_allowed_length = 2, dry_penalty_last_n = 64
ollama-1  | 	top_k = 40, top_p = 0.900, min_p = 0.000, xtc_probability = 0.000, xtc_threshold = 0.100, typical_p = 1.000, top_n_sigma = -1.000, temp = 0.000
ollama-1  | 	mirostat = 0, mirostat_lr = 0.100, mirostat_ent = 5.000, adaptive_target = -1.000, adaptive_decay = 0.900
ollama-1  | slot launch_slot_: id  0 | task 1101 | processing task, is_child = 0
ollama-1  | slot   operator(): id  0 | task 1101 | new prompt, n_ctx_slot = 4096, n_keep = 4, task.n_tokens = 411
ollama-1  | slot   operator(): id  0 | task 1101 | cached n_tokens = 328, memory_seq_rm [328, end)
ollama-1  | slot init_sampler: id  0 | task 1101 | init sampler, took 0.03 ms, tokens: text = 411, total = 411
ollama-1  | slot print_timing: id  0 | task 1101 | prompt eval time =     327.21 ms /    83 tokens (    3.94 ms per token,   253.66 tokens per second)
ollama-1  | slot print_timing: id  0 | task 1101 |        eval time =     151.61 ms /     8 tokens (   21.66 ms per token,    46.17 tokens per second)
ollama-1  | slot print_timing: id  0 | task 1101 |       total time =     478.82 ms /    91 tokens
ollama-1  | slot print_timing: id  0 | task 1101 |    graphs reused =        754
ollama-1  | slot      release: id  0 | task 1101 | stop processing: n_tokens = 418, truncated = 0
ollama-1  | srv  update_slots: all slots are idle
ollama-1  | [GIN] 2026/10/07 - 09:14:45 | 200 |  603.058916ms |      172.21.0.4 | POST     "/api/generate"
ollama-1  | srv  server_strea: conv_id= (empty=1)
ollama-1  | slot get_availabl: id  0 | task -1 |  - checking sim = 0.777 (328/422) > 0.100
ollama-1  | slot get_availabl: id  0 | task -1 | selected slot by LCP similarity, f_sim_best = 0.777 (> 0.100 thold), f_keep = 0.785
ollama-1  | slot launch_slot_: id  0 | task -1 | sampler chain: logits -> ?penalties -> ?dry -> ?top-n-sigma -> top-k -> ?typical -> top-p -> ?min-p -> ?xtc -> temp-ext -> dist 
ollama-1  | slot launch_slot_: id  0 | task -1 | sampler params: 
ollama-1  | 	repeat_last_n = 64, repeat_penalty = 1.000, frequency_penalty = 0.000, presence_penalty = 0.000
ollama-1  | 	dry_multiplier = 0.000, dry_base = 1.750, dry_allowed_length = 2, dry_penalty_last_n = 64
ollama-1  | 	top_k = 40, top_p = 0.900, min_p = 0.000, xtc_probability = 0.000, xtc_threshold = 0.100, typical_p = 1.000, top_n_sigma = -1.000, temp = 0.000
ollama-1  | 	mirostat = 0, mirostat_lr = 0.100, mirostat_ent = 5.000, adaptive_target = -1.000, adaptive_decay = 0.900
ollama-1  | slot launch_slot_: id  0 | task 1110 | processing task, is_child = 0
ollama-1  | slot   operator(): id  0 | task 1110 | new prompt, n_ctx_slot = 4096, n_keep = 4, task.n_tokens = 422
ollama-1  | slot   operator(): id  0 | task 1110 | cached n_tokens = 328, memory_seq_rm [328, end)
ollama-1  | slot init_sampler: id  0 | task 1110 | init sampler, took 0.03 ms, tokens: text = 422, total = 422
ollama-1  | slot print_timing: id  0 | task 1110 | prompt eval time =     351.76 ms /    94 tokens (    3.74 ms per token,   267.22 tokens per second)
ollama-1  | slot print_timing: id  0 | task 1110 |        eval time =     178.62 ms /     9 tokens (   22.33 ms per token,    44.79 tokens per second)
ollama-1  | slot print_timing: id  0 | task 1110 |       total time =     530.38 ms /   103 tokens
ollama-1  | slot print_timing: id  0 | task 1110 |    graphs reused =        761
ollama-1  | slot      release: id  0 | task 1110 | stop processing: n_tokens = 430, truncated = 0
ollama-1  | srv  update_slots: all slots are idle
ollama-1  | [GIN] 2026/10/07 - 09:14:46 | 200 |  535.223204ms |      172.21.0.4 | POST     "/api/generate"
ollama-1  | [GIN] 2026/10/07 - 09:14:53 | 200 |       14.83µs |       127.0.0.1 | HEAD     "/"
ollama-1  | [GIN] 2026/10/07 - 09:14:53 | 200 |     647.325µs |       127.0.0.1 | GET      "/api/tags"
ollama-1  | srv  server_strea: conv_id= (empty=1)
ollama-1  | slot get_availabl: id  0 | task -1 |  - checking sim = 0.565 (328/581) > 0.100
ollama-1  | slot get_availabl: id  0 | task -1 | selected slot by LCP similarity, f_sim_best = 0.565 (> 0.100 thold), f_keep = 0.763
ollama-1  | slot launch_slot_: id  0 | task -1 | sampler chain: logits -> ?penalties -> ?dry -> ?top-n-sigma -> top-k -> ?typical -> top-p -> ?min-p -> ?xtc -> temp-ext -> dist 
ollama-1  | slot launch_slot_: id  0 | task -1 | sampler params: 
ollama-1  | 	repeat_last_n = 64, repeat_penalty = 1.000, frequency_penalty = 0.000, presence_penalty = 0.000
ollama-1  | 	dry_multiplier = 0.000, dry_base = 1.750, dry_allowed_length = 2, dry_penalty_last_n = 64
ollama-1  | 	top_k = 40, top_p = 0.900, min_p = 0.000, xtc_probability = 0.000, xtc_threshold = 0.100, typical_p = 1.000, top_n_sigma = -1.000, temp = 0.000
ollama-1  | 	mirostat = 0, mirostat_lr = 0.100, mirostat_ent = 5.000, adaptive_target = -1.000, adaptive_decay = 0.900
ollama-1  | slot launch_slot_: id  0 | task 1120 | processing task, is_child = 0
ollama-1  | slot   operator(): id  0 | task 1120 | new prompt, n_ctx_slot = 4096, n_keep = 4, task.n_tokens = 581
ollama-1  | slot   operator(): id  0 | task 1120 | cached n_tokens = 328, memory_seq_rm [328, end)
ollama-1  | slot init_sampler: id  0 | task 1120 | init sampler, took 0.04 ms, tokens: text = 581, total = 581
ollama-1  | slot print_timing: id  0 | task 1120 | prompt eval time =     894.74 ms /   253 tokens (    3.54 ms per token,   282.76 tokens per second)
ollama-1  | slot print_timing: id  0 | task 1120 |        eval time =     164.25 ms /     8 tokens (   23.46 ms per token,    42.62 tokens per second)
ollama-1  | slot print_timing: id  0 | task 1120 |       total time =    1058.99 ms /   261 tokens
ollama-1  | slot print_timing: id  0 | task 1120 |    graphs reused =        767
ollama-1  | slot      release: id  0 | task 1120 | stop processing: n_tokens = 588, truncated = 0
ollama-1  | srv  update_slots: all slots are idle
ollama-1  | [GIN] 2026/10/07 - 09:14:55 | 200 |  1.063764965s |      172.21.0.4 | POST     "/api/generate"
ollama-1  | [GIN] 2026/10/07 - 09:15:03 | 200 |      18.627µs |       127.0.0.1 | HEAD     "/"
ollama-1  | [GIN] 2026/10/07 - 09:15:03 | 200 |    1.346922ms |       127.0.0.1 | GET      "/api/tags"
ollama-1  | srv  server_strea: conv_id= (empty=1)
ollama-1  | slot get_availabl: id  0 | task -1 |  - checking sim = 0.477 (328/687) > 0.100
ollama-1  | slot get_availabl: id  0 | task -1 | selected slot by LCP similarity, f_sim_best = 0.477 (> 0.100 thold), f_keep = 0.558
ollama-1  | slot launch_slot_: id  0 | task -1 | sampler chain: logits -> ?penalties -> ?dry -> ?top-n-sigma -> top-k -> ?typical -> top-p -> ?min-p -> ?xtc -> temp-ext -> dist 
ollama-1  | slot launch_slot_: id  0 | task -1 | sampler params: 
ollama-1  | 	repeat_last_n = 64, repeat_penalty = 1.000, frequency_penalty = 0.000, presence_penalty = 0.000
ollama-1  | 	dry_multiplier = 0.000, dry_base = 1.750, dry_allowed_length = 2, dry_penalty_last_n = 64
ollama-1  | 	top_k = 40, top_p = 0.900, min_p = 0.000, xtc_probability = 0.000, xtc_threshold = 0.100, typical_p = 1.000, top_n_sigma = -1.000, temp = 0.000
ollama-1  | 	mirostat = 0, mirostat_lr = 0.100, mirostat_ent = 5.000, adaptive_target = -1.000, adaptive_decay = 0.900
ollama-1  | slot launch_slot_: id  0 | task 1129 | processing task, is_child = 0
ollama-1  | slot   operator(): id  0 | task 1129 | new prompt, n_ctx_slot = 4096, n_keep = 4, task.n_tokens = 687
ollama-1  | slot   operator(): id  0 | task 1129 | cached n_tokens = 328, memory_seq_rm [328, end)
ollama-1  | slot init_sampler: id  0 | task 1129 | init sampler, took 0.05 ms, tokens: text = 687, total = 687
ollama-1  | slot print_timing: id  0 | task 1129 | prompt eval time =    1304.49 ms /   359 tokens (    3.63 ms per token,   275.20 tokens per second)
ollama-1  | slot print_timing: id  0 | task 1129 |        eval time =     183.25 ms /     9 tokens (   22.91 ms per token,    43.66 tokens per second)
ollama-1  | slot print_timing: id  0 | task 1129 |       total time =    1487.73 ms /   368 tokens
ollama-1  | slot print_timing: id  0 | task 1129 |    graphs reused =        774
ollama-1  | slot      release: id  0 | task 1129 | stop processing: n_tokens = 695, truncated = 0
ollama-1  | srv  update_slots: all slots are idle
ollama-1  | [GIN] 2026/10/07 - 09:15:05 | 200 |  1.493065664s |      172.21.0.4 | POST     "/api/generate"
ollama-1  | srv  server_strea: conv_id= (empty=1)
ollama-1  | slot get_availabl: id  0 | task -1 |  - checking sim = 0.535 (328/613) > 0.100
ollama-1  | slot get_availabl: id  0 | task -1 | selected slot by LCP similarity, f_sim_best = 0.535 (> 0.100 thold), f_keep = 0.472
ollama-1  | srv  get_availabl: updating prompt cache
ollama-1  | srv   prompt_save:  - saving prompt with length 695, total state size = 21.727 MiB (draft: 0.000 MiB)
ollama-1  | srv         alloc:  - prompt is already in the cache, skipping
ollama-1  | srv          load:  - looking for better prompt, base f_keep = 0.472, f_sim = 0.535
ollama-1  | srv          load:    - prompt with length     709, lcp =     328, f_keep = 0.463, f_sim = 0.535
ollama-1  | srv          load:    - prompt with length     700, lcp =     328, f_keep = 0.469, f_sim = 0.535
ollama-1  | srv          load:    - prompt with length     695, lcp =     328, f_keep = 0.472, f_sim = 0.535
ollama-1  | srv          load:    - prompt with length     670, lcp =     328, f_keep = 0.490, f_sim = 0.535
ollama-1  | srv          load:    - prompt with length     730, lcp =     328, f_keep = 0.449, f_sim = 0.535
ollama-1  | srv          load:    - prompt with length     773, lcp =     328, f_keep = 0.424, f_sim = 0.535
ollama-1  | srv          load:    - prompt with length     779, lcp =     328, f_keep = 0.421, f_sim = 0.535
ollama-1  | srv          load:    - prompt with length     677, lcp =     328, f_keep = 0.484, f_sim = 0.535
ollama-1  | srv          load:    - prompt with length     740, lcp =     328, f_keep = 0.443, f_sim = 0.535
ollama-1  | srv          load:    - prompt with length     677, lcp =     328, f_keep = 0.484, f_sim = 0.535
ollama-1  | srv          load:    - prompt with length     738, lcp =     328, f_keep = 0.444, f_sim = 0.535
ollama-1  | srv          load:    - prompt with length     691, lcp =     328, f_keep = 0.475, f_sim = 0.535
ollama-1  | srv          load:    - prompt with length     672, lcp =     328, f_keep = 0.488, f_sim = 0.535
ollama-1  | srv          load:    - prompt with length     738, lcp =     328, f_keep = 0.444, f_sim = 0.535
ollama-1  | srv          load:    - prompt with length     777, lcp =     328, f_keep = 0.422, f_sim = 0.535
ollama-1  | srv          load:    - prompt with length     805, lcp =     328, f_keep = 0.407, f_sim = 0.535
ollama-1  | srv          load:    - prompt with length     730, lcp =     328, f_keep = 0.449, f_sim = 0.535
ollama-1  | srv        update:  - cache state: 17 prompts, 384.554 MiB (limits: 8192.000 MiB, 4096 tokens, 262043 est)
ollama-1  | srv        update:    - prompt 0x2111c2b0:     709 tokens, checkpoints:  0,    22.165 MiB
ollama-1  | srv        update:    - prompt 0x1d133370:     700 tokens, checkpoints:  0,    21.883 MiB
ollama-1  | srv        update:    - prompt 0x1d12e2c0:     695 tokens, checkpoints:  0,    21.727 MiB
ollama-1  | srv        update:    - prompt 0x1d12d8d0:     670 tokens, checkpoints:  0,    20.946 MiB
ollama-1  | srv        update:    - prompt 0x1d708a50:     730 tokens, checkpoints:  0,    22.821 MiB
ollama-1  | srv        update:    - prompt 0x1d12cbe0:     773 tokens, checkpoints:  0,    24.165 MiB
ollama-1  | srv        update:    - prompt 0x1d12ae00:     779 tokens, checkpoints:  0,    24.353 MiB
ollama-1  | srv        update:    - prompt 0x248f0d00:     677 tokens, checkpoints:  0,    21.164 MiB
ollama-1  | srv        update:    - prompt 0x1d736b50:     740 tokens, checkpoints:  0,    23.134 MiB
ollama-1  | srv        update:    - prompt 0x1d6ed0e0:     677 tokens, checkpoints:  0,    21.164 MiB
ollama-1  | srv        update:    - prompt 0x1d724ac0:     738 tokens, checkpoints:  0,    23.071 MiB
ollama-1  | srv        update:    - prompt 0x2111c150:     691 tokens, checkpoints:  0,    21.602 MiB
ollama-1  | srv        update:    - prompt 0x1e79c240:     672 tokens, checkpoints:  0,    21.008 MiB
ollama-1  | srv        update:    - prompt 0x1e7a6190:     738 tokens, checkpoints:  0,    23.071 MiB
ollama-1  | srv        update:    - prompt 0x24d079d0:     777 tokens, checkpoints:  0,    24.291 MiB
ollama-1  | srv        update:    - prompt 0x1d728d30:     805 tokens, checkpoints:  0,    25.166 MiB
ollama-1  | srv        update:    - prompt 0x24240030:     730 tokens, checkpoints:  0,    22.821 MiB
ollama-1  | srv  get_availabl: prompt cache update took 0.04 ms
ollama-1  | slot launch_slot_: id  0 | task -1 | sampler chain: logits -> ?penalties -> ?dry -> ?top-n-sigma -> top-k -> ?typical -> top-p -> ?min-p -> ?xtc -> temp-ext -> dist 
ollama-1  | slot launch_slot_: id  0 | task -1 | sampler params: 
ollama-1  | 	repeat_last_n = 64, repeat_penalty = 1.000, frequency_penalty = 0.000, presence_penalty = 0.000
ollama-1  | 	dry_multiplier = 0.000, dry_base = 1.750, dry_allowed_length = 2, dry_penalty_last_n = 64
ollama-1  | 	top_k = 40, top_p = 0.900, min_p = 0.000, xtc_probability = 0.000, xtc_threshold = 0.100, typical_p = 1.000, top_n_sigma = -1.000, temp = 0.000
ollama-1  | 	mirostat = 0, mirostat_lr = 0.100, mirostat_ent = 5.000, adaptive_target = -1.000, adaptive_decay = 0.900
ollama-1  | slot launch_slot_: id  0 | task 1139 | processing task, is_child = 0
ollama-1  | slot   operator(): id  0 | task 1139 | new prompt, n_ctx_slot = 4096, n_keep = 4, task.n_tokens = 613
ollama-1  | slot   operator(): id  0 | task 1139 | cached n_tokens = 328, memory_seq_rm [328, end)
ollama-1  | slot init_sampler: id  0 | task 1139 | init sampler, took 0.05 ms, tokens: text = 613, total = 613
ollama-1  | slot print_timing: id  0 | task 1139 | prompt eval time =    1075.14 ms /   285 tokens (    3.77 ms per token,   265.08 tokens per second)
ollama-1  | slot print_timing: id  0 | task 1139 |        eval time =     145.62 ms /     8 tokens (   20.80 ms per token,    48.07 tokens per second)
ollama-1  | slot print_timing: id  0 | task 1139 |       total time =    1220.76 ms /   293 tokens
ollama-1  | slot print_timing: id  0 | task 1139 |    graphs reused =        780
ollama-1  | slot      release: id  0 | task 1139 | stop processing: n_tokens = 620, truncated = 0
ollama-1  | srv  update_slots: all slots are idle
ollama-1  | [GIN] 2026/10/07 - 09:15:06 | 200 |  2.683474243s |      172.21.0.4 | POST     "/api/generate"
ollama-1  | srv  server_strea: conv_id= (empty=1)
ollama-1  | slot get_availabl: id  0 | task -1 |  - checking sim = 0.705 (328/465) > 0.100
ollama-1  | slot get_availabl: id  0 | task -1 | selected slot by LCP similarity, f_sim_best = 0.705 (> 0.100 thold), f_keep = 0.529
ollama-1  | slot launch_slot_: id  0 | task -1 | sampler chain: logits -> ?penalties -> ?dry -> ?top-n-sigma -> top-k -> ?typical -> top-p -> ?min-p -> ?xtc -> temp-ext -> dist 
ollama-1  | slot launch_slot_: id  0 | task -1 | sampler params: 
ollama-1  | 	repeat_last_n = 64, repeat_penalty = 1.000, frequency_penalty = 0.000, presence_penalty = 0.000
ollama-1  | 	dry_multiplier = 0.000, dry_base = 1.750, dry_allowed_length = 2, dry_penalty_last_n = 64
ollama-1  | 	top_k = 40, top_p = 0.900, min_p = 0.000, xtc_probability = 0.000, xtc_threshold = 0.100, typical_p = 1.000, top_n_sigma = -1.000, temp = 0.000
ollama-1  | 	mirostat = 0, mirostat_lr = 0.100, mirostat_ent = 5.000, adaptive_target = -1.000, adaptive_decay = 0.900
ollama-1  | slot launch_slot_: id  0 | task 1148 | processing task, is_child = 0
ollama-1  | slot   operator(): id  0 | task 1148 | new prompt, n_ctx_slot = 4096, n_keep = 4, task.n_tokens = 465
ollama-1  | slot   operator(): id  0 | task 1148 | cached n_tokens = 328, memory_seq_rm [328, end)
ollama-1  | slot init_sampler: id  0 | task 1148 | init sampler, took 0.04 ms, tokens: text = 465, total = 465
ollama-1  | slot print_timing: id  0 | task 1148 | prompt eval time =     515.02 ms /   137 tokens (    3.76 ms per token,   266.01 tokens per second)
ollama-1  | slot print_timing: id  0 | task 1148 |        eval time =     177.69 ms /     9 tokens (   22.21 ms per token,    45.02 tokens per second)
ollama-1  | slot print_timing: id  0 | task 1148 |       total time =     692.71 ms /   146 tokens
ollama-1  | slot print_timing: id  0 | task 1148 |    graphs reused =        787
ollama-1  | slot      release: id  0 | task 1148 | stop processing: n_tokens = 473, truncated = 0
ollama-1  | srv  update_slots: all slots are idle
ollama-1  | [GIN] 2026/10/07 - 09:15:08 | 200 |  697.376254ms |      172.21.0.4 | POST     "/api/generate"
ollama-1  | srv  server_strea: conv_id= (empty=1)
ollama-1  | slot get_availabl: id  0 | task -1 |  - checking sim = 0.683 (328/480) > 0.100
ollama-1  | slot get_availabl: id  0 | task -1 | selected slot by LCP similarity, f_sim_best = 0.683 (> 0.100 thold), f_keep = 0.693
ollama-1  | slot launch_slot_: id  0 | task -1 | sampler chain: logits -> ?penalties -> ?dry -> ?top-n-sigma -> top-k -> ?typical -> top-p -> ?min-p -> ?xtc -> temp-ext -> dist 
ollama-1  | slot launch_slot_: id  0 | task -1 | sampler params: 
ollama-1  | 	repeat_last_n = 64, repeat_penalty = 1.000, frequency_penalty = 0.000, presence_penalty = 0.000
ollama-1  | 	dry_multiplier = 0.000, dry_base = 1.750, dry_allowed_length = 2, dry_penalty_last_n = 64
ollama-1  | 	top_k = 40, top_p = 0.900, min_p = 0.000, xtc_probability = 0.000, xtc_threshold = 0.100, typical_p = 1.000, top_n_sigma = -1.000, temp = 0.000
ollama-1  | 	mirostat = 0, mirostat_lr = 0.100, mirostat_ent = 5.000, adaptive_target = -1.000, adaptive_decay = 0.900
ollama-1  | slot launch_slot_: id  0 | task 1158 | processing task, is_child = 0
ollama-1  | slot   operator(): id  0 | task 1158 | new prompt, n_ctx_slot = 4096, n_keep = 4, task.n_tokens = 480
ollama-1  | slot   operator(): id  0 | task 1158 | cached n_tokens = 328, memory_seq_rm [328, end)
ollama-1  | slot init_sampler: id  0 | task 1158 | init sampler, took 0.04 ms, tokens: text = 480, total = 480
ollama-1  | slot print_timing: id  0 | task 1158 | prompt eval time =     577.81 ms /   152 tokens (    3.80 ms per token,   263.06 tokens per second)
ollama-1  | slot print_timing: id  0 | task 1158 |        eval time =     178.73 ms /     9 tokens (   22.34 ms per token,    44.76 tokens per second)
ollama-1  | slot print_timing: id  0 | task 1158 |       total time =     756.54 ms /   161 tokens
ollama-1  | slot print_timing: id  0 | task 1158 |    graphs reused =        794
ollama-1  | slot      release: id  0 | task 1158 | stop processing: n_tokens = 488, truncated = 0
ollama-1  | srv  update_slots: all slots are idle
ollama-1  | [GIN] 2026/10/07 - 09:15:10 | 200 |  762.413471ms |      172.21.0.4 | POST     "/api/generate"
ollama-1  | srv  server_strea: conv_id= (empty=1)
ollama-1  | slot get_availabl: id  0 | task -1 |  - checking sim = 0.496 (328/661) > 0.100
ollama-1  | slot get_availabl: id  0 | task -1 | selected slot by LCP similarity, f_sim_best = 0.496 (> 0.100 thold), f_keep = 0.672
ollama-1  | slot launch_slot_: id  0 | task -1 | sampler chain: logits -> ?penalties -> ?dry -> ?top-n-sigma -> top-k -> ?typical -> top-p -> ?min-p -> ?xtc -> temp-ext -> dist 
ollama-1  | slot launch_slot_: id  0 | task -1 | sampler params: 
ollama-1  | 	repeat_last_n = 64, repeat_penalty = 1.000, frequency_penalty = 0.000, presence_penalty = 0.000
ollama-1  | 	dry_multiplier = 0.000, dry_base = 1.750, dry_allowed_length = 2, dry_penalty_last_n = 64
ollama-1  | 	top_k = 40, top_p = 0.900, min_p = 0.000, xtc_probability = 0.000, xtc_threshold = 0.100, typical_p = 1.000, top_n_sigma = -1.000, temp = 0.000
ollama-1  | 	mirostat = 0, mirostat_lr = 0.100, mirostat_ent = 5.000, adaptive_target = -1.000, adaptive_decay = 0.900
ollama-1  | slot launch_slot_: id  0 | task 1168 | processing task, is_child = 0
ollama-1  | slot   operator(): id  0 | task 1168 | new prompt, n_ctx_slot = 4096, n_keep = 4, task.n_tokens = 661
ollama-1  | slot   operator(): id  0 | task 1168 | cached n_tokens = 328, memory_seq_rm [328, end)
ollama-1  | slot init_sampler: id  0 | task 1168 | init sampler, took 0.06 ms, tokens: text = 661, total = 661
ollama-1  | [GIN] 2026/10/07 - 09:15:13 | 200 |      26.953µs |       127.0.0.1 | HEAD     "/"
ollama-1  | [GIN] 2026/10/07 - 09:15:13 | 200 |    3.698573ms |       127.0.0.1 | GET      "/api/tags"
ollama-1  | slot print_timing: id  0 | task 1168 | prompt eval time =    1252.38 ms /   333 tokens (    3.76 ms per token,   265.89 tokens per second)
ollama-1  | slot print_timing: id  0 | task 1168 |        eval time =     202.92 ms /    10 tokens (   22.55 ms per token,    44.35 tokens per second)
ollama-1  | slot print_timing: id  0 | task 1168 |       total time =    1455.29 ms /   343 tokens
ollama-1  | slot print_timing: id  0 | task 1168 |    graphs reused =        802
ollama-1  | slot      release: id  0 | task 1168 | stop processing: n_tokens = 670, truncated = 0
ollama-1  | srv  update_slots: all slots are idle
ollama-1  | [GIN] 2026/10/07 - 09:15:13 | 200 |  1.461091229s |      172.21.0.4 | POST     "/api/generate"
ollama-1  | srv  server_strea: conv_id= (empty=1)
ollama-1  | slot get_availabl: id  0 | task -1 |  - checking sim = 0.689 (328/476) > 0.100
ollama-1  | slot get_availabl: id  0 | task -1 | selected slot by LCP similarity, f_sim_best = 0.689 (> 0.100 thold), f_keep = 0.490
ollama-1  | srv  get_availabl: updating prompt cache
ollama-1  | srv   prompt_save:  - saving prompt with length 670, total state size = 20.946 MiB (draft: 0.000 MiB)
ollama-1  | srv         alloc:  - prompt is already in the cache, skipping
ollama-1  | srv          load:  - looking for better prompt, base f_keep = 0.490, f_sim = 0.689
ollama-1  | srv          load:    - prompt with length     709, lcp =     328, f_keep = 0.463, f_sim = 0.689
ollama-1  | srv          load:    - prompt with length     700, lcp =     328, f_keep = 0.469, f_sim = 0.689
ollama-1  | srv          load:    - prompt with length     695, lcp =     328, f_keep = 0.472, f_sim = 0.689
ollama-1  | srv          load:    - prompt with length     670, lcp =     328, f_keep = 0.490, f_sim = 0.689
ollama-1  | srv          load:    - prompt with length     730, lcp =     328, f_keep = 0.449, f_sim = 0.689
ollama-1  | srv          load:    - prompt with length     773, lcp =     329, f_keep = 0.426, f_sim = 0.691
ollama-1  | srv          load:    - prompt with length     779, lcp =     328, f_keep = 0.421, f_sim = 0.689
ollama-1  | srv          load:    - prompt with length     677, lcp =     329, f_keep = 0.486, f_sim = 0.691
ollama-1  | srv          load:    - prompt with length     740, lcp =     328, f_keep = 0.443, f_sim = 0.689
ollama-1  | srv          load:    - prompt with length     677, lcp =     329, f_keep = 0.486, f_sim = 0.691
ollama-1  | srv          load:    - prompt with length     738, lcp =     330, f_keep = 0.447, f_sim = 0.693
ollama-1  | srv          load:    - prompt with length     691, lcp =     330, f_keep = 0.478, f_sim = 0.693
ollama-1  | srv          load:    - prompt with length     672, lcp =     329, f_keep = 0.490, f_sim = 0.691
ollama-1  | srv          load:    - prompt with length     738, lcp =     328, f_keep = 0.444, f_sim = 0.689
ollama-1  | srv          load:    - prompt with length     777, lcp =     329, f_keep = 0.423, f_sim = 0.691
ollama-1  | srv          load:    - prompt with length     805, lcp =     328, f_keep = 0.407, f_sim = 0.689
ollama-1  | srv          load:    - prompt with length     730, lcp =     329, f_keep = 0.451, f_sim = 0.691
ollama-1  | srv          load:  - found better prompt with f_keep = 0.490, f_sim = 0.691
ollama-1  | srv        update:  - cache state: 16 prompts, 363.546 MiB (limits: 8192.000 MiB, 4096 tokens, 262043 est)
ollama-1  | srv        update:    - prompt 0x2111c2b0:     709 tokens, checkpoints:  0,    22.165 MiB
ollama-1  | srv        update:    - prompt 0x1d133370:     700 tokens, checkpoints:  0,    21.883 MiB
ollama-1  | srv        update:    - prompt 0x1d12e2c0:     695 tokens, checkpoints:  0,    21.727 MiB
ollama-1  | srv        update:    - prompt 0x1d12d8d0:     670 tokens, checkpoints:  0,    20.946 MiB
ollama-1  | srv        update:    - prompt 0x1d708a50:     730 tokens, checkpoints:  0,    22.821 MiB
ollama-1  | srv        update:    - prompt 0x1d12cbe0:     773 tokens, checkpoints:  0,    24.165 MiB
ollama-1  | srv        update:    - prompt 0x1d12ae00:     779 tokens, checkpoints:  0,    24.353 MiB
ollama-1  | srv        update:    - prompt 0x248f0d00:     677 tokens, checkpoints:  0,    21.164 MiB
ollama-1  | srv        update:    - prompt 0x1d736b50:     740 tokens, checkpoints:  0,    23.134 MiB
ollama-1  | srv        update:    - prompt 0x1d6ed0e0:     677 tokens, checkpoints:  0,    21.164 MiB
ollama-1  | srv        update:    - prompt 0x1d724ac0:     738 tokens, checkpoints:  0,    23.071 MiB
ollama-1  | srv        update:    - prompt 0x2111c150:     691 tokens, checkpoints:  0,    21.602 MiB
ollama-1  | srv        update:    - prompt 0x1e7a6190:     738 tokens, checkpoints:  0,    23.071 MiB
ollama-1  | srv        update:    - prompt 0x24d079d0:     777 tokens, checkpoints:  0,    24.291 MiB
ollama-1  | srv        update:    - prompt 0x1d728d30:     805 tokens, checkpoints:  0,    25.166 MiB
ollama-1  | srv        update:    - prompt 0x24240030:     730 tokens, checkpoints:  0,    22.821 MiB
ollama-1  | srv  get_availabl: prompt cache update took 3.69 ms
ollama-1  | slot launch_slot_: id  0 | task -1 | sampler chain: logits -> ?penalties -> ?dry -> ?top-n-sigma -> top-k -> ?typical -> top-p -> ?min-p -> ?xtc -> temp-ext -> dist 
ollama-1  | slot launch_slot_: id  0 | task -1 | sampler params: 
ollama-1  | 	repeat_last_n = 64, repeat_penalty = 1.000, frequency_penalty = 0.000, presence_penalty = 0.000
ollama-1  | 	dry_multiplier = 0.000, dry_base = 1.750, dry_allowed_length = 2, dry_penalty_last_n = 64
ollama-1  | 	top_k = 40, top_p = 0.900, min_p = 0.000, xtc_probability = 0.000, xtc_threshold = 0.100, typical_p = 1.000, top_n_sigma = -1.000, temp = 0.000
ollama-1  | 	mirostat = 0, mirostat_lr = 0.100, mirostat_ent = 5.000, adaptive_target = -1.000, adaptive_decay = 0.900
ollama-1  | slot launch_slot_: id  0 | task 1179 | processing task, is_child = 0
ollama-1  | slot   operator(): id  0 | task 1179 | new prompt, n_ctx_slot = 4096, n_keep = 4, task.n_tokens = 476
ollama-1  | slot   operator(): id  0 | task 1179 | cached n_tokens = 329, memory_seq_rm [329, end)
ollama-1  | slot init_sampler: id  0 | task 1179 | init sampler, took 0.04 ms, tokens: text = 476, total = 476
ollama-1  | slot print_timing: id  0 | task 1179 | prompt eval time =     567.10 ms /   147 tokens (    3.86 ms per token,   259.21 tokens per second)
ollama-1  | slot print_timing: id  0 | task 1179 |        eval time =     151.43 ms /     8 tokens (   21.63 ms per token,    46.23 tokens per second)
ollama-1  | slot print_timing: id  0 | task 1179 |       total time =     718.53 ms /   155 tokens
ollama-1  | slot print_timing: id  0 | task 1179 |    graphs reused =        808
ollama-1  | slot      release: id  0 | task 1179 | stop processing: n_tokens = 483, truncated = 0
ollama-1  | srv  update_slots: all slots are idle
ollama-1  | [GIN] 2026/10/07 - 09:15:14 | 200 |  1.366327116s |      172.21.0.4 | POST     "/api/generate"
ollama-1  | srv  server_strea: conv_id= (empty=1)
ollama-1  | slot get_availabl: id  0 | task -1 |  - checking sim = 0.454 (328/722) > 0.100
ollama-1  | slot get_availabl: id  0 | task -1 | selected slot by LCP similarity, f_sim_best = 0.454 (> 0.100 thold), f_keep = 0.679
ollama-1  | slot launch_slot_: id  0 | task -1 | sampler chain: logits -> ?penalties -> ?dry -> ?top-n-sigma -> top-k -> ?typical -> top-p -> ?min-p -> ?xtc -> temp-ext -> dist 
ollama-1  | slot launch_slot_: id  0 | task -1 | sampler params: 
ollama-1  | 	repeat_last_n = 64, repeat_penalty = 1.000, frequency_penalty = 0.000, presence_penalty = 0.000
ollama-1  | 	dry_multiplier = 0.000, dry_base = 1.750, dry_allowed_length = 2, dry_penalty_last_n = 64
ollama-1  | 	top_k = 40, top_p = 0.900, min_p = 0.000, xtc_probability = 0.000, xtc_threshold = 0.100, typical_p = 1.000, top_n_sigma = -1.000, temp = 0.000
ollama-1  | 	mirostat = 0, mirostat_lr = 0.100, mirostat_ent = 5.000, adaptive_target = -1.000, adaptive_decay = 0.900
ollama-1  | slot launch_slot_: id  0 | task 1188 | processing task, is_child = 0
ollama-1  | slot   operator(): id  0 | task 1188 | new prompt, n_ctx_slot = 4096, n_keep = 4, task.n_tokens = 722
ollama-1  | slot   operator(): id  0 | task 1188 | cached n_tokens = 328, memory_seq_rm [328, end)
ollama-1  | slot init_sampler: id  0 | task 1188 | init sampler, took 0.06 ms, tokens: text = 722, total = 722
ollama-1  | slot print_timing: id  0 | task 1188 | prompt eval time =    1460.00 ms /   394 tokens (    3.71 ms per token,   269.86 tokens per second)
ollama-1  | slot print_timing: id  0 | task 1188 |        eval time =     217.46 ms /     9 tokens (   27.18 ms per token,    36.79 tokens per second)
ollama-1  | slot print_timing: id  0 | task 1188 |       total time =    1677.46 ms /   403 tokens
ollama-1  | slot print_timing: id  0 | task 1188 |    graphs reused =        815
ollama-1  | slot      release: id  0 | task 1188 | stop processing: n_tokens = 730, truncated = 0
ollama-1  | srv  update_slots: all slots are idle
ollama-1  | [GIN] 2026/10/07 - 09:15:19 | 200 |  1.683715923s |      172.21.0.4 | POST     "/api/generate"
ollama-1  | srv  server_strea: conv_id= (empty=1)
ollama-1  | slot get_availabl: id  0 | task -1 |  - checking sim = 0.783 (328/419) > 0.100
ollama-1  | slot get_availabl: id  0 | task -1 | selected slot by LCP similarity, f_sim_best = 0.783 (> 0.100 thold), f_keep = 0.449
ollama-1  | srv  get_availabl: updating prompt cache
ollama-1  | srv   prompt_save:  - saving prompt with length 730, total state size = 22.821 MiB (draft: 0.000 MiB)
ollama-1  | srv         alloc:  - prompt is already in the cache, skipping
ollama-1  | srv          load:  - looking for better prompt, base f_keep = 0.449, f_sim = 0.783
ollama-1  | srv          load:    - prompt with length     709, lcp =     328, f_keep = 0.463, f_sim = 0.783
ollama-1  | srv          load:    - prompt with length     700, lcp =     328, f_keep = 0.469, f_sim = 0.783
ollama-1  | srv          load:    - prompt with length     695, lcp =     328, f_keep = 0.472, f_sim = 0.783
ollama-1  | srv          load:    - prompt with length     670, lcp =     328, f_keep = 0.490, f_sim = 0.783
ollama-1  | srv          load:    - prompt with length     730, lcp =     328, f_keep = 0.449, f_sim = 0.783
ollama-1  | srv          load:    - prompt with length     773, lcp =     328, f_keep = 0.424, f_sim = 0.783
ollama-1  | srv          load:    - prompt with length     779, lcp =     328, f_keep = 0.421, f_sim = 0.783
ollama-1  | srv          load:    - prompt with length     677, lcp =     328, f_keep = 0.484, f_sim = 0.783
ollama-1  | srv          load:    - prompt with length     740, lcp =     328, f_keep = 0.443, f_sim = 0.783
ollama-1  | srv          load:    - prompt with length     677, lcp =     328, f_keep = 0.484, f_sim = 0.783
ollama-1  | srv          load:    - prompt with length     738, lcp =     328, f_keep = 0.444, f_sim = 0.783
ollama-1  | srv          load:    - prompt with length     691, lcp =     328, f_keep = 0.475, f_sim = 0.783
ollama-1  | srv          load:    - prompt with length     738, lcp =     328, f_keep = 0.444, f_sim = 0.783
ollama-1  | srv          load:    - prompt with length     777, lcp =     328, f_keep = 0.422, f_sim = 0.783
ollama-1  | srv          load:    - prompt with length     805, lcp =     328, f_keep = 0.407, f_sim = 0.783
ollama-1  | srv          load:    - prompt with length     730, lcp =     328, f_keep = 0.449, f_sim = 0.783
ollama-1  | srv        update:  - cache state: 16 prompts, 363.546 MiB (limits: 8192.000 MiB, 4096 tokens, 262043 est)
ollama-1  | srv        update:    - prompt 0x2111c2b0:     709 tokens, checkpoints:  0,    22.165 MiB
ollama-1  | srv        update:    - prompt 0x1d133370:     700 tokens, checkpoints:  0,    21.883 MiB
ollama-1  | srv        update:    - prompt 0x1d12e2c0:     695 tokens, checkpoints:  0,    21.727 MiB
ollama-1  | srv        update:    - prompt 0x1d12d8d0:     670 tokens, checkpoints:  0,    20.946 MiB
ollama-1  | srv        update:    - prompt 0x1d708a50:     730 tokens, checkpoints:  0,    22.821 MiB
ollama-1  | srv        update:    - prompt 0x1d12cbe0:     773 tokens, checkpoints:  0,    24.165 MiB
ollama-1  | srv        update:    - prompt 0x1d12ae00:     779 tokens, checkpoints:  0,    24.353 MiB
ollama-1  | srv        update:    - prompt 0x248f0d00:     677 tokens, checkpoints:  0,    21.164 MiB
ollama-1  | srv        update:    - prompt 0x1d736b50:     740 tokens, checkpoints:  0,    23.134 MiB
ollama-1  | srv        update:    - prompt 0x1d6ed0e0:     677 tokens, checkpoints:  0,    21.164 MiB
ollama-1  | srv        update:    - prompt 0x1d724ac0:     738 tokens, checkpoints:  0,    23.071 MiB
ollama-1  | srv        update:    - prompt 0x2111c150:     691 tokens, checkpoints:  0,    21.602 MiB
ollama-1  | srv        update:    - prompt 0x1e7a6190:     738 tokens, checkpoints:  0,    23.071 MiB
ollama-1  | srv        update:    - prompt 0x24d079d0:     777 tokens, checkpoints:  0,    24.291 MiB
ollama-1  | srv        update:    - prompt 0x1d728d30:     805 tokens, checkpoints:  0,    25.166 MiB
ollama-1  | srv        update:    - prompt 0x24240030:     730 tokens, checkpoints:  0,    22.821 MiB
ollama-1  | srv  get_availabl: prompt cache update took 0.13 ms
ollama-1  | slot launch_slot_: id  0 | task -1 | sampler chain: logits -> ?penalties -> ?dry -> ?top-n-sigma -> top-k -> ?typical -> top-p -> ?min-p -> ?xtc -> temp-ext -> dist 
ollama-1  | slot launch_slot_: id  0 | task -1 | sampler params: 
ollama-1  | 	repeat_last_n = 64, repeat_penalty = 1.000, frequency_penalty = 0.000, presence_penalty = 0.000
ollama-1  | 	dry_multiplier = 0.000, dry_base = 1.750, dry_allowed_length = 2, dry_penalty_last_n = 64
ollama-1  | 	top_k = 40, top_p = 0.900, min_p = 0.000, xtc_probability = 0.000, xtc_threshold = 0.100, typical_p = 1.000, top_n_sigma = -1.000, temp = 0.000
ollama-1  | 	mirostat = 0, mirostat_lr = 0.100, mirostat_ent = 5.000, adaptive_target = -1.000, adaptive_decay = 0.900
ollama-1  | slot launch_slot_: id  0 | task 1198 | processing task, is_child = 0
ollama-1  | slot   operator(): id  0 | task 1198 | new prompt, n_ctx_slot = 4096, n_keep = 4, task.n_tokens = 419
ollama-1  | slot   operator(): id  0 | task 1198 | cached n_tokens = 328, memory_seq_rm [328, end)
ollama-1  | slot init_sampler: id  0 | task 1198 | init sampler, took 0.05 ms, tokens: text = 419, total = 419
ollama-1  | slot print_timing: id  0 | task 1198 | prompt eval time =     341.19 ms /    91 tokens (    3.75 ms per token,   266.72 tokens per second)
ollama-1  | slot print_timing: id  0 | task 1198 |        eval time =     178.98 ms /     9 tokens (   22.37 ms per token,    44.70 tokens per second)
ollama-1  | slot print_timing: id  0 | task 1198 |       total time =     520.17 ms /   100 tokens
ollama-1  | slot print_timing: id  0 | task 1198 |    graphs reused =        822
ollama-1  | slot      release: id  0 | task 1198 | stop processing: n_tokens = 427, truncated = 0
ollama-1  | srv  update_slots: all slots are idle
ollama-1  | [GIN] 2026/10/07 - 09:15:19 | 200 |  1.184543603s |      172.21.0.4 | POST     "/api/generate"
ollama-1  | srv  server_strea: conv_id= (empty=1)
ollama-1  | slot get_availabl: id  0 | task -1 |  - checking sim = 0.648 (328/506) > 0.100
ollama-1  | slot get_availabl: id  0 | task -1 | selected slot by LCP similarity, f_sim_best = 0.648 (> 0.100 thold), f_keep = 0.768
ollama-1  | slot launch_slot_: id  0 | task -1 | sampler chain: logits -> ?penalties -> ?dry -> ?top-n-sigma -> top-k -> ?typical -> top-p -> ?min-p -> ?xtc -> temp-ext -> dist 
ollama-1  | slot launch_slot_: id  0 | task -1 | sampler params: 
ollama-1  | 	repeat_last_n = 64, repeat_penalty = 1.000, frequency_penalty = 0.000, presence_penalty = 0.000
ollama-1  | 	dry_multiplier = 0.000, dry_base = 1.750, dry_allowed_length = 2, dry_penalty_last_n = 64
ollama-1  | 	top_k = 40, top_p = 0.900, min_p = 0.000, xtc_probability = 0.000, xtc_threshold = 0.100, typical_p = 1.000, top_n_sigma = -1.000, temp = 0.000
ollama-1  | 	mirostat = 0, mirostat_lr = 0.100, mirostat_ent = 5.000, adaptive_target = -1.000, adaptive_decay = 0.900
ollama-1  | slot launch_slot_: id  0 | task 1208 | processing task, is_child = 0
ollama-1  | slot   operator(): id  0 | task 1208 | new prompt, n_ctx_slot = 4096, n_keep = 4, task.n_tokens = 506
ollama-1  | slot   operator(): id  0 | task 1208 | cached n_tokens = 328, memory_seq_rm [328, end)
ollama-1  | slot init_sampler: id  0 | task 1208 | init sampler, took 0.04 ms, tokens: text = 506, total = 506
ollama-1  | slot print_timing: id  0 | task 1208 | prompt eval time =     659.54 ms /   178 tokens (    3.71 ms per token,   269.89 tokens per second)
ollama-1  | slot print_timing: id  0 | task 1208 |        eval time =     162.66 ms /     8 tokens (   23.24 ms per token,    43.04 tokens per second)
ollama-1  | slot print_timing: id  0 | task 1208 |       total time =     822.20 ms /   186 tokens
ollama-1  | slot print_timing: id  0 | task 1208 |    graphs reused =        827
ollama-1  | slot      release: id  0 | task 1208 | stop processing: n_tokens = 513, truncated = 0
ollama-1  | srv  update_slots: all slots are idle
ollama-1  | [GIN] 2026/10/07 - 09:15:23 | 200 |  827.344854ms |      172.21.0.4 | POST     "/api/generate"
ollama-1  | [GIN] 2026/10/07 - 09:15:23 | 200 |      20.566µs |       127.0.0.1 | HEAD     "/"
ollama-1  | [GIN] 2026/10/07 - 09:15:23 | 200 |     884.026µs |       127.0.0.1 | GET      "/api/tags"
ollama-1  | srv  server_strea: conv_id= (empty=1)
ollama-1  | slot get_availabl: id  0 | task -1 |  - checking sim = 0.659 (328/498) > 0.100
ollama-1  | slot get_availabl: id  0 | task -1 | selected slot by LCP similarity, f_sim_best = 0.659 (> 0.100 thold), f_keep = 0.639
ollama-1  | slot launch_slot_: id  0 | task -1 | sampler chain: logits -> ?penalties -> ?dry -> ?top-n-sigma -> top-k -> ?typical -> top-p -> ?min-p -> ?xtc -> temp-ext -> dist 
ollama-1  | slot launch_slot_: id  0 | task -1 | sampler params: 
ollama-1  | 	repeat_last_n = 64, repeat_penalty = 1.000, frequency_penalty = 0.000, presence_penalty = 0.000
ollama-1  | 	dry_multiplier = 0.000, dry_base = 1.750, dry_allowed_length = 2, dry_penalty_last_n = 64
ollama-1  | 	top_k = 40, top_p = 0.900, min_p = 0.000, xtc_probability = 0.000, xtc_threshold = 0.100, typical_p = 1.000, top_n_sigma = -1.000, temp = 0.000
ollama-1  | 	mirostat = 0, mirostat_lr = 0.100, mirostat_ent = 5.000, adaptive_target = -1.000, adaptive_decay = 0.900
ollama-1  | slot launch_slot_: id  0 | task 1217 | processing task, is_child = 0
ollama-1  | slot   operator(): id  0 | task 1217 | new prompt, n_ctx_slot = 4096, n_keep = 4, task.n_tokens = 498
ollama-1  | slot   operator(): id  0 | task 1217 | cached n_tokens = 328, memory_seq_rm [328, end)
ollama-1  | slot init_sampler: id  0 | task 1217 | init sampler, took 0.04 ms, tokens: text = 498, total = 498
ollama-1  | slot print_timing: id  0 | task 1217 | prompt eval time =     636.07 ms /   170 tokens (    3.74 ms per token,   267.27 tokens per second)
ollama-1  | slot print_timing: id  0 | task 1217 |        eval time =     186.69 ms /     9 tokens (   23.34 ms per token,    42.85 tokens per second)
ollama-1  | slot print_timing: id  0 | task 1217 |       total time =     822.76 ms /   179 tokens
ollama-1  | slot print_timing: id  0 | task 1217 |    graphs reused =        834
ollama-1  | slot      release: id  0 | task 1217 | stop processing: n_tokens = 506, truncated = 0
ollama-1  | srv  update_slots: all slots are idle
ollama-1  | [GIN] 2026/10/07 - 09:15:27 | 200 |  827.917618ms |      172.21.0.4 | POST     "/api/generate"
ollama-1  | srv  server_strea: conv_id= (empty=1)
ollama-1  | slot get_availabl: id  0 | task -1 |  - checking sim = 0.647 (328/507) > 0.100
ollama-1  | slot get_availabl: id  0 | task -1 | selected slot by LCP similarity, f_sim_best = 0.647 (> 0.100 thold), f_keep = 0.648
ollama-1  | slot launch_slot_: id  0 | task -1 | sampler chain: logits -> ?penalties -> ?dry -> ?top-n-sigma -> top-k -> ?typical -> top-p -> ?min-p -> ?xtc -> temp-ext -> dist 
ollama-1  | slot launch_slot_: id  0 | task -1 | sampler params: 
ollama-1  | 	repeat_last_n = 64, repeat_penalty = 1.000, frequency_penalty = 0.000, presence_penalty = 0.000
ollama-1  | 	dry_multiplier = 0.000, dry_base = 1.750, dry_allowed_length = 2, dry_penalty_last_n = 64
ollama-1  | 	top_k = 40, top_p = 0.900, min_p = 0.000, xtc_probability = 0.000, xtc_threshold = 0.100, typical_p = 1.000, top_n_sigma = -1.000, temp = 0.000
ollama-1  | 	mirostat = 0, mirostat_lr = 0.100, mirostat_ent = 5.000, adaptive_target = -1.000, adaptive_decay = 0.900
ollama-1  | slot launch_slot_: id  0 | task 1227 | processing task, is_child = 0
ollama-1  | slot   operator(): id  0 | task 1227 | new prompt, n_ctx_slot = 4096, n_keep = 4, task.n_tokens = 507
ollama-1  | slot   operator(): id  0 | task 1227 | cached n_tokens = 328, memory_seq_rm [328, end)
ollama-1  | slot init_sampler: id  0 | task 1227 | init sampler, took 0.06 ms, tokens: text = 507, total = 507
ollama-1  | slot print_timing: id  0 | task 1227 | prompt eval time =     693.35 ms /   179 tokens (    3.87 ms per token,   258.17 tokens per second)
ollama-1  | slot print_timing: id  0 | task 1227 |        eval time =     177.16 ms /     9 tokens (   22.14 ms per token,    45.16 tokens per second)
ollama-1  | slot print_timing: id  0 | task 1227 |       total time =     870.51 ms /   188 tokens
ollama-1  | slot print_timing: id  0 | task 1227 |    graphs reused =        840
ollama-1  | slot      release: id  0 | task 1227 | stop processing: n_tokens = 515, truncated = 0
ollama-1  | srv  update_slots: all slots are idle
ollama-1  | [GIN] 2026/10/07 - 09:15:28 | 200 |  1.339836545s |      172.21.0.4 | POST     "/api/generate"
ollama-1  | srv  server_strea: conv_id= (empty=1)
ollama-1  | slot get_availabl: id  0 | task -1 |  - checking sim = 0.808 (328/406) > 0.100
ollama-1  | slot get_availabl: id  0 | task -1 | selected slot by LCP similarity, f_sim_best = 0.808 (> 0.100 thold), f_keep = 0.637
ollama-1  | slot launch_slot_: id  0 | task -1 | sampler chain: logits -> ?penalties -> ?dry -> ?top-n-sigma -> top-k -> ?typical -> top-p -> ?min-p -> ?xtc -> temp-ext -> dist 
ollama-1  | slot launch_slot_: id  0 | task -1 | sampler params: 
ollama-1  | 	repeat_last_n = 64, repeat_penalty = 1.000, frequency_penalty = 0.000, presence_penalty = 0.000
ollama-1  | 	dry_multiplier = 0.000, dry_base = 1.750, dry_allowed_length = 2, dry_penalty_last_n = 64
ollama-1  | 	top_k = 40, top_p = 0.900, min_p = 0.000, xtc_probability = 0.000, xtc_threshold = 0.100, typical_p = 1.000, top_n_sigma = -1.000, temp = 0.000
ollama-1  | 	mirostat = 0, mirostat_lr = 0.100, mirostat_ent = 5.000, adaptive_target = -1.000, adaptive_decay = 0.900
ollama-1  | slot launch_slot_: id  0 | task 1237 | processing task, is_child = 0
ollama-1  | slot   operator(): id  0 | task 1237 | new prompt, n_ctx_slot = 4096, n_keep = 4, task.n_tokens = 406
ollama-1  | slot   operator(): id  0 | task 1237 | cached n_tokens = 328, memory_seq_rm [328, end)
ollama-1  | slot init_sampler: id  0 | task 1237 | init sampler, took 0.03 ms, tokens: text = 406, total = 406
ollama-1  | slot print_timing: id  0 | task 1237 | prompt eval time =     292.95 ms /    78 tokens (    3.76 ms per token,   266.25 tokens per second)
ollama-1  | slot print_timing: id  0 | task 1237 |        eval time =     166.73 ms /     8 tokens (   23.82 ms per token,    41.98 tokens per second)
ollama-1  | slot print_timing: id  0 | task 1237 |       total time =     459.68 ms /    86 tokens
ollama-1  | slot print_timing: id  0 | task 1237 |    graphs reused =        846
ollama-1  | slot      release: id  0 | task 1237 | stop processing: n_tokens = 413, truncated = 0
ollama-1  | srv  update_slots: all slots are idle
ollama-1  | [GIN] 2026/10/07 - 09:15:33 | 200 |  464.972962ms |      172.21.0.4 | POST     "/api/generate"
ollama-1  | [GIN] 2026/10/07 - 09:15:33 | 200 |      15.033µs |       127.0.0.1 | HEAD     "/"
ollama-1  | [GIN] 2026/10/07 - 09:15:33 | 200 |     666.021µs |       127.0.0.1 | GET      "/api/tags"
ollama-1  | srv  server_strea: conv_id= (empty=1)
ollama-1  | slot get_availabl: id  0 | task -1 |  - checking sim = 0.505 (329/652) > 0.100
ollama-1  | slot get_availabl: id  0 | task -1 | selected slot by LCP similarity, f_sim_best = 0.505 (> 0.100 thold), f_keep = 0.797
ollama-1  | slot launch_slot_: id  0 | task -1 | sampler chain: logits -> ?penalties -> ?dry -> ?top-n-sigma -> top-k -> ?typical -> top-p -> ?min-p -> ?xtc -> temp-ext -> dist 
ollama-1  | slot launch_slot_: id  0 | task -1 | sampler params: 
ollama-1  | 	repeat_last_n = 64, repeat_penalty = 1.000, frequency_penalty = 0.000, presence_penalty = 0.000
ollama-1  | 	dry_multiplier = 0.000, dry_base = 1.750, dry_allowed_length = 2, dry_penalty_last_n = 64
ollama-1  | 	top_k = 40, top_p = 0.900, min_p = 0.000, xtc_probability = 0.000, xtc_threshold = 0.100, typical_p = 1.000, top_n_sigma = -1.000, temp = 0.000
ollama-1  | 	mirostat = 0, mirostat_lr = 0.100, mirostat_ent = 5.000, adaptive_target = -1.000, adaptive_decay = 0.900
ollama-1  | slot launch_slot_: id  0 | task 1246 | processing task, is_child = 0
ollama-1  | slot   operator(): id  0 | task 1246 | new prompt, n_ctx_slot = 4096, n_keep = 4, task.n_tokens = 652
ollama-1  | slot   operator(): id  0 | task 1246 | cached n_tokens = 329, memory_seq_rm [329, end)
ollama-1  | slot init_sampler: id  0 | task 1246 | init sampler, took 0.05 ms, tokens: text = 652, total = 652
ollama-1  | slot print_timing: id  0 | task 1246 | prompt eval time =    1230.00 ms /   323 tokens (    3.81 ms per token,   262.60 tokens per second)
ollama-1  | slot print_timing: id  0 | task 1246 |        eval time =     158.28 ms /     8 tokens (   22.61 ms per token,    44.23 tokens per second)
ollama-1  | slot print_timing: id  0 | task 1246 |       total time =    1388.28 ms /   331 tokens
ollama-1  | slot print_timing: id  0 | task 1246 |    graphs reused =        852
ollama-1  | slot      release: id  0 | task 1246 | stop processing: n_tokens = 659, truncated = 0
ollama-1  | srv  update_slots: all slots are idle
ollama-1  | [GIN] 2026/10/07 - 09:15:37 | 200 |  1.393812005s |      172.21.0.4 | POST     "/api/generate"
ollama-1  | srv  server_strea: conv_id= (empty=1)
ollama-1  | slot get_availabl: id  0 | task -1 |  - checking sim = 0.548 (328/599) > 0.100
ollama-1  | slot get_availabl: id  0 | task -1 | selected slot by LCP similarity, f_sim_best = 0.548 (> 0.100 thold), f_keep = 0.498
ollama-1  | srv  get_availabl: updating prompt cache
ollama-1  | srv   prompt_save:  - saving prompt with length 659, total state size = 20.602 MiB (draft: 0.000 MiB)
ollama-1  | srv          load:  - looking for better prompt, base f_keep = 0.498, f_sim = 0.548
ollama-1  | srv          load:    - prompt with length     709, lcp =     328, f_keep = 0.463, f_sim = 0.548
ollama-1  | srv          load:    - prompt with length     700, lcp =     329, f_keep = 0.470, f_sim = 0.549
ollama-1  | srv          load:    - prompt with length     695, lcp =     328, f_keep = 0.472, f_sim = 0.548
ollama-1  | srv          load:    - prompt with length     670, lcp =     328, f_keep = 0.490, f_sim = 0.548
ollama-1  | srv          load:    - prompt with length     730, lcp =     328, f_keep = 0.449, f_sim = 0.548
ollama-1  | srv          load:    - prompt with length     773, lcp =     328, f_keep = 0.424, f_sim = 0.548
ollama-1  | srv          load:    - prompt with length     779, lcp =     328, f_keep = 0.421, f_sim = 0.548
ollama-1  | srv          load:    - prompt with length     677, lcp =     328, f_keep = 0.484, f_sim = 0.548
ollama-1  | srv          load:    - prompt with length     740, lcp =     328, f_keep = 0.443, f_sim = 0.548
ollama-1  | srv          load:    - prompt with length     677, lcp =     328, f_keep = 0.484, f_sim = 0.548
ollama-1  | srv          load:    - prompt with length     738, lcp =     328, f_keep = 0.444, f_sim = 0.548
ollama-1  | srv          load:    - prompt with length     691, lcp =     328, f_keep = 0.475, f_sim = 0.548
ollama-1  | srv          load:    - prompt with length     738, lcp =     328, f_keep = 0.444, f_sim = 0.548
ollama-1  | srv          load:    - prompt with length     777, lcp =     328, f_keep = 0.422, f_sim = 0.548
ollama-1  | srv          load:    - prompt with length     805, lcp =     328, f_keep = 0.407, f_sim = 0.548
ollama-1  | srv          load:    - prompt with length     730, lcp =     328, f_keep = 0.449, f_sim = 0.548
ollama-1  | srv          load:    - prompt with length     659, lcp =     328, f_keep = 0.498, f_sim = 0.548
ollama-1  | srv        update:  - cache state: 17 prompts, 384.147 MiB (limits: 8192.000 MiB, 4096 tokens, 262043 est)
ollama-1  | srv        update:    - prompt 0x2111c2b0:     709 tokens, checkpoints:  0,    22.165 MiB
ollama-1  | srv        update:    - prompt 0x1d133370:     700 tokens, checkpoints:  0,    21.883 MiB
ollama-1  | srv        update:    - prompt 0x1d12e2c0:     695 tokens, checkpoints:  0,    21.727 MiB
ollama-1  | srv        update:    - prompt 0x1d12d8d0:     670 tokens, checkpoints:  0,    20.946 MiB
ollama-1  | srv        update:    - prompt 0x1d708a50:     730 tokens, checkpoints:  0,    22.821 MiB
ollama-1  | srv        update:    - prompt 0x1d12cbe0:     773 tokens, checkpoints:  0,    24.165 MiB
ollama-1  | srv        update:    - prompt 0x1d12ae00:     779 tokens, checkpoints:  0,    24.353 MiB
ollama-1  | srv        update:    - prompt 0x248f0d00:     677 tokens, checkpoints:  0,    21.164 MiB
ollama-1  | srv        update:    - prompt 0x1d736b50:     740 tokens, checkpoints:  0,    23.134 MiB
ollama-1  | srv        update:    - prompt 0x1d6ed0e0:     677 tokens, checkpoints:  0,    21.164 MiB
ollama-1  | srv        update:    - prompt 0x1d724ac0:     738 tokens, checkpoints:  0,    23.071 MiB
ollama-1  | srv        update:    - prompt 0x2111c150:     691 tokens, checkpoints:  0,    21.602 MiB
ollama-1  | srv        update:    - prompt 0x1e7a6190:     738 tokens, checkpoints:  0,    23.071 MiB
ollama-1  | srv        update:    - prompt 0x24d079d0:     777 tokens, checkpoints:  0,    24.291 MiB
ollama-1  | srv        update:    - prompt 0x1d728d30:     805 tokens, checkpoints:  0,    25.166 MiB
ollama-1  | srv        update:    - prompt 0x24240030:     730 tokens, checkpoints:  0,    22.821 MiB
ollama-1  | srv        update:    - prompt 0x248d1790:     659 tokens, checkpoints:  0,    20.602 MiB
ollama-1  | srv  get_availabl: prompt cache update took 4.22 ms
ollama-1  | slot launch_slot_: id  0 | task -1 | sampler chain: logits -> ?penalties -> ?dry -> ?top-n-sigma -> top-k -> ?typical -> top-p -> ?min-p -> ?xtc -> temp-ext -> dist 
ollama-1  | slot launch_slot_: id  0 | task -1 | sampler params: 
ollama-1  | 	repeat_last_n = 64, repeat_penalty = 1.000, frequency_penalty = 0.000, presence_penalty = 0.000
ollama-1  | 	dry_multiplier = 0.000, dry_base = 1.750, dry_allowed_length = 2, dry_penalty_last_n = 64
ollama-1  | 	top_k = 40, top_p = 0.900, min_p = 0.000, xtc_probability = 0.000, xtc_threshold = 0.100, typical_p = 1.000, top_n_sigma = -1.000, temp = 0.000
ollama-1  | 	mirostat = 0, mirostat_lr = 0.100, mirostat_ent = 5.000, adaptive_target = -1.000, adaptive_decay = 0.900
ollama-1  | slot launch_slot_: id  0 | task 1255 | processing task, is_child = 0
ollama-1  | slot   operator(): id  0 | task 1255 | new prompt, n_ctx_slot = 4096, n_keep = 4, task.n_tokens = 599
ollama-1  | slot   operator(): id  0 | task 1255 | cached n_tokens = 328, memory_seq_rm [328, end)
ollama-1  | slot init_sampler: id  0 | task 1255 | init sampler, took 0.06 ms, tokens: text = 599, total = 599
ollama-1  | slot print_timing: id  0 | task 1255 | prompt eval time =    1032.77 ms /   271 tokens (    3.81 ms per token,   262.40 tokens per second)
ollama-1  | slot print_timing: id  0 | task 1255 |        eval time =     185.18 ms /     9 tokens (   23.15 ms per token,    43.20 tokens per second)
ollama-1  | slot print_timing: id  0 | task 1255 |       total time =    1217.95 ms /   280 tokens
ollama-1  | slot print_timing: id  0 | task 1255 |    graphs reused =        859
ollama-1  | slot      release: id  0 | task 1255 | stop processing: n_tokens = 607, truncated = 0
ollama-1  | srv  update_slots: all slots are idle
ollama-1  | [GIN] 2026/10/07 - 09:15:39 | 200 |  2.415463916s |      172.21.0.4 | POST     "/api/generate"
ollama-1  | srv  server_strea: conv_id= (empty=1)
ollama-1  | slot get_availabl: id  0 | task -1 |  - checking sim = 0.582 (328/564) > 0.100
ollama-1  | slot get_availabl: id  0 | task -1 | selected slot by LCP similarity, f_sim_best = 0.582 (> 0.100 thold), f_keep = 0.540
ollama-1  | slot launch_slot_: id  0 | task -1 | sampler chain: logits -> ?penalties -> ?dry -> ?top-n-sigma -> top-k -> ?typical -> top-p -> ?min-p -> ?xtc -> temp-ext -> dist 
ollama-1  | slot launch_slot_: id  0 | task -1 | sampler params: 
ollama-1  | 	repeat_last_n = 64, repeat_penalty = 1.000, frequency_penalty = 0.000, presence_penalty = 0.000
ollama-1  | 	dry_multiplier = 0.000, dry_base = 1.750, dry_allowed_length = 2, dry_penalty_last_n = 64
ollama-1  | 	top_k = 40, top_p = 0.900, min_p = 0.000, xtc_probability = 0.000, xtc_threshold = 0.100, typical_p = 1.000, top_n_sigma = -1.000, temp = 0.000
ollama-1  | 	mirostat = 0, mirostat_lr = 0.100, mirostat_ent = 5.000, adaptive_target = -1.000, adaptive_decay = 0.900
ollama-1  | slot launch_slot_: id  0 | task 1265 | processing task, is_child = 0
ollama-1  | slot   operator(): id  0 | task 1265 | new prompt, n_ctx_slot = 4096, n_keep = 4, task.n_tokens = 564
ollama-1  | slot   operator(): id  0 | task 1265 | cached n_tokens = 328, memory_seq_rm [328, end)
ollama-1  | slot init_sampler: id  0 | task 1265 | init sampler, took 0.04 ms, tokens: text = 564, total = 564
ollama-1  | slot print_timing: id  0 | task 1265 | prompt eval time =     896.57 ms /   236 tokens (    3.80 ms per token,   263.22 tokens per second)
ollama-1  | slot print_timing: id  0 | task 1265 |        eval time =     162.33 ms /     8 tokens (   23.19 ms per token,    43.12 tokens per second)
ollama-1  | slot print_timing: id  0 | task 1265 |       total time =    1058.90 ms /   244 tokens
ollama-1  | slot print_timing: id  0 | task 1265 |    graphs reused =        865
ollama-1  | slot      release: id  0 | task 1265 | stop processing: n_tokens = 571, truncated = 0
ollama-1  | srv  update_slots: all slots are idle
ollama-1  | [GIN] 2026/10/07 - 09:15:42 | 200 |  1.063893145s |      172.21.0.4 | POST     "/api/generate"
ollama-1  | srv  server_strea: conv_id= (empty=1)
ollama-1  | slot get_availabl: id  0 | task -1 |  - checking sim = 0.775 (328/423) > 0.100
ollama-1  | slot get_availabl: id  0 | task -1 | selected slot by LCP similarity, f_sim_best = 0.775 (> 0.100 thold), f_keep = 0.574
ollama-1  | slot launch_slot_: id  0 | task -1 | sampler chain: logits -> ?penalties -> ?dry -> ?top-n-sigma -> top-k -> ?typical -> top-p -> ?min-p -> ?xtc -> temp-ext -> dist 
ollama-1  | slot launch_slot_: id  0 | task -1 | sampler params: 
ollama-1  | 	repeat_last_n = 64, repeat_penalty = 1.000, frequency_penalty = 0.000, presence_penalty = 0.000
ollama-1  | 	dry_multiplier = 0.000, dry_base = 1.750, dry_allowed_length = 2, dry_penalty_last_n = 64
ollama-1  | 	top_k = 40, top_p = 0.900, min_p = 0.000, xtc_probability = 0.000, xtc_threshold = 0.100, typical_p = 1.000, top_n_sigma = -1.000, temp = 0.000
ollama-1  | 	mirostat = 0, mirostat_lr = 0.100, mirostat_ent = 5.000, adaptive_target = -1.000, adaptive_decay = 0.900
ollama-1  | slot launch_slot_: id  0 | task 1274 | processing task, is_child = 0
ollama-1  | slot   operator(): id  0 | task 1274 | new prompt, n_ctx_slot = 4096, n_keep = 4, task.n_tokens = 423
ollama-1  | slot   operator(): id  0 | task 1274 | cached n_tokens = 328, memory_seq_rm [328, end)
ollama-1  | slot init_sampler: id  0 | task 1274 | init sampler, took 0.03 ms, tokens: text = 423, total = 423
ollama-1  | slot print_timing: id  0 | task 1274 | prompt eval time =     361.76 ms /    95 tokens (    3.81 ms per token,   262.61 tokens per second)
ollama-1  | slot print_timing: id  0 | task 1274 |        eval time =     157.63 ms /     8 tokens (   22.52 ms per token,    44.41 tokens per second)
ollama-1  | slot print_timing: id  0 | task 1274 |       total time =     519.39 ms /   103 tokens
ollama-1  | slot print_timing: id  0 | task 1274 |    graphs reused =        871
ollama-1  | slot      release: id  0 | task 1274 | stop processing: n_tokens = 430, truncated = 0
ollama-1  | srv  update_slots: all slots are idle
ollama-1  | [GIN] 2026/10/07 - 09:15:43 | 200 |   525.53668ms |      172.21.0.4 | POST     "/api/generate"
ollama-1  | [GIN] 2026/10/07 - 09:15:43 | 200 |      23.248µs |       127.0.0.1 | HEAD     "/"
ollama-1  | [GIN] 2026/10/07 - 09:15:43 | 200 |     716.693µs |       127.0.0.1 | GET      "/api/tags"
ollama-1  | srv  server_strea: conv_id= (empty=1)
ollama-1  | slot get_availabl: id  0 | task -1 |  - checking sim = 0.674 (328/487) > 0.100
ollama-1  | slot get_availabl: id  0 | task -1 | selected slot by LCP similarity, f_sim_best = 0.674 (> 0.100 thold), f_keep = 0.763
ollama-1  | slot launch_slot_: id  0 | task -1 | sampler chain: logits -> ?penalties -> ?dry -> ?top-n-sigma -> top-k -> ?typical -> top-p -> ?min-p -> ?xtc -> temp-ext -> dist 
ollama-1  | slot launch_slot_: id  0 | task -1 | sampler params: 
ollama-1  | 	repeat_last_n = 64, repeat_penalty = 1.000, frequency_penalty = 0.000, presence_penalty = 0.000
ollama-1  | 	dry_multiplier = 0.000, dry_base = 1.750, dry_allowed_length = 2, dry_penalty_last_n = 64
ollama-1  | 	top_k = 40, top_p = 0.900, min_p = 0.000, xtc_probability = 0.000, xtc_threshold = 0.100, typical_p = 1.000, top_n_sigma = -1.000, temp = 0.000
ollama-1  | 	mirostat = 0, mirostat_lr = 0.100, mirostat_ent = 5.000, adaptive_target = -1.000, adaptive_decay = 0.900
ollama-1  | slot launch_slot_: id  0 | task 1283 | processing task, is_child = 0
ollama-1  | slot   operator(): id  0 | task 1283 | new prompt, n_ctx_slot = 4096, n_keep = 4, task.n_tokens = 487
ollama-1  | slot   operator(): id  0 | task 1283 | cached n_tokens = 328, memory_seq_rm [328, end)
ollama-1  | slot init_sampler: id  0 | task 1283 | init sampler, took 0.04 ms, tokens: text = 487, total = 487
ollama-1  | slot print_timing: id  0 | task 1283 | prompt eval time =     610.70 ms /   159 tokens (    3.84 ms per token,   260.36 tokens per second)
ollama-1  | slot print_timing: id  0 | task 1283 |        eval time =     165.64 ms /     9 tokens (   20.70 ms per token,    48.30 tokens per second)
ollama-1  | slot print_timing: id  0 | task 1283 |       total time =     776.34 ms /   168 tokens
ollama-1  | slot print_timing: id  0 | task 1283 |    graphs reused =        878
ollama-1  | slot      release: id  0 | task 1283 | stop processing: n_tokens = 495, truncated = 0
ollama-1  | srv  update_slots: all slots are idle
ollama-1  | [GIN] 2026/10/07 - 09:15:44 | 200 |  781.251929ms |      172.21.0.4 | POST     "/api/generate"
ollama-1  | srv  server_strea: conv_id= (empty=1)
ollama-1  | slot get_availabl: id  0 | task -1 |  - checking sim = 0.837 (328/392) > 0.100
ollama-1  | slot get_availabl: id  0 | task -1 | selected slot by LCP similarity, f_sim_best = 0.837 (> 0.100 thold), f_keep = 0.663
ollama-1  | slot launch_slot_: id  0 | task -1 | sampler chain: logits -> ?penalties -> ?dry -> ?top-n-sigma -> top-k -> ?typical -> top-p -> ?min-p -> ?xtc -> temp-ext -> dist 
ollama-1  | slot launch_slot_: id  0 | task -1 | sampler params: 
ollama-1  | 	repeat_last_n = 64, repeat_penalty = 1.000, frequency_penalty = 0.000, presence_penalty = 0.000
ollama-1  | 	dry_multiplier = 0.000, dry_base = 1.750, dry_allowed_length = 2, dry_penalty_last_n = 64
ollama-1  | 	top_k = 40, top_p = 0.900, min_p = 0.000, xtc_probability = 0.000, xtc_threshold = 0.100, typical_p = 1.000, top_n_sigma = -1.000, temp = 0.000
ollama-1  | 	mirostat = 0, mirostat_lr = 0.100, mirostat_ent = 5.000, adaptive_target = -1.000, adaptive_decay = 0.900
ollama-1  | slot launch_slot_: id  0 | task 1293 | processing task, is_child = 0
ollama-1  | slot   operator(): id  0 | task 1293 | new prompt, n_ctx_slot = 4096, n_keep = 4, task.n_tokens = 392
ollama-1  | slot   operator(): id  0 | task 1293 | cached n_tokens = 328, memory_seq_rm [328, end)
ollama-1  | slot init_sampler: id  0 | task 1293 | init sampler, took 0.03 ms, tokens: text = 392, total = 392
ollama-1  | slot print_timing: id  0 | task 1293 | prompt eval time =     256.96 ms /    64 tokens (    4.01 ms per token,   249.07 tokens per second)
ollama-1  | slot print_timing: id  0 | task 1293 |        eval time =     152.06 ms /     8 tokens (   21.72 ms per token,    46.03 tokens per second)
ollama-1  | slot print_timing: id  0 | task 1293 |       total time =     409.02 ms /    72 tokens
ollama-1  | slot print_timing: id  0 | task 1293 |    graphs reused =        884
ollama-1  | slot      release: id  0 | task 1293 | stop processing: n_tokens = 399, truncated = 0
ollama-1  | srv  update_slots: all slots are idle
ollama-1  | [GIN] 2026/10/07 - 09:15:45 | 200 |  414.261944ms |      172.21.0.4 | POST     "/api/generate"
ollama-1  | srv  server_strea: conv_id= (empty=1)
ollama-1  | slot get_availabl: id  0 | task -1 |  - checking sim = 0.839 (328/391) > 0.100
ollama-1  | slot get_availabl: id  0 | task -1 | selected slot by LCP similarity, f_sim_best = 0.839 (> 0.100 thold), f_keep = 0.822
ollama-1  | slot launch_slot_: id  0 | task -1 | sampler chain: logits -> ?penalties -> ?dry -> ?top-n-sigma -> top-k -> ?typical -> top-p -> ?min-p -> ?xtc -> temp-ext -> dist 
ollama-1  | slot launch_slot_: id  0 | task -1 | sampler params: 
ollama-1  | 	repeat_last_n = 64, repeat_penalty = 1.000, frequency_penalty = 0.000, presence_penalty = 0.000
ollama-1  | 	dry_multiplier = 0.000, dry_base = 1.750, dry_allowed_length = 2, dry_penalty_last_n = 64
ollama-1  | 	top_k = 40, top_p = 0.900, min_p = 0.000, xtc_probability = 0.000, xtc_threshold = 0.100, typical_p = 1.000, top_n_sigma = -1.000, temp = 0.000
ollama-1  | 	mirostat = 0, mirostat_lr = 0.100, mirostat_ent = 5.000, adaptive_target = -1.000, adaptive_decay = 0.900
ollama-1  | slot launch_slot_: id  0 | task 1302 | processing task, is_child = 0
ollama-1  | slot   operator(): id  0 | task 1302 | new prompt, n_ctx_slot = 4096, n_keep = 4, task.n_tokens = 391
ollama-1  | slot   operator(): id  0 | task 1302 | cached n_tokens = 328, memory_seq_rm [328, end)
ollama-1  | slot init_sampler: id  0 | task 1302 | init sampler, took 0.04 ms, tokens: text = 391, total = 391
ollama-1  | slot print_timing: id  0 | task 1302 | prompt eval time =     261.58 ms /    63 tokens (    4.15 ms per token,   240.85 tokens per second)
ollama-1  | slot print_timing: id  0 | task 1302 |        eval time =     173.08 ms /     8 tokens (   24.73 ms per token,    40.44 tokens per second)
ollama-1  | slot print_timing: id  0 | task 1302 |       total time =     434.66 ms /    71 tokens
ollama-1  | slot print_timing: id  0 | task 1302 |    graphs reused =        890
ollama-1  | slot      release: id  0 | task 1302 | stop processing: n_tokens = 398, truncated = 0
ollama-1  | srv  update_slots: all slots are idle
ollama-1  | [GIN] 2026/10/07 - 09:15:45 | 200 |  642.125251ms |      172.21.0.4 | POST     "/api/generate"
ollama-1  | srv  server_strea: conv_id= (empty=1)
ollama-1  | slot get_availabl: id  0 | task -1 |  - checking sim = 0.731 (328/449) > 0.100
ollama-1  | slot get_availabl: id  0 | task -1 | selected slot by LCP similarity, f_sim_best = 0.731 (> 0.100 thold), f_keep = 0.824
ollama-1  | slot launch_slot_: id  0 | task -1 | sampler chain: logits -> ?penalties -> ?dry -> ?top-n-sigma -> top-k -> ?typical -> top-p -> ?min-p -> ?xtc -> temp-ext -> dist 
ollama-1  | slot launch_slot_: id  0 | task -1 | sampler params: 
ollama-1  | 	repeat_last_n = 64, repeat_penalty = 1.000, frequency_penalty = 0.000, presence_penalty = 0.000
ollama-1  | 	dry_multiplier = 0.000, dry_base = 1.750, dry_allowed_length = 2, dry_penalty_last_n = 64
ollama-1  | 	top_k = 40, top_p = 0.900, min_p = 0.000, xtc_probability = 0.000, xtc_threshold = 0.100, typical_p = 1.000, top_n_sigma = -1.000, temp = 0.000
ollama-1  | 	mirostat = 0, mirostat_lr = 0.100, mirostat_ent = 5.000, adaptive_target = -1.000, adaptive_decay = 0.900
ollama-1  | slot launch_slot_: id  0 | task 1311 | processing task, is_child = 0
ollama-1  | slot   operator(): id  0 | task 1311 | new prompt, n_ctx_slot = 4096, n_keep = 4, task.n_tokens = 449
ollama-1  | slot   operator(): id  0 | task 1311 | cached n_tokens = 328, memory_seq_rm [328, end)
ollama-1  | slot init_sampler: id  0 | task 1311 | init sampler, took 0.04 ms, tokens: text = 449, total = 449
ollama-1  | slot print_timing: id  0 | task 1311 | prompt eval time =     464.07 ms /   121 tokens (    3.84 ms per token,   260.74 tokens per second)
ollama-1  | slot print_timing: id  0 | task 1311 |        eval time =     150.11 ms /     8 tokens (   21.44 ms per token,    46.63 tokens per second)
ollama-1  | slot print_timing: id  0 | task 1311 |       total time =     614.18 ms /   129 tokens
ollama-1  | slot print_timing: id  0 | task 1311 |    graphs reused =        896
ollama-1  | slot      release: id  0 | task 1311 | stop processing: n_tokens = 456, truncated = 0
ollama-1  | srv  update_slots: all slots are idle
ollama-1  | [GIN] 2026/10/07 - 09:15:46 | 200 |  619.969297ms |      172.21.0.4 | POST     "/api/generate"
ollama-1  | srv  server_strea: conv_id= (empty=1)
ollama-1  | slot get_availabl: id  0 | task -1 |  - checking sim = 0.800 (328/410) > 0.100
ollama-1  | slot get_availabl: id  0 | task -1 | selected slot by LCP similarity, f_sim_best = 0.800 (> 0.100 thold), f_keep = 0.719
ollama-1  | slot launch_slot_: id  0 | task -1 | sampler chain: logits -> ?penalties -> ?dry -> ?top-n-sigma -> top-k -> ?typical -> top-p -> ?min-p -> ?xtc -> temp-ext -> dist 
ollama-1  | slot launch_slot_: id  0 | task -1 | sampler params: 
ollama-1  | 	repeat_last_n = 64, repeat_penalty = 1.000, frequency_penalty = 0.000, presence_penalty = 0.000
ollama-1  | 	dry_multiplier = 0.000, dry_base = 1.750, dry_allowed_length = 2, dry_penalty_last_n = 64
ollama-1  | 	top_k = 40, top_p = 0.900, min_p = 0.000, xtc_probability = 0.000, xtc_threshold = 0.100, typical_p = 1.000, top_n_sigma = -1.000, temp = 0.000
ollama-1  | 	mirostat = 0, mirostat_lr = 0.100, mirostat_ent = 5.000, adaptive_target = -1.000, adaptive_decay = 0.900
ollama-1  | slot launch_slot_: id  0 | task 1320 | processing task, is_child = 0
ollama-1  | slot   operator(): id  0 | task 1320 | new prompt, n_ctx_slot = 4096, n_keep = 4, task.n_tokens = 410
ollama-1  | slot   operator(): id  0 | task 1320 | cached n_tokens = 328, memory_seq_rm [328, end)
ollama-1  | slot init_sampler: id  0 | task 1320 | init sampler, took 0.03 ms, tokens: text = 410, total = 410
ollama-1  | slot print_timing: id  0 | task 1320 | prompt eval time =     309.46 ms /    82 tokens (    3.77 ms per token,   264.98 tokens per second)
ollama-1  | slot print_timing: id  0 | task 1320 |        eval time =     204.53 ms /     8 tokens (   29.22 ms per token,    34.22 tokens per second)
ollama-1  | slot print_timing: id  0 | task 1320 |       total time =     513.99 ms /    90 tokens
ollama-1  | slot print_timing: id  0 | task 1320 |    graphs reused =        902
ollama-1  | slot      release: id  0 | task 1320 | stop processing: n_tokens = 417, truncated = 0
ollama-1  | srv  update_slots: all slots are idle
ollama-1  | [GIN] 2026/10/07 - 09:15:51 | 200 |  518.812302ms |      172.21.0.4 | POST     "/api/generate"
ollama-1  | srv  server_strea: conv_id= (empty=1)
ollama-1  | slot get_availabl: id  0 | task -1 |  - checking sim = 0.791 (329/416) > 0.100
ollama-1  | slot get_availabl: id  0 | task -1 | selected slot by LCP similarity, f_sim_best = 0.791 (> 0.100 thold), f_keep = 0.789
ollama-1  | slot launch_slot_: id  0 | task -1 | sampler chain: logits -> ?penalties -> ?dry -> ?top-n-sigma -> top-k -> ?typical -> top-p -> ?min-p -> ?xtc -> temp-ext -> dist 
ollama-1  | slot launch_slot_: id  0 | task -1 | sampler params: 
ollama-1  | 	repeat_last_n = 64, repeat_penalty = 1.000, frequency_penalty = 0.000, presence_penalty = 0.000
ollama-1  | 	dry_multiplier = 0.000, dry_base = 1.750, dry_allowed_length = 2, dry_penalty_last_n = 64
ollama-1  | 	top_k = 40, top_p = 0.900, min_p = 0.000, xtc_probability = 0.000, xtc_threshold = 0.100, typical_p = 1.000, top_n_sigma = -1.000, temp = 0.000
ollama-1  | 	mirostat = 0, mirostat_lr = 0.100, mirostat_ent = 5.000, adaptive_target = -1.000, adaptive_decay = 0.900
ollama-1  | slot launch_slot_: id  0 | task 1329 | processing task, is_child = 0
ollama-1  | slot   operator(): id  0 | task 1329 | new prompt, n_ctx_slot = 4096, n_keep = 4, task.n_tokens = 416
ollama-1  | slot   operator(): id  0 | task 1329 | cached n_tokens = 329, memory_seq_rm [329, end)
ollama-1  | slot init_sampler: id  0 | task 1329 | init sampler, took 0.03 ms, tokens: text = 416, total = 416
ollama-1  | slot print_timing: id  0 | task 1329 | prompt eval time =     336.06 ms /    87 tokens (    3.86 ms per token,   258.88 tokens per second)
ollama-1  | slot print_timing: id  0 | task 1329 |        eval time =     171.01 ms /     9 tokens (   21.38 ms per token,    46.78 tokens per second)
ollama-1  | slot print_timing: id  0 | task 1329 |       total time =     507.07 ms /    96 tokens
ollama-1  | slot print_timing: id  0 | task 1329 |    graphs reused =        909
ollama-1  | slot      release: id  0 | task 1329 | stop processing: n_tokens = 424, truncated = 0
ollama-1  | srv  update_slots: all slots are idle
ollama-1  | [GIN] 2026/10/07 - 09:15:52 | 200 |  512.119495ms |      172.21.0.4 | POST     "/api/generate"
ollama-1  | [GIN] 2026/10/07 - 09:15:53 | 200 |      24.004µs |       127.0.0.1 | HEAD     "/"
ollama-1  | [GIN] 2026/10/07 - 09:15:53 | 200 |     636.939µs |       127.0.0.1 | GET      "/api/tags"
ollama-1  | srv  server_strea: conv_id= (empty=1)
ollama-1  | slot get_availabl: id  0 | task -1 |  - checking sim = 0.754 (328/435) > 0.100
ollama-1  | slot get_availabl: id  0 | task -1 | selected slot by LCP similarity, f_sim_best = 0.754 (> 0.100 thold), f_keep = 0.774
ollama-1  | slot launch_slot_: id  0 | task -1 | sampler chain: logits -> ?penalties -> ?dry -> ?top-n-sigma -> top-k -> ?typical -> top-p -> ?min-p -> ?xtc -> temp-ext -> dist 
ollama-1  | slot launch_slot_: id  0 | task -1 | sampler params: 
ollama-1  | 	repeat_last_n = 64, repeat_penalty = 1.000, frequency_penalty = 0.000, presence_penalty = 0.000
ollama-1  | 	dry_multiplier = 0.000, dry_base = 1.750, dry_allowed_length = 2, dry_penalty_last_n = 64
ollama-1  | 	top_k = 40, top_p = 0.900, min_p = 0.000, xtc_probability = 0.000, xtc_threshold = 0.100, typical_p = 1.000, top_n_sigma = -1.000, temp = 0.000
ollama-1  | 	mirostat = 0, mirostat_lr = 0.100, mirostat_ent = 5.000, adaptive_target = -1.000, adaptive_decay = 0.900
ollama-1  | slot launch_slot_: id  0 | task 1339 | processing task, is_child = 0
ollama-1  | slot   operator(): id  0 | task 1339 | new prompt, n_ctx_slot = 4096, n_keep = 4, task.n_tokens = 435
ollama-1  | slot   operator(): id  0 | task 1339 | cached n_tokens = 328, memory_seq_rm [328, end)
ollama-1  | slot init_sampler: id  0 | task 1339 | init sampler, took 0.03 ms, tokens: text = 435, total = 435
ollama-1  | slot print_timing: id  0 | task 1339 | prompt eval time =     403.18 ms /   107 tokens (    3.77 ms per token,   265.39 tokens per second)
ollama-1  | slot print_timing: id  0 | task 1339 |        eval time =     168.34 ms /     9 tokens (   21.04 ms per token,    47.52 tokens per second)
ollama-1  | slot print_timing: id  0 | task 1339 |       total time =     571.52 ms /   116 tokens
ollama-1  | slot print_timing: id  0 | task 1339 |    graphs reused =        916
ollama-1  | slot      release: id  0 | task 1339 | stop processing: n_tokens = 443, truncated = 0
ollama-1  | srv  update_slots: all slots are idle
ollama-1  | [GIN] 2026/10/07 - 09:16:00 | 200 |  576.495054ms |      172.21.0.4 | POST     "/api/generate"
ollama-1  | srv  server_strea: conv_id= (empty=1)
ollama-1  | slot get_availabl: id  0 | task -1 |  - checking sim = 0.682 (328/481) > 0.100
ollama-1  | slot get_availabl: id  0 | task -1 | selected slot by LCP similarity, f_sim_best = 0.682 (> 0.100 thold), f_keep = 0.740
ollama-1  | slot launch_slot_: id  0 | task -1 | sampler chain: logits -> ?penalties -> ?dry -> ?top-n-sigma -> top-k -> ?typical -> top-p -> ?min-p -> ?xtc -> temp-ext -> dist 
ollama-1  | slot launch_slot_: id  0 | task -1 | sampler params: 
ollama-1  | 	repeat_last_n = 64, repeat_penalty = 1.000, frequency_penalty = 0.000, presence_penalty = 0.000
ollama-1  | 	dry_multiplier = 0.000, dry_base = 1.750, dry_allowed_length = 2, dry_penalty_last_n = 64
ollama-1  | 	top_k = 40, top_p = 0.900, min_p = 0.000, xtc_probability = 0.000, xtc_threshold = 0.100, typical_p = 1.000, top_n_sigma = -1.000, temp = 0.000
ollama-1  | 	mirostat = 0, mirostat_lr = 0.100, mirostat_ent = 5.000, adaptive_target = -1.000, adaptive_decay = 0.900
ollama-1  | slot launch_slot_: id  0 | task 1349 | processing task, is_child = 0
ollama-1  | slot   operator(): id  0 | task 1349 | new prompt, n_ctx_slot = 4096, n_keep = 4, task.n_tokens = 481
ollama-1  | slot   operator(): id  0 | task 1349 | cached n_tokens = 328, memory_seq_rm [328, end)
ollama-1  | slot init_sampler: id  0 | task 1349 | init sampler, took 0.04 ms, tokens: text = 481, total = 481
ollama-1  | slot print_timing: id  0 | task 1349 | prompt eval time =     582.83 ms /   153 tokens (    3.81 ms per token,   262.51 tokens per second)
ollama-1  | slot print_timing: id  0 | task 1349 |        eval time =     175.71 ms /     9 tokens (   21.96 ms per token,    45.53 tokens per second)
ollama-1  | slot print_timing: id  0 | task 1349 |       total time =     758.54 ms /   162 tokens
ollama-1  | slot print_timing: id  0 | task 1349 |    graphs reused =        923
ollama-1  | slot      release: id  0 | task 1349 | stop processing: n_tokens = 489, truncated = 0
ollama-1  | srv  update_slots: all slots are idle
ollama-1  | [GIN] 2026/10/07 - 09:16:02 | 200 |  763.271817ms |      172.21.0.4 | POST     "/api/generate"
ollama-1  | [GIN] 2026/10/07 - 09:16:03 | 200 |      20.214µs |       127.0.0.1 | HEAD     "/"
ollama-1  | [GIN] 2026/10/07 - 09:16:03 | 200 |     663.334µs |       127.0.0.1 | GET      "/api/tags"
ollama-1  | srv  server_strea: conv_id= (empty=1)
ollama-1  | slot get_availabl: id  0 | task -1 |  - checking sim = 0.698 (328/470) > 0.100
ollama-1  | slot get_availabl: id  0 | task -1 | selected slot by LCP similarity, f_sim_best = 0.698 (> 0.100 thold), f_keep = 0.671
ollama-1  | slot launch_slot_: id  0 | task -1 | sampler chain: logits -> ?penalties -> ?dry -> ?top-n-sigma -> top-k -> ?typical -> top-p -> ?min-p -> ?xtc -> temp-ext -> dist 
ollama-1  | slot launch_slot_: id  0 | task -1 | sampler params: 
ollama-1  | 	repeat_last_n = 64, repeat_penalty = 1.000, frequency_penalty = 0.000, presence_penalty = 0.000
ollama-1  | 	dry_multiplier = 0.000, dry_base = 1.750, dry_allowed_length = 2, dry_penalty_last_n = 64
ollama-1  | 	top_k = 40, top_p = 0.900, min_p = 0.000, xtc_probability = 0.000, xtc_threshold = 0.100, typical_p = 1.000, top_n_sigma = -1.000, temp = 0.000
ollama-1  | 	mirostat = 0, mirostat_lr = 0.100, mirostat_ent = 5.000, adaptive_target = -1.000, adaptive_decay = 0.900
ollama-1  | slot launch_slot_: id  0 | task 1359 | processing task, is_child = 0
ollama-1  | slot   operator(): id  0 | task 1359 | new prompt, n_ctx_slot = 4096, n_keep = 4, task.n_tokens = 470
ollama-1  | slot   operator(): id  0 | task 1359 | cached n_tokens = 328, memory_seq_rm [328, end)
ollama-1  | slot init_sampler: id  0 | task 1359 | init sampler, took 0.03 ms, tokens: text = 470, total = 470
ollama-1  | slot print_timing: id  0 | task 1359 | prompt eval time =     537.92 ms /   142 tokens (    3.79 ms per token,   263.98 tokens per second)
ollama-1  | slot print_timing: id  0 | task 1359 |        eval time =     152.60 ms /     8 tokens (   21.80 ms per token,    45.87 tokens per second)
ollama-1  | slot print_timing: id  0 | task 1359 |       total time =     690.52 ms /   150 tokens
ollama-1  | slot print_timing: id  0 | task 1359 |    graphs reused =        929
ollama-1  | slot      release: id  0 | task 1359 | stop processing: n_tokens = 477, truncated = 0
ollama-1  | srv  update_slots: all slots are idle
ollama-1  | [GIN] 2026/10/07 - 09:16:11 | 200 |  695.587834ms |      172.21.0.4 | POST     "/api/generate"
ollama-1  | srv  server_strea: conv_id= (empty=1)
ollama-1  | slot get_availabl: id  0 | task -1 |  - checking sim = 0.428 (328/766) > 0.100
ollama-1  | slot get_availabl: id  0 | task -1 | selected slot by LCP similarity, f_sim_best = 0.428 (> 0.100 thold), f_keep = 0.688
ollama-1  | slot launch_slot_: id  0 | task -1 | sampler chain: logits -> ?penalties -> ?dry -> ?top-n-sigma -> top-k -> ?typical -> top-p -> ?min-p -> ?xtc -> temp-ext -> dist 
ollama-1  | slot launch_slot_: id  0 | task -1 | sampler params: 
ollama-1  | 	repeat_last_n = 64, repeat_penalty = 1.000, frequency_penalty = 0.000, presence_penalty = 0.000
ollama-1  | 	dry_multiplier = 0.000, dry_base = 1.750, dry_allowed_length = 2, dry_penalty_last_n = 64
ollama-1  | 	top_k = 40, top_p = 0.900, min_p = 0.000, xtc_probability = 0.000, xtc_threshold = 0.100, typical_p = 1.000, top_n_sigma = -1.000, temp = 0.000
ollama-1  | 	mirostat = 0, mirostat_lr = 0.100, mirostat_ent = 5.000, adaptive_target = -1.000, adaptive_decay = 0.900
ollama-1  | slot launch_slot_: id  0 | task 1368 | processing task, is_child = 0
ollama-1  | slot   operator(): id  0 | task 1368 | new prompt, n_ctx_slot = 4096, n_keep = 4, task.n_tokens = 766
ollama-1  | slot   operator(): id  0 | task 1368 | cached n_tokens = 328, memory_seq_rm [328, end)
ollama-1  | slot init_sampler: id  0 | task 1368 | init sampler, took 0.06 ms, tokens: text = 766, total = 766
ollama-1  | [GIN] 2026/10/07 - 09:16:13 | 200 |      23.871µs |       127.0.0.1 | HEAD     "/"
ollama-1  | [GIN] 2026/10/07 - 09:16:13 | 200 |      881.31µs |       127.0.0.1 | GET      "/api/tags"
ollama-1  | slot print_timing: id  0 | task 1368 | prompt eval time =    1590.64 ms /   438 tokens (    3.63 ms per token,   275.36 tokens per second)
ollama-1  | slot print_timing: id  0 | task 1368 |        eval time =     159.41 ms /     8 tokens (   22.77 ms per token,    43.91 tokens per second)
ollama-1  | slot print_timing: id  0 | task 1368 |       total time =    1750.05 ms /   446 tokens
ollama-1  | slot print_timing: id  0 | task 1368 |    graphs reused =        934
ollama-1  | slot      release: id  0 | task 1368 | stop processing: n_tokens = 773, truncated = 0
ollama-1  | srv  update_slots: all slots are idle
ollama-1  | [GIN] 2026/10/07 - 09:16:15 | 200 |  1.756577723s |      172.21.0.4 | POST     "/api/generate"
ollama-1  | srv  server_strea: conv_id= (empty=1)
ollama-1  | slot get_availabl: id  0 | task -1 |  - checking sim = 0.804 (329/409) > 0.100
ollama-1  | slot get_availabl: id  0 | task -1 | selected slot by LCP similarity, f_sim_best = 0.804 (> 0.100 thold), f_keep = 0.426
ollama-1  | srv  get_availabl: updating prompt cache
ollama-1  | srv   prompt_save:  - saving prompt with length 773, total state size = 24.165 MiB (draft: 0.000 MiB)
ollama-1  | srv         alloc:  - prompt is already in the cache, skipping
ollama-1  | srv          load:  - looking for better prompt, base f_keep = 0.426, f_sim = 0.804
ollama-1  | srv          load:    - prompt with length     709, lcp =     328, f_keep = 0.463, f_sim = 0.802
ollama-1  | srv          load:    - prompt with length     700, lcp =     328, f_keep = 0.469, f_sim = 0.802
ollama-1  | srv          load:    - prompt with length     695, lcp =     328, f_keep = 0.472, f_sim = 0.802
ollama-1  | srv          load:    - prompt with length     670, lcp =     328, f_keep = 0.490, f_sim = 0.802
ollama-1  | srv          load:    - prompt with length     730, lcp =     328, f_keep = 0.449, f_sim = 0.802
ollama-1  | srv          load:    - prompt with length     773, lcp =     329, f_keep = 0.426, f_sim = 0.804
ollama-1  | srv          load:    - prompt with length     779, lcp =     328, f_keep = 0.421, f_sim = 0.802
ollama-1  | srv          load:    - prompt with length     677, lcp =     329, f_keep = 0.486, f_sim = 0.804
ollama-1  | srv          load:    - prompt with length     740, lcp =     328, f_keep = 0.443, f_sim = 0.802
ollama-1  | srv          load:    - prompt with length     677, lcp =     329, f_keep = 0.486, f_sim = 0.804
ollama-1  | srv          load:    - prompt with length     738, lcp =     330, f_keep = 0.447, f_sim = 0.807
ollama-1  | srv          load:    - prompt with length     691, lcp =     330, f_keep = 0.478, f_sim = 0.807
ollama-1  | srv          load:    - prompt with length     738, lcp =     328, f_keep = 0.444, f_sim = 0.802
ollama-1  | srv          load:    - prompt with length     777, lcp =     329, f_keep = 0.423, f_sim = 0.804
ollama-1  | srv          load:    - prompt with length     805, lcp =     328, f_keep = 0.407, f_sim = 0.802
ollama-1  | srv          load:    - prompt with length     730, lcp =     329, f_keep = 0.451, f_sim = 0.804
ollama-1  | srv          load:    - prompt with length     659, lcp =     329, f_keep = 0.499, f_sim = 0.804
ollama-1  | srv          load:  - found better prompt with f_keep = 0.447, f_sim = 0.807
ollama-1  | srv        update:  - cache state: 16 prompts, 361.076 MiB (limits: 8192.000 MiB, 4096 tokens, 262043 est)
ollama-1  | srv        update:    - prompt 0x2111c2b0:     709 tokens, checkpoints:  0,    22.165 MiB
ollama-1  | srv        update:    - prompt 0x1d133370:     700 tokens, checkpoints:  0,    21.883 MiB
ollama-1  | srv        update:    - prompt 0x1d12e2c0:     695 tokens, checkpoints:  0,    21.727 MiB
ollama-1  | srv        update:    - prompt 0x1d12d8d0:     670 tokens, checkpoints:  0,    20.946 MiB
ollama-1  | srv        update:    - prompt 0x1d708a50:     730 tokens, checkpoints:  0,    22.821 MiB
ollama-1  | srv        update:    - prompt 0x1d12cbe0:     773 tokens, checkpoints:  0,    24.165 MiB
ollama-1  | srv        update:    - prompt 0x1d12ae00:     779 tokens, checkpoints:  0,    24.353 MiB
ollama-1  | srv        update:    - prompt 0x248f0d00:     677 tokens, checkpoints:  0,    21.164 MiB
ollama-1  | srv        update:    - prompt 0x1d736b50:     740 tokens, checkpoints:  0,    23.134 MiB
ollama-1  | srv        update:    - prompt 0x1d6ed0e0:     677 tokens, checkpoints:  0,    21.164 MiB
ollama-1  | srv        update:    - prompt 0x2111c150:     691 tokens, checkpoints:  0,    21.602 MiB
ollama-1  | srv        update:    - prompt 0x1e7a6190:     738 tokens, checkpoints:  0,    23.071 MiB
ollama-1  | srv        update:    - prompt 0x24d079d0:     777 tokens, checkpoints:  0,    24.291 MiB
ollama-1  | srv        update:    - prompt 0x1d728d30:     805 tokens, checkpoints:  0,    25.166 MiB
ollama-1  | srv        update:    - prompt 0x24240030:     730 tokens, checkpoints:  0,    22.821 MiB
ollama-1  | srv        update:    - prompt 0x248d1790:     659 tokens, checkpoints:  0,    20.602 MiB
ollama-1  | srv  get_availabl: prompt cache update took 4.49 ms
ollama-1  | slot launch_slot_: id  0 | task -1 | sampler chain: logits -> ?penalties -> ?dry -> ?top-n-sigma -> top-k -> ?typical -> top-p -> ?min-p -> ?xtc -> temp-ext -> dist 
ollama-1  | slot launch_slot_: id  0 | task -1 | sampler params: 
ollama-1  | 	repeat_last_n = 64, repeat_penalty = 1.000, frequency_penalty = 0.000, presence_penalty = 0.000
ollama-1  | 	dry_multiplier = 0.000, dry_base = 1.750, dry_allowed_length = 2, dry_penalty_last_n = 64
ollama-1  | 	top_k = 40, top_p = 0.900, min_p = 0.000, xtc_probability = 0.000, xtc_threshold = 0.100, typical_p = 1.000, top_n_sigma = -1.000, temp = 0.000
ollama-1  | 	mirostat = 0, mirostat_lr = 0.100, mirostat_ent = 5.000, adaptive_target = -1.000, adaptive_decay = 0.900
ollama-1  | slot launch_slot_: id  0 | task 1377 | processing task, is_child = 0
ollama-1  | slot   operator(): id  0 | task 1377 | new prompt, n_ctx_slot = 4096, n_keep = 4, task.n_tokens = 409
ollama-1  | slot   operator(): id  0 | task 1377 | cached n_tokens = 330, memory_seq_rm [330, end)
ollama-1  | slot init_sampler: id  0 | task 1377 | init sampler, took 0.03 ms, tokens: text = 409, total = 409
ollama-1  | slot print_timing: id  0 | task 1377 | prompt eval time =     306.48 ms /    79 tokens (    3.88 ms per token,   257.77 tokens per second)
ollama-1  | slot print_timing: id  0 | task 1377 |        eval time =     153.57 ms /     8 tokens (   21.94 ms per token,    45.58 tokens per second)
ollama-1  | slot print_timing: id  0 | task 1377 |       total time =     460.05 ms /    87 tokens
ollama-1  | slot print_timing: id  0 | task 1377 |    graphs reused =        940
ollama-1  | slot      release: id  0 | task 1377 | stop processing: n_tokens = 416, truncated = 0
ollama-1  | srv  update_slots: all slots are idle
ollama-1  | [GIN] 2026/10/07 - 09:16:16 | 200 |  469.237584ms |      172.21.0.4 | POST     "/api/generate"
ollama-1  | srv  server_strea: conv_id= (empty=1)
ollama-1  | slot get_availabl: id  0 | task -1 |  - checking sim = 0.689 (330/479) > 0.100
ollama-1  | slot get_availabl: id  0 | task -1 | selected slot by LCP similarity, f_sim_best = 0.689 (> 0.100 thold), f_keep = 0.793
ollama-1  | slot launch_slot_: id  0 | task -1 | sampler chain: logits -> ?penalties -> ?dry -> ?top-n-sigma -> top-k -> ?typical -> top-p -> ?min-p -> ?xtc -> temp-ext -> dist 
ollama-1  | slot launch_slot_: id  0 | task -1 | sampler params: 
ollama-1  | 	repeat_last_n = 64, repeat_penalty = 1.000, frequency_penalty = 0.000, presence_penalty = 0.000
ollama-1  | 	dry_multiplier = 0.000, dry_base = 1.750, dry_allowed_length = 2, dry_penalty_last_n = 64
ollama-1  | 	top_k = 40, top_p = 0.900, min_p = 0.000, xtc_probability = 0.000, xtc_threshold = 0.100, typical_p = 1.000, top_n_sigma = -1.000, temp = 0.000
ollama-1  | 	mirostat = 0, mirostat_lr = 0.100, mirostat_ent = 5.000, adaptive_target = -1.000, adaptive_decay = 0.900
ollama-1  | slot launch_slot_: id  0 | task 1386 | processing task, is_child = 0
ollama-1  | slot   operator(): id  0 | task 1386 | new prompt, n_ctx_slot = 4096, n_keep = 4, task.n_tokens = 479
ollama-1  | slot   operator(): id  0 | task 1386 | cached n_tokens = 330, memory_seq_rm [330, end)
ollama-1  | slot init_sampler: id  0 | task 1386 | init sampler, took 0.04 ms, tokens: text = 479, total = 479
ollama-1  | slot print_timing: id  0 | task 1386 | prompt eval time =     573.35 ms /   149 tokens (    3.85 ms per token,   259.88 tokens per second)
ollama-1  | slot print_timing: id  0 | task 1386 |        eval time =     154.77 ms /     8 tokens (   22.11 ms per token,    45.23 tokens per second)
ollama-1  | slot print_timing: id  0 | task 1386 |       total time =     728.12 ms /   157 tokens
ollama-1  | slot print_timing: id  0 | task 1386 |    graphs reused =        946
ollama-1  | slot      release: id  0 | task 1386 | stop processing: n_tokens = 486, truncated = 0
ollama-1  | srv  update_slots: all slots are idle
ollama-1  | [GIN] 2026/10/07 - 09:16:16 | 200 |  841.093164ms |      172.21.0.4 | POST     "/api/generate"
ollama-1  | srv  server_strea: conv_id= (empty=1)
ollama-1  | slot get_availabl: id  0 | task -1 |  - checking sim = 0.877 (329/375) > 0.100
ollama-1  | slot get_availabl: id  0 | task -1 | selected slot by LCP similarity, f_sim_best = 0.877 (> 0.100 thold), f_keep = 0.677
ollama-1  | slot launch_slot_: id  0 | task -1 | sampler chain: logits -> ?penalties -> ?dry -> ?top-n-sigma -> top-k -> ?typical -> top-p -> ?min-p -> ?xtc -> temp-ext -> dist 
ollama-1  | slot launch_slot_: id  0 | task -1 | sampler params: 
ollama-1  | 	repeat_last_n = 64, repeat_penalty = 1.000, frequency_penalty = 0.000, presence_penalty = 0.000
ollama-1  | 	dry_multiplier = 0.000, dry_base = 1.750, dry_allowed_length = 2, dry_penalty_last_n = 64
ollama-1  | 	top_k = 40, top_p = 0.900, min_p = 0.000, xtc_probability = 0.000, xtc_threshold = 0.100, typical_p = 1.000, top_n_sigma = -1.000, temp = 0.000
ollama-1  | 	mirostat = 0, mirostat_lr = 0.100, mirostat_ent = 5.000, adaptive_target = -1.000, adaptive_decay = 0.900
ollama-1  | slot launch_slot_: id  0 | task 1395 | processing task, is_child = 0
ollama-1  | slot   operator(): id  0 | task 1395 | new prompt, n_ctx_slot = 4096, n_keep = 4, task.n_tokens = 375
ollama-1  | slot   operator(): id  0 | task 1395 | cached n_tokens = 329, memory_seq_rm [329, end)
ollama-1  | slot init_sampler: id  0 | task 1395 | init sampler, took 0.05 ms, tokens: text = 375, total = 375
ollama-1  | slot print_timing: id  0 | task 1395 | prompt eval time =     190.51 ms /    46 tokens (    4.14 ms per token,   241.46 tokens per second)
ollama-1  | slot print_timing: id  0 | task 1395 |        eval time =     173.43 ms /     9 tokens (   21.68 ms per token,    46.13 tokens per second)
ollama-1  | slot print_timing: id  0 | task 1395 |       total time =     363.94 ms /    55 tokens
ollama-1  | slot print_timing: id  0 | task 1395 |    graphs reused =        953
ollama-1  | slot      release: id  0 | task 1395 | stop processing: n_tokens = 383, truncated = 0
ollama-1  | srv  update_slots: all slots are idle
ollama-1  | [GIN] 2026/10/07 - 09:16:17 | 200 |  1.084278861s |      172.21.0.4 | POST     "/api/generate"
ollama-1  | srv  server_strea: conv_id= (empty=1)
ollama-1  | slot get_availabl: id  0 | task -1 |  - checking sim = 0.425 (328/772) > 0.100
ollama-1  | slot get_availabl: id  0 | task -1 | selected slot by LCP similarity, f_sim_best = 0.425 (> 0.100 thold), f_keep = 0.856
ollama-1  | slot launch_slot_: id  0 | task -1 | sampler chain: logits -> ?penalties -> ?dry -> ?top-n-sigma -> top-k -> ?typical -> top-p -> ?min-p -> ?xtc -> temp-ext -> dist 
ollama-1  | slot launch_slot_: id  0 | task -1 | sampler params: 
ollama-1  | 	repeat_last_n = 64, repeat_penalty = 1.000, frequency_penalty = 0.000, presence_penalty = 0.000
ollama-1  | 	dry_multiplier = 0.000, dry_base = 1.750, dry_allowed_length = 2, dry_penalty_last_n = 64
ollama-1  | 	top_k = 40, top_p = 0.900, min_p = 0.000, xtc_probability = 0.000, xtc_threshold = 0.100, typical_p = 1.000, top_n_sigma = -1.000, temp = 0.000
ollama-1  | 	mirostat = 0, mirostat_lr = 0.100, mirostat_ent = 5.000, adaptive_target = -1.000, adaptive_decay = 0.900
ollama-1  | slot launch_slot_: id  0 | task 1405 | processing task, is_child = 0
ollama-1  | slot   operator(): id  0 | task 1405 | new prompt, n_ctx_slot = 4096, n_keep = 4, task.n_tokens = 772
ollama-1  | slot   operator(): id  0 | task 1405 | cached n_tokens = 328, memory_seq_rm [328, end)
ollama-1  | slot init_sampler: id  0 | task 1405 | init sampler, took 0.06 ms, tokens: text = 772, total = 772
ollama-1  | slot print_timing: id  0 | task 1405 | prompt eval time =    1676.50 ms /   444 tokens (    3.78 ms per token,   264.84 tokens per second)
ollama-1  | slot print_timing: id  0 | task 1405 |        eval time =     160.96 ms /     8 tokens (   22.99 ms per token,    43.49 tokens per second)
ollama-1  | slot print_timing: id  0 | task 1405 |       total time =    1837.47 ms /   452 tokens
ollama-1  | slot print_timing: id  0 | task 1405 |    graphs reused =        959
ollama-1  | slot      release: id  0 | task 1405 | stop processing: n_tokens = 779, truncated = 0
ollama-1  | srv  update_slots: all slots are idle
ollama-1  | [GIN] 2026/10/07 - 09:16:19 | 200 |  1.843771482s |      172.21.0.4 | POST     "/api/generate"
ollama-1  | srv  server_strea: conv_id= (empty=1)
ollama-1  | slot get_availabl: id  0 | task -1 |  - checking sim = 0.611 (328/537) > 0.100
ollama-1  | slot get_availabl: id  0 | task -1 | selected slot by LCP similarity, f_sim_best = 0.611 (> 0.100 thold), f_keep = 0.421
ollama-1  | srv  get_availabl: updating prompt cache
ollama-1  | srv   prompt_save:  - saving prompt with length 779, total state size = 24.353 MiB (draft: 0.000 MiB)
ollama-1  | srv         alloc:  - prompt is already in the cache, skipping
ollama-1  | srv          load:  - looking for better prompt, base f_keep = 0.421, f_sim = 0.611
ollama-1  | srv          load:    - prompt with length     709, lcp =     328, f_keep = 0.463, f_sim = 0.611
ollama-1  | srv          load:    - prompt with length     700, lcp =     328, f_keep = 0.469, f_sim = 0.611
ollama-1  | srv          load:    - prompt with length     695, lcp =     328, f_keep = 0.472, f_sim = 0.611
ollama-1  | srv          load:    - prompt with length     670, lcp =     328, f_keep = 0.490, f_sim = 0.611
ollama-1  | srv          load:    - prompt with length     730, lcp =     328, f_keep = 0.449, f_sim = 0.611
ollama-1  | srv          load:    - prompt with length     773, lcp =     328, f_keep = 0.424, f_sim = 0.611
ollama-1  | srv          load:    - prompt with length     779, lcp =     328, f_keep = 0.421, f_sim = 0.611
ollama-1  | srv          load:    - prompt with length     677, lcp =     328, f_keep = 0.484, f_sim = 0.611
ollama-1  | srv          load:    - prompt with length     740, lcp =     328, f_keep = 0.443, f_sim = 0.611
ollama-1  | srv          load:    - prompt with length     677, lcp =     328, f_keep = 0.484, f_sim = 0.611
ollama-1  | srv          load:    - prompt with length     691, lcp =     328, f_keep = 0.475, f_sim = 0.611
ollama-1  | srv          load:    - prompt with length     738, lcp =     328, f_keep = 0.444, f_sim = 0.611
ollama-1  | srv          load:    - prompt with length     777, lcp =     328, f_keep = 0.422, f_sim = 0.611
ollama-1  | srv          load:    - prompt with length     805, lcp =     328, f_keep = 0.407, f_sim = 0.611
ollama-1  | srv          load:    - prompt with length     730, lcp =     328, f_keep = 0.449, f_sim = 0.611
ollama-1  | srv          load:    - prompt with length     659, lcp =     328, f_keep = 0.498, f_sim = 0.611
ollama-1  | srv        update:  - cache state: 16 prompts, 361.076 MiB (limits: 8192.000 MiB, 4096 tokens, 262043 est)
ollama-1  | srv        update:    - prompt 0x2111c2b0:     709 tokens, checkpoints:  0,    22.165 MiB
ollama-1  | srv        update:    - prompt 0x1d133370:     700 tokens, checkpoints:  0,    21.883 MiB
ollama-1  | srv        update:    - prompt 0x1d12e2c0:     695 tokens, checkpoints:  0,    21.727 MiB
ollama-1  | srv        update:    - prompt 0x1d12d8d0:     670 tokens, checkpoints:  0,    20.946 MiB
ollama-1  | srv        update:    - prompt 0x1d708a50:     730 tokens, checkpoints:  0,    22.821 MiB
ollama-1  | srv        update:    - prompt 0x1d12cbe0:     773 tokens, checkpoints:  0,    24.165 MiB
ollama-1  | srv        update:    - prompt 0x1d12ae00:     779 tokens, checkpoints:  0,    24.353 MiB
ollama-1  | srv        update:    - prompt 0x248f0d00:     677 tokens, checkpoints:  0,    21.164 MiB
ollama-1  | srv        update:    - prompt 0x1d736b50:     740 tokens, checkpoints:  0,    23.134 MiB
ollama-1  | srv        update:    - prompt 0x1d6ed0e0:     677 tokens, checkpoints:  0,    21.164 MiB
ollama-1  | srv        update:    - prompt 0x2111c150:     691 tokens, checkpoints:  0,    21.602 MiB
ollama-1  | srv        update:    - prompt 0x1e7a6190:     738 tokens, checkpoints:  0,    23.071 MiB
ollama-1  | srv        update:    - prompt 0x24d079d0:     777 tokens, checkpoints:  0,    24.291 MiB
ollama-1  | srv        update:    - prompt 0x1d728d30:     805 tokens, checkpoints:  0,    25.166 MiB
ollama-1  | srv        update:    - prompt 0x24240030:     730 tokens, checkpoints:  0,    22.821 MiB
ollama-1  | srv        update:    - prompt 0x248d1790:     659 tokens, checkpoints:  0,    20.602 MiB
ollama-1  | srv  get_availabl: prompt cache update took 0.08 ms
ollama-1  | slot launch_slot_: id  0 | task -1 | sampler chain: logits -> ?penalties -> ?dry -> ?top-n-sigma -> top-k -> ?typical -> top-p -> ?min-p -> ?xtc -> temp-ext -> dist 
ollama-1  | slot launch_slot_: id  0 | task -1 | sampler params: 
ollama-1  | 	repeat_last_n = 64, repeat_penalty = 1.000, frequency_penalty = 0.000, presence_penalty = 0.000
ollama-1  | 	dry_multiplier = 0.000, dry_base = 1.750, dry_allowed_length = 2, dry_penalty_last_n = 64
ollama-1  | 	top_k = 40, top_p = 0.900, min_p = 0.000, xtc_probability = 0.000, xtc_threshold = 0.100, typical_p = 1.000, top_n_sigma = -1.000, temp = 0.000
ollama-1  | 	mirostat = 0, mirostat_lr = 0.100, mirostat_ent = 5.000, adaptive_target = -1.000, adaptive_decay = 0.900
ollama-1  | slot launch_slot_: id  0 | task 1414 | processing task, is_child = 0
ollama-1  | slot   operator(): id  0 | task 1414 | new prompt, n_ctx_slot = 4096, n_keep = 4, task.n_tokens = 537
ollama-1  | slot   operator(): id  0 | task 1414 | cached n_tokens = 328, memory_seq_rm [328, end)
ollama-1  | slot init_sampler: id  0 | task 1414 | init sampler, took 0.04 ms, tokens: text = 537, total = 537
ollama-1  | slot print_timing: id  0 | task 1414 | prompt eval time =     802.09 ms /   209 tokens (    3.84 ms per token,   260.57 tokens per second)
ollama-1  | slot print_timing: id  0 | task 1414 |        eval time =     175.42 ms /     8 tokens (   25.06 ms per token,    39.90 tokens per second)
ollama-1  | slot print_timing: id  0 | task 1414 |       total time =     977.51 ms /   217 tokens
ollama-1  | slot print_timing: id  0 | task 1414 |    graphs reused =        965
ollama-1  | slot      release: id  0 | task 1414 | stop processing: n_tokens = 544, truncated = 0
ollama-1  | srv  update_slots: all slots are idle
ollama-1  | [GIN] 2026/10/07 - 09:16:20 | 200 |  1.803839207s |      172.21.0.4 | POST     "/api/generate"
ollama-1  | [GIN] 2026/10/07 - 09:16:23 | 200 |      14.943µs |       127.0.0.1 | HEAD     "/"
ollama-1  | [GIN] 2026/10/07 - 09:16:23 | 200 |     669.913µs |       127.0.0.1 | GET      "/api/tags"
ollama-1  | srv  server_strea: conv_id= (empty=1)
ollama-1  | slot get_availabl: id  0 | task -1 |  - checking sim = 0.544 (328/603) > 0.100
ollama-1  | slot get_availabl: id  0 | task -1 | selected slot by LCP similarity, f_sim_best = 0.544 (> 0.100 thold), f_keep = 0.603
ollama-1  | slot launch_slot_: id  0 | task -1 | sampler chain: logits -> ?penalties -> ?dry -> ?top-n-sigma -> top-k -> ?typical -> top-p -> ?min-p -> ?xtc -> temp-ext -> dist 
ollama-1  | slot launch_slot_: id  0 | task -1 | sampler params: 
ollama-1  | 	repeat_last_n = 64, repeat_penalty = 1.000, frequency_penalty = 0.000, presence_penalty = 0.000
ollama-1  | 	dry_multiplier = 0.000, dry_base = 1.750, dry_allowed_length = 2, dry_penalty_last_n = 64
ollama-1  | 	top_k = 40, top_p = 0.900, min_p = 0.000, xtc_probability = 0.000, xtc_threshold = 0.100, typical_p = 1.000, top_n_sigma = -1.000, temp = 0.000
ollama-1  | 	mirostat = 0, mirostat_lr = 0.100, mirostat_ent = 5.000, adaptive_target = -1.000, adaptive_decay = 0.900
ollama-1  | slot launch_slot_: id  0 | task 1423 | processing task, is_child = 0
ollama-1  | slot   operator(): id  0 | task 1423 | new prompt, n_ctx_slot = 4096, n_keep = 4, task.n_tokens = 603
ollama-1  | slot   operator(): id  0 | task 1423 | cached n_tokens = 328, memory_seq_rm [328, end)
ollama-1  | slot init_sampler: id  0 | task 1423 | init sampler, took 0.04 ms, tokens: text = 603, total = 603
ollama-1  | slot print_timing: id  0 | task 1423 | prompt eval time =    1046.02 ms /   275 tokens (    3.80 ms per token,   262.90 tokens per second)
ollama-1  | slot print_timing: id  0 | task 1423 |        eval time =     182.74 ms /     9 tokens (   22.84 ms per token,    43.78 tokens per second)
ollama-1  | slot print_timing: id  0 | task 1423 |       total time =    1228.76 ms /   284 tokens
ollama-1  | slot print_timing: id  0 | task 1423 |    graphs reused =        972
ollama-1  | slot      release: id  0 | task 1423 | stop processing: n_tokens = 611, truncated = 0
ollama-1  | srv  update_slots: all slots are idle
ollama-1  | [GIN] 2026/10/07 - 09:16:27 | 200 |  1.234100466s |      172.21.0.4 | POST     "/api/generate"
ollama-1  | srv  server_strea: conv_id= (empty=1)
ollama-1  | slot get_availabl: id  0 | task -1 |  - checking sim = 0.541 (328/606) > 0.100
ollama-1  | slot get_availabl: id  0 | task -1 | selected slot by LCP similarity, f_sim_best = 0.541 (> 0.100 thold), f_keep = 0.537
ollama-1  | slot launch_slot_: id  0 | task -1 | sampler chain: logits -> ?penalties -> ?dry -> ?top-n-sigma -> top-k -> ?typical -> top-p -> ?min-p -> ?xtc -> temp-ext -> dist 
ollama-1  | slot launch_slot_: id  0 | task -1 | sampler params: 
ollama-1  | 	repeat_last_n = 64, repeat_penalty = 1.000, frequency_penalty = 0.000, presence_penalty = 0.000
ollama-1  | 	dry_multiplier = 0.000, dry_base = 1.750, dry_allowed_length = 2, dry_penalty_last_n = 64
ollama-1  | 	top_k = 40, top_p = 0.900, min_p = 0.000, xtc_probability = 0.000, xtc_threshold = 0.100, typical_p = 1.000, top_n_sigma = -1.000, temp = 0.000
ollama-1  | 	mirostat = 0, mirostat_lr = 0.100, mirostat_ent = 5.000, adaptive_target = -1.000, adaptive_decay = 0.900
ollama-1  | slot launch_slot_: id  0 | task 1433 | processing task, is_child = 0
ollama-1  | slot   operator(): id  0 | task 1433 | new prompt, n_ctx_slot = 4096, n_keep = 4, task.n_tokens = 606
ollama-1  | slot   operator(): id  0 | task 1433 | cached n_tokens = 328, memory_seq_rm [328, end)
ollama-1  | slot init_sampler: id  0 | task 1433 | init sampler, took 0.04 ms, tokens: text = 606, total = 606
ollama-1  | slot print_timing: id  0 | task 1433 | prompt eval time =    1087.60 ms /   278 tokens (    3.91 ms per token,   255.61 tokens per second)
ollama-1  | slot print_timing: id  0 | task 1433 |        eval time =     177.42 ms /     8 tokens (   25.35 ms per token,    39.45 tokens per second)
ollama-1  | slot print_timing: id  0 | task 1433 |       total time =    1265.02 ms /   286 tokens
ollama-1  | slot print_timing: id  0 | task 1433 |    graphs reused =        978
ollama-1  | slot      release: id  0 | task 1433 | stop processing: n_tokens = 613, truncated = 0
ollama-1  | srv  update_slots: all slots are idle
ollama-1  | [GIN] 2026/10/07 - 09:16:28 | 200 |  1.270382608s |      172.21.0.4 | POST     "/api/generate"
ollama-1  | srv  server_strea: conv_id= (empty=1)
ollama-1  | slot get_availabl: id  0 | task -1 |  - checking sim = 0.567 (328/578) > 0.100
ollama-1  | slot get_availabl: id  0 | task -1 | selected slot by LCP similarity, f_sim_best = 0.567 (> 0.100 thold), f_keep = 0.535
ollama-1  | slot launch_slot_: id  0 | task -1 | sampler chain: logits -> ?penalties -> ?dry -> ?top-n-sigma -> top-k -> ?typical -> top-p -> ?min-p -> ?xtc -> temp-ext -> dist 
ollama-1  | slot launch_slot_: id  0 | task -1 | sampler params: 
ollama-1  | 	repeat_last_n = 64, repeat_penalty = 1.000, frequency_penalty = 0.000, presence_penalty = 0.000
ollama-1  | 	dry_multiplier = 0.000, dry_base = 1.750, dry_allowed_length = 2, dry_penalty_last_n = 64
ollama-1  | 	top_k = 40, top_p = 0.900, min_p = 0.000, xtc_probability = 0.000, xtc_threshold = 0.100, typical_p = 1.000, top_n_sigma = -1.000, temp = 0.000
ollama-1  | 	mirostat = 0, mirostat_lr = 0.100, mirostat_ent = 5.000, adaptive_target = -1.000, adaptive_decay = 0.900
ollama-1  | slot launch_slot_: id  0 | task 1442 | processing task, is_child = 0
ollama-1  | slot   operator(): id  0 | task 1442 | new prompt, n_ctx_slot = 4096, n_keep = 4, task.n_tokens = 578
ollama-1  | slot   operator(): id  0 | task 1442 | cached n_tokens = 328, memory_seq_rm [328, end)
ollama-1  | slot init_sampler: id  0 | task 1442 | init sampler, took 0.04 ms, tokens: text = 578, total = 578
ollama-1  | [GIN] 2026/10/07 - 09:16:33 | 200 |      25.979µs |       127.0.0.1 | HEAD     "/"
ollama-1  | [GIN] 2026/10/07 - 09:16:33 | 200 |    2.140108ms |       127.0.0.1 | GET      "/api/tags"
ollama-1  | slot print_timing: id  0 | task 1442 | prompt eval time =     944.89 ms /   250 tokens (    3.78 ms per token,   264.58 tokens per second)
ollama-1  | slot print_timing: id  0 | task 1442 |        eval time =     183.34 ms /     9 tokens (   22.92 ms per token,    43.63 tokens per second)
ollama-1  | slot print_timing: id  0 | task 1442 |       total time =    1128.23 ms /   259 tokens
ollama-1  | slot print_timing: id  0 | task 1442 |    graphs reused =        985
ollama-1  | slot      release: id  0 | task 1442 | stop processing: n_tokens = 586, truncated = 0
ollama-1  | srv  update_slots: all slots are idle
ollama-1  | [GIN] 2026/10/07 - 09:16:34 | 200 |  1.134452352s |      172.21.0.4 | POST     "/api/generate"
ollama-1  | srv  server_strea: conv_id= (empty=1)
ollama-1  | slot get_availabl: id  0 | task -1 |  - checking sim = 0.605 (328/542) > 0.100
ollama-1  | slot get_availabl: id  0 | task -1 | selected slot by LCP similarity, f_sim_best = 0.605 (> 0.100 thold), f_keep = 0.560
ollama-1  | slot launch_slot_: id  0 | task -1 | sampler chain: logits -> ?penalties -> ?dry -> ?top-n-sigma -> top-k -> ?typical -> top-p -> ?min-p -> ?xtc -> temp-ext -> dist 
ollama-1  | slot launch_slot_: id  0 | task -1 | sampler params: 
ollama-1  | 	repeat_last_n = 64, repeat_penalty = 1.000, frequency_penalty = 0.000, presence_penalty = 0.000
ollama-1  | 	dry_multiplier = 0.000, dry_base = 1.750, dry_allowed_length = 2, dry_penalty_last_n = 64
ollama-1  | 	top_k = 40, top_p = 0.900, min_p = 0.000, xtc_probability = 0.000, xtc_threshold = 0.100, typical_p = 1.000, top_n_sigma = -1.000, temp = 0.000
ollama-1  | 	mirostat = 0, mirostat_lr = 0.100, mirostat_ent = 5.000, adaptive_target = -1.000, adaptive_decay = 0.900
ollama-1  | slot launch_slot_: id  0 | task 1452 | processing task, is_child = 0
ollama-1  | slot   operator(): id  0 | task 1452 | new prompt, n_ctx_slot = 4096, n_keep = 4, task.n_tokens = 542
ollama-1  | slot   operator(): id  0 | task 1452 | cached n_tokens = 328, memory_seq_rm [328, end)
ollama-1  | slot init_sampler: id  0 | task 1452 | init sampler, took 0.04 ms, tokens: text = 542, total = 542
ollama-1  | slot print_timing: id  0 | task 1452 | prompt eval time =     808.54 ms /   214 tokens (    3.78 ms per token,   264.67 tokens per second)
ollama-1  | slot print_timing: id  0 | task 1452 |        eval time =     163.57 ms /     8 tokens (   23.37 ms per token,    42.79 tokens per second)
ollama-1  | slot print_timing: id  0 | task 1452 |       total time =     972.12 ms /   222 tokens
ollama-1  | slot print_timing: id  0 | task 1452 |    graphs reused =        991
ollama-1  | slot      release: id  0 | task 1452 | stop processing: n_tokens = 549, truncated = 0
ollama-1  | srv  update_slots: all slots are idle
ollama-1  | [GIN] 2026/10/07 - 09:16:35 | 200 |  2.021740301s |      172.21.0.4 | POST     "/api/generate"
ollama-1  | srv  server_strea: conv_id= (empty=1)
ollama-1  | slot get_availabl: id  0 | task -1 |  - checking sim = 0.668 (328/491) > 0.100
ollama-1  | slot get_availabl: id  0 | task -1 | selected slot by LCP similarity, f_sim_best = 0.668 (> 0.100 thold), f_keep = 0.597
ollama-1  | slot launch_slot_: id  0 | task -1 | sampler chain: logits -> ?penalties -> ?dry -> ?top-n-sigma -> top-k -> ?typical -> top-p -> ?min-p -> ?xtc -> temp-ext -> dist 
ollama-1  | slot launch_slot_: id  0 | task -1 | sampler params: 
ollama-1  | 	repeat_last_n = 64, repeat_penalty = 1.000, frequency_penalty = 0.000, presence_penalty = 0.000
ollama-1  | 	dry_multiplier = 0.000, dry_base = 1.750, dry_allowed_length = 2, dry_penalty_last_n = 64
ollama-1  | 	top_k = 40, top_p = 0.900, min_p = 0.000, xtc_probability = 0.000, xtc_threshold = 0.100, typical_p = 1.000, top_n_sigma = -1.000, temp = 0.000
ollama-1  | 	mirostat = 0, mirostat_lr = 0.100, mirostat_ent = 5.000, adaptive_target = -1.000, adaptive_decay = 0.900
ollama-1  | slot launch_slot_: id  0 | task 1461 | processing task, is_child = 0
ollama-1  | slot   operator(): id  0 | task 1461 | new prompt, n_ctx_slot = 4096, n_keep = 4, task.n_tokens = 491
ollama-1  | slot   operator(): id  0 | task 1461 | cached n_tokens = 328, memory_seq_rm [328, end)
ollama-1  | slot init_sampler: id  0 | task 1461 | init sampler, took 0.06 ms, tokens: text = 491, total = 491
ollama-1  | slot print_timing: id  0 | task 1461 | prompt eval time =     634.56 ms /   163 tokens (    3.89 ms per token,   256.87 tokens per second)
ollama-1  | slot print_timing: id  0 | task 1461 |        eval time =     166.24 ms /     8 tokens (   23.75 ms per token,    42.11 tokens per second)
ollama-1  | slot print_timing: id  0 | task 1461 |       total time =     800.80 ms /   171 tokens
ollama-1  | slot print_timing: id  0 | task 1461 |    graphs reused =        997
ollama-1  | slot      release: id  0 | task 1461 | stop processing: n_tokens = 498, truncated = 0
ollama-1  | srv  update_slots: all slots are idle
ollama-1  | [GIN] 2026/10/07 - 09:16:35 | 200 |  2.672736257s |      172.21.0.4 | POST     "/api/generate"
ollama-1  | [GIN] 2026/10/07 - 09:16:43 | 200 |      14.935µs |       127.0.0.1 | HEAD     "/"
ollama-1  | [GIN] 2026/10/07 - 09:16:43 | 200 |     662.523µs |       127.0.0.1 | GET      "/api/tags"
ollama-1  | srv  server_strea: conv_id= (empty=1)
ollama-1  | slot get_availabl: id  0 | task -1 |  - checking sim = 0.788 (328/416) > 0.100
ollama-1  | slot get_availabl: id  0 | task -1 | selected slot by LCP similarity, f_sim_best = 0.788 (> 0.100 thold), f_keep = 0.659
ollama-1  | slot launch_slot_: id  0 | task -1 | sampler chain: logits -> ?penalties -> ?dry -> ?top-n-sigma -> top-k -> ?typical -> top-p -> ?min-p -> ?xtc -> temp-ext -> dist 
ollama-1  | slot launch_slot_: id  0 | task -1 | sampler params: 
ollama-1  | 	repeat_last_n = 64, repeat_penalty = 1.000, frequency_penalty = 0.000, presence_penalty = 0.000
ollama-1  | 	dry_multiplier = 0.000, dry_base = 1.750, dry_allowed_length = 2, dry_penalty_last_n = 64
ollama-1  | 	top_k = 40, top_p = 0.900, min_p = 0.000, xtc_probability = 0.000, xtc_threshold = 0.100, typical_p = 1.000, top_n_sigma = -1.000, temp = 0.000
ollama-1  | 	mirostat = 0, mirostat_lr = 0.100, mirostat_ent = 5.000, adaptive_target = -1.000, adaptive_decay = 0.900
ollama-1  | slot launch_slot_: id  0 | task 1470 | processing task, is_child = 0
ollama-1  | slot   operator(): id  0 | task 1470 | new prompt, n_ctx_slot = 4096, n_keep = 4, task.n_tokens = 416
ollama-1  | slot   operator(): id  0 | task 1470 | cached n_tokens = 328, memory_seq_rm [328, end)
ollama-1  | slot init_sampler: id  0 | task 1470 | init sampler, took 0.03 ms, tokens: text = 416, total = 416
ollama-1  | slot print_timing: id  0 | task 1470 | prompt eval time =     330.84 ms /    88 tokens (    3.76 ms per token,   265.99 tokens per second)
ollama-1  | slot print_timing: id  0 | task 1470 |        eval time =     165.70 ms /     8 tokens (   23.67 ms per token,    42.24 tokens per second)
ollama-1  | slot print_timing: id  0 | task 1470 |       total time =     496.54 ms /    96 tokens
ollama-1  | slot print_timing: id  0 | task 1470 |    graphs reused =       1003
ollama-1  | slot      release: id  0 | task 1470 | stop processing: n_tokens = 423, truncated = 0
ollama-1  | srv  update_slots: all slots are idle
ollama-1  | [GIN] 2026/10/07 - 09:16:45 | 200 |  501.868171ms |      172.21.0.4 | POST     "/api/generate"
ollama-1  | srv  server_strea: conv_id= (empty=1)
ollama-1  | slot get_availabl: id  0 | task -1 |  - checking sim = 0.491 (329/670) > 0.100
ollama-1  | slot get_availabl: id  0 | task -1 | selected slot by LCP similarity, f_sim_best = 0.491 (> 0.100 thold), f_keep = 0.778
ollama-1  | slot launch_slot_: id  0 | task -1 | sampler chain: logits -> ?penalties -> ?dry -> ?top-n-sigma -> top-k -> ?typical -> top-p -> ?min-p -> ?xtc -> temp-ext -> dist 
ollama-1  | slot launch_slot_: id  0 | task -1 | sampler params: 
ollama-1  | 	repeat_last_n = 64, repeat_penalty = 1.000, frequency_penalty = 0.000, presence_penalty = 0.000
ollama-1  | 	dry_multiplier = 0.000, dry_base = 1.750, dry_allowed_length = 2, dry_penalty_last_n = 64
ollama-1  | 	top_k = 40, top_p = 0.900, min_p = 0.000, xtc_probability = 0.000, xtc_threshold = 0.100, typical_p = 1.000, top_n_sigma = -1.000, temp = 0.000
ollama-1  | 	mirostat = 0, mirostat_lr = 0.100, mirostat_ent = 5.000, adaptive_target = -1.000, adaptive_decay = 0.900
ollama-1  | slot launch_slot_: id  0 | task 1479 | processing task, is_child = 0
ollama-1  | slot   operator(): id  0 | task 1479 | new prompt, n_ctx_slot = 4096, n_keep = 4, task.n_tokens = 670
ollama-1  | slot   operator(): id  0 | task 1479 | cached n_tokens = 329, memory_seq_rm [329, end)
ollama-1  | slot init_sampler: id  0 | task 1479 | init sampler, took 0.06 ms, tokens: text = 670, total = 670
ollama-1  | slot print_timing: id  0 | task 1479 | prompt eval time =    1319.98 ms /   341 tokens (    3.87 ms per token,   258.34 tokens per second)
ollama-1  | slot print_timing: id  0 | task 1479 |        eval time =     162.55 ms /     8 tokens (   23.22 ms per token,    43.06 tokens per second)
ollama-1  | slot print_timing: id  0 | task 1479 |       total time =    1482.53 ms /   349 tokens
ollama-1  | slot print_timing: id  0 | task 1479 |    graphs reused =       1009
ollama-1  | slot      release: id  0 | task 1479 | stop processing: n_tokens = 677, truncated = 0
ollama-1  | srv  update_slots: all slots are idle
ollama-1  | [GIN] 2026/10/07 - 09:16:47 | 200 |  1.488362478s |      172.21.0.4 | POST     "/api/generate"
ollama-1  | srv  server_strea: conv_id= (empty=1)
ollama-1  | slot get_availabl: id  0 | task -1 |  - checking sim = 0.449 (328/731) > 0.100
ollama-1  | slot get_availabl: id  0 | task -1 | selected slot by LCP similarity, f_sim_best = 0.449 (> 0.100 thold), f_keep = 0.484
ollama-1  | srv  get_availabl: updating prompt cache
ollama-1  | srv   prompt_save:  - saving prompt with length 677, total state size = 21.164 MiB (draft: 0.000 MiB)
ollama-1  | srv         alloc:  - prompt is already in the cache, skipping
ollama-1  | srv          load:  - looking for better prompt, base f_keep = 0.484, f_sim = 0.449
ollama-1  | srv          load:    - prompt with length     709, lcp =     328, f_keep = 0.463, f_sim = 0.449
ollama-1  | srv          load:    - prompt with length     700, lcp =     328, f_keep = 0.469, f_sim = 0.449
ollama-1  | srv          load:    - prompt with length     695, lcp =     328, f_keep = 0.472, f_sim = 0.449
ollama-1  | srv          load:    - prompt with length     670, lcp =     328, f_keep = 0.490, f_sim = 0.449
ollama-1  | srv          load:    - prompt with length     730, lcp =     328, f_keep = 0.449, f_sim = 0.449
ollama-1  | srv          load:    - prompt with length     773, lcp =     328, f_keep = 0.424, f_sim = 0.449
ollama-1  | srv          load:    - prompt with length     779, lcp =     328, f_keep = 0.421, f_sim = 0.449
ollama-1  | srv          load:    - prompt with length     677, lcp =     328, f_keep = 0.484, f_sim = 0.449
ollama-1  | srv          load:    - prompt with length     740, lcp =     731, f_keep = 0.988, f_sim = 1.000
ollama-1  | srv          load:    - prompt with length     677, lcp =     328, f_keep = 0.484, f_sim = 0.449
ollama-1  | srv          load:    - prompt with length     691, lcp =     328, f_keep = 0.475, f_sim = 0.449
ollama-1  | srv          load:    - prompt with length     738, lcp =     328, f_keep = 0.444, f_sim = 0.449
ollama-1  | srv          load:    - prompt with length     777, lcp =     328, f_keep = 0.422, f_sim = 0.449
ollama-1  | srv          load:    - prompt with length     805, lcp =     328, f_keep = 0.407, f_sim = 0.449
ollama-1  | srv          load:    - prompt with length     730, lcp =     328, f_keep = 0.449, f_sim = 0.449
ollama-1  | srv          load:    - prompt with length     659, lcp =     328, f_keep = 0.498, f_sim = 0.449
ollama-1  | srv          load:  - found better prompt with f_keep = 0.988, f_sim = 1.000
ollama-1  | srv        update:  - cache state: 15 prompts, 337.942 MiB (limits: 8192.000 MiB, 4096 tokens, 262043 est)
ollama-1  | srv        update:    - prompt 0x2111c2b0:     709 tokens, checkpoints:  0,    22.165 MiB
ollama-1  | srv        update:    - prompt 0x1d133370:     700 tokens, checkpoints:  0,    21.883 MiB
ollama-1  | srv        update:    - prompt 0x1d12e2c0:     695 tokens, checkpoints:  0,    21.727 MiB
ollama-1  | srv        update:    - prompt 0x1d12d8d0:     670 tokens, checkpoints:  0,    20.946 MiB
ollama-1  | srv        update:    - prompt 0x1d708a50:     730 tokens, checkpoints:  0,    22.821 MiB
ollama-1  | srv        update:    - prompt 0x1d12cbe0:     773 tokens, checkpoints:  0,    24.165 MiB
ollama-1  | srv        update:    - prompt 0x1d12ae00:     779 tokens, checkpoints:  0,    24.353 MiB
ollama-1  | srv        update:    - prompt 0x248f0d00:     677 tokens, checkpoints:  0,    21.164 MiB
ollama-1  | srv        update:    - prompt 0x1d6ed0e0:     677 tokens, checkpoints:  0,    21.164 MiB
ollama-1  | srv        update:    - prompt 0x2111c150:     691 tokens, checkpoints:  0,    21.602 MiB
ollama-1  | srv        update:    - prompt 0x1e7a6190:     738 tokens, checkpoints:  0,    23.071 MiB
ollama-1  | srv        update:    - prompt 0x24d079d0:     777 tokens, checkpoints:  0,    24.291 MiB
ollama-1  | srv        update:    - prompt 0x1d728d30:     805 tokens, checkpoints:  0,    25.166 MiB
ollama-1  | srv        update:    - prompt 0x24240030:     730 tokens, checkpoints:  0,    22.821 MiB
ollama-1  | srv        update:    - prompt 0x248d1790:     659 tokens, checkpoints:  0,    20.602 MiB
ollama-1  | srv  get_availabl: prompt cache update took 4.08 ms
ollama-1  | slot launch_slot_: id  0 | task -1 | sampler chain: logits -> ?penalties -> ?dry -> ?top-n-sigma -> top-k -> ?typical -> top-p -> ?min-p -> ?xtc -> temp-ext -> dist 
ollama-1  | slot launch_slot_: id  0 | task -1 | sampler params: 
ollama-1  | 	repeat_last_n = 64, repeat_penalty = 1.000, frequency_penalty = 0.000, presence_penalty = 0.000
ollama-1  | 	dry_multiplier = 0.000, dry_base = 1.750, dry_allowed_length = 2, dry_penalty_last_n = 64
ollama-1  | 	top_k = 40, top_p = 0.900, min_p = 0.000, xtc_probability = 0.000, xtc_threshold = 0.100, typical_p = 1.000, top_n_sigma = -1.000, temp = 0.000
ollama-1  | 	mirostat = 0, mirostat_lr = 0.100, mirostat_ent = 5.000, adaptive_target = -1.000, adaptive_decay = 0.900
ollama-1  | slot launch_slot_: id  0 | task 1488 | processing task, is_child = 0
ollama-1  | slot   operator(): id  0 | task 1488 | new prompt, n_ctx_slot = 4096, n_keep = 4, task.n_tokens = 731
ollama-1  | slot   operator(): id  0 | task 1488 | need to evaluate at least 1 token for each active slot (n_past = 731, task.n_tokens() = 731)
ollama-1  | slot   operator(): id  0 | task 1488 | n_past was set to 730
ollama-1  | slot   operator(): id  0 | task 1488 | cached n_tokens = 730, memory_seq_rm [730, end)
ollama-1  | slot init_sampler: id  0 | task 1488 | init sampler, took 0.07 ms, tokens: text = 731, total = 731
ollama-1  | slot print_timing: id  0 | task 1488 | prompt eval time =      24.20 ms /     1 tokens (   24.20 ms per token,    41.32 tokens per second)
ollama-1  | slot print_timing: id  0 | task 1488 |        eval time =     234.03 ms /    10 tokens (   26.00 ms per token,    38.46 tokens per second)
ollama-1  | slot print_timing: id  0 | task 1488 |       total time =     258.23 ms /    11 tokens
ollama-1  | slot print_timing: id  0 | task 1488 |    graphs reused =       1019
ollama-1  | slot      release: id  0 | task 1488 | stop processing: n_tokens = 740, truncated = 0
ollama-1  | srv  update_slots: all slots are idle
ollama-1  | [GIN] 2026/10/07 - 09:16:47 | 200 |  1.591552758s |      172.21.0.4 | POST     "/api/generate"
ollama-1  | srv  server_strea: conv_id= (empty=1)
ollama-1  | slot get_availabl: id  0 | task -1 |  - checking sim = 0.509 (328/644) > 0.100
ollama-1  | slot get_availabl: id  0 | task -1 | selected slot by LCP similarity, f_sim_best = 0.509 (> 0.100 thold), f_keep = 0.443
ollama-1  | srv  get_availabl: updating prompt cache
ollama-1  | srv   prompt_save:  - saving prompt with length 740, total state size = 23.134 MiB (draft: 0.000 MiB)
ollama-1  | srv          load:  - looking for better prompt, base f_keep = 0.443, f_sim = 0.509
ollama-1  | srv          load:    - prompt with length     709, lcp =     328, f_keep = 0.463, f_sim = 0.509
ollama-1  | srv          load:    - prompt with length     700, lcp =     328, f_keep = 0.469, f_sim = 0.509
ollama-1  | srv          load:    - prompt with length     695, lcp =     328, f_keep = 0.472, f_sim = 0.509
ollama-1  | srv          load:    - prompt with length     670, lcp =     328, f_keep = 0.490, f_sim = 0.509
ollama-1  | srv          load:    - prompt with length     730, lcp =     328, f_keep = 0.449, f_sim = 0.509
ollama-1  | srv          load:    - prompt with length     773, lcp =     328, f_keep = 0.424, f_sim = 0.509
ollama-1  | srv          load:    - prompt with length     779, lcp =     328, f_keep = 0.421, f_sim = 0.509
ollama-1  | srv          load:    - prompt with length     677, lcp =     328, f_keep = 0.484, f_sim = 0.509
ollama-1  | srv          load:    - prompt with length     677, lcp =     328, f_keep = 0.484, f_sim = 0.509
ollama-1  | srv          load:    - prompt with length     691, lcp =     328, f_keep = 0.475, f_sim = 0.509
ollama-1  | srv          load:    - prompt with length     738, lcp =     328, f_keep = 0.444, f_sim = 0.509
ollama-1  | srv          load:    - prompt with length     777, lcp =     328, f_keep = 0.422, f_sim = 0.509
ollama-1  | srv          load:    - prompt with length     805, lcp =     328, f_keep = 0.407, f_sim = 0.509
ollama-1  | srv          load:    - prompt with length     730, lcp =     328, f_keep = 0.449, f_sim = 0.509
ollama-1  | srv          load:    - prompt with length     659, lcp =     328, f_keep = 0.498, f_sim = 0.509
ollama-1  | srv          load:    - prompt with length     740, lcp =     328, f_keep = 0.443, f_sim = 0.509
ollama-1  | srv        update:  - cache state: 16 prompts, 361.076 MiB (limits: 8192.000 MiB, 4096 tokens, 262043 est)
ollama-1  | srv        update:    - prompt 0x2111c2b0:     709 tokens, checkpoints:  0,    22.165 MiB
ollama-1  | srv        update:    - prompt 0x1d133370:     700 tokens, checkpoints:  0,    21.883 MiB
ollama-1  | srv        update:    - prompt 0x1d12e2c0:     695 tokens, checkpoints:  0,    21.727 MiB
ollama-1  | srv        update:    - prompt 0x1d12d8d0:     670 tokens, checkpoints:  0,    20.946 MiB
ollama-1  | srv        update:    - prompt 0x1d708a50:     730 tokens, checkpoints:  0,    22.821 MiB
ollama-1  | srv        update:    - prompt 0x1d12cbe0:     773 tokens, checkpoints:  0,    24.165 MiB
ollama-1  | srv        update:    - prompt 0x1d12ae00:     779 tokens, checkpoints:  0,    24.353 MiB
ollama-1  | srv        update:    - prompt 0x248f0d00:     677 tokens, checkpoints:  0,    21.164 MiB
ollama-1  | srv        update:    - prompt 0x1d6ed0e0:     677 tokens, checkpoints:  0,    21.164 MiB
ollama-1  | srv        update:    - prompt 0x2111c150:     691 tokens, checkpoints:  0,    21.602 MiB
ollama-1  | srv        update:    - prompt 0x1e7a6190:     738 tokens, checkpoints:  0,    23.071 MiB
ollama-1  | srv        update:    - prompt 0x24d079d0:     777 tokens, checkpoints:  0,    24.291 MiB
ollama-1  | srv        update:    - prompt 0x1d728d30:     805 tokens, checkpoints:  0,    25.166 MiB
ollama-1  | srv        update:    - prompt 0x24240030:     730 tokens, checkpoints:  0,    22.821 MiB
ollama-1  | srv        update:    - prompt 0x248d1790:     659 tokens, checkpoints:  0,    20.602 MiB
ollama-1  | srv        update:    - prompt 0x1e79b710:     740 tokens, checkpoints:  0,    23.134 MiB
ollama-1  | srv  get_availabl: prompt cache update took 4.29 ms
ollama-1  | slot launch_slot_: id  0 | task -1 | sampler chain: logits -> ?penalties -> ?dry -> ?top-n-sigma -> top-k -> ?typical -> top-p -> ?min-p -> ?xtc -> temp-ext -> dist 
ollama-1  | slot launch_slot_: id  0 | task -1 | sampler params: 
ollama-1  | 	repeat_last_n = 64, repeat_penalty = 1.000, frequency_penalty = 0.000, presence_penalty = 0.000
ollama-1  | 	dry_multiplier = 0.000, dry_base = 1.750, dry_allowed_length = 2, dry_penalty_last_n = 64
ollama-1  | 	top_k = 40, top_p = 0.900, min_p = 0.000, xtc_probability = 0.000, xtc_threshold = 0.100, typical_p = 1.000, top_n_sigma = -1.000, temp = 0.000
ollama-1  | 	mirostat = 0, mirostat_lr = 0.100, mirostat_ent = 5.000, adaptive_target = -1.000, adaptive_decay = 0.900
ollama-1  | slot launch_slot_: id  0 | task 1499 | processing task, is_child = 0
ollama-1  | slot   operator(): id  0 | task 1499 | new prompt, n_ctx_slot = 4096, n_keep = 4, task.n_tokens = 644
ollama-1  | slot   operator(): id  0 | task 1499 | cached n_tokens = 328, memory_seq_rm [328, end)
ollama-1  | slot init_sampler: id  0 | task 1499 | init sampler, took 0.04 ms, tokens: text = 644, total = 644
ollama-1  | slot print_timing: id  0 | task 1499 | prompt eval time =    1211.36 ms /   316 tokens (    3.83 ms per token,   260.86 tokens per second)
ollama-1  | slot print_timing: id  0 | task 1499 |        eval time =     181.66 ms /     9 tokens (   22.71 ms per token,    44.04 tokens per second)
ollama-1  | slot print_timing: id  0 | task 1499 |       total time =    1393.02 ms /   325 tokens
ollama-1  | slot print_timing: id  0 | task 1499 |    graphs reused =       1026
ollama-1  | slot      release: id  0 | task 1499 | stop processing: n_tokens = 652, truncated = 0
ollama-1  | srv  update_slots: all slots are idle
ollama-1  | [GIN] 2026/10/07 - 09:16:49 | 200 |  1.403075418s |      172.21.0.4 | POST     "/api/generate"
ollama-1  | srv  server_strea: conv_id= (empty=1)
ollama-1  | slot get_availabl: id  0 | task -1 |  - checking sim = 0.604 (329/545) > 0.100
ollama-1  | slot get_availabl: id  0 | task -1 | selected slot by LCP similarity, f_sim_best = 0.604 (> 0.100 thold), f_keep = 0.505
ollama-1  | slot launch_slot_: id  0 | task -1 | sampler chain: logits -> ?penalties -> ?dry -> ?top-n-sigma -> top-k -> ?typical -> top-p -> ?min-p -> ?xtc -> temp-ext -> dist 
ollama-1  | slot launch_slot_: id  0 | task -1 | sampler params: 
ollama-1  | 	repeat_last_n = 64, repeat_penalty = 1.000, frequency_penalty = 0.000, presence_penalty = 0.000
ollama-1  | 	dry_multiplier = 0.000, dry_base = 1.750, dry_allowed_length = 2, dry_penalty_last_n = 64
ollama-1  | 	top_k = 40, top_p = 0.900, min_p = 0.000, xtc_probability = 0.000, xtc_threshold = 0.100, typical_p = 1.000, top_n_sigma = -1.000, temp = 0.000
ollama-1  | 	mirostat = 0, mirostat_lr = 0.100, mirostat_ent = 5.000, adaptive_target = -1.000, adaptive_decay = 0.900
ollama-1  | slot launch_slot_: id  0 | task 1509 | processing task, is_child = 0
ollama-1  | slot   operator(): id  0 | task 1509 | new prompt, n_ctx_slot = 4096, n_keep = 4, task.n_tokens = 545
ollama-1  | slot   operator(): id  0 | task 1509 | cached n_tokens = 329, memory_seq_rm [329, end)
ollama-1  | slot init_sampler: id  0 | task 1509 | init sampler, took 0.04 ms, tokens: text = 545, total = 545
ollama-1  | slot print_timing: id  0 | task 1509 | prompt eval time =     812.01 ms /   216 tokens (    3.76 ms per token,   266.01 tokens per second)
ollama-1  | slot print_timing: id  0 | task 1509 |        eval time =     158.44 ms /     8 tokens (   22.63 ms per token,    44.18 tokens per second)
ollama-1  | slot print_timing: id  0 | task 1509 |       total time =     970.45 ms /   224 tokens
ollama-1  | slot print_timing: id  0 | task 1509 |    graphs reused =       1032
ollama-1  | slot      release: id  0 | task 1509 | stop processing: n_tokens = 552, truncated = 0
ollama-1  | srv  update_slots: all slots are idle
ollama-1  | [GIN] 2026/10/07 - 09:16:50 | 200 |  2.217524287s |      172.21.0.4 | POST     "/api/generate"
ollama-1  | srv  server_strea: conv_id= (empty=1)
ollama-1  | slot get_availabl: id  0 | task -1 |  - checking sim = 0.583 (328/563) > 0.100
ollama-1  | slot get_availabl: id  0 | task -1 | selected slot by LCP similarity, f_sim_best = 0.583 (> 0.100 thold), f_keep = 0.594
ollama-1  | slot launch_slot_: id  0 | task -1 | sampler chain: logits -> ?penalties -> ?dry -> ?top-n-sigma -> top-k -> ?typical -> top-p -> ?min-p -> ?xtc -> temp-ext -> dist 
ollama-1  | slot launch_slot_: id  0 | task -1 | sampler params: 
ollama-1  | 	repeat_last_n = 64, repeat_penalty = 1.000, frequency_penalty = 0.000, presence_penalty = 0.000
ollama-1  | 	dry_multiplier = 0.000, dry_base = 1.750, dry_allowed_length = 2, dry_penalty_last_n = 64
ollama-1  | 	top_k = 40, top_p = 0.900, min_p = 0.000, xtc_probability = 0.000, xtc_threshold = 0.100, typical_p = 1.000, top_n_sigma = -1.000, temp = 0.000
ollama-1  | 	mirostat = 0, mirostat_lr = 0.100, mirostat_ent = 5.000, adaptive_target = -1.000, adaptive_decay = 0.900
ollama-1  | slot launch_slot_: id  0 | task 1518 | processing task, is_child = 0
ollama-1  | slot   operator(): id  0 | task 1518 | new prompt, n_ctx_slot = 4096, n_keep = 4, task.n_tokens = 563
ollama-1  | slot   operator(): id  0 | task 1518 | cached n_tokens = 328, memory_seq_rm [328, end)
ollama-1  | slot init_sampler: id  0 | task 1518 | init sampler, took 0.06 ms, tokens: text = 563, total = 563
ollama-1  | slot print_timing: id  0 | task 1518 | prompt eval time =     903.99 ms /   235 tokens (    3.85 ms per token,   259.96 tokens per second)
ollama-1  | slot print_timing: id  0 | task 1518 |        eval time =     217.09 ms /    10 tokens (   24.12 ms per token,    41.46 tokens per second)
ollama-1  | slot print_timing: id  0 | task 1518 |       total time =    1121.08 ms /   245 tokens
ollama-1  | slot print_timing: id  0 | task 1518 |    graphs reused =       1040
ollama-1  | slot      release: id  0 | task 1518 | stop processing: n_tokens = 572, truncated = 0
ollama-1  | srv  update_slots: all slots are idle
ollama-1  | [GIN] 2026/10/07 - 09:16:51 | 200 |  2.393259039s |      172.21.0.4 | POST     "/api/generate"
ollama-1  | srv  server_strea: conv_id= (empty=1)
ollama-1  | slot get_availabl: id  0 | task -1 |  - checking sim = 0.511 (330/646) > 0.100
ollama-1  | slot get_availabl: id  0 | task -1 | selected slot by LCP similarity, f_sim_best = 0.511 (> 0.100 thold), f_keep = 0.577
ollama-1  | slot launch_slot_: id  0 | task -1 | sampler chain: logits -> ?penalties -> ?dry -> ?top-n-sigma -> top-k -> ?typical -> top-p -> ?min-p -> ?xtc -> temp-ext -> dist 
ollama-1  | slot launch_slot_: id  0 | task -1 | sampler params: 
ollama-1  | 	repeat_last_n = 64, repeat_penalty = 1.000, frequency_penalty = 0.000, presence_penalty = 0.000
ollama-1  | 	dry_multiplier = 0.000, dry_base = 1.750, dry_allowed_length = 2, dry_penalty_last_n = 64
ollama-1  | 	top_k = 40, top_p = 0.900, min_p = 0.000, xtc_probability = 0.000, xtc_threshold = 0.100, typical_p = 1.000, top_n_sigma = -1.000, temp = 0.000
ollama-1  | 	mirostat = 0, mirostat_lr = 0.100, mirostat_ent = 5.000, adaptive_target = -1.000, adaptive_decay = 0.900
ollama-1  | slot launch_slot_: id  0 | task 1529 | processing task, is_child = 0
ollama-1  | slot   operator(): id  0 | task 1529 | new prompt, n_ctx_slot = 4096, n_keep = 4, task.n_tokens = 646
ollama-1  | slot   operator(): id  0 | task 1529 | cached n_tokens = 330, memory_seq_rm [330, end)
ollama-1  | slot init_sampler: id  0 | task 1529 | init sampler, took 0.06 ms, tokens: text = 646, total = 646
ollama-1  | slot print_timing: id  0 | task 1529 | prompt eval time =    1232.17 ms /   316 tokens (    3.90 ms per token,   256.46 tokens per second)
ollama-1  | slot print_timing: id  0 | task 1529 |        eval time =     175.97 ms /     8 tokens (   25.14 ms per token,    39.78 tokens per second)
ollama-1  | slot print_timing: id  0 | task 1529 |       total time =    1408.14 ms /   324 tokens
ollama-1  | slot print_timing: id  0 | task 1529 |    graphs reused =       1046
ollama-1  | slot      release: id  0 | task 1529 | stop processing: n_tokens = 653, truncated = 0
ollama-1  | srv  update_slots: all slots are idle
ollama-1  | [GIN] 2026/10/07 - 09:16:53 | 200 |  1.688967531s |      172.21.0.4 | POST     "/api/generate"
ollama-1  | [GIN] 2026/10/07 - 09:16:54 | 200 |       15.67µs |       127.0.0.1 | HEAD     "/"
ollama-1  | [GIN] 2026/10/07 - 09:16:54 | 200 |     648.261µs |       127.0.0.1 | GET      "/api/tags"
ollama-1  | srv  server_strea: conv_id= (empty=1)
ollama-1  | slot get_availabl: id  0 | task -1 |  - checking sim = 0.626 (328/524) > 0.100
ollama-1  | slot get_availabl: id  0 | task -1 | selected slot by LCP similarity, f_sim_best = 0.626 (> 0.100 thold), f_keep = 0.502
ollama-1  | slot launch_slot_: id  0 | task -1 | sampler chain: logits -> ?penalties -> ?dry -> ?top-n-sigma -> top-k -> ?typical -> top-p -> ?min-p -> ?xtc -> temp-ext -> dist 
ollama-1  | slot launch_slot_: id  0 | task -1 | sampler params: 
ollama-1  | 	repeat_last_n = 64, repeat_penalty = 1.000, frequency_penalty = 0.000, presence_penalty = 0.000
ollama-1  | 	dry_multiplier = 0.000, dry_base = 1.750, dry_allowed_length = 2, dry_penalty_last_n = 64
ollama-1  | 	top_k = 40, top_p = 0.900, min_p = 0.000, xtc_probability = 0.000, xtc_threshold = 0.100, typical_p = 1.000, top_n_sigma = -1.000, temp = 0.000
ollama-1  | 	mirostat = 0, mirostat_lr = 0.100, mirostat_ent = 5.000, adaptive_target = -1.000, adaptive_decay = 0.900
ollama-1  | slot launch_slot_: id  0 | task 1538 | processing task, is_child = 0
ollama-1  | slot   operator(): id  0 | task 1538 | new prompt, n_ctx_slot = 4096, n_keep = 4, task.n_tokens = 524
ollama-1  | slot   operator(): id  0 | task 1538 | cached n_tokens = 328, memory_seq_rm [328, end)
ollama-1  | slot init_sampler: id  0 | task 1538 | init sampler, took 0.04 ms, tokens: text = 524, total = 524
ollama-1  | slot print_timing: id  0 | task 1538 | prompt eval time =     750.23 ms /   196 tokens (    3.83 ms per token,   261.25 tokens per second)
ollama-1  | slot print_timing: id  0 | task 1538 |        eval time =     176.90 ms /     9 tokens (   22.11 ms per token,    45.22 tokens per second)
ollama-1  | slot print_timing: id  0 | task 1538 |       total time =     927.13 ms /   205 tokens
ollama-1  | slot print_timing: id  0 | task 1538 |    graphs reused =       1053
ollama-1  | slot      release: id  0 | task 1538 | stop processing: n_tokens = 532, truncated = 0
ollama-1  | srv  update_slots: all slots are idle
ollama-1  | [GIN] 2026/10/07 - 09:16:58 | 200 |  932.845604ms |      172.21.0.4 | POST     "/api/generate"
ollama-1  | [GIN] 2026/10/07 - 09:17:04 | 200 |      16.492µs |       127.0.0.1 | HEAD     "/"
ollama-1  | [GIN] 2026/10/07 - 09:17:04 | 200 |    1.222184ms |       127.0.0.1 | GET      "/api/tags"
ollama-1  | srv  server_strea: conv_id= (empty=1)
ollama-1  | slot get_availabl: id  0 | task -1 |  - checking sim = 0.737 (328/445) > 0.100
ollama-1  | slot get_availabl: id  0 | task -1 | selected slot by LCP similarity, f_sim_best = 0.737 (> 0.100 thold), f_keep = 0.617
ollama-1  | slot launch_slot_: id  0 | task -1 | sampler chain: logits -> ?penalties -> ?dry -> ?top-n-sigma -> top-k -> ?typical -> top-p -> ?min-p -> ?xtc -> temp-ext -> dist 
ollama-1  | slot launch_slot_: id  0 | task -1 | sampler params: 
ollama-1  | 	repeat_last_n = 64, repeat_penalty = 1.000, frequency_penalty = 0.000, presence_penalty = 0.000
ollama-1  | 	dry_multiplier = 0.000, dry_base = 1.750, dry_allowed_length = 2, dry_penalty_last_n = 64
ollama-1  | 	top_k = 40, top_p = 0.900, min_p = 0.000, xtc_probability = 0.000, xtc_threshold = 0.100, typical_p = 1.000, top_n_sigma = -1.000, temp = 0.000
ollama-1  | 	mirostat = 0, mirostat_lr = 0.100, mirostat_ent = 5.000, adaptive_target = -1.000, adaptive_decay = 0.900
ollama-1  | slot launch_slot_: id  0 | task 1548 | processing task, is_child = 0
ollama-1  | slot   operator(): id  0 | task 1548 | new prompt, n_ctx_slot = 4096, n_keep = 4, task.n_tokens = 445
ollama-1  | slot   operator(): id  0 | task 1548 | cached n_tokens = 328, memory_seq_rm [328, end)
ollama-1  | slot init_sampler: id  0 | task 1548 | init sampler, took 0.04 ms, tokens: text = 445, total = 445
ollama-1  | slot print_timing: id  0 | task 1548 | prompt eval time =     441.52 ms /   117 tokens (    3.77 ms per token,   264.99 tokens per second)
ollama-1  | slot print_timing: id  0 | task 1548 |        eval time =     172.12 ms /     9 tokens (   21.51 ms per token,    46.48 tokens per second)
ollama-1  | slot print_timing: id  0 | task 1548 |       total time =     613.64 ms /   126 tokens
ollama-1  | slot print_timing: id  0 | task 1548 |    graphs reused =       1060
ollama-1  | slot      release: id  0 | task 1548 | stop processing: n_tokens = 453, truncated = 0
ollama-1  | srv  update_slots: all slots are idle
ollama-1  | [GIN] 2026/10/07 - 09:17:06 | 200 |  618.760717ms |      172.21.0.4 | POST     "/api/generate"
ollama-1  | srv  server_strea: conv_id= (empty=1)
ollama-1  | slot get_availabl: id  0 | task -1 |  - checking sim = 0.648 (328/506) > 0.100
ollama-1  | slot get_availabl: id  0 | task -1 | selected slot by LCP similarity, f_sim_best = 0.648 (> 0.100 thold), f_keep = 0.724
ollama-1  | slot launch_slot_: id  0 | task -1 | sampler chain: logits -> ?penalties -> ?dry -> ?top-n-sigma -> top-k -> ?typical -> top-p -> ?min-p -> ?xtc -> temp-ext -> dist 
ollama-1  | slot launch_slot_: id  0 | task -1 | sampler params: 
ollama-1  | 	repeat_last_n = 64, repeat_penalty = 1.000, frequency_penalty = 0.000, presence_penalty = 0.000
ollama-1  | 	dry_multiplier = 0.000, dry_base = 1.750, dry_allowed_length = 2, dry_penalty_last_n = 64
ollama-1  | 	top_k = 40, top_p = 0.900, min_p = 0.000, xtc_probability = 0.000, xtc_threshold = 0.100, typical_p = 1.000, top_n_sigma = -1.000, temp = 0.000
ollama-1  | 	mirostat = 0, mirostat_lr = 0.100, mirostat_ent = 5.000, adaptive_target = -1.000, adaptive_decay = 0.900
ollama-1  | slot launch_slot_: id  0 | task 1558 | processing task, is_child = 0
ollama-1  | slot   operator(): id  0 | task 1558 | new prompt, n_ctx_slot = 4096, n_keep = 4, task.n_tokens = 506
ollama-1  | slot   operator(): id  0 | task 1558 | cached n_tokens = 328, memory_seq_rm [328, end)
ollama-1  | slot init_sampler: id  0 | task 1558 | init sampler, took 0.04 ms, tokens: text = 506, total = 506
ollama-1  | slot print_timing: id  0 | task 1558 | prompt eval time =     674.75 ms /   178 tokens (    3.79 ms per token,   263.80 tokens per second)
ollama-1  | slot print_timing: id  0 | task 1558 |        eval time =     158.72 ms /     8 tokens (   22.67 ms per token,    44.10 tokens per second)
ollama-1  | slot print_timing: id  0 | task 1558 |       total time =     833.47 ms /   186 tokens
ollama-1  | slot print_timing: id  0 | task 1558 |    graphs reused =       1065
ollama-1  | slot      release: id  0 | task 1558 | stop processing: n_tokens = 513, truncated = 0
ollama-1  | srv  update_slots: all slots are idle
ollama-1  | [GIN] 2026/10/07 - 09:17:08 | 200 |  838.882926ms |      172.21.0.4 | POST     "/api/generate"
ollama-1  | [GIN] 2026/10/07 - 09:17:14 | 200 |      15.414µs |       127.0.0.1 | HEAD     "/"
ollama-1  | [GIN] 2026/10/07 - 09:17:14 | 200 |     687.831µs |       127.0.0.1 | GET      "/api/tags"
ollama-1  | srv  server_strea: conv_id= (empty=1)
ollama-1  | slot get_availabl: id  0 | task -1 |  - checking sim = 0.787 (328/417) > 0.100
ollama-1  | slot get_availabl: id  0 | task -1 | selected slot by LCP similarity, f_sim_best = 0.787 (> 0.100 thold), f_keep = 0.639
ollama-1  | slot launch_slot_: id  0 | task -1 | sampler chain: logits -> ?penalties -> ?dry -> ?top-n-sigma -> top-k -> ?typical -> top-p -> ?min-p -> ?xtc -> temp-ext -> dist 
ollama-1  | slot launch_slot_: id  0 | task -1 | sampler params: 
ollama-1  | 	repeat_last_n = 64, repeat_penalty = 1.000, frequency_penalty = 0.000, presence_penalty = 0.000
ollama-1  | 	dry_multiplier = 0.000, dry_base = 1.750, dry_allowed_length = 2, dry_penalty_last_n = 64
ollama-1  | 	top_k = 40, top_p = 0.900, min_p = 0.000, xtc_probability = 0.000, xtc_threshold = 0.100, typical_p = 1.000, top_n_sigma = -1.000, temp = 0.000
ollama-1  | 	mirostat = 0, mirostat_lr = 0.100, mirostat_ent = 5.000, adaptive_target = -1.000, adaptive_decay = 0.900
ollama-1  | slot launch_slot_: id  0 | task 1567 | processing task, is_child = 0
ollama-1  | slot   operator(): id  0 | task 1567 | new prompt, n_ctx_slot = 4096, n_keep = 4, task.n_tokens = 417
ollama-1  | slot   operator(): id  0 | task 1567 | cached n_tokens = 328, memory_seq_rm [328, end)
ollama-1  | slot init_sampler: id  0 | task 1567 | init sampler, took 0.03 ms, tokens: text = 417, total = 417
ollama-1  | slot print_timing: id  0 | task 1567 | prompt eval time =     332.24 ms /    89 tokens (    3.73 ms per token,   267.88 tokens per second)
ollama-1  | slot print_timing: id  0 | task 1567 |        eval time =     162.38 ms /     9 tokens (   20.30 ms per token,    49.27 tokens per second)
ollama-1  | slot print_timing: id  0 | task 1567 |       total time =     494.62 ms /    98 tokens
ollama-1  | slot print_timing: id  0 | task 1567 |    graphs reused =       1072
ollama-1  | slot      release: id  0 | task 1567 | stop processing: n_tokens = 425, truncated = 0
ollama-1  | srv  update_slots: all slots are idle
ollama-1  | [GIN] 2026/10/07 - 09:17:16 | 200 |  498.884209ms |      172.21.0.4 | POST     "/api/generate"
ollama-1  | srv  server_strea: conv_id= (empty=1)
ollama-1  | slot get_availabl: id  0 | task -1 |  - checking sim = 0.490 (328/670) > 0.100
ollama-1  | slot get_availabl: id  0 | task -1 | selected slot by LCP similarity, f_sim_best = 0.490 (> 0.100 thold), f_keep = 0.772
ollama-1  | slot launch_slot_: id  0 | task -1 | sampler chain: logits -> ?penalties -> ?dry -> ?top-n-sigma -> top-k -> ?typical -> top-p -> ?min-p -> ?xtc -> temp-ext -> dist 
ollama-1  | slot launch_slot_: id  0 | task -1 | sampler params: 
ollama-1  | 	repeat_last_n = 64, repeat_penalty = 1.000, frequency_penalty = 0.000, presence_penalty = 0.000
ollama-1  | 	dry_multiplier = 0.000, dry_base = 1.750, dry_allowed_length = 2, dry_penalty_last_n = 64
ollama-1  | 	top_k = 40, top_p = 0.900, min_p = 0.000, xtc_probability = 0.000, xtc_threshold = 0.100, typical_p = 1.000, top_n_sigma = -1.000, temp = 0.000
ollama-1  | 	mirostat = 0, mirostat_lr = 0.100, mirostat_ent = 5.000, adaptive_target = -1.000, adaptive_decay = 0.900
ollama-1  | slot launch_slot_: id  0 | task 1577 | processing task, is_child = 0
ollama-1  | slot   operator(): id  0 | task 1577 | new prompt, n_ctx_slot = 4096, n_keep = 4, task.n_tokens = 670
ollama-1  | slot   operator(): id  0 | task 1577 | cached n_tokens = 328, memory_seq_rm [328, end)
ollama-1  | slot init_sampler: id  0 | task 1577 | init sampler, took 0.05 ms, tokens: text = 670, total = 670
ollama-1  | slot print_timing: id  0 | task 1577 | prompt eval time =    1271.29 ms /   342 tokens (    3.72 ms per token,   269.02 tokens per second)
ollama-1  | slot print_timing: id  0 | task 1577 |        eval time =     150.77 ms /     8 tokens (   21.54 ms per token,    46.43 tokens per second)
ollama-1  | slot print_timing: id  0 | task 1577 |       total time =    1422.06 ms /   350 tokens
ollama-1  | slot print_timing: id  0 | task 1577 |    graphs reused =       1078
ollama-1  | slot      release: id  0 | task 1577 | stop processing: n_tokens = 677, truncated = 0
ollama-1  | srv  update_slots: all slots are idle
ollama-1  | [GIN] 2026/10/07 - 09:17:23 | 200 |  1.428576778s |      172.21.0.4 | POST     "/api/generate"
ollama-1  | srv  server_strea: conv_id= (empty=1)
ollama-1  | slot get_availabl: id  0 | task -1 |  - checking sim = 0.603 (328/544) > 0.100
ollama-1  | slot get_availabl: id  0 | task -1 | selected slot by LCP similarity, f_sim_best = 0.603 (> 0.100 thold), f_keep = 0.484
ollama-1  | srv  get_availabl: updating prompt cache
ollama-1  | srv   prompt_save:  - saving prompt with length 677, total state size = 21.164 MiB (draft: 0.000 MiB)
ollama-1  | srv         alloc:  - prompt is already in the cache, skipping
ollama-1  | srv          load:  - looking for better prompt, base f_keep = 0.484, f_sim = 0.603
ollama-1  | srv          load:    - prompt with length     709, lcp =     328, f_keep = 0.463, f_sim = 0.603
ollama-1  | srv          load:    - prompt with length     700, lcp =     328, f_keep = 0.469, f_sim = 0.603
ollama-1  | srv          load:    - prompt with length     695, lcp =     330, f_keep = 0.475, f_sim = 0.607
ollama-1  | srv          load:    - prompt with length     670, lcp =     328, f_keep = 0.490, f_sim = 0.603
ollama-1  | srv          load:    - prompt with length     730, lcp =     328, f_keep = 0.449, f_sim = 0.603
ollama-1  | srv          load:    - prompt with length     773, lcp =     328, f_keep = 0.424, f_sim = 0.603
ollama-1  | srv          load:    - prompt with length     779, lcp =     328, f_keep = 0.421, f_sim = 0.603
ollama-1  | srv          load:    - prompt with length     677, lcp =     328, f_keep = 0.484, f_sim = 0.603
ollama-1  | srv          load:    - prompt with length     677, lcp =     328, f_keep = 0.484, f_sim = 0.603
ollama-1  | srv          load:    - prompt with length     691, lcp =     328, f_keep = 0.475, f_sim = 0.603
ollama-1  | srv          load:    - prompt with length     738, lcp =     328, f_keep = 0.444, f_sim = 0.603
ollama-1  | srv          load:    - prompt with length     777, lcp =     328, f_keep = 0.422, f_sim = 0.603
ollama-1  | srv          load:    - prompt with length     805, lcp =     328, f_keep = 0.407, f_sim = 0.603
ollama-1  | srv          load:    - prompt with length     730, lcp =     328, f_keep = 0.449, f_sim = 0.603
ollama-1  | srv          load:    - prompt with length     659, lcp =     328, f_keep = 0.498, f_sim = 0.603
ollama-1  | srv          load:    - prompt with length     740, lcp =     328, f_keep = 0.443, f_sim = 0.603
ollama-1  | srv        update:  - cache state: 16 prompts, 361.076 MiB (limits: 8192.000 MiB, 4096 tokens, 262043 est)
ollama-1  | srv        update:    - prompt 0x2111c2b0:     709 tokens, checkpoints:  0,    22.165 MiB
ollama-1  | srv        update:    - prompt 0x1d133370:     700 tokens, checkpoints:  0,    21.883 MiB
ollama-1  | srv        update:    - prompt 0x1d12e2c0:     695 tokens, checkpoints:  0,    21.727 MiB
ollama-1  | srv        update:    - prompt 0x1d12d8d0:     670 tokens, checkpoints:  0,    20.946 MiB
ollama-1  | srv        update:    - prompt 0x1d708a50:     730 tokens, checkpoints:  0,    22.821 MiB
ollama-1  | srv        update:    - prompt 0x1d12cbe0:     773 tokens, checkpoints:  0,    24.165 MiB
ollama-1  | srv        update:    - prompt 0x1d12ae00:     779 tokens, checkpoints:  0,    24.353 MiB
ollama-1  | srv        update:    - prompt 0x248f0d00:     677 tokens, checkpoints:  0,    21.164 MiB
ollama-1  | srv        update:    - prompt 0x1d6ed0e0:     677 tokens, checkpoints:  0,    21.164 MiB
ollama-1  | srv        update:    - prompt 0x2111c150:     691 tokens, checkpoints:  0,    21.602 MiB
ollama-1  | srv        update:    - prompt 0x1e7a6190:     738 tokens, checkpoints:  0,    23.071 MiB
ollama-1  | srv        update:    - prompt 0x24d079d0:     777 tokens, checkpoints:  0,    24.291 MiB
ollama-1  | srv        update:    - prompt 0x1d728d30:     805 tokens, checkpoints:  0,    25.166 MiB
ollama-1  | srv        update:    - prompt 0x24240030:     730 tokens, checkpoints:  0,    22.821 MiB
ollama-1  | srv        update:    - prompt 0x248d1790:     659 tokens, checkpoints:  0,    20.602 MiB
ollama-1  | srv        update:    - prompt 0x1e79b710:     740 tokens, checkpoints:  0,    23.134 MiB
ollama-1  | srv  get_availabl: prompt cache update took 0.05 ms
ollama-1  | slot launch_slot_: id  0 | task -1 | sampler chain: logits -> ?penalties -> ?dry -> ?top-n-sigma -> top-k -> ?typical -> top-p -> ?min-p -> ?xtc -> temp-ext -> dist 
ollama-1  | slot launch_slot_: id  0 | task -1 | sampler params: 
ollama-1  | 	repeat_last_n = 64, repeat_penalty = 1.000, frequency_penalty = 0.000, presence_penalty = 0.000
ollama-1  | 	dry_multiplier = 0.000, dry_base = 1.750, dry_allowed_length = 2, dry_penalty_last_n = 64
ollama-1  | 	top_k = 40, top_p = 0.900, min_p = 0.000, xtc_probability = 0.000, xtc_threshold = 0.100, typical_p = 1.000, top_n_sigma = -1.000, temp = 0.000
ollama-1  | 	mirostat = 0, mirostat_lr = 0.100, mirostat_ent = 5.000, adaptive_target = -1.000, adaptive_decay = 0.900
ollama-1  | slot launch_slot_: id  0 | task 1586 | processing task, is_child = 0
ollama-1  | slot   operator(): id  0 | task 1586 | new prompt, n_ctx_slot = 4096, n_keep = 4, task.n_tokens = 544
ollama-1  | slot   operator(): id  0 | task 1586 | cached n_tokens = 328, memory_seq_rm [328, end)
ollama-1  | slot init_sampler: id  0 | task 1586 | init sampler, took 0.04 ms, tokens: text = 544, total = 544
ollama-1  | [GIN] 2026/10/07 - 09:17:24 | 200 |      25.809µs |       127.0.0.1 | HEAD     "/"
ollama-1  | [GIN] 2026/10/07 - 09:17:24 | 200 |    1.221299ms |       127.0.0.1 | GET      "/api/tags"
ollama-1  | slot print_timing: id  0 | task 1586 | prompt eval time =     820.09 ms /   216 tokens (    3.80 ms per token,   263.39 tokens per second)
ollama-1  | slot print_timing: id  0 | task 1586 |        eval time =     164.71 ms /     8 tokens (   23.53 ms per token,    42.50 tokens per second)
ollama-1  | slot print_timing: id  0 | task 1586 |       total time =     984.80 ms /   224 tokens
ollama-1  | slot print_timing: id  0 | task 1586 |    graphs reused =       1084
ollama-1  | slot      release: id  0 | task 1586 | stop processing: n_tokens = 551, truncated = 0
ollama-1  | srv  update_slots: all slots are idle
ollama-1  | [GIN] 2026/10/07 - 09:17:24 | 200 |  1.402362343s |      172.21.0.4 | POST     "/api/generate"
ollama-1  | srv  server_strea: conv_id= (empty=1)
ollama-1  | slot get_availabl: id  0 | task -1 |  - checking sim = 0.775 (328/423) > 0.100
ollama-1  | slot get_availabl: id  0 | task -1 | selected slot by LCP similarity, f_sim_best = 0.775 (> 0.100 thold), f_keep = 0.595
ollama-1  | slot launch_slot_: id  0 | task -1 | sampler chain: logits -> ?penalties -> ?dry -> ?top-n-sigma -> top-k -> ?typical -> top-p -> ?min-p -> ?xtc -> temp-ext -> dist 
ollama-1  | slot launch_slot_: id  0 | task -1 | sampler params: 
ollama-1  | 	repeat_last_n = 64, repeat_penalty = 1.000, frequency_penalty = 0.000, presence_penalty = 0.000
ollama-1  | 	dry_multiplier = 0.000, dry_base = 1.750, dry_allowed_length = 2, dry_penalty_last_n = 64
ollama-1  | 	top_k = 40, top_p = 0.900, min_p = 0.000, xtc_probability = 0.000, xtc_threshold = 0.100, typical_p = 1.000, top_n_sigma = -1.000, temp = 0.000
ollama-1  | 	mirostat = 0, mirostat_lr = 0.100, mirostat_ent = 5.000, adaptive_target = -1.000, adaptive_decay = 0.900
ollama-1  | slot launch_slot_: id  0 | task 1595 | processing task, is_child = 0
ollama-1  | slot   operator(): id  0 | task 1595 | new prompt, n_ctx_slot = 4096, n_keep = 4, task.n_tokens = 423
ollama-1  | slot   operator(): id  0 | task 1595 | cached n_tokens = 328, memory_seq_rm [328, end)
ollama-1  | slot init_sampler: id  0 | task 1595 | init sampler, took 0.03 ms, tokens: text = 423, total = 423
ollama-1  | slot print_timing: id  0 | task 1595 | prompt eval time =     363.85 ms /    95 tokens (    3.83 ms per token,   261.09 tokens per second)
ollama-1  | slot print_timing: id  0 | task 1595 |        eval time =     162.38 ms /     8 tokens (   23.20 ms per token,    43.11 tokens per second)
ollama-1  | slot print_timing: id  0 | task 1595 |       total time =     526.24 ms /   103 tokens
ollama-1  | slot print_timing: id  0 | task 1595 |    graphs reused =       1090
ollama-1  | slot      release: id  0 | task 1595 | stop processing: n_tokens = 430, truncated = 0
ollama-1  | srv  update_slots: all slots are idle
ollama-1  | [GIN] 2026/10/07 - 09:17:28 | 200 |  530.881636ms |      172.21.0.4 | POST     "/api/generate"
ollama-1  | srv  server_strea: conv_id= (empty=1)
ollama-1  | slot get_availabl: id  0 | task -1 |  - checking sim = 0.646 (328/508) > 0.100
ollama-1  | slot get_availabl: id  0 | task -1 | selected slot by LCP similarity, f_sim_best = 0.646 (> 0.100 thold), f_keep = 0.763
ollama-1  | slot launch_slot_: id  0 | task -1 | sampler chain: logits -> ?penalties -> ?dry -> ?top-n-sigma -> top-k -> ?typical -> top-p -> ?min-p -> ?xtc -> temp-ext -> dist 
ollama-1  | slot launch_slot_: id  0 | task -1 | sampler params: 
ollama-1  | 	repeat_last_n = 64, repeat_penalty = 1.000, frequency_penalty = 0.000, presence_penalty = 0.000
ollama-1  | 	dry_multiplier = 0.000, dry_base = 1.750, dry_allowed_length = 2, dry_penalty_last_n = 64
ollama-1  | 	top_k = 40, top_p = 0.900, min_p = 0.000, xtc_probability = 0.000, xtc_threshold = 0.100, typical_p = 1.000, top_n_sigma = -1.000, temp = 0.000
ollama-1  | 	mirostat = 0, mirostat_lr = 0.100, mirostat_ent = 5.000, adaptive_target = -1.000, adaptive_decay = 0.900
ollama-1  | slot launch_slot_: id  0 | task 1604 | processing task, is_child = 0
ollama-1  | slot   operator(): id  0 | task 1604 | new prompt, n_ctx_slot = 4096, n_keep = 4, task.n_tokens = 508
ollama-1  | slot   operator(): id  0 | task 1604 | cached n_tokens = 328, memory_seq_rm [328, end)
ollama-1  | slot init_sampler: id  0 | task 1604 | init sampler, took 0.04 ms, tokens: text = 508, total = 508
ollama-1  | slot print_timing: id  0 | task 1604 | prompt eval time =     668.98 ms /   180 tokens (    3.72 ms per token,   269.06 tokens per second)
ollama-1  | slot print_timing: id  0 | task 1604 |        eval time =     162.87 ms /     8 tokens (   23.27 ms per token,    42.98 tokens per second)
ollama-1  | slot print_timing: id  0 | task 1604 |       total time =     831.85 ms /   188 tokens
ollama-1  | slot print_timing: id  0 | task 1604 |    graphs reused =       1095
ollama-1  | slot      release: id  0 | task 1604 | stop processing: n_tokens = 515, truncated = 0
ollama-1  | srv  update_slots: all slots are idle
ollama-1  | [GIN] 2026/10/07 - 09:17:30 | 200 |  836.695345ms |      172.21.0.4 | POST     "/api/generate"
ollama-1  | srv  server_strea: conv_id= (empty=1)
ollama-1  | slot get_availabl: id  0 | task -1 |  - checking sim = 0.769 (329/428) > 0.100
ollama-1  | slot get_availabl: id  0 | task -1 | selected slot by LCP similarity, f_sim_best = 0.769 (> 0.100 thold), f_keep = 0.639
ollama-1  | slot launch_slot_: id  0 | task -1 | sampler chain: logits -> ?penalties -> ?dry -> ?top-n-sigma -> top-k -> ?typical -> top-p -> ?min-p -> ?xtc -> temp-ext -> dist 
ollama-1  | slot launch_slot_: id  0 | task -1 | sampler params: 
ollama-1  | 	repeat_last_n = 64, repeat_penalty = 1.000, frequency_penalty = 0.000, presence_penalty = 0.000
ollama-1  | 	dry_multiplier = 0.000, dry_base = 1.750, dry_allowed_length = 2, dry_penalty_last_n = 64
ollama-1  | 	top_k = 40, top_p = 0.900, min_p = 0.000, xtc_probability = 0.000, xtc_threshold = 0.100, typical_p = 1.000, top_n_sigma = -1.000, temp = 0.000
ollama-1  | 	mirostat = 0, mirostat_lr = 0.100, mirostat_ent = 5.000, adaptive_target = -1.000, adaptive_decay = 0.900
ollama-1  | slot launch_slot_: id  0 | task 1613 | processing task, is_child = 0
ollama-1  | slot   operator(): id  0 | task 1613 | new prompt, n_ctx_slot = 4096, n_keep = 4, task.n_tokens = 428
ollama-1  | slot   operator(): id  0 | task 1613 | cached n_tokens = 329, memory_seq_rm [329, end)
ollama-1  | slot init_sampler: id  0 | task 1613 | init sampler, took 0.05 ms, tokens: text = 428, total = 428
ollama-1  | slot print_timing: id  0 | task 1613 | prompt eval time =     386.74 ms /    99 tokens (    3.91 ms per token,   255.98 tokens per second)
ollama-1  | slot print_timing: id  0 | task 1613 |        eval time =     213.57 ms /    10 tokens (   23.73 ms per token,    42.14 tokens per second)
ollama-1  | slot print_timing: id  0 | task 1613 |       total time =     600.31 ms /   109 tokens
ollama-1  | slot print_timing: id  0 | task 1613 |    graphs reused =       1103
ollama-1  | slot      release: id  0 | task 1613 | stop processing: n_tokens = 437, truncated = 0
ollama-1  | srv  update_slots: all slots are idle
ollama-1  | [GIN] 2026/10/07 - 09:17:31 | 200 |  1.197345548s |      172.21.0.4 | POST     "/api/generate"
ollama-1  | srv  server_strea: conv_id= (empty=1)
ollama-1  | slot get_availabl: id  0 | task -1 |  - checking sim = 0.450 (329/731) > 0.100
ollama-1  | slot get_availabl: id  0 | task -1 | selected slot by LCP similarity, f_sim_best = 0.450 (> 0.100 thold), f_keep = 0.753
ollama-1  | slot launch_slot_: id  0 | task -1 | sampler chain: logits -> ?penalties -> ?dry -> ?top-n-sigma -> top-k -> ?typical -> top-p -> ?min-p -> ?xtc -> temp-ext -> dist 
ollama-1  | slot launch_slot_: id  0 | task -1 | sampler params: 
ollama-1  | 	repeat_last_n = 64, repeat_penalty = 1.000, frequency_penalty = 0.000, presence_penalty = 0.000
ollama-1  | 	dry_multiplier = 0.000, dry_base = 1.750, dry_allowed_length = 2, dry_penalty_last_n = 64
ollama-1  | 	top_k = 40, top_p = 0.900, min_p = 0.000, xtc_probability = 0.000, xtc_threshold = 0.100, typical_p = 1.000, top_n_sigma = -1.000, temp = 0.000
ollama-1  | 	mirostat = 0, mirostat_lr = 0.100, mirostat_ent = 5.000, adaptive_target = -1.000, adaptive_decay = 0.900
ollama-1  | slot launch_slot_: id  0 | task 1624 | processing task, is_child = 0
ollama-1  | slot   operator(): id  0 | task 1624 | new prompt, n_ctx_slot = 4096, n_keep = 4, task.n_tokens = 731
ollama-1  | slot   operator(): id  0 | task 1624 | cached n_tokens = 329, memory_seq_rm [329, end)
ollama-1  | slot init_sampler: id  0 | task 1624 | init sampler, took 0.05 ms, tokens: text = 731, total = 731
ollama-1  | [GIN] 2026/10/07 - 09:17:34 | 200 |       17.02µs |       127.0.0.1 | HEAD     "/"
ollama-1  | [GIN] 2026/10/07 - 09:17:34 | 200 |    2.275029ms |       127.0.0.1 | GET      "/api/tags"
ollama-1  | slot print_timing: id  0 | task 1624 | prompt eval time =    1520.73 ms /   402 tokens (    3.78 ms per token,   264.35 tokens per second)
ollama-1  | slot print_timing: id  0 | task 1624 |        eval time =     177.33 ms /     8 tokens (   25.33 ms per token,    39.47 tokens per second)
ollama-1  | slot print_timing: id  0 | task 1624 |       total time =    1698.06 ms /   410 tokens
ollama-1  | slot print_timing: id  0 | task 1624 |    graphs reused =       1109
ollama-1  | slot      release: id  0 | task 1624 | stop processing: n_tokens = 738, truncated = 0
ollama-1  | srv  update_slots: all slots are idle
ollama-1  | [GIN] 2026/10/07 - 09:17:34 | 200 |  1.704048185s |      172.21.0.4 | POST     "/api/generate"
ollama-1  | srv  server_strea: conv_id= (empty=1)
ollama-1  | slot get_availabl: id  0 | task -1 |  - checking sim = 0.563 (329/584) > 0.100
ollama-1  | slot get_availabl: id  0 | task -1 | selected slot by LCP similarity, f_sim_best = 0.563 (> 0.100 thold), f_keep = 0.446
ollama-1  | srv  get_availabl: updating prompt cache
ollama-1  | srv   prompt_save:  - saving prompt with length 738, total state size = 23.071 MiB (draft: 0.000 MiB)
ollama-1  | srv          load:  - looking for better prompt, base f_keep = 0.446, f_sim = 0.563
ollama-1  | srv          load:    - prompt with length     709, lcp =     328, f_keep = 0.463, f_sim = 0.562
ollama-1  | srv          load:    - prompt with length     700, lcp =     328, f_keep = 0.469, f_sim = 0.562
ollama-1  | srv          load:    - prompt with length     695, lcp =     328, f_keep = 0.472, f_sim = 0.562
ollama-1  | srv          load:    - prompt with length     670, lcp =     328, f_keep = 0.490, f_sim = 0.562
ollama-1  | srv          load:    - prompt with length     730, lcp =     328, f_keep = 0.449, f_sim = 0.562
ollama-1  | srv          load:    - prompt with length     773, lcp =     329, f_keep = 0.426, f_sim = 0.563
ollama-1  | srv          load:    - prompt with length     779, lcp =     328, f_keep = 0.421, f_sim = 0.562
ollama-1  | srv          load:    - prompt with length     677, lcp =     329, f_keep = 0.486, f_sim = 0.563
ollama-1  | srv          load:    - prompt with length     677, lcp =     329, f_keep = 0.486, f_sim = 0.563
ollama-1  | srv          load:    - prompt with length     691, lcp =     329, f_keep = 0.476, f_sim = 0.563
ollama-1  | srv          load:    - prompt with length     738, lcp =     328, f_keep = 0.444, f_sim = 0.562
ollama-1  | srv          load:    - prompt with length     777, lcp =     329, f_keep = 0.423, f_sim = 0.563
ollama-1  | srv          load:    - prompt with length     805, lcp =     328, f_keep = 0.407, f_sim = 0.562
ollama-1  | srv          load:    - prompt with length     730, lcp =     329, f_keep = 0.451, f_sim = 0.563
ollama-1  | srv          load:    - prompt with length     659, lcp =     329, f_keep = 0.499, f_sim = 0.563
ollama-1  | srv          load:    - prompt with length     740, lcp =     328, f_keep = 0.443, f_sim = 0.562
ollama-1  | srv          load:    - prompt with length     738, lcp =     329, f_keep = 0.446, f_sim = 0.563
ollama-1  | srv        update:  - cache state: 17 prompts, 384.147 MiB (limits: 8192.000 MiB, 4096 tokens, 262043 est)
ollama-1  | srv        update:    - prompt 0x2111c2b0:     709 tokens, checkpoints:  0,    22.165 MiB
ollama-1  | srv        update:    - prompt 0x1d133370:     700 tokens, checkpoints:  0,    21.883 MiB
ollama-1  | srv        update:    - prompt 0x1d12e2c0:     695 tokens, checkpoints:  0,    21.727 MiB
ollama-1  | srv        update:    - prompt 0x1d12d8d0:     670 tokens, checkpoints:  0,    20.946 MiB
ollama-1  | srv        update:    - prompt 0x1d708a50:     730 tokens, checkpoints:  0,    22.821 MiB
ollama-1  | srv        update:    - prompt 0x1d12cbe0:     773 tokens, checkpoints:  0,    24.165 MiB
ollama-1  | srv        update:    - prompt 0x1d12ae00:     779 tokens, checkpoints:  0,    24.353 MiB
ollama-1  | srv        update:    - prompt 0x248f0d00:     677 tokens, checkpoints:  0,    21.164 MiB
ollama-1  | srv        update:    - prompt 0x1d6ed0e0:     677 tokens, checkpoints:  0,    21.164 MiB
ollama-1  | srv        update:    - prompt 0x2111c150:     691 tokens, checkpoints:  0,    21.602 MiB
ollama-1  | srv        update:    - prompt 0x1e7a6190:     738 tokens, checkpoints:  0,    23.071 MiB
ollama-1  | srv        update:    - prompt 0x24d079d0:     777 tokens, checkpoints:  0,    24.291 MiB
ollama-1  | srv        update:    - prompt 0x1d728d30:     805 tokens, checkpoints:  0,    25.166 MiB
ollama-1  | srv        update:    - prompt 0x24240030:     730 tokens, checkpoints:  0,    22.821 MiB
ollama-1  | srv        update:    - prompt 0x248d1790:     659 tokens, checkpoints:  0,    20.602 MiB
ollama-1  | srv        update:    - prompt 0x1e79b710:     740 tokens, checkpoints:  0,    23.134 MiB
ollama-1  | srv        update:    - prompt 0x242c5cb0:     738 tokens, checkpoints:  0,    23.071 MiB
ollama-1  | srv  get_availabl: prompt cache update took 7.90 ms
ollama-1  | slot launch_slot_: id  0 | task -1 | sampler chain: logits -> ?penalties -> ?dry -> ?top-n-sigma -> top-k -> ?typical -> top-p -> ?min-p -> ?xtc -> temp-ext -> dist 
ollama-1  | slot launch_slot_: id  0 | task -1 | sampler params: 
ollama-1  | 	repeat_last_n = 64, repeat_penalty = 1.000, frequency_penalty = 0.000, presence_penalty = 0.000
ollama-1  | 	dry_multiplier = 0.000, dry_base = 1.750, dry_allowed_length = 2, dry_penalty_last_n = 64
ollama-1  | 	top_k = 40, top_p = 0.900, min_p = 0.000, xtc_probability = 0.000, xtc_threshold = 0.100, typical_p = 1.000, top_n_sigma = -1.000, temp = 0.000
ollama-1  | 	mirostat = 0, mirostat_lr = 0.100, mirostat_ent = 5.000, adaptive_target = -1.000, adaptive_decay = 0.900
ollama-1  | slot launch_slot_: id  0 | task 1633 | processing task, is_child = 0
ollama-1  | slot   operator(): id  0 | task 1633 | new prompt, n_ctx_slot = 4096, n_keep = 4, task.n_tokens = 584
ollama-1  | slot   operator(): id  0 | task 1633 | cached n_tokens = 329, memory_seq_rm [329, end)
ollama-1  | slot init_sampler: id  0 | task 1633 | init sampler, took 0.06 ms, tokens: text = 584, total = 584
ollama-1  | slot print_timing: id  0 | task 1633 | prompt eval time =     983.79 ms /   255 tokens (    3.86 ms per token,   259.20 tokens per second)
ollama-1  | slot print_timing: id  0 | task 1633 |        eval time =     156.86 ms /     8 tokens (   22.41 ms per token,    44.63 tokens per second)
ollama-1  | slot print_timing: id  0 | task 1633 |       total time =    1140.66 ms /   263 tokens
ollama-1  | slot print_timing: id  0 | task 1633 |    graphs reused =       1115
ollama-1  | slot      release: id  0 | task 1633 | stop processing: n_tokens = 591, truncated = 0
ollama-1  | srv  update_slots: all slots are idle
ollama-1  | [GIN] 2026/10/07 - 09:17:36 | 200 |  1.785795512s |      172.21.0.4 | POST     "/api/generate"
ollama-1  | srv  server_strea: conv_id= (empty=1)
ollama-1  | slot get_availabl: id  0 | task -1 |  - checking sim = 0.569 (329/578) > 0.100
ollama-1  | slot get_availabl: id  0 | task -1 | selected slot by LCP similarity, f_sim_best = 0.569 (> 0.100 thold), f_keep = 0.557
ollama-1  | slot launch_slot_: id  0 | task -1 | sampler chain: logits -> ?penalties -> ?dry -> ?top-n-sigma -> top-k -> ?typical -> top-p -> ?min-p -> ?xtc -> temp-ext -> dist 
ollama-1  | slot launch_slot_: id  0 | task -1 | sampler params: 
ollama-1  | 	repeat_last_n = 64, repeat_penalty = 1.000, frequency_penalty = 0.000, presence_penalty = 0.000
ollama-1  | 	dry_multiplier = 0.000, dry_base = 1.750, dry_allowed_length = 2, dry_penalty_last_n = 64
ollama-1  | 	top_k = 40, top_p = 0.900, min_p = 0.000, xtc_probability = 0.000, xtc_threshold = 0.100, typical_p = 1.000, top_n_sigma = -1.000, temp = 0.000
ollama-1  | 	mirostat = 0, mirostat_lr = 0.100, mirostat_ent = 5.000, adaptive_target = -1.000, adaptive_decay = 0.900
ollama-1  | slot launch_slot_: id  0 | task 1642 | processing task, is_child = 0
ollama-1  | slot   operator(): id  0 | task 1642 | new prompt, n_ctx_slot = 4096, n_keep = 4, task.n_tokens = 578
ollama-1  | slot   operator(): id  0 | task 1642 | cached n_tokens = 329, memory_seq_rm [329, end)
ollama-1  | slot init_sampler: id  0 | task 1642 | init sampler, took 0.07 ms, tokens: text = 578, total = 578
ollama-1  | slot print_timing: id  0 | task 1642 | prompt eval time =     954.59 ms /   249 tokens (    3.83 ms per token,   260.85 tokens per second)
ollama-1  | slot print_timing: id  0 | task 1642 |        eval time =     180.50 ms /     9 tokens (   22.56 ms per token,    44.32 tokens per second)
ollama-1  | slot print_timing: id  0 | task 1642 |       total time =    1135.08 ms /   258 tokens
ollama-1  | slot print_timing: id  0 | task 1642 |    graphs reused =       1122
ollama-1  | slot      release: id  0 | task 1642 | stop processing: n_tokens = 586, truncated = 0
ollama-1  | srv  update_slots: all slots are idle
ollama-1  | [GIN] 2026/10/07 - 09:17:37 | 200 |  1.496301037s |      172.21.0.4 | POST     "/api/generate"
ollama-1  | srv  server_strea: conv_id= (empty=1)
ollama-1  | slot get_availabl: id  0 | task -1 |  - checking sim = 0.804 (329/409) > 0.100
ollama-1  | slot get_availabl: id  0 | task -1 | selected slot by LCP similarity, f_sim_best = 0.804 (> 0.100 thold), f_keep = 0.561
ollama-1  | slot launch_slot_: id  0 | task -1 | sampler chain: logits -> ?penalties -> ?dry -> ?top-n-sigma -> top-k -> ?typical -> top-p -> ?min-p -> ?xtc -> temp-ext -> dist 
ollama-1  | slot launch_slot_: id  0 | task -1 | sampler params: 
ollama-1  | 	repeat_last_n = 64, repeat_penalty = 1.000, frequency_penalty = 0.000, presence_penalty = 0.000
ollama-1  | 	dry_multiplier = 0.000, dry_base = 1.750, dry_allowed_length = 2, dry_penalty_last_n = 64
ollama-1  | 	top_k = 40, top_p = 0.900, min_p = 0.000, xtc_probability = 0.000, xtc_threshold = 0.100, typical_p = 1.000, top_n_sigma = -1.000, temp = 0.000
ollama-1  | 	mirostat = 0, mirostat_lr = 0.100, mirostat_ent = 5.000, adaptive_target = -1.000, adaptive_decay = 0.900
ollama-1  | slot launch_slot_: id  0 | task 1652 | processing task, is_child = 0
ollama-1  | slot   operator(): id  0 | task 1652 | new prompt, n_ctx_slot = 4096, n_keep = 4, task.n_tokens = 409
ollama-1  | slot   operator(): id  0 | task 1652 | cached n_tokens = 329, memory_seq_rm [329, end)
ollama-1  | slot init_sampler: id  0 | task 1652 | init sampler, took 0.05 ms, tokens: text = 409, total = 409
ollama-1  | slot print_timing: id  0 | task 1652 | prompt eval time =     312.80 ms /    80 tokens (    3.91 ms per token,   255.76 tokens per second)
ollama-1  | slot print_timing: id  0 | task 1652 |        eval time =     196.12 ms /    10 tokens (   21.79 ms per token,    45.89 tokens per second)
ollama-1  | slot print_timing: id  0 | task 1652 |       total time =     508.92 ms /    90 tokens
ollama-1  | slot print_timing: id  0 | task 1652 |    graphs reused =       1130
ollama-1  | slot      release: id  0 | task 1652 | stop processing: n_tokens = 418, truncated = 0
ollama-1  | srv  update_slots: all slots are idle
ollama-1  | [GIN] 2026/10/07 - 09:17:37 | 200 |  1.695049096s |      172.21.0.4 | POST     "/api/generate"
ollama-1  | srv  server_strea: conv_id= (empty=1)
ollama-1  | slot get_availabl: id  0 | task -1 |  - checking sim = 0.551 (329/597) > 0.100
ollama-1  | slot get_availabl: id  0 | task -1 | selected slot by LCP similarity, f_sim_best = 0.551 (> 0.100 thold), f_keep = 0.787
ollama-1  | slot launch_slot_: id  0 | task -1 | sampler chain: logits -> ?penalties -> ?dry -> ?top-n-sigma -> top-k -> ?typical -> top-p -> ?min-p -> ?xtc -> temp-ext -> dist 
ollama-1  | slot launch_slot_: id  0 | task -1 | sampler params: 
ollama-1  | 	repeat_last_n = 64, repeat_penalty = 1.000, frequency_penalty = 0.000, presence_penalty = 0.000
ollama-1  | 	dry_multiplier = 0.000, dry_base = 1.750, dry_allowed_length = 2, dry_penalty_last_n = 64
ollama-1  | 	top_k = 40, top_p = 0.900, min_p = 0.000, xtc_probability = 0.000, xtc_threshold = 0.100, typical_p = 1.000, top_n_sigma = -1.000, temp = 0.000
ollama-1  | 	mirostat = 0, mirostat_lr = 0.100, mirostat_ent = 5.000, adaptive_target = -1.000, adaptive_decay = 0.900
ollama-1  | slot launch_slot_: id  0 | task 1663 | processing task, is_child = 0
ollama-1  | slot   operator(): id  0 | task 1663 | new prompt, n_ctx_slot = 4096, n_keep = 4, task.n_tokens = 597
ollama-1  | slot   operator(): id  0 | task 1663 | cached n_tokens = 329, memory_seq_rm [329, end)
ollama-1  | slot init_sampler: id  0 | task 1663 | init sampler, took 0.05 ms, tokens: text = 597, total = 597
ollama-1  | slot print_timing: id  0 | task 1663 | prompt eval time =    1067.10 ms /   268 tokens (    3.98 ms per token,   251.15 tokens per second)
ollama-1  | slot print_timing: id  0 | task 1663 |        eval time =     147.07 ms /     8 tokens (   21.01 ms per token,    47.60 tokens per second)
ollama-1  | slot print_timing: id  0 | task 1663 |       total time =    1214.16 ms /   276 tokens
ollama-1  | slot print_timing: id  0 | task 1663 |    graphs reused =       1136
ollama-1  | slot      release: id  0 | task 1663 | stop processing: n_tokens = 604, truncated = 0
ollama-1  | srv  update_slots: all slots are idle
ollama-1  | [GIN] 2026/10/07 - 09:17:39 | 200 |  2.605008119s |      172.21.0.4 | POST     "/api/generate"
ollama-1  | srv  server_strea: conv_id= (empty=1)
ollama-1  | slot get_availabl: id  0 | task -1 |  - checking sim = 0.735 (328/446) > 0.100
ollama-1  | slot get_availabl: id  0 | task -1 | selected slot by LCP similarity, f_sim_best = 0.735 (> 0.100 thold), f_keep = 0.543
ollama-1  | slot launch_slot_: id  0 | task -1 | sampler chain: logits -> ?penalties -> ?dry -> ?top-n-sigma -> top-k -> ?typical -> top-p -> ?min-p -> ?xtc -> temp-ext -> dist 
ollama-1  | slot launch_slot_: id  0 | task -1 | sampler params: 
ollama-1  | 	repeat_last_n = 64, repeat_penalty = 1.000, frequency_penalty = 0.000, presence_penalty = 0.000
ollama-1  | 	dry_multiplier = 0.000, dry_base = 1.750, dry_allowed_length = 2, dry_penalty_last_n = 64
ollama-1  | 	top_k = 40, top_p = 0.900, min_p = 0.000, xtc_probability = 0.000, xtc_threshold = 0.100, typical_p = 1.000, top_n_sigma = -1.000, temp = 0.000
ollama-1  | 	mirostat = 0, mirostat_lr = 0.100, mirostat_ent = 5.000, adaptive_target = -1.000, adaptive_decay = 0.900
ollama-1  | slot launch_slot_: id  0 | task 1672 | processing task, is_child = 0
ollama-1  | slot   operator(): id  0 | task 1672 | new prompt, n_ctx_slot = 4096, n_keep = 4, task.n_tokens = 446
ollama-1  | slot   operator(): id  0 | task 1672 | cached n_tokens = 328, memory_seq_rm [328, end)
ollama-1  | slot init_sampler: id  0 | task 1672 | init sampler, took 0.03 ms, tokens: text = 446, total = 446
ollama-1  | slot print_timing: id  0 | task 1672 | prompt eval time =     449.96 ms /   118 tokens (    3.81 ms per token,   262.24 tokens per second)
ollama-1  | slot print_timing: id  0 | task 1672 |        eval time =     154.27 ms /     8 tokens (   22.04 ms per token,    45.37 tokens per second)
ollama-1  | slot print_timing: id  0 | task 1672 |       total time =     604.24 ms /   126 tokens
ollama-1  | slot print_timing: id  0 | task 1672 |    graphs reused =       1142
ollama-1  | slot      release: id  0 | task 1672 | stop processing: n_tokens = 453, truncated = 0
ollama-1  | srv  update_slots: all slots are idle
ollama-1  | [GIN] 2026/10/07 - 09:17:39 | 200 |  2.406288675s |      172.21.0.4 | POST     "/api/generate"
ollama-1  | [GIN] 2026/10/07 - 09:17:44 | 200 |      15.224µs |       127.0.0.1 | HEAD     "/"
ollama-1  | [GIN] 2026/10/07 - 09:17:44 | 200 |     660.675µs |       127.0.0.1 | GET      "/api/tags"
ollama-1  | srv  server_strea: conv_id= (empty=1)
ollama-1  | slot get_availabl: id  0 | task -1 |  - checking sim = 0.539 (328/608) > 0.100
ollama-1  | slot get_availabl: id  0 | task -1 | selected slot by LCP similarity, f_sim_best = 0.539 (> 0.100 thold), f_keep = 0.724
ollama-1  | slot launch_slot_: id  0 | task -1 | sampler chain: logits -> ?penalties -> ?dry -> ?top-n-sigma -> top-k -> ?typical -> top-p -> ?min-p -> ?xtc -> temp-ext -> dist 
ollama-1  | slot launch_slot_: id  0 | task -1 | sampler params: 
ollama-1  | 	repeat_last_n = 64, repeat_penalty = 1.000, frequency_penalty = 0.000, presence_penalty = 0.000
ollama-1  | 	dry_multiplier = 0.000, dry_base = 1.750, dry_allowed_length = 2, dry_penalty_last_n = 64
ollama-1  | 	top_k = 40, top_p = 0.900, min_p = 0.000, xtc_probability = 0.000, xtc_threshold = 0.100, typical_p = 1.000, top_n_sigma = -1.000, temp = 0.000
ollama-1  | 	mirostat = 0, mirostat_lr = 0.100, mirostat_ent = 5.000, adaptive_target = -1.000, adaptive_decay = 0.900
ollama-1  | slot launch_slot_: id  0 | task 1681 | processing task, is_child = 0
ollama-1  | slot   operator(): id  0 | task 1681 | new prompt, n_ctx_slot = 4096, n_keep = 4, task.n_tokens = 608
ollama-1  | slot   operator(): id  0 | task 1681 | cached n_tokens = 328, memory_seq_rm [328, end)
ollama-1  | slot init_sampler: id  0 | task 1681 | init sampler, took 0.04 ms, tokens: text = 608, total = 608
ollama-1  | slot print_timing: id  0 | task 1681 | prompt eval time =     995.38 ms /   280 tokens (    3.55 ms per token,   281.30 tokens per second)
ollama-1  | slot print_timing: id  0 | task 1681 |        eval time =     174.94 ms /     9 tokens (   21.87 ms per token,    45.73 tokens per second)
ollama-1  | slot print_timing: id  0 | task 1681 |       total time =    1170.32 ms /   289 tokens
ollama-1  | slot print_timing: id  0 | task 1681 |    graphs reused =       1149
ollama-1  | slot      release: id  0 | task 1681 | stop processing: n_tokens = 616, truncated = 0
ollama-1  | srv  update_slots: all slots are idle
ollama-1  | [GIN] 2026/10/07 - 09:17:46 | 200 |  1.176191303s |      172.21.0.4 | POST     "/api/generate"
ollama-1  | srv  server_strea: conv_id= (empty=1)
ollama-1  | slot get_availabl: id  0 | task -1 |  - checking sim = 0.566 (329/581) > 0.100
ollama-1  | slot get_availabl: id  0 | task -1 | selected slot by LCP similarity, f_sim_best = 0.566 (> 0.100 thold), f_keep = 0.534
ollama-1  | slot launch_slot_: id  0 | task -1 | sampler chain: logits -> ?penalties -> ?dry -> ?top-n-sigma -> top-k -> ?typical -> top-p -> ?min-p -> ?xtc -> temp-ext -> dist 
ollama-1  | slot launch_slot_: id  0 | task -1 | sampler params: 
ollama-1  | 	repeat_last_n = 64, repeat_penalty = 1.000, frequency_penalty = 0.000, presence_penalty = 0.000
ollama-1  | 	dry_multiplier = 0.000, dry_base = 1.750, dry_allowed_length = 2, dry_penalty_last_n = 64
ollama-1  | 	top_k = 40, top_p = 0.900, min_p = 0.000, xtc_probability = 0.000, xtc_threshold = 0.100, typical_p = 1.000, top_n_sigma = -1.000, temp = 0.000
ollama-1  | 	mirostat = 0, mirostat_lr = 0.100, mirostat_ent = 5.000, adaptive_target = -1.000, adaptive_decay = 0.900
ollama-1  | slot launch_slot_: id  0 | task 1691 | processing task, is_child = 0
ollama-1  | slot   operator(): id  0 | task 1691 | new prompt, n_ctx_slot = 4096, n_keep = 4, task.n_tokens = 581
ollama-1  | slot   operator(): id  0 | task 1691 | cached n_tokens = 329, memory_seq_rm [329, end)
ollama-1  | slot init_sampler: id  0 | task 1691 | init sampler, took 0.04 ms, tokens: text = 581, total = 581
ollama-1  | slot print_timing: id  0 | task 1691 | prompt eval time =     944.70 ms /   252 tokens (    3.75 ms per token,   266.75 tokens per second)
ollama-1  | slot print_timing: id  0 | task 1691 |        eval time =     197.82 ms /    10 tokens (   21.98 ms per token,    45.50 tokens per second)
ollama-1  | slot print_timing: id  0 | task 1691 |       total time =    1142.52 ms /   262 tokens
ollama-1  | slot print_timing: id  0 | task 1691 |    graphs reused =       1157
ollama-1  | slot      release: id  0 | task 1691 | stop processing: n_tokens = 590, truncated = 0
ollama-1  | srv  update_slots: all slots are idle
ollama-1  | [GIN] 2026/10/07 - 09:17:48 | 200 |  1.148248622s |      172.21.0.4 | POST     "/api/generate"
ollama-1  | srv  server_strea: conv_id= (empty=1)
ollama-1  | slot get_availabl: id  0 | task -1 |  - checking sim = 0.828 (328/396) > 0.100
ollama-1  | slot get_availabl: id  0 | task -1 | selected slot by LCP similarity, f_sim_best = 0.828 (> 0.100 thold), f_keep = 0.556
ollama-1  | slot launch_slot_: id  0 | task -1 | sampler chain: logits -> ?penalties -> ?dry -> ?top-n-sigma -> top-k -> ?typical -> top-p -> ?min-p -> ?xtc -> temp-ext -> dist 
ollama-1  | slot launch_slot_: id  0 | task -1 | sampler params: 
ollama-1  | 	repeat_last_n = 64, repeat_penalty = 1.000, frequency_penalty = 0.000, presence_penalty = 0.000
ollama-1  | 	dry_multiplier = 0.000, dry_base = 1.750, dry_allowed_length = 2, dry_penalty_last_n = 64
ollama-1  | 	top_k = 40, top_p = 0.900, min_p = 0.000, xtc_probability = 0.000, xtc_threshold = 0.100, typical_p = 1.000, top_n_sigma = -1.000, temp = 0.000
ollama-1  | 	mirostat = 0, mirostat_lr = 0.100, mirostat_ent = 5.000, adaptive_target = -1.000, adaptive_decay = 0.900
ollama-1  | slot launch_slot_: id  0 | task 1702 | processing task, is_child = 0
ollama-1  | slot   operator(): id  0 | task 1702 | new prompt, n_ctx_slot = 4096, n_keep = 4, task.n_tokens = 396
ollama-1  | slot   operator(): id  0 | task 1702 | cached n_tokens = 328, memory_seq_rm [328, end)
ollama-1  | slot init_sampler: id  0 | task 1702 | init sampler, took 0.03 ms, tokens: text = 396, total = 396
ollama-1  | slot print_timing: id  0 | task 1702 | prompt eval time =     264.91 ms /    68 tokens (    3.90 ms per token,   256.69 tokens per second)
ollama-1  | slot print_timing: id  0 | task 1702 |        eval time =     147.05 ms /     8 tokens (   21.01 ms per token,    47.60 tokens per second)
ollama-1  | slot print_timing: id  0 | task 1702 |       total time =     411.96 ms /    76 tokens
ollama-1  | slot print_timing: id  0 | task 1702 |    graphs reused =       1163
ollama-1  | slot      release: id  0 | task 1702 | stop processing: n_tokens = 403, truncated = 0
ollama-1  | srv  update_slots: all slots are idle
ollama-1  | [GIN] 2026/10/07 - 09:17:49 | 200 |  545.356141ms |      172.21.0.4 | POST     "/api/generate"
ollama-1  | srv  server_strea: conv_id= (empty=1)
ollama-1  | slot get_availabl: id  0 | task -1 |  - checking sim = 0.547 (328/600) > 0.100
ollama-1  | slot get_availabl: id  0 | task -1 | selected slot by LCP similarity, f_sim_best = 0.547 (> 0.100 thold), f_keep = 0.814
ollama-1  | slot launch_slot_: id  0 | task -1 | sampler chain: logits -> ?penalties -> ?dry -> ?top-n-sigma -> top-k -> ?typical -> top-p -> ?min-p -> ?xtc -> temp-ext -> dist 
ollama-1  | slot launch_slot_: id  0 | task -1 | sampler params: 
ollama-1  | 	repeat_last_n = 64, repeat_penalty = 1.000, frequency_penalty = 0.000, presence_penalty = 0.000
ollama-1  | 	dry_multiplier = 0.000, dry_base = 1.750, dry_allowed_length = 2, dry_penalty_last_n = 64
ollama-1  | 	top_k = 40, top_p = 0.900, min_p = 0.000, xtc_probability = 0.000, xtc_threshold = 0.100, typical_p = 1.000, top_n_sigma = -1.000, temp = 0.000
ollama-1  | 	mirostat = 0, mirostat_lr = 0.100, mirostat_ent = 5.000, adaptive_target = -1.000, adaptive_decay = 0.900
ollama-1  | slot launch_slot_: id  0 | task 1711 | processing task, is_child = 0
ollama-1  | slot   operator(): id  0 | task 1711 | new prompt, n_ctx_slot = 4096, n_keep = 4, task.n_tokens = 600
ollama-1  | slot   operator(): id  0 | task 1711 | cached n_tokens = 328, memory_seq_rm [328, end)
ollama-1  | slot init_sampler: id  0 | task 1711 | init sampler, took 0.04 ms, tokens: text = 600, total = 600
ollama-1  | slot print_timing: id  0 | task 1711 | prompt eval time =    1034.36 ms /   272 tokens (    3.80 ms per token,   262.97 tokens per second)
ollama-1  | slot print_timing: id  0 | task 1711 |        eval time =     154.57 ms /     8 tokens (   22.08 ms per token,    45.29 tokens per second)
ollama-1  | slot print_timing: id  0 | task 1711 |       total time =    1188.93 ms /   280 tokens
ollama-1  | slot print_timing: id  0 | task 1711 |    graphs reused =       1169
ollama-1  | slot      release: id  0 | task 1711 | stop processing: n_tokens = 607, truncated = 0
ollama-1  | srv  update_slots: all slots are idle
ollama-1  | [GIN] 2026/10/07 - 09:17:52 | 200 |  1.193991274s |      172.21.0.4 | POST     "/api/generate"
ollama-1  | srv  server_strea: conv_id= (empty=1)
ollama-1  | slot get_availabl: id  0 | task -1 |  - checking sim = 0.480 (328/684) > 0.100
ollama-1  | slot get_availabl: id  0 | task -1 | selected slot by LCP similarity, f_sim_best = 0.480 (> 0.100 thold), f_keep = 0.540
ollama-1  | slot launch_slot_: id  0 | task -1 | sampler chain: logits -> ?penalties -> ?dry -> ?top-n-sigma -> top-k -> ?typical -> top-p -> ?min-p -> ?xtc -> temp-ext -> dist 
ollama-1  | slot launch_slot_: id  0 | task -1 | sampler params: 
ollama-1  | 	repeat_last_n = 64, repeat_penalty = 1.000, frequency_penalty = 0.000, presence_penalty = 0.000
ollama-1  | 	dry_multiplier = 0.000, dry_base = 1.750, dry_allowed_length = 2, dry_penalty_last_n = 64
ollama-1  | 	top_k = 40, top_p = 0.900, min_p = 0.000, xtc_probability = 0.000, xtc_threshold = 0.100, typical_p = 1.000, top_n_sigma = -1.000, temp = 0.000
ollama-1  | 	mirostat = 0, mirostat_lr = 0.100, mirostat_ent = 5.000, adaptive_target = -1.000, adaptive_decay = 0.900
ollama-1  | slot launch_slot_: id  0 | task 1720 | processing task, is_child = 0
ollama-1  | slot   operator(): id  0 | task 1720 | new prompt, n_ctx_slot = 4096, n_keep = 4, task.n_tokens = 684
ollama-1  | slot   operator(): id  0 | task 1720 | cached n_tokens = 328, memory_seq_rm [328, end)
ollama-1  | slot init_sampler: id  0 | task 1720 | init sampler, took 0.05 ms, tokens: text = 684, total = 684
ollama-1  | [GIN] 2026/10/07 - 09:17:54 | 200 |       26.95µs |       127.0.0.1 | HEAD     "/"
ollama-1  | [GIN] 2026/10/07 - 09:17:54 | 200 |    1.327683ms |       127.0.0.1 | GET      "/api/tags"
ollama-1  | slot print_timing: id  0 | task 1720 | prompt eval time =    1334.15 ms /   356 tokens (    3.75 ms per token,   266.84 tokens per second)
ollama-1  | slot print_timing: id  0 | task 1720 |        eval time =     153.13 ms /     8 tokens (   21.88 ms per token,    45.71 tokens per second)
ollama-1  | slot print_timing: id  0 | task 1720 |       total time =    1487.28 ms /   364 tokens
ollama-1  | slot print_timing: id  0 | task 1720 |    graphs reused =       1175
ollama-1  | slot      release: id  0 | task 1720 | stop processing: n_tokens = 691, truncated = 0
ollama-1  | srv  update_slots: all slots are idle
ollama-1  | [GIN] 2026/10/07 - 09:17:54 | 200 |  1.494788619s |      172.21.0.4 | POST     "/api/generate"
ollama-1  | srv  server_strea: conv_id= (empty=1)
ollama-1  | slot get_availabl: id  0 | task -1 |  - checking sim = 0.751 (329/438) > 0.100
ollama-1  | slot get_availabl: id  0 | task -1 | selected slot by LCP similarity, f_sim_best = 0.751 (> 0.100 thold), f_keep = 0.476
ollama-1  | srv  get_availabl: updating prompt cache
ollama-1  | srv   prompt_save:  - saving prompt with length 691, total state size = 21.602 MiB (draft: 0.000 MiB)
ollama-1  | srv         alloc:  - prompt is already in the cache, skipping
ollama-1  | srv          load:  - looking for better prompt, base f_keep = 0.476, f_sim = 0.751
ollama-1  | srv          load:    - prompt with length     709, lcp =     328, f_keep = 0.463, f_sim = 0.749
ollama-1  | srv          load:    - prompt with length     700, lcp =     328, f_keep = 0.469, f_sim = 0.749
ollama-1  | srv          load:    - prompt with length     695, lcp =     328, f_keep = 0.472, f_sim = 0.749
ollama-1  | srv          load:    - prompt with length     670, lcp =     328, f_keep = 0.490, f_sim = 0.749
ollama-1  | srv          load:    - prompt with length     730, lcp =     328, f_keep = 0.449, f_sim = 0.749
ollama-1  | srv          load:    - prompt with length     773, lcp =     329, f_keep = 0.426, f_sim = 0.751
ollama-1  | srv          load:    - prompt with length     779, lcp =     328, f_keep = 0.421, f_sim = 0.749
ollama-1  | srv          load:    - prompt with length     677, lcp =     329, f_keep = 0.486, f_sim = 0.751
ollama-1  | srv          load:    - prompt with length     677, lcp =     329, f_keep = 0.486, f_sim = 0.751
ollama-1  | srv          load:    - prompt with length     691, lcp =     329, f_keep = 0.476, f_sim = 0.751
ollama-1  | srv          load:    - prompt with length     738, lcp =     328, f_keep = 0.444, f_sim = 0.749
ollama-1  | srv          load:    - prompt with length     777, lcp =     329, f_keep = 0.423, f_sim = 0.751
ollama-1  | srv          load:    - prompt with length     805, lcp =     328, f_keep = 0.407, f_sim = 0.749
ollama-1  | srv          load:    - prompt with length     730, lcp =     329, f_keep = 0.451, f_sim = 0.751
ollama-1  | srv          load:    - prompt with length     659, lcp =     329, f_keep = 0.499, f_sim = 0.751
ollama-1  | srv          load:    - prompt with length     740, lcp =     328, f_keep = 0.443, f_sim = 0.749
ollama-1  | srv          load:    - prompt with length     738, lcp =     329, f_keep = 0.446, f_sim = 0.751
ollama-1  | srv        update:  - cache state: 17 prompts, 384.147 MiB (limits: 8192.000 MiB, 4096 tokens, 262043 est)
ollama-1  | srv        update:    - prompt 0x2111c2b0:     709 tokens, checkpoints:  0,    22.165 MiB
ollama-1  | srv        update:    - prompt 0x1d133370:     700 tokens, checkpoints:  0,    21.883 MiB
ollama-1  | srv        update:    - prompt 0x1d12e2c0:     695 tokens, checkpoints:  0,    21.727 MiB
ollama-1  | srv        update:    - prompt 0x1d12d8d0:     670 tokens, checkpoints:  0,    20.946 MiB
ollama-1  | srv        update:    - prompt 0x1d708a50:     730 tokens, checkpoints:  0,    22.821 MiB
ollama-1  | srv        update:    - prompt 0x1d12cbe0:     773 tokens, checkpoints:  0,    24.165 MiB
ollama-1  | srv        update:    - prompt 0x1d12ae00:     779 tokens, checkpoints:  0,    24.353 MiB
ollama-1  | srv        update:    - prompt 0x248f0d00:     677 tokens, checkpoints:  0,    21.164 MiB
ollama-1  | srv        update:    - prompt 0x1d6ed0e0:     677 tokens, checkpoints:  0,    21.164 MiB
ollama-1  | srv        update:    - prompt 0x2111c150:     691 tokens, checkpoints:  0,    21.602 MiB
ollama-1  | srv        update:    - prompt 0x1e7a6190:     738 tokens, checkpoints:  0,    23.071 MiB
ollama-1  | srv        update:    - prompt 0x24d079d0:     777 tokens, checkpoints:  0,    24.291 MiB
ollama-1  | srv        update:    - prompt 0x1d728d30:     805 tokens, checkpoints:  0,    25.166 MiB
ollama-1  | srv        update:    - prompt 0x24240030:     730 tokens, checkpoints:  0,    22.821 MiB
ollama-1  | srv        update:    - prompt 0x248d1790:     659 tokens, checkpoints:  0,    20.602 MiB
ollama-1  | srv        update:    - prompt 0x1e79b710:     740 tokens, checkpoints:  0,    23.134 MiB
ollama-1  | srv        update:    - prompt 0x242c5cb0:     738 tokens, checkpoints:  0,    23.071 MiB
ollama-1  | srv  get_availabl: prompt cache update took 0.06 ms
ollama-1  | slot launch_slot_: id  0 | task -1 | sampler chain: logits -> ?penalties -> ?dry -> ?top-n-sigma -> top-k -> ?typical -> top-p -> ?min-p -> ?xtc -> temp-ext -> dist 
ollama-1  | slot launch_slot_: id  0 | task -1 | sampler params: 
ollama-1  | 	repeat_last_n = 64, repeat_penalty = 1.000, frequency_penalty = 0.000, presence_penalty = 0.000
ollama-1  | 	dry_multiplier = 0.000, dry_base = 1.750, dry_allowed_length = 2, dry_penalty_last_n = 64
ollama-1  | 	top_k = 40, top_p = 0.900, min_p = 0.000, xtc_probability = 0.000, xtc_threshold = 0.100, typical_p = 1.000, top_n_sigma = -1.000, temp = 0.000
ollama-1  | 	mirostat = 0, mirostat_lr = 0.100, mirostat_ent = 5.000, adaptive_target = -1.000, adaptive_decay = 0.900
ollama-1  | slot launch_slot_: id  0 | task 1729 | processing task, is_child = 0
ollama-1  | slot   operator(): id  0 | task 1729 | new prompt, n_ctx_slot = 4096, n_keep = 4, task.n_tokens = 438
ollama-1  | slot   operator(): id  0 | task 1729 | cached n_tokens = 329, memory_seq_rm [329, end)
ollama-1  | slot init_sampler: id  0 | task 1729 | init sampler, took 0.03 ms, tokens: text = 438, total = 438
ollama-1  | slot print_timing: id  0 | task 1729 | prompt eval time =     425.97 ms /   109 tokens (    3.91 ms per token,   255.89 tokens per second)
ollama-1  | slot print_timing: id  0 | task 1729 |        eval time =     175.26 ms /     9 tokens (   21.91 ms per token,    45.65 tokens per second)
ollama-1  | slot print_timing: id  0 | task 1729 |       total time =     601.23 ms /   118 tokens
ollama-1  | slot print_timing: id  0 | task 1729 |    graphs reused =       1182
ollama-1  | slot      release: id  0 | task 1729 | stop processing: n_tokens = 446, truncated = 0
ollama-1  | srv  update_slots: all slots are idle
ollama-1  | [GIN] 2026/10/07 - 09:17:56 | 200 |   607.07259ms |      172.21.0.4 | POST     "/api/generate"
ollama-1  | srv  server_strea: conv_id= (empty=1)
ollama-1  | slot get_availabl: id  0 | task -1 |  - checking sim = 0.841 (329/391) > 0.100
ollama-1  | slot get_availabl: id  0 | task -1 | selected slot by LCP similarity, f_sim_best = 0.841 (> 0.100 thold), f_keep = 0.738
ollama-1  | slot launch_slot_: id  0 | task -1 | sampler chain: logits -> ?penalties -> ?dry -> ?top-n-sigma -> top-k -> ?typical -> top-p -> ?min-p -> ?xtc -> temp-ext -> dist 
ollama-1  | slot launch_slot_: id  0 | task -1 | sampler params: 
ollama-1  | 	repeat_last_n = 64, repeat_penalty = 1.000, frequency_penalty = 0.000, presence_penalty = 0.000
ollama-1  | 	dry_multiplier = 0.000, dry_base = 1.750, dry_allowed_length = 2, dry_penalty_last_n = 64
ollama-1  | 	top_k = 40, top_p = 0.900, min_p = 0.000, xtc_probability = 0.000, xtc_threshold = 0.100, typical_p = 1.000, top_n_sigma = -1.000, temp = 0.000
ollama-1  | 	mirostat = 0, mirostat_lr = 0.100, mirostat_ent = 5.000, adaptive_target = -1.000, adaptive_decay = 0.900
ollama-1  | slot launch_slot_: id  0 | task 1739 | processing task, is_child = 0
ollama-1  | slot   operator(): id  0 | task 1739 | new prompt, n_ctx_slot = 4096, n_keep = 4, task.n_tokens = 391
ollama-1  | slot   operator(): id  0 | task 1739 | cached n_tokens = 329, memory_seq_rm [329, end)
ollama-1  | slot init_sampler: id  0 | task 1739 | init sampler, took 0.03 ms, tokens: text = 391, total = 391
ollama-1  | slot print_timing: id  0 | task 1739 | prompt eval time =     259.52 ms /    62 tokens (    4.19 ms per token,   238.90 tokens per second)
ollama-1  | slot print_timing: id  0 | task 1739 |        eval time =     172.01 ms /     9 tokens (   21.50 ms per token,    46.51 tokens per second)
ollama-1  | slot print_timing: id  0 | task 1739 |       total time =     431.53 ms /    71 tokens
ollama-1  | slot print_timing: id  0 | task 1739 |    graphs reused =       1189
ollama-1  | slot      release: id  0 | task 1739 | stop processing: n_tokens = 399, truncated = 0
ollama-1  | srv  update_slots: all slots are idle
ollama-1  | [GIN] 2026/10/07 - 09:17:57 | 200 |  1.021527581s |      172.21.0.4 | POST     "/api/generate"
ollama-1  | srv  server_strea: conv_id= (empty=1)
ollama-1  | slot get_availabl: id  0 | task -1 |  - checking sim = 0.529 (328/620) > 0.100
ollama-1  | slot get_availabl: id  0 | task -1 | selected slot by LCP similarity, f_sim_best = 0.529 (> 0.100 thold), f_keep = 0.822
ollama-1  | slot launch_slot_: id  0 | task -1 | sampler chain: logits -> ?penalties -> ?dry -> ?top-n-sigma -> top-k -> ?typical -> top-p -> ?min-p -> ?xtc -> temp-ext -> dist 
ollama-1  | slot launch_slot_: id  0 | task -1 | sampler params: 
ollama-1  | 	repeat_last_n = 64, repeat_penalty = 1.000, frequency_penalty = 0.000, presence_penalty = 0.000
ollama-1  | 	dry_multiplier = 0.000, dry_base = 1.750, dry_allowed_length = 2, dry_penalty_last_n = 64
ollama-1  | 	top_k = 40, top_p = 0.900, min_p = 0.000, xtc_probability = 0.000, xtc_threshold = 0.100, typical_p = 1.000, top_n_sigma = -1.000, temp = 0.000
ollama-1  | 	mirostat = 0, mirostat_lr = 0.100, mirostat_ent = 5.000, adaptive_target = -1.000, adaptive_decay = 0.900
ollama-1  | slot launch_slot_: id  0 | task 1749 | processing task, is_child = 0
ollama-1  | slot   operator(): id  0 | task 1749 | new prompt, n_ctx_slot = 4096, n_keep = 4, task.n_tokens = 620
ollama-1  | slot   operator(): id  0 | task 1749 | cached n_tokens = 328, memory_seq_rm [328, end)
ollama-1  | slot init_sampler: id  0 | task 1749 | init sampler, took 0.05 ms, tokens: text = 620, total = 620
ollama-1  | slot print_timing: id  0 | task 1749 | prompt eval time =    1124.09 ms /   292 tokens (    3.85 ms per token,   259.77 tokens per second)
ollama-1  | slot print_timing: id  0 | task 1749 |        eval time =     168.68 ms /     8 tokens (   24.10 ms per token,    41.50 tokens per second)
ollama-1  | slot print_timing: id  0 | task 1749 |       total time =    1292.76 ms /   300 tokens
ollama-1  | slot print_timing: id  0 | task 1749 |    graphs reused =       1195
ollama-1  | slot      release: id  0 | task 1749 | stop processing: n_tokens = 627, truncated = 0
ollama-1  | srv  update_slots: all slots are idle
ollama-1  | [GIN] 2026/10/07 - 09:18:00 | 200 |  1.298849832s |      172.21.0.4 | POST     "/api/generate"
ollama-1  | srv  server_strea: conv_id= (empty=1)
ollama-1  | slot get_availabl: id  0 | task -1 |  - checking sim = 0.679 (328/483) > 0.100
ollama-1  | slot get_availabl: id  0 | task -1 | selected slot by LCP similarity, f_sim_best = 0.679 (> 0.100 thold), f_keep = 0.523
ollama-1  | slot launch_slot_: id  0 | task -1 | sampler chain: logits -> ?penalties -> ?dry -> ?top-n-sigma -> top-k -> ?typical -> top-p -> ?min-p -> ?xtc -> temp-ext -> dist 
ollama-1  | slot launch_slot_: id  0 | task -1 | sampler params: 
ollama-1  | 	repeat_last_n = 64, repeat_penalty = 1.000, frequency_penalty = 0.000, presence_penalty = 0.000
ollama-1  | 	dry_multiplier = 0.000, dry_base = 1.750, dry_allowed_length = 2, dry_penalty_last_n = 64
ollama-1  | 	top_k = 40, top_p = 0.900, min_p = 0.000, xtc_probability = 0.000, xtc_threshold = 0.100, typical_p = 1.000, top_n_sigma = -1.000, temp = 0.000
ollama-1  | 	mirostat = 0, mirostat_lr = 0.100, mirostat_ent = 5.000, adaptive_target = -1.000, adaptive_decay = 0.900
ollama-1  | slot launch_slot_: id  0 | task 1758 | processing task, is_child = 0
ollama-1  | slot   operator(): id  0 | task 1758 | new prompt, n_ctx_slot = 4096, n_keep = 4, task.n_tokens = 483
ollama-1  | slot   operator(): id  0 | task 1758 | cached n_tokens = 328, memory_seq_rm [328, end)
ollama-1  | slot init_sampler: id  0 | task 1758 | init sampler, took 0.04 ms, tokens: text = 483, total = 483
ollama-1  | slot print_timing: id  0 | task 1758 | prompt eval time =     601.94 ms /   155 tokens (    3.88 ms per token,   257.50 tokens per second)
ollama-1  | slot print_timing: id  0 | task 1758 |        eval time =     179.06 ms /     9 tokens (   22.38 ms per token,    44.68 tokens per second)
ollama-1  | slot print_timing: id  0 | task 1758 |       total time =     781.00 ms /   164 tokens
ollama-1  | slot print_timing: id  0 | task 1758 |    graphs reused =       1202
ollama-1  | slot      release: id  0 | task 1758 | stop processing: n_tokens = 491, truncated = 0
ollama-1  | srv  update_slots: all slots are idle
ollama-1  | [GIN] 2026/10/07 - 09:18:03 | 200 |  786.809536ms |      172.21.0.4 | POST     "/api/generate"
ollama-1  | srv  server_strea: conv_id= (empty=1)
ollama-1  | slot get_availabl: id  0 | task -1 |  - checking sim = 0.521 (328/629) > 0.100
ollama-1  | slot get_availabl: id  0 | task -1 | selected slot by LCP similarity, f_sim_best = 0.521 (> 0.100 thold), f_keep = 0.668
ollama-1  | slot launch_slot_: id  0 | task -1 | sampler chain: logits -> ?penalties -> ?dry -> ?top-n-sigma -> top-k -> ?typical -> top-p -> ?min-p -> ?xtc -> temp-ext -> dist 
ollama-1  | slot launch_slot_: id  0 | task -1 | sampler params: 
ollama-1  | 	repeat_last_n = 64, repeat_penalty = 1.000, frequency_penalty = 0.000, presence_penalty = 0.000
ollama-1  | 	dry_multiplier = 0.000, dry_base = 1.750, dry_allowed_length = 2, dry_penalty_last_n = 64
ollama-1  | 	top_k = 40, top_p = 0.900, min_p = 0.000, xtc_probability = 0.000, xtc_threshold = 0.100, typical_p = 1.000, top_n_sigma = -1.000, temp = 0.000
ollama-1  | 	mirostat = 0, mirostat_lr = 0.100, mirostat_ent = 5.000, adaptive_target = -1.000, adaptive_decay = 0.900
ollama-1  | slot launch_slot_: id  0 | task 1768 | processing task, is_child = 0
ollama-1  | slot   operator(): id  0 | task 1768 | new prompt, n_ctx_slot = 4096, n_keep = 4, task.n_tokens = 629
ollama-1  | slot   operator(): id  0 | task 1768 | cached n_tokens = 328, memory_seq_rm [328, end)
ollama-1  | slot init_sampler: id  0 | task 1768 | init sampler, took 0.05 ms, tokens: text = 629, total = 629
ollama-1  | [GIN] 2026/10/07 - 09:18:04 | 200 |      26.507µs |       127.0.0.1 | HEAD     "/"
ollama-1  | [GIN] 2026/10/07 - 09:18:04 | 200 |    1.264507ms |       127.0.0.1 | GET      "/api/tags"
ollama-1  | slot print_timing: id  0 | task 1768 | prompt eval time =    1167.99 ms /   301 tokens (    3.88 ms per token,   257.71 tokens per second)
ollama-1  | slot print_timing: id  0 | task 1768 |        eval time =     187.36 ms /     9 tokens (   23.42 ms per token,    42.70 tokens per second)
ollama-1  | slot print_timing: id  0 | task 1768 |       total time =    1355.35 ms /   310 tokens
ollama-1  | slot print_timing: id  0 | task 1768 |    graphs reused =       1209
ollama-1  | slot      release: id  0 | task 1768 | stop processing: n_tokens = 637, truncated = 0
ollama-1  | srv  update_slots: all slots are idle
ollama-1  | [GIN] 2026/10/07 - 09:18:05 | 200 |  1.361042532s |      172.21.0.4 | POST     "/api/generate"
ollama-1  | srv  server_strea: conv_id= (empty=1)
ollama-1  | slot get_availabl: id  0 | task -1 |  - checking sim = 0.618 (328/531) > 0.100
ollama-1  | slot get_availabl: id  0 | task -1 | selected slot by LCP similarity, f_sim_best = 0.618 (> 0.100 thold), f_keep = 0.515
ollama-1  | slot launch_slot_: id  0 | task -1 | sampler chain: logits -> ?penalties -> ?dry -> ?top-n-sigma -> top-k -> ?typical -> top-p -> ?min-p -> ?xtc -> temp-ext -> dist 
ollama-1  | slot launch_slot_: id  0 | task -1 | sampler params: 
ollama-1  | 	repeat_last_n = 64, repeat_penalty = 1.000, frequency_penalty = 0.000, presence_penalty = 0.000
ollama-1  | 	dry_multiplier = 0.000, dry_base = 1.750, dry_allowed_length = 2, dry_penalty_last_n = 64
ollama-1  | 	top_k = 40, top_p = 0.900, min_p = 0.000, xtc_probability = 0.000, xtc_threshold = 0.100, typical_p = 1.000, top_n_sigma = -1.000, temp = 0.000
ollama-1  | 	mirostat = 0, mirostat_lr = 0.100, mirostat_ent = 5.000, adaptive_target = -1.000, adaptive_decay = 0.900
ollama-1  | slot launch_slot_: id  0 | task 1778 | processing task, is_child = 0
ollama-1  | slot   operator(): id  0 | task 1778 | new prompt, n_ctx_slot = 4096, n_keep = 4, task.n_tokens = 531
ollama-1  | slot   operator(): id  0 | task 1778 | cached n_tokens = 328, memory_seq_rm [328, end)
ollama-1  | slot init_sampler: id  0 | task 1778 | init sampler, took 0.04 ms, tokens: text = 531, total = 531
ollama-1  | slot print_timing: id  0 | task 1778 | prompt eval time =     808.88 ms /   203 tokens (    3.98 ms per token,   250.97 tokens per second)
ollama-1  | slot print_timing: id  0 | task 1778 |        eval time =     166.81 ms /     9 tokens (   20.85 ms per token,    47.96 tokens per second)
ollama-1  | slot print_timing: id  0 | task 1778 |       total time =     975.68 ms /   212 tokens
ollama-1  | slot print_timing: id  0 | task 1778 |    graphs reused =       1216
ollama-1  | slot      release: id  0 | task 1778 | stop processing: n_tokens = 539, truncated = 0
ollama-1  | srv  update_slots: all slots are idle
ollama-1  | [GIN] 2026/10/07 - 09:18:06 | 200 |  1.275571859s |      172.21.0.4 | POST     "/api/generate"
ollama-1  | srv  server_strea: conv_id= (empty=1)
ollama-1  | slot get_availabl: id  0 | task -1 |  - checking sim = 0.596 (328/550) > 0.100
ollama-1  | slot get_availabl: id  0 | task -1 | selected slot by LCP similarity, f_sim_best = 0.596 (> 0.100 thold), f_keep = 0.609
ollama-1  | slot launch_slot_: id  0 | task -1 | sampler chain: logits -> ?penalties -> ?dry -> ?top-n-sigma -> top-k -> ?typical -> top-p -> ?min-p -> ?xtc -> temp-ext -> dist 
ollama-1  | slot launch_slot_: id  0 | task -1 | sampler params: 
ollama-1  | 	repeat_last_n = 64, repeat_penalty = 1.000, frequency_penalty = 0.000, presence_penalty = 0.000
ollama-1  | 	dry_multiplier = 0.000, dry_base = 1.750, dry_allowed_length = 2, dry_penalty_last_n = 64
ollama-1  | 	top_k = 40, top_p = 0.900, min_p = 0.000, xtc_probability = 0.000, xtc_threshold = 0.100, typical_p = 1.000, top_n_sigma = -1.000, temp = 0.000
ollama-1  | 	mirostat = 0, mirostat_lr = 0.100, mirostat_ent = 5.000, adaptive_target = -1.000, adaptive_decay = 0.900
ollama-1  | slot launch_slot_: id  0 | task 1788 | processing task, is_child = 0
ollama-1  | slot   operator(): id  0 | task 1788 | new prompt, n_ctx_slot = 4096, n_keep = 4, task.n_tokens = 550
ollama-1  | slot   operator(): id  0 | task 1788 | cached n_tokens = 328, memory_seq_rm [328, end)
ollama-1  | slot init_sampler: id  0 | task 1788 | init sampler, took 0.04 ms, tokens: text = 550, total = 550
ollama-1  | slot print_timing: id  0 | task 1788 | prompt eval time =     858.98 ms /   222 tokens (    3.87 ms per token,   258.44 tokens per second)
ollama-1  | slot print_timing: id  0 | task 1788 |        eval time =     162.68 ms /     8 tokens (   23.24 ms per token,    43.03 tokens per second)
ollama-1  | slot print_timing: id  0 | task 1788 |       total time =    1021.67 ms /   230 tokens
ollama-1  | slot print_timing: id  0 | task 1788 |    graphs reused =       1222
ollama-1  | slot      release: id  0 | task 1788 | stop processing: n_tokens = 557, truncated = 0
ollama-1  | srv  update_slots: all slots are idle
ollama-1  | [GIN] 2026/10/07 - 09:18:07 | 200 |  2.258728453s |      172.21.0.4 | POST     "/api/generate"
ollama-1  | srv  server_strea: conv_id= (empty=1)
ollama-1  | slot get_availabl: id  0 | task -1 |  - checking sim = 0.674 (328/487) > 0.100
ollama-1  | slot get_availabl: id  0 | task -1 | selected slot by LCP similarity, f_sim_best = 0.674 (> 0.100 thold), f_keep = 0.589
ollama-1  | slot launch_slot_: id  0 | task -1 | sampler chain: logits -> ?penalties -> ?dry -> ?top-n-sigma -> top-k -> ?typical -> top-p -> ?min-p -> ?xtc -> temp-ext -> dist 
ollama-1  | slot launch_slot_: id  0 | task -1 | sampler params: 
ollama-1  | 	repeat_last_n = 64, repeat_penalty = 1.000, frequency_penalty = 0.000, presence_penalty = 0.000
ollama-1  | 	dry_multiplier = 0.000, dry_base = 1.750, dry_allowed_length = 2, dry_penalty_last_n = 64
ollama-1  | 	top_k = 40, top_p = 0.900, min_p = 0.000, xtc_probability = 0.000, xtc_threshold = 0.100, typical_p = 1.000, top_n_sigma = -1.000, temp = 0.000
ollama-1  | 	mirostat = 0, mirostat_lr = 0.100, mirostat_ent = 5.000, adaptive_target = -1.000, adaptive_decay = 0.900
ollama-1  | slot launch_slot_: id  0 | task 1797 | processing task, is_child = 0
ollama-1  | slot   operator(): id  0 | task 1797 | new prompt, n_ctx_slot = 4096, n_keep = 4, task.n_tokens = 487
ollama-1  | slot   operator(): id  0 | task 1797 | cached n_tokens = 328, memory_seq_rm [328, end)
ollama-1  | slot init_sampler: id  0 | task 1797 | init sampler, took 0.04 ms, tokens: text = 487, total = 487
ollama-1  | slot print_timing: id  0 | task 1797 | prompt eval time =     620.83 ms /   159 tokens (    3.90 ms per token,   256.11 tokens per second)
ollama-1  | slot print_timing: id  0 | task 1797 |        eval time =     165.16 ms /     9 tokens (   20.65 ms per token,    48.44 tokens per second)
ollama-1  | slot print_timing: id  0 | task 1797 |       total time =     785.99 ms /   168 tokens
ollama-1  | slot print_timing: id  0 | task 1797 |    graphs reused =       1229
ollama-1  | slot      release: id  0 | task 1797 | stop processing: n_tokens = 495, truncated = 0
ollama-1  | srv  update_slots: all slots are idle
ollama-1  | [GIN] 2026/10/07 - 09:18:08 | 200 |  791.158441ms |      172.21.0.4 | POST     "/api/generate"
ollama-1  | srv  server_strea: conv_id= (empty=1)
ollama-1  | slot get_availabl: id  0 | task -1 |  - checking sim = 0.638 (328/514) > 0.100
ollama-1  | slot get_availabl: id  0 | task -1 | selected slot by LCP similarity, f_sim_best = 0.638 (> 0.100 thold), f_keep = 0.663
ollama-1  | slot launch_slot_: id  0 | task -1 | sampler chain: logits -> ?penalties -> ?dry -> ?top-n-sigma -> top-k -> ?typical -> top-p -> ?min-p -> ?xtc -> temp-ext -> dist 
ollama-1  | slot launch_slot_: id  0 | task -1 | sampler params: 
ollama-1  | 	repeat_last_n = 64, repeat_penalty = 1.000, frequency_penalty = 0.000, presence_penalty = 0.000
ollama-1  | 	dry_multiplier = 0.000, dry_base = 1.750, dry_allowed_length = 2, dry_penalty_last_n = 64
ollama-1  | 	top_k = 40, top_p = 0.900, min_p = 0.000, xtc_probability = 0.000, xtc_threshold = 0.100, typical_p = 1.000, top_n_sigma = -1.000, temp = 0.000
ollama-1  | 	mirostat = 0, mirostat_lr = 0.100, mirostat_ent = 5.000, adaptive_target = -1.000, adaptive_decay = 0.900
ollama-1  | slot launch_slot_: id  0 | task 1807 | processing task, is_child = 0
ollama-1  | slot   operator(): id  0 | task 1807 | new prompt, n_ctx_slot = 4096, n_keep = 4, task.n_tokens = 514
ollama-1  | slot   operator(): id  0 | task 1807 | cached n_tokens = 328, memory_seq_rm [328, end)
ollama-1  | slot init_sampler: id  0 | task 1807 | init sampler, took 0.04 ms, tokens: text = 514, total = 514
ollama-1  | slot print_timing: id  0 | task 1807 | prompt eval time =     736.21 ms /   186 tokens (    3.96 ms per token,   252.65 tokens per second)
ollama-1  | slot print_timing: id  0 | task 1807 |        eval time =     162.78 ms /     8 tokens (   23.25 ms per token,    43.00 tokens per second)
ollama-1  | slot print_timing: id  0 | task 1807 |       total time =     898.98 ms /   194 tokens
ollama-1  | slot print_timing: id  0 | task 1807 |    graphs reused =       1235
ollama-1  | slot      release: id  0 | task 1807 | stop processing: n_tokens = 521, truncated = 0
ollama-1  | srv  update_slots: all slots are idle
ollama-1  | [GIN] 2026/10/07 - 09:18:09 | 200 |  1.459518166s |      172.21.0.4 | POST     "/api/generate"
ollama-1  | srv  server_strea: conv_id= (empty=1)
ollama-1  | slot get_availabl: id  0 | task -1 |  - checking sim = 0.493 (328/665) > 0.100
ollama-1  | slot get_availabl: id  0 | task -1 | selected slot by LCP similarity, f_sim_best = 0.493 (> 0.100 thold), f_keep = 0.630
ollama-1  | slot launch_slot_: id  0 | task -1 | sampler chain: logits -> ?penalties -> ?dry -> ?top-n-sigma -> top-k -> ?typical -> top-p -> ?min-p -> ?xtc -> temp-ext -> dist 
ollama-1  | slot launch_slot_: id  0 | task -1 | sampler params: 
ollama-1  | 	repeat_last_n = 64, repeat_penalty = 1.000, frequency_penalty = 0.000, presence_penalty = 0.000
ollama-1  | 	dry_multiplier = 0.000, dry_base = 1.750, dry_allowed_length = 2, dry_penalty_last_n = 64
ollama-1  | 	top_k = 40, top_p = 0.900, min_p = 0.000, xtc_probability = 0.000, xtc_threshold = 0.100, typical_p = 1.000, top_n_sigma = -1.000, temp = 0.000
ollama-1  | 	mirostat = 0, mirostat_lr = 0.100, mirostat_ent = 5.000, adaptive_target = -1.000, adaptive_decay = 0.900
ollama-1  | slot launch_slot_: id  0 | task 1816 | processing task, is_child = 0
ollama-1  | slot   operator(): id  0 | task 1816 | new prompt, n_ctx_slot = 4096, n_keep = 4, task.n_tokens = 665
ollama-1  | slot   operator(): id  0 | task 1816 | cached n_tokens = 328, memory_seq_rm [328, end)
ollama-1  | slot init_sampler: id  0 | task 1816 | init sampler, took 0.05 ms, tokens: text = 665, total = 665
ollama-1  | slot print_timing: id  0 | task 1816 | prompt eval time =    1330.16 ms /   337 tokens (    3.95 ms per token,   253.35 tokens per second)
ollama-1  | slot print_timing: id  0 | task 1816 |        eval time =     199.63 ms /     8 tokens (   28.52 ms per token,    35.07 tokens per second)
ollama-1  | slot print_timing: id  0 | task 1816 |       total time =    1529.78 ms /   345 tokens
ollama-1  | slot print_timing: id  0 | task 1816 |    graphs reused =       1241
ollama-1  | slot      release: id  0 | task 1816 | stop processing: n_tokens = 672, truncated = 0
ollama-1  | srv  update_slots: all slots are idle
ollama-1  | [GIN] 2026/10/07 - 09:18:11 | 200 |  2.180435948s |      172.21.0.4 | POST     "/api/generate"
ollama-1  | srv  server_strea: conv_id= (empty=1)
ollama-1  | slot get_availabl: id  0 | task -1 |  - checking sim = 0.449 (328/731) > 0.100
ollama-1  | slot get_availabl: id  0 | task -1 | selected slot by LCP similarity, f_sim_best = 0.449 (> 0.100 thold), f_keep = 0.488
ollama-1  | srv  get_availabl: updating prompt cache
ollama-1  | srv   prompt_save:  - saving prompt with length 672, total state size = 21.008 MiB (draft: 0.000 MiB)
ollama-1  | srv          load:  - looking for better prompt, base f_keep = 0.488, f_sim = 0.449
ollama-1  | srv          load:    - prompt with length     709, lcp =     328, f_keep = 0.463, f_sim = 0.449
ollama-1  | srv          load:    - prompt with length     700, lcp =     328, f_keep = 0.469, f_sim = 0.449
ollama-1  | srv          load:    - prompt with length     695, lcp =     328, f_keep = 0.472, f_sim = 0.449
ollama-1  | srv          load:    - prompt with length     670, lcp =     328, f_keep = 0.490, f_sim = 0.449
ollama-1  | srv          load:    - prompt with length     730, lcp =     328, f_keep = 0.449, f_sim = 0.449
ollama-1  | srv          load:    - prompt with length     773, lcp =     328, f_keep = 0.424, f_sim = 0.449
ollama-1  | srv          load:    - prompt with length     779, lcp =     328, f_keep = 0.421, f_sim = 0.449
ollama-1  | srv          load:    - prompt with length     677, lcp =     328, f_keep = 0.484, f_sim = 0.449
ollama-1  | srv          load:    - prompt with length     677, lcp =     328, f_keep = 0.484, f_sim = 0.449
ollama-1  | srv          load:    - prompt with length     691, lcp =     328, f_keep = 0.475, f_sim = 0.449
ollama-1  | srv          load:    - prompt with length     738, lcp =     731, f_keep = 0.991, f_sim = 1.000
ollama-1  | srv          load:    - prompt with length     777, lcp =     328, f_keep = 0.422, f_sim = 0.449
ollama-1  | srv          load:    - prompt with length     805, lcp =     328, f_keep = 0.407, f_sim = 0.449
ollama-1  | srv          load:    - prompt with length     730, lcp =     328, f_keep = 0.449, f_sim = 0.449
ollama-1  | srv          load:    - prompt with length     659, lcp =     328, f_keep = 0.498, f_sim = 0.449
ollama-1  | srv          load:    - prompt with length     740, lcp =     328, f_keep = 0.443, f_sim = 0.449
ollama-1  | srv          load:    - prompt with length     738, lcp =     328, f_keep = 0.444, f_sim = 0.449
ollama-1  | srv          load:    - prompt with length     672, lcp =     328, f_keep = 0.488, f_sim = 0.449
ollama-1  | srv          load:  - found better prompt with f_keep = 0.991, f_sim = 1.000
ollama-1  | srv        update:  - cache state: 17 prompts, 382.084 MiB (limits: 8192.000 MiB, 4096 tokens, 262043 est)
ollama-1  | srv        update:    - prompt 0x2111c2b0:     709 tokens, checkpoints:  0,    22.165 MiB
ollama-1  | srv        update:    - prompt 0x1d133370:     700 tokens, checkpoints:  0,    21.883 MiB
ollama-1  | srv        update:    - prompt 0x1d12e2c0:     695 tokens, checkpoints:  0,    21.727 MiB
ollama-1  | srv        update:    - prompt 0x1d12d8d0:     670 tokens, checkpoints:  0,    20.946 MiB
ollama-1  | srv        update:    - prompt 0x1d708a50:     730 tokens, checkpoints:  0,    22.821 MiB
ollama-1  | srv        update:    - prompt 0x1d12cbe0:     773 tokens, checkpoints:  0,    24.165 MiB
ollama-1  | srv        update:    - prompt 0x1d12ae00:     779 tokens, checkpoints:  0,    24.353 MiB
ollama-1  | srv        update:    - prompt 0x248f0d00:     677 tokens, checkpoints:  0,    21.164 MiB
ollama-1  | srv        update:    - prompt 0x1d6ed0e0:     677 tokens, checkpoints:  0,    21.164 MiB
ollama-1  | srv        update:    - prompt 0x2111c150:     691 tokens, checkpoints:  0,    21.602 MiB
ollama-1  | srv        update:    - prompt 0x24d079d0:     777 tokens, checkpoints:  0,    24.291 MiB
ollama-1  | srv        update:    - prompt 0x1d728d30:     805 tokens, checkpoints:  0,    25.166 MiB
ollama-1  | srv        update:    - prompt 0x24240030:     730 tokens, checkpoints:  0,    22.821 MiB
ollama-1  | srv        update:    - prompt 0x248d1790:     659 tokens, checkpoints:  0,    20.602 MiB
ollama-1  | srv        update:    - prompt 0x1e79b710:     740 tokens, checkpoints:  0,    23.134 MiB
ollama-1  | srv        update:    - prompt 0x242c5cb0:     738 tokens, checkpoints:  0,    23.071 MiB
ollama-1  | srv        update:    - prompt 0x1e773b90:     672 tokens, checkpoints:  0,    21.008 MiB
ollama-1  | srv  get_availabl: prompt cache update took 12.35 ms
ollama-1  | slot launch_slot_: id  0 | task -1 | sampler chain: logits -> ?penalties -> ?dry -> ?top-n-sigma -> top-k -> ?typical -> top-p -> ?min-p -> ?xtc -> temp-ext -> dist 
ollama-1  | slot launch_slot_: id  0 | task -1 | sampler params: 
ollama-1  | 	repeat_last_n = 64, repeat_penalty = 1.000, frequency_penalty = 0.000, presence_penalty = 0.000
ollama-1  | 	dry_multiplier = 0.000, dry_base = 1.750, dry_allowed_length = 2, dry_penalty_last_n = 64
ollama-1  | 	top_k = 40, top_p = 0.900, min_p = 0.000, xtc_probability = 0.000, xtc_threshold = 0.100, typical_p = 1.000, top_n_sigma = -1.000, temp = 0.000
ollama-1  | 	mirostat = 0, mirostat_lr = 0.100, mirostat_ent = 5.000, adaptive_target = -1.000, adaptive_decay = 0.900
ollama-1  | slot launch_slot_: id  0 | task 1825 | processing task, is_child = 0
ollama-1  | slot   operator(): id  0 | task 1825 | new prompt, n_ctx_slot = 4096, n_keep = 4, task.n_tokens = 731
ollama-1  | slot   operator(): id  0 | task 1825 | need to evaluate at least 1 token for each active slot (n_past = 731, task.n_tokens() = 731)
ollama-1  | slot   operator(): id  0 | task 1825 | n_past was set to 730
ollama-1  | slot   operator(): id  0 | task 1825 | cached n_tokens = 730, memory_seq_rm [730, end)
ollama-1  | slot init_sampler: id  0 | task 1825 | init sampler, took 0.06 ms, tokens: text = 731, total = 731
ollama-1  | slot print_timing: id  0 | task 1825 | prompt eval time =      24.70 ms /     1 tokens (   24.70 ms per token,    40.49 tokens per second)
ollama-1  | slot print_timing: id  0 | task 1825 |        eval time =     170.92 ms /     8 tokens (   24.42 ms per token,    40.96 tokens per second)
ollama-1  | slot print_timing: id  0 | task 1825 |       total time =     195.61 ms /     9 tokens
ollama-1  | slot print_timing: id  0 | task 1825 |    graphs reused =       1249
ollama-1  | slot      release: id  0 | task 1825 | stop processing: n_tokens = 738, truncated = 0
ollama-1  | srv  update_slots: all slots are idle
ollama-1  | [GIN] 2026/10/07 - 09:18:11 | 200 |   1.11357548s |      172.21.0.4 | POST     "/api/generate"
ollama-1  | srv  server_strea: conv_id= (empty=1)
ollama-1  | slot get_availabl: id  0 | task -1 |  - checking sim = 0.643 (328/510) > 0.100
ollama-1  | slot get_availabl: id  0 | task -1 | selected slot by LCP similarity, f_sim_best = 0.643 (> 0.100 thold), f_keep = 0.444
ollama-1  | srv  get_availabl: updating prompt cache
ollama-1  | srv   prompt_save:  - saving prompt with length 738, total state size = 23.071 MiB (draft: 0.000 MiB)
ollama-1  | srv          load:  - looking for better prompt, base f_keep = 0.444, f_sim = 0.643
ollama-1  | srv          load:    - prompt with length     709, lcp =     328, f_keep = 0.463, f_sim = 0.643
ollama-1  | srv          load:    - prompt with length     700, lcp =     328, f_keep = 0.469, f_sim = 0.643
ollama-1  | srv          load:    - prompt with length     695, lcp =     328, f_keep = 0.472, f_sim = 0.643
ollama-1  | srv          load:    - prompt with length     670, lcp =     328, f_keep = 0.490, f_sim = 0.643
ollama-1  | srv          load:    - prompt with length     730, lcp =     328, f_keep = 0.449, f_sim = 0.643
ollama-1  | srv          load:    - prompt with length     773, lcp =     329, f_keep = 0.426, f_sim = 0.645
ollama-1  | srv          load:    - prompt with length     779, lcp =     328, f_keep = 0.421, f_sim = 0.643
ollama-1  | srv          load:    - prompt with length     677, lcp =     329, f_keep = 0.486, f_sim = 0.645
ollama-1  | srv          load:    - prompt with length     677, lcp =     329, f_keep = 0.486, f_sim = 0.645
ollama-1  | srv          load:    - prompt with length     691, lcp =     329, f_keep = 0.476, f_sim = 0.645
ollama-1  | srv          load:    - prompt with length     777, lcp =     329, f_keep = 0.423, f_sim = 0.645
ollama-1  | srv          load:    - prompt with length     805, lcp =     328, f_keep = 0.407, f_sim = 0.643
ollama-1  | srv          load:    - prompt with length     730, lcp =     329, f_keep = 0.451, f_sim = 0.645
ollama-1  | srv          load:    - prompt with length     659, lcp =     329, f_keep = 0.499, f_sim = 0.645
ollama-1  | srv          load:    - prompt with length     740, lcp =     328, f_keep = 0.443, f_sim = 0.643
ollama-1  | srv          load:    - prompt with length     738, lcp =     329, f_keep = 0.446, f_sim = 0.645
ollama-1  | srv          load:    - prompt with length     672, lcp =     330, f_keep = 0.491, f_sim = 0.647
ollama-1  | srv          load:    - prompt with length     738, lcp =     328, f_keep = 0.444, f_sim = 0.643
ollama-1  | srv          load:  - found better prompt with f_keep = 0.491, f_sim = 0.647
ollama-1  | srv        update:  - cache state: 17 prompts, 384.147 MiB (limits: 8192.000 MiB, 4096 tokens, 262043 est)
ollama-1  | srv        update:    - prompt 0x2111c2b0:     709 tokens, checkpoints:  0,    22.165 MiB
ollama-1  | srv        update:    - prompt 0x1d133370:     700 tokens, checkpoints:  0,    21.883 MiB
ollama-1  | srv        update:    - prompt 0x1d12e2c0:     695 tokens, checkpoints:  0,    21.727 MiB
ollama-1  | srv        update:    - prompt 0x1d12d8d0:     670 tokens, checkpoints:  0,    20.946 MiB
ollama-1  | srv        update:    - prompt 0x1d708a50:     730 tokens, checkpoints:  0,    22.821 MiB
ollama-1  | srv        update:    - prompt 0x1d12cbe0:     773 tokens, checkpoints:  0,    24.165 MiB
ollama-1  | srv        update:    - prompt 0x1d12ae00:     779 tokens, checkpoints:  0,    24.353 MiB
ollama-1  | srv        update:    - prompt 0x248f0d00:     677 tokens, checkpoints:  0,    21.164 MiB
ollama-1  | srv        update:    - prompt 0x1d6ed0e0:     677 tokens, checkpoints:  0,    21.164 MiB
ollama-1  | srv        update:    - prompt 0x2111c150:     691 tokens, checkpoints:  0,    21.602 MiB
ollama-1  | srv        update:    - prompt 0x24d079d0:     777 tokens, checkpoints:  0,    24.291 MiB
ollama-1  | srv        update:    - prompt 0x1d728d30:     805 tokens, checkpoints:  0,    25.166 MiB
ollama-1  | srv        update:    - prompt 0x24240030:     730 tokens, checkpoints:  0,    22.821 MiB
ollama-1  | srv        update:    - prompt 0x248d1790:     659 tokens, checkpoints:  0,    20.602 MiB
ollama-1  | srv        update:    - prompt 0x1e79b710:     740 tokens, checkpoints:  0,    23.134 MiB
ollama-1  | srv        update:    - prompt 0x242c5cb0:     738 tokens, checkpoints:  0,    23.071 MiB
ollama-1  | srv        update:    - prompt 0x1e75fd60:     738 tokens, checkpoints:  0,    23.071 MiB
ollama-1  | srv  get_availabl: prompt cache update took 10.20 ms
ollama-1  | slot launch_slot_: id  0 | task -1 | sampler chain: logits -> ?penalties -> ?dry -> ?top-n-sigma -> top-k -> ?typical -> top-p -> ?min-p -> ?xtc -> temp-ext -> dist 
ollama-1  | slot launch_slot_: id  0 | task -1 | sampler params: 
ollama-1  | 	repeat_last_n = 64, repeat_penalty = 1.000, frequency_penalty = 0.000, presence_penalty = 0.000
ollama-1  | 	dry_multiplier = 0.000, dry_base = 1.750, dry_allowed_length = 2, dry_penalty_last_n = 64
ollama-1  | 	top_k = 40, top_p = 0.900, min_p = 0.000, xtc_probability = 0.000, xtc_threshold = 0.100, typical_p = 1.000, top_n_sigma = -1.000, temp = 0.000
ollama-1  | 	mirostat = 0, mirostat_lr = 0.100, mirostat_ent = 5.000, adaptive_target = -1.000, adaptive_decay = 0.900
ollama-1  | slot launch_slot_: id  0 | task 1834 | processing task, is_child = 0
ollama-1  | slot   operator(): id  0 | task 1834 | new prompt, n_ctx_slot = 4096, n_keep = 4, task.n_tokens = 510
ollama-1  | slot   operator(): id  0 | task 1834 | cached n_tokens = 330, memory_seq_rm [330, end)
ollama-1  | slot init_sampler: id  0 | task 1834 | init sampler, took 0.09 ms, tokens: text = 510, total = 510
ollama-1  | [GIN] 2026/10/07 - 09:18:14 | 200 |      25.045µs |       127.0.0.1 | HEAD     "/"
ollama-1  | [GIN] 2026/10/07 - 09:18:14 | 200 |    1.207603ms |       127.0.0.1 | GET      "/api/tags"
ollama-1  | slot print_timing: id  0 | task 1834 | prompt eval time =     689.64 ms /   180 tokens (    3.83 ms per token,   261.00 tokens per second)
ollama-1  | slot print_timing: id  0 | task 1834 |        eval time =     174.72 ms /     9 tokens (   21.84 ms per token,    45.79 tokens per second)
ollama-1  | slot print_timing: id  0 | task 1834 |       total time =     864.36 ms /   189 tokens
ollama-1  | slot print_timing: id  0 | task 1834 |    graphs reused =       1255
ollama-1  | slot      release: id  0 | task 1834 | stop processing: n_tokens = 518, truncated = 0
ollama-1  | srv  update_slots: all slots are idle
ollama-1  | [GIN] 2026/10/07 - 09:18:15 | 200 |  880.519258ms |      172.21.0.4 | POST     "/api/generate"
ollama-1  | srv  server_strea: conv_id= (empty=1)
ollama-1  | slot get_availabl: id  0 | task -1 |  - checking sim = 0.708 (328/463) > 0.100
ollama-1  | slot get_availabl: id  0 | task -1 | selected slot by LCP similarity, f_sim_best = 0.708 (> 0.100 thold), f_keep = 0.633
ollama-1  | slot launch_slot_: id  0 | task -1 | sampler chain: logits -> ?penalties -> ?dry -> ?top-n-sigma -> top-k -> ?typical -> top-p -> ?min-p -> ?xtc -> temp-ext -> dist 
ollama-1  | slot launch_slot_: id  0 | task -1 | sampler params: 
ollama-1  | 	repeat_last_n = 64, repeat_penalty = 1.000, frequency_penalty = 0.000, presence_penalty = 0.000
ollama-1  | 	dry_multiplier = 0.000, dry_base = 1.750, dry_allowed_length = 2, dry_penalty_last_n = 64
ollama-1  | 	top_k = 40, top_p = 0.900, min_p = 0.000, xtc_probability = 0.000, xtc_threshold = 0.100, typical_p = 1.000, top_n_sigma = -1.000, temp = 0.000
ollama-1  | 	mirostat = 0, mirostat_lr = 0.100, mirostat_ent = 5.000, adaptive_target = -1.000, adaptive_decay = 0.900
ollama-1  | slot launch_slot_: id  0 | task 1844 | processing task, is_child = 0
ollama-1  | slot   operator(): id  0 | task 1844 | new prompt, n_ctx_slot = 4096, n_keep = 4, task.n_tokens = 463
ollama-1  | slot   operator(): id  0 | task 1844 | cached n_tokens = 328, memory_seq_rm [328, end)
ollama-1  | slot init_sampler: id  0 | task 1844 | init sampler, took 0.04 ms, tokens: text = 463, total = 463
ollama-1  | slot print_timing: id  0 | task 1844 | prompt eval time =     519.99 ms /   135 tokens (    3.85 ms per token,   259.62 tokens per second)
ollama-1  | slot print_timing: id  0 | task 1844 |        eval time =     152.20 ms /     8 tokens (   21.74 ms per token,    45.99 tokens per second)
ollama-1  | slot print_timing: id  0 | task 1844 |       total time =     672.20 ms /   143 tokens
ollama-1  | slot print_timing: id  0 | task 1844 |    graphs reused =       1261
ollama-1  | slot      release: id  0 | task 1844 | stop processing: n_tokens = 470, truncated = 0
ollama-1  | srv  update_slots: all slots are idle
ollama-1  | [GIN] 2026/10/07 - 09:18:19 | 200 |  678.579726ms |      172.21.0.4 | POST     "/api/generate"
ollama-1  | srv  server_strea: conv_id= (empty=1)
ollama-1  | slot get_availabl: id  0 | task -1 |  - checking sim = 0.631 (328/520) > 0.100
ollama-1  | slot get_availabl: id  0 | task -1 | selected slot by LCP similarity, f_sim_best = 0.631 (> 0.100 thold), f_keep = 0.698
ollama-1  | slot launch_slot_: id  0 | task -1 | sampler chain: logits -> ?penalties -> ?dry -> ?top-n-sigma -> top-k -> ?typical -> top-p -> ?min-p -> ?xtc -> temp-ext -> dist 
ollama-1  | slot launch_slot_: id  0 | task -1 | sampler params: 
ollama-1  | 	repeat_last_n = 64, repeat_penalty = 1.000, frequency_penalty = 0.000, presence_penalty = 0.000
ollama-1  | 	dry_multiplier = 0.000, dry_base = 1.750, dry_allowed_length = 2, dry_penalty_last_n = 64
ollama-1  | 	top_k = 40, top_p = 0.900, min_p = 0.000, xtc_probability = 0.000, xtc_threshold = 0.100, typical_p = 1.000, top_n_sigma = -1.000, temp = 0.000
ollama-1  | 	mirostat = 0, mirostat_lr = 0.100, mirostat_ent = 5.000, adaptive_target = -1.000, adaptive_decay = 0.900
ollama-1  | slot launch_slot_: id  0 | task 1853 | processing task, is_child = 0
ollama-1  | slot   operator(): id  0 | task 1853 | new prompt, n_ctx_slot = 4096, n_keep = 4, task.n_tokens = 520
ollama-1  | slot   operator(): id  0 | task 1853 | cached n_tokens = 328, memory_seq_rm [328, end)
ollama-1  | slot init_sampler: id  0 | task 1853 | init sampler, took 0.07 ms, tokens: text = 520, total = 520
ollama-1  | slot print_timing: id  0 | task 1853 | prompt eval time =     740.75 ms /   192 tokens (    3.86 ms per token,   259.20 tokens per second)
ollama-1  | slot print_timing: id  0 | task 1853 |        eval time =     157.38 ms /     8 tokens (   22.48 ms per token,    44.48 tokens per second)
ollama-1  | slot print_timing: id  0 | task 1853 |       total time =     898.13 ms /   200 tokens
ollama-1  | slot print_timing: id  0 | task 1853 |    graphs reused =       1267
ollama-1  | slot      release: id  0 | task 1853 | stop processing: n_tokens = 527, truncated = 0
ollama-1  | srv  update_slots: all slots are idle
ollama-1  | [GIN] 2026/10/07 - 09:18:19 | 200 |  1.183689187s |      172.21.0.4 | POST     "/api/generate"
ollama-1  | srv  server_strea: conv_id= (empty=1)
ollama-1  | slot get_availabl: id  0 | task -1 |  - checking sim = 0.426 (328/770) > 0.100
ollama-1  | slot get_availabl: id  0 | task -1 | selected slot by LCP similarity, f_sim_best = 0.426 (> 0.100 thold), f_keep = 0.622
ollama-1  | slot launch_slot_: id  0 | task -1 | sampler chain: logits -> ?penalties -> ?dry -> ?top-n-sigma -> top-k -> ?typical -> top-p -> ?min-p -> ?xtc -> temp-ext -> dist 
ollama-1  | slot launch_slot_: id  0 | task -1 | sampler params: 
ollama-1  | 	repeat_last_n = 64, repeat_penalty = 1.000, frequency_penalty = 0.000, presence_penalty = 0.000
ollama-1  | 	dry_multiplier = 0.000, dry_base = 1.750, dry_allowed_length = 2, dry_penalty_last_n = 64
ollama-1  | 	top_k = 40, top_p = 0.900, min_p = 0.000, xtc_probability = 0.000, xtc_threshold = 0.100, typical_p = 1.000, top_n_sigma = -1.000, temp = 0.000
ollama-1  | 	mirostat = 0, mirostat_lr = 0.100, mirostat_ent = 5.000, adaptive_target = -1.000, adaptive_decay = 0.900
ollama-1  | slot launch_slot_: id  0 | task 1862 | processing task, is_child = 0
ollama-1  | slot   operator(): id  0 | task 1862 | new prompt, n_ctx_slot = 4096, n_keep = 4, task.n_tokens = 770
ollama-1  | slot   operator(): id  0 | task 1862 | cached n_tokens = 328, memory_seq_rm [328, end)
ollama-1  | slot init_sampler: id  0 | task 1862 | init sampler, took 0.06 ms, tokens: text = 770, total = 770
ollama-1  | [GIN] 2026/10/07 - 09:18:24 | 200 |      31.502µs |       127.0.0.1 | HEAD     "/"
ollama-1  | [GIN] 2026/10/07 - 09:18:24 | 200 |     837.598µs |       127.0.0.1 | GET      "/api/tags"
ollama-1  | slot print_timing: id  0 | task 1862 | prompt eval time =    1696.92 ms /   442 tokens (    3.84 ms per token,   260.47 tokens per second)
ollama-1  | slot print_timing: id  0 | task 1862 |        eval time =     160.80 ms /     8 tokens (   22.97 ms per token,    43.53 tokens per second)
ollama-1  | slot print_timing: id  0 | task 1862 |       total time =    1857.72 ms /   450 tokens
ollama-1  | slot print_timing: id  0 | task 1862 |    graphs reused =       1273
ollama-1  | slot      release: id  0 | task 1862 | stop processing: n_tokens = 777, truncated = 0
ollama-1  | srv  update_slots: all slots are idle
ollama-1  | [GIN] 2026/10/07 - 09:18:24 | 200 |    1.8635845s |      172.21.0.4 | POST     "/api/generate"
ollama-1  | srv  server_strea: conv_id= (empty=1)
ollama-1  | slot get_availabl: id  0 | task -1 |  - checking sim = 0.783 (328/419) > 0.100
ollama-1  | slot get_availabl: id  0 | task -1 | selected slot by LCP similarity, f_sim_best = 0.783 (> 0.100 thold), f_keep = 0.422
ollama-1  | srv  get_availabl: updating prompt cache
ollama-1  | srv   prompt_save:  - saving prompt with length 777, total state size = 24.291 MiB (draft: 0.000 MiB)
ollama-1  | srv         alloc:  - prompt is already in the cache, skipping
ollama-1  | srv          load:  - looking for better prompt, base f_keep = 0.422, f_sim = 0.783
ollama-1  | srv          load:    - prompt with length     709, lcp =     328, f_keep = 0.463, f_sim = 0.783
ollama-1  | srv          load:    - prompt with length     700, lcp =     328, f_keep = 0.469, f_sim = 0.783
ollama-1  | srv          load:    - prompt with length     695, lcp =     328, f_keep = 0.472, f_sim = 0.783
ollama-1  | srv          load:    - prompt with length     670, lcp =     328, f_keep = 0.490, f_sim = 0.783
ollama-1  | srv          load:    - prompt with length     730, lcp =     328, f_keep = 0.449, f_sim = 0.783
ollama-1  | srv          load:    - prompt with length     773, lcp =     328, f_keep = 0.424, f_sim = 0.783
ollama-1  | srv          load:    - prompt with length     779, lcp =     328, f_keep = 0.421, f_sim = 0.783
ollama-1  | srv          load:    - prompt with length     677, lcp =     328, f_keep = 0.484, f_sim = 0.783
ollama-1  | srv          load:    - prompt with length     677, lcp =     328, f_keep = 0.484, f_sim = 0.783
ollama-1  | srv          load:    - prompt with length     691, lcp =     328, f_keep = 0.475, f_sim = 0.783
ollama-1  | srv          load:    - prompt with length     777, lcp =     328, f_keep = 0.422, f_sim = 0.783
ollama-1  | srv          load:    - prompt with length     805, lcp =     328, f_keep = 0.407, f_sim = 0.783
ollama-1  | srv          load:    - prompt with length     730, lcp =     328, f_keep = 0.449, f_sim = 0.783
ollama-1  | srv          load:    - prompt with length     659, lcp =     328, f_keep = 0.498, f_sim = 0.783
ollama-1  | srv          load:    - prompt with length     740, lcp =     328, f_keep = 0.443, f_sim = 0.783
ollama-1  | srv          load:    - prompt with length     738, lcp =     328, f_keep = 0.444, f_sim = 0.783
ollama-1  | srv          load:    - prompt with length     738, lcp =     328, f_keep = 0.444, f_sim = 0.783
ollama-1  | srv        update:  - cache state: 17 prompts, 384.147 MiB (limits: 8192.000 MiB, 4096 tokens, 262043 est)
ollama-1  | srv        update:    - prompt 0x2111c2b0:     709 tokens, checkpoints:  0,    22.165 MiB
ollama-1  | srv        update:    - prompt 0x1d133370:     700 tokens, checkpoints:  0,    21.883 MiB
ollama-1  | srv        update:    - prompt 0x1d12e2c0:     695 tokens, checkpoints:  0,    21.727 MiB
ollama-1  | srv        update:    - prompt 0x1d12d8d0:     670 tokens, checkpoints:  0,    20.946 MiB
ollama-1  | srv        update:    - prompt 0x1d708a50:     730 tokens, checkpoints:  0,    22.821 MiB
ollama-1  | srv        update:    - prompt 0x1d12cbe0:     773 tokens, checkpoints:  0,    24.165 MiB
ollama-1  | srv        update:    - prompt 0x1d12ae00:     779 tokens, checkpoints:  0,    24.353 MiB
ollama-1  | srv        update:    - prompt 0x248f0d00:     677 tokens, checkpoints:  0,    21.164 MiB
ollama-1  | srv        update:    - prompt 0x1d6ed0e0:     677 tokens, checkpoints:  0,    21.164 MiB
ollama-1  | srv        update:    - prompt 0x2111c150:     691 tokens, checkpoints:  0,    21.602 MiB
ollama-1  | srv        update:    - prompt 0x24d079d0:     777 tokens, checkpoints:  0,    24.291 MiB
ollama-1  | srv        update:    - prompt 0x1d728d30:     805 tokens, checkpoints:  0,    25.166 MiB
ollama-1  | srv        update:    - prompt 0x24240030:     730 tokens, checkpoints:  0,    22.821 MiB
ollama-1  | srv        update:    - prompt 0x248d1790:     659 tokens, checkpoints:  0,    20.602 MiB
ollama-1  | srv        update:    - prompt 0x1e79b710:     740 tokens, checkpoints:  0,    23.134 MiB
ollama-1  | srv        update:    - prompt 0x242c5cb0:     738 tokens, checkpoints:  0,    23.071 MiB
ollama-1  | srv        update:    - prompt 0x1e75fd60:     738 tokens, checkpoints:  0,    23.071 MiB
ollama-1  | srv  get_availabl: prompt cache update took 0.06 ms
ollama-1  | slot launch_slot_: id  0 | task -1 | sampler chain: logits -> ?penalties -> ?dry -> ?top-n-sigma -> top-k -> ?typical -> top-p -> ?min-p -> ?xtc -> temp-ext -> dist 
ollama-1  | slot launch_slot_: id  0 | task -1 | sampler params: 
ollama-1  | 	repeat_last_n = 64, repeat_penalty = 1.000, frequency_penalty = 0.000, presence_penalty = 0.000
ollama-1  | 	dry_multiplier = 0.000, dry_base = 1.750, dry_allowed_length = 2, dry_penalty_last_n = 64
ollama-1  | 	top_k = 40, top_p = 0.900, min_p = 0.000, xtc_probability = 0.000, xtc_threshold = 0.100, typical_p = 1.000, top_n_sigma = -1.000, temp = 0.000
ollama-1  | 	mirostat = 0, mirostat_lr = 0.100, mirostat_ent = 5.000, adaptive_target = -1.000, adaptive_decay = 0.900
ollama-1  | slot launch_slot_: id  0 | task 1871 | processing task, is_child = 0
ollama-1  | slot   operator(): id  0 | task 1871 | new prompt, n_ctx_slot = 4096, n_keep = 4, task.n_tokens = 419
ollama-1  | slot   operator(): id  0 | task 1871 | cached n_tokens = 328, memory_seq_rm [328, end)
ollama-1  | slot init_sampler: id  0 | task 1871 | init sampler, took 0.03 ms, tokens: text = 419, total = 419
ollama-1  | slot print_timing: id  0 | task 1871 | prompt eval time =     355.92 ms /    91 tokens (    3.91 ms per token,   255.68 tokens per second)
ollama-1  | slot print_timing: id  0 | task 1871 |        eval time =     185.53 ms /     9 tokens (   23.19 ms per token,    43.12 tokens per second)
ollama-1  | slot print_timing: id  0 | task 1871 |       total time =     541.45 ms /   100 tokens
ollama-1  | slot print_timing: id  0 | task 1871 |    graphs reused =       1280
ollama-1  | slot      release: id  0 | task 1871 | stop processing: n_tokens = 427, truncated = 0
ollama-1  | srv  update_slots: all slots are idle
ollama-1  | [GIN] 2026/10/07 - 09:18:25 | 200 |  546.420755ms |      172.21.0.4 | POST     "/api/generate"
ollama-1  | srv  server_strea: conv_id= (empty=1)
ollama-1  | slot get_availabl: id  0 | task -1 |  - checking sim = 0.768 (328/427) > 0.100
ollama-1  | slot get_availabl: id  0 | task -1 | selected slot by LCP similarity, f_sim_best = 0.768 (> 0.100 thold), f_keep = 0.768
ollama-1  | slot launch_slot_: id  0 | task -1 | sampler chain: logits -> ?penalties -> ?dry -> ?top-n-sigma -> top-k -> ?typical -> top-p -> ?min-p -> ?xtc -> temp-ext -> dist 
ollama-1  | slot launch_slot_: id  0 | task -1 | sampler params: 
ollama-1  | 	repeat_last_n = 64, repeat_penalty = 1.000, frequency_penalty = 0.000, presence_penalty = 0.000
ollama-1  | 	dry_multiplier = 0.000, dry_base = 1.750, dry_allowed_length = 2, dry_penalty_last_n = 64
ollama-1  | 	top_k = 40, top_p = 0.900, min_p = 0.000, xtc_probability = 0.000, xtc_threshold = 0.100, typical_p = 1.000, top_n_sigma = -1.000, temp = 0.000
ollama-1  | 	mirostat = 0, mirostat_lr = 0.100, mirostat_ent = 5.000, adaptive_target = -1.000, adaptive_decay = 0.900
ollama-1  | slot launch_slot_: id  0 | task 1881 | processing task, is_child = 0
ollama-1  | slot   operator(): id  0 | task 1881 | new prompt, n_ctx_slot = 4096, n_keep = 4, task.n_tokens = 427
ollama-1  | slot   operator(): id  0 | task 1881 | cached n_tokens = 328, memory_seq_rm [328, end)
ollama-1  | slot init_sampler: id  0 | task 1881 | init sampler, took 0.03 ms, tokens: text = 427, total = 427
ollama-1  | slot print_timing: id  0 | task 1881 | prompt eval time =     400.76 ms /    99 tokens (    4.05 ms per token,   247.03 tokens per second)
ollama-1  | slot print_timing: id  0 | task 1881 |        eval time =     165.22 ms /     8 tokens (   23.60 ms per token,    42.37 tokens per second)
ollama-1  | slot print_timing: id  0 | task 1881 |       total time =     565.98 ms /   107 tokens
ollama-1  | slot print_timing: id  0 | task 1881 |    graphs reused =       1286
ollama-1  | slot      release: id  0 | task 1881 | stop processing: n_tokens = 434, truncated = 0
ollama-1  | srv  update_slots: all slots are idle
ollama-1  | [GIN] 2026/10/07 - 09:18:27 | 200 |  571.029597ms |      172.21.0.4 | POST     "/api/generate"
ollama-1  | srv  server_strea: conv_id= (empty=1)
ollama-1  | slot get_availabl: id  0 | task -1 |  - checking sim = 0.539 (328/608) > 0.100
ollama-1  | slot get_availabl: id  0 | task -1 | selected slot by LCP similarity, f_sim_best = 0.539 (> 0.100 thold), f_keep = 0.756
ollama-1  | slot launch_slot_: id  0 | task -1 | sampler chain: logits -> ?penalties -> ?dry -> ?top-n-sigma -> top-k -> ?typical -> top-p -> ?min-p -> ?xtc -> temp-ext -> dist 
ollama-1  | slot launch_slot_: id  0 | task -1 | sampler params: 
ollama-1  | 	repeat_last_n = 64, repeat_penalty = 1.000, frequency_penalty = 0.000, presence_penalty = 0.000
ollama-1  | 	dry_multiplier = 0.000, dry_base = 1.750, dry_allowed_length = 2, dry_penalty_last_n = 64
ollama-1  | 	top_k = 40, top_p = 0.900, min_p = 0.000, xtc_probability = 0.000, xtc_threshold = 0.100, typical_p = 1.000, top_n_sigma = -1.000, temp = 0.000
ollama-1  | 	mirostat = 0, mirostat_lr = 0.100, mirostat_ent = 5.000, adaptive_target = -1.000, adaptive_decay = 0.900
ollama-1  | slot launch_slot_: id  0 | task 1890 | processing task, is_child = 0
ollama-1  | slot   operator(): id  0 | task 1890 | new prompt, n_ctx_slot = 4096, n_keep = 4, task.n_tokens = 608
ollama-1  | slot   operator(): id  0 | task 1890 | cached n_tokens = 328, memory_seq_rm [328, end)
ollama-1  | slot init_sampler: id  0 | task 1890 | init sampler, took 0.04 ms, tokens: text = 608, total = 608
ollama-1  | slot print_timing: id  0 | task 1890 | prompt eval time =    1083.08 ms /   280 tokens (    3.87 ms per token,   258.52 tokens per second)
ollama-1  | slot print_timing: id  0 | task 1890 |        eval time =     165.50 ms /     8 tokens (   23.64 ms per token,    42.29 tokens per second)
ollama-1  | slot print_timing: id  0 | task 1890 |       total time =    1248.58 ms /   288 tokens
ollama-1  | slot print_timing: id  0 | task 1890 |    graphs reused =       1292
ollama-1  | slot      release: id  0 | task 1890 | stop processing: n_tokens = 615, truncated = 0
ollama-1  | srv  update_slots: all slots are idle
ollama-1  | [GIN] 2026/10/07 - 09:18:32 | 200 |  1.253902803s |      172.21.0.4 | POST     "/api/generate"
ollama-1  | srv  server_strea: conv_id= (empty=1)
ollama-1  | slot get_availabl: id  0 | task -1 |  - checking sim = 0.732 (328/448) > 0.100
ollama-1  | slot get_availabl: id  0 | task -1 | selected slot by LCP similarity, f_sim_best = 0.732 (> 0.100 thold), f_keep = 0.533
ollama-1  | slot launch_slot_: id  0 | task -1 | sampler chain: logits -> ?penalties -> ?dry -> ?top-n-sigma -> top-k -> ?typical -> top-p -> ?min-p -> ?xtc -> temp-ext -> dist 
ollama-1  | slot launch_slot_: id  0 | task -1 | sampler params: 
ollama-1  | 	repeat_last_n = 64, repeat_penalty = 1.000, frequency_penalty = 0.000, presence_penalty = 0.000
ollama-1  | 	dry_multiplier = 0.000, dry_base = 1.750, dry_allowed_length = 2, dry_penalty_last_n = 64
ollama-1  | 	top_k = 40, top_p = 0.900, min_p = 0.000, xtc_probability = 0.000, xtc_threshold = 0.100, typical_p = 1.000, top_n_sigma = -1.000, temp = 0.000
ollama-1  | 	mirostat = 0, mirostat_lr = 0.100, mirostat_ent = 5.000, adaptive_target = -1.000, adaptive_decay = 0.900
ollama-1  | slot launch_slot_: id  0 | task 1899 | processing task, is_child = 0
ollama-1  | slot   operator(): id  0 | task 1899 | new prompt, n_ctx_slot = 4096, n_keep = 4, task.n_tokens = 448
ollama-1  | slot   operator(): id  0 | task 1899 | cached n_tokens = 328, memory_seq_rm [328, end)
ollama-1  | slot init_sampler: id  0 | task 1899 | init sampler, took 0.05 ms, tokens: text = 448, total = 448
ollama-1  | slot print_timing: id  0 | task 1899 | prompt eval time =     471.13 ms /   120 tokens (    3.93 ms per token,   254.71 tokens per second)
ollama-1  | slot print_timing: id  0 | task 1899 |        eval time =     153.50 ms /     8 tokens (   21.93 ms per token,    45.60 tokens per second)
ollama-1  | slot print_timing: id  0 | task 1899 |       total time =     624.63 ms /   128 tokens
ollama-1  | slot print_timing: id  0 | task 1899 |    graphs reused =       1298
ollama-1  | slot      release: id  0 | task 1899 | stop processing: n_tokens = 455, truncated = 0
ollama-1  | srv  update_slots: all slots are idle
ollama-1  | [GIN] 2026/10/07 - 09:18:33 | 200 |  1.392716615s |      172.21.0.4 | POST     "/api/generate"
ollama-1  | [GIN] 2026/10/07 - 09:18:34 | 200 |      23.592µs |       127.0.0.1 | HEAD     "/"
ollama-1  | [GIN] 2026/10/07 - 09:18:34 | 200 |     670.258µs |       127.0.0.1 | GET      "/api/tags"
ollama-1  | srv  server_strea: conv_id= (empty=1)
ollama-1  | slot get_availabl: id  0 | task -1 |  - checking sim = 0.841 (328/390) > 0.100
ollama-1  | slot get_availabl: id  0 | task -1 | selected slot by LCP similarity, f_sim_best = 0.841 (> 0.100 thold), f_keep = 0.721
ollama-1  | slot launch_slot_: id  0 | task -1 | sampler chain: logits -> ?penalties -> ?dry -> ?top-n-sigma -> top-k -> ?typical -> top-p -> ?min-p -> ?xtc -> temp-ext -> dist 
ollama-1  | slot launch_slot_: id  0 | task -1 | sampler params: 
ollama-1  | 	repeat_last_n = 64, repeat_penalty = 1.000, frequency_penalty = 0.000, presence_penalty = 0.000
ollama-1  | 	dry_multiplier = 0.000, dry_base = 1.750, dry_allowed_length = 2, dry_penalty_last_n = 64
ollama-1  | 	top_k = 40, top_p = 0.900, min_p = 0.000, xtc_probability = 0.000, xtc_threshold = 0.100, typical_p = 1.000, top_n_sigma = -1.000, temp = 0.000
ollama-1  | 	mirostat = 0, mirostat_lr = 0.100, mirostat_ent = 5.000, adaptive_target = -1.000, adaptive_decay = 0.900
ollama-1  | slot launch_slot_: id  0 | task 1908 | processing task, is_child = 0
ollama-1  | slot   operator(): id  0 | task 1908 | new prompt, n_ctx_slot = 4096, n_keep = 4, task.n_tokens = 390
ollama-1  | slot   operator(): id  0 | task 1908 | cached n_tokens = 328, memory_seq_rm [328, end)
ollama-1  | slot init_sampler: id  0 | task 1908 | init sampler, took 0.04 ms, tokens: text = 390, total = 390
ollama-1  | slot print_timing: id  0 | task 1908 | prompt eval time =     245.73 ms /    62 tokens (    3.96 ms per token,   252.31 tokens per second)
ollama-1  | slot print_timing: id  0 | task 1908 |        eval time =     157.22 ms /     8 tokens (   22.46 ms per token,    44.52 tokens per second)
ollama-1  | slot print_timing: id  0 | task 1908 |       total time =     402.95 ms /    70 tokens
ollama-1  | slot print_timing: id  0 | task 1908 |    graphs reused =       1304
ollama-1  | slot      release: id  0 | task 1908 | stop processing: n_tokens = 397, truncated = 0
ollama-1  | srv  update_slots: all slots are idle
ollama-1  | [GIN] 2026/10/07 - 09:18:36 | 200 |  407.729356ms |      172.21.0.4 | POST     "/api/generate"
ollama-1  | srv  server_strea: conv_id= (empty=1)
ollama-1  | slot get_availabl: id  0 | task -1 |  - checking sim = 0.714 (329/461) > 0.100
ollama-1  | slot get_availabl: id  0 | task -1 | selected slot by LCP similarity, f_sim_best = 0.714 (> 0.100 thold), f_keep = 0.829
ollama-1  | slot launch_slot_: id  0 | task -1 | sampler chain: logits -> ?penalties -> ?dry -> ?top-n-sigma -> top-k -> ?typical -> top-p -> ?min-p -> ?xtc -> temp-ext -> dist 
ollama-1  | slot launch_slot_: id  0 | task -1 | sampler params: 
ollama-1  | 	repeat_last_n = 64, repeat_penalty = 1.000, frequency_penalty = 0.000, presence_penalty = 0.000
ollama-1  | 	dry_multiplier = 0.000, dry_base = 1.750, dry_allowed_length = 2, dry_penalty_last_n = 64
ollama-1  | 	top_k = 40, top_p = 0.900, min_p = 0.000, xtc_probability = 0.000, xtc_threshold = 0.100, typical_p = 1.000, top_n_sigma = -1.000, temp = 0.000
ollama-1  | 	mirostat = 0, mirostat_lr = 0.100, mirostat_ent = 5.000, adaptive_target = -1.000, adaptive_decay = 0.900
ollama-1  | slot launch_slot_: id  0 | task 1917 | processing task, is_child = 0
ollama-1  | slot   operator(): id  0 | task 1917 | new prompt, n_ctx_slot = 4096, n_keep = 4, task.n_tokens = 461
ollama-1  | slot   operator(): id  0 | task 1917 | cached n_tokens = 329, memory_seq_rm [329, end)
ollama-1  | slot init_sampler: id  0 | task 1917 | init sampler, took 0.03 ms, tokens: text = 461, total = 461
ollama-1  | slot print_timing: id  0 | task 1917 | prompt eval time =     505.42 ms /   132 tokens (    3.83 ms per token,   261.17 tokens per second)
ollama-1  | slot print_timing: id  0 | task 1917 |        eval time =     176.06 ms /     9 tokens (   22.01 ms per token,    45.44 tokens per second)
ollama-1  | slot print_timing: id  0 | task 1917 |       total time =     681.48 ms /   141 tokens
ollama-1  | slot print_timing: id  0 | task 1917 |    graphs reused =       1311
ollama-1  | slot      release: id  0 | task 1917 | stop processing: n_tokens = 469, truncated = 0
ollama-1  | srv  update_slots: all slots are idle
ollama-1  | [GIN] 2026/10/07 - 09:18:42 | 200 |  686.415599ms |      172.21.0.4 | POST     "/api/generate"
ollama-1  | [GIN] 2026/10/07 - 09:18:44 | 200 |      17.281µs |       127.0.0.1 | HEAD     "/"
ollama-1  | [GIN] 2026/10/07 - 09:18:44 | 200 |     663.228µs |       127.0.0.1 | GET      "/api/tags"
ollama-1  | srv  server_strea: conv_id= (empty=1)
ollama-1  | slot get_availabl: id  0 | task -1 |  - checking sim = 0.589 (329/559) > 0.100
ollama-1  | slot get_availabl: id  0 | task -1 | selected slot by LCP similarity, f_sim_best = 0.589 (> 0.100 thold), f_keep = 0.701
ollama-1  | slot launch_slot_: id  0 | task -1 | sampler chain: logits -> ?penalties -> ?dry -> ?top-n-sigma -> top-k -> ?typical -> top-p -> ?min-p -> ?xtc -> temp-ext -> dist 
ollama-1  | slot launch_slot_: id  0 | task -1 | sampler params: 
ollama-1  | 	repeat_last_n = 64, repeat_penalty = 1.000, frequency_penalty = 0.000, presence_penalty = 0.000
ollama-1  | 	dry_multiplier = 0.000, dry_base = 1.750, dry_allowed_length = 2, dry_penalty_last_n = 64
ollama-1  | 	top_k = 40, top_p = 0.900, min_p = 0.000, xtc_probability = 0.000, xtc_threshold = 0.100, typical_p = 1.000, top_n_sigma = -1.000, temp = 0.000
ollama-1  | 	mirostat = 0, mirostat_lr = 0.100, mirostat_ent = 5.000, adaptive_target = -1.000, adaptive_decay = 0.900
ollama-1  | slot launch_slot_: id  0 | task 1927 | processing task, is_child = 0
ollama-1  | slot   operator(): id  0 | task 1927 | new prompt, n_ctx_slot = 4096, n_keep = 4, task.n_tokens = 559
ollama-1  | slot   operator(): id  0 | task 1927 | cached n_tokens = 329, memory_seq_rm [329, end)
ollama-1  | slot init_sampler: id  0 | task 1927 | init sampler, took 0.04 ms, tokens: text = 559, total = 559
ollama-1  | slot print_timing: id  0 | task 1927 | prompt eval time =     854.01 ms /   230 tokens (    3.71 ms per token,   269.32 tokens per second)
ollama-1  | slot print_timing: id  0 | task 1927 |        eval time =     159.67 ms /     8 tokens (   22.81 ms per token,    43.84 tokens per second)
ollama-1  | slot print_timing: id  0 | task 1927 |       total time =    1013.69 ms /   238 tokens
ollama-1  | slot print_timing: id  0 | task 1927 |    graphs reused =       1317
ollama-1  | slot      release: id  0 | task 1927 | stop processing: n_tokens = 566, truncated = 0
ollama-1  | srv  update_slots: all slots are idle
ollama-1  | [GIN] 2026/10/07 - 09:18:52 | 200 |  1.018826111s |      172.21.0.4 | POST     "/api/generate"
ollama-1  | [GIN] 2026/10/07 - 09:18:54 | 200 |      15.815µs |       127.0.0.1 | HEAD     "/"
ollama-1  | [GIN] 2026/10/07 - 09:18:54 | 200 |      685.53µs |       127.0.0.1 | GET      "/api/tags"
ollama-1  | srv  server_strea: conv_id= (empty=1)
ollama-1  | slot get_availabl: id  0 | task -1 |  - checking sim = 0.565 (328/581) > 0.100
ollama-1  | slot get_availabl: id  0 | task -1 | selected slot by LCP similarity, f_sim_best = 0.565 (> 0.100 thold), f_keep = 0.580
ollama-1  | slot launch_slot_: id  0 | task -1 | sampler chain: logits -> ?penalties -> ?dry -> ?top-n-sigma -> top-k -> ?typical -> top-p -> ?min-p -> ?xtc -> temp-ext -> dist 
ollama-1  | slot launch_slot_: id  0 | task -1 | sampler params: 
ollama-1  | 	repeat_last_n = 64, repeat_penalty = 1.000, frequency_penalty = 0.000, presence_penalty = 0.000
ollama-1  | 	dry_multiplier = 0.000, dry_base = 1.750, dry_allowed_length = 2, dry_penalty_last_n = 64
ollama-1  | 	top_k = 40, top_p = 0.900, min_p = 0.000, xtc_probability = 0.000, xtc_threshold = 0.100, typical_p = 1.000, top_n_sigma = -1.000, temp = 0.000
ollama-1  | 	mirostat = 0, mirostat_lr = 0.100, mirostat_ent = 5.000, adaptive_target = -1.000, adaptive_decay = 0.900
ollama-1  | slot launch_slot_: id  0 | task 1936 | processing task, is_child = 0
ollama-1  | slot   operator(): id  0 | task 1936 | new prompt, n_ctx_slot = 4096, n_keep = 4, task.n_tokens = 581
ollama-1  | slot   operator(): id  0 | task 1936 | cached n_tokens = 328, memory_seq_rm [328, end)
ollama-1  | slot init_sampler: id  0 | task 1936 | init sampler, took 0.04 ms, tokens: text = 581, total = 581
ollama-1  | slot print_timing: id  0 | task 1936 | prompt eval time =     938.06 ms /   253 tokens (    3.71 ms per token,   269.70 tokens per second)
ollama-1  | slot print_timing: id  0 | task 1936 |        eval time =     178.54 ms /     9 tokens (   22.32 ms per token,    44.81 tokens per second)
ollama-1  | slot print_timing: id  0 | task 1936 |       total time =    1116.60 ms /   262 tokens
ollama-1  | slot print_timing: id  0 | task 1936 |    graphs reused =       1324
ollama-1  | slot      release: id  0 | task 1936 | stop processing: n_tokens = 589, truncated = 0
ollama-1  | srv  update_slots: all slots are idle
ollama-1  | [GIN] 2026/10/07 - 09:18:57 | 200 |    1.1220874s |      172.21.0.4 | POST     "/api/generate"
ollama-1  | srv  server_strea: conv_id= (empty=1)
ollama-1  | slot get_availabl: id  0 | task -1 |  - checking sim = 0.626 (328/524) > 0.100
ollama-1  | slot get_availabl: id  0 | task -1 | selected slot by LCP similarity, f_sim_best = 0.626 (> 0.100 thold), f_keep = 0.557
ollama-1  | slot launch_slot_: id  0 | task -1 | sampler chain: logits -> ?penalties -> ?dry -> ?top-n-sigma -> top-k -> ?typical -> top-p -> ?min-p -> ?xtc -> temp-ext -> dist 
ollama-1  | slot launch_slot_: id  0 | task -1 | sampler params: 
ollama-1  | 	repeat_last_n = 64, repeat_penalty = 1.000, frequency_penalty = 0.000, presence_penalty = 0.000
ollama-1  | 	dry_multiplier = 0.000, dry_base = 1.750, dry_allowed_length = 2, dry_penalty_last_n = 64
ollama-1  | 	top_k = 40, top_p = 0.900, min_p = 0.000, xtc_probability = 0.000, xtc_threshold = 0.100, typical_p = 1.000, top_n_sigma = -1.000, temp = 0.000
ollama-1  | 	mirostat = 0, mirostat_lr = 0.100, mirostat_ent = 5.000, adaptive_target = -1.000, adaptive_decay = 0.900
ollama-1  | slot launch_slot_: id  0 | task 1946 | processing task, is_child = 0
ollama-1  | slot   operator(): id  0 | task 1946 | new prompt, n_ctx_slot = 4096, n_keep = 4, task.n_tokens = 524
ollama-1  | slot   operator(): id  0 | task 1946 | cached n_tokens = 328, memory_seq_rm [328, end)
ollama-1  | slot init_sampler: id  0 | task 1946 | init sampler, took 0.04 ms, tokens: text = 524, total = 524
ollama-1  | slot print_timing: id  0 | task 1946 | prompt eval time =     742.82 ms /   196 tokens (    3.79 ms per token,   263.86 tokens per second)
ollama-1  | slot print_timing: id  0 | task 1946 |        eval time =     197.68 ms /    10 tokens (   21.96 ms per token,    45.53 tokens per second)
ollama-1  | slot print_timing: id  0 | task 1946 |       total time =     940.51 ms /   206 tokens
ollama-1  | slot print_timing: id  0 | task 1946 |    graphs reused =       1332
ollama-1  | slot      release: id  0 | task 1946 | stop processing: n_tokens = 533, truncated = 0
ollama-1  | srv  update_slots: all slots are idle
ollama-1  | [GIN] 2026/10/07 - 09:18:58 | 200 |  1.853243295s |      172.21.0.4 | POST     "/api/generate"
ollama-1  | srv  server_strea: conv_id= (empty=1)
ollama-1  | slot get_availabl: id  0 | task -1 |  - checking sim = 0.686 (328/478) > 0.100
ollama-1  | slot get_availabl: id  0 | task -1 | selected slot by LCP similarity, f_sim_best = 0.686 (> 0.100 thold), f_keep = 0.615
ollama-1  | slot launch_slot_: id  0 | task -1 | sampler chain: logits -> ?penalties -> ?dry -> ?top-n-sigma -> top-k -> ?typical -> top-p -> ?min-p -> ?xtc -> temp-ext -> dist 
ollama-1  | slot launch_slot_: id  0 | task -1 | sampler params: 
ollama-1  | 	repeat_last_n = 64, repeat_penalty = 1.000, frequency_penalty = 0.000, presence_penalty = 0.000
ollama-1  | 	dry_multiplier = 0.000, dry_base = 1.750, dry_allowed_length = 2, dry_penalty_last_n = 64
ollama-1  | 	top_k = 40, top_p = 0.900, min_p = 0.000, xtc_probability = 0.000, xtc_threshold = 0.100, typical_p = 1.000, top_n_sigma = -1.000, temp = 0.000
ollama-1  | 	mirostat = 0, mirostat_lr = 0.100, mirostat_ent = 5.000, adaptive_target = -1.000, adaptive_decay = 0.900
ollama-1  | slot launch_slot_: id  0 | task 1957 | processing task, is_child = 0
ollama-1  | slot   operator(): id  0 | task 1957 | new prompt, n_ctx_slot = 4096, n_keep = 4, task.n_tokens = 478
ollama-1  | slot   operator(): id  0 | task 1957 | cached n_tokens = 328, memory_seq_rm [328, end)
ollama-1  | slot init_sampler: id  0 | task 1957 | init sampler, took 0.04 ms, tokens: text = 478, total = 478
ollama-1  | slot print_timing: id  0 | task 1957 | prompt eval time =     575.12 ms /   150 tokens (    3.83 ms per token,   260.82 tokens per second)
ollama-1  | slot print_timing: id  0 | task 1957 |        eval time =     205.10 ms /    10 tokens (   22.79 ms per token,    43.88 tokens per second)
ollama-1  | slot print_timing: id  0 | task 1957 |       total time =     780.21 ms /   160 tokens
ollama-1  | slot print_timing: id  0 | task 1957 |    graphs reused =       1340
ollama-1  | slot      release: id  0 | task 1957 | stop processing: n_tokens = 487, truncated = 0
ollama-1  | srv  update_slots: all slots are idle
ollama-1  | [GIN] 2026/10/07 - 09:19:01 | 200 |  785.551618ms |      172.21.0.4 | POST     "/api/generate"
ollama-1  | [GIN] 2026/10/07 - 09:19:04 | 200 |      19.609µs |       127.0.0.1 | HEAD     "/"
ollama-1  | [GIN] 2026/10/07 - 09:19:04 | 200 |     705.557µs |       127.0.0.1 | GET      "/api/tags"
ollama-1  | srv  server_strea: conv_id= (empty=1)
ollama-1  | slot get_availabl: id  0 | task -1 |  - checking sim = 0.859 (328/382) > 0.100
ollama-1  | slot get_availabl: id  0 | task -1 | selected slot by LCP similarity, f_sim_best = 0.859 (> 0.100 thold), f_keep = 0.674
ollama-1  | slot launch_slot_: id  0 | task -1 | sampler chain: logits -> ?penalties -> ?dry -> ?top-n-sigma -> top-k -> ?typical -> top-p -> ?min-p -> ?xtc -> temp-ext -> dist 
ollama-1  | slot launch_slot_: id  0 | task -1 | sampler params: 
ollama-1  | 	repeat_last_n = 64, repeat_penalty = 1.000, frequency_penalty = 0.000, presence_penalty = 0.000
ollama-1  | 	dry_multiplier = 0.000, dry_base = 1.750, dry_allowed_length = 2, dry_penalty_last_n = 64
ollama-1  | 	top_k = 40, top_p = 0.900, min_p = 0.000, xtc_probability = 0.000, xtc_threshold = 0.100, typical_p = 1.000, top_n_sigma = -1.000, temp = 0.000
ollama-1  | 	mirostat = 0, mirostat_lr = 0.100, mirostat_ent = 5.000, adaptive_target = -1.000, adaptive_decay = 0.900
ollama-1  | slot launch_slot_: id  0 | task 1968 | processing task, is_child = 0
ollama-1  | slot   operator(): id  0 | task 1968 | new prompt, n_ctx_slot = 4096, n_keep = 4, task.n_tokens = 382
ollama-1  | slot   operator(): id  0 | task 1968 | cached n_tokens = 328, memory_seq_rm [328, end)
ollama-1  | slot init_sampler: id  0 | task 1968 | init sampler, took 0.03 ms, tokens: text = 382, total = 382
ollama-1  | slot print_timing: id  0 | task 1968 | prompt eval time =     222.42 ms /    54 tokens (    4.12 ms per token,   242.79 tokens per second)
ollama-1  | slot print_timing: id  0 | task 1968 |        eval time =     158.93 ms /     8 tokens (   22.70 ms per token,    44.05 tokens per second)
ollama-1  | slot print_timing: id  0 | task 1968 |       total time =     381.34 ms /    62 tokens
ollama-1  | slot print_timing: id  0 | task 1968 |    graphs reused =       1346
ollama-1  | slot      release: id  0 | task 1968 | stop processing: n_tokens = 389, truncated = 0
ollama-1  | srv  update_slots: all slots are idle
ollama-1  | [GIN] 2026/10/07 - 09:19:07 | 200 |  386.375971ms |      172.21.0.4 | POST     "/api/generate"
ollama-1  | srv  server_strea: conv_id= (empty=1)
ollama-1  | slot get_availabl: id  0 | task -1 |  - checking sim = 0.621 (328/528) > 0.100
ollama-1  | slot get_availabl: id  0 | task -1 | selected slot by LCP similarity, f_sim_best = 0.621 (> 0.100 thold), f_keep = 0.843
ollama-1  | slot launch_slot_: id  0 | task -1 | sampler chain: logits -> ?penalties -> ?dry -> ?top-n-sigma -> top-k -> ?typical -> top-p -> ?min-p -> ?xtc -> temp-ext -> dist 
ollama-1  | slot launch_slot_: id  0 | task -1 | sampler params: 
ollama-1  | 	repeat_last_n = 64, repeat_penalty = 1.000, frequency_penalty = 0.000, presence_penalty = 0.000
ollama-1  | 	dry_multiplier = 0.000, dry_base = 1.750, dry_allowed_length = 2, dry_penalty_last_n = 64
ollama-1  | 	top_k = 40, top_p = 0.900, min_p = 0.000, xtc_probability = 0.000, xtc_threshold = 0.100, typical_p = 1.000, top_n_sigma = -1.000, temp = 0.000
ollama-1  | 	mirostat = 0, mirostat_lr = 0.100, mirostat_ent = 5.000, adaptive_target = -1.000, adaptive_decay = 0.900
ollama-1  | slot launch_slot_: id  0 | task 1977 | processing task, is_child = 0
ollama-1  | slot   operator(): id  0 | task 1977 | new prompt, n_ctx_slot = 4096, n_keep = 4, task.n_tokens = 528
ollama-1  | slot   operator(): id  0 | task 1977 | cached n_tokens = 328, memory_seq_rm [328, end)
ollama-1  | slot init_sampler: id  0 | task 1977 | init sampler, took 0.06 ms, tokens: text = 528, total = 528
ollama-1  | slot print_timing: id  0 | task 1977 | prompt eval time =     751.35 ms /   200 tokens (    3.76 ms per token,   266.19 tokens per second)
ollama-1  | slot print_timing: id  0 | task 1977 |        eval time =     181.39 ms /     9 tokens (   22.67 ms per token,    44.10 tokens per second)
ollama-1  | slot print_timing: id  0 | task 1977 |       total time =     932.74 ms /   209 tokens
ollama-1  | slot print_timing: id  0 | task 1977 |    graphs reused =       1353
ollama-1  | slot      release: id  0 | task 1977 | stop processing: n_tokens = 536, truncated = 0
ollama-1  | srv  update_slots: all slots are idle
ollama-1  | [GIN] 2026/10/07 - 09:19:08 | 200 |  1.265525854s |      172.21.0.4 | POST     "/api/generate"
ollama-1  | [GIN] 2026/10/07 - 09:19:14 | 200 |      16.297µs |       127.0.0.1 | HEAD     "/"
ollama-1  | [GIN] 2026/10/07 - 09:19:14 | 200 |    1.379288ms |       127.0.0.1 | GET      "/api/tags"
ollama-1  | srv  server_strea: conv_id= (empty=1)
ollama-1  | slot get_availabl: id  0 | task -1 |  - checking sim = 0.835 (328/393) > 0.100
ollama-1  | slot get_availabl: id  0 | task -1 | selected slot by LCP similarity, f_sim_best = 0.835 (> 0.100 thold), f_keep = 0.612
ollama-1  | slot launch_slot_: id  0 | task -1 | sampler chain: logits -> ?penalties -> ?dry -> ?top-n-sigma -> top-k -> ?typical -> top-p -> ?min-p -> ?xtc -> temp-ext -> dist 
ollama-1  | slot launch_slot_: id  0 | task -1 | sampler params: 
ollama-1  | 	repeat_last_n = 64, repeat_penalty = 1.000, frequency_penalty = 0.000, presence_penalty = 0.000
ollama-1  | 	dry_multiplier = 0.000, dry_base = 1.750, dry_allowed_length = 2, dry_penalty_last_n = 64
ollama-1  | 	top_k = 40, top_p = 0.900, min_p = 0.000, xtc_probability = 0.000, xtc_threshold = 0.100, typical_p = 1.000, top_n_sigma = -1.000, temp = 0.000
ollama-1  | 	mirostat = 0, mirostat_lr = 0.100, mirostat_ent = 5.000, adaptive_target = -1.000, adaptive_decay = 0.900
ollama-1  | slot launch_slot_: id  0 | task 1987 | processing task, is_child = 0
ollama-1  | slot   operator(): id  0 | task 1987 | new prompt, n_ctx_slot = 4096, n_keep = 4, task.n_tokens = 393
ollama-1  | slot   operator(): id  0 | task 1987 | cached n_tokens = 328, memory_seq_rm [328, end)
ollama-1  | slot init_sampler: id  0 | task 1987 | init sampler, took 0.03 ms, tokens: text = 393, total = 393
ollama-1  | slot print_timing: id  0 | task 1987 | prompt eval time =     259.28 ms /    65 tokens (    3.99 ms per token,   250.69 tokens per second)
ollama-1  | slot print_timing: id  0 | task 1987 |        eval time =     148.66 ms /     8 tokens (   21.24 ms per token,    47.09 tokens per second)
ollama-1  | slot print_timing: id  0 | task 1987 |       total time =     407.94 ms /    73 tokens
ollama-1  | slot print_timing: id  0 | task 1987 |    graphs reused =       1359
ollama-1  | slot      release: id  0 | task 1987 | stop processing: n_tokens = 400, truncated = 0
ollama-1  | srv  update_slots: all slots are idle
ollama-1  | [GIN] 2026/10/07 - 09:19:15 | 200 |  413.536011ms |      172.21.0.4 | POST     "/api/generate"
ollama-1  | srv  server_strea: conv_id= (empty=1)
ollama-1  | slot get_availabl: id  0 | task -1 |  - checking sim = 0.412 (328/796) > 0.100
ollama-1  | slot get_availabl: id  0 | task -1 | selected slot by LCP similarity, f_sim_best = 0.412 (> 0.100 thold), f_keep = 0.820
ollama-1  | slot launch_slot_: id  0 | task -1 | sampler chain: logits -> ?penalties -> ?dry -> ?top-n-sigma -> top-k -> ?typical -> top-p -> ?min-p -> ?xtc -> temp-ext -> dist 
ollama-1  | slot launch_slot_: id  0 | task -1 | sampler params: 
ollama-1  | 	repeat_last_n = 64, repeat_penalty = 1.000, frequency_penalty = 0.000, presence_penalty = 0.000
ollama-1  | 	dry_multiplier = 0.000, dry_base = 1.750, dry_allowed_length = 2, dry_penalty_last_n = 64
ollama-1  | 	top_k = 40, top_p = 0.900, min_p = 0.000, xtc_probability = 0.000, xtc_threshold = 0.100, typical_p = 1.000, top_n_sigma = -1.000, temp = 0.000
ollama-1  | 	mirostat = 0, mirostat_lr = 0.100, mirostat_ent = 5.000, adaptive_target = -1.000, adaptive_decay = 0.900
ollama-1  | slot launch_slot_: id  0 | task 1996 | processing task, is_child = 0
ollama-1  | slot   operator(): id  0 | task 1996 | new prompt, n_ctx_slot = 4096, n_keep = 4, task.n_tokens = 796
ollama-1  | slot   operator(): id  0 | task 1996 | cached n_tokens = 328, memory_seq_rm [328, end)
ollama-1  | slot init_sampler: id  0 | task 1996 | init sampler, took 0.06 ms, tokens: text = 796, total = 796
ollama-1  | slot print_timing: id  0 | task 1996 | prompt eval time =    1769.81 ms /   468 tokens (    3.78 ms per token,   264.44 tokens per second)
ollama-1  | slot print_timing: id  0 | task 1996 |        eval time =     204.38 ms /    10 tokens (   22.71 ms per token,    44.04 tokens per second)
ollama-1  | slot print_timing: id  0 | task 1996 |       total time =    1974.19 ms /   478 tokens
ollama-1  | slot print_timing: id  0 | task 1996 |    graphs reused =       1367
ollama-1  | slot      release: id  0 | task 1996 | stop processing: n_tokens = 805, truncated = 0
ollama-1  | srv  update_slots: all slots are idle
ollama-1  | [GIN] 2026/10/07 - 09:19:18 | 200 |  1.980632101s |      172.21.0.4 | POST     "/api/generate"
ollama-1  | srv  server_strea: conv_id= (empty=1)
ollama-1  | slot get_availabl: id  0 | task -1 |  - checking sim = 0.532 (328/617) > 0.100
ollama-1  | slot get_availabl: id  0 | task -1 | selected slot by LCP similarity, f_sim_best = 0.532 (> 0.100 thold), f_keep = 0.407
ollama-1  | srv  get_availabl: updating prompt cache
ollama-1  | srv   prompt_save:  - saving prompt with length 805, total state size = 25.166 MiB (draft: 0.000 MiB)
ollama-1  | srv         alloc:  - prompt is already in the cache, skipping
ollama-1  | srv          load:  - looking for better prompt, base f_keep = 0.407, f_sim = 0.532
ollama-1  | srv          load:    - prompt with length     709, lcp =     328, f_keep = 0.463, f_sim = 0.532
ollama-1  | srv          load:    - prompt with length     700, lcp =     328, f_keep = 0.469, f_sim = 0.532
ollama-1  | srv          load:    - prompt with length     695, lcp =     328, f_keep = 0.472, f_sim = 0.532
ollama-1  | srv          load:    - prompt with length     670, lcp =     328, f_keep = 0.490, f_sim = 0.532
ollama-1  | srv          load:    - prompt with length     730, lcp =     328, f_keep = 0.449, f_sim = 0.532
ollama-1  | srv          load:    - prompt with length     773, lcp =     328, f_keep = 0.424, f_sim = 0.532
ollama-1  | srv          load:    - prompt with length     779, lcp =     328, f_keep = 0.421, f_sim = 0.532
ollama-1  | srv          load:    - prompt with length     677, lcp =     328, f_keep = 0.484, f_sim = 0.532
ollama-1  | srv          load:    - prompt with length     677, lcp =     328, f_keep = 0.484, f_sim = 0.532
ollama-1  | srv          load:    - prompt with length     691, lcp =     328, f_keep = 0.475, f_sim = 0.532
ollama-1  | srv          load:    - prompt with length     777, lcp =     328, f_keep = 0.422, f_sim = 0.532
ollama-1  | srv          load:    - prompt with length     805, lcp =     328, f_keep = 0.407, f_sim = 0.532
ollama-1  | srv          load:    - prompt with length     730, lcp =     328, f_keep = 0.449, f_sim = 0.532
ollama-1  | srv          load:    - prompt with length     659, lcp =     328, f_keep = 0.498, f_sim = 0.532
ollama-1  | srv          load:    - prompt with length     740, lcp =     328, f_keep = 0.443, f_sim = 0.532
ollama-1  | srv          load:    - prompt with length     738, lcp =     328, f_keep = 0.444, f_sim = 0.532
ollama-1  | srv          load:    - prompt with length     738, lcp =     328, f_keep = 0.444, f_sim = 0.532
ollama-1  | srv        update:  - cache state: 17 prompts, 384.147 MiB (limits: 8192.000 MiB, 4096 tokens, 262043 est)
ollama-1  | srv        update:    - prompt 0x2111c2b0:     709 tokens, checkpoints:  0,    22.165 MiB
ollama-1  | srv        update:    - prompt 0x1d133370:     700 tokens, checkpoints:  0,    21.883 MiB
ollama-1  | srv        update:    - prompt 0x1d12e2c0:     695 tokens, checkpoints:  0,    21.727 MiB
ollama-1  | srv        update:    - prompt 0x1d12d8d0:     670 tokens, checkpoints:  0,    20.946 MiB
ollama-1  | srv        update:    - prompt 0x1d708a50:     730 tokens, checkpoints:  0,    22.821 MiB
ollama-1  | srv        update:    - prompt 0x1d12cbe0:     773 tokens, checkpoints:  0,    24.165 MiB
ollama-1  | srv        update:    - prompt 0x1d12ae00:     779 tokens, checkpoints:  0,    24.353 MiB
ollama-1  | srv        update:    - prompt 0x248f0d00:     677 tokens, checkpoints:  0,    21.164 MiB
ollama-1  | srv        update:    - prompt 0x1d6ed0e0:     677 tokens, checkpoints:  0,    21.164 MiB
ollama-1  | srv        update:    - prompt 0x2111c150:     691 tokens, checkpoints:  0,    21.602 MiB
ollama-1  | srv        update:    - prompt 0x24d079d0:     777 tokens, checkpoints:  0,    24.291 MiB
ollama-1  | srv        update:    - prompt 0x1d728d30:     805 tokens, checkpoints:  0,    25.166 MiB
ollama-1  | srv        update:    - prompt 0x24240030:     730 tokens, checkpoints:  0,    22.821 MiB
ollama-1  | srv        update:    - prompt 0x248d1790:     659 tokens, checkpoints:  0,    20.602 MiB
ollama-1  | srv        update:    - prompt 0x1e79b710:     740 tokens, checkpoints:  0,    23.134 MiB
ollama-1  | srv        update:    - prompt 0x242c5cb0:     738 tokens, checkpoints:  0,    23.071 MiB
ollama-1  | srv        update:    - prompt 0x1e75fd60:     738 tokens, checkpoints:  0,    23.071 MiB
ollama-1  | srv  get_availabl: prompt cache update took 0.05 ms
ollama-1  | slot launch_slot_: id  0 | task -1 | sampler chain: logits -> ?penalties -> ?dry -> ?top-n-sigma -> top-k -> ?typical -> top-p -> ?min-p -> ?xtc -> temp-ext -> dist 
ollama-1  | slot launch_slot_: id  0 | task -1 | sampler params: 
ollama-1  | 	repeat_last_n = 64, repeat_penalty = 1.000, frequency_penalty = 0.000, presence_penalty = 0.000
ollama-1  | 	dry_multiplier = 0.000, dry_base = 1.750, dry_allowed_length = 2, dry_penalty_last_n = 64
ollama-1  | 	top_k = 40, top_p = 0.900, min_p = 0.000, xtc_probability = 0.000, xtc_threshold = 0.100, typical_p = 1.000, top_n_sigma = -1.000, temp = 0.000
ollama-1  | 	mirostat = 0, mirostat_lr = 0.100, mirostat_ent = 5.000, adaptive_target = -1.000, adaptive_decay = 0.900
ollama-1  | slot launch_slot_: id  0 | task 2007 | processing task, is_child = 0
ollama-1  | slot   operator(): id  0 | task 2007 | new prompt, n_ctx_slot = 4096, n_keep = 4, task.n_tokens = 617
ollama-1  | slot   operator(): id  0 | task 2007 | cached n_tokens = 328, memory_seq_rm [328, end)
ollama-1  | slot init_sampler: id  0 | task 2007 | init sampler, took 0.04 ms, tokens: text = 617, total = 617
ollama-1  | slot print_timing: id  0 | task 2007 | prompt eval time =    1112.61 ms /   289 tokens (    3.85 ms per token,   259.75 tokens per second)
ollama-1  | slot print_timing: id  0 | task 2007 |        eval time =     196.99 ms /     9 tokens (   24.62 ms per token,    40.61 tokens per second)
ollama-1  | slot print_timing: id  0 | task 2007 |       total time =    1309.60 ms /   298 tokens
ollama-1  | slot print_timing: id  0 | task 2007 |    graphs reused =       1374
ollama-1  | slot      release: id  0 | task 2007 | stop processing: n_tokens = 625, truncated = 0
ollama-1  | srv  update_slots: all slots are idle
ollama-1  | [GIN] 2026/10/07 - 09:19:21 | 200 |  1.315064294s |      172.21.0.4 | POST     "/api/generate"
ollama-1  | srv  server_strea: conv_id= (empty=1)
ollama-1  | slot get_availabl: id  0 | task -1 |  - checking sim = 0.745 (328/440) > 0.100
ollama-1  | slot get_availabl: id  0 | task -1 | selected slot by LCP similarity, f_sim_best = 0.745 (> 0.100 thold), f_keep = 0.525
ollama-1  | slot launch_slot_: id  0 | task -1 | sampler chain: logits -> ?penalties -> ?dry -> ?top-n-sigma -> top-k -> ?typical -> top-p -> ?min-p -> ?xtc -> temp-ext -> dist 
ollama-1  | slot launch_slot_: id  0 | task -1 | sampler params: 
ollama-1  | 	repeat_last_n = 64, repeat_penalty = 1.000, frequency_penalty = 0.000, presence_penalty = 0.000
ollama-1  | 	dry_multiplier = 0.000, dry_base = 1.750, dry_allowed_length = 2, dry_penalty_last_n = 64
ollama-1  | 	top_k = 40, top_p = 0.900, min_p = 0.000, xtc_probability = 0.000, xtc_threshold = 0.100, typical_p = 1.000, top_n_sigma = -1.000, temp = 0.000
ollama-1  | 	mirostat = 0, mirostat_lr = 0.100, mirostat_ent = 5.000, adaptive_target = -1.000, adaptive_decay = 0.900
ollama-1  | slot launch_slot_: id  0 | task 2017 | processing task, is_child = 0
ollama-1  | slot   operator(): id  0 | task 2017 | new prompt, n_ctx_slot = 4096, n_keep = 4, task.n_tokens = 440
ollama-1  | slot   operator(): id  0 | task 2017 | cached n_tokens = 328, memory_seq_rm [328, end)
ollama-1  | slot init_sampler: id  0 | task 2017 | init sampler, took 0.03 ms, tokens: text = 440, total = 440
ollama-1  | slot print_timing: id  0 | task 2017 | prompt eval time =     415.32 ms /   112 tokens (    3.71 ms per token,   269.67 tokens per second)
ollama-1  | slot print_timing: id  0 | task 2017 |        eval time =     183.26 ms /     9 tokens (   22.91 ms per token,    43.65 tokens per second)
ollama-1  | slot print_timing: id  0 | task 2017 |       total time =     598.59 ms /   121 tokens
ollama-1  | slot print_timing: id  0 | task 2017 |    graphs reused =       1381
ollama-1  | slot      release: id  0 | task 2017 | stop processing: n_tokens = 448, truncated = 0
ollama-1  | srv  update_slots: all slots are idle
ollama-1  | [GIN] 2026/10/07 - 09:19:22 | 200 |  603.586276ms |      172.21.0.4 | POST     "/api/generate"
ollama-1  | srv  server_strea: conv_id= (empty=1)
ollama-1  | slot get_availabl: id  0 | task -1 |  - checking sim = 0.557 (328/589) > 0.100
ollama-1  | slot get_availabl: id  0 | task -1 | selected slot by LCP similarity, f_sim_best = 0.557 (> 0.100 thold), f_keep = 0.732
ollama-1  | slot launch_slot_: id  0 | task -1 | sampler chain: logits -> ?penalties -> ?dry -> ?top-n-sigma -> top-k -> ?typical -> top-p -> ?min-p -> ?xtc -> temp-ext -> dist 
ollama-1  | slot launch_slot_: id  0 | task -1 | sampler params: 
ollama-1  | 	repeat_last_n = 64, repeat_penalty = 1.000, frequency_penalty = 0.000, presence_penalty = 0.000
ollama-1  | 	dry_multiplier = 0.000, dry_base = 1.750, dry_allowed_length = 2, dry_penalty_last_n = 64
ollama-1  | 	top_k = 40, top_p = 0.900, min_p = 0.000, xtc_probability = 0.000, xtc_threshold = 0.100, typical_p = 1.000, top_n_sigma = -1.000, temp = 0.000
ollama-1  | 	mirostat = 0, mirostat_lr = 0.100, mirostat_ent = 5.000, adaptive_target = -1.000, adaptive_decay = 0.900
ollama-1  | slot launch_slot_: id  0 | task 2027 | processing task, is_child = 0
ollama-1  | slot   operator(): id  0 | task 2027 | new prompt, n_ctx_slot = 4096, n_keep = 4, task.n_tokens = 589
ollama-1  | slot   operator(): id  0 | task 2027 | cached n_tokens = 328, memory_seq_rm [328, end)
ollama-1  | slot init_sampler: id  0 | task 2027 | init sampler, took 0.04 ms, tokens: text = 589, total = 589
ollama-1  | [GIN] 2026/10/07 - 09:19:25 | 200 |      24.783µs |       127.0.0.1 | HEAD     "/"
ollama-1  | [GIN] 2026/10/07 - 09:19:25 | 200 |    2.630259ms |       127.0.0.1 | GET      "/api/tags"
ollama-1  | slot print_timing: id  0 | task 2027 | prompt eval time =     996.53 ms /   261 tokens (    3.82 ms per token,   261.91 tokens per second)
ollama-1  | slot print_timing: id  0 | task 2027 |        eval time =     168.24 ms /     8 tokens (   24.03 ms per token,    41.61 tokens per second)
ollama-1  | slot print_timing: id  0 | task 2027 |       total time =    1164.77 ms /   269 tokens
ollama-1  | slot print_timing: id  0 | task 2027 |    graphs reused =       1387
ollama-1  | slot      release: id  0 | task 2027 | stop processing: n_tokens = 596, truncated = 0
ollama-1  | srv  update_slots: all slots are idle
ollama-1  | [GIN] 2026/10/07 - 09:19:25 | 200 |  1.171023512s |      172.21.0.4 | POST     "/api/generate"
ollama-1  | srv  server_strea: conv_id= (empty=1)
ollama-1  | slot get_availabl: id  0 | task -1 |  - checking sim = 0.454 (328/723) > 0.100
ollama-1  | slot get_availabl: id  0 | task -1 | selected slot by LCP similarity, f_sim_best = 0.454 (> 0.100 thold), f_keep = 0.550
ollama-1  | slot launch_slot_: id  0 | task -1 | sampler chain: logits -> ?penalties -> ?dry -> ?top-n-sigma -> top-k -> ?typical -> top-p -> ?min-p -> ?xtc -> temp-ext -> dist 
ollama-1  | slot launch_slot_: id  0 | task -1 | sampler params: 
ollama-1  | 	repeat_last_n = 64, repeat_penalty = 1.000, frequency_penalty = 0.000, presence_penalty = 0.000
ollama-1  | 	dry_multiplier = 0.000, dry_base = 1.750, dry_allowed_length = 2, dry_penalty_last_n = 64
ollama-1  | 	top_k = 40, top_p = 0.900, min_p = 0.000, xtc_probability = 0.000, xtc_threshold = 0.100, typical_p = 1.000, top_n_sigma = -1.000, temp = 0.000
ollama-1  | 	mirostat = 0, mirostat_lr = 0.100, mirostat_ent = 5.000, adaptive_target = -1.000, adaptive_decay = 0.900
ollama-1  | slot launch_slot_: id  0 | task 2036 | processing task, is_child = 0
ollama-1  | slot   operator(): id  0 | task 2036 | new prompt, n_ctx_slot = 4096, n_keep = 4, task.n_tokens = 723
ollama-1  | slot   operator(): id  0 | task 2036 | cached n_tokens = 328, memory_seq_rm [328, end)
ollama-1  | slot init_sampler: id  0 | task 2036 | init sampler, took 0.08 ms, tokens: text = 723, total = 723
ollama-1  | slot print_timing: id  0 | task 2036 | prompt eval time =    1511.26 ms /   395 tokens (    3.83 ms per token,   261.37 tokens per second)
ollama-1  | slot print_timing: id  0 | task 2036 |        eval time =     176.38 ms /     8 tokens (   25.20 ms per token,    39.69 tokens per second)
ollama-1  | slot print_timing: id  0 | task 2036 |       total time =    1687.63 ms /   403 tokens
ollama-1  | slot print_timing: id  0 | task 2036 |    graphs reused =       1393
ollama-1  | slot      release: id  0 | task 2036 | stop processing: n_tokens = 730, truncated = 0
ollama-1  | srv  update_slots: all slots are idle
ollama-1  | [GIN] 2026/10/07 - 09:19:27 | 200 |  1.860176529s |      172.21.0.4 | POST     "/api/generate"
ollama-1  | srv  server_strea: conv_id= (empty=1)
ollama-1  | slot get_availabl: id  0 | task -1 |  - checking sim = 0.631 (328/520) > 0.100
ollama-1  | slot get_availabl: id  0 | task -1 | selected slot by LCP similarity, f_sim_best = 0.631 (> 0.100 thold), f_keep = 0.449
ollama-1  | srv  get_availabl: updating prompt cache
ollama-1  | srv   prompt_save:  - saving prompt with length 730, total state size = 22.821 MiB (draft: 0.000 MiB)
ollama-1  | srv         alloc:  - prompt is already in the cache, skipping
ollama-1  | srv          load:  - looking for better prompt, base f_keep = 0.449, f_sim = 0.631
ollama-1  | srv          load:    - prompt with length     709, lcp =     328, f_keep = 0.463, f_sim = 0.631
ollama-1  | srv          load:    - prompt with length     700, lcp =     328, f_keep = 0.469, f_sim = 0.631
ollama-1  | srv          load:    - prompt with length     695, lcp =     328, f_keep = 0.472, f_sim = 0.631
ollama-1  | srv          load:    - prompt with length     670, lcp =     328, f_keep = 0.490, f_sim = 0.631
ollama-1  | srv          load:    - prompt with length     730, lcp =     328, f_keep = 0.449, f_sim = 0.631
ollama-1  | srv          load:    - prompt with length     773, lcp =     328, f_keep = 0.424, f_sim = 0.631
ollama-1  | srv          load:    - prompt with length     779, lcp =     328, f_keep = 0.421, f_sim = 0.631
ollama-1  | srv          load:    - prompt with length     677, lcp =     328, f_keep = 0.484, f_sim = 0.631
ollama-1  | srv          load:    - prompt with length     677, lcp =     328, f_keep = 0.484, f_sim = 0.631
ollama-1  | srv          load:    - prompt with length     691, lcp =     328, f_keep = 0.475, f_sim = 0.631
ollama-1  | srv          load:    - prompt with length     777, lcp =     328, f_keep = 0.422, f_sim = 0.631
ollama-1  | srv          load:    - prompt with length     805, lcp =     328, f_keep = 0.407, f_sim = 0.631
ollama-1  | srv          load:    - prompt with length     730, lcp =     328, f_keep = 0.449, f_sim = 0.631
ollama-1  | srv          load:    - prompt with length     659, lcp =     328, f_keep = 0.498, f_sim = 0.631
ollama-1  | srv          load:    - prompt with length     740, lcp =     328, f_keep = 0.443, f_sim = 0.631
ollama-1  | srv          load:    - prompt with length     738, lcp =     328, f_keep = 0.444, f_sim = 0.631
ollama-1  | srv          load:    - prompt with length     738, lcp =     328, f_keep = 0.444, f_sim = 0.631
ollama-1  | srv        update:  - cache state: 17 prompts, 384.147 MiB (limits: 8192.000 MiB, 4096 tokens, 262043 est)
ollama-1  | srv        update:    - prompt 0x2111c2b0:     709 tokens, checkpoints:  0,    22.165 MiB
ollama-1  | srv        update:    - prompt 0x1d133370:     700 tokens, checkpoints:  0,    21.883 MiB
ollama-1  | srv        update:    - prompt 0x1d12e2c0:     695 tokens, checkpoints:  0,    21.727 MiB
ollama-1  | srv        update:    - prompt 0x1d12d8d0:     670 tokens, checkpoints:  0,    20.946 MiB
ollama-1  | srv        update:    - prompt 0x1d708a50:     730 tokens, checkpoints:  0,    22.821 MiB
ollama-1  | srv        update:    - prompt 0x1d12cbe0:     773 tokens, checkpoints:  0,    24.165 MiB
ollama-1  | srv        update:    - prompt 0x1d12ae00:     779 tokens, checkpoints:  0,    24.353 MiB
ollama-1  | srv        update:    - prompt 0x248f0d00:     677 tokens, checkpoints:  0,    21.164 MiB
ollama-1  | srv        update:    - prompt 0x1d6ed0e0:     677 tokens, checkpoints:  0,    21.164 MiB
ollama-1  | srv        update:    - prompt 0x2111c150:     691 tokens, checkpoints:  0,    21.602 MiB
ollama-1  | srv        update:    - prompt 0x24d079d0:     777 tokens, checkpoints:  0,    24.291 MiB
ollama-1  | srv        update:    - prompt 0x1d728d30:     805 tokens, checkpoints:  0,    25.166 MiB
ollama-1  | srv        update:    - prompt 0x24240030:     730 tokens, checkpoints:  0,    22.821 MiB
ollama-1  | srv        update:    - prompt 0x248d1790:     659 tokens, checkpoints:  0,    20.602 MiB
ollama-1  | srv        update:    - prompt 0x1e79b710:     740 tokens, checkpoints:  0,    23.134 MiB
ollama-1  | srv        update:    - prompt 0x242c5cb0:     738 tokens, checkpoints:  0,    23.071 MiB
ollama-1  | srv        update:    - prompt 0x1e75fd60:     738 tokens, checkpoints:  0,    23.071 MiB
ollama-1  | srv  get_availabl: prompt cache update took 0.08 ms
ollama-1  | slot launch_slot_: id  0 | task -1 | sampler chain: logits -> ?penalties -> ?dry -> ?top-n-sigma -> top-k -> ?typical -> top-p -> ?min-p -> ?xtc -> temp-ext -> dist 
ollama-1  | slot launch_slot_: id  0 | task -1 | sampler params: 
ollama-1  | 	repeat_last_n = 64, repeat_penalty = 1.000, frequency_penalty = 0.000, presence_penalty = 0.000
ollama-1  | 	dry_multiplier = 0.000, dry_base = 1.750, dry_allowed_length = 2, dry_penalty_last_n = 64
ollama-1  | 	top_k = 40, top_p = 0.900, min_p = 0.000, xtc_probability = 0.000, xtc_threshold = 0.100, typical_p = 1.000, top_n_sigma = -1.000, temp = 0.000
ollama-1  | 	mirostat = 0, mirostat_lr = 0.100, mirostat_ent = 5.000, adaptive_target = -1.000, adaptive_decay = 0.900
ollama-1  | slot launch_slot_: id  0 | task 2045 | processing task, is_child = 0
ollama-1  | slot   operator(): id  0 | task 2045 | new prompt, n_ctx_slot = 4096, n_keep = 4, task.n_tokens = 520
ollama-1  | slot   operator(): id  0 | task 2045 | cached n_tokens = 328, memory_seq_rm [328, end)
ollama-1  | slot init_sampler: id  0 | task 2045 | init sampler, took 0.04 ms, tokens: text = 520, total = 520
ollama-1  | slot print_timing: id  0 | task 2045 | prompt eval time =     731.09 ms /   192 tokens (    3.81 ms per token,   262.62 tokens per second)
ollama-1  | slot print_timing: id  0 | task 2045 |        eval time =     169.67 ms /     8 tokens (   24.24 ms per token,    41.26 tokens per second)
ollama-1  | slot print_timing: id  0 | task 2045 |       total time =     900.76 ms /   200 tokens
ollama-1  | slot print_timing: id  0 | task 2045 |    graphs reused =       1399
ollama-1  | slot      release: id  0 | task 2045 | stop processing: n_tokens = 527, truncated = 0
ollama-1  | srv  update_slots: all slots are idle
ollama-1  | [GIN] 2026/10/07 - 09:19:28 | 200 |  905.560766ms |      172.21.0.4 | POST     "/api/generate"
ollama-1  | [GIN] 2026/10/07 - 09:19:35 | 200 |      15.125µs |       127.0.0.1 | HEAD     "/"
ollama-1  | [GIN] 2026/10/07 - 09:19:35 | 200 |     650.544µs |       127.0.0.1 | GET      "/api/tags"
ollama-1  | [GIN] 2026/10/07 - 09:19:45 | 200 |      16.872µs |       127.0.0.1 | HEAD     "/"
ollama-1  | [GIN] 2026/10/07 - 09:19:45 | 200 |     704.265µs |       127.0.0.1 | GET      "/api/tags"
ollama-1  | [GIN] 2026/10/07 - 09:19:55 | 200 |      23.499µs |       127.0.0.1 | HEAD     "/"
ollama-1  | [GIN] 2026/10/07 - 09:19:55 | 200 |     642.576µs |       127.0.0.1 | GET      "/api/tags"
ollama-1  | [GIN] 2026/10/07 - 09:20:05 | 200 |      16.845µs |       127.0.0.1 | HEAD     "/"
ollama-1  | [GIN] 2026/10/07 - 09:20:05 | 200 |    1.248218ms |       127.0.0.1 | GET      "/api/tags"
ollama-1  | [GIN] 2026/10/07 - 09:20:15 | 200 |      18.977µs |       127.0.0.1 | HEAD     "/"
ollama-1  | [GIN] 2026/10/07 - 09:20:15 | 200 |     674.218µs |       127.0.0.1 | GET      "/api/tags"
ollama-1  | [GIN] 2026/10/07 - 09:20:25 | 200 |      16.269µs |       127.0.0.1 | HEAD     "/"
ollama-1  | [GIN] 2026/10/07 - 09:20:25 | 200 |     634.926µs |       127.0.0.1 | GET      "/api/tags"
ollama-1  | [GIN] 2026/10/07 - 09:20:35 | 200 |      16.231µs |       127.0.0.1 | HEAD     "/"
ollama-1  | [GIN] 2026/10/07 - 09:20:35 | 200 |      649.12µs |       127.0.0.1 | GET      "/api/tags"
ollama-1  | [GIN] 2026/10/07 - 09:20:45 | 200 |      16.554µs |       127.0.0.1 | HEAD     "/"
ollama-1  | [GIN] 2026/10/07 - 09:20:45 | 200 |     625.733µs |       127.0.0.1 | GET      "/api/tags"
ollama-1  | [GIN] 2026/10/07 - 09:20:55 | 200 |      16.208µs |       127.0.0.1 | HEAD     "/"
ollama-1  | [GIN] 2026/10/07 - 09:20:55 | 200 |     648.916µs |       127.0.0.1 | GET      "/api/tags"
ollama-1  | [GIN] 2026/10/07 - 09:21:05 | 200 |      23.422µs |       127.0.0.1 | HEAD     "/"
ollama-1  | [GIN] 2026/10/07 - 09:21:05 | 200 |     667.474µs |       127.0.0.1 | GET      "/api/tags"
ollama-1  | [GIN] 2026/10/07 - 09:21:15 | 200 |      22.102µs |       127.0.0.1 | HEAD     "/"
ollama-1  | [GIN] 2026/10/07 - 09:21:15 | 200 |     641.115µs |       127.0.0.1 | GET      "/api/tags"
ollama-1  | [GIN] 2026/10/07 - 09:21:25 | 200 |       16.02µs |       127.0.0.1 | HEAD     "/"
ollama-1  | [GIN] 2026/10/07 - 09:21:25 | 200 |     700.982µs |       127.0.0.1 | GET      "/api/tags"
ollama-1  | [GIN] 2026/10/07 - 09:21:35 | 200 |      18.144µs |       127.0.0.1 | HEAD     "/"
ollama-1  | [GIN] 2026/10/07 - 09:21:35 | 200 |    1.287186ms |       127.0.0.1 | GET      "/api/tags"
ollama-1  | [GIN] 2026/10/07 - 09:21:45 | 200 |      14.786µs |       127.0.0.1 | HEAD     "/"
ollama-1  | [GIN] 2026/10/07 - 09:21:45 | 200 |    5.668272ms |       127.0.0.1 | GET      "/api/tags"
ollama-1  | [GIN] 2026/10/07 - 09:21:55 | 200 |      17.042µs |       127.0.0.1 | HEAD     "/"
ollama-1  | [GIN] 2026/10/07 - 09:21:55 | 200 |     726.458µs |       127.0.0.1 | GET      "/api/tags"
ollama-1  | [GIN] 2026/10/07 - 09:22:05 | 200 |      17.304µs |       127.0.0.1 | HEAD     "/"
ollama-1  | [GIN] 2026/10/07 - 09:22:05 | 200 |     670.918µs |       127.0.0.1 | GET      "/api/tags"
ollama-1  | [GIN] 2026/10/07 - 09:22:15 | 200 |      15.959µs |       127.0.0.1 | HEAD     "/"
ollama-1  | [GIN] 2026/10/07 - 09:22:15 | 200 |     641.933µs |       127.0.0.1 | GET      "/api/tags"
ollama-1  | [GIN] 2026/10/07 - 09:22:26 | 200 |      16.346µs |       127.0.0.1 | HEAD     "/"
ollama-1  | [GIN] 2026/10/07 - 09:22:26 | 200 |      652.73µs |       127.0.0.1 | GET      "/api/tags"
ollama-1  | [GIN] 2026/10/07 - 09:22:36 | 200 |      16.508µs |       127.0.0.1 | HEAD     "/"
ollama-1  | [GIN] 2026/10/07 - 09:22:36 | 200 |     656.754µs |       127.0.0.1 | GET      "/api/tags"
ollama-1  | [GIN] 2026/10/07 - 09:22:46 | 200 |      29.407µs |       127.0.0.1 | HEAD     "/"
ollama-1  | [GIN] 2026/10/07 - 09:22:46 | 200 |      657.86µs |       127.0.0.1 | GET      "/api/tags"
ollama-1  | [GIN] 2026/10/07 - 09:22:56 | 200 |       16.57µs |       127.0.0.1 | HEAD     "/"
ollama-1  | [GIN] 2026/10/07 - 09:22:56 | 200 |    1.321014ms |       127.0.0.1 | GET      "/api/tags"
ollama-1  | [GIN] 2026/10/07 - 09:23:06 | 200 |      17.305µs |       127.0.0.1 | HEAD     "/"
ollama-1  | [GIN] 2026/10/07 - 09:23:06 | 200 |      653.83µs |       127.0.0.1 | GET      "/api/tags"
ollama-1  | [GIN] 2026/10/07 - 09:23:16 | 200 |      22.642µs |       127.0.0.1 | HEAD     "/"
ollama-1  | [GIN] 2026/10/07 - 09:23:16 | 200 |     666.671µs |       127.0.0.1 | GET      "/api/tags"
ollama-1  | [GIN] 2026/10/07 - 09:23:26 | 200 |       16.66µs |       127.0.0.1 | HEAD     "/"
ollama-1  | [GIN] 2026/10/07 - 09:23:26 | 200 |     671.718µs |       127.0.0.1 | GET      "/api/tags"
ollama-1  | [GIN] 2026/10/07 - 09:23:36 | 200 |      20.617µs |       127.0.0.1 | HEAD     "/"
ollama-1  | [GIN] 2026/10/07 - 09:23:36 | 200 |     763.326µs |       127.0.0.1 | GET      "/api/tags"
ollama-1  | [GIN] 2026/10/07 - 09:23:46 | 200 |      16.761µs |       127.0.0.1 | HEAD     "/"
ollama-1  | [GIN] 2026/10/07 - 09:23:46 | 200 |     660.355µs |       127.0.0.1 | GET      "/api/tags"
ollama-1  | [GIN] 2026/10/07 - 09:23:56 | 200 |      16.664µs |       127.0.0.1 | HEAD     "/"
ollama-1  | [GIN] 2026/10/07 - 09:23:56 | 200 |     680.583µs |       127.0.0.1 | GET      "/api/tags"
ollama-1  | [GIN] 2026/10/07 - 09:24:06 | 200 |      20.442µs |       127.0.0.1 | HEAD     "/"
ollama-1  | [GIN] 2026/10/07 - 09:24:06 | 200 |     705.484µs |       127.0.0.1 | GET      "/api/tags"
ollama-1  | [GIN] 2026/10/07 - 09:24:16 | 200 |      18.177µs |       127.0.0.1 | HEAD     "/"
ollama-1  | [GIN] 2026/10/07 - 09:24:16 | 200 |    1.548219ms |       127.0.0.1 | GET      "/api/tags"
ollama-1  | [GIN] 2026/10/07 - 09:24:26 | 200 |       16.56µs |       127.0.0.1 | HEAD     "/"
ollama-1  | [GIN] 2026/10/07 - 09:24:26 | 200 |      664.92µs |       127.0.0.1 | GET      "/api/tags"
ollama-1  | [GIN] 2026/10/07 - 09:24:36 | 200 |      15.482µs |       127.0.0.1 | HEAD     "/"
ollama-1  | [GIN] 2026/10/07 - 09:24:36 | 200 |     743.039µs |       127.0.0.1 | GET      "/api/tags"
ollama-1  | [GIN] 2026/10/07 - 09:24:46 | 200 |      37.231µs |      172.21.0.1 | GET      "/api/ps"
ollama-1  | [GIN] 2026/10/07 - 09:24:46 | 200 |      16.079µs |       127.0.0.1 | HEAD     "/"
ollama-1  | [GIN] 2026/10/07 - 09:24:46 | 200 |      25.213µs |       127.0.0.1 | GET      "/api/ps"
ollama-1  | [GIN] 2026/10/07 - 09:24:46 | 200 |      16.977µs |       127.0.0.1 | HEAD     "/"
ollama-1  | [GIN] 2026/10/07 - 09:24:46 | 200 |     648.713µs |       127.0.0.1 | GET      "/api/tags"
