ollama-1  | [GIN] 2026/10/07 - 10:53:56 | 200 |      16.702µs |      172.21.0.1 | GET      "/api/version"
ollama-1  | [GIN] 2026/10/07 - 10:53:58 | 200 |      16.115µs |       127.0.0.1 | HEAD     "/"
ollama-1  | [GIN] 2026/10/07 - 10:53:58 | 200 |     647.405µs |       127.0.0.1 | GET      "/api/tags"
ollama-1  | [GIN] 2026/10/07 - 10:54:08 | 200 |       17.86µs |       127.0.0.1 | HEAD     "/"
ollama-1  | [GIN] 2026/10/07 - 10:54:08 | 200 |    1.213959ms |       127.0.0.1 | GET      "/api/tags"
ollama-1  | [GIN] 2026/10/07 - 10:54:18 | 200 |       23.09µs |       127.0.0.1 | HEAD     "/"
ollama-1  | [GIN] 2026/10/07 - 10:54:18 | 200 |     676.562µs |       127.0.0.1 | GET      "/api/tags"
ollama-1  | [GIN] 2026/10/07 - 10:54:28 | 200 |      14.486µs |       127.0.0.1 | HEAD     "/"
ollama-1  | [GIN] 2026/10/07 - 10:54:28 | 200 |    5.308141ms |       127.0.0.1 | GET      "/api/tags"
ollama-1  | [GIN] 2026/10/07 - 10:54:38 | 200 |       15.82µs |       127.0.0.1 | HEAD     "/"
ollama-1  | [GIN] 2026/10/07 - 10:54:38 | 200 |     638.343µs |       127.0.0.1 | GET      "/api/tags"
ollama-1  | [GIN] 2026/10/07 - 10:54:48 | 200 |      16.656µs |       127.0.0.1 | HEAD     "/"
ollama-1  | [GIN] 2026/10/07 - 10:54:48 | 200 |     655.537µs |       127.0.0.1 | GET      "/api/tags"
ollama-1  | [GIN] 2026/10/07 - 10:54:58 | 200 |      15.807µs |       127.0.0.1 | HEAD     "/"
ollama-1  | [GIN] 2026/10/07 - 10:54:58 | 200 |     654.321µs |       127.0.0.1 | GET      "/api/tags"
ollama-1  | [GIN] 2026/10/07 - 10:55:08 | 200 |      17.246µs |       127.0.0.1 | HEAD     "/"
ollama-1  | [GIN] 2026/10/07 - 10:55:08 | 200 |     678.142µs |       127.0.0.1 | GET      "/api/tags"
ollama-1  | srv  server_strea: conv_id= (empty=1)
ollama-1  | slot get_availabl: id  0 | task -1 |  - checking sim = 0.467 (328/702) > 0.100
ollama-1  | slot get_availabl: id  0 | task -1 | selected slot by LCP similarity, f_sim_best = 0.467 (> 0.100 thold), f_keep = 0.889
ollama-1  | slot launch_slot_: id  0 | task -1 | sampler chain: logits -> ?penalties -> ?dry -> ?top-n-sigma -> top-k -> ?typical -> top-p -> ?min-p -> ?xtc -> temp-ext -> dist 
ollama-1  | slot launch_slot_: id  0 | task -1 | sampler params: 
ollama-1  | 	repeat_last_n = 64, repeat_penalty = 1.000, frequency_penalty = 0.000, presence_penalty = 0.000
ollama-1  | 	dry_multiplier = 0.000, dry_base = 1.750, dry_allowed_length = 2, dry_penalty_last_n = 64
ollama-1  | 	top_k = 40, top_p = 0.900, min_p = 0.000, xtc_probability = 0.000, xtc_threshold = 0.100, typical_p = 1.000, top_n_sigma = -1.000, temp = 0.000
ollama-1  | 	mirostat = 0, mirostat_lr = 0.100, mirostat_ent = 5.000, adaptive_target = -1.000, adaptive_decay = 0.900
ollama-1  | slot launch_slot_: id  0 | task 9394 | processing task, is_child = 0
ollama-1  | slot   operator(): id  0 | task 9394 | new prompt, n_ctx_slot = 4096, n_keep = 4, task.n_tokens = 702
ollama-1  | slot   operator(): id  0 | task 9394 | cached n_tokens = 328, memory_seq_rm [328, end)
ollama-1  | slot init_sampler: id  0 | task 9394 | init sampler, took 0.05 ms, tokens: text = 702, total = 702
ollama-1  | [GIN] 2026/10/07 - 10:55:18 | 200 |      26.492µs |       127.0.0.1 | HEAD     "/"
ollama-1  | [GIN] 2026/10/07 - 10:55:18 | 200 |    1.190579ms |       127.0.0.1 | GET      "/api/tags"
ollama-1  | slot print_timing: id  0 | task 9394 | prompt eval time =    1228.26 ms /   374 tokens (    3.28 ms per token,   304.50 tokens per second)
ollama-1  | slot print_timing: id  0 | task 9394 |        eval time =     149.06 ms /     8 tokens (   21.29 ms per token,    46.96 tokens per second)
ollama-1  | slot print_timing: id  0 | task 9394 |       total time =    1377.32 ms /   382 tokens
ollama-1  | slot print_timing: id  0 | task 9394 |    graphs reused =       6435
ollama-1  | slot      release: id  0 | task 9394 | stop processing: n_tokens = 709, truncated = 0
ollama-1  | srv  update_slots: all slots are idle
ollama-1  | [GIN] 2026/10/07 - 10:55:19 | 200 |  1.384670131s |      172.21.0.4 | POST     "/api/generate"
ollama-1  | srv  server_strea: conv_id= (empty=1)
ollama-1  | slot get_availabl: id  0 | task -1 |  - checking sim = 0.614 (328/534) > 0.100
ollama-1  | slot get_availabl: id  0 | task -1 | selected slot by LCP similarity, f_sim_best = 0.614 (> 0.100 thold), f_keep = 0.463
ollama-1  | srv  get_availabl: updating prompt cache
ollama-1  | srv   prompt_save:  - saving prompt with length 709, total state size = 22.165 MiB (draft: 0.000 MiB)
ollama-1  | srv         alloc:  - prompt is already in the cache, skipping
ollama-1  | srv          load:  - looking for better prompt, base f_keep = 0.463, f_sim = 0.614
ollama-1  | srv          load:    - prompt with length     709, lcp =     328, f_keep = 0.463, f_sim = 0.614
ollama-1  | srv          load:    - prompt with length     700, lcp =     328, f_keep = 0.469, f_sim = 0.614
ollama-1  | srv          load:    - prompt with length     695, lcp =     328, f_keep = 0.472, f_sim = 0.614
ollama-1  | srv          load:    - prompt with length     670, lcp =     328, f_keep = 0.490, f_sim = 0.614
ollama-1  | srv          load:    - prompt with length     730, lcp =     328, f_keep = 0.449, f_sim = 0.614
ollama-1  | srv          load:    - prompt with length     779, lcp =     328, f_keep = 0.421, f_sim = 0.614
ollama-1  | srv          load:    - prompt with length     805, lcp =     328, f_keep = 0.407, f_sim = 0.614
ollama-1  | srv          load:    - prompt with length     696, lcp =     328, f_keep = 0.471, f_sim = 0.614
ollama-1  | srv          load:    - prompt with length     962, lcp =     328, f_keep = 0.341, f_sim = 0.614
ollama-1  | srv          load:    - prompt with length     705, lcp =     328, f_keep = 0.465, f_sim = 0.614
ollama-1  | srv          load:    - prompt with length     722, lcp =     328, f_keep = 0.454, f_sim = 0.614
ollama-1  | srv          load:    - prompt with length     704, lcp =     328, f_keep = 0.466, f_sim = 0.614
ollama-1  | srv          load:    - prompt with length     710, lcp =     328, f_keep = 0.462, f_sim = 0.614
ollama-1  | srv          load:    - prompt with length     752, lcp =     328, f_keep = 0.436, f_sim = 0.614
ollama-1  | srv          load:    - prompt with length     683, lcp =     328, f_keep = 0.480, f_sim = 0.614
ollama-1  | srv          load:    - prompt with length     774, lcp =     328, f_keep = 0.424, f_sim = 0.614
ollama-1  | srv          load:    - prompt with length     777, lcp =     328, f_keep = 0.422, f_sim = 0.614
ollama-1  | srv          load:    - prompt with length     773, lcp =     329, f_keep = 0.426, f_sim = 0.616
ollama-1  | srv          load:    - prompt with length     740, lcp =     328, f_keep = 0.443, f_sim = 0.614
ollama-1  | srv          load:    - prompt with length     677, lcp =     329, f_keep = 0.486, f_sim = 0.616
ollama-1  | srv          load:    - prompt with length     738, lcp =     329, f_keep = 0.446, f_sim = 0.616
ollama-1  | srv          load:    - prompt with length     691, lcp =     329, f_keep = 0.476, f_sim = 0.616
ollama-1  | srv          load:    - prompt with length     738, lcp =     328, f_keep = 0.444, f_sim = 0.614
ollama-1  | srv          load:    - prompt with length     730, lcp =     329, f_keep = 0.451, f_sim = 0.616
ollama-1  | srv          load:    - prompt with length     733, lcp =     328, f_keep = 0.447, f_sim = 0.614
ollama-1  | srv          load:    - prompt with length     798, lcp =     329, f_keep = 0.412, f_sim = 0.616
ollama-1  | srv          load:    - prompt with length     661, lcp =     328, f_keep = 0.496, f_sim = 0.614
ollama-1  | srv          load:    - prompt with length     771, lcp =     328, f_keep = 0.425, f_sim = 0.614
ollama-1  | srv          load:    - prompt with length     663, lcp =     329, f_keep = 0.496, f_sim = 0.616
ollama-1  | srv          load:    - prompt with length     684, lcp =     329, f_keep = 0.481, f_sim = 0.616
ollama-1  | srv          load:  - found better prompt with f_keep = 0.486, f_sim = 0.616
ollama-1  | srv        update:  - cache state: 29 prompts, 665.661 MiB (limits: 8192.000 MiB, 4096 tokens, 262043 est)
ollama-1  | srv        update:    - prompt 0x2111c2b0:     709 tokens, checkpoints:  0,    22.165 MiB
ollama-1  | srv        update:    - prompt 0x1d133370:     700 tokens, checkpoints:  0,    21.883 MiB
ollama-1  | srv        update:    - prompt 0x1d12e2c0:     695 tokens, checkpoints:  0,    21.727 MiB
ollama-1  | srv        update:    - prompt 0x1d12d8d0:     670 tokens, checkpoints:  0,    20.946 MiB
ollama-1  | srv        update:    - prompt 0x1d708a50:     730 tokens, checkpoints:  0,    22.821 MiB
ollama-1  | srv        update:    - prompt 0x1d12ae00:     779 tokens, checkpoints:  0,    24.353 MiB
ollama-1  | srv        update:    - prompt 0x1d728d30:     805 tokens, checkpoints:  0,    25.166 MiB
ollama-1  | srv        update:    - prompt 0x2427f580:     696 tokens, checkpoints:  0,    21.758 MiB
ollama-1  | srv        update:    - prompt 0x30e39f50:     962 tokens, checkpoints:  0,    30.074 MiB
ollama-1  | srv        update:    - prompt 0x1e85d3b0:     705 tokens, checkpoints:  0,    22.040 MiB
ollama-1  | srv        update:    - prompt 0x1e7a4ad0:     722 tokens, checkpoints:  0,    22.571 MiB
ollama-1  | srv        update:    - prompt 0x24d036a0:     704 tokens, checkpoints:  0,    22.008 MiB
ollama-1  | srv        update:    - prompt 0x1e75fd60:     710 tokens, checkpoints:  0,    22.196 MiB
ollama-1  | srv        update:    - prompt 0x24367aa0:     752 tokens, checkpoints:  0,    23.509 MiB
ollama-1  | srv        update:    - prompt 0x243c6d30:     683 tokens, checkpoints:  0,    21.352 MiB
ollama-1  | srv        update:    - prompt 0x248f24c0:     774 tokens, checkpoints:  0,    24.197 MiB
ollama-1  | srv        update:    - prompt 0x24273cf0:     777 tokens, checkpoints:  0,    24.291 MiB
ollama-1  | srv        update:    - prompt 0x2a28fe40:     773 tokens, checkpoints:  0,    24.165 MiB
ollama-1  | srv        update:    - prompt 0x2448abc0:     740 tokens, checkpoints:  0,    23.134 MiB
ollama-1  | srv        update:    - prompt 0x24313a50:     738 tokens, checkpoints:  0,    23.071 MiB
ollama-1  | srv        update:    - prompt 0x242cfd20:     691 tokens, checkpoints:  0,    21.602 MiB
ollama-1  | srv        update:    - prompt 0x2444bcc0:     738 tokens, checkpoints:  0,    23.071 MiB
ollama-1  | srv        update:    - prompt 0x1d311810:     730 tokens, checkpoints:  0,    22.821 MiB
ollama-1  | srv        update:    - prompt 0x242f5d40:     733 tokens, checkpoints:  0,    22.915 MiB
ollama-1  | srv        update:    - prompt 0x24d350b0:     798 tokens, checkpoints:  0,    24.947 MiB
ollama-1  | srv        update:    - prompt 0x2437a2b0:     661 tokens, checkpoints:  0,    20.664 MiB
ollama-1  | srv        update:    - prompt 0x2a2a47f0:     771 tokens, checkpoints:  0,    24.103 MiB
ollama-1  | srv        update:    - prompt 0x24433ac0:     663 tokens, checkpoints:  0,    20.727 MiB
ollama-1  | srv        update:    - prompt 0x2443a0e0:     684 tokens, checkpoints:  0,    21.383 MiB
ollama-1  | srv  get_availabl: prompt cache update took 6.13 ms
ollama-1  | slot launch_slot_: id  0 | task -1 | sampler chain: logits -> ?penalties -> ?dry -> ?top-n-sigma -> top-k -> ?typical -> top-p -> ?min-p -> ?xtc -> temp-ext -> dist 
ollama-1  | slot launch_slot_: id  0 | task -1 | sampler params: 
ollama-1  | 	repeat_last_n = 64, repeat_penalty = 1.000, frequency_penalty = 0.000, presence_penalty = 0.000
ollama-1  | 	dry_multiplier = 0.000, dry_base = 1.750, dry_allowed_length = 2, dry_penalty_last_n = 64
ollama-1  | 	top_k = 40, top_p = 0.900, min_p = 0.000, xtc_probability = 0.000, xtc_threshold = 0.100, typical_p = 1.000, top_n_sigma = -1.000, temp = 0.000
ollama-1  | 	mirostat = 0, mirostat_lr = 0.100, mirostat_ent = 5.000, adaptive_target = -1.000, adaptive_decay = 0.900
ollama-1  | slot launch_slot_: id  0 | task 9403 | processing task, is_child = 0
ollama-1  | slot   operator(): id  0 | task 9403 | new prompt, n_ctx_slot = 4096, n_keep = 4, task.n_tokens = 534
ollama-1  | slot   operator(): id  0 | task 9403 | cached n_tokens = 329, memory_seq_rm [329, end)
ollama-1  | slot init_sampler: id  0 | task 9403 | init sampler, took 0.04 ms, tokens: text = 534, total = 534
ollama-1  | slot print_timing: id  0 | task 9403 | prompt eval time =     730.55 ms /   205 tokens (    3.56 ms per token,   280.61 tokens per second)
ollama-1  | slot print_timing: id  0 | task 9403 |        eval time =     155.91 ms /     8 tokens (   22.27 ms per token,    44.90 tokens per second)
ollama-1  | slot print_timing: id  0 | task 9403 |       total time =     886.46 ms /   213 tokens
ollama-1  | slot print_timing: id  0 | task 9403 |    graphs reused =       6441
ollama-1  | slot      release: id  0 | task 9403 | stop processing: n_tokens = 541, truncated = 0
ollama-1  | srv  update_slots: all slots are idle
ollama-1  | [GIN] 2026/10/07 - 10:55:20 | 200 |  1.879894587s |      172.21.0.4 | POST     "/api/generate"
ollama-1  | srv  server_strea: conv_id= (empty=1)
ollama-1  | slot get_availabl: id  0 | task -1 |  - checking sim = 0.779 (328/421) > 0.100
ollama-1  | slot get_availabl: id  0 | task -1 | selected slot by LCP similarity, f_sim_best = 0.779 (> 0.100 thold), f_keep = 0.606
ollama-1  | slot launch_slot_: id  0 | task -1 | sampler chain: logits -> ?penalties -> ?dry -> ?top-n-sigma -> top-k -> ?typical -> top-p -> ?min-p -> ?xtc -> temp-ext -> dist 
ollama-1  | slot launch_slot_: id  0 | task -1 | sampler params: 
ollama-1  | 	repeat_last_n = 64, repeat_penalty = 1.000, frequency_penalty = 0.000, presence_penalty = 0.000
ollama-1  | 	dry_multiplier = 0.000, dry_base = 1.750, dry_allowed_length = 2, dry_penalty_last_n = 64
ollama-1  | 	top_k = 40, top_p = 0.900, min_p = 0.000, xtc_probability = 0.000, xtc_threshold = 0.100, typical_p = 1.000, top_n_sigma = -1.000, temp = 0.000
ollama-1  | 	mirostat = 0, mirostat_lr = 0.100, mirostat_ent = 5.000, adaptive_target = -1.000, adaptive_decay = 0.900
ollama-1  | slot launch_slot_: id  0 | task 9412 | processing task, is_child = 0
ollama-1  | slot   operator(): id  0 | task 9412 | new prompt, n_ctx_slot = 4096, n_keep = 4, task.n_tokens = 421
ollama-1  | slot   operator(): id  0 | task 9412 | cached n_tokens = 328, memory_seq_rm [328, end)
ollama-1  | slot init_sampler: id  0 | task 9412 | init sampler, took 0.05 ms, tokens: text = 421, total = 421
ollama-1  | slot print_timing: id  0 | task 9412 | prompt eval time =     333.27 ms /    93 tokens (    3.58 ms per token,   279.05 tokens per second)
ollama-1  | slot print_timing: id  0 | task 9412 |        eval time =     156.12 ms /     8 tokens (   22.30 ms per token,    44.84 tokens per second)
ollama-1  | slot print_timing: id  0 | task 9412 |       total time =     489.40 ms /   101 tokens
ollama-1  | slot print_timing: id  0 | task 9412 |    graphs reused =       6447
ollama-1  | slot      release: id  0 | task 9412 | stop processing: n_tokens = 428, truncated = 0
ollama-1  | srv  update_slots: all slots are idle
ollama-1  | [GIN] 2026/10/07 - 10:55:20 | 200 |  1.677397373s |      172.21.0.4 | POST     "/api/generate"
ollama-1  | srv  server_strea: conv_id= (empty=1)
ollama-1  | slot get_availabl: id  0 | task -1 |  - checking sim = 0.691 (328/475) > 0.100
ollama-1  | slot get_availabl: id  0 | task -1 | selected slot by LCP similarity, f_sim_best = 0.691 (> 0.100 thold), f_keep = 0.766
ollama-1  | slot launch_slot_: id  0 | task -1 | sampler chain: logits -> ?penalties -> ?dry -> ?top-n-sigma -> top-k -> ?typical -> top-p -> ?min-p -> ?xtc -> temp-ext -> dist 
ollama-1  | slot launch_slot_: id  0 | task -1 | sampler params: 
ollama-1  | 	repeat_last_n = 64, repeat_penalty = 1.000, frequency_penalty = 0.000, presence_penalty = 0.000
ollama-1  | 	dry_multiplier = 0.000, dry_base = 1.750, dry_allowed_length = 2, dry_penalty_last_n = 64
ollama-1  | 	top_k = 40, top_p = 0.900, min_p = 0.000, xtc_probability = 0.000, xtc_threshold = 0.100, typical_p = 1.000, top_n_sigma = -1.000, temp = 0.000
ollama-1  | 	mirostat = 0, mirostat_lr = 0.100, mirostat_ent = 5.000, adaptive_target = -1.000, adaptive_decay = 0.900
ollama-1  | slot launch_slot_: id  0 | task 9421 | processing task, is_child = 0
ollama-1  | slot   operator(): id  0 | task 9421 | new prompt, n_ctx_slot = 4096, n_keep = 4, task.n_tokens = 475
ollama-1  | slot   operator(): id  0 | task 9421 | cached n_tokens = 328, memory_seq_rm [328, end)
ollama-1  | slot init_sampler: id  0 | task 9421 | init sampler, took 0.04 ms, tokens: text = 475, total = 475
ollama-1  | slot print_timing: id  0 | task 9421 | prompt eval time =     550.87 ms /   147 tokens (    3.75 ms per token,   266.85 tokens per second)
ollama-1  | slot print_timing: id  0 | task 9421 |        eval time =     148.74 ms /     8 tokens (   21.25 ms per token,    47.06 tokens per second)
ollama-1  | slot print_timing: id  0 | task 9421 |       total time =     699.61 ms /   155 tokens
ollama-1  | slot print_timing: id  0 | task 9421 |    graphs reused =       6453
ollama-1  | slot      release: id  0 | task 9421 | stop processing: n_tokens = 482, truncated = 0
ollama-1  | srv  update_slots: all slots are idle
ollama-1  | [GIN] 2026/10/07 - 10:55:21 | 200 |  1.476392031s |      172.21.0.4 | POST     "/api/generate"
ollama-1  | srv  server_strea: conv_id= (empty=1)
ollama-1  | slot get_availabl: id  0 | task -1 |  - checking sim = 0.626 (330/527) > 0.100
ollama-1  | slot get_availabl: id  0 | task -1 | selected slot by LCP similarity, f_sim_best = 0.626 (> 0.100 thold), f_keep = 0.685
ollama-1  | slot launch_slot_: id  0 | task -1 | sampler chain: logits -> ?penalties -> ?dry -> ?top-n-sigma -> top-k -> ?typical -> top-p -> ?min-p -> ?xtc -> temp-ext -> dist 
ollama-1  | slot launch_slot_: id  0 | task -1 | sampler params: 
ollama-1  | 	repeat_last_n = 64, repeat_penalty = 1.000, frequency_penalty = 0.000, presence_penalty = 0.000
ollama-1  | 	dry_multiplier = 0.000, dry_base = 1.750, dry_allowed_length = 2, dry_penalty_last_n = 64
ollama-1  | 	top_k = 40, top_p = 0.900, min_p = 0.000, xtc_probability = 0.000, xtc_threshold = 0.100, typical_p = 1.000, top_n_sigma = -1.000, temp = 0.000
ollama-1  | 	mirostat = 0, mirostat_lr = 0.100, mirostat_ent = 5.000, adaptive_target = -1.000, adaptive_decay = 0.900
ollama-1  | slot launch_slot_: id  0 | task 9430 | processing task, is_child = 0
ollama-1  | slot   operator(): id  0 | task 9430 | new prompt, n_ctx_slot = 4096, n_keep = 4, task.n_tokens = 527
ollama-1  | slot   operator(): id  0 | task 9430 | cached n_tokens = 330, memory_seq_rm [330, end)
ollama-1  | slot init_sampler: id  0 | task 9430 | init sampler, took 0.04 ms, tokens: text = 527, total = 527
ollama-1  | slot print_timing: id  0 | task 9430 | prompt eval time =     736.55 ms /   197 tokens (    3.74 ms per token,   267.46 tokens per second)
ollama-1  | slot print_timing: id  0 | task 9430 |        eval time =     152.94 ms /     8 tokens (   21.85 ms per token,    45.77 tokens per second)
ollama-1  | slot print_timing: id  0 | task 9430 |       total time =     889.49 ms /   205 tokens
ollama-1  | slot print_timing: id  0 | task 9430 |    graphs reused =       6459
ollama-1  | slot      release: id  0 | task 9430 | stop processing: n_tokens = 534, truncated = 0
ollama-1  | srv  update_slots: all slots are idle
ollama-1  | [GIN] 2026/10/07 - 10:55:22 | 200 |  1.770188855s |      172.21.0.4 | POST     "/api/generate"
ollama-1  | srv  server_strea: conv_id= (empty=1)
ollama-1  | slot get_availabl: id  0 | task -1 |  - checking sim = 0.475 (328/691) > 0.100
ollama-1  | slot get_availabl: id  0 | task -1 | selected slot by LCP similarity, f_sim_best = 0.475 (> 0.100 thold), f_keep = 0.614
ollama-1  | slot launch_slot_: id  0 | task -1 | sampler chain: logits -> ?penalties -> ?dry -> ?top-n-sigma -> top-k -> ?typical -> top-p -> ?min-p -> ?xtc -> temp-ext -> dist 
ollama-1  | slot launch_slot_: id  0 | task -1 | sampler params: 
ollama-1  | 	repeat_last_n = 64, repeat_penalty = 1.000, frequency_penalty = 0.000, presence_penalty = 0.000
ollama-1  | 	dry_multiplier = 0.000, dry_base = 1.750, dry_allowed_length = 2, dry_penalty_last_n = 64
ollama-1  | 	top_k = 40, top_p = 0.900, min_p = 0.000, xtc_probability = 0.000, xtc_threshold = 0.100, typical_p = 1.000, top_n_sigma = -1.000, temp = 0.000
ollama-1  | 	mirostat = 0, mirostat_lr = 0.100, mirostat_ent = 5.000, adaptive_target = -1.000, adaptive_decay = 0.900
ollama-1  | slot launch_slot_: id  0 | task 9439 | processing task, is_child = 0
ollama-1  | slot   operator(): id  0 | task 9439 | new prompt, n_ctx_slot = 4096, n_keep = 4, task.n_tokens = 691
ollama-1  | slot   operator(): id  0 | task 9439 | cached n_tokens = 328, memory_seq_rm [328, end)
ollama-1  | slot init_sampler: id  0 | task 9439 | init sampler, took 0.08 ms, tokens: text = 691, total = 691
ollama-1  | slot print_timing: id  0 | task 9439 | prompt eval time =    1338.96 ms /   363 tokens (    3.69 ms per token,   271.11 tokens per second)
ollama-1  | slot print_timing: id  0 | task 9439 |        eval time =     229.00 ms /    10 tokens (   25.44 ms per token,    39.30 tokens per second)
ollama-1  | slot print_timing: id  0 | task 9439 |       total time =    1567.96 ms /   373 tokens
ollama-1  | slot print_timing: id  0 | task 9439 |    graphs reused =       6467
ollama-1  | slot      release: id  0 | task 9439 | stop processing: n_tokens = 700, truncated = 0
ollama-1  | srv  update_slots: all slots are idle
ollama-1  | [GIN] 2026/10/07 - 10:55:23 | 200 |  2.661405775s |      172.21.0.4 | POST     "/api/generate"
ollama-1  | srv  server_strea: conv_id= (empty=1)
ollama-1  | slot get_availabl: id  0 | task -1 |  - checking sim = 0.636 (328/516) > 0.100
ollama-1  | slot get_availabl: id  0 | task -1 | selected slot by LCP similarity, f_sim_best = 0.636 (> 0.100 thold), f_keep = 0.469
ollama-1  | srv  get_availabl: updating prompt cache
ollama-1  | srv   prompt_save:  - saving prompt with length 700, total state size = 21.883 MiB (draft: 0.000 MiB)
ollama-1  | srv         alloc:  - prompt is already in the cache, skipping
ollama-1  | srv          load:  - looking for better prompt, base f_keep = 0.469, f_sim = 0.636
ollama-1  | srv          load:    - prompt with length     709, lcp =     328, f_keep = 0.463, f_sim = 0.636
ollama-1  | srv          load:    - prompt with length     700, lcp =     328, f_keep = 0.469, f_sim = 0.636
ollama-1  | srv          load:    - prompt with length     695, lcp =     328, f_keep = 0.472, f_sim = 0.636
ollama-1  | srv          load:    - prompt with length     670, lcp =     328, f_keep = 0.490, f_sim = 0.636
ollama-1  | srv          load:    - prompt with length     730, lcp =     328, f_keep = 0.449, f_sim = 0.636
ollama-1  | srv          load:    - prompt with length     779, lcp =     328, f_keep = 0.421, f_sim = 0.636
ollama-1  | srv          load:    - prompt with length     805, lcp =     328, f_keep = 0.407, f_sim = 0.636
ollama-1  | srv          load:    - prompt with length     696, lcp =     328, f_keep = 0.471, f_sim = 0.636
ollama-1  | srv          load:    - prompt with length     962, lcp =     328, f_keep = 0.341, f_sim = 0.636
ollama-1  | srv          load:    - prompt with length     705, lcp =     328, f_keep = 0.465, f_sim = 0.636
ollama-1  | srv          load:    - prompt with length     722, lcp =     328, f_keep = 0.454, f_sim = 0.636
ollama-1  | srv          load:    - prompt with length     704, lcp =     328, f_keep = 0.466, f_sim = 0.636
ollama-1  | srv          load:    - prompt with length     710, lcp =     328, f_keep = 0.462, f_sim = 0.636
ollama-1  | srv          load:    - prompt with length     752, lcp =     328, f_keep = 0.436, f_sim = 0.636
ollama-1  | srv          load:    - prompt with length     683, lcp =     328, f_keep = 0.480, f_sim = 0.636
ollama-1  | srv          load:    - prompt with length     774, lcp =     333, f_keep = 0.430, f_sim = 0.645
ollama-1  | srv          load:    - prompt with length     777, lcp =     328, f_keep = 0.422, f_sim = 0.636
ollama-1  | srv          load:    - prompt with length     773, lcp =     328, f_keep = 0.424, f_sim = 0.636
ollama-1  | srv          load:    - prompt with length     740, lcp =     328, f_keep = 0.443, f_sim = 0.636
ollama-1  | srv          load:    - prompt with length     738, lcp =     328, f_keep = 0.444, f_sim = 0.636
ollama-1  | srv          load:    - prompt with length     691, lcp =     328, f_keep = 0.475, f_sim = 0.636
ollama-1  | srv          load:    - prompt with length     738, lcp =     328, f_keep = 0.444, f_sim = 0.636
ollama-1  | srv          load:    - prompt with length     730, lcp =     328, f_keep = 0.449, f_sim = 0.636
ollama-1  | srv          load:    - prompt with length     733, lcp =     328, f_keep = 0.447, f_sim = 0.636
ollama-1  | srv          load:    - prompt with length     798, lcp =     328, f_keep = 0.411, f_sim = 0.636
ollama-1  | srv          load:    - prompt with length     661, lcp =     328, f_keep = 0.496, f_sim = 0.636
ollama-1  | srv          load:    - prompt with length     771, lcp =     335, f_keep = 0.435, f_sim = 0.649
ollama-1  | srv          load:    - prompt with length     663, lcp =     328, f_keep = 0.495, f_sim = 0.636
ollama-1  | srv          load:    - prompt with length     684, lcp =     328, f_keep = 0.480, f_sim = 0.636
ollama-1  | srv        update:  - cache state: 29 prompts, 665.661 MiB (limits: 8192.000 MiB, 4096 tokens, 262043 est)
ollama-1  | srv        update:    - prompt 0x2111c2b0:     709 tokens, checkpoints:  0,    22.165 MiB
ollama-1  | srv        update:    - prompt 0x1d133370:     700 tokens, checkpoints:  0,    21.883 MiB
ollama-1  | srv        update:    - prompt 0x1d12e2c0:     695 tokens, checkpoints:  0,    21.727 MiB
ollama-1  | srv        update:    - prompt 0x1d12d8d0:     670 tokens, checkpoints:  0,    20.946 MiB
ollama-1  | srv        update:    - prompt 0x1d708a50:     730 tokens, checkpoints:  0,    22.821 MiB
ollama-1  | srv        update:    - prompt 0x1d12ae00:     779 tokens, checkpoints:  0,    24.353 MiB
ollama-1  | srv        update:    - prompt 0x1d728d30:     805 tokens, checkpoints:  0,    25.166 MiB
ollama-1  | srv        update:    - prompt 0x2427f580:     696 tokens, checkpoints:  0,    21.758 MiB
ollama-1  | srv        update:    - prompt 0x30e39f50:     962 tokens, checkpoints:  0,    30.074 MiB
ollama-1  | srv        update:    - prompt 0x1e85d3b0:     705 tokens, checkpoints:  0,    22.040 MiB
ollama-1  | srv        update:    - prompt 0x1e7a4ad0:     722 tokens, checkpoints:  0,    22.571 MiB
ollama-1  | srv        update:    - prompt 0x24d036a0:     704 tokens, checkpoints:  0,    22.008 MiB
ollama-1  | srv        update:    - prompt 0x1e75fd60:     710 tokens, checkpoints:  0,    22.196 MiB
ollama-1  | srv        update:    - prompt 0x24367aa0:     752 tokens, checkpoints:  0,    23.509 MiB
ollama-1  | srv        update:    - prompt 0x243c6d30:     683 tokens, checkpoints:  0,    21.352 MiB
ollama-1  | srv        update:    - prompt 0x248f24c0:     774 tokens, checkpoints:  0,    24.197 MiB
ollama-1  | srv        update:    - prompt 0x24273cf0:     777 tokens, checkpoints:  0,    24.291 MiB
ollama-1  | srv        update:    - prompt 0x2a28fe40:     773 tokens, checkpoints:  0,    24.165 MiB
ollama-1  | srv        update:    - prompt 0x2448abc0:     740 tokens, checkpoints:  0,    23.134 MiB
ollama-1  | srv        update:    - prompt 0x24313a50:     738 tokens, checkpoints:  0,    23.071 MiB
ollama-1  | srv        update:    - prompt 0x242cfd20:     691 tokens, checkpoints:  0,    21.602 MiB
ollama-1  | srv        update:    - prompt 0x2444bcc0:     738 tokens, checkpoints:  0,    23.071 MiB
ollama-1  | srv        update:    - prompt 0x1d311810:     730 tokens, checkpoints:  0,    22.821 MiB
ollama-1  | srv        update:    - prompt 0x242f5d40:     733 tokens, checkpoints:  0,    22.915 MiB
ollama-1  | srv        update:    - prompt 0x24d350b0:     798 tokens, checkpoints:  0,    24.947 MiB
ollama-1  | srv        update:    - prompt 0x2437a2b0:     661 tokens, checkpoints:  0,    20.664 MiB
ollama-1  | srv        update:    - prompt 0x2a2a47f0:     771 tokens, checkpoints:  0,    24.103 MiB
ollama-1  | srv        update:    - prompt 0x24433ac0:     663 tokens, checkpoints:  0,    20.727 MiB
ollama-1  | srv        update:    - prompt 0x2443a0e0:     684 tokens, checkpoints:  0,    21.383 MiB
ollama-1  | srv  get_availabl: prompt cache update took 0.12 ms
ollama-1  | slot launch_slot_: id  0 | task -1 | sampler chain: logits -> ?penalties -> ?dry -> ?top-n-sigma -> top-k -> ?typical -> top-p -> ?min-p -> ?xtc -> temp-ext -> dist 
ollama-1  | slot launch_slot_: id  0 | task -1 | sampler params: 
ollama-1  | 	repeat_last_n = 64, repeat_penalty = 1.000, frequency_penalty = 0.000, presence_penalty = 0.000
ollama-1  | 	dry_multiplier = 0.000, dry_base = 1.750, dry_allowed_length = 2, dry_penalty_last_n = 64
ollama-1  | 	top_k = 40, top_p = 0.900, min_p = 0.000, xtc_probability = 0.000, xtc_threshold = 0.100, typical_p = 1.000, top_n_sigma = -1.000, temp = 0.000
ollama-1  | 	mirostat = 0, mirostat_lr = 0.100, mirostat_ent = 5.000, adaptive_target = -1.000, adaptive_decay = 0.900
ollama-1  | slot launch_slot_: id  0 | task 9450 | processing task, is_child = 0
ollama-1  | slot   operator(): id  0 | task 9450 | new prompt, n_ctx_slot = 4096, n_keep = 4, task.n_tokens = 516
ollama-1  | slot   operator(): id  0 | task 9450 | cached n_tokens = 328, memory_seq_rm [328, end)
ollama-1  | slot init_sampler: id  0 | task 9450 | init sampler, took 0.06 ms, tokens: text = 516, total = 516
ollama-1  | slot print_timing: id  0 | task 9450 | prompt eval time =     677.60 ms /   188 tokens (    3.60 ms per token,   277.45 tokens per second)
ollama-1  | slot print_timing: id  0 | task 9450 |        eval time =     152.35 ms /     8 tokens (   21.76 ms per token,    45.95 tokens per second)
ollama-1  | slot print_timing: id  0 | task 9450 |       total time =     829.95 ms /   196 tokens
ollama-1  | slot print_timing: id  0 | task 9450 |    graphs reused =       6473
ollama-1  | slot      release: id  0 | task 9450 | stop processing: n_tokens = 523, truncated = 0
ollama-1  | srv  update_slots: all slots are idle
ollama-1  | [GIN] 2026/10/07 - 10:55:24 | 200 |  3.290035964s |      172.21.0.4 | POST     "/api/generate"
ollama-1  | srv  server_strea: conv_id= (empty=1)
ollama-1  | slot get_availabl: id  0 | task -1 |  - checking sim = 0.798 (328/411) > 0.100
ollama-1  | slot get_availabl: id  0 | task -1 | selected slot by LCP similarity, f_sim_best = 0.798 (> 0.100 thold), f_keep = 0.627
ollama-1  | slot launch_slot_: id  0 | task -1 | sampler chain: logits -> ?penalties -> ?dry -> ?top-n-sigma -> top-k -> ?typical -> top-p -> ?min-p -> ?xtc -> temp-ext -> dist 
ollama-1  | slot launch_slot_: id  0 | task -1 | sampler params: 
ollama-1  | 	repeat_last_n = 64, repeat_penalty = 1.000, frequency_penalty = 0.000, presence_penalty = 0.000
ollama-1  | 	dry_multiplier = 0.000, dry_base = 1.750, dry_allowed_length = 2, dry_penalty_last_n = 64
ollama-1  | 	top_k = 40, top_p = 0.900, min_p = 0.000, xtc_probability = 0.000, xtc_threshold = 0.100, typical_p = 1.000, top_n_sigma = -1.000, temp = 0.000
ollama-1  | 	mirostat = 0, mirostat_lr = 0.100, mirostat_ent = 5.000, adaptive_target = -1.000, adaptive_decay = 0.900
ollama-1  | slot launch_slot_: id  0 | task 9459 | processing task, is_child = 0
ollama-1  | slot   operator(): id  0 | task 9459 | new prompt, n_ctx_slot = 4096, n_keep = 4, task.n_tokens = 411
ollama-1  | slot   operator(): id  0 | task 9459 | cached n_tokens = 328, memory_seq_rm [328, end)
ollama-1  | slot init_sampler: id  0 | task 9459 | init sampler, took 0.03 ms, tokens: text = 411, total = 411
ollama-1  | slot print_timing: id  0 | task 9459 | prompt eval time =     329.46 ms /    83 tokens (    3.97 ms per token,   251.93 tokens per second)
ollama-1  | slot print_timing: id  0 | task 9459 |        eval time =     222.97 ms /     8 tokens (   31.85 ms per token,    31.39 tokens per second)
ollama-1  | slot print_timing: id  0 | task 9459 |       total time =     552.43 ms /    91 tokens
ollama-1  | slot print_timing: id  0 | task 9459 |    graphs reused =       6479
ollama-1  | slot      release: id  0 | task 9459 | stop processing: n_tokens = 418, truncated = 0
ollama-1  | srv  update_slots: all slots are idle
ollama-1  | [GIN] 2026/10/07 - 10:55:25 | 200 |  2.488058958s |      172.21.0.4 | POST     "/api/generate"
ollama-1  | srv  server_strea: conv_id= (empty=1)
ollama-1  | slot get_availabl: id  0 | task -1 |  - checking sim = 0.777 (328/422) > 0.100
ollama-1  | slot get_availabl: id  0 | task -1 | selected slot by LCP similarity, f_sim_best = 0.777 (> 0.100 thold), f_keep = 0.785
ollama-1  | slot launch_slot_: id  0 | task -1 | sampler chain: logits -> ?penalties -> ?dry -> ?top-n-sigma -> top-k -> ?typical -> top-p -> ?min-p -> ?xtc -> temp-ext -> dist 
ollama-1  | slot launch_slot_: id  0 | task -1 | sampler params: 
ollama-1  | 	repeat_last_n = 64, repeat_penalty = 1.000, frequency_penalty = 0.000, presence_penalty = 0.000
ollama-1  | 	dry_multiplier = 0.000, dry_base = 1.750, dry_allowed_length = 2, dry_penalty_last_n = 64
ollama-1  | 	top_k = 40, top_p = 0.900, min_p = 0.000, xtc_probability = 0.000, xtc_threshold = 0.100, typical_p = 1.000, top_n_sigma = -1.000, temp = 0.000
ollama-1  | 	mirostat = 0, mirostat_lr = 0.100, mirostat_ent = 5.000, adaptive_target = -1.000, adaptive_decay = 0.900
ollama-1  | slot launch_slot_: id  0 | task 9468 | processing task, is_child = 0
ollama-1  | slot   operator(): id  0 | task 9468 | new prompt, n_ctx_slot = 4096, n_keep = 4, task.n_tokens = 422
ollama-1  | slot   operator(): id  0 | task 9468 | cached n_tokens = 328, memory_seq_rm [328, end)
ollama-1  | slot init_sampler: id  0 | task 9468 | init sampler, took 0.04 ms, tokens: text = 422, total = 422
ollama-1  | slot print_timing: id  0 | task 9468 | prompt eval time =     372.40 ms /    94 tokens (    3.96 ms per token,   252.41 tokens per second)
ollama-1  | slot print_timing: id  0 | task 9468 |        eval time =     210.97 ms /     9 tokens (   26.37 ms per token,    37.92 tokens per second)
ollama-1  | slot print_timing: id  0 | task 9468 |       total time =     583.37 ms /   103 tokens
ollama-1  | slot print_timing: id  0 | task 9468 |    graphs reused =       6486
ollama-1  | slot      release: id  0 | task 9468 | stop processing: n_tokens = 430, truncated = 0
ollama-1  | srv  update_slots: all slots are idle
ollama-1  | [GIN] 2026/10/07 - 10:55:25 | 200 |  2.349213885s |      172.21.0.4 | POST     "/api/generate"
ollama-1  | srv  server_strea: conv_id= (empty=1)
ollama-1  | slot get_availabl: id  0 | task -1 |  - checking sim = 0.565 (328/581) > 0.100
ollama-1  | slot get_availabl: id  0 | task -1 | selected slot by LCP similarity, f_sim_best = 0.565 (> 0.100 thold), f_keep = 0.763
ollama-1  | slot launch_slot_: id  0 | task -1 | sampler chain: logits -> ?penalties -> ?dry -> ?top-n-sigma -> top-k -> ?typical -> top-p -> ?min-p -> ?xtc -> temp-ext -> dist 
ollama-1  | slot launch_slot_: id  0 | task -1 | sampler params: 
ollama-1  | 	repeat_last_n = 64, repeat_penalty = 1.000, frequency_penalty = 0.000, presence_penalty = 0.000
ollama-1  | 	dry_multiplier = 0.000, dry_base = 1.750, dry_allowed_length = 2, dry_penalty_last_n = 64
ollama-1  | 	top_k = 40, top_p = 0.900, min_p = 0.000, xtc_probability = 0.000, xtc_threshold = 0.100, typical_p = 1.000, top_n_sigma = -1.000, temp = 0.000
ollama-1  | 	mirostat = 0, mirostat_lr = 0.100, mirostat_ent = 5.000, adaptive_target = -1.000, adaptive_decay = 0.900
ollama-1  | slot launch_slot_: id  0 | task 9478 | processing task, is_child = 0
ollama-1  | slot   operator(): id  0 | task 9478 | new prompt, n_ctx_slot = 4096, n_keep = 4, task.n_tokens = 581
ollama-1  | slot   operator(): id  0 | task 9478 | cached n_tokens = 328, memory_seq_rm [328, end)
ollama-1  | slot init_sampler: id  0 | task 9478 | init sampler, took 0.12 ms, tokens: text = 581, total = 581
ollama-1  | slot print_timing: id  0 | task 9478 | prompt eval time =     928.11 ms /   253 tokens (    3.67 ms per token,   272.60 tokens per second)
ollama-1  | slot print_timing: id  0 | task 9478 |        eval time =     168.01 ms /     8 tokens (   24.00 ms per token,    41.66 tokens per second)
ollama-1  | slot print_timing: id  0 | task 9478 |       total time =    1096.12 ms /   261 tokens
ollama-1  | slot print_timing: id  0 | task 9478 |    graphs reused =       6492
ollama-1  | slot      release: id  0 | task 9478 | stop processing: n_tokens = 588, truncated = 0
ollama-1  | srv  update_slots: all slots are idle
ollama-1  | [GIN] 2026/10/07 - 10:55:26 | 200 |  2.392929893s |      172.21.0.4 | POST     "/api/generate"
ollama-1  | srv  server_strea: conv_id= (empty=1)
ollama-1  | slot get_availabl: id  0 | task -1 |  - checking sim = 0.477 (328/687) > 0.100
ollama-1  | slot get_availabl: id  0 | task -1 | selected slot by LCP similarity, f_sim_best = 0.477 (> 0.100 thold), f_keep = 0.558
ollama-1  | slot launch_slot_: id  0 | task -1 | sampler chain: logits -> ?penalties -> ?dry -> ?top-n-sigma -> top-k -> ?typical -> top-p -> ?min-p -> ?xtc -> temp-ext -> dist 
ollama-1  | slot launch_slot_: id  0 | task -1 | sampler params: 
ollama-1  | 	repeat_last_n = 64, repeat_penalty = 1.000, frequency_penalty = 0.000, presence_penalty = 0.000
ollama-1  | 	dry_multiplier = 0.000, dry_base = 1.750, dry_allowed_length = 2, dry_penalty_last_n = 64
ollama-1  | 	top_k = 40, top_p = 0.900, min_p = 0.000, xtc_probability = 0.000, xtc_threshold = 0.100, typical_p = 1.000, top_n_sigma = -1.000, temp = 0.000
ollama-1  | 	mirostat = 0, mirostat_lr = 0.100, mirostat_ent = 5.000, adaptive_target = -1.000, adaptive_decay = 0.900
ollama-1  | slot launch_slot_: id  0 | task 9487 | processing task, is_child = 0
ollama-1  | slot   operator(): id  0 | task 9487 | new prompt, n_ctx_slot = 4096, n_keep = 4, task.n_tokens = 687
ollama-1  | slot   operator(): id  0 | task 9487 | cached n_tokens = 328, memory_seq_rm [328, end)
ollama-1  | slot init_sampler: id  0 | task 9487 | init sampler, took 0.06 ms, tokens: text = 687, total = 687
ollama-1  | [GIN] 2026/10/07 - 10:55:28 | 200 |       17.33µs |       127.0.0.1 | HEAD     "/"
ollama-1  | [GIN] 2026/10/07 - 10:55:28 | 200 |    1.608739ms |       127.0.0.1 | GET      "/api/tags"
ollama-1  | slot print_timing: id  0 | task 9487 | prompt eval time =    1321.26 ms /   359 tokens (    3.68 ms per token,   271.71 tokens per second)
ollama-1  | slot print_timing: id  0 | task 9487 |        eval time =     193.83 ms /     9 tokens (   24.23 ms per token,    41.27 tokens per second)
ollama-1  | slot print_timing: id  0 | task 9487 |       total time =    1515.09 ms /   368 tokens
ollama-1  | slot print_timing: id  0 | task 9487 |    graphs reused =       6499
ollama-1  | slot      release: id  0 | task 9487 | stop processing: n_tokens = 695, truncated = 0
ollama-1  | srv  update_slots: all slots are idle
ollama-1  | [GIN] 2026/10/07 - 10:55:28 | 200 |  2.030929688s |      172.21.0.4 | POST     "/api/generate"
ollama-1  | srv  server_strea: conv_id= (empty=1)
ollama-1  | slot get_availabl: id  0 | task -1 |  - checking sim = 0.535 (328/613) > 0.100
ollama-1  | slot get_availabl: id  0 | task -1 | selected slot by LCP similarity, f_sim_best = 0.535 (> 0.100 thold), f_keep = 0.472
ollama-1  | srv  get_availabl: updating prompt cache
ollama-1  | srv   prompt_save:  - saving prompt with length 695, total state size = 21.727 MiB (draft: 0.000 MiB)
ollama-1  | srv         alloc:  - prompt is already in the cache, skipping
ollama-1  | srv          load:  - looking for better prompt, base f_keep = 0.472, f_sim = 0.535
ollama-1  | srv          load:    - prompt with length     709, lcp =     328, f_keep = 0.463, f_sim = 0.535
ollama-1  | srv          load:    - prompt with length     700, lcp =     328, f_keep = 0.469, f_sim = 0.535
ollama-1  | srv          load:    - prompt with length     695, lcp =     328, f_keep = 0.472, f_sim = 0.535
ollama-1  | srv          load:    - prompt with length     670, lcp =     328, f_keep = 0.490, f_sim = 0.535
ollama-1  | srv          load:    - prompt with length     730, lcp =     328, f_keep = 0.449, f_sim = 0.535
ollama-1  | srv          load:    - prompt with length     779, lcp =     328, f_keep = 0.421, f_sim = 0.535
ollama-1  | srv          load:    - prompt with length     805, lcp =     328, f_keep = 0.407, f_sim = 0.535
ollama-1  | srv          load:    - prompt with length     696, lcp =     328, f_keep = 0.471, f_sim = 0.535
ollama-1  | srv          load:    - prompt with length     962, lcp =     328, f_keep = 0.341, f_sim = 0.535
ollama-1  | srv          load:    - prompt with length     705, lcp =     328, f_keep = 0.465, f_sim = 0.535
ollama-1  | srv          load:    - prompt with length     722, lcp =     328, f_keep = 0.454, f_sim = 0.535
ollama-1  | srv          load:    - prompt with length     704, lcp =     328, f_keep = 0.466, f_sim = 0.535
ollama-1  | srv          load:    - prompt with length     710, lcp =     328, f_keep = 0.462, f_sim = 0.535
ollama-1  | srv          load:    - prompt with length     752, lcp =     328, f_keep = 0.436, f_sim = 0.535
ollama-1  | srv          load:    - prompt with length     683, lcp =     328, f_keep = 0.480, f_sim = 0.535
ollama-1  | srv          load:    - prompt with length     774, lcp =     328, f_keep = 0.424, f_sim = 0.535
ollama-1  | srv          load:    - prompt with length     777, lcp =     328, f_keep = 0.422, f_sim = 0.535
ollama-1  | srv          load:    - prompt with length     773, lcp =     328, f_keep = 0.424, f_sim = 0.535
ollama-1  | srv          load:    - prompt with length     740, lcp =     328, f_keep = 0.443, f_sim = 0.535
ollama-1  | srv          load:    - prompt with length     738, lcp =     328, f_keep = 0.444, f_sim = 0.535
ollama-1  | srv          load:    - prompt with length     691, lcp =     328, f_keep = 0.475, f_sim = 0.535
ollama-1  | srv          load:    - prompt with length     738, lcp =     328, f_keep = 0.444, f_sim = 0.535
ollama-1  | srv          load:    - prompt with length     730, lcp =     328, f_keep = 0.449, f_sim = 0.535
ollama-1  | srv          load:    - prompt with length     733, lcp =     328, f_keep = 0.447, f_sim = 0.535
ollama-1  | srv          load:    - prompt with length     798, lcp =     328, f_keep = 0.411, f_sim = 0.535
ollama-1  | srv          load:    - prompt with length     661, lcp =     328, f_keep = 0.496, f_sim = 0.535
ollama-1  | srv          load:    - prompt with length     771, lcp =     328, f_keep = 0.425, f_sim = 0.535
ollama-1  | srv          load:    - prompt with length     663, lcp =     328, f_keep = 0.495, f_sim = 0.535
ollama-1  | srv          load:    - prompt with length     684, lcp =     328, f_keep = 0.480, f_sim = 0.535
ollama-1  | srv        update:  - cache state: 29 prompts, 665.661 MiB (limits: 8192.000 MiB, 4096 tokens, 262043 est)
ollama-1  | srv        update:    - prompt 0x2111c2b0:     709 tokens, checkpoints:  0,    22.165 MiB
ollama-1  | srv        update:    - prompt 0x1d133370:     700 tokens, checkpoints:  0,    21.883 MiB
ollama-1  | srv        update:    - prompt 0x1d12e2c0:     695 tokens, checkpoints:  0,    21.727 MiB
ollama-1  | srv        update:    - prompt 0x1d12d8d0:     670 tokens, checkpoints:  0,    20.946 MiB
ollama-1  | srv        update:    - prompt 0x1d708a50:     730 tokens, checkpoints:  0,    22.821 MiB
ollama-1  | srv        update:    - prompt 0x1d12ae00:     779 tokens, checkpoints:  0,    24.353 MiB
ollama-1  | srv        update:    - prompt 0x1d728d30:     805 tokens, checkpoints:  0,    25.166 MiB
ollama-1  | srv        update:    - prompt 0x2427f580:     696 tokens, checkpoints:  0,    21.758 MiB
ollama-1  | srv        update:    - prompt 0x30e39f50:     962 tokens, checkpoints:  0,    30.074 MiB
ollama-1  | srv        update:    - prompt 0x1e85d3b0:     705 tokens, checkpoints:  0,    22.040 MiB
ollama-1  | srv        update:    - prompt 0x1e7a4ad0:     722 tokens, checkpoints:  0,    22.571 MiB
ollama-1  | srv        update:    - prompt 0x24d036a0:     704 tokens, checkpoints:  0,    22.008 MiB
ollama-1  | srv        update:    - prompt 0x1e75fd60:     710 tokens, checkpoints:  0,    22.196 MiB
ollama-1  | srv        update:    - prompt 0x24367aa0:     752 tokens, checkpoints:  0,    23.509 MiB
ollama-1  | srv        update:    - prompt 0x243c6d30:     683 tokens, checkpoints:  0,    21.352 MiB
ollama-1  | srv        update:    - prompt 0x248f24c0:     774 tokens, checkpoints:  0,    24.197 MiB
ollama-1  | srv        update:    - prompt 0x24273cf0:     777 tokens, checkpoints:  0,    24.291 MiB
ollama-1  | srv        update:    - prompt 0x2a28fe40:     773 tokens, checkpoints:  0,    24.165 MiB
ollama-1  | srv        update:    - prompt 0x2448abc0:     740 tokens, checkpoints:  0,    23.134 MiB
ollama-1  | srv        update:    - prompt 0x24313a50:     738 tokens, checkpoints:  0,    23.071 MiB
ollama-1  | srv        update:    - prompt 0x242cfd20:     691 tokens, checkpoints:  0,    21.602 MiB
ollama-1  | srv        update:    - prompt 0x2444bcc0:     738 tokens, checkpoints:  0,    23.071 MiB
ollama-1  | srv        update:    - prompt 0x1d311810:     730 tokens, checkpoints:  0,    22.821 MiB
ollama-1  | srv        update:    - prompt 0x242f5d40:     733 tokens, checkpoints:  0,    22.915 MiB
ollama-1  | srv        update:    - prompt 0x24d350b0:     798 tokens, checkpoints:  0,    24.947 MiB
ollama-1  | srv        update:    - prompt 0x2437a2b0:     661 tokens, checkpoints:  0,    20.664 MiB
ollama-1  | srv        update:    - prompt 0x2a2a47f0:     771 tokens, checkpoints:  0,    24.103 MiB
ollama-1  | srv        update:    - prompt 0x24433ac0:     663 tokens, checkpoints:  0,    20.727 MiB
ollama-1  | srv        update:    - prompt 0x2443a0e0:     684 tokens, checkpoints:  0,    21.383 MiB
ollama-1  | srv  get_availabl: prompt cache update took 0.14 ms
ollama-1  | slot launch_slot_: id  0 | task -1 | sampler chain: logits -> ?penalties -> ?dry -> ?top-n-sigma -> top-k -> ?typical -> top-p -> ?min-p -> ?xtc -> temp-ext -> dist 
ollama-1  | slot launch_slot_: id  0 | task -1 | sampler params: 
ollama-1  | 	repeat_last_n = 64, repeat_penalty = 1.000, frequency_penalty = 0.000, presence_penalty = 0.000
ollama-1  | 	dry_multiplier = 0.000, dry_base = 1.750, dry_allowed_length = 2, dry_penalty_last_n = 64
ollama-1  | 	top_k = 40, top_p = 0.900, min_p = 0.000, xtc_probability = 0.000, xtc_threshold = 0.100, typical_p = 1.000, top_n_sigma = -1.000, temp = 0.000
ollama-1  | 	mirostat = 0, mirostat_lr = 0.100, mirostat_ent = 5.000, adaptive_target = -1.000, adaptive_decay = 0.900
ollama-1  | slot launch_slot_: id  0 | task 9497 | processing task, is_child = 0
ollama-1  | slot   operator(): id  0 | task 9497 | new prompt, n_ctx_slot = 4096, n_keep = 4, task.n_tokens = 613
ollama-1  | slot   operator(): id  0 | task 9497 | cached n_tokens = 328, memory_seq_rm [328, end)
ollama-1  | slot init_sampler: id  0 | task 9497 | init sampler, took 0.07 ms, tokens: text = 613, total = 613
ollama-1  | slot print_timing: id  0 | task 9497 | prompt eval time =    1084.60 ms /   285 tokens (    3.81 ms per token,   262.77 tokens per second)
ollama-1  | slot print_timing: id  0 | task 9497 |        eval time =     154.73 ms /     8 tokens (   22.10 ms per token,    45.24 tokens per second)
ollama-1  | slot print_timing: id  0 | task 9497 |       total time =    1239.33 ms /   293 tokens
ollama-1  | slot print_timing: id  0 | task 9497 |    graphs reused =       6505
ollama-1  | slot      release: id  0 | task 9497 | stop processing: n_tokens = 620, truncated = 0
ollama-1  | srv  update_slots: all slots are idle
ollama-1  | [GIN] 2026/10/07 - 10:55:29 | 200 |  3.163448432s |      172.21.0.4 | POST     "/api/generate"
ollama-1  | srv  server_strea: conv_id= (empty=1)
ollama-1  | slot get_availabl: id  0 | task -1 |  - checking sim = 0.705 (328/465) > 0.100
ollama-1  | slot get_availabl: id  0 | task -1 | selected slot by LCP similarity, f_sim_best = 0.705 (> 0.100 thold), f_keep = 0.529
ollama-1  | slot launch_slot_: id  0 | task -1 | sampler chain: logits -> ?penalties -> ?dry -> ?top-n-sigma -> top-k -> ?typical -> top-p -> ?min-p -> ?xtc -> temp-ext -> dist 
ollama-1  | slot launch_slot_: id  0 | task -1 | sampler params: 
ollama-1  | 	repeat_last_n = 64, repeat_penalty = 1.000, frequency_penalty = 0.000, presence_penalty = 0.000
ollama-1  | 	dry_multiplier = 0.000, dry_base = 1.750, dry_allowed_length = 2, dry_penalty_last_n = 64
ollama-1  | 	top_k = 40, top_p = 0.900, min_p = 0.000, xtc_probability = 0.000, xtc_threshold = 0.100, typical_p = 1.000, top_n_sigma = -1.000, temp = 0.000
ollama-1  | 	mirostat = 0, mirostat_lr = 0.100, mirostat_ent = 5.000, adaptive_target = -1.000, adaptive_decay = 0.900
ollama-1  | slot launch_slot_: id  0 | task 9506 | processing task, is_child = 0
ollama-1  | slot   operator(): id  0 | task 9506 | new prompt, n_ctx_slot = 4096, n_keep = 4, task.n_tokens = 465
ollama-1  | slot   operator(): id  0 | task 9506 | cached n_tokens = 328, memory_seq_rm [328, end)
ollama-1  | slot init_sampler: id  0 | task 9506 | init sampler, took 0.04 ms, tokens: text = 465, total = 465
ollama-1  | slot print_timing: id  0 | task 9506 | prompt eval time =     535.32 ms /   137 tokens (    3.91 ms per token,   255.92 tokens per second)
ollama-1  | slot print_timing: id  0 | task 9506 |        eval time =     178.51 ms /     9 tokens (   22.31 ms per token,    44.82 tokens per second)
ollama-1  | slot print_timing: id  0 | task 9506 |       total time =     713.83 ms /   146 tokens
ollama-1  | slot print_timing: id  0 | task 9506 |    graphs reused =       6512
ollama-1  | slot      release: id  0 | task 9506 | stop processing: n_tokens = 473, truncated = 0
ollama-1  | srv  update_slots: all slots are idle
ollama-1  | [GIN] 2026/10/07 - 10:55:30 | 200 |   3.43254223s |      172.21.0.4 | POST     "/api/generate"
ollama-1  | srv  server_strea: conv_id= (empty=1)
ollama-1  | slot get_availabl: id  0 | task -1 |  - checking sim = 0.683 (328/480) > 0.100
ollama-1  | slot get_availabl: id  0 | task -1 | selected slot by LCP similarity, f_sim_best = 0.683 (> 0.100 thold), f_keep = 0.693
ollama-1  | slot launch_slot_: id  0 | task -1 | sampler chain: logits -> ?penalties -> ?dry -> ?top-n-sigma -> top-k -> ?typical -> top-p -> ?min-p -> ?xtc -> temp-ext -> dist 
ollama-1  | slot launch_slot_: id  0 | task -1 | sampler params: 
ollama-1  | 	repeat_last_n = 64, repeat_penalty = 1.000, frequency_penalty = 0.000, presence_penalty = 0.000
ollama-1  | 	dry_multiplier = 0.000, dry_base = 1.750, dry_allowed_length = 2, dry_penalty_last_n = 64
ollama-1  | 	top_k = 40, top_p = 0.900, min_p = 0.000, xtc_probability = 0.000, xtc_threshold = 0.100, typical_p = 1.000, top_n_sigma = -1.000, temp = 0.000
ollama-1  | 	mirostat = 0, mirostat_lr = 0.100, mirostat_ent = 5.000, adaptive_target = -1.000, adaptive_decay = 0.900
ollama-1  | slot launch_slot_: id  0 | task 9516 | processing task, is_child = 0
ollama-1  | slot   operator(): id  0 | task 9516 | new prompt, n_ctx_slot = 4096, n_keep = 4, task.n_tokens = 480
ollama-1  | slot   operator(): id  0 | task 9516 | cached n_tokens = 328, memory_seq_rm [328, end)
ollama-1  | slot init_sampler: id  0 | task 9516 | init sampler, took 0.04 ms, tokens: text = 480, total = 480
ollama-1  | slot print_timing: id  0 | task 9516 | prompt eval time =     585.90 ms /   152 tokens (    3.85 ms per token,   259.43 tokens per second)
ollama-1  | slot print_timing: id  0 | task 9516 |        eval time =     167.09 ms /     9 tokens (   20.89 ms per token,    47.88 tokens per second)
ollama-1  | slot print_timing: id  0 | task 9516 |       total time =     752.99 ms /   161 tokens
ollama-1  | slot print_timing: id  0 | task 9516 |    graphs reused =       6519
ollama-1  | slot      release: id  0 | task 9516 | stop processing: n_tokens = 488, truncated = 0
ollama-1  | srv  update_slots: all slots are idle
ollama-1  | [GIN] 2026/10/07 - 10:55:31 | 200 |  2.360319651s |      172.21.0.4 | POST     "/api/generate"
ollama-1  | srv  server_strea: conv_id= (empty=1)
ollama-1  | slot get_availabl: id  0 | task -1 |  - checking sim = 0.496 (328/661) > 0.100
ollama-1  | slot get_availabl: id  0 | task -1 | selected slot by LCP similarity, f_sim_best = 0.496 (> 0.100 thold), f_keep = 0.672
ollama-1  | slot launch_slot_: id  0 | task -1 | sampler chain: logits -> ?penalties -> ?dry -> ?top-n-sigma -> top-k -> ?typical -> top-p -> ?min-p -> ?xtc -> temp-ext -> dist 
ollama-1  | slot launch_slot_: id  0 | task -1 | sampler params: 
ollama-1  | 	repeat_last_n = 64, repeat_penalty = 1.000, frequency_penalty = 0.000, presence_penalty = 0.000
ollama-1  | 	dry_multiplier = 0.000, dry_base = 1.750, dry_allowed_length = 2, dry_penalty_last_n = 64
ollama-1  | 	top_k = 40, top_p = 0.900, min_p = 0.000, xtc_probability = 0.000, xtc_threshold = 0.100, typical_p = 1.000, top_n_sigma = -1.000, temp = 0.000
ollama-1  | 	mirostat = 0, mirostat_lr = 0.100, mirostat_ent = 5.000, adaptive_target = -1.000, adaptive_decay = 0.900
ollama-1  | slot launch_slot_: id  0 | task 9526 | processing task, is_child = 0
ollama-1  | slot   operator(): id  0 | task 9526 | new prompt, n_ctx_slot = 4096, n_keep = 4, task.n_tokens = 661
ollama-1  | slot   operator(): id  0 | task 9526 | cached n_tokens = 328, memory_seq_rm [328, end)
ollama-1  | slot init_sampler: id  0 | task 9526 | init sampler, took 0.07 ms, tokens: text = 661, total = 661
ollama-1  | slot print_timing: id  0 | task 9526 | prompt eval time =    1310.55 ms /   333 tokens (    3.94 ms per token,   254.09 tokens per second)
ollama-1  | slot print_timing: id  0 | task 9526 |        eval time =     191.03 ms /    10 tokens (   21.23 ms per token,    47.11 tokens per second)
ollama-1  | slot print_timing: id  0 | task 9526 |       total time =    1501.58 ms /   343 tokens
ollama-1  | slot print_timing: id  0 | task 9526 |    graphs reused =       6527
ollama-1  | slot      release: id  0 | task 9526 | stop processing: n_tokens = 670, truncated = 0
ollama-1  | srv  update_slots: all slots are idle
ollama-1  | [GIN] 2026/10/07 - 10:55:32 | 200 |   2.53049257s |      172.21.0.4 | POST     "/api/generate"
ollama-1  | srv  server_strea: conv_id= (empty=1)
ollama-1  | slot get_availabl: id  0 | task -1 |  - checking sim = 0.689 (328/476) > 0.100
ollama-1  | slot get_availabl: id  0 | task -1 | selected slot by LCP similarity, f_sim_best = 0.689 (> 0.100 thold), f_keep = 0.490
ollama-1  | srv  get_availabl: updating prompt cache
ollama-1  | srv   prompt_save:  - saving prompt with length 670, total state size = 20.946 MiB (draft: 0.000 MiB)
ollama-1  | srv         alloc:  - prompt is already in the cache, skipping
ollama-1  | srv          load:  - looking for better prompt, base f_keep = 0.490, f_sim = 0.689
ollama-1  | srv          load:    - prompt with length     709, lcp =     328, f_keep = 0.463, f_sim = 0.689
ollama-1  | srv          load:    - prompt with length     700, lcp =     328, f_keep = 0.469, f_sim = 0.689
ollama-1  | srv          load:    - prompt with length     695, lcp =     328, f_keep = 0.472, f_sim = 0.689
ollama-1  | srv          load:    - prompt with length     670, lcp =     328, f_keep = 0.490, f_sim = 0.689
ollama-1  | srv          load:    - prompt with length     730, lcp =     328, f_keep = 0.449, f_sim = 0.689
ollama-1  | srv          load:    - prompt with length     779, lcp =     328, f_keep = 0.421, f_sim = 0.689
ollama-1  | srv          load:    - prompt with length     805, lcp =     328, f_keep = 0.407, f_sim = 0.689
ollama-1  | srv          load:    - prompt with length     696, lcp =     328, f_keep = 0.471, f_sim = 0.689
ollama-1  | srv          load:    - prompt with length     962, lcp =     328, f_keep = 0.341, f_sim = 0.689
ollama-1  | srv          load:    - prompt with length     705, lcp =     328, f_keep = 0.465, f_sim = 0.689
ollama-1  | srv          load:    - prompt with length     722, lcp =     328, f_keep = 0.454, f_sim = 0.689
ollama-1  | srv          load:    - prompt with length     704, lcp =     328, f_keep = 0.466, f_sim = 0.689
ollama-1  | srv          load:    - prompt with length     710, lcp =     328, f_keep = 0.462, f_sim = 0.689
ollama-1  | srv          load:    - prompt with length     752, lcp =     328, f_keep = 0.436, f_sim = 0.689
ollama-1  | srv          load:    - prompt with length     683, lcp =     328, f_keep = 0.480, f_sim = 0.689
ollama-1  | srv          load:    - prompt with length     774, lcp =     328, f_keep = 0.424, f_sim = 0.689
ollama-1  | srv          load:    - prompt with length     777, lcp =     328, f_keep = 0.422, f_sim = 0.689
ollama-1  | srv          load:    - prompt with length     773, lcp =     329, f_keep = 0.426, f_sim = 0.691
ollama-1  | srv          load:    - prompt with length     740, lcp =     328, f_keep = 0.443, f_sim = 0.689
ollama-1  | srv          load:    - prompt with length     738, lcp =     330, f_keep = 0.447, f_sim = 0.693
ollama-1  | srv          load:    - prompt with length     691, lcp =     330, f_keep = 0.478, f_sim = 0.693
ollama-1  | srv          load:    - prompt with length     738, lcp =     328, f_keep = 0.444, f_sim = 0.689
ollama-1  | srv          load:    - prompt with length     730, lcp =     329, f_keep = 0.451, f_sim = 0.691
ollama-1  | srv          load:    - prompt with length     733, lcp =     328, f_keep = 0.447, f_sim = 0.689
ollama-1  | srv          load:    - prompt with length     798, lcp =     329, f_keep = 0.412, f_sim = 0.691
ollama-1  | srv          load:    - prompt with length     661, lcp =     328, f_keep = 0.496, f_sim = 0.689
ollama-1  | srv          load:    - prompt with length     771, lcp =     328, f_keep = 0.425, f_sim = 0.689
ollama-1  | srv          load:    - prompt with length     663, lcp =     329, f_keep = 0.496, f_sim = 0.691
ollama-1  | srv          load:    - prompt with length     684, lcp =     329, f_keep = 0.481, f_sim = 0.691
ollama-1  | srv          load:  - found better prompt with f_keep = 0.496, f_sim = 0.691
ollama-1  | srv        update:  - cache state: 28 prompts, 644.934 MiB (limits: 8192.000 MiB, 4096 tokens, 262043 est)
ollama-1  | srv        update:    - prompt 0x2111c2b0:     709 tokens, checkpoints:  0,    22.165 MiB
ollama-1  | srv        update:    - prompt 0x1d133370:     700 tokens, checkpoints:  0,    21.883 MiB
ollama-1  | srv        update:    - prompt 0x1d12e2c0:     695 tokens, checkpoints:  0,    21.727 MiB
ollama-1  | srv        update:    - prompt 0x1d12d8d0:     670 tokens, checkpoints:  0,    20.946 MiB
ollama-1  | srv        update:    - prompt 0x1d708a50:     730 tokens, checkpoints:  0,    22.821 MiB
ollama-1  | srv        update:    - prompt 0x1d12ae00:     779 tokens, checkpoints:  0,    24.353 MiB
ollama-1  | srv        update:    - prompt 0x1d728d30:     805 tokens, checkpoints:  0,    25.166 MiB
ollama-1  | srv        update:    - prompt 0x2427f580:     696 tokens, checkpoints:  0,    21.758 MiB
ollama-1  | srv        update:    - prompt 0x30e39f50:     962 tokens, checkpoints:  0,    30.074 MiB
ollama-1  | srv        update:    - prompt 0x1e85d3b0:     705 tokens, checkpoints:  0,    22.040 MiB
ollama-1  | srv        update:    - prompt 0x1e7a4ad0:     722 tokens, checkpoints:  0,    22.571 MiB
ollama-1  | srv        update:    - prompt 0x24d036a0:     704 tokens, checkpoints:  0,    22.008 MiB
ollama-1  | srv        update:    - prompt 0x1e75fd60:     710 tokens, checkpoints:  0,    22.196 MiB
ollama-1  | srv        update:    - prompt 0x24367aa0:     752 tokens, checkpoints:  0,    23.509 MiB
ollama-1  | srv        update:    - prompt 0x243c6d30:     683 tokens, checkpoints:  0,    21.352 MiB
ollama-1  | srv        update:    - prompt 0x248f24c0:     774 tokens, checkpoints:  0,    24.197 MiB
ollama-1  | srv        update:    - prompt 0x24273cf0:     777 tokens, checkpoints:  0,    24.291 MiB
ollama-1  | srv        update:    - prompt 0x2a28fe40:     773 tokens, checkpoints:  0,    24.165 MiB
ollama-1  | srv        update:    - prompt 0x2448abc0:     740 tokens, checkpoints:  0,    23.134 MiB
ollama-1  | srv        update:    - prompt 0x24313a50:     738 tokens, checkpoints:  0,    23.071 MiB
ollama-1  | srv        update:    - prompt 0x242cfd20:     691 tokens, checkpoints:  0,    21.602 MiB
ollama-1  | srv        update:    - prompt 0x2444bcc0:     738 tokens, checkpoints:  0,    23.071 MiB
ollama-1  | srv        update:    - prompt 0x1d311810:     730 tokens, checkpoints:  0,    22.821 MiB
ollama-1  | srv        update:    - prompt 0x242f5d40:     733 tokens, checkpoints:  0,    22.915 MiB
ollama-1  | srv        update:    - prompt 0x24d350b0:     798 tokens, checkpoints:  0,    24.947 MiB
ollama-1  | srv        update:    - prompt 0x2437a2b0:     661 tokens, checkpoints:  0,    20.664 MiB
ollama-1  | srv        update:    - prompt 0x2a2a47f0:     771 tokens, checkpoints:  0,    24.103 MiB
ollama-1  | srv        update:    - prompt 0x2443a0e0:     684 tokens, checkpoints:  0,    21.383 MiB
ollama-1  | srv  get_availabl: prompt cache update took 3.54 ms
ollama-1  | slot launch_slot_: id  0 | task -1 | sampler chain: logits -> ?penalties -> ?dry -> ?top-n-sigma -> top-k -> ?typical -> top-p -> ?min-p -> ?xtc -> temp-ext -> dist 
ollama-1  | slot launch_slot_: id  0 | task -1 | sampler params: 
ollama-1  | 	repeat_last_n = 64, repeat_penalty = 1.000, frequency_penalty = 0.000, presence_penalty = 0.000
ollama-1  | 	dry_multiplier = 0.000, dry_base = 1.750, dry_allowed_length = 2, dry_penalty_last_n = 64
ollama-1  | 	top_k = 40, top_p = 0.900, min_p = 0.000, xtc_probability = 0.000, xtc_threshold = 0.100, typical_p = 1.000, top_n_sigma = -1.000, temp = 0.000
ollama-1  | 	mirostat = 0, mirostat_lr = 0.100, mirostat_ent = 5.000, adaptive_target = -1.000, adaptive_decay = 0.900
ollama-1  | slot launch_slot_: id  0 | task 9537 | processing task, is_child = 0
ollama-1  | slot   operator(): id  0 | task 9537 | new prompt, n_ctx_slot = 4096, n_keep = 4, task.n_tokens = 476
ollama-1  | slot   operator(): id  0 | task 9537 | cached n_tokens = 329, memory_seq_rm [329, end)
ollama-1  | slot init_sampler: id  0 | task 9537 | init sampler, took 0.04 ms, tokens: text = 476, total = 476
ollama-1  | slot print_timing: id  0 | task 9537 | prompt eval time =     573.87 ms /   147 tokens (    3.90 ms per token,   256.16 tokens per second)
ollama-1  | slot print_timing: id  0 | task 9537 |        eval time =     148.21 ms /     8 tokens (   21.17 ms per token,    47.23 tokens per second)
ollama-1  | slot print_timing: id  0 | task 9537 |       total time =     722.08 ms /   155 tokens
ollama-1  | slot print_timing: id  0 | task 9537 |    graphs reused =       6533
ollama-1  | slot      release: id  0 | task 9537 | stop processing: n_tokens = 483, truncated = 0
ollama-1  | srv  update_slots: all slots are idle
ollama-1  | [GIN] 2026/10/07 - 10:55:33 | 200 |  2.927175978s |      172.21.0.4 | POST     "/api/generate"
ollama-1  | srv  server_strea: conv_id= (empty=1)
ollama-1  | slot get_availabl: id  0 | task -1 |  - checking sim = 0.454 (328/722) > 0.100
ollama-1  | slot get_availabl: id  0 | task -1 | selected slot by LCP similarity, f_sim_best = 0.454 (> 0.100 thold), f_keep = 0.679
ollama-1  | slot launch_slot_: id  0 | task -1 | sampler chain: logits -> ?penalties -> ?dry -> ?top-n-sigma -> top-k -> ?typical -> top-p -> ?min-p -> ?xtc -> temp-ext -> dist 
ollama-1  | slot launch_slot_: id  0 | task -1 | sampler params: 
ollama-1  | 	repeat_last_n = 64, repeat_penalty = 1.000, frequency_penalty = 0.000, presence_penalty = 0.000
ollama-1  | 	dry_multiplier = 0.000, dry_base = 1.750, dry_allowed_length = 2, dry_penalty_last_n = 64
ollama-1  | 	top_k = 40, top_p = 0.900, min_p = 0.000, xtc_probability = 0.000, xtc_threshold = 0.100, typical_p = 1.000, top_n_sigma = -1.000, temp = 0.000
ollama-1  | 	mirostat = 0, mirostat_lr = 0.100, mirostat_ent = 5.000, adaptive_target = -1.000, adaptive_decay = 0.900
ollama-1  | slot launch_slot_: id  0 | task 9546 | processing task, is_child = 0
ollama-1  | slot   operator(): id  0 | task 9546 | new prompt, n_ctx_slot = 4096, n_keep = 4, task.n_tokens = 722
ollama-1  | slot   operator(): id  0 | task 9546 | cached n_tokens = 328, memory_seq_rm [328, end)
ollama-1  | slot init_sampler: id  0 | task 9546 | init sampler, took 0.14 ms, tokens: text = 722, total = 722
ollama-1  | slot print_timing: id  0 | task 9546 | prompt eval time =    1545.21 ms /   394 tokens (    3.92 ms per token,   254.98 tokens per second)
ollama-1  | slot print_timing: id  0 | task 9546 |        eval time =     193.05 ms /     9 tokens (   24.13 ms per token,    41.44 tokens per second)
ollama-1  | slot print_timing: id  0 | task 9546 |       total time =    1738.26 ms /   403 tokens
ollama-1  | slot print_timing: id  0 | task 9546 |    graphs reused =       6540
ollama-1  | slot      release: id  0 | task 9546 | stop processing: n_tokens = 730, truncated = 0
ollama-1  | srv  update_slots: all slots are idle
ollama-1  | [GIN] 2026/10/07 - 10:55:35 | 200 |  3.570011021s |      172.21.0.4 | POST     "/api/generate"
ollama-1  | srv  server_strea: conv_id= (empty=1)
ollama-1  | slot get_availabl: id  0 | task -1 |  - checking sim = 0.783 (328/419) > 0.100
ollama-1  | slot get_availabl: id  0 | task -1 | selected slot by LCP similarity, f_sim_best = 0.783 (> 0.100 thold), f_keep = 0.449
ollama-1  | srv  get_availabl: updating prompt cache
ollama-1  | srv   prompt_save:  - saving prompt with length 730, total state size = 22.821 MiB (draft: 0.000 MiB)
ollama-1  | srv         alloc:  - prompt is already in the cache, skipping
ollama-1  | srv          load:  - looking for better prompt, base f_keep = 0.449, f_sim = 0.783
ollama-1  | srv          load:    - prompt with length     709, lcp =     328, f_keep = 0.463, f_sim = 0.783
ollama-1  | srv          load:    - prompt with length     700, lcp =     328, f_keep = 0.469, f_sim = 0.783
ollama-1  | srv          load:    - prompt with length     695, lcp =     328, f_keep = 0.472, f_sim = 0.783
ollama-1  | srv          load:    - prompt with length     670, lcp =     328, f_keep = 0.490, f_sim = 0.783
ollama-1  | srv          load:    - prompt with length     730, lcp =     328, f_keep = 0.449, f_sim = 0.783
ollama-1  | srv          load:    - prompt with length     779, lcp =     328, f_keep = 0.421, f_sim = 0.783
ollama-1  | srv          load:    - prompt with length     805, lcp =     328, f_keep = 0.407, f_sim = 0.783
ollama-1  | srv          load:    - prompt with length     696, lcp =     328, f_keep = 0.471, f_sim = 0.783
ollama-1  | srv          load:    - prompt with length     962, lcp =     328, f_keep = 0.341, f_sim = 0.783
ollama-1  | srv          load:    - prompt with length     705, lcp =     328, f_keep = 0.465, f_sim = 0.783
ollama-1  | srv          load:    - prompt with length     722, lcp =     328, f_keep = 0.454, f_sim = 0.783
ollama-1  | srv          load:    - prompt with length     704, lcp =     328, f_keep = 0.466, f_sim = 0.783
ollama-1  | srv          load:    - prompt with length     710, lcp =     328, f_keep = 0.462, f_sim = 0.783
ollama-1  | srv          load:    - prompt with length     752, lcp =     328, f_keep = 0.436, f_sim = 0.783
ollama-1  | srv          load:    - prompt with length     683, lcp =     328, f_keep = 0.480, f_sim = 0.783
ollama-1  | srv          load:    - prompt with length     774, lcp =     328, f_keep = 0.424, f_sim = 0.783
ollama-1  | srv          load:    - prompt with length     777, lcp =     328, f_keep = 0.422, f_sim = 0.783
ollama-1  | srv          load:    - prompt with length     773, lcp =     328, f_keep = 0.424, f_sim = 0.783
ollama-1  | srv          load:    - prompt with length     740, lcp =     328, f_keep = 0.443, f_sim = 0.783
ollama-1  | srv          load:    - prompt with length     738, lcp =     328, f_keep = 0.444, f_sim = 0.783
ollama-1  | srv          load:    - prompt with length     691, lcp =     328, f_keep = 0.475, f_sim = 0.783
ollama-1  | srv          load:    - prompt with length     738, lcp =     328, f_keep = 0.444, f_sim = 0.783
ollama-1  | srv          load:    - prompt with length     730, lcp =     328, f_keep = 0.449, f_sim = 0.783
ollama-1  | srv          load:    - prompt with length     733, lcp =     328, f_keep = 0.447, f_sim = 0.783
ollama-1  | srv          load:    - prompt with length     798, lcp =     328, f_keep = 0.411, f_sim = 0.783
ollama-1  | srv          load:    - prompt with length     661, lcp =     328, f_keep = 0.496, f_sim = 0.783
ollama-1  | srv          load:    - prompt with length     771, lcp =     328, f_keep = 0.425, f_sim = 0.783
ollama-1  | srv          load:    - prompt with length     684, lcp =     328, f_keep = 0.480, f_sim = 0.783
ollama-1  | srv        update:  - cache state: 28 prompts, 644.934 MiB (limits: 8192.000 MiB, 4096 tokens, 262043 est)
ollama-1  | srv        update:    - prompt 0x2111c2b0:     709 tokens, checkpoints:  0,    22.165 MiB
ollama-1  | srv        update:    - prompt 0x1d133370:     700 tokens, checkpoints:  0,    21.883 MiB
ollama-1  | srv        update:    - prompt 0x1d12e2c0:     695 tokens, checkpoints:  0,    21.727 MiB
ollama-1  | srv        update:    - prompt 0x1d12d8d0:     670 tokens, checkpoints:  0,    20.946 MiB
ollama-1  | srv        update:    - prompt 0x1d708a50:     730 tokens, checkpoints:  0,    22.821 MiB
ollama-1  | srv        update:    - prompt 0x1d12ae00:     779 tokens, checkpoints:  0,    24.353 MiB
ollama-1  | srv        update:    - prompt 0x1d728d30:     805 tokens, checkpoints:  0,    25.166 MiB
ollama-1  | srv        update:    - prompt 0x2427f580:     696 tokens, checkpoints:  0,    21.758 MiB
ollama-1  | srv        update:    - prompt 0x30e39f50:     962 tokens, checkpoints:  0,    30.074 MiB
ollama-1  | srv        update:    - prompt 0x1e85d3b0:     705 tokens, checkpoints:  0,    22.040 MiB
ollama-1  | srv        update:    - prompt 0x1e7a4ad0:     722 tokens, checkpoints:  0,    22.571 MiB
ollama-1  | srv        update:    - prompt 0x24d036a0:     704 tokens, checkpoints:  0,    22.008 MiB
ollama-1  | srv        update:    - prompt 0x1e75fd60:     710 tokens, checkpoints:  0,    22.196 MiB
ollama-1  | srv        update:    - prompt 0x24367aa0:     752 tokens, checkpoints:  0,    23.509 MiB
ollama-1  | srv        update:    - prompt 0x243c6d30:     683 tokens, checkpoints:  0,    21.352 MiB
ollama-1  | srv        update:    - prompt 0x248f24c0:     774 tokens, checkpoints:  0,    24.197 MiB
ollama-1  | srv        update:    - prompt 0x24273cf0:     777 tokens, checkpoints:  0,    24.291 MiB
ollama-1  | srv        update:    - prompt 0x2a28fe40:     773 tokens, checkpoints:  0,    24.165 MiB
ollama-1  | srv        update:    - prompt 0x2448abc0:     740 tokens, checkpoints:  0,    23.134 MiB
ollama-1  | srv        update:    - prompt 0x24313a50:     738 tokens, checkpoints:  0,    23.071 MiB
ollama-1  | srv        update:    - prompt 0x242cfd20:     691 tokens, checkpoints:  0,    21.602 MiB
ollama-1  | srv        update:    - prompt 0x2444bcc0:     738 tokens, checkpoints:  0,    23.071 MiB
ollama-1  | srv        update:    - prompt 0x1d311810:     730 tokens, checkpoints:  0,    22.821 MiB
ollama-1  | srv        update:    - prompt 0x242f5d40:     733 tokens, checkpoints:  0,    22.915 MiB
ollama-1  | srv        update:    - prompt 0x24d350b0:     798 tokens, checkpoints:  0,    24.947 MiB
ollama-1  | srv        update:    - prompt 0x2437a2b0:     661 tokens, checkpoints:  0,    20.664 MiB
ollama-1  | srv        update:    - prompt 0x2a2a47f0:     771 tokens, checkpoints:  0,    24.103 MiB
ollama-1  | srv        update:    - prompt 0x2443a0e0:     684 tokens, checkpoints:  0,    21.383 MiB
ollama-1  | srv  get_availabl: prompt cache update took 0.06 ms
ollama-1  | slot launch_slot_: id  0 | task -1 | sampler chain: logits -> ?penalties -> ?dry -> ?top-n-sigma -> top-k -> ?typical -> top-p -> ?min-p -> ?xtc -> temp-ext -> dist 
ollama-1  | slot launch_slot_: id  0 | task -1 | sampler params: 
ollama-1  | 	repeat_last_n = 64, repeat_penalty = 1.000, frequency_penalty = 0.000, presence_penalty = 0.000
ollama-1  | 	dry_multiplier = 0.000, dry_base = 1.750, dry_allowed_length = 2, dry_penalty_last_n = 64
ollama-1  | 	top_k = 40, top_p = 0.900, min_p = 0.000, xtc_probability = 0.000, xtc_threshold = 0.100, typical_p = 1.000, top_n_sigma = -1.000, temp = 0.000
ollama-1  | 	mirostat = 0, mirostat_lr = 0.100, mirostat_ent = 5.000, adaptive_target = -1.000, adaptive_decay = 0.900
ollama-1  | slot launch_slot_: id  0 | task 9556 | processing task, is_child = 0
ollama-1  | slot   operator(): id  0 | task 9556 | new prompt, n_ctx_slot = 4096, n_keep = 4, task.n_tokens = 419
ollama-1  | slot   operator(): id  0 | task 9556 | cached n_tokens = 328, memory_seq_rm [328, end)
ollama-1  | slot init_sampler: id  0 | task 9556 | init sampler, took 0.03 ms, tokens: text = 419, total = 419
ollama-1  | slot print_timing: id  0 | task 9556 | prompt eval time =     362.38 ms /    91 tokens (    3.98 ms per token,   251.12 tokens per second)
ollama-1  | slot print_timing: id  0 | task 9556 |        eval time =     179.54 ms /     9 tokens (   22.44 ms per token,    44.56 tokens per second)
ollama-1  | slot print_timing: id  0 | task 9556 |       total time =     541.92 ms /   100 tokens
ollama-1  | slot print_timing: id  0 | task 9556 |    graphs reused =       6547
ollama-1  | slot      release: id  0 | task 9556 | stop processing: n_tokens = 427, truncated = 0
ollama-1  | srv  update_slots: all slots are idle
ollama-1  | [GIN] 2026/10/07 - 10:55:35 | 200 |   3.09657905s |      172.21.0.4 | POST     "/api/generate"
ollama-1  | srv  server_strea: conv_id= (empty=1)
ollama-1  | slot get_availabl: id  0 | task -1 |  - checking sim = 0.648 (328/506) > 0.100
ollama-1  | slot get_availabl: id  0 | task -1 | selected slot by LCP similarity, f_sim_best = 0.648 (> 0.100 thold), f_keep = 0.768
ollama-1  | slot launch_slot_: id  0 | task -1 | sampler chain: logits -> ?penalties -> ?dry -> ?top-n-sigma -> top-k -> ?typical -> top-p -> ?min-p -> ?xtc -> temp-ext -> dist 
ollama-1  | slot launch_slot_: id  0 | task -1 | sampler params: 
ollama-1  | 	repeat_last_n = 64, repeat_penalty = 1.000, frequency_penalty = 0.000, presence_penalty = 0.000
ollama-1  | 	dry_multiplier = 0.000, dry_base = 1.750, dry_allowed_length = 2, dry_penalty_last_n = 64
ollama-1  | 	top_k = 40, top_p = 0.900, min_p = 0.000, xtc_probability = 0.000, xtc_threshold = 0.100, typical_p = 1.000, top_n_sigma = -1.000, temp = 0.000
ollama-1  | 	mirostat = 0, mirostat_lr = 0.100, mirostat_ent = 5.000, adaptive_target = -1.000, adaptive_decay = 0.900
ollama-1  | slot launch_slot_: id  0 | task 9566 | processing task, is_child = 0
ollama-1  | slot   operator(): id  0 | task 9566 | new prompt, n_ctx_slot = 4096, n_keep = 4, task.n_tokens = 506
ollama-1  | slot   operator(): id  0 | task 9566 | cached n_tokens = 328, memory_seq_rm [328, end)
ollama-1  | slot init_sampler: id  0 | task 9566 | init sampler, took 0.07 ms, tokens: text = 506, total = 506
ollama-1  | slot print_timing: id  0 | task 9566 | prompt eval time =     689.89 ms /   178 tokens (    3.88 ms per token,   258.01 tokens per second)
ollama-1  | slot print_timing: id  0 | task 9566 |        eval time =     145.23 ms /     8 tokens (   20.75 ms per token,    48.20 tokens per second)
ollama-1  | slot print_timing: id  0 | task 9566 |       total time =     835.12 ms /   186 tokens
ollama-1  | slot print_timing: id  0 | task 9566 |    graphs reused =       6552
ollama-1  | slot      release: id  0 | task 9566 | stop processing: n_tokens = 513, truncated = 0
ollama-1  | srv  update_slots: all slots are idle
ollama-1  | [GIN] 2026/10/07 - 10:55:36 | 200 |   3.73733603s |      172.21.0.4 | POST     "/api/generate"
ollama-1  | srv  server_strea: conv_id= (empty=1)
ollama-1  | slot get_availabl: id  0 | task -1 |  - checking sim = 0.659 (328/498) > 0.100
ollama-1  | slot get_availabl: id  0 | task -1 | selected slot by LCP similarity, f_sim_best = 0.659 (> 0.100 thold), f_keep = 0.639
ollama-1  | slot launch_slot_: id  0 | task -1 | sampler chain: logits -> ?penalties -> ?dry -> ?top-n-sigma -> top-k -> ?typical -> top-p -> ?min-p -> ?xtc -> temp-ext -> dist 
ollama-1  | slot launch_slot_: id  0 | task -1 | sampler params: 
ollama-1  | 	repeat_last_n = 64, repeat_penalty = 1.000, frequency_penalty = 0.000, presence_penalty = 0.000
ollama-1  | 	dry_multiplier = 0.000, dry_base = 1.750, dry_allowed_length = 2, dry_penalty_last_n = 64
ollama-1  | 	top_k = 40, top_p = 0.900, min_p = 0.000, xtc_probability = 0.000, xtc_threshold = 0.100, typical_p = 1.000, top_n_sigma = -1.000, temp = 0.000
ollama-1  | 	mirostat = 0, mirostat_lr = 0.100, mirostat_ent = 5.000, adaptive_target = -1.000, adaptive_decay = 0.900
ollama-1  | slot launch_slot_: id  0 | task 9575 | processing task, is_child = 0
ollama-1  | slot   operator(): id  0 | task 9575 | new prompt, n_ctx_slot = 4096, n_keep = 4, task.n_tokens = 498
ollama-1  | slot   operator(): id  0 | task 9575 | cached n_tokens = 328, memory_seq_rm [328, end)
ollama-1  | slot init_sampler: id  0 | task 9575 | init sampler, took 0.04 ms, tokens: text = 498, total = 498
ollama-1  | slot print_timing: id  0 | task 9575 | prompt eval time =     669.17 ms /   170 tokens (    3.94 ms per token,   254.05 tokens per second)
ollama-1  | slot print_timing: id  0 | task 9575 |        eval time =     166.08 ms /     9 tokens (   20.76 ms per token,    48.17 tokens per second)
ollama-1  | slot print_timing: id  0 | task 9575 |       total time =     835.24 ms /   179 tokens
ollama-1  | slot print_timing: id  0 | task 9575 |    graphs reused =       6559
ollama-1  | slot      release: id  0 | task 9575 | stop processing: n_tokens = 506, truncated = 0
ollama-1  | srv  update_slots: all slots are idle
ollama-1  | [GIN] 2026/10/07 - 10:55:37 | 200 |  4.323830273s |      172.21.0.4 | POST     "/api/generate"
ollama-1  | srv  server_strea: conv_id= (empty=1)
ollama-1  | slot get_availabl: id  0 | task -1 |  - checking sim = 0.647 (328/507) > 0.100
ollama-1  | slot get_availabl: id  0 | task -1 | selected slot by LCP similarity, f_sim_best = 0.647 (> 0.100 thold), f_keep = 0.648
ollama-1  | slot launch_slot_: id  0 | task -1 | sampler chain: logits -> ?penalties -> ?dry -> ?top-n-sigma -> top-k -> ?typical -> top-p -> ?min-p -> ?xtc -> temp-ext -> dist 
ollama-1  | slot launch_slot_: id  0 | task -1 | sampler params: 
ollama-1  | 	repeat_last_n = 64, repeat_penalty = 1.000, frequency_penalty = 0.000, presence_penalty = 0.000
ollama-1  | 	dry_multiplier = 0.000, dry_base = 1.750, dry_allowed_length = 2, dry_penalty_last_n = 64
ollama-1  | 	top_k = 40, top_p = 0.900, min_p = 0.000, xtc_probability = 0.000, xtc_threshold = 0.100, typical_p = 1.000, top_n_sigma = -1.000, temp = 0.000
ollama-1  | 	mirostat = 0, mirostat_lr = 0.100, mirostat_ent = 5.000, adaptive_target = -1.000, adaptive_decay = 0.900
ollama-1  | slot launch_slot_: id  0 | task 9585 | processing task, is_child = 0
ollama-1  | slot   operator(): id  0 | task 9585 | new prompt, n_ctx_slot = 4096, n_keep = 4, task.n_tokens = 507
ollama-1  | slot   operator(): id  0 | task 9585 | cached n_tokens = 328, memory_seq_rm [328, end)
ollama-1  | slot init_sampler: id  0 | task 9585 | init sampler, took 0.06 ms, tokens: text = 507, total = 507
ollama-1  | slot print_timing: id  0 | task 9585 | prompt eval time =     709.87 ms /   179 tokens (    3.97 ms per token,   252.16 tokens per second)
ollama-1  | slot print_timing: id  0 | task 9585 |        eval time =     174.40 ms /     9 tokens (   21.80 ms per token,    45.87 tokens per second)
ollama-1  | slot print_timing: id  0 | task 9585 |       total time =     884.28 ms /   188 tokens
ollama-1  | slot print_timing: id  0 | task 9585 |    graphs reused =       6565
ollama-1  | slot      release: id  0 | task 9585 | stop processing: n_tokens = 515, truncated = 0
ollama-1  | srv  update_slots: all slots are idle
ollama-1  | [GIN] 2026/10/07 - 10:55:38 | 200 |  4.530914219s |      172.21.0.4 | POST     "/api/generate"
ollama-1  | srv  server_strea: conv_id= (empty=1)
ollama-1  | slot get_availabl: id  0 | task -1 |  - checking sim = 0.808 (328/406) > 0.100
ollama-1  | slot get_availabl: id  0 | task -1 | selected slot by LCP similarity, f_sim_best = 0.808 (> 0.100 thold), f_keep = 0.637
ollama-1  | slot launch_slot_: id  0 | task -1 | sampler chain: logits -> ?penalties -> ?dry -> ?top-n-sigma -> top-k -> ?typical -> top-p -> ?min-p -> ?xtc -> temp-ext -> dist 
ollama-1  | slot launch_slot_: id  0 | task -1 | sampler params: 
ollama-1  | 	repeat_last_n = 64, repeat_penalty = 1.000, frequency_penalty = 0.000, presence_penalty = 0.000
ollama-1  | 	dry_multiplier = 0.000, dry_base = 1.750, dry_allowed_length = 2, dry_penalty_last_n = 64
ollama-1  | 	top_k = 40, top_p = 0.900, min_p = 0.000, xtc_probability = 0.000, xtc_threshold = 0.100, typical_p = 1.000, top_n_sigma = -1.000, temp = 0.000
ollama-1  | 	mirostat = 0, mirostat_lr = 0.100, mirostat_ent = 5.000, adaptive_target = -1.000, adaptive_decay = 0.900
ollama-1  | slot launch_slot_: id  0 | task 9595 | processing task, is_child = 0
ollama-1  | slot   operator(): id  0 | task 9595 | new prompt, n_ctx_slot = 4096, n_keep = 4, task.n_tokens = 406
ollama-1  | slot   operator(): id  0 | task 9595 | cached n_tokens = 328, memory_seq_rm [328, end)
ollama-1  | slot init_sampler: id  0 | task 9595 | init sampler, took 0.04 ms, tokens: text = 406, total = 406
ollama-1  | [GIN] 2026/10/07 - 10:55:38 | 200 |      28.268µs |       127.0.0.1 | HEAD     "/"
ollama-1  | [GIN] 2026/10/07 - 10:55:38 | 200 |    1.344723ms |       127.0.0.1 | GET      "/api/tags"
ollama-1  | slot print_timing: id  0 | task 9595 | prompt eval time =     315.48 ms /    78 tokens (    4.04 ms per token,   247.24 tokens per second)
ollama-1  | slot print_timing: id  0 | task 9595 |        eval time =     154.45 ms /     8 tokens (   22.06 ms per token,    45.32 tokens per second)
ollama-1  | slot print_timing: id  0 | task 9595 |       total time =     469.93 ms /    86 tokens
ollama-1  | slot print_timing: id  0 | task 9595 |    graphs reused =       6571
ollama-1  | slot      release: id  0 | task 9595 | stop processing: n_tokens = 413, truncated = 0
ollama-1  | srv  update_slots: all slots are idle
ollama-1  | [GIN] 2026/10/07 - 10:55:38 | 200 |  3.912115992s |      172.21.0.4 | POST     "/api/generate"
ollama-1  | srv  server_strea: conv_id= (empty=1)
ollama-1  | slot get_availabl: id  0 | task -1 |  - checking sim = 0.505 (329/652) > 0.100
ollama-1  | slot get_availabl: id  0 | task -1 | selected slot by LCP similarity, f_sim_best = 0.505 (> 0.100 thold), f_keep = 0.797
ollama-1  | slot launch_slot_: id  0 | task -1 | sampler chain: logits -> ?penalties -> ?dry -> ?top-n-sigma -> top-k -> ?typical -> top-p -> ?min-p -> ?xtc -> temp-ext -> dist 
ollama-1  | slot launch_slot_: id  0 | task -1 | sampler params: 
ollama-1  | 	repeat_last_n = 64, repeat_penalty = 1.000, frequency_penalty = 0.000, presence_penalty = 0.000
ollama-1  | 	dry_multiplier = 0.000, dry_base = 1.750, dry_allowed_length = 2, dry_penalty_last_n = 64
ollama-1  | 	top_k = 40, top_p = 0.900, min_p = 0.000, xtc_probability = 0.000, xtc_threshold = 0.100, typical_p = 1.000, top_n_sigma = -1.000, temp = 0.000
ollama-1  | 	mirostat = 0, mirostat_lr = 0.100, mirostat_ent = 5.000, adaptive_target = -1.000, adaptive_decay = 0.900
ollama-1  | slot launch_slot_: id  0 | task 9604 | processing task, is_child = 0
ollama-1  | slot   operator(): id  0 | task 9604 | new prompt, n_ctx_slot = 4096, n_keep = 4, task.n_tokens = 652
ollama-1  | slot   operator(): id  0 | task 9604 | cached n_tokens = 329, memory_seq_rm [329, end)
ollama-1  | slot init_sampler: id  0 | task 9604 | init sampler, took 0.05 ms, tokens: text = 652, total = 652
ollama-1  | slot print_timing: id  0 | task 9604 | prompt eval time =    1270.65 ms /   323 tokens (    3.93 ms per token,   254.20 tokens per second)
ollama-1  | slot print_timing: id  0 | task 9604 |        eval time =     153.57 ms /     8 tokens (   21.94 ms per token,    45.58 tokens per second)
ollama-1  | slot print_timing: id  0 | task 9604 |       total time =    1424.21 ms /   331 tokens
ollama-1  | slot print_timing: id  0 | task 9604 |    graphs reused =       6577
ollama-1  | slot      release: id  0 | task 9604 | stop processing: n_tokens = 659, truncated = 0
ollama-1  | srv  update_slots: all slots are idle
ollama-1  | [GIN] 2026/10/07 - 10:55:40 | 200 |  5.150368382s |      172.21.0.4 | POST     "/api/generate"
ollama-1  | srv  server_strea: conv_id= (empty=1)
ollama-1  | slot get_availabl: id  0 | task -1 |  - checking sim = 0.548 (328/599) > 0.100
ollama-1  | slot get_availabl: id  0 | task -1 | selected slot by LCP similarity, f_sim_best = 0.548 (> 0.100 thold), f_keep = 0.498
ollama-1  | srv  get_availabl: updating prompt cache
ollama-1  | srv   prompt_save:  - saving prompt with length 659, total state size = 20.602 MiB (draft: 0.000 MiB)
ollama-1  | srv          load:  - looking for better prompt, base f_keep = 0.498, f_sim = 0.548
ollama-1  | srv          load:    - prompt with length     709, lcp =     328, f_keep = 0.463, f_sim = 0.548
ollama-1  | srv          load:    - prompt with length     700, lcp =     329, f_keep = 0.470, f_sim = 0.549
ollama-1  | srv          load:    - prompt with length     695, lcp =     328, f_keep = 0.472, f_sim = 0.548
ollama-1  | srv          load:    - prompt with length     670, lcp =     328, f_keep = 0.490, f_sim = 0.548
ollama-1  | srv          load:    - prompt with length     730, lcp =     328, f_keep = 0.449, f_sim = 0.548
ollama-1  | srv          load:    - prompt with length     779, lcp =     328, f_keep = 0.421, f_sim = 0.548
ollama-1  | srv          load:    - prompt with length     805, lcp =     328, f_keep = 0.407, f_sim = 0.548
ollama-1  | srv          load:    - prompt with length     696, lcp =     328, f_keep = 0.471, f_sim = 0.548
ollama-1  | srv          load:    - prompt with length     962, lcp =     328, f_keep = 0.341, f_sim = 0.548
ollama-1  | srv          load:    - prompt with length     705, lcp =     328, f_keep = 0.465, f_sim = 0.548
ollama-1  | srv          load:    - prompt with length     722, lcp =     328, f_keep = 0.454, f_sim = 0.548
ollama-1  | srv          load:    - prompt with length     704, lcp =     333, f_keep = 0.473, f_sim = 0.556
ollama-1  | srv          load:    - prompt with length     710, lcp =     328, f_keep = 0.462, f_sim = 0.548
ollama-1  | srv          load:    - prompt with length     752, lcp =     328, f_keep = 0.436, f_sim = 0.548
ollama-1  | srv          load:    - prompt with length     683, lcp =     328, f_keep = 0.480, f_sim = 0.548
ollama-1  | srv          load:    - prompt with length     774, lcp =     328, f_keep = 0.424, f_sim = 0.548
ollama-1  | srv          load:    - prompt with length     777, lcp =     333, f_keep = 0.429, f_sim = 0.556
ollama-1  | srv          load:    - prompt with length     773, lcp =     328, f_keep = 0.424, f_sim = 0.548
ollama-1  | srv          load:    - prompt with length     740, lcp =     328, f_keep = 0.443, f_sim = 0.548
ollama-1  | srv          load:    - prompt with length     738, lcp =     328, f_keep = 0.444, f_sim = 0.548
ollama-1  | srv          load:    - prompt with length     691, lcp =     328, f_keep = 0.475, f_sim = 0.548
ollama-1  | srv          load:    - prompt with length     738, lcp =     328, f_keep = 0.444, f_sim = 0.548
ollama-1  | srv          load:    - prompt with length     730, lcp =     328, f_keep = 0.449, f_sim = 0.548
ollama-1  | srv          load:    - prompt with length     733, lcp =     328, f_keep = 0.447, f_sim = 0.548
ollama-1  | srv          load:    - prompt with length     798, lcp =     328, f_keep = 0.411, f_sim = 0.548
ollama-1  | srv          load:    - prompt with length     661, lcp =     328, f_keep = 0.496, f_sim = 0.548
ollama-1  | srv          load:    - prompt with length     771, lcp =     328, f_keep = 0.425, f_sim = 0.548
ollama-1  | srv          load:    - prompt with length     684, lcp =     328, f_keep = 0.480, f_sim = 0.548
ollama-1  | srv          load:    - prompt with length     659, lcp =     328, f_keep = 0.498, f_sim = 0.548
ollama-1  | srv        update:  - cache state: 29 prompts, 665.536 MiB (limits: 8192.000 MiB, 4096 tokens, 262043 est)
ollama-1  | srv        update:    - prompt 0x2111c2b0:     709 tokens, checkpoints:  0,    22.165 MiB
ollama-1  | srv        update:    - prompt 0x1d133370:     700 tokens, checkpoints:  0,    21.883 MiB
ollama-1  | srv        update:    - prompt 0x1d12e2c0:     695 tokens, checkpoints:  0,    21.727 MiB
ollama-1  | srv        update:    - prompt 0x1d12d8d0:     670 tokens, checkpoints:  0,    20.946 MiB
ollama-1  | srv        update:    - prompt 0x1d708a50:     730 tokens, checkpoints:  0,    22.821 MiB
ollama-1  | srv        update:    - prompt 0x1d12ae00:     779 tokens, checkpoints:  0,    24.353 MiB
ollama-1  | srv        update:    - prompt 0x1d728d30:     805 tokens, checkpoints:  0,    25.166 MiB
ollama-1  | srv        update:    - prompt 0x2427f580:     696 tokens, checkpoints:  0,    21.758 MiB
ollama-1  | srv        update:    - prompt 0x30e39f50:     962 tokens, checkpoints:  0,    30.074 MiB
ollama-1  | srv        update:    - prompt 0x1e85d3b0:     705 tokens, checkpoints:  0,    22.040 MiB
ollama-1  | srv        update:    - prompt 0x1e7a4ad0:     722 tokens, checkpoints:  0,    22.571 MiB
ollama-1  | srv        update:    - prompt 0x24d036a0:     704 tokens, checkpoints:  0,    22.008 MiB
ollama-1  | srv        update:    - prompt 0x1e75fd60:     710 tokens, checkpoints:  0,    22.196 MiB
ollama-1  | srv        update:    - prompt 0x24367aa0:     752 tokens, checkpoints:  0,    23.509 MiB
ollama-1  | srv        update:    - prompt 0x243c6d30:     683 tokens, checkpoints:  0,    21.352 MiB
ollama-1  | srv        update:    - prompt 0x248f24c0:     774 tokens, checkpoints:  0,    24.197 MiB
ollama-1  | srv        update:    - prompt 0x24273cf0:     777 tokens, checkpoints:  0,    24.291 MiB
ollama-1  | srv        update:    - prompt 0x2a28fe40:     773 tokens, checkpoints:  0,    24.165 MiB
ollama-1  | srv        update:    - prompt 0x2448abc0:     740 tokens, checkpoints:  0,    23.134 MiB
ollama-1  | srv        update:    - prompt 0x24313a50:     738 tokens, checkpoints:  0,    23.071 MiB
ollama-1  | srv        update:    - prompt 0x242cfd20:     691 tokens, checkpoints:  0,    21.602 MiB
ollama-1  | srv        update:    - prompt 0x2444bcc0:     738 tokens, checkpoints:  0,    23.071 MiB
ollama-1  | srv        update:    - prompt 0x1d311810:     730 tokens, checkpoints:  0,    22.821 MiB
ollama-1  | srv        update:    - prompt 0x242f5d40:     733 tokens, checkpoints:  0,    22.915 MiB
ollama-1  | srv        update:    - prompt 0x24d350b0:     798 tokens, checkpoints:  0,    24.947 MiB
ollama-1  | srv        update:    - prompt 0x2437a2b0:     661 tokens, checkpoints:  0,    20.664 MiB
ollama-1  | srv        update:    - prompt 0x2a2a47f0:     771 tokens, checkpoints:  0,    24.103 MiB
ollama-1  | srv        update:    - prompt 0x2443a0e0:     684 tokens, checkpoints:  0,    21.383 MiB
ollama-1  | srv        update:    - prompt 0x1e82e9b0:     659 tokens, checkpoints:  0,    20.602 MiB
ollama-1  | srv  get_availabl: prompt cache update took 4.49 ms
ollama-1  | slot launch_slot_: id  0 | task -1 | sampler chain: logits -> ?penalties -> ?dry -> ?top-n-sigma -> top-k -> ?typical -> top-p -> ?min-p -> ?xtc -> temp-ext -> dist 
ollama-1  | slot launch_slot_: id  0 | task -1 | sampler params: 
ollama-1  | 	repeat_last_n = 64, repeat_penalty = 1.000, frequency_penalty = 0.000, presence_penalty = 0.000
ollama-1  | 	dry_multiplier = 0.000, dry_base = 1.750, dry_allowed_length = 2, dry_penalty_last_n = 64
ollama-1  | 	top_k = 40, top_p = 0.900, min_p = 0.000, xtc_probability = 0.000, xtc_threshold = 0.100, typical_p = 1.000, top_n_sigma = -1.000, temp = 0.000
ollama-1  | 	mirostat = 0, mirostat_lr = 0.100, mirostat_ent = 5.000, adaptive_target = -1.000, adaptive_decay = 0.900
ollama-1  | slot launch_slot_: id  0 | task 9613 | processing task, is_child = 0
ollama-1  | slot   operator(): id  0 | task 9613 | new prompt, n_ctx_slot = 4096, n_keep = 4, task.n_tokens = 599
ollama-1  | slot   operator(): id  0 | task 9613 | cached n_tokens = 328, memory_seq_rm [328, end)
ollama-1  | slot init_sampler: id  0 | task 9613 | init sampler, took 0.05 ms, tokens: text = 599, total = 599
ollama-1  | slot print_timing: id  0 | task 9613 | prompt eval time =    1080.28 ms /   271 tokens (    3.99 ms per token,   250.86 tokens per second)
ollama-1  | slot print_timing: id  0 | task 9613 |        eval time =     170.97 ms /     9 tokens (   21.37 ms per token,    46.79 tokens per second)
ollama-1  | slot print_timing: id  0 | task 9613 |       total time =    1251.25 ms /   280 tokens
ollama-1  | slot print_timing: id  0 | task 9613 |    graphs reused =       6584
ollama-1  | slot      release: id  0 | task 9613 | stop processing: n_tokens = 607, truncated = 0
ollama-1  | srv  update_slots: all slots are idle
ollama-1  | [GIN] 2026/10/07 - 10:55:41 | 200 |  5.909195347s |      172.21.0.4 | POST     "/api/generate"
ollama-1  | srv  server_strea: conv_id= (empty=1)
ollama-1  | slot get_availabl: id  0 | task -1 |  - checking sim = 0.582 (328/564) > 0.100
ollama-1  | slot get_availabl: id  0 | task -1 | selected slot by LCP similarity, f_sim_best = 0.582 (> 0.100 thold), f_keep = 0.540
ollama-1  | slot launch_slot_: id  0 | task -1 | sampler chain: logits -> ?penalties -> ?dry -> ?top-n-sigma -> top-k -> ?typical -> top-p -> ?min-p -> ?xtc -> temp-ext -> dist 
ollama-1  | slot launch_slot_: id  0 | task -1 | sampler params: 
ollama-1  | 	repeat_last_n = 64, repeat_penalty = 1.000, frequency_penalty = 0.000, presence_penalty = 0.000
ollama-1  | 	dry_multiplier = 0.000, dry_base = 1.750, dry_allowed_length = 2, dry_penalty_last_n = 64
ollama-1  | 	top_k = 40, top_p = 0.900, min_p = 0.000, xtc_probability = 0.000, xtc_threshold = 0.100, typical_p = 1.000, top_n_sigma = -1.000, temp = 0.000
ollama-1  | 	mirostat = 0, mirostat_lr = 0.100, mirostat_ent = 5.000, adaptive_target = -1.000, adaptive_decay = 0.900
ollama-1  | slot launch_slot_: id  0 | task 9623 | processing task, is_child = 0
ollama-1  | slot   operator(): id  0 | task 9623 | new prompt, n_ctx_slot = 4096, n_keep = 4, task.n_tokens = 564
ollama-1  | slot   operator(): id  0 | task 9623 | cached n_tokens = 328, memory_seq_rm [328, end)
ollama-1  | slot init_sampler: id  0 | task 9623 | init sampler, took 0.04 ms, tokens: text = 564, total = 564
ollama-1  | slot print_timing: id  0 | task 9623 | prompt eval time =     882.07 ms /   236 tokens (    3.74 ms per token,   267.55 tokens per second)
ollama-1  | slot print_timing: id  0 | task 9623 |        eval time =     146.29 ms /     8 tokens (   20.90 ms per token,    47.85 tokens per second)
ollama-1  | slot print_timing: id  0 | task 9623 |       total time =    1028.36 ms /   244 tokens
ollama-1  | slot print_timing: id  0 | task 9623 |    graphs reused =       6590
ollama-1  | slot      release: id  0 | task 9623 | stop processing: n_tokens = 571, truncated = 0
ollama-1  | srv  update_slots: all slots are idle
ollama-1  | [GIN] 2026/10/07 - 10:55:42 | 200 |  6.667043245s |      172.21.0.4 | POST     "/api/generate"
ollama-1  | srv  server_strea: conv_id= (empty=1)
ollama-1  | slot get_availabl: id  0 | task -1 |  - checking sim = 0.775 (328/423) > 0.100
ollama-1  | slot get_availabl: id  0 | task -1 | selected slot by LCP similarity, f_sim_best = 0.775 (> 0.100 thold), f_keep = 0.574
ollama-1  | slot launch_slot_: id  0 | task -1 | sampler chain: logits -> ?penalties -> ?dry -> ?top-n-sigma -> top-k -> ?typical -> top-p -> ?min-p -> ?xtc -> temp-ext -> dist 
ollama-1  | slot launch_slot_: id  0 | task -1 | sampler params: 
ollama-1  | 	repeat_last_n = 64, repeat_penalty = 1.000, frequency_penalty = 0.000, presence_penalty = 0.000
ollama-1  | 	dry_multiplier = 0.000, dry_base = 1.750, dry_allowed_length = 2, dry_penalty_last_n = 64
ollama-1  | 	top_k = 40, top_p = 0.900, min_p = 0.000, xtc_probability = 0.000, xtc_threshold = 0.100, typical_p = 1.000, top_n_sigma = -1.000, temp = 0.000
ollama-1  | 	mirostat = 0, mirostat_lr = 0.100, mirostat_ent = 5.000, adaptive_target = -1.000, adaptive_decay = 0.900
ollama-1  | slot launch_slot_: id  0 | task 9632 | processing task, is_child = 0
ollama-1  | slot   operator(): id  0 | task 9632 | new prompt, n_ctx_slot = 4096, n_keep = 4, task.n_tokens = 423
ollama-1  | slot   operator(): id  0 | task 9632 | cached n_tokens = 328, memory_seq_rm [328, end)
ollama-1  | slot init_sampler: id  0 | task 9632 | init sampler, took 0.03 ms, tokens: text = 423, total = 423
ollama-1  | slot print_timing: id  0 | task 9632 | prompt eval time =     367.13 ms /    95 tokens (    3.86 ms per token,   258.76 tokens per second)
ollama-1  | slot print_timing: id  0 | task 9632 |        eval time =     149.55 ms /     8 tokens (   21.36 ms per token,    46.81 tokens per second)
ollama-1  | slot print_timing: id  0 | task 9632 |       total time =     516.68 ms /   103 tokens
ollama-1  | slot print_timing: id  0 | task 9632 |    graphs reused =       6596
ollama-1  | slot      release: id  0 | task 9632 | stop processing: n_tokens = 430, truncated = 0
ollama-1  | srv  update_slots: all slots are idle
ollama-1  | [GIN] 2026/10/07 - 10:55:42 | 200 |  6.003696148s |      172.21.0.4 | POST     "/api/generate"
ollama-1  | srv  server_strea: conv_id= (empty=1)
ollama-1  | slot get_availabl: id  0 | task -1 |  - checking sim = 0.674 (328/487) > 0.100
ollama-1  | slot get_availabl: id  0 | task -1 | selected slot by LCP similarity, f_sim_best = 0.674 (> 0.100 thold), f_keep = 0.763
ollama-1  | slot launch_slot_: id  0 | task -1 | sampler chain: logits -> ?penalties -> ?dry -> ?top-n-sigma -> top-k -> ?typical -> top-p -> ?min-p -> ?xtc -> temp-ext -> dist 
ollama-1  | slot launch_slot_: id  0 | task -1 | sampler params: 
ollama-1  | 	repeat_last_n = 64, repeat_penalty = 1.000, frequency_penalty = 0.000, presence_penalty = 0.000
ollama-1  | 	dry_multiplier = 0.000, dry_base = 1.750, dry_allowed_length = 2, dry_penalty_last_n = 64
ollama-1  | 	top_k = 40, top_p = 0.900, min_p = 0.000, xtc_probability = 0.000, xtc_threshold = 0.100, typical_p = 1.000, top_n_sigma = -1.000, temp = 0.000
ollama-1  | 	mirostat = 0, mirostat_lr = 0.100, mirostat_ent = 5.000, adaptive_target = -1.000, adaptive_decay = 0.900
ollama-1  | slot launch_slot_: id  0 | task 9641 | processing task, is_child = 0
ollama-1  | slot   operator(): id  0 | task 9641 | new prompt, n_ctx_slot = 4096, n_keep = 4, task.n_tokens = 487
ollama-1  | slot   operator(): id  0 | task 9641 | cached n_tokens = 328, memory_seq_rm [328, end)
ollama-1  | slot init_sampler: id  0 | task 9641 | init sampler, took 0.05 ms, tokens: text = 487, total = 487
ollama-1  | slot print_timing: id  0 | task 9641 | prompt eval time =     605.96 ms /   159 tokens (    3.81 ms per token,   262.39 tokens per second)
ollama-1  | slot print_timing: id  0 | task 9641 |        eval time =     167.44 ms /     9 tokens (   20.93 ms per token,    47.78 tokens per second)
ollama-1  | slot print_timing: id  0 | task 9641 |       total time =     773.40 ms /   168 tokens
ollama-1  | slot print_timing: id  0 | task 9641 |    graphs reused =       6603
ollama-1  | slot      release: id  0 | task 9641 | stop processing: n_tokens = 495, truncated = 0
ollama-1  | srv  update_slots: all slots are idle
ollama-1  | [GIN] 2026/10/07 - 10:55:43 | 200 |  4.802921654s |      172.21.0.4 | POST     "/api/generate"
ollama-1  | srv  server_strea: conv_id= (empty=1)
ollama-1  | slot get_availabl: id  0 | task -1 |  - checking sim = 0.837 (328/392) > 0.100
ollama-1  | slot get_availabl: id  0 | task -1 | selected slot by LCP similarity, f_sim_best = 0.837 (> 0.100 thold), f_keep = 0.663
ollama-1  | slot launch_slot_: id  0 | task -1 | sampler chain: logits -> ?penalties -> ?dry -> ?top-n-sigma -> top-k -> ?typical -> top-p -> ?min-p -> ?xtc -> temp-ext -> dist 
ollama-1  | slot launch_slot_: id  0 | task -1 | sampler params: 
ollama-1  | 	repeat_last_n = 64, repeat_penalty = 1.000, frequency_penalty = 0.000, presence_penalty = 0.000
ollama-1  | 	dry_multiplier = 0.000, dry_base = 1.750, dry_allowed_length = 2, dry_penalty_last_n = 64
ollama-1  | 	top_k = 40, top_p = 0.900, min_p = 0.000, xtc_probability = 0.000, xtc_threshold = 0.100, typical_p = 1.000, top_n_sigma = -1.000, temp = 0.000
ollama-1  | 	mirostat = 0, mirostat_lr = 0.100, mirostat_ent = 5.000, adaptive_target = -1.000, adaptive_decay = 0.900
ollama-1  | slot launch_slot_: id  0 | task 9651 | processing task, is_child = 0
ollama-1  | slot   operator(): id  0 | task 9651 | new prompt, n_ctx_slot = 4096, n_keep = 4, task.n_tokens = 392
ollama-1  | slot   operator(): id  0 | task 9651 | cached n_tokens = 328, memory_seq_rm [328, end)
ollama-1  | slot init_sampler: id  0 | task 9651 | init sampler, took 0.04 ms, tokens: text = 392, total = 392
ollama-1  | slot print_timing: id  0 | task 9651 | prompt eval time =     253.51 ms /    64 tokens (    3.96 ms per token,   252.45 tokens per second)
ollama-1  | slot print_timing: id  0 | task 9651 |        eval time =     150.21 ms /     8 tokens (   21.46 ms per token,    46.60 tokens per second)
ollama-1  | slot print_timing: id  0 | task 9651 |       total time =     403.72 ms /    72 tokens
ollama-1  | slot print_timing: id  0 | task 9651 |    graphs reused =       6609
ollama-1  | slot      release: id  0 | task 9651 | stop processing: n_tokens = 399, truncated = 0
ollama-1  | srv  update_slots: all slots are idle
ollama-1  | [GIN] 2026/10/07 - 10:55:43 | 200 |  5.030045834s |      172.21.0.4 | POST     "/api/generate"
ollama-1  | srv  server_strea: conv_id= (empty=1)
ollama-1  | slot get_availabl: id  0 | task -1 |  - checking sim = 0.839 (328/391) > 0.100
ollama-1  | slot get_availabl: id  0 | task -1 | selected slot by LCP similarity, f_sim_best = 0.839 (> 0.100 thold), f_keep = 0.822
ollama-1  | slot launch_slot_: id  0 | task -1 | sampler chain: logits -> ?penalties -> ?dry -> ?top-n-sigma -> top-k -> ?typical -> top-p -> ?min-p -> ?xtc -> temp-ext -> dist 
ollama-1  | slot launch_slot_: id  0 | task -1 | sampler params: 
ollama-1  | 	repeat_last_n = 64, repeat_penalty = 1.000, frequency_penalty = 0.000, presence_penalty = 0.000
ollama-1  | 	dry_multiplier = 0.000, dry_base = 1.750, dry_allowed_length = 2, dry_penalty_last_n = 64
ollama-1  | 	top_k = 40, top_p = 0.900, min_p = 0.000, xtc_probability = 0.000, xtc_threshold = 0.100, typical_p = 1.000, top_n_sigma = -1.000, temp = 0.000
ollama-1  | 	mirostat = 0, mirostat_lr = 0.100, mirostat_ent = 5.000, adaptive_target = -1.000, adaptive_decay = 0.900
ollama-1  | slot launch_slot_: id  0 | task 9660 | processing task, is_child = 0
ollama-1  | slot   operator(): id  0 | task 9660 | new prompt, n_ctx_slot = 4096, n_keep = 4, task.n_tokens = 391
ollama-1  | slot   operator(): id  0 | task 9660 | cached n_tokens = 328, memory_seq_rm [328, end)
ollama-1  | slot init_sampler: id  0 | task 9660 | init sampler, took 0.04 ms, tokens: text = 391, total = 391
ollama-1  | slot print_timing: id  0 | task 9660 | prompt eval time =     259.27 ms /    63 tokens (    4.12 ms per token,   242.99 tokens per second)
ollama-1  | slot print_timing: id  0 | task 9660 |        eval time =     159.90 ms /     8 tokens (   22.84 ms per token,    43.78 tokens per second)
ollama-1  | slot print_timing: id  0 | task 9660 |       total time =     419.17 ms /    71 tokens
ollama-1  | slot print_timing: id  0 | task 9660 |    graphs reused =       6615
ollama-1  | slot      release: id  0 | task 9660 | stop processing: n_tokens = 398, truncated = 0
ollama-1  | srv  update_slots: all slots are idle
ollama-1  | [GIN] 2026/10/07 - 10:55:44 | 200 |  5.424364586s |      172.21.0.4 | POST     "/api/generate"
ollama-1  | srv  server_strea: conv_id= (empty=1)
ollama-1  | slot get_availabl: id  0 | task -1 |  - checking sim = 0.731 (328/449) > 0.100
ollama-1  | slot get_availabl: id  0 | task -1 | selected slot by LCP similarity, f_sim_best = 0.731 (> 0.100 thold), f_keep = 0.824
ollama-1  | slot launch_slot_: id  0 | task -1 | sampler chain: logits -> ?penalties -> ?dry -> ?top-n-sigma -> top-k -> ?typical -> top-p -> ?min-p -> ?xtc -> temp-ext -> dist 
ollama-1  | slot launch_slot_: id  0 | task -1 | sampler params: 
ollama-1  | 	repeat_last_n = 64, repeat_penalty = 1.000, frequency_penalty = 0.000, presence_penalty = 0.000
ollama-1  | 	dry_multiplier = 0.000, dry_base = 1.750, dry_allowed_length = 2, dry_penalty_last_n = 64
ollama-1  | 	top_k = 40, top_p = 0.900, min_p = 0.000, xtc_probability = 0.000, xtc_threshold = 0.100, typical_p = 1.000, top_n_sigma = -1.000, temp = 0.000
ollama-1  | 	mirostat = 0, mirostat_lr = 0.100, mirostat_ent = 5.000, adaptive_target = -1.000, adaptive_decay = 0.900
ollama-1  | slot launch_slot_: id  0 | task 9669 | processing task, is_child = 0
ollama-1  | slot   operator(): id  0 | task 9669 | new prompt, n_ctx_slot = 4096, n_keep = 4, task.n_tokens = 449
ollama-1  | slot   operator(): id  0 | task 9669 | cached n_tokens = 328, memory_seq_rm [328, end)
ollama-1  | slot init_sampler: id  0 | task 9669 | init sampler, took 0.04 ms, tokens: text = 449, total = 449
ollama-1  | slot print_timing: id  0 | task 9669 | prompt eval time =     470.41 ms /   121 tokens (    3.89 ms per token,   257.22 tokens per second)
ollama-1  | slot print_timing: id  0 | task 9669 |        eval time =     151.64 ms /     8 tokens (   21.66 ms per token,    46.16 tokens per second)
ollama-1  | slot print_timing: id  0 | task 9669 |       total time =     622.04 ms /   129 tokens
ollama-1  | slot print_timing: id  0 | task 9669 |    graphs reused =       6621
ollama-1  | slot      release: id  0 | task 9669 | stop processing: n_tokens = 456, truncated = 0
ollama-1  | srv  update_slots: all slots are idle
ollama-1  | [GIN] 2026/10/07 - 10:55:44 | 200 |  4.851415108s |      172.21.0.4 | POST     "/api/generate"
ollama-1  | srv  server_strea: conv_id= (empty=1)
ollama-1  | slot get_availabl: id  0 | task -1 |  - checking sim = 0.800 (328/410) > 0.100
ollama-1  | slot get_availabl: id  0 | task -1 | selected slot by LCP similarity, f_sim_best = 0.800 (> 0.100 thold), f_keep = 0.719
ollama-1  | slot launch_slot_: id  0 | task -1 | sampler chain: logits -> ?penalties -> ?dry -> ?top-n-sigma -> top-k -> ?typical -> top-p -> ?min-p -> ?xtc -> temp-ext -> dist 
ollama-1  | slot launch_slot_: id  0 | task -1 | sampler params: 
ollama-1  | 	repeat_last_n = 64, repeat_penalty = 1.000, frequency_penalty = 0.000, presence_penalty = 0.000
ollama-1  | 	dry_multiplier = 0.000, dry_base = 1.750, dry_allowed_length = 2, dry_penalty_last_n = 64
ollama-1  | 	top_k = 40, top_p = 0.900, min_p = 0.000, xtc_probability = 0.000, xtc_threshold = 0.100, typical_p = 1.000, top_n_sigma = -1.000, temp = 0.000
ollama-1  | 	mirostat = 0, mirostat_lr = 0.100, mirostat_ent = 5.000, adaptive_target = -1.000, adaptive_decay = 0.900
ollama-1  | slot launch_slot_: id  0 | task 9678 | processing task, is_child = 0
ollama-1  | slot   operator(): id  0 | task 9678 | new prompt, n_ctx_slot = 4096, n_keep = 4, task.n_tokens = 410
ollama-1  | slot   operator(): id  0 | task 9678 | cached n_tokens = 328, memory_seq_rm [328, end)
ollama-1  | slot init_sampler: id  0 | task 9678 | init sampler, took 0.05 ms, tokens: text = 410, total = 410
ollama-1  | slot print_timing: id  0 | task 9678 | prompt eval time =     326.24 ms /    82 tokens (    3.98 ms per token,   251.35 tokens per second)
ollama-1  | slot print_timing: id  0 | task 9678 |        eval time =     152.34 ms /     8 tokens (   21.76 ms per token,    45.95 tokens per second)
ollama-1  | slot print_timing: id  0 | task 9678 |       total time =     478.58 ms /    90 tokens
ollama-1  | slot print_timing: id  0 | task 9678 |    graphs reused =       6627
ollama-1  | slot      release: id  0 | task 9678 | stop processing: n_tokens = 417, truncated = 0
ollama-1  | srv  update_slots: all slots are idle
ollama-1  | [GIN] 2026/10/07 - 10:55:45 | 200 |  5.236710234s |      172.21.0.4 | POST     "/api/generate"
ollama-1  | srv  server_strea: conv_id= (empty=1)
ollama-1  | slot get_availabl: id  0 | task -1 |  - checking sim = 0.791 (329/416) > 0.100
ollama-1  | slot get_availabl: id  0 | task -1 | selected slot by LCP similarity, f_sim_best = 0.791 (> 0.100 thold), f_keep = 0.789
ollama-1  | slot launch_slot_: id  0 | task -1 | sampler chain: logits -> ?penalties -> ?dry -> ?top-n-sigma -> top-k -> ?typical -> top-p -> ?min-p -> ?xtc -> temp-ext -> dist 
ollama-1  | slot launch_slot_: id  0 | task -1 | sampler params: 
ollama-1  | 	repeat_last_n = 64, repeat_penalty = 1.000, frequency_penalty = 0.000, presence_penalty = 0.000
ollama-1  | 	dry_multiplier = 0.000, dry_base = 1.750, dry_allowed_length = 2, dry_penalty_last_n = 64
ollama-1  | 	top_k = 40, top_p = 0.900, min_p = 0.000, xtc_probability = 0.000, xtc_threshold = 0.100, typical_p = 1.000, top_n_sigma = -1.000, temp = 0.000
ollama-1  | 	mirostat = 0, mirostat_lr = 0.100, mirostat_ent = 5.000, adaptive_target = -1.000, adaptive_decay = 0.900
ollama-1  | slot launch_slot_: id  0 | task 9687 | processing task, is_child = 0
ollama-1  | slot   operator(): id  0 | task 9687 | new prompt, n_ctx_slot = 4096, n_keep = 4, task.n_tokens = 416
ollama-1  | slot   operator(): id  0 | task 9687 | cached n_tokens = 329, memory_seq_rm [329, end)
ollama-1  | slot init_sampler: id  0 | task 9687 | init sampler, took 0.05 ms, tokens: text = 416, total = 416
ollama-1  | slot print_timing: id  0 | task 9687 | prompt eval time =     353.49 ms /    87 tokens (    4.06 ms per token,   246.12 tokens per second)
ollama-1  | slot print_timing: id  0 | task 9687 |        eval time =     168.19 ms /     9 tokens (   21.02 ms per token,    47.57 tokens per second)
ollama-1  | slot print_timing: id  0 | task 9687 |       total time =     521.68 ms /    96 tokens
ollama-1  | slot print_timing: id  0 | task 9687 |    graphs reused =       6634
ollama-1  | slot      release: id  0 | task 9687 | stop processing: n_tokens = 424, truncated = 0
ollama-1  | srv  update_slots: all slots are idle
ollama-1  | [GIN] 2026/10/07 - 10:55:45 | 200 |  5.594256288s |      172.21.0.4 | POST     "/api/generate"
ollama-1  | srv  server_strea: conv_id= (empty=1)
ollama-1  | slot get_availabl: id  0 | task -1 |  - checking sim = 0.754 (328/435) > 0.100
ollama-1  | slot get_availabl: id  0 | task -1 | selected slot by LCP similarity, f_sim_best = 0.754 (> 0.100 thold), f_keep = 0.774
ollama-1  | slot launch_slot_: id  0 | task -1 | sampler chain: logits -> ?penalties -> ?dry -> ?top-n-sigma -> top-k -> ?typical -> top-p -> ?min-p -> ?xtc -> temp-ext -> dist 
ollama-1  | slot launch_slot_: id  0 | task -1 | sampler params: 
ollama-1  | 	repeat_last_n = 64, repeat_penalty = 1.000, frequency_penalty = 0.000, presence_penalty = 0.000
ollama-1  | 	dry_multiplier = 0.000, dry_base = 1.750, dry_allowed_length = 2, dry_penalty_last_n = 64
ollama-1  | 	top_k = 40, top_p = 0.900, min_p = 0.000, xtc_probability = 0.000, xtc_threshold = 0.100, typical_p = 1.000, top_n_sigma = -1.000, temp = 0.000
ollama-1  | 	mirostat = 0, mirostat_lr = 0.100, mirostat_ent = 5.000, adaptive_target = -1.000, adaptive_decay = 0.900
ollama-1  | slot launch_slot_: id  0 | task 9697 | processing task, is_child = 0
ollama-1  | slot   operator(): id  0 | task 9697 | new prompt, n_ctx_slot = 4096, n_keep = 4, task.n_tokens = 435
ollama-1  | slot   operator(): id  0 | task 9697 | cached n_tokens = 328, memory_seq_rm [328, end)
ollama-1  | slot init_sampler: id  0 | task 9697 | init sampler, took 0.05 ms, tokens: text = 435, total = 435
ollama-1  | slot print_timing: id  0 | task 9697 | prompt eval time =     423.51 ms /   107 tokens (    3.96 ms per token,   252.65 tokens per second)
ollama-1  | slot print_timing: id  0 | task 9697 |        eval time =     162.41 ms /     9 tokens (   20.30 ms per token,    49.26 tokens per second)
ollama-1  | slot print_timing: id  0 | task 9697 |       total time =     585.92 ms /   116 tokens
ollama-1  | slot print_timing: id  0 | task 9697 |    graphs reused =       6641
ollama-1  | slot      release: id  0 | task 9697 | stop processing: n_tokens = 443, truncated = 0
ollama-1  | srv  update_slots: all slots are idle
ollama-1  | [GIN] 2026/10/07 - 10:55:46 | 200 |  5.568023667s |      172.21.0.4 | POST     "/api/generate"
ollama-1  | srv  server_strea: conv_id= (empty=1)
ollama-1  | slot get_availabl: id  0 | task -1 |  - checking sim = 0.682 (328/481) > 0.100
ollama-1  | slot get_availabl: id  0 | task -1 | selected slot by LCP similarity, f_sim_best = 0.682 (> 0.100 thold), f_keep = 0.740
ollama-1  | slot launch_slot_: id  0 | task -1 | sampler chain: logits -> ?penalties -> ?dry -> ?top-n-sigma -> top-k -> ?typical -> top-p -> ?min-p -> ?xtc -> temp-ext -> dist 
ollama-1  | slot launch_slot_: id  0 | task -1 | sampler params: 
ollama-1  | 	repeat_last_n = 64, repeat_penalty = 1.000, frequency_penalty = 0.000, presence_penalty = 0.000
ollama-1  | 	dry_multiplier = 0.000, dry_base = 1.750, dry_allowed_length = 2, dry_penalty_last_n = 64
ollama-1  | 	top_k = 40, top_p = 0.900, min_p = 0.000, xtc_probability = 0.000, xtc_threshold = 0.100, typical_p = 1.000, top_n_sigma = -1.000, temp = 0.000
ollama-1  | 	mirostat = 0, mirostat_lr = 0.100, mirostat_ent = 5.000, adaptive_target = -1.000, adaptive_decay = 0.900
ollama-1  | slot launch_slot_: id  0 | task 9707 | processing task, is_child = 0
ollama-1  | slot   operator(): id  0 | task 9707 | new prompt, n_ctx_slot = 4096, n_keep = 4, task.n_tokens = 481
ollama-1  | slot   operator(): id  0 | task 9707 | cached n_tokens = 328, memory_seq_rm [328, end)
ollama-1  | slot init_sampler: id  0 | task 9707 | init sampler, took 0.05 ms, tokens: text = 481, total = 481
ollama-1  | slot print_timing: id  0 | task 9707 | prompt eval time =     607.86 ms /   153 tokens (    3.97 ms per token,   251.70 tokens per second)
ollama-1  | slot print_timing: id  0 | task 9707 |        eval time =     175.22 ms /     9 tokens (   21.90 ms per token,    45.66 tokens per second)
ollama-1  | slot print_timing: id  0 | task 9707 |       total time =     783.08 ms /   162 tokens
ollama-1  | slot print_timing: id  0 | task 9707 |    graphs reused =       6648
ollama-1  | slot      release: id  0 | task 9707 | stop processing: n_tokens = 489, truncated = 0
ollama-1  | srv  update_slots: all slots are idle
ollama-1  | [GIN] 2026/10/07 - 10:55:47 | 200 |  5.940341561s |      172.21.0.4 | POST     "/api/generate"
ollama-1  | srv  server_strea: conv_id= (empty=1)
ollama-1  | slot get_availabl: id  0 | task -1 |  - checking sim = 0.698 (328/470) > 0.100
ollama-1  | slot get_availabl: id  0 | task -1 | selected slot by LCP similarity, f_sim_best = 0.698 (> 0.100 thold), f_keep = 0.671
ollama-1  | slot launch_slot_: id  0 | task -1 | sampler chain: logits -> ?penalties -> ?dry -> ?top-n-sigma -> top-k -> ?typical -> top-p -> ?min-p -> ?xtc -> temp-ext -> dist 
ollama-1  | slot launch_slot_: id  0 | task -1 | sampler params: 
ollama-1  | 	repeat_last_n = 64, repeat_penalty = 1.000, frequency_penalty = 0.000, presence_penalty = 0.000
ollama-1  | 	dry_multiplier = 0.000, dry_base = 1.750, dry_allowed_length = 2, dry_penalty_last_n = 64
ollama-1  | 	top_k = 40, top_p = 0.900, min_p = 0.000, xtc_probability = 0.000, xtc_threshold = 0.100, typical_p = 1.000, top_n_sigma = -1.000, temp = 0.000
ollama-1  | 	mirostat = 0, mirostat_lr = 0.100, mirostat_ent = 5.000, adaptive_target = -1.000, adaptive_decay = 0.900
ollama-1  | slot launch_slot_: id  0 | task 9717 | processing task, is_child = 0
ollama-1  | slot   operator(): id  0 | task 9717 | new prompt, n_ctx_slot = 4096, n_keep = 4, task.n_tokens = 470
ollama-1  | slot   operator(): id  0 | task 9717 | cached n_tokens = 328, memory_seq_rm [328, end)
ollama-1  | slot init_sampler: id  0 | task 9717 | init sampler, took 0.05 ms, tokens: text = 470, total = 470
ollama-1  | slot print_timing: id  0 | task 9717 | prompt eval time =     558.61 ms /   142 tokens (    3.93 ms per token,   254.20 tokens per second)
ollama-1  | slot print_timing: id  0 | task 9717 |        eval time =     167.23 ms /     8 tokens (   23.89 ms per token,    41.86 tokens per second)
ollama-1  | slot print_timing: id  0 | task 9717 |       total time =     725.84 ms /   150 tokens
ollama-1  | slot print_timing: id  0 | task 9717 |    graphs reused =       6654
ollama-1  | slot      release: id  0 | task 9717 | stop processing: n_tokens = 477, truncated = 0
ollama-1  | srv  update_slots: all slots are idle
ollama-1  | [GIN] 2026/10/07 - 10:55:48 | 200 |  6.015298671s |      172.21.0.4 | POST     "/api/generate"
ollama-1  | srv  server_strea: conv_id= (empty=1)
ollama-1  | slot get_availabl: id  0 | task -1 |  - checking sim = 0.428 (328/766) > 0.100
ollama-1  | slot get_availabl: id  0 | task -1 | selected slot by LCP similarity, f_sim_best = 0.428 (> 0.100 thold), f_keep = 0.688
ollama-1  | slot launch_slot_: id  0 | task -1 | sampler chain: logits -> ?penalties -> ?dry -> ?top-n-sigma -> top-k -> ?typical -> top-p -> ?min-p -> ?xtc -> temp-ext -> dist 
ollama-1  | slot launch_slot_: id  0 | task -1 | sampler params: 
ollama-1  | 	repeat_last_n = 64, repeat_penalty = 1.000, frequency_penalty = 0.000, presence_penalty = 0.000
ollama-1  | 	dry_multiplier = 0.000, dry_base = 1.750, dry_allowed_length = 2, dry_penalty_last_n = 64
ollama-1  | 	top_k = 40, top_p = 0.900, min_p = 0.000, xtc_probability = 0.000, xtc_threshold = 0.100, typical_p = 1.000, top_n_sigma = -1.000, temp = 0.000
ollama-1  | 	mirostat = 0, mirostat_lr = 0.100, mirostat_ent = 5.000, adaptive_target = -1.000, adaptive_decay = 0.900
ollama-1  | slot launch_slot_: id  0 | task 9726 | processing task, is_child = 0
ollama-1  | slot   operator(): id  0 | task 9726 | new prompt, n_ctx_slot = 4096, n_keep = 4, task.n_tokens = 766
ollama-1  | slot   operator(): id  0 | task 9726 | cached n_tokens = 328, memory_seq_rm [328, end)
ollama-1  | slot init_sampler: id  0 | task 9726 | init sampler, took 0.09 ms, tokens: text = 766, total = 766
ollama-1  | [GIN] 2026/10/07 - 10:55:48 | 200 |      17.867µs |       127.0.0.1 | HEAD     "/"
ollama-1  | [GIN] 2026/10/07 - 10:55:48 | 200 |      880.18µs |       127.0.0.1 | GET      "/api/tags"
ollama-1  | slot print_timing: id  0 | task 9726 | prompt eval time =    1673.30 ms /   438 tokens (    3.82 ms per token,   261.76 tokens per second)
ollama-1  | slot print_timing: id  0 | task 9726 |        eval time =     150.85 ms /     8 tokens (   21.55 ms per token,    46.40 tokens per second)
ollama-1  | slot print_timing: id  0 | task 9726 |       total time =    1824.15 ms /   446 tokens
ollama-1  | slot print_timing: id  0 | task 9726 |    graphs reused =       6659
ollama-1  | slot      release: id  0 | task 9726 | stop processing: n_tokens = 773, truncated = 0
ollama-1  | srv  update_slots: all slots are idle
ollama-1  | [GIN] 2026/10/07 - 10:55:49 | 200 |  7.782509134s |      172.21.0.4 | POST     "/api/generate"
ollama-1  | srv  server_strea: conv_id= (empty=1)
ollama-1  | slot get_availabl: id  0 | task -1 |  - checking sim = 0.804 (329/409) > 0.100
ollama-1  | slot get_availabl: id  0 | task -1 | selected slot by LCP similarity, f_sim_best = 0.804 (> 0.100 thold), f_keep = 0.426
ollama-1  | srv  get_availabl: updating prompt cache
ollama-1  | srv   prompt_save:  - saving prompt with length 773, total state size = 24.165 MiB (draft: 0.000 MiB)
ollama-1  | srv         alloc:  - prompt is already in the cache, skipping
ollama-1  | srv          load:  - looking for better prompt, base f_keep = 0.426, f_sim = 0.804
ollama-1  | srv          load:    - prompt with length     709, lcp =     328, f_keep = 0.463, f_sim = 0.802
ollama-1  | srv          load:    - prompt with length     700, lcp =     328, f_keep = 0.469, f_sim = 0.802
ollama-1  | srv          load:    - prompt with length     695, lcp =     328, f_keep = 0.472, f_sim = 0.802
ollama-1  | srv          load:    - prompt with length     670, lcp =     328, f_keep = 0.490, f_sim = 0.802
ollama-1  | srv          load:    - prompt with length     730, lcp =     328, f_keep = 0.449, f_sim = 0.802
ollama-1  | srv          load:    - prompt with length     779, lcp =     328, f_keep = 0.421, f_sim = 0.802
ollama-1  | srv          load:    - prompt with length     805, lcp =     328, f_keep = 0.407, f_sim = 0.802
ollama-1  | srv          load:    - prompt with length     696, lcp =     328, f_keep = 0.471, f_sim = 0.802
ollama-1  | srv          load:    - prompt with length     962, lcp =     328, f_keep = 0.341, f_sim = 0.802
ollama-1  | srv          load:    - prompt with length     705, lcp =     328, f_keep = 0.465, f_sim = 0.802
ollama-1  | srv          load:    - prompt with length     722, lcp =     328, f_keep = 0.454, f_sim = 0.802
ollama-1  | srv          load:    - prompt with length     704, lcp =     328, f_keep = 0.466, f_sim = 0.802
ollama-1  | srv          load:    - prompt with length     710, lcp =     328, f_keep = 0.462, f_sim = 0.802
ollama-1  | srv          load:    - prompt with length     752, lcp =     328, f_keep = 0.436, f_sim = 0.802
ollama-1  | srv          load:    - prompt with length     683, lcp =     328, f_keep = 0.480, f_sim = 0.802
ollama-1  | srv          load:    - prompt with length     774, lcp =     328, f_keep = 0.424, f_sim = 0.802
ollama-1  | srv          load:    - prompt with length     777, lcp =     328, f_keep = 0.422, f_sim = 0.802
ollama-1  | srv          load:    - prompt with length     773, lcp =     329, f_keep = 0.426, f_sim = 0.804
ollama-1  | srv          load:    - prompt with length     740, lcp =     328, f_keep = 0.443, f_sim = 0.802
ollama-1  | srv          load:    - prompt with length     738, lcp =     330, f_keep = 0.447, f_sim = 0.807
ollama-1  | srv          load:    - prompt with length     691, lcp =     330, f_keep = 0.478, f_sim = 0.807
ollama-1  | srv          load:    - prompt with length     738, lcp =     328, f_keep = 0.444, f_sim = 0.802
ollama-1  | srv          load:    - prompt with length     730, lcp =     329, f_keep = 0.451, f_sim = 0.804
ollama-1  | srv          load:    - prompt with length     733, lcp =     328, f_keep = 0.447, f_sim = 0.802
ollama-1  | srv          load:    - prompt with length     798, lcp =     329, f_keep = 0.412, f_sim = 0.804
ollama-1  | srv          load:    - prompt with length     661, lcp =     328, f_keep = 0.496, f_sim = 0.802
ollama-1  | srv          load:    - prompt with length     771, lcp =     328, f_keep = 0.425, f_sim = 0.802
ollama-1  | srv          load:    - prompt with length     684, lcp =     329, f_keep = 0.481, f_sim = 0.804
ollama-1  | srv          load:    - prompt with length     659, lcp =     329, f_keep = 0.499, f_sim = 0.804
ollama-1  | srv          load:  - found better prompt with f_keep = 0.447, f_sim = 0.807
ollama-1  | srv        update:  - cache state: 28 prompts, 642.465 MiB (limits: 8192.000 MiB, 4096 tokens, 262043 est)
ollama-1  | srv        update:    - prompt 0x2111c2b0:     709 tokens, checkpoints:  0,    22.165 MiB
ollama-1  | srv        update:    - prompt 0x1d133370:     700 tokens, checkpoints:  0,    21.883 MiB
ollama-1  | srv        update:    - prompt 0x1d12e2c0:     695 tokens, checkpoints:  0,    21.727 MiB
ollama-1  | srv        update:    - prompt 0x1d12d8d0:     670 tokens, checkpoints:  0,    20.946 MiB
ollama-1  | srv        update:    - prompt 0x1d708a50:     730 tokens, checkpoints:  0,    22.821 MiB
ollama-1  | srv        update:    - prompt 0x1d12ae00:     779 tokens, checkpoints:  0,    24.353 MiB
ollama-1  | srv        update:    - prompt 0x1d728d30:     805 tokens, checkpoints:  0,    25.166 MiB
ollama-1  | srv        update:    - prompt 0x2427f580:     696 tokens, checkpoints:  0,    21.758 MiB
ollama-1  | srv        update:    - prompt 0x30e39f50:     962 tokens, checkpoints:  0,    30.074 MiB
ollama-1  | srv        update:    - prompt 0x1e85d3b0:     705 tokens, checkpoints:  0,    22.040 MiB
ollama-1  | srv        update:    - prompt 0x1e7a4ad0:     722 tokens, checkpoints:  0,    22.571 MiB
ollama-1  | srv        update:    - prompt 0x24d036a0:     704 tokens, checkpoints:  0,    22.008 MiB
ollama-1  | srv        update:    - prompt 0x1e75fd60:     710 tokens, checkpoints:  0,    22.196 MiB
ollama-1  | srv        update:    - prompt 0x24367aa0:     752 tokens, checkpoints:  0,    23.509 MiB
ollama-1  | srv        update:    - prompt 0x243c6d30:     683 tokens, checkpoints:  0,    21.352 MiB
ollama-1  | srv        update:    - prompt 0x248f24c0:     774 tokens, checkpoints:  0,    24.197 MiB
ollama-1  | srv        update:    - prompt 0x24273cf0:     777 tokens, checkpoints:  0,    24.291 MiB
ollama-1  | srv        update:    - prompt 0x2a28fe40:     773 tokens, checkpoints:  0,    24.165 MiB
ollama-1  | srv        update:    - prompt 0x2448abc0:     740 tokens, checkpoints:  0,    23.134 MiB
ollama-1  | srv        update:    - prompt 0x242cfd20:     691 tokens, checkpoints:  0,    21.602 MiB
ollama-1  | srv        update:    - prompt 0x2444bcc0:     738 tokens, checkpoints:  0,    23.071 MiB
ollama-1  | srv        update:    - prompt 0x1d311810:     730 tokens, checkpoints:  0,    22.821 MiB
ollama-1  | srv        update:    - prompt 0x242f5d40:     733 tokens, checkpoints:  0,    22.915 MiB
ollama-1  | srv        update:    - prompt 0x24d350b0:     798 tokens, checkpoints:  0,    24.947 MiB
ollama-1  | srv        update:    - prompt 0x2437a2b0:     661 tokens, checkpoints:  0,    20.664 MiB
ollama-1  | srv        update:    - prompt 0x2a2a47f0:     771 tokens, checkpoints:  0,    24.103 MiB
ollama-1  | srv        update:    - prompt 0x2443a0e0:     684 tokens, checkpoints:  0,    21.383 MiB
ollama-1  | srv        update:    - prompt 0x1e82e9b0:     659 tokens, checkpoints:  0,    20.602 MiB
ollama-1  | srv  get_availabl: prompt cache update took 6.11 ms
ollama-1  | slot launch_slot_: id  0 | task -1 | sampler chain: logits -> ?penalties -> ?dry -> ?top-n-sigma -> top-k -> ?typical -> top-p -> ?min-p -> ?xtc -> temp-ext -> dist 
ollama-1  | slot launch_slot_: id  0 | task -1 | sampler params: 
ollama-1  | 	repeat_last_n = 64, repeat_penalty = 1.000, frequency_penalty = 0.000, presence_penalty = 0.000
ollama-1  | 	dry_multiplier = 0.000, dry_base = 1.750, dry_allowed_length = 2, dry_penalty_last_n = 64
ollama-1  | 	top_k = 40, top_p = 0.900, min_p = 0.000, xtc_probability = 0.000, xtc_threshold = 0.100, typical_p = 1.000, top_n_sigma = -1.000, temp = 0.000
ollama-1  | 	mirostat = 0, mirostat_lr = 0.100, mirostat_ent = 5.000, adaptive_target = -1.000, adaptive_decay = 0.900
ollama-1  | slot launch_slot_: id  0 | task 9735 | processing task, is_child = 0
ollama-1  | slot   operator(): id  0 | task 9735 | new prompt, n_ctx_slot = 4096, n_keep = 4, task.n_tokens = 409
ollama-1  | slot   operator(): id  0 | task 9735 | cached n_tokens = 330, memory_seq_rm [330, end)
ollama-1  | slot init_sampler: id  0 | task 9735 | init sampler, took 0.03 ms, tokens: text = 409, total = 409
ollama-1  | slot print_timing: id  0 | task 9735 | prompt eval time =     318.16 ms /    79 tokens (    4.03 ms per token,   248.30 tokens per second)
ollama-1  | slot print_timing: id  0 | task 9735 |        eval time =     160.41 ms /     8 tokens (   22.92 ms per token,    43.64 tokens per second)
ollama-1  | slot print_timing: id  0 | task 9735 |       total time =     478.57 ms /    87 tokens
ollama-1  | slot print_timing: id  0 | task 9735 |    graphs reused =       6665
ollama-1  | slot      release: id  0 | task 9735 | stop processing: n_tokens = 416, truncated = 0
ollama-1  | srv  update_slots: all slots are idle
ollama-1  | [GIN] 2026/10/07 - 10:55:50 | 200 |  6.607488462s |      172.21.0.4 | POST     "/api/generate"
ollama-1  | srv  server_strea: conv_id= (empty=1)
ollama-1  | slot get_availabl: id  0 | task -1 |  - checking sim = 0.689 (330/479) > 0.100
ollama-1  | slot get_availabl: id  0 | task -1 | selected slot by LCP similarity, f_sim_best = 0.689 (> 0.100 thold), f_keep = 0.793
ollama-1  | slot launch_slot_: id  0 | task -1 | sampler chain: logits -> ?penalties -> ?dry -> ?top-n-sigma -> top-k -> ?typical -> top-p -> ?min-p -> ?xtc -> temp-ext -> dist 
ollama-1  | slot launch_slot_: id  0 | task -1 | sampler params: 
ollama-1  | 	repeat_last_n = 64, repeat_penalty = 1.000, frequency_penalty = 0.000, presence_penalty = 0.000
ollama-1  | 	dry_multiplier = 0.000, dry_base = 1.750, dry_allowed_length = 2, dry_penalty_last_n = 64
ollama-1  | 	top_k = 40, top_p = 0.900, min_p = 0.000, xtc_probability = 0.000, xtc_threshold = 0.100, typical_p = 1.000, top_n_sigma = -1.000, temp = 0.000
ollama-1  | 	mirostat = 0, mirostat_lr = 0.100, mirostat_ent = 5.000, adaptive_target = -1.000, adaptive_decay = 0.900
ollama-1  | slot launch_slot_: id  0 | task 9744 | processing task, is_child = 0
ollama-1  | slot   operator(): id  0 | task 9744 | new prompt, n_ctx_slot = 4096, n_keep = 4, task.n_tokens = 479
ollama-1  | slot   operator(): id  0 | task 9744 | cached n_tokens = 330, memory_seq_rm [330, end)
ollama-1  | slot init_sampler: id  0 | task 9744 | init sampler, took 0.05 ms, tokens: text = 479, total = 479
ollama-1  | slot print_timing: id  0 | task 9744 | prompt eval time =     599.29 ms /   149 tokens (    4.02 ms per token,   248.63 tokens per second)
ollama-1  | slot print_timing: id  0 | task 9744 |        eval time =     168.74 ms /     8 tokens (   24.11 ms per token,    41.48 tokens per second)
ollama-1  | slot print_timing: id  0 | task 9744 |       total time =     768.03 ms /   157 tokens
ollama-1  | slot print_timing: id  0 | task 9744 |    graphs reused =       6671
ollama-1  | slot      release: id  0 | task 9744 | stop processing: n_tokens = 486, truncated = 0
ollama-1  | srv  update_slots: all slots are idle
ollama-1  | [GIN] 2026/10/07 - 10:55:51 | 200 |  4.614144796s |      172.21.0.4 | POST     "/api/generate"
ollama-1  | srv  server_strea: conv_id= (empty=1)
ollama-1  | slot get_availabl: id  0 | task -1 |  - checking sim = 0.877 (329/375) > 0.100
ollama-1  | slot get_availabl: id  0 | task -1 | selected slot by LCP similarity, f_sim_best = 0.877 (> 0.100 thold), f_keep = 0.677
ollama-1  | slot launch_slot_: id  0 | task -1 | sampler chain: logits -> ?penalties -> ?dry -> ?top-n-sigma -> top-k -> ?typical -> top-p -> ?min-p -> ?xtc -> temp-ext -> dist 
ollama-1  | slot launch_slot_: id  0 | task -1 | sampler params: 
ollama-1  | 	repeat_last_n = 64, repeat_penalty = 1.000, frequency_penalty = 0.000, presence_penalty = 0.000
ollama-1  | 	dry_multiplier = 0.000, dry_base = 1.750, dry_allowed_length = 2, dry_penalty_last_n = 64
ollama-1  | 	top_k = 40, top_p = 0.900, min_p = 0.000, xtc_probability = 0.000, xtc_threshold = 0.100, typical_p = 1.000, top_n_sigma = -1.000, temp = 0.000
ollama-1  | 	mirostat = 0, mirostat_lr = 0.100, mirostat_ent = 5.000, adaptive_target = -1.000, adaptive_decay = 0.900
ollama-1  | slot launch_slot_: id  0 | task 9753 | processing task, is_child = 0
ollama-1  | slot   operator(): id  0 | task 9753 | new prompt, n_ctx_slot = 4096, n_keep = 4, task.n_tokens = 375
ollama-1  | slot   operator(): id  0 | task 9753 | cached n_tokens = 329, memory_seq_rm [329, end)
ollama-1  | slot init_sampler: id  0 | task 9753 | init sampler, took 0.04 ms, tokens: text = 375, total = 375
ollama-1  | slot print_timing: id  0 | task 9753 | prompt eval time =     192.35 ms /    46 tokens (    4.18 ms per token,   239.15 tokens per second)
ollama-1  | slot print_timing: id  0 | task 9753 |        eval time =     175.86 ms /     9 tokens (   21.98 ms per token,    45.49 tokens per second)
ollama-1  | slot print_timing: id  0 | task 9753 |       total time =     368.21 ms /    55 tokens
ollama-1  | slot print_timing: id  0 | task 9753 |    graphs reused =       6678
ollama-1  | slot      release: id  0 | task 9753 | stop processing: n_tokens = 383, truncated = 0
ollama-1  | srv  update_slots: all slots are idle
ollama-1  | [GIN] 2026/10/07 - 10:55:51 | 200 |  4.355076382s |      172.21.0.4 | POST     "/api/generate"
ollama-1  | srv  server_strea: conv_id= (empty=1)
ollama-1  | slot get_availabl: id  0 | task -1 |  - checking sim = 0.425 (328/772) > 0.100
ollama-1  | slot get_availabl: id  0 | task -1 | selected slot by LCP similarity, f_sim_best = 0.425 (> 0.100 thold), f_keep = 0.856
ollama-1  | slot launch_slot_: id  0 | task -1 | sampler chain: logits -> ?penalties -> ?dry -> ?top-n-sigma -> top-k -> ?typical -> top-p -> ?min-p -> ?xtc -> temp-ext -> dist 
ollama-1  | slot launch_slot_: id  0 | task -1 | sampler params: 
ollama-1  | 	repeat_last_n = 64, repeat_penalty = 1.000, frequency_penalty = 0.000, presence_penalty = 0.000
ollama-1  | 	dry_multiplier = 0.000, dry_base = 1.750, dry_allowed_length = 2, dry_penalty_last_n = 64
ollama-1  | 	top_k = 40, top_p = 0.900, min_p = 0.000, xtc_probability = 0.000, xtc_threshold = 0.100, typical_p = 1.000, top_n_sigma = -1.000, temp = 0.000
ollama-1  | 	mirostat = 0, mirostat_lr = 0.100, mirostat_ent = 5.000, adaptive_target = -1.000, adaptive_decay = 0.900
ollama-1  | slot launch_slot_: id  0 | task 9763 | processing task, is_child = 0
ollama-1  | slot   operator(): id  0 | task 9763 | new prompt, n_ctx_slot = 4096, n_keep = 4, task.n_tokens = 772
ollama-1  | slot   operator(): id  0 | task 9763 | cached n_tokens = 328, memory_seq_rm [328, end)
ollama-1  | slot init_sampler: id  0 | task 9763 | init sampler, took 0.06 ms, tokens: text = 772, total = 772
ollama-1  | slot print_timing: id  0 | task 9763 | prompt eval time =    1746.38 ms /   444 tokens (    3.93 ms per token,   254.24 tokens per second)
ollama-1  | slot print_timing: id  0 | task 9763 |        eval time =     151.06 ms /     8 tokens (   21.58 ms per token,    46.34 tokens per second)
ollama-1  | slot print_timing: id  0 | task 9763 |       total time =    1897.44 ms /   452 tokens
ollama-1  | slot print_timing: id  0 | task 9763 |    graphs reused =       6684
ollama-1  | slot      release: id  0 | task 9763 | stop processing: n_tokens = 779, truncated = 0
ollama-1  | srv  update_slots: all slots are idle
ollama-1  | [GIN] 2026/10/07 - 10:55:53 | 200 |  4.891126591s |      172.21.0.4 | POST     "/api/generate"
ollama-1  | srv  server_strea: conv_id= (empty=1)
ollama-1  | slot get_availabl: id  0 | task -1 |  - checking sim = 0.611 (328/537) > 0.100
ollama-1  | slot get_availabl: id  0 | task -1 | selected slot by LCP similarity, f_sim_best = 0.611 (> 0.100 thold), f_keep = 0.421
ollama-1  | srv  get_availabl: updating prompt cache
ollama-1  | srv   prompt_save:  - saving prompt with length 779, total state size = 24.353 MiB (draft: 0.000 MiB)
ollama-1  | srv         alloc:  - prompt is already in the cache, skipping
ollama-1  | srv          load:  - looking for better prompt, base f_keep = 0.421, f_sim = 0.611
ollama-1  | srv          load:    - prompt with length     709, lcp =     328, f_keep = 0.463, f_sim = 0.611
ollama-1  | srv          load:    - prompt with length     700, lcp =     328, f_keep = 0.469, f_sim = 0.611
ollama-1  | srv          load:    - prompt with length     695, lcp =     328, f_keep = 0.472, f_sim = 0.611
ollama-1  | srv          load:    - prompt with length     670, lcp =     328, f_keep = 0.490, f_sim = 0.611
ollama-1  | srv          load:    - prompt with length     730, lcp =     328, f_keep = 0.449, f_sim = 0.611
ollama-1  | srv          load:    - prompt with length     779, lcp =     328, f_keep = 0.421, f_sim = 0.611
ollama-1  | srv          load:    - prompt with length     805, lcp =     328, f_keep = 0.407, f_sim = 0.611
ollama-1  | srv          load:    - prompt with length     696, lcp =     328, f_keep = 0.471, f_sim = 0.611
ollama-1  | srv          load:    - prompt with length     962, lcp =     328, f_keep = 0.341, f_sim = 0.611
ollama-1  | srv          load:    - prompt with length     705, lcp =     328, f_keep = 0.465, f_sim = 0.611
ollama-1  | srv          load:    - prompt with length     722, lcp =     328, f_keep = 0.454, f_sim = 0.611
ollama-1  | srv          load:    - prompt with length     704, lcp =     328, f_keep = 0.466, f_sim = 0.611
ollama-1  | srv          load:    - prompt with length     710, lcp =     328, f_keep = 0.462, f_sim = 0.611
ollama-1  | srv          load:    - prompt with length     752, lcp =     328, f_keep = 0.436, f_sim = 0.611
ollama-1  | srv          load:    - prompt with length     683, lcp =     328, f_keep = 0.480, f_sim = 0.611
ollama-1  | srv          load:    - prompt with length     774, lcp =     329, f_keep = 0.425, f_sim = 0.613
ollama-1  | srv          load:    - prompt with length     777, lcp =     328, f_keep = 0.422, f_sim = 0.611
ollama-1  | srv          load:    - prompt with length     773, lcp =     328, f_keep = 0.424, f_sim = 0.611
ollama-1  | srv          load:    - prompt with length     740, lcp =     328, f_keep = 0.443, f_sim = 0.611
ollama-1  | srv          load:    - prompt with length     691, lcp =     328, f_keep = 0.475, f_sim = 0.611
ollama-1  | srv          load:    - prompt with length     738, lcp =     328, f_keep = 0.444, f_sim = 0.611
ollama-1  | srv          load:    - prompt with length     730, lcp =     328, f_keep = 0.449, f_sim = 0.611
ollama-1  | srv          load:    - prompt with length     733, lcp =     328, f_keep = 0.447, f_sim = 0.611
ollama-1  | srv          load:    - prompt with length     798, lcp =     328, f_keep = 0.411, f_sim = 0.611
ollama-1  | srv          load:    - prompt with length     661, lcp =     328, f_keep = 0.496, f_sim = 0.611
ollama-1  | srv          load:    - prompt with length     771, lcp =     329, f_keep = 0.427, f_sim = 0.613
ollama-1  | srv          load:    - prompt with length     684, lcp =     328, f_keep = 0.480, f_sim = 0.611
ollama-1  | srv          load:    - prompt with length     659, lcp =     328, f_keep = 0.498, f_sim = 0.611
ollama-1  | srv          load:  - found better prompt with f_keep = 0.425, f_sim = 0.613
ollama-1  | srv        update:  - cache state: 27 prompts, 618.268 MiB (limits: 8192.000 MiB, 4096 tokens, 262043 est)
ollama-1  | srv        update:    - prompt 0x2111c2b0:     709 tokens, checkpoints:  0,    22.165 MiB
ollama-1  | srv        update:    - prompt 0x1d133370:     700 tokens, checkpoints:  0,    21.883 MiB
ollama-1  | srv        update:    - prompt 0x1d12e2c0:     695 tokens, checkpoints:  0,    21.727 MiB
ollama-1  | srv        update:    - prompt 0x1d12d8d0:     670 tokens, checkpoints:  0,    20.946 MiB
ollama-1  | srv        update:    - prompt 0x1d708a50:     730 tokens, checkpoints:  0,    22.821 MiB
ollama-1  | srv        update:    - prompt 0x1d12ae00:     779 tokens, checkpoints:  0,    24.353 MiB
ollama-1  | srv        update:    - prompt 0x1d728d30:     805 tokens, checkpoints:  0,    25.166 MiB
ollama-1  | srv        update:    - prompt 0x2427f580:     696 tokens, checkpoints:  0,    21.758 MiB
ollama-1  | srv        update:    - prompt 0x30e39f50:     962 tokens, checkpoints:  0,    30.074 MiB
ollama-1  | srv        update:    - prompt 0x1e85d3b0:     705 tokens, checkpoints:  0,    22.040 MiB
ollama-1  | srv        update:    - prompt 0x1e7a4ad0:     722 tokens, checkpoints:  0,    22.571 MiB
ollama-1  | srv        update:    - prompt 0x24d036a0:     704 tokens, checkpoints:  0,    22.008 MiB
ollama-1  | srv        update:    - prompt 0x1e75fd60:     710 tokens, checkpoints:  0,    22.196 MiB
ollama-1  | srv        update:    - prompt 0x24367aa0:     752 tokens, checkpoints:  0,    23.509 MiB
ollama-1  | srv        update:    - prompt 0x243c6d30:     683 tokens, checkpoints:  0,    21.352 MiB
ollama-1  | srv        update:    - prompt 0x24273cf0:     777 tokens, checkpoints:  0,    24.291 MiB
ollama-1  | srv        update:    - prompt 0x2a28fe40:     773 tokens, checkpoints:  0,    24.165 MiB
ollama-1  | srv        update:    - prompt 0x2448abc0:     740 tokens, checkpoints:  0,    23.134 MiB
ollama-1  | srv        update:    - prompt 0x242cfd20:     691 tokens, checkpoints:  0,    21.602 MiB
ollama-1  | srv        update:    - prompt 0x2444bcc0:     738 tokens, checkpoints:  0,    23.071 MiB
ollama-1  | srv        update:    - prompt 0x1d311810:     730 tokens, checkpoints:  0,    22.821 MiB
ollama-1  | srv        update:    - prompt 0x242f5d40:     733 tokens, checkpoints:  0,    22.915 MiB
ollama-1  | srv        update:    - prompt 0x24d350b0:     798 tokens, checkpoints:  0,    24.947 MiB
ollama-1  | srv        update:    - prompt 0x2437a2b0:     661 tokens, checkpoints:  0,    20.664 MiB
ollama-1  | srv        update:    - prompt 0x2a2a47f0:     771 tokens, checkpoints:  0,    24.103 MiB
ollama-1  | srv        update:    - prompt 0x2443a0e0:     684 tokens, checkpoints:  0,    21.383 MiB
ollama-1  | srv        update:    - prompt 0x1e82e9b0:     659 tokens, checkpoints:  0,    20.602 MiB
ollama-1  | srv  get_availabl: prompt cache update took 5.06 ms
ollama-1  | slot launch_slot_: id  0 | task -1 | sampler chain: logits -> ?penalties -> ?dry -> ?top-n-sigma -> top-k -> ?typical -> top-p -> ?min-p -> ?xtc -> temp-ext -> dist 
ollama-1  | slot launch_slot_: id  0 | task -1 | sampler params: 
ollama-1  | 	repeat_last_n = 64, repeat_penalty = 1.000, frequency_penalty = 0.000, presence_penalty = 0.000
ollama-1  | 	dry_multiplier = 0.000, dry_base = 1.750, dry_allowed_length = 2, dry_penalty_last_n = 64
ollama-1  | 	top_k = 40, top_p = 0.900, min_p = 0.000, xtc_probability = 0.000, xtc_threshold = 0.100, typical_p = 1.000, top_n_sigma = -1.000, temp = 0.000
ollama-1  | 	mirostat = 0, mirostat_lr = 0.100, mirostat_ent = 5.000, adaptive_target = -1.000, adaptive_decay = 0.900
ollama-1  | slot launch_slot_: id  0 | task 9772 | processing task, is_child = 0
ollama-1  | slot   operator(): id  0 | task 9772 | new prompt, n_ctx_slot = 4096, n_keep = 4, task.n_tokens = 537
ollama-1  | slot   operator(): id  0 | task 9772 | cached n_tokens = 329, memory_seq_rm [329, end)
ollama-1  | slot init_sampler: id  0 | task 9772 | init sampler, took 0.04 ms, tokens: text = 537, total = 537
ollama-1  | slot print_timing: id  0 | task 9772 | prompt eval time =     813.32 ms /   208 tokens (    3.91 ms per token,   255.74 tokens per second)
ollama-1  | slot print_timing: id  0 | task 9772 |        eval time =     165.53 ms /     8 tokens (   23.65 ms per token,    42.29 tokens per second)
ollama-1  | slot print_timing: id  0 | task 9772 |       total time =     978.85 ms /   216 tokens
ollama-1  | slot print_timing: id  0 | task 9772 |    graphs reused =       6690
ollama-1  | slot      release: id  0 | task 9772 | stop processing: n_tokens = 544, truncated = 0
ollama-1  | srv  update_slots: all slots are idle
ollama-1  | [GIN] 2026/10/07 - 10:55:54 | 200 |  5.064356682s |      172.21.0.4 | POST     "/api/generate"
ollama-1  | srv  server_strea: conv_id= (empty=1)
ollama-1  | slot get_availabl: id  0 | task -1 |  - checking sim = 0.544 (328/603) > 0.100
ollama-1  | slot get_availabl: id  0 | task -1 | selected slot by LCP similarity, f_sim_best = 0.544 (> 0.100 thold), f_keep = 0.603
ollama-1  | slot launch_slot_: id  0 | task -1 | sampler chain: logits -> ?penalties -> ?dry -> ?top-n-sigma -> top-k -> ?typical -> top-p -> ?min-p -> ?xtc -> temp-ext -> dist 
ollama-1  | slot launch_slot_: id  0 | task -1 | sampler params: 
ollama-1  | 	repeat_last_n = 64, repeat_penalty = 1.000, frequency_penalty = 0.000, presence_penalty = 0.000
ollama-1  | 	dry_multiplier = 0.000, dry_base = 1.750, dry_allowed_length = 2, dry_penalty_last_n = 64
ollama-1  | 	top_k = 40, top_p = 0.900, min_p = 0.000, xtc_probability = 0.000, xtc_threshold = 0.100, typical_p = 1.000, top_n_sigma = -1.000, temp = 0.000
ollama-1  | 	mirostat = 0, mirostat_lr = 0.100, mirostat_ent = 5.000, adaptive_target = -1.000, adaptive_decay = 0.900
ollama-1  | slot launch_slot_: id  0 | task 9781 | processing task, is_child = 0
ollama-1  | slot   operator(): id  0 | task 9781 | new prompt, n_ctx_slot = 4096, n_keep = 4, task.n_tokens = 603
ollama-1  | slot   operator(): id  0 | task 9781 | cached n_tokens = 328, memory_seq_rm [328, end)
ollama-1  | slot init_sampler: id  0 | task 9781 | init sampler, took 0.07 ms, tokens: text = 603, total = 603
ollama-1  | slot print_timing: id  0 | task 9781 | prompt eval time =    1080.32 ms /   275 tokens (    3.93 ms per token,   254.55 tokens per second)
ollama-1  | slot print_timing: id  0 | task 9781 |        eval time =     190.80 ms /     9 tokens (   23.85 ms per token,    41.93 tokens per second)
ollama-1  | slot print_timing: id  0 | task 9781 |       total time =    1271.12 ms /   284 tokens
ollama-1  | slot print_timing: id  0 | task 9781 |    graphs reused =       6697
ollama-1  | slot      release: id  0 | task 9781 | stop processing: n_tokens = 611, truncated = 0
ollama-1  | srv  update_slots: all slots are idle
ollama-1  | [GIN] 2026/10/07 - 10:55:55 | 200 |  6.210899459s |      172.21.0.4 | POST     "/api/generate"
ollama-1  | srv  server_strea: conv_id= (empty=1)
ollama-1  | slot get_availabl: id  0 | task -1 |  - checking sim = 0.541 (328/606) > 0.100
ollama-1  | slot get_availabl: id  0 | task -1 | selected slot by LCP similarity, f_sim_best = 0.541 (> 0.100 thold), f_keep = 0.537
ollama-1  | slot launch_slot_: id  0 | task -1 | sampler chain: logits -> ?penalties -> ?dry -> ?top-n-sigma -> top-k -> ?typical -> top-p -> ?min-p -> ?xtc -> temp-ext -> dist 
ollama-1  | slot launch_slot_: id  0 | task -1 | sampler params: 
ollama-1  | 	repeat_last_n = 64, repeat_penalty = 1.000, frequency_penalty = 0.000, presence_penalty = 0.000
ollama-1  | 	dry_multiplier = 0.000, dry_base = 1.750, dry_allowed_length = 2, dry_penalty_last_n = 64
ollama-1  | 	top_k = 40, top_p = 0.900, min_p = 0.000, xtc_probability = 0.000, xtc_threshold = 0.100, typical_p = 1.000, top_n_sigma = -1.000, temp = 0.000
ollama-1  | 	mirostat = 0, mirostat_lr = 0.100, mirostat_ent = 5.000, adaptive_target = -1.000, adaptive_decay = 0.900
ollama-1  | slot launch_slot_: id  0 | task 9791 | processing task, is_child = 0
ollama-1  | slot   operator(): id  0 | task 9791 | new prompt, n_ctx_slot = 4096, n_keep = 4, task.n_tokens = 606
ollama-1  | slot   operator(): id  0 | task 9791 | cached n_tokens = 328, memory_seq_rm [328, end)
ollama-1  | slot init_sampler: id  0 | task 9791 | init sampler, took 0.07 ms, tokens: text = 606, total = 606
ollama-1  | slot print_timing: id  0 | task 9791 | prompt eval time =    1104.78 ms /   278 tokens (    3.97 ms per token,   251.63 tokens per second)
ollama-1  | slot print_timing: id  0 | task 9791 |        eval time =     161.05 ms /     8 tokens (   23.01 ms per token,    43.46 tokens per second)
ollama-1  | slot print_timing: id  0 | task 9791 |       total time =    1265.83 ms /   286 tokens
ollama-1  | slot print_timing: id  0 | task 9791 |    graphs reused =       6703
ollama-1  | slot      release: id  0 | task 9791 | stop processing: n_tokens = 613, truncated = 0
ollama-1  | srv  update_slots: all slots are idle
ollama-1  | [GIN] 2026/10/07 - 10:55:56 | 200 |  7.363822022s |      172.21.0.4 | POST     "/api/generate"
ollama-1  | srv  server_strea: conv_id= (empty=1)
ollama-1  | slot get_availabl: id  0 | task -1 |  - checking sim = 0.567 (328/578) > 0.100
ollama-1  | slot get_availabl: id  0 | task -1 | selected slot by LCP similarity, f_sim_best = 0.567 (> 0.100 thold), f_keep = 0.535
ollama-1  | slot launch_slot_: id  0 | task -1 | sampler chain: logits -> ?penalties -> ?dry -> ?top-n-sigma -> top-k -> ?typical -> top-p -> ?min-p -> ?xtc -> temp-ext -> dist 
ollama-1  | slot launch_slot_: id  0 | task -1 | sampler params: 
ollama-1  | 	repeat_last_n = 64, repeat_penalty = 1.000, frequency_penalty = 0.000, presence_penalty = 0.000
ollama-1  | 	dry_multiplier = 0.000, dry_base = 1.750, dry_allowed_length = 2, dry_penalty_last_n = 64
ollama-1  | 	top_k = 40, top_p = 0.900, min_p = 0.000, xtc_probability = 0.000, xtc_threshold = 0.100, typical_p = 1.000, top_n_sigma = -1.000, temp = 0.000
ollama-1  | 	mirostat = 0, mirostat_lr = 0.100, mirostat_ent = 5.000, adaptive_target = -1.000, adaptive_decay = 0.900
ollama-1  | slot launch_slot_: id  0 | task 9800 | processing task, is_child = 0
ollama-1  | slot   operator(): id  0 | task 9800 | new prompt, n_ctx_slot = 4096, n_keep = 4, task.n_tokens = 578
ollama-1  | slot   operator(): id  0 | task 9800 | cached n_tokens = 328, memory_seq_rm [328, end)
ollama-1  | slot init_sampler: id  0 | task 9800 | init sampler, took 0.04 ms, tokens: text = 578, total = 578
ollama-1  | slot print_timing: id  0 | task 9800 | prompt eval time =     971.76 ms /   250 tokens (    3.89 ms per token,   257.27 tokens per second)
ollama-1  | slot print_timing: id  0 | task 9800 |        eval time =     183.52 ms /     9 tokens (   22.94 ms per token,    43.59 tokens per second)
ollama-1  | slot print_timing: id  0 | task 9800 |       total time =    1155.28 ms /   259 tokens
ollama-1  | slot print_timing: id  0 | task 9800 |    graphs reused =       6710
ollama-1  | slot      release: id  0 | task 9800 | stop processing: n_tokens = 586, truncated = 0
ollama-1  | srv  update_slots: all slots are idle
ollama-1  | [GIN] 2026/10/07 - 10:55:58 | 200 |  7.462759057s |      172.21.0.4 | POST     "/api/generate"
ollama-1  | srv  server_strea: conv_id= (empty=1)
ollama-1  | slot get_availabl: id  0 | task -1 |  - checking sim = 0.605 (328/542) > 0.100
ollama-1  | slot get_availabl: id  0 | task -1 | selected slot by LCP similarity, f_sim_best = 0.605 (> 0.100 thold), f_keep = 0.560
ollama-1  | slot launch_slot_: id  0 | task -1 | sampler chain: logits -> ?penalties -> ?dry -> ?top-n-sigma -> top-k -> ?typical -> top-p -> ?min-p -> ?xtc -> temp-ext -> dist 
ollama-1  | slot launch_slot_: id  0 | task -1 | sampler params: 
ollama-1  | 	repeat_last_n = 64, repeat_penalty = 1.000, frequency_penalty = 0.000, presence_penalty = 0.000
ollama-1  | 	dry_multiplier = 0.000, dry_base = 1.750, dry_allowed_length = 2, dry_penalty_last_n = 64
ollama-1  | 	top_k = 40, top_p = 0.900, min_p = 0.000, xtc_probability = 0.000, xtc_threshold = 0.100, typical_p = 1.000, top_n_sigma = -1.000, temp = 0.000
ollama-1  | 	mirostat = 0, mirostat_lr = 0.100, mirostat_ent = 5.000, adaptive_target = -1.000, adaptive_decay = 0.900
ollama-1  | slot launch_slot_: id  0 | task 9810 | processing task, is_child = 0
ollama-1  | slot   operator(): id  0 | task 9810 | new prompt, n_ctx_slot = 4096, n_keep = 4, task.n_tokens = 542
ollama-1  | slot   operator(): id  0 | task 9810 | cached n_tokens = 328, memory_seq_rm [328, end)
ollama-1  | slot init_sampler: id  0 | task 9810 | init sampler, took 0.04 ms, tokens: text = 542, total = 542
ollama-1  | [GIN] 2026/10/07 - 10:55:58 | 200 |      26.741µs |       127.0.0.1 | HEAD     "/"
ollama-1  | [GIN] 2026/10/07 - 10:55:58 | 200 |    1.244198ms |       127.0.0.1 | GET      "/api/tags"
ollama-1  | slot print_timing: id  0 | task 9810 | prompt eval time =     844.79 ms /   214 tokens (    3.95 ms per token,   253.32 tokens per second)
ollama-1  | slot print_timing: id  0 | task 9810 |        eval time =     150.52 ms /     8 tokens (   21.50 ms per token,    46.50 tokens per second)
ollama-1  | slot print_timing: id  0 | task 9810 |       total time =     995.31 ms /   222 tokens
ollama-1  | slot print_timing: id  0 | task 9810 |    graphs reused =       6716
ollama-1  | slot      release: id  0 | task 9810 | stop processing: n_tokens = 549, truncated = 0
ollama-1  | srv  update_slots: all slots are idle
ollama-1  | [GIN] 2026/10/07 - 10:55:59 | 200 |  8.345276962s |      172.21.0.4 | POST     "/api/generate"
ollama-1  | srv  server_strea: conv_id= (empty=1)
ollama-1  | slot get_availabl: id  0 | task -1 |  - checking sim = 0.668 (328/491) > 0.100
ollama-1  | slot get_availabl: id  0 | task -1 | selected slot by LCP similarity, f_sim_best = 0.668 (> 0.100 thold), f_keep = 0.597
ollama-1  | slot launch_slot_: id  0 | task -1 | sampler chain: logits -> ?penalties -> ?dry -> ?top-n-sigma -> top-k -> ?typical -> top-p -> ?min-p -> ?xtc -> temp-ext -> dist 
ollama-1  | slot launch_slot_: id  0 | task -1 | sampler params: 
ollama-1  | 	repeat_last_n = 64, repeat_penalty = 1.000, frequency_penalty = 0.000, presence_penalty = 0.000
ollama-1  | 	dry_multiplier = 0.000, dry_base = 1.750, dry_allowed_length = 2, dry_penalty_last_n = 64
ollama-1  | 	top_k = 40, top_p = 0.900, min_p = 0.000, xtc_probability = 0.000, xtc_threshold = 0.100, typical_p = 1.000, top_n_sigma = -1.000, temp = 0.000
ollama-1  | 	mirostat = 0, mirostat_lr = 0.100, mirostat_ent = 5.000, adaptive_target = -1.000, adaptive_decay = 0.900
ollama-1  | slot launch_slot_: id  0 | task 9819 | processing task, is_child = 0
ollama-1  | slot   operator(): id  0 | task 9819 | new prompt, n_ctx_slot = 4096, n_keep = 4, task.n_tokens = 491
ollama-1  | slot   operator(): id  0 | task 9819 | cached n_tokens = 328, memory_seq_rm [328, end)
ollama-1  | slot init_sampler: id  0 | task 9819 | init sampler, took 0.04 ms, tokens: text = 491, total = 491
ollama-1  | slot print_timing: id  0 | task 9819 | prompt eval time =     649.24 ms /   163 tokens (    3.98 ms per token,   251.06 tokens per second)
ollama-1  | slot print_timing: id  0 | task 9819 |        eval time =     165.28 ms /     8 tokens (   23.61 ms per token,    42.35 tokens per second)
ollama-1  | slot print_timing: id  0 | task 9819 |       total time =     814.52 ms /   171 tokens
ollama-1  | slot print_timing: id  0 | task 9819 |    graphs reused =       6722
ollama-1  | slot      release: id  0 | task 9819 | stop processing: n_tokens = 498, truncated = 0
ollama-1  | srv  update_slots: all slots are idle
ollama-1  | [GIN] 2026/10/07 - 10:55:59 | 200 |  5.527283826s |      172.21.0.4 | POST     "/api/generate"
ollama-1  | srv  server_strea: conv_id= (empty=1)
ollama-1  | slot get_availabl: id  0 | task -1 |  - checking sim = 0.788 (328/416) > 0.100
ollama-1  | slot get_availabl: id  0 | task -1 | selected slot by LCP similarity, f_sim_best = 0.788 (> 0.100 thold), f_keep = 0.659
ollama-1  | slot launch_slot_: id  0 | task -1 | sampler chain: logits -> ?penalties -> ?dry -> ?top-n-sigma -> top-k -> ?typical -> top-p -> ?min-p -> ?xtc -> temp-ext -> dist 
ollama-1  | slot launch_slot_: id  0 | task -1 | sampler params: 
ollama-1  | 	repeat_last_n = 64, repeat_penalty = 1.000, frequency_penalty = 0.000, presence_penalty = 0.000
ollama-1  | 	dry_multiplier = 0.000, dry_base = 1.750, dry_allowed_length = 2, dry_penalty_last_n = 64
ollama-1  | 	top_k = 40, top_p = 0.900, min_p = 0.000, xtc_probability = 0.000, xtc_threshold = 0.100, typical_p = 1.000, top_n_sigma = -1.000, temp = 0.000
ollama-1  | 	mirostat = 0, mirostat_lr = 0.100, mirostat_ent = 5.000, adaptive_target = -1.000, adaptive_decay = 0.900
ollama-1  | slot launch_slot_: id  0 | task 9828 | processing task, is_child = 0
ollama-1  | slot   operator(): id  0 | task 9828 | new prompt, n_ctx_slot = 4096, n_keep = 4, task.n_tokens = 416
ollama-1  | slot   operator(): id  0 | task 9828 | cached n_tokens = 328, memory_seq_rm [328, end)
ollama-1  | slot init_sampler: id  0 | task 9828 | init sampler, took 0.04 ms, tokens: text = 416, total = 416
ollama-1  | slot print_timing: id  0 | task 9828 | prompt eval time =     351.83 ms /    88 tokens (    4.00 ms per token,   250.12 tokens per second)
ollama-1  | slot print_timing: id  0 | task 9828 |        eval time =     157.07 ms /     8 tokens (   22.44 ms per token,    44.57 tokens per second)
ollama-1  | slot print_timing: id  0 | task 9828 |       total time =     508.90 ms /    96 tokens
ollama-1  | slot print_timing: id  0 | task 9828 |    graphs reused =       6728
ollama-1  | slot      release: id  0 | task 9828 | stop processing: n_tokens = 423, truncated = 0
ollama-1  | srv  update_slots: all slots are idle
ollama-1  | [GIN] 2026/10/07 - 10:56:00 | 200 |  5.595892863s |      172.21.0.4 | POST     "/api/generate"
ollama-1  | srv  server_strea: conv_id= (empty=1)
ollama-1  | slot get_availabl: id  0 | task -1 |  - checking sim = 0.491 (329/670) > 0.100
ollama-1  | slot get_availabl: id  0 | task -1 | selected slot by LCP similarity, f_sim_best = 0.491 (> 0.100 thold), f_keep = 0.778
ollama-1  | slot launch_slot_: id  0 | task -1 | sampler chain: logits -> ?penalties -> ?dry -> ?top-n-sigma -> top-k -> ?typical -> top-p -> ?min-p -> ?xtc -> temp-ext -> dist 
ollama-1  | slot launch_slot_: id  0 | task -1 | sampler params: 
ollama-1  | 	repeat_last_n = 64, repeat_penalty = 1.000, frequency_penalty = 0.000, presence_penalty = 0.000
ollama-1  | 	dry_multiplier = 0.000, dry_base = 1.750, dry_allowed_length = 2, dry_penalty_last_n = 64
ollama-1  | 	top_k = 40, top_p = 0.900, min_p = 0.000, xtc_probability = 0.000, xtc_threshold = 0.100, typical_p = 1.000, top_n_sigma = -1.000, temp = 0.000
ollama-1  | 	mirostat = 0, mirostat_lr = 0.100, mirostat_ent = 5.000, adaptive_target = -1.000, adaptive_decay = 0.900
ollama-1  | slot launch_slot_: id  0 | task 9837 | processing task, is_child = 0
ollama-1  | slot   operator(): id  0 | task 9837 | new prompt, n_ctx_slot = 4096, n_keep = 4, task.n_tokens = 670
ollama-1  | slot   operator(): id  0 | task 9837 | cached n_tokens = 329, memory_seq_rm [329, end)
ollama-1  | slot init_sampler: id  0 | task 9837 | init sampler, took 0.05 ms, tokens: text = 670, total = 670
ollama-1  | slot print_timing: id  0 | task 9837 | prompt eval time =    1353.04 ms /   341 tokens (    3.97 ms per token,   252.03 tokens per second)
ollama-1  | slot print_timing: id  0 | task 9837 |        eval time =     159.10 ms /     8 tokens (   22.73 ms per token,    44.00 tokens per second)
ollama-1  | slot print_timing: id  0 | task 9837 |       total time =    1512.14 ms /   349 tokens
ollama-1  | slot print_timing: id  0 | task 9837 |    graphs reused =       6734
ollama-1  | slot      release: id  0 | task 9837 | stop processing: n_tokens = 677, truncated = 0
ollama-1  | srv  update_slots: all slots are idle
ollama-1  | [GIN] 2026/10/07 - 10:56:01 | 200 |  7.028805647s |      172.21.0.4 | POST     "/api/generate"
ollama-1  | srv  server_strea: conv_id= (empty=1)
ollama-1  | slot get_availabl: id  0 | task -1 |  - checking sim = 0.449 (328/731) > 0.100
ollama-1  | slot get_availabl: id  0 | task -1 | selected slot by LCP similarity, f_sim_best = 0.449 (> 0.100 thold), f_keep = 0.484
ollama-1  | srv  get_availabl: updating prompt cache
ollama-1  | srv   prompt_save:  - saving prompt with length 677, total state size = 21.164 MiB (draft: 0.000 MiB)
ollama-1  | srv          load:  - looking for better prompt, base f_keep = 0.484, f_sim = 0.449
ollama-1  | srv          load:    - prompt with length     709, lcp =     328, f_keep = 0.463, f_sim = 0.449
ollama-1  | srv          load:    - prompt with length     700, lcp =     328, f_keep = 0.469, f_sim = 0.449
ollama-1  | srv          load:    - prompt with length     695, lcp =     328, f_keep = 0.472, f_sim = 0.449
ollama-1  | srv          load:    - prompt with length     670, lcp =     328, f_keep = 0.490, f_sim = 0.449
ollama-1  | srv          load:    - prompt with length     730, lcp =     328, f_keep = 0.449, f_sim = 0.449
ollama-1  | srv          load:    - prompt with length     779, lcp =     328, f_keep = 0.421, f_sim = 0.449
ollama-1  | srv          load:    - prompt with length     805, lcp =     328, f_keep = 0.407, f_sim = 0.449
ollama-1  | srv          load:    - prompt with length     696, lcp =     328, f_keep = 0.471, f_sim = 0.449
ollama-1  | srv          load:    - prompt with length     962, lcp =     328, f_keep = 0.341, f_sim = 0.449
ollama-1  | srv          load:    - prompt with length     705, lcp =     328, f_keep = 0.465, f_sim = 0.449
ollama-1  | srv          load:    - prompt with length     722, lcp =     328, f_keep = 0.454, f_sim = 0.449
ollama-1  | srv          load:    - prompt with length     704, lcp =     328, f_keep = 0.466, f_sim = 0.449
ollama-1  | srv          load:    - prompt with length     710, lcp =     328, f_keep = 0.462, f_sim = 0.449
ollama-1  | srv          load:    - prompt with length     752, lcp =     328, f_keep = 0.436, f_sim = 0.449
ollama-1  | srv          load:    - prompt with length     683, lcp =     328, f_keep = 0.480, f_sim = 0.449
ollama-1  | srv          load:    - prompt with length     777, lcp =     328, f_keep = 0.422, f_sim = 0.449
ollama-1  | srv          load:    - prompt with length     773, lcp =     328, f_keep = 0.424, f_sim = 0.449
ollama-1  | srv          load:    - prompt with length     740, lcp =     731, f_keep = 0.988, f_sim = 1.000
ollama-1  | srv          load:    - prompt with length     691, lcp =     328, f_keep = 0.475, f_sim = 0.449
ollama-1  | srv          load:    - prompt with length     738, lcp =     328, f_keep = 0.444, f_sim = 0.449
ollama-1  | srv          load:    - prompt with length     730, lcp =     328, f_keep = 0.449, f_sim = 0.449
ollama-1  | srv          load:    - prompt with length     733, lcp =     328, f_keep = 0.447, f_sim = 0.449
ollama-1  | srv          load:    - prompt with length     798, lcp =     328, f_keep = 0.411, f_sim = 0.449
ollama-1  | srv          load:    - prompt with length     661, lcp =     328, f_keep = 0.496, f_sim = 0.449
ollama-1  | srv          load:    - prompt with length     771, lcp =     328, f_keep = 0.425, f_sim = 0.449
ollama-1  | srv          load:    - prompt with length     684, lcp =     328, f_keep = 0.480, f_sim = 0.449
ollama-1  | srv          load:    - prompt with length     659, lcp =     328, f_keep = 0.498, f_sim = 0.449
ollama-1  | srv          load:    - prompt with length     677, lcp =     328, f_keep = 0.484, f_sim = 0.449
ollama-1  | srv          load:  - found better prompt with f_keep = 0.988, f_sim = 1.000
ollama-1  | srv        update:  - cache state: 27 prompts, 616.299 MiB (limits: 8192.000 MiB, 4096 tokens, 262043 est)
ollama-1  | srv        update:    - prompt 0x2111c2b0:     709 tokens, checkpoints:  0,    22.165 MiB
ollama-1  | srv        update:    - prompt 0x1d133370:     700 tokens, checkpoints:  0,    21.883 MiB
ollama-1  | srv        update:    - prompt 0x1d12e2c0:     695 tokens, checkpoints:  0,    21.727 MiB
ollama-1  | srv        update:    - prompt 0x1d12d8d0:     670 tokens, checkpoints:  0,    20.946 MiB
ollama-1  | srv        update:    - prompt 0x1d708a50:     730 tokens, checkpoints:  0,    22.821 MiB
ollama-1  | srv        update:    - prompt 0x1d12ae00:     779 tokens, checkpoints:  0,    24.353 MiB
ollama-1  | srv        update:    - prompt 0x1d728d30:     805 tokens, checkpoints:  0,    25.166 MiB
ollama-1  | srv        update:    - prompt 0x2427f580:     696 tokens, checkpoints:  0,    21.758 MiB
ollama-1  | srv        update:    - prompt 0x30e39f50:     962 tokens, checkpoints:  0,    30.074 MiB
ollama-1  | srv        update:    - prompt 0x1e85d3b0:     705 tokens, checkpoints:  0,    22.040 MiB
ollama-1  | srv        update:    - prompt 0x1e7a4ad0:     722 tokens, checkpoints:  0,    22.571 MiB
ollama-1  | srv        update:    - prompt 0x24d036a0:     704 tokens, checkpoints:  0,    22.008 MiB
ollama-1  | srv        update:    - prompt 0x1e75fd60:     710 tokens, checkpoints:  0,    22.196 MiB
ollama-1  | srv        update:    - prompt 0x24367aa0:     752 tokens, checkpoints:  0,    23.509 MiB
ollama-1  | srv        update:    - prompt 0x243c6d30:     683 tokens, checkpoints:  0,    21.352 MiB
ollama-1  | srv        update:    - prompt 0x24273cf0:     777 tokens, checkpoints:  0,    24.291 MiB
ollama-1  | srv        update:    - prompt 0x2a28fe40:     773 tokens, checkpoints:  0,    24.165 MiB
ollama-1  | srv        update:    - prompt 0x242cfd20:     691 tokens, checkpoints:  0,    21.602 MiB
ollama-1  | srv        update:    - prompt 0x2444bcc0:     738 tokens, checkpoints:  0,    23.071 MiB
ollama-1  | srv        update:    - prompt 0x1d311810:     730 tokens, checkpoints:  0,    22.821 MiB
ollama-1  | srv        update:    - prompt 0x242f5d40:     733 tokens, checkpoints:  0,    22.915 MiB
ollama-1  | srv        update:    - prompt 0x24d350b0:     798 tokens, checkpoints:  0,    24.947 MiB
ollama-1  | srv        update:    - prompt 0x2437a2b0:     661 tokens, checkpoints:  0,    20.664 MiB
ollama-1  | srv        update:    - prompt 0x2a2a47f0:     771 tokens, checkpoints:  0,    24.103 MiB
ollama-1  | srv        update:    - prompt 0x2443a0e0:     684 tokens, checkpoints:  0,    21.383 MiB
ollama-1  | srv        update:    - prompt 0x1e82e9b0:     659 tokens, checkpoints:  0,    20.602 MiB
ollama-1  | srv        update:    - prompt 0x1d2ee000:     677 tokens, checkpoints:  0,    21.164 MiB
ollama-1  | srv  get_availabl: prompt cache update took 10.59 ms
ollama-1  | slot launch_slot_: id  0 | task -1 | sampler chain: logits -> ?penalties -> ?dry -> ?top-n-sigma -> top-k -> ?typical -> top-p -> ?min-p -> ?xtc -> temp-ext -> dist 
ollama-1  | slot launch_slot_: id  0 | task -1 | sampler params: 
ollama-1  | 	repeat_last_n = 64, repeat_penalty = 1.000, frequency_penalty = 0.000, presence_penalty = 0.000
ollama-1  | 	dry_multiplier = 0.000, dry_base = 1.750, dry_allowed_length = 2, dry_penalty_last_n = 64
ollama-1  | 	top_k = 40, top_p = 0.900, min_p = 0.000, xtc_probability = 0.000, xtc_threshold = 0.100, typical_p = 1.000, top_n_sigma = -1.000, temp = 0.000
ollama-1  | 	mirostat = 0, mirostat_lr = 0.100, mirostat_ent = 5.000, adaptive_target = -1.000, adaptive_decay = 0.900
ollama-1  | slot launch_slot_: id  0 | task 9846 | processing task, is_child = 0
ollama-1  | slot   operator(): id  0 | task 9846 | new prompt, n_ctx_slot = 4096, n_keep = 4, task.n_tokens = 731
ollama-1  | slot   operator(): id  0 | task 9846 | need to evaluate at least 1 token for each active slot (n_past = 731, task.n_tokens() = 731)
ollama-1  | slot   operator(): id  0 | task 9846 | n_past was set to 730
ollama-1  | slot   operator(): id  0 | task 9846 | cached n_tokens = 730, memory_seq_rm [730, end)
ollama-1  | slot init_sampler: id  0 | task 9846 | init sampler, took 0.07 ms, tokens: text = 731, total = 731
ollama-1  | slot print_timing: id  0 | task 9846 | prompt eval time =      23.00 ms /     1 tokens (   23.00 ms per token,    43.49 tokens per second)
ollama-1  | slot print_timing: id  0 | task 9846 |        eval time =     221.41 ms /    10 tokens (   24.60 ms per token,    40.65 tokens per second)
ollama-1  | slot print_timing: id  0 | task 9846 |       total time =     244.40 ms /    11 tokens
ollama-1  | slot print_timing: id  0 | task 9846 |    graphs reused =       6744
ollama-1  | slot      release: id  0 | task 9846 | stop processing: n_tokens = 740, truncated = 0
ollama-1  | srv  update_slots: all slots are idle
ollama-1  | [GIN] 2026/10/07 - 10:56:02 | 200 |  7.201670774s |      172.21.0.4 | POST     "/api/generate"
ollama-1  | srv  server_strea: conv_id= (empty=1)
ollama-1  | slot get_availabl: id  0 | task -1 |  - checking sim = 0.509 (328/644) > 0.100
ollama-1  | slot get_availabl: id  0 | task -1 | selected slot by LCP similarity, f_sim_best = 0.509 (> 0.100 thold), f_keep = 0.443
ollama-1  | srv  get_availabl: updating prompt cache
ollama-1  | srv   prompt_save:  - saving prompt with length 740, total state size = 23.134 MiB (draft: 0.000 MiB)
ollama-1  | srv          load:  - looking for better prompt, base f_keep = 0.443, f_sim = 0.509
ollama-1  | srv          load:    - prompt with length     709, lcp =     328, f_keep = 0.463, f_sim = 0.509
ollama-1  | srv          load:    - prompt with length     700, lcp =     328, f_keep = 0.469, f_sim = 0.509
ollama-1  | srv          load:    - prompt with length     695, lcp =     328, f_keep = 0.472, f_sim = 0.509
ollama-1  | srv          load:    - prompt with length     670, lcp =     328, f_keep = 0.490, f_sim = 0.509
ollama-1  | srv          load:    - prompt with length     730, lcp =     328, f_keep = 0.449, f_sim = 0.509
ollama-1  | srv          load:    - prompt with length     779, lcp =     328, f_keep = 0.421, f_sim = 0.509
ollama-1  | srv          load:    - prompt with length     805, lcp =     328, f_keep = 0.407, f_sim = 0.509
ollama-1  | srv          load:    - prompt with length     696, lcp =     328, f_keep = 0.471, f_sim = 0.509
ollama-1  | srv          load:    - prompt with length     962, lcp =     328, f_keep = 0.341, f_sim = 0.509
ollama-1  | srv          load:    - prompt with length     705, lcp =     328, f_keep = 0.465, f_sim = 0.509
ollama-1  | srv          load:    - prompt with length     722, lcp =     328, f_keep = 0.454, f_sim = 0.509
ollama-1  | srv          load:    - prompt with length     704, lcp =     328, f_keep = 0.466, f_sim = 0.509
ollama-1  | srv          load:    - prompt with length     710, lcp =     328, f_keep = 0.462, f_sim = 0.509
ollama-1  | srv          load:    - prompt with length     752, lcp =     328, f_keep = 0.436, f_sim = 0.509
ollama-1  | srv          load:    - prompt with length     683, lcp =     328, f_keep = 0.480, f_sim = 0.509
ollama-1  | srv          load:    - prompt with length     777, lcp =     328, f_keep = 0.422, f_sim = 0.509
ollama-1  | srv          load:    - prompt with length     773, lcp =     328, f_keep = 0.424, f_sim = 0.509
ollama-1  | srv          load:    - prompt with length     691, lcp =     328, f_keep = 0.475, f_sim = 0.509
ollama-1  | srv          load:    - prompt with length     738, lcp =     328, f_keep = 0.444, f_sim = 0.509
ollama-1  | srv          load:    - prompt with length     730, lcp =     328, f_keep = 0.449, f_sim = 0.509
ollama-1  | srv          load:    - prompt with length     733, lcp =     329, f_keep = 0.449, f_sim = 0.511
ollama-1  | srv          load:    - prompt with length     798, lcp =     328, f_keep = 0.411, f_sim = 0.509
ollama-1  | srv          load:    - prompt with length     661, lcp =     328, f_keep = 0.496, f_sim = 0.509
ollama-1  | srv          load:    - prompt with length     771, lcp =     328, f_keep = 0.425, f_sim = 0.509
ollama-1  | srv          load:    - prompt with length     684, lcp =     328, f_keep = 0.480, f_sim = 0.509
ollama-1  | srv          load:    - prompt with length     659, lcp =     328, f_keep = 0.498, f_sim = 0.509
ollama-1  | srv          load:    - prompt with length     677, lcp =     328, f_keep = 0.484, f_sim = 0.509
ollama-1  | srv          load:    - prompt with length     740, lcp =     328, f_keep = 0.443, f_sim = 0.509
ollama-1  | srv          load:  - found better prompt with f_keep = 0.449, f_sim = 0.511
ollama-1  | srv        update:  - cache state: 27 prompts, 616.517 MiB (limits: 8192.000 MiB, 4096 tokens, 262043 est)
ollama-1  | srv        update:    - prompt 0x2111c2b0:     709 tokens, checkpoints:  0,    22.165 MiB
ollama-1  | srv        update:    - prompt 0x1d133370:     700 tokens, checkpoints:  0,    21.883 MiB
ollama-1  | srv        update:    - prompt 0x1d12e2c0:     695 tokens, checkpoints:  0,    21.727 MiB
ollama-1  | srv        update:    - prompt 0x1d12d8d0:     670 tokens, checkpoints:  0,    20.946 MiB
ollama-1  | srv        update:    - prompt 0x1d708a50:     730 tokens, checkpoints:  0,    22.821 MiB
ollama-1  | srv        update:    - prompt 0x1d12ae00:     779 tokens, checkpoints:  0,    24.353 MiB
ollama-1  | srv        update:    - prompt 0x1d728d30:     805 tokens, checkpoints:  0,    25.166 MiB
ollama-1  | srv        update:    - prompt 0x2427f580:     696 tokens, checkpoints:  0,    21.758 MiB
ollama-1  | srv        update:    - prompt 0x30e39f50:     962 tokens, checkpoints:  0,    30.074 MiB
ollama-1  | srv        update:    - prompt 0x1e85d3b0:     705 tokens, checkpoints:  0,    22.040 MiB
ollama-1  | srv        update:    - prompt 0x1e7a4ad0:     722 tokens, checkpoints:  0,    22.571 MiB
ollama-1  | srv        update:    - prompt 0x24d036a0:     704 tokens, checkpoints:  0,    22.008 MiB
ollama-1  | srv        update:    - prompt 0x1e75fd60:     710 tokens, checkpoints:  0,    22.196 MiB
ollama-1  | srv        update:    - prompt 0x24367aa0:     752 tokens, checkpoints:  0,    23.509 MiB
ollama-1  | srv        update:    - prompt 0x243c6d30:     683 tokens, checkpoints:  0,    21.352 MiB
ollama-1  | srv        update:    - prompt 0x24273cf0:     777 tokens, checkpoints:  0,    24.291 MiB
ollama-1  | srv        update:    - prompt 0x2a28fe40:     773 tokens, checkpoints:  0,    24.165 MiB
ollama-1  | srv        update:    - prompt 0x242cfd20:     691 tokens, checkpoints:  0,    21.602 MiB
ollama-1  | srv        update:    - prompt 0x2444bcc0:     738 tokens, checkpoints:  0,    23.071 MiB
ollama-1  | srv        update:    - prompt 0x1d311810:     730 tokens, checkpoints:  0,    22.821 MiB
ollama-1  | srv        update:    - prompt 0x24d350b0:     798 tokens, checkpoints:  0,    24.947 MiB
ollama-1  | srv        update:    - prompt 0x2437a2b0:     661 tokens, checkpoints:  0,    20.664 MiB
ollama-1  | srv        update:    - prompt 0x2a2a47f0:     771 tokens, checkpoints:  0,    24.103 MiB
ollama-1  | srv        update:    - prompt 0x2443a0e0:     684 tokens, checkpoints:  0,    21.383 MiB
ollama-1  | srv        update:    - prompt 0x1e82e9b0:     659 tokens, checkpoints:  0,    20.602 MiB
ollama-1  | srv        update:    - prompt 0x1d2ee000:     677 tokens, checkpoints:  0,    21.164 MiB
ollama-1  | srv        update:    - prompt 0x2448abc0:     740 tokens, checkpoints:  0,    23.134 MiB
ollama-1  | srv  get_availabl: prompt cache update took 9.12 ms
ollama-1  | slot launch_slot_: id  0 | task -1 | sampler chain: logits -> ?penalties -> ?dry -> ?top-n-sigma -> top-k -> ?typical -> top-p -> ?min-p -> ?xtc -> temp-ext -> dist 
ollama-1  | slot launch_slot_: id  0 | task -1 | sampler params: 
ollama-1  | 	repeat_last_n = 64, repeat_penalty = 1.000, frequency_penalty = 0.000, presence_penalty = 0.000
ollama-1  | 	dry_multiplier = 0.000, dry_base = 1.750, dry_allowed_length = 2, dry_penalty_last_n = 64
ollama-1  | 	top_k = 40, top_p = 0.900, min_p = 0.000, xtc_probability = 0.000, xtc_threshold = 0.100, typical_p = 1.000, top_n_sigma = -1.000, temp = 0.000
ollama-1  | 	mirostat = 0, mirostat_lr = 0.100, mirostat_ent = 5.000, adaptive_target = -1.000, adaptive_decay = 0.900
ollama-1  | slot launch_slot_: id  0 | task 9857 | processing task, is_child = 0
ollama-1  | slot   operator(): id  0 | task 9857 | new prompt, n_ctx_slot = 4096, n_keep = 4, task.n_tokens = 644
ollama-1  | slot   operator(): id  0 | task 9857 | cached n_tokens = 329, memory_seq_rm [329, end)
ollama-1  | slot init_sampler: id  0 | task 9857 | init sampler, took 0.06 ms, tokens: text = 644, total = 644
ollama-1  | slot print_timing: id  0 | task 9857 | prompt eval time =    1276.26 ms /   315 tokens (    4.05 ms per token,   246.82 tokens per second)
ollama-1  | slot print_timing: id  0 | task 9857 |        eval time =     184.29 ms /     9 tokens (   23.04 ms per token,    43.41 tokens per second)
ollama-1  | slot print_timing: id  0 | task 9857 |       total time =    1460.55 ms /   324 tokens
ollama-1  | slot print_timing: id  0 | task 9857 |    graphs reused =       6751
ollama-1  | slot      release: id  0 | task 9857 | stop processing: n_tokens = 652, truncated = 0
ollama-1  | srv  update_slots: all slots are idle
ollama-1  | [GIN] 2026/10/07 - 10:56:03 | 200 |  7.678856086s |      172.21.0.4 | POST     "/api/generate"
ollama-1  | srv  server_strea: conv_id= (empty=1)
ollama-1  | slot get_availabl: id  0 | task -1 |  - checking sim = 0.604 (329/545) > 0.100
ollama-1  | slot get_availabl: id  0 | task -1 | selected slot by LCP similarity, f_sim_best = 0.604 (> 0.100 thold), f_keep = 0.505
ollama-1  | slot launch_slot_: id  0 | task -1 | sampler chain: logits -> ?penalties -> ?dry -> ?top-n-sigma -> top-k -> ?typical -> top-p -> ?min-p -> ?xtc -> temp-ext -> dist 
ollama-1  | slot launch_slot_: id  0 | task -1 | sampler params: 
ollama-1  | 	repeat_last_n = 64, repeat_penalty = 1.000, frequency_penalty = 0.000, presence_penalty = 0.000
ollama-1  | 	dry_multiplier = 0.000, dry_base = 1.750, dry_allowed_length = 2, dry_penalty_last_n = 64
ollama-1  | 	top_k = 40, top_p = 0.900, min_p = 0.000, xtc_probability = 0.000, xtc_threshold = 0.100, typical_p = 1.000, top_n_sigma = -1.000, temp = 0.000
ollama-1  | 	mirostat = 0, mirostat_lr = 0.100, mirostat_ent = 5.000, adaptive_target = -1.000, adaptive_decay = 0.900
ollama-1  | slot launch_slot_: id  0 | task 9867 | processing task, is_child = 0
ollama-1  | slot   operator(): id  0 | task 9867 | new prompt, n_ctx_slot = 4096, n_keep = 4, task.n_tokens = 545
ollama-1  | slot   operator(): id  0 | task 9867 | cached n_tokens = 329, memory_seq_rm [329, end)
ollama-1  | slot init_sampler: id  0 | task 9867 | init sampler, took 0.04 ms, tokens: text = 545, total = 545
ollama-1  | slot print_timing: id  0 | task 9867 | prompt eval time =     860.85 ms /   216 tokens (    3.99 ms per token,   250.92 tokens per second)
ollama-1  | slot print_timing: id  0 | task 9867 |        eval time =     158.31 ms /     8 tokens (   22.62 ms per token,    44.22 tokens per second)
ollama-1  | slot print_timing: id  0 | task 9867 |       total time =    1019.15 ms /   224 tokens
ollama-1  | slot print_timing: id  0 | task 9867 |    graphs reused =       6757
ollama-1  | slot      release: id  0 | task 9867 | stop processing: n_tokens = 552, truncated = 0
ollama-1  | srv  update_slots: all slots are idle
ollama-1  | [GIN] 2026/10/07 - 10:56:04 | 200 |  5.804253116s |      172.21.0.4 | POST     "/api/generate"
ollama-1  | srv  server_strea: conv_id= (empty=1)
ollama-1  | slot get_availabl: id  0 | task -1 |  - checking sim = 0.583 (328/563) > 0.100
ollama-1  | slot get_availabl: id  0 | task -1 | selected slot by LCP similarity, f_sim_best = 0.583 (> 0.100 thold), f_keep = 0.594
ollama-1  | slot launch_slot_: id  0 | task -1 | sampler chain: logits -> ?penalties -> ?dry -> ?top-n-sigma -> top-k -> ?typical -> top-p -> ?min-p -> ?xtc -> temp-ext -> dist 
ollama-1  | slot launch_slot_: id  0 | task -1 | sampler params: 
ollama-1  | 	repeat_last_n = 64, repeat_penalty = 1.000, frequency_penalty = 0.000, presence_penalty = 0.000
ollama-1  | 	dry_multiplier = 0.000, dry_base = 1.750, dry_allowed_length = 2, dry_penalty_last_n = 64
ollama-1  | 	top_k = 40, top_p = 0.900, min_p = 0.000, xtc_probability = 0.000, xtc_threshold = 0.100, typical_p = 1.000, top_n_sigma = -1.000, temp = 0.000
ollama-1  | 	mirostat = 0, mirostat_lr = 0.100, mirostat_ent = 5.000, adaptive_target = -1.000, adaptive_decay = 0.900
ollama-1  | slot launch_slot_: id  0 | task 9876 | processing task, is_child = 0
ollama-1  | slot   operator(): id  0 | task 9876 | new prompt, n_ctx_slot = 4096, n_keep = 4, task.n_tokens = 563
ollama-1  | slot   operator(): id  0 | task 9876 | cached n_tokens = 328, memory_seq_rm [328, end)
ollama-1  | slot init_sampler: id  0 | task 9876 | init sampler, took 0.05 ms, tokens: text = 563, total = 563
ollama-1  | slot print_timing: id  0 | task 9876 | prompt eval time =     930.74 ms /   235 tokens (    3.96 ms per token,   252.49 tokens per second)
ollama-1  | slot print_timing: id  0 | task 9876 |        eval time =     228.28 ms /    10 tokens (   25.36 ms per token,    39.43 tokens per second)
ollama-1  | slot print_timing: id  0 | task 9876 |       total time =    1159.02 ms /   245 tokens
ollama-1  | slot print_timing: id  0 | task 9876 |    graphs reused =       6765
ollama-1  | slot      release: id  0 | task 9876 | stop processing: n_tokens = 572, truncated = 0
ollama-1  | srv  update_slots: all slots are idle
ollama-1  | [GIN] 2026/10/07 - 10:56:05 | 200 |  3.840828537s |      172.21.0.4 | POST     "/api/generate"
ollama-1  | srv  server_strea: conv_id= (empty=1)
ollama-1  | slot get_availabl: id  0 | task -1 |  - checking sim = 0.511 (330/646) > 0.100
ollama-1  | slot get_availabl: id  0 | task -1 | selected slot by LCP similarity, f_sim_best = 0.511 (> 0.100 thold), f_keep = 0.577
ollama-1  | slot launch_slot_: id  0 | task -1 | sampler chain: logits -> ?penalties -> ?dry -> ?top-n-sigma -> top-k -> ?typical -> top-p -> ?min-p -> ?xtc -> temp-ext -> dist 
ollama-1  | slot launch_slot_: id  0 | task -1 | sampler params: 
ollama-1  | 	repeat_last_n = 64, repeat_penalty = 1.000, frequency_penalty = 0.000, presence_penalty = 0.000
ollama-1  | 	dry_multiplier = 0.000, dry_base = 1.750, dry_allowed_length = 2, dry_penalty_last_n = 64
ollama-1  | 	top_k = 40, top_p = 0.900, min_p = 0.000, xtc_probability = 0.000, xtc_threshold = 0.100, typical_p = 1.000, top_n_sigma = -1.000, temp = 0.000
ollama-1  | 	mirostat = 0, mirostat_lr = 0.100, mirostat_ent = 5.000, adaptive_target = -1.000, adaptive_decay = 0.900
ollama-1  | slot launch_slot_: id  0 | task 9887 | processing task, is_child = 0
ollama-1  | slot   operator(): id  0 | task 9887 | new prompt, n_ctx_slot = 4096, n_keep = 4, task.n_tokens = 646
ollama-1  | slot   operator(): id  0 | task 9887 | cached n_tokens = 330, memory_seq_rm [330, end)
ollama-1  | slot init_sampler: id  0 | task 9887 | init sampler, took 0.08 ms, tokens: text = 646, total = 646
ollama-1  | slot print_timing: id  0 | task 9887 | prompt eval time =    1231.32 ms /   316 tokens (    3.90 ms per token,   256.64 tokens per second)
ollama-1  | slot print_timing: id  0 | task 9887 |        eval time =     169.43 ms /     8 tokens (   24.20 ms per token,    41.32 tokens per second)
ollama-1  | slot print_timing: id  0 | task 9887 |       total time =    1400.75 ms /   324 tokens
ollama-1  | slot print_timing: id  0 | task 9887 |    graphs reused =       6771
ollama-1  | slot      release: id  0 | task 9887 | stop processing: n_tokens = 653, truncated = 0
ollama-1  | srv  update_slots: all slots are idle
ollama-1  | [GIN] 2026/10/07 - 10:56:07 | 200 |  3.489490879s |      172.21.0.4 | POST     "/api/generate"
ollama-1  | srv  server_strea: conv_id= (empty=1)
ollama-1  | slot get_availabl: id  0 | task -1 |  - checking sim = 0.626 (328/524) > 0.100
ollama-1  | slot get_availabl: id  0 | task -1 | selected slot by LCP similarity, f_sim_best = 0.626 (> 0.100 thold), f_keep = 0.502
ollama-1  | slot launch_slot_: id  0 | task -1 | sampler chain: logits -> ?penalties -> ?dry -> ?top-n-sigma -> top-k -> ?typical -> top-p -> ?min-p -> ?xtc -> temp-ext -> dist 
ollama-1  | slot launch_slot_: id  0 | task -1 | sampler params: 
ollama-1  | 	repeat_last_n = 64, repeat_penalty = 1.000, frequency_penalty = 0.000, presence_penalty = 0.000
ollama-1  | 	dry_multiplier = 0.000, dry_base = 1.750, dry_allowed_length = 2, dry_penalty_last_n = 64
ollama-1  | 	top_k = 40, top_p = 0.900, min_p = 0.000, xtc_probability = 0.000, xtc_threshold = 0.100, typical_p = 1.000, top_n_sigma = -1.000, temp = 0.000
ollama-1  | 	mirostat = 0, mirostat_lr = 0.100, mirostat_ent = 5.000, adaptive_target = -1.000, adaptive_decay = 0.900
ollama-1  | slot launch_slot_: id  0 | task 9896 | processing task, is_child = 0
ollama-1  | slot   operator(): id  0 | task 9896 | new prompt, n_ctx_slot = 4096, n_keep = 4, task.n_tokens = 524
ollama-1  | slot   operator(): id  0 | task 9896 | cached n_tokens = 328, memory_seq_rm [328, end)
ollama-1  | slot init_sampler: id  0 | task 9896 | init sampler, took 0.06 ms, tokens: text = 524, total = 524
ollama-1  | slot print_timing: id  0 | task 9896 | prompt eval time =     774.83 ms /   196 tokens (    3.95 ms per token,   252.96 tokens per second)
ollama-1  | slot print_timing: id  0 | task 9896 |        eval time =     180.17 ms /     9 tokens (   22.52 ms per token,    44.40 tokens per second)
ollama-1  | slot print_timing: id  0 | task 9896 |       total time =     955.00 ms /   205 tokens
ollama-1  | slot print_timing: id  0 | task 9896 |    graphs reused =       6778
ollama-1  | slot      release: id  0 | task 9896 | stop processing: n_tokens = 532, truncated = 0
ollama-1  | srv  update_slots: all slots are idle
ollama-1  | [GIN] 2026/10/07 - 10:56:08 | 200 |  2.188557639s |      172.21.0.4 | POST     "/api/generate"
ollama-1  | [GIN] 2026/10/07 - 10:56:08 | 200 |      27.074µs |       127.0.0.1 | HEAD     "/"
ollama-1  | [GIN] 2026/10/07 - 10:56:08 | 200 |    1.247843ms |       127.0.0.1 | GET      "/api/tags"
ollama-1  | srv  server_strea: conv_id= (empty=1)
ollama-1  | slot get_availabl: id  0 | task -1 |  - checking sim = 0.737 (328/445) > 0.100
ollama-1  | slot get_availabl: id  0 | task -1 | selected slot by LCP similarity, f_sim_best = 0.737 (> 0.100 thold), f_keep = 0.617
ollama-1  | slot launch_slot_: id  0 | task -1 | sampler chain: logits -> ?penalties -> ?dry -> ?top-n-sigma -> top-k -> ?typical -> top-p -> ?min-p -> ?xtc -> temp-ext -> dist 
ollama-1  | slot launch_slot_: id  0 | task -1 | sampler params: 
ollama-1  | 	repeat_last_n = 64, repeat_penalty = 1.000, frequency_penalty = 0.000, presence_penalty = 0.000
ollama-1  | 	dry_multiplier = 0.000, dry_base = 1.750, dry_allowed_length = 2, dry_penalty_last_n = 64
ollama-1  | 	top_k = 40, top_p = 0.900, min_p = 0.000, xtc_probability = 0.000, xtc_threshold = 0.100, typical_p = 1.000, top_n_sigma = -1.000, temp = 0.000
ollama-1  | 	mirostat = 0, mirostat_lr = 0.100, mirostat_ent = 5.000, adaptive_target = -1.000, adaptive_decay = 0.900
ollama-1  | slot launch_slot_: id  0 | task 9906 | processing task, is_child = 0
ollama-1  | slot   operator(): id  0 | task 9906 | new prompt, n_ctx_slot = 4096, n_keep = 4, task.n_tokens = 445
ollama-1  | slot   operator(): id  0 | task 9906 | cached n_tokens = 328, memory_seq_rm [328, end)
ollama-1  | slot init_sampler: id  0 | task 9906 | init sampler, took 0.03 ms, tokens: text = 445, total = 445
ollama-1  | slot print_timing: id  0 | task 9906 | prompt eval time =     449.93 ms /   117 tokens (    3.85 ms per token,   260.04 tokens per second)
ollama-1  | slot print_timing: id  0 | task 9906 |        eval time =     167.88 ms /     9 tokens (   20.98 ms per token,    47.65 tokens per second)
ollama-1  | slot print_timing: id  0 | task 9906 |       total time =     617.81 ms /   126 tokens
ollama-1  | slot print_timing: id  0 | task 9906 |    graphs reused =       6785
ollama-1  | slot      release: id  0 | task 9906 | stop processing: n_tokens = 453, truncated = 0
ollama-1  | srv  update_slots: all slots are idle
ollama-1  | [GIN] 2026/10/07 - 10:56:11 | 200 |  622.833795ms |      172.21.0.4 | POST     "/api/generate"
ollama-1  | srv  server_strea: conv_id= (empty=1)
ollama-1  | slot get_availabl: id  0 | task -1 |  - checking sim = 0.648 (328/506) > 0.100
ollama-1  | slot get_availabl: id  0 | task -1 | selected slot by LCP similarity, f_sim_best = 0.648 (> 0.100 thold), f_keep = 0.724
ollama-1  | slot launch_slot_: id  0 | task -1 | sampler chain: logits -> ?penalties -> ?dry -> ?top-n-sigma -> top-k -> ?typical -> top-p -> ?min-p -> ?xtc -> temp-ext -> dist 
ollama-1  | slot launch_slot_: id  0 | task -1 | sampler params: 
ollama-1  | 	repeat_last_n = 64, repeat_penalty = 1.000, frequency_penalty = 0.000, presence_penalty = 0.000
ollama-1  | 	dry_multiplier = 0.000, dry_base = 1.750, dry_allowed_length = 2, dry_penalty_last_n = 64
ollama-1  | 	top_k = 40, top_p = 0.900, min_p = 0.000, xtc_probability = 0.000, xtc_threshold = 0.100, typical_p = 1.000, top_n_sigma = -1.000, temp = 0.000
ollama-1  | 	mirostat = 0, mirostat_lr = 0.100, mirostat_ent = 5.000, adaptive_target = -1.000, adaptive_decay = 0.900
ollama-1  | slot launch_slot_: id  0 | task 9916 | processing task, is_child = 0
ollama-1  | slot   operator(): id  0 | task 9916 | new prompt, n_ctx_slot = 4096, n_keep = 4, task.n_tokens = 506
ollama-1  | slot   operator(): id  0 | task 9916 | cached n_tokens = 328, memory_seq_rm [328, end)
ollama-1  | slot init_sampler: id  0 | task 9916 | init sampler, took 0.06 ms, tokens: text = 506, total = 506
ollama-1  | slot print_timing: id  0 | task 9916 | prompt eval time =     686.03 ms /   178 tokens (    3.85 ms per token,   259.47 tokens per second)
ollama-1  | slot print_timing: id  0 | task 9916 |        eval time =     161.42 ms /     8 tokens (   23.06 ms per token,    43.36 tokens per second)
ollama-1  | slot print_timing: id  0 | task 9916 |       total time =     847.45 ms /   186 tokens
ollama-1  | slot print_timing: id  0 | task 9916 |    graphs reused =       6790
ollama-1  | slot      release: id  0 | task 9916 | stop processing: n_tokens = 513, truncated = 0
ollama-1  | srv  update_slots: all slots are idle
ollama-1  | [GIN] 2026/10/07 - 10:56:12 | 200 |  1.310015829s |      172.21.0.4 | POST     "/api/generate"
ollama-1  | srv  server_strea: conv_id= (empty=1)
ollama-1  | slot get_availabl: id  0 | task -1 |  - checking sim = 0.787 (328/417) > 0.100
ollama-1  | slot get_availabl: id  0 | task -1 | selected slot by LCP similarity, f_sim_best = 0.787 (> 0.100 thold), f_keep = 0.639
ollama-1  | slot launch_slot_: id  0 | task -1 | sampler chain: logits -> ?penalties -> ?dry -> ?top-n-sigma -> top-k -> ?typical -> top-p -> ?min-p -> ?xtc -> temp-ext -> dist 
ollama-1  | slot launch_slot_: id  0 | task -1 | sampler params: 
ollama-1  | 	repeat_last_n = 64, repeat_penalty = 1.000, frequency_penalty = 0.000, presence_penalty = 0.000
ollama-1  | 	dry_multiplier = 0.000, dry_base = 1.750, dry_allowed_length = 2, dry_penalty_last_n = 64
ollama-1  | 	top_k = 40, top_p = 0.900, min_p = 0.000, xtc_probability = 0.000, xtc_threshold = 0.100, typical_p = 1.000, top_n_sigma = -1.000, temp = 0.000
ollama-1  | 	mirostat = 0, mirostat_lr = 0.100, mirostat_ent = 5.000, adaptive_target = -1.000, adaptive_decay = 0.900
ollama-1  | slot launch_slot_: id  0 | task 9925 | processing task, is_child = 0
ollama-1  | slot   operator(): id  0 | task 9925 | new prompt, n_ctx_slot = 4096, n_keep = 4, task.n_tokens = 417
ollama-1  | slot   operator(): id  0 | task 9925 | cached n_tokens = 328, memory_seq_rm [328, end)
ollama-1  | slot init_sampler: id  0 | task 9925 | init sampler, took 0.03 ms, tokens: text = 417, total = 417
ollama-1  | slot print_timing: id  0 | task 9925 | prompt eval time =     353.65 ms /    89 tokens (    3.97 ms per token,   251.66 tokens per second)
ollama-1  | slot print_timing: id  0 | task 9925 |        eval time =     167.06 ms /     9 tokens (   20.88 ms per token,    47.89 tokens per second)
ollama-1  | slot print_timing: id  0 | task 9925 |       total time =     520.71 ms /    98 tokens
ollama-1  | slot print_timing: id  0 | task 9925 |    graphs reused =       6797
ollama-1  | slot      release: id  0 | task 9925 | stop processing: n_tokens = 425, truncated = 0
ollama-1  | srv  update_slots: all slots are idle
ollama-1  | [GIN] 2026/10/07 - 10:56:12 | 200 |  1.370662178s |      172.21.0.4 | POST     "/api/generate"
ollama-1  | srv  server_strea: conv_id= (empty=1)
ollama-1  | slot get_availabl: id  0 | task -1 |  - checking sim = 0.490 (328/670) > 0.100
ollama-1  | slot get_availabl: id  0 | task -1 | selected slot by LCP similarity, f_sim_best = 0.490 (> 0.100 thold), f_keep = 0.772
ollama-1  | slot launch_slot_: id  0 | task -1 | sampler chain: logits -> ?penalties -> ?dry -> ?top-n-sigma -> top-k -> ?typical -> top-p -> ?min-p -> ?xtc -> temp-ext -> dist 
ollama-1  | slot launch_slot_: id  0 | task -1 | sampler params: 
ollama-1  | 	repeat_last_n = 64, repeat_penalty = 1.000, frequency_penalty = 0.000, presence_penalty = 0.000
ollama-1  | 	dry_multiplier = 0.000, dry_base = 1.750, dry_allowed_length = 2, dry_penalty_last_n = 64
ollama-1  | 	top_k = 40, top_p = 0.900, min_p = 0.000, xtc_probability = 0.000, xtc_threshold = 0.100, typical_p = 1.000, top_n_sigma = -1.000, temp = 0.000
ollama-1  | 	mirostat = 0, mirostat_lr = 0.100, mirostat_ent = 5.000, adaptive_target = -1.000, adaptive_decay = 0.900
ollama-1  | slot launch_slot_: id  0 | task 9935 | processing task, is_child = 0
ollama-1  | slot   operator(): id  0 | task 9935 | new prompt, n_ctx_slot = 4096, n_keep = 4, task.n_tokens = 670
ollama-1  | slot   operator(): id  0 | task 9935 | cached n_tokens = 328, memory_seq_rm [328, end)
ollama-1  | slot init_sampler: id  0 | task 9935 | init sampler, took 0.05 ms, tokens: text = 670, total = 670
ollama-1  | slot print_timing: id  0 | task 9935 | prompt eval time =    1334.67 ms /   342 tokens (    3.90 ms per token,   256.24 tokens per second)
ollama-1  | slot print_timing: id  0 | task 9935 |        eval time =     154.78 ms /     8 tokens (   22.11 ms per token,    45.22 tokens per second)
ollama-1  | slot print_timing: id  0 | task 9935 |       total time =    1489.45 ms /   350 tokens
ollama-1  | slot print_timing: id  0 | task 9935 |    graphs reused =       6803
ollama-1  | slot      release: id  0 | task 9935 | stop processing: n_tokens = 677, truncated = 0
ollama-1  | srv  update_slots: all slots are idle
ollama-1  | [GIN] 2026/10/07 - 10:56:14 | 200 |  2.119904952s |      172.21.0.4 | POST     "/api/generate"
ollama-1  | srv  server_strea: conv_id= (empty=1)
ollama-1  | slot get_availabl: id  0 | task -1 |  - checking sim = 0.603 (328/544) > 0.100
ollama-1  | slot get_availabl: id  0 | task -1 | selected slot by LCP similarity, f_sim_best = 0.603 (> 0.100 thold), f_keep = 0.484
ollama-1  | srv  get_availabl: updating prompt cache
ollama-1  | srv   prompt_save:  - saving prompt with length 677, total state size = 21.164 MiB (draft: 0.000 MiB)
ollama-1  | srv          load:  - looking for better prompt, base f_keep = 0.484, f_sim = 0.603
ollama-1  | srv          load:    - prompt with length     709, lcp =     328, f_keep = 0.463, f_sim = 0.603
ollama-1  | srv          load:    - prompt with length     700, lcp =     328, f_keep = 0.469, f_sim = 0.603
ollama-1  | srv          load:    - prompt with length     695, lcp =     330, f_keep = 0.475, f_sim = 0.607
ollama-1  | srv          load:    - prompt with length     670, lcp =     328, f_keep = 0.490, f_sim = 0.603
ollama-1  | srv          load:    - prompt with length     730, lcp =     328, f_keep = 0.449, f_sim = 0.603
ollama-1  | srv          load:    - prompt with length     779, lcp =     328, f_keep = 0.421, f_sim = 0.603
ollama-1  | srv          load:    - prompt with length     805, lcp =     328, f_keep = 0.407, f_sim = 0.603
ollama-1  | srv          load:    - prompt with length     696, lcp =     328, f_keep = 0.471, f_sim = 0.603
ollama-1  | srv          load:    - prompt with length     962, lcp =     328, f_keep = 0.341, f_sim = 0.603
ollama-1  | srv          load:    - prompt with length     705, lcp =     328, f_keep = 0.465, f_sim = 0.603
ollama-1  | srv          load:    - prompt with length     722, lcp =     328, f_keep = 0.454, f_sim = 0.603
ollama-1  | srv          load:    - prompt with length     704, lcp =     328, f_keep = 0.466, f_sim = 0.603
ollama-1  | srv          load:    - prompt with length     710, lcp =     328, f_keep = 0.462, f_sim = 0.603
ollama-1  | srv          load:    - prompt with length     752, lcp =     328, f_keep = 0.436, f_sim = 0.603
ollama-1  | srv          load:    - prompt with length     683, lcp =     328, f_keep = 0.480, f_sim = 0.603
ollama-1  | srv          load:    - prompt with length     777, lcp =     328, f_keep = 0.422, f_sim = 0.603
ollama-1  | srv          load:    - prompt with length     773, lcp =     328, f_keep = 0.424, f_sim = 0.603
ollama-1  | srv          load:    - prompt with length     691, lcp =     328, f_keep = 0.475, f_sim = 0.603
ollama-1  | srv          load:    - prompt with length     738, lcp =     328, f_keep = 0.444, f_sim = 0.603
ollama-1  | srv          load:    - prompt with length     730, lcp =     328, f_keep = 0.449, f_sim = 0.603
ollama-1  | srv          load:    - prompt with length     798, lcp =     328, f_keep = 0.411, f_sim = 0.603
ollama-1  | srv          load:    - prompt with length     661, lcp =     328, f_keep = 0.496, f_sim = 0.603
ollama-1  | srv          load:    - prompt with length     771, lcp =     328, f_keep = 0.425, f_sim = 0.603
ollama-1  | srv          load:    - prompt with length     684, lcp =     328, f_keep = 0.480, f_sim = 0.603
ollama-1  | srv          load:    - prompt with length     659, lcp =     328, f_keep = 0.498, f_sim = 0.603
ollama-1  | srv          load:    - prompt with length     677, lcp =     328, f_keep = 0.484, f_sim = 0.603
ollama-1  | srv          load:    - prompt with length     740, lcp =     328, f_keep = 0.443, f_sim = 0.603
ollama-1  | srv          load:    - prompt with length     677, lcp =     328, f_keep = 0.484, f_sim = 0.603
ollama-1  | srv        update:  - cache state: 28 prompts, 637.682 MiB (limits: 8192.000 MiB, 4096 tokens, 262043 est)
ollama-1  | srv        update:    - prompt 0x2111c2b0:     709 tokens, checkpoints:  0,    22.165 MiB
ollama-1  | srv        update:    - prompt 0x1d133370:     700 tokens, checkpoints:  0,    21.883 MiB
ollama-1  | srv        update:    - prompt 0x1d12e2c0:     695 tokens, checkpoints:  0,    21.727 MiB
ollama-1  | srv        update:    - prompt 0x1d12d8d0:     670 tokens, checkpoints:  0,    20.946 MiB
ollama-1  | srv        update:    - prompt 0x1d708a50:     730 tokens, checkpoints:  0,    22.821 MiB
ollama-1  | srv        update:    - prompt 0x1d12ae00:     779 tokens, checkpoints:  0,    24.353 MiB
ollama-1  | srv        update:    - prompt 0x1d728d30:     805 tokens, checkpoints:  0,    25.166 MiB
ollama-1  | srv        update:    - prompt 0x2427f580:     696 tokens, checkpoints:  0,    21.758 MiB
ollama-1  | srv        update:    - prompt 0x30e39f50:     962 tokens, checkpoints:  0,    30.074 MiB
ollama-1  | srv        update:    - prompt 0x1e85d3b0:     705 tokens, checkpoints:  0,    22.040 MiB
ollama-1  | srv        update:    - prompt 0x1e7a4ad0:     722 tokens, checkpoints:  0,    22.571 MiB
ollama-1  | srv        update:    - prompt 0x24d036a0:     704 tokens, checkpoints:  0,    22.008 MiB
ollama-1  | srv        update:    - prompt 0x1e75fd60:     710 tokens, checkpoints:  0,    22.196 MiB
ollama-1  | srv        update:    - prompt 0x24367aa0:     752 tokens, checkpoints:  0,    23.509 MiB
ollama-1  | srv        update:    - prompt 0x243c6d30:     683 tokens, checkpoints:  0,    21.352 MiB
ollama-1  | srv        update:    - prompt 0x24273cf0:     777 tokens, checkpoints:  0,    24.291 MiB
ollama-1  | srv        update:    - prompt 0x2a28fe40:     773 tokens, checkpoints:  0,    24.165 MiB
ollama-1  | srv        update:    - prompt 0x242cfd20:     691 tokens, checkpoints:  0,    21.602 MiB
ollama-1  | srv        update:    - prompt 0x2444bcc0:     738 tokens, checkpoints:  0,    23.071 MiB
ollama-1  | srv        update:    - prompt 0x1d311810:     730 tokens, checkpoints:  0,    22.821 MiB
ollama-1  | srv        update:    - prompt 0x24d350b0:     798 tokens, checkpoints:  0,    24.947 MiB
ollama-1  | srv        update:    - prompt 0x2437a2b0:     661 tokens, checkpoints:  0,    20.664 MiB
ollama-1  | srv        update:    - prompt 0x2a2a47f0:     771 tokens, checkpoints:  0,    24.103 MiB
ollama-1  | srv        update:    - prompt 0x2443a0e0:     684 tokens, checkpoints:  0,    21.383 MiB
ollama-1  | srv        update:    - prompt 0x1e82e9b0:     659 tokens, checkpoints:  0,    20.602 MiB
ollama-1  | srv        update:    - prompt 0x1d2ee000:     677 tokens, checkpoints:  0,    21.164 MiB
ollama-1  | srv        update:    - prompt 0x2448abc0:     740 tokens, checkpoints:  0,    23.134 MiB
ollama-1  | srv        update:    - prompt 0x1e82e900:     677 tokens, checkpoints:  0,    21.164 MiB
ollama-1  | srv  get_availabl: prompt cache update took 5.46 ms
ollama-1  | slot launch_slot_: id  0 | task -1 | sampler chain: logits -> ?penalties -> ?dry -> ?top-n-sigma -> top-k -> ?typical -> top-p -> ?min-p -> ?xtc -> temp-ext -> dist 
ollama-1  | slot launch_slot_: id  0 | task -1 | sampler params: 
ollama-1  | 	repeat_last_n = 64, repeat_penalty = 1.000, frequency_penalty = 0.000, presence_penalty = 0.000
ollama-1  | 	dry_multiplier = 0.000, dry_base = 1.750, dry_allowed_length = 2, dry_penalty_last_n = 64
ollama-1  | 	top_k = 40, top_p = 0.900, min_p = 0.000, xtc_probability = 0.000, xtc_threshold = 0.100, typical_p = 1.000, top_n_sigma = -1.000, temp = 0.000
ollama-1  | 	mirostat = 0, mirostat_lr = 0.100, mirostat_ent = 5.000, adaptive_target = -1.000, adaptive_decay = 0.900
ollama-1  | slot launch_slot_: id  0 | task 9944 | processing task, is_child = 0
ollama-1  | slot   operator(): id  0 | task 9944 | new prompt, n_ctx_slot = 4096, n_keep = 4, task.n_tokens = 544
ollama-1  | slot   operator(): id  0 | task 9944 | cached n_tokens = 328, memory_seq_rm [328, end)
ollama-1  | slot init_sampler: id  0 | task 9944 | init sampler, took 0.04 ms, tokens: text = 544, total = 544
ollama-1  | slot print_timing: id  0 | task 9944 | prompt eval time =     832.93 ms /   216 tokens (    3.86 ms per token,   259.33 tokens per second)
ollama-1  | slot print_timing: id  0 | task 9944 |        eval time =     155.50 ms /     8 tokens (   22.21 ms per token,    45.02 tokens per second)
ollama-1  | slot print_timing: id  0 | task 9944 |       total time =     988.43 ms /   224 tokens
ollama-1  | slot print_timing: id  0 | task 9944 |    graphs reused =       6809
ollama-1  | slot      release: id  0 | task 9944 | stop processing: n_tokens = 551, truncated = 0
ollama-1  | srv  update_slots: all slots are idle
ollama-1  | [GIN] 2026/10/07 - 10:56:15 | 200 |  2.595811538s |      172.21.0.4 | POST     "/api/generate"
ollama-1  | srv  server_strea: conv_id= (empty=1)
ollama-1  | slot get_availabl: id  0 | task -1 |  - checking sim = 0.775 (328/423) > 0.100
ollama-1  | slot get_availabl: id  0 | task -1 | selected slot by LCP similarity, f_sim_best = 0.775 (> 0.100 thold), f_keep = 0.595
ollama-1  | slot launch_slot_: id  0 | task -1 | sampler chain: logits -> ?penalties -> ?dry -> ?top-n-sigma -> top-k -> ?typical -> top-p -> ?min-p -> ?xtc -> temp-ext -> dist 
ollama-1  | slot launch_slot_: id  0 | task -1 | sampler params: 
ollama-1  | 	repeat_last_n = 64, repeat_penalty = 1.000, frequency_penalty = 0.000, presence_penalty = 0.000
ollama-1  | 	dry_multiplier = 0.000, dry_base = 1.750, dry_allowed_length = 2, dry_penalty_last_n = 64
ollama-1  | 	top_k = 40, top_p = 0.900, min_p = 0.000, xtc_probability = 0.000, xtc_threshold = 0.100, typical_p = 1.000, top_n_sigma = -1.000, temp = 0.000
ollama-1  | 	mirostat = 0, mirostat_lr = 0.100, mirostat_ent = 5.000, adaptive_target = -1.000, adaptive_decay = 0.900
ollama-1  | slot launch_slot_: id  0 | task 9953 | processing task, is_child = 0
ollama-1  | slot   operator(): id  0 | task 9953 | new prompt, n_ctx_slot = 4096, n_keep = 4, task.n_tokens = 423
ollama-1  | slot   operator(): id  0 | task 9953 | cached n_tokens = 328, memory_seq_rm [328, end)
ollama-1  | slot init_sampler: id  0 | task 9953 | init sampler, took 0.05 ms, tokens: text = 423, total = 423
ollama-1  | slot print_timing: id  0 | task 9953 | prompt eval time =     385.29 ms /    95 tokens (    4.06 ms per token,   246.57 tokens per second)
ollama-1  | slot print_timing: id  0 | task 9953 |        eval time =     180.20 ms /     8 tokens (   25.74 ms per token,    38.85 tokens per second)
ollama-1  | slot print_timing: id  0 | task 9953 |       total time =     565.48 ms /   103 tokens
ollama-1  | slot print_timing: id  0 | task 9953 |    graphs reused =       6815
ollama-1  | slot      release: id  0 | task 9953 | stop processing: n_tokens = 430, truncated = 0
ollama-1  | srv  update_slots: all slots are idle
ollama-1  | [GIN] 2026/10/07 - 10:56:15 | 200 |  1.926486521s |      172.21.0.4 | POST     "/api/generate"
ollama-1  | srv  server_strea: conv_id= (empty=1)
ollama-1  | slot get_availabl: id  0 | task -1 |  - checking sim = 0.646 (328/508) > 0.100
ollama-1  | slot get_availabl: id  0 | task -1 | selected slot by LCP similarity, f_sim_best = 0.646 (> 0.100 thold), f_keep = 0.763
ollama-1  | slot launch_slot_: id  0 | task -1 | sampler chain: logits -> ?penalties -> ?dry -> ?top-n-sigma -> top-k -> ?typical -> top-p -> ?min-p -> ?xtc -> temp-ext -> dist 
ollama-1  | slot launch_slot_: id  0 | task -1 | sampler params: 
ollama-1  | 	repeat_last_n = 64, repeat_penalty = 1.000, frequency_penalty = 0.000, presence_penalty = 0.000
ollama-1  | 	dry_multiplier = 0.000, dry_base = 1.750, dry_allowed_length = 2, dry_penalty_last_n = 64
ollama-1  | 	top_k = 40, top_p = 0.900, min_p = 0.000, xtc_probability = 0.000, xtc_threshold = 0.100, typical_p = 1.000, top_n_sigma = -1.000, temp = 0.000
ollama-1  | 	mirostat = 0, mirostat_lr = 0.100, mirostat_ent = 5.000, adaptive_target = -1.000, adaptive_decay = 0.900
ollama-1  | slot launch_slot_: id  0 | task 9962 | processing task, is_child = 0
ollama-1  | slot   operator(): id  0 | task 9962 | new prompt, n_ctx_slot = 4096, n_keep = 4, task.n_tokens = 508
ollama-1  | slot   operator(): id  0 | task 9962 | cached n_tokens = 328, memory_seq_rm [328, end)
ollama-1  | slot init_sampler: id  0 | task 9962 | init sampler, took 0.06 ms, tokens: text = 508, total = 508
ollama-1  | slot print_timing: id  0 | task 9962 | prompt eval time =     708.08 ms /   180 tokens (    3.93 ms per token,   254.21 tokens per second)
ollama-1  | slot print_timing: id  0 | task 9962 |        eval time =     179.36 ms /     8 tokens (   25.62 ms per token,    39.03 tokens per second)
ollama-1  | slot print_timing: id  0 | task 9962 |       total time =     887.44 ms /   188 tokens
ollama-1  | slot print_timing: id  0 | task 9962 |    graphs reused =       6820
ollama-1  | slot      release: id  0 | task 9962 | stop processing: n_tokens = 515, truncated = 0
ollama-1  | srv  update_slots: all slots are idle
ollama-1  | [GIN] 2026/10/07 - 10:56:16 | 200 |  1.925071453s |      172.21.0.4 | POST     "/api/generate"
ollama-1  | srv  server_strea: conv_id= (empty=1)
ollama-1  | slot get_availabl: id  0 | task -1 |  - checking sim = 0.769 (329/428) > 0.100
ollama-1  | slot get_availabl: id  0 | task -1 | selected slot by LCP similarity, f_sim_best = 0.769 (> 0.100 thold), f_keep = 0.639
ollama-1  | slot launch_slot_: id  0 | task -1 | sampler chain: logits -> ?penalties -> ?dry -> ?top-n-sigma -> top-k -> ?typical -> top-p -> ?min-p -> ?xtc -> temp-ext -> dist 
ollama-1  | slot launch_slot_: id  0 | task -1 | sampler params: 
ollama-1  | 	repeat_last_n = 64, repeat_penalty = 1.000, frequency_penalty = 0.000, presence_penalty = 0.000
ollama-1  | 	dry_multiplier = 0.000, dry_base = 1.750, dry_allowed_length = 2, dry_penalty_last_n = 64
ollama-1  | 	top_k = 40, top_p = 0.900, min_p = 0.000, xtc_probability = 0.000, xtc_threshold = 0.100, typical_p = 1.000, top_n_sigma = -1.000, temp = 0.000
ollama-1  | 	mirostat = 0, mirostat_lr = 0.100, mirostat_ent = 5.000, adaptive_target = -1.000, adaptive_decay = 0.900
ollama-1  | slot launch_slot_: id  0 | task 9971 | processing task, is_child = 0
ollama-1  | slot   operator(): id  0 | task 9971 | new prompt, n_ctx_slot = 4096, n_keep = 4, task.n_tokens = 428
ollama-1  | slot   operator(): id  0 | task 9971 | cached n_tokens = 329, memory_seq_rm [329, end)
ollama-1  | slot init_sampler: id  0 | task 9971 | init sampler, took 0.05 ms, tokens: text = 428, total = 428
ollama-1  | slot print_timing: id  0 | task 9971 | prompt eval time =     398.53 ms /    99 tokens (    4.03 ms per token,   248.41 tokens per second)
ollama-1  | slot print_timing: id  0 | task 9971 |        eval time =     199.36 ms /    10 tokens (   22.15 ms per token,    45.14 tokens per second)
ollama-1  | slot print_timing: id  0 | task 9971 |       total time =     597.89 ms /   109 tokens
ollama-1  | slot print_timing: id  0 | task 9971 |    graphs reused =       6828
ollama-1  | slot      release: id  0 | task 9971 | stop processing: n_tokens = 437, truncated = 0
ollama-1  | srv  update_slots: all slots are idle
ollama-1  | [GIN] 2026/10/07 - 10:56:17 | 200 |  1.891492037s |      172.21.0.4 | POST     "/api/generate"
ollama-1  | srv  server_strea: conv_id= (empty=1)
ollama-1  | slot get_availabl: id  0 | task -1 |  - checking sim = 0.450 (329/731) > 0.100
ollama-1  | slot get_availabl: id  0 | task -1 | selected slot by LCP similarity, f_sim_best = 0.450 (> 0.100 thold), f_keep = 0.753
ollama-1  | slot launch_slot_: id  0 | task -1 | sampler chain: logits -> ?penalties -> ?dry -> ?top-n-sigma -> top-k -> ?typical -> top-p -> ?min-p -> ?xtc -> temp-ext -> dist 
ollama-1  | slot launch_slot_: id  0 | task -1 | sampler params: 
ollama-1  | 	repeat_last_n = 64, repeat_penalty = 1.000, frequency_penalty = 0.000, presence_penalty = 0.000
ollama-1  | 	dry_multiplier = 0.000, dry_base = 1.750, dry_allowed_length = 2, dry_penalty_last_n = 64
ollama-1  | 	top_k = 40, top_p = 0.900, min_p = 0.000, xtc_probability = 0.000, xtc_threshold = 0.100, typical_p = 1.000, top_n_sigma = -1.000, temp = 0.000
ollama-1  | 	mirostat = 0, mirostat_lr = 0.100, mirostat_ent = 5.000, adaptive_target = -1.000, adaptive_decay = 0.900
ollama-1  | slot launch_slot_: id  0 | task 9982 | processing task, is_child = 0
ollama-1  | slot   operator(): id  0 | task 9982 | new prompt, n_ctx_slot = 4096, n_keep = 4, task.n_tokens = 731
ollama-1  | slot   operator(): id  0 | task 9982 | cached n_tokens = 329, memory_seq_rm [329, end)
ollama-1  | slot init_sampler: id  0 | task 9982 | init sampler, took 0.06 ms, tokens: text = 731, total = 731
ollama-1  | [GIN] 2026/10/07 - 10:56:18 | 200 |      25.697µs |       127.0.0.1 | HEAD     "/"
ollama-1  | [GIN] 2026/10/07 - 10:56:18 | 200 |    1.150814ms |       127.0.0.1 | GET      "/api/tags"
ollama-1  | slot print_timing: id  0 | task 9982 | prompt eval time =    1550.40 ms /   402 tokens (    3.86 ms per token,   259.29 tokens per second)
ollama-1  | slot print_timing: id  0 | task 9982 |        eval time =     172.42 ms /     8 tokens (   24.63 ms per token,    40.60 tokens per second)
ollama-1  | slot print_timing: id  0 | task 9982 |       total time =    1722.81 ms /   410 tokens
ollama-1  | slot print_timing: id  0 | task 9982 |    graphs reused =       6834
ollama-1  | slot      release: id  0 | task 9982 | stop processing: n_tokens = 738, truncated = 0
ollama-1  | srv  update_slots: all slots are idle
ollama-1  | [GIN] 2026/10/07 - 10:56:18 | 200 |   3.16068568s |      172.21.0.4 | POST     "/api/generate"
ollama-1  | srv  server_strea: conv_id= (empty=1)
ollama-1  | slot get_availabl: id  0 | task -1 |  - checking sim = 0.563 (329/584) > 0.100
ollama-1  | slot get_availabl: id  0 | task -1 | selected slot by LCP similarity, f_sim_best = 0.563 (> 0.100 thold), f_keep = 0.446
ollama-1  | srv  get_availabl: updating prompt cache
ollama-1  | srv   prompt_save:  - saving prompt with length 738, total state size = 23.071 MiB (draft: 0.000 MiB)
ollama-1  | srv          load:  - looking for better prompt, base f_keep = 0.446, f_sim = 0.563
ollama-1  | srv          load:    - prompt with length     709, lcp =     328, f_keep = 0.463, f_sim = 0.562
ollama-1  | srv          load:    - prompt with length     700, lcp =     328, f_keep = 0.469, f_sim = 0.562
ollama-1  | srv          load:    - prompt with length     695, lcp =     328, f_keep = 0.472, f_sim = 0.562
ollama-1  | srv          load:    - prompt with length     670, lcp =     328, f_keep = 0.490, f_sim = 0.562
ollama-1  | srv          load:    - prompt with length     730, lcp =     328, f_keep = 0.449, f_sim = 0.562
ollama-1  | srv          load:    - prompt with length     779, lcp =     328, f_keep = 0.421, f_sim = 0.562
ollama-1  | srv          load:    - prompt with length     805, lcp =     328, f_keep = 0.407, f_sim = 0.562
ollama-1  | srv          load:    - prompt with length     696, lcp =     328, f_keep = 0.471, f_sim = 0.562
ollama-1  | srv          load:    - prompt with length     962, lcp =     328, f_keep = 0.341, f_sim = 0.562
ollama-1  | srv          load:    - prompt with length     705, lcp =     328, f_keep = 0.465, f_sim = 0.562
ollama-1  | srv          load:    - prompt with length     722, lcp =     328, f_keep = 0.454, f_sim = 0.562
ollama-1  | srv          load:    - prompt with length     704, lcp =     328, f_keep = 0.466, f_sim = 0.562
ollama-1  | srv          load:    - prompt with length     710, lcp =     328, f_keep = 0.462, f_sim = 0.562
ollama-1  | srv          load:    - prompt with length     752, lcp =     328, f_keep = 0.436, f_sim = 0.562
ollama-1  | srv          load:    - prompt with length     683, lcp =     328, f_keep = 0.480, f_sim = 0.562
ollama-1  | srv          load:    - prompt with length     777, lcp =     328, f_keep = 0.422, f_sim = 0.562
ollama-1  | srv          load:    - prompt with length     773, lcp =     329, f_keep = 0.426, f_sim = 0.563
ollama-1  | srv          load:    - prompt with length     691, lcp =     329, f_keep = 0.476, f_sim = 0.563
ollama-1  | srv          load:    - prompt with length     738, lcp =     328, f_keep = 0.444, f_sim = 0.562
ollama-1  | srv          load:    - prompt with length     730, lcp =     329, f_keep = 0.451, f_sim = 0.563
ollama-1  | srv          load:    - prompt with length     798, lcp =     329, f_keep = 0.412, f_sim = 0.563
ollama-1  | srv          load:    - prompt with length     661, lcp =     328, f_keep = 0.496, f_sim = 0.562
ollama-1  | srv          load:    - prompt with length     771, lcp =     328, f_keep = 0.425, f_sim = 0.562
ollama-1  | srv          load:    - prompt with length     684, lcp =     329, f_keep = 0.481, f_sim = 0.563
ollama-1  | srv          load:    - prompt with length     659, lcp =     329, f_keep = 0.499, f_sim = 0.563
ollama-1  | srv          load:    - prompt with length     677, lcp =     329, f_keep = 0.486, f_sim = 0.563
ollama-1  | srv          load:    - prompt with length     740, lcp =     328, f_keep = 0.443, f_sim = 0.562
ollama-1  | srv          load:    - prompt with length     677, lcp =     329, f_keep = 0.486, f_sim = 0.563
ollama-1  | srv          load:    - prompt with length     738, lcp =     329, f_keep = 0.446, f_sim = 0.563
ollama-1  | srv        update:  - cache state: 29 prompts, 660.753 MiB (limits: 8192.000 MiB, 4096 tokens, 262043 est)
ollama-1  | srv        update:    - prompt 0x2111c2b0:     709 tokens, checkpoints:  0,    22.165 MiB
ollama-1  | srv        update:    - prompt 0x1d133370:     700 tokens, checkpoints:  0,    21.883 MiB
ollama-1  | srv        update:    - prompt 0x1d12e2c0:     695 tokens, checkpoints:  0,    21.727 MiB
ollama-1  | srv        update:    - prompt 0x1d12d8d0:     670 tokens, checkpoints:  0,    20.946 MiB
ollama-1  | srv        update:    - prompt 0x1d708a50:     730 tokens, checkpoints:  0,    22.821 MiB
ollama-1  | srv        update:    - prompt 0x1d12ae00:     779 tokens, checkpoints:  0,    24.353 MiB
ollama-1  | srv        update:    - prompt 0x1d728d30:     805 tokens, checkpoints:  0,    25.166 MiB
ollama-1  | srv        update:    - prompt 0x2427f580:     696 tokens, checkpoints:  0,    21.758 MiB
ollama-1  | srv        update:    - prompt 0x30e39f50:     962 tokens, checkpoints:  0,    30.074 MiB
ollama-1  | srv        update:    - prompt 0x1e85d3b0:     705 tokens, checkpoints:  0,    22.040 MiB
ollama-1  | srv        update:    - prompt 0x1e7a4ad0:     722 tokens, checkpoints:  0,    22.571 MiB
ollama-1  | srv        update:    - prompt 0x24d036a0:     704 tokens, checkpoints:  0,    22.008 MiB
ollama-1  | srv        update:    - prompt 0x1e75fd60:     710 tokens, checkpoints:  0,    22.196 MiB
ollama-1  | srv        update:    - prompt 0x24367aa0:     752 tokens, checkpoints:  0,    23.509 MiB
ollama-1  | srv        update:    - prompt 0x243c6d30:     683 tokens, checkpoints:  0,    21.352 MiB
ollama-1  | srv        update:    - prompt 0x24273cf0:     777 tokens, checkpoints:  0,    24.291 MiB
ollama-1  | srv        update:    - prompt 0x2a28fe40:     773 tokens, checkpoints:  0,    24.165 MiB
ollama-1  | srv        update:    - prompt 0x242cfd20:     691 tokens, checkpoints:  0,    21.602 MiB
ollama-1  | srv        update:    - prompt 0x2444bcc0:     738 tokens, checkpoints:  0,    23.071 MiB
ollama-1  | srv        update:    - prompt 0x1d311810:     730 tokens, checkpoints:  0,    22.821 MiB
ollama-1  | srv        update:    - prompt 0x24d350b0:     798 tokens, checkpoints:  0,    24.947 MiB
ollama-1  | srv        update:    - prompt 0x2437a2b0:     661 tokens, checkpoints:  0,    20.664 MiB
ollama-1  | srv        update:    - prompt 0x2a2a47f0:     771 tokens, checkpoints:  0,    24.103 MiB
ollama-1  | srv        update:    - prompt 0x2443a0e0:     684 tokens, checkpoints:  0,    21.383 MiB
ollama-1  | srv        update:    - prompt 0x1e82e9b0:     659 tokens, checkpoints:  0,    20.602 MiB
ollama-1  | srv        update:    - prompt 0x1d2ee000:     677 tokens, checkpoints:  0,    21.164 MiB
ollama-1  | srv        update:    - prompt 0x2448abc0:     740 tokens, checkpoints:  0,    23.134 MiB
ollama-1  | srv        update:    - prompt 0x1e82e900:     677 tokens, checkpoints:  0,    21.164 MiB
ollama-1  | srv        update:    - prompt 0x24432260:     738 tokens, checkpoints:  0,    23.071 MiB
ollama-1  | srv  get_availabl: prompt cache update took 5.48 ms
ollama-1  | slot launch_slot_: id  0 | task -1 | sampler chain: logits -> ?penalties -> ?dry -> ?top-n-sigma -> top-k -> ?typical -> top-p -> ?min-p -> ?xtc -> temp-ext -> dist 
ollama-1  | slot launch_slot_: id  0 | task -1 | sampler params: 
ollama-1  | 	repeat_last_n = 64, repeat_penalty = 1.000, frequency_penalty = 0.000, presence_penalty = 0.000
ollama-1  | 	dry_multiplier = 0.000, dry_base = 1.750, dry_allowed_length = 2, dry_penalty_last_n = 64
ollama-1  | 	top_k = 40, top_p = 0.900, min_p = 0.000, xtc_probability = 0.000, xtc_threshold = 0.100, typical_p = 1.000, top_n_sigma = -1.000, temp = 0.000
ollama-1  | 	mirostat = 0, mirostat_lr = 0.100, mirostat_ent = 5.000, adaptive_target = -1.000, adaptive_decay = 0.900
ollama-1  | slot launch_slot_: id  0 | task 9991 | processing task, is_child = 0
ollama-1  | slot   operator(): id  0 | task 9991 | new prompt, n_ctx_slot = 4096, n_keep = 4, task.n_tokens = 584
ollama-1  | slot   operator(): id  0 | task 9991 | cached n_tokens = 329, memory_seq_rm [329, end)
ollama-1  | slot init_sampler: id  0 | task 9991 | init sampler, took 0.04 ms, tokens: text = 584, total = 584
ollama-1  | slot print_timing: id  0 | task 9991 | prompt eval time =    1009.41 ms /   255 tokens (    3.96 ms per token,   252.62 tokens per second)
ollama-1  | slot print_timing: id  0 | task 9991 |        eval time =     152.46 ms /     8 tokens (   21.78 ms per token,    45.92 tokens per second)
ollama-1  | slot print_timing: id  0 | task 9991 |       total time =    1161.86 ms /   263 tokens
ollama-1  | slot print_timing: id  0 | task 9991 |    graphs reused =       6840
ollama-1  | slot      release: id  0 | task 9991 | stop processing: n_tokens = 591, truncated = 0
ollama-1  | srv  update_slots: all slots are idle
ollama-1  | [GIN] 2026/10/07 - 10:56:20 | 200 |  2.628974857s |      172.21.0.4 | POST     "/api/generate"
ollama-1  | srv  server_strea: conv_id= (empty=1)
ollama-1  | slot get_availabl: id  0 | task -1 |  - checking sim = 0.569 (329/578) > 0.100
ollama-1  | slot get_availabl: id  0 | task -1 | selected slot by LCP similarity, f_sim_best = 0.569 (> 0.100 thold), f_keep = 0.557
ollama-1  | slot launch_slot_: id  0 | task -1 | sampler chain: logits -> ?penalties -> ?dry -> ?top-n-sigma -> top-k -> ?typical -> top-p -> ?min-p -> ?xtc -> temp-ext -> dist 
ollama-1  | slot launch_slot_: id  0 | task -1 | sampler params: 
ollama-1  | 	repeat_last_n = 64, repeat_penalty = 1.000, frequency_penalty = 0.000, presence_penalty = 0.000
ollama-1  | 	dry_multiplier = 0.000, dry_base = 1.750, dry_allowed_length = 2, dry_penalty_last_n = 64
ollama-1  | 	top_k = 40, top_p = 0.900, min_p = 0.000, xtc_probability = 0.000, xtc_threshold = 0.100, typical_p = 1.000, top_n_sigma = -1.000, temp = 0.000
ollama-1  | 	mirostat = 0, mirostat_lr = 0.100, mirostat_ent = 5.000, adaptive_target = -1.000, adaptive_decay = 0.900
ollama-1  | slot launch_slot_: id  0 | task 10000 | processing task, is_child = 0
ollama-1  | slot   operator(): id  0 | task 10000 | new prompt, n_ctx_slot = 4096, n_keep = 4, task.n_tokens = 578
ollama-1  | slot   operator(): id  0 | task 10000 | cached n_tokens = 329, memory_seq_rm [329, end)
ollama-1  | slot init_sampler: id  0 | task 10000 | init sampler, took 0.04 ms, tokens: text = 578, total = 578
ollama-1  | slot print_timing: id  0 | task 10000 | prompt eval time =     999.75 ms /   249 tokens (    4.02 ms per token,   249.06 tokens per second)
ollama-1  | slot print_timing: id  0 | task 10000 |        eval time =     169.53 ms /     9 tokens (   21.19 ms per token,    47.19 tokens per second)
ollama-1  | slot print_timing: id  0 | task 10000 |       total time =    1169.28 ms /   258 tokens
ollama-1  | slot print_timing: id  0 | task 10000 |    graphs reused =       6847
ollama-1  | slot      release: id  0 | task 10000 | stop processing: n_tokens = 586, truncated = 0
ollama-1  | srv  update_slots: all slots are idle
ollama-1  | [GIN] 2026/10/07 - 10:56:21 | 200 |  3.714046288s |      172.21.0.4 | POST     "/api/generate"
ollama-1  | srv  server_strea: conv_id= (empty=1)
ollama-1  | slot get_availabl: id  0 | task -1 |  - checking sim = 0.804 (329/409) > 0.100
ollama-1  | slot get_availabl: id  0 | task -1 | selected slot by LCP similarity, f_sim_best = 0.804 (> 0.100 thold), f_keep = 0.561
ollama-1  | slot launch_slot_: id  0 | task -1 | sampler chain: logits -> ?penalties -> ?dry -> ?top-n-sigma -> top-k -> ?typical -> top-p -> ?min-p -> ?xtc -> temp-ext -> dist 
ollama-1  | slot launch_slot_: id  0 | task -1 | sampler params: 
ollama-1  | 	repeat_last_n = 64, repeat_penalty = 1.000, frequency_penalty = 0.000, presence_penalty = 0.000
ollama-1  | 	dry_multiplier = 0.000, dry_base = 1.750, dry_allowed_length = 2, dry_penalty_last_n = 64
ollama-1  | 	top_k = 40, top_p = 0.900, min_p = 0.000, xtc_probability = 0.000, xtc_threshold = 0.100, typical_p = 1.000, top_n_sigma = -1.000, temp = 0.000
ollama-1  | 	mirostat = 0, mirostat_lr = 0.100, mirostat_ent = 5.000, adaptive_target = -1.000, adaptive_decay = 0.900
ollama-1  | slot launch_slot_: id  0 | task 10010 | processing task, is_child = 0
ollama-1  | slot   operator(): id  0 | task 10010 | new prompt, n_ctx_slot = 4096, n_keep = 4, task.n_tokens = 409
ollama-1  | slot   operator(): id  0 | task 10010 | cached n_tokens = 329, memory_seq_rm [329, end)
ollama-1  | slot init_sampler: id  0 | task 10010 | init sampler, took 0.03 ms, tokens: text = 409, total = 409
ollama-1  | slot print_timing: id  0 | task 10010 | prompt eval time =     324.74 ms /    80 tokens (    4.06 ms per token,   246.35 tokens per second)
ollama-1  | slot print_timing: id  0 | task 10010 |        eval time =     202.94 ms /    10 tokens (   22.55 ms per token,    44.35 tokens per second)
ollama-1  | slot print_timing: id  0 | task 10010 |       total time =     527.68 ms /    90 tokens
ollama-1  | slot print_timing: id  0 | task 10010 |    graphs reused =       6855
ollama-1  | slot      release: id  0 | task 10010 | stop processing: n_tokens = 418, truncated = 0
ollama-1  | srv  update_slots: all slots are idle
ollama-1  | [GIN] 2026/10/07 - 10:56:21 | 200 |  2.247948905s |      172.21.0.4 | POST     "/api/generate"
ollama-1  | srv  server_strea: conv_id= (empty=1)
ollama-1  | slot get_availabl: id  0 | task -1 |  - checking sim = 0.551 (329/597) > 0.100
ollama-1  | slot get_availabl: id  0 | task -1 | selected slot by LCP similarity, f_sim_best = 0.551 (> 0.100 thold), f_keep = 0.787
ollama-1  | slot launch_slot_: id  0 | task -1 | sampler chain: logits -> ?penalties -> ?dry -> ?top-n-sigma -> top-k -> ?typical -> top-p -> ?min-p -> ?xtc -> temp-ext -> dist 
ollama-1  | slot launch_slot_: id  0 | task -1 | sampler params: 
ollama-1  | 	repeat_last_n = 64, repeat_penalty = 1.000, frequency_penalty = 0.000, presence_penalty = 0.000
ollama-1  | 	dry_multiplier = 0.000, dry_base = 1.750, dry_allowed_length = 2, dry_penalty_last_n = 64
ollama-1  | 	top_k = 40, top_p = 0.900, min_p = 0.000, xtc_probability = 0.000, xtc_threshold = 0.100, typical_p = 1.000, top_n_sigma = -1.000, temp = 0.000
ollama-1  | 	mirostat = 0, mirostat_lr = 0.100, mirostat_ent = 5.000, adaptive_target = -1.000, adaptive_decay = 0.900
ollama-1  | slot launch_slot_: id  0 | task 10021 | processing task, is_child = 0
ollama-1  | slot   operator(): id  0 | task 10021 | new prompt, n_ctx_slot = 4096, n_keep = 4, task.n_tokens = 597
ollama-1  | slot   operator(): id  0 | task 10021 | cached n_tokens = 329, memory_seq_rm [329, end)
ollama-1  | slot init_sampler: id  0 | task 10021 | init sampler, took 0.07 ms, tokens: text = 597, total = 597
ollama-1  | slot print_timing: id  0 | task 10021 | prompt eval time =    1076.40 ms /   268 tokens (    4.02 ms per token,   248.98 tokens per second)
ollama-1  | slot print_timing: id  0 | task 10021 |        eval time =     151.39 ms /     8 tokens (   21.63 ms per token,    46.24 tokens per second)
ollama-1  | slot print_timing: id  0 | task 10021 |       total time =    1227.80 ms /   276 tokens
ollama-1  | slot print_timing: id  0 | task 10021 |    graphs reused =       6861
ollama-1  | slot      release: id  0 | task 10021 | stop processing: n_tokens = 604, truncated = 0
ollama-1  | srv  update_slots: all slots are idle
ollama-1  | [GIN] 2026/10/07 - 10:56:23 | 200 |   3.40549784s |      172.21.0.4 | POST     "/api/generate"
ollama-1  | srv  server_strea: conv_id= (empty=1)
ollama-1  | slot get_availabl: id  0 | task -1 |  - checking sim = 0.735 (328/446) > 0.100
ollama-1  | slot get_availabl: id  0 | task -1 | selected slot by LCP similarity, f_sim_best = 0.735 (> 0.100 thold), f_keep = 0.543
ollama-1  | slot launch_slot_: id  0 | task -1 | sampler chain: logits -> ?penalties -> ?dry -> ?top-n-sigma -> top-k -> ?typical -> top-p -> ?min-p -> ?xtc -> temp-ext -> dist 
ollama-1  | slot launch_slot_: id  0 | task -1 | sampler params: 
ollama-1  | 	repeat_last_n = 64, repeat_penalty = 1.000, frequency_penalty = 0.000, presence_penalty = 0.000
ollama-1  | 	dry_multiplier = 0.000, dry_base = 1.750, dry_allowed_length = 2, dry_penalty_last_n = 64
ollama-1  | 	top_k = 40, top_p = 0.900, min_p = 0.000, xtc_probability = 0.000, xtc_threshold = 0.100, typical_p = 1.000, top_n_sigma = -1.000, temp = 0.000
ollama-1  | 	mirostat = 0, mirostat_lr = 0.100, mirostat_ent = 5.000, adaptive_target = -1.000, adaptive_decay = 0.900
ollama-1  | slot launch_slot_: id  0 | task 10030 | processing task, is_child = 0
ollama-1  | slot   operator(): id  0 | task 10030 | new prompt, n_ctx_slot = 4096, n_keep = 4, task.n_tokens = 446
ollama-1  | slot   operator(): id  0 | task 10030 | cached n_tokens = 328, memory_seq_rm [328, end)
ollama-1  | slot init_sampler: id  0 | task 10030 | init sampler, took 0.04 ms, tokens: text = 446, total = 446
ollama-1  | slot print_timing: id  0 | task 10030 | prompt eval time =     472.58 ms /   118 tokens (    4.00 ms per token,   249.69 tokens per second)
ollama-1  | slot print_timing: id  0 | task 10030 |        eval time =     161.58 ms /     8 tokens (   23.08 ms per token,    43.32 tokens per second)
ollama-1  | slot print_timing: id  0 | task 10030 |       total time =     634.16 ms /   126 tokens
ollama-1  | slot print_timing: id  0 | task 10030 |    graphs reused =       6867
ollama-1  | slot      release: id  0 | task 10030 | stop processing: n_tokens = 453, truncated = 0
ollama-1  | srv  update_slots: all slots are idle
ollama-1  | [GIN] 2026/10/07 - 10:56:23 | 200 |  2.495313607s |      172.21.0.4 | POST     "/api/generate"
ollama-1  | srv  server_strea: conv_id= (empty=1)
ollama-1  | slot get_availabl: id  0 | task -1 |  - checking sim = 0.539 (328/608) > 0.100
ollama-1  | slot get_availabl: id  0 | task -1 | selected slot by LCP similarity, f_sim_best = 0.539 (> 0.100 thold), f_keep = 0.724
ollama-1  | slot launch_slot_: id  0 | task -1 | sampler chain: logits -> ?penalties -> ?dry -> ?top-n-sigma -> top-k -> ?typical -> top-p -> ?min-p -> ?xtc -> temp-ext -> dist 
ollama-1  | slot launch_slot_: id  0 | task -1 | sampler params: 
ollama-1  | 	repeat_last_n = 64, repeat_penalty = 1.000, frequency_penalty = 0.000, presence_penalty = 0.000
ollama-1  | 	dry_multiplier = 0.000, dry_base = 1.750, dry_allowed_length = 2, dry_penalty_last_n = 64
ollama-1  | 	top_k = 40, top_p = 0.900, min_p = 0.000, xtc_probability = 0.000, xtc_threshold = 0.100, typical_p = 1.000, top_n_sigma = -1.000, temp = 0.000
ollama-1  | 	mirostat = 0, mirostat_lr = 0.100, mirostat_ent = 5.000, adaptive_target = -1.000, adaptive_decay = 0.900
ollama-1  | slot launch_slot_: id  0 | task 10039 | processing task, is_child = 0
ollama-1  | slot   operator(): id  0 | task 10039 | new prompt, n_ctx_slot = 4096, n_keep = 4, task.n_tokens = 608
ollama-1  | slot   operator(): id  0 | task 10039 | cached n_tokens = 328, memory_seq_rm [328, end)
ollama-1  | slot init_sampler: id  0 | task 10039 | init sampler, took 0.05 ms, tokens: text = 608, total = 608
ollama-1  | slot print_timing: id  0 | task 10039 | prompt eval time =    1113.78 ms /   280 tokens (    3.98 ms per token,   251.40 tokens per second)
ollama-1  | slot print_timing: id  0 | task 10039 |        eval time =     182.40 ms /     9 tokens (   22.80 ms per token,    43.86 tokens per second)
ollama-1  | slot print_timing: id  0 | task 10039 |       total time =    1296.18 ms /   289 tokens
ollama-1  | slot print_timing: id  0 | task 10039 |    graphs reused =       6874
ollama-1  | slot      release: id  0 | task 10039 | stop processing: n_tokens = 616, truncated = 0
ollama-1  | srv  update_slots: all slots are idle
ollama-1  | [GIN] 2026/10/07 - 10:56:25 | 200 |  1.303050016s |      172.21.0.4 | POST     "/api/generate"
ollama-1  | srv  server_strea: conv_id= (empty=1)
ollama-1  | slot get_availabl: id  0 | task -1 |  - checking sim = 0.566 (329/581) > 0.100
ollama-1  | slot get_availabl: id  0 | task -1 | selected slot by LCP similarity, f_sim_best = 0.566 (> 0.100 thold), f_keep = 0.534
ollama-1  | slot launch_slot_: id  0 | task -1 | sampler chain: logits -> ?penalties -> ?dry -> ?top-n-sigma -> top-k -> ?typical -> top-p -> ?min-p -> ?xtc -> temp-ext -> dist 
ollama-1  | slot launch_slot_: id  0 | task -1 | sampler params: 
ollama-1  | 	repeat_last_n = 64, repeat_penalty = 1.000, frequency_penalty = 0.000, presence_penalty = 0.000
ollama-1  | 	dry_multiplier = 0.000, dry_base = 1.750, dry_allowed_length = 2, dry_penalty_last_n = 64
ollama-1  | 	top_k = 40, top_p = 0.900, min_p = 0.000, xtc_probability = 0.000, xtc_threshold = 0.100, typical_p = 1.000, top_n_sigma = -1.000, temp = 0.000
ollama-1  | 	mirostat = 0, mirostat_lr = 0.100, mirostat_ent = 5.000, adaptive_target = -1.000, adaptive_decay = 0.900
ollama-1  | slot launch_slot_: id  0 | task 10049 | processing task, is_child = 0
ollama-1  | slot   operator(): id  0 | task 10049 | new prompt, n_ctx_slot = 4096, n_keep = 4, task.n_tokens = 581
ollama-1  | slot   operator(): id  0 | task 10049 | cached n_tokens = 329, memory_seq_rm [329, end)
ollama-1  | slot init_sampler: id  0 | task 10049 | init sampler, took 0.05 ms, tokens: text = 581, total = 581
ollama-1  | slot print_timing: id  0 | task 10049 | prompt eval time =     995.07 ms /   252 tokens (    3.95 ms per token,   253.25 tokens per second)
ollama-1  | slot print_timing: id  0 | task 10049 |        eval time =     191.00 ms /    10 tokens (   21.22 ms per token,    47.12 tokens per second)
ollama-1  | slot print_timing: id  0 | task 10049 |       total time =    1186.07 ms /   262 tokens
ollama-1  | slot print_timing: id  0 | task 10049 |    graphs reused =       6882
ollama-1  | slot      release: id  0 | task 10049 | stop processing: n_tokens = 590, truncated = 0
ollama-1  | srv  update_slots: all slots are idle
ollama-1  | [GIN] 2026/10/07 - 10:56:26 | 200 |  1.864398204s |      172.21.0.4 | POST     "/api/generate"
ollama-1  | srv  server_strea: conv_id= (empty=1)
ollama-1  | slot get_availabl: id  0 | task -1 |  - checking sim = 0.828 (328/396) > 0.100
ollama-1  | slot get_availabl: id  0 | task -1 | selected slot by LCP similarity, f_sim_best = 0.828 (> 0.100 thold), f_keep = 0.556
ollama-1  | slot launch_slot_: id  0 | task -1 | sampler chain: logits -> ?penalties -> ?dry -> ?top-n-sigma -> top-k -> ?typical -> top-p -> ?min-p -> ?xtc -> temp-ext -> dist 
ollama-1  | slot launch_slot_: id  0 | task -1 | sampler params: 
ollama-1  | 	repeat_last_n = 64, repeat_penalty = 1.000, frequency_penalty = 0.000, presence_penalty = 0.000
ollama-1  | 	dry_multiplier = 0.000, dry_base = 1.750, dry_allowed_length = 2, dry_penalty_last_n = 64
ollama-1  | 	top_k = 40, top_p = 0.900, min_p = 0.000, xtc_probability = 0.000, xtc_threshold = 0.100, typical_p = 1.000, top_n_sigma = -1.000, temp = 0.000
ollama-1  | 	mirostat = 0, mirostat_lr = 0.100, mirostat_ent = 5.000, adaptive_target = -1.000, adaptive_decay = 0.900
ollama-1  | slot launch_slot_: id  0 | task 10060 | processing task, is_child = 0
ollama-1  | slot   operator(): id  0 | task 10060 | new prompt, n_ctx_slot = 4096, n_keep = 4, task.n_tokens = 396
ollama-1  | slot   operator(): id  0 | task 10060 | cached n_tokens = 328, memory_seq_rm [328, end)
ollama-1  | slot init_sampler: id  0 | task 10060 | init sampler, took 0.07 ms, tokens: text = 396, total = 396
ollama-1  | slot print_timing: id  0 | task 10060 | prompt eval time =     278.46 ms /    68 tokens (    4.10 ms per token,   244.20 tokens per second)
ollama-1  | slot print_timing: id  0 | task 10060 |        eval time =     147.10 ms /     8 tokens (   21.01 ms per token,    47.59 tokens per second)
ollama-1  | slot print_timing: id  0 | task 10060 |       total time =     425.56 ms /    76 tokens
ollama-1  | slot print_timing: id  0 | task 10060 |    graphs reused =       6888
ollama-1  | slot      release: id  0 | task 10060 | stop processing: n_tokens = 403, truncated = 0
ollama-1  | srv  update_slots: all slots are idle
ollama-1  | [GIN] 2026/10/07 - 10:56:26 | 200 |  1.066980497s |      172.21.0.4 | POST     "/api/generate"
ollama-1  | srv  server_strea: conv_id= (empty=1)
ollama-1  | slot get_availabl: id  0 | task -1 |  - checking sim = 0.547 (328/600) > 0.100
ollama-1  | slot get_availabl: id  0 | task -1 | selected slot by LCP similarity, f_sim_best = 0.547 (> 0.100 thold), f_keep = 0.814
ollama-1  | slot launch_slot_: id  0 | task -1 | sampler chain: logits -> ?penalties -> ?dry -> ?top-n-sigma -> top-k -> ?typical -> top-p -> ?min-p -> ?xtc -> temp-ext -> dist 
ollama-1  | slot launch_slot_: id  0 | task -1 | sampler params: 
ollama-1  | 	repeat_last_n = 64, repeat_penalty = 1.000, frequency_penalty = 0.000, presence_penalty = 0.000
ollama-1  | 	dry_multiplier = 0.000, dry_base = 1.750, dry_allowed_length = 2, dry_penalty_last_n = 64
ollama-1  | 	top_k = 40, top_p = 0.900, min_p = 0.000, xtc_probability = 0.000, xtc_threshold = 0.100, typical_p = 1.000, top_n_sigma = -1.000, temp = 0.000
ollama-1  | 	mirostat = 0, mirostat_lr = 0.100, mirostat_ent = 5.000, adaptive_target = -1.000, adaptive_decay = 0.900
ollama-1  | slot launch_slot_: id  0 | task 10069 | processing task, is_child = 0
ollama-1  | slot   operator(): id  0 | task 10069 | new prompt, n_ctx_slot = 4096, n_keep = 4, task.n_tokens = 600
ollama-1  | slot   operator(): id  0 | task 10069 | cached n_tokens = 328, memory_seq_rm [328, end)
ollama-1  | slot init_sampler: id  0 | task 10069 | init sampler, took 0.07 ms, tokens: text = 600, total = 600
ollama-1  | slot print_timing: id  0 | task 10069 | prompt eval time =    1105.56 ms /   272 tokens (    4.06 ms per token,   246.03 tokens per second)
ollama-1  | slot print_timing: id  0 | task 10069 |        eval time =     172.67 ms /     8 tokens (   24.67 ms per token,    40.54 tokens per second)
ollama-1  | slot print_timing: id  0 | task 10069 |       total time =    1278.23 ms /   280 tokens
ollama-1  | slot print_timing: id  0 | task 10069 |    graphs reused =       6894
ollama-1  | slot      release: id  0 | task 10069 | stop processing: n_tokens = 607, truncated = 0
ollama-1  | srv  update_slots: all slots are idle
ollama-1  | [GIN] 2026/10/07 - 10:56:27 | 200 |  2.180215598s |      172.21.0.4 | POST     "/api/generate"
ollama-1  | srv  server_strea: conv_id= (empty=1)
ollama-1  | slot get_availabl: id  0 | task -1 |  - checking sim = 0.480 (328/684) > 0.100
ollama-1  | slot get_availabl: id  0 | task -1 | selected slot by LCP similarity, f_sim_best = 0.480 (> 0.100 thold), f_keep = 0.540
ollama-1  | slot launch_slot_: id  0 | task -1 | sampler chain: logits -> ?penalties -> ?dry -> ?top-n-sigma -> top-k -> ?typical -> top-p -> ?min-p -> ?xtc -> temp-ext -> dist 
ollama-1  | slot launch_slot_: id  0 | task -1 | sampler params: 
ollama-1  | 	repeat_last_n = 64, repeat_penalty = 1.000, frequency_penalty = 0.000, presence_penalty = 0.000
ollama-1  | 	dry_multiplier = 0.000, dry_base = 1.750, dry_allowed_length = 2, dry_penalty_last_n = 64
ollama-1  | 	top_k = 40, top_p = 0.900, min_p = 0.000, xtc_probability = 0.000, xtc_threshold = 0.100, typical_p = 1.000, top_n_sigma = -1.000, temp = 0.000
ollama-1  | 	mirostat = 0, mirostat_lr = 0.100, mirostat_ent = 5.000, adaptive_target = -1.000, adaptive_decay = 0.900
ollama-1  | slot launch_slot_: id  0 | task 10078 | processing task, is_child = 0
ollama-1  | slot   operator(): id  0 | task 10078 | new prompt, n_ctx_slot = 4096, n_keep = 4, task.n_tokens = 684
ollama-1  | slot   operator(): id  0 | task 10078 | cached n_tokens = 328, memory_seq_rm [328, end)
ollama-1  | slot init_sampler: id  0 | task 10078 | init sampler, took 0.05 ms, tokens: text = 684, total = 684
ollama-1  | [GIN] 2026/10/07 - 10:56:28 | 200 |        23.2µs |       127.0.0.1 | HEAD     "/"
ollama-1  | [GIN] 2026/10/07 - 10:56:28 | 200 |    1.242342ms |       127.0.0.1 | GET      "/api/tags"
ollama-1  | slot print_timing: id  0 | task 10078 | prompt eval time =    1422.76 ms /   356 tokens (    4.00 ms per token,   250.22 tokens per second)
ollama-1  | slot print_timing: id  0 | task 10078 |        eval time =     152.61 ms /     8 tokens (   21.80 ms per token,    45.87 tokens per second)
ollama-1  | slot print_timing: id  0 | task 10078 |       total time =    1575.37 ms /   364 tokens
ollama-1  | slot print_timing: id  0 | task 10078 |    graphs reused =       6900
ollama-1  | slot      release: id  0 | task 10078 | stop processing: n_tokens = 691, truncated = 0
ollama-1  | srv  update_slots: all slots are idle
ollama-1  | [GIN] 2026/10/07 - 10:56:29 | 200 |  3.309941236s |      172.21.0.4 | POST     "/api/generate"
ollama-1  | srv  server_strea: conv_id= (empty=1)
ollama-1  | slot get_availabl: id  0 | task -1 |  - checking sim = 0.751 (329/438) > 0.100
ollama-1  | slot get_availabl: id  0 | task -1 | selected slot by LCP similarity, f_sim_best = 0.751 (> 0.100 thold), f_keep = 0.476
ollama-1  | srv  get_availabl: updating prompt cache
ollama-1  | srv   prompt_save:  - saving prompt with length 691, total state size = 21.602 MiB (draft: 0.000 MiB)
ollama-1  | srv         alloc:  - prompt is already in the cache, skipping
ollama-1  | srv          load:  - looking for better prompt, base f_keep = 0.476, f_sim = 0.751
ollama-1  | srv          load:    - prompt with length     709, lcp =     328, f_keep = 0.463, f_sim = 0.749
ollama-1  | srv          load:    - prompt with length     700, lcp =     328, f_keep = 0.469, f_sim = 0.749
ollama-1  | srv          load:    - prompt with length     695, lcp =     328, f_keep = 0.472, f_sim = 0.749
ollama-1  | srv          load:    - prompt with length     670, lcp =     328, f_keep = 0.490, f_sim = 0.749
ollama-1  | srv          load:    - prompt with length     730, lcp =     328, f_keep = 0.449, f_sim = 0.749
ollama-1  | srv          load:    - prompt with length     779, lcp =     328, f_keep = 0.421, f_sim = 0.749
ollama-1  | srv          load:    - prompt with length     805, lcp =     328, f_keep = 0.407, f_sim = 0.749
ollama-1  | srv          load:    - prompt with length     696, lcp =     328, f_keep = 0.471, f_sim = 0.749
ollama-1  | srv          load:    - prompt with length     962, lcp =     328, f_keep = 0.341, f_sim = 0.749
ollama-1  | srv          load:    - prompt with length     705, lcp =     328, f_keep = 0.465, f_sim = 0.749
ollama-1  | srv          load:    - prompt with length     722, lcp =     328, f_keep = 0.454, f_sim = 0.749
ollama-1  | srv          load:    - prompt with length     704, lcp =     328, f_keep = 0.466, f_sim = 0.749
ollama-1  | srv          load:    - prompt with length     710, lcp =     328, f_keep = 0.462, f_sim = 0.749
ollama-1  | srv          load:    - prompt with length     752, lcp =     328, f_keep = 0.436, f_sim = 0.749
ollama-1  | srv          load:    - prompt with length     683, lcp =     328, f_keep = 0.480, f_sim = 0.749
ollama-1  | srv          load:    - prompt with length     777, lcp =     328, f_keep = 0.422, f_sim = 0.749
ollama-1  | srv          load:    - prompt with length     773, lcp =     329, f_keep = 0.426, f_sim = 0.751
ollama-1  | srv          load:    - prompt with length     691, lcp =     329, f_keep = 0.476, f_sim = 0.751
ollama-1  | srv          load:    - prompt with length     738, lcp =     328, f_keep = 0.444, f_sim = 0.749
ollama-1  | srv          load:    - prompt with length     730, lcp =     329, f_keep = 0.451, f_sim = 0.751
ollama-1  | srv          load:    - prompt with length     798, lcp =     329, f_keep = 0.412, f_sim = 0.751
ollama-1  | srv          load:    - prompt with length     661, lcp =     328, f_keep = 0.496, f_sim = 0.749
ollama-1  | srv          load:    - prompt with length     771, lcp =     328, f_keep = 0.425, f_sim = 0.749
ollama-1  | srv          load:    - prompt with length     684, lcp =     329, f_keep = 0.481, f_sim = 0.751
ollama-1  | srv          load:    - prompt with length     659, lcp =     329, f_keep = 0.499, f_sim = 0.751
ollama-1  | srv          load:    - prompt with length     677, lcp =     329, f_keep = 0.486, f_sim = 0.751
ollama-1  | srv          load:    - prompt with length     740, lcp =     328, f_keep = 0.443, f_sim = 0.749
ollama-1  | srv          load:    - prompt with length     677, lcp =     329, f_keep = 0.486, f_sim = 0.751
ollama-1  | srv          load:    - prompt with length     738, lcp =     329, f_keep = 0.446, f_sim = 0.751
ollama-1  | srv        update:  - cache state: 29 prompts, 660.753 MiB (limits: 8192.000 MiB, 4096 tokens, 262043 est)
ollama-1  | srv        update:    - prompt 0x2111c2b0:     709 tokens, checkpoints:  0,    22.165 MiB
ollama-1  | srv        update:    - prompt 0x1d133370:     700 tokens, checkpoints:  0,    21.883 MiB
ollama-1  | srv        update:    - prompt 0x1d12e2c0:     695 tokens, checkpoints:  0,    21.727 MiB
ollama-1  | srv        update:    - prompt 0x1d12d8d0:     670 tokens, checkpoints:  0,    20.946 MiB
ollama-1  | srv        update:    - prompt 0x1d708a50:     730 tokens, checkpoints:  0,    22.821 MiB
ollama-1  | srv        update:    - prompt 0x1d12ae00:     779 tokens, checkpoints:  0,    24.353 MiB
ollama-1  | srv        update:    - prompt 0x1d728d30:     805 tokens, checkpoints:  0,    25.166 MiB
ollama-1  | srv        update:    - prompt 0x2427f580:     696 tokens, checkpoints:  0,    21.758 MiB
ollama-1  | srv        update:    - prompt 0x30e39f50:     962 tokens, checkpoints:  0,    30.074 MiB
ollama-1  | srv        update:    - prompt 0x1e85d3b0:     705 tokens, checkpoints:  0,    22.040 MiB
ollama-1  | srv        update:    - prompt 0x1e7a4ad0:     722 tokens, checkpoints:  0,    22.571 MiB
ollama-1  | srv        update:    - prompt 0x24d036a0:     704 tokens, checkpoints:  0,    22.008 MiB
ollama-1  | srv        update:    - prompt 0x1e75fd60:     710 tokens, checkpoints:  0,    22.196 MiB
ollama-1  | srv        update:    - prompt 0x24367aa0:     752 tokens, checkpoints:  0,    23.509 MiB
ollama-1  | srv        update:    - prompt 0x243c6d30:     683 tokens, checkpoints:  0,    21.352 MiB
ollama-1  | srv        update:    - prompt 0x24273cf0:     777 tokens, checkpoints:  0,    24.291 MiB
ollama-1  | srv        update:    - prompt 0x2a28fe40:     773 tokens, checkpoints:  0,    24.165 MiB
ollama-1  | srv        update:    - prompt 0x242cfd20:     691 tokens, checkpoints:  0,    21.602 MiB
ollama-1  | srv        update:    - prompt 0x2444bcc0:     738 tokens, checkpoints:  0,    23.071 MiB
ollama-1  | srv        update:    - prompt 0x1d311810:     730 tokens, checkpoints:  0,    22.821 MiB
ollama-1  | srv        update:    - prompt 0x24d350b0:     798 tokens, checkpoints:  0,    24.947 MiB
ollama-1  | srv        update:    - prompt 0x2437a2b0:     661 tokens, checkpoints:  0,    20.664 MiB
ollama-1  | srv        update:    - prompt 0x2a2a47f0:     771 tokens, checkpoints:  0,    24.103 MiB
ollama-1  | srv        update:    - prompt 0x2443a0e0:     684 tokens, checkpoints:  0,    21.383 MiB
ollama-1  | srv        update:    - prompt 0x1e82e9b0:     659 tokens, checkpoints:  0,    20.602 MiB
ollama-1  | srv        update:    - prompt 0x1d2ee000:     677 tokens, checkpoints:  0,    21.164 MiB
ollama-1  | srv        update:    - prompt 0x2448abc0:     740 tokens, checkpoints:  0,    23.134 MiB
ollama-1  | srv        update:    - prompt 0x1e82e900:     677 tokens, checkpoints:  0,    21.164 MiB
ollama-1  | srv        update:    - prompt 0x24432260:     738 tokens, checkpoints:  0,    23.071 MiB
ollama-1  | srv  get_availabl: prompt cache update took 0.11 ms
ollama-1  | slot launch_slot_: id  0 | task -1 | sampler chain: logits -> ?penalties -> ?dry -> ?top-n-sigma -> top-k -> ?typical -> top-p -> ?min-p -> ?xtc -> temp-ext -> dist 
ollama-1  | slot launch_slot_: id  0 | task -1 | sampler params: 
ollama-1  | 	repeat_last_n = 64, repeat_penalty = 1.000, frequency_penalty = 0.000, presence_penalty = 0.000
ollama-1  | 	dry_multiplier = 0.000, dry_base = 1.750, dry_allowed_length = 2, dry_penalty_last_n = 64
ollama-1  | 	top_k = 40, top_p = 0.900, min_p = 0.000, xtc_probability = 0.000, xtc_threshold = 0.100, typical_p = 1.000, top_n_sigma = -1.000, temp = 0.000
ollama-1  | 	mirostat = 0, mirostat_lr = 0.100, mirostat_ent = 5.000, adaptive_target = -1.000, adaptive_decay = 0.900
ollama-1  | slot launch_slot_: id  0 | task 10087 | processing task, is_child = 0
ollama-1  | slot   operator(): id  0 | task 10087 | new prompt, n_ctx_slot = 4096, n_keep = 4, task.n_tokens = 438
ollama-1  | slot   operator(): id  0 | task 10087 | cached n_tokens = 329, memory_seq_rm [329, end)
ollama-1  | slot init_sampler: id  0 | task 10087 | init sampler, took 0.05 ms, tokens: text = 438, total = 438
ollama-1  | slot print_timing: id  0 | task 10087 | prompt eval time =     442.26 ms /   109 tokens (    4.06 ms per token,   246.46 tokens per second)
ollama-1  | slot print_timing: id  0 | task 10087 |        eval time =     177.06 ms /     9 tokens (   22.13 ms per token,    45.18 tokens per second)
ollama-1  | slot print_timing: id  0 | task 10087 |       total time =     619.32 ms /   118 tokens
ollama-1  | slot print_timing: id  0 | task 10087 |    graphs reused =       6907
ollama-1  | slot      release: id  0 | task 10087 | stop processing: n_tokens = 446, truncated = 0
ollama-1  | srv  update_slots: all slots are idle
ollama-1  | [GIN] 2026/10/07 - 10:56:30 | 200 |  3.083385698s |      172.21.0.4 | POST     "/api/generate"
ollama-1  | srv  server_strea: conv_id= (empty=1)
ollama-1  | slot get_availabl: id  0 | task -1 |  - checking sim = 0.841 (329/391) > 0.100
ollama-1  | slot get_availabl: id  0 | task -1 | selected slot by LCP similarity, f_sim_best = 0.841 (> 0.100 thold), f_keep = 0.738
ollama-1  | slot launch_slot_: id  0 | task -1 | sampler chain: logits -> ?penalties -> ?dry -> ?top-n-sigma -> top-k -> ?typical -> top-p -> ?min-p -> ?xtc -> temp-ext -> dist 
ollama-1  | slot launch_slot_: id  0 | task -1 | sampler params: 
ollama-1  | 	repeat_last_n = 64, repeat_penalty = 1.000, frequency_penalty = 0.000, presence_penalty = 0.000
ollama-1  | 	dry_multiplier = 0.000, dry_base = 1.750, dry_allowed_length = 2, dry_penalty_last_n = 64
ollama-1  | 	top_k = 40, top_p = 0.900, min_p = 0.000, xtc_probability = 0.000, xtc_threshold = 0.100, typical_p = 1.000, top_n_sigma = -1.000, temp = 0.000
ollama-1  | 	mirostat = 0, mirostat_lr = 0.100, mirostat_ent = 5.000, adaptive_target = -1.000, adaptive_decay = 0.900
ollama-1  | slot launch_slot_: id  0 | task 10097 | processing task, is_child = 0
ollama-1  | slot   operator(): id  0 | task 10097 | new prompt, n_ctx_slot = 4096, n_keep = 4, task.n_tokens = 391
ollama-1  | slot   operator(): id  0 | task 10097 | cached n_tokens = 329, memory_seq_rm [329, end)
ollama-1  | slot init_sampler: id  0 | task 10097 | init sampler, took 0.03 ms, tokens: text = 391, total = 391
ollama-1  | slot print_timing: id  0 | task 10097 | prompt eval time =     274.19 ms /    62 tokens (    4.42 ms per token,   226.12 tokens per second)
ollama-1  | slot print_timing: id  0 | task 10097 |        eval time =     167.02 ms /     9 tokens (   20.88 ms per token,    47.90 tokens per second)
ollama-1  | slot print_timing: id  0 | task 10097 |       total time =     441.21 ms /    71 tokens
ollama-1  | slot print_timing: id  0 | task 10097 |    graphs reused =       6914
ollama-1  | slot      release: id  0 | task 10097 | stop processing: n_tokens = 399, truncated = 0
ollama-1  | srv  update_slots: all slots are idle
ollama-1  | [GIN] 2026/10/07 - 10:56:30 | 200 |  3.104825359s |      172.21.0.4 | POST     "/api/generate"
ollama-1  | srv  server_strea: conv_id= (empty=1)
ollama-1  | slot get_availabl: id  0 | task -1 |  - checking sim = 0.529 (328/620) > 0.100
ollama-1  | slot get_availabl: id  0 | task -1 | selected slot by LCP similarity, f_sim_best = 0.529 (> 0.100 thold), f_keep = 0.822
ollama-1  | slot launch_slot_: id  0 | task -1 | sampler chain: logits -> ?penalties -> ?dry -> ?top-n-sigma -> top-k -> ?typical -> top-p -> ?min-p -> ?xtc -> temp-ext -> dist 
ollama-1  | slot launch_slot_: id  0 | task -1 | sampler params: 
ollama-1  | 	repeat_last_n = 64, repeat_penalty = 1.000, frequency_penalty = 0.000, presence_penalty = 0.000
ollama-1  | 	dry_multiplier = 0.000, dry_base = 1.750, dry_allowed_length = 2, dry_penalty_last_n = 64
ollama-1  | 	top_k = 40, top_p = 0.900, min_p = 0.000, xtc_probability = 0.000, xtc_threshold = 0.100, typical_p = 1.000, top_n_sigma = -1.000, temp = 0.000
ollama-1  | 	mirostat = 0, mirostat_lr = 0.100, mirostat_ent = 5.000, adaptive_target = -1.000, adaptive_decay = 0.900
ollama-1  | slot launch_slot_: id  0 | task 10107 | processing task, is_child = 0
ollama-1  | slot   operator(): id  0 | task 10107 | new prompt, n_ctx_slot = 4096, n_keep = 4, task.n_tokens = 620
ollama-1  | slot   operator(): id  0 | task 10107 | cached n_tokens = 328, memory_seq_rm [328, end)
ollama-1  | slot init_sampler: id  0 | task 10107 | init sampler, took 0.07 ms, tokens: text = 620, total = 620
ollama-1  | slot print_timing: id  0 | task 10107 | prompt eval time =    1183.22 ms /   292 tokens (    4.05 ms per token,   246.79 tokens per second)
ollama-1  | slot print_timing: id  0 | task 10107 |        eval time =     160.77 ms /     8 tokens (   22.97 ms per token,    43.54 tokens per second)
ollama-1  | slot print_timing: id  0 | task 10107 |       total time =    1343.98 ms /   300 tokens
ollama-1  | slot print_timing: id  0 | task 10107 |    graphs reused =       6920
ollama-1  | slot      release: id  0 | task 10107 | stop processing: n_tokens = 627, truncated = 0
ollama-1  | srv  update_slots: all slots are idle
ollama-1  | [GIN] 2026/10/07 - 10:56:31 | 200 |  4.037429121s |      172.21.0.4 | POST     "/api/generate"
ollama-1  | srv  server_strea: conv_id= (empty=1)
ollama-1  | slot get_availabl: id  0 | task -1 |  - checking sim = 0.679 (328/483) > 0.100
ollama-1  | slot get_availabl: id  0 | task -1 | selected slot by LCP similarity, f_sim_best = 0.679 (> 0.100 thold), f_keep = 0.523
ollama-1  | slot launch_slot_: id  0 | task -1 | sampler chain: logits -> ?penalties -> ?dry -> ?top-n-sigma -> top-k -> ?typical -> top-p -> ?min-p -> ?xtc -> temp-ext -> dist 
ollama-1  | slot launch_slot_: id  0 | task -1 | sampler params: 
ollama-1  | 	repeat_last_n = 64, repeat_penalty = 1.000, frequency_penalty = 0.000, presence_penalty = 0.000
ollama-1  | 	dry_multiplier = 0.000, dry_base = 1.750, dry_allowed_length = 2, dry_penalty_last_n = 64
ollama-1  | 	top_k = 40, top_p = 0.900, min_p = 0.000, xtc_probability = 0.000, xtc_threshold = 0.100, typical_p = 1.000, top_n_sigma = -1.000, temp = 0.000
ollama-1  | 	mirostat = 0, mirostat_lr = 0.100, mirostat_ent = 5.000, adaptive_target = -1.000, adaptive_decay = 0.900
ollama-1  | slot launch_slot_: id  0 | task 10116 | processing task, is_child = 0
ollama-1  | slot   operator(): id  0 | task 10116 | new prompt, n_ctx_slot = 4096, n_keep = 4, task.n_tokens = 483
ollama-1  | slot   operator(): id  0 | task 10116 | cached n_tokens = 328, memory_seq_rm [328, end)
ollama-1  | slot init_sampler: id  0 | task 10116 | init sampler, took 0.06 ms, tokens: text = 483, total = 483
ollama-1  | slot print_timing: id  0 | task 10116 | prompt eval time =     632.71 ms /   155 tokens (    4.08 ms per token,   244.98 tokens per second)
ollama-1  | slot print_timing: id  0 | task 10116 |        eval time =     163.33 ms /     9 tokens (   20.42 ms per token,    48.98 tokens per second)
ollama-1  | slot print_timing: id  0 | task 10116 |       total time =     796.04 ms /   164 tokens
ollama-1  | slot print_timing: id  0 | task 10116 |    graphs reused =       6927
ollama-1  | slot      release: id  0 | task 10116 | stop processing: n_tokens = 491, truncated = 0
ollama-1  | srv  update_slots: all slots are idle
ollama-1  | [GIN] 2026/10/07 - 10:56:32 | 200 |  4.456893928s |      172.21.0.4 | POST     "/api/generate"
ollama-1  | srv  server_strea: conv_id= (empty=1)
ollama-1  | slot get_availabl: id  0 | task -1 |  - checking sim = 0.521 (328/629) > 0.100
ollama-1  | slot get_availabl: id  0 | task -1 | selected slot by LCP similarity, f_sim_best = 0.521 (> 0.100 thold), f_keep = 0.668
ollama-1  | slot launch_slot_: id  0 | task -1 | sampler chain: logits -> ?penalties -> ?dry -> ?top-n-sigma -> top-k -> ?typical -> top-p -> ?min-p -> ?xtc -> temp-ext -> dist 
ollama-1  | slot launch_slot_: id  0 | task -1 | sampler params: 
ollama-1  | 	repeat_last_n = 64, repeat_penalty = 1.000, frequency_penalty = 0.000, presence_penalty = 0.000
ollama-1  | 	dry_multiplier = 0.000, dry_base = 1.750, dry_allowed_length = 2, dry_penalty_last_n = 64
ollama-1  | 	top_k = 40, top_p = 0.900, min_p = 0.000, xtc_probability = 0.000, xtc_threshold = 0.100, typical_p = 1.000, top_n_sigma = -1.000, temp = 0.000
ollama-1  | 	mirostat = 0, mirostat_lr = 0.100, mirostat_ent = 5.000, adaptive_target = -1.000, adaptive_decay = 0.900
ollama-1  | slot launch_slot_: id  0 | task 10126 | processing task, is_child = 0
ollama-1  | slot   operator(): id  0 | task 10126 | new prompt, n_ctx_slot = 4096, n_keep = 4, task.n_tokens = 629
ollama-1  | slot   operator(): id  0 | task 10126 | cached n_tokens = 328, memory_seq_rm [328, end)
ollama-1  | slot init_sampler: id  0 | task 10126 | init sampler, took 0.05 ms, tokens: text = 629, total = 629
ollama-1  | slot print_timing: id  0 | task 10126 | prompt eval time =    1171.93 ms /   301 tokens (    3.89 ms per token,   256.84 tokens per second)
ollama-1  | slot print_timing: id  0 | task 10126 |        eval time =     184.78 ms /     9 tokens (   23.10 ms per token,    43.29 tokens per second)
ollama-1  | slot print_timing: id  0 | task 10126 |       total time =    1356.71 ms /   310 tokens
ollama-1  | slot print_timing: id  0 | task 10126 |    graphs reused =       6934
ollama-1  | slot      release: id  0 | task 10126 | stop processing: n_tokens = 637, truncated = 0
ollama-1  | srv  update_slots: all slots are idle
ollama-1  | [GIN] 2026/10/07 - 10:56:34 | 200 |  5.621557951s |      172.21.0.4 | POST     "/api/generate"
ollama-1  | srv  server_strea: conv_id= (empty=1)
ollama-1  | slot get_availabl: id  0 | task -1 |  - checking sim = 0.618 (328/531) > 0.100
ollama-1  | slot get_availabl: id  0 | task -1 | selected slot by LCP similarity, f_sim_best = 0.618 (> 0.100 thold), f_keep = 0.515
ollama-1  | slot launch_slot_: id  0 | task -1 | sampler chain: logits -> ?penalties -> ?dry -> ?top-n-sigma -> top-k -> ?typical -> top-p -> ?min-p -> ?xtc -> temp-ext -> dist 
ollama-1  | slot launch_slot_: id  0 | task -1 | sampler params: 
ollama-1  | 	repeat_last_n = 64, repeat_penalty = 1.000, frequency_penalty = 0.000, presence_penalty = 0.000
ollama-1  | 	dry_multiplier = 0.000, dry_base = 1.750, dry_allowed_length = 2, dry_penalty_last_n = 64
ollama-1  | 	top_k = 40, top_p = 0.900, min_p = 0.000, xtc_probability = 0.000, xtc_threshold = 0.100, typical_p = 1.000, top_n_sigma = -1.000, temp = 0.000
ollama-1  | 	mirostat = 0, mirostat_lr = 0.100, mirostat_ent = 5.000, adaptive_target = -1.000, adaptive_decay = 0.900
ollama-1  | slot launch_slot_: id  0 | task 10136 | processing task, is_child = 0
ollama-1  | slot   operator(): id  0 | task 10136 | new prompt, n_ctx_slot = 4096, n_keep = 4, task.n_tokens = 531
ollama-1  | slot   operator(): id  0 | task 10136 | cached n_tokens = 328, memory_seq_rm [328, end)
ollama-1  | slot init_sampler: id  0 | task 10136 | init sampler, took 0.04 ms, tokens: text = 531, total = 531
ollama-1  | slot print_timing: id  0 | task 10136 | prompt eval time =     813.84 ms /   203 tokens (    4.01 ms per token,   249.44 tokens per second)
ollama-1  | slot print_timing: id  0 | task 10136 |        eval time =     173.77 ms /     9 tokens (   21.72 ms per token,    46.04 tokens per second)
ollama-1  | slot print_timing: id  0 | task 10136 |       total time =     987.61 ms /   212 tokens
ollama-1  | slot print_timing: id  0 | task 10136 |    graphs reused =       6941
ollama-1  | slot      release: id  0 | task 10136 | stop processing: n_tokens = 539, truncated = 0
ollama-1  | srv  update_slots: all slots are idle
ollama-1  | [GIN] 2026/10/07 - 10:56:35 | 200 |  5.039252128s |      172.21.0.4 | POST     "/api/generate"
ollama-1  | srv  server_strea: conv_id= (empty=1)
ollama-1  | slot get_availabl: id  0 | task -1 |  - checking sim = 0.596 (328/550) > 0.100
ollama-1  | slot get_availabl: id  0 | task -1 | selected slot by LCP similarity, f_sim_best = 0.596 (> 0.100 thold), f_keep = 0.609
ollama-1  | slot launch_slot_: id  0 | task -1 | sampler chain: logits -> ?penalties -> ?dry -> ?top-n-sigma -> top-k -> ?typical -> top-p -> ?min-p -> ?xtc -> temp-ext -> dist 
ollama-1  | slot launch_slot_: id  0 | task -1 | sampler params: 
ollama-1  | 	repeat_last_n = 64, repeat_penalty = 1.000, frequency_penalty = 0.000, presence_penalty = 0.000
ollama-1  | 	dry_multiplier = 0.000, dry_base = 1.750, dry_allowed_length = 2, dry_penalty_last_n = 64
ollama-1  | 	top_k = 40, top_p = 0.900, min_p = 0.000, xtc_probability = 0.000, xtc_threshold = 0.100, typical_p = 1.000, top_n_sigma = -1.000, temp = 0.000
ollama-1  | 	mirostat = 0, mirostat_lr = 0.100, mirostat_ent = 5.000, adaptive_target = -1.000, adaptive_decay = 0.900
ollama-1  | slot launch_slot_: id  0 | task 10146 | processing task, is_child = 0
ollama-1  | slot   operator(): id  0 | task 10146 | new prompt, n_ctx_slot = 4096, n_keep = 4, task.n_tokens = 550
ollama-1  | slot   operator(): id  0 | task 10146 | cached n_tokens = 328, memory_seq_rm [328, end)
ollama-1  | slot init_sampler: id  0 | task 10146 | init sampler, took 0.04 ms, tokens: text = 550, total = 550
ollama-1  | slot print_timing: id  0 | task 10146 | prompt eval time =     888.28 ms /   222 tokens (    4.00 ms per token,   249.92 tokens per second)
ollama-1  | slot print_timing: id  0 | task 10146 |        eval time =     169.95 ms /     8 tokens (   24.28 ms per token,    41.19 tokens per second)
ollama-1  | slot print_timing: id  0 | task 10146 |       total time =    1058.23 ms /   230 tokens
ollama-1  | slot print_timing: id  0 | task 10146 |    graphs reused =       6947
ollama-1  | slot      release: id  0 | task 10146 | stop processing: n_tokens = 557, truncated = 0
ollama-1  | srv  update_slots: all slots are idle
ollama-1  | [GIN] 2026/10/07 - 10:56:36 | 200 |  5.752536934s |      172.21.0.4 | POST     "/api/generate"
ollama-1  | srv  server_strea: conv_id= (empty=1)
ollama-1  | slot get_availabl: id  0 | task -1 |  - checking sim = 0.674 (328/487) > 0.100
ollama-1  | slot get_availabl: id  0 | task -1 | selected slot by LCP similarity, f_sim_best = 0.674 (> 0.100 thold), f_keep = 0.589
ollama-1  | slot launch_slot_: id  0 | task -1 | sampler chain: logits -> ?penalties -> ?dry -> ?top-n-sigma -> top-k -> ?typical -> top-p -> ?min-p -> ?xtc -> temp-ext -> dist 
ollama-1  | slot launch_slot_: id  0 | task -1 | sampler params: 
ollama-1  | 	repeat_last_n = 64, repeat_penalty = 1.000, frequency_penalty = 0.000, presence_penalty = 0.000
ollama-1  | 	dry_multiplier = 0.000, dry_base = 1.750, dry_allowed_length = 2, dry_penalty_last_n = 64
ollama-1  | 	top_k = 40, top_p = 0.900, min_p = 0.000, xtc_probability = 0.000, xtc_threshold = 0.100, typical_p = 1.000, top_n_sigma = -1.000, temp = 0.000
ollama-1  | 	mirostat = 0, mirostat_lr = 0.100, mirostat_ent = 5.000, adaptive_target = -1.000, adaptive_decay = 0.900
ollama-1  | slot launch_slot_: id  0 | task 10155 | processing task, is_child = 0
ollama-1  | slot   operator(): id  0 | task 10155 | new prompt, n_ctx_slot = 4096, n_keep = 4, task.n_tokens = 487
ollama-1  | slot   operator(): id  0 | task 10155 | cached n_tokens = 328, memory_seq_rm [328, end)
ollama-1  | slot init_sampler: id  0 | task 10155 | init sampler, took 0.06 ms, tokens: text = 487, total = 487
ollama-1  | slot print_timing: id  0 | task 10155 | prompt eval time =     647.39 ms /   159 tokens (    4.07 ms per token,   245.60 tokens per second)
ollama-1  | slot print_timing: id  0 | task 10155 |        eval time =     180.31 ms /     9 tokens (   22.54 ms per token,    44.37 tokens per second)
ollama-1  | slot print_timing: id  0 | task 10155 |       total time =     827.70 ms /   168 tokens
ollama-1  | slot print_timing: id  0 | task 10155 |    graphs reused =       6954
ollama-1  | slot      release: id  0 | task 10155 | stop processing: n_tokens = 495, truncated = 0
ollama-1  | srv  update_slots: all slots are idle
ollama-1  | [GIN] 2026/10/07 - 10:56:36 | 200 |  5.927926667s |      172.21.0.4 | POST     "/api/generate"
ollama-1  | srv  server_strea: conv_id= (empty=1)
ollama-1  | slot get_availabl: id  0 | task -1 |  - checking sim = 0.638 (328/514) > 0.100
ollama-1  | slot get_availabl: id  0 | task -1 | selected slot by LCP similarity, f_sim_best = 0.638 (> 0.100 thold), f_keep = 0.663
ollama-1  | slot launch_slot_: id  0 | task -1 | sampler chain: logits -> ?penalties -> ?dry -> ?top-n-sigma -> top-k -> ?typical -> top-p -> ?min-p -> ?xtc -> temp-ext -> dist 
ollama-1  | slot launch_slot_: id  0 | task -1 | sampler params: 
ollama-1  | 	repeat_last_n = 64, repeat_penalty = 1.000, frequency_penalty = 0.000, presence_penalty = 0.000
ollama-1  | 	dry_multiplier = 0.000, dry_base = 1.750, dry_allowed_length = 2, dry_penalty_last_n = 64
ollama-1  | 	top_k = 40, top_p = 0.900, min_p = 0.000, xtc_probability = 0.000, xtc_threshold = 0.100, typical_p = 1.000, top_n_sigma = -1.000, temp = 0.000
ollama-1  | 	mirostat = 0, mirostat_lr = 0.100, mirostat_ent = 5.000, adaptive_target = -1.000, adaptive_decay = 0.900
ollama-1  | slot launch_slot_: id  0 | task 10165 | processing task, is_child = 0
ollama-1  | slot   operator(): id  0 | task 10165 | new prompt, n_ctx_slot = 4096, n_keep = 4, task.n_tokens = 514
ollama-1  | slot   operator(): id  0 | task 10165 | cached n_tokens = 328, memory_seq_rm [328, end)
ollama-1  | slot init_sampler: id  0 | task 10165 | init sampler, took 0.04 ms, tokens: text = 514, total = 514
ollama-1  | slot print_timing: id  0 | task 10165 | prompt eval time =     757.22 ms /   186 tokens (    4.07 ms per token,   245.64 tokens per second)
ollama-1  | slot print_timing: id  0 | task 10165 |        eval time =     172.41 ms /     8 tokens (   24.63 ms per token,    40.60 tokens per second)
ollama-1  | slot print_timing: id  0 | task 10165 |       total time =     929.64 ms /   194 tokens
ollama-1  | slot print_timing: id  0 | task 10165 |    graphs reused =       6960
ollama-1  | slot      release: id  0 | task 10165 | stop processing: n_tokens = 521, truncated = 0
ollama-1  | srv  update_slots: all slots are idle
ollama-1  | [GIN] 2026/10/07 - 10:56:37 | 200 |  5.829717627s |      172.21.0.4 | POST     "/api/generate"
ollama-1  | srv  server_strea: conv_id= (empty=1)
ollama-1  | slot get_availabl: id  0 | task -1 |  - checking sim = 0.493 (328/665) > 0.100
ollama-1  | slot get_availabl: id  0 | task -1 | selected slot by LCP similarity, f_sim_best = 0.493 (> 0.100 thold), f_keep = 0.630
ollama-1  | slot launch_slot_: id  0 | task -1 | sampler chain: logits -> ?penalties -> ?dry -> ?top-n-sigma -> top-k -> ?typical -> top-p -> ?min-p -> ?xtc -> temp-ext -> dist 
ollama-1  | slot launch_slot_: id  0 | task -1 | sampler params: 
ollama-1  | 	repeat_last_n = 64, repeat_penalty = 1.000, frequency_penalty = 0.000, presence_penalty = 0.000
ollama-1  | 	dry_multiplier = 0.000, dry_base = 1.750, dry_allowed_length = 2, dry_penalty_last_n = 64
ollama-1  | 	top_k = 40, top_p = 0.900, min_p = 0.000, xtc_probability = 0.000, xtc_threshold = 0.100, typical_p = 1.000, top_n_sigma = -1.000, temp = 0.000
ollama-1  | 	mirostat = 0, mirostat_lr = 0.100, mirostat_ent = 5.000, adaptive_target = -1.000, adaptive_decay = 0.900
ollama-1  | slot launch_slot_: id  0 | task 10174 | processing task, is_child = 0
ollama-1  | slot   operator(): id  0 | task 10174 | new prompt, n_ctx_slot = 4096, n_keep = 4, task.n_tokens = 665
ollama-1  | slot   operator(): id  0 | task 10174 | cached n_tokens = 328, memory_seq_rm [328, end)
ollama-1  | slot init_sampler: id  0 | task 10174 | init sampler, took 0.06 ms, tokens: text = 665, total = 665
ollama-1  | [GIN] 2026/10/07 - 10:56:38 | 200 |      28.652µs |       127.0.0.1 | HEAD     "/"
ollama-1  | [GIN] 2026/10/07 - 10:56:38 | 200 |    1.357645ms |       127.0.0.1 | GET      "/api/tags"
ollama-1  | slot print_timing: id  0 | task 10174 | prompt eval time =    1386.27 ms /   337 tokens (    4.11 ms per token,   243.10 tokens per second)
ollama-1  | slot print_timing: id  0 | task 10174 |        eval time =     168.84 ms /     8 tokens (   24.12 ms per token,    41.46 tokens per second)
ollama-1  | slot print_timing: id  0 | task 10174 |       total time =    1555.11 ms /   345 tokens
ollama-1  | slot print_timing: id  0 | task 10174 |    graphs reused =       6966
ollama-1  | slot      release: id  0 | task 10174 | stop processing: n_tokens = 672, truncated = 0
ollama-1  | srv  update_slots: all slots are idle
ollama-1  | [GIN] 2026/10/07 - 10:56:39 | 200 |  7.115663941s |      172.21.0.4 | POST     "/api/generate"
ollama-1  | srv  server_strea: conv_id= (empty=1)
ollama-1  | slot get_availabl: id  0 | task -1 |  - checking sim = 0.449 (328/731) > 0.100
ollama-1  | slot get_availabl: id  0 | task -1 | selected slot by LCP similarity, f_sim_best = 0.449 (> 0.100 thold), f_keep = 0.488
ollama-1  | srv  get_availabl: updating prompt cache
ollama-1  | srv   prompt_save:  - saving prompt with length 672, total state size = 21.008 MiB (draft: 0.000 MiB)
ollama-1  | srv          load:  - looking for better prompt, base f_keep = 0.488, f_sim = 0.449
ollama-1  | srv          load:    - prompt with length     709, lcp =     328, f_keep = 0.463, f_sim = 0.449
ollama-1  | srv          load:    - prompt with length     700, lcp =     328, f_keep = 0.469, f_sim = 0.449
ollama-1  | srv          load:    - prompt with length     695, lcp =     328, f_keep = 0.472, f_sim = 0.449
ollama-1  | srv          load:    - prompt with length     670, lcp =     328, f_keep = 0.490, f_sim = 0.449
ollama-1  | srv          load:    - prompt with length     730, lcp =     328, f_keep = 0.449, f_sim = 0.449
ollama-1  | srv          load:    - prompt with length     779, lcp =     328, f_keep = 0.421, f_sim = 0.449
ollama-1  | srv          load:    - prompt with length     805, lcp =     328, f_keep = 0.407, f_sim = 0.449
ollama-1  | srv          load:    - prompt with length     696, lcp =     328, f_keep = 0.471, f_sim = 0.449
ollama-1  | srv          load:    - prompt with length     962, lcp =     328, f_keep = 0.341, f_sim = 0.449
ollama-1  | srv          load:    - prompt with length     705, lcp =     328, f_keep = 0.465, f_sim = 0.449
ollama-1  | srv          load:    - prompt with length     722, lcp =     328, f_keep = 0.454, f_sim = 0.449
ollama-1  | srv          load:    - prompt with length     704, lcp =     328, f_keep = 0.466, f_sim = 0.449
ollama-1  | srv          load:    - prompt with length     710, lcp =     328, f_keep = 0.462, f_sim = 0.449
ollama-1  | srv          load:    - prompt with length     752, lcp =     328, f_keep = 0.436, f_sim = 0.449
ollama-1  | srv          load:    - prompt with length     683, lcp =     328, f_keep = 0.480, f_sim = 0.449
ollama-1  | srv          load:    - prompt with length     777, lcp =     328, f_keep = 0.422, f_sim = 0.449
ollama-1  | srv          load:    - prompt with length     773, lcp =     328, f_keep = 0.424, f_sim = 0.449
ollama-1  | srv          load:    - prompt with length     691, lcp =     328, f_keep = 0.475, f_sim = 0.449
ollama-1  | srv          load:    - prompt with length     738, lcp =     731, f_keep = 0.991, f_sim = 1.000
ollama-1  | srv          load:    - prompt with length     730, lcp =     328, f_keep = 0.449, f_sim = 0.449
ollama-1  | srv          load:    - prompt with length     798, lcp =     328, f_keep = 0.411, f_sim = 0.449
ollama-1  | srv          load:    - prompt with length     661, lcp =     328, f_keep = 0.496, f_sim = 0.449
ollama-1  | srv          load:    - prompt with length     771, lcp =     328, f_keep = 0.425, f_sim = 0.449
ollama-1  | srv          load:    - prompt with length     684, lcp =     328, f_keep = 0.480, f_sim = 0.449
ollama-1  | srv          load:    - prompt with length     659, lcp =     328, f_keep = 0.498, f_sim = 0.449
ollama-1  | srv          load:    - prompt with length     677, lcp =     328, f_keep = 0.484, f_sim = 0.449
ollama-1  | srv          load:    - prompt with length     740, lcp =     328, f_keep = 0.443, f_sim = 0.449
ollama-1  | srv          load:    - prompt with length     677, lcp =     328, f_keep = 0.484, f_sim = 0.449
ollama-1  | srv          load:    - prompt with length     738, lcp =     328, f_keep = 0.444, f_sim = 0.449
ollama-1  | srv          load:    - prompt with length     672, lcp =     328, f_keep = 0.488, f_sim = 0.449
ollama-1  | srv          load:  - found better prompt with f_keep = 0.991, f_sim = 1.000
ollama-1  | srv        update:  - cache state: 29 prompts, 658.690 MiB (limits: 8192.000 MiB, 4096 tokens, 262043 est)
ollama-1  | srv        update:    - prompt 0x2111c2b0:     709 tokens, checkpoints:  0,    22.165 MiB
ollama-1  | srv        update:    - prompt 0x1d133370:     700 tokens, checkpoints:  0,    21.883 MiB
ollama-1  | srv        update:    - prompt 0x1d12e2c0:     695 tokens, checkpoints:  0,    21.727 MiB
ollama-1  | srv        update:    - prompt 0x1d12d8d0:     670 tokens, checkpoints:  0,    20.946 MiB
ollama-1  | srv        update:    - prompt 0x1d708a50:     730 tokens, checkpoints:  0,    22.821 MiB
ollama-1  | srv        update:    - prompt 0x1d12ae00:     779 tokens, checkpoints:  0,    24.353 MiB
ollama-1  | srv        update:    - prompt 0x1d728d30:     805 tokens, checkpoints:  0,    25.166 MiB
ollama-1  | srv        update:    - prompt 0x2427f580:     696 tokens, checkpoints:  0,    21.758 MiB
ollama-1  | srv        update:    - prompt 0x30e39f50:     962 tokens, checkpoints:  0,    30.074 MiB
ollama-1  | srv        update:    - prompt 0x1e85d3b0:     705 tokens, checkpoints:  0,    22.040 MiB
ollama-1  | srv        update:    - prompt 0x1e7a4ad0:     722 tokens, checkpoints:  0,    22.571 MiB
ollama-1  | srv        update:    - prompt 0x24d036a0:     704 tokens, checkpoints:  0,    22.008 MiB
ollama-1  | srv        update:    - prompt 0x1e75fd60:     710 tokens, checkpoints:  0,    22.196 MiB
ollama-1  | srv        update:    - prompt 0x24367aa0:     752 tokens, checkpoints:  0,    23.509 MiB
ollama-1  | srv        update:    - prompt 0x243c6d30:     683 tokens, checkpoints:  0,    21.352 MiB
ollama-1  | srv        update:    - prompt 0x24273cf0:     777 tokens, checkpoints:  0,    24.291 MiB
ollama-1  | srv        update:    - prompt 0x2a28fe40:     773 tokens, checkpoints:  0,    24.165 MiB
ollama-1  | srv        update:    - prompt 0x242cfd20:     691 tokens, checkpoints:  0,    21.602 MiB
ollama-1  | srv        update:    - prompt 0x1d311810:     730 tokens, checkpoints:  0,    22.821 MiB
ollama-1  | srv        update:    - prompt 0x24d350b0:     798 tokens, checkpoints:  0,    24.947 MiB
ollama-1  | srv        update:    - prompt 0x2437a2b0:     661 tokens, checkpoints:  0,    20.664 MiB
ollama-1  | srv        update:    - prompt 0x2a2a47f0:     771 tokens, checkpoints:  0,    24.103 MiB
ollama-1  | srv        update:    - prompt 0x2443a0e0:     684 tokens, checkpoints:  0,    21.383 MiB
ollama-1  | srv        update:    - prompt 0x1e82e9b0:     659 tokens, checkpoints:  0,    20.602 MiB
ollama-1  | srv        update:    - prompt 0x1d2ee000:     677 tokens, checkpoints:  0,    21.164 MiB
ollama-1  | srv        update:    - prompt 0x2448abc0:     740 tokens, checkpoints:  0,    23.134 MiB
ollama-1  | srv        update:    - prompt 0x1e82e900:     677 tokens, checkpoints:  0,    21.164 MiB
ollama-1  | srv        update:    - prompt 0x24432260:     738 tokens, checkpoints:  0,    23.071 MiB
ollama-1  | srv        update:    - prompt 0x2443a030:     672 tokens, checkpoints:  0,    21.008 MiB
ollama-1  | srv  get_availabl: prompt cache update took 8.28 ms
ollama-1  | slot launch_slot_: id  0 | task -1 | sampler chain: logits -> ?penalties -> ?dry -> ?top-n-sigma -> top-k -> ?typical -> top-p -> ?min-p -> ?xtc -> temp-ext -> dist 
ollama-1  | slot launch_slot_: id  0 | task -1 | sampler params: 
ollama-1  | 	repeat_last_n = 64, repeat_penalty = 1.000, frequency_penalty = 0.000, presence_penalty = 0.000
ollama-1  | 	dry_multiplier = 0.000, dry_base = 1.750, dry_allowed_length = 2, dry_penalty_last_n = 64
ollama-1  | 	top_k = 40, top_p = 0.900, min_p = 0.000, xtc_probability = 0.000, xtc_threshold = 0.100, typical_p = 1.000, top_n_sigma = -1.000, temp = 0.000
ollama-1  | 	mirostat = 0, mirostat_lr = 0.100, mirostat_ent = 5.000, adaptive_target = -1.000, adaptive_decay = 0.900
ollama-1  | slot launch_slot_: id  0 | task 10183 | processing task, is_child = 0
ollama-1  | slot   operator(): id  0 | task 10183 | new prompt, n_ctx_slot = 4096, n_keep = 4, task.n_tokens = 731
ollama-1  | slot   operator(): id  0 | task 10183 | need to evaluate at least 1 token for each active slot (n_past = 731, task.n_tokens() = 731)
ollama-1  | slot   operator(): id  0 | task 10183 | n_past was set to 730
ollama-1  | slot   operator(): id  0 | task 10183 | cached n_tokens = 730, memory_seq_rm [730, end)
ollama-1  | slot init_sampler: id  0 | task 10183 | init sampler, took 0.06 ms, tokens: text = 731, total = 731
ollama-1  | slot print_timing: id  0 | task 10183 | prompt eval time =      22.64 ms /     1 tokens (   22.64 ms per token,    44.17 tokens per second)
ollama-1  | slot print_timing: id  0 | task 10183 |        eval time =     170.05 ms /     8 tokens (   24.29 ms per token,    41.16 tokens per second)
ollama-1  | slot print_timing: id  0 | task 10183 |       total time =     192.69 ms /     9 tokens
ollama-1  | slot print_timing: id  0 | task 10183 |    graphs reused =       6974
ollama-1  | slot      release: id  0 | task 10183 | stop processing: n_tokens = 738, truncated = 0
ollama-1  | srv  update_slots: all slots are idle
ollama-1  | [GIN] 2026/10/07 - 10:56:39 | 200 |  6.868755193s |      172.21.0.4 | POST     "/api/generate"
ollama-1  | srv  server_strea: conv_id= (empty=1)
ollama-1  | slot get_availabl: id  0 | task -1 |  - checking sim = 0.643 (328/510) > 0.100
ollama-1  | slot get_availabl: id  0 | task -1 | selected slot by LCP similarity, f_sim_best = 0.643 (> 0.100 thold), f_keep = 0.444
ollama-1  | srv  get_availabl: updating prompt cache
ollama-1  | srv   prompt_save:  - saving prompt with length 738, total state size = 23.071 MiB (draft: 0.000 MiB)
ollama-1  | srv          load:  - looking for better prompt, base f_keep = 0.444, f_sim = 0.643
ollama-1  | srv          load:    - prompt with length     709, lcp =     328, f_keep = 0.463, f_sim = 0.643
ollama-1  | srv          load:    - prompt with length     700, lcp =     328, f_keep = 0.469, f_sim = 0.643
ollama-1  | srv          load:    - prompt with length     695, lcp =     328, f_keep = 0.472, f_sim = 0.643
ollama-1  | srv          load:    - prompt with length     670, lcp =     328, f_keep = 0.490, f_sim = 0.643
ollama-1  | srv          load:    - prompt with length     730, lcp =     328, f_keep = 0.449, f_sim = 0.643
ollama-1  | srv          load:    - prompt with length     779, lcp =     328, f_keep = 0.421, f_sim = 0.643
ollama-1  | srv          load:    - prompt with length     805, lcp =     328, f_keep = 0.407, f_sim = 0.643
ollama-1  | srv          load:    - prompt with length     696, lcp =     328, f_keep = 0.471, f_sim = 0.643
ollama-1  | srv          load:    - prompt with length     962, lcp =     328, f_keep = 0.341, f_sim = 0.643
ollama-1  | srv          load:    - prompt with length     705, lcp =     328, f_keep = 0.465, f_sim = 0.643
ollama-1  | srv          load:    - prompt with length     722, lcp =     328, f_keep = 0.454, f_sim = 0.643
ollama-1  | srv          load:    - prompt with length     704, lcp =     328, f_keep = 0.466, f_sim = 0.643
ollama-1  | srv          load:    - prompt with length     710, lcp =     328, f_keep = 0.462, f_sim = 0.643
ollama-1  | srv          load:    - prompt with length     752, lcp =     328, f_keep = 0.436, f_sim = 0.643
ollama-1  | srv          load:    - prompt with length     683, lcp =     328, f_keep = 0.480, f_sim = 0.643
ollama-1  | srv          load:    - prompt with length     777, lcp =     328, f_keep = 0.422, f_sim = 0.643
ollama-1  | srv          load:    - prompt with length     773, lcp =     329, f_keep = 0.426, f_sim = 0.645
ollama-1  | srv          load:    - prompt with length     691, lcp =     329, f_keep = 0.476, f_sim = 0.645
ollama-1  | srv          load:    - prompt with length     730, lcp =     329, f_keep = 0.451, f_sim = 0.645
ollama-1  | srv          load:    - prompt with length     798, lcp =     329, f_keep = 0.412, f_sim = 0.645
ollama-1  | srv          load:    - prompt with length     661, lcp =     328, f_keep = 0.496, f_sim = 0.643
ollama-1  | srv          load:    - prompt with length     771, lcp =     328, f_keep = 0.425, f_sim = 0.643
ollama-1  | srv          load:    - prompt with length     684, lcp =     329, f_keep = 0.481, f_sim = 0.645
ollama-1  | srv          load:    - prompt with length     659, lcp =     329, f_keep = 0.499, f_sim = 0.645
ollama-1  | srv          load:    - prompt with length     677, lcp =     329, f_keep = 0.486, f_sim = 0.645
ollama-1  | srv          load:    - prompt with length     740, lcp =     328, f_keep = 0.443, f_sim = 0.643
ollama-1  | srv          load:    - prompt with length     677, lcp =     329, f_keep = 0.486, f_sim = 0.645
ollama-1  | srv          load:    - prompt with length     738, lcp =     329, f_keep = 0.446, f_sim = 0.645
ollama-1  | srv          load:    - prompt with length     672, lcp =     330, f_keep = 0.491, f_sim = 0.647
ollama-1  | srv          load:    - prompt with length     738, lcp =     328, f_keep = 0.444, f_sim = 0.643
ollama-1  | srv          load:  - found better prompt with f_keep = 0.491, f_sim = 0.647
ollama-1  | srv        update:  - cache state: 29 prompts, 660.753 MiB (limits: 8192.000 MiB, 4096 tokens, 262043 est)
ollama-1  | srv        update:    - prompt 0x2111c2b0:     709 tokens, checkpoints:  0,    22.165 MiB
ollama-1  | srv        update:    - prompt 0x1d133370:     700 tokens, checkpoints:  0,    21.883 MiB
ollama-1  | srv        update:    - prompt 0x1d12e2c0:     695 tokens, checkpoints:  0,    21.727 MiB
ollama-1  | srv        update:    - prompt 0x1d12d8d0:     670 tokens, checkpoints:  0,    20.946 MiB
ollama-1  | srv        update:    - prompt 0x1d708a50:     730 tokens, checkpoints:  0,    22.821 MiB
ollama-1  | srv        update:    - prompt 0x1d12ae00:     779 tokens, checkpoints:  0,    24.353 MiB
ollama-1  | srv        update:    - prompt 0x1d728d30:     805 tokens, checkpoints:  0,    25.166 MiB
ollama-1  | srv        update:    - prompt 0x2427f580:     696 tokens, checkpoints:  0,    21.758 MiB
ollama-1  | srv        update:    - prompt 0x30e39f50:     962 tokens, checkpoints:  0,    30.074 MiB
ollama-1  | srv        update:    - prompt 0x1e85d3b0:     705 tokens, checkpoints:  0,    22.040 MiB
ollama-1  | srv        update:    - prompt 0x1e7a4ad0:     722 tokens, checkpoints:  0,    22.571 MiB
ollama-1  | srv        update:    - prompt 0x24d036a0:     704 tokens, checkpoints:  0,    22.008 MiB
ollama-1  | srv        update:    - prompt 0x1e75fd60:     710 tokens, checkpoints:  0,    22.196 MiB
ollama-1  | srv        update:    - prompt 0x24367aa0:     752 tokens, checkpoints:  0,    23.509 MiB
ollama-1  | srv        update:    - prompt 0x243c6d30:     683 tokens, checkpoints:  0,    21.352 MiB
ollama-1  | srv        update:    - prompt 0x24273cf0:     777 tokens, checkpoints:  0,    24.291 MiB
ollama-1  | srv        update:    - prompt 0x2a28fe40:     773 tokens, checkpoints:  0,    24.165 MiB
ollama-1  | srv        update:    - prompt 0x242cfd20:     691 tokens, checkpoints:  0,    21.602 MiB
ollama-1  | srv        update:    - prompt 0x1d311810:     730 tokens, checkpoints:  0,    22.821 MiB
ollama-1  | srv        update:    - prompt 0x24d350b0:     798 tokens, checkpoints:  0,    24.947 MiB
ollama-1  | srv        update:    - prompt 0x2437a2b0:     661 tokens, checkpoints:  0,    20.664 MiB
ollama-1  | srv        update:    - prompt 0x2a2a47f0:     771 tokens, checkpoints:  0,    24.103 MiB
ollama-1  | srv        update:    - prompt 0x2443a0e0:     684 tokens, checkpoints:  0,    21.383 MiB
ollama-1  | srv        update:    - prompt 0x1e82e9b0:     659 tokens, checkpoints:  0,    20.602 MiB
ollama-1  | srv        update:    - prompt 0x1d2ee000:     677 tokens, checkpoints:  0,    21.164 MiB
ollama-1  | srv        update:    - prompt 0x2448abc0:     740 tokens, checkpoints:  0,    23.134 MiB
ollama-1  | srv        update:    - prompt 0x1e82e900:     677 tokens, checkpoints:  0,    21.164 MiB
ollama-1  | srv        update:    - prompt 0x24432260:     738 tokens, checkpoints:  0,    23.071 MiB
ollama-1  | srv        update:    - prompt 0x242f5d40:     738 tokens, checkpoints:  0,    23.071 MiB
ollama-1  | srv  get_availabl: prompt cache update took 6.93 ms
ollama-1  | slot launch_slot_: id  0 | task -1 | sampler chain: logits -> ?penalties -> ?dry -> ?top-n-sigma -> top-k -> ?typical -> top-p -> ?min-p -> ?xtc -> temp-ext -> dist 
ollama-1  | slot launch_slot_: id  0 | task -1 | sampler params: 
ollama-1  | 	repeat_last_n = 64, repeat_penalty = 1.000, frequency_penalty = 0.000, presence_penalty = 0.000
ollama-1  | 	dry_multiplier = 0.000, dry_base = 1.750, dry_allowed_length = 2, dry_penalty_last_n = 64
ollama-1  | 	top_k = 40, top_p = 0.900, min_p = 0.000, xtc_probability = 0.000, xtc_threshold = 0.100, typical_p = 1.000, top_n_sigma = -1.000, temp = 0.000
ollama-1  | 	mirostat = 0, mirostat_lr = 0.100, mirostat_ent = 5.000, adaptive_target = -1.000, adaptive_decay = 0.900
ollama-1  | slot launch_slot_: id  0 | task 10192 | processing task, is_child = 0
ollama-1  | slot   operator(): id  0 | task 10192 | new prompt, n_ctx_slot = 4096, n_keep = 4, task.n_tokens = 510
ollama-1  | slot   operator(): id  0 | task 10192 | cached n_tokens = 330, memory_seq_rm [330, end)
ollama-1  | slot init_sampler: id  0 | task 10192 | init sampler, took 0.05 ms, tokens: text = 510, total = 510
ollama-1  | slot print_timing: id  0 | task 10192 | prompt eval time =     729.61 ms /   180 tokens (    4.05 ms per token,   246.71 tokens per second)
ollama-1  | slot print_timing: id  0 | task 10192 |        eval time =     174.57 ms /     9 tokens (   21.82 ms per token,    45.83 tokens per second)
ollama-1  | slot print_timing: id  0 | task 10192 |       total time =     904.19 ms /   189 tokens
ollama-1  | slot print_timing: id  0 | task 10192 |    graphs reused =       6980
ollama-1  | slot      release: id  0 | task 10192 | stop processing: n_tokens = 518, truncated = 0
ollama-1  | srv  update_slots: all slots are idle
ollama-1  | [GIN] 2026/10/07 - 10:56:40 | 200 |  7.276174506s |      172.21.0.4 | POST     "/api/generate"
ollama-1  | srv  server_strea: conv_id= (empty=1)
ollama-1  | slot get_availabl: id  0 | task -1 |  - checking sim = 0.708 (328/463) > 0.100
ollama-1  | slot get_availabl: id  0 | task -1 | selected slot by LCP similarity, f_sim_best = 0.708 (> 0.100 thold), f_keep = 0.633
ollama-1  | slot launch_slot_: id  0 | task -1 | sampler chain: logits -> ?penalties -> ?dry -> ?top-n-sigma -> top-k -> ?typical -> top-p -> ?min-p -> ?xtc -> temp-ext -> dist 
ollama-1  | slot launch_slot_: id  0 | task -1 | sampler params: 
ollama-1  | 	repeat_last_n = 64, repeat_penalty = 1.000, frequency_penalty = 0.000, presence_penalty = 0.000
ollama-1  | 	dry_multiplier = 0.000, dry_base = 1.750, dry_allowed_length = 2, dry_penalty_last_n = 64
ollama-1  | 	top_k = 40, top_p = 0.900, min_p = 0.000, xtc_probability = 0.000, xtc_threshold = 0.100, typical_p = 1.000, top_n_sigma = -1.000, temp = 0.000
ollama-1  | 	mirostat = 0, mirostat_lr = 0.100, mirostat_ent = 5.000, adaptive_target = -1.000, adaptive_decay = 0.900
ollama-1  | slot launch_slot_: id  0 | task 10202 | processing task, is_child = 0
ollama-1  | slot   operator(): id  0 | task 10202 | new prompt, n_ctx_slot = 4096, n_keep = 4, task.n_tokens = 463
ollama-1  | slot   operator(): id  0 | task 10202 | cached n_tokens = 328, memory_seq_rm [328, end)
ollama-1  | slot init_sampler: id  0 | task 10202 | init sampler, took 0.05 ms, tokens: text = 463, total = 463
ollama-1  | slot print_timing: id  0 | task 10202 | prompt eval time =     558.49 ms /   135 tokens (    4.14 ms per token,   241.72 tokens per second)
ollama-1  | slot print_timing: id  0 | task 10202 |        eval time =     149.10 ms /     8 tokens (   21.30 ms per token,    46.95 tokens per second)
ollama-1  | slot print_timing: id  0 | task 10202 |       total time =     707.59 ms /   143 tokens
ollama-1  | slot print_timing: id  0 | task 10202 |    graphs reused =       6986
ollama-1  | slot      release: id  0 | task 10202 | stop processing: n_tokens = 470, truncated = 0
ollama-1  | srv  update_slots: all slots are idle
ollama-1  | [GIN] 2026/10/07 - 10:56:41 | 200 |  7.550814908s |      172.21.0.4 | POST     "/api/generate"
ollama-1  | srv  server_strea: conv_id= (empty=1)
ollama-1  | slot get_availabl: id  0 | task -1 |  - checking sim = 0.631 (328/520) > 0.100
ollama-1  | slot get_availabl: id  0 | task -1 | selected slot by LCP similarity, f_sim_best = 0.631 (> 0.100 thold), f_keep = 0.698
ollama-1  | slot launch_slot_: id  0 | task -1 | sampler chain: logits -> ?penalties -> ?dry -> ?top-n-sigma -> top-k -> ?typical -> top-p -> ?min-p -> ?xtc -> temp-ext -> dist 
ollama-1  | slot launch_slot_: id  0 | task -1 | sampler params: 
ollama-1  | 	repeat_last_n = 64, repeat_penalty = 1.000, frequency_penalty = 0.000, presence_penalty = 0.000
ollama-1  | 	dry_multiplier = 0.000, dry_base = 1.750, dry_allowed_length = 2, dry_penalty_last_n = 64
ollama-1  | 	top_k = 40, top_p = 0.900, min_p = 0.000, xtc_probability = 0.000, xtc_threshold = 0.100, typical_p = 1.000, top_n_sigma = -1.000, temp = 0.000
ollama-1  | 	mirostat = 0, mirostat_lr = 0.100, mirostat_ent = 5.000, adaptive_target = -1.000, adaptive_decay = 0.900
ollama-1  | slot launch_slot_: id  0 | task 10211 | processing task, is_child = 0
ollama-1  | slot   operator(): id  0 | task 10211 | new prompt, n_ctx_slot = 4096, n_keep = 4, task.n_tokens = 520
ollama-1  | slot   operator(): id  0 | task 10211 | cached n_tokens = 328, memory_seq_rm [328, end)
ollama-1  | slot init_sampler: id  0 | task 10211 | init sampler, took 0.06 ms, tokens: text = 520, total = 520
ollama-1  | slot print_timing: id  0 | task 10211 | prompt eval time =     757.73 ms /   192 tokens (    3.95 ms per token,   253.39 tokens per second)
ollama-1  | slot print_timing: id  0 | task 10211 |        eval time =     163.16 ms /     8 tokens (   23.31 ms per token,    42.90 tokens per second)
ollama-1  | slot print_timing: id  0 | task 10211 |       total time =     920.90 ms /   200 tokens
ollama-1  | slot print_timing: id  0 | task 10211 |    graphs reused =       6992
ollama-1  | slot      release: id  0 | task 10211 | stop processing: n_tokens = 527, truncated = 0
ollama-1  | srv  update_slots: all slots are idle
ollama-1  | [GIN] 2026/10/07 - 10:56:42 | 200 |  7.855247979s |      172.21.0.4 | POST     "/api/generate"
ollama-1  | srv  server_strea: conv_id= (empty=1)
ollama-1  | slot get_availabl: id  0 | task -1 |  - checking sim = 0.426 (328/770) > 0.100
ollama-1  | slot get_availabl: id  0 | task -1 | selected slot by LCP similarity, f_sim_best = 0.426 (> 0.100 thold), f_keep = 0.622
ollama-1  | slot launch_slot_: id  0 | task -1 | sampler chain: logits -> ?penalties -> ?dry -> ?top-n-sigma -> top-k -> ?typical -> top-p -> ?min-p -> ?xtc -> temp-ext -> dist 
ollama-1  | slot launch_slot_: id  0 | task -1 | sampler params: 
ollama-1  | 	repeat_last_n = 64, repeat_penalty = 1.000, frequency_penalty = 0.000, presence_penalty = 0.000
ollama-1  | 	dry_multiplier = 0.000, dry_base = 1.750, dry_allowed_length = 2, dry_penalty_last_n = 64
ollama-1  | 	top_k = 40, top_p = 0.900, min_p = 0.000, xtc_probability = 0.000, xtc_threshold = 0.100, typical_p = 1.000, top_n_sigma = -1.000, temp = 0.000
ollama-1  | 	mirostat = 0, mirostat_lr = 0.100, mirostat_ent = 5.000, adaptive_target = -1.000, adaptive_decay = 0.900
ollama-1  | slot launch_slot_: id  0 | task 10220 | processing task, is_child = 0
ollama-1  | slot   operator(): id  0 | task 10220 | new prompt, n_ctx_slot = 4096, n_keep = 4, task.n_tokens = 770
ollama-1  | slot   operator(): id  0 | task 10220 | cached n_tokens = 328, memory_seq_rm [328, end)
ollama-1  | slot init_sampler: id  0 | task 10220 | init sampler, took 0.07 ms, tokens: text = 770, total = 770
ollama-1  | slot print_timing: id  0 | task 10220 | prompt eval time =    1779.85 ms /   442 tokens (    4.03 ms per token,   248.33 tokens per second)
ollama-1  | slot print_timing: id  0 | task 10220 |        eval time =     155.44 ms /     8 tokens (   22.21 ms per token,    45.03 tokens per second)
ollama-1  | slot print_timing: id  0 | task 10220 |       total time =    1935.29 ms /   450 tokens
ollama-1  | slot print_timing: id  0 | task 10220 |    graphs reused =       6998
ollama-1  | slot      release: id  0 | task 10220 | stop processing: n_tokens = 777, truncated = 0
ollama-1  | srv  update_slots: all slots are idle
ollama-1  | [GIN] 2026/10/07 - 10:56:43 | 200 |  6.254567895s |      172.21.0.4 | POST     "/api/generate"
ollama-1  | srv  server_strea: conv_id= (empty=1)
ollama-1  | slot get_availabl: id  0 | task -1 |  - checking sim = 0.783 (328/419) > 0.100
ollama-1  | slot get_availabl: id  0 | task -1 | selected slot by LCP similarity, f_sim_best = 0.783 (> 0.100 thold), f_keep = 0.422
ollama-1  | srv  get_availabl: updating prompt cache
ollama-1  | srv   prompt_save:  - saving prompt with length 777, total state size = 24.291 MiB (draft: 0.000 MiB)
ollama-1  | srv          load:  - looking for better prompt, base f_keep = 0.422, f_sim = 0.783
ollama-1  | srv          load:    - prompt with length     709, lcp =     328, f_keep = 0.463, f_sim = 0.783
ollama-1  | srv          load:    - prompt with length     700, lcp =     328, f_keep = 0.469, f_sim = 0.783
ollama-1  | srv          load:    - prompt with length     695, lcp =     328, f_keep = 0.472, f_sim = 0.783
ollama-1  | srv          load:    - prompt with length     670, lcp =     328, f_keep = 0.490, f_sim = 0.783
ollama-1  | srv          load:    - prompt with length     730, lcp =     328, f_keep = 0.449, f_sim = 0.783
ollama-1  | srv          load:    - prompt with length     779, lcp =     328, f_keep = 0.421, f_sim = 0.783
ollama-1  | srv          load:    - prompt with length     805, lcp =     328, f_keep = 0.407, f_sim = 0.783
ollama-1  | srv          load:    - prompt with length     696, lcp =     328, f_keep = 0.471, f_sim = 0.783
ollama-1  | srv          load:    - prompt with length     962, lcp =     328, f_keep = 0.341, f_sim = 0.783
ollama-1  | srv          load:    - prompt with length     705, lcp =     328, f_keep = 0.465, f_sim = 0.783
ollama-1  | srv          load:    - prompt with length     722, lcp =     328, f_keep = 0.454, f_sim = 0.783
ollama-1  | srv          load:    - prompt with length     704, lcp =     328, f_keep = 0.466, f_sim = 0.783
ollama-1  | srv          load:    - prompt with length     710, lcp =     328, f_keep = 0.462, f_sim = 0.783
ollama-1  | srv          load:    - prompt with length     752, lcp =     328, f_keep = 0.436, f_sim = 0.783
ollama-1  | srv          load:    - prompt with length     683, lcp =     328, f_keep = 0.480, f_sim = 0.783
ollama-1  | srv          load:    - prompt with length     777, lcp =     328, f_keep = 0.422, f_sim = 0.783
ollama-1  | srv          load:    - prompt with length     773, lcp =     328, f_keep = 0.424, f_sim = 0.783
ollama-1  | srv          load:    - prompt with length     691, lcp =     328, f_keep = 0.475, f_sim = 0.783
ollama-1  | srv          load:    - prompt with length     730, lcp =     328, f_keep = 0.449, f_sim = 0.783
ollama-1  | srv          load:    - prompt with length     798, lcp =     328, f_keep = 0.411, f_sim = 0.783
ollama-1  | srv          load:    - prompt with length     661, lcp =     328, f_keep = 0.496, f_sim = 0.783
ollama-1  | srv          load:    - prompt with length     771, lcp =     328, f_keep = 0.425, f_sim = 0.783
ollama-1  | srv          load:    - prompt with length     684, lcp =     328, f_keep = 0.480, f_sim = 0.783
ollama-1  | srv          load:    - prompt with length     659, lcp =     328, f_keep = 0.498, f_sim = 0.783
ollama-1  | srv          load:    - prompt with length     677, lcp =     328, f_keep = 0.484, f_sim = 0.783
ollama-1  | srv          load:    - prompt with length     740, lcp =     328, f_keep = 0.443, f_sim = 0.783
ollama-1  | srv          load:    - prompt with length     677, lcp =     328, f_keep = 0.484, f_sim = 0.783
ollama-1  | srv          load:    - prompt with length     738, lcp =     328, f_keep = 0.444, f_sim = 0.783
ollama-1  | srv          load:    - prompt with length     738, lcp =     328, f_keep = 0.444, f_sim = 0.783
ollama-1  | srv          load:    - prompt with length     777, lcp =     328, f_keep = 0.422, f_sim = 0.783
ollama-1  | srv        update:  - cache state: 30 prompts, 685.044 MiB (limits: 8192.000 MiB, 4096 tokens, 262043 est)
ollama-1  | srv        update:    - prompt 0x2111c2b0:     709 tokens, checkpoints:  0,    22.165 MiB
ollama-1  | srv        update:    - prompt 0x1d133370:     700 tokens, checkpoints:  0,    21.883 MiB
ollama-1  | srv        update:    - prompt 0x1d12e2c0:     695 tokens, checkpoints:  0,    21.727 MiB
ollama-1  | srv        update:    - prompt 0x1d12d8d0:     670 tokens, checkpoints:  0,    20.946 MiB
ollama-1  | srv        update:    - prompt 0x1d708a50:     730 tokens, checkpoints:  0,    22.821 MiB
ollama-1  | srv        update:    - prompt 0x1d12ae00:     779 tokens, checkpoints:  0,    24.353 MiB
ollama-1  | srv        update:    - prompt 0x1d728d30:     805 tokens, checkpoints:  0,    25.166 MiB
ollama-1  | srv        update:    - prompt 0x2427f580:     696 tokens, checkpoints:  0,    21.758 MiB
ollama-1  | srv        update:    - prompt 0x30e39f50:     962 tokens, checkpoints:  0,    30.074 MiB
ollama-1  | srv        update:    - prompt 0x1e85d3b0:     705 tokens, checkpoints:  0,    22.040 MiB
ollama-1  | srv        update:    - prompt 0x1e7a4ad0:     722 tokens, checkpoints:  0,    22.571 MiB
ollama-1  | srv        update:    - prompt 0x24d036a0:     704 tokens, checkpoints:  0,    22.008 MiB
ollama-1  | srv        update:    - prompt 0x1e75fd60:     710 tokens, checkpoints:  0,    22.196 MiB
ollama-1  | srv        update:    - prompt 0x24367aa0:     752 tokens, checkpoints:  0,    23.509 MiB
ollama-1  | srv        update:    - prompt 0x243c6d30:     683 tokens, checkpoints:  0,    21.352 MiB
ollama-1  | srv        update:    - prompt 0x24273cf0:     777 tokens, checkpoints:  0,    24.291 MiB
ollama-1  | srv        update:    - prompt 0x2a28fe40:     773 tokens, checkpoints:  0,    24.165 MiB
ollama-1  | srv        update:    - prompt 0x242cfd20:     691 tokens, checkpoints:  0,    21.602 MiB
ollama-1  | srv        update:    - prompt 0x1d311810:     730 tokens, checkpoints:  0,    22.821 MiB
ollama-1  | srv        update:    - prompt 0x24d350b0:     798 tokens, checkpoints:  0,    24.947 MiB
ollama-1  | srv        update:    - prompt 0x2437a2b0:     661 tokens, checkpoints:  0,    20.664 MiB
ollama-1  | srv        update:    - prompt 0x2a2a47f0:     771 tokens, checkpoints:  0,    24.103 MiB
ollama-1  | srv        update:    - prompt 0x2443a0e0:     684 tokens, checkpoints:  0,    21.383 MiB
ollama-1  | srv        update:    - prompt 0x1e82e9b0:     659 tokens, checkpoints:  0,    20.602 MiB
ollama-1  | srv        update:    - prompt 0x1d2ee000:     677 tokens, checkpoints:  0,    21.164 MiB
ollama-1  | srv        update:    - prompt 0x2448abc0:     740 tokens, checkpoints:  0,    23.134 MiB
ollama-1  | srv        update:    - prompt 0x1e82e900:     677 tokens, checkpoints:  0,    21.164 MiB
ollama-1  | srv        update:    - prompt 0x24432260:     738 tokens, checkpoints:  0,    23.071 MiB
ollama-1  | srv        update:    - prompt 0x242f5d40:     738 tokens, checkpoints:  0,    23.071 MiB
ollama-1  | srv        update:    - prompt 0x2444bcc0:     777 tokens, checkpoints:  0,    24.291 MiB
ollama-1  | srv  get_availabl: prompt cache update took 4.62 ms
ollama-1  | slot launch_slot_: id  0 | task -1 | sampler chain: logits -> ?penalties -> ?dry -> ?top-n-sigma -> top-k -> ?typical -> top-p -> ?min-p -> ?xtc -> temp-ext -> dist 
ollama-1  | slot launch_slot_: id  0 | task -1 | sampler params: 
ollama-1  | 	repeat_last_n = 64, repeat_penalty = 1.000, frequency_penalty = 0.000, presence_penalty = 0.000
ollama-1  | 	dry_multiplier = 0.000, dry_base = 1.750, dry_allowed_length = 2, dry_penalty_last_n = 64
ollama-1  | 	top_k = 40, top_p = 0.900, min_p = 0.000, xtc_probability = 0.000, xtc_threshold = 0.100, typical_p = 1.000, top_n_sigma = -1.000, temp = 0.000
ollama-1  | 	mirostat = 0, mirostat_lr = 0.100, mirostat_ent = 5.000, adaptive_target = -1.000, adaptive_decay = 0.900
ollama-1  | slot launch_slot_: id  0 | task 10229 | processing task, is_child = 0
ollama-1  | slot   operator(): id  0 | task 10229 | new prompt, n_ctx_slot = 4096, n_keep = 4, task.n_tokens = 419
ollama-1  | slot   operator(): id  0 | task 10229 | cached n_tokens = 328, memory_seq_rm [328, end)
ollama-1  | slot init_sampler: id  0 | task 10229 | init sampler, took 0.03 ms, tokens: text = 419, total = 419
ollama-1  | slot print_timing: id  0 | task 10229 | prompt eval time =     372.53 ms /    91 tokens (    4.09 ms per token,   244.27 tokens per second)
ollama-1  | slot print_timing: id  0 | task 10229 |        eval time =     174.91 ms /     9 tokens (   21.86 ms per token,    45.74 tokens per second)
ollama-1  | slot print_timing: id  0 | task 10229 |       total time =     547.44 ms /   100 tokens
ollama-1  | slot print_timing: id  0 | task 10229 |    graphs reused =       7005
ollama-1  | slot      release: id  0 | task 10229 | stop processing: n_tokens = 427, truncated = 0
ollama-1  | srv  update_slots: all slots are idle
ollama-1  | [GIN] 2026/10/07 - 10:56:44 | 200 |  5.251312488s |      172.21.0.4 | POST     "/api/generate"
ollama-1  | srv  server_strea: conv_id= (empty=1)
ollama-1  | slot get_availabl: id  0 | task -1 |  - checking sim = 0.768 (328/427) > 0.100
ollama-1  | slot get_availabl: id  0 | task -1 | selected slot by LCP similarity, f_sim_best = 0.768 (> 0.100 thold), f_keep = 0.768
ollama-1  | slot launch_slot_: id  0 | task -1 | sampler chain: logits -> ?penalties -> ?dry -> ?top-n-sigma -> top-k -> ?typical -> top-p -> ?min-p -> ?xtc -> temp-ext -> dist 
ollama-1  | slot launch_slot_: id  0 | task -1 | sampler params: 
ollama-1  | 	repeat_last_n = 64, repeat_penalty = 1.000, frequency_penalty = 0.000, presence_penalty = 0.000
ollama-1  | 	dry_multiplier = 0.000, dry_base = 1.750, dry_allowed_length = 2, dry_penalty_last_n = 64
ollama-1  | 	top_k = 40, top_p = 0.900, min_p = 0.000, xtc_probability = 0.000, xtc_threshold = 0.100, typical_p = 1.000, top_n_sigma = -1.000, temp = 0.000
ollama-1  | 	mirostat = 0, mirostat_lr = 0.100, mirostat_ent = 5.000, adaptive_target = -1.000, adaptive_decay = 0.900
ollama-1  | slot launch_slot_: id  0 | task 10239 | processing task, is_child = 0
ollama-1  | slot   operator(): id  0 | task 10239 | new prompt, n_ctx_slot = 4096, n_keep = 4, task.n_tokens = 427
ollama-1  | slot   operator(): id  0 | task 10239 | cached n_tokens = 328, memory_seq_rm [328, end)
ollama-1  | slot init_sampler: id  0 | task 10239 | init sampler, took 0.07 ms, tokens: text = 427, total = 427
ollama-1  | slot print_timing: id  0 | task 10239 | prompt eval time =     392.15 ms /    99 tokens (    3.96 ms per token,   252.45 tokens per second)
ollama-1  | slot print_timing: id  0 | task 10239 |        eval time =     162.61 ms /     8 tokens (   23.23 ms per token,    43.05 tokens per second)
ollama-1  | slot print_timing: id  0 | task 10239 |       total time =     554.76 ms /   107 tokens
ollama-1  | slot print_timing: id  0 | task 10239 |    graphs reused =       7011
ollama-1  | slot      release: id  0 | task 10239 | stop processing: n_tokens = 434, truncated = 0
ollama-1  | srv  update_slots: all slots are idle
ollama-1  | [GIN] 2026/10/07 - 10:56:45 | 200 |  5.580551736s |      172.21.0.4 | POST     "/api/generate"
ollama-1  | srv  server_strea: conv_id= (empty=1)
ollama-1  | slot get_availabl: id  0 | task -1 |  - checking sim = 0.539 (328/608) > 0.100
ollama-1  | slot get_availabl: id  0 | task -1 | selected slot by LCP similarity, f_sim_best = 0.539 (> 0.100 thold), f_keep = 0.756
ollama-1  | slot launch_slot_: id  0 | task -1 | sampler chain: logits -> ?penalties -> ?dry -> ?top-n-sigma -> top-k -> ?typical -> top-p -> ?min-p -> ?xtc -> temp-ext -> dist 
ollama-1  | slot launch_slot_: id  0 | task -1 | sampler params: 
ollama-1  | 	repeat_last_n = 64, repeat_penalty = 1.000, frequency_penalty = 0.000, presence_penalty = 0.000
ollama-1  | 	dry_multiplier = 0.000, dry_base = 1.750, dry_allowed_length = 2, dry_penalty_last_n = 64
ollama-1  | 	top_k = 40, top_p = 0.900, min_p = 0.000, xtc_probability = 0.000, xtc_threshold = 0.100, typical_p = 1.000, top_n_sigma = -1.000, temp = 0.000
ollama-1  | 	mirostat = 0, mirostat_lr = 0.100, mirostat_ent = 5.000, adaptive_target = -1.000, adaptive_decay = 0.900
ollama-1  | slot launch_slot_: id  0 | task 10248 | processing task, is_child = 0
ollama-1  | slot   operator(): id  0 | task 10248 | new prompt, n_ctx_slot = 4096, n_keep = 4, task.n_tokens = 608
ollama-1  | slot   operator(): id  0 | task 10248 | cached n_tokens = 328, memory_seq_rm [328, end)
ollama-1  | slot init_sampler: id  0 | task 10248 | init sampler, took 0.07 ms, tokens: text = 608, total = 608
ollama-1  | slot print_timing: id  0 | task 10248 | prompt eval time =    1108.95 ms /   280 tokens (    3.96 ms per token,   252.49 tokens per second)
ollama-1  | slot print_timing: id  0 | task 10248 |        eval time =     163.12 ms /     8 tokens (   23.30 ms per token,    42.91 tokens per second)
ollama-1  | slot print_timing: id  0 | task 10248 |       total time =    1272.07 ms /   288 tokens
ollama-1  | slot print_timing: id  0 | task 10248 |    graphs reused =       7017
ollama-1  | slot      release: id  0 | task 10248 | stop processing: n_tokens = 615, truncated = 0
ollama-1  | srv  update_slots: all slots are idle
ollama-1  | [GIN] 2026/10/07 - 10:56:46 | 200 |  6.844925022s |      172.21.0.4 | POST     "/api/generate"
ollama-1  | srv  server_strea: conv_id= (empty=1)
ollama-1  | slot get_availabl: id  0 | task -1 |  - checking sim = 0.732 (328/448) > 0.100
ollama-1  | slot get_availabl: id  0 | task -1 | selected slot by LCP similarity, f_sim_best = 0.732 (> 0.100 thold), f_keep = 0.533
ollama-1  | slot launch_slot_: id  0 | task -1 | sampler chain: logits -> ?penalties -> ?dry -> ?top-n-sigma -> top-k -> ?typical -> top-p -> ?min-p -> ?xtc -> temp-ext -> dist 
ollama-1  | slot launch_slot_: id  0 | task -1 | sampler params: 
ollama-1  | 	repeat_last_n = 64, repeat_penalty = 1.000, frequency_penalty = 0.000, presence_penalty = 0.000
ollama-1  | 	dry_multiplier = 0.000, dry_base = 1.750, dry_allowed_length = 2, dry_penalty_last_n = 64
ollama-1  | 	top_k = 40, top_p = 0.900, min_p = 0.000, xtc_probability = 0.000, xtc_threshold = 0.100, typical_p = 1.000, top_n_sigma = -1.000, temp = 0.000
ollama-1  | 	mirostat = 0, mirostat_lr = 0.100, mirostat_ent = 5.000, adaptive_target = -1.000, adaptive_decay = 0.900
ollama-1  | slot launch_slot_: id  0 | task 10257 | processing task, is_child = 0
ollama-1  | slot   operator(): id  0 | task 10257 | new prompt, n_ctx_slot = 4096, n_keep = 4, task.n_tokens = 448
ollama-1  | slot   operator(): id  0 | task 10257 | cached n_tokens = 328, memory_seq_rm [328, end)
ollama-1  | slot init_sampler: id  0 | task 10257 | init sampler, took 0.04 ms, tokens: text = 448, total = 448
ollama-1  | slot print_timing: id  0 | task 10257 | prompt eval time =     473.53 ms /   120 tokens (    3.95 ms per token,   253.42 tokens per second)
ollama-1  | slot print_timing: id  0 | task 10257 |        eval time =     156.88 ms /     8 tokens (   22.41 ms per token,    44.62 tokens per second)
ollama-1  | slot print_timing: id  0 | task 10257 |       total time =     630.41 ms /   128 tokens
ollama-1  | slot print_timing: id  0 | task 10257 |    graphs reused =       7023
ollama-1  | slot      release: id  0 | task 10257 | stop processing: n_tokens = 455, truncated = 0
ollama-1  | srv  update_slots: all slots are idle
ollama-1  | [GIN] 2026/10/07 - 10:56:46 | 200 |  7.412881628s |      172.21.0.4 | POST     "/api/generate"
ollama-1  | srv  server_strea: conv_id= (empty=1)
ollama-1  | slot get_availabl: id  0 | task -1 |  - checking sim = 0.841 (328/390) > 0.100
ollama-1  | slot get_availabl: id  0 | task -1 | selected slot by LCP similarity, f_sim_best = 0.841 (> 0.100 thold), f_keep = 0.721
ollama-1  | slot launch_slot_: id  0 | task -1 | sampler chain: logits -> ?penalties -> ?dry -> ?top-n-sigma -> top-k -> ?typical -> top-p -> ?min-p -> ?xtc -> temp-ext -> dist 
ollama-1  | slot launch_slot_: id  0 | task -1 | sampler params: 
ollama-1  | 	repeat_last_n = 64, repeat_penalty = 1.000, frequency_penalty = 0.000, presence_penalty = 0.000
ollama-1  | 	dry_multiplier = 0.000, dry_base = 1.750, dry_allowed_length = 2, dry_penalty_last_n = 64
ollama-1  | 	top_k = 40, top_p = 0.900, min_p = 0.000, xtc_probability = 0.000, xtc_threshold = 0.100, typical_p = 1.000, top_n_sigma = -1.000, temp = 0.000
ollama-1  | 	mirostat = 0, mirostat_lr = 0.100, mirostat_ent = 5.000, adaptive_target = -1.000, adaptive_decay = 0.900
ollama-1  | slot launch_slot_: id  0 | task 10266 | processing task, is_child = 0
ollama-1  | slot   operator(): id  0 | task 10266 | new prompt, n_ctx_slot = 4096, n_keep = 4, task.n_tokens = 390
ollama-1  | slot   operator(): id  0 | task 10266 | cached n_tokens = 328, memory_seq_rm [328, end)
ollama-1  | slot init_sampler: id  0 | task 10266 | init sampler, took 0.04 ms, tokens: text = 390, total = 390
ollama-1  | slot print_timing: id  0 | task 10266 | prompt eval time =     268.06 ms /    62 tokens (    4.32 ms per token,   231.29 tokens per second)
ollama-1  | slot print_timing: id  0 | task 10266 |        eval time =     162.37 ms /     8 tokens (   23.20 ms per token,    43.11 tokens per second)
ollama-1  | slot print_timing: id  0 | task 10266 |       total time =     430.43 ms /    70 tokens
ollama-1  | slot print_timing: id  0 | task 10266 |    graphs reused =       7029
ollama-1  | slot      release: id  0 | task 10266 | stop processing: n_tokens = 397, truncated = 0
ollama-1  | srv  update_slots: all slots are idle
ollama-1  | [GIN] 2026/10/07 - 10:56:47 | 200 |  7.134064185s |      172.21.0.4 | POST     "/api/generate"
ollama-1  | srv  server_strea: conv_id= (empty=1)
ollama-1  | slot get_availabl: id  0 | task -1 |  - checking sim = 0.714 (329/461) > 0.100
ollama-1  | slot get_availabl: id  0 | task -1 | selected slot by LCP similarity, f_sim_best = 0.714 (> 0.100 thold), f_keep = 0.829
ollama-1  | slot launch_slot_: id  0 | task -1 | sampler chain: logits -> ?penalties -> ?dry -> ?top-n-sigma -> top-k -> ?typical -> top-p -> ?min-p -> ?xtc -> temp-ext -> dist 
ollama-1  | slot launch_slot_: id  0 | task -1 | sampler params: 
ollama-1  | 	repeat_last_n = 64, repeat_penalty = 1.000, frequency_penalty = 0.000, presence_penalty = 0.000
ollama-1  | 	dry_multiplier = 0.000, dry_base = 1.750, dry_allowed_length = 2, dry_penalty_last_n = 64
ollama-1  | 	top_k = 40, top_p = 0.900, min_p = 0.000, xtc_probability = 0.000, xtc_threshold = 0.100, typical_p = 1.000, top_n_sigma = -1.000, temp = 0.000
ollama-1  | 	mirostat = 0, mirostat_lr = 0.100, mirostat_ent = 5.000, adaptive_target = -1.000, adaptive_decay = 0.900
ollama-1  | slot launch_slot_: id  0 | task 10275 | processing task, is_child = 0
ollama-1  | slot   operator(): id  0 | task 10275 | new prompt, n_ctx_slot = 4096, n_keep = 4, task.n_tokens = 461
ollama-1  | slot   operator(): id  0 | task 10275 | cached n_tokens = 329, memory_seq_rm [329, end)
ollama-1  | slot init_sampler: id  0 | task 10275 | init sampler, took 0.05 ms, tokens: text = 461, total = 461
ollama-1  | slot print_timing: id  0 | task 10275 | prompt eval time =     536.13 ms /   132 tokens (    4.06 ms per token,   246.21 tokens per second)
ollama-1  | slot print_timing: id  0 | task 10275 |        eval time =     183.95 ms /     9 tokens (   22.99 ms per token,    43.49 tokens per second)
ollama-1  | slot print_timing: id  0 | task 10275 |       total time =     720.08 ms /   141 tokens
ollama-1  | slot print_timing: id  0 | task 10275 |    graphs reused =       7036
ollama-1  | slot      release: id  0 | task 10275 | stop processing: n_tokens = 469, truncated = 0
ollama-1  | srv  update_slots: all slots are idle
ollama-1  | [GIN] 2026/10/07 - 10:56:48 | 200 |  7.444389989s |      172.21.0.4 | POST     "/api/generate"
ollama-1  | srv  server_strea: conv_id= (empty=1)
ollama-1  | slot get_availabl: id  0 | task -1 |  - checking sim = 0.589 (329/559) > 0.100
ollama-1  | slot get_availabl: id  0 | task -1 | selected slot by LCP similarity, f_sim_best = 0.589 (> 0.100 thold), f_keep = 0.701
ollama-1  | slot launch_slot_: id  0 | task -1 | sampler chain: logits -> ?penalties -> ?dry -> ?top-n-sigma -> top-k -> ?typical -> top-p -> ?min-p -> ?xtc -> temp-ext -> dist 
ollama-1  | slot launch_slot_: id  0 | task -1 | sampler params: 
ollama-1  | 	repeat_last_n = 64, repeat_penalty = 1.000, frequency_penalty = 0.000, presence_penalty = 0.000
ollama-1  | 	dry_multiplier = 0.000, dry_base = 1.750, dry_allowed_length = 2, dry_penalty_last_n = 64
ollama-1  | 	top_k = 40, top_p = 0.900, min_p = 0.000, xtc_probability = 0.000, xtc_threshold = 0.100, typical_p = 1.000, top_n_sigma = -1.000, temp = 0.000
ollama-1  | 	mirostat = 0, mirostat_lr = 0.100, mirostat_ent = 5.000, adaptive_target = -1.000, adaptive_decay = 0.900
ollama-1  | slot launch_slot_: id  0 | task 10285 | processing task, is_child = 0
ollama-1  | slot   operator(): id  0 | task 10285 | new prompt, n_ctx_slot = 4096, n_keep = 4, task.n_tokens = 559
ollama-1  | slot   operator(): id  0 | task 10285 | cached n_tokens = 329, memory_seq_rm [329, end)
ollama-1  | slot init_sampler: id  0 | task 10285 | init sampler, took 0.06 ms, tokens: text = 559, total = 559
ollama-1  | [GIN] 2026/10/07 - 10:56:48 | 200 |      31.592µs |       127.0.0.1 | HEAD     "/"
ollama-1  | [GIN] 2026/10/07 - 10:56:48 | 200 |     1.20773ms |       127.0.0.1 | GET      "/api/tags"
ollama-1  | slot print_timing: id  0 | task 10285 | prompt eval time =     930.55 ms /   230 tokens (    4.05 ms per token,   247.16 tokens per second)
ollama-1  | slot print_timing: id  0 | task 10285 |        eval time =     164.31 ms /     8 tokens (   23.47 ms per token,    42.60 tokens per second)
ollama-1  | slot print_timing: id  0 | task 10285 |       total time =    1094.86 ms /   238 tokens
ollama-1  | slot print_timing: id  0 | task 10285 |    graphs reused =       7042
ollama-1  | slot      release: id  0 | task 10285 | stop processing: n_tokens = 566, truncated = 0
ollama-1  | srv  update_slots: all slots are idle
ollama-1  | [GIN] 2026/10/07 - 10:56:49 | 200 |  7.048697013s |      172.21.0.4 | POST     "/api/generate"
ollama-1  | srv  server_strea: conv_id= (empty=1)
ollama-1  | slot get_availabl: id  0 | task -1 |  - checking sim = 0.565 (328/581) > 0.100
ollama-1  | slot get_availabl: id  0 | task -1 | selected slot by LCP similarity, f_sim_best = 0.565 (> 0.100 thold), f_keep = 0.580
ollama-1  | slot launch_slot_: id  0 | task -1 | sampler chain: logits -> ?penalties -> ?dry -> ?top-n-sigma -> top-k -> ?typical -> top-p -> ?min-p -> ?xtc -> temp-ext -> dist 
ollama-1  | slot launch_slot_: id  0 | task -1 | sampler params: 
ollama-1  | 	repeat_last_n = 64, repeat_penalty = 1.000, frequency_penalty = 0.000, presence_penalty = 0.000
ollama-1  | 	dry_multiplier = 0.000, dry_base = 1.750, dry_allowed_length = 2, dry_penalty_last_n = 64
ollama-1  | 	top_k = 40, top_p = 0.900, min_p = 0.000, xtc_probability = 0.000, xtc_threshold = 0.100, typical_p = 1.000, top_n_sigma = -1.000, temp = 0.000
ollama-1  | 	mirostat = 0, mirostat_lr = 0.100, mirostat_ent = 5.000, adaptive_target = -1.000, adaptive_decay = 0.900
ollama-1  | slot launch_slot_: id  0 | task 10294 | processing task, is_child = 0
ollama-1  | slot   operator(): id  0 | task 10294 | new prompt, n_ctx_slot = 4096, n_keep = 4, task.n_tokens = 581
ollama-1  | slot   operator(): id  0 | task 10294 | cached n_tokens = 328, memory_seq_rm [328, end)
ollama-1  | slot init_sampler: id  0 | task 10294 | init sampler, took 0.09 ms, tokens: text = 581, total = 581
ollama-1  | slot print_timing: id  0 | task 10294 | prompt eval time =    1000.12 ms /   253 tokens (    3.95 ms per token,   252.97 tokens per second)
ollama-1  | slot print_timing: id  0 | task 10294 |        eval time =     199.31 ms /     9 tokens (   24.91 ms per token,    40.14 tokens per second)
ollama-1  | slot print_timing: id  0 | task 10294 |       total time =    1199.43 ms /   262 tokens
ollama-1  | slot print_timing: id  0 | task 10294 |    graphs reused =       7049
ollama-1  | slot      release: id  0 | task 10294 | stop processing: n_tokens = 589, truncated = 0
ollama-1  | srv  update_slots: all slots are idle
ollama-1  | [GIN] 2026/10/07 - 10:56:50 | 200 |  6.981487835s |      172.21.0.4 | POST     "/api/generate"
ollama-1  | srv  server_strea: conv_id= (empty=1)
ollama-1  | slot get_availabl: id  0 | task -1 |  - checking sim = 0.626 (328/524) > 0.100
ollama-1  | slot get_availabl: id  0 | task -1 | selected slot by LCP similarity, f_sim_best = 0.626 (> 0.100 thold), f_keep = 0.557
ollama-1  | slot launch_slot_: id  0 | task -1 | sampler chain: logits -> ?penalties -> ?dry -> ?top-n-sigma -> top-k -> ?typical -> top-p -> ?min-p -> ?xtc -> temp-ext -> dist 
ollama-1  | slot launch_slot_: id  0 | task -1 | sampler params: 
ollama-1  | 	repeat_last_n = 64, repeat_penalty = 1.000, frequency_penalty = 0.000, presence_penalty = 0.000
ollama-1  | 	dry_multiplier = 0.000, dry_base = 1.750, dry_allowed_length = 2, dry_penalty_last_n = 64
ollama-1  | 	top_k = 40, top_p = 0.900, min_p = 0.000, xtc_probability = 0.000, xtc_threshold = 0.100, typical_p = 1.000, top_n_sigma = -1.000, temp = 0.000
ollama-1  | 	mirostat = 0, mirostat_lr = 0.100, mirostat_ent = 5.000, adaptive_target = -1.000, adaptive_decay = 0.900
ollama-1  | slot launch_slot_: id  0 | task 10304 | processing task, is_child = 0
ollama-1  | slot   operator(): id  0 | task 10304 | new prompt, n_ctx_slot = 4096, n_keep = 4, task.n_tokens = 524
ollama-1  | slot   operator(): id  0 | task 10304 | cached n_tokens = 328, memory_seq_rm [328, end)
ollama-1  | slot init_sampler: id  0 | task 10304 | init sampler, took 0.04 ms, tokens: text = 524, total = 524
ollama-1  | slot print_timing: id  0 | task 10304 | prompt eval time =     800.84 ms /   196 tokens (    4.09 ms per token,   244.74 tokens per second)
ollama-1  | slot print_timing: id  0 | task 10304 |        eval time =     209.42 ms /    10 tokens (   23.27 ms per token,    42.98 tokens per second)
ollama-1  | slot print_timing: id  0 | task 10304 |       total time =    1010.26 ms /   206 tokens
ollama-1  | slot print_timing: id  0 | task 10304 |    graphs reused =       7057
ollama-1  | slot      release: id  0 | task 10304 | stop processing: n_tokens = 533, truncated = 0
ollama-1  | srv  update_slots: all slots are idle
ollama-1  | [GIN] 2026/10/07 - 10:56:51 | 200 |  7.801317757s |      172.21.0.4 | POST     "/api/generate"
ollama-1  | srv  server_strea: conv_id= (empty=1)
ollama-1  | slot get_availabl: id  0 | task -1 |  - checking sim = 0.686 (328/478) > 0.100
ollama-1  | slot get_availabl: id  0 | task -1 | selected slot by LCP similarity, f_sim_best = 0.686 (> 0.100 thold), f_keep = 0.615
ollama-1  | slot launch_slot_: id  0 | task -1 | sampler chain: logits -> ?penalties -> ?dry -> ?top-n-sigma -> top-k -> ?typical -> top-p -> ?min-p -> ?xtc -> temp-ext -> dist 
ollama-1  | slot launch_slot_: id  0 | task -1 | sampler params: 
ollama-1  | 	repeat_last_n = 64, repeat_penalty = 1.000, frequency_penalty = 0.000, presence_penalty = 0.000
ollama-1  | 	dry_multiplier = 0.000, dry_base = 1.750, dry_allowed_length = 2, dry_penalty_last_n = 64
ollama-1  | 	top_k = 40, top_p = 0.900, min_p = 0.000, xtc_probability = 0.000, xtc_threshold = 0.100, typical_p = 1.000, top_n_sigma = -1.000, temp = 0.000
ollama-1  | 	mirostat = 0, mirostat_lr = 0.100, mirostat_ent = 5.000, adaptive_target = -1.000, adaptive_decay = 0.900
ollama-1  | slot launch_slot_: id  0 | task 10315 | processing task, is_child = 0
ollama-1  | slot   operator(): id  0 | task 10315 | new prompt, n_ctx_slot = 4096, n_keep = 4, task.n_tokens = 478
ollama-1  | slot   operator(): id  0 | task 10315 | cached n_tokens = 328, memory_seq_rm [328, end)
ollama-1  | slot init_sampler: id  0 | task 10315 | init sampler, took 0.04 ms, tokens: text = 478, total = 478
ollama-1  | slot print_timing: id  0 | task 10315 | prompt eval time =     613.23 ms /   150 tokens (    4.09 ms per token,   244.61 tokens per second)
ollama-1  | slot print_timing: id  0 | task 10315 |        eval time =     197.54 ms /    10 tokens (   21.95 ms per token,    45.56 tokens per second)
ollama-1  | slot print_timing: id  0 | task 10315 |       total time =     810.77 ms /   160 tokens
ollama-1  | slot print_timing: id  0 | task 10315 |    graphs reused =       7065
ollama-1  | slot      release: id  0 | task 10315 | stop processing: n_tokens = 487, truncated = 0
ollama-1  | srv  update_slots: all slots are idle
ollama-1  | [GIN] 2026/10/07 - 10:56:52 | 200 |   6.22073899s |      172.21.0.4 | POST     "/api/generate"
ollama-1  | srv  server_strea: conv_id= (empty=1)
ollama-1  | slot get_availabl: id  0 | task -1 |  - checking sim = 0.859 (328/382) > 0.100
ollama-1  | slot get_availabl: id  0 | task -1 | selected slot by LCP similarity, f_sim_best = 0.859 (> 0.100 thold), f_keep = 0.674
ollama-1  | slot launch_slot_: id  0 | task -1 | sampler chain: logits -> ?penalties -> ?dry -> ?top-n-sigma -> top-k -> ?typical -> top-p -> ?min-p -> ?xtc -> temp-ext -> dist 
ollama-1  | slot launch_slot_: id  0 | task -1 | sampler params: 
ollama-1  | 	repeat_last_n = 64, repeat_penalty = 1.000, frequency_penalty = 0.000, presence_penalty = 0.000
ollama-1  | 	dry_multiplier = 0.000, dry_base = 1.750, dry_allowed_length = 2, dry_penalty_last_n = 64
ollama-1  | 	top_k = 40, top_p = 0.900, min_p = 0.000, xtc_probability = 0.000, xtc_threshold = 0.100, typical_p = 1.000, top_n_sigma = -1.000, temp = 0.000
ollama-1  | 	mirostat = 0, mirostat_lr = 0.100, mirostat_ent = 5.000, adaptive_target = -1.000, adaptive_decay = 0.900
ollama-1  | slot launch_slot_: id  0 | task 10326 | processing task, is_child = 0
ollama-1  | slot   operator(): id  0 | task 10326 | new prompt, n_ctx_slot = 4096, n_keep = 4, task.n_tokens = 382
ollama-1  | slot   operator(): id  0 | task 10326 | cached n_tokens = 328, memory_seq_rm [328, end)
ollama-1  | slot init_sampler: id  0 | task 10326 | init sampler, took 0.03 ms, tokens: text = 382, total = 382
ollama-1  | slot print_timing: id  0 | task 10326 | prompt eval time =     235.21 ms /    54 tokens (    4.36 ms per token,   229.58 tokens per second)
ollama-1  | slot print_timing: id  0 | task 10326 |        eval time =     148.08 ms /     8 tokens (   21.15 ms per token,    47.27 tokens per second)
ollama-1  | slot print_timing: id  0 | task 10326 |       total time =     383.29 ms /    62 tokens
ollama-1  | slot print_timing: id  0 | task 10326 |    graphs reused =       7071
ollama-1  | slot      release: id  0 | task 10326 | stop processing: n_tokens = 389, truncated = 0
ollama-1  | srv  update_slots: all slots are idle
ollama-1  | [GIN] 2026/10/07 - 10:56:52 | 200 |  5.804955364s |      172.21.0.4 | POST     "/api/generate"
ollama-1  | srv  server_strea: conv_id= (empty=1)
ollama-1  | slot get_availabl: id  0 | task -1 |  - checking sim = 0.621 (328/528) > 0.100
ollama-1  | slot get_availabl: id  0 | task -1 | selected slot by LCP similarity, f_sim_best = 0.621 (> 0.100 thold), f_keep = 0.843
ollama-1  | slot launch_slot_: id  0 | task -1 | sampler chain: logits -> ?penalties -> ?dry -> ?top-n-sigma -> top-k -> ?typical -> top-p -> ?min-p -> ?xtc -> temp-ext -> dist 
ollama-1  | slot launch_slot_: id  0 | task -1 | sampler params: 
ollama-1  | 	repeat_last_n = 64, repeat_penalty = 1.000, frequency_penalty = 0.000, presence_penalty = 0.000
ollama-1  | 	dry_multiplier = 0.000, dry_base = 1.750, dry_allowed_length = 2, dry_penalty_last_n = 64
ollama-1  | 	top_k = 40, top_p = 0.900, min_p = 0.000, xtc_probability = 0.000, xtc_threshold = 0.100, typical_p = 1.000, top_n_sigma = -1.000, temp = 0.000
ollama-1  | 	mirostat = 0, mirostat_lr = 0.100, mirostat_ent = 5.000, adaptive_target = -1.000, adaptive_decay = 0.900
ollama-1  | slot launch_slot_: id  0 | task 10335 | processing task, is_child = 0
ollama-1  | slot   operator(): id  0 | task 10335 | new prompt, n_ctx_slot = 4096, n_keep = 4, task.n_tokens = 528
ollama-1  | slot   operator(): id  0 | task 10335 | cached n_tokens = 328, memory_seq_rm [328, end)
ollama-1  | slot init_sampler: id  0 | task 10335 | init sampler, took 0.04 ms, tokens: text = 528, total = 528
ollama-1  | slot print_timing: id  0 | task 10335 | prompt eval time =     800.70 ms /   200 tokens (    4.00 ms per token,   249.78 tokens per second)
ollama-1  | slot print_timing: id  0 | task 10335 |        eval time =     171.94 ms /     9 tokens (   21.49 ms per token,    46.53 tokens per second)
ollama-1  | slot print_timing: id  0 | task 10335 |       total time =     972.64 ms /   209 tokens
ollama-1  | slot print_timing: id  0 | task 10335 |    graphs reused =       7078
ollama-1  | slot      release: id  0 | task 10335 | stop processing: n_tokens = 536, truncated = 0
ollama-1  | srv  update_slots: all slots are idle
ollama-1  | [GIN] 2026/10/07 - 10:56:53 | 200 |  6.096731921s |      172.21.0.4 | POST     "/api/generate"
ollama-1  | srv  server_strea: conv_id= (empty=1)
ollama-1  | slot get_availabl: id  0 | task -1 |  - checking sim = 0.835 (328/393) > 0.100
ollama-1  | slot get_availabl: id  0 | task -1 | selected slot by LCP similarity, f_sim_best = 0.835 (> 0.100 thold), f_keep = 0.612
ollama-1  | slot launch_slot_: id  0 | task -1 | sampler chain: logits -> ?penalties -> ?dry -> ?top-n-sigma -> top-k -> ?typical -> top-p -> ?min-p -> ?xtc -> temp-ext -> dist 
ollama-1  | slot launch_slot_: id  0 | task -1 | sampler params: 
ollama-1  | 	repeat_last_n = 64, repeat_penalty = 1.000, frequency_penalty = 0.000, presence_penalty = 0.000
ollama-1  | 	dry_multiplier = 0.000, dry_base = 1.750, dry_allowed_length = 2, dry_penalty_last_n = 64
ollama-1  | 	top_k = 40, top_p = 0.900, min_p = 0.000, xtc_probability = 0.000, xtc_threshold = 0.100, typical_p = 1.000, top_n_sigma = -1.000, temp = 0.000
ollama-1  | 	mirostat = 0, mirostat_lr = 0.100, mirostat_ent = 5.000, adaptive_target = -1.000, adaptive_decay = 0.900
ollama-1  | slot launch_slot_: id  0 | task 10345 | processing task, is_child = 0
ollama-1  | slot   operator(): id  0 | task 10345 | new prompt, n_ctx_slot = 4096, n_keep = 4, task.n_tokens = 393
ollama-1  | slot   operator(): id  0 | task 10345 | cached n_tokens = 328, memory_seq_rm [328, end)
ollama-1  | slot init_sampler: id  0 | task 10345 | init sampler, took 0.04 ms, tokens: text = 393, total = 393
ollama-1  | slot print_timing: id  0 | task 10345 | prompt eval time =     274.23 ms /    65 tokens (    4.22 ms per token,   237.03 tokens per second)
ollama-1  | slot print_timing: id  0 | task 10345 |        eval time =     148.48 ms /     8 tokens (   21.21 ms per token,    47.15 tokens per second)
ollama-1  | slot print_timing: id  0 | task 10345 |       total time =     422.70 ms /    73 tokens
ollama-1  | slot print_timing: id  0 | task 10345 |    graphs reused =       7084
ollama-1  | slot      release: id  0 | task 10345 | stop processing: n_tokens = 400, truncated = 0
ollama-1  | srv  update_slots: all slots are idle
ollama-1  | [GIN] 2026/10/07 - 10:56:54 | 200 |  4.941383382s |      172.21.0.4 | POST     "/api/generate"
ollama-1  | srv  server_strea: conv_id= (empty=1)
ollama-1  | slot get_availabl: id  0 | task -1 |  - checking sim = 0.412 (328/796) > 0.100
ollama-1  | slot get_availabl: id  0 | task -1 | selected slot by LCP similarity, f_sim_best = 0.412 (> 0.100 thold), f_keep = 0.820
ollama-1  | slot launch_slot_: id  0 | task -1 | sampler chain: logits -> ?penalties -> ?dry -> ?top-n-sigma -> top-k -> ?typical -> top-p -> ?min-p -> ?xtc -> temp-ext -> dist 
ollama-1  | slot launch_slot_: id  0 | task -1 | sampler params: 
ollama-1  | 	repeat_last_n = 64, repeat_penalty = 1.000, frequency_penalty = 0.000, presence_penalty = 0.000
ollama-1  | 	dry_multiplier = 0.000, dry_base = 1.750, dry_allowed_length = 2, dry_penalty_last_n = 64
ollama-1  | 	top_k = 40, top_p = 0.900, min_p = 0.000, xtc_probability = 0.000, xtc_threshold = 0.100, typical_p = 1.000, top_n_sigma = -1.000, temp = 0.000
ollama-1  | 	mirostat = 0, mirostat_lr = 0.100, mirostat_ent = 5.000, adaptive_target = -1.000, adaptive_decay = 0.900
ollama-1  | slot launch_slot_: id  0 | task 10354 | processing task, is_child = 0
ollama-1  | slot   operator(): id  0 | task 10354 | new prompt, n_ctx_slot = 4096, n_keep = 4, task.n_tokens = 796
ollama-1  | slot   operator(): id  0 | task 10354 | cached n_tokens = 328, memory_seq_rm [328, end)
ollama-1  | slot init_sampler: id  0 | task 10354 | init sampler, took 0.06 ms, tokens: text = 796, total = 796
ollama-1  | slot print_timing: id  0 | task 10354 | prompt eval time =    1880.36 ms /   468 tokens (    4.02 ms per token,   248.89 tokens per second)
ollama-1  | slot print_timing: id  0 | task 10354 |        eval time =     219.63 ms /    10 tokens (   24.40 ms per token,    40.98 tokens per second)
ollama-1  | slot print_timing: id  0 | task 10354 |       total time =    2099.98 ms /   478 tokens
ollama-1  | slot print_timing: id  0 | task 10354 |    graphs reused =       7092
ollama-1  | slot      release: id  0 | task 10354 | stop processing: n_tokens = 805, truncated = 0
ollama-1  | srv  update_slots: all slots are idle
ollama-1  | [GIN] 2026/10/07 - 10:56:56 | 200 |    5.8305307s |      172.21.0.4 | POST     "/api/generate"
ollama-1  | srv  server_strea: conv_id= (empty=1)
ollama-1  | slot get_availabl: id  0 | task -1 |  - checking sim = 0.532 (328/617) > 0.100
ollama-1  | slot get_availabl: id  0 | task -1 | selected slot by LCP similarity, f_sim_best = 0.532 (> 0.100 thold), f_keep = 0.407
ollama-1  | srv  get_availabl: updating prompt cache
ollama-1  | srv   prompt_save:  - saving prompt with length 805, total state size = 25.166 MiB (draft: 0.000 MiB)
ollama-1  | srv         alloc:  - prompt is already in the cache, skipping
ollama-1  | srv          load:  - looking for better prompt, base f_keep = 0.407, f_sim = 0.532
ollama-1  | srv          load:    - prompt with length     709, lcp =     328, f_keep = 0.463, f_sim = 0.532
ollama-1  | srv          load:    - prompt with length     700, lcp =     328, f_keep = 0.469, f_sim = 0.532
ollama-1  | srv          load:    - prompt with length     695, lcp =     328, f_keep = 0.472, f_sim = 0.532
ollama-1  | srv          load:    - prompt with length     670, lcp =     328, f_keep = 0.490, f_sim = 0.532
ollama-1  | srv          load:    - prompt with length     730, lcp =     328, f_keep = 0.449, f_sim = 0.532
ollama-1  | srv          load:    - prompt with length     779, lcp =     328, f_keep = 0.421, f_sim = 0.532
ollama-1  | srv          load:    - prompt with length     805, lcp =     328, f_keep = 0.407, f_sim = 0.532
ollama-1  | srv          load:    - prompt with length     696, lcp =     328, f_keep = 0.471, f_sim = 0.532
ollama-1  | srv          load:    - prompt with length     962, lcp =     328, f_keep = 0.341, f_sim = 0.532
ollama-1  | srv          load:    - prompt with length     705, lcp =     328, f_keep = 0.465, f_sim = 0.532
ollama-1  | srv          load:    - prompt with length     722, lcp =     328, f_keep = 0.454, f_sim = 0.532
ollama-1  | srv          load:    - prompt with length     704, lcp =     328, f_keep = 0.466, f_sim = 0.532
ollama-1  | srv          load:    - prompt with length     710, lcp =     328, f_keep = 0.462, f_sim = 0.532
ollama-1  | srv          load:    - prompt with length     752, lcp =     328, f_keep = 0.436, f_sim = 0.532
ollama-1  | srv          load:    - prompt with length     683, lcp =     328, f_keep = 0.480, f_sim = 0.532
ollama-1  | srv          load:    - prompt with length     777, lcp =     328, f_keep = 0.422, f_sim = 0.532
ollama-1  | srv          load:    - prompt with length     773, lcp =     328, f_keep = 0.424, f_sim = 0.532
ollama-1  | srv          load:    - prompt with length     691, lcp =     328, f_keep = 0.475, f_sim = 0.532
ollama-1  | srv          load:    - prompt with length     730, lcp =     328, f_keep = 0.449, f_sim = 0.532
ollama-1  | srv          load:    - prompt with length     798, lcp =     328, f_keep = 0.411, f_sim = 0.532
ollama-1  | srv          load:    - prompt with length     661, lcp =     328, f_keep = 0.496, f_sim = 0.532
ollama-1  | srv          load:    - prompt with length     771, lcp =     328, f_keep = 0.425, f_sim = 0.532
ollama-1  | srv          load:    - prompt with length     684, lcp =     328, f_keep = 0.480, f_sim = 0.532
ollama-1  | srv          load:    - prompt with length     659, lcp =     328, f_keep = 0.498, f_sim = 0.532
ollama-1  | srv          load:    - prompt with length     677, lcp =     328, f_keep = 0.484, f_sim = 0.532
ollama-1  | srv          load:    - prompt with length     740, lcp =     328, f_keep = 0.443, f_sim = 0.532
ollama-1  | srv          load:    - prompt with length     677, lcp =     328, f_keep = 0.484, f_sim = 0.532
ollama-1  | srv          load:    - prompt with length     738, lcp =     328, f_keep = 0.444, f_sim = 0.532
ollama-1  | srv          load:    - prompt with length     738, lcp =     328, f_keep = 0.444, f_sim = 0.532
ollama-1  | srv          load:    - prompt with length     777, lcp =     328, f_keep = 0.422, f_sim = 0.532
ollama-1  | srv        update:  - cache state: 30 prompts, 685.044 MiB (limits: 8192.000 MiB, 4096 tokens, 262043 est)
ollama-1  | srv        update:    - prompt 0x2111c2b0:     709 tokens, checkpoints:  0,    22.165 MiB
ollama-1  | srv        update:    - prompt 0x1d133370:     700 tokens, checkpoints:  0,    21.883 MiB
ollama-1  | srv        update:    - prompt 0x1d12e2c0:     695 tokens, checkpoints:  0,    21.727 MiB
ollama-1  | srv        update:    - prompt 0x1d12d8d0:     670 tokens, checkpoints:  0,    20.946 MiB
ollama-1  | srv        update:    - prompt 0x1d708a50:     730 tokens, checkpoints:  0,    22.821 MiB
ollama-1  | srv        update:    - prompt 0x1d12ae00:     779 tokens, checkpoints:  0,    24.353 MiB
ollama-1  | srv        update:    - prompt 0x1d728d30:     805 tokens, checkpoints:  0,    25.166 MiB
ollama-1  | srv        update:    - prompt 0x2427f580:     696 tokens, checkpoints:  0,    21.758 MiB
ollama-1  | srv        update:    - prompt 0x30e39f50:     962 tokens, checkpoints:  0,    30.074 MiB
ollama-1  | srv        update:    - prompt 0x1e85d3b0:     705 tokens, checkpoints:  0,    22.040 MiB
ollama-1  | srv        update:    - prompt 0x1e7a4ad0:     722 tokens, checkpoints:  0,    22.571 MiB
ollama-1  | srv        update:    - prompt 0x24d036a0:     704 tokens, checkpoints:  0,    22.008 MiB
ollama-1  | srv        update:    - prompt 0x1e75fd60:     710 tokens, checkpoints:  0,    22.196 MiB
ollama-1  | srv        update:    - prompt 0x24367aa0:     752 tokens, checkpoints:  0,    23.509 MiB
ollama-1  | srv        update:    - prompt 0x243c6d30:     683 tokens, checkpoints:  0,    21.352 MiB
ollama-1  | srv        update:    - prompt 0x24273cf0:     777 tokens, checkpoints:  0,    24.291 MiB
ollama-1  | srv        update:    - prompt 0x2a28fe40:     773 tokens, checkpoints:  0,    24.165 MiB
ollama-1  | srv        update:    - prompt 0x242cfd20:     691 tokens, checkpoints:  0,    21.602 MiB
ollama-1  | srv        update:    - prompt 0x1d311810:     730 tokens, checkpoints:  0,    22.821 MiB
ollama-1  | srv        update:    - prompt 0x24d350b0:     798 tokens, checkpoints:  0,    24.947 MiB
ollama-1  | srv        update:    - prompt 0x2437a2b0:     661 tokens, checkpoints:  0,    20.664 MiB
ollama-1  | srv        update:    - prompt 0x2a2a47f0:     771 tokens, checkpoints:  0,    24.103 MiB
ollama-1  | srv        update:    - prompt 0x2443a0e0:     684 tokens, checkpoints:  0,    21.383 MiB
ollama-1  | srv        update:    - prompt 0x1e82e9b0:     659 tokens, checkpoints:  0,    20.602 MiB
ollama-1  | srv        update:    - prompt 0x1d2ee000:     677 tokens, checkpoints:  0,    21.164 MiB
ollama-1  | srv        update:    - prompt 0x2448abc0:     740 tokens, checkpoints:  0,    23.134 MiB
ollama-1  | srv        update:    - prompt 0x1e82e900:     677 tokens, checkpoints:  0,    21.164 MiB
ollama-1  | srv        update:    - prompt 0x24432260:     738 tokens, checkpoints:  0,    23.071 MiB
ollama-1  | srv        update:    - prompt 0x242f5d40:     738 tokens, checkpoints:  0,    23.071 MiB
ollama-1  | srv        update:    - prompt 0x2444bcc0:     777 tokens, checkpoints:  0,    24.291 MiB
ollama-1  | srv  get_availabl: prompt cache update took 0.06 ms
ollama-1  | slot launch_slot_: id  0 | task -1 | sampler chain: logits -> ?penalties -> ?dry -> ?top-n-sigma -> top-k -> ?typical -> top-p -> ?min-p -> ?xtc -> temp-ext -> dist 
ollama-1  | slot launch_slot_: id  0 | task -1 | sampler params: 
ollama-1  | 	repeat_last_n = 64, repeat_penalty = 1.000, frequency_penalty = 0.000, presence_penalty = 0.000
ollama-1  | 	dry_multiplier = 0.000, dry_base = 1.750, dry_allowed_length = 2, dry_penalty_last_n = 64
ollama-1  | 	top_k = 40, top_p = 0.900, min_p = 0.000, xtc_probability = 0.000, xtc_threshold = 0.100, typical_p = 1.000, top_n_sigma = -1.000, temp = 0.000
ollama-1  | 	mirostat = 0, mirostat_lr = 0.100, mirostat_ent = 5.000, adaptive_target = -1.000, adaptive_decay = 0.900
ollama-1  | slot launch_slot_: id  0 | task 10365 | processing task, is_child = 0
ollama-1  | slot   operator(): id  0 | task 10365 | new prompt, n_ctx_slot = 4096, n_keep = 4, task.n_tokens = 617
ollama-1  | slot   operator(): id  0 | task 10365 | cached n_tokens = 328, memory_seq_rm [328, end)
ollama-1  | slot init_sampler: id  0 | task 10365 | init sampler, took 0.05 ms, tokens: text = 617, total = 617
ollama-1  | slot print_timing: id  0 | task 10365 | prompt eval time =    1178.21 ms /   289 tokens (    4.08 ms per token,   245.29 tokens per second)
ollama-1  | slot print_timing: id  0 | task 10365 |        eval time =     179.24 ms /     9 tokens (   22.40 ms per token,    44.63 tokens per second)
ollama-1  | slot print_timing: id  0 | task 10365 |       total time =    1357.45 ms /   298 tokens
ollama-1  | slot print_timing: id  0 | task 10365 |    graphs reused =       7099
ollama-1  | slot      release: id  0 | task 10365 | stop processing: n_tokens = 625, truncated = 0
ollama-1  | srv  update_slots: all slots are idle
ollama-1  | [GIN] 2026/10/07 - 10:56:57 | 200 |  3.369737118s |      172.21.0.4 | POST     "/api/generate"
ollama-1  | srv  server_strea: conv_id= (empty=1)
ollama-1  | slot get_availabl: id  0 | task -1 |  - checking sim = 0.745 (328/440) > 0.100
ollama-1  | slot get_availabl: id  0 | task -1 | selected slot by LCP similarity, f_sim_best = 0.745 (> 0.100 thold), f_keep = 0.525
ollama-1  | slot launch_slot_: id  0 | task -1 | sampler chain: logits -> ?penalties -> ?dry -> ?top-n-sigma -> top-k -> ?typical -> top-p -> ?min-p -> ?xtc -> temp-ext -> dist 
ollama-1  | slot launch_slot_: id  0 | task -1 | sampler params: 
ollama-1  | 	repeat_last_n = 64, repeat_penalty = 1.000, frequency_penalty = 0.000, presence_penalty = 0.000
ollama-1  | 	dry_multiplier = 0.000, dry_base = 1.750, dry_allowed_length = 2, dry_penalty_last_n = 64
ollama-1  | 	top_k = 40, top_p = 0.900, min_p = 0.000, xtc_probability = 0.000, xtc_threshold = 0.100, typical_p = 1.000, top_n_sigma = -1.000, temp = 0.000
ollama-1  | 	mirostat = 0, mirostat_lr = 0.100, mirostat_ent = 5.000, adaptive_target = -1.000, adaptive_decay = 0.900
ollama-1  | slot launch_slot_: id  0 | task 10375 | processing task, is_child = 0
ollama-1  | slot   operator(): id  0 | task 10375 | new prompt, n_ctx_slot = 4096, n_keep = 4, task.n_tokens = 440
ollama-1  | slot   operator(): id  0 | task 10375 | cached n_tokens = 328, memory_seq_rm [328, end)
ollama-1  | slot init_sampler: id  0 | task 10375 | init sampler, took 0.03 ms, tokens: text = 440, total = 440
ollama-1  | slot print_timing: id  0 | task 10375 | prompt eval time =     453.69 ms /   112 tokens (    4.05 ms per token,   246.86 tokens per second)
ollama-1  | slot print_timing: id  0 | task 10375 |        eval time =     173.99 ms /     9 tokens (   21.75 ms per token,    45.98 tokens per second)
ollama-1  | slot print_timing: id  0 | task 10375 |       total time =     627.68 ms /   121 tokens
ollama-1  | slot print_timing: id  0 | task 10375 |    graphs reused =       7106
ollama-1  | slot      release: id  0 | task 10375 | stop processing: n_tokens = 448, truncated = 0
ollama-1  | srv  update_slots: all slots are idle
ollama-1  | [GIN] 2026/10/07 - 10:56:58 | 200 |  2.895072915s |      172.21.0.4 | POST     "/api/generate"
ollama-1  | srv  server_strea: conv_id= (empty=1)
ollama-1  | slot get_availabl: id  0 | task -1 |  - checking sim = 0.557 (328/589) > 0.100
ollama-1  | slot get_availabl: id  0 | task -1 | selected slot by LCP similarity, f_sim_best = 0.557 (> 0.100 thold), f_keep = 0.732
ollama-1  | slot launch_slot_: id  0 | task -1 | sampler chain: logits -> ?penalties -> ?dry -> ?top-n-sigma -> top-k -> ?typical -> top-p -> ?min-p -> ?xtc -> temp-ext -> dist 
ollama-1  | slot launch_slot_: id  0 | task -1 | sampler params: 
ollama-1  | 	repeat_last_n = 64, repeat_penalty = 1.000, frequency_penalty = 0.000, presence_penalty = 0.000
ollama-1  | 	dry_multiplier = 0.000, dry_base = 1.750, dry_allowed_length = 2, dry_penalty_last_n = 64
ollama-1  | 	top_k = 40, top_p = 0.900, min_p = 0.000, xtc_probability = 0.000, xtc_threshold = 0.100, typical_p = 1.000, top_n_sigma = -1.000, temp = 0.000
ollama-1  | 	mirostat = 0, mirostat_lr = 0.100, mirostat_ent = 5.000, adaptive_target = -1.000, adaptive_decay = 0.900
ollama-1  | slot launch_slot_: id  0 | task 10385 | processing task, is_child = 0
ollama-1  | slot   operator(): id  0 | task 10385 | new prompt, n_ctx_slot = 4096, n_keep = 4, task.n_tokens = 589
ollama-1  | slot   operator(): id  0 | task 10385 | cached n_tokens = 328, memory_seq_rm [328, end)
ollama-1  | slot init_sampler: id  0 | task 10385 | init sampler, took 0.07 ms, tokens: text = 589, total = 589
ollama-1  | [GIN] 2026/10/07 - 10:56:58 | 200 |      25.891µs |       127.0.0.1 | HEAD     "/"
ollama-1  | [GIN] 2026/10/07 - 10:56:58 | 200 |    2.625131ms |       127.0.0.1 | GET      "/api/tags"
ollama-1  | slot print_timing: id  0 | task 10385 | prompt eval time =    1054.39 ms /   261 tokens (    4.04 ms per token,   247.54 tokens per second)
ollama-1  | slot print_timing: id  0 | task 10385 |        eval time =     157.60 ms /     8 tokens (   22.51 ms per token,    44.42 tokens per second)
ollama-1  | slot print_timing: id  0 | task 10385 |       total time =    1211.99 ms /   269 tokens
ollama-1  | slot print_timing: id  0 | task 10385 |    graphs reused =       7112
ollama-1  | slot      release: id  0 | task 10385 | stop processing: n_tokens = 596, truncated = 0
ollama-1  | srv  update_slots: all slots are idle
ollama-1  | [GIN] 2026/10/07 - 10:56:59 | 200 |  4.073464171s |      172.21.0.4 | POST     "/api/generate"
ollama-1  | srv  server_strea: conv_id= (empty=1)
ollama-1  | slot get_availabl: id  0 | task -1 |  - checking sim = 0.454 (328/723) > 0.100
ollama-1  | slot get_availabl: id  0 | task -1 | selected slot by LCP similarity, f_sim_best = 0.454 (> 0.100 thold), f_keep = 0.550
ollama-1  | slot launch_slot_: id  0 | task -1 | sampler chain: logits -> ?penalties -> ?dry -> ?top-n-sigma -> top-k -> ?typical -> top-p -> ?min-p -> ?xtc -> temp-ext -> dist 
ollama-1  | slot launch_slot_: id  0 | task -1 | sampler params: 
ollama-1  | 	repeat_last_n = 64, repeat_penalty = 1.000, frequency_penalty = 0.000, presence_penalty = 0.000
ollama-1  | 	dry_multiplier = 0.000, dry_base = 1.750, dry_allowed_length = 2, dry_penalty_last_n = 64
ollama-1  | 	top_k = 40, top_p = 0.900, min_p = 0.000, xtc_probability = 0.000, xtc_threshold = 0.100, typical_p = 1.000, top_n_sigma = -1.000, temp = 0.000
ollama-1  | 	mirostat = 0, mirostat_lr = 0.100, mirostat_ent = 5.000, adaptive_target = -1.000, adaptive_decay = 0.900
ollama-1  | slot launch_slot_: id  0 | task 10394 | processing task, is_child = 0
ollama-1  | slot   operator(): id  0 | task 10394 | new prompt, n_ctx_slot = 4096, n_keep = 4, task.n_tokens = 723
ollama-1  | slot   operator(): id  0 | task 10394 | cached n_tokens = 328, memory_seq_rm [328, end)
ollama-1  | slot init_sampler: id  0 | task 10394 | init sampler, took 0.06 ms, tokens: text = 723, total = 723
ollama-1  | slot print_timing: id  0 | task 10394 | prompt eval time =    1612.15 ms /   395 tokens (    4.08 ms per token,   245.01 tokens per second)
ollama-1  | slot print_timing: id  0 | task 10394 |        eval time =     177.74 ms /     8 tokens (   25.39 ms per token,    39.38 tokens per second)
ollama-1  | slot print_timing: id  0 | task 10394 |       total time =    1789.89 ms /   403 tokens
ollama-1  | slot print_timing: id  0 | task 10394 |    graphs reused =       7118
ollama-1  | slot      release: id  0 | task 10394 | stop processing: n_tokens = 730, truncated = 0
ollama-1  | srv  update_slots: all slots are idle
ollama-1  | [GIN] 2026/10/07 - 10:57:01 | 200 |  5.544029101s |      172.21.0.4 | POST     "/api/generate"
ollama-1  | srv  server_strea: conv_id= (empty=1)
ollama-1  | slot get_availabl: id  0 | task -1 |  - checking sim = 0.631 (328/520) > 0.100
ollama-1  | slot get_availabl: id  0 | task -1 | selected slot by LCP similarity, f_sim_best = 0.631 (> 0.100 thold), f_keep = 0.449
ollama-1  | srv  get_availabl: updating prompt cache
ollama-1  | srv   prompt_save:  - saving prompt with length 730, total state size = 22.821 MiB (draft: 0.000 MiB)
ollama-1  | srv         alloc:  - prompt is already in the cache, skipping
ollama-1  | srv          load:  - looking for better prompt, base f_keep = 0.449, f_sim = 0.631
ollama-1  | srv          load:    - prompt with length     709, lcp =     328, f_keep = 0.463, f_sim = 0.631
ollama-1  | srv          load:    - prompt with length     700, lcp =     328, f_keep = 0.469, f_sim = 0.631
ollama-1  | srv          load:    - prompt with length     695, lcp =     328, f_keep = 0.472, f_sim = 0.631
ollama-1  | srv          load:    - prompt with length     670, lcp =     328, f_keep = 0.490, f_sim = 0.631
ollama-1  | srv          load:    - prompt with length     730, lcp =     328, f_keep = 0.449, f_sim = 0.631
ollama-1  | srv          load:    - prompt with length     779, lcp =     328, f_keep = 0.421, f_sim = 0.631
ollama-1  | srv          load:    - prompt with length     805, lcp =     328, f_keep = 0.407, f_sim = 0.631
ollama-1  | srv          load:    - prompt with length     696, lcp =     328, f_keep = 0.471, f_sim = 0.631
ollama-1  | srv          load:    - prompt with length     962, lcp =     328, f_keep = 0.341, f_sim = 0.631
ollama-1  | srv          load:    - prompt with length     705, lcp =     328, f_keep = 0.465, f_sim = 0.631
ollama-1  | srv          load:    - prompt with length     722, lcp =     328, f_keep = 0.454, f_sim = 0.631
ollama-1  | srv          load:    - prompt with length     704, lcp =     328, f_keep = 0.466, f_sim = 0.631
ollama-1  | srv          load:    - prompt with length     710, lcp =     328, f_keep = 0.462, f_sim = 0.631
ollama-1  | srv          load:    - prompt with length     752, lcp =     328, f_keep = 0.436, f_sim = 0.631
ollama-1  | srv          load:    - prompt with length     683, lcp =     328, f_keep = 0.480, f_sim = 0.631
ollama-1  | srv          load:    - prompt with length     777, lcp =     328, f_keep = 0.422, f_sim = 0.631
ollama-1  | srv          load:    - prompt with length     773, lcp =     328, f_keep = 0.424, f_sim = 0.631
ollama-1  | srv          load:    - prompt with length     691, lcp =     328, f_keep = 0.475, f_sim = 0.631
ollama-1  | srv          load:    - prompt with length     730, lcp =     328, f_keep = 0.449, f_sim = 0.631
ollama-1  | srv          load:    - prompt with length     798, lcp =     328, f_keep = 0.411, f_sim = 0.631
ollama-1  | srv          load:    - prompt with length     661, lcp =     328, f_keep = 0.496, f_sim = 0.631
ollama-1  | srv          load:    - prompt with length     771, lcp =     328, f_keep = 0.425, f_sim = 0.631
ollama-1  | srv          load:    - prompt with length     684, lcp =     328, f_keep = 0.480, f_sim = 0.631
ollama-1  | srv          load:    - prompt with length     659, lcp =     328, f_keep = 0.498, f_sim = 0.631
ollama-1  | srv          load:    - prompt with length     677, lcp =     328, f_keep = 0.484, f_sim = 0.631
ollama-1  | srv          load:    - prompt with length     740, lcp =     328, f_keep = 0.443, f_sim = 0.631
ollama-1  | srv          load:    - prompt with length     677, lcp =     328, f_keep = 0.484, f_sim = 0.631
ollama-1  | srv          load:    - prompt with length     738, lcp =     328, f_keep = 0.444, f_sim = 0.631
ollama-1  | srv          load:    - prompt with length     738, lcp =     328, f_keep = 0.444, f_sim = 0.631
ollama-1  | srv          load:    - prompt with length     777, lcp =     328, f_keep = 0.422, f_sim = 0.631
ollama-1  | srv        update:  - cache state: 30 prompts, 685.044 MiB (limits: 8192.000 MiB, 4096 tokens, 262043 est)
ollama-1  | srv        update:    - prompt 0x2111c2b0:     709 tokens, checkpoints:  0,    22.165 MiB
ollama-1  | srv        update:    - prompt 0x1d133370:     700 tokens, checkpoints:  0,    21.883 MiB
ollama-1  | srv        update:    - prompt 0x1d12e2c0:     695 tokens, checkpoints:  0,    21.727 MiB
ollama-1  | srv        update:    - prompt 0x1d12d8d0:     670 tokens, checkpoints:  0,    20.946 MiB
ollama-1  | srv        update:    - prompt 0x1d708a50:     730 tokens, checkpoints:  0,    22.821 MiB
ollama-1  | srv        update:    - prompt 0x1d12ae00:     779 tokens, checkpoints:  0,    24.353 MiB
ollama-1  | srv        update:    - prompt 0x1d728d30:     805 tokens, checkpoints:  0,    25.166 MiB
ollama-1  | srv        update:    - prompt 0x2427f580:     696 tokens, checkpoints:  0,    21.758 MiB
ollama-1  | srv        update:    - prompt 0x30e39f50:     962 tokens, checkpoints:  0,    30.074 MiB
ollama-1  | srv        update:    - prompt 0x1e85d3b0:     705 tokens, checkpoints:  0,    22.040 MiB
ollama-1  | srv        update:    - prompt 0x1e7a4ad0:     722 tokens, checkpoints:  0,    22.571 MiB
ollama-1  | srv        update:    - prompt 0x24d036a0:     704 tokens, checkpoints:  0,    22.008 MiB
ollama-1  | srv        update:    - prompt 0x1e75fd60:     710 tokens, checkpoints:  0,    22.196 MiB
ollama-1  | srv        update:    - prompt 0x24367aa0:     752 tokens, checkpoints:  0,    23.509 MiB
ollama-1  | srv        update:    - prompt 0x243c6d30:     683 tokens, checkpoints:  0,    21.352 MiB
ollama-1  | srv        update:    - prompt 0x24273cf0:     777 tokens, checkpoints:  0,    24.291 MiB
ollama-1  | srv        update:    - prompt 0x2a28fe40:     773 tokens, checkpoints:  0,    24.165 MiB
ollama-1  | srv        update:    - prompt 0x242cfd20:     691 tokens, checkpoints:  0,    21.602 MiB
ollama-1  | srv        update:    - prompt 0x1d311810:     730 tokens, checkpoints:  0,    22.821 MiB
ollama-1  | srv        update:    - prompt 0x24d350b0:     798 tokens, checkpoints:  0,    24.947 MiB
ollama-1  | srv        update:    - prompt 0x2437a2b0:     661 tokens, checkpoints:  0,    20.664 MiB
ollama-1  | srv        update:    - prompt 0x2a2a47f0:     771 tokens, checkpoints:  0,    24.103 MiB
ollama-1  | srv        update:    - prompt 0x2443a0e0:     684 tokens, checkpoints:  0,    21.383 MiB
ollama-1  | srv        update:    - prompt 0x1e82e9b0:     659 tokens, checkpoints:  0,    20.602 MiB
ollama-1  | srv        update:    - prompt 0x1d2ee000:     677 tokens, checkpoints:  0,    21.164 MiB
ollama-1  | srv        update:    - prompt 0x2448abc0:     740 tokens, checkpoints:  0,    23.134 MiB
ollama-1  | srv        update:    - prompt 0x1e82e900:     677 tokens, checkpoints:  0,    21.164 MiB
ollama-1  | srv        update:    - prompt 0x24432260:     738 tokens, checkpoints:  0,    23.071 MiB
ollama-1  | srv        update:    - prompt 0x242f5d40:     738 tokens, checkpoints:  0,    23.071 MiB
ollama-1  | srv        update:    - prompt 0x2444bcc0:     777 tokens, checkpoints:  0,    24.291 MiB
ollama-1  | srv  get_availabl: prompt cache update took 0.17 ms
ollama-1  | slot launch_slot_: id  0 | task -1 | sampler chain: logits -> ?penalties -> ?dry -> ?top-n-sigma -> top-k -> ?typical -> top-p -> ?min-p -> ?xtc -> temp-ext -> dist 
ollama-1  | slot launch_slot_: id  0 | task -1 | sampler params: 
ollama-1  | 	repeat_last_n = 64, repeat_penalty = 1.000, frequency_penalty = 0.000, presence_penalty = 0.000
ollama-1  | 	dry_multiplier = 0.000, dry_base = 1.750, dry_allowed_length = 2, dry_penalty_last_n = 64
ollama-1  | 	top_k = 40, top_p = 0.900, min_p = 0.000, xtc_probability = 0.000, xtc_threshold = 0.100, typical_p = 1.000, top_n_sigma = -1.000, temp = 0.000
ollama-1  | 	mirostat = 0, mirostat_lr = 0.100, mirostat_ent = 5.000, adaptive_target = -1.000, adaptive_decay = 0.900
ollama-1  | slot launch_slot_: id  0 | task 10403 | processing task, is_child = 0
ollama-1  | slot   operator(): id  0 | task 10403 | new prompt, n_ctx_slot = 4096, n_keep = 4, task.n_tokens = 520
ollama-1  | slot   operator(): id  0 | task 10403 | cached n_tokens = 328, memory_seq_rm [328, end)
ollama-1  | slot init_sampler: id  0 | task 10403 | init sampler, took 0.11 ms, tokens: text = 520, total = 520
ollama-1  | slot print_timing: id  0 | task 10403 | prompt eval time =     784.30 ms /   192 tokens (    4.08 ms per token,   244.80 tokens per second)
ollama-1  | slot print_timing: id  0 | task 10403 |        eval time =     167.88 ms /     8 tokens (   23.98 ms per token,    41.70 tokens per second)
ollama-1  | slot print_timing: id  0 | task 10403 |       total time =     952.19 ms /   200 tokens
ollama-1  | slot print_timing: id  0 | task 10403 |    graphs reused =       7124
ollama-1  | slot      release: id  0 | task 10403 | stop processing: n_tokens = 527, truncated = 0
ollama-1  | srv  update_slots: all slots are idle
ollama-1  | [GIN] 2026/10/07 - 10:57:02 | 200 |  6.116028185s |      172.21.0.4 | POST     "/api/generate"
ollama-1  | srv  server_strea: conv_id= (empty=1)
ollama-1  | slot get_availabl: id  0 | task -1 |  - checking sim = 0.576 (328/569) > 0.100
ollama-1  | slot get_availabl: id  0 | task -1 | selected slot by LCP similarity, f_sim_best = 0.576 (> 0.100 thold), f_keep = 0.622
ollama-1  | slot launch_slot_: id  0 | task -1 | sampler chain: logits -> ?penalties -> ?dry -> ?top-n-sigma -> top-k -> ?typical -> top-p -> ?min-p -> ?xtc -> temp-ext -> dist 
ollama-1  | slot launch_slot_: id  0 | task -1 | sampler params: 
ollama-1  | 	repeat_last_n = 64, repeat_penalty = 1.000, frequency_penalty = 0.000, presence_penalty = 0.000
ollama-1  | 	dry_multiplier = 0.000, dry_base = 1.750, dry_allowed_length = 2, dry_penalty_last_n = 64
ollama-1  | 	top_k = 40, top_p = 0.900, min_p = 0.000, xtc_probability = 0.000, xtc_threshold = 0.100, typical_p = 1.000, top_n_sigma = -1.000, temp = 0.000
ollama-1  | 	mirostat = 0, mirostat_lr = 0.100, mirostat_ent = 5.000, adaptive_target = -1.000, adaptive_decay = 0.900
ollama-1  | slot launch_slot_: id  0 | task 10412 | processing task, is_child = 0
ollama-1  | slot   operator(): id  0 | task 10412 | new prompt, n_ctx_slot = 4096, n_keep = 4, task.n_tokens = 569
ollama-1  | slot   operator(): id  0 | task 10412 | cached n_tokens = 328, memory_seq_rm [328, end)
ollama-1  | slot init_sampler: id  0 | task 10412 | init sampler, took 0.05 ms, tokens: text = 569, total = 569
ollama-1  | slot print_timing: id  0 | task 10412 | prompt eval time =     977.75 ms /   241 tokens (    4.06 ms per token,   246.49 tokens per second)
ollama-1  | slot print_timing: id  0 | task 10412 |        eval time =     179.39 ms /     9 tokens (   22.42 ms per token,    44.60 tokens per second)
ollama-1  | slot print_timing: id  0 | task 10412 |       total time =    1157.14 ms /   250 tokens
ollama-1  | slot print_timing: id  0 | task 10412 |    graphs reused =       7131
ollama-1  | slot      release: id  0 | task 10412 | stop processing: n_tokens = 577, truncated = 0
ollama-1  | srv  update_slots: all slots are idle
ollama-1  | [GIN] 2026/10/07 - 10:57:03 | 200 |  6.373324035s |      172.21.0.4 | POST     "/api/generate"
ollama-1  | srv  server_strea: conv_id= (empty=1)
ollama-1  | slot get_availabl: id  0 | task -1 |  - checking sim = 0.754 (328/435) > 0.100
ollama-1  | slot get_availabl: id  0 | task -1 | selected slot by LCP similarity, f_sim_best = 0.754 (> 0.100 thold), f_keep = 0.568
ollama-1  | slot launch_slot_: id  0 | task -1 | sampler chain: logits -> ?penalties -> ?dry -> ?top-n-sigma -> top-k -> ?typical -> top-p -> ?min-p -> ?xtc -> temp-ext -> dist 
ollama-1  | slot launch_slot_: id  0 | task -1 | sampler params: 
ollama-1  | 	repeat_last_n = 64, repeat_penalty = 1.000, frequency_penalty = 0.000, presence_penalty = 0.000
ollama-1  | 	dry_multiplier = 0.000, dry_base = 1.750, dry_allowed_length = 2, dry_penalty_last_n = 64
ollama-1  | 	top_k = 40, top_p = 0.900, min_p = 0.000, xtc_probability = 0.000, xtc_threshold = 0.100, typical_p = 1.000, top_n_sigma = -1.000, temp = 0.000
ollama-1  | 	mirostat = 0, mirostat_lr = 0.100, mirostat_ent = 5.000, adaptive_target = -1.000, adaptive_decay = 0.900
ollama-1  | slot launch_slot_: id  0 | task 10422 | processing task, is_child = 0
ollama-1  | slot   operator(): id  0 | task 10422 | new prompt, n_ctx_slot = 4096, n_keep = 4, task.n_tokens = 435
ollama-1  | slot   operator(): id  0 | task 10422 | cached n_tokens = 328, memory_seq_rm [328, end)
ollama-1  | slot init_sampler: id  0 | task 10422 | init sampler, took 0.05 ms, tokens: text = 435, total = 435
ollama-1  | slot print_timing: id  0 | task 10422 | prompt eval time =     443.78 ms /   107 tokens (    4.15 ms per token,   241.11 tokens per second)
ollama-1  | slot print_timing: id  0 | task 10422 |        eval time =     177.07 ms /     9 tokens (   22.13 ms per token,    45.18 tokens per second)
ollama-1  | slot print_timing: id  0 | task 10422 |       total time =     620.85 ms /   116 tokens
ollama-1  | slot print_timing: id  0 | task 10422 |    graphs reused =       7138
ollama-1  | slot      release: id  0 | task 10422 | stop processing: n_tokens = 443, truncated = 0
ollama-1  | srv  update_slots: all slots are idle
ollama-1  | [GIN] 2026/10/07 - 10:57:03 | 200 |  6.738318559s |      172.21.0.4 | POST     "/api/generate"
ollama-1  | srv  server_strea: conv_id= (empty=1)
ollama-1  | slot get_availabl: id  0 | task -1 |  - checking sim = 0.586 (328/560) > 0.100
ollama-1  | slot get_availabl: id  0 | task -1 | selected slot by LCP similarity, f_sim_best = 0.586 (> 0.100 thold), f_keep = 0.740
ollama-1  | slot launch_slot_: id  0 | task -1 | sampler chain: logits -> ?penalties -> ?dry -> ?top-n-sigma -> top-k -> ?typical -> top-p -> ?min-p -> ?xtc -> temp-ext -> dist 
ollama-1  | slot launch_slot_: id  0 | task -1 | sampler params: 
ollama-1  | 	repeat_last_n = 64, repeat_penalty = 1.000, frequency_penalty = 0.000, presence_penalty = 0.000
ollama-1  | 	dry_multiplier = 0.000, dry_base = 1.750, dry_allowed_length = 2, dry_penalty_last_n = 64
ollama-1  | 	top_k = 40, top_p = 0.900, min_p = 0.000, xtc_probability = 0.000, xtc_threshold = 0.100, typical_p = 1.000, top_n_sigma = -1.000, temp = 0.000
ollama-1  | 	mirostat = 0, mirostat_lr = 0.100, mirostat_ent = 5.000, adaptive_target = -1.000, adaptive_decay = 0.900
ollama-1  | slot launch_slot_: id  0 | task 10432 | processing task, is_child = 0
ollama-1  | slot   operator(): id  0 | task 10432 | new prompt, n_ctx_slot = 4096, n_keep = 4, task.n_tokens = 560
ollama-1  | slot   operator(): id  0 | task 10432 | cached n_tokens = 328, memory_seq_rm [328, end)
ollama-1  | slot init_sampler: id  0 | task 10432 | init sampler, took 0.06 ms, tokens: text = 560, total = 560
ollama-1  | slot print_timing: id  0 | task 10432 | prompt eval time =     947.94 ms /   232 tokens (    4.09 ms per token,   244.74 tokens per second)
ollama-1  | slot print_timing: id  0 | task 10432 |        eval time =     173.98 ms /     9 tokens (   21.75 ms per token,    45.98 tokens per second)
ollama-1  | slot print_timing: id  0 | task 10432 |       total time =    1121.91 ms /   241 tokens
ollama-1  | slot print_timing: id  0 | task 10432 |    graphs reused =       7145
ollama-1  | slot      release: id  0 | task 10432 | stop processing: n_tokens = 568, truncated = 0
ollama-1  | srv  update_slots: all slots are idle
ollama-1  | [GIN] 2026/10/07 - 10:57:05 | 200 |  7.334746643s |      172.21.0.4 | POST     "/api/generate"
ollama-1  | srv  server_strea: conv_id= (empty=1)
ollama-1  | slot get_availabl: id  0 | task -1 |  - checking sim = 0.564 (328/582) > 0.100
ollama-1  | slot get_availabl: id  0 | task -1 | selected slot by LCP similarity, f_sim_best = 0.564 (> 0.100 thold), f_keep = 0.577
ollama-1  | slot launch_slot_: id  0 | task -1 | sampler chain: logits -> ?penalties -> ?dry -> ?top-n-sigma -> top-k -> ?typical -> top-p -> ?min-p -> ?xtc -> temp-ext -> dist 
ollama-1  | slot launch_slot_: id  0 | task -1 | sampler params: 
ollama-1  | 	repeat_last_n = 64, repeat_penalty = 1.000, frequency_penalty = 0.000, presence_penalty = 0.000
ollama-1  | 	dry_multiplier = 0.000, dry_base = 1.750, dry_allowed_length = 2, dry_penalty_last_n = 64
ollama-1  | 	top_k = 40, top_p = 0.900, min_p = 0.000, xtc_probability = 0.000, xtc_threshold = 0.100, typical_p = 1.000, top_n_sigma = -1.000, temp = 0.000
ollama-1  | 	mirostat = 0, mirostat_lr = 0.100, mirostat_ent = 5.000, adaptive_target = -1.000, adaptive_decay = 0.900
ollama-1  | slot launch_slot_: id  0 | task 10442 | processing task, is_child = 0
ollama-1  | slot   operator(): id  0 | task 10442 | new prompt, n_ctx_slot = 4096, n_keep = 4, task.n_tokens = 582
ollama-1  | slot   operator(): id  0 | task 10442 | cached n_tokens = 328, memory_seq_rm [328, end)
ollama-1  | slot init_sampler: id  0 | task 10442 | init sampler, took 0.05 ms, tokens: text = 582, total = 582
ollama-1  | slot print_timing: id  0 | task 10442 | prompt eval time =    1030.47 ms /   254 tokens (    4.06 ms per token,   246.49 tokens per second)
ollama-1  | slot print_timing: id  0 | task 10442 |        eval time =     181.16 ms /     9 tokens (   22.65 ms per token,    44.16 tokens per second)
ollama-1  | slot print_timing: id  0 | task 10442 |       total time =    1211.64 ms /   263 tokens
ollama-1  | slot print_timing: id  0 | task 10442 |    graphs reused =       7152
ollama-1  | slot      release: id  0 | task 10442 | stop processing: n_tokens = 590, truncated = 0
ollama-1  | srv  update_slots: all slots are idle
ollama-1  | [GIN] 2026/10/07 - 10:57:06 | 200 |  7.048339569s |      172.21.0.4 | POST     "/api/generate"
ollama-1  | srv  server_strea: conv_id= (empty=1)
ollama-1  | slot get_availabl: id  0 | task -1 |  - checking sim = 0.476 (328/689) > 0.100
ollama-1  | slot get_availabl: id  0 | task -1 | selected slot by LCP similarity, f_sim_best = 0.476 (> 0.100 thold), f_keep = 0.556
ollama-1  | slot launch_slot_: id  0 | task -1 | sampler chain: logits -> ?penalties -> ?dry -> ?top-n-sigma -> top-k -> ?typical -> top-p -> ?min-p -> ?xtc -> temp-ext -> dist 
ollama-1  | slot launch_slot_: id  0 | task -1 | sampler params: 
ollama-1  | 	repeat_last_n = 64, repeat_penalty = 1.000, frequency_penalty = 0.000, presence_penalty = 0.000
ollama-1  | 	dry_multiplier = 0.000, dry_base = 1.750, dry_allowed_length = 2, dry_penalty_last_n = 64
ollama-1  | 	top_k = 40, top_p = 0.900, min_p = 0.000, xtc_probability = 0.000, xtc_threshold = 0.100, typical_p = 1.000, top_n_sigma = -1.000, temp = 0.000
ollama-1  | 	mirostat = 0, mirostat_lr = 0.100, mirostat_ent = 5.000, adaptive_target = -1.000, adaptive_decay = 0.900
ollama-1  | slot launch_slot_: id  0 | task 10452 | processing task, is_child = 0
ollama-1  | slot   operator(): id  0 | task 10452 | new prompt, n_ctx_slot = 4096, n_keep = 4, task.n_tokens = 689
ollama-1  | slot   operator(): id  0 | task 10452 | cached n_tokens = 328, memory_seq_rm [328, end)
ollama-1  | slot init_sampler: id  0 | task 10452 | init sampler, took 0.05 ms, tokens: text = 689, total = 689
ollama-1  | slot print_timing: id  0 | task 10452 | prompt eval time =    1474.18 ms /   361 tokens (    4.08 ms per token,   244.88 tokens per second)
ollama-1  | slot print_timing: id  0 | task 10452 |        eval time =     155.97 ms /     8 tokens (   22.28 ms per token,    44.88 tokens per second)
ollama-1  | slot print_timing: id  0 | task 10452 |       total time =    1630.14 ms /   369 tokens
ollama-1  | slot print_timing: id  0 | task 10452 |    graphs reused =       7158
ollama-1  | slot      release: id  0 | task 10452 | stop processing: n_tokens = 696, truncated = 0
ollama-1  | srv  update_slots: all slots are idle
ollama-1  | [GIN] 2026/10/07 - 10:57:07 | 200 |  7.100574428s |      172.21.0.4 | POST     "/api/generate"
ollama-1  | srv  server_strea: conv_id= (empty=1)
ollama-1  | slot get_availabl: id  0 | task -1 |  - checking sim = 0.565 (328/581) > 0.100
ollama-1  | slot get_availabl: id  0 | task -1 | selected slot by LCP similarity, f_sim_best = 0.565 (> 0.100 thold), f_keep = 0.471
ollama-1  | srv  get_availabl: updating prompt cache
ollama-1  | srv   prompt_save:  - saving prompt with length 696, total state size = 21.758 MiB (draft: 0.000 MiB)
ollama-1  | srv         alloc:  - prompt is already in the cache, skipping
ollama-1  | srv          load:  - looking for better prompt, base f_keep = 0.471, f_sim = 0.565
ollama-1  | srv          load:    - prompt with length     709, lcp =     328, f_keep = 0.463, f_sim = 0.565
ollama-1  | srv          load:    - prompt with length     700, lcp =     328, f_keep = 0.469, f_sim = 0.565
ollama-1  | srv          load:    - prompt with length     695, lcp =     328, f_keep = 0.472, f_sim = 0.565
ollama-1  | srv          load:    - prompt with length     670, lcp =     328, f_keep = 0.490, f_sim = 0.565
ollama-1  | srv          load:    - prompt with length     730, lcp =     328, f_keep = 0.449, f_sim = 0.565
ollama-1  | srv          load:    - prompt with length     779, lcp =     328, f_keep = 0.421, f_sim = 0.565
ollama-1  | srv          load:    - prompt with length     805, lcp =     328, f_keep = 0.407, f_sim = 0.565
ollama-1  | srv          load:    - prompt with length     696, lcp =     328, f_keep = 0.471, f_sim = 0.565
ollama-1  | srv          load:    - prompt with length     962, lcp =     328, f_keep = 0.341, f_sim = 0.565
ollama-1  | srv          load:    - prompt with length     705, lcp =     328, f_keep = 0.465, f_sim = 0.565
ollama-1  | srv          load:    - prompt with length     722, lcp =     328, f_keep = 0.454, f_sim = 0.565
ollama-1  | srv          load:    - prompt with length     704, lcp =     328, f_keep = 0.466, f_sim = 0.565
ollama-1  | srv          load:    - prompt with length     710, lcp =     328, f_keep = 0.462, f_sim = 0.565
ollama-1  | srv          load:    - prompt with length     752, lcp =     328, f_keep = 0.436, f_sim = 0.565
ollama-1  | srv          load:    - prompt with length     683, lcp =     328, f_keep = 0.480, f_sim = 0.565
ollama-1  | srv          load:    - prompt with length     777, lcp =     328, f_keep = 0.422, f_sim = 0.565
ollama-1  | srv          load:    - prompt with length     773, lcp =     329, f_keep = 0.426, f_sim = 0.566
ollama-1  | srv          load:    - prompt with length     691, lcp =     329, f_keep = 0.476, f_sim = 0.566
ollama-1  | srv          load:    - prompt with length     730, lcp =     329, f_keep = 0.451, f_sim = 0.566
ollama-1  | srv          load:    - prompt with length     798, lcp =     329, f_keep = 0.412, f_sim = 0.566
ollama-1  | srv          load:    - prompt with length     661, lcp =     328, f_keep = 0.496, f_sim = 0.565
ollama-1  | srv          load:    - prompt with length     771, lcp =     328, f_keep = 0.425, f_sim = 0.565
ollama-1  | srv          load:    - prompt with length     684, lcp =     329, f_keep = 0.481, f_sim = 0.566
ollama-1  | srv          load:    - prompt with length     659, lcp =     329, f_keep = 0.499, f_sim = 0.566
ollama-1  | srv          load:    - prompt with length     677, lcp =     329, f_keep = 0.486, f_sim = 0.566
ollama-1  | srv          load:    - prompt with length     740, lcp =     328, f_keep = 0.443, f_sim = 0.565
ollama-1  | srv          load:    - prompt with length     677, lcp =     329, f_keep = 0.486, f_sim = 0.566
ollama-1  | srv          load:    - prompt with length     738, lcp =     329, f_keep = 0.446, f_sim = 0.566
ollama-1  | srv          load:    - prompt with length     738, lcp =     328, f_keep = 0.444, f_sim = 0.565
ollama-1  | srv          load:    - prompt with length     777, lcp =     329, f_keep = 0.423, f_sim = 0.566
ollama-1  | srv          load:  - found better prompt with f_keep = 0.476, f_sim = 0.566
ollama-1  | srv        update:  - cache state: 29 prompts, 663.442 MiB (limits: 8192.000 MiB, 4096 tokens, 262043 est)
ollama-1  | srv        update:    - prompt 0x2111c2b0:     709 tokens, checkpoints:  0,    22.165 MiB
ollama-1  | srv        update:    - prompt 0x1d133370:     700 tokens, checkpoints:  0,    21.883 MiB
ollama-1  | srv        update:    - prompt 0x1d12e2c0:     695 tokens, checkpoints:  0,    21.727 MiB
ollama-1  | srv        update:    - prompt 0x1d12d8d0:     670 tokens, checkpoints:  0,    20.946 MiB
ollama-1  | srv        update:    - prompt 0x1d708a50:     730 tokens, checkpoints:  0,    22.821 MiB
ollama-1  | srv        update:    - prompt 0x1d12ae00:     779 tokens, checkpoints:  0,    24.353 MiB
ollama-1  | srv        update:    - prompt 0x1d728d30:     805 tokens, checkpoints:  0,    25.166 MiB
ollama-1  | srv        update:    - prompt 0x2427f580:     696 tokens, checkpoints:  0,    21.758 MiB
ollama-1  | srv        update:    - prompt 0x30e39f50:     962 tokens, checkpoints:  0,    30.074 MiB
ollama-1  | srv        update:    - prompt 0x1e85d3b0:     705 tokens, checkpoints:  0,    22.040 MiB
ollama-1  | srv        update:    - prompt 0x1e7a4ad0:     722 tokens, checkpoints:  0,    22.571 MiB
ollama-1  | srv        update:    - prompt 0x24d036a0:     704 tokens, checkpoints:  0,    22.008 MiB
ollama-1  | srv        update:    - prompt 0x1e75fd60:     710 tokens, checkpoints:  0,    22.196 MiB
ollama-1  | srv        update:    - prompt 0x24367aa0:     752 tokens, checkpoints:  0,    23.509 MiB
ollama-1  | srv        update:    - prompt 0x243c6d30:     683 tokens, checkpoints:  0,    21.352 MiB
ollama-1  | srv        update:    - prompt 0x24273cf0:     777 tokens, checkpoints:  0,    24.291 MiB
ollama-1  | srv        update:    - prompt 0x2a28fe40:     773 tokens, checkpoints:  0,    24.165 MiB
ollama-1  | srv        update:    - prompt 0x1d311810:     730 tokens, checkpoints:  0,    22.821 MiB
ollama-1  | srv        update:    - prompt 0x24d350b0:     798 tokens, checkpoints:  0,    24.947 MiB
ollama-1  | srv        update:    - prompt 0x2437a2b0:     661 tokens, checkpoints:  0,    20.664 MiB
ollama-1  | srv        update:    - prompt 0x2a2a47f0:     771 tokens, checkpoints:  0,    24.103 MiB
ollama-1  | srv        update:    - prompt 0x2443a0e0:     684 tokens, checkpoints:  0,    21.383 MiB
ollama-1  | srv        update:    - prompt 0x1e82e9b0:     659 tokens, checkpoints:  0,    20.602 MiB
ollama-1  | srv        update:    - prompt 0x1d2ee000:     677 tokens, checkpoints:  0,    21.164 MiB
ollama-1  | srv        update:    - prompt 0x2448abc0:     740 tokens, checkpoints:  0,    23.134 MiB
ollama-1  | srv        update:    - prompt 0x1e82e900:     677 tokens, checkpoints:  0,    21.164 MiB
ollama-1  | srv        update:    - prompt 0x24432260:     738 tokens, checkpoints:  0,    23.071 MiB
ollama-1  | srv        update:    - prompt 0x242f5d40:     738 tokens, checkpoints:  0,    23.071 MiB
ollama-1  | srv        update:    - prompt 0x2444bcc0:     777 tokens, checkpoints:  0,    24.291 MiB
ollama-1  | srv  get_availabl: prompt cache update took 5.92 ms
ollama-1  | slot launch_slot_: id  0 | task -1 | sampler chain: logits -> ?penalties -> ?dry -> ?top-n-sigma -> top-k -> ?typical -> top-p -> ?min-p -> ?xtc -> temp-ext -> dist 
ollama-1  | slot launch_slot_: id  0 | task -1 | sampler params: 
ollama-1  | 	repeat_last_n = 64, repeat_penalty = 1.000, frequency_penalty = 0.000, presence_penalty = 0.000
ollama-1  | 	dry_multiplier = 0.000, dry_base = 1.750, dry_allowed_length = 2, dry_penalty_last_n = 64
ollama-1  | 	top_k = 40, top_p = 0.900, min_p = 0.000, xtc_probability = 0.000, xtc_threshold = 0.100, typical_p = 1.000, top_n_sigma = -1.000, temp = 0.000
ollama-1  | 	mirostat = 0, mirostat_lr = 0.100, mirostat_ent = 5.000, adaptive_target = -1.000, adaptive_decay = 0.900
ollama-1  | slot launch_slot_: id  0 | task 10461 | processing task, is_child = 0
ollama-1  | slot   operator(): id  0 | task 10461 | new prompt, n_ctx_slot = 4096, n_keep = 4, task.n_tokens = 581
ollama-1  | slot   operator(): id  0 | task 10461 | cached n_tokens = 329, memory_seq_rm [329, end)
ollama-1  | slot init_sampler: id  0 | task 10461 | init sampler, took 0.05 ms, tokens: text = 581, total = 581
ollama-1  | [GIN] 2026/10/07 - 10:57:08 | 200 |       19.28µs |       127.0.0.1 | HEAD     "/"
ollama-1  | [GIN] 2026/10/07 - 10:57:08 | 200 |    1.073439ms |       127.0.0.1 | GET      "/api/tags"
ollama-1  | slot print_timing: id  0 | task 10461 | prompt eval time =    1022.90 ms /   252 tokens (    4.06 ms per token,   246.36 tokens per second)
ollama-1  | slot print_timing: id  0 | task 10461 |        eval time =     161.59 ms /     8 tokens (   23.08 ms per token,    43.32 tokens per second)
ollama-1  | slot print_timing: id  0 | task 10461 |       total time =    1184.49 ms /   260 tokens
ollama-1  | slot print_timing: id  0 | task 10461 |    graphs reused =       7164
ollama-1  | slot      release: id  0 | task 10461 | stop processing: n_tokens = 588, truncated = 0
ollama-1  | srv  update_slots: all slots are idle
ollama-1  | [GIN] 2026/10/07 - 10:57:09 | 200 |  8.097759764s |      172.21.0.4 | POST     "/api/generate"
ollama-1  | srv  server_strea: conv_id= (empty=1)
ollama-1  | slot get_availabl: id  0 | task -1 |  - checking sim = 0.567 (328/578) > 0.100
ollama-1  | slot get_availabl: id  0 | task -1 | selected slot by LCP similarity, f_sim_best = 0.567 (> 0.100 thold), f_keep = 0.558
ollama-1  | slot launch_slot_: id  0 | task -1 | sampler chain: logits -> ?penalties -> ?dry -> ?top-n-sigma -> top-k -> ?typical -> top-p -> ?min-p -> ?xtc -> temp-ext -> dist 
ollama-1  | slot launch_slot_: id  0 | task -1 | sampler params: 
ollama-1  | 	repeat_last_n = 64, repeat_penalty = 1.000, frequency_penalty = 0.000, presence_penalty = 0.000
ollama-1  | 	dry_multiplier = 0.000, dry_base = 1.750, dry_allowed_length = 2, dry_penalty_last_n = 64
ollama-1  | 	top_k = 40, top_p = 0.900, min_p = 0.000, xtc_probability = 0.000, xtc_threshold = 0.100, typical_p = 1.000, top_n_sigma = -1.000, temp = 0.000
ollama-1  | 	mirostat = 0, mirostat_lr = 0.100, mirostat_ent = 5.000, adaptive_target = -1.000, adaptive_decay = 0.900
ollama-1  | slot launch_slot_: id  0 | task 10470 | processing task, is_child = 0
ollama-1  | slot   operator(): id  0 | task 10470 | new prompt, n_ctx_slot = 4096, n_keep = 4, task.n_tokens = 578
ollama-1  | slot   operator(): id  0 | task 10470 | cached n_tokens = 328, memory_seq_rm [328, end)
ollama-1  | slot init_sampler: id  0 | task 10470 | init sampler, took 0.07 ms, tokens: text = 578, total = 578
ollama-1  | slot print_timing: id  0 | task 10470 | prompt eval time =    1012.85 ms /   250 tokens (    4.05 ms per token,   246.83 tokens per second)
ollama-1  | slot print_timing: id  0 | task 10470 |        eval time =     173.68 ms /     9 tokens (   21.71 ms per token,    46.06 tokens per second)
ollama-1  | slot print_timing: id  0 | task 10470 |       total time =    1186.53 ms /   259 tokens
ollama-1  | slot print_timing: id  0 | task 10470 |    graphs reused =       7171
ollama-1  | slot      release: id  0 | task 10470 | stop processing: n_tokens = 586, truncated = 0
ollama-1  | srv  update_slots: all slots are idle
ollama-1  | [GIN] 2026/10/07 - 10:57:10 | 200 |  9.282303692s |      172.21.0.4 | POST     "/api/generate"
ollama-1  | srv  server_strea: conv_id= (empty=1)
ollama-1  | slot get_availabl: id  0 | task -1 |  - checking sim = 0.474 (328/692) > 0.100
ollama-1  | slot get_availabl: id  0 | task -1 | selected slot by LCP similarity, f_sim_best = 0.474 (> 0.100 thold), f_keep = 0.560
ollama-1  | slot launch_slot_: id  0 | task -1 | sampler chain: logits -> ?penalties -> ?dry -> ?top-n-sigma -> top-k -> ?typical -> top-p -> ?min-p -> ?xtc -> temp-ext -> dist 
ollama-1  | slot launch_slot_: id  0 | task -1 | sampler params: 
ollama-1  | 	repeat_last_n = 64, repeat_penalty = 1.000, frequency_penalty = 0.000, presence_penalty = 0.000
ollama-1  | 	dry_multiplier = 0.000, dry_base = 1.750, dry_allowed_length = 2, dry_penalty_last_n = 64
ollama-1  | 	top_k = 40, top_p = 0.900, min_p = 0.000, xtc_probability = 0.000, xtc_threshold = 0.100, typical_p = 1.000, top_n_sigma = -1.000, temp = 0.000
ollama-1  | 	mirostat = 0, mirostat_lr = 0.100, mirostat_ent = 5.000, adaptive_target = -1.000, adaptive_decay = 0.900
ollama-1  | slot launch_slot_: id  0 | task 10480 | processing task, is_child = 0
ollama-1  | slot   operator(): id  0 | task 10480 | new prompt, n_ctx_slot = 4096, n_keep = 4, task.n_tokens = 692
ollama-1  | slot   operator(): id  0 | task 10480 | cached n_tokens = 328, memory_seq_rm [328, end)
ollama-1  | slot init_sampler: id  0 | task 10480 | init sampler, took 0.07 ms, tokens: text = 692, total = 692
ollama-1  | slot print_timing: id  0 | task 10480 | prompt eval time =    1453.18 ms /   364 tokens (    3.99 ms per token,   250.49 tokens per second)
ollama-1  | slot print_timing: id  0 | task 10480 |        eval time =     153.22 ms /     8 tokens (   21.89 ms per token,    45.69 tokens per second)
ollama-1  | slot print_timing: id  0 | task 10480 |       total time =    1606.40 ms /   372 tokens
ollama-1  | slot print_timing: id  0 | task 10480 |    graphs reused =       7177
ollama-1  | slot      release: id  0 | task 10480 | stop processing: n_tokens = 699, truncated = 0
ollama-1  | srv  update_slots: all slots are idle
ollama-1  | [GIN] 2026/10/07 - 10:57:11 | 200 | 10.530672166s |      172.21.0.4 | POST     "/api/generate"
ollama-1  | srv  server_strea: conv_id= (empty=1)
ollama-1  | slot get_availabl: id  0 | task -1 |  - checking sim = 0.726 (328/452) > 0.100
ollama-1  | slot get_availabl: id  0 | task -1 | selected slot by LCP similarity, f_sim_best = 0.726 (> 0.100 thold), f_keep = 0.469
ollama-1  | srv  get_availabl: updating prompt cache
ollama-1  | srv   prompt_save:  - saving prompt with length 699, total state size = 21.852 MiB (draft: 0.000 MiB)
ollama-1  | srv          load:  - looking for better prompt, base f_keep = 0.469, f_sim = 0.726
ollama-1  | srv          load:    - prompt with length     709, lcp =     328, f_keep = 0.463, f_sim = 0.726
ollama-1  | srv          load:    - prompt with length     700, lcp =     328, f_keep = 0.469, f_sim = 0.726
ollama-1  | srv          load:    - prompt with length     695, lcp =     328, f_keep = 0.472, f_sim = 0.726
ollama-1  | srv          load:    - prompt with length     670, lcp =     328, f_keep = 0.490, f_sim = 0.726
ollama-1  | srv          load:    - prompt with length     730, lcp =     328, f_keep = 0.449, f_sim = 0.726
ollama-1  | srv          load:    - prompt with length     779, lcp =     328, f_keep = 0.421, f_sim = 0.726
ollama-1  | srv          load:    - prompt with length     805, lcp =     328, f_keep = 0.407, f_sim = 0.726
ollama-1  | srv          load:    - prompt with length     696, lcp =     328, f_keep = 0.471, f_sim = 0.726
ollama-1  | srv          load:    - prompt with length     962, lcp =     328, f_keep = 0.341, f_sim = 0.726
ollama-1  | srv          load:    - prompt with length     705, lcp =     328, f_keep = 0.465, f_sim = 0.726
ollama-1  | srv          load:    - prompt with length     722, lcp =     328, f_keep = 0.454, f_sim = 0.726
ollama-1  | srv          load:    - prompt with length     704, lcp =     328, f_keep = 0.466, f_sim = 0.726
ollama-1  | srv          load:    - prompt with length     710, lcp =     328, f_keep = 0.462, f_sim = 0.726
ollama-1  | srv          load:    - prompt with length     752, lcp =     328, f_keep = 0.436, f_sim = 0.726
ollama-1  | srv          load:    - prompt with length     683, lcp =     328, f_keep = 0.480, f_sim = 0.726
ollama-1  | srv          load:    - prompt with length     777, lcp =     328, f_keep = 0.422, f_sim = 0.726
ollama-1  | srv          load:    - prompt with length     773, lcp =     328, f_keep = 0.424, f_sim = 0.726
ollama-1  | srv          load:    - prompt with length     730, lcp =     328, f_keep = 0.449, f_sim = 0.726
ollama-1  | srv          load:    - prompt with length     798, lcp =     328, f_keep = 0.411, f_sim = 0.726
ollama-1  | srv          load:    - prompt with length     661, lcp =     328, f_keep = 0.496, f_sim = 0.726
ollama-1  | srv          load:    - prompt with length     771, lcp =     328, f_keep = 0.425, f_sim = 0.726
ollama-1  | srv          load:    - prompt with length     684, lcp =     328, f_keep = 0.480, f_sim = 0.726
ollama-1  | srv          load:    - prompt with length     659, lcp =     328, f_keep = 0.498, f_sim = 0.726
ollama-1  | srv          load:    - prompt with length     677, lcp =     328, f_keep = 0.484, f_sim = 0.726
ollama-1  | srv          load:    - prompt with length     740, lcp =     328, f_keep = 0.443, f_sim = 0.726
ollama-1  | srv          load:    - prompt with length     677, lcp =     328, f_keep = 0.484, f_sim = 0.726
ollama-1  | srv          load:    - prompt with length     738, lcp =     328, f_keep = 0.444, f_sim = 0.726
ollama-1  | srv          load:    - prompt with length     738, lcp =     328, f_keep = 0.444, f_sim = 0.726
ollama-1  | srv          load:    - prompt with length     777, lcp =     328, f_keep = 0.422, f_sim = 0.726
ollama-1  | srv          load:    - prompt with length     699, lcp =     328, f_keep = 0.469, f_sim = 0.726
ollama-1  | srv        update:  - cache state: 30 prompts, 685.294 MiB (limits: 8192.000 MiB, 4096 tokens, 262043 est)
ollama-1  | srv        update:    - prompt 0x2111c2b0:     709 tokens, checkpoints:  0,    22.165 MiB
ollama-1  | srv        update:    - prompt 0x1d133370:     700 tokens, checkpoints:  0,    21.883 MiB
ollama-1  | srv        update:    - prompt 0x1d12e2c0:     695 tokens, checkpoints:  0,    21.727 MiB
ollama-1  | srv        update:    - prompt 0x1d12d8d0:     670 tokens, checkpoints:  0,    20.946 MiB
ollama-1  | srv        update:    - prompt 0x1d708a50:     730 tokens, checkpoints:  0,    22.821 MiB
ollama-1  | srv        update:    - prompt 0x1d12ae00:     779 tokens, checkpoints:  0,    24.353 MiB
ollama-1  | srv        update:    - prompt 0x1d728d30:     805 tokens, checkpoints:  0,    25.166 MiB
ollama-1  | srv        update:    - prompt 0x2427f580:     696 tokens, checkpoints:  0,    21.758 MiB
ollama-1  | srv        update:    - prompt 0x30e39f50:     962 tokens, checkpoints:  0,    30.074 MiB
ollama-1  | srv        update:    - prompt 0x1e85d3b0:     705 tokens, checkpoints:  0,    22.040 MiB
ollama-1  | srv        update:    - prompt 0x1e7a4ad0:     722 tokens, checkpoints:  0,    22.571 MiB
ollama-1  | srv        update:    - prompt 0x24d036a0:     704 tokens, checkpoints:  0,    22.008 MiB
ollama-1  | srv        update:    - prompt 0x1e75fd60:     710 tokens, checkpoints:  0,    22.196 MiB
ollama-1  | srv        update:    - prompt 0x24367aa0:     752 tokens, checkpoints:  0,    23.509 MiB
ollama-1  | srv        update:    - prompt 0x243c6d30:     683 tokens, checkpoints:  0,    21.352 MiB
ollama-1  | srv        update:    - prompt 0x24273cf0:     777 tokens, checkpoints:  0,    24.291 MiB
ollama-1  | srv        update:    - prompt 0x2a28fe40:     773 tokens, checkpoints:  0,    24.165 MiB
ollama-1  | srv        update:    - prompt 0x1d311810:     730 tokens, checkpoints:  0,    22.821 MiB
ollama-1  | srv        update:    - prompt 0x24d350b0:     798 tokens, checkpoints:  0,    24.947 MiB
ollama-1  | srv        update:    - prompt 0x2437a2b0:     661 tokens, checkpoints:  0,    20.664 MiB
ollama-1  | srv        update:    - prompt 0x2a2a47f0:     771 tokens, checkpoints:  0,    24.103 MiB
ollama-1  | srv        update:    - prompt 0x2443a0e0:     684 tokens, checkpoints:  0,    21.383 MiB
ollama-1  | srv        update:    - prompt 0x1e82e9b0:     659 tokens, checkpoints:  0,    20.602 MiB
ollama-1  | srv        update:    - prompt 0x1d2ee000:     677 tokens, checkpoints:  0,    21.164 MiB
ollama-1  | srv        update:    - prompt 0x2448abc0:     740 tokens, checkpoints:  0,    23.134 MiB
ollama-1  | srv        update:    - prompt 0x1e82e900:     677 tokens, checkpoints:  0,    21.164 MiB
ollama-1  | srv        update:    - prompt 0x24432260:     738 tokens, checkpoints:  0,    23.071 MiB
ollama-1  | srv        update:    - prompt 0x242f5d40:     738 tokens, checkpoints:  0,    23.071 MiB
ollama-1  | srv        update:    - prompt 0x2444bcc0:     777 tokens, checkpoints:  0,    24.291 MiB
ollama-1  | srv        update:    - prompt 0x1e8593f0:     699 tokens, checkpoints:  0,    21.852 MiB
ollama-1  | srv  get_availabl: prompt cache update took 9.64 ms
ollama-1  | slot launch_slot_: id  0 | task -1 | sampler chain: logits -> ?penalties -> ?dry -> ?top-n-sigma -> top-k -> ?typical -> top-p -> ?min-p -> ?xtc -> temp-ext -> dist 
ollama-1  | slot launch_slot_: id  0 | task -1 | sampler params: 
ollama-1  | 	repeat_last_n = 64, repeat_penalty = 1.000, frequency_penalty = 0.000, presence_penalty = 0.000
ollama-1  | 	dry_multiplier = 0.000, dry_base = 1.750, dry_allowed_length = 2, dry_penalty_last_n = 64
ollama-1  | 	top_k = 40, top_p = 0.900, min_p = 0.000, xtc_probability = 0.000, xtc_threshold = 0.100, typical_p = 1.000, top_n_sigma = -1.000, temp = 0.000
ollama-1  | 	mirostat = 0, mirostat_lr = 0.100, mirostat_ent = 5.000, adaptive_target = -1.000, adaptive_decay = 0.900
ollama-1  | slot launch_slot_: id  0 | task 10489 | processing task, is_child = 0
ollama-1  | slot   operator(): id  0 | task 10489 | new prompt, n_ctx_slot = 4096, n_keep = 4, task.n_tokens = 452
ollama-1  | slot   operator(): id  0 | task 10489 | cached n_tokens = 328, memory_seq_rm [328, end)
ollama-1  | slot init_sampler: id  0 | task 10489 | init sampler, took 0.04 ms, tokens: text = 452, total = 452
ollama-1  | slot print_timing: id  0 | task 10489 | prompt eval time =     485.88 ms /   124 tokens (    3.92 ms per token,   255.21 tokens per second)
ollama-1  | slot print_timing: id  0 | task 10489 |        eval time =     203.17 ms /    10 tokens (   22.57 ms per token,    44.30 tokens per second)
ollama-1  | slot print_timing: id  0 | task 10489 |       total time =     689.04 ms /   134 tokens
ollama-1  | slot print_timing: id  0 | task 10489 |    graphs reused =       7185
ollama-1  | slot      release: id  0 | task 10489 | stop processing: n_tokens = 461, truncated = 0
ollama-1  | srv  update_slots: all slots are idle
ollama-1  | [GIN] 2026/10/07 - 10:57:12 | 200 | 11.209063438s |      172.21.0.4 | POST     "/api/generate"
ollama-1  | srv  server_strea: conv_id= (empty=1)
ollama-1  | slot get_availabl: id  0 | task -1 |  - checking sim = 0.604 (328/543) > 0.100
ollama-1  | slot get_availabl: id  0 | task -1 | selected slot by LCP similarity, f_sim_best = 0.604 (> 0.100 thold), f_keep = 0.711
ollama-1  | slot launch_slot_: id  0 | task -1 | sampler chain: logits -> ?penalties -> ?dry -> ?top-n-sigma -> top-k -> ?typical -> top-p -> ?min-p -> ?xtc -> temp-ext -> dist 
ollama-1  | slot launch_slot_: id  0 | task -1 | sampler params: 
ollama-1  | 	repeat_last_n = 64, repeat_penalty = 1.000, frequency_penalty = 0.000, presence_penalty = 0.000
ollama-1  | 	dry_multiplier = 0.000, dry_base = 1.750, dry_allowed_length = 2, dry_penalty_last_n = 64
ollama-1  | 	top_k = 40, top_p = 0.900, min_p = 0.000, xtc_probability = 0.000, xtc_threshold = 0.100, typical_p = 1.000, top_n_sigma = -1.000, temp = 0.000
ollama-1  | 	mirostat = 0, mirostat_lr = 0.100, mirostat_ent = 5.000, adaptive_target = -1.000, adaptive_decay = 0.900
ollama-1  | slot launch_slot_: id  0 | task 10500 | processing task, is_child = 0
ollama-1  | slot   operator(): id  0 | task 10500 | new prompt, n_ctx_slot = 4096, n_keep = 4, task.n_tokens = 543
ollama-1  | slot   operator(): id  0 | task 10500 | cached n_tokens = 328, memory_seq_rm [328, end)
ollama-1  | slot init_sampler: id  0 | task 10500 | init sampler, took 0.04 ms, tokens: text = 543, total = 543
ollama-1  | slot print_timing: id  0 | task 10500 | prompt eval time =     826.59 ms /   215 tokens (    3.84 ms per token,   260.10 tokens per second)
ollama-1  | slot print_timing: id  0 | task 10500 |        eval time =     167.78 ms /     9 tokens (   20.97 ms per token,    47.68 tokens per second)
ollama-1  | slot print_timing: id  0 | task 10500 |       total time =     994.38 ms /   224 tokens
ollama-1  | slot print_timing: id  0 | task 10500 |    graphs reused =       7192
ollama-1  | slot      release: id  0 | task 10500 | stop processing: n_tokens = 551, truncated = 0
ollama-1  | srv  update_slots: all slots are idle
ollama-1  | [GIN] 2026/10/07 - 10:57:13 | 200 | 11.275436432s |      172.21.0.4 | POST     "/api/generate"
ollama-1  | srv  server_strea: conv_id= (empty=1)
ollama-1  | slot get_availabl: id  0 | task -1 |  - checking sim = 0.715 (328/459) > 0.100
ollama-1  | slot get_availabl: id  0 | task -1 | selected slot by LCP similarity, f_sim_best = 0.715 (> 0.100 thold), f_keep = 0.595
ollama-1  | slot launch_slot_: id  0 | task -1 | sampler chain: logits -> ?penalties -> ?dry -> ?top-n-sigma -> top-k -> ?typical -> top-p -> ?min-p -> ?xtc -> temp-ext -> dist 
ollama-1  | slot launch_slot_: id  0 | task -1 | sampler params: 
ollama-1  | 	repeat_last_n = 64, repeat_penalty = 1.000, frequency_penalty = 0.000, presence_penalty = 0.000
ollama-1  | 	dry_multiplier = 0.000, dry_base = 1.750, dry_allowed_length = 2, dry_penalty_last_n = 64
ollama-1  | 	top_k = 40, top_p = 0.900, min_p = 0.000, xtc_probability = 0.000, xtc_threshold = 0.100, typical_p = 1.000, top_n_sigma = -1.000, temp = 0.000
ollama-1  | 	mirostat = 0, mirostat_lr = 0.100, mirostat_ent = 5.000, adaptive_target = -1.000, adaptive_decay = 0.900
ollama-1  | slot launch_slot_: id  0 | task 10510 | processing task, is_child = 0
ollama-1  | slot   operator(): id  0 | task 10510 | new prompt, n_ctx_slot = 4096, n_keep = 4, task.n_tokens = 459
ollama-1  | slot   operator(): id  0 | task 10510 | cached n_tokens = 328, memory_seq_rm [328, end)
ollama-1  | slot init_sampler: id  0 | task 10510 | init sampler, took 0.07 ms, tokens: text = 459, total = 459
ollama-1  | slot print_timing: id  0 | task 10510 | prompt eval time =     529.26 ms /   131 tokens (    4.04 ms per token,   247.51 tokens per second)
ollama-1  | slot print_timing: id  0 | task 10510 |        eval time =     168.40 ms /     9 tokens (   21.05 ms per token,    47.51 tokens per second)
ollama-1  | slot print_timing: id  0 | task 10510 |       total time =     697.66 ms /   140 tokens
ollama-1  | slot print_timing: id  0 | task 10510 |    graphs reused =       7199
ollama-1  | slot      release: id  0 | task 10510 | stop processing: n_tokens = 467, truncated = 0
ollama-1  | srv  update_slots: all slots are idle
ollama-1  | [GIN] 2026/10/07 - 10:57:14 | 200 | 11.241415248s |      172.21.0.4 | POST     "/api/generate"
ollama-1  | srv  server_strea: conv_id= (empty=1)
ollama-1  | slot get_availabl: id  0 | task -1 |  - checking sim = 0.452 (328/725) > 0.100
ollama-1  | slot get_availabl: id  0 | task -1 | selected slot by LCP similarity, f_sim_best = 0.452 (> 0.100 thold), f_keep = 0.702
ollama-1  | slot launch_slot_: id  0 | task -1 | sampler chain: logits -> ?penalties -> ?dry -> ?top-n-sigma -> top-k -> ?typical -> top-p -> ?min-p -> ?xtc -> temp-ext -> dist 
ollama-1  | slot launch_slot_: id  0 | task -1 | sampler params: 
ollama-1  | 	repeat_last_n = 64, repeat_penalty = 1.000, frequency_penalty = 0.000, presence_penalty = 0.000
ollama-1  | 	dry_multiplier = 0.000, dry_base = 1.750, dry_allowed_length = 2, dry_penalty_last_n = 64
ollama-1  | 	top_k = 40, top_p = 0.900, min_p = 0.000, xtc_probability = 0.000, xtc_threshold = 0.100, typical_p = 1.000, top_n_sigma = -1.000, temp = 0.000
ollama-1  | 	mirostat = 0, mirostat_lr = 0.100, mirostat_ent = 5.000, adaptive_target = -1.000, adaptive_decay = 0.900
ollama-1  | slot launch_slot_: id  0 | task 10520 | processing task, is_child = 0
ollama-1  | slot   operator(): id  0 | task 10520 | new prompt, n_ctx_slot = 4096, n_keep = 4, task.n_tokens = 725
ollama-1  | slot   operator(): id  0 | task 10520 | cached n_tokens = 328, memory_seq_rm [328, end)
ollama-1  | slot init_sampler: id  0 | task 10520 | init sampler, took 0.08 ms, tokens: text = 725, total = 725
ollama-1  | slot print_timing: id  0 | task 10520 | prompt eval time =    1609.19 ms /   397 tokens (    4.05 ms per token,   246.71 tokens per second)
ollama-1  | slot print_timing: id  0 | task 10520 |        eval time =     184.94 ms /     9 tokens (   23.12 ms per token,    43.26 tokens per second)
ollama-1  | slot print_timing: id  0 | task 10520 |       total time =    1794.12 ms /   406 tokens
ollama-1  | slot print_timing: id  0 | task 10520 |    graphs reused =       7206
ollama-1  | slot      release: id  0 | task 10520 | stop processing: n_tokens = 733, truncated = 0
ollama-1  | srv  update_slots: all slots are idle
ollama-1  | [GIN] 2026/10/07 - 10:57:15 | 200 | 12.989040202s |      172.21.0.4 | POST     "/api/generate"
ollama-1  | srv  server_strea: conv_id= (empty=1)
ollama-1  | slot get_availabl: id  0 | task -1 |  - checking sim = 0.415 (328/790) > 0.100
ollama-1  | slot get_availabl: id  0 | task -1 | selected slot by LCP similarity, f_sim_best = 0.415 (> 0.100 thold), f_keep = 0.447
ollama-1  | srv  get_availabl: updating prompt cache
ollama-1  | srv   prompt_save:  - saving prompt with length 733, total state size = 22.915 MiB (draft: 0.000 MiB)
ollama-1  | srv          load:  - looking for better prompt, base f_keep = 0.447, f_sim = 0.415
ollama-1  | srv          load:    - prompt with length     709, lcp =     328, f_keep = 0.463, f_sim = 0.415
ollama-1  | srv          load:    - prompt with length     700, lcp =     328, f_keep = 0.469, f_sim = 0.415
ollama-1  | srv          load:    - prompt with length     695, lcp =     328, f_keep = 0.472, f_sim = 0.415
ollama-1  | srv          load:    - prompt with length     670, lcp =     328, f_keep = 0.490, f_sim = 0.415
ollama-1  | srv          load:    - prompt with length     730, lcp =     328, f_keep = 0.449, f_sim = 0.415
ollama-1  | srv          load:    - prompt with length     779, lcp =     328, f_keep = 0.421, f_sim = 0.415
ollama-1  | srv          load:    - prompt with length     805, lcp =     328, f_keep = 0.407, f_sim = 0.415
ollama-1  | srv          load:    - prompt with length     696, lcp =     328, f_keep = 0.471, f_sim = 0.415
ollama-1  | srv          load:    - prompt with length     962, lcp =     328, f_keep = 0.341, f_sim = 0.415
ollama-1  | srv          load:    - prompt with length     705, lcp =     328, f_keep = 0.465, f_sim = 0.415
ollama-1  | srv          load:    - prompt with length     722, lcp =     328, f_keep = 0.454, f_sim = 0.415
ollama-1  | srv          load:    - prompt with length     704, lcp =     328, f_keep = 0.466, f_sim = 0.415
ollama-1  | srv          load:    - prompt with length     710, lcp =     328, f_keep = 0.462, f_sim = 0.415
ollama-1  | srv          load:    - prompt with length     752, lcp =     328, f_keep = 0.436, f_sim = 0.415
ollama-1  | srv          load:    - prompt with length     683, lcp =     328, f_keep = 0.480, f_sim = 0.415
ollama-1  | srv          load:    - prompt with length     777, lcp =     328, f_keep = 0.422, f_sim = 0.415
ollama-1  | srv          load:    - prompt with length     773, lcp =     329, f_keep = 0.426, f_sim = 0.416
ollama-1  | srv          load:    - prompt with length     730, lcp =     329, f_keep = 0.451, f_sim = 0.416
ollama-1  | srv          load:    - prompt with length     798, lcp =     790, f_keep = 0.990, f_sim = 1.000
ollama-1  | srv          load:    - prompt with length     661, lcp =     328, f_keep = 0.496, f_sim = 0.415
ollama-1  | srv          load:    - prompt with length     771, lcp =     328, f_keep = 0.425, f_sim = 0.415
ollama-1  | srv          load:    - prompt with length     684, lcp =     329, f_keep = 0.481, f_sim = 0.416
ollama-1  | srv          load:    - prompt with length     659, lcp =     329, f_keep = 0.499, f_sim = 0.416
ollama-1  | srv          load:    - prompt with length     677, lcp =     329, f_keep = 0.486, f_sim = 0.416
ollama-1  | srv          load:    - prompt with length     740, lcp =     328, f_keep = 0.443, f_sim = 0.415
ollama-1  | srv          load:    - prompt with length     677, lcp =     329, f_keep = 0.486, f_sim = 0.416
ollama-1  | srv          load:    - prompt with length     738, lcp =     329, f_keep = 0.446, f_sim = 0.416
ollama-1  | srv          load:    - prompt with length     738, lcp =     328, f_keep = 0.444, f_sim = 0.415
ollama-1  | srv          load:    - prompt with length     777, lcp =     329, f_keep = 0.423, f_sim = 0.416
ollama-1  | srv          load:    - prompt with length     699, lcp =     329, f_keep = 0.471, f_sim = 0.416
ollama-1  | srv          load:    - prompt with length     733, lcp =     328, f_keep = 0.447, f_sim = 0.415
ollama-1  | srv          load:  - found better prompt with f_keep = 0.990, f_sim = 1.000
ollama-1  | srv        update:  - cache state: 30 prompts, 683.262 MiB (limits: 8192.000 MiB, 4096 tokens, 262043 est)
ollama-1  | srv        update:    - prompt 0x2111c2b0:     709 tokens, checkpoints:  0,    22.165 MiB
ollama-1  | srv        update:    - prompt 0x1d133370:     700 tokens, checkpoints:  0,    21.883 MiB
ollama-1  | srv        update:    - prompt 0x1d12e2c0:     695 tokens, checkpoints:  0,    21.727 MiB
ollama-1  | srv        update:    - prompt 0x1d12d8d0:     670 tokens, checkpoints:  0,    20.946 MiB
ollama-1  | srv        update:    - prompt 0x1d708a50:     730 tokens, checkpoints:  0,    22.821 MiB
ollama-1  | srv        update:    - prompt 0x1d12ae00:     779 tokens, checkpoints:  0,    24.353 MiB
ollama-1  | srv        update:    - prompt 0x1d728d30:     805 tokens, checkpoints:  0,    25.166 MiB
ollama-1  | srv        update:    - prompt 0x2427f580:     696 tokens, checkpoints:  0,    21.758 MiB
ollama-1  | srv        update:    - prompt 0x30e39f50:     962 tokens, checkpoints:  0,    30.074 MiB
ollama-1  | srv        update:    - prompt 0x1e85d3b0:     705 tokens, checkpoints:  0,    22.040 MiB
ollama-1  | srv        update:    - prompt 0x1e7a4ad0:     722 tokens, checkpoints:  0,    22.571 MiB
ollama-1  | srv        update:    - prompt 0x24d036a0:     704 tokens, checkpoints:  0,    22.008 MiB
ollama-1  | srv        update:    - prompt 0x1e75fd60:     710 tokens, checkpoints:  0,    22.196 MiB
ollama-1  | srv        update:    - prompt 0x24367aa0:     752 tokens, checkpoints:  0,    23.509 MiB
ollama-1  | srv        update:    - prompt 0x243c6d30:     683 tokens, checkpoints:  0,    21.352 MiB
ollama-1  | srv        update:    - prompt 0x24273cf0:     777 tokens, checkpoints:  0,    24.291 MiB
ollama-1  | srv        update:    - prompt 0x2a28fe40:     773 tokens, checkpoints:  0,    24.165 MiB
ollama-1  | srv        update:    - prompt 0x1d311810:     730 tokens, checkpoints:  0,    22.821 MiB
ollama-1  | srv        update:    - prompt 0x2437a2b0:     661 tokens, checkpoints:  0,    20.664 MiB
ollama-1  | srv        update:    - prompt 0x2a2a47f0:     771 tokens, checkpoints:  0,    24.103 MiB
ollama-1  | srv        update:    - prompt 0x2443a0e0:     684 tokens, checkpoints:  0,    21.383 MiB
ollama-1  | srv        update:    - prompt 0x1e82e9b0:     659 tokens, checkpoints:  0,    20.602 MiB
ollama-1  | srv        update:    - prompt 0x1d2ee000:     677 tokens, checkpoints:  0,    21.164 MiB
ollama-1  | srv        update:    - prompt 0x2448abc0:     740 tokens, checkpoints:  0,    23.134 MiB
ollama-1  | srv        update:    - prompt 0x1e82e900:     677 tokens, checkpoints:  0,    21.164 MiB
ollama-1  | srv        update:    - prompt 0x24432260:     738 tokens, checkpoints:  0,    23.071 MiB
ollama-1  | srv        update:    - prompt 0x242f5d40:     738 tokens, checkpoints:  0,    23.071 MiB
ollama-1  | srv        update:    - prompt 0x2444bcc0:     777 tokens, checkpoints:  0,    24.291 MiB
ollama-1  | srv        update:    - prompt 0x1e8593f0:     699 tokens, checkpoints:  0,    21.852 MiB
ollama-1  | srv        update:    - prompt 0x24917360:     733 tokens, checkpoints:  0,    22.915 MiB
ollama-1  | srv  get_availabl: prompt cache update took 14.54 ms
ollama-1  | slot launch_slot_: id  0 | task -1 | sampler chain: logits -> ?penalties -> ?dry -> ?top-n-sigma -> top-k -> ?typical -> top-p -> ?min-p -> ?xtc -> temp-ext -> dist 
ollama-1  | slot launch_slot_: id  0 | task -1 | sampler params: 
ollama-1  | 	repeat_last_n = 64, repeat_penalty = 1.000, frequency_penalty = 0.000, presence_penalty = 0.000
ollama-1  | 	dry_multiplier = 0.000, dry_base = 1.750, dry_allowed_length = 2, dry_penalty_last_n = 64
ollama-1  | 	top_k = 40, top_p = 0.900, min_p = 0.000, xtc_probability = 0.000, xtc_threshold = 0.100, typical_p = 1.000, top_n_sigma = -1.000, temp = 0.000
ollama-1  | 	mirostat = 0, mirostat_lr = 0.100, mirostat_ent = 5.000, adaptive_target = -1.000, adaptive_decay = 0.900
ollama-1  | slot launch_slot_: id  0 | task 10530 | processing task, is_child = 0
ollama-1  | slot   operator(): id  0 | task 10530 | new prompt, n_ctx_slot = 4096, n_keep = 4, task.n_tokens = 790
ollama-1  | slot   operator(): id  0 | task 10530 | need to evaluate at least 1 token for each active slot (n_past = 790, task.n_tokens() = 790)
ollama-1  | slot   operator(): id  0 | task 10530 | n_past was set to 789
ollama-1  | slot   operator(): id  0 | task 10530 | cached n_tokens = 789, memory_seq_rm [789, end)
ollama-1  | slot init_sampler: id  0 | task 10530 | init sampler, took 0.06 ms, tokens: text = 790, total = 790
ollama-1  | slot print_timing: id  0 | task 10530 | prompt eval time =      24.14 ms /     1 tokens (   24.14 ms per token,    41.43 tokens per second)
ollama-1  | slot print_timing: id  0 | task 10530 |        eval time =     186.66 ms /     9 tokens (   23.33 ms per token,    42.86 tokens per second)
ollama-1  | slot print_timing: id  0 | task 10530 |       total time =     210.80 ms /    10 tokens
ollama-1  | slot print_timing: id  0 | task 10530 |    graphs reused =       7214
ollama-1  | slot      release: id  0 | task 10530 | stop processing: n_tokens = 798, truncated = 0
ollama-1  | srv  update_slots: all slots are idle
ollama-1  | [GIN] 2026/10/07 - 10:57:16 | 200 | 12.952705234s |      172.21.0.4 | POST     "/api/generate"
ollama-1  | srv  server_strea: conv_id= (empty=1)
ollama-1  | slot get_availabl: id  0 | task -1 |  - checking sim = 0.826 (328/397) > 0.100
ollama-1  | slot get_availabl: id  0 | task -1 | selected slot by LCP similarity, f_sim_best = 0.826 (> 0.100 thold), f_keep = 0.411
ollama-1  | srv  get_availabl: updating prompt cache
ollama-1  | srv   prompt_save:  - saving prompt with length 798, total state size = 24.947 MiB (draft: 0.000 MiB)
ollama-1  | srv          load:  - looking for better prompt, base f_keep = 0.411, f_sim = 0.826
ollama-1  | srv          load:    - prompt with length     709, lcp =     328, f_keep = 0.463, f_sim = 0.826
ollama-1  | srv          load:    - prompt with length     700, lcp =     328, f_keep = 0.469, f_sim = 0.826
ollama-1  | srv          load:    - prompt with length     695, lcp =     328, f_keep = 0.472, f_sim = 0.826
ollama-1  | srv          load:    - prompt with length     670, lcp =     328, f_keep = 0.490, f_sim = 0.826
ollama-1  | srv          load:    - prompt with length     730, lcp =     328, f_keep = 0.449, f_sim = 0.826
ollama-1  | srv          load:    - prompt with length     779, lcp =     328, f_keep = 0.421, f_sim = 0.826
ollama-1  | srv          load:    - prompt with length     805, lcp =     328, f_keep = 0.407, f_sim = 0.826
ollama-1  | srv          load:    - prompt with length     696, lcp =     328, f_keep = 0.471, f_sim = 0.826
ollama-1  | srv          load:    - prompt with length     962, lcp =     328, f_keep = 0.341, f_sim = 0.826
ollama-1  | srv          load:    - prompt with length     705, lcp =     328, f_keep = 0.465, f_sim = 0.826
ollama-1  | srv          load:    - prompt with length     722, lcp =     328, f_keep = 0.454, f_sim = 0.826
ollama-1  | srv          load:    - prompt with length     704, lcp =     328, f_keep = 0.466, f_sim = 0.826
ollama-1  | srv          load:    - prompt with length     710, lcp =     328, f_keep = 0.462, f_sim = 0.826
ollama-1  | srv          load:    - prompt with length     752, lcp =     328, f_keep = 0.436, f_sim = 0.826
ollama-1  | srv          load:    - prompt with length     683, lcp =     328, f_keep = 0.480, f_sim = 0.826
ollama-1  | srv          load:    - prompt with length     777, lcp =     328, f_keep = 0.422, f_sim = 0.826
ollama-1  | srv          load:    - prompt with length     773, lcp =     328, f_keep = 0.424, f_sim = 0.826
ollama-1  | srv          load:    - prompt with length     730, lcp =     328, f_keep = 0.449, f_sim = 0.826
ollama-1  | srv          load:    - prompt with length     661, lcp =     328, f_keep = 0.496, f_sim = 0.826
ollama-1  | srv          load:    - prompt with length     771, lcp =     328, f_keep = 0.425, f_sim = 0.826
ollama-1  | srv          load:    - prompt with length     684, lcp =     328, f_keep = 0.480, f_sim = 0.826
ollama-1  | srv          load:    - prompt with length     659, lcp =     328, f_keep = 0.498, f_sim = 0.826
ollama-1  | srv          load:    - prompt with length     677, lcp =     328, f_keep = 0.484, f_sim = 0.826
ollama-1  | srv          load:    - prompt with length     740, lcp =     328, f_keep = 0.443, f_sim = 0.826
ollama-1  | srv          load:    - prompt with length     677, lcp =     328, f_keep = 0.484, f_sim = 0.826
ollama-1  | srv          load:    - prompt with length     738, lcp =     328, f_keep = 0.444, f_sim = 0.826
ollama-1  | srv          load:    - prompt with length     738, lcp =     328, f_keep = 0.444, f_sim = 0.826
ollama-1  | srv          load:    - prompt with length     777, lcp =     328, f_keep = 0.422, f_sim = 0.826
ollama-1  | srv          load:    - prompt with length     699, lcp =     328, f_keep = 0.469, f_sim = 0.826
ollama-1  | srv          load:    - prompt with length     733, lcp =     328, f_keep = 0.447, f_sim = 0.826
ollama-1  | srv          load:    - prompt with length     798, lcp =     328, f_keep = 0.411, f_sim = 0.826
ollama-1  | srv        update:  - cache state: 31 prompts, 708.209 MiB (limits: 8192.000 MiB, 4096 tokens, 262043 est)
ollama-1  | srv        update:    - prompt 0x2111c2b0:     709 tokens, checkpoints:  0,    22.165 MiB
ollama-1  | srv        update:    - prompt 0x1d133370:     700 tokens, checkpoints:  0,    21.883 MiB
ollama-1  | srv        update:    - prompt 0x1d12e2c0:     695 tokens, checkpoints:  0,    21.727 MiB
ollama-1  | srv        update:    - prompt 0x1d12d8d0:     670 tokens, checkpoints:  0,    20.946 MiB
ollama-1  | srv        update:    - prompt 0x1d708a50:     730 tokens, checkpoints:  0,    22.821 MiB
ollama-1  | srv        update:    - prompt 0x1d12ae00:     779 tokens, checkpoints:  0,    24.353 MiB
ollama-1  | srv        update:    - prompt 0x1d728d30:     805 tokens, checkpoints:  0,    25.166 MiB
ollama-1  | srv        update:    - prompt 0x2427f580:     696 tokens, checkpoints:  0,    21.758 MiB
ollama-1  | srv        update:    - prompt 0x30e39f50:     962 tokens, checkpoints:  0,    30.074 MiB
ollama-1  | srv        update:    - prompt 0x1e85d3b0:     705 tokens, checkpoints:  0,    22.040 MiB
ollama-1  | srv        update:    - prompt 0x1e7a4ad0:     722 tokens, checkpoints:  0,    22.571 MiB
ollama-1  | srv        update:    - prompt 0x24d036a0:     704 tokens, checkpoints:  0,    22.008 MiB
ollama-1  | srv        update:    - prompt 0x1e75fd60:     710 tokens, checkpoints:  0,    22.196 MiB
ollama-1  | srv        update:    - prompt 0x24367aa0:     752 tokens, checkpoints:  0,    23.509 MiB
ollama-1  | srv        update:    - prompt 0x243c6d30:     683 tokens, checkpoints:  0,    21.352 MiB
ollama-1  | srv        update:    - prompt 0x24273cf0:     777 tokens, checkpoints:  0,    24.291 MiB
ollama-1  | srv        update:    - prompt 0x2a28fe40:     773 tokens, checkpoints:  0,    24.165 MiB
ollama-1  | srv        update:    - prompt 0x1d311810:     730 tokens, checkpoints:  0,    22.821 MiB
ollama-1  | srv        update:    - prompt 0x2437a2b0:     661 tokens, checkpoints:  0,    20.664 MiB
ollama-1  | srv        update:    - prompt 0x2a2a47f0:     771 tokens, checkpoints:  0,    24.103 MiB
ollama-1  | srv        update:    - prompt 0x2443a0e0:     684 tokens, checkpoints:  0,    21.383 MiB
ollama-1  | srv        update:    - prompt 0x1e82e9b0:     659 tokens, checkpoints:  0,    20.602 MiB
ollama-1  | srv        update:    - prompt 0x1d2ee000:     677 tokens, checkpoints:  0,    21.164 MiB
ollama-1  | srv        update:    - prompt 0x2448abc0:     740 tokens, checkpoints:  0,    23.134 MiB
ollama-1  | srv        update:    - prompt 0x1e82e900:     677 tokens, checkpoints:  0,    21.164 MiB
ollama-1  | srv        update:    - prompt 0x24432260:     738 tokens, checkpoints:  0,    23.071 MiB
ollama-1  | srv        update:    - prompt 0x242f5d40:     738 tokens, checkpoints:  0,    23.071 MiB
ollama-1  | srv        update:    - prompt 0x2444bcc0:     777 tokens, checkpoints:  0,    24.291 MiB
ollama-1  | srv        update:    - prompt 0x1e8593f0:     699 tokens, checkpoints:  0,    21.852 MiB
ollama-1  | srv        update:    - prompt 0x24917360:     733 tokens, checkpoints:  0,    22.915 MiB
ollama-1  | srv        update:    - prompt 0x2443a030:     798 tokens, checkpoints:  0,    24.947 MiB
ollama-1  | srv  get_availabl: prompt cache update took 5.45 ms
ollama-1  | slot launch_slot_: id  0 | task -1 | sampler chain: logits -> ?penalties -> ?dry -> ?top-n-sigma -> top-k -> ?typical -> top-p -> ?min-p -> ?xtc -> temp-ext -> dist 
ollama-1  | slot launch_slot_: id  0 | task -1 | sampler params: 
ollama-1  | 	repeat_last_n = 64, repeat_penalty = 1.000, frequency_penalty = 0.000, presence_penalty = 0.000
ollama-1  | 	dry_multiplier = 0.000, dry_base = 1.750, dry_allowed_length = 2, dry_penalty_last_n = 64
ollama-1  | 	top_k = 40, top_p = 0.900, min_p = 0.000, xtc_probability = 0.000, xtc_threshold = 0.100, typical_p = 1.000, top_n_sigma = -1.000, temp = 0.000
ollama-1  | 	mirostat = 0, mirostat_lr = 0.100, mirostat_ent = 5.000, adaptive_target = -1.000, adaptive_decay = 0.900
ollama-1  | slot launch_slot_: id  0 | task 10540 | processing task, is_child = 0
ollama-1  | slot   operator(): id  0 | task 10540 | new prompt, n_ctx_slot = 4096, n_keep = 4, task.n_tokens = 397
ollama-1  | slot   operator(): id  0 | task 10540 | cached n_tokens = 328, memory_seq_rm [328, end)
ollama-1  | slot init_sampler: id  0 | task 10540 | init sampler, took 0.03 ms, tokens: text = 397, total = 397
ollama-1  | slot print_timing: id  0 | task 10540 | prompt eval time =     296.92 ms /    69 tokens (    4.30 ms per token,   232.39 tokens per second)
ollama-1  | slot print_timing: id  0 | task 10540 |        eval time =     145.30 ms /     8 tokens (   20.76 ms per token,    48.18 tokens per second)
ollama-1  | slot print_timing: id  0 | task 10540 |       total time =     442.22 ms /    77 tokens
ollama-1  | slot print_timing: id  0 | task 10540 |    graphs reused =       7220
ollama-1  | slot      release: id  0 | task 10540 | stop processing: n_tokens = 404, truncated = 0
ollama-1  | srv  update_slots: all slots are idle
ollama-1  | [GIN] 2026/10/07 - 10:57:16 | 200 | 12.401006684s |      172.21.0.4 | POST     "/api/generate"
ollama-1  | srv  server_strea: conv_id= (empty=1)
ollama-1  | slot get_availabl: id  0 | task -1 |  - checking sim = 0.344 (328/954) > 0.100
ollama-1  | slot get_availabl: id  0 | task -1 | selected slot by LCP similarity, f_sim_best = 0.344 (> 0.100 thold), f_keep = 0.812
ollama-1  | slot launch_slot_: id  0 | task -1 | sampler chain: logits -> ?penalties -> ?dry -> ?top-n-sigma -> top-k -> ?typical -> top-p -> ?min-p -> ?xtc -> temp-ext -> dist 
ollama-1  | slot launch_slot_: id  0 | task -1 | sampler params: 
ollama-1  | 	repeat_last_n = 64, repeat_penalty = 1.000, frequency_penalty = 0.000, presence_penalty = 0.000
ollama-1  | 	dry_multiplier = 0.000, dry_base = 1.750, dry_allowed_length = 2, dry_penalty_last_n = 64
ollama-1  | 	top_k = 40, top_p = 0.900, min_p = 0.000, xtc_probability = 0.000, xtc_threshold = 0.100, typical_p = 1.000, top_n_sigma = -1.000, temp = 0.000
ollama-1  | 	mirostat = 0, mirostat_lr = 0.100, mirostat_ent = 5.000, adaptive_target = -1.000, adaptive_decay = 0.900
ollama-1  | slot launch_slot_: id  0 | task 10549 | processing task, is_child = 0
ollama-1  | slot   operator(): id  0 | task 10549 | new prompt, n_ctx_slot = 4096, n_keep = 4, task.n_tokens = 954
ollama-1  | slot   operator(): id  0 | task 10549 | cached n_tokens = 328, memory_seq_rm [328, end)
ollama-1  | [GIN] 2026/10/07 - 10:57:18 | 200 |      30.795µs |       127.0.0.1 | HEAD     "/"
ollama-1  | [GIN] 2026/10/07 - 10:57:18 | 200 |     925.371µs |       127.0.0.1 | GET      "/api/tags"
ollama-1  | slot   operator(): id  0 | task 10549 | cached n_tokens = 840, memory_seq_rm [840, end)
ollama-1  | slot init_sampler: id  0 | task 10549 | init sampler, took 0.09 ms, tokens: text = 954, total = 954
ollama-1  | slot print_timing: id  0 | task 10549 | prompt eval time =    2511.11 ms /   626 tokens (    4.01 ms per token,   249.29 tokens per second)
ollama-1  | slot print_timing: id  0 | task 10549 |        eval time =     194.87 ms /     9 tokens (   24.36 ms per token,    41.05 tokens per second)
ollama-1  | slot print_timing: id  0 | task 10549 |       total time =    2705.98 ms /   635 tokens
ollama-1  | slot print_timing: id  0 | task 10549 |    graphs reused =       7227
ollama-1  | slot      release: id  0 | task 10549 | stop processing: n_tokens = 962, truncated = 0
ollama-1  | srv  update_slots: all slots are idle
ollama-1  | [GIN] 2026/10/07 - 10:57:19 | 200 | 13.583140992s |      172.21.0.4 | POST     "/api/generate"
ollama-1  | srv  server_strea: conv_id= (empty=1)
ollama-1  | slot get_availabl: id  0 | task -1 |  - checking sim = 0.512 (328/641) > 0.100
ollama-1  | slot get_availabl: id  0 | task -1 | selected slot by LCP similarity, f_sim_best = 0.512 (> 0.100 thold), f_keep = 0.341
ollama-1  | srv  get_availabl: updating prompt cache
ollama-1  | srv   prompt_save:  - saving prompt with length 962, total state size = 30.074 MiB (draft: 0.000 MiB)
ollama-1  | srv         alloc:  - prompt is already in the cache, skipping
ollama-1  | srv          load:  - looking for better prompt, base f_keep = 0.341, f_sim = 0.512
ollama-1  | srv          load:    - prompt with length     709, lcp =     328, f_keep = 0.463, f_sim = 0.512
ollama-1  | srv          load:    - prompt with length     700, lcp =     328, f_keep = 0.469, f_sim = 0.512
ollama-1  | srv          load:    - prompt with length     695, lcp =     328, f_keep = 0.472, f_sim = 0.512
ollama-1  | srv          load:    - prompt with length     670, lcp =     328, f_keep = 0.490, f_sim = 0.512
ollama-1  | srv          load:    - prompt with length     730, lcp =     328, f_keep = 0.449, f_sim = 0.512
ollama-1  | srv          load:    - prompt with length     779, lcp =     328, f_keep = 0.421, f_sim = 0.512
ollama-1  | srv          load:    - prompt with length     805, lcp =     328, f_keep = 0.407, f_sim = 0.512
ollama-1  | srv          load:    - prompt with length     696, lcp =     328, f_keep = 0.471, f_sim = 0.512
ollama-1  | srv          load:    - prompt with length     962, lcp =     328, f_keep = 0.341, f_sim = 0.512
ollama-1  | srv          load:    - prompt with length     705, lcp =     328, f_keep = 0.465, f_sim = 0.512
ollama-1  | srv          load:    - prompt with length     722, lcp =     328, f_keep = 0.454, f_sim = 0.512
ollama-1  | srv          load:    - prompt with length     704, lcp =     328, f_keep = 0.466, f_sim = 0.512
ollama-1  | srv          load:    - prompt with length     710, lcp =     328, f_keep = 0.462, f_sim = 0.512
ollama-1  | srv          load:    - prompt with length     752, lcp =     328, f_keep = 0.436, f_sim = 0.512
ollama-1  | srv          load:    - prompt with length     683, lcp =     328, f_keep = 0.480, f_sim = 0.512
ollama-1  | srv          load:    - prompt with length     777, lcp =     328, f_keep = 0.422, f_sim = 0.512
ollama-1  | srv          load:    - prompt with length     773, lcp =     329, f_keep = 0.426, f_sim = 0.513
ollama-1  | srv          load:    - prompt with length     730, lcp =     329, f_keep = 0.451, f_sim = 0.513
ollama-1  | srv          load:    - prompt with length     661, lcp =     328, f_keep = 0.496, f_sim = 0.512
ollama-1  | srv          load:    - prompt with length     771, lcp =     328, f_keep = 0.425, f_sim = 0.512
ollama-1  | srv          load:    - prompt with length     684, lcp =     329, f_keep = 0.481, f_sim = 0.513
ollama-1  | srv          load:    - prompt with length     659, lcp =     329, f_keep = 0.499, f_sim = 0.513
ollama-1  | srv          load:    - prompt with length     677, lcp =     329, f_keep = 0.486, f_sim = 0.513
ollama-1  | srv          load:    - prompt with length     740, lcp =     328, f_keep = 0.443, f_sim = 0.512
ollama-1  | srv          load:    - prompt with length     677, lcp =     329, f_keep = 0.486, f_sim = 0.513
ollama-1  | srv          load:    - prompt with length     738, lcp =     329, f_keep = 0.446, f_sim = 0.513
ollama-1  | srv          load:    - prompt with length     738, lcp =     328, f_keep = 0.444, f_sim = 0.512
ollama-1  | srv          load:    - prompt with length     777, lcp =     329, f_keep = 0.423, f_sim = 0.513
ollama-1  | srv          load:    - prompt with length     699, lcp =     329, f_keep = 0.471, f_sim = 0.513
ollama-1  | srv          load:    - prompt with length     733, lcp =     328, f_keep = 0.447, f_sim = 0.512
ollama-1  | srv          load:    - prompt with length     798, lcp =     329, f_keep = 0.412, f_sim = 0.513
ollama-1  | srv          load:  - found better prompt with f_keep = 0.426, f_sim = 0.513
ollama-1  | srv        update:  - cache state: 30 prompts, 684.043 MiB (limits: 8192.000 MiB, 4096 tokens, 262043 est)
ollama-1  | srv        update:    - prompt 0x2111c2b0:     709 tokens, checkpoints:  0,    22.165 MiB
ollama-1  | srv        update:    - prompt 0x1d133370:     700 tokens, checkpoints:  0,    21.883 MiB
ollama-1  | srv        update:    - prompt 0x1d12e2c0:     695 tokens, checkpoints:  0,    21.727 MiB
ollama-1  | srv        update:    - prompt 0x1d12d8d0:     670 tokens, checkpoints:  0,    20.946 MiB
ollama-1  | srv        update:    - prompt 0x1d708a50:     730 tokens, checkpoints:  0,    22.821 MiB
ollama-1  | srv        update:    - prompt 0x1d12ae00:     779 tokens, checkpoints:  0,    24.353 MiB
ollama-1  | srv        update:    - prompt 0x1d728d30:     805 tokens, checkpoints:  0,    25.166 MiB
ollama-1  | srv        update:    - prompt 0x2427f580:     696 tokens, checkpoints:  0,    21.758 MiB
ollama-1  | srv        update:    - prompt 0x30e39f50:     962 tokens, checkpoints:  0,    30.074 MiB
ollama-1  | srv        update:    - prompt 0x1e85d3b0:     705 tokens, checkpoints:  0,    22.040 MiB
ollama-1  | srv        update:    - prompt 0x1e7a4ad0:     722 tokens, checkpoints:  0,    22.571 MiB
ollama-1  | srv        update:    - prompt 0x24d036a0:     704 tokens, checkpoints:  0,    22.008 MiB
ollama-1  | srv        update:    - prompt 0x1e75fd60:     710 tokens, checkpoints:  0,    22.196 MiB
ollama-1  | srv        update:    - prompt 0x24367aa0:     752 tokens, checkpoints:  0,    23.509 MiB
ollama-1  | srv        update:    - prompt 0x243c6d30:     683 tokens, checkpoints:  0,    21.352 MiB
ollama-1  | srv        update:    - prompt 0x24273cf0:     777 tokens, checkpoints:  0,    24.291 MiB
ollama-1  | srv        update:    - prompt 0x1d311810:     730 tokens, checkpoints:  0,    22.821 MiB
ollama-1  | srv        update:    - prompt 0x2437a2b0:     661 tokens, checkpoints:  0,    20.664 MiB
ollama-1  | srv        update:    - prompt 0x2a2a47f0:     771 tokens, checkpoints:  0,    24.103 MiB
ollama-1  | srv        update:    - prompt 0x2443a0e0:     684 tokens, checkpoints:  0,    21.383 MiB
ollama-1  | srv        update:    - prompt 0x1e82e9b0:     659 tokens, checkpoints:  0,    20.602 MiB
ollama-1  | srv        update:    - prompt 0x1d2ee000:     677 tokens, checkpoints:  0,    21.164 MiB
ollama-1  | srv        update:    - prompt 0x2448abc0:     740 tokens, checkpoints:  0,    23.134 MiB
ollama-1  | srv        update:    - prompt 0x1e82e900:     677 tokens, checkpoints:  0,    21.164 MiB
ollama-1  | srv        update:    - prompt 0x24432260:     738 tokens, checkpoints:  0,    23.071 MiB
ollama-1  | srv        update:    - prompt 0x242f5d40:     738 tokens, checkpoints:  0,    23.071 MiB
ollama-1  | srv        update:    - prompt 0x2444bcc0:     777 tokens, checkpoints:  0,    24.291 MiB
ollama-1  | srv        update:    - prompt 0x1e8593f0:     699 tokens, checkpoints:  0,    21.852 MiB
ollama-1  | srv        update:    - prompt 0x24917360:     733 tokens, checkpoints:  0,    22.915 MiB
ollama-1  | srv        update:    - prompt 0x2443a030:     798 tokens, checkpoints:  0,    24.947 MiB
ollama-1  | srv  get_availabl: prompt cache update took 7.17 ms
ollama-1  | slot launch_slot_: id  0 | task -1 | sampler chain: logits -> ?penalties -> ?dry -> ?top-n-sigma -> top-k -> ?typical -> top-p -> ?min-p -> ?xtc -> temp-ext -> dist 
ollama-1  | slot launch_slot_: id  0 | task -1 | sampler params: 
ollama-1  | 	repeat_last_n = 64, repeat_penalty = 1.000, frequency_penalty = 0.000, presence_penalty = 0.000
ollama-1  | 	dry_multiplier = 0.000, dry_base = 1.750, dry_allowed_length = 2, dry_penalty_last_n = 64
ollama-1  | 	top_k = 40, top_p = 0.900, min_p = 0.000, xtc_probability = 0.000, xtc_threshold = 0.100, typical_p = 1.000, top_n_sigma = -1.000, temp = 0.000
ollama-1  | 	mirostat = 0, mirostat_lr = 0.100, mirostat_ent = 5.000, adaptive_target = -1.000, adaptive_decay = 0.900
ollama-1  | slot launch_slot_: id  0 | task 10560 | processing task, is_child = 0
ollama-1  | slot   operator(): id  0 | task 10560 | new prompt, n_ctx_slot = 4096, n_keep = 4, task.n_tokens = 641
ollama-1  | slot   operator(): id  0 | task 10560 | cached n_tokens = 329, memory_seq_rm [329, end)
ollama-1  | slot init_sampler: id  0 | task 10560 | init sampler, took 0.05 ms, tokens: text = 641, total = 641
ollama-1  | slot print_timing: id  0 | task 10560 | prompt eval time =    1233.66 ms /   312 tokens (    3.95 ms per token,   252.91 tokens per second)
ollama-1  | slot print_timing: id  0 | task 10560 |        eval time =     194.90 ms /    10 tokens (   21.66 ms per token,    46.18 tokens per second)
ollama-1  | slot print_timing: id  0 | task 10560 |       total time =    1428.57 ms /   322 tokens
ollama-1  | slot print_timing: id  0 | task 10560 |    graphs reused =       7235
ollama-1  | slot      release: id  0 | task 10560 | stop processing: n_tokens = 650, truncated = 0
ollama-1  | srv  update_slots: all slots are idle
ollama-1  | [GIN] 2026/10/07 - 10:57:20 | 200 | 14.641769114s |      172.21.0.4 | POST     "/api/generate"
ollama-1  | srv  server_strea: conv_id= (empty=1)
ollama-1  | slot get_availabl: id  0 | task -1 |  - checking sim = 0.748 (329/440) > 0.100
ollama-1  | slot get_availabl: id  0 | task -1 | selected slot by LCP similarity, f_sim_best = 0.748 (> 0.100 thold), f_keep = 0.506
ollama-1  | slot launch_slot_: id  0 | task -1 | sampler chain: logits -> ?penalties -> ?dry -> ?top-n-sigma -> top-k -> ?typical -> top-p -> ?min-p -> ?xtc -> temp-ext -> dist 
ollama-1  | slot launch_slot_: id  0 | task -1 | sampler params: 
ollama-1  | 	repeat_last_n = 64, repeat_penalty = 1.000, frequency_penalty = 0.000, presence_penalty = 0.000
ollama-1  | 	dry_multiplier = 0.000, dry_base = 1.750, dry_allowed_length = 2, dry_penalty_last_n = 64
ollama-1  | 	top_k = 40, top_p = 0.900, min_p = 0.000, xtc_probability = 0.000, xtc_threshold = 0.100, typical_p = 1.000, top_n_sigma = -1.000, temp = 0.000
ollama-1  | 	mirostat = 0, mirostat_lr = 0.100, mirostat_ent = 5.000, adaptive_target = -1.000, adaptive_decay = 0.900
ollama-1  | slot launch_slot_: id  0 | task 10571 | processing task, is_child = 0
ollama-1  | slot   operator(): id  0 | task 10571 | new prompt, n_ctx_slot = 4096, n_keep = 4, task.n_tokens = 440
ollama-1  | slot   operator(): id  0 | task 10571 | cached n_tokens = 329, memory_seq_rm [329, end)
ollama-1  | slot init_sampler: id  0 | task 10571 | init sampler, took 0.05 ms, tokens: text = 440, total = 440
ollama-1  | slot print_timing: id  0 | task 10571 | prompt eval time =     449.20 ms /   111 tokens (    4.05 ms per token,   247.11 tokens per second)
ollama-1  | slot print_timing: id  0 | task 10571 |        eval time =     206.03 ms /    10 tokens (   22.89 ms per token,    43.68 tokens per second)
ollama-1  | slot print_timing: id  0 | task 10571 |       total time =     655.23 ms /   121 tokens
ollama-1  | slot print_timing: id  0 | task 10571 |    graphs reused =       7243
ollama-1  | slot      release: id  0 | task 10571 | stop processing: n_tokens = 449, truncated = 0
ollama-1  | srv  update_slots: all slots are idle
ollama-1  | [GIN] 2026/10/07 - 10:57:21 | 200 | 15.028340326s |      172.21.0.4 | POST     "/api/generate"
ollama-1  | srv  server_strea: conv_id= (empty=1)
ollama-1  | slot get_availabl: id  0 | task -1 |  - checking sim = 0.837 (328/392) > 0.100
ollama-1  | slot get_availabl: id  0 | task -1 | selected slot by LCP similarity, f_sim_best = 0.837 (> 0.100 thold), f_keep = 0.731
ollama-1  | slot launch_slot_: id  0 | task -1 | sampler chain: logits -> ?penalties -> ?dry -> ?top-n-sigma -> top-k -> ?typical -> top-p -> ?min-p -> ?xtc -> temp-ext -> dist 
ollama-1  | slot launch_slot_: id  0 | task -1 | sampler params: 
ollama-1  | 	repeat_last_n = 64, repeat_penalty = 1.000, frequency_penalty = 0.000, presence_penalty = 0.000
ollama-1  | 	dry_multiplier = 0.000, dry_base = 1.750, dry_allowed_length = 2, dry_penalty_last_n = 64
ollama-1  | 	top_k = 40, top_p = 0.900, min_p = 0.000, xtc_probability = 0.000, xtc_threshold = 0.100, typical_p = 1.000, top_n_sigma = -1.000, temp = 0.000
ollama-1  | 	mirostat = 0, mirostat_lr = 0.100, mirostat_ent = 5.000, adaptive_target = -1.000, adaptive_decay = 0.900
ollama-1  | slot launch_slot_: id  0 | task 10582 | processing task, is_child = 0
ollama-1  | slot   operator(): id  0 | task 10582 | new prompt, n_ctx_slot = 4096, n_keep = 4, task.n_tokens = 392
ollama-1  | slot   operator(): id  0 | task 10582 | cached n_tokens = 328, memory_seq_rm [328, end)
ollama-1  | slot init_sampler: id  0 | task 10582 | init sampler, took 0.04 ms, tokens: text = 392, total = 392
ollama-1  | slot print_timing: id  0 | task 10582 | prompt eval time =     271.68 ms /    64 tokens (    4.24 ms per token,   235.57 tokens per second)
ollama-1  | slot print_timing: id  0 | task 10582 |        eval time =     169.13 ms /     8 tokens (   24.16 ms per token,    41.39 tokens per second)
ollama-1  | slot print_timing: id  0 | task 10582 |       total time =     440.81 ms /    72 tokens
ollama-1  | slot print_timing: id  0 | task 10582 |    graphs reused =       7249
ollama-1  | slot      release: id  0 | task 10582 | stop processing: n_tokens = 399, truncated = 0
ollama-1  | srv  update_slots: all slots are idle
ollama-1  | [GIN] 2026/10/07 - 10:57:21 | 200 | 14.861226501s |      172.21.0.4 | POST     "/api/generate"
ollama-1  | srv  server_strea: conv_id= (empty=1)
ollama-1  | slot get_availabl: id  0 | task -1 |  - checking sim = 0.536 (328/612) > 0.100
ollama-1  | slot get_availabl: id  0 | task -1 | selected slot by LCP similarity, f_sim_best = 0.536 (> 0.100 thold), f_keep = 0.822
ollama-1  | slot launch_slot_: id  0 | task -1 | sampler chain: logits -> ?penalties -> ?dry -> ?top-n-sigma -> top-k -> ?typical -> top-p -> ?min-p -> ?xtc -> temp-ext -> dist 
ollama-1  | slot launch_slot_: id  0 | task -1 | sampler params: 
ollama-1  | 	repeat_last_n = 64, repeat_penalty = 1.000, frequency_penalty = 0.000, presence_penalty = 0.000
ollama-1  | 	dry_multiplier = 0.000, dry_base = 1.750, dry_allowed_length = 2, dry_penalty_last_n = 64
ollama-1  | 	top_k = 40, top_p = 0.900, min_p = 0.000, xtc_probability = 0.000, xtc_threshold = 0.100, typical_p = 1.000, top_n_sigma = -1.000, temp = 0.000
ollama-1  | 	mirostat = 0, mirostat_lr = 0.100, mirostat_ent = 5.000, adaptive_target = -1.000, adaptive_decay = 0.900
ollama-1  | slot launch_slot_: id  0 | task 10591 | processing task, is_child = 0
ollama-1  | slot   operator(): id  0 | task 10591 | new prompt, n_ctx_slot = 4096, n_keep = 4, task.n_tokens = 612
ollama-1  | slot   operator(): id  0 | task 10591 | cached n_tokens = 328, memory_seq_rm [328, end)
ollama-1  | slot init_sampler: id  0 | task 10591 | init sampler, took 0.07 ms, tokens: text = 612, total = 612
ollama-1  | slot print_timing: id  0 | task 10591 | prompt eval time =    1164.04 ms /   284 tokens (    4.10 ms per token,   243.98 tokens per second)
ollama-1  | slot print_timing: id  0 | task 10591 |        eval time =     164.30 ms /     8 tokens (   23.47 ms per token,    42.60 tokens per second)
ollama-1  | slot print_timing: id  0 | task 10591 |       total time =    1328.34 ms /   292 tokens
ollama-1  | slot print_timing: id  0 | task 10591 |    graphs reused =       7255
ollama-1  | slot      release: id  0 | task 10591 | stop processing: n_tokens = 619, truncated = 0
ollama-1  | srv  update_slots: all slots are idle
ollama-1  | [GIN] 2026/10/07 - 10:57:23 | 200 | 16.138903378s |      172.21.0.4 | POST     "/api/generate"
ollama-1  | srv  server_strea: conv_id= (empty=1)
ollama-1  | slot get_availabl: id  0 | task -1 |  - checking sim = 0.637 (328/515) > 0.100
ollama-1  | slot get_availabl: id  0 | task -1 | selected slot by LCP similarity, f_sim_best = 0.637 (> 0.100 thold), f_keep = 0.530
ollama-1  | slot launch_slot_: id  0 | task -1 | sampler chain: logits -> ?penalties -> ?dry -> ?top-n-sigma -> top-k -> ?typical -> top-p -> ?min-p -> ?xtc -> temp-ext -> dist 
ollama-1  | slot launch_slot_: id  0 | task -1 | sampler params: 
ollama-1  | 	repeat_last_n = 64, repeat_penalty = 1.000, frequency_penalty = 0.000, presence_penalty = 0.000
ollama-1  | 	dry_multiplier = 0.000, dry_base = 1.750, dry_allowed_length = 2, dry_penalty_last_n = 64
ollama-1  | 	top_k = 40, top_p = 0.900, min_p = 0.000, xtc_probability = 0.000, xtc_threshold = 0.100, typical_p = 1.000, top_n_sigma = -1.000, temp = 0.000
ollama-1  | 	mirostat = 0, mirostat_lr = 0.100, mirostat_ent = 5.000, adaptive_target = -1.000, adaptive_decay = 0.900
ollama-1  | slot launch_slot_: id  0 | task 10600 | processing task, is_child = 0
ollama-1  | slot   operator(): id  0 | task 10600 | new prompt, n_ctx_slot = 4096, n_keep = 4, task.n_tokens = 515
ollama-1  | slot   operator(): id  0 | task 10600 | cached n_tokens = 328, memory_seq_rm [328, end)
ollama-1  | slot init_sampler: id  0 | task 10600 | init sampler, took 0.04 ms, tokens: text = 515, total = 515
ollama-1  | slot print_timing: id  0 | task 10600 | prompt eval time =     769.04 ms /   187 tokens (    4.11 ms per token,   243.16 tokens per second)
ollama-1  | slot print_timing: id  0 | task 10600 |        eval time =     172.78 ms /     9 tokens (   21.60 ms per token,    46.30 tokens per second)
ollama-1  | slot print_timing: id  0 | task 10600 |       total time =     941.81 ms /   196 tokens
ollama-1  | slot print_timing: id  0 | task 10600 |    graphs reused =       7262
ollama-1  | slot      release: id  0 | task 10600 | stop processing: n_tokens = 523, truncated = 0
ollama-1  | srv  update_slots: all slots are idle
ollama-1  | [GIN] 2026/10/07 - 10:57:24 | 200 | 15.724751552s |      172.21.0.4 | POST     "/api/generate"
ollama-1  | srv  server_strea: conv_id= (empty=1)
ollama-1  | slot get_availabl: id  0 | task -1 |  - checking sim = 0.718 (328/457) > 0.100
ollama-1  | slot get_availabl: id  0 | task -1 | selected slot by LCP similarity, f_sim_best = 0.718 (> 0.100 thold), f_keep = 0.627
ollama-1  | slot launch_slot_: id  0 | task -1 | sampler chain: logits -> ?penalties -> ?dry -> ?top-n-sigma -> top-k -> ?typical -> top-p -> ?min-p -> ?xtc -> temp-ext -> dist 
ollama-1  | slot launch_slot_: id  0 | task -1 | sampler params: 
ollama-1  | 	repeat_last_n = 64, repeat_penalty = 1.000, frequency_penalty = 0.000, presence_penalty = 0.000
ollama-1  | 	dry_multiplier = 0.000, dry_base = 1.750, dry_allowed_length = 2, dry_penalty_last_n = 64
ollama-1  | 	top_k = 40, top_p = 0.900, min_p = 0.000, xtc_probability = 0.000, xtc_threshold = 0.100, typical_p = 1.000, top_n_sigma = -1.000, temp = 0.000
ollama-1  | 	mirostat = 0, mirostat_lr = 0.100, mirostat_ent = 5.000, adaptive_target = -1.000, adaptive_decay = 0.900
ollama-1  | slot launch_slot_: id  0 | task 10610 | processing task, is_child = 0
ollama-1  | slot   operator(): id  0 | task 10610 | new prompt, n_ctx_slot = 4096, n_keep = 4, task.n_tokens = 457
ollama-1  | slot   operator(): id  0 | task 10610 | cached n_tokens = 328, memory_seq_rm [328, end)
ollama-1  | slot init_sampler: id  0 | task 10610 | init sampler, took 0.05 ms, tokens: text = 457, total = 457
ollama-1  | slot print_timing: id  0 | task 10610 | prompt eval time =     536.43 ms /   129 tokens (    4.16 ms per token,   240.48 tokens per second)
ollama-1  | slot print_timing: id  0 | task 10610 |        eval time =     146.40 ms /     8 tokens (   20.91 ms per token,    47.81 tokens per second)
ollama-1  | slot print_timing: id  0 | task 10610 |       total time =     682.83 ms /   137 tokens
ollama-1  | slot print_timing: id  0 | task 10610 |    graphs reused =       7268
ollama-1  | slot      release: id  0 | task 10610 | stop processing: n_tokens = 464, truncated = 0
ollama-1  | srv  update_slots: all slots are idle
ollama-1  | [GIN] 2026/10/07 - 10:57:24 | 200 | 15.685319603s |      172.21.0.4 | POST     "/api/generate"
ollama-1  | srv  server_strea: conv_id= (empty=1)
ollama-1  | slot get_availabl: id  0 | task -1 |  - checking sim = 0.781 (328/420) > 0.100
ollama-1  | slot get_availabl: id  0 | task -1 | selected slot by LCP similarity, f_sim_best = 0.781 (> 0.100 thold), f_keep = 0.707
ollama-1  | slot launch_slot_: id  0 | task -1 | sampler chain: logits -> ?penalties -> ?dry -> ?top-n-sigma -> top-k -> ?typical -> top-p -> ?min-p -> ?xtc -> temp-ext -> dist 
ollama-1  | slot launch_slot_: id  0 | task -1 | sampler params: 
ollama-1  | 	repeat_last_n = 64, repeat_penalty = 1.000, frequency_penalty = 0.000, presence_penalty = 0.000
ollama-1  | 	dry_multiplier = 0.000, dry_base = 1.750, dry_allowed_length = 2, dry_penalty_last_n = 64
ollama-1  | 	top_k = 40, top_p = 0.900, min_p = 0.000, xtc_probability = 0.000, xtc_threshold = 0.100, typical_p = 1.000, top_n_sigma = -1.000, temp = 0.000
ollama-1  | 	mirostat = 0, mirostat_lr = 0.100, mirostat_ent = 5.000, adaptive_target = -1.000, adaptive_decay = 0.900
ollama-1  | slot launch_slot_: id  0 | task 10619 | processing task, is_child = 0
ollama-1  | slot   operator(): id  0 | task 10619 | new prompt, n_ctx_slot = 4096, n_keep = 4, task.n_tokens = 420
ollama-1  | slot   operator(): id  0 | task 10619 | cached n_tokens = 328, memory_seq_rm [328, end)
ollama-1  | slot init_sampler: id  0 | task 10619 | init sampler, took 0.04 ms, tokens: text = 420, total = 420
ollama-1  | slot print_timing: id  0 | task 10619 | prompt eval time =     376.48 ms /    92 tokens (    4.09 ms per token,   244.37 tokens per second)
ollama-1  | slot print_timing: id  0 | task 10619 |        eval time =     163.22 ms /     8 tokens (   23.32 ms per token,    42.89 tokens per second)
ollama-1  | slot print_timing: id  0 | task 10619 |       total time =     539.70 ms /   100 tokens
ollama-1  | slot print_timing: id  0 | task 10619 |    graphs reused =       7274
ollama-1  | slot      release: id  0 | task 10619 | stop processing: n_tokens = 427, truncated = 0
ollama-1  | srv  update_slots: all slots are idle
ollama-1  | [GIN] 2026/10/07 - 10:57:25 | 200 | 16.181546645s |      172.21.0.4 | POST     "/api/generate"
ollama-1  | srv  server_strea: conv_id= (empty=1)
ollama-1  | slot get_availabl: id  0 | task -1 |  - checking sim = 0.612 (328/536) > 0.100
ollama-1  | slot get_availabl: id  0 | task -1 | selected slot by LCP similarity, f_sim_best = 0.612 (> 0.100 thold), f_keep = 0.768
ollama-1  | slot launch_slot_: id  0 | task -1 | sampler chain: logits -> ?penalties -> ?dry -> ?top-n-sigma -> top-k -> ?typical -> top-p -> ?min-p -> ?xtc -> temp-ext -> dist 
ollama-1  | slot launch_slot_: id  0 | task -1 | sampler params: 
ollama-1  | 	repeat_last_n = 64, repeat_penalty = 1.000, frequency_penalty = 0.000, presence_penalty = 0.000
ollama-1  | 	dry_multiplier = 0.000, dry_base = 1.750, dry_allowed_length = 2, dry_penalty_last_n = 64
ollama-1  | 	top_k = 40, top_p = 0.900, min_p = 0.000, xtc_probability = 0.000, xtc_threshold = 0.100, typical_p = 1.000, top_n_sigma = -1.000, temp = 0.000
ollama-1  | 	mirostat = 0, mirostat_lr = 0.100, mirostat_ent = 5.000, adaptive_target = -1.000, adaptive_decay = 0.900
ollama-1  | slot launch_slot_: id  0 | task 10628 | processing task, is_child = 0
ollama-1  | slot   operator(): id  0 | task 10628 | new prompt, n_ctx_slot = 4096, n_keep = 4, task.n_tokens = 536
ollama-1  | slot   operator(): id  0 | task 10628 | cached n_tokens = 328, memory_seq_rm [328, end)
ollama-1  | slot init_sampler: id  0 | task 10628 | init sampler, took 0.06 ms, tokens: text = 536, total = 536
ollama-1  | slot print_timing: id  0 | task 10628 | prompt eval time =     836.74 ms /   208 tokens (    4.02 ms per token,   248.58 tokens per second)
ollama-1  | slot print_timing: id  0 | task 10628 |        eval time =     182.06 ms /     9 tokens (   22.76 ms per token,    43.94 tokens per second)
ollama-1  | slot print_timing: id  0 | task 10628 |       total time =    1018.80 ms /   217 tokens
ollama-1  | slot print_timing: id  0 | task 10628 |    graphs reused =       7281
ollama-1  | slot      release: id  0 | task 10628 | stop processing: n_tokens = 544, truncated = 0
ollama-1  | srv  update_slots: all slots are idle
ollama-1  | [GIN] 2026/10/07 - 10:57:26 | 200 | 17.013503521s |      172.21.0.4 | POST     "/api/generate"
ollama-1  | srv  server_strea: conv_id= (empty=1)
ollama-1  | slot get_availabl: id  0 | task -1 |  - checking sim = 0.507 (328/647) > 0.100
ollama-1  | slot get_availabl: id  0 | task -1 | selected slot by LCP similarity, f_sim_best = 0.507 (> 0.100 thold), f_keep = 0.603
ollama-1  | slot launch_slot_: id  0 | task -1 | sampler chain: logits -> ?penalties -> ?dry -> ?top-n-sigma -> top-k -> ?typical -> top-p -> ?min-p -> ?xtc -> temp-ext -> dist 
ollama-1  | slot launch_slot_: id  0 | task -1 | sampler params: 
ollama-1  | 	repeat_last_n = 64, repeat_penalty = 1.000, frequency_penalty = 0.000, presence_penalty = 0.000
ollama-1  | 	dry_multiplier = 0.000, dry_base = 1.750, dry_allowed_length = 2, dry_penalty_last_n = 64
ollama-1  | 	top_k = 40, top_p = 0.900, min_p = 0.000, xtc_probability = 0.000, xtc_threshold = 0.100, typical_p = 1.000, top_n_sigma = -1.000, temp = 0.000
ollama-1  | 	mirostat = 0, mirostat_lr = 0.100, mirostat_ent = 5.000, adaptive_target = -1.000, adaptive_decay = 0.900
ollama-1  | slot launch_slot_: id  0 | task 10638 | processing task, is_child = 0
ollama-1  | slot   operator(): id  0 | task 10638 | new prompt, n_ctx_slot = 4096, n_keep = 4, task.n_tokens = 647
ollama-1  | slot   operator(): id  0 | task 10638 | cached n_tokens = 328, memory_seq_rm [328, end)
ollama-1  | slot init_sampler: id  0 | task 10638 | init sampler, took 0.06 ms, tokens: text = 647, total = 647
ollama-1  | slot print_timing: id  0 | task 10638 | prompt eval time =    1315.37 ms /   319 tokens (    4.12 ms per token,   242.52 tokens per second)
ollama-1  | slot print_timing: id  0 | task 10638 |        eval time =     151.48 ms /     8 tokens (   21.64 ms per token,    46.21 tokens per second)
ollama-1  | slot print_timing: id  0 | task 10638 |       total time =    1466.86 ms /   327 tokens
ollama-1  | slot print_timing: id  0 | task 10638 |    graphs reused =       7287
ollama-1  | slot      release: id  0 | task 10638 | stop processing: n_tokens = 654, truncated = 0
ollama-1  | srv  update_slots: all slots are idle
ollama-1  | [GIN] 2026/10/07 - 10:57:27 | 200 | 18.253737194s |      172.21.0.4 | POST     "/api/generate"
ollama-1  | srv  server_strea: conv_id= (empty=1)
ollama-1  | slot get_availabl: id  0 | task -1 |  - checking sim = 0.509 (328/644) > 0.100
ollama-1  | slot get_availabl: id  0 | task -1 | selected slot by LCP similarity, f_sim_best = 0.509 (> 0.100 thold), f_keep = 0.502
ollama-1  | slot launch_slot_: id  0 | task -1 | sampler chain: logits -> ?penalties -> ?dry -> ?top-n-sigma -> top-k -> ?typical -> top-p -> ?min-p -> ?xtc -> temp-ext -> dist 
ollama-1  | slot launch_slot_: id  0 | task -1 | sampler params: 
ollama-1  | 	repeat_last_n = 64, repeat_penalty = 1.000, frequency_penalty = 0.000, presence_penalty = 0.000
ollama-1  | 	dry_multiplier = 0.000, dry_base = 1.750, dry_allowed_length = 2, dry_penalty_last_n = 64
ollama-1  | 	top_k = 40, top_p = 0.900, min_p = 0.000, xtc_probability = 0.000, xtc_threshold = 0.100, typical_p = 1.000, top_n_sigma = -1.000, temp = 0.000
ollama-1  | 	mirostat = 0, mirostat_lr = 0.100, mirostat_ent = 5.000, adaptive_target = -1.000, adaptive_decay = 0.900
ollama-1  | slot launch_slot_: id  0 | task 10647 | processing task, is_child = 0
ollama-1  | slot   operator(): id  0 | task 10647 | new prompt, n_ctx_slot = 4096, n_keep = 4, task.n_tokens = 644
ollama-1  | slot   operator(): id  0 | task 10647 | cached n_tokens = 328, memory_seq_rm [328, end)
ollama-1  | slot init_sampler: id  0 | task 10647 | init sampler, took 0.07 ms, tokens: text = 644, total = 644
ollama-1  | [GIN] 2026/10/07 - 10:57:28 | 200 |      23.594µs |       127.0.0.1 | HEAD     "/"
ollama-1  | [GIN] 2026/10/07 - 10:57:28 | 200 |    2.360628ms |       127.0.0.1 | GET      "/api/tags"
ollama-1  | slot print_timing: id  0 | task 10647 | prompt eval time =    1297.49 ms /   316 tokens (    4.11 ms per token,   243.55 tokens per second)
ollama-1  | slot print_timing: id  0 | task 10647 |        eval time =     177.12 ms /     8 tokens (   25.30 ms per token,    39.52 tokens per second)
ollama-1  | slot print_timing: id  0 | task 10647 |       total time =    1474.61 ms /   324 tokens
ollama-1  | slot print_timing: id  0 | task 10647 |    graphs reused =       7293
ollama-1  | slot      release: id  0 | task 10647 | stop processing: n_tokens = 651, truncated = 0
ollama-1  | srv  update_slots: all slots are idle
ollama-1  | [GIN] 2026/10/07 - 10:57:29 | 200 | 19.716386833s |      172.21.0.4 | POST     "/api/generate"
ollama-1  | srv  server_strea: conv_id= (empty=1)
ollama-1  | slot get_availabl: id  0 | task -1 |  - checking sim = 0.532 (328/617) > 0.100
ollama-1  | slot get_availabl: id  0 | task -1 | selected slot by LCP similarity, f_sim_best = 0.532 (> 0.100 thold), f_keep = 0.504
ollama-1  | slot launch_slot_: id  0 | task -1 | sampler chain: logits -> ?penalties -> ?dry -> ?top-n-sigma -> top-k -> ?typical -> top-p -> ?min-p -> ?xtc -> temp-ext -> dist 
ollama-1  | slot launch_slot_: id  0 | task -1 | sampler params: 
ollama-1  | 	repeat_last_n = 64, repeat_penalty = 1.000, frequency_penalty = 0.000, presence_penalty = 0.000
ollama-1  | 	dry_multiplier = 0.000, dry_base = 1.750, dry_allowed_length = 2, dry_penalty_last_n = 64
ollama-1  | 	top_k = 40, top_p = 0.900, min_p = 0.000, xtc_probability = 0.000, xtc_threshold = 0.100, typical_p = 1.000, top_n_sigma = -1.000, temp = 0.000
ollama-1  | 	mirostat = 0, mirostat_lr = 0.100, mirostat_ent = 5.000, adaptive_target = -1.000, adaptive_decay = 0.900
ollama-1  | slot launch_slot_: id  0 | task 10656 | processing task, is_child = 0
ollama-1  | slot   operator(): id  0 | task 10656 | new prompt, n_ctx_slot = 4096, n_keep = 4, task.n_tokens = 617
ollama-1  | slot   operator(): id  0 | task 10656 | cached n_tokens = 328, memory_seq_rm [328, end)
ollama-1  | slot init_sampler: id  0 | task 10656 | init sampler, took 0.07 ms, tokens: text = 617, total = 617
ollama-1  | slot print_timing: id  0 | task 10656 | prompt eval time =    1168.16 ms /   289 tokens (    4.04 ms per token,   247.40 tokens per second)
ollama-1  | slot print_timing: id  0 | task 10656 |        eval time =     170.66 ms /     9 tokens (   21.33 ms per token,    46.88 tokens per second)
ollama-1  | slot print_timing: id  0 | task 10656 |       total time =    1338.82 ms /   298 tokens
ollama-1  | slot print_timing: id  0 | task 10656 |    graphs reused =       7300
ollama-1  | slot      release: id  0 | task 10656 | stop processing: n_tokens = 625, truncated = 0
ollama-1  | srv  update_slots: all slots are idle
ollama-1  | [GIN] 2026/10/07 - 10:57:30 | 200 | 20.006528671s |      172.21.0.4 | POST     "/api/generate"
ollama-1  | srv  server_strea: conv_id= (empty=1)
ollama-1  | slot get_availabl: id  0 | task -1 |  - checking sim = 0.732 (328/448) > 0.100
ollama-1  | slot get_availabl: id  0 | task -1 | selected slot by LCP similarity, f_sim_best = 0.732 (> 0.100 thold), f_keep = 0.525
ollama-1  | slot launch_slot_: id  0 | task -1 | sampler chain: logits -> ?penalties -> ?dry -> ?top-n-sigma -> top-k -> ?typical -> top-p -> ?min-p -> ?xtc -> temp-ext -> dist 
ollama-1  | slot launch_slot_: id  0 | task -1 | sampler params: 
ollama-1  | 	repeat_last_n = 64, repeat_penalty = 1.000, frequency_penalty = 0.000, presence_penalty = 0.000
ollama-1  | 	dry_multiplier = 0.000, dry_base = 1.750, dry_allowed_length = 2, dry_penalty_last_n = 64
ollama-1  | 	top_k = 40, top_p = 0.900, min_p = 0.000, xtc_probability = 0.000, xtc_threshold = 0.100, typical_p = 1.000, top_n_sigma = -1.000, temp = 0.000
ollama-1  | 	mirostat = 0, mirostat_lr = 0.100, mirostat_ent = 5.000, adaptive_target = -1.000, adaptive_decay = 0.900
ollama-1  | slot launch_slot_: id  0 | task 10666 | processing task, is_child = 0
ollama-1  | slot   operator(): id  0 | task 10666 | new prompt, n_ctx_slot = 4096, n_keep = 4, task.n_tokens = 448
ollama-1  | slot   operator(): id  0 | task 10666 | cached n_tokens = 328, memory_seq_rm [328, end)
ollama-1  | slot init_sampler: id  0 | task 10666 | init sampler, took 0.05 ms, tokens: text = 448, total = 448
ollama-1  | slot print_timing: id  0 | task 10666 | prompt eval time =     481.37 ms /   120 tokens (    4.01 ms per token,   249.29 tokens per second)
ollama-1  | slot print_timing: id  0 | task 10666 |        eval time =     174.93 ms /     9 tokens (   21.87 ms per token,    45.73 tokens per second)
ollama-1  | slot print_timing: id  0 | task 10666 |       total time =     656.30 ms /   129 tokens
ollama-1  | slot print_timing: id  0 | task 10666 |    graphs reused =       7307
ollama-1  | slot      release: id  0 | task 10666 | stop processing: n_tokens = 456, truncated = 0
ollama-1  | srv  update_slots: all slots are idle
ollama-1  | [GIN] 2026/10/07 - 10:57:31 | 200 | 19.240877281s |      172.21.0.4 | POST     "/api/generate"
ollama-1  | srv  server_strea: conv_id= (empty=1)
ollama-1  | slot get_availabl: id  0 | task -1 |  - checking sim = 0.695 (328/472) > 0.100
ollama-1  | slot get_availabl: id  0 | task -1 | selected slot by LCP similarity, f_sim_best = 0.695 (> 0.100 thold), f_keep = 0.719
ollama-1  | slot launch_slot_: id  0 | task -1 | sampler chain: logits -> ?penalties -> ?dry -> ?top-n-sigma -> top-k -> ?typical -> top-p -> ?min-p -> ?xtc -> temp-ext -> dist 
ollama-1  | slot launch_slot_: id  0 | task -1 | sampler params: 
ollama-1  | 	repeat_last_n = 64, repeat_penalty = 1.000, frequency_penalty = 0.000, presence_penalty = 0.000
ollama-1  | 	dry_multiplier = 0.000, dry_base = 1.750, dry_allowed_length = 2, dry_penalty_last_n = 64
ollama-1  | 	top_k = 40, top_p = 0.900, min_p = 0.000, xtc_probability = 0.000, xtc_threshold = 0.100, typical_p = 1.000, top_n_sigma = -1.000, temp = 0.000
ollama-1  | 	mirostat = 0, mirostat_lr = 0.100, mirostat_ent = 5.000, adaptive_target = -1.000, adaptive_decay = 0.900
ollama-1  | slot launch_slot_: id  0 | task 10676 | processing task, is_child = 0
ollama-1  | slot   operator(): id  0 | task 10676 | new prompt, n_ctx_slot = 4096, n_keep = 4, task.n_tokens = 472
ollama-1  | slot   operator(): id  0 | task 10676 | cached n_tokens = 328, memory_seq_rm [328, end)
ollama-1  | slot init_sampler: id  0 | task 10676 | init sampler, took 0.04 ms, tokens: text = 472, total = 472
ollama-1  | slot print_timing: id  0 | task 10676 | prompt eval time =     598.06 ms /   144 tokens (    4.15 ms per token,   240.78 tokens per second)
ollama-1  | slot print_timing: id  0 | task 10676 |        eval time =     169.77 ms /     9 tokens (   21.22 ms per token,    47.12 tokens per second)
ollama-1  | slot print_timing: id  0 | task 10676 |       total time =     767.83 ms /   153 tokens
ollama-1  | slot print_timing: id  0 | task 10676 |    graphs reused =       7314
ollama-1  | slot      release: id  0 | task 10676 | stop processing: n_tokens = 480, truncated = 0
ollama-1  | srv  update_slots: all slots are idle
ollama-1  | [GIN] 2026/10/07 - 10:57:32 | 200 | 19.507213022s |      172.21.0.4 | POST     "/api/generate"
ollama-1  | srv  server_strea: conv_id= (empty=1)
ollama-1  | slot get_availabl: id  0 | task -1 |  - checking sim = 0.470 (328/698) > 0.100
ollama-1  | slot get_availabl: id  0 | task -1 | selected slot by LCP similarity, f_sim_best = 0.470 (> 0.100 thold), f_keep = 0.683
ollama-1  | slot launch_slot_: id  0 | task -1 | sampler chain: logits -> ?penalties -> ?dry -> ?top-n-sigma -> top-k -> ?typical -> top-p -> ?min-p -> ?xtc -> temp-ext -> dist 
ollama-1  | slot launch_slot_: id  0 | task -1 | sampler params: 
ollama-1  | 	repeat_last_n = 64, repeat_penalty = 1.000, frequency_penalty = 0.000, presence_penalty = 0.000
ollama-1  | 	dry_multiplier = 0.000, dry_base = 1.750, dry_allowed_length = 2, dry_penalty_last_n = 64
ollama-1  | 	top_k = 40, top_p = 0.900, min_p = 0.000, xtc_probability = 0.000, xtc_threshold = 0.100, typical_p = 1.000, top_n_sigma = -1.000, temp = 0.000
ollama-1  | 	mirostat = 0, mirostat_lr = 0.100, mirostat_ent = 5.000, adaptive_target = -1.000, adaptive_decay = 0.900
ollama-1  | slot launch_slot_: id  0 | task 10686 | processing task, is_child = 0
ollama-1  | slot   operator(): id  0 | task 10686 | new prompt, n_ctx_slot = 4096, n_keep = 4, task.n_tokens = 698
ollama-1  | slot   operator(): id  0 | task 10686 | cached n_tokens = 328, memory_seq_rm [328, end)
ollama-1  | slot init_sampler: id  0 | task 10686 | init sampler, took 0.06 ms, tokens: text = 698, total = 698
ollama-1  | slot print_timing: id  0 | task 10686 | prompt eval time =    1538.81 ms /   370 tokens (    4.16 ms per token,   240.45 tokens per second)
ollama-1  | slot print_timing: id  0 | task 10686 |        eval time =     163.50 ms /     8 tokens (   23.36 ms per token,    42.81 tokens per second)
ollama-1  | slot print_timing: id  0 | task 10686 |       total time =    1702.31 ms /   378 tokens
ollama-1  | slot print_timing: id  0 | task 10686 |    graphs reused =       7320
ollama-1  | slot      release: id  0 | task 10686 | stop processing: n_tokens = 705, truncated = 0
ollama-1  | srv  update_slots: all slots are idle
ollama-1  | [GIN] 2026/10/07 - 10:57:33 | 200 | 20.314062997s |      172.21.0.4 | POST     "/api/generate"
ollama-1  | srv  server_strea: conv_id= (empty=1)
ollama-1  | slot get_availabl: id  0 | task -1 |  - checking sim = 0.726 (328/452) > 0.100
ollama-1  | slot get_availabl: id  0 | task -1 | selected slot by LCP similarity, f_sim_best = 0.726 (> 0.100 thold), f_keep = 0.465
ollama-1  | srv  get_availabl: updating prompt cache
ollama-1  | srv   prompt_save:  - saving prompt with length 705, total state size = 22.040 MiB (draft: 0.000 MiB)
ollama-1  | srv         alloc:  - prompt is already in the cache, skipping
ollama-1  | srv          load:  - looking for better prompt, base f_keep = 0.465, f_sim = 0.726
ollama-1  | srv          load:    - prompt with length     709, lcp =     328, f_keep = 0.463, f_sim = 0.726
ollama-1  | srv          load:    - prompt with length     700, lcp =     328, f_keep = 0.469, f_sim = 0.726
ollama-1  | srv          load:    - prompt with length     695, lcp =     328, f_keep = 0.472, f_sim = 0.726
ollama-1  | srv          load:    - prompt with length     670, lcp =     328, f_keep = 0.490, f_sim = 0.726
ollama-1  | srv          load:    - prompt with length     730, lcp =     328, f_keep = 0.449, f_sim = 0.726
ollama-1  | srv          load:    - prompt with length     779, lcp =     328, f_keep = 0.421, f_sim = 0.726
ollama-1  | srv          load:    - prompt with length     805, lcp =     328, f_keep = 0.407, f_sim = 0.726
ollama-1  | srv          load:    - prompt with length     696, lcp =     328, f_keep = 0.471, f_sim = 0.726
ollama-1  | srv          load:    - prompt with length     962, lcp =     328, f_keep = 0.341, f_sim = 0.726
ollama-1  | srv          load:    - prompt with length     705, lcp =     328, f_keep = 0.465, f_sim = 0.726
ollama-1  | srv          load:    - prompt with length     722, lcp =     328, f_keep = 0.454, f_sim = 0.726
ollama-1  | srv          load:    - prompt with length     704, lcp =     328, f_keep = 0.466, f_sim = 0.726
ollama-1  | srv          load:    - prompt with length     710, lcp =     328, f_keep = 0.462, f_sim = 0.726
ollama-1  | srv          load:    - prompt with length     752, lcp =     328, f_keep = 0.436, f_sim = 0.726
ollama-1  | srv          load:    - prompt with length     683, lcp =     328, f_keep = 0.480, f_sim = 0.726
ollama-1  | srv          load:    - prompt with length     777, lcp =     328, f_keep = 0.422, f_sim = 0.726
ollama-1  | srv          load:    - prompt with length     730, lcp =     329, f_keep = 0.451, f_sim = 0.728
ollama-1  | srv          load:    - prompt with length     661, lcp =     328, f_keep = 0.496, f_sim = 0.726
ollama-1  | srv          load:    - prompt with length     771, lcp =     328, f_keep = 0.425, f_sim = 0.726
ollama-1  | srv          load:    - prompt with length     684, lcp =     329, f_keep = 0.481, f_sim = 0.728
ollama-1  | srv          load:    - prompt with length     659, lcp =     329, f_keep = 0.499, f_sim = 0.728
ollama-1  | srv          load:    - prompt with length     677, lcp =     329, f_keep = 0.486, f_sim = 0.728
ollama-1  | srv          load:    - prompt with length     740, lcp =     328, f_keep = 0.443, f_sim = 0.726
ollama-1  | srv          load:    - prompt with length     677, lcp =     329, f_keep = 0.486, f_sim = 0.728
ollama-1  | srv          load:    - prompt with length     738, lcp =     329, f_keep = 0.446, f_sim = 0.728
ollama-1  | srv          load:    - prompt with length     738, lcp =     328, f_keep = 0.444, f_sim = 0.726
ollama-1  | srv          load:    - prompt with length     777, lcp =     329, f_keep = 0.423, f_sim = 0.728
ollama-1  | srv          load:    - prompt with length     699, lcp =     330, f_keep = 0.472, f_sim = 0.730
ollama-1  | srv          load:    - prompt with length     733, lcp =     328, f_keep = 0.447, f_sim = 0.726
ollama-1  | srv          load:    - prompt with length     798, lcp =     329, f_keep = 0.412, f_sim = 0.728
ollama-1  | srv          load:  - found better prompt with f_keep = 0.481, f_sim = 0.728
ollama-1  | srv        update:  - cache state: 29 prompts, 662.660 MiB (limits: 8192.000 MiB, 4096 tokens, 262043 est)
ollama-1  | srv        update:    - prompt 0x2111c2b0:     709 tokens, checkpoints:  0,    22.165 MiB
ollama-1  | srv        update:    - prompt 0x1d133370:     700 tokens, checkpoints:  0,    21.883 MiB
ollama-1  | srv        update:    - prompt 0x1d12e2c0:     695 tokens, checkpoints:  0,    21.727 MiB
ollama-1  | srv        update:    - prompt 0x1d12d8d0:     670 tokens, checkpoints:  0,    20.946 MiB
ollama-1  | srv        update:    - prompt 0x1d708a50:     730 tokens, checkpoints:  0,    22.821 MiB
ollama-1  | srv        update:    - prompt 0x1d12ae00:     779 tokens, checkpoints:  0,    24.353 MiB
ollama-1  | srv        update:    - prompt 0x1d728d30:     805 tokens, checkpoints:  0,    25.166 MiB
ollama-1  | srv        update:    - prompt 0x2427f580:     696 tokens, checkpoints:  0,    21.758 MiB
ollama-1  | srv        update:    - prompt 0x30e39f50:     962 tokens, checkpoints:  0,    30.074 MiB
ollama-1  | srv        update:    - prompt 0x1e85d3b0:     705 tokens, checkpoints:  0,    22.040 MiB
ollama-1  | srv        update:    - prompt 0x1e7a4ad0:     722 tokens, checkpoints:  0,    22.571 MiB
ollama-1  | srv        update:    - prompt 0x24d036a0:     704 tokens, checkpoints:  0,    22.008 MiB
ollama-1  | srv        update:    - prompt 0x1e75fd60:     710 tokens, checkpoints:  0,    22.196 MiB
ollama-1  | srv        update:    - prompt 0x24367aa0:     752 tokens, checkpoints:  0,    23.509 MiB
ollama-1  | srv        update:    - prompt 0x243c6d30:     683 tokens, checkpoints:  0,    21.352 MiB
ollama-1  | srv        update:    - prompt 0x24273cf0:     777 tokens, checkpoints:  0,    24.291 MiB
ollama-1  | srv        update:    - prompt 0x1d311810:     730 tokens, checkpoints:  0,    22.821 MiB
ollama-1  | srv        update:    - prompt 0x2437a2b0:     661 tokens, checkpoints:  0,    20.664 MiB
ollama-1  | srv        update:    - prompt 0x2a2a47f0:     771 tokens, checkpoints:  0,    24.103 MiB
ollama-1  | srv        update:    - prompt 0x1e82e9b0:     659 tokens, checkpoints:  0,    20.602 MiB
ollama-1  | srv        update:    - prompt 0x1d2ee000:     677 tokens, checkpoints:  0,    21.164 MiB
ollama-1  | srv        update:    - prompt 0x2448abc0:     740 tokens, checkpoints:  0,    23.134 MiB
ollama-1  | srv        update:    - prompt 0x1e82e900:     677 tokens, checkpoints:  0,    21.164 MiB
ollama-1  | srv        update:    - prompt 0x24432260:     738 tokens, checkpoints:  0,    23.071 MiB
ollama-1  | srv        update:    - prompt 0x242f5d40:     738 tokens, checkpoints:  0,    23.071 MiB
ollama-1  | srv        update:    - prompt 0x2444bcc0:     777 tokens, checkpoints:  0,    24.291 MiB
ollama-1  | srv        update:    - prompt 0x1e8593f0:     699 tokens, checkpoints:  0,    21.852 MiB
ollama-1  | srv        update:    - prompt 0x24917360:     733 tokens, checkpoints:  0,    22.915 MiB
ollama-1  | srv        update:    - prompt 0x2443a030:     798 tokens, checkpoints:  0,    24.947 MiB
ollama-1  | srv  get_availabl: prompt cache update took 4.91 ms
ollama-1  | slot launch_slot_: id  0 | task -1 | sampler chain: logits -> ?penalties -> ?dry -> ?top-n-sigma -> top-k -> ?typical -> top-p -> ?min-p -> ?xtc -> temp-ext -> dist 
ollama-1  | slot launch_slot_: id  0 | task -1 | sampler params: 
ollama-1  | 	repeat_last_n = 64, repeat_penalty = 1.000, frequency_penalty = 0.000, presence_penalty = 0.000
ollama-1  | 	dry_multiplier = 0.000, dry_base = 1.750, dry_allowed_length = 2, dry_penalty_last_n = 64
ollama-1  | 	top_k = 40, top_p = 0.900, min_p = 0.000, xtc_probability = 0.000, xtc_threshold = 0.100, typical_p = 1.000, top_n_sigma = -1.000, temp = 0.000
ollama-1  | 	mirostat = 0, mirostat_lr = 0.100, mirostat_ent = 5.000, adaptive_target = -1.000, adaptive_decay = 0.900
ollama-1  | slot launch_slot_: id  0 | task 10695 | processing task, is_child = 0
ollama-1  | slot   operator(): id  0 | task 10695 | new prompt, n_ctx_slot = 4096, n_keep = 4, task.n_tokens = 452
ollama-1  | slot   operator(): id  0 | task 10695 | cached n_tokens = 329, memory_seq_rm [329, end)
ollama-1  | slot init_sampler: id  0 | task 10695 | init sampler, took 0.04 ms, tokens: text = 452, total = 452
ollama-1  | slot print_timing: id  0 | task 10695 | prompt eval time =     507.69 ms /   123 tokens (    4.13 ms per token,   242.27 tokens per second)
ollama-1  | slot print_timing: id  0 | task 10695 |        eval time =     175.28 ms /     9 tokens (   21.91 ms per token,    45.64 tokens per second)
ollama-1  | slot print_timing: id  0 | task 10695 |       total time =     682.98 ms /   132 tokens
ollama-1  | slot print_timing: id  0 | task 10695 |    graphs reused =       7327
ollama-1  | slot      release: id  0 | task 10695 | stop processing: n_tokens = 460, truncated = 0
ollama-1  | srv  update_slots: all slots are idle
ollama-1  | [GIN] 2026/10/07 - 10:57:34 | 200 | 20.046386055s |      172.21.0.4 | POST     "/api/generate"
ollama-1  | srv  server_strea: conv_id= (empty=1)
ollama-1  | slot get_availabl: id  0 | task -1 |  - checking sim = 0.510 (328/643) > 0.100
ollama-1  | slot get_availabl: id  0 | task -1 | selected slot by LCP similarity, f_sim_best = 0.510 (> 0.100 thold), f_keep = 0.713
ollama-1  | slot launch_slot_: id  0 | task -1 | sampler chain: logits -> ?penalties -> ?dry -> ?top-n-sigma -> top-k -> ?typical -> top-p -> ?min-p -> ?xtc -> temp-ext -> dist 
ollama-1  | slot launch_slot_: id  0 | task -1 | sampler params: 
ollama-1  | 	repeat_last_n = 64, repeat_penalty = 1.000, frequency_penalty = 0.000, presence_penalty = 0.000
ollama-1  | 	dry_multiplier = 0.000, dry_base = 1.750, dry_allowed_length = 2, dry_penalty_last_n = 64
ollama-1  | 	top_k = 40, top_p = 0.900, min_p = 0.000, xtc_probability = 0.000, xtc_threshold = 0.100, typical_p = 1.000, top_n_sigma = -1.000, temp = 0.000
ollama-1  | 	mirostat = 0, mirostat_lr = 0.100, mirostat_ent = 5.000, adaptive_target = -1.000, adaptive_decay = 0.900
ollama-1  | slot launch_slot_: id  0 | task 10705 | processing task, is_child = 0
ollama-1  | slot   operator(): id  0 | task 10705 | new prompt, n_ctx_slot = 4096, n_keep = 4, task.n_tokens = 643
ollama-1  | slot   operator(): id  0 | task 10705 | cached n_tokens = 328, memory_seq_rm [328, end)
ollama-1  | slot init_sampler: id  0 | task 10705 | init sampler, took 0.07 ms, tokens: text = 643, total = 643
ollama-1  | slot print_timing: id  0 | task 10705 | prompt eval time =    1298.41 ms /   315 tokens (    4.12 ms per token,   242.60 tokens per second)
ollama-1  | slot print_timing: id  0 | task 10705 |        eval time =     182.93 ms /     8 tokens (   26.13 ms per token,    38.27 tokens per second)
ollama-1  | slot print_timing: id  0 | task 10705 |       total time =    1481.34 ms /   323 tokens
ollama-1  | slot print_timing: id  0 | task 10705 |    graphs reused =       7333
ollama-1  | slot      release: id  0 | task 10705 | stop processing: n_tokens = 650, truncated = 0
ollama-1  | srv  update_slots: all slots are idle
ollama-1  | [GIN] 2026/10/07 - 10:57:35 | 200 | 21.386394626s |      172.21.0.4 | POST     "/api/generate"
ollama-1  | srv  server_strea: conv_id= (empty=1)
ollama-1  | slot get_availabl: id  0 | task -1 |  - checking sim = 0.705 (328/465) > 0.100
ollama-1  | slot get_availabl: id  0 | task -1 | selected slot by LCP similarity, f_sim_best = 0.705 (> 0.100 thold), f_keep = 0.505
ollama-1  | slot launch_slot_: id  0 | task -1 | sampler chain: logits -> ?penalties -> ?dry -> ?top-n-sigma -> top-k -> ?typical -> top-p -> ?min-p -> ?xtc -> temp-ext -> dist 
ollama-1  | slot launch_slot_: id  0 | task -1 | sampler params: 
ollama-1  | 	repeat_last_n = 64, repeat_penalty = 1.000, frequency_penalty = 0.000, presence_penalty = 0.000
ollama-1  | 	dry_multiplier = 0.000, dry_base = 1.750, dry_allowed_length = 2, dry_penalty_last_n = 64
ollama-1  | 	top_k = 40, top_p = 0.900, min_p = 0.000, xtc_probability = 0.000, xtc_threshold = 0.100, typical_p = 1.000, top_n_sigma = -1.000, temp = 0.000
ollama-1  | 	mirostat = 0, mirostat_lr = 0.100, mirostat_ent = 5.000, adaptive_target = -1.000, adaptive_decay = 0.900
ollama-1  | slot launch_slot_: id  0 | task 10714 | processing task, is_child = 0
ollama-1  | slot   operator(): id  0 | task 10714 | new prompt, n_ctx_slot = 4096, n_keep = 4, task.n_tokens = 465
ollama-1  | slot   operator(): id  0 | task 10714 | cached n_tokens = 328, memory_seq_rm [328, end)
ollama-1  | slot init_sampler: id  0 | task 10714 | init sampler, took 0.06 ms, tokens: text = 465, total = 465
ollama-1  | slot print_timing: id  0 | task 10714 | prompt eval time =     563.52 ms /   137 tokens (    4.11 ms per token,   243.12 tokens per second)
ollama-1  | slot print_timing: id  0 | task 10714 |        eval time =     161.35 ms /     8 tokens (   23.05 ms per token,    43.38 tokens per second)
ollama-1  | slot print_timing: id  0 | task 10714 |       total time =     724.87 ms /   145 tokens
ollama-1  | slot print_timing: id  0 | task 10714 |    graphs reused =       7339
ollama-1  | slot      release: id  0 | task 10714 | stop processing: n_tokens = 472, truncated = 0
ollama-1  | srv  update_slots: all slots are idle
ollama-1  | [GIN] 2026/10/07 - 10:57:36 | 200 | 21.493551674s |      172.21.0.4 | POST     "/api/generate"
ollama-1  | srv  server_strea: conv_id= (empty=1)
ollama-1  | slot get_availabl: id  0 | task -1 |  - checking sim = 0.661 (328/496) > 0.100
ollama-1  | slot get_availabl: id  0 | task -1 | selected slot by LCP similarity, f_sim_best = 0.661 (> 0.100 thold), f_keep = 0.695
ollama-1  | slot launch_slot_: id  0 | task -1 | sampler chain: logits -> ?penalties -> ?dry -> ?top-n-sigma -> top-k -> ?typical -> top-p -> ?min-p -> ?xtc -> temp-ext -> dist 
ollama-1  | slot launch_slot_: id  0 | task -1 | sampler params: 
ollama-1  | 	repeat_last_n = 64, repeat_penalty = 1.000, frequency_penalty = 0.000, presence_penalty = 0.000
ollama-1  | 	dry_multiplier = 0.000, dry_base = 1.750, dry_allowed_length = 2, dry_penalty_last_n = 64
ollama-1  | 	top_k = 40, top_p = 0.900, min_p = 0.000, xtc_probability = 0.000, xtc_threshold = 0.100, typical_p = 1.000, top_n_sigma = -1.000, temp = 0.000
ollama-1  | 	mirostat = 0, mirostat_lr = 0.100, mirostat_ent = 5.000, adaptive_target = -1.000, adaptive_decay = 0.900
ollama-1  | slot launch_slot_: id  0 | task 10723 | processing task, is_child = 0
ollama-1  | slot   operator(): id  0 | task 10723 | new prompt, n_ctx_slot = 4096, n_keep = 4, task.n_tokens = 496
ollama-1  | slot   operator(): id  0 | task 10723 | cached n_tokens = 328, memory_seq_rm [328, end)
ollama-1  | slot init_sampler: id  0 | task 10723 | init sampler, took 0.06 ms, tokens: text = 496, total = 496
ollama-1  | slot print_timing: id  0 | task 10723 | prompt eval time =     693.69 ms /   168 tokens (    4.13 ms per token,   242.18 tokens per second)
ollama-1  | slot print_timing: id  0 | task 10723 |        eval time =     145.88 ms /     8 tokens (   20.84 ms per token,    47.99 tokens per second)
ollama-1  | slot print_timing: id  0 | task 10723 |       total time =     839.57 ms /   176 tokens
ollama-1  | slot print_timing: id  0 | task 10723 |    graphs reused =       7345
ollama-1  | slot      release: id  0 | task 10723 | stop processing: n_tokens = 503, truncated = 0
ollama-1  | srv  update_slots: all slots are idle
ollama-1  | [GIN] 2026/10/07 - 10:57:37 | 200 | 21.645802845s |      172.21.0.4 | POST     "/api/generate"
ollama-1  | srv  server_strea: conv_id= (empty=1)
ollama-1  | slot get_availabl: id  0 | task -1 |  - checking sim = 0.657 (328/499) > 0.100
ollama-1  | slot get_availabl: id  0 | task -1 | selected slot by LCP similarity, f_sim_best = 0.657 (> 0.100 thold), f_keep = 0.652
ollama-1  | slot launch_slot_: id  0 | task -1 | sampler chain: logits -> ?penalties -> ?dry -> ?top-n-sigma -> top-k -> ?typical -> top-p -> ?min-p -> ?xtc -> temp-ext -> dist 
ollama-1  | slot launch_slot_: id  0 | task -1 | sampler params: 
ollama-1  | 	repeat_last_n = 64, repeat_penalty = 1.000, frequency_penalty = 0.000, presence_penalty = 0.000
ollama-1  | 	dry_multiplier = 0.000, dry_base = 1.750, dry_allowed_length = 2, dry_penalty_last_n = 64
ollama-1  | 	top_k = 40, top_p = 0.900, min_p = 0.000, xtc_probability = 0.000, xtc_threshold = 0.100, typical_p = 1.000, top_n_sigma = -1.000, temp = 0.000
ollama-1  | 	mirostat = 0, mirostat_lr = 0.100, mirostat_ent = 5.000, adaptive_target = -1.000, adaptive_decay = 0.900
ollama-1  | slot launch_slot_: id  0 | task 10732 | processing task, is_child = 0
ollama-1  | slot   operator(): id  0 | task 10732 | new prompt, n_ctx_slot = 4096, n_keep = 4, task.n_tokens = 499
ollama-1  | slot   operator(): id  0 | task 10732 | cached n_tokens = 328, memory_seq_rm [328, end)
ollama-1  | slot init_sampler: id  0 | task 10732 | init sampler, took 0.06 ms, tokens: text = 499, total = 499
ollama-1  | slot print_timing: id  0 | task 10732 | prompt eval time =     698.14 ms /   171 tokens (    4.08 ms per token,   244.94 tokens per second)
ollama-1  | slot print_timing: id  0 | task 10732 |        eval time =     153.97 ms /     8 tokens (   22.00 ms per token,    45.46 tokens per second)
ollama-1  | slot print_timing: id  0 | task 10732 |       total time =     852.11 ms /   179 tokens
ollama-1  | slot print_timing: id  0 | task 10732 |    graphs reused =       7351
ollama-1  | slot      release: id  0 | task 10732 | stop processing: n_tokens = 506, truncated = 0
ollama-1  | srv  update_slots: all slots are idle
ollama-1  | [GIN] 2026/10/07 - 10:57:38 | 200 | 22.117728228s |      172.21.0.4 | POST     "/api/generate"
ollama-1  | srv  server_strea: conv_id= (empty=1)
ollama-1  | slot get_availabl: id  0 | task -1 |  - checking sim = 0.676 (328/485) > 0.100
ollama-1  | slot get_availabl: id  0 | task -1 | selected slot by LCP similarity, f_sim_best = 0.676 (> 0.100 thold), f_keep = 0.648
ollama-1  | slot launch_slot_: id  0 | task -1 | sampler chain: logits -> ?penalties -> ?dry -> ?top-n-sigma -> top-k -> ?typical -> top-p -> ?min-p -> ?xtc -> temp-ext -> dist 
ollama-1  | slot launch_slot_: id  0 | task -1 | sampler params: 
ollama-1  | 	repeat_last_n = 64, repeat_penalty = 1.000, frequency_penalty = 0.000, presence_penalty = 0.000
ollama-1  | 	dry_multiplier = 0.000, dry_base = 1.750, dry_allowed_length = 2, dry_penalty_last_n = 64
ollama-1  | 	top_k = 40, top_p = 0.900, min_p = 0.000, xtc_probability = 0.000, xtc_threshold = 0.100, typical_p = 1.000, top_n_sigma = -1.000, temp = 0.000
ollama-1  | 	mirostat = 0, mirostat_lr = 0.100, mirostat_ent = 5.000, adaptive_target = -1.000, adaptive_decay = 0.900
ollama-1  | slot launch_slot_: id  0 | task 10741 | processing task, is_child = 0
ollama-1  | slot   operator(): id  0 | task 10741 | new prompt, n_ctx_slot = 4096, n_keep = 4, task.n_tokens = 485
ollama-1  | slot   operator(): id  0 | task 10741 | cached n_tokens = 328, memory_seq_rm [328, end)
ollama-1  | slot init_sampler: id  0 | task 10741 | init sampler, took 0.04 ms, tokens: text = 485, total = 485
ollama-1  | [GIN] 2026/10/07 - 10:57:38 | 200 |      20.806µs |       127.0.0.1 | HEAD     "/"
ollama-1  | [GIN] 2026/10/07 - 10:57:38 | 200 |     844.446µs |       127.0.0.1 | GET      "/api/tags"
ollama-1  | slot print_timing: id  0 | task 10741 | prompt eval time =     650.36 ms /   157 tokens (    4.14 ms per token,   241.40 tokens per second)
ollama-1  | slot print_timing: id  0 | task 10741 |        eval time =     144.92 ms /     8 tokens (   20.70 ms per token,    48.30 tokens per second)
ollama-1  | slot print_timing: id  0 | task 10741 |       total time =     795.28 ms /   165 tokens
ollama-1  | slot print_timing: id  0 | task 10741 |    graphs reused =       7357
ollama-1  | slot      release: id  0 | task 10741 | stop processing: n_tokens = 492, truncated = 0
ollama-1  | srv  update_slots: all slots are idle
ollama-1  | [GIN] 2026/10/07 - 10:57:39 | 200 | 22.072203917s |      172.21.0.4 | POST     "/api/generate"
ollama-1  | srv  server_strea: conv_id= (empty=1)
ollama-1  | slot get_availabl: id  0 | task -1 |  - checking sim = 0.542 (328/605) > 0.100
ollama-1  | slot get_availabl: id  0 | task -1 | selected slot by LCP similarity, f_sim_best = 0.542 (> 0.100 thold), f_keep = 0.667
ollama-1  | slot launch_slot_: id  0 | task -1 | sampler chain: logits -> ?penalties -> ?dry -> ?top-n-sigma -> top-k -> ?typical -> top-p -> ?min-p -> ?xtc -> temp-ext -> dist 
ollama-1  | slot launch_slot_: id  0 | task -1 | sampler params: 
ollama-1  | 	repeat_last_n = 64, repeat_penalty = 1.000, frequency_penalty = 0.000, presence_penalty = 0.000
ollama-1  | 	dry_multiplier = 0.000, dry_base = 1.750, dry_allowed_length = 2, dry_penalty_last_n = 64
ollama-1  | 	top_k = 40, top_p = 0.900, min_p = 0.000, xtc_probability = 0.000, xtc_threshold = 0.100, typical_p = 1.000, top_n_sigma = -1.000, temp = 0.000
ollama-1  | 	mirostat = 0, mirostat_lr = 0.100, mirostat_ent = 5.000, adaptive_target = -1.000, adaptive_decay = 0.900
ollama-1  | slot launch_slot_: id  0 | task 10750 | processing task, is_child = 0
ollama-1  | slot   operator(): id  0 | task 10750 | new prompt, n_ctx_slot = 4096, n_keep = 4, task.n_tokens = 605
ollama-1  | slot   operator(): id  0 | task 10750 | cached n_tokens = 328, memory_seq_rm [328, end)
ollama-1  | slot init_sampler: id  0 | task 10750 | init sampler, took 0.07 ms, tokens: text = 605, total = 605
ollama-1  | slot print_timing: id  0 | task 10750 | prompt eval time =    1134.59 ms /   277 tokens (    4.10 ms per token,   244.14 tokens per second)
ollama-1  | slot print_timing: id  0 | task 10750 |        eval time =     158.27 ms /     8 tokens (   22.61 ms per token,    44.23 tokens per second)
ollama-1  | slot print_timing: id  0 | task 10750 |       total time =    1292.86 ms /   285 tokens
ollama-1  | slot print_timing: id  0 | task 10750 |    graphs reused =       7363
ollama-1  | slot      release: id  0 | task 10750 | stop processing: n_tokens = 612, truncated = 0
ollama-1  | srv  update_slots: all slots are idle
ollama-1  | [GIN] 2026/10/07 - 10:57:40 | 200 | 22.316589118s |      172.21.0.4 | POST     "/api/generate"
ollama-1  | srv  server_strea: conv_id= (empty=1)
ollama-1  | slot get_availabl: id  0 | task -1 |  - checking sim = 0.593 (328/553) > 0.100
ollama-1  | slot get_availabl: id  0 | task -1 | selected slot by LCP similarity, f_sim_best = 0.593 (> 0.100 thold), f_keep = 0.536
ollama-1  | slot launch_slot_: id  0 | task -1 | sampler chain: logits -> ?penalties -> ?dry -> ?top-n-sigma -> top-k -> ?typical -> top-p -> ?min-p -> ?xtc -> temp-ext -> dist 
ollama-1  | slot launch_slot_: id  0 | task -1 | sampler params: 
ollama-1  | 	repeat_last_n = 64, repeat_penalty = 1.000, frequency_penalty = 0.000, presence_penalty = 0.000
ollama-1  | 	dry_multiplier = 0.000, dry_base = 1.750, dry_allowed_length = 2, dry_penalty_last_n = 64
ollama-1  | 	top_k = 40, top_p = 0.900, min_p = 0.000, xtc_probability = 0.000, xtc_threshold = 0.100, typical_p = 1.000, top_n_sigma = -1.000, temp = 0.000
ollama-1  | 	mirostat = 0, mirostat_lr = 0.100, mirostat_ent = 5.000, adaptive_target = -1.000, adaptive_decay = 0.900
ollama-1  | slot launch_slot_: id  0 | task 10759 | processing task, is_child = 0
ollama-1  | slot   operator(): id  0 | task 10759 | new prompt, n_ctx_slot = 4096, n_keep = 4, task.n_tokens = 553
ollama-1  | slot   operator(): id  0 | task 10759 | cached n_tokens = 328, memory_seq_rm [328, end)
ollama-1  | slot init_sampler: id  0 | task 10759 | init sampler, took 0.04 ms, tokens: text = 553, total = 553
ollama-1  | slot print_timing: id  0 | task 10759 | prompt eval time =     876.25 ms /   225 tokens (    3.89 ms per token,   256.78 tokens per second)
ollama-1  | slot print_timing: id  0 | task 10759 |        eval time =     171.38 ms /     9 tokens (   21.42 ms per token,    46.68 tokens per second)
ollama-1  | slot print_timing: id  0 | task 10759 |       total time =    1047.62 ms /   234 tokens
ollama-1  | slot print_timing: id  0 | task 10759 |    graphs reused =       7370
ollama-1  | slot      release: id  0 | task 10759 | stop processing: n_tokens = 561, truncated = 0
ollama-1  | srv  update_slots: all slots are idle
ollama-1  | [GIN] 2026/10/07 - 10:57:41 | 200 | 23.243484835s |      172.21.0.4 | POST     "/api/generate"
ollama-1  | srv  server_strea: conv_id= (empty=1)
ollama-1  | slot get_availabl: id  0 | task -1 |  - checking sim = 0.788 (328/416) > 0.100
ollama-1  | slot get_availabl: id  0 | task -1 | selected slot by LCP similarity, f_sim_best = 0.788 (> 0.100 thold), f_keep = 0.585
ollama-1  | slot launch_slot_: id  0 | task -1 | sampler chain: logits -> ?penalties -> ?dry -> ?top-n-sigma -> top-k -> ?typical -> top-p -> ?min-p -> ?xtc -> temp-ext -> dist 
ollama-1  | slot launch_slot_: id  0 | task -1 | sampler params: 
ollama-1  | 	repeat_last_n = 64, repeat_penalty = 1.000, frequency_penalty = 0.000, presence_penalty = 0.000
ollama-1  | 	dry_multiplier = 0.000, dry_base = 1.750, dry_allowed_length = 2, dry_penalty_last_n = 64
ollama-1  | 	top_k = 40, top_p = 0.900, min_p = 0.000, xtc_probability = 0.000, xtc_threshold = 0.100, typical_p = 1.000, top_n_sigma = -1.000, temp = 0.000
ollama-1  | 	mirostat = 0, mirostat_lr = 0.100, mirostat_ent = 5.000, adaptive_target = -1.000, adaptive_decay = 0.900
ollama-1  | slot launch_slot_: id  0 | task 10769 | processing task, is_child = 0
ollama-1  | slot   operator(): id  0 | task 10769 | new prompt, n_ctx_slot = 4096, n_keep = 4, task.n_tokens = 416
ollama-1  | slot   operator(): id  0 | task 10769 | cached n_tokens = 328, memory_seq_rm [328, end)
ollama-1  | slot init_sampler: id  0 | task 10769 | init sampler, took 0.03 ms, tokens: text = 416, total = 416
ollama-1  | slot print_timing: id  0 | task 10769 | prompt eval time =     350.83 ms /    88 tokens (    3.99 ms per token,   250.83 tokens per second)
ollama-1  | slot print_timing: id  0 | task 10769 |        eval time =     179.91 ms /    10 tokens (   19.99 ms per token,    50.02 tokens per second)
ollama-1  | slot print_timing: id  0 | task 10769 |       total time =     530.75 ms /    98 tokens
ollama-1  | slot print_timing: id  0 | task 10769 |    graphs reused =       7378
ollama-1  | slot      release: id  0 | task 10769 | stop processing: n_tokens = 425, truncated = 0
ollama-1  | srv  update_slots: all slots are idle
ollama-1  | [GIN] 2026/10/07 - 10:57:41 | 200 | 23.335806839s |      172.21.0.4 | POST     "/api/generate"
ollama-1  | srv  server_strea: conv_id= (empty=1)
ollama-1  | slot get_availabl: id  0 | task -1 |  - checking sim = 0.747 (328/439) > 0.100
ollama-1  | slot get_availabl: id  0 | task -1 | selected slot by LCP similarity, f_sim_best = 0.747 (> 0.100 thold), f_keep = 0.772
ollama-1  | slot launch_slot_: id  0 | task -1 | sampler chain: logits -> ?penalties -> ?dry -> ?top-n-sigma -> top-k -> ?typical -> top-p -> ?min-p -> ?xtc -> temp-ext -> dist 
ollama-1  | slot launch_slot_: id  0 | task -1 | sampler params: 
ollama-1  | 	repeat_last_n = 64, repeat_penalty = 1.000, frequency_penalty = 0.000, presence_penalty = 0.000
ollama-1  | 	dry_multiplier = 0.000, dry_base = 1.750, dry_allowed_length = 2, dry_penalty_last_n = 64
ollama-1  | 	top_k = 40, top_p = 0.900, min_p = 0.000, xtc_probability = 0.000, xtc_threshold = 0.100, typical_p = 1.000, top_n_sigma = -1.000, temp = 0.000
ollama-1  | 	mirostat = 0, mirostat_lr = 0.100, mirostat_ent = 5.000, adaptive_target = -1.000, adaptive_decay = 0.900
ollama-1  | slot launch_slot_: id  0 | task 10780 | processing task, is_child = 0
ollama-1  | slot   operator(): id  0 | task 10780 | new prompt, n_ctx_slot = 4096, n_keep = 4, task.n_tokens = 439
ollama-1  | slot   operator(): id  0 | task 10780 | cached n_tokens = 328, memory_seq_rm [328, end)
ollama-1  | slot init_sampler: id  0 | task 10780 | init sampler, took 0.04 ms, tokens: text = 439, total = 439
ollama-1  | slot print_timing: id  0 | task 10780 | prompt eval time =     431.59 ms /   111 tokens (    3.89 ms per token,   257.19 tokens per second)
ollama-1  | slot print_timing: id  0 | task 10780 |        eval time =     157.09 ms /     8 tokens (   22.44 ms per token,    44.56 tokens per second)
ollama-1  | slot print_timing: id  0 | task 10780 |       total time =     588.68 ms /   119 tokens
ollama-1  | slot print_timing: id  0 | task 10780 |    graphs reused =       7384
ollama-1  | slot      release: id  0 | task 10780 | stop processing: n_tokens = 446, truncated = 0
ollama-1  | srv  update_slots: all slots are idle
ollama-1  | [GIN] 2026/10/07 - 10:57:42 | 200 | 23.862396103s |      172.21.0.4 | POST     "/api/generate"
ollama-1  | srv  server_strea: conv_id= (empty=1)
ollama-1  | slot get_availabl: id  0 | task -1 |  - checking sim = 0.540 (328/607) > 0.100
ollama-1  | slot get_availabl: id  0 | task -1 | selected slot by LCP similarity, f_sim_best = 0.540 (> 0.100 thold), f_keep = 0.735
ollama-1  | slot launch_slot_: id  0 | task -1 | sampler chain: logits -> ?penalties -> ?dry -> ?top-n-sigma -> top-k -> ?typical -> top-p -> ?min-p -> ?xtc -> temp-ext -> dist 
ollama-1  | slot launch_slot_: id  0 | task -1 | sampler params: 
ollama-1  | 	repeat_last_n = 64, repeat_penalty = 1.000, frequency_penalty = 0.000, presence_penalty = 0.000
ollama-1  | 	dry_multiplier = 0.000, dry_base = 1.750, dry_allowed_length = 2, dry_penalty_last_n = 64
ollama-1  | 	top_k = 40, top_p = 0.900, min_p = 0.000, xtc_probability = 0.000, xtc_threshold = 0.100, typical_p = 1.000, top_n_sigma = -1.000, temp = 0.000
ollama-1  | 	mirostat = 0, mirostat_lr = 0.100, mirostat_ent = 5.000, adaptive_target = -1.000, adaptive_decay = 0.900
ollama-1  | slot launch_slot_: id  0 | task 10789 | processing task, is_child = 0
ollama-1  | slot   operator(): id  0 | task 10789 | new prompt, n_ctx_slot = 4096, n_keep = 4, task.n_tokens = 607
ollama-1  | slot   operator(): id  0 | task 10789 | cached n_tokens = 328, memory_seq_rm [328, end)
ollama-1  | slot init_sampler: id  0 | task 10789 | init sampler, took 0.07 ms, tokens: text = 607, total = 607
ollama-1  | slot print_timing: id  0 | task 10789 | prompt eval time =    1108.20 ms /   279 tokens (    3.97 ms per token,   251.76 tokens per second)
ollama-1  | slot print_timing: id  0 | task 10789 |        eval time =     155.99 ms /     8 tokens (   22.28 ms per token,    44.87 tokens per second)
ollama-1  | slot print_timing: id  0 | task 10789 |       total time =    1264.20 ms /   287 tokens
ollama-1  | slot print_timing: id  0 | task 10789 |    graphs reused =       7390
ollama-1  | slot      release: id  0 | task 10789 | stop processing: n_tokens = 614, truncated = 0
ollama-1  | srv  update_slots: all slots are idle
ollama-1  | [GIN] 2026/10/07 - 10:57:43 | 200 | 24.668774362s |      172.21.0.4 | POST     "/api/generate"
ollama-1  | srv  server_strea: conv_id= (empty=1)
ollama-1  | slot get_availabl: id  0 | task -1 |  - checking sim = 0.759 (328/432) > 0.100
ollama-1  | slot get_availabl: id  0 | task -1 | selected slot by LCP similarity, f_sim_best = 0.759 (> 0.100 thold), f_keep = 0.534
ollama-1  | slot launch_slot_: id  0 | task -1 | sampler chain: logits -> ?penalties -> ?dry -> ?top-n-sigma -> top-k -> ?typical -> top-p -> ?min-p -> ?xtc -> temp-ext -> dist 
ollama-1  | slot launch_slot_: id  0 | task -1 | sampler params: 
ollama-1  | 	repeat_last_n = 64, repeat_penalty = 1.000, frequency_penalty = 0.000, presence_penalty = 0.000
ollama-1  | 	dry_multiplier = 0.000, dry_base = 1.750, dry_allowed_length = 2, dry_penalty_last_n = 64
ollama-1  | 	top_k = 40, top_p = 0.900, min_p = 0.000, xtc_probability = 0.000, xtc_threshold = 0.100, typical_p = 1.000, top_n_sigma = -1.000, temp = 0.000
ollama-1  | 	mirostat = 0, mirostat_lr = 0.100, mirostat_ent = 5.000, adaptive_target = -1.000, adaptive_decay = 0.900
ollama-1  | slot launch_slot_: id  0 | task 10798 | processing task, is_child = 0
ollama-1  | slot   operator(): id  0 | task 10798 | new prompt, n_ctx_slot = 4096, n_keep = 4, task.n_tokens = 432
ollama-1  | slot   operator(): id  0 | task 10798 | cached n_tokens = 328, memory_seq_rm [328, end)
ollama-1  | slot init_sampler: id  0 | task 10798 | init sampler, took 0.03 ms, tokens: text = 432, total = 432
ollama-1  | slot print_timing: id  0 | task 10798 | prompt eval time =     412.24 ms /   104 tokens (    3.96 ms per token,   252.28 tokens per second)
ollama-1  | slot print_timing: id  0 | task 10798 |        eval time =     200.81 ms /    10 tokens (   22.31 ms per token,    44.82 tokens per second)
ollama-1  | slot print_timing: id  0 | task 10798 |       total time =     613.04 ms /   114 tokens
ollama-1  | slot print_timing: id  0 | task 10798 |    graphs reused =       7398
ollama-1  | slot      release: id  0 | task 10798 | stop processing: n_tokens = 441, truncated = 0
ollama-1  | srv  update_slots: all slots are idle
ollama-1  | [GIN] 2026/10/07 - 10:57:44 | 200 | 25.127063746s |      172.21.0.4 | POST     "/api/generate"
ollama-1  | srv  server_strea: conv_id= (empty=1)
ollama-1  | slot get_availabl: id  0 | task -1 |  - checking sim = 0.808 (328/406) > 0.100
ollama-1  | slot get_availabl: id  0 | task -1 | selected slot by LCP similarity, f_sim_best = 0.808 (> 0.100 thold), f_keep = 0.744
ollama-1  | slot launch_slot_: id  0 | task -1 | sampler chain: logits -> ?penalties -> ?dry -> ?top-n-sigma -> top-k -> ?typical -> top-p -> ?min-p -> ?xtc -> temp-ext -> dist 
ollama-1  | slot launch_slot_: id  0 | task -1 | sampler params: 
ollama-1  | 	repeat_last_n = 64, repeat_penalty = 1.000, frequency_penalty = 0.000, presence_penalty = 0.000
ollama-1  | 	dry_multiplier = 0.000, dry_base = 1.750, dry_allowed_length = 2, dry_penalty_last_n = 64
ollama-1  | 	top_k = 40, top_p = 0.900, min_p = 0.000, xtc_probability = 0.000, xtc_threshold = 0.100, typical_p = 1.000, top_n_sigma = -1.000, temp = 0.000
ollama-1  | 	mirostat = 0, mirostat_lr = 0.100, mirostat_ent = 5.000, adaptive_target = -1.000, adaptive_decay = 0.900
ollama-1  | slot launch_slot_: id  0 | task 10809 | processing task, is_child = 0
ollama-1  | slot   operator(): id  0 | task 10809 | new prompt, n_ctx_slot = 4096, n_keep = 4, task.n_tokens = 406
ollama-1  | slot   operator(): id  0 | task 10809 | cached n_tokens = 328, memory_seq_rm [328, end)
ollama-1  | slot init_sampler: id  0 | task 10809 | init sampler, took 0.03 ms, tokens: text = 406, total = 406
ollama-1  | slot print_timing: id  0 | task 10809 | prompt eval time =     314.19 ms /    78 tokens (    4.03 ms per token,   248.26 tokens per second)
ollama-1  | slot print_timing: id  0 | task 10809 |        eval time =     175.21 ms /     9 tokens (   21.90 ms per token,    45.66 tokens per second)
ollama-1  | slot print_timing: id  0 | task 10809 |       total time =     489.40 ms /    87 tokens
ollama-1  | slot print_timing: id  0 | task 10809 |    graphs reused =       7405
ollama-1  | slot      release: id  0 | task 10809 | stop processing: n_tokens = 414, truncated = 0
ollama-1  | srv  update_slots: all slots are idle
ollama-1  | [GIN] 2026/10/07 - 10:57:44 | 200 | 25.619020851s |      172.21.0.4 | POST     "/api/generate"
ollama-1  | srv  server_strea: conv_id= (empty=1)
ollama-1  | slot get_availabl: id  0 | task -1 |  - checking sim = 0.570 (328/575) > 0.100
ollama-1  | slot get_availabl: id  0 | task -1 | selected slot by LCP similarity, f_sim_best = 0.570 (> 0.100 thold), f_keep = 0.792
ollama-1  | slot launch_slot_: id  0 | task -1 | sampler chain: logits -> ?penalties -> ?dry -> ?top-n-sigma -> top-k -> ?typical -> top-p -> ?min-p -> ?xtc -> temp-ext -> dist 
ollama-1  | slot launch_slot_: id  0 | task -1 | sampler params: 
ollama-1  | 	repeat_last_n = 64, repeat_penalty = 1.000, frequency_penalty = 0.000, presence_penalty = 0.000
ollama-1  | 	dry_multiplier = 0.000, dry_base = 1.750, dry_allowed_length = 2, dry_penalty_last_n = 64
ollama-1  | 	top_k = 40, top_p = 0.900, min_p = 0.000, xtc_probability = 0.000, xtc_threshold = 0.100, typical_p = 1.000, top_n_sigma = -1.000, temp = 0.000
ollama-1  | 	mirostat = 0, mirostat_lr = 0.100, mirostat_ent = 5.000, adaptive_target = -1.000, adaptive_decay = 0.900
ollama-1  | slot launch_slot_: id  0 | task 10819 | processing task, is_child = 0
ollama-1  | slot   operator(): id  0 | task 10819 | new prompt, n_ctx_slot = 4096, n_keep = 4, task.n_tokens = 575
ollama-1  | slot   operator(): id  0 | task 10819 | cached n_tokens = 328, memory_seq_rm [328, end)
ollama-1  | slot init_sampler: id  0 | task 10819 | init sampler, took 0.06 ms, tokens: text = 575, total = 575
ollama-1  | slot print_timing: id  0 | task 10819 | prompt eval time =     971.68 ms /   247 tokens (    3.93 ms per token,   254.20 tokens per second)
ollama-1  | slot print_timing: id  0 | task 10819 |        eval time =     198.83 ms /    10 tokens (   22.09 ms per token,    45.27 tokens per second)
ollama-1  | slot print_timing: id  0 | task 10819 |       total time =    1170.51 ms /   257 tokens
ollama-1  | slot print_timing: id  0 | task 10819 |    graphs reused =       7413
ollama-1  | slot      release: id  0 | task 10819 | stop processing: n_tokens = 584, truncated = 0
ollama-1  | srv  update_slots: all slots are idle
ollama-1  | [GIN] 2026/10/07 - 10:57:45 | 200 | 26.456228483s |      172.21.0.4 | POST     "/api/generate"
ollama-1  | srv  server_strea: conv_id= (empty=1)
ollama-1  | slot get_availabl: id  0 | task -1 |  - checking sim = 0.507 (328/647) > 0.100
ollama-1  | slot get_availabl: id  0 | task -1 | selected slot by LCP similarity, f_sim_best = 0.507 (> 0.100 thold), f_keep = 0.562
ollama-1  | slot launch_slot_: id  0 | task -1 | sampler chain: logits -> ?penalties -> ?dry -> ?top-n-sigma -> top-k -> ?typical -> top-p -> ?min-p -> ?xtc -> temp-ext -> dist 
ollama-1  | slot launch_slot_: id  0 | task -1 | sampler params: 
ollama-1  | 	repeat_last_n = 64, repeat_penalty = 1.000, frequency_penalty = 0.000, presence_penalty = 0.000
ollama-1  | 	dry_multiplier = 0.000, dry_base = 1.750, dry_allowed_length = 2, dry_penalty_last_n = 64
ollama-1  | 	top_k = 40, top_p = 0.900, min_p = 0.000, xtc_probability = 0.000, xtc_threshold = 0.100, typical_p = 1.000, top_n_sigma = -1.000, temp = 0.000
ollama-1  | 	mirostat = 0, mirostat_lr = 0.100, mirostat_ent = 5.000, adaptive_target = -1.000, adaptive_decay = 0.900
ollama-1  | slot launch_slot_: id  0 | task 10830 | processing task, is_child = 0
ollama-1  | slot   operator(): id  0 | task 10830 | new prompt, n_ctx_slot = 4096, n_keep = 4, task.n_tokens = 647
ollama-1  | slot   operator(): id  0 | task 10830 | cached n_tokens = 328, memory_seq_rm [328, end)
ollama-1  | slot init_sampler: id  0 | task 10830 | init sampler, took 0.07 ms, tokens: text = 647, total = 647
ollama-1  | slot print_timing: id  0 | task 10830 | prompt eval time =    1276.84 ms /   319 tokens (    4.00 ms per token,   249.84 tokens per second)
ollama-1  | slot print_timing: id  0 | task 10830 |        eval time =     163.17 ms /     8 tokens (   23.31 ms per token,    42.90 tokens per second)
ollama-1  | slot print_timing: id  0 | task 10830 |       total time =    1440.01 ms /   327 tokens
ollama-1  | slot print_timing: id  0 | task 10830 |    graphs reused =       7419
ollama-1  | slot      release: id  0 | task 10830 | stop processing: n_tokens = 654, truncated = 0
ollama-1  | srv  update_slots: all slots are idle
ollama-1  | [GIN] 2026/10/07 - 10:57:47 | 200 | 27.223325621s |      172.21.0.4 | POST     "/api/generate"
ollama-1  | srv  server_strea: conv_id= (empty=1)
ollama-1  | slot get_availabl: id  0 | task -1 |  - checking sim = 0.657 (328/499) > 0.100
ollama-1  | slot get_availabl: id  0 | task -1 | selected slot by LCP similarity, f_sim_best = 0.657 (> 0.100 thold), f_keep = 0.502
ollama-1  | slot launch_slot_: id  0 | task -1 | sampler chain: logits -> ?penalties -> ?dry -> ?top-n-sigma -> top-k -> ?typical -> top-p -> ?min-p -> ?xtc -> temp-ext -> dist 
ollama-1  | slot launch_slot_: id  0 | task -1 | sampler params: 
ollama-1  | 	repeat_last_n = 64, repeat_penalty = 1.000, frequency_penalty = 0.000, presence_penalty = 0.000
ollama-1  | 	dry_multiplier = 0.000, dry_base = 1.750, dry_allowed_length = 2, dry_penalty_last_n = 64
ollama-1  | 	top_k = 40, top_p = 0.900, min_p = 0.000, xtc_probability = 0.000, xtc_threshold = 0.100, typical_p = 1.000, top_n_sigma = -1.000, temp = 0.000
ollama-1  | 	mirostat = 0, mirostat_lr = 0.100, mirostat_ent = 5.000, adaptive_target = -1.000, adaptive_decay = 0.900
ollama-1  | slot launch_slot_: id  0 | task 10839 | processing task, is_child = 0
ollama-1  | slot   operator(): id  0 | task 10839 | new prompt, n_ctx_slot = 4096, n_keep = 4, task.n_tokens = 499
ollama-1  | slot   operator(): id  0 | task 10839 | cached n_tokens = 328, memory_seq_rm [328, end)
ollama-1  | slot init_sampler: id  0 | task 10839 | init sampler, took 0.06 ms, tokens: text = 499, total = 499
ollama-1  | slot print_timing: id  0 | task 10839 | prompt eval time =     692.12 ms /   171 tokens (    4.05 ms per token,   247.07 tokens per second)
ollama-1  | slot print_timing: id  0 | task 10839 |        eval time =     149.12 ms /     8 tokens (   21.30 ms per token,    46.94 tokens per second)
ollama-1  | slot print_timing: id  0 | task 10839 |       total time =     841.23 ms /   179 tokens
ollama-1  | slot print_timing: id  0 | task 10839 |    graphs reused =       7425
ollama-1  | slot      release: id  0 | task 10839 | stop processing: n_tokens = 506, truncated = 0
ollama-1  | srv  update_slots: all slots are idle
ollama-1  | [GIN] 2026/10/07 - 10:57:48 | 200 |  27.49186733s |      172.21.0.4 | POST     "/api/generate"
ollama-1  | srv  server_strea: conv_id= (empty=1)
ollama-1  | slot get_availabl: id  0 | task -1 |  - checking sim = 0.600 (328/547) > 0.100
ollama-1  | slot get_availabl: id  0 | task -1 | selected slot by LCP similarity, f_sim_best = 0.600 (> 0.100 thold), f_keep = 0.648
ollama-1  | slot launch_slot_: id  0 | task -1 | sampler chain: logits -> ?penalties -> ?dry -> ?top-n-sigma -> top-k -> ?typical -> top-p -> ?min-p -> ?xtc -> temp-ext -> dist 
ollama-1  | slot launch_slot_: id  0 | task -1 | sampler params: 
ollama-1  | 	repeat_last_n = 64, repeat_penalty = 1.000, frequency_penalty = 0.000, presence_penalty = 0.000
ollama-1  | 	dry_multiplier = 0.000, dry_base = 1.750, dry_allowed_length = 2, dry_penalty_last_n = 64
ollama-1  | 	top_k = 40, top_p = 0.900, min_p = 0.000, xtc_probability = 0.000, xtc_threshold = 0.100, typical_p = 1.000, top_n_sigma = -1.000, temp = 0.000
ollama-1  | 	mirostat = 0, mirostat_lr = 0.100, mirostat_ent = 5.000, adaptive_target = -1.000, adaptive_decay = 0.900
ollama-1  | slot launch_slot_: id  0 | task 10848 | processing task, is_child = 0
ollama-1  | slot   operator(): id  0 | task 10848 | new prompt, n_ctx_slot = 4096, n_keep = 4, task.n_tokens = 547
ollama-1  | slot   operator(): id  0 | task 10848 | cached n_tokens = 328, memory_seq_rm [328, end)
ollama-1  | slot init_sampler: id  0 | task 10848 | init sampler, took 0.06 ms, tokens: text = 547, total = 547
ollama-1  | [GIN] 2026/10/07 - 10:57:48 | 200 |      20.255µs |       127.0.0.1 | HEAD     "/"
ollama-1  | [GIN] 2026/10/07 - 10:57:48 | 200 |     819.713µs |       127.0.0.1 | GET      "/api/tags"
ollama-1  | slot print_timing: id  0 | task 10848 | prompt eval time =     884.61 ms /   219 tokens (    4.04 ms per token,   247.57 tokens per second)
ollama-1  | slot print_timing: id  0 | task 10848 |        eval time =     152.50 ms /     8 tokens (   21.79 ms per token,    45.90 tokens per second)
ollama-1  | slot print_timing: id  0 | task 10848 |       total time =    1037.11 ms /   227 tokens
ollama-1  | slot print_timing: id  0 | task 10848 |    graphs reused =       7431
ollama-1  | slot      release: id  0 | task 10848 | stop processing: n_tokens = 554, truncated = 0
ollama-1  | srv  update_slots: all slots are idle
ollama-1  | [GIN] 2026/10/07 - 10:57:49 | 200 | 23.329773162s |      172.21.0.4 | POST     "/api/generate"
ollama-1  | srv  server_strea: conv_id= (empty=1)
ollama-1  | slot get_availabl: id  0 | task -1 |  - checking sim = 0.603 (328/544) > 0.100
ollama-1  | slot get_availabl: id  0 | task -1 | selected slot by LCP similarity, f_sim_best = 0.603 (> 0.100 thold), f_keep = 0.592
ollama-1  | slot launch_slot_: id  0 | task -1 | sampler chain: logits -> ?penalties -> ?dry -> ?top-n-sigma -> top-k -> ?typical -> top-p -> ?min-p -> ?xtc -> temp-ext -> dist 
ollama-1  | slot launch_slot_: id  0 | task -1 | sampler params: 
ollama-1  | 	repeat_last_n = 64, repeat_penalty = 1.000, frequency_penalty = 0.000, presence_penalty = 0.000
ollama-1  | 	dry_multiplier = 0.000, dry_base = 1.750, dry_allowed_length = 2, dry_penalty_last_n = 64
ollama-1  | 	top_k = 40, top_p = 0.900, min_p = 0.000, xtc_probability = 0.000, xtc_threshold = 0.100, typical_p = 1.000, top_n_sigma = -1.000, temp = 0.000
ollama-1  | 	mirostat = 0, mirostat_lr = 0.100, mirostat_ent = 5.000, adaptive_target = -1.000, adaptive_decay = 0.900
ollama-1  | slot launch_slot_: id  0 | task 10857 | processing task, is_child = 0
ollama-1  | slot   operator(): id  0 | task 10857 | new prompt, n_ctx_slot = 4096, n_keep = 4, task.n_tokens = 544
ollama-1  | slot   operator(): id  0 | task 10857 | cached n_tokens = 328, memory_seq_rm [328, end)
ollama-1  | slot init_sampler: id  0 | task 10857 | init sampler, took 0.06 ms, tokens: text = 544, total = 544
ollama-1  | slot print_timing: id  0 | task 10857 | prompt eval time =     854.43 ms /   216 tokens (    3.96 ms per token,   252.80 tokens per second)
ollama-1  | slot print_timing: id  0 | task 10857 |        eval time =     152.41 ms /     8 tokens (   21.77 ms per token,    45.93 tokens per second)
ollama-1  | slot print_timing: id  0 | task 10857 |       total time =    1006.84 ms /   224 tokens
ollama-1  | slot print_timing: id  0 | task 10857 |    graphs reused =       7437
ollama-1  | slot      release: id  0 | task 10857 | stop processing: n_tokens = 551, truncated = 0
ollama-1  | srv  update_slots: all slots are idle
ollama-1  | [GIN] 2026/10/07 - 10:57:50 | 200 |   23.8205529s |      172.21.0.4 | POST     "/api/generate"
ollama-1  | srv  server_strea: conv_id= (empty=1)
ollama-1  | slot get_availabl: id  0 | task -1 |  - checking sim = 0.774 (328/424) > 0.100
ollama-1  | slot get_availabl: id  0 | task -1 | selected slot by LCP similarity, f_sim_best = 0.774 (> 0.100 thold), f_keep = 0.595
ollama-1  | slot launch_slot_: id  0 | task -1 | sampler chain: logits -> ?penalties -> ?dry -> ?top-n-sigma -> top-k -> ?typical -> top-p -> ?min-p -> ?xtc -> temp-ext -> dist 
ollama-1  | slot launch_slot_: id  0 | task -1 | sampler params: 
ollama-1  | 	repeat_last_n = 64, repeat_penalty = 1.000, frequency_penalty = 0.000, presence_penalty = 0.000
ollama-1  | 	dry_multiplier = 0.000, dry_base = 1.750, dry_allowed_length = 2, dry_penalty_last_n = 64
ollama-1  | 	top_k = 40, top_p = 0.900, min_p = 0.000, xtc_probability = 0.000, xtc_threshold = 0.100, typical_p = 1.000, top_n_sigma = -1.000, temp = 0.000
ollama-1  | 	mirostat = 0, mirostat_lr = 0.100, mirostat_ent = 5.000, adaptive_target = -1.000, adaptive_decay = 0.900
ollama-1  | slot launch_slot_: id  0 | task 10866 | processing task, is_child = 0
ollama-1  | slot   operator(): id  0 | task 10866 | new prompt, n_ctx_slot = 4096, n_keep = 4, task.n_tokens = 424
ollama-1  | slot   operator(): id  0 | task 10866 | cached n_tokens = 328, memory_seq_rm [328, end)
ollama-1  | slot init_sampler: id  0 | task 10866 | init sampler, took 0.03 ms, tokens: text = 424, total = 424
ollama-1  | slot print_timing: id  0 | task 10866 | prompt eval time =     388.40 ms /    96 tokens (    4.05 ms per token,   247.17 tokens per second)
ollama-1  | slot print_timing: id  0 | task 10866 |        eval time =     171.27 ms /     9 tokens (   21.41 ms per token,    46.71 tokens per second)
ollama-1  | slot print_timing: id  0 | task 10866 |       total time =     559.67 ms /   105 tokens
ollama-1  | slot print_timing: id  0 | task 10866 |    graphs reused =       7444
ollama-1  | slot      release: id  0 | task 10866 | stop processing: n_tokens = 432, truncated = 0
ollama-1  | srv  update_slots: all slots are idle
ollama-1  | [GIN] 2026/10/07 - 10:57:50 | 200 | 24.300572152s |      172.21.0.4 | POST     "/api/generate"
ollama-1  | srv  server_strea: conv_id= (empty=1)
ollama-1  | slot get_availabl: id  0 | task -1 |  - checking sim = 0.722 (328/454) > 0.100
ollama-1  | slot get_availabl: id  0 | task -1 | selected slot by LCP similarity, f_sim_best = 0.722 (> 0.100 thold), f_keep = 0.759
ollama-1  | slot launch_slot_: id  0 | task -1 | sampler chain: logits -> ?penalties -> ?dry -> ?top-n-sigma -> top-k -> ?typical -> top-p -> ?min-p -> ?xtc -> temp-ext -> dist 
ollama-1  | slot launch_slot_: id  0 | task -1 | sampler params: 
ollama-1  | 	repeat_last_n = 64, repeat_penalty = 1.000, frequency_penalty = 0.000, presence_penalty = 0.000
ollama-1  | 	dry_multiplier = 0.000, dry_base = 1.750, dry_allowed_length = 2, dry_penalty_last_n = 64
ollama-1  | 	top_k = 40, top_p = 0.900, min_p = 0.000, xtc_probability = 0.000, xtc_threshold = 0.100, typical_p = 1.000, top_n_sigma = -1.000, temp = 0.000
ollama-1  | 	mirostat = 0, mirostat_lr = 0.100, mirostat_ent = 5.000, adaptive_target = -1.000, adaptive_decay = 0.900
ollama-1  | slot launch_slot_: id  0 | task 10876 | processing task, is_child = 0
ollama-1  | slot   operator(): id  0 | task 10876 | new prompt, n_ctx_slot = 4096, n_keep = 4, task.n_tokens = 454
ollama-1  | slot   operator(): id  0 | task 10876 | cached n_tokens = 328, memory_seq_rm [328, end)
ollama-1  | slot init_sampler: id  0 | task 10876 | init sampler, took 0.05 ms, tokens: text = 454, total = 454
ollama-1  | slot print_timing: id  0 | task 10876 | prompt eval time =     517.85 ms /   126 tokens (    4.11 ms per token,   243.32 tokens per second)
ollama-1  | slot print_timing: id  0 | task 10876 |        eval time =     169.93 ms /     9 tokens (   21.24 ms per token,    47.08 tokens per second)
ollama-1  | slot print_timing: id  0 | task 10876 |       total time =     687.77 ms /   135 tokens
ollama-1  | slot print_timing: id  0 | task 10876 |    graphs reused =       7451
ollama-1  | slot      release: id  0 | task 10876 | stop processing: n_tokens = 462, truncated = 0
ollama-1  | srv  update_slots: all slots are idle
ollama-1  | [GIN] 2026/10/07 - 10:57:51 | 200 | 24.741870209s |      172.21.0.4 | POST     "/api/generate"
ollama-1  | srv  server_strea: conv_id= (empty=1)
ollama-1  | slot get_availabl: id  0 | task -1 |  - checking sim = 0.793 (329/415) > 0.100
ollama-1  | slot get_availabl: id  0 | task -1 | selected slot by LCP similarity, f_sim_best = 0.793 (> 0.100 thold), f_keep = 0.712
ollama-1  | slot launch_slot_: id  0 | task -1 | sampler chain: logits -> ?penalties -> ?dry -> ?top-n-sigma -> top-k -> ?typical -> top-p -> ?min-p -> ?xtc -> temp-ext -> dist 
ollama-1  | slot launch_slot_: id  0 | task -1 | sampler params: 
ollama-1  | 	repeat_last_n = 64, repeat_penalty = 1.000, frequency_penalty = 0.000, presence_penalty = 0.000
ollama-1  | 	dry_multiplier = 0.000, dry_base = 1.750, dry_allowed_length = 2, dry_penalty_last_n = 64
ollama-1  | 	top_k = 40, top_p = 0.900, min_p = 0.000, xtc_probability = 0.000, xtc_threshold = 0.100, typical_p = 1.000, top_n_sigma = -1.000, temp = 0.000
ollama-1  | 	mirostat = 0, mirostat_lr = 0.100, mirostat_ent = 5.000, adaptive_target = -1.000, adaptive_decay = 0.900
ollama-1  | slot launch_slot_: id  0 | task 10886 | processing task, is_child = 0
ollama-1  | slot   operator(): id  0 | task 10886 | new prompt, n_ctx_slot = 4096, n_keep = 4, task.n_tokens = 415
ollama-1  | slot   operator(): id  0 | task 10886 | cached n_tokens = 329, memory_seq_rm [329, end)
ollama-1  | slot init_sampler: id  0 | task 10886 | init sampler, took 0.03 ms, tokens: text = 415, total = 415
ollama-1  | slot print_timing: id  0 | task 10886 | prompt eval time =     355.60 ms /    86 tokens (    4.13 ms per token,   241.85 tokens per second)
ollama-1  | slot print_timing: id  0 | task 10886 |        eval time =     156.81 ms /     8 tokens (   22.40 ms per token,    44.64 tokens per second)
ollama-1  | slot print_timing: id  0 | task 10886 |       total time =     512.40 ms /    94 tokens
ollama-1  | slot print_timing: id  0 | task 10886 |    graphs reused =       7457
ollama-1  | slot      release: id  0 | task 10886 | stop processing: n_tokens = 422, truncated = 0
ollama-1  | srv  update_slots: all slots are idle
ollama-1  | [GIN] 2026/10/07 - 10:57:52 | 200 | 25.018943624s |      172.21.0.4 | POST     "/api/generate"
ollama-1  | srv  server_strea: conv_id= (empty=1)
ollama-1  | slot get_availabl: id  0 | task -1 |  - checking sim = 0.814 (329/404) > 0.100
ollama-1  | slot get_availabl: id  0 | task -1 | selected slot by LCP similarity, f_sim_best = 0.814 (> 0.100 thold), f_keep = 0.780
ollama-1  | slot launch_slot_: id  0 | task -1 | sampler chain: logits -> ?penalties -> ?dry -> ?top-n-sigma -> top-k -> ?typical -> top-p -> ?min-p -> ?xtc -> temp-ext -> dist 
ollama-1  | slot launch_slot_: id  0 | task -1 | sampler params: 
ollama-1  | 	repeat_last_n = 64, repeat_penalty = 1.000, frequency_penalty = 0.000, presence_penalty = 0.000
ollama-1  | 	dry_multiplier = 0.000, dry_base = 1.750, dry_allowed_length = 2, dry_penalty_last_n = 64
ollama-1  | 	top_k = 40, top_p = 0.900, min_p = 0.000, xtc_probability = 0.000, xtc_threshold = 0.100, typical_p = 1.000, top_n_sigma = -1.000, temp = 0.000
ollama-1  | 	mirostat = 0, mirostat_lr = 0.100, mirostat_ent = 5.000, adaptive_target = -1.000, adaptive_decay = 0.900
ollama-1  | slot launch_slot_: id  0 | task 10895 | processing task, is_child = 0
ollama-1  | slot   operator(): id  0 | task 10895 | new prompt, n_ctx_slot = 4096, n_keep = 4, task.n_tokens = 404
ollama-1  | slot   operator(): id  0 | task 10895 | cached n_tokens = 329, memory_seq_rm [329, end)
ollama-1  | slot init_sampler: id  0 | task 10895 | init sampler, took 0.03 ms, tokens: text = 404, total = 404
ollama-1  | slot print_timing: id  0 | task 10895 | prompt eval time =     319.00 ms /    75 tokens (    4.25 ms per token,   235.11 tokens per second)
ollama-1  | slot print_timing: id  0 | task 10895 |        eval time =     143.59 ms /     8 tokens (   20.51 ms per token,    48.75 tokens per second)
ollama-1  | slot print_timing: id  0 | task 10895 |       total time =     462.59 ms /    83 tokens
ollama-1  | slot print_timing: id  0 | task 10895 |    graphs reused =       7463
ollama-1  | slot      release: id  0 | task 10895 | stop processing: n_tokens = 411, truncated = 0
ollama-1  | srv  update_slots: all slots are idle
ollama-1  | [GIN] 2026/10/07 - 10:57:52 | 200 | 23.529568185s |      172.21.0.4 | POST     "/api/generate"
ollama-1  | srv  server_strea: conv_id= (empty=1)
ollama-1  | slot get_availabl: id  0 | task -1 |  - checking sim = 0.559 (329/589) > 0.100
ollama-1  | slot get_availabl: id  0 | task -1 | selected slot by LCP similarity, f_sim_best = 0.559 (> 0.100 thold), f_keep = 0.800
ollama-1  | slot launch_slot_: id  0 | task -1 | sampler chain: logits -> ?penalties -> ?dry -> ?top-n-sigma -> top-k -> ?typical -> top-p -> ?min-p -> ?xtc -> temp-ext -> dist 
ollama-1  | slot launch_slot_: id  0 | task -1 | sampler params: 
ollama-1  | 	repeat_last_n = 64, repeat_penalty = 1.000, frequency_penalty = 0.000, presence_penalty = 0.000
ollama-1  | 	dry_multiplier = 0.000, dry_base = 1.750, dry_allowed_length = 2, dry_penalty_last_n = 64
ollama-1  | 	top_k = 40, top_p = 0.900, min_p = 0.000, xtc_probability = 0.000, xtc_threshold = 0.100, typical_p = 1.000, top_n_sigma = -1.000, temp = 0.000
ollama-1  | 	mirostat = 0, mirostat_lr = 0.100, mirostat_ent = 5.000, adaptive_target = -1.000, adaptive_decay = 0.900
ollama-1  | slot launch_slot_: id  0 | task 10904 | processing task, is_child = 0
ollama-1  | slot   operator(): id  0 | task 10904 | new prompt, n_ctx_slot = 4096, n_keep = 4, task.n_tokens = 589
ollama-1  | slot   operator(): id  0 | task 10904 | cached n_tokens = 329, memory_seq_rm [329, end)
ollama-1  | slot init_sampler: id  0 | task 10904 | init sampler, took 0.05 ms, tokens: text = 589, total = 589
ollama-1  | slot print_timing: id  0 | task 10904 | prompt eval time =    1069.86 ms /   260 tokens (    4.11 ms per token,   243.02 tokens per second)
ollama-1  | slot print_timing: id  0 | task 10904 |        eval time =     163.24 ms /     8 tokens (   23.32 ms per token,    42.88 tokens per second)
ollama-1  | slot print_timing: id  0 | task 10904 |       total time =    1233.10 ms /   268 tokens
ollama-1  | slot print_timing: id  0 | task 10904 |    graphs reused =       7469
ollama-1  | slot      release: id  0 | task 10904 | stop processing: n_tokens = 596, truncated = 0
ollama-1  | srv  update_slots: all slots are idle
ollama-1  | [GIN] 2026/10/07 - 10:57:53 | 200 | 22.312372839s |      172.21.0.4 | POST     "/api/generate"
ollama-1  | srv  server_strea: conv_id= (empty=1)
ollama-1  | slot get_availabl: id  0 | task -1 |  - checking sim = 0.749 (329/439) > 0.100
ollama-1  | slot get_availabl: id  0 | task -1 | selected slot by LCP similarity, f_sim_best = 0.749 (> 0.100 thold), f_keep = 0.552
ollama-1  | slot launch_slot_: id  0 | task -1 | sampler chain: logits -> ?penalties -> ?dry -> ?top-n-sigma -> top-k -> ?typical -> top-p -> ?min-p -> ?xtc -> temp-ext -> dist 
ollama-1  | slot launch_slot_: id  0 | task -1 | sampler params: 
ollama-1  | 	repeat_last_n = 64, repeat_penalty = 1.000, frequency_penalty = 0.000, presence_penalty = 0.000
ollama-1  | 	dry_multiplier = 0.000, dry_base = 1.750, dry_allowed_length = 2, dry_penalty_last_n = 64
ollama-1  | 	top_k = 40, top_p = 0.900, min_p = 0.000, xtc_probability = 0.000, xtc_threshold = 0.100, typical_p = 1.000, top_n_sigma = -1.000, temp = 0.000
ollama-1  | 	mirostat = 0, mirostat_lr = 0.100, mirostat_ent = 5.000, adaptive_target = -1.000, adaptive_decay = 0.900
ollama-1  | slot launch_slot_: id  0 | task 10913 | processing task, is_child = 0
ollama-1  | slot   operator(): id  0 | task 10913 | new prompt, n_ctx_slot = 4096, n_keep = 4, task.n_tokens = 439
ollama-1  | slot   operator(): id  0 | task 10913 | cached n_tokens = 329, memory_seq_rm [329, end)
ollama-1  | slot init_sampler: id  0 | task 10913 | init sampler, took 0.04 ms, tokens: text = 439, total = 439
ollama-1  | slot print_timing: id  0 | task 10913 | prompt eval time =     429.49 ms /   110 tokens (    3.90 ms per token,   256.12 tokens per second)
ollama-1  | slot print_timing: id  0 | task 10913 |        eval time =     151.33 ms /     8 tokens (   21.62 ms per token,    46.26 tokens per second)
ollama-1  | slot print_timing: id  0 | task 10913 |       total time =     580.83 ms /   118 tokens
ollama-1  | slot print_timing: id  0 | task 10913 |    graphs reused =       7475
ollama-1  | slot      release: id  0 | task 10913 | stop processing: n_tokens = 446, truncated = 0
ollama-1  | srv  update_slots: all slots are idle
ollama-1  | [GIN] 2026/10/07 - 10:57:54 | 200 | 20.495002545s |      172.21.0.4 | POST     "/api/generate"
ollama-1  | srv  server_strea: conv_id= (empty=1)
ollama-1  | slot get_availabl: id  0 | task -1 |  - checking sim = 0.739 (329/445) > 0.100
ollama-1  | slot get_availabl: id  0 | task -1 | selected slot by LCP similarity, f_sim_best = 0.739 (> 0.100 thold), f_keep = 0.738
ollama-1  | slot launch_slot_: id  0 | task -1 | sampler chain: logits -> ?penalties -> ?dry -> ?top-n-sigma -> top-k -> ?typical -> top-p -> ?min-p -> ?xtc -> temp-ext -> dist 
ollama-1  | slot launch_slot_: id  0 | task -1 | sampler params: 
ollama-1  | 	repeat_last_n = 64, repeat_penalty = 1.000, frequency_penalty = 0.000, presence_penalty = 0.000
ollama-1  | 	dry_multiplier = 0.000, dry_base = 1.750, dry_allowed_length = 2, dry_penalty_last_n = 64
ollama-1  | 	top_k = 40, top_p = 0.900, min_p = 0.000, xtc_probability = 0.000, xtc_threshold = 0.100, typical_p = 1.000, top_n_sigma = -1.000, temp = 0.000
ollama-1  | 	mirostat = 0, mirostat_lr = 0.100, mirostat_ent = 5.000, adaptive_target = -1.000, adaptive_decay = 0.900
ollama-1  | slot launch_slot_: id  0 | task 10922 | processing task, is_child = 0
ollama-1  | slot   operator(): id  0 | task 10922 | new prompt, n_ctx_slot = 4096, n_keep = 4, task.n_tokens = 445
ollama-1  | slot   operator(): id  0 | task 10922 | cached n_tokens = 329, memory_seq_rm [329, end)
ollama-1  | slot init_sampler: id  0 | task 10922 | init sampler, took 0.04 ms, tokens: text = 445, total = 445
ollama-1  | slot print_timing: id  0 | task 10922 | prompt eval time =     469.63 ms /   116 tokens (    4.05 ms per token,   247.00 tokens per second)
ollama-1  | slot print_timing: id  0 | task 10922 |        eval time =     172.06 ms /     9 tokens (   21.51 ms per token,    46.50 tokens per second)
ollama-1  | slot print_timing: id  0 | task 10922 |       total time =     641.68 ms /   125 tokens
ollama-1  | slot print_timing: id  0 | task 10922 |    graphs reused =       7482
ollama-1  | slot      release: id  0 | task 10922 | stop processing: n_tokens = 453, truncated = 0
ollama-1  | srv  update_slots: all slots are idle
ollama-1  | [GIN] 2026/10/07 - 10:57:55 | 200 | 19.885748751s |      172.21.0.4 | POST     "/api/generate"
ollama-1  | srv  server_strea: conv_id= (empty=1)
ollama-1  | slot get_availabl: id  0 | task -1 |  - checking sim = 0.459 (328/714) > 0.100
ollama-1  | slot get_availabl: id  0 | task -1 | selected slot by LCP similarity, f_sim_best = 0.459 (> 0.100 thold), f_keep = 0.724
ollama-1  | slot launch_slot_: id  0 | task -1 | sampler chain: logits -> ?penalties -> ?dry -> ?top-n-sigma -> top-k -> ?typical -> top-p -> ?min-p -> ?xtc -> temp-ext -> dist 
ollama-1  | slot launch_slot_: id  0 | task -1 | sampler params: 
ollama-1  | 	repeat_last_n = 64, repeat_penalty = 1.000, frequency_penalty = 0.000, presence_penalty = 0.000
ollama-1  | 	dry_multiplier = 0.000, dry_base = 1.750, dry_allowed_length = 2, dry_penalty_last_n = 64
ollama-1  | 	top_k = 40, top_p = 0.900, min_p = 0.000, xtc_probability = 0.000, xtc_threshold = 0.100, typical_p = 1.000, top_n_sigma = -1.000, temp = 0.000
ollama-1  | 	mirostat = 0, mirostat_lr = 0.100, mirostat_ent = 5.000, adaptive_target = -1.000, adaptive_decay = 0.900
ollama-1  | slot launch_slot_: id  0 | task 10932 | processing task, is_child = 0
ollama-1  | slot   operator(): id  0 | task 10932 | new prompt, n_ctx_slot = 4096, n_keep = 4, task.n_tokens = 714
ollama-1  | slot   operator(): id  0 | task 10932 | cached n_tokens = 328, memory_seq_rm [328, end)
ollama-1  | slot init_sampler: id  0 | task 10932 | init sampler, took 0.06 ms, tokens: text = 714, total = 714
ollama-1  | slot print_timing: id  0 | task 10932 | prompt eval time =    1574.25 ms /   386 tokens (    4.08 ms per token,   245.20 tokens per second)
ollama-1  | slot print_timing: id  0 | task 10932 |        eval time =     190.48 ms /     9 tokens (   23.81 ms per token,    42.00 tokens per second)
ollama-1  | slot print_timing: id  0 | task 10932 |       total time =    1764.74 ms /   395 tokens
ollama-1  | slot print_timing: id  0 | task 10932 |    graphs reused =       7489
ollama-1  | slot      release: id  0 | task 10932 | stop processing: n_tokens = 722, truncated = 0
ollama-1  | srv  update_slots: all slots are idle
ollama-1  | [GIN] 2026/10/07 - 10:57:56 | 200 | 19.369032598s |      172.21.0.4 | POST     "/api/generate"
ollama-1  | srv  server_strea: conv_id= (empty=1)
ollama-1  | slot get_availabl: id  0 | task -1 |  - checking sim = 0.777 (328/422) > 0.100
ollama-1  | slot get_availabl: id  0 | task -1 | selected slot by LCP similarity, f_sim_best = 0.777 (> 0.100 thold), f_keep = 0.454
ollama-1  | srv  get_availabl: updating prompt cache
ollama-1  | srv   prompt_save:  - saving prompt with length 722, total state size = 22.571 MiB (draft: 0.000 MiB)
ollama-1  | srv         alloc:  - prompt is already in the cache, skipping
ollama-1  | srv          load:  - looking for better prompt, base f_keep = 0.454, f_sim = 0.777
ollama-1  | srv          load:    - prompt with length     709, lcp =     328, f_keep = 0.463, f_sim = 0.777
ollama-1  | srv          load:    - prompt with length     700, lcp =     328, f_keep = 0.469, f_sim = 0.777
ollama-1  | srv          load:    - prompt with length     695, lcp =     328, f_keep = 0.472, f_sim = 0.777
ollama-1  | srv          load:    - prompt with length     670, lcp =     328, f_keep = 0.490, f_sim = 0.777
ollama-1  | srv          load:    - prompt with length     730, lcp =     328, f_keep = 0.449, f_sim = 0.777
ollama-1  | srv          load:    - prompt with length     779, lcp =     328, f_keep = 0.421, f_sim = 0.777
ollama-1  | srv          load:    - prompt with length     805, lcp =     328, f_keep = 0.407, f_sim = 0.777
ollama-1  | srv          load:    - prompt with length     696, lcp =     328, f_keep = 0.471, f_sim = 0.777
ollama-1  | srv          load:    - prompt with length     962, lcp =     328, f_keep = 0.341, f_sim = 0.777
ollama-1  | srv          load:    - prompt with length     705, lcp =     328, f_keep = 0.465, f_sim = 0.777
ollama-1  | srv          load:    - prompt with length     722, lcp =     328, f_keep = 0.454, f_sim = 0.777
ollama-1  | srv          load:    - prompt with length     704, lcp =     328, f_keep = 0.466, f_sim = 0.777
ollama-1  | srv          load:    - prompt with length     710, lcp =     328, f_keep = 0.462, f_sim = 0.777
ollama-1  | srv          load:    - prompt with length     752, lcp =     328, f_keep = 0.436, f_sim = 0.777
ollama-1  | srv          load:    - prompt with length     683, lcp =     328, f_keep = 0.480, f_sim = 0.777
ollama-1  | srv          load:    - prompt with length     777, lcp =     328, f_keep = 0.422, f_sim = 0.777
ollama-1  | srv          load:    - prompt with length     730, lcp =     328, f_keep = 0.449, f_sim = 0.777
ollama-1  | srv          load:    - prompt with length     661, lcp =     328, f_keep = 0.496, f_sim = 0.777
ollama-1  | srv          load:    - prompt with length     771, lcp =     328, f_keep = 0.425, f_sim = 0.777
ollama-1  | srv          load:    - prompt with length     659, lcp =     328, f_keep = 0.498, f_sim = 0.777
ollama-1  | srv          load:    - prompt with length     677, lcp =     328, f_keep = 0.484, f_sim = 0.777
ollama-1  | srv          load:    - prompt with length     740, lcp =     328, f_keep = 0.443, f_sim = 0.777
ollama-1  | srv          load:    - prompt with length     677, lcp =     328, f_keep = 0.484, f_sim = 0.777
ollama-1  | srv          load:    - prompt with length     738, lcp =     328, f_keep = 0.444, f_sim = 0.777
ollama-1  | srv          load:    - prompt with length     738, lcp =     328, f_keep = 0.444, f_sim = 0.777
ollama-1  | srv          load:    - prompt with length     777, lcp =     328, f_keep = 0.422, f_sim = 0.777
ollama-1  | srv          load:    - prompt with length     699, lcp =     328, f_keep = 0.469, f_sim = 0.777
ollama-1  | srv          load:    - prompt with length     733, lcp =     328, f_keep = 0.447, f_sim = 0.777
ollama-1  | srv          load:    - prompt with length     798, lcp =     328, f_keep = 0.411, f_sim = 0.777
ollama-1  | srv        update:  - cache state: 29 prompts, 662.660 MiB (limits: 8192.000 MiB, 4096 tokens, 262043 est)
ollama-1  | srv        update:    - prompt 0x2111c2b0:     709 tokens, checkpoints:  0,    22.165 MiB
ollama-1  | srv        update:    - prompt 0x1d133370:     700 tokens, checkpoints:  0,    21.883 MiB
ollama-1  | srv        update:    - prompt 0x1d12e2c0:     695 tokens, checkpoints:  0,    21.727 MiB
ollama-1  | srv        update:    - prompt 0x1d12d8d0:     670 tokens, checkpoints:  0,    20.946 MiB
ollama-1  | srv        update:    - prompt 0x1d708a50:     730 tokens, checkpoints:  0,    22.821 MiB
ollama-1  | srv        update:    - prompt 0x1d12ae00:     779 tokens, checkpoints:  0,    24.353 MiB
ollama-1  | srv        update:    - prompt 0x1d728d30:     805 tokens, checkpoints:  0,    25.166 MiB
ollama-1  | srv        update:    - prompt 0x2427f580:     696 tokens, checkpoints:  0,    21.758 MiB
ollama-1  | srv        update:    - prompt 0x30e39f50:     962 tokens, checkpoints:  0,    30.074 MiB
ollama-1  | srv        update:    - prompt 0x1e85d3b0:     705 tokens, checkpoints:  0,    22.040 MiB
ollama-1  | srv        update:    - prompt 0x1e7a4ad0:     722 tokens, checkpoints:  0,    22.571 MiB
ollama-1  | srv        update:    - prompt 0x24d036a0:     704 tokens, checkpoints:  0,    22.008 MiB
ollama-1  | srv        update:    - prompt 0x1e75fd60:     710 tokens, checkpoints:  0,    22.196 MiB
ollama-1  | srv        update:    - prompt 0x24367aa0:     752 tokens, checkpoints:  0,    23.509 MiB
ollama-1  | srv        update:    - prompt 0x243c6d30:     683 tokens, checkpoints:  0,    21.352 MiB
ollama-1  | srv        update:    - prompt 0x24273cf0:     777 tokens, checkpoints:  0,    24.291 MiB
ollama-1  | srv        update:    - prompt 0x1d311810:     730 tokens, checkpoints:  0,    22.821 MiB
ollama-1  | srv        update:    - prompt 0x2437a2b0:     661 tokens, checkpoints:  0,    20.664 MiB
ollama-1  | srv        update:    - prompt 0x2a2a47f0:     771 tokens, checkpoints:  0,    24.103 MiB
ollama-1  | srv        update:    - prompt 0x1e82e9b0:     659 tokens, checkpoints:  0,    20.602 MiB
ollama-1  | srv        update:    - prompt 0x1d2ee000:     677 tokens, checkpoints:  0,    21.164 MiB
ollama-1  | srv        update:    - prompt 0x2448abc0:     740 tokens, checkpoints:  0,    23.134 MiB
ollama-1  | srv        update:    - prompt 0x1e82e900:     677 tokens, checkpoints:  0,    21.164 MiB
ollama-1  | srv        update:    - prompt 0x24432260:     738 tokens, checkpoints:  0,    23.071 MiB
ollama-1  | srv        update:    - prompt 0x242f5d40:     738 tokens, checkpoints:  0,    23.071 MiB
ollama-1  | srv        update:    - prompt 0x2444bcc0:     777 tokens, checkpoints:  0,    24.291 MiB
ollama-1  | srv        update:    - prompt 0x1e8593f0:     699 tokens, checkpoints:  0,    21.852 MiB
ollama-1  | srv        update:    - prompt 0x24917360:     733 tokens, checkpoints:  0,    22.915 MiB
ollama-1  | srv        update:    - prompt 0x2443a030:     798 tokens, checkpoints:  0,    24.947 MiB
ollama-1  | srv  get_availabl: prompt cache update took 0.07 ms
ollama-1  | slot launch_slot_: id  0 | task -1 | sampler chain: logits -> ?penalties -> ?dry -> ?top-n-sigma -> top-k -> ?typical -> top-p -> ?min-p -> ?xtc -> temp-ext -> dist 
ollama-1  | slot launch_slot_: id  0 | task -1 | sampler params: 
ollama-1  | 	repeat_last_n = 64, repeat_penalty = 1.000, frequency_penalty = 0.000, presence_penalty = 0.000
ollama-1  | 	dry_multiplier = 0.000, dry_base = 1.750, dry_allowed_length = 2, dry_penalty_last_n = 64
ollama-1  | 	top_k = 40, top_p = 0.900, min_p = 0.000, xtc_probability = 0.000, xtc_threshold = 0.100, typical_p = 1.000, top_n_sigma = -1.000, temp = 0.000
ollama-1  | 	mirostat = 0, mirostat_lr = 0.100, mirostat_ent = 5.000, adaptive_target = -1.000, adaptive_decay = 0.900
ollama-1  | slot launch_slot_: id  0 | task 10942 | processing task, is_child = 0
ollama-1  | slot   operator(): id  0 | task 10942 | new prompt, n_ctx_slot = 4096, n_keep = 4, task.n_tokens = 422
ollama-1  | slot   operator(): id  0 | task 10942 | cached n_tokens = 328, memory_seq_rm [328, end)
ollama-1  | slot init_sampler: id  0 | task 10942 | init sampler, took 0.04 ms, tokens: text = 422, total = 422
ollama-1  | slot print_timing: id  0 | task 10942 | prompt eval time =     360.62 ms /    94 tokens (    3.84 ms per token,   260.66 tokens per second)
ollama-1  | slot print_timing: id  0 | task 10942 |        eval time =     169.92 ms /     8 tokens (   24.27 ms per token,    41.20 tokens per second)
ollama-1  | slot print_timing: id  0 | task 10942 |       total time =     530.54 ms /   102 tokens
ollama-1  | slot print_timing: id  0 | task 10942 |    graphs reused =       7495
ollama-1  | slot      release: id  0 | task 10942 | stop processing: n_tokens = 429, truncated = 0
ollama-1  | srv  update_slots: all slots are idle
ollama-1  | [GIN] 2026/10/07 - 10:57:57 | 200 | 19.545482556s |      172.21.0.4 | POST     "/api/generate"
ollama-1  | srv  server_strea: conv_id= (empty=1)
ollama-1  | slot get_availabl: id  0 | task -1 |  - checking sim = 0.656 (328/500) > 0.100
ollama-1  | slot get_availabl: id  0 | task -1 | selected slot by LCP similarity, f_sim_best = 0.656 (> 0.100 thold), f_keep = 0.765
ollama-1  | slot launch_slot_: id  0 | task -1 | sampler chain: logits -> ?penalties -> ?dry -> ?top-n-sigma -> top-k -> ?typical -> top-p -> ?min-p -> ?xtc -> temp-ext -> dist 
ollama-1  | slot launch_slot_: id  0 | task -1 | sampler params: 
ollama-1  | 	repeat_last_n = 64, repeat_penalty = 1.000, frequency_penalty = 0.000, presence_penalty = 0.000
ollama-1  | 	dry_multiplier = 0.000, dry_base = 1.750, dry_allowed_length = 2, dry_penalty_last_n = 64
ollama-1  | 	top_k = 40, top_p = 0.900, min_p = 0.000, xtc_probability = 0.000, xtc_threshold = 0.100, typical_p = 1.000, top_n_sigma = -1.000, temp = 0.000
ollama-1  | 	mirostat = 0, mirostat_lr = 0.100, mirostat_ent = 5.000, adaptive_target = -1.000, adaptive_decay = 0.900
ollama-1  | slot launch_slot_: id  0 | task 10951 | processing task, is_child = 0
ollama-1  | slot   operator(): id  0 | task 10951 | new prompt, n_ctx_slot = 4096, n_keep = 4, task.n_tokens = 500
ollama-1  | slot   operator(): id  0 | task 10951 | cached n_tokens = 328, memory_seq_rm [328, end)
ollama-1  | slot init_sampler: id  0 | task 10951 | init sampler, took 0.08 ms, tokens: text = 500, total = 500
ollama-1  | slot print_timing: id  0 | task 10951 | prompt eval time =     701.86 ms /   172 tokens (    4.08 ms per token,   245.06 tokens per second)
ollama-1  | slot print_timing: id  0 | task 10951 |        eval time =     156.71 ms /     8 tokens (   22.39 ms per token,    44.67 tokens per second)
ollama-1  | slot print_timing: id  0 | task 10951 |       total time =     858.56 ms /   180 tokens
ollama-1  | slot print_timing: id  0 | task 10951 |    graphs reused =       7501
ollama-1  | slot      release: id  0 | task 10951 | stop processing: n_tokens = 507, truncated = 0
ollama-1  | srv  update_slots: all slots are idle
ollama-1  | [GIN] 2026/10/07 - 10:57:58 | 200 |  18.98193737s |      172.21.0.4 | POST     "/api/generate"
ollama-1  | srv  server_strea: conv_id= (empty=1)
ollama-1  | slot get_availabl: id  0 | task -1 |  - checking sim = 0.632 (328/519) > 0.100
ollama-1  | slot get_availabl: id  0 | task -1 | selected slot by LCP similarity, f_sim_best = 0.632 (> 0.100 thold), f_keep = 0.647
ollama-1  | slot launch_slot_: id  0 | task -1 | sampler chain: logits -> ?penalties -> ?dry -> ?top-n-sigma -> top-k -> ?typical -> top-p -> ?min-p -> ?xtc -> temp-ext -> dist 
ollama-1  | slot launch_slot_: id  0 | task -1 | sampler params: 
ollama-1  | 	repeat_last_n = 64, repeat_penalty = 1.000, frequency_penalty = 0.000, presence_penalty = 0.000
ollama-1  | 	dry_multiplier = 0.000, dry_base = 1.750, dry_allowed_length = 2, dry_penalty_last_n = 64
ollama-1  | 	top_k = 40, top_p = 0.900, min_p = 0.000, xtc_probability = 0.000, xtc_threshold = 0.100, typical_p = 1.000, top_n_sigma = -1.000, temp = 0.000
ollama-1  | 	mirostat = 0, mirostat_lr = 0.100, mirostat_ent = 5.000, adaptive_target = -1.000, adaptive_decay = 0.900
ollama-1  | slot launch_slot_: id  0 | task 10960 | processing task, is_child = 0
ollama-1  | slot   operator(): id  0 | task 10960 | new prompt, n_ctx_slot = 4096, n_keep = 4, task.n_tokens = 519
ollama-1  | slot   operator(): id  0 | task 10960 | cached n_tokens = 328, memory_seq_rm [328, end)
ollama-1  | slot init_sampler: id  0 | task 10960 | init sampler, took 0.04 ms, tokens: text = 519, total = 519
ollama-1  | [GIN] 2026/10/07 - 10:57:58 | 200 |      39.666µs |       127.0.0.1 | HEAD     "/"
ollama-1  | [GIN] 2026/10/07 - 10:57:58 | 200 |    1.113258ms |       127.0.0.1 | GET      "/api/tags"
ollama-1  | slot print_timing: id  0 | task 10960 | prompt eval time =     786.36 ms /   191 tokens (    4.12 ms per token,   242.89 tokens per second)
ollama-1  | slot print_timing: id  0 | task 10960 |        eval time =     173.69 ms /     9 tokens (   21.71 ms per token,    46.06 tokens per second)
ollama-1  | slot print_timing: id  0 | task 10960 |       total time =     960.05 ms /   200 tokens
ollama-1  | slot print_timing: id  0 | task 10960 |    graphs reused =       7508
ollama-1  | slot      release: id  0 | task 10960 | stop processing: n_tokens = 527, truncated = 0
ollama-1  | srv  update_slots: all slots are idle
ollama-1  | [GIN] 2026/10/07 - 10:57:59 | 200 | 19.528814596s |      172.21.0.4 | POST     "/api/generate"
ollama-1  | srv  server_strea: conv_id= (empty=1)
ollama-1  | slot get_availabl: id  0 | task -1 |  - checking sim = 0.820 (328/400) > 0.100
ollama-1  | slot get_availabl: id  0 | task -1 | selected slot by LCP similarity, f_sim_best = 0.820 (> 0.100 thold), f_keep = 0.622
ollama-1  | slot launch_slot_: id  0 | task -1 | sampler chain: logits -> ?penalties -> ?dry -> ?top-n-sigma -> top-k -> ?typical -> top-p -> ?min-p -> ?xtc -> temp-ext -> dist 
ollama-1  | slot launch_slot_: id  0 | task -1 | sampler params: 
ollama-1  | 	repeat_last_n = 64, repeat_penalty = 1.000, frequency_penalty = 0.000, presence_penalty = 0.000
ollama-1  | 	dry_multiplier = 0.000, dry_base = 1.750, dry_allowed_length = 2, dry_penalty_last_n = 64
ollama-1  | 	top_k = 40, top_p = 0.900, min_p = 0.000, xtc_probability = 0.000, xtc_threshold = 0.100, typical_p = 1.000, top_n_sigma = -1.000, temp = 0.000
ollama-1  | 	mirostat = 0, mirostat_lr = 0.100, mirostat_ent = 5.000, adaptive_target = -1.000, adaptive_decay = 0.900
ollama-1  | slot launch_slot_: id  0 | task 10970 | processing task, is_child = 0
ollama-1  | slot   operator(): id  0 | task 10970 | new prompt, n_ctx_slot = 4096, n_keep = 4, task.n_tokens = 400
ollama-1  | slot   operator(): id  0 | task 10970 | cached n_tokens = 328, memory_seq_rm [328, end)
ollama-1  | slot init_sampler: id  0 | task 10970 | init sampler, took 0.03 ms, tokens: text = 400, total = 400
ollama-1  | slot print_timing: id  0 | task 10970 | prompt eval time =     301.78 ms /    72 tokens (    4.19 ms per token,   238.58 tokens per second)
ollama-1  | slot print_timing: id  0 | task 10970 |        eval time =     181.45 ms /     9 tokens (   22.68 ms per token,    44.09 tokens per second)
ollama-1  | slot print_timing: id  0 | task 10970 |       total time =     483.23 ms /    81 tokens
ollama-1  | slot print_timing: id  0 | task 10970 |    graphs reused =       7515
ollama-1  | slot      release: id  0 | task 10970 | stop processing: n_tokens = 408, truncated = 0
ollama-1  | srv  update_slots: all slots are idle
ollama-1  | [GIN] 2026/10/07 - 10:57:59 | 200 | 19.781178119s |      172.21.0.4 | POST     "/api/generate"
ollama-1  | srv  server_strea: conv_id= (empty=1)
ollama-1  | slot get_availabl: id  0 | task -1 |  - checking sim = 0.806 (328/407) > 0.100
ollama-1  | slot get_availabl: id  0 | task -1 | selected slot by LCP similarity, f_sim_best = 0.806 (> 0.100 thold), f_keep = 0.804
ollama-1  | slot launch_slot_: id  0 | task -1 | sampler chain: logits -> ?penalties -> ?dry -> ?top-n-sigma -> top-k -> ?typical -> top-p -> ?min-p -> ?xtc -> temp-ext -> dist 
ollama-1  | slot launch_slot_: id  0 | task -1 | sampler params: 
ollama-1  | 	repeat_last_n = 64, repeat_penalty = 1.000, frequency_penalty = 0.000, presence_penalty = 0.000
ollama-1  | 	dry_multiplier = 0.000, dry_base = 1.750, dry_allowed_length = 2, dry_penalty_last_n = 64
ollama-1  | 	top_k = 40, top_p = 0.900, min_p = 0.000, xtc_probability = 0.000, xtc_threshold = 0.100, typical_p = 1.000, top_n_sigma = -1.000, temp = 0.000
ollama-1  | 	mirostat = 0, mirostat_lr = 0.100, mirostat_ent = 5.000, adaptive_target = -1.000, adaptive_decay = 0.900
ollama-1  | slot launch_slot_: id  0 | task 10980 | processing task, is_child = 0
ollama-1  | slot   operator(): id  0 | task 10980 | new prompt, n_ctx_slot = 4096, n_keep = 4, task.n_tokens = 407
ollama-1  | slot   operator(): id  0 | task 10980 | cached n_tokens = 328, memory_seq_rm [328, end)
ollama-1  | slot init_sampler: id  0 | task 10980 | init sampler, took 0.03 ms, tokens: text = 407, total = 407
ollama-1  | slot print_timing: id  0 | task 10980 | prompt eval time =     333.85 ms /    79 tokens (    4.23 ms per token,   236.64 tokens per second)
ollama-1  | slot print_timing: id  0 | task 10980 |        eval time =     164.50 ms /     8 tokens (   23.50 ms per token,    42.55 tokens per second)
ollama-1  | slot print_timing: id  0 | task 10980 |       total time =     498.35 ms /    87 tokens
ollama-1  | slot print_timing: id  0 | task 10980 |    graphs reused =       7521
ollama-1  | slot      release: id  0 | task 10980 | stop processing: n_tokens = 414, truncated = 0
ollama-1  | srv  update_slots: all slots are idle
ollama-1  | [GIN] 2026/10/07 - 10:58:00 | 200 | 19.770412511s |      172.21.0.4 | POST     "/api/generate"
ollama-1  | srv  server_strea: conv_id= (empty=1)
ollama-1  | slot get_availabl: id  0 | task -1 |  - checking sim = 0.584 (328/562) > 0.100
ollama-1  | slot get_availabl: id  0 | task -1 | selected slot by LCP similarity, f_sim_best = 0.584 (> 0.100 thold), f_keep = 0.792
ollama-1  | slot launch_slot_: id  0 | task -1 | sampler chain: logits -> ?penalties -> ?dry -> ?top-n-sigma -> top-k -> ?typical -> top-p -> ?min-p -> ?xtc -> temp-ext -> dist 
ollama-1  | slot launch_slot_: id  0 | task -1 | sampler params: 
ollama-1  | 	repeat_last_n = 64, repeat_penalty = 1.000, frequency_penalty = 0.000, presence_penalty = 0.000
ollama-1  | 	dry_multiplier = 0.000, dry_base = 1.750, dry_allowed_length = 2, dry_penalty_last_n = 64
ollama-1  | 	top_k = 40, top_p = 0.900, min_p = 0.000, xtc_probability = 0.000, xtc_threshold = 0.100, typical_p = 1.000, top_n_sigma = -1.000, temp = 0.000
ollama-1  | 	mirostat = 0, mirostat_lr = 0.100, mirostat_ent = 5.000, adaptive_target = -1.000, adaptive_decay = 0.900
ollama-1  | slot launch_slot_: id  0 | task 10989 | processing task, is_child = 0
ollama-1  | slot   operator(): id  0 | task 10989 | new prompt, n_ctx_slot = 4096, n_keep = 4, task.n_tokens = 562
ollama-1  | slot   operator(): id  0 | task 10989 | cached n_tokens = 328, memory_seq_rm [328, end)
ollama-1  | slot init_sampler: id  0 | task 10989 | init sampler, took 0.06 ms, tokens: text = 562, total = 562
ollama-1  | slot print_timing: id  0 | task 10989 | prompt eval time =     947.66 ms /   234 tokens (    4.05 ms per token,   246.93 tokens per second)
ollama-1  | slot print_timing: id  0 | task 10989 |        eval time =     156.38 ms /     8 tokens (   22.34 ms per token,    44.76 tokens per second)
ollama-1  | slot print_timing: id  0 | task 10989 |       total time =    1104.04 ms /   242 tokens
ollama-1  | slot print_timing: id  0 | task 10989 |    graphs reused =       7527
ollama-1  | slot      release: id  0 | task 10989 | stop processing: n_tokens = 569, truncated = 0
ollama-1  | srv  update_slots: all slots are idle
ollama-1  | [GIN] 2026/10/07 - 10:58:01 | 200 | 20.604907978s |      172.21.0.4 | POST     "/api/generate"
ollama-1  | srv  server_strea: conv_id= (empty=1)
ollama-1  | slot get_availabl: id  0 | task -1 |  - checking sim = 0.841 (328/390) > 0.100
ollama-1  | slot get_availabl: id  0 | task -1 | selected slot by LCP similarity, f_sim_best = 0.841 (> 0.100 thold), f_keep = 0.576
ollama-1  | slot launch_slot_: id  0 | task -1 | sampler chain: logits -> ?penalties -> ?dry -> ?top-n-sigma -> top-k -> ?typical -> top-p -> ?min-p -> ?xtc -> temp-ext -> dist 
ollama-1  | slot launch_slot_: id  0 | task -1 | sampler params: 
ollama-1  | 	repeat_last_n = 64, repeat_penalty = 1.000, frequency_penalty = 0.000, presence_penalty = 0.000
ollama-1  | 	dry_multiplier = 0.000, dry_base = 1.750, dry_allowed_length = 2, dry_penalty_last_n = 64
ollama-1  | 	top_k = 40, top_p = 0.900, min_p = 0.000, xtc_probability = 0.000, xtc_threshold = 0.100, typical_p = 1.000, top_n_sigma = -1.000, temp = 0.000
ollama-1  | 	mirostat = 0, mirostat_lr = 0.100, mirostat_ent = 5.000, adaptive_target = -1.000, adaptive_decay = 0.900
ollama-1  | slot launch_slot_: id  0 | task 10998 | processing task, is_child = 0
ollama-1  | slot   operator(): id  0 | task 10998 | new prompt, n_ctx_slot = 4096, n_keep = 4, task.n_tokens = 390
ollama-1  | slot   operator(): id  0 | task 10998 | cached n_tokens = 328, memory_seq_rm [328, end)
ollama-1  | slot init_sampler: id  0 | task 10998 | init sampler, took 0.04 ms, tokens: text = 390, total = 390
ollama-1  | slot print_timing: id  0 | task 10998 | prompt eval time =     270.93 ms /    62 tokens (    4.37 ms per token,   228.84 tokens per second)
ollama-1  | slot print_timing: id  0 | task 10998 |        eval time =     173.87 ms /     9 tokens (   21.73 ms per token,    46.01 tokens per second)
ollama-1  | slot print_timing: id  0 | task 10998 |       total time =     444.80 ms /    71 tokens
ollama-1  | slot print_timing: id  0 | task 10998 |    graphs reused =       7534
ollama-1  | slot      release: id  0 | task 10998 | stop processing: n_tokens = 398, truncated = 0
ollama-1  | srv  update_slots: all slots are idle
ollama-1  | [GIN] 2026/10/07 - 10:58:01 | 200 | 18.245858573s |      172.21.0.4 | POST     "/api/generate"
ollama-1  | srv  server_strea: conv_id= (empty=1)
ollama-1  | slot get_availabl: id  0 | task -1 |  - checking sim = 0.521 (329/632) > 0.100
ollama-1  | slot get_availabl: id  0 | task -1 | selected slot by LCP similarity, f_sim_best = 0.521 (> 0.100 thold), f_keep = 0.827
ollama-1  | slot launch_slot_: id  0 | task -1 | sampler chain: logits -> ?penalties -> ?dry -> ?top-n-sigma -> top-k -> ?typical -> top-p -> ?min-p -> ?xtc -> temp-ext -> dist 
ollama-1  | slot launch_slot_: id  0 | task -1 | sampler params: 
ollama-1  | 	repeat_last_n = 64, repeat_penalty = 1.000, frequency_penalty = 0.000, presence_penalty = 0.000
ollama-1  | 	dry_multiplier = 0.000, dry_base = 1.750, dry_allowed_length = 2, dry_penalty_last_n = 64
ollama-1  | 	top_k = 40, top_p = 0.900, min_p = 0.000, xtc_probability = 0.000, xtc_threshold = 0.100, typical_p = 1.000, top_n_sigma = -1.000, temp = 0.000
ollama-1  | 	mirostat = 0, mirostat_lr = 0.100, mirostat_ent = 5.000, adaptive_target = -1.000, adaptive_decay = 0.900
ollama-1  | slot launch_slot_: id  0 | task 11008 | processing task, is_child = 0
ollama-1  | slot   operator(): id  0 | task 11008 | new prompt, n_ctx_slot = 4096, n_keep = 4, task.n_tokens = 632
ollama-1  | slot   operator(): id  0 | task 11008 | cached n_tokens = 329, memory_seq_rm [329, end)
ollama-1  | slot init_sampler: id  0 | task 11008 | init sampler, took 0.05 ms, tokens: text = 632, total = 632
ollama-1  | slot print_timing: id  0 | task 11008 | prompt eval time =    1244.33 ms /   303 tokens (    4.11 ms per token,   243.51 tokens per second)
ollama-1  | slot print_timing: id  0 | task 11008 |        eval time =     217.39 ms /    10 tokens (   24.15 ms per token,    41.40 tokens per second)
ollama-1  | slot print_timing: id  0 | task 11008 |       total time =    1461.72 ms /   313 tokens
ollama-1  | slot print_timing: id  0 | task 11008 |    graphs reused =       7542
ollama-1  | slot      release: id  0 | task 11008 | stop processing: n_tokens = 641, truncated = 0
ollama-1  | srv  update_slots: all slots are idle
ollama-1  | [GIN] 2026/10/07 - 10:58:03 | 200 | 19.599709688s |      172.21.0.4 | POST     "/api/generate"
ollama-1  | srv  server_strea: conv_id= (empty=1)
ollama-1  | slot get_availabl: id  0 | task -1 |  - checking sim = 0.688 (328/477) > 0.100
ollama-1  | slot get_availabl: id  0 | task -1 | selected slot by LCP similarity, f_sim_best = 0.688 (> 0.100 thold), f_keep = 0.512
ollama-1  | slot launch_slot_: id  0 | task -1 | sampler chain: logits -> ?penalties -> ?dry -> ?top-n-sigma -> top-k -> ?typical -> top-p -> ?min-p -> ?xtc -> temp-ext -> dist 
ollama-1  | slot launch_slot_: id  0 | task -1 | sampler params: 
ollama-1  | 	repeat_last_n = 64, repeat_penalty = 1.000, frequency_penalty = 0.000, presence_penalty = 0.000
ollama-1  | 	dry_multiplier = 0.000, dry_base = 1.750, dry_allowed_length = 2, dry_penalty_last_n = 64
ollama-1  | 	top_k = 40, top_p = 0.900, min_p = 0.000, xtc_probability = 0.000, xtc_threshold = 0.100, typical_p = 1.000, top_n_sigma = -1.000, temp = 0.000
ollama-1  | 	mirostat = 0, mirostat_lr = 0.100, mirostat_ent = 5.000, adaptive_target = -1.000, adaptive_decay = 0.900
ollama-1  | slot launch_slot_: id  0 | task 11019 | processing task, is_child = 0
ollama-1  | slot   operator(): id  0 | task 11019 | new prompt, n_ctx_slot = 4096, n_keep = 4, task.n_tokens = 477
ollama-1  | slot   operator(): id  0 | task 11019 | cached n_tokens = 328, memory_seq_rm [328, end)
ollama-1  | slot init_sampler: id  0 | task 11019 | init sampler, took 0.05 ms, tokens: text = 477, total = 477
ollama-1  | slot print_timing: id  0 | task 11019 | prompt eval time =     621.73 ms /   149 tokens (    4.17 ms per token,   239.65 tokens per second)
ollama-1  | slot print_timing: id  0 | task 11019 |        eval time =     161.23 ms /     8 tokens (   23.03 ms per token,    43.42 tokens per second)
ollama-1  | slot print_timing: id  0 | task 11019 |       total time =     782.96 ms /   157 tokens
ollama-1  | slot print_timing: id  0 | task 11019 |    graphs reused =       7548
ollama-1  | slot      release: id  0 | task 11019 | stop processing: n_tokens = 484, truncated = 0
ollama-1  | srv  update_slots: all slots are idle
ollama-1  | [GIN] 2026/10/07 - 10:58:03 | 200 | 19.720804432s |      172.21.0.4 | POST     "/api/generate"
ollama-1  | srv  server_strea: conv_id= (empty=1)
ollama-1  | slot get_availabl: id  0 | task -1 |  - checking sim = 0.639 (328/513) > 0.100
ollama-1  | slot get_availabl: id  0 | task -1 | selected slot by LCP similarity, f_sim_best = 0.639 (> 0.100 thold), f_keep = 0.678
ollama-1  | slot launch_slot_: id  0 | task -1 | sampler chain: logits -> ?penalties -> ?dry -> ?top-n-sigma -> top-k -> ?typical -> top-p -> ?min-p -> ?xtc -> temp-ext -> dist 
ollama-1  | slot launch_slot_: id  0 | task -1 | sampler params: 
ollama-1  | 	repeat_last_n = 64, repeat_penalty = 1.000, frequency_penalty = 0.000, presence_penalty = 0.000
ollama-1  | 	dry_multiplier = 0.000, dry_base = 1.750, dry_allowed_length = 2, dry_penalty_last_n = 64
ollama-1  | 	top_k = 40, top_p = 0.900, min_p = 0.000, xtc_probability = 0.000, xtc_threshold = 0.100, typical_p = 1.000, top_n_sigma = -1.000, temp = 0.000
ollama-1  | 	mirostat = 0, mirostat_lr = 0.100, mirostat_ent = 5.000, adaptive_target = -1.000, adaptive_decay = 0.900
ollama-1  | slot launch_slot_: id  0 | task 11028 | processing task, is_child = 0
ollama-1  | slot   operator(): id  0 | task 11028 | new prompt, n_ctx_slot = 4096, n_keep = 4, task.n_tokens = 513
ollama-1  | slot   operator(): id  0 | task 11028 | cached n_tokens = 328, memory_seq_rm [328, end)
ollama-1  | slot init_sampler: id  0 | task 11028 | init sampler, took 0.04 ms, tokens: text = 513, total = 513
ollama-1  | slot print_timing: id  0 | task 11028 | prompt eval time =     768.93 ms /   185 tokens (    4.16 ms per token,   240.59 tokens per second)
ollama-1  | slot print_timing: id  0 | task 11028 |        eval time =     155.56 ms /     8 tokens (   22.22 ms per token,    45.00 tokens per second)
ollama-1  | slot print_timing: id  0 | task 11028 |       total time =     924.49 ms /   193 tokens
ollama-1  | slot print_timing: id  0 | task 11028 |    graphs reused =       7554
ollama-1  | slot      release: id  0 | task 11028 | stop processing: n_tokens = 520, truncated = 0
ollama-1  | srv  update_slots: all slots are idle
ollama-1  | [GIN] 2026/10/07 - 10:58:04 | 200 | 19.725144375s |      172.21.0.4 | POST     "/api/generate"
ollama-1  | srv  server_strea: conv_id= (empty=1)
ollama-1  | slot get_availabl: id  0 | task -1 |  - checking sim = 0.626 (328/524) > 0.100
ollama-1  | slot get_availabl: id  0 | task -1 | selected slot by LCP similarity, f_sim_best = 0.626 (> 0.100 thold), f_keep = 0.631
ollama-1  | slot launch_slot_: id  0 | task -1 | sampler chain: logits -> ?penalties -> ?dry -> ?top-n-sigma -> top-k -> ?typical -> top-p -> ?min-p -> ?xtc -> temp-ext -> dist 
ollama-1  | slot launch_slot_: id  0 | task -1 | sampler params: 
ollama-1  | 	repeat_last_n = 64, repeat_penalty = 1.000, frequency_penalty = 0.000, presence_penalty = 0.000
ollama-1  | 	dry_multiplier = 0.000, dry_base = 1.750, dry_allowed_length = 2, dry_penalty_last_n = 64
ollama-1  | 	top_k = 40, top_p = 0.900, min_p = 0.000, xtc_probability = 0.000, xtc_threshold = 0.100, typical_p = 1.000, top_n_sigma = -1.000, temp = 0.000
ollama-1  | 	mirostat = 0, mirostat_lr = 0.100, mirostat_ent = 5.000, adaptive_target = -1.000, adaptive_decay = 0.900
ollama-1  | slot launch_slot_: id  0 | task 11037 | processing task, is_child = 0
ollama-1  | slot   operator(): id  0 | task 11037 | new prompt, n_ctx_slot = 4096, n_keep = 4, task.n_tokens = 524
ollama-1  | slot   operator(): id  0 | task 11037 | cached n_tokens = 328, memory_seq_rm [328, end)
ollama-1  | slot init_sampler: id  0 | task 11037 | init sampler, took 0.12 ms, tokens: text = 524, total = 524
ollama-1  | slot print_timing: id  0 | task 11037 | prompt eval time =     797.42 ms /   196 tokens (    4.07 ms per token,   245.79 tokens per second)
ollama-1  | slot print_timing: id  0 | task 11037 |        eval time =     151.00 ms /     8 tokens (   21.57 ms per token,    46.36 tokens per second)
ollama-1  | slot print_timing: id  0 | task 11037 |       total time =     948.42 ms /   204 tokens
ollama-1  | slot print_timing: id  0 | task 11037 |    graphs reused =       7560
ollama-1  | slot      release: id  0 | task 11037 | stop processing: n_tokens = 531, truncated = 0
ollama-1  | srv  update_slots: all slots are idle
ollama-1  | [GIN] 2026/10/07 - 10:58:05 | 200 | 20.023507428s |      172.21.0.4 | POST     "/api/generate"
ollama-1  | srv  server_strea: conv_id= (empty=1)
ollama-1  | slot get_availabl: id  0 | task -1 |  - checking sim = 0.731 (328/449) > 0.100
ollama-1  | slot get_availabl: id  0 | task -1 | selected slot by LCP similarity, f_sim_best = 0.731 (> 0.100 thold), f_keep = 0.618
ollama-1  | slot launch_slot_: id  0 | task -1 | sampler chain: logits -> ?penalties -> ?dry -> ?top-n-sigma -> top-k -> ?typical -> top-p -> ?min-p -> ?xtc -> temp-ext -> dist 
ollama-1  | slot launch_slot_: id  0 | task -1 | sampler params: 
ollama-1  | 	repeat_last_n = 64, repeat_penalty = 1.000, frequency_penalty = 0.000, presence_penalty = 0.000
ollama-1  | 	dry_multiplier = 0.000, dry_base = 1.750, dry_allowed_length = 2, dry_penalty_last_n = 64
ollama-1  | 	top_k = 40, top_p = 0.900, min_p = 0.000, xtc_probability = 0.000, xtc_threshold = 0.100, typical_p = 1.000, top_n_sigma = -1.000, temp = 0.000
ollama-1  | 	mirostat = 0, mirostat_lr = 0.100, mirostat_ent = 5.000, adaptive_target = -1.000, adaptive_decay = 0.900
ollama-1  | slot launch_slot_: id  0 | task 11046 | processing task, is_child = 0
ollama-1  | slot   operator(): id  0 | task 11046 | new prompt, n_ctx_slot = 4096, n_keep = 4, task.n_tokens = 449
ollama-1  | slot   operator(): id  0 | task 11046 | cached n_tokens = 328, memory_seq_rm [328, end)
ollama-1  | slot init_sampler: id  0 | task 11046 | init sampler, took 0.05 ms, tokens: text = 449, total = 449
ollama-1  | slot print_timing: id  0 | task 11046 | prompt eval time =     499.08 ms /   121 tokens (    4.12 ms per token,   242.45 tokens per second)
ollama-1  | slot print_timing: id  0 | task 11046 |        eval time =     188.55 ms /    10 tokens (   20.95 ms per token,    47.73 tokens per second)
ollama-1  | slot print_timing: id  0 | task 11046 |       total time =     687.63 ms /   131 tokens
ollama-1  | slot print_timing: id  0 | task 11046 |    graphs reused =       7568
ollama-1  | slot      release: id  0 | task 11046 | stop processing: n_tokens = 458, truncated = 0
ollama-1  | srv  update_slots: all slots are idle
ollama-1  | [GIN] 2026/10/07 - 10:58:06 | 200 | 19.867223304s |      172.21.0.4 | POST     "/api/generate"
ollama-1  | srv  server_strea: conv_id= (empty=1)
ollama-1  | slot get_availabl: id  0 | task -1 |  - checking sim = 0.652 (328/503) > 0.100
ollama-1  | slot get_availabl: id  0 | task -1 | selected slot by LCP similarity, f_sim_best = 0.652 (> 0.100 thold), f_keep = 0.716
ollama-1  | slot launch_slot_: id  0 | task -1 | sampler chain: logits -> ?penalties -> ?dry -> ?top-n-sigma -> top-k -> ?typical -> top-p -> ?min-p -> ?xtc -> temp-ext -> dist 
ollama-1  | slot launch_slot_: id  0 | task -1 | sampler params: 
ollama-1  | 	repeat_last_n = 64, repeat_penalty = 1.000, frequency_penalty = 0.000, presence_penalty = 0.000
ollama-1  | 	dry_multiplier = 0.000, dry_base = 1.750, dry_allowed_length = 2, dry_penalty_last_n = 64
ollama-1  | 	top_k = 40, top_p = 0.900, min_p = 0.000, xtc_probability = 0.000, xtc_threshold = 0.100, typical_p = 1.000, top_n_sigma = -1.000, temp = 0.000
ollama-1  | 	mirostat = 0, mirostat_lr = 0.100, mirostat_ent = 5.000, adaptive_target = -1.000, adaptive_decay = 0.900
ollama-1  | slot launch_slot_: id  0 | task 11057 | processing task, is_child = 0
ollama-1  | slot   operator(): id  0 | task 11057 | new prompt, n_ctx_slot = 4096, n_keep = 4, task.n_tokens = 503
ollama-1  | slot   operator(): id  0 | task 11057 | cached n_tokens = 328, memory_seq_rm [328, end)
ollama-1  | slot init_sampler: id  0 | task 11057 | init sampler, took 0.06 ms, tokens: text = 503, total = 503
ollama-1  | slot print_timing: id  0 | task 11057 | prompt eval time =     720.18 ms /   175 tokens (    4.12 ms per token,   242.99 tokens per second)
ollama-1  | slot print_timing: id  0 | task 11057 |        eval time =     169.98 ms /     9 tokens (   21.25 ms per token,    47.06 tokens per second)
ollama-1  | slot print_timing: id  0 | task 11057 |       total time =     890.17 ms /   184 tokens
ollama-1  | slot print_timing: id  0 | task 11057 |    graphs reused =       7575
ollama-1  | slot      release: id  0 | task 11057 | stop processing: n_tokens = 511, truncated = 0
ollama-1  | srv  update_slots: all slots are idle
ollama-1  | [GIN] 2026/10/07 - 10:58:07 | 200 | 20.214489219s |      172.21.0.4 | POST     "/api/generate"
ollama-1  | srv  server_strea: conv_id= (empty=1)
ollama-1  | slot get_availabl: id  0 | task -1 |  - checking sim = 0.471 (328/696) > 0.100
ollama-1  | slot get_availabl: id  0 | task -1 | selected slot by LCP similarity, f_sim_best = 0.471 (> 0.100 thold), f_keep = 0.642
ollama-1  | slot launch_slot_: id  0 | task -1 | sampler chain: logits -> ?penalties -> ?dry -> ?top-n-sigma -> top-k -> ?typical -> top-p -> ?min-p -> ?xtc -> temp-ext -> dist 
ollama-1  | slot launch_slot_: id  0 | task -1 | sampler params: 
ollama-1  | 	repeat_last_n = 64, repeat_penalty = 1.000, frequency_penalty = 0.000, presence_penalty = 0.000
ollama-1  | 	dry_multiplier = 0.000, dry_base = 1.750, dry_allowed_length = 2, dry_penalty_last_n = 64
ollama-1  | 	top_k = 40, top_p = 0.900, min_p = 0.000, xtc_probability = 0.000, xtc_threshold = 0.100, typical_p = 1.000, top_n_sigma = -1.000, temp = 0.000
ollama-1  | 	mirostat = 0, mirostat_lr = 0.100, mirostat_ent = 5.000, adaptive_target = -1.000, adaptive_decay = 0.900
ollama-1  | slot launch_slot_: id  0 | task 11067 | processing task, is_child = 0
ollama-1  | slot   operator(): id  0 | task 11067 | new prompt, n_ctx_slot = 4096, n_keep = 4, task.n_tokens = 696
ollama-1  | slot   operator(): id  0 | task 11067 | cached n_tokens = 328, memory_seq_rm [328, end)
ollama-1  | slot init_sampler: id  0 | task 11067 | init sampler, took 0.10 ms, tokens: text = 696, total = 696
ollama-1  | [GIN] 2026/10/07 - 10:58:08 | 200 |      19.882µs |       127.0.0.1 | HEAD     "/"
ollama-1  | [GIN] 2026/10/07 - 10:58:08 | 200 |    1.761627ms |       127.0.0.1 | GET      "/api/tags"
ollama-1  | slot print_timing: id  0 | task 11067 | prompt eval time =    1507.76 ms /   368 tokens (    4.10 ms per token,   244.07 tokens per second)
ollama-1  | slot print_timing: id  0 | task 11067 |        eval time =     179.03 ms /     9 tokens (   22.38 ms per token,    44.69 tokens per second)
ollama-1  | slot print_timing: id  0 | task 11067 |       total time =    1686.79 ms /   377 tokens
ollama-1  | slot print_timing: id  0 | task 11067 |    graphs reused =       7582
ollama-1  | slot      release: id  0 | task 11067 | stop processing: n_tokens = 704, truncated = 0
ollama-1  | srv  update_slots: all slots are idle
ollama-1  | [GIN] 2026/10/07 - 10:58:09 | 200 | 20.840180197s |      172.21.0.4 | POST     "/api/generate"
ollama-1  | srv  server_strea: conv_id= (empty=1)
ollama-1  | slot get_availabl: id  0 | task -1 |  - checking sim = 0.502 (328/654) > 0.100
ollama-1  | slot get_availabl: id  0 | task -1 | selected slot by LCP similarity, f_sim_best = 0.502 (> 0.100 thold), f_keep = 0.466
ollama-1  | srv  get_availabl: updating prompt cache
ollama-1  | srv   prompt_save:  - saving prompt with length 704, total state size = 22.008 MiB (draft: 0.000 MiB)
ollama-1  | srv         alloc:  - prompt is already in the cache, skipping
ollama-1  | srv          load:  - looking for better prompt, base f_keep = 0.466, f_sim = 0.502
ollama-1  | srv          load:    - prompt with length     709, lcp =     328, f_keep = 0.463, f_sim = 0.502
ollama-1  | srv          load:    - prompt with length     700, lcp =     328, f_keep = 0.469, f_sim = 0.502
ollama-1  | srv          load:    - prompt with length     695, lcp =     328, f_keep = 0.472, f_sim = 0.502
ollama-1  | srv          load:    - prompt with length     670, lcp =     328, f_keep = 0.490, f_sim = 0.502
ollama-1  | srv          load:    - prompt with length     730, lcp =     328, f_keep = 0.449, f_sim = 0.502
ollama-1  | srv          load:    - prompt with length     779, lcp =     328, f_keep = 0.421, f_sim = 0.502
ollama-1  | srv          load:    - prompt with length     805, lcp =     328, f_keep = 0.407, f_sim = 0.502
ollama-1  | srv          load:    - prompt with length     696, lcp =     328, f_keep = 0.471, f_sim = 0.502
ollama-1  | srv          load:    - prompt with length     962, lcp =     328, f_keep = 0.341, f_sim = 0.502
ollama-1  | srv          load:    - prompt with length     705, lcp =     328, f_keep = 0.465, f_sim = 0.502
ollama-1  | srv          load:    - prompt with length     722, lcp =     328, f_keep = 0.454, f_sim = 0.502
ollama-1  | srv          load:    - prompt with length     704, lcp =     328, f_keep = 0.466, f_sim = 0.502
ollama-1  | srv          load:    - prompt with length     710, lcp =     328, f_keep = 0.462, f_sim = 0.502
ollama-1  | srv          load:    - prompt with length     752, lcp =     328, f_keep = 0.436, f_sim = 0.502
ollama-1  | srv          load:    - prompt with length     683, lcp =     328, f_keep = 0.480, f_sim = 0.502
ollama-1  | srv          load:    - prompt with length     777, lcp =     328, f_keep = 0.422, f_sim = 0.502
ollama-1  | srv          load:    - prompt with length     730, lcp =     328, f_keep = 0.449, f_sim = 0.502
ollama-1  | srv          load:    - prompt with length     661, lcp =     654, f_keep = 0.989, f_sim = 1.000
ollama-1  | srv          load:    - prompt with length     771, lcp =     328, f_keep = 0.425, f_sim = 0.502
ollama-1  | srv          load:    - prompt with length     659, lcp =     328, f_keep = 0.498, f_sim = 0.502
ollama-1  | srv          load:    - prompt with length     677, lcp =     328, f_keep = 0.484, f_sim = 0.502
ollama-1  | srv          load:    - prompt with length     740, lcp =     328, f_keep = 0.443, f_sim = 0.502
ollama-1  | srv          load:    - prompt with length     677, lcp =     328, f_keep = 0.484, f_sim = 0.502
ollama-1  | srv          load:    - prompt with length     738, lcp =     328, f_keep = 0.444, f_sim = 0.502
ollama-1  | srv          load:    - prompt with length     738, lcp =     328, f_keep = 0.444, f_sim = 0.502
ollama-1  | srv          load:    - prompt with length     777, lcp =     328, f_keep = 0.422, f_sim = 0.502
ollama-1  | srv          load:    - prompt with length     699, lcp =     328, f_keep = 0.469, f_sim = 0.502
ollama-1  | srv          load:    - prompt with length     733, lcp =     328, f_keep = 0.447, f_sim = 0.502
ollama-1  | srv          load:    - prompt with length     798, lcp =     328, f_keep = 0.411, f_sim = 0.502
ollama-1  | srv          load:  - found better prompt with f_keep = 0.989, f_sim = 1.000
ollama-1  | srv        update:  - cache state: 28 prompts, 641.996 MiB (limits: 8192.000 MiB, 4096 tokens, 262043 est)
ollama-1  | srv        update:    - prompt 0x2111c2b0:     709 tokens, checkpoints:  0,    22.165 MiB
ollama-1  | srv        update:    - prompt 0x1d133370:     700 tokens, checkpoints:  0,    21.883 MiB
ollama-1  | srv        update:    - prompt 0x1d12e2c0:     695 tokens, checkpoints:  0,    21.727 MiB
ollama-1  | srv        update:    - prompt 0x1d12d8d0:     670 tokens, checkpoints:  0,    20.946 MiB
ollama-1  | srv        update:    - prompt 0x1d708a50:     730 tokens, checkpoints:  0,    22.821 MiB
ollama-1  | srv        update:    - prompt 0x1d12ae00:     779 tokens, checkpoints:  0,    24.353 MiB
ollama-1  | srv        update:    - prompt 0x1d728d30:     805 tokens, checkpoints:  0,    25.166 MiB
ollama-1  | srv        update:    - prompt 0x2427f580:     696 tokens, checkpoints:  0,    21.758 MiB
ollama-1  | srv        update:    - prompt 0x30e39f50:     962 tokens, checkpoints:  0,    30.074 MiB
ollama-1  | srv        update:    - prompt 0x1e85d3b0:     705 tokens, checkpoints:  0,    22.040 MiB
ollama-1  | srv        update:    - prompt 0x1e7a4ad0:     722 tokens, checkpoints:  0,    22.571 MiB
ollama-1  | srv        update:    - prompt 0x24d036a0:     704 tokens, checkpoints:  0,    22.008 MiB
ollama-1  | srv        update:    - prompt 0x1e75fd60:     710 tokens, checkpoints:  0,    22.196 MiB
ollama-1  | srv        update:    - prompt 0x24367aa0:     752 tokens, checkpoints:  0,    23.509 MiB
ollama-1  | srv        update:    - prompt 0x243c6d30:     683 tokens, checkpoints:  0,    21.352 MiB
ollama-1  | srv        update:    - prompt 0x24273cf0:     777 tokens, checkpoints:  0,    24.291 MiB
ollama-1  | srv        update:    - prompt 0x1d311810:     730 tokens, checkpoints:  0,    22.821 MiB
ollama-1  | srv        update:    - prompt 0x2a2a47f0:     771 tokens, checkpoints:  0,    24.103 MiB
ollama-1  | srv        update:    - prompt 0x1e82e9b0:     659 tokens, checkpoints:  0,    20.602 MiB
ollama-1  | srv        update:    - prompt 0x1d2ee000:     677 tokens, checkpoints:  0,    21.164 MiB
ollama-1  | srv        update:    - prompt 0x2448abc0:     740 tokens, checkpoints:  0,    23.134 MiB
ollama-1  | srv        update:    - prompt 0x1e82e900:     677 tokens, checkpoints:  0,    21.164 MiB
ollama-1  | srv        update:    - prompt 0x24432260:     738 tokens, checkpoints:  0,    23.071 MiB
ollama-1  | srv        update:    - prompt 0x242f5d40:     738 tokens, checkpoints:  0,    23.071 MiB
ollama-1  | srv        update:    - prompt 0x2444bcc0:     777 tokens, checkpoints:  0,    24.291 MiB
ollama-1  | srv        update:    - prompt 0x1e8593f0:     699 tokens, checkpoints:  0,    21.852 MiB
ollama-1  | srv        update:    - prompt 0x24917360:     733 tokens, checkpoints:  0,    22.915 MiB
ollama-1  | srv        update:    - prompt 0x2443a030:     798 tokens, checkpoints:  0,    24.947 MiB
ollama-1  | srv  get_availabl: prompt cache update took 4.40 ms
ollama-1  | slot launch_slot_: id  0 | task -1 | sampler chain: logits -> ?penalties -> ?dry -> ?top-n-sigma -> top-k -> ?typical -> top-p -> ?min-p -> ?xtc -> temp-ext -> dist 
ollama-1  | slot launch_slot_: id  0 | task -1 | sampler params: 
ollama-1  | 	repeat_last_n = 64, repeat_penalty = 1.000, frequency_penalty = 0.000, presence_penalty = 0.000
ollama-1  | 	dry_multiplier = 0.000, dry_base = 1.750, dry_allowed_length = 2, dry_penalty_last_n = 64
ollama-1  | 	top_k = 40, top_p = 0.900, min_p = 0.000, xtc_probability = 0.000, xtc_threshold = 0.100, typical_p = 1.000, top_n_sigma = -1.000, temp = 0.000
ollama-1  | 	mirostat = 0, mirostat_lr = 0.100, mirostat_ent = 5.000, adaptive_target = -1.000, adaptive_decay = 0.900
ollama-1  | slot launch_slot_: id  0 | task 11077 | processing task, is_child = 0
ollama-1  | slot   operator(): id  0 | task 11077 | new prompt, n_ctx_slot = 4096, n_keep = 4, task.n_tokens = 654
ollama-1  | slot   operator(): id  0 | task 11077 | need to evaluate at least 1 token for each active slot (n_past = 654, task.n_tokens() = 654)
ollama-1  | slot   operator(): id  0 | task 11077 | n_past was set to 653
ollama-1  | slot   operator(): id  0 | task 11077 | cached n_tokens = 653, memory_seq_rm [653, end)
ollama-1  | slot init_sampler: id  0 | task 11077 | init sampler, took 0.11 ms, tokens: text = 654, total = 654
ollama-1  | slot print_timing: id  0 | task 11077 | prompt eval time =      24.17 ms /     1 tokens (   24.17 ms per token,    41.37 tokens per second)
ollama-1  | slot print_timing: id  0 | task 11077 |        eval time =     154.51 ms /     8 tokens (   22.07 ms per token,    45.31 tokens per second)
ollama-1  | slot print_timing: id  0 | task 11077 |       total time =     178.68 ms /     9 tokens
ollama-1  | slot print_timing: id  0 | task 11077 |    graphs reused =       7590
ollama-1  | slot      release: id  0 | task 11077 | stop processing: n_tokens = 661, truncated = 0
ollama-1  | srv  update_slots: all slots are idle
ollama-1  | [GIN] 2026/10/07 - 10:58:09 | 200 | 20.222787947s |      172.21.0.4 | POST     "/api/generate"
ollama-1  | srv  server_strea: conv_id= (empty=1)
ollama-1  | slot get_availabl: id  0 | task -1 |  - checking sim = 0.704 (328/466) > 0.100
ollama-1  | slot get_availabl: id  0 | task -1 | selected slot by LCP similarity, f_sim_best = 0.704 (> 0.100 thold), f_keep = 0.496
ollama-1  | srv  get_availabl: updating prompt cache
ollama-1  | srv   prompt_save:  - saving prompt with length 661, total state size = 20.664 MiB (draft: 0.000 MiB)
ollama-1  | srv          load:  - looking for better prompt, base f_keep = 0.496, f_sim = 0.704
ollama-1  | srv          load:    - prompt with length     709, lcp =     328, f_keep = 0.463, f_sim = 0.704
ollama-1  | srv          load:    - prompt with length     700, lcp =     328, f_keep = 0.469, f_sim = 0.704
ollama-1  | srv          load:    - prompt with length     695, lcp =     328, f_keep = 0.472, f_sim = 0.704
ollama-1  | srv          load:    - prompt with length     670, lcp =     328, f_keep = 0.490, f_sim = 0.704
ollama-1  | srv          load:    - prompt with length     730, lcp =     328, f_keep = 0.449, f_sim = 0.704
ollama-1  | srv          load:    - prompt with length     779, lcp =     328, f_keep = 0.421, f_sim = 0.704
ollama-1  | srv          load:    - prompt with length     805, lcp =     328, f_keep = 0.407, f_sim = 0.704
ollama-1  | srv          load:    - prompt with length     696, lcp =     328, f_keep = 0.471, f_sim = 0.704
ollama-1  | srv          load:    - prompt with length     962, lcp =     328, f_keep = 0.341, f_sim = 0.704
ollama-1  | srv          load:    - prompt with length     705, lcp =     328, f_keep = 0.465, f_sim = 0.704
ollama-1  | srv          load:    - prompt with length     722, lcp =     328, f_keep = 0.454, f_sim = 0.704
ollama-1  | srv          load:    - prompt with length     704, lcp =     328, f_keep = 0.466, f_sim = 0.704
ollama-1  | srv          load:    - prompt with length     710, lcp =     328, f_keep = 0.462, f_sim = 0.704
ollama-1  | srv          load:    - prompt with length     752, lcp =     328, f_keep = 0.436, f_sim = 0.704
ollama-1  | srv          load:    - prompt with length     683, lcp =     328, f_keep = 0.480, f_sim = 0.704
ollama-1  | srv          load:    - prompt with length     777, lcp =     328, f_keep = 0.422, f_sim = 0.704
ollama-1  | srv          load:    - prompt with length     730, lcp =     329, f_keep = 0.451, f_sim = 0.706
ollama-1  | srv          load:    - prompt with length     771, lcp =     328, f_keep = 0.425, f_sim = 0.704
ollama-1  | srv          load:    - prompt with length     659, lcp =     329, f_keep = 0.499, f_sim = 0.706
ollama-1  | srv          load:    - prompt with length     677, lcp =     329, f_keep = 0.486, f_sim = 0.706
ollama-1  | srv          load:    - prompt with length     740, lcp =     328, f_keep = 0.443, f_sim = 0.704
ollama-1  | srv          load:    - prompt with length     677, lcp =     329, f_keep = 0.486, f_sim = 0.706
ollama-1  | srv          load:    - prompt with length     738, lcp =     329, f_keep = 0.446, f_sim = 0.706
ollama-1  | srv          load:    - prompt with length     738, lcp =     328, f_keep = 0.444, f_sim = 0.704
ollama-1  | srv          load:    - prompt with length     777, lcp =     329, f_keep = 0.423, f_sim = 0.706
ollama-1  | srv          load:    - prompt with length     699, lcp =     329, f_keep = 0.471, f_sim = 0.706
ollama-1  | srv          load:    - prompt with length     733, lcp =     328, f_keep = 0.447, f_sim = 0.704
ollama-1  | srv          load:    - prompt with length     798, lcp =     329, f_keep = 0.412, f_sim = 0.706
ollama-1  | srv          load:    - prompt with length     661, lcp =     328, f_keep = 0.496, f_sim = 0.704
ollama-1  | srv          load:  - found better prompt with f_keep = 0.499, f_sim = 0.706
ollama-1  | srv        update:  - cache state: 28 prompts, 642.058 MiB (limits: 8192.000 MiB, 4096 tokens, 262043 est)
ollama-1  | srv        update:    - prompt 0x2111c2b0:     709 tokens, checkpoints:  0,    22.165 MiB
ollama-1  | srv        update:    - prompt 0x1d133370:     700 tokens, checkpoints:  0,    21.883 MiB
ollama-1  | srv        update:    - prompt 0x1d12e2c0:     695 tokens, checkpoints:  0,    21.727 MiB
ollama-1  | srv        update:    - prompt 0x1d12d8d0:     670 tokens, checkpoints:  0,    20.946 MiB
ollama-1  | srv        update:    - prompt 0x1d708a50:     730 tokens, checkpoints:  0,    22.821 MiB
ollama-1  | srv        update:    - prompt 0x1d12ae00:     779 tokens, checkpoints:  0,    24.353 MiB
ollama-1  | srv        update:    - prompt 0x1d728d30:     805 tokens, checkpoints:  0,    25.166 MiB
ollama-1  | srv        update:    - prompt 0x2427f580:     696 tokens, checkpoints:  0,    21.758 MiB
ollama-1  | srv        update:    - prompt 0x30e39f50:     962 tokens, checkpoints:  0,    30.074 MiB
ollama-1  | srv        update:    - prompt 0x1e85d3b0:     705 tokens, checkpoints:  0,    22.040 MiB
ollama-1  | srv        update:    - prompt 0x1e7a4ad0:     722 tokens, checkpoints:  0,    22.571 MiB
ollama-1  | srv        update:    - prompt 0x24d036a0:     704 tokens, checkpoints:  0,    22.008 MiB
ollama-1  | srv        update:    - prompt 0x1e75fd60:     710 tokens, checkpoints:  0,    22.196 MiB
ollama-1  | srv        update:    - prompt 0x24367aa0:     752 tokens, checkpoints:  0,    23.509 MiB
ollama-1  | srv        update:    - prompt 0x243c6d30:     683 tokens, checkpoints:  0,    21.352 MiB
ollama-1  | srv        update:    - prompt 0x24273cf0:     777 tokens, checkpoints:  0,    24.291 MiB
ollama-1  | srv        update:    - prompt 0x1d311810:     730 tokens, checkpoints:  0,    22.821 MiB
ollama-1  | srv        update:    - prompt 0x2a2a47f0:     771 tokens, checkpoints:  0,    24.103 MiB
ollama-1  | srv        update:    - prompt 0x1d2ee000:     677 tokens, checkpoints:  0,    21.164 MiB
ollama-1  | srv        update:    - prompt 0x2448abc0:     740 tokens, checkpoints:  0,    23.134 MiB
ollama-1  | srv        update:    - prompt 0x1e82e900:     677 tokens, checkpoints:  0,    21.164 MiB
ollama-1  | srv        update:    - prompt 0x24432260:     738 tokens, checkpoints:  0,    23.071 MiB
ollama-1  | srv        update:    - prompt 0x242f5d40:     738 tokens, checkpoints:  0,    23.071 MiB
ollama-1  | srv        update:    - prompt 0x2444bcc0:     777 tokens, checkpoints:  0,    24.291 MiB
ollama-1  | srv        update:    - prompt 0x1e8593f0:     699 tokens, checkpoints:  0,    21.852 MiB
ollama-1  | srv        update:    - prompt 0x24917360:     733 tokens, checkpoints:  0,    22.915 MiB
ollama-1  | srv        update:    - prompt 0x2443a030:     798 tokens, checkpoints:  0,    24.947 MiB
ollama-1  | srv        update:    - prompt 0x24213850:     661 tokens, checkpoints:  0,    20.664 MiB
ollama-1  | srv  get_availabl: prompt cache update took 10.15 ms
ollama-1  | slot launch_slot_: id  0 | task -1 | sampler chain: logits -> ?penalties -> ?dry -> ?top-n-sigma -> top-k -> ?typical -> top-p -> ?min-p -> ?xtc -> temp-ext -> dist 
ollama-1  | slot launch_slot_: id  0 | task -1 | sampler params: 
ollama-1  | 	repeat_last_n = 64, repeat_penalty = 1.000, frequency_penalty = 0.000, presence_penalty = 0.000
ollama-1  | 	dry_multiplier = 0.000, dry_base = 1.750, dry_allowed_length = 2, dry_penalty_last_n = 64
ollama-1  | 	top_k = 40, top_p = 0.900, min_p = 0.000, xtc_probability = 0.000, xtc_threshold = 0.100, typical_p = 1.000, top_n_sigma = -1.000, temp = 0.000
ollama-1  | 	mirostat = 0, mirostat_lr = 0.100, mirostat_ent = 5.000, adaptive_target = -1.000, adaptive_decay = 0.900
ollama-1  | slot launch_slot_: id  0 | task 11086 | processing task, is_child = 0
ollama-1  | slot   operator(): id  0 | task 11086 | new prompt, n_ctx_slot = 4096, n_keep = 4, task.n_tokens = 466
ollama-1  | slot   operator(): id  0 | task 11086 | cached n_tokens = 329, memory_seq_rm [329, end)
ollama-1  | slot init_sampler: id  0 | task 11086 | init sampler, took 0.04 ms, tokens: text = 466, total = 466
ollama-1  | slot print_timing: id  0 | task 11086 | prompt eval time =     565.83 ms /   137 tokens (    4.13 ms per token,   242.12 tokens per second)
ollama-1  | slot print_timing: id  0 | task 11086 |        eval time =     147.29 ms /     8 tokens (   21.04 ms per token,    47.52 tokens per second)
ollama-1  | slot print_timing: id  0 | task 11086 |       total time =     713.12 ms /   145 tokens
ollama-1  | slot print_timing: id  0 | task 11086 |    graphs reused =       7596
ollama-1  | slot      release: id  0 | task 11086 | stop processing: n_tokens = 473, truncated = 0
ollama-1  | srv  update_slots: all slots are idle
ollama-1  | [GIN] 2026/10/07 - 10:58:09 | 200 | 20.690697544s |      172.21.0.4 | POST     "/api/generate"
ollama-1  | srv  server_strea: conv_id= (empty=1)
ollama-1  | slot get_availabl: id  0 | task -1 |  - checking sim = 0.467 (328/703) > 0.100
ollama-1  | slot get_availabl: id  0 | task -1 | selected slot by LCP similarity, f_sim_best = 0.467 (> 0.100 thold), f_keep = 0.693
ollama-1  | slot launch_slot_: id  0 | task -1 | sampler chain: logits -> ?penalties -> ?dry -> ?top-n-sigma -> top-k -> ?typical -> top-p -> ?min-p -> ?xtc -> temp-ext -> dist 
ollama-1  | slot launch_slot_: id  0 | task -1 | sampler params: 
ollama-1  | 	repeat_last_n = 64, repeat_penalty = 1.000, frequency_penalty = 0.000, presence_penalty = 0.000
ollama-1  | 	dry_multiplier = 0.000, dry_base = 1.750, dry_allowed_length = 2, dry_penalty_last_n = 64
ollama-1  | 	top_k = 40, top_p = 0.900, min_p = 0.000, xtc_probability = 0.000, xtc_threshold = 0.100, typical_p = 1.000, top_n_sigma = -1.000, temp = 0.000
ollama-1  | 	mirostat = 0, mirostat_lr = 0.100, mirostat_ent = 5.000, adaptive_target = -1.000, adaptive_decay = 0.900
ollama-1  | slot launch_slot_: id  0 | task 11095 | processing task, is_child = 0
ollama-1  | slot   operator(): id  0 | task 11095 | new prompt, n_ctx_slot = 4096, n_keep = 4, task.n_tokens = 703
ollama-1  | slot   operator(): id  0 | task 11095 | cached n_tokens = 328, memory_seq_rm [328, end)
ollama-1  | slot init_sampler: id  0 | task 11095 | init sampler, took 0.06 ms, tokens: text = 703, total = 703
ollama-1  | slot print_timing: id  0 | task 11095 | prompt eval time =    1473.25 ms /   375 tokens (    3.93 ms per token,   254.54 tokens per second)
ollama-1  | slot print_timing: id  0 | task 11095 |        eval time =     146.13 ms /     8 tokens (   20.88 ms per token,    47.90 tokens per second)
ollama-1  | slot print_timing: id  0 | task 11095 |       total time =    1619.38 ms /   383 tokens
ollama-1  | slot print_timing: id  0 | task 11095 |    graphs reused =       7602
ollama-1  | slot      release: id  0 | task 11095 | stop processing: n_tokens = 710, truncated = 0
ollama-1  | srv  update_slots: all slots are idle
ollama-1  | [GIN] 2026/10/07 - 10:58:11 | 200 | 21.836321577s |      172.21.0.4 | POST     "/api/generate"
ollama-1  | srv  server_strea: conv_id= (empty=1)
ollama-1  | slot get_availabl: id  0 | task -1 |  - checking sim = 0.763 (328/430) > 0.100
ollama-1  | slot get_availabl: id  0 | task -1 | selected slot by LCP similarity, f_sim_best = 0.763 (> 0.100 thold), f_keep = 0.462
ollama-1  | srv  get_availabl: updating prompt cache
ollama-1  | srv   prompt_save:  - saving prompt with length 710, total state size = 22.196 MiB (draft: 0.000 MiB)
ollama-1  | srv         alloc:  - prompt is already in the cache, skipping
ollama-1  | srv          load:  - looking for better prompt, base f_keep = 0.462, f_sim = 0.763
ollama-1  | srv          load:    - prompt with length     709, lcp =     328, f_keep = 0.463, f_sim = 0.763
ollama-1  | srv          load:    - prompt with length     700, lcp =     328, f_keep = 0.469, f_sim = 0.763
ollama-1  | srv          load:    - prompt with length     695, lcp =     328, f_keep = 0.472, f_sim = 0.763
ollama-1  | srv          load:    - prompt with length     670, lcp =     328, f_keep = 0.490, f_sim = 0.763
ollama-1  | srv          load:    - prompt with length     730, lcp =     328, f_keep = 0.449, f_sim = 0.763
ollama-1  | srv          load:    - prompt with length     779, lcp =     328, f_keep = 0.421, f_sim = 0.763
ollama-1  | srv          load:    - prompt with length     805, lcp =     328, f_keep = 0.407, f_sim = 0.763
ollama-1  | srv          load:    - prompt with length     696, lcp =     328, f_keep = 0.471, f_sim = 0.763
ollama-1  | srv          load:    - prompt with length     962, lcp =     328, f_keep = 0.341, f_sim = 0.763
ollama-1  | srv          load:    - prompt with length     705, lcp =     328, f_keep = 0.465, f_sim = 0.763
ollama-1  | srv          load:    - prompt with length     722, lcp =     328, f_keep = 0.454, f_sim = 0.763
ollama-1  | srv          load:    - prompt with length     704, lcp =     328, f_keep = 0.466, f_sim = 0.763
ollama-1  | srv          load:    - prompt with length     710, lcp =     328, f_keep = 0.462, f_sim = 0.763
ollama-1  | srv          load:    - prompt with length     752, lcp =     328, f_keep = 0.436, f_sim = 0.763
ollama-1  | srv          load:    - prompt with length     683, lcp =     328, f_keep = 0.480, f_sim = 0.763
ollama-1  | srv          load:    - prompt with length     777, lcp =     328, f_keep = 0.422, f_sim = 0.763
ollama-1  | srv          load:    - prompt with length     730, lcp =     329, f_keep = 0.451, f_sim = 0.765
ollama-1  | srv          load:    - prompt with length     771, lcp =     328, f_keep = 0.425, f_sim = 0.763
ollama-1  | srv          load:    - prompt with length     677, lcp =     329, f_keep = 0.486, f_sim = 0.765
ollama-1  | srv          load:    - prompt with length     740, lcp =     328, f_keep = 0.443, f_sim = 0.763
ollama-1  | srv          load:    - prompt with length     677, lcp =     329, f_keep = 0.486, f_sim = 0.765
ollama-1  | srv          load:    - prompt with length     738, lcp =     329, f_keep = 0.446, f_sim = 0.765
ollama-1  | srv          load:    - prompt with length     738, lcp =     328, f_keep = 0.444, f_sim = 0.763
ollama-1  | srv          load:    - prompt with length     777, lcp =     329, f_keep = 0.423, f_sim = 0.765
ollama-1  | srv          load:    - prompt with length     699, lcp =     329, f_keep = 0.471, f_sim = 0.765
ollama-1  | srv          load:    - prompt with length     733, lcp =     328, f_keep = 0.447, f_sim = 0.763
ollama-1  | srv          load:    - prompt with length     798, lcp =     329, f_keep = 0.412, f_sim = 0.765
ollama-1  | srv          load:    - prompt with length     661, lcp =     328, f_keep = 0.496, f_sim = 0.763
ollama-1  | srv          load:  - found better prompt with f_keep = 0.486, f_sim = 0.765
ollama-1  | srv        update:  - cache state: 27 prompts, 620.894 MiB (limits: 8192.000 MiB, 4096 tokens, 262043 est)
ollama-1  | srv        update:    - prompt 0x2111c2b0:     709 tokens, checkpoints:  0,    22.165 MiB
ollama-1  | srv        update:    - prompt 0x1d133370:     700 tokens, checkpoints:  0,    21.883 MiB
ollama-1  | srv        update:    - prompt 0x1d12e2c0:     695 tokens, checkpoints:  0,    21.727 MiB
ollama-1  | srv        update:    - prompt 0x1d12d8d0:     670 tokens, checkpoints:  0,    20.946 MiB
ollama-1  | srv        update:    - prompt 0x1d708a50:     730 tokens, checkpoints:  0,    22.821 MiB
ollama-1  | srv        update:    - prompt 0x1d12ae00:     779 tokens, checkpoints:  0,    24.353 MiB
ollama-1  | srv        update:    - prompt 0x1d728d30:     805 tokens, checkpoints:  0,    25.166 MiB
ollama-1  | srv        update:    - prompt 0x2427f580:     696 tokens, checkpoints:  0,    21.758 MiB
ollama-1  | srv        update:    - prompt 0x30e39f50:     962 tokens, checkpoints:  0,    30.074 MiB
ollama-1  | srv        update:    - prompt 0x1e85d3b0:     705 tokens, checkpoints:  0,    22.040 MiB
ollama-1  | srv        update:    - prompt 0x1e7a4ad0:     722 tokens, checkpoints:  0,    22.571 MiB
ollama-1  | srv        update:    - prompt 0x24d036a0:     704 tokens, checkpoints:  0,    22.008 MiB
ollama-1  | srv        update:    - prompt 0x1e75fd60:     710 tokens, checkpoints:  0,    22.196 MiB
ollama-1  | srv        update:    - prompt 0x24367aa0:     752 tokens, checkpoints:  0,    23.509 MiB
ollama-1  | srv        update:    - prompt 0x243c6d30:     683 tokens, checkpoints:  0,    21.352 MiB
ollama-1  | srv        update:    - prompt 0x24273cf0:     777 tokens, checkpoints:  0,    24.291 MiB
ollama-1  | srv        update:    - prompt 0x1d311810:     730 tokens, checkpoints:  0,    22.821 MiB
ollama-1  | srv        update:    - prompt 0x2a2a47f0:     771 tokens, checkpoints:  0,    24.103 MiB
ollama-1  | srv        update:    - prompt 0x2448abc0:     740 tokens, checkpoints:  0,    23.134 MiB
ollama-1  | srv        update:    - prompt 0x1e82e900:     677 tokens, checkpoints:  0,    21.164 MiB
ollama-1  | srv        update:    - prompt 0x24432260:     738 tokens, checkpoints:  0,    23.071 MiB
ollama-1  | srv        update:    - prompt 0x242f5d40:     738 tokens, checkpoints:  0,    23.071 MiB
ollama-1  | srv        update:    - prompt 0x2444bcc0:     777 tokens, checkpoints:  0,    24.291 MiB
ollama-1  | srv        update:    - prompt 0x1e8593f0:     699 tokens, checkpoints:  0,    21.852 MiB
ollama-1  | srv        update:    - prompt 0x24917360:     733 tokens, checkpoints:  0,    22.915 MiB
ollama-1  | srv        update:    - prompt 0x2443a030:     798 tokens, checkpoints:  0,    24.947 MiB
ollama-1  | srv        update:    - prompt 0x24213850:     661 tokens, checkpoints:  0,    20.664 MiB
ollama-1  | srv  get_availabl: prompt cache update took 2.75 ms
ollama-1  | slot launch_slot_: id  0 | task -1 | sampler chain: logits -> ?penalties -> ?dry -> ?top-n-sigma -> top-k -> ?typical -> top-p -> ?min-p -> ?xtc -> temp-ext -> dist 
ollama-1  | slot launch_slot_: id  0 | task -1 | sampler params: 
ollama-1  | 	repeat_last_n = 64, repeat_penalty = 1.000, frequency_penalty = 0.000, presence_penalty = 0.000
ollama-1  | 	dry_multiplier = 0.000, dry_base = 1.750, dry_allowed_length = 2, dry_penalty_last_n = 64
ollama-1  | 	top_k = 40, top_p = 0.900, min_p = 0.000, xtc_probability = 0.000, xtc_threshold = 0.100, typical_p = 1.000, top_n_sigma = -1.000, temp = 0.000
ollama-1  | 	mirostat = 0, mirostat_lr = 0.100, mirostat_ent = 5.000, adaptive_target = -1.000, adaptive_decay = 0.900
ollama-1  | slot launch_slot_: id  0 | task 11104 | processing task, is_child = 0
ollama-1  | slot   operator(): id  0 | task 11104 | new prompt, n_ctx_slot = 4096, n_keep = 4, task.n_tokens = 430
ollama-1  | slot   operator(): id  0 | task 11104 | cached n_tokens = 329, memory_seq_rm [329, end)
ollama-1  | slot init_sampler: id  0 | task 11104 | init sampler, took 0.03 ms, tokens: text = 430, total = 430
ollama-1  | slot print_timing: id  0 | task 11104 | prompt eval time =     403.29 ms /   101 tokens (    3.99 ms per token,   250.44 tokens per second)
ollama-1  | slot print_timing: id  0 | task 11104 |        eval time =     163.26 ms /     9 tokens (   20.41 ms per token,    49.00 tokens per second)
ollama-1  | slot print_timing: id  0 | task 11104 |       total time =     566.55 ms /   110 tokens
ollama-1  | slot print_timing: id  0 | task 11104 |    graphs reused =       7609
ollama-1  | slot      release: id  0 | task 11104 | stop processing: n_tokens = 438, truncated = 0
ollama-1  | srv  update_slots: all slots are idle
ollama-1  | [GIN] 2026/10/07 - 10:58:12 | 200 | 21.606037784s |      172.21.0.4 | POST     "/api/generate"
ollama-1  | srv  server_strea: conv_id= (empty=1)
ollama-1  | slot get_availabl: id  0 | task -1 |  - checking sim = 0.765 (328/429) > 0.100
ollama-1  | slot get_availabl: id  0 | task -1 | selected slot by LCP similarity, f_sim_best = 0.765 (> 0.100 thold), f_keep = 0.749
ollama-1  | slot launch_slot_: id  0 | task -1 | sampler chain: logits -> ?penalties -> ?dry -> ?top-n-sigma -> top-k -> ?typical -> top-p -> ?min-p -> ?xtc -> temp-ext -> dist 
ollama-1  | slot launch_slot_: id  0 | task -1 | sampler params: 
ollama-1  | 	repeat_last_n = 64, repeat_penalty = 1.000, frequency_penalty = 0.000, presence_penalty = 0.000
ollama-1  | 	dry_multiplier = 0.000, dry_base = 1.750, dry_allowed_length = 2, dry_penalty_last_n = 64
ollama-1  | 	top_k = 40, top_p = 0.900, min_p = 0.000, xtc_probability = 0.000, xtc_threshold = 0.100, typical_p = 1.000, top_n_sigma = -1.000, temp = 0.000
ollama-1  | 	mirostat = 0, mirostat_lr = 0.100, mirostat_ent = 5.000, adaptive_target = -1.000, adaptive_decay = 0.900
ollama-1  | slot launch_slot_: id  0 | task 11114 | processing task, is_child = 0
ollama-1  | slot   operator(): id  0 | task 11114 | new prompt, n_ctx_slot = 4096, n_keep = 4, task.n_tokens = 429
ollama-1  | slot   operator(): id  0 | task 11114 | cached n_tokens = 328, memory_seq_rm [328, end)
ollama-1  | slot init_sampler: id  0 | task 11114 | init sampler, took 0.05 ms, tokens: text = 429, total = 429
ollama-1  | slot print_timing: id  0 | task 11114 | prompt eval time =     404.22 ms /   101 tokens (    4.00 ms per token,   249.86 tokens per second)
ollama-1  | slot print_timing: id  0 | task 11114 |        eval time =     150.21 ms /     8 tokens (   21.46 ms per token,    46.60 tokens per second)
ollama-1  | slot print_timing: id  0 | task 11114 |       total time =     554.43 ms /   109 tokens
ollama-1  | slot print_timing: id  0 | task 11114 |    graphs reused =       7615
ollama-1  | slot      release: id  0 | task 11114 | stop processing: n_tokens = 436, truncated = 0
ollama-1  | srv  update_slots: all slots are idle
ollama-1  | [GIN] 2026/10/07 - 10:58:12 | 200 | 20.181137102s |      172.21.0.4 | POST     "/api/generate"
ollama-1  | srv  server_strea: conv_id= (empty=1)
ollama-1  | slot get_availabl: id  0 | task -1 |  - checking sim = 0.812 (328/404) > 0.100
ollama-1  | slot get_availabl: id  0 | task -1 | selected slot by LCP similarity, f_sim_best = 0.812 (> 0.100 thold), f_keep = 0.752
ollama-1  | slot launch_slot_: id  0 | task -1 | sampler chain: logits -> ?penalties -> ?dry -> ?top-n-sigma -> top-k -> ?typical -> top-p -> ?min-p -> ?xtc -> temp-ext -> dist 
ollama-1  | slot launch_slot_: id  0 | task -1 | sampler params: 
ollama-1  | 	repeat_last_n = 64, repeat_penalty = 1.000, frequency_penalty = 0.000, presence_penalty = 0.000
ollama-1  | 	dry_multiplier = 0.000, dry_base = 1.750, dry_allowed_length = 2, dry_penalty_last_n = 64
ollama-1  | 	top_k = 40, top_p = 0.900, min_p = 0.000, xtc_probability = 0.000, xtc_threshold = 0.100, typical_p = 1.000, top_n_sigma = -1.000, temp = 0.000
ollama-1  | 	mirostat = 0, mirostat_lr = 0.100, mirostat_ent = 5.000, adaptive_target = -1.000, adaptive_decay = 0.900
ollama-1  | slot launch_slot_: id  0 | task 11123 | processing task, is_child = 0
ollama-1  | slot   operator(): id  0 | task 11123 | new prompt, n_ctx_slot = 4096, n_keep = 4, task.n_tokens = 404
ollama-1  | slot   operator(): id  0 | task 11123 | cached n_tokens = 328, memory_seq_rm [328, end)
ollama-1  | slot init_sampler: id  0 | task 11123 | init sampler, took 0.03 ms, tokens: text = 404, total = 404
ollama-1  | slot print_timing: id  0 | task 11123 | prompt eval time =     305.71 ms /    76 tokens (    4.02 ms per token,   248.60 tokens per second)
ollama-1  | slot print_timing: id  0 | task 11123 |        eval time =     161.96 ms /     9 tokens (   20.24 ms per token,    49.40 tokens per second)
ollama-1  | slot print_timing: id  0 | task 11123 |       total time =     467.67 ms /    85 tokens
ollama-1  | slot print_timing: id  0 | task 11123 |    graphs reused =       7622
ollama-1  | slot      release: id  0 | task 11123 | stop processing: n_tokens = 412, truncated = 0
ollama-1  | srv  update_slots: all slots are idle
ollama-1  | [GIN] 2026/10/07 - 10:58:13 | 200 | 19.520635504s |      172.21.0.4 | POST     "/api/generate"
ollama-1  | srv  server_strea: conv_id= (empty=1)
ollama-1  | slot get_availabl: id  0 | task -1 |  - checking sim = 0.665 (328/493) > 0.100
ollama-1  | slot get_availabl: id  0 | task -1 | selected slot by LCP similarity, f_sim_best = 0.665 (> 0.100 thold), f_keep = 0.796
ollama-1  | slot launch_slot_: id  0 | task -1 | sampler chain: logits -> ?penalties -> ?dry -> ?top-n-sigma -> top-k -> ?typical -> top-p -> ?min-p -> ?xtc -> temp-ext -> dist 
ollama-1  | slot launch_slot_: id  0 | task -1 | sampler params: 
ollama-1  | 	repeat_last_n = 64, repeat_penalty = 1.000, frequency_penalty = 0.000, presence_penalty = 0.000
ollama-1  | 	dry_multiplier = 0.000, dry_base = 1.750, dry_allowed_length = 2, dry_penalty_last_n = 64
ollama-1  | 	top_k = 40, top_p = 0.900, min_p = 0.000, xtc_probability = 0.000, xtc_threshold = 0.100, typical_p = 1.000, top_n_sigma = -1.000, temp = 0.000
ollama-1  | 	mirostat = 0, mirostat_lr = 0.100, mirostat_ent = 5.000, adaptive_target = -1.000, adaptive_decay = 0.900
ollama-1  | slot launch_slot_: id  0 | task 11133 | processing task, is_child = 0
ollama-1  | slot   operator(): id  0 | task 11133 | new prompt, n_ctx_slot = 4096, n_keep = 4, task.n_tokens = 493
ollama-1  | slot   operator(): id  0 | task 11133 | cached n_tokens = 328, memory_seq_rm [328, end)
ollama-1  | slot init_sampler: id  0 | task 11133 | init sampler, took 0.04 ms, tokens: text = 493, total = 493
ollama-1  | slot print_timing: id  0 | task 11133 | prompt eval time =     657.27 ms /   165 tokens (    3.98 ms per token,   251.04 tokens per second)
ollama-1  | slot print_timing: id  0 | task 11133 |        eval time =     153.92 ms /     8 tokens (   21.99 ms per token,    45.48 tokens per second)
ollama-1  | slot print_timing: id  0 | task 11133 |       total time =     811.20 ms /   173 tokens
ollama-1  | slot print_timing: id  0 | task 11133 |    graphs reused =       7628
ollama-1  | slot      release: id  0 | task 11133 | stop processing: n_tokens = 500, truncated = 0
ollama-1  | srv  update_slots: all slots are idle
ollama-1  | [GIN] 2026/10/07 - 10:58:13 | 200 | 14.862440919s |      172.21.0.4 | POST     "/api/generate"
ollama-1  | srv  server_strea: conv_id= (empty=1)
ollama-1  | slot get_availabl: id  0 | task -1 |  - checking sim = 0.841 (328/390) > 0.100
ollama-1  | slot get_availabl: id  0 | task -1 | selected slot by LCP similarity, f_sim_best = 0.841 (> 0.100 thold), f_keep = 0.656
ollama-1  | slot launch_slot_: id  0 | task -1 | sampler chain: logits -> ?penalties -> ?dry -> ?top-n-sigma -> top-k -> ?typical -> top-p -> ?min-p -> ?xtc -> temp-ext -> dist 
ollama-1  | slot launch_slot_: id  0 | task -1 | sampler params: 
ollama-1  | 	repeat_last_n = 64, repeat_penalty = 1.000, frequency_penalty = 0.000, presence_penalty = 0.000
ollama-1  | 	dry_multiplier = 0.000, dry_base = 1.750, dry_allowed_length = 2, dry_penalty_last_n = 64
ollama-1  | 	top_k = 40, top_p = 0.900, min_p = 0.000, xtc_probability = 0.000, xtc_threshold = 0.100, typical_p = 1.000, top_n_sigma = -1.000, temp = 0.000
ollama-1  | 	mirostat = 0, mirostat_lr = 0.100, mirostat_ent = 5.000, adaptive_target = -1.000, adaptive_decay = 0.900
ollama-1  | slot launch_slot_: id  0 | task 11142 | processing task, is_child = 0
ollama-1  | slot   operator(): id  0 | task 11142 | new prompt, n_ctx_slot = 4096, n_keep = 4, task.n_tokens = 390
ollama-1  | slot   operator(): id  0 | task 11142 | cached n_tokens = 328, memory_seq_rm [328, end)
ollama-1  | slot init_sampler: id  0 | task 11142 | init sampler, took 0.05 ms, tokens: text = 390, total = 390
ollama-1  | slot print_timing: id  0 | task 11142 | prompt eval time =     262.08 ms /    62 tokens (    4.23 ms per token,   236.57 tokens per second)
ollama-1  | slot print_timing: id  0 | task 11142 |        eval time =     167.36 ms /     9 tokens (   20.92 ms per token,    47.80 tokens per second)
ollama-1  | slot print_timing: id  0 | task 11142 |       total time =     429.44 ms /    71 tokens
ollama-1  | slot print_timing: id  0 | task 11142 |    graphs reused =       7635
ollama-1  | slot      release: id  0 | task 11142 | stop processing: n_tokens = 398, truncated = 0
ollama-1  | srv  update_slots: all slots are idle
ollama-1  | [GIN] 2026/10/07 - 10:58:14 | 200 | 14.839763044s |      172.21.0.4 | POST     "/api/generate"
ollama-1  | srv  server_strea: conv_id= (empty=1)
ollama-1  | slot get_availabl: id  0 | task -1 |  - checking sim = 0.708 (328/463) > 0.100
ollama-1  | slot get_availabl: id  0 | task -1 | selected slot by LCP similarity, f_sim_best = 0.708 (> 0.100 thold), f_keep = 0.824
ollama-1  | slot launch_slot_: id  0 | task -1 | sampler chain: logits -> ?penalties -> ?dry -> ?top-n-sigma -> top-k -> ?typical -> top-p -> ?min-p -> ?xtc -> temp-ext -> dist 
ollama-1  | slot launch_slot_: id  0 | task -1 | sampler params: 
ollama-1  | 	repeat_last_n = 64, repeat_penalty = 1.000, frequency_penalty = 0.000, presence_penalty = 0.000
ollama-1  | 	dry_multiplier = 0.000, dry_base = 1.750, dry_allowed_length = 2, dry_penalty_last_n = 64
ollama-1  | 	top_k = 40, top_p = 0.900, min_p = 0.000, xtc_probability = 0.000, xtc_threshold = 0.100, typical_p = 1.000, top_n_sigma = -1.000, temp = 0.000
ollama-1  | 	mirostat = 0, mirostat_lr = 0.100, mirostat_ent = 5.000, adaptive_target = -1.000, adaptive_decay = 0.900
ollama-1  | slot launch_slot_: id  0 | task 11152 | processing task, is_child = 0
ollama-1  | slot   operator(): id  0 | task 11152 | new prompt, n_ctx_slot = 4096, n_keep = 4, task.n_tokens = 463
ollama-1  | slot   operator(): id  0 | task 11152 | cached n_tokens = 328, memory_seq_rm [328, end)
ollama-1  | slot init_sampler: id  0 | task 11152 | init sampler, took 0.05 ms, tokens: text = 463, total = 463
ollama-1  | slot print_timing: id  0 | task 11152 | prompt eval time =     544.24 ms /   135 tokens (    4.03 ms per token,   248.05 tokens per second)
ollama-1  | slot print_timing: id  0 | task 11152 |        eval time =     150.62 ms /     8 tokens (   21.52 ms per token,    46.47 tokens per second)
ollama-1  | slot print_timing: id  0 | task 11152 |       total time =     694.86 ms /   143 tokens
ollama-1  | slot print_timing: id  0 | task 11152 |    graphs reused =       7641
ollama-1  | slot      release: id  0 | task 11152 | stop processing: n_tokens = 470, truncated = 0
ollama-1  | srv  update_slots: all slots are idle
ollama-1  | [GIN] 2026/10/07 - 10:58:14 | 200 | 14.825615245s |      172.21.0.4 | POST     "/api/generate"
ollama-1  | srv  server_strea: conv_id= (empty=1)
ollama-1  | slot get_availabl: id  0 | task -1 |  - checking sim = 0.680 (328/482) > 0.100
ollama-1  | slot get_availabl: id  0 | task -1 | selected slot by LCP similarity, f_sim_best = 0.680 (> 0.100 thold), f_keep = 0.698
ollama-1  | slot launch_slot_: id  0 | task -1 | sampler chain: logits -> ?penalties -> ?dry -> ?top-n-sigma -> top-k -> ?typical -> top-p -> ?min-p -> ?xtc -> temp-ext -> dist 
ollama-1  | slot launch_slot_: id  0 | task -1 | sampler params: 
ollama-1  | 	repeat_last_n = 64, repeat_penalty = 1.000, frequency_penalty = 0.000, presence_penalty = 0.000
ollama-1  | 	dry_multiplier = 0.000, dry_base = 1.750, dry_allowed_length = 2, dry_penalty_last_n = 64
ollama-1  | 	top_k = 40, top_p = 0.900, min_p = 0.000, xtc_probability = 0.000, xtc_threshold = 0.100, typical_p = 1.000, top_n_sigma = -1.000, temp = 0.000
ollama-1  | 	mirostat = 0, mirostat_lr = 0.100, mirostat_ent = 5.000, adaptive_target = -1.000, adaptive_decay = 0.900
ollama-1  | slot launch_slot_: id  0 | task 11161 | processing task, is_child = 0
ollama-1  | slot   operator(): id  0 | task 11161 | new prompt, n_ctx_slot = 4096, n_keep = 4, task.n_tokens = 482
ollama-1  | slot   operator(): id  0 | task 11161 | cached n_tokens = 328, memory_seq_rm [328, end)
ollama-1  | slot init_sampler: id  0 | task 11161 | init sampler, took 0.04 ms, tokens: text = 482, total = 482
ollama-1  | slot print_timing: id  0 | task 11161 | prompt eval time =     611.26 ms /   154 tokens (    3.97 ms per token,   251.94 tokens per second)
ollama-1  | slot print_timing: id  0 | task 11161 |        eval time =     188.62 ms /     9 tokens (   23.58 ms per token,    42.41 tokens per second)
ollama-1  | slot print_timing: id  0 | task 11161 |       total time =     799.87 ms /   163 tokens
ollama-1  | slot print_timing: id  0 | task 11161 |    graphs reused =       7648
ollama-1  | slot      release: id  0 | task 11161 | stop processing: n_tokens = 490, truncated = 0
ollama-1  | srv  update_slots: all slots are idle
ollama-1  | [GIN] 2026/10/07 - 10:58:15 | 200 | 14.525593141s |      172.21.0.4 | POST     "/api/generate"
ollama-1  | srv  server_strea: conv_id= (empty=1)
ollama-1  | slot get_availabl: id  0 | task -1 |  - checking sim = 0.848 (328/387) > 0.100
ollama-1  | slot get_availabl: id  0 | task -1 | selected slot by LCP similarity, f_sim_best = 0.848 (> 0.100 thold), f_keep = 0.669
ollama-1  | slot launch_slot_: id  0 | task -1 | sampler chain: logits -> ?penalties -> ?dry -> ?top-n-sigma -> top-k -> ?typical -> top-p -> ?min-p -> ?xtc -> temp-ext -> dist 
ollama-1  | slot launch_slot_: id  0 | task -1 | sampler params: 
ollama-1  | 	repeat_last_n = 64, repeat_penalty = 1.000, frequency_penalty = 0.000, presence_penalty = 0.000
ollama-1  | 	dry_multiplier = 0.000, dry_base = 1.750, dry_allowed_length = 2, dry_penalty_last_n = 64
ollama-1  | 	top_k = 40, top_p = 0.900, min_p = 0.000, xtc_probability = 0.000, xtc_threshold = 0.100, typical_p = 1.000, top_n_sigma = -1.000, temp = 0.000
ollama-1  | 	mirostat = 0, mirostat_lr = 0.100, mirostat_ent = 5.000, adaptive_target = -1.000, adaptive_decay = 0.900
ollama-1  | slot launch_slot_: id  0 | task 11171 | processing task, is_child = 0
ollama-1  | slot   operator(): id  0 | task 11171 | new prompt, n_ctx_slot = 4096, n_keep = 4, task.n_tokens = 387
ollama-1  | slot   operator(): id  0 | task 11171 | cached n_tokens = 328, memory_seq_rm [328, end)
ollama-1  | slot init_sampler: id  0 | task 11171 | init sampler, took 0.04 ms, tokens: text = 387, total = 387
ollama-1  | slot print_timing: id  0 | task 11171 | prompt eval time =     254.25 ms /    59 tokens (    4.31 ms per token,   232.06 tokens per second)
ollama-1  | slot print_timing: id  0 | task 11171 |        eval time =     209.94 ms /    10 tokens (   23.33 ms per token,    42.87 tokens per second)
ollama-1  | slot print_timing: id  0 | task 11171 |       total time =     464.19 ms /    69 tokens
ollama-1  | slot print_timing: id  0 | task 11171 |    graphs reused =       7656
ollama-1  | slot      release: id  0 | task 11171 | stop processing: n_tokens = 396, truncated = 0
ollama-1  | srv  update_slots: all slots are idle
ollama-1  | [GIN] 2026/10/07 - 10:58:16 | 200 | 14.273267564s |      172.21.0.4 | POST     "/api/generate"
ollama-1  | srv  server_strea: conv_id= (empty=1)
ollama-1  | slot get_availabl: id  0 | task -1 |  - checking sim = 0.751 (329/438) > 0.100
ollama-1  | slot get_availabl: id  0 | task -1 | selected slot by LCP similarity, f_sim_best = 0.751 (> 0.100 thold), f_keep = 0.831
ollama-1  | slot launch_slot_: id  0 | task -1 | sampler chain: logits -> ?penalties -> ?dry -> ?top-n-sigma -> top-k -> ?typical -> top-p -> ?min-p -> ?xtc -> temp-ext -> dist 
ollama-1  | slot launch_slot_: id  0 | task -1 | sampler params: 
ollama-1  | 	repeat_last_n = 64, repeat_penalty = 1.000, frequency_penalty = 0.000, presence_penalty = 0.000
ollama-1  | 	dry_multiplier = 0.000, dry_base = 1.750, dry_allowed_length = 2, dry_penalty_last_n = 64
ollama-1  | 	top_k = 40, top_p = 0.900, min_p = 0.000, xtc_probability = 0.000, xtc_threshold = 0.100, typical_p = 1.000, top_n_sigma = -1.000, temp = 0.000
ollama-1  | 	mirostat = 0, mirostat_lr = 0.100, mirostat_ent = 5.000, adaptive_target = -1.000, adaptive_decay = 0.900
ollama-1  | slot launch_slot_: id  0 | task 11182 | processing task, is_child = 0
ollama-1  | slot   operator(): id  0 | task 11182 | new prompt, n_ctx_slot = 4096, n_keep = 4, task.n_tokens = 438
ollama-1  | slot   operator(): id  0 | task 11182 | cached n_tokens = 329, memory_seq_rm [329, end)
ollama-1  | slot init_sampler: id  0 | task 11182 | init sampler, took 0.03 ms, tokens: text = 438, total = 438
ollama-1  | slot print_timing: id  0 | task 11182 | prompt eval time =     442.96 ms /   109 tokens (    4.06 ms per token,   246.07 tokens per second)
ollama-1  | slot print_timing: id  0 | task 11182 |        eval time =     193.12 ms /    10 tokens (   21.46 ms per token,    46.60 tokens per second)
ollama-1  | slot print_timing: id  0 | task 11182 |       total time =     636.07 ms /   119 tokens
ollama-1  | slot print_timing: id  0 | task 11182 |    graphs reused =       7664
ollama-1  | slot      release: id  0 | task 11182 | stop processing: n_tokens = 447, truncated = 0
ollama-1  | srv  update_slots: all slots are idle
ollama-1  | [GIN] 2026/10/07 - 10:58:16 | 200 | 13.657657742s |      172.21.0.4 | POST     "/api/generate"
ollama-1  | srv  server_strea: conv_id= (empty=1)
ollama-1  | slot get_availabl: id  0 | task -1 |  - checking sim = 0.765 (329/430) > 0.100
ollama-1  | slot get_availabl: id  0 | task -1 | selected slot by LCP similarity, f_sim_best = 0.765 (> 0.100 thold), f_keep = 0.736
ollama-1  | slot launch_slot_: id  0 | task -1 | sampler chain: logits -> ?penalties -> ?dry -> ?top-n-sigma -> top-k -> ?typical -> top-p -> ?min-p -> ?xtc -> temp-ext -> dist 
ollama-1  | slot launch_slot_: id  0 | task -1 | sampler params: 
ollama-1  | 	repeat_last_n = 64, repeat_penalty = 1.000, frequency_penalty = 0.000, presence_penalty = 0.000
ollama-1  | 	dry_multiplier = 0.000, dry_base = 1.750, dry_allowed_length = 2, dry_penalty_last_n = 64
ollama-1  | 	top_k = 40, top_p = 0.900, min_p = 0.000, xtc_probability = 0.000, xtc_threshold = 0.100, typical_p = 1.000, top_n_sigma = -1.000, temp = 0.000
ollama-1  | 	mirostat = 0, mirostat_lr = 0.100, mirostat_ent = 5.000, adaptive_target = -1.000, adaptive_decay = 0.900
ollama-1  | slot launch_slot_: id  0 | task 11193 | processing task, is_child = 0
ollama-1  | slot   operator(): id  0 | task 11193 | new prompt, n_ctx_slot = 4096, n_keep = 4, task.n_tokens = 430
ollama-1  | slot   operator(): id  0 | task 11193 | cached n_tokens = 329, memory_seq_rm [329, end)
ollama-1  | slot init_sampler: id  0 | task 11193 | init sampler, took 0.05 ms, tokens: text = 430, total = 430
ollama-1  | slot print_timing: id  0 | task 11193 | prompt eval time =     413.08 ms /   101 tokens (    4.09 ms per token,   244.50 tokens per second)
ollama-1  | slot print_timing: id  0 | task 11193 |        eval time =     152.45 ms /     8 tokens (   21.78 ms per token,    45.92 tokens per second)
ollama-1  | slot print_timing: id  0 | task 11193 |       total time =     565.54 ms /   109 tokens
ollama-1  | slot print_timing: id  0 | task 11193 |    graphs reused =       7670
ollama-1  | slot      release: id  0 | task 11193 | stop processing: n_tokens = 437, truncated = 0
ollama-1  | srv  update_slots: all slots are idle
ollama-1  | [GIN] 2026/10/07 - 10:58:17 | 200 | 14.095484061s |      172.21.0.4 | POST     "/api/generate"
ollama-1  | srv  server_strea: conv_id= (empty=1)
ollama-1  | slot get_availabl: id  0 | task -1 |  - checking sim = 0.581 (328/565) > 0.100
ollama-1  | slot get_availabl: id  0 | task -1 | selected slot by LCP similarity, f_sim_best = 0.581 (> 0.100 thold), f_keep = 0.751
ollama-1  | slot launch_slot_: id  0 | task -1 | sampler chain: logits -> ?penalties -> ?dry -> ?top-n-sigma -> top-k -> ?typical -> top-p -> ?min-p -> ?xtc -> temp-ext -> dist 
ollama-1  | slot launch_slot_: id  0 | task -1 | sampler params: 
ollama-1  | 	repeat_last_n = 64, repeat_penalty = 1.000, frequency_penalty = 0.000, presence_penalty = 0.000
ollama-1  | 	dry_multiplier = 0.000, dry_base = 1.750, dry_allowed_length = 2, dry_penalty_last_n = 64
ollama-1  | 	top_k = 40, top_p = 0.900, min_p = 0.000, xtc_probability = 0.000, xtc_threshold = 0.100, typical_p = 1.000, top_n_sigma = -1.000, temp = 0.000
ollama-1  | 	mirostat = 0, mirostat_lr = 0.100, mirostat_ent = 5.000, adaptive_target = -1.000, adaptive_decay = 0.900
ollama-1  | slot launch_slot_: id  0 | task 11202 | processing task, is_child = 0
ollama-1  | slot   operator(): id  0 | task 11202 | new prompt, n_ctx_slot = 4096, n_keep = 4, task.n_tokens = 565
ollama-1  | slot   operator(): id  0 | task 11202 | cached n_tokens = 328, memory_seq_rm [328, end)
ollama-1  | slot init_sampler: id  0 | task 11202 | init sampler, took 0.04 ms, tokens: text = 565, total = 565
ollama-1  | [GIN] 2026/10/07 - 10:58:18 | 200 |      27.672µs |       127.0.0.1 | HEAD     "/"
ollama-1  | slot print_timing: id  0 | task 11202 | prompt eval time =     950.20 ms /   237 tokens (    4.01 ms per token,   249.42 tokens per second)
ollama-1  | slot print_timing: id  0 | task 11202 |        eval time =     157.13 ms /     8 tokens (   22.45 ms per token,    44.55 tokens per second)
ollama-1  | slot print_timing: id  0 | task 11202 |       total time =    1107.33 ms /   245 tokens
ollama-1  | slot print_timing: id  0 | task 11202 |    graphs reused =       7676
ollama-1  | slot      release: id  0 | task 11202 | stop processing: n_tokens = 572, truncated = 0
ollama-1  | srv  update_slots: all slots are idle
ollama-1  | [GIN] 2026/10/07 - 10:58:18 | 200 |    1.300353ms |       127.0.0.1 | GET      "/api/tags"
ollama-1  | [GIN] 2026/10/07 - 10:58:18 | 200 | 14.370048201s |      172.21.0.4 | POST     "/api/generate"
ollama-1  | srv  server_strea: conv_id= (empty=1)
ollama-1  | slot get_availabl: id  0 | task -1 |  - checking sim = 0.735 (328/446) > 0.100
ollama-1  | slot get_availabl: id  0 | task -1 | selected slot by LCP similarity, f_sim_best = 0.735 (> 0.100 thold), f_keep = 0.573
ollama-1  | slot launch_slot_: id  0 | task -1 | sampler chain: logits -> ?penalties -> ?dry -> ?top-n-sigma -> top-k -> ?typical -> top-p -> ?min-p -> ?xtc -> temp-ext -> dist 
ollama-1  | slot launch_slot_: id  0 | task -1 | sampler params: 
ollama-1  | 	repeat_last_n = 64, repeat_penalty = 1.000, frequency_penalty = 0.000, presence_penalty = 0.000
ollama-1  | 	dry_multiplier = 0.000, dry_base = 1.750, dry_allowed_length = 2, dry_penalty_last_n = 64
ollama-1  | 	top_k = 40, top_p = 0.900, min_p = 0.000, xtc_probability = 0.000, xtc_threshold = 0.100, typical_p = 1.000, top_n_sigma = -1.000, temp = 0.000
ollama-1  | 	mirostat = 0, mirostat_lr = 0.100, mirostat_ent = 5.000, adaptive_target = -1.000, adaptive_decay = 0.900
ollama-1  | slot launch_slot_: id  0 | task 11211 | processing task, is_child = 0
ollama-1  | slot   operator(): id  0 | task 11211 | new prompt, n_ctx_slot = 4096, n_keep = 4, task.n_tokens = 446
ollama-1  | slot   operator(): id  0 | task 11211 | cached n_tokens = 328, memory_seq_rm [328, end)
ollama-1  | slot init_sampler: id  0 | task 11211 | init sampler, took 0.07 ms, tokens: text = 446, total = 446
ollama-1  | slot print_timing: id  0 | task 11211 | prompt eval time =     472.62 ms /   118 tokens (    4.01 ms per token,   249.67 tokens per second)
ollama-1  | slot print_timing: id  0 | task 11211 |        eval time =     166.73 ms /     9 tokens (   20.84 ms per token,    47.98 tokens per second)
ollama-1  | slot print_timing: id  0 | task 11211 |       total time =     639.35 ms /   127 tokens
ollama-1  | slot print_timing: id  0 | task 11211 |    graphs reused =       7683
ollama-1  | slot      release: id  0 | task 11211 | stop processing: n_tokens = 454, truncated = 0
ollama-1  | srv  update_slots: all slots are idle
ollama-1  | [GIN] 2026/10/07 - 10:58:19 | 200 | 14.703460325s |      172.21.0.4 | POST     "/api/generate"
ollama-1  | srv  server_strea: conv_id= (empty=1)
ollama-1  | slot get_availabl: id  0 | task -1 |  - checking sim = 0.781 (328/420) > 0.100
ollama-1  | slot get_availabl: id  0 | task -1 | selected slot by LCP similarity, f_sim_best = 0.781 (> 0.100 thold), f_keep = 0.722
ollama-1  | slot launch_slot_: id  0 | task -1 | sampler chain: logits -> ?penalties -> ?dry -> ?top-n-sigma -> top-k -> ?typical -> top-p -> ?min-p -> ?xtc -> temp-ext -> dist 
ollama-1  | slot launch_slot_: id  0 | task -1 | sampler params: 
ollama-1  | 	repeat_last_n = 64, repeat_penalty = 1.000, frequency_penalty = 0.000, presence_penalty = 0.000
ollama-1  | 	dry_multiplier = 0.000, dry_base = 1.750, dry_allowed_length = 2, dry_penalty_last_n = 64
ollama-1  | 	top_k = 40, top_p = 0.900, min_p = 0.000, xtc_probability = 0.000, xtc_threshold = 0.100, typical_p = 1.000, top_n_sigma = -1.000, temp = 0.000
ollama-1  | 	mirostat = 0, mirostat_lr = 0.100, mirostat_ent = 5.000, adaptive_target = -1.000, adaptive_decay = 0.900
ollama-1  | slot launch_slot_: id  0 | task 11221 | processing task, is_child = 0
ollama-1  | slot   operator(): id  0 | task 11221 | new prompt, n_ctx_slot = 4096, n_keep = 4, task.n_tokens = 420
ollama-1  | slot   operator(): id  0 | task 11221 | cached n_tokens = 328, memory_seq_rm [328, end)
ollama-1  | slot init_sampler: id  0 | task 11221 | init sampler, took 0.05 ms, tokens: text = 420, total = 420
ollama-1  | slot print_timing: id  0 | task 11221 | prompt eval time =     376.14 ms /    92 tokens (    4.09 ms per token,   244.59 tokens per second)
ollama-1  | slot print_timing: id  0 | task 11221 |        eval time =     174.06 ms /     9 tokens (   21.76 ms per token,    45.96 tokens per second)
ollama-1  | slot print_timing: id  0 | task 11221 |       total time =     550.20 ms /   101 tokens
ollama-1  | slot print_timing: id  0 | task 11221 |    graphs reused =       7690
ollama-1  | slot      release: id  0 | task 11221 | stop processing: n_tokens = 428, truncated = 0
ollama-1  | srv  update_slots: all slots are idle
ollama-1  | [GIN] 2026/10/07 - 10:58:19 | 200 | 12.612138608s |      172.21.0.4 | POST     "/api/generate"
ollama-1  | srv  server_strea: conv_id= (empty=1)
ollama-1  | slot get_availabl: id  0 | task -1 |  - checking sim = 0.535 (328/613) > 0.100
ollama-1  | slot get_availabl: id  0 | task -1 | selected slot by LCP similarity, f_sim_best = 0.535 (> 0.100 thold), f_keep = 0.766
ollama-1  | slot launch_slot_: id  0 | task -1 | sampler chain: logits -> ?penalties -> ?dry -> ?top-n-sigma -> top-k -> ?typical -> top-p -> ?min-p -> ?xtc -> temp-ext -> dist 
ollama-1  | slot launch_slot_: id  0 | task -1 | sampler params: 
ollama-1  | 	repeat_last_n = 64, repeat_penalty = 1.000, frequency_penalty = 0.000, presence_penalty = 0.000
ollama-1  | 	dry_multiplier = 0.000, dry_base = 1.750, dry_allowed_length = 2, dry_penalty_last_n = 64
ollama-1  | 	top_k = 40, top_p = 0.900, min_p = 0.000, xtc_probability = 0.000, xtc_threshold = 0.100, typical_p = 1.000, top_n_sigma = -1.000, temp = 0.000
ollama-1  | 	mirostat = 0, mirostat_lr = 0.100, mirostat_ent = 5.000, adaptive_target = -1.000, adaptive_decay = 0.900
ollama-1  | slot launch_slot_: id  0 | task 11231 | processing task, is_child = 0
ollama-1  | slot   operator(): id  0 | task 11231 | new prompt, n_ctx_slot = 4096, n_keep = 4, task.n_tokens = 613
ollama-1  | slot   operator(): id  0 | task 11231 | cached n_tokens = 328, memory_seq_rm [328, end)
ollama-1  | slot init_sampler: id  0 | task 11231 | init sampler, took 0.06 ms, tokens: text = 613, total = 613
ollama-1  | slot print_timing: id  0 | task 11231 | prompt eval time =    1151.41 ms /   285 tokens (    4.04 ms per token,   247.52 tokens per second)
ollama-1  | slot print_timing: id  0 | task 11231 |        eval time =     156.88 ms /     8 tokens (   22.41 ms per token,    44.62 tokens per second)
ollama-1  | slot print_timing: id  0 | task 11231 |       total time =    1308.29 ms /   293 tokens
ollama-1  | slot print_timing: id  0 | task 11231 |    graphs reused =       7696
ollama-1  | slot      release: id  0 | task 11231 | stop processing: n_tokens = 620, truncated = 0
ollama-1  | srv  update_slots: all slots are idle
ollama-1  | [GIN] 2026/10/07 - 10:58:21 | 200 | 13.541698401s |      172.21.0.4 | POST     "/api/generate"
ollama-1  | srv  server_strea: conv_id= (empty=1)
ollama-1  | slot get_availabl: id  0 | task -1 |  - checking sim = 0.696 (328/471) > 0.100
ollama-1  | slot get_availabl: id  0 | task -1 | selected slot by LCP similarity, f_sim_best = 0.696 (> 0.100 thold), f_keep = 0.529
ollama-1  | slot launch_slot_: id  0 | task -1 | sampler chain: logits -> ?penalties -> ?dry -> ?top-n-sigma -> top-k -> ?typical -> top-p -> ?min-p -> ?xtc -> temp-ext -> dist 
ollama-1  | slot launch_slot_: id  0 | task -1 | sampler params: 
ollama-1  | 	repeat_last_n = 64, repeat_penalty = 1.000, frequency_penalty = 0.000, presence_penalty = 0.000
ollama-1  | 	dry_multiplier = 0.000, dry_base = 1.750, dry_allowed_length = 2, dry_penalty_last_n = 64
ollama-1  | 	top_k = 40, top_p = 0.900, min_p = 0.000, xtc_probability = 0.000, xtc_threshold = 0.100, typical_p = 1.000, top_n_sigma = -1.000, temp = 0.000
ollama-1  | 	mirostat = 0, mirostat_lr = 0.100, mirostat_ent = 5.000, adaptive_target = -1.000, adaptive_decay = 0.900
ollama-1  | slot launch_slot_: id  0 | task 11240 | processing task, is_child = 0
ollama-1  | slot   operator(): id  0 | task 11240 | new prompt, n_ctx_slot = 4096, n_keep = 4, task.n_tokens = 471
ollama-1  | slot   operator(): id  0 | task 11240 | cached n_tokens = 328, memory_seq_rm [328, end)
ollama-1  | slot init_sampler: id  0 | task 11240 | init sampler, took 0.04 ms, tokens: text = 471, total = 471
ollama-1  | slot print_timing: id  0 | task 11240 | prompt eval time =     588.08 ms /   143 tokens (    4.11 ms per token,   243.17 tokens per second)
ollama-1  | slot print_timing: id  0 | task 11240 |        eval time =     154.74 ms /     8 tokens (   22.11 ms per token,    45.24 tokens per second)
ollama-1  | slot print_timing: id  0 | task 11240 |       total time =     742.82 ms /   151 tokens
ollama-1  | slot print_timing: id  0 | task 11240 |    graphs reused =       7702
ollama-1  | slot      release: id  0 | task 11240 | stop processing: n_tokens = 478, truncated = 0
ollama-1  | srv  update_slots: all slots are idle
ollama-1  | [GIN] 2026/10/07 - 10:58:21 | 200 | 12.559933403s |      172.21.0.4 | POST     "/api/generate"
ollama-1  | srv  server_strea: conv_id= (empty=1)
ollama-1  | slot get_availabl: id  0 | task -1 |  - checking sim = 0.832 (328/394) > 0.100
ollama-1  | slot get_availabl: id  0 | task -1 | selected slot by LCP similarity, f_sim_best = 0.832 (> 0.100 thold), f_keep = 0.686
ollama-1  | slot launch_slot_: id  0 | task -1 | sampler chain: logits -> ?penalties -> ?dry -> ?top-n-sigma -> top-k -> ?typical -> top-p -> ?min-p -> ?xtc -> temp-ext -> dist 
ollama-1  | slot launch_slot_: id  0 | task -1 | sampler params: 
ollama-1  | 	repeat_last_n = 64, repeat_penalty = 1.000, frequency_penalty = 0.000, presence_penalty = 0.000
ollama-1  | 	dry_multiplier = 0.000, dry_base = 1.750, dry_allowed_length = 2, dry_penalty_last_n = 64
ollama-1  | 	top_k = 40, top_p = 0.900, min_p = 0.000, xtc_probability = 0.000, xtc_threshold = 0.100, typical_p = 1.000, top_n_sigma = -1.000, temp = 0.000
ollama-1  | 	mirostat = 0, mirostat_lr = 0.100, mirostat_ent = 5.000, adaptive_target = -1.000, adaptive_decay = 0.900
ollama-1  | slot launch_slot_: id  0 | task 11249 | processing task, is_child = 0
ollama-1  | slot   operator(): id  0 | task 11249 | new prompt, n_ctx_slot = 4096, n_keep = 4, task.n_tokens = 394
ollama-1  | slot   operator(): id  0 | task 11249 | cached n_tokens = 328, memory_seq_rm [328, end)
ollama-1  | slot init_sampler: id  0 | task 11249 | init sampler, took 0.05 ms, tokens: text = 394, total = 394
ollama-1  | slot print_timing: id  0 | task 11249 | prompt eval time =     270.57 ms /    66 tokens (    4.10 ms per token,   243.93 tokens per second)
ollama-1  | slot print_timing: id  0 | task 11249 |        eval time =     155.48 ms /     8 tokens (   22.21 ms per token,    45.02 tokens per second)
ollama-1  | slot print_timing: id  0 | task 11249 |       total time =     426.05 ms /    74 tokens
ollama-1  | slot print_timing: id  0 | task 11249 |    graphs reused =       7708
ollama-1  | slot      release: id  0 | task 11249 | stop processing: n_tokens = 401, truncated = 0
ollama-1  | srv  update_slots: all slots are idle
ollama-1  | [GIN] 2026/10/07 - 10:58:22 | 200 |  9.518551132s |      172.21.0.4 | POST     "/api/generate"
ollama-1  | srv  server_strea: conv_id= (empty=1)
ollama-1  | slot get_availabl: id  0 | task -1 |  - checking sim = 0.626 (328/524) > 0.100
ollama-1  | slot get_availabl: id  0 | task -1 | selected slot by LCP similarity, f_sim_best = 0.626 (> 0.100 thold), f_keep = 0.818
ollama-1  | slot launch_slot_: id  0 | task -1 | sampler chain: logits -> ?penalties -> ?dry -> ?top-n-sigma -> top-k -> ?typical -> top-p -> ?min-p -> ?xtc -> temp-ext -> dist 
ollama-1  | slot launch_slot_: id  0 | task -1 | sampler params: 
ollama-1  | 	repeat_last_n = 64, repeat_penalty = 1.000, frequency_penalty = 0.000, presence_penalty = 0.000
ollama-1  | 	dry_multiplier = 0.000, dry_base = 1.750, dry_allowed_length = 2, dry_penalty_last_n = 64
ollama-1  | 	top_k = 40, top_p = 0.900, min_p = 0.000, xtc_probability = 0.000, xtc_threshold = 0.100, typical_p = 1.000, top_n_sigma = -1.000, temp = 0.000
ollama-1  | 	mirostat = 0, mirostat_lr = 0.100, mirostat_ent = 5.000, adaptive_target = -1.000, adaptive_decay = 0.900
ollama-1  | slot launch_slot_: id  0 | task 11258 | processing task, is_child = 0
ollama-1  | slot   operator(): id  0 | task 11258 | new prompt, n_ctx_slot = 4096, n_keep = 4, task.n_tokens = 524
ollama-1  | slot   operator(): id  0 | task 11258 | cached n_tokens = 328, memory_seq_rm [328, end)
ollama-1  | slot init_sampler: id  0 | task 11258 | init sampler, took 0.04 ms, tokens: text = 524, total = 524
ollama-1  | slot print_timing: id  0 | task 11258 | prompt eval time =     785.53 ms /   196 tokens (    4.01 ms per token,   249.51 tokens per second)
ollama-1  | slot print_timing: id  0 | task 11258 |        eval time =     202.15 ms /    10 tokens (   22.46 ms per token,    44.52 tokens per second)
ollama-1  | slot print_timing: id  0 | task 11258 |       total time =     987.68 ms /   206 tokens
ollama-1  | slot print_timing: id  0 | task 11258 |    graphs reused =       7716
ollama-1  | slot      release: id  0 | task 11258 | stop processing: n_tokens = 533, truncated = 0
ollama-1  | srv  update_slots: all slots are idle
ollama-1  | [GIN] 2026/10/07 - 10:58:23 | 200 |  9.279523876s |      172.21.0.4 | POST     "/api/generate"
ollama-1  | srv  server_strea: conv_id= (empty=1)
ollama-1  | slot get_availabl: id  0 | task -1 |  - checking sim = 0.777 (328/422) > 0.100
ollama-1  | slot get_availabl: id  0 | task -1 | selected slot by LCP similarity, f_sim_best = 0.777 (> 0.100 thold), f_keep = 0.615
ollama-1  | slot launch_slot_: id  0 | task -1 | sampler chain: logits -> ?penalties -> ?dry -> ?top-n-sigma -> top-k -> ?typical -> top-p -> ?min-p -> ?xtc -> temp-ext -> dist 
ollama-1  | slot launch_slot_: id  0 | task -1 | sampler params: 
ollama-1  | 	repeat_last_n = 64, repeat_penalty = 1.000, frequency_penalty = 0.000, presence_penalty = 0.000
ollama-1  | 	dry_multiplier = 0.000, dry_base = 1.750, dry_allowed_length = 2, dry_penalty_last_n = 64
ollama-1  | 	top_k = 40, top_p = 0.900, min_p = 0.000, xtc_probability = 0.000, xtc_threshold = 0.100, typical_p = 1.000, top_n_sigma = -1.000, temp = 0.000
ollama-1  | 	mirostat = 0, mirostat_lr = 0.100, mirostat_ent = 5.000, adaptive_target = -1.000, adaptive_decay = 0.900
ollama-1  | slot launch_slot_: id  0 | task 11269 | processing task, is_child = 0
ollama-1  | slot   operator(): id  0 | task 11269 | new prompt, n_ctx_slot = 4096, n_keep = 4, task.n_tokens = 422
ollama-1  | slot   operator(): id  0 | task 11269 | cached n_tokens = 328, memory_seq_rm [328, end)
ollama-1  | slot init_sampler: id  0 | task 11269 | init sampler, took 0.05 ms, tokens: text = 422, total = 422
ollama-1  | slot print_timing: id  0 | task 11269 | prompt eval time =     384.57 ms /    94 tokens (    4.09 ms per token,   244.43 tokens per second)
ollama-1  | slot print_timing: id  0 | task 11269 |        eval time =     174.20 ms /     9 tokens (   21.77 ms per token,    45.92 tokens per second)
ollama-1  | slot print_timing: id  0 | task 11269 |       total time =     558.77 ms /   103 tokens
ollama-1  | slot print_timing: id  0 | task 11269 |    graphs reused =       7723
ollama-1  | slot      release: id  0 | task 11269 | stop processing: n_tokens = 430, truncated = 0
ollama-1  | srv  update_slots: all slots are idle
ollama-1  | [GIN] 2026/10/07 - 10:58:23 | 200 |  9.781796821s |      172.21.0.4 | POST     "/api/generate"
ollama-1  | srv  server_strea: conv_id= (empty=1)
ollama-1  | slot get_availabl: id  0 | task -1 |  - checking sim = 0.669 (328/490) > 0.100
ollama-1  | slot get_availabl: id  0 | task -1 | selected slot by LCP similarity, f_sim_best = 0.669 (> 0.100 thold), f_keep = 0.763
ollama-1  | slot launch_slot_: id  0 | task -1 | sampler chain: logits -> ?penalties -> ?dry -> ?top-n-sigma -> top-k -> ?typical -> top-p -> ?min-p -> ?xtc -> temp-ext -> dist 
ollama-1  | slot launch_slot_: id  0 | task -1 | sampler params: 
ollama-1  | 	repeat_last_n = 64, repeat_penalty = 1.000, frequency_penalty = 0.000, presence_penalty = 0.000
ollama-1  | 	dry_multiplier = 0.000, dry_base = 1.750, dry_allowed_length = 2, dry_penalty_last_n = 64
ollama-1  | 	top_k = 40, top_p = 0.900, min_p = 0.000, xtc_probability = 0.000, xtc_threshold = 0.100, typical_p = 1.000, top_n_sigma = -1.000, temp = 0.000
ollama-1  | 	mirostat = 0, mirostat_lr = 0.100, mirostat_ent = 5.000, adaptive_target = -1.000, adaptive_decay = 0.900
ollama-1  | slot launch_slot_: id  0 | task 11279 | processing task, is_child = 0
ollama-1  | slot   operator(): id  0 | task 11279 | new prompt, n_ctx_slot = 4096, n_keep = 4, task.n_tokens = 490
ollama-1  | slot   operator(): id  0 | task 11279 | cached n_tokens = 328, memory_seq_rm [328, end)
ollama-1  | slot init_sampler: id  0 | task 11279 | init sampler, took 0.04 ms, tokens: text = 490, total = 490
ollama-1  | slot print_timing: id  0 | task 11279 | prompt eval time =     660.72 ms /   162 tokens (    4.08 ms per token,   245.19 tokens per second)
ollama-1  | slot print_timing: id  0 | task 11279 |        eval time =     193.25 ms /    10 tokens (   21.47 ms per token,    46.57 tokens per second)
ollama-1  | slot print_timing: id  0 | task 11279 |       total time =     853.96 ms /   172 tokens
ollama-1  | slot print_timing: id  0 | task 11279 |    graphs reused =       7731
ollama-1  | slot      release: id  0 | task 11279 | stop processing: n_tokens = 499, truncated = 0
ollama-1  | srv  update_slots: all slots are idle
ollama-1  | [GIN] 2026/10/07 - 10:58:24 | 200 |  9.423979106s |      172.21.0.4 | POST     "/api/generate"
ollama-1  | srv  server_strea: conv_id= (empty=1)
ollama-1  | slot get_availabl: id  0 | task -1 |  - checking sim = 0.716 (328/458) > 0.100
ollama-1  | slot get_availabl: id  0 | task -1 | selected slot by LCP similarity, f_sim_best = 0.716 (> 0.100 thold), f_keep = 0.657
ollama-1  | slot launch_slot_: id  0 | task -1 | sampler chain: logits -> ?penalties -> ?dry -> ?top-n-sigma -> top-k -> ?typical -> top-p -> ?min-p -> ?xtc -> temp-ext -> dist 
ollama-1  | slot launch_slot_: id  0 | task -1 | sampler params: 
ollama-1  | 	repeat_last_n = 64, repeat_penalty = 1.000, frequency_penalty = 0.000, presence_penalty = 0.000
ollama-1  | 	dry_multiplier = 0.000, dry_base = 1.750, dry_allowed_length = 2, dry_penalty_last_n = 64
ollama-1  | 	top_k = 40, top_p = 0.900, min_p = 0.000, xtc_probability = 0.000, xtc_threshold = 0.100, typical_p = 1.000, top_n_sigma = -1.000, temp = 0.000
ollama-1  | 	mirostat = 0, mirostat_lr = 0.100, mirostat_ent = 5.000, adaptive_target = -1.000, adaptive_decay = 0.900
ollama-1  | slot launch_slot_: id  0 | task 11290 | processing task, is_child = 0
ollama-1  | slot   operator(): id  0 | task 11290 | new prompt, n_ctx_slot = 4096, n_keep = 4, task.n_tokens = 458
ollama-1  | slot   operator(): id  0 | task 11290 | cached n_tokens = 328, memory_seq_rm [328, end)
ollama-1  | slot init_sampler: id  0 | task 11290 | init sampler, took 0.05 ms, tokens: text = 458, total = 458
ollama-1  | slot print_timing: id  0 | task 11290 | prompt eval time =     537.22 ms /   130 tokens (    4.13 ms per token,   241.99 tokens per second)
ollama-1  | slot print_timing: id  0 | task 11290 |        eval time =     155.05 ms /     8 tokens (   22.15 ms per token,    45.15 tokens per second)
ollama-1  | slot print_timing: id  0 | task 11290 |       total time =     692.27 ms /   138 tokens
ollama-1  | slot print_timing: id  0 | task 11290 |    graphs reused =       7737
ollama-1  | slot      release: id  0 | task 11290 | stop processing: n_tokens = 465, truncated = 0
ollama-1  | srv  update_slots: all slots are idle
ollama-1  | [GIN] 2026/10/07 - 10:58:25 | 200 | 10.015178513s |      172.21.0.4 | POST     "/api/generate"
ollama-1  | srv  server_strea: conv_id= (empty=1)
ollama-1  | slot get_availabl: id  0 | task -1 |  - checking sim = 0.679 (328/483) > 0.100
ollama-1  | slot get_availabl: id  0 | task -1 | selected slot by LCP similarity, f_sim_best = 0.679 (> 0.100 thold), f_keep = 0.705
ollama-1  | slot launch_slot_: id  0 | task -1 | sampler chain: logits -> ?penalties -> ?dry -> ?top-n-sigma -> top-k -> ?typical -> top-p -> ?min-p -> ?xtc -> temp-ext -> dist 
ollama-1  | slot launch_slot_: id  0 | task -1 | sampler params: 
ollama-1  | 	repeat_last_n = 64, repeat_penalty = 1.000, frequency_penalty = 0.000, presence_penalty = 0.000
ollama-1  | 	dry_multiplier = 0.000, dry_base = 1.750, dry_allowed_length = 2, dry_penalty_last_n = 64
ollama-1  | 	top_k = 40, top_p = 0.900, min_p = 0.000, xtc_probability = 0.000, xtc_threshold = 0.100, typical_p = 1.000, top_n_sigma = -1.000, temp = 0.000
ollama-1  | 	mirostat = 0, mirostat_lr = 0.100, mirostat_ent = 5.000, adaptive_target = -1.000, adaptive_decay = 0.900
ollama-1  | slot launch_slot_: id  0 | task 11299 | processing task, is_child = 0
ollama-1  | slot   operator(): id  0 | task 11299 | new prompt, n_ctx_slot = 4096, n_keep = 4, task.n_tokens = 483
ollama-1  | slot   operator(): id  0 | task 11299 | cached n_tokens = 328, memory_seq_rm [328, end)
ollama-1  | slot init_sampler: id  0 | task 11299 | init sampler, took 0.05 ms, tokens: text = 483, total = 483
ollama-1  | slot print_timing: id  0 | task 11299 | prompt eval time =     636.28 ms /   155 tokens (    4.11 ms per token,   243.60 tokens per second)
ollama-1  | slot print_timing: id  0 | task 11299 |        eval time =     191.67 ms /    10 tokens (   21.30 ms per token,    46.95 tokens per second)
ollama-1  | slot print_timing: id  0 | task 11299 |       total time =     827.95 ms /   165 tokens
ollama-1  | slot print_timing: id  0 | task 11299 |    graphs reused =       7745
ollama-1  | slot      release: id  0 | task 11299 | stop processing: n_tokens = 492, truncated = 0
ollama-1  | srv  update_slots: all slots are idle
ollama-1  | [GIN] 2026/10/07 - 10:58:26 | 200 |  9.893175957s |      172.21.0.4 | POST     "/api/generate"
ollama-1  | srv  server_strea: conv_id= (empty=1)
ollama-1  | slot get_availabl: id  0 | task -1 |  - checking sim = 0.856 (328/383) > 0.100
ollama-1  | slot get_availabl: id  0 | task -1 | selected slot by LCP similarity, f_sim_best = 0.856 (> 0.100 thold), f_keep = 0.667
ollama-1  | slot launch_slot_: id  0 | task -1 | sampler chain: logits -> ?penalties -> ?dry -> ?top-n-sigma -> top-k -> ?typical -> top-p -> ?min-p -> ?xtc -> temp-ext -> dist 
ollama-1  | slot launch_slot_: id  0 | task -1 | sampler params: 
ollama-1  | 	repeat_last_n = 64, repeat_penalty = 1.000, frequency_penalty = 0.000, presence_penalty = 0.000
ollama-1  | 	dry_multiplier = 0.000, dry_base = 1.750, dry_allowed_length = 2, dry_penalty_last_n = 64
ollama-1  | 	top_k = 40, top_p = 0.900, min_p = 0.000, xtc_probability = 0.000, xtc_threshold = 0.100, typical_p = 1.000, top_n_sigma = -1.000, temp = 0.000
ollama-1  | 	mirostat = 0, mirostat_lr = 0.100, mirostat_ent = 5.000, adaptive_target = -1.000, adaptive_decay = 0.900
ollama-1  | slot launch_slot_: id  0 | task 11310 | processing task, is_child = 0
ollama-1  | slot   operator(): id  0 | task 11310 | new prompt, n_ctx_slot = 4096, n_keep = 4, task.n_tokens = 383
ollama-1  | slot   operator(): id  0 | task 11310 | cached n_tokens = 328, memory_seq_rm [328, end)
ollama-1  | slot init_sampler: id  0 | task 11310 | init sampler, took 0.04 ms, tokens: text = 383, total = 383
ollama-1  | slot print_timing: id  0 | task 11310 | prompt eval time =     244.29 ms /    55 tokens (    4.44 ms per token,   225.14 tokens per second)
ollama-1  | slot print_timing: id  0 | task 11310 |        eval time =     159.20 ms /     8 tokens (   22.74 ms per token,    43.97 tokens per second)
ollama-1  | slot print_timing: id  0 | task 11310 |       total time =     403.50 ms /    63 tokens
ollama-1  | slot print_timing: id  0 | task 11310 |    graphs reused =       7751
ollama-1  | slot      release: id  0 | task 11310 | stop processing: n_tokens = 390, truncated = 0
ollama-1  | srv  update_slots: all slots are idle
ollama-1  | [GIN] 2026/10/07 - 10:58:26 | 200 |  8.827596376s |      172.21.0.4 | POST     "/api/generate"
ollama-1  | srv  server_strea: conv_id= (empty=1)
ollama-1  | slot get_availabl: id  0 | task -1 |  - checking sim = 0.567 (328/578) > 0.100
ollama-1  | slot get_availabl: id  0 | task -1 | selected slot by LCP similarity, f_sim_best = 0.567 (> 0.100 thold), f_keep = 0.841
ollama-1  | slot launch_slot_: id  0 | task -1 | sampler chain: logits -> ?penalties -> ?dry -> ?top-n-sigma -> top-k -> ?typical -> top-p -> ?min-p -> ?xtc -> temp-ext -> dist 
ollama-1  | slot launch_slot_: id  0 | task -1 | sampler params: 
ollama-1  | 	repeat_last_n = 64, repeat_penalty = 1.000, frequency_penalty = 0.000, presence_penalty = 0.000
ollama-1  | 	dry_multiplier = 0.000, dry_base = 1.750, dry_allowed_length = 2, dry_penalty_last_n = 64
ollama-1  | 	top_k = 40, top_p = 0.900, min_p = 0.000, xtc_probability = 0.000, xtc_threshold = 0.100, typical_p = 1.000, top_n_sigma = -1.000, temp = 0.000
ollama-1  | 	mirostat = 0, mirostat_lr = 0.100, mirostat_ent = 5.000, adaptive_target = -1.000, adaptive_decay = 0.900
ollama-1  | slot launch_slot_: id  0 | task 11319 | processing task, is_child = 0
ollama-1  | slot   operator(): id  0 | task 11319 | new prompt, n_ctx_slot = 4096, n_keep = 4, task.n_tokens = 578
ollama-1  | slot   operator(): id  0 | task 11319 | cached n_tokens = 328, memory_seq_rm [328, end)
ollama-1  | slot init_sampler: id  0 | task 11319 | init sampler, took 0.05 ms, tokens: text = 578, total = 578
ollama-1  | slot print_timing: id  0 | task 11319 | prompt eval time =    1002.96 ms /   250 tokens (    4.01 ms per token,   249.26 tokens per second)
ollama-1  | slot print_timing: id  0 | task 11319 |        eval time =     149.72 ms /     8 tokens (   21.39 ms per token,    46.76 tokens per second)
ollama-1  | slot print_timing: id  0 | task 11319 |       total time =    1152.68 ms /   258 tokens
ollama-1  | slot print_timing: id  0 | task 11319 |    graphs reused =       7757
ollama-1  | slot      release: id  0 | task 11319 | stop processing: n_tokens = 585, truncated = 0
ollama-1  | srv  update_slots: all slots are idle
ollama-1  | [GIN] 2026/10/07 - 10:58:27 | 200 |   8.14141772s |      172.21.0.4 | POST     "/api/generate"
ollama-1  | srv  server_strea: conv_id= (empty=1)
ollama-1  | slot get_availabl: id  0 | task -1 |  - checking sim = 0.742 (328/442) > 0.100
ollama-1  | slot get_availabl: id  0 | task -1 | selected slot by LCP similarity, f_sim_best = 0.742 (> 0.100 thold), f_keep = 0.561
ollama-1  | slot launch_slot_: id  0 | task -1 | sampler chain: logits -> ?penalties -> ?dry -> ?top-n-sigma -> top-k -> ?typical -> top-p -> ?min-p -> ?xtc -> temp-ext -> dist 
ollama-1  | slot launch_slot_: id  0 | task -1 | sampler params: 
ollama-1  | 	repeat_last_n = 64, repeat_penalty = 1.000, frequency_penalty = 0.000, presence_penalty = 0.000
ollama-1  | 	dry_multiplier = 0.000, dry_base = 1.750, dry_allowed_length = 2, dry_penalty_last_n = 64
ollama-1  | 	top_k = 40, top_p = 0.900, min_p = 0.000, xtc_probability = 0.000, xtc_threshold = 0.100, typical_p = 1.000, top_n_sigma = -1.000, temp = 0.000
ollama-1  | 	mirostat = 0, mirostat_lr = 0.100, mirostat_ent = 5.000, adaptive_target = -1.000, adaptive_decay = 0.900
ollama-1  | slot launch_slot_: id  0 | task 11328 | processing task, is_child = 0
ollama-1  | slot   operator(): id  0 | task 11328 | new prompt, n_ctx_slot = 4096, n_keep = 4, task.n_tokens = 442
ollama-1  | slot   operator(): id  0 | task 11328 | cached n_tokens = 328, memory_seq_rm [328, end)
ollama-1  | slot init_sampler: id  0 | task 11328 | init sampler, took 0.05 ms, tokens: text = 442, total = 442
ollama-1  | slot print_timing: id  0 | task 11328 | prompt eval time =     468.10 ms /   114 tokens (    4.11 ms per token,   243.54 tokens per second)
ollama-1  | slot print_timing: id  0 | task 11328 |        eval time =     167.01 ms /     9 tokens (   20.88 ms per token,    47.90 tokens per second)
ollama-1  | slot print_timing: id  0 | task 11328 |       total time =     635.11 ms /   123 tokens
ollama-1  | slot print_timing: id  0 | task 11328 |    graphs reused =       7764
ollama-1  | slot      release: id  0 | task 11328 | stop processing: n_tokens = 450, truncated = 0
ollama-1  | srv  update_slots: all slots are idle
ollama-1  | [GIN] 2026/10/07 - 10:58:28 | 200 |  8.736663242s |      172.21.0.4 | POST     "/api/generate"
ollama-1  | srv  server_strea: conv_id= (empty=1)
ollama-1  | slot get_availabl: id  0 | task -1 |  - checking sim = 0.555 (328/591) > 0.100
ollama-1  | slot get_availabl: id  0 | task -1 | selected slot by LCP similarity, f_sim_best = 0.555 (> 0.100 thold), f_keep = 0.729
ollama-1  | slot launch_slot_: id  0 | task -1 | sampler chain: logits -> ?penalties -> ?dry -> ?top-n-sigma -> top-k -> ?typical -> top-p -> ?min-p -> ?xtc -> temp-ext -> dist 
ollama-1  | slot launch_slot_: id  0 | task -1 | sampler params: 
ollama-1  | 	repeat_last_n = 64, repeat_penalty = 1.000, frequency_penalty = 0.000, presence_penalty = 0.000
ollama-1  | 	dry_multiplier = 0.000, dry_base = 1.750, dry_allowed_length = 2, dry_penalty_last_n = 64
ollama-1  | 	top_k = 40, top_p = 0.900, min_p = 0.000, xtc_probability = 0.000, xtc_threshold = 0.100, typical_p = 1.000, top_n_sigma = -1.000, temp = 0.000
ollama-1  | 	mirostat = 0, mirostat_lr = 0.100, mirostat_ent = 5.000, adaptive_target = -1.000, adaptive_decay = 0.900
ollama-1  | slot launch_slot_: id  0 | task 11338 | processing task, is_child = 0
ollama-1  | slot   operator(): id  0 | task 11338 | new prompt, n_ctx_slot = 4096, n_keep = 4, task.n_tokens = 591
ollama-1  | slot   operator(): id  0 | task 11338 | cached n_tokens = 328, memory_seq_rm [328, end)
ollama-1  | slot init_sampler: id  0 | task 11338 | init sampler, took 0.07 ms, tokens: text = 591, total = 591
ollama-1  | [GIN] 2026/10/07 - 10:58:28 | 200 |      27.516µs |       127.0.0.1 | HEAD     "/"
ollama-1  | [GIN] 2026/10/07 - 10:58:28 | 200 |    2.455974ms |       127.0.0.1 | GET      "/api/tags"
ollama-1  | slot print_timing: id  0 | task 11338 | prompt eval time =    1045.43 ms /   263 tokens (    3.98 ms per token,   251.57 tokens per second)
ollama-1  | slot print_timing: id  0 | task 11338 |        eval time =     195.69 ms /    10 tokens (   21.74 ms per token,    45.99 tokens per second)
ollama-1  | slot print_timing: id  0 | task 11338 |       total time =    1241.12 ms /   273 tokens
ollama-1  | slot print_timing: id  0 | task 11338 |    graphs reused =       7772
ollama-1  | slot      release: id  0 | task 11338 | stop processing: n_tokens = 600, truncated = 0
ollama-1  | srv  update_slots: all slots are idle
ollama-1  | [GIN] 2026/10/07 - 10:58:29 | 200 |  9.013481888s |      172.21.0.4 | POST     "/api/generate"
ollama-1  | srv  server_strea: conv_id= (empty=1)
ollama-1  | slot get_availabl: id  0 | task -1 |  - checking sim = 0.441 (328/744) > 0.100
ollama-1  | slot get_availabl: id  0 | task -1 | selected slot by LCP similarity, f_sim_best = 0.441 (> 0.100 thold), f_keep = 0.547
ollama-1  | slot launch_slot_: id  0 | task -1 | sampler chain: logits -> ?penalties -> ?dry -> ?top-n-sigma -> top-k -> ?typical -> top-p -> ?min-p -> ?xtc -> temp-ext -> dist 
ollama-1  | slot launch_slot_: id  0 | task -1 | sampler params: 
ollama-1  | 	repeat_last_n = 64, repeat_penalty = 1.000, frequency_penalty = 0.000, presence_penalty = 0.000
ollama-1  | 	dry_multiplier = 0.000, dry_base = 1.750, dry_allowed_length = 2, dry_penalty_last_n = 64
ollama-1  | 	top_k = 40, top_p = 0.900, min_p = 0.000, xtc_probability = 0.000, xtc_threshold = 0.100, typical_p = 1.000, top_n_sigma = -1.000, temp = 0.000
ollama-1  | 	mirostat = 0, mirostat_lr = 0.100, mirostat_ent = 5.000, adaptive_target = -1.000, adaptive_decay = 0.900
ollama-1  | slot launch_slot_: id  0 | task 11349 | processing task, is_child = 0
ollama-1  | slot   operator(): id  0 | task 11349 | new prompt, n_ctx_slot = 4096, n_keep = 4, task.n_tokens = 744
ollama-1  | slot   operator(): id  0 | task 11349 | cached n_tokens = 328, memory_seq_rm [328, end)
ollama-1  | slot init_sampler: id  0 | task 11349 | init sampler, took 0.08 ms, tokens: text = 744, total = 744
ollama-1  | slot print_timing: id  0 | task 11349 | prompt eval time =    1706.95 ms /   416 tokens (    4.10 ms per token,   243.71 tokens per second)
ollama-1  | slot print_timing: id  0 | task 11349 |        eval time =     190.04 ms /     9 tokens (   23.75 ms per token,    42.10 tokens per second)
ollama-1  | slot print_timing: id  0 | task 11349 |       total time =    1896.99 ms /   425 tokens
ollama-1  | slot print_timing: id  0 | task 11349 |    graphs reused =       7779
ollama-1  | slot      release: id  0 | task 11349 | stop processing: n_tokens = 752, truncated = 0
ollama-1  | srv  update_slots: all slots are idle
ollama-1  | [GIN] 2026/10/07 - 10:58:31 | 200 | 10.160957236s |      172.21.0.4 | POST     "/api/generate"
ollama-1  | srv  server_strea: conv_id= (empty=1)
ollama-1  | slot get_availabl: id  0 | task -1 |  - checking sim = 0.800 (328/410) > 0.100
ollama-1  | slot get_availabl: id  0 | task -1 | selected slot by LCP similarity, f_sim_best = 0.800 (> 0.100 thold), f_keep = 0.436
ollama-1  | srv  get_availabl: updating prompt cache
ollama-1  | srv   prompt_save:  - saving prompt with length 752, total state size = 23.509 MiB (draft: 0.000 MiB)
ollama-1  | srv         alloc:  - prompt is already in the cache, skipping
ollama-1  | srv          load:  - looking for better prompt, base f_keep = 0.436, f_sim = 0.800
ollama-1  | srv          load:    - prompt with length     709, lcp =     328, f_keep = 0.463, f_sim = 0.800
ollama-1  | srv          load:    - prompt with length     700, lcp =     328, f_keep = 0.469, f_sim = 0.800
ollama-1  | srv          load:    - prompt with length     695, lcp =     328, f_keep = 0.472, f_sim = 0.800
ollama-1  | srv          load:    - prompt with length     670, lcp =     328, f_keep = 0.490, f_sim = 0.800
ollama-1  | srv          load:    - prompt with length     730, lcp =     328, f_keep = 0.449, f_sim = 0.800
ollama-1  | srv          load:    - prompt with length     779, lcp =     328, f_keep = 0.421, f_sim = 0.800
ollama-1  | srv          load:    - prompt with length     805, lcp =     328, f_keep = 0.407, f_sim = 0.800
ollama-1  | srv          load:    - prompt with length     696, lcp =     328, f_keep = 0.471, f_sim = 0.800
ollama-1  | srv          load:    - prompt with length     962, lcp =     328, f_keep = 0.341, f_sim = 0.800
ollama-1  | srv          load:    - prompt with length     705, lcp =     328, f_keep = 0.465, f_sim = 0.800
ollama-1  | srv          load:    - prompt with length     722, lcp =     328, f_keep = 0.454, f_sim = 0.800
ollama-1  | srv          load:    - prompt with length     704, lcp =     328, f_keep = 0.466, f_sim = 0.800
ollama-1  | srv          load:    - prompt with length     710, lcp =     328, f_keep = 0.462, f_sim = 0.800
ollama-1  | srv          load:    - prompt with length     752, lcp =     328, f_keep = 0.436, f_sim = 0.800
ollama-1  | srv          load:    - prompt with length     683, lcp =     328, f_keep = 0.480, f_sim = 0.800
ollama-1  | srv          load:    - prompt with length     777, lcp =     328, f_keep = 0.422, f_sim = 0.800
ollama-1  | srv          load:    - prompt with length     730, lcp =     328, f_keep = 0.449, f_sim = 0.800
ollama-1  | srv          load:    - prompt with length     771, lcp =     328, f_keep = 0.425, f_sim = 0.800
ollama-1  | srv          load:    - prompt with length     740, lcp =     328, f_keep = 0.443, f_sim = 0.800
ollama-1  | srv          load:    - prompt with length     677, lcp =     328, f_keep = 0.484, f_sim = 0.800
ollama-1  | srv          load:    - prompt with length     738, lcp =     328, f_keep = 0.444, f_sim = 0.800
ollama-1  | srv          load:    - prompt with length     738, lcp =     328, f_keep = 0.444, f_sim = 0.800
ollama-1  | srv          load:    - prompt with length     777, lcp =     328, f_keep = 0.422, f_sim = 0.800
ollama-1  | srv          load:    - prompt with length     699, lcp =     328, f_keep = 0.469, f_sim = 0.800
ollama-1  | srv          load:    - prompt with length     733, lcp =     328, f_keep = 0.447, f_sim = 0.800
ollama-1  | srv          load:    - prompt with length     798, lcp =     328, f_keep = 0.411, f_sim = 0.800
ollama-1  | srv          load:    - prompt with length     661, lcp =     328, f_keep = 0.496, f_sim = 0.800
ollama-1  | srv        update:  - cache state: 27 prompts, 620.894 MiB (limits: 8192.000 MiB, 4096 tokens, 262043 est)
ollama-1  | srv        update:    - prompt 0x2111c2b0:     709 tokens, checkpoints:  0,    22.165 MiB
ollama-1  | srv        update:    - prompt 0x1d133370:     700 tokens, checkpoints:  0,    21.883 MiB
ollama-1  | srv        update:    - prompt 0x1d12e2c0:     695 tokens, checkpoints:  0,    21.727 MiB
ollama-1  | srv        update:    - prompt 0x1d12d8d0:     670 tokens, checkpoints:  0,    20.946 MiB
ollama-1  | srv        update:    - prompt 0x1d708a50:     730 tokens, checkpoints:  0,    22.821 MiB
ollama-1  | srv        update:    - prompt 0x1d12ae00:     779 tokens, checkpoints:  0,    24.353 MiB
ollama-1  | srv        update:    - prompt 0x1d728d30:     805 tokens, checkpoints:  0,    25.166 MiB
ollama-1  | srv        update:    - prompt 0x2427f580:     696 tokens, checkpoints:  0,    21.758 MiB
ollama-1  | srv        update:    - prompt 0x30e39f50:     962 tokens, checkpoints:  0,    30.074 MiB
ollama-1  | srv        update:    - prompt 0x1e85d3b0:     705 tokens, checkpoints:  0,    22.040 MiB
ollama-1  | srv        update:    - prompt 0x1e7a4ad0:     722 tokens, checkpoints:  0,    22.571 MiB
ollama-1  | srv        update:    - prompt 0x24d036a0:     704 tokens, checkpoints:  0,    22.008 MiB
ollama-1  | srv        update:    - prompt 0x1e75fd60:     710 tokens, checkpoints:  0,    22.196 MiB
ollama-1  | srv        update:    - prompt 0x24367aa0:     752 tokens, checkpoints:  0,    23.509 MiB
ollama-1  | srv        update:    - prompt 0x243c6d30:     683 tokens, checkpoints:  0,    21.352 MiB
ollama-1  | srv        update:    - prompt 0x24273cf0:     777 tokens, checkpoints:  0,    24.291 MiB
ollama-1  | srv        update:    - prompt 0x1d311810:     730 tokens, checkpoints:  0,    22.821 MiB
ollama-1  | srv        update:    - prompt 0x2a2a47f0:     771 tokens, checkpoints:  0,    24.103 MiB
ollama-1  | srv        update:    - prompt 0x2448abc0:     740 tokens, checkpoints:  0,    23.134 MiB
ollama-1  | srv        update:    - prompt 0x1e82e900:     677 tokens, checkpoints:  0,    21.164 MiB
ollama-1  | srv        update:    - prompt 0x24432260:     738 tokens, checkpoints:  0,    23.071 MiB
ollama-1  | srv        update:    - prompt 0x242f5d40:     738 tokens, checkpoints:  0,    23.071 MiB
ollama-1  | srv        update:    - prompt 0x2444bcc0:     777 tokens, checkpoints:  0,    24.291 MiB
ollama-1  | srv        update:    - prompt 0x1e8593f0:     699 tokens, checkpoints:  0,    21.852 MiB
ollama-1  | srv        update:    - prompt 0x24917360:     733 tokens, checkpoints:  0,    22.915 MiB
ollama-1  | srv        update:    - prompt 0x2443a030:     798 tokens, checkpoints:  0,    24.947 MiB
ollama-1  | srv        update:    - prompt 0x24213850:     661 tokens, checkpoints:  0,    20.664 MiB
ollama-1  | srv  get_availabl: prompt cache update took 0.15 ms
ollama-1  | slot launch_slot_: id  0 | task -1 | sampler chain: logits -> ?penalties -> ?dry -> ?top-n-sigma -> top-k -> ?typical -> top-p -> ?min-p -> ?xtc -> temp-ext -> dist 
ollama-1  | slot launch_slot_: id  0 | task -1 | sampler params: 
ollama-1  | 	repeat_last_n = 64, repeat_penalty = 1.000, frequency_penalty = 0.000, presence_penalty = 0.000
ollama-1  | 	dry_multiplier = 0.000, dry_base = 1.750, dry_allowed_length = 2, dry_penalty_last_n = 64
ollama-1  | 	top_k = 40, top_p = 0.900, min_p = 0.000, xtc_probability = 0.000, xtc_threshold = 0.100, typical_p = 1.000, top_n_sigma = -1.000, temp = 0.000
ollama-1  | 	mirostat = 0, mirostat_lr = 0.100, mirostat_ent = 5.000, adaptive_target = -1.000, adaptive_decay = 0.900
ollama-1  | slot launch_slot_: id  0 | task 11359 | processing task, is_child = 0
ollama-1  | slot   operator(): id  0 | task 11359 | new prompt, n_ctx_slot = 4096, n_keep = 4, task.n_tokens = 410
ollama-1  | slot   operator(): id  0 | task 11359 | cached n_tokens = 328, memory_seq_rm [328, end)
ollama-1  | slot init_sampler: id  0 | task 11359 | init sampler, took 0.05 ms, tokens: text = 410, total = 410
ollama-1  | slot print_timing: id  0 | task 11359 | prompt eval time =     335.85 ms /    82 tokens (    4.10 ms per token,   244.16 tokens per second)
ollama-1  | slot print_timing: id  0 | task 11359 |        eval time =     169.95 ms /     8 tokens (   24.28 ms per token,    41.19 tokens per second)
ollama-1  | slot print_timing: id  0 | task 11359 |       total time =     505.80 ms /    90 tokens
ollama-1  | slot print_timing: id  0 | task 11359 |    graphs reused =       7785
ollama-1  | slot      release: id  0 | task 11359 | stop processing: n_tokens = 417, truncated = 0
ollama-1  | srv  update_slots: all slots are idle
ollama-1  | [GIN] 2026/10/07 - 10:58:32 | 200 |  7.080786821s |      172.21.0.4 | POST     "/api/generate"
ollama-1  | srv  server_strea: conv_id= (empty=1)
ollama-1  | slot get_availabl: id  0 | task -1 |  - checking sim = 0.574 (328/571) > 0.100
ollama-1  | slot get_availabl: id  0 | task -1 | selected slot by LCP similarity, f_sim_best = 0.574 (> 0.100 thold), f_keep = 0.787
ollama-1  | slot launch_slot_: id  0 | task -1 | sampler chain: logits -> ?penalties -> ?dry -> ?top-n-sigma -> top-k -> ?typical -> top-p -> ?min-p -> ?xtc -> temp-ext -> dist 
ollama-1  | slot launch_slot_: id  0 | task -1 | sampler params: 
ollama-1  | 	repeat_last_n = 64, repeat_penalty = 1.000, frequency_penalty = 0.000, presence_penalty = 0.000
ollama-1  | 	dry_multiplier = 0.000, dry_base = 1.750, dry_allowed_length = 2, dry_penalty_last_n = 64
ollama-1  | 	top_k = 40, top_p = 0.900, min_p = 0.000, xtc_probability = 0.000, xtc_threshold = 0.100, typical_p = 1.000, top_n_sigma = -1.000, temp = 0.000
ollama-1  | 	mirostat = 0, mirostat_lr = 0.100, mirostat_ent = 5.000, adaptive_target = -1.000, adaptive_decay = 0.900
ollama-1  | slot launch_slot_: id  0 | task 11368 | processing task, is_child = 0
ollama-1  | slot   operator(): id  0 | task 11368 | new prompt, n_ctx_slot = 4096, n_keep = 4, task.n_tokens = 571
ollama-1  | slot   operator(): id  0 | task 11368 | cached n_tokens = 328, memory_seq_rm [328, end)
ollama-1  | slot init_sampler: id  0 | task 11368 | init sampler, took 0.07 ms, tokens: text = 571, total = 571
ollama-1  | slot print_timing: id  0 | task 11368 | prompt eval time =     981.63 ms /   243 tokens (    4.04 ms per token,   247.55 tokens per second)
ollama-1  | slot print_timing: id  0 | task 11368 |        eval time =     178.04 ms /     9 tokens (   22.26 ms per token,    44.93 tokens per second)
ollama-1  | slot print_timing: id  0 | task 11368 |       total time =    1159.68 ms /   252 tokens
ollama-1  | slot print_timing: id  0 | task 11368 |    graphs reused =       7792
ollama-1  | slot      release: id  0 | task 11368 | stop processing: n_tokens = 579, truncated = 0
ollama-1  | srv  update_slots: all slots are idle
ollama-1  | [GIN] 2026/10/07 - 10:58:33 | 200 |  8.101868336s |      172.21.0.4 | POST     "/api/generate"
ollama-1  | srv  server_strea: conv_id= (empty=1)
ollama-1  | slot get_availabl: id  0 | task -1 |  - checking sim = 0.859 (328/382) > 0.100
ollama-1  | slot get_availabl: id  0 | task -1 | selected slot by LCP similarity, f_sim_best = 0.859 (> 0.100 thold), f_keep = 0.566
ollama-1  | slot launch_slot_: id  0 | task -1 | sampler chain: logits -> ?penalties -> ?dry -> ?top-n-sigma -> top-k -> ?typical -> top-p -> ?min-p -> ?xtc -> temp-ext -> dist 
ollama-1  | slot launch_slot_: id  0 | task -1 | sampler params: 
ollama-1  | 	repeat_last_n = 64, repeat_penalty = 1.000, frequency_penalty = 0.000, presence_penalty = 0.000
ollama-1  | 	dry_multiplier = 0.000, dry_base = 1.750, dry_allowed_length = 2, dry_penalty_last_n = 64
ollama-1  | 	top_k = 40, top_p = 0.900, min_p = 0.000, xtc_probability = 0.000, xtc_threshold = 0.100, typical_p = 1.000, top_n_sigma = -1.000, temp = 0.000
ollama-1  | 	mirostat = 0, mirostat_lr = 0.100, mirostat_ent = 5.000, adaptive_target = -1.000, adaptive_decay = 0.900
ollama-1  | slot launch_slot_: id  0 | task 11378 | processing task, is_child = 0
ollama-1  | slot   operator(): id  0 | task 11378 | new prompt, n_ctx_slot = 4096, n_keep = 4, task.n_tokens = 382
ollama-1  | slot   operator(): id  0 | task 11378 | cached n_tokens = 328, memory_seq_rm [328, end)
ollama-1  | slot init_sampler: id  0 | task 11378 | init sampler, took 0.05 ms, tokens: text = 382, total = 382
ollama-1  | slot print_timing: id  0 | task 11378 | prompt eval time =     238.83 ms /    54 tokens (    4.42 ms per token,   226.10 tokens per second)
ollama-1  | slot print_timing: id  0 | task 11378 |        eval time =     197.66 ms /    10 tokens (   21.96 ms per token,    45.53 tokens per second)
ollama-1  | slot print_timing: id  0 | task 11378 |       total time =     436.50 ms /    64 tokens
ollama-1  | slot print_timing: id  0 | task 11378 |    graphs reused =       7800
ollama-1  | slot      release: id  0 | task 11378 | stop processing: n_tokens = 391, truncated = 0
ollama-1  | srv  update_slots: all slots are idle
ollama-1  | [GIN] 2026/10/07 - 10:58:33 | 200 |  7.869502759s |      172.21.0.4 | POST     "/api/generate"
ollama-1  | srv  server_strea: conv_id= (empty=1)
ollama-1  | slot get_availabl: id  0 | task -1 |  - checking sim = 0.710 (328/462) > 0.100
ollama-1  | slot get_availabl: id  0 | task -1 | selected slot by LCP similarity, f_sim_best = 0.710 (> 0.100 thold), f_keep = 0.839
ollama-1  | slot launch_slot_: id  0 | task -1 | sampler chain: logits -> ?penalties -> ?dry -> ?top-n-sigma -> top-k -> ?typical -> top-p -> ?min-p -> ?xtc -> temp-ext -> dist 
ollama-1  | slot launch_slot_: id  0 | task -1 | sampler params: 
ollama-1  | 	repeat_last_n = 64, repeat_penalty = 1.000, frequency_penalty = 0.000, presence_penalty = 0.000
ollama-1  | 	dry_multiplier = 0.000, dry_base = 1.750, dry_allowed_length = 2, dry_penalty_last_n = 64
ollama-1  | 	top_k = 40, top_p = 0.900, min_p = 0.000, xtc_probability = 0.000, xtc_threshold = 0.100, typical_p = 1.000, top_n_sigma = -1.000, temp = 0.000
ollama-1  | 	mirostat = 0, mirostat_lr = 0.100, mirostat_ent = 5.000, adaptive_target = -1.000, adaptive_decay = 0.900
ollama-1  | slot launch_slot_: id  0 | task 11389 | processing task, is_child = 0
ollama-1  | slot   operator(): id  0 | task 11389 | new prompt, n_ctx_slot = 4096, n_keep = 4, task.n_tokens = 462
ollama-1  | slot   operator(): id  0 | task 11389 | cached n_tokens = 328, memory_seq_rm [328, end)
ollama-1  | slot init_sampler: id  0 | task 11389 | init sampler, took 0.04 ms, tokens: text = 462, total = 462
ollama-1  | slot print_timing: id  0 | task 11389 | prompt eval time =     552.23 ms /   134 tokens (    4.12 ms per token,   242.65 tokens per second)
ollama-1  | slot print_timing: id  0 | task 11389 |        eval time =     150.64 ms /     8 tokens (   21.52 ms per token,    46.47 tokens per second)
ollama-1  | slot print_timing: id  0 | task 11389 |       total time =     702.87 ms /   142 tokens
ollama-1  | slot print_timing: id  0 | task 11389 |    graphs reused =       7806
ollama-1  | slot      release: id  0 | task 11389 | stop processing: n_tokens = 469, truncated = 0
ollama-1  | srv  update_slots: all slots are idle
ollama-1  | [GIN] 2026/10/07 - 10:58:34 | 200 |  8.515069494s |      172.21.0.4 | POST     "/api/generate"
ollama-1  | srv  server_strea: conv_id= (empty=1)
ollama-1  | slot get_availabl: id  0 | task -1 |  - checking sim = 0.429 (328/764) > 0.100
ollama-1  | slot get_availabl: id  0 | task -1 | selected slot by LCP similarity, f_sim_best = 0.429 (> 0.100 thold), f_keep = 0.699
ollama-1  | slot launch_slot_: id  0 | task -1 | sampler chain: logits -> ?penalties -> ?dry -> ?top-n-sigma -> top-k -> ?typical -> top-p -> ?min-p -> ?xtc -> temp-ext -> dist 
ollama-1  | slot launch_slot_: id  0 | task -1 | sampler params: 
ollama-1  | 	repeat_last_n = 64, repeat_penalty = 1.000, frequency_penalty = 0.000, presence_penalty = 0.000
ollama-1  | 	dry_multiplier = 0.000, dry_base = 1.750, dry_allowed_length = 2, dry_penalty_last_n = 64
ollama-1  | 	top_k = 40, top_p = 0.900, min_p = 0.000, xtc_probability = 0.000, xtc_threshold = 0.100, typical_p = 1.000, top_n_sigma = -1.000, temp = 0.000
ollama-1  | 	mirostat = 0, mirostat_lr = 0.100, mirostat_ent = 5.000, adaptive_target = -1.000, adaptive_decay = 0.900
ollama-1  | slot launch_slot_: id  0 | task 11398 | processing task, is_child = 0
ollama-1  | slot   operator(): id  0 | task 11398 | new prompt, n_ctx_slot = 4096, n_keep = 4, task.n_tokens = 764
ollama-1  | slot   operator(): id  0 | task 11398 | cached n_tokens = 328, memory_seq_rm [328, end)
ollama-1  | slot init_sampler: id  0 | task 11398 | init sampler, took 0.07 ms, tokens: text = 764, total = 764
ollama-1  | slot print_timing: id  0 | task 11398 | prompt eval time =    1782.59 ms /   436 tokens (    4.09 ms per token,   244.59 tokens per second)
ollama-1  | slot print_timing: id  0 | task 11398 |        eval time =     157.69 ms /     8 tokens (   22.53 ms per token,    44.39 tokens per second)
ollama-1  | slot print_timing: id  0 | task 11398 |       total time =    1940.28 ms /   444 tokens
ollama-1  | slot print_timing: id  0 | task 11398 |    graphs reused =       7811
ollama-1  | slot      release: id  0 | task 11398 | stop processing: n_tokens = 771, truncated = 0
ollama-1  | srv  update_slots: all slots are idle
ollama-1  | [GIN] 2026/10/07 - 10:58:36 | 200 |  9.951594541s |      172.21.0.4 | POST     "/api/generate"
ollama-1  | srv  server_strea: conv_id= (empty=1)
ollama-1  | slot get_availabl: id  0 | task -1 |  - checking sim = 0.854 (328/384) > 0.100
ollama-1  | slot get_availabl: id  0 | task -1 | selected slot by LCP similarity, f_sim_best = 0.854 (> 0.100 thold), f_keep = 0.425
ollama-1  | srv  get_availabl: updating prompt cache
ollama-1  | srv   prompt_save:  - saving prompt with length 771, total state size = 24.103 MiB (draft: 0.000 MiB)
ollama-1  | srv         alloc:  - prompt is already in the cache, skipping
ollama-1  | srv          load:  - looking for better prompt, base f_keep = 0.425, f_sim = 0.854
ollama-1  | srv          load:    - prompt with length     709, lcp =     328, f_keep = 0.463, f_sim = 0.854
ollama-1  | srv          load:    - prompt with length     700, lcp =     328, f_keep = 0.469, f_sim = 0.854
ollama-1  | srv          load:    - prompt with length     695, lcp =     328, f_keep = 0.472, f_sim = 0.854
ollama-1  | srv          load:    - prompt with length     670, lcp =     328, f_keep = 0.490, f_sim = 0.854
ollama-1  | srv          load:    - prompt with length     730, lcp =     328, f_keep = 0.449, f_sim = 0.854
ollama-1  | srv          load:    - prompt with length     779, lcp =     328, f_keep = 0.421, f_sim = 0.854
ollama-1  | srv          load:    - prompt with length     805, lcp =     328, f_keep = 0.407, f_sim = 0.854
ollama-1  | srv          load:    - prompt with length     696, lcp =     328, f_keep = 0.471, f_sim = 0.854
ollama-1  | srv          load:    - prompt with length     962, lcp =     328, f_keep = 0.341, f_sim = 0.854
ollama-1  | srv          load:    - prompt with length     705, lcp =     328, f_keep = 0.465, f_sim = 0.854
ollama-1  | srv          load:    - prompt with length     722, lcp =     328, f_keep = 0.454, f_sim = 0.854
ollama-1  | srv          load:    - prompt with length     704, lcp =     328, f_keep = 0.466, f_sim = 0.854
ollama-1  | srv          load:    - prompt with length     710, lcp =     328, f_keep = 0.462, f_sim = 0.854
ollama-1  | srv          load:    - prompt with length     752, lcp =     328, f_keep = 0.436, f_sim = 0.854
ollama-1  | srv          load:    - prompt with length     683, lcp =     328, f_keep = 0.480, f_sim = 0.854
ollama-1  | srv          load:    - prompt with length     777, lcp =     328, f_keep = 0.422, f_sim = 0.854
ollama-1  | srv          load:    - prompt with length     730, lcp =     328, f_keep = 0.449, f_sim = 0.854
ollama-1  | srv          load:    - prompt with length     771, lcp =     328, f_keep = 0.425, f_sim = 0.854
ollama-1  | srv          load:    - prompt with length     740, lcp =     328, f_keep = 0.443, f_sim = 0.854
ollama-1  | srv          load:    - prompt with length     677, lcp =     328, f_keep = 0.484, f_sim = 0.854
ollama-1  | srv          load:    - prompt with length     738, lcp =     328, f_keep = 0.444, f_sim = 0.854
ollama-1  | srv          load:    - prompt with length     738, lcp =     328, f_keep = 0.444, f_sim = 0.854
ollama-1  | srv          load:    - prompt with length     777, lcp =     328, f_keep = 0.422, f_sim = 0.854
ollama-1  | srv          load:    - prompt with length     699, lcp =     328, f_keep = 0.469, f_sim = 0.854
ollama-1  | srv          load:    - prompt with length     733, lcp =     328, f_keep = 0.447, f_sim = 0.854
ollama-1  | srv          load:    - prompt with length     798, lcp =     328, f_keep = 0.411, f_sim = 0.854
ollama-1  | srv          load:    - prompt with length     661, lcp =     328, f_keep = 0.496, f_sim = 0.854
ollama-1  | srv        update:  - cache state: 27 prompts, 620.894 MiB (limits: 8192.000 MiB, 4096 tokens, 262043 est)
ollama-1  | srv        update:    - prompt 0x2111c2b0:     709 tokens, checkpoints:  0,    22.165 MiB
ollama-1  | srv        update:    - prompt 0x1d133370:     700 tokens, checkpoints:  0,    21.883 MiB
ollama-1  | srv        update:    - prompt 0x1d12e2c0:     695 tokens, checkpoints:  0,    21.727 MiB
ollama-1  | srv        update:    - prompt 0x1d12d8d0:     670 tokens, checkpoints:  0,    20.946 MiB
ollama-1  | srv        update:    - prompt 0x1d708a50:     730 tokens, checkpoints:  0,    22.821 MiB
ollama-1  | srv        update:    - prompt 0x1d12ae00:     779 tokens, checkpoints:  0,    24.353 MiB
ollama-1  | srv        update:    - prompt 0x1d728d30:     805 tokens, checkpoints:  0,    25.166 MiB
ollama-1  | srv        update:    - prompt 0x2427f580:     696 tokens, checkpoints:  0,    21.758 MiB
ollama-1  | srv        update:    - prompt 0x30e39f50:     962 tokens, checkpoints:  0,    30.074 MiB
ollama-1  | srv        update:    - prompt 0x1e85d3b0:     705 tokens, checkpoints:  0,    22.040 MiB
ollama-1  | srv        update:    - prompt 0x1e7a4ad0:     722 tokens, checkpoints:  0,    22.571 MiB
ollama-1  | srv        update:    - prompt 0x24d036a0:     704 tokens, checkpoints:  0,    22.008 MiB
ollama-1  | srv        update:    - prompt 0x1e75fd60:     710 tokens, checkpoints:  0,    22.196 MiB
ollama-1  | srv        update:    - prompt 0x24367aa0:     752 tokens, checkpoints:  0,    23.509 MiB
ollama-1  | srv        update:    - prompt 0x243c6d30:     683 tokens, checkpoints:  0,    21.352 MiB
ollama-1  | srv        update:    - prompt 0x24273cf0:     777 tokens, checkpoints:  0,    24.291 MiB
ollama-1  | srv        update:    - prompt 0x1d311810:     730 tokens, checkpoints:  0,    22.821 MiB
ollama-1  | srv        update:    - prompt 0x2a2a47f0:     771 tokens, checkpoints:  0,    24.103 MiB
ollama-1  | srv        update:    - prompt 0x2448abc0:     740 tokens, checkpoints:  0,    23.134 MiB
ollama-1  | srv        update:    - prompt 0x1e82e900:     677 tokens, checkpoints:  0,    21.164 MiB
ollama-1  | srv        update:    - prompt 0x24432260:     738 tokens, checkpoints:  0,    23.071 MiB
ollama-1  | srv        update:    - prompt 0x242f5d40:     738 tokens, checkpoints:  0,    23.071 MiB
ollama-1  | srv        update:    - prompt 0x2444bcc0:     777 tokens, checkpoints:  0,    24.291 MiB
ollama-1  | srv        update:    - prompt 0x1e8593f0:     699 tokens, checkpoints:  0,    21.852 MiB
ollama-1  | srv        update:    - prompt 0x24917360:     733 tokens, checkpoints:  0,    22.915 MiB
ollama-1  | srv        update:    - prompt 0x2443a030:     798 tokens, checkpoints:  0,    24.947 MiB
ollama-1  | srv        update:    - prompt 0x24213850:     661 tokens, checkpoints:  0,    20.664 MiB
ollama-1  | srv  get_availabl: prompt cache update took 0.15 ms
ollama-1  | slot launch_slot_: id  0 | task -1 | sampler chain: logits -> ?penalties -> ?dry -> ?top-n-sigma -> top-k -> ?typical -> top-p -> ?min-p -> ?xtc -> temp-ext -> dist 
ollama-1  | slot launch_slot_: id  0 | task -1 | sampler params: 
ollama-1  | 	repeat_last_n = 64, repeat_penalty = 1.000, frequency_penalty = 0.000, presence_penalty = 0.000
ollama-1  | 	dry_multiplier = 0.000, dry_base = 1.750, dry_allowed_length = 2, dry_penalty_last_n = 64
ollama-1  | 	top_k = 40, top_p = 0.900, min_p = 0.000, xtc_probability = 0.000, xtc_threshold = 0.100, typical_p = 1.000, top_n_sigma = -1.000, temp = 0.000
ollama-1  | 	mirostat = 0, mirostat_lr = 0.100, mirostat_ent = 5.000, adaptive_target = -1.000, adaptive_decay = 0.900
ollama-1  | slot launch_slot_: id  0 | task 11407 | processing task, is_child = 0
ollama-1  | slot   operator(): id  0 | task 11407 | new prompt, n_ctx_slot = 4096, n_keep = 4, task.n_tokens = 384
ollama-1  | slot   operator(): id  0 | task 11407 | cached n_tokens = 328, memory_seq_rm [328, end)
ollama-1  | slot init_sampler: id  0 | task 11407 | init sampler, took 0.04 ms, tokens: text = 384, total = 384
ollama-1  | slot print_timing: id  0 | task 11407 | prompt eval time =     247.82 ms /    56 tokens (    4.43 ms per token,   225.97 tokens per second)
ollama-1  | slot print_timing: id  0 | task 11407 |        eval time =     164.87 ms /     8 tokens (   23.55 ms per token,    42.46 tokens per second)
ollama-1  | slot print_timing: id  0 | task 11407 |       total time =     412.69 ms /    64 tokens
ollama-1  | slot print_timing: id  0 | task 11407 |    graphs reused =       7817
ollama-1  | slot      release: id  0 | task 11407 | stop processing: n_tokens = 391, truncated = 0
ollama-1  | srv  update_slots: all slots are idle
ollama-1  | [GIN] 2026/10/07 - 10:58:36 | 200 | 10.227236123s |      172.21.0.4 | POST     "/api/generate"
ollama-1  | srv  server_strea: conv_id= (empty=1)
ollama-1  | slot get_availabl: id  0 | task -1 |  - checking sim = 0.485 (328/676) > 0.100
ollama-1  | slot get_availabl: id  0 | task -1 | selected slot by LCP similarity, f_sim_best = 0.485 (> 0.100 thold), f_keep = 0.839
ollama-1  | slot launch_slot_: id  0 | task -1 | sampler chain: logits -> ?penalties -> ?dry -> ?top-n-sigma -> top-k -> ?typical -> top-p -> ?min-p -> ?xtc -> temp-ext -> dist 
ollama-1  | slot launch_slot_: id  0 | task -1 | sampler params: 
ollama-1  | 	repeat_last_n = 64, repeat_penalty = 1.000, frequency_penalty = 0.000, presence_penalty = 0.000
ollama-1  | 	dry_multiplier = 0.000, dry_base = 1.750, dry_allowed_length = 2, dry_penalty_last_n = 64
ollama-1  | 	top_k = 40, top_p = 0.900, min_p = 0.000, xtc_probability = 0.000, xtc_threshold = 0.100, typical_p = 1.000, top_n_sigma = -1.000, temp = 0.000
ollama-1  | 	mirostat = 0, mirostat_lr = 0.100, mirostat_ent = 5.000, adaptive_target = -1.000, adaptive_decay = 0.900
ollama-1  | slot launch_slot_: id  0 | task 11416 | processing task, is_child = 0
ollama-1  | slot   operator(): id  0 | task 11416 | new prompt, n_ctx_slot = 4096, n_keep = 4, task.n_tokens = 676
ollama-1  | slot   operator(): id  0 | task 11416 | cached n_tokens = 328, memory_seq_rm [328, end)
ollama-1  | slot init_sampler: id  0 | task 11416 | init sampler, took 0.08 ms, tokens: text = 676, total = 676
ollama-1  | slot print_timing: id  0 | task 11416 | prompt eval time =    1381.34 ms /   348 tokens (    3.97 ms per token,   251.93 tokens per second)
ollama-1  | slot print_timing: id  0 | task 11416 |        eval time =     168.20 ms /     8 tokens (   24.03 ms per token,    41.62 tokens per second)
ollama-1  | slot print_timing: id  0 | task 11416 |       total time =    1549.54 ms /   356 tokens
ollama-1  | slot print_timing: id  0 | task 11416 |    graphs reused =       7823
ollama-1  | slot      release: id  0 | task 11416 | stop processing: n_tokens = 683, truncated = 0
ollama-1  | srv  update_slots: all slots are idle
ollama-1  | [GIN] 2026/10/07 - 10:58:38 | 200 |  9.353444144s |      172.21.0.4 | POST     "/api/generate"
ollama-1  | srv  server_strea: conv_id= (empty=1)
ollama-1  | slot get_availabl: id  0 | task -1 |  - checking sim = 0.599 (328/548) > 0.100
ollama-1  | slot get_availabl: id  0 | task -1 | selected slot by LCP similarity, f_sim_best = 0.599 (> 0.100 thold), f_keep = 0.480
ollama-1  | srv  get_availabl: updating prompt cache
ollama-1  | srv   prompt_save:  - saving prompt with length 683, total state size = 21.352 MiB (draft: 0.000 MiB)
ollama-1  | srv         alloc:  - prompt is already in the cache, skipping
ollama-1  | srv          load:  - looking for better prompt, base f_keep = 0.480, f_sim = 0.599
ollama-1  | srv          load:    - prompt with length     709, lcp =     328, f_keep = 0.463, f_sim = 0.599
ollama-1  | srv          load:    - prompt with length     700, lcp =     328, f_keep = 0.469, f_sim = 0.599
ollama-1  | srv          load:    - prompt with length     695, lcp =     328, f_keep = 0.472, f_sim = 0.599
ollama-1  | srv          load:    - prompt with length     670, lcp =     328, f_keep = 0.490, f_sim = 0.599
ollama-1  | srv          load:    - prompt with length     730, lcp =     328, f_keep = 0.449, f_sim = 0.599
ollama-1  | srv          load:    - prompt with length     779, lcp =     328, f_keep = 0.421, f_sim = 0.599
ollama-1  | srv          load:    - prompt with length     805, lcp =     328, f_keep = 0.407, f_sim = 0.599
ollama-1  | srv          load:    - prompt with length     696, lcp =     328, f_keep = 0.471, f_sim = 0.599
ollama-1  | srv          load:    - prompt with length     962, lcp =     328, f_keep = 0.341, f_sim = 0.599
ollama-1  | srv          load:    - prompt with length     705, lcp =     328, f_keep = 0.465, f_sim = 0.599
ollama-1  | srv          load:    - prompt with length     722, lcp =     328, f_keep = 0.454, f_sim = 0.599
ollama-1  | srv          load:    - prompt with length     704, lcp =     328, f_keep = 0.466, f_sim = 0.599
ollama-1  | srv          load:    - prompt with length     710, lcp =     328, f_keep = 0.462, f_sim = 0.599
ollama-1  | srv          load:    - prompt with length     752, lcp =     328, f_keep = 0.436, f_sim = 0.599
ollama-1  | srv          load:    - prompt with length     683, lcp =     328, f_keep = 0.480, f_sim = 0.599
ollama-1  | srv          load:    - prompt with length     777, lcp =     328, f_keep = 0.422, f_sim = 0.599
ollama-1  | srv          load:    - prompt with length     730, lcp =     328, f_keep = 0.449, f_sim = 0.599
ollama-1  | srv          load:    - prompt with length     771, lcp =     328, f_keep = 0.425, f_sim = 0.599
ollama-1  | srv          load:    - prompt with length     740, lcp =     328, f_keep = 0.443, f_sim = 0.599
ollama-1  | srv          load:    - prompt with length     677, lcp =     328, f_keep = 0.484, f_sim = 0.599
ollama-1  | srv          load:    - prompt with length     738, lcp =     328, f_keep = 0.444, f_sim = 0.599
ollama-1  | srv          load:    - prompt with length     738, lcp =     328, f_keep = 0.444, f_sim = 0.599
ollama-1  | srv          load:    - prompt with length     777, lcp =     328, f_keep = 0.422, f_sim = 0.599
ollama-1  | srv          load:    - prompt with length     699, lcp =     328, f_keep = 0.469, f_sim = 0.599
ollama-1  | srv          load:    - prompt with length     733, lcp =     328, f_keep = 0.447, f_sim = 0.599
ollama-1  | srv          load:    - prompt with length     798, lcp =     328, f_keep = 0.411, f_sim = 0.599
ollama-1  | srv          load:    - prompt with length     661, lcp =     328, f_keep = 0.496, f_sim = 0.599
ollama-1  | srv        update:  - cache state: 27 prompts, 620.894 MiB (limits: 8192.000 MiB, 4096 tokens, 262043 est)
ollama-1  | srv        update:    - prompt 0x2111c2b0:     709 tokens, checkpoints:  0,    22.165 MiB
ollama-1  | srv        update:    - prompt 0x1d133370:     700 tokens, checkpoints:  0,    21.883 MiB
ollama-1  | srv        update:    - prompt 0x1d12e2c0:     695 tokens, checkpoints:  0,    21.727 MiB
ollama-1  | srv        update:    - prompt 0x1d12d8d0:     670 tokens, checkpoints:  0,    20.946 MiB
ollama-1  | srv        update:    - prompt 0x1d708a50:     730 tokens, checkpoints:  0,    22.821 MiB
ollama-1  | srv        update:    - prompt 0x1d12ae00:     779 tokens, checkpoints:  0,    24.353 MiB
ollama-1  | srv        update:    - prompt 0x1d728d30:     805 tokens, checkpoints:  0,    25.166 MiB
ollama-1  | srv        update:    - prompt 0x2427f580:     696 tokens, checkpoints:  0,    21.758 MiB
ollama-1  | srv        update:    - prompt 0x30e39f50:     962 tokens, checkpoints:  0,    30.074 MiB
ollama-1  | srv        update:    - prompt 0x1e85d3b0:     705 tokens, checkpoints:  0,    22.040 MiB
ollama-1  | srv        update:    - prompt 0x1e7a4ad0:     722 tokens, checkpoints:  0,    22.571 MiB
ollama-1  | srv        update:    - prompt 0x24d036a0:     704 tokens, checkpoints:  0,    22.008 MiB
ollama-1  | srv        update:    - prompt 0x1e75fd60:     710 tokens, checkpoints:  0,    22.196 MiB
ollama-1  | srv        update:    - prompt 0x24367aa0:     752 tokens, checkpoints:  0,    23.509 MiB
ollama-1  | srv        update:    - prompt 0x243c6d30:     683 tokens, checkpoints:  0,    21.352 MiB
ollama-1  | srv        update:    - prompt 0x24273cf0:     777 tokens, checkpoints:  0,    24.291 MiB
ollama-1  | srv        update:    - prompt 0x1d311810:     730 tokens, checkpoints:  0,    22.821 MiB
ollama-1  | srv        update:    - prompt 0x2a2a47f0:     771 tokens, checkpoints:  0,    24.103 MiB
ollama-1  | srv        update:    - prompt 0x2448abc0:     740 tokens, checkpoints:  0,    23.134 MiB
ollama-1  | srv        update:    - prompt 0x1e82e900:     677 tokens, checkpoints:  0,    21.164 MiB
ollama-1  | srv        update:    - prompt 0x24432260:     738 tokens, checkpoints:  0,    23.071 MiB
ollama-1  | srv        update:    - prompt 0x242f5d40:     738 tokens, checkpoints:  0,    23.071 MiB
ollama-1  | srv        update:    - prompt 0x2444bcc0:     777 tokens, checkpoints:  0,    24.291 MiB
ollama-1  | srv        update:    - prompt 0x1e8593f0:     699 tokens, checkpoints:  0,    21.852 MiB
ollama-1  | srv        update:    - prompt 0x24917360:     733 tokens, checkpoints:  0,    22.915 MiB
ollama-1  | srv        update:    - prompt 0x2443a030:     798 tokens, checkpoints:  0,    24.947 MiB
ollama-1  | srv        update:    - prompt 0x24213850:     661 tokens, checkpoints:  0,    20.664 MiB
ollama-1  | srv  get_availabl: prompt cache update took 0.09 ms
ollama-1  | slot launch_slot_: id  0 | task -1 | sampler chain: logits -> ?penalties -> ?dry -> ?top-n-sigma -> top-k -> ?typical -> top-p -> ?min-p -> ?xtc -> temp-ext -> dist 
ollama-1  | slot launch_slot_: id  0 | task -1 | sampler params: 
ollama-1  | 	repeat_last_n = 64, repeat_penalty = 1.000, frequency_penalty = 0.000, presence_penalty = 0.000
ollama-1  | 	dry_multiplier = 0.000, dry_base = 1.750, dry_allowed_length = 2, dry_penalty_last_n = 64
ollama-1  | 	top_k = 40, top_p = 0.900, min_p = 0.000, xtc_probability = 0.000, xtc_threshold = 0.100, typical_p = 1.000, top_n_sigma = -1.000, temp = 0.000
ollama-1  | 	mirostat = 0, mirostat_lr = 0.100, mirostat_ent = 5.000, adaptive_target = -1.000, adaptive_decay = 0.900
ollama-1  | slot launch_slot_: id  0 | task 11425 | processing task, is_child = 0
ollama-1  | slot   operator(): id  0 | task 11425 | new prompt, n_ctx_slot = 4096, n_keep = 4, task.n_tokens = 548
ollama-1  | slot   operator(): id  0 | task 11425 | cached n_tokens = 328, memory_seq_rm [328, end)
ollama-1  | slot init_sampler: id  0 | task 11425 | init sampler, took 0.07 ms, tokens: text = 548, total = 548
ollama-1  | [GIN] 2026/10/07 - 10:58:38 | 200 |      28.388µs |       127.0.0.1 | HEAD     "/"
ollama-1  | [GIN] 2026/10/07 - 10:58:38 | 200 |     883.734µs |       127.0.0.1 | GET      "/api/tags"
ollama-1  | slot print_timing: id  0 | task 11425 | prompt eval time =     883.68 ms /   220 tokens (    4.02 ms per token,   248.96 tokens per second)
ollama-1  | slot print_timing: id  0 | task 11425 |        eval time =     152.03 ms /     8 tokens (   21.72 ms per token,    46.04 tokens per second)
ollama-1  | slot print_timing: id  0 | task 11425 |       total time =    1035.71 ms /   228 tokens
ollama-1  | slot print_timing: id  0 | task 11425 |    graphs reused =       7829
ollama-1  | slot      release: id  0 | task 11425 | stop processing: n_tokens = 555, truncated = 0
ollama-1  | srv  update_slots: all slots are idle
ollama-1  | [GIN] 2026/10/07 - 10:58:39 | 200 |  7.405087467s |      172.21.0.4 | POST     "/api/generate"
ollama-1  | srv  server_strea: conv_id= (empty=1)
ollama-1  | slot get_availabl: id  0 | task -1 |  - checking sim = 0.567 (328/578) > 0.100
ollama-1  | slot get_availabl: id  0 | task -1 | selected slot by LCP similarity, f_sim_best = 0.567 (> 0.100 thold), f_keep = 0.591
ollama-1  | slot launch_slot_: id  0 | task -1 | sampler chain: logits -> ?penalties -> ?dry -> ?top-n-sigma -> top-k -> ?typical -> top-p -> ?min-p -> ?xtc -> temp-ext -> dist 
ollama-1  | slot launch_slot_: id  0 | task -1 | sampler params: 
ollama-1  | 	repeat_last_n = 64, repeat_penalty = 1.000, frequency_penalty = 0.000, presence_penalty = 0.000
ollama-1  | 	dry_multiplier = 0.000, dry_base = 1.750, dry_allowed_length = 2, dry_penalty_last_n = 64
ollama-1  | 	top_k = 40, top_p = 0.900, min_p = 0.000, xtc_probability = 0.000, xtc_threshold = 0.100, typical_p = 1.000, top_n_sigma = -1.000, temp = 0.000
ollama-1  | 	mirostat = 0, mirostat_lr = 0.100, mirostat_ent = 5.000, adaptive_target = -1.000, adaptive_decay = 0.900
ollama-1  | slot launch_slot_: id  0 | task 11434 | processing task, is_child = 0
ollama-1  | slot   operator(): id  0 | task 11434 | new prompt, n_ctx_slot = 4096, n_keep = 4, task.n_tokens = 578
ollama-1  | slot   operator(): id  0 | task 11434 | cached n_tokens = 328, memory_seq_rm [328, end)
ollama-1  | slot init_sampler: id  0 | task 11434 | init sampler, took 0.07 ms, tokens: text = 578, total = 578
ollama-1  | slot print_timing: id  0 | task 11434 | prompt eval time =    1001.73 ms /   250 tokens (    4.01 ms per token,   249.57 tokens per second)
ollama-1  | slot print_timing: id  0 | task 11434 |        eval time =     169.75 ms /     9 tokens (   21.22 ms per token,    47.13 tokens per second)
ollama-1  | slot print_timing: id  0 | task 11434 |       total time =    1171.47 ms /   259 tokens
ollama-1  | slot print_timing: id  0 | task 11434 |    graphs reused =       7836
ollama-1  | slot      release: id  0 | task 11434 | stop processing: n_tokens = 586, truncated = 0
ollama-1  | srv  update_slots: all slots are idle
ollama-1  | [GIN] 2026/10/07 - 10:58:40 | 200 |  8.273833516s |      172.21.0.4 | POST     "/api/generate"
ollama-1  | srv  server_strea: conv_id= (empty=1)
ollama-1  | slot get_availabl: id  0 | task -1 |  - checking sim = 0.664 (328/494) > 0.100
ollama-1  | slot get_availabl: id  0 | task -1 | selected slot by LCP similarity, f_sim_best = 0.664 (> 0.100 thold), f_keep = 0.560
ollama-1  | slot launch_slot_: id  0 | task -1 | sampler chain: logits -> ?penalties -> ?dry -> ?top-n-sigma -> top-k -> ?typical -> top-p -> ?min-p -> ?xtc -> temp-ext -> dist 
ollama-1  | slot launch_slot_: id  0 | task -1 | sampler params: 
ollama-1  | 	repeat_last_n = 64, repeat_penalty = 1.000, frequency_penalty = 0.000, presence_penalty = 0.000
ollama-1  | 	dry_multiplier = 0.000, dry_base = 1.750, dry_allowed_length = 2, dry_penalty_last_n = 64
ollama-1  | 	top_k = 40, top_p = 0.900, min_p = 0.000, xtc_probability = 0.000, xtc_threshold = 0.100, typical_p = 1.000, top_n_sigma = -1.000, temp = 0.000
ollama-1  | 	mirostat = 0, mirostat_lr = 0.100, mirostat_ent = 5.000, adaptive_target = -1.000, adaptive_decay = 0.900
ollama-1  | slot launch_slot_: id  0 | task 11444 | processing task, is_child = 0
ollama-1  | slot   operator(): id  0 | task 11444 | new prompt, n_ctx_slot = 4096, n_keep = 4, task.n_tokens = 494
ollama-1  | slot   operator(): id  0 | task 11444 | cached n_tokens = 328, memory_seq_rm [328, end)
ollama-1  | slot init_sampler: id  0 | task 11444 | init sampler, took 0.06 ms, tokens: text = 494, total = 494
ollama-1  | slot print_timing: id  0 | task 11444 | prompt eval time =     651.01 ms /   166 tokens (    3.92 ms per token,   254.99 tokens per second)
ollama-1  | slot print_timing: id  0 | task 11444 |        eval time =     145.47 ms /     8 tokens (   20.78 ms per token,    48.12 tokens per second)
ollama-1  | slot print_timing: id  0 | task 11444 |       total time =     796.48 ms /   174 tokens
ollama-1  | slot print_timing: id  0 | task 11444 |    graphs reused =       7842
ollama-1  | slot      release: id  0 | task 11444 | stop processing: n_tokens = 501, truncated = 0
ollama-1  | srv  update_slots: all slots are idle
ollama-1  | [GIN] 2026/10/07 - 10:58:41 | 200 |  7.782132347s |      172.21.0.4 | POST     "/api/generate"
ollama-1  | srv  server_strea: conv_id= (empty=1)
ollama-1  | slot get_availabl: id  0 | task -1 |  - checking sim = 0.639 (328/513) > 0.100
ollama-1  | slot get_availabl: id  0 | task -1 | selected slot by LCP similarity, f_sim_best = 0.639 (> 0.100 thold), f_keep = 0.655
ollama-1  | slot launch_slot_: id  0 | task -1 | sampler chain: logits -> ?penalties -> ?dry -> ?top-n-sigma -> top-k -> ?typical -> top-p -> ?min-p -> ?xtc -> temp-ext -> dist 
ollama-1  | slot launch_slot_: id  0 | task -1 | sampler params: 
ollama-1  | 	repeat_last_n = 64, repeat_penalty = 1.000, frequency_penalty = 0.000, presence_penalty = 0.000
ollama-1  | 	dry_multiplier = 0.000, dry_base = 1.750, dry_allowed_length = 2, dry_penalty_last_n = 64
ollama-1  | 	top_k = 40, top_p = 0.900, min_p = 0.000, xtc_probability = 0.000, xtc_threshold = 0.100, typical_p = 1.000, top_n_sigma = -1.000, temp = 0.000
ollama-1  | 	mirostat = 0, mirostat_lr = 0.100, mirostat_ent = 5.000, adaptive_target = -1.000, adaptive_decay = 0.900
ollama-1  | slot launch_slot_: id  0 | task 11453 | processing task, is_child = 0
ollama-1  | slot   operator(): id  0 | task 11453 | new prompt, n_ctx_slot = 4096, n_keep = 4, task.n_tokens = 513
ollama-1  | slot   operator(): id  0 | task 11453 | cached n_tokens = 328, memory_seq_rm [328, end)
ollama-1  | slot init_sampler: id  0 | task 11453 | init sampler, took 0.06 ms, tokens: text = 513, total = 513
ollama-1  | slot print_timing: id  0 | task 11453 | prompt eval time =     734.17 ms /   185 tokens (    3.97 ms per token,   251.98 tokens per second)
ollama-1  | slot print_timing: id  0 | task 11453 |        eval time =     159.62 ms /     8 tokens (   22.80 ms per token,    43.85 tokens per second)
ollama-1  | slot print_timing: id  0 | task 11453 |       total time =     893.79 ms /   193 tokens
ollama-1  | slot print_timing: id  0 | task 11453 |    graphs reused =       7848
ollama-1  | slot      release: id  0 | task 11453 | stop processing: n_tokens = 520, truncated = 0
ollama-1  | srv  update_slots: all slots are idle
ollama-1  | [GIN] 2026/10/07 - 10:58:42 | 200 |   8.39072812s |      172.21.0.4 | POST     "/api/generate"
ollama-1  | srv  server_strea: conv_id= (empty=1)
ollama-1  | slot get_availabl: id  0 | task -1 |  - checking sim = 0.613 (328/535) > 0.100
ollama-1  | slot get_availabl: id  0 | task -1 | selected slot by LCP similarity, f_sim_best = 0.613 (> 0.100 thold), f_keep = 0.631
ollama-1  | slot launch_slot_: id  0 | task -1 | sampler chain: logits -> ?penalties -> ?dry -> ?top-n-sigma -> top-k -> ?typical -> top-p -> ?min-p -> ?xtc -> temp-ext -> dist 
ollama-1  | slot launch_slot_: id  0 | task -1 | sampler params: 
ollama-1  | 	repeat_last_n = 64, repeat_penalty = 1.000, frequency_penalty = 0.000, presence_penalty = 0.000
ollama-1  | 	dry_multiplier = 0.000, dry_base = 1.750, dry_allowed_length = 2, dry_penalty_last_n = 64
ollama-1  | 	top_k = 40, top_p = 0.900, min_p = 0.000, xtc_probability = 0.000, xtc_threshold = 0.100, typical_p = 1.000, top_n_sigma = -1.000, temp = 0.000
ollama-1  | 	mirostat = 0, mirostat_lr = 0.100, mirostat_ent = 5.000, adaptive_target = -1.000, adaptive_decay = 0.900
ollama-1  | slot launch_slot_: id  0 | task 11462 | processing task, is_child = 0
ollama-1  | slot   operator(): id  0 | task 11462 | new prompt, n_ctx_slot = 4096, n_keep = 4, task.n_tokens = 535
ollama-1  | slot   operator(): id  0 | task 11462 | cached n_tokens = 328, memory_seq_rm [328, end)
ollama-1  | slot init_sampler: id  0 | task 11462 | init sampler, took 0.06 ms, tokens: text = 535, total = 535
ollama-1  | slot print_timing: id  0 | task 11462 | prompt eval time =     823.19 ms /   207 tokens (    3.98 ms per token,   251.46 tokens per second)
ollama-1  | slot print_timing: id  0 | task 11462 |        eval time =     151.51 ms /     8 tokens (   21.64 ms per token,    46.20 tokens per second)
ollama-1  | slot print_timing: id  0 | task 11462 |       total time =     974.71 ms /   215 tokens
ollama-1  | slot print_timing: id  0 | task 11462 |    graphs reused =       7854
ollama-1  | slot      release: id  0 | task 11462 | stop processing: n_tokens = 542, truncated = 0
ollama-1  | srv  update_slots: all slots are idle
ollama-1  | [GIN] 2026/10/07 - 10:58:42 | 200 |  7.662565951s |      172.21.0.4 | POST     "/api/generate"
ollama-1  | srv  server_strea: conv_id= (empty=1)
ollama-1  | slot get_availabl: id  0 | task -1 |  - checking sim = 0.810 (328/405) > 0.100
ollama-1  | slot get_availabl: id  0 | task -1 | selected slot by LCP similarity, f_sim_best = 0.810 (> 0.100 thold), f_keep = 0.605
ollama-1  | slot launch_slot_: id  0 | task -1 | sampler chain: logits -> ?penalties -> ?dry -> ?top-n-sigma -> top-k -> ?typical -> top-p -> ?min-p -> ?xtc -> temp-ext -> dist 
ollama-1  | slot launch_slot_: id  0 | task -1 | sampler params: 
ollama-1  | 	repeat_last_n = 64, repeat_penalty = 1.000, frequency_penalty = 0.000, presence_penalty = 0.000
ollama-1  | 	dry_multiplier = 0.000, dry_base = 1.750, dry_allowed_length = 2, dry_penalty_last_n = 64
ollama-1  | 	top_k = 40, top_p = 0.900, min_p = 0.000, xtc_probability = 0.000, xtc_threshold = 0.100, typical_p = 1.000, top_n_sigma = -1.000, temp = 0.000
ollama-1  | 	mirostat = 0, mirostat_lr = 0.100, mirostat_ent = 5.000, adaptive_target = -1.000, adaptive_decay = 0.900
ollama-1  | slot launch_slot_: id  0 | task 11471 | processing task, is_child = 0
ollama-1  | slot   operator(): id  0 | task 11471 | new prompt, n_ctx_slot = 4096, n_keep = 4, task.n_tokens = 405
ollama-1  | slot   operator(): id  0 | task 11471 | cached n_tokens = 328, memory_seq_rm [328, end)
ollama-1  | slot init_sampler: id  0 | task 11471 | init sampler, took 0.05 ms, tokens: text = 405, total = 405
ollama-1  | slot print_timing: id  0 | task 11471 | prompt eval time =     317.86 ms /    77 tokens (    4.13 ms per token,   242.24 tokens per second)
ollama-1  | slot print_timing: id  0 | task 11471 |        eval time =     156.53 ms /     8 tokens (   22.36 ms per token,    44.72 tokens per second)
ollama-1  | slot print_timing: id  0 | task 11471 |       total time =     474.39 ms /    85 tokens
ollama-1  | slot print_timing: id  0 | task 11471 |    graphs reused =       7860
ollama-1  | slot      release: id  0 | task 11471 | stop processing: n_tokens = 412, truncated = 0
ollama-1  | srv  update_slots: all slots are idle
ollama-1  | [GIN] 2026/10/07 - 10:58:43 | 200 |  7.818540589s |      172.21.0.4 | POST     "/api/generate"
ollama-1  | srv  server_strea: conv_id= (empty=1)
ollama-1  | slot get_availabl: id  0 | task -1 |  - checking sim = 0.802 (328/409) > 0.100
ollama-1  | slot get_availabl: id  0 | task -1 | selected slot by LCP similarity, f_sim_best = 0.802 (> 0.100 thold), f_keep = 0.796
ollama-1  | slot launch_slot_: id  0 | task -1 | sampler chain: logits -> ?penalties -> ?dry -> ?top-n-sigma -> top-k -> ?typical -> top-p -> ?min-p -> ?xtc -> temp-ext -> dist 
ollama-1  | slot launch_slot_: id  0 | task -1 | sampler params: 
ollama-1  | 	repeat_last_n = 64, repeat_penalty = 1.000, frequency_penalty = 0.000, presence_penalty = 0.000
ollama-1  | 	dry_multiplier = 0.000, dry_base = 1.750, dry_allowed_length = 2, dry_penalty_last_n = 64
ollama-1  | 	top_k = 40, top_p = 0.900, min_p = 0.000, xtc_probability = 0.000, xtc_threshold = 0.100, typical_p = 1.000, top_n_sigma = -1.000, temp = 0.000
ollama-1  | 	mirostat = 0, mirostat_lr = 0.100, mirostat_ent = 5.000, adaptive_target = -1.000, adaptive_decay = 0.900
ollama-1  | slot launch_slot_: id  0 | task 11480 | processing task, is_child = 0
ollama-1  | slot   operator(): id  0 | task 11480 | new prompt, n_ctx_slot = 4096, n_keep = 4, task.n_tokens = 409
ollama-1  | slot   operator(): id  0 | task 11480 | cached n_tokens = 328, memory_seq_rm [328, end)
ollama-1  | slot init_sampler: id  0 | task 11480 | init sampler, took 0.05 ms, tokens: text = 409, total = 409
ollama-1  | slot print_timing: id  0 | task 11480 | prompt eval time =     335.09 ms /    81 tokens (    4.14 ms per token,   241.73 tokens per second)
ollama-1  | slot print_timing: id  0 | task 11480 |        eval time =     148.91 ms /     8 tokens (   21.27 ms per token,    47.01 tokens per second)
ollama-1  | slot print_timing: id  0 | task 11480 |       total time =     484.00 ms /    89 tokens
ollama-1  | slot print_timing: id  0 | task 11480 |    graphs reused =       7866
ollama-1  | slot      release: id  0 | task 11480 | stop processing: n_tokens = 416, truncated = 0
ollama-1  | srv  update_slots: all slots are idle
ollama-1  | [GIN] 2026/10/07 - 10:58:43 | 200 |   8.18904843s |      172.21.0.4 | POST     "/api/generate"
ollama-1  | srv  server_strea: conv_id= (empty=1)
ollama-1  | slot get_availabl: id  0 | task -1 |  - checking sim = 0.754 (328/435) > 0.100
ollama-1  | slot get_availabl: id  0 | task -1 | selected slot by LCP similarity, f_sim_best = 0.754 (> 0.100 thold), f_keep = 0.788
ollama-1  | slot launch_slot_: id  0 | task -1 | sampler chain: logits -> ?penalties -> ?dry -> ?top-n-sigma -> top-k -> ?typical -> top-p -> ?min-p -> ?xtc -> temp-ext -> dist 
ollama-1  | slot launch_slot_: id  0 | task -1 | sampler params: 
ollama-1  | 	repeat_last_n = 64, repeat_penalty = 1.000, frequency_penalty = 0.000, presence_penalty = 0.000
ollama-1  | 	dry_multiplier = 0.000, dry_base = 1.750, dry_allowed_length = 2, dry_penalty_last_n = 64
ollama-1  | 	top_k = 40, top_p = 0.900, min_p = 0.000, xtc_probability = 0.000, xtc_threshold = 0.100, typical_p = 1.000, top_n_sigma = -1.000, temp = 0.000
ollama-1  | 	mirostat = 0, mirostat_lr = 0.100, mirostat_ent = 5.000, adaptive_target = -1.000, adaptive_decay = 0.900
ollama-1  | slot launch_slot_: id  0 | task 11489 | processing task, is_child = 0
ollama-1  | slot   operator(): id  0 | task 11489 | new prompt, n_ctx_slot = 4096, n_keep = 4, task.n_tokens = 435
ollama-1  | slot   operator(): id  0 | task 11489 | cached n_tokens = 328, memory_seq_rm [328, end)
ollama-1  | slot init_sampler: id  0 | task 11489 | init sampler, took 0.04 ms, tokens: text = 435, total = 435
ollama-1  | slot print_timing: id  0 | task 11489 | prompt eval time =     432.95 ms /   107 tokens (    4.05 ms per token,   247.14 tokens per second)
ollama-1  | slot print_timing: id  0 | task 11489 |        eval time =     149.87 ms /     8 tokens (   21.41 ms per token,    46.71 tokens per second)
ollama-1  | slot print_timing: id  0 | task 11489 |       total time =     582.82 ms /   115 tokens
ollama-1  | slot print_timing: id  0 | task 11489 |    graphs reused =       7872
ollama-1  | slot      release: id  0 | task 11489 | stop processing: n_tokens = 442, truncated = 0
ollama-1  | srv  update_slots: all slots are idle
ollama-1  | [GIN] 2026/10/07 - 10:58:44 | 200 |  8.747600629s |      172.21.0.4 | POST     "/api/generate"
ollama-1  | srv  server_strea: conv_id= (empty=1)
ollama-1  | slot get_availabl: id  0 | task -1 |  - checking sim = 0.609 (329/540) > 0.100
ollama-1  | slot get_availabl: id  0 | task -1 | selected slot by LCP similarity, f_sim_best = 0.609 (> 0.100 thold), f_keep = 0.744
ollama-1  | slot launch_slot_: id  0 | task -1 | sampler chain: logits -> ?penalties -> ?dry -> ?top-n-sigma -> top-k -> ?typical -> top-p -> ?min-p -> ?xtc -> temp-ext -> dist 
ollama-1  | slot launch_slot_: id  0 | task -1 | sampler params: 
ollama-1  | 	repeat_last_n = 64, repeat_penalty = 1.000, frequency_penalty = 0.000, presence_penalty = 0.000
ollama-1  | 	dry_multiplier = 0.000, dry_base = 1.750, dry_allowed_length = 2, dry_penalty_last_n = 64
ollama-1  | 	top_k = 40, top_p = 0.900, min_p = 0.000, xtc_probability = 0.000, xtc_threshold = 0.100, typical_p = 1.000, top_n_sigma = -1.000, temp = 0.000
ollama-1  | 	mirostat = 0, mirostat_lr = 0.100, mirostat_ent = 5.000, adaptive_target = -1.000, adaptive_decay = 0.900
ollama-1  | slot launch_slot_: id  0 | task 11498 | processing task, is_child = 0
ollama-1  | slot   operator(): id  0 | task 11498 | new prompt, n_ctx_slot = 4096, n_keep = 4, task.n_tokens = 540
ollama-1  | slot   operator(): id  0 | task 11498 | cached n_tokens = 329, memory_seq_rm [329, end)
ollama-1  | slot init_sampler: id  0 | task 11498 | init sampler, took 0.07 ms, tokens: text = 540, total = 540
ollama-1  | slot print_timing: id  0 | task 11498 | prompt eval time =     844.13 ms /   211 tokens (    4.00 ms per token,   249.96 tokens per second)
ollama-1  | slot print_timing: id  0 | task 11498 |        eval time =     171.26 ms /     9 tokens (   21.41 ms per token,    46.71 tokens per second)
ollama-1  | slot print_timing: id  0 | task 11498 |       total time =    1015.39 ms /   220 tokens
ollama-1  | slot print_timing: id  0 | task 11498 |    graphs reused =       7879
ollama-1  | slot      release: id  0 | task 11498 | stop processing: n_tokens = 548, truncated = 0
ollama-1  | srv  update_slots: all slots are idle
ollama-1  | [GIN] 2026/10/07 - 10:58:45 | 200 |  9.454024679s |      172.21.0.4 | POST     "/api/generate"
ollama-1  | srv  server_strea: conv_id= (empty=1)
ollama-1  | slot get_availabl: id  0 | task -1 |  - checking sim = 0.632 (328/519) > 0.100
ollama-1  | slot get_availabl: id  0 | task -1 | selected slot by LCP similarity, f_sim_best = 0.632 (> 0.100 thold), f_keep = 0.599
ollama-1  | slot launch_slot_: id  0 | task -1 | sampler chain: logits -> ?penalties -> ?dry -> ?top-n-sigma -> top-k -> ?typical -> top-p -> ?min-p -> ?xtc -> temp-ext -> dist 
ollama-1  | slot launch_slot_: id  0 | task -1 | sampler params: 
ollama-1  | 	repeat_last_n = 64, repeat_penalty = 1.000, frequency_penalty = 0.000, presence_penalty = 0.000
ollama-1  | 	dry_multiplier = 0.000, dry_base = 1.750, dry_allowed_length = 2, dry_penalty_last_n = 64
ollama-1  | 	top_k = 40, top_p = 0.900, min_p = 0.000, xtc_probability = 0.000, xtc_threshold = 0.100, typical_p = 1.000, top_n_sigma = -1.000, temp = 0.000
ollama-1  | 	mirostat = 0, mirostat_lr = 0.100, mirostat_ent = 5.000, adaptive_target = -1.000, adaptive_decay = 0.900
ollama-1  | slot launch_slot_: id  0 | task 11508 | processing task, is_child = 0
ollama-1  | slot   operator(): id  0 | task 11508 | new prompt, n_ctx_slot = 4096, n_keep = 4, task.n_tokens = 519
ollama-1  | slot   operator(): id  0 | task 11508 | cached n_tokens = 328, memory_seq_rm [328, end)
ollama-1  | slot init_sampler: id  0 | task 11508 | init sampler, took 0.04 ms, tokens: text = 519, total = 519
ollama-1  | slot print_timing: id  0 | task 11508 | prompt eval time =     780.82 ms /   191 tokens (    4.09 ms per token,   244.61 tokens per second)
ollama-1  | slot print_timing: id  0 | task 11508 |        eval time =     157.93 ms /     8 tokens (   22.56 ms per token,    44.32 tokens per second)
ollama-1  | slot print_timing: id  0 | task 11508 |       total time =     938.75 ms /   199 tokens
ollama-1  | slot print_timing: id  0 | task 11508 |    graphs reused =       7885
ollama-1  | slot      release: id  0 | task 11508 | stop processing: n_tokens = 526, truncated = 0
ollama-1  | srv  update_slots: all slots are idle
ollama-1  | [GIN] 2026/10/07 - 10:58:46 | 200 |  8.779547525s |      172.21.0.4 | POST     "/api/generate"
ollama-1  | srv  server_strea: conv_id= (empty=1)
ollama-1  | slot get_availabl: id  0 | task -1 |  - checking sim = 0.521 (328/629) > 0.100
ollama-1  | slot get_availabl: id  0 | task -1 | selected slot by LCP similarity, f_sim_best = 0.521 (> 0.100 thold), f_keep = 0.624
ollama-1  | slot launch_slot_: id  0 | task -1 | sampler chain: logits -> ?penalties -> ?dry -> ?top-n-sigma -> top-k -> ?typical -> top-p -> ?min-p -> ?xtc -> temp-ext -> dist 
ollama-1  | slot launch_slot_: id  0 | task -1 | sampler params: 
ollama-1  | 	repeat_last_n = 64, repeat_penalty = 1.000, frequency_penalty = 0.000, presence_penalty = 0.000
ollama-1  | 	dry_multiplier = 0.000, dry_base = 1.750, dry_allowed_length = 2, dry_penalty_last_n = 64
ollama-1  | 	top_k = 40, top_p = 0.900, min_p = 0.000, xtc_probability = 0.000, xtc_threshold = 0.100, typical_p = 1.000, top_n_sigma = -1.000, temp = 0.000
ollama-1  | 	mirostat = 0, mirostat_lr = 0.100, mirostat_ent = 5.000, adaptive_target = -1.000, adaptive_decay = 0.900
ollama-1  | slot launch_slot_: id  0 | task 11517 | processing task, is_child = 0
ollama-1  | slot   operator(): id  0 | task 11517 | new prompt, n_ctx_slot = 4096, n_keep = 4, task.n_tokens = 629
ollama-1  | slot   operator(): id  0 | task 11517 | cached n_tokens = 328, memory_seq_rm [328, end)
ollama-1  | slot init_sampler: id  0 | task 11517 | init sampler, took 0.06 ms, tokens: text = 629, total = 629
ollama-1  | slot print_timing: id  0 | task 11517 | prompt eval time =    1200.72 ms /   301 tokens (    3.99 ms per token,   250.68 tokens per second)
ollama-1  | slot print_timing: id  0 | task 11517 |        eval time =     155.21 ms /     8 tokens (   22.17 ms per token,    45.10 tokens per second)
ollama-1  | slot print_timing: id  0 | task 11517 |       total time =    1355.93 ms /   309 tokens
ollama-1  | slot print_timing: id  0 | task 11517 |    graphs reused =       7891
ollama-1  | slot      release: id  0 | task 11517 | stop processing: n_tokens = 636, truncated = 0
ollama-1  | srv  update_slots: all slots are idle
ollama-1  | [GIN] 2026/10/07 - 10:58:47 | 200 |  7.798636428s |      172.21.0.4 | POST     "/api/generate"
ollama-1  | srv  server_strea: conv_id= (empty=1)
ollama-1  | slot get_availabl: id  0 | task -1 |  - checking sim = 0.825 (329/399) > 0.100
ollama-1  | slot get_availabl: id  0 | task -1 | selected slot by LCP similarity, f_sim_best = 0.825 (> 0.100 thold), f_keep = 0.517
ollama-1  | slot launch_slot_: id  0 | task -1 | sampler chain: logits -> ?penalties -> ?dry -> ?top-n-sigma -> top-k -> ?typical -> top-p -> ?min-p -> ?xtc -> temp-ext -> dist 
ollama-1  | slot launch_slot_: id  0 | task -1 | sampler params: 
ollama-1  | 	repeat_last_n = 64, repeat_penalty = 1.000, frequency_penalty = 0.000, presence_penalty = 0.000
ollama-1  | 	dry_multiplier = 0.000, dry_base = 1.750, dry_allowed_length = 2, dry_penalty_last_n = 64
ollama-1  | 	top_k = 40, top_p = 0.900, min_p = 0.000, xtc_probability = 0.000, xtc_threshold = 0.100, typical_p = 1.000, top_n_sigma = -1.000, temp = 0.000
ollama-1  | 	mirostat = 0, mirostat_lr = 0.100, mirostat_ent = 5.000, adaptive_target = -1.000, adaptive_decay = 0.900
ollama-1  | slot launch_slot_: id  0 | task 11526 | processing task, is_child = 0
ollama-1  | slot   operator(): id  0 | task 11526 | new prompt, n_ctx_slot = 4096, n_keep = 4, task.n_tokens = 399
ollama-1  | slot   operator(): id  0 | task 11526 | cached n_tokens = 329, memory_seq_rm [329, end)
ollama-1  | slot init_sampler: id  0 | task 11526 | init sampler, took 0.05 ms, tokens: text = 399, total = 399
ollama-1  | slot print_timing: id  0 | task 11526 | prompt eval time =     290.75 ms /    70 tokens (    4.15 ms per token,   240.76 tokens per second)
ollama-1  | slot print_timing: id  0 | task 11526 |        eval time =     167.76 ms /     9 tokens (   20.97 ms per token,    47.69 tokens per second)
ollama-1  | slot print_timing: id  0 | task 11526 |       total time =     458.51 ms /    79 tokens
ollama-1  | slot print_timing: id  0 | task 11526 |    graphs reused =       7898
ollama-1  | slot      release: id  0 | task 11526 | stop processing: n_tokens = 407, truncated = 0
ollama-1  | srv  update_slots: all slots are idle
ollama-1  | [GIN] 2026/10/07 - 10:58:48 | 200 |   8.14840264s |      172.21.0.4 | POST     "/api/generate"
ollama-1  | srv  server_strea: conv_id= (empty=1)
ollama-1  | slot get_availabl: id  0 | task -1 |  - checking sim = 0.572 (328/573) > 0.100
ollama-1  | slot get_availabl: id  0 | task -1 | selected slot by LCP similarity, f_sim_best = 0.572 (> 0.100 thold), f_keep = 0.806
ollama-1  | slot launch_slot_: id  0 | task -1 | sampler chain: logits -> ?penalties -> ?dry -> ?top-n-sigma -> top-k -> ?typical -> top-p -> ?min-p -> ?xtc -> temp-ext -> dist 
ollama-1  | slot launch_slot_: id  0 | task -1 | sampler params: 
ollama-1  | 	repeat_last_n = 64, repeat_penalty = 1.000, frequency_penalty = 0.000, presence_penalty = 0.000
ollama-1  | 	dry_multiplier = 0.000, dry_base = 1.750, dry_allowed_length = 2, dry_penalty_last_n = 64
ollama-1  | 	top_k = 40, top_p = 0.900, min_p = 0.000, xtc_probability = 0.000, xtc_threshold = 0.100, typical_p = 1.000, top_n_sigma = -1.000, temp = 0.000
ollama-1  | 	mirostat = 0, mirostat_lr = 0.100, mirostat_ent = 5.000, adaptive_target = -1.000, adaptive_decay = 0.900
ollama-1  | slot launch_slot_: id  0 | task 11536 | processing task, is_child = 0
ollama-1  | slot   operator(): id  0 | task 11536 | new prompt, n_ctx_slot = 4096, n_keep = 4, task.n_tokens = 573
ollama-1  | slot   operator(): id  0 | task 11536 | cached n_tokens = 328, memory_seq_rm [328, end)
ollama-1  | slot init_sampler: id  0 | task 11536 | init sampler, took 0.07 ms, tokens: text = 573, total = 573
ollama-1  | [GIN] 2026/10/07 - 10:58:48 | 200 |       21.27µs |       127.0.0.1 | HEAD     "/"
ollama-1  | [GIN] 2026/10/07 - 10:58:48 | 200 |    1.374194ms |       127.0.0.1 | GET      "/api/tags"
ollama-1  | slot print_timing: id  0 | task 11536 | prompt eval time =     986.20 ms /   245 tokens (    4.03 ms per token,   248.43 tokens per second)
ollama-1  | slot print_timing: id  0 | task 11536 |        eval time =     150.34 ms /     8 tokens (   21.48 ms per token,    46.56 tokens per second)
ollama-1  | slot print_timing: id  0 | task 11536 |       total time =    1136.54 ms /   253 tokens
ollama-1  | slot print_timing: id  0 | task 11536 |    graphs reused =       7904
ollama-1  | slot      release: id  0 | task 11536 | stop processing: n_tokens = 580, truncated = 0
ollama-1  | srv  update_slots: all slots are idle
ollama-1  | [GIN] 2026/10/07 - 10:58:49 | 200 |  7.823521275s |      172.21.0.4 | POST     "/api/generate"
ollama-1  | srv  server_strea: conv_id= (empty=1)
ollama-1  | slot get_availabl: id  0 | task -1 |  - checking sim = 0.549 (328/597) > 0.100
ollama-1  | slot get_availabl: id  0 | task -1 | selected slot by LCP similarity, f_sim_best = 0.549 (> 0.100 thold), f_keep = 0.566
ollama-1  | slot launch_slot_: id  0 | task -1 | sampler chain: logits -> ?penalties -> ?dry -> ?top-n-sigma -> top-k -> ?typical -> top-p -> ?min-p -> ?xtc -> temp-ext -> dist 
ollama-1  | slot launch_slot_: id  0 | task -1 | sampler params: 
ollama-1  | 	repeat_last_n = 64, repeat_penalty = 1.000, frequency_penalty = 0.000, presence_penalty = 0.000
ollama-1  | 	dry_multiplier = 0.000, dry_base = 1.750, dry_allowed_length = 2, dry_penalty_last_n = 64
ollama-1  | 	top_k = 40, top_p = 0.900, min_p = 0.000, xtc_probability = 0.000, xtc_threshold = 0.100, typical_p = 1.000, top_n_sigma = -1.000, temp = 0.000
ollama-1  | 	mirostat = 0, mirostat_lr = 0.100, mirostat_ent = 5.000, adaptive_target = -1.000, adaptive_decay = 0.900
ollama-1  | slot launch_slot_: id  0 | task 11545 | processing task, is_child = 0
ollama-1  | slot   operator(): id  0 | task 11545 | new prompt, n_ctx_slot = 4096, n_keep = 4, task.n_tokens = 597
ollama-1  | slot   operator(): id  0 | task 11545 | cached n_tokens = 328, memory_seq_rm [328, end)
ollama-1  | slot init_sampler: id  0 | task 11545 | init sampler, took 0.05 ms, tokens: text = 597, total = 597
ollama-1  | slot print_timing: id  0 | task 11545 | prompt eval time =    1071.30 ms /   269 tokens (    3.98 ms per token,   251.10 tokens per second)
ollama-1  | slot print_timing: id  0 | task 11545 |        eval time =     170.35 ms /     9 tokens (   21.29 ms per token,    46.96 tokens per second)
ollama-1  | slot print_timing: id  0 | task 11545 |       total time =    1241.64 ms /   278 tokens
ollama-1  | slot print_timing: id  0 | task 11545 |    graphs reused =       7911
ollama-1  | slot      release: id  0 | task 11545 | stop processing: n_tokens = 605, truncated = 0
ollama-1  | srv  update_slots: all slots are idle
ollama-1  | [GIN] 2026/10/07 - 10:58:50 | 200 |  7.976572724s |      172.21.0.4 | POST     "/api/generate"
ollama-1  | srv  server_strea: conv_id= (empty=1)
ollama-1  | slot get_availabl: id  0 | task -1 |  - checking sim = 0.729 (328/450) > 0.100
ollama-1  | slot get_availabl: id  0 | task -1 | selected slot by LCP similarity, f_sim_best = 0.729 (> 0.100 thold), f_keep = 0.542
ollama-1  | slot launch_slot_: id  0 | task -1 | sampler chain: logits -> ?penalties -> ?dry -> ?top-n-sigma -> top-k -> ?typical -> top-p -> ?min-p -> ?xtc -> temp-ext -> dist 
ollama-1  | slot launch_slot_: id  0 | task -1 | sampler params: 
ollama-1  | 	repeat_last_n = 64, repeat_penalty = 1.000, frequency_penalty = 0.000, presence_penalty = 0.000
ollama-1  | 	dry_multiplier = 0.000, dry_base = 1.750, dry_allowed_length = 2, dry_penalty_last_n = 64
ollama-1  | 	top_k = 40, top_p = 0.900, min_p = 0.000, xtc_probability = 0.000, xtc_threshold = 0.100, typical_p = 1.000, top_n_sigma = -1.000, temp = 0.000
ollama-1  | 	mirostat = 0, mirostat_lr = 0.100, mirostat_ent = 5.000, adaptive_target = -1.000, adaptive_decay = 0.900
ollama-1  | slot launch_slot_: id  0 | task 11555 | processing task, is_child = 0
ollama-1  | slot   operator(): id  0 | task 11555 | new prompt, n_ctx_slot = 4096, n_keep = 4, task.n_tokens = 450
ollama-1  | slot   operator(): id  0 | task 11555 | cached n_tokens = 328, memory_seq_rm [328, end)
ollama-1  | slot init_sampler: id  0 | task 11555 | init sampler, took 0.04 ms, tokens: text = 450, total = 450
ollama-1  | slot print_timing: id  0 | task 11555 | prompt eval time =     487.53 ms /   122 tokens (    4.00 ms per token,   250.24 tokens per second)
ollama-1  | slot print_timing: id  0 | task 11555 |        eval time =     164.78 ms /     9 tokens (   20.60 ms per token,    48.55 tokens per second)
ollama-1  | slot print_timing: id  0 | task 11555 |       total time =     652.31 ms /   131 tokens
ollama-1  | slot print_timing: id  0 | task 11555 |    graphs reused =       7918
ollama-1  | slot      release: id  0 | task 11555 | stop processing: n_tokens = 458, truncated = 0
ollama-1  | srv  update_slots: all slots are idle
ollama-1  | [GIN] 2026/10/07 - 10:58:51 | 200 |  8.056279805s |      172.21.0.4 | POST     "/api/generate"
ollama-1  | srv  server_strea: conv_id= (empty=1)
ollama-1  | slot get_availabl: id  0 | task -1 |  - checking sim = 0.549 (328/597) > 0.100
ollama-1  | slot get_availabl: id  0 | task -1 | selected slot by LCP similarity, f_sim_best = 0.549 (> 0.100 thold), f_keep = 0.716
ollama-1  | slot launch_slot_: id  0 | task -1 | sampler chain: logits -> ?penalties -> ?dry -> ?top-n-sigma -> top-k -> ?typical -> top-p -> ?min-p -> ?xtc -> temp-ext -> dist 
ollama-1  | slot launch_slot_: id  0 | task -1 | sampler params: 
ollama-1  | 	repeat_last_n = 64, repeat_penalty = 1.000, frequency_penalty = 0.000, presence_penalty = 0.000
ollama-1  | 	dry_multiplier = 0.000, dry_base = 1.750, dry_allowed_length = 2, dry_penalty_last_n = 64
ollama-1  | 	top_k = 40, top_p = 0.900, min_p = 0.000, xtc_probability = 0.000, xtc_threshold = 0.100, typical_p = 1.000, top_n_sigma = -1.000, temp = 0.000
ollama-1  | 	mirostat = 0, mirostat_lr = 0.100, mirostat_ent = 5.000, adaptive_target = -1.000, adaptive_decay = 0.900
ollama-1  | slot launch_slot_: id  0 | task 11565 | processing task, is_child = 0
ollama-1  | slot   operator(): id  0 | task 11565 | new prompt, n_ctx_slot = 4096, n_keep = 4, task.n_tokens = 597
ollama-1  | slot   operator(): id  0 | task 11565 | cached n_tokens = 328, memory_seq_rm [328, end)
ollama-1  | slot init_sampler: id  0 | task 11565 | init sampler, took 0.07 ms, tokens: text = 597, total = 597
ollama-1  | slot print_timing: id  0 | task 11565 | prompt eval time =    1085.11 ms /   269 tokens (    4.03 ms per token,   247.90 tokens per second)
ollama-1  | slot print_timing: id  0 | task 11565 |        eval time =     159.48 ms /     8 tokens (   22.78 ms per token,    43.89 tokens per second)
ollama-1  | slot print_timing: id  0 | task 11565 |       total time =    1244.60 ms /   277 tokens
ollama-1  | slot print_timing: id  0 | task 11565 |    graphs reused =       7924
ollama-1  | slot      release: id  0 | task 11565 | stop processing: n_tokens = 604, truncated = 0
ollama-1  | srv  update_slots: all slots are idle
ollama-1  | [GIN] 2026/10/07 - 10:58:52 | 200 |   9.10135437s |      172.21.0.4 | POST     "/api/generate"
ollama-1  | srv  server_strea: conv_id= (empty=1)
ollama-1  | slot get_availabl: id  0 | task -1 |  - checking sim = 0.734 (328/447) > 0.100
ollama-1  | slot get_availabl: id  0 | task -1 | selected slot by LCP similarity, f_sim_best = 0.734 (> 0.100 thold), f_keep = 0.543
ollama-1  | slot launch_slot_: id  0 | task -1 | sampler chain: logits -> ?penalties -> ?dry -> ?top-n-sigma -> top-k -> ?typical -> top-p -> ?min-p -> ?xtc -> temp-ext -> dist 
ollama-1  | slot launch_slot_: id  0 | task -1 | sampler params: 
ollama-1  | 	repeat_last_n = 64, repeat_penalty = 1.000, frequency_penalty = 0.000, presence_penalty = 0.000
ollama-1  | 	dry_multiplier = 0.000, dry_base = 1.750, dry_allowed_length = 2, dry_penalty_last_n = 64
ollama-1  | 	top_k = 40, top_p = 0.900, min_p = 0.000, xtc_probability = 0.000, xtc_threshold = 0.100, typical_p = 1.000, top_n_sigma = -1.000, temp = 0.000
ollama-1  | 	mirostat = 0, mirostat_lr = 0.100, mirostat_ent = 5.000, adaptive_target = -1.000, adaptive_decay = 0.900
ollama-1  | slot launch_slot_: id  0 | task 11574 | processing task, is_child = 0
ollama-1  | slot   operator(): id  0 | task 11574 | new prompt, n_ctx_slot = 4096, n_keep = 4, task.n_tokens = 447
ollama-1  | slot   operator(): id  0 | task 11574 | cached n_tokens = 328, memory_seq_rm [328, end)
ollama-1  | slot init_sampler: id  0 | task 11574 | init sampler, took 0.04 ms, tokens: text = 447, total = 447
ollama-1  | slot print_timing: id  0 | task 11574 | prompt eval time =     486.16 ms /   119 tokens (    4.09 ms per token,   244.77 tokens per second)
ollama-1  | slot print_timing: id  0 | task 11574 |        eval time =     159.73 ms /     8 tokens (   22.82 ms per token,    43.82 tokens per second)
ollama-1  | slot print_timing: id  0 | task 11574 |       total time =     645.89 ms /   127 tokens
ollama-1  | slot print_timing: id  0 | task 11574 |    graphs reused =       7930
ollama-1  | slot      release: id  0 | task 11574 | stop processing: n_tokens = 454, truncated = 0
ollama-1  | srv  update_slots: all slots are idle
ollama-1  | [GIN] 2026/10/07 - 10:58:53 | 200 |   7.14354481s |      172.21.0.4 | POST     "/api/generate"
ollama-1  | srv  server_strea: conv_id= (empty=1)
ollama-1  | slot get_availabl: id  0 | task -1 |  - checking sim = 0.605 (328/542) > 0.100
ollama-1  | slot get_availabl: id  0 | task -1 | selected slot by LCP similarity, f_sim_best = 0.605 (> 0.100 thold), f_keep = 0.722
ollama-1  | slot launch_slot_: id  0 | task -1 | sampler chain: logits -> ?penalties -> ?dry -> ?top-n-sigma -> top-k -> ?typical -> top-p -> ?min-p -> ?xtc -> temp-ext -> dist 
ollama-1  | slot launch_slot_: id  0 | task -1 | sampler params: 
ollama-1  | 	repeat_last_n = 64, repeat_penalty = 1.000, frequency_penalty = 0.000, presence_penalty = 0.000
ollama-1  | 	dry_multiplier = 0.000, dry_base = 1.750, dry_allowed_length = 2, dry_penalty_last_n = 64
ollama-1  | 	top_k = 40, top_p = 0.900, min_p = 0.000, xtc_probability = 0.000, xtc_threshold = 0.100, typical_p = 1.000, top_n_sigma = -1.000, temp = 0.000
ollama-1  | 	mirostat = 0, mirostat_lr = 0.100, mirostat_ent = 5.000, adaptive_target = -1.000, adaptive_decay = 0.900
ollama-1  | slot launch_slot_: id  0 | task 11583 | processing task, is_child = 0
ollama-1  | slot   operator(): id  0 | task 11583 | new prompt, n_ctx_slot = 4096, n_keep = 4, task.n_tokens = 542
ollama-1  | slot   operator(): id  0 | task 11583 | cached n_tokens = 328, memory_seq_rm [328, end)
ollama-1  | slot init_sampler: id  0 | task 11583 | init sampler, took 0.09 ms, tokens: text = 542, total = 542
ollama-1  | slot print_timing: id  0 | task 11583 | prompt eval time =     865.54 ms /   214 tokens (    4.04 ms per token,   247.25 tokens per second)
ollama-1  | slot print_timing: id  0 | task 11583 |        eval time =     177.11 ms /     9 tokens (   22.14 ms per token,    45.17 tokens per second)
ollama-1  | slot print_timing: id  0 | task 11583 |       total time =    1042.65 ms /   223 tokens
ollama-1  | slot print_timing: id  0 | task 11583 |    graphs reused =       7937
ollama-1  | slot      release: id  0 | task 11583 | stop processing: n_tokens = 550, truncated = 0
ollama-1  | srv  update_slots: all slots are idle
ollama-1  | [GIN] 2026/10/07 - 10:58:54 | 200 |  7.299915837s |      172.21.0.4 | POST     "/api/generate"
ollama-1  | srv  server_strea: conv_id= (empty=1)
ollama-1  | slot get_availabl: id  0 | task -1 |  - checking sim = 0.798 (328/411) > 0.100
ollama-1  | slot get_availabl: id  0 | task -1 | selected slot by LCP similarity, f_sim_best = 0.798 (> 0.100 thold), f_keep = 0.596
ollama-1  | slot launch_slot_: id  0 | task -1 | sampler chain: logits -> ?penalties -> ?dry -> ?top-n-sigma -> top-k -> ?typical -> top-p -> ?min-p -> ?xtc -> temp-ext -> dist 
ollama-1  | slot launch_slot_: id  0 | task -1 | sampler params: 
ollama-1  | 	repeat_last_n = 64, repeat_penalty = 1.000, frequency_penalty = 0.000, presence_penalty = 0.000
ollama-1  | 	dry_multiplier = 0.000, dry_base = 1.750, dry_allowed_length = 2, dry_penalty_last_n = 64
ollama-1  | 	top_k = 40, top_p = 0.900, min_p = 0.000, xtc_probability = 0.000, xtc_threshold = 0.100, typical_p = 1.000, top_n_sigma = -1.000, temp = 0.000
ollama-1  | 	mirostat = 0, mirostat_lr = 0.100, mirostat_ent = 5.000, adaptive_target = -1.000, adaptive_decay = 0.900
ollama-1  | slot launch_slot_: id  0 | task 11593 | processing task, is_child = 0
ollama-1  | slot   operator(): id  0 | task 11593 | new prompt, n_ctx_slot = 4096, n_keep = 4, task.n_tokens = 411
ollama-1  | slot   operator(): id  0 | task 11593 | cached n_tokens = 328, memory_seq_rm [328, end)
ollama-1  | slot init_sampler: id  0 | task 11593 | init sampler, took 0.05 ms, tokens: text = 411, total = 411
ollama-1  | slot print_timing: id  0 | task 11593 | prompt eval time =     345.24 ms /    83 tokens (    4.16 ms per token,   240.41 tokens per second)
ollama-1  | slot print_timing: id  0 | task 11593 |        eval time =     187.91 ms /     9 tokens (   23.49 ms per token,    42.57 tokens per second)
ollama-1  | slot print_timing: id  0 | task 11593 |       total time =     533.15 ms /    92 tokens
ollama-1  | slot print_timing: id  0 | task 11593 |    graphs reused =       7944
ollama-1  | slot      release: id  0 | task 11593 | stop processing: n_tokens = 419, truncated = 0
ollama-1  | srv  update_slots: all slots are idle
ollama-1  | [GIN] 2026/10/07 - 10:58:54 | 200 |  7.608158129s |      172.21.0.4 | POST     "/api/generate"
ollama-1  | srv  server_strea: conv_id= (empty=1)
ollama-1  | slot get_availabl: id  0 | task -1 |  - checking sim = 0.593 (328/553) > 0.100
ollama-1  | slot get_availabl: id  0 | task -1 | selected slot by LCP similarity, f_sim_best = 0.593 (> 0.100 thold), f_keep = 0.783
ollama-1  | slot launch_slot_: id  0 | task -1 | sampler chain: logits -> ?penalties -> ?dry -> ?top-n-sigma -> top-k -> ?typical -> top-p -> ?min-p -> ?xtc -> temp-ext -> dist 
ollama-1  | slot launch_slot_: id  0 | task -1 | sampler params: 
ollama-1  | 	repeat_last_n = 64, repeat_penalty = 1.000, frequency_penalty = 0.000, presence_penalty = 0.000
ollama-1  | 	dry_multiplier = 0.000, dry_base = 1.750, dry_allowed_length = 2, dry_penalty_last_n = 64
ollama-1  | 	top_k = 40, top_p = 0.900, min_p = 0.000, xtc_probability = 0.000, xtc_threshold = 0.100, typical_p = 1.000, top_n_sigma = -1.000, temp = 0.000
ollama-1  | 	mirostat = 0, mirostat_lr = 0.100, mirostat_ent = 5.000, adaptive_target = -1.000, adaptive_decay = 0.900
ollama-1  | slot launch_slot_: id  0 | task 11603 | processing task, is_child = 0
ollama-1  | slot   operator(): id  0 | task 11603 | new prompt, n_ctx_slot = 4096, n_keep = 4, task.n_tokens = 553
ollama-1  | slot   operator(): id  0 | task 11603 | cached n_tokens = 328, memory_seq_rm [328, end)
ollama-1  | slot init_sampler: id  0 | task 11603 | init sampler, took 0.06 ms, tokens: text = 553, total = 553
ollama-1  | slot print_timing: id  0 | task 11603 | prompt eval time =     917.90 ms /   225 tokens (    4.08 ms per token,   245.13 tokens per second)
ollama-1  | slot print_timing: id  0 | task 11603 |        eval time =     202.19 ms /     9 tokens (   25.27 ms per token,    39.57 tokens per second)
ollama-1  | slot print_timing: id  0 | task 11603 |       total time =    1120.09 ms /   234 tokens
ollama-1  | slot print_timing: id  0 | task 11603 |    graphs reused =       7951
ollama-1  | slot      release: id  0 | task 11603 | stop processing: n_tokens = 561, truncated = 0
ollama-1  | srv  update_slots: all slots are idle
ollama-1  | [GIN] 2026/10/07 - 10:58:55 | 200 |  8.324124459s |      172.21.0.4 | POST     "/api/generate"
ollama-1  | srv  server_strea: conv_id= (empty=1)
ollama-1  | slot get_availabl: id  0 | task -1 |  - checking sim = 0.574 (328/571) > 0.100
ollama-1  | slot get_availabl: id  0 | task -1 | selected slot by LCP similarity, f_sim_best = 0.574 (> 0.100 thold), f_keep = 0.585
ollama-1  | slot launch_slot_: id  0 | task -1 | sampler chain: logits -> ?penalties -> ?dry -> ?top-n-sigma -> top-k -> ?typical -> top-p -> ?min-p -> ?xtc -> temp-ext -> dist 
ollama-1  | slot launch_slot_: id  0 | task -1 | sampler params: 
ollama-1  | 	repeat_last_n = 64, repeat_penalty = 1.000, frequency_penalty = 0.000, presence_penalty = 0.000
ollama-1  | 	dry_multiplier = 0.000, dry_base = 1.750, dry_allowed_length = 2, dry_penalty_last_n = 64
ollama-1  | 	top_k = 40, top_p = 0.900, min_p = 0.000, xtc_probability = 0.000, xtc_threshold = 0.100, typical_p = 1.000, top_n_sigma = -1.000, temp = 0.000
ollama-1  | 	mirostat = 0, mirostat_lr = 0.100, mirostat_ent = 5.000, adaptive_target = -1.000, adaptive_decay = 0.900
ollama-1  | slot launch_slot_: id  0 | task 11613 | processing task, is_child = 0
ollama-1  | slot   operator(): id  0 | task 11613 | new prompt, n_ctx_slot = 4096, n_keep = 4, task.n_tokens = 571
ollama-1  | slot   operator(): id  0 | task 11613 | cached n_tokens = 328, memory_seq_rm [328, end)
ollama-1  | slot init_sampler: id  0 | task 11613 | init sampler, took 0.07 ms, tokens: text = 571, total = 571
ollama-1  | slot print_timing: id  0 | task 11613 | prompt eval time =     974.44 ms /   243 tokens (    4.01 ms per token,   249.37 tokens per second)
ollama-1  | slot print_timing: id  0 | task 11613 |        eval time =     178.84 ms /     9 tokens (   22.36 ms per token,    44.73 tokens per second)
ollama-1  | slot print_timing: id  0 | task 11613 |       total time =    1153.28 ms /   252 tokens
ollama-1  | slot print_timing: id  0 | task 11613 |    graphs reused =       7958
ollama-1  | slot      release: id  0 | task 11613 | stop processing: n_tokens = 579, truncated = 0
ollama-1  | srv  update_slots: all slots are idle
ollama-1  | [GIN] 2026/10/07 - 10:58:57 | 200 |  9.224370007s |      172.21.0.4 | POST     "/api/generate"
ollama-1  | srv  server_strea: conv_id= (empty=1)
ollama-1  | slot get_availabl: id  0 | task -1 |  - checking sim = 0.575 (328/570) > 0.100
ollama-1  | slot get_availabl: id  0 | task -1 | selected slot by LCP similarity, f_sim_best = 0.575 (> 0.100 thold), f_keep = 0.566
ollama-1  | slot launch_slot_: id  0 | task -1 | sampler chain: logits -> ?penalties -> ?dry -> ?top-n-sigma -> top-k -> ?typical -> top-p -> ?min-p -> ?xtc -> temp-ext -> dist 
ollama-1  | slot launch_slot_: id  0 | task -1 | sampler params: 
ollama-1  | 	repeat_last_n = 64, repeat_penalty = 1.000, frequency_penalty = 0.000, presence_penalty = 0.000
ollama-1  | 	dry_multiplier = 0.000, dry_base = 1.750, dry_allowed_length = 2, dry_penalty_last_n = 64
ollama-1  | 	top_k = 40, top_p = 0.900, min_p = 0.000, xtc_probability = 0.000, xtc_threshold = 0.100, typical_p = 1.000, top_n_sigma = -1.000, temp = 0.000
ollama-1  | 	mirostat = 0, mirostat_lr = 0.100, mirostat_ent = 5.000, adaptive_target = -1.000, adaptive_decay = 0.900
ollama-1  | slot launch_slot_: id  0 | task 11623 | processing task, is_child = 0
ollama-1  | slot   operator(): id  0 | task 11623 | new prompt, n_ctx_slot = 4096, n_keep = 4, task.n_tokens = 570
ollama-1  | slot   operator(): id  0 | task 11623 | cached n_tokens = 328, memory_seq_rm [328, end)
ollama-1  | slot init_sampler: id  0 | task 11623 | init sampler, took 0.07 ms, tokens: text = 570, total = 570
ollama-1  | slot print_timing: id  0 | task 11623 | prompt eval time =     977.34 ms /   242 tokens (    4.04 ms per token,   247.61 tokens per second)
ollama-1  | slot print_timing: id  0 | task 11623 |        eval time =     158.87 ms /     8 tokens (   22.70 ms per token,    44.06 tokens per second)
ollama-1  | slot print_timing: id  0 | task 11623 |       total time =    1136.21 ms /   250 tokens
ollama-1  | slot print_timing: id  0 | task 11623 |    graphs reused =       7964
ollama-1  | slot      release: id  0 | task 11623 | stop processing: n_tokens = 577, truncated = 0
ollama-1  | srv  update_slots: all slots are idle
ollama-1  | [GIN] 2026/10/07 - 10:58:58 | 200 |  8.222259585s |      172.21.0.4 | POST     "/api/generate"
ollama-1  | srv  server_strea: conv_id= (empty=1)
ollama-1  | slot get_availabl: id  0 | task -1 |  - checking sim = 0.604 (329/545) > 0.100
ollama-1  | slot get_availabl: id  0 | task -1 | selected slot by LCP similarity, f_sim_best = 0.604 (> 0.100 thold), f_keep = 0.570
ollama-1  | slot launch_slot_: id  0 | task -1 | sampler chain: logits -> ?penalties -> ?dry -> ?top-n-sigma -> top-k -> ?typical -> top-p -> ?min-p -> ?xtc -> temp-ext -> dist 
ollama-1  | slot launch_slot_: id  0 | task -1 | sampler params: 
ollama-1  | 	repeat_last_n = 64, repeat_penalty = 1.000, frequency_penalty = 0.000, presence_penalty = 0.000
ollama-1  | 	dry_multiplier = 0.000, dry_base = 1.750, dry_allowed_length = 2, dry_penalty_last_n = 64
ollama-1  | 	top_k = 40, top_p = 0.900, min_p = 0.000, xtc_probability = 0.000, xtc_threshold = 0.100, typical_p = 1.000, top_n_sigma = -1.000, temp = 0.000
ollama-1  | 	mirostat = 0, mirostat_lr = 0.100, mirostat_ent = 5.000, adaptive_target = -1.000, adaptive_decay = 0.900
ollama-1  | slot launch_slot_: id  0 | task 11632 | processing task, is_child = 0
ollama-1  | slot   operator(): id  0 | task 11632 | new prompt, n_ctx_slot = 4096, n_keep = 4, task.n_tokens = 545
ollama-1  | slot   operator(): id  0 | task 11632 | cached n_tokens = 329, memory_seq_rm [329, end)
ollama-1  | slot init_sampler: id  0 | task 11632 | init sampler, took 0.07 ms, tokens: text = 545, total = 545
ollama-1  | [GIN] 2026/10/07 - 10:58:58 | 200 |      27.732µs |       127.0.0.1 | HEAD     "/"
ollama-1  | [GIN] 2026/10/07 - 10:58:58 | 200 |    1.438297ms |       127.0.0.1 | GET      "/api/tags"
ollama-1  | slot print_timing: id  0 | task 11632 | prompt eval time =     860.63 ms /   216 tokens (    3.98 ms per token,   250.98 tokens per second)
ollama-1  | slot print_timing: id  0 | task 11632 |        eval time =     160.10 ms /     8 tokens (   22.87 ms per token,    43.72 tokens per second)
ollama-1  | slot print_timing: id  0 | task 11632 |       total time =    1020.74 ms /   224 tokens
ollama-1  | slot print_timing: id  0 | task 11632 |    graphs reused =       7970
ollama-1  | slot      release: id  0 | task 11632 | stop processing: n_tokens = 552, truncated = 0
ollama-1  | srv  update_slots: all slots are idle
ollama-1  | [GIN] 2026/10/07 - 10:58:59 | 200 |  8.650236132s |      172.21.0.4 | POST     "/api/generate"
ollama-1  | srv  server_strea: conv_id= (empty=1)
ollama-1  | slot get_availabl: id  0 | task -1 |  - checking sim = 0.643 (329/512) > 0.100
ollama-1  | slot get_availabl: id  0 | task -1 | selected slot by LCP similarity, f_sim_best = 0.643 (> 0.100 thold), f_keep = 0.596
ollama-1  | slot launch_slot_: id  0 | task -1 | sampler chain: logits -> ?penalties -> ?dry -> ?top-n-sigma -> top-k -> ?typical -> top-p -> ?min-p -> ?xtc -> temp-ext -> dist 
ollama-1  | slot launch_slot_: id  0 | task -1 | sampler params: 
ollama-1  | 	repeat_last_n = 64, repeat_penalty = 1.000, frequency_penalty = 0.000, presence_penalty = 0.000
ollama-1  | 	dry_multiplier = 0.000, dry_base = 1.750, dry_allowed_length = 2, dry_penalty_last_n = 64
ollama-1  | 	top_k = 40, top_p = 0.900, min_p = 0.000, xtc_probability = 0.000, xtc_threshold = 0.100, typical_p = 1.000, top_n_sigma = -1.000, temp = 0.000
ollama-1  | 	mirostat = 0, mirostat_lr = 0.100, mirostat_ent = 5.000, adaptive_target = -1.000, adaptive_decay = 0.900
ollama-1  | slot launch_slot_: id  0 | task 11641 | processing task, is_child = 0
ollama-1  | slot   operator(): id  0 | task 11641 | new prompt, n_ctx_slot = 4096, n_keep = 4, task.n_tokens = 512
ollama-1  | slot   operator(): id  0 | task 11641 | cached n_tokens = 329, memory_seq_rm [329, end)
ollama-1  | slot init_sampler: id  0 | task 11641 | init sampler, took 0.06 ms, tokens: text = 512, total = 512
ollama-1  | slot print_timing: id  0 | task 11641 | prompt eval time =     746.10 ms /   183 tokens (    4.08 ms per token,   245.28 tokens per second)
ollama-1  | slot print_timing: id  0 | task 11641 |        eval time =     172.40 ms /     9 tokens (   21.55 ms per token,    46.41 tokens per second)
ollama-1  | slot print_timing: id  0 | task 11641 |       total time =     918.49 ms /   192 tokens
ollama-1  | slot print_timing: id  0 | task 11641 |    graphs reused =       7977
ollama-1  | slot      release: id  0 | task 11641 | stop processing: n_tokens = 520, truncated = 0
ollama-1  | srv  update_slots: all slots are idle
ollama-1  | [GIN] 2026/10/07 - 10:59:00 | 200 |  8.639091949s |      172.21.0.4 | POST     "/api/generate"
ollama-1  | srv  server_strea: conv_id= (empty=1)
ollama-1  | slot get_availabl: id  0 | task -1 |  - checking sim = 0.638 (328/514) > 0.100
ollama-1  | slot get_availabl: id  0 | task -1 | selected slot by LCP similarity, f_sim_best = 0.638 (> 0.100 thold), f_keep = 0.631
ollama-1  | slot launch_slot_: id  0 | task -1 | sampler chain: logits -> ?penalties -> ?dry -> ?top-n-sigma -> top-k -> ?typical -> top-p -> ?min-p -> ?xtc -> temp-ext -> dist 
ollama-1  | slot launch_slot_: id  0 | task -1 | sampler params: 
ollama-1  | 	repeat_last_n = 64, repeat_penalty = 1.000, frequency_penalty = 0.000, presence_penalty = 0.000
ollama-1  | 	dry_multiplier = 0.000, dry_base = 1.750, dry_allowed_length = 2, dry_penalty_last_n = 64
ollama-1  | 	top_k = 40, top_p = 0.900, min_p = 0.000, xtc_probability = 0.000, xtc_threshold = 0.100, typical_p = 1.000, top_n_sigma = -1.000, temp = 0.000
ollama-1  | 	mirostat = 0, mirostat_lr = 0.100, mirostat_ent = 5.000, adaptive_target = -1.000, adaptive_decay = 0.900
ollama-1  | slot launch_slot_: id  0 | task 11651 | processing task, is_child = 0
ollama-1  | slot   operator(): id  0 | task 11651 | new prompt, n_ctx_slot = 4096, n_keep = 4, task.n_tokens = 514
ollama-1  | slot   operator(): id  0 | task 11651 | cached n_tokens = 328, memory_seq_rm [328, end)
ollama-1  | slot init_sampler: id  0 | task 11651 | init sampler, took 0.04 ms, tokens: text = 514, total = 514
ollama-1  | slot print_timing: id  0 | task 11651 | prompt eval time =     697.46 ms /   186 tokens (    3.75 ms per token,   266.68 tokens per second)
ollama-1  | slot print_timing: id  0 | task 11651 |        eval time =     169.09 ms /     9 tokens (   21.14 ms per token,    47.31 tokens per second)
ollama-1  | slot print_timing: id  0 | task 11651 |       total time =     866.55 ms /   195 tokens
ollama-1  | slot print_timing: id  0 | task 11651 |    graphs reused =       7984
ollama-1  | slot      release: id  0 | task 11651 | stop processing: n_tokens = 522, truncated = 0
ollama-1  | srv  update_slots: all slots are idle
ollama-1  | [GIN] 2026/10/07 - 10:59:01 | 200 |  9.321248803s |      172.21.0.4 | POST     "/api/generate"
ollama-1  | srv  server_strea: conv_id= (empty=1)
ollama-1  | slot get_availabl: id  0 | task -1 |  - checking sim = 0.822 (328/399) > 0.100
ollama-1  | slot get_availabl: id  0 | task -1 | selected slot by LCP similarity, f_sim_best = 0.822 (> 0.100 thold), f_keep = 0.628
ollama-1  | slot launch_slot_: id  0 | task -1 | sampler chain: logits -> ?penalties -> ?dry -> ?top-n-sigma -> top-k -> ?typical -> top-p -> ?min-p -> ?xtc -> temp-ext -> dist 
ollama-1  | slot launch_slot_: id  0 | task -1 | sampler params: 
ollama-1  | 	repeat_last_n = 64, repeat_penalty = 1.000, frequency_penalty = 0.000, presence_penalty = 0.000
ollama-1  | 	dry_multiplier = 0.000, dry_base = 1.750, dry_allowed_length = 2, dry_penalty_last_n = 64
ollama-1  | 	top_k = 40, top_p = 0.900, min_p = 0.000, xtc_probability = 0.000, xtc_threshold = 0.100, typical_p = 1.000, top_n_sigma = -1.000, temp = 0.000
ollama-1  | 	mirostat = 0, mirostat_lr = 0.100, mirostat_ent = 5.000, adaptive_target = -1.000, adaptive_decay = 0.900
ollama-1  | slot launch_slot_: id  0 | task 11661 | processing task, is_child = 0
ollama-1  | slot   operator(): id  0 | task 11661 | new prompt, n_ctx_slot = 4096, n_keep = 4, task.n_tokens = 399
ollama-1  | slot   operator(): id  0 | task 11661 | cached n_tokens = 328, memory_seq_rm [328, end)
ollama-1  | slot init_sampler: id  0 | task 11661 | init sampler, took 0.06 ms, tokens: text = 399, total = 399
ollama-1  | slot print_timing: id  0 | task 11661 | prompt eval time =     301.91 ms /    71 tokens (    4.25 ms per token,   235.17 tokens per second)
ollama-1  | slot print_timing: id  0 | task 11661 |        eval time =     145.62 ms /     8 tokens (   20.80 ms per token,    48.07 tokens per second)
ollama-1  | slot print_timing: id  0 | task 11661 |       total time =     447.53 ms /    79 tokens
ollama-1  | slot print_timing: id  0 | task 11661 |    graphs reused =       7990
ollama-1  | slot      release: id  0 | task 11661 | stop processing: n_tokens = 406, truncated = 0
ollama-1  | srv  update_slots: all slots are idle
ollama-1  | [GIN] 2026/10/07 - 10:59:01 | 200 |  9.745081556s |      172.21.0.4 | POST     "/api/generate"
ollama-1  | srv  server_strea: conv_id= (empty=1)
ollama-1  | slot get_availabl: id  0 | task -1 |  - checking sim = 0.707 (328/464) > 0.100
ollama-1  | slot get_availabl: id  0 | task -1 | selected slot by LCP similarity, f_sim_best = 0.707 (> 0.100 thold), f_keep = 0.808
ollama-1  | slot launch_slot_: id  0 | task -1 | sampler chain: logits -> ?penalties -> ?dry -> ?top-n-sigma -> top-k -> ?typical -> top-p -> ?min-p -> ?xtc -> temp-ext -> dist 
ollama-1  | slot launch_slot_: id  0 | task -1 | sampler params: 
ollama-1  | 	repeat_last_n = 64, repeat_penalty = 1.000, frequency_penalty = 0.000, presence_penalty = 0.000
ollama-1  | 	dry_multiplier = 0.000, dry_base = 1.750, dry_allowed_length = 2, dry_penalty_last_n = 64
ollama-1  | 	top_k = 40, top_p = 0.900, min_p = 0.000, xtc_probability = 0.000, xtc_threshold = 0.100, typical_p = 1.000, top_n_sigma = -1.000, temp = 0.000
ollama-1  | 	mirostat = 0, mirostat_lr = 0.100, mirostat_ent = 5.000, adaptive_target = -1.000, adaptive_decay = 0.900
ollama-1  | slot launch_slot_: id  0 | task 11670 | processing task, is_child = 0
ollama-1  | slot   operator(): id  0 | task 11670 | new prompt, n_ctx_slot = 4096, n_keep = 4, task.n_tokens = 464
ollama-1  | slot   operator(): id  0 | task 11670 | cached n_tokens = 328, memory_seq_rm [328, end)
ollama-1  | slot init_sampler: id  0 | task 11670 | init sampler, took 0.06 ms, tokens: text = 464, total = 464
ollama-1  | slot print_timing: id  0 | task 11670 | prompt eval time =     563.05 ms /   136 tokens (    4.14 ms per token,   241.54 tokens per second)
ollama-1  | slot print_timing: id  0 | task 11670 |        eval time =     148.46 ms /     8 tokens (   21.21 ms per token,    47.15 tokens per second)
ollama-1  | slot print_timing: id  0 | task 11670 |       total time =     711.51 ms /   144 tokens
ollama-1  | slot print_timing: id  0 | task 11670 |    graphs reused =       7996
ollama-1  | slot      release: id  0 | task 11670 | stop processing: n_tokens = 471, truncated = 0
ollama-1  | srv  update_slots: all slots are idle
ollama-1  | [GIN] 2026/10/07 - 10:59:02 | 200 |  7.583006384s |      172.21.0.4 | POST     "/api/generate"
ollama-1  | srv  server_strea: conv_id= (empty=1)
ollama-1  | slot get_availabl: id  0 | task -1 |  - checking sim = 0.777 (328/422) > 0.100
ollama-1  | slot get_availabl: id  0 | task -1 | selected slot by LCP similarity, f_sim_best = 0.777 (> 0.100 thold), f_keep = 0.696
ollama-1  | slot launch_slot_: id  0 | task -1 | sampler chain: logits -> ?penalties -> ?dry -> ?top-n-sigma -> top-k -> ?typical -> top-p -> ?min-p -> ?xtc -> temp-ext -> dist 
ollama-1  | slot launch_slot_: id  0 | task -1 | sampler params: 
ollama-1  | 	repeat_last_n = 64, repeat_penalty = 1.000, frequency_penalty = 0.000, presence_penalty = 0.000
ollama-1  | 	dry_multiplier = 0.000, dry_base = 1.750, dry_allowed_length = 2, dry_penalty_last_n = 64
ollama-1  | 	top_k = 40, top_p = 0.900, min_p = 0.000, xtc_probability = 0.000, xtc_threshold = 0.100, typical_p = 1.000, top_n_sigma = -1.000, temp = 0.000
ollama-1  | 	mirostat = 0, mirostat_lr = 0.100, mirostat_ent = 5.000, adaptive_target = -1.000, adaptive_decay = 0.900
ollama-1  | slot launch_slot_: id  0 | task 11679 | processing task, is_child = 0
ollama-1  | slot   operator(): id  0 | task 11679 | new prompt, n_ctx_slot = 4096, n_keep = 4, task.n_tokens = 422
ollama-1  | slot   operator(): id  0 | task 11679 | cached n_tokens = 328, memory_seq_rm [328, end)
ollama-1  | slot init_sampler: id  0 | task 11679 | init sampler, took 0.05 ms, tokens: text = 422, total = 422
ollama-1  | slot print_timing: id  0 | task 11679 | prompt eval time =     379.26 ms /    94 tokens (    4.03 ms per token,   247.85 tokens per second)
ollama-1  | slot print_timing: id  0 | task 11679 |        eval time =     177.63 ms /     9 tokens (   22.20 ms per token,    45.04 tokens per second)
ollama-1  | slot print_timing: id  0 | task 11679 |       total time =     556.89 ms /   103 tokens
ollama-1  | slot print_timing: id  0 | task 11679 |    graphs reused =       8003
ollama-1  | slot      release: id  0 | task 11679 | stop processing: n_tokens = 430, truncated = 0
ollama-1  | srv  update_slots: all slots are idle
ollama-1  | [GIN] 2026/10/07 - 10:59:02 | 200 |  6.205641136s |      172.21.0.4 | POST     "/api/generate"
ollama-1  | srv  server_strea: conv_id= (empty=1)
ollama-1  | slot get_availabl: id  0 | task -1 |  - checking sim = 0.713 (328/460) > 0.100
ollama-1  | slot get_availabl: id  0 | task -1 | selected slot by LCP similarity, f_sim_best = 0.713 (> 0.100 thold), f_keep = 0.763
ollama-1  | slot launch_slot_: id  0 | task -1 | sampler chain: logits -> ?penalties -> ?dry -> ?top-n-sigma -> top-k -> ?typical -> top-p -> ?min-p -> ?xtc -> temp-ext -> dist 
ollama-1  | slot launch_slot_: id  0 | task -1 | sampler params: 
ollama-1  | 	repeat_last_n = 64, repeat_penalty = 1.000, frequency_penalty = 0.000, presence_penalty = 0.000
ollama-1  | 	dry_multiplier = 0.000, dry_base = 1.750, dry_allowed_length = 2, dry_penalty_last_n = 64
ollama-1  | 	top_k = 40, top_p = 0.900, min_p = 0.000, xtc_probability = 0.000, xtc_threshold = 0.100, typical_p = 1.000, top_n_sigma = -1.000, temp = 0.000
ollama-1  | 	mirostat = 0, mirostat_lr = 0.100, mirostat_ent = 5.000, adaptive_target = -1.000, adaptive_decay = 0.900
ollama-1  | slot launch_slot_: id  0 | task 11689 | processing task, is_child = 0
ollama-1  | slot   operator(): id  0 | task 11689 | new prompt, n_ctx_slot = 4096, n_keep = 4, task.n_tokens = 460
ollama-1  | slot   operator(): id  0 | task 11689 | cached n_tokens = 328, memory_seq_rm [328, end)
ollama-1  | slot init_sampler: id  0 | task 11689 | init sampler, took 0.04 ms, tokens: text = 460, total = 460
ollama-1  | slot print_timing: id  0 | task 11689 | prompt eval time =     558.51 ms /   132 tokens (    4.23 ms per token,   236.34 tokens per second)
ollama-1  | slot print_timing: id  0 | task 11689 |        eval time =     175.76 ms /     9 tokens (   21.97 ms per token,    45.52 tokens per second)
ollama-1  | slot print_timing: id  0 | task 11689 |       total time =     734.27 ms /   141 tokens
ollama-1  | slot print_timing: id  0 | task 11689 |    graphs reused =       8010
ollama-1  | slot      release: id  0 | task 11689 | stop processing: n_tokens = 468, truncated = 0
ollama-1  | srv  update_slots: all slots are idle
ollama-1  | [GIN] 2026/10/07 - 10:59:03 | 200 |  6.490961283s |      172.21.0.4 | POST     "/api/generate"
ollama-1  | srv  server_strea: conv_id= (empty=1)
ollama-1  | slot get_availabl: id  0 | task -1 |  - checking sim = 0.628 (328/522) > 0.100
ollama-1  | slot get_availabl: id  0 | task -1 | selected slot by LCP similarity, f_sim_best = 0.628 (> 0.100 thold), f_keep = 0.701
ollama-1  | slot launch_slot_: id  0 | task -1 | sampler chain: logits -> ?penalties -> ?dry -> ?top-n-sigma -> top-k -> ?typical -> top-p -> ?min-p -> ?xtc -> temp-ext -> dist 
ollama-1  | slot launch_slot_: id  0 | task -1 | sampler params: 
ollama-1  | 	repeat_last_n = 64, repeat_penalty = 1.000, frequency_penalty = 0.000, presence_penalty = 0.000
ollama-1  | 	dry_multiplier = 0.000, dry_base = 1.750, dry_allowed_length = 2, dry_penalty_last_n = 64
ollama-1  | 	top_k = 40, top_p = 0.900, min_p = 0.000, xtc_probability = 0.000, xtc_threshold = 0.100, typical_p = 1.000, top_n_sigma = -1.000, temp = 0.000
ollama-1  | 	mirostat = 0, mirostat_lr = 0.100, mirostat_ent = 5.000, adaptive_target = -1.000, adaptive_decay = 0.900
ollama-1  | slot launch_slot_: id  0 | task 11699 | processing task, is_child = 0
ollama-1  | slot   operator(): id  0 | task 11699 | new prompt, n_ctx_slot = 4096, n_keep = 4, task.n_tokens = 522
ollama-1  | slot   operator(): id  0 | task 11699 | cached n_tokens = 328, memory_seq_rm [328, end)
ollama-1  | slot init_sampler: id  0 | task 11699 | init sampler, took 0.05 ms, tokens: text = 522, total = 522
ollama-1  | slot print_timing: id  0 | task 11699 | prompt eval time =     795.85 ms /   194 tokens (    4.10 ms per token,   243.77 tokens per second)
ollama-1  | slot print_timing: id  0 | task 11699 |        eval time =     158.78 ms /     8 tokens (   22.68 ms per token,    44.09 tokens per second)
ollama-1  | slot print_timing: id  0 | task 11699 |       total time =     954.63 ms /   202 tokens
ollama-1  | slot print_timing: id  0 | task 11699 |    graphs reused =       8016
ollama-1  | slot      release: id  0 | task 11699 | stop processing: n_tokens = 529, truncated = 0
ollama-1  | srv  update_slots: all slots are idle
ollama-1  | [GIN] 2026/10/07 - 10:59:04 | 200 |  7.070047232s |      172.21.0.4 | POST     "/api/generate"
ollama-1  | srv  server_strea: conv_id= (empty=1)
ollama-1  | slot get_availabl: id  0 | task -1 |  - checking sim = 0.758 (329/434) > 0.100
ollama-1  | slot get_availabl: id  0 | task -1 | selected slot by LCP similarity, f_sim_best = 0.758 (> 0.100 thold), f_keep = 0.622
ollama-1  | slot launch_slot_: id  0 | task -1 | sampler chain: logits -> ?penalties -> ?dry -> ?top-n-sigma -> top-k -> ?typical -> top-p -> ?min-p -> ?xtc -> temp-ext -> dist 
ollama-1  | slot launch_slot_: id  0 | task -1 | sampler params: 
ollama-1  | 	repeat_last_n = 64, repeat_penalty = 1.000, frequency_penalty = 0.000, presence_penalty = 0.000
ollama-1  | 	dry_multiplier = 0.000, dry_base = 1.750, dry_allowed_length = 2, dry_penalty_last_n = 64
ollama-1  | 	top_k = 40, top_p = 0.900, min_p = 0.000, xtc_probability = 0.000, xtc_threshold = 0.100, typical_p = 1.000, top_n_sigma = -1.000, temp = 0.000
ollama-1  | 	mirostat = 0, mirostat_lr = 0.100, mirostat_ent = 5.000, adaptive_target = -1.000, adaptive_decay = 0.900
ollama-1  | slot launch_slot_: id  0 | task 11708 | processing task, is_child = 0
ollama-1  | slot   operator(): id  0 | task 11708 | new prompt, n_ctx_slot = 4096, n_keep = 4, task.n_tokens = 434
ollama-1  | slot   operator(): id  0 | task 11708 | cached n_tokens = 329, memory_seq_rm [329, end)
ollama-1  | slot init_sampler: id  0 | task 11708 | init sampler, took 0.05 ms, tokens: text = 434, total = 434
ollama-1  | slot print_timing: id  0 | task 11708 | prompt eval time =     439.88 ms /   105 tokens (    4.19 ms per token,   238.70 tokens per second)
ollama-1  | slot print_timing: id  0 | task 11708 |        eval time =     177.57 ms /     9 tokens (   22.20 ms per token,    45.05 tokens per second)
ollama-1  | slot print_timing: id  0 | task 11708 |       total time =     617.45 ms /   114 tokens
ollama-1  | slot print_timing: id  0 | task 11708 |    graphs reused =       8023
ollama-1  | slot      release: id  0 | task 11708 | stop processing: n_tokens = 442, truncated = 0
ollama-1  | srv  update_slots: all slots are idle
ollama-1  | [GIN] 2026/10/07 - 10:59:05 | 200 |  7.449208386s |      172.21.0.4 | POST     "/api/generate"
ollama-1  | srv  server_strea: conv_id= (empty=1)
ollama-1  | slot get_availabl: id  0 | task -1 |  - checking sim = 0.651 (328/504) > 0.100
ollama-1  | slot get_availabl: id  0 | task -1 | selected slot by LCP similarity, f_sim_best = 0.651 (> 0.100 thold), f_keep = 0.742
ollama-1  | slot launch_slot_: id  0 | task -1 | sampler chain: logits -> ?penalties -> ?dry -> ?top-n-sigma -> top-k -> ?typical -> top-p -> ?min-p -> ?xtc -> temp-ext -> dist 
ollama-1  | slot launch_slot_: id  0 | task -1 | sampler params: 
ollama-1  | 	repeat_last_n = 64, repeat_penalty = 1.000, frequency_penalty = 0.000, presence_penalty = 0.000
ollama-1  | 	dry_multiplier = 0.000, dry_base = 1.750, dry_allowed_length = 2, dry_penalty_last_n = 64
ollama-1  | 	top_k = 40, top_p = 0.900, min_p = 0.000, xtc_probability = 0.000, xtc_threshold = 0.100, typical_p = 1.000, top_n_sigma = -1.000, temp = 0.000
ollama-1  | 	mirostat = 0, mirostat_lr = 0.100, mirostat_ent = 5.000, adaptive_target = -1.000, adaptive_decay = 0.900
ollama-1  | slot launch_slot_: id  0 | task 11718 | processing task, is_child = 0
ollama-1  | slot   operator(): id  0 | task 11718 | new prompt, n_ctx_slot = 4096, n_keep = 4, task.n_tokens = 504
ollama-1  | slot   operator(): id  0 | task 11718 | cached n_tokens = 328, memory_seq_rm [328, end)
ollama-1  | slot init_sampler: id  0 | task 11718 | init sampler, took 0.04 ms, tokens: text = 504, total = 504
ollama-1  | slot print_timing: id  0 | task 11718 | prompt eval time =     716.38 ms /   176 tokens (    4.07 ms per token,   245.68 tokens per second)
ollama-1  | slot print_timing: id  0 | task 11718 |        eval time =     176.08 ms /     8 tokens (   25.15 ms per token,    39.75 tokens per second)
ollama-1  | slot print_timing: id  0 | task 11718 |       total time =     892.47 ms /   184 tokens
ollama-1  | slot print_timing: id  0 | task 11718 |    graphs reused =       8029
ollama-1  | slot      release: id  0 | task 11718 | stop processing: n_tokens = 511, truncated = 0
ollama-1  | srv  update_slots: all slots are idle
ollama-1  | [GIN] 2026/10/07 - 10:59:06 | 200 |  7.406514117s |      172.21.0.4 | POST     "/api/generate"
ollama-1  | srv  server_strea: conv_id= (empty=1)
ollama-1  | slot get_availabl: id  0 | task -1 |  - checking sim = 0.565 (328/581) > 0.100
ollama-1  | slot get_availabl: id  0 | task -1 | selected slot by LCP similarity, f_sim_best = 0.565 (> 0.100 thold), f_keep = 0.642
ollama-1  | slot launch_slot_: id  0 | task -1 | sampler chain: logits -> ?penalties -> ?dry -> ?top-n-sigma -> top-k -> ?typical -> top-p -> ?min-p -> ?xtc -> temp-ext -> dist 
ollama-1  | slot launch_slot_: id  0 | task -1 | sampler params: 
ollama-1  | 	repeat_last_n = 64, repeat_penalty = 1.000, frequency_penalty = 0.000, presence_penalty = 0.000
ollama-1  | 	dry_multiplier = 0.000, dry_base = 1.750, dry_allowed_length = 2, dry_penalty_last_n = 64
ollama-1  | 	top_k = 40, top_p = 0.900, min_p = 0.000, xtc_probability = 0.000, xtc_threshold = 0.100, typical_p = 1.000, top_n_sigma = -1.000, temp = 0.000
ollama-1  | 	mirostat = 0, mirostat_lr = 0.100, mirostat_ent = 5.000, adaptive_target = -1.000, adaptive_decay = 0.900
ollama-1  | slot launch_slot_: id  0 | task 11727 | processing task, is_child = 0
ollama-1  | slot   operator(): id  0 | task 11727 | new prompt, n_ctx_slot = 4096, n_keep = 4, task.n_tokens = 581
ollama-1  | slot   operator(): id  0 | task 11727 | cached n_tokens = 328, memory_seq_rm [328, end)
ollama-1  | slot init_sampler: id  0 | task 11727 | init sampler, took 0.07 ms, tokens: text = 581, total = 581
ollama-1  | slot print_timing: id  0 | task 11727 | prompt eval time =    1021.18 ms /   253 tokens (    4.04 ms per token,   247.75 tokens per second)
ollama-1  | slot print_timing: id  0 | task 11727 |        eval time =     162.07 ms /     8 tokens (   23.15 ms per token,    43.19 tokens per second)
ollama-1  | slot print_timing: id  0 | task 11727 |       total time =    1183.26 ms /   261 tokens
ollama-1  | slot print_timing: id  0 | task 11727 |    graphs reused =       8035
ollama-1  | slot      release: id  0 | task 11727 | stop processing: n_tokens = 588, truncated = 0
ollama-1  | srv  update_slots: all slots are idle
ollama-1  | [GIN] 2026/10/07 - 10:59:07 | 200 |  8.329931937s |      172.21.0.4 | POST     "/api/generate"
ollama-1  | srv  server_strea: conv_id= (empty=1)
ollama-1  | slot get_availabl: id  0 | task -1 |  - checking sim = 0.653 (328/502) > 0.100
ollama-1  | slot get_availabl: id  0 | task -1 | selected slot by LCP similarity, f_sim_best = 0.653 (> 0.100 thold), f_keep = 0.558
ollama-1  | slot launch_slot_: id  0 | task -1 | sampler chain: logits -> ?penalties -> ?dry -> ?top-n-sigma -> top-k -> ?typical -> top-p -> ?min-p -> ?xtc -> temp-ext -> dist 
ollama-1  | slot launch_slot_: id  0 | task -1 | sampler params: 
ollama-1  | 	repeat_last_n = 64, repeat_penalty = 1.000, frequency_penalty = 0.000, presence_penalty = 0.000
ollama-1  | 	dry_multiplier = 0.000, dry_base = 1.750, dry_allowed_length = 2, dry_penalty_last_n = 64
ollama-1  | 	top_k = 40, top_p = 0.900, min_p = 0.000, xtc_probability = 0.000, xtc_threshold = 0.100, typical_p = 1.000, top_n_sigma = -1.000, temp = 0.000
ollama-1  | 	mirostat = 0, mirostat_lr = 0.100, mirostat_ent = 5.000, adaptive_target = -1.000, adaptive_decay = 0.900
ollama-1  | slot launch_slot_: id  0 | task 11736 | processing task, is_child = 0
ollama-1  | slot   operator(): id  0 | task 11736 | new prompt, n_ctx_slot = 4096, n_keep = 4, task.n_tokens = 502
ollama-1  | slot   operator(): id  0 | task 11736 | cached n_tokens = 328, memory_seq_rm [328, end)
ollama-1  | slot init_sampler: id  0 | task 11736 | init sampler, took 0.06 ms, tokens: text = 502, total = 502
ollama-1  | slot print_timing: id  0 | task 11736 | prompt eval time =     710.06 ms /   174 tokens (    4.08 ms per token,   245.05 tokens per second)
ollama-1  | slot print_timing: id  0 | task 11736 |        eval time =     173.61 ms /     9 tokens (   21.70 ms per token,    46.08 tokens per second)
ollama-1  | slot print_timing: id  0 | task 11736 |       total time =     883.67 ms /   183 tokens
ollama-1  | slot print_timing: id  0 | task 11736 |    graphs reused =       8042
ollama-1  | slot      release: id  0 | task 11736 | stop processing: n_tokens = 510, truncated = 0
ollama-1  | srv  update_slots: all slots are idle
ollama-1  | [GIN] 2026/10/07 - 10:59:08 | 200 |  8.554697171s |      172.21.0.4 | POST     "/api/generate"
ollama-1  | srv  server_strea: conv_id= (empty=1)
ollama-1  | slot get_availabl: id  0 | task -1 |  - checking sim = 0.556 (328/590) > 0.100
ollama-1  | slot get_availabl: id  0 | task -1 | selected slot by LCP similarity, f_sim_best = 0.556 (> 0.100 thold), f_keep = 0.643
ollama-1  | slot launch_slot_: id  0 | task -1 | sampler chain: logits -> ?penalties -> ?dry -> ?top-n-sigma -> top-k -> ?typical -> top-p -> ?min-p -> ?xtc -> temp-ext -> dist 
ollama-1  | slot launch_slot_: id  0 | task -1 | sampler params: 
ollama-1  | 	repeat_last_n = 64, repeat_penalty = 1.000, frequency_penalty = 0.000, presence_penalty = 0.000
ollama-1  | 	dry_multiplier = 0.000, dry_base = 1.750, dry_allowed_length = 2, dry_penalty_last_n = 64
ollama-1  | 	top_k = 40, top_p = 0.900, min_p = 0.000, xtc_probability = 0.000, xtc_threshold = 0.100, typical_p = 1.000, top_n_sigma = -1.000, temp = 0.000
ollama-1  | 	mirostat = 0, mirostat_lr = 0.100, mirostat_ent = 5.000, adaptive_target = -1.000, adaptive_decay = 0.900
ollama-1  | slot launch_slot_: id  0 | task 11746 | processing task, is_child = 0
ollama-1  | slot   operator(): id  0 | task 11746 | new prompt, n_ctx_slot = 4096, n_keep = 4, task.n_tokens = 590
ollama-1  | slot   operator(): id  0 | task 11746 | cached n_tokens = 328, memory_seq_rm [328, end)
ollama-1  | slot init_sampler: id  0 | task 11746 | init sampler, took 0.07 ms, tokens: text = 590, total = 590
ollama-1  | [GIN] 2026/10/07 - 10:59:08 | 200 |       26.16µs |       127.0.0.1 | HEAD     "/"
ollama-1  | [GIN] 2026/10/07 - 10:59:08 | 200 |     880.552µs |       127.0.0.1 | GET      "/api/tags"
ollama-1  | slot print_timing: id  0 | task 11746 | prompt eval time =    1081.84 ms /   262 tokens (    4.13 ms per token,   242.18 tokens per second)
ollama-1  | slot print_timing: id  0 | task 11746 |        eval time =     197.52 ms /     9 tokens (   24.69 ms per token,    40.50 tokens per second)
ollama-1  | slot print_timing: id  0 | task 11746 |       total time =    1279.36 ms /   271 tokens
ollama-1  | slot print_timing: id  0 | task 11746 |    graphs reused =       8049
ollama-1  | slot      release: id  0 | task 11746 | stop processing: n_tokens = 598, truncated = 0
ollama-1  | srv  update_slots: all slots are idle
ollama-1  | [GIN] 2026/10/07 - 10:59:09 | 200 |  6.000804303s |      172.21.0.4 | POST     "/api/generate"
ollama-1  | srv  server_strea: conv_id= (empty=1)
ollama-1  | slot get_availabl: id  0 | task -1 |  - checking sim = 0.796 (328/412) > 0.100
ollama-1  | slot get_availabl: id  0 | task -1 | selected slot by LCP similarity, f_sim_best = 0.796 (> 0.100 thold), f_keep = 0.548
ollama-1  | slot launch_slot_: id  0 | task -1 | sampler chain: logits -> ?penalties -> ?dry -> ?top-n-sigma -> top-k -> ?typical -> top-p -> ?min-p -> ?xtc -> temp-ext -> dist 
ollama-1  | slot launch_slot_: id  0 | task -1 | sampler params: 
ollama-1  | 	repeat_last_n = 64, repeat_penalty = 1.000, frequency_penalty = 0.000, presence_penalty = 0.000
ollama-1  | 	dry_multiplier = 0.000, dry_base = 1.750, dry_allowed_length = 2, dry_penalty_last_n = 64
ollama-1  | 	top_k = 40, top_p = 0.900, min_p = 0.000, xtc_probability = 0.000, xtc_threshold = 0.100, typical_p = 1.000, top_n_sigma = -1.000, temp = 0.000
ollama-1  | 	mirostat = 0, mirostat_lr = 0.100, mirostat_ent = 5.000, adaptive_target = -1.000, adaptive_decay = 0.900
ollama-1  | slot launch_slot_: id  0 | task 11756 | processing task, is_child = 0
ollama-1  | slot   operator(): id  0 | task 11756 | new prompt, n_ctx_slot = 4096, n_keep = 4, task.n_tokens = 412
ollama-1  | slot   operator(): id  0 | task 11756 | cached n_tokens = 328, memory_seq_rm [328, end)
ollama-1  | slot init_sampler: id  0 | task 11756 | init sampler, took 0.05 ms, tokens: text = 412, total = 412
ollama-1  | slot print_timing: id  0 | task 11756 | prompt eval time =     346.30 ms /    84 tokens (    4.12 ms per token,   242.56 tokens per second)
ollama-1  | slot print_timing: id  0 | task 11756 |        eval time =     151.08 ms /     8 tokens (   21.58 ms per token,    46.33 tokens per second)
ollama-1  | slot print_timing: id  0 | task 11756 |       total time =     497.38 ms /    92 tokens
ollama-1  | slot print_timing: id  0 | task 11756 |    graphs reused =       8055
ollama-1  | slot      release: id  0 | task 11756 | stop processing: n_tokens = 419, truncated = 0
ollama-1  | srv  update_slots: all slots are idle
ollama-1  | [GIN] 2026/10/07 - 10:59:09 | 200 |   5.10248649s |      172.21.0.4 | POST     "/api/generate"
ollama-1  | srv  server_strea: conv_id= (empty=1)
ollama-1  | slot get_availabl: id  0 | task -1 |  - checking sim = 0.643 (328/510) > 0.100
ollama-1  | slot get_availabl: id  0 | task -1 | selected slot by LCP similarity, f_sim_best = 0.643 (> 0.100 thold), f_keep = 0.783
ollama-1  | slot launch_slot_: id  0 | task -1 | sampler chain: logits -> ?penalties -> ?dry -> ?top-n-sigma -> top-k -> ?typical -> top-p -> ?min-p -> ?xtc -> temp-ext -> dist 
ollama-1  | slot launch_slot_: id  0 | task -1 | sampler params: 
ollama-1  | 	repeat_last_n = 64, repeat_penalty = 1.000, frequency_penalty = 0.000, presence_penalty = 0.000
ollama-1  | 	dry_multiplier = 0.000, dry_base = 1.750, dry_allowed_length = 2, dry_penalty_last_n = 64
ollama-1  | 	top_k = 40, top_p = 0.900, min_p = 0.000, xtc_probability = 0.000, xtc_threshold = 0.100, typical_p = 1.000, top_n_sigma = -1.000, temp = 0.000
ollama-1  | 	mirostat = 0, mirostat_lr = 0.100, mirostat_ent = 5.000, adaptive_target = -1.000, adaptive_decay = 0.900
ollama-1  | slot launch_slot_: id  0 | task 11765 | processing task, is_child = 0
ollama-1  | slot   operator(): id  0 | task 11765 | new prompt, n_ctx_slot = 4096, n_keep = 4, task.n_tokens = 510
ollama-1  | slot   operator(): id  0 | task 11765 | cached n_tokens = 328, memory_seq_rm [328, end)
ollama-1  | slot init_sampler: id  0 | task 11765 | init sampler, took 0.04 ms, tokens: text = 510, total = 510
ollama-1  | slot print_timing: id  0 | task 11765 | prompt eval time =     718.47 ms /   182 tokens (    3.95 ms per token,   253.32 tokens per second)
ollama-1  | slot print_timing: id  0 | task 11765 |        eval time =     167.47 ms /     9 tokens (   20.93 ms per token,    47.77 tokens per second)
ollama-1  | slot print_timing: id  0 | task 11765 |       total time =     885.93 ms /   191 tokens
ollama-1  | slot print_timing: id  0 | task 11765 |    graphs reused =       8061
ollama-1  | slot      release: id  0 | task 11765 | stop processing: n_tokens = 518, truncated = 0
ollama-1  | srv  update_slots: all slots are idle
ollama-1  | [GIN] 2026/10/07 - 10:59:10 | 200 |  4.846871529s |      172.21.0.4 | POST     "/api/generate"
ollama-1  | srv  server_strea: conv_id= (empty=1)
ollama-1  | slot get_availabl: id  0 | task -1 |  - checking sim = 0.675 (330/489) > 0.100
ollama-1  | slot get_availabl: id  0 | task -1 | selected slot by LCP similarity, f_sim_best = 0.675 (> 0.100 thold), f_keep = 0.637
ollama-1  | slot launch_slot_: id  0 | task -1 | sampler chain: logits -> ?penalties -> ?dry -> ?top-n-sigma -> top-k -> ?typical -> top-p -> ?min-p -> ?xtc -> temp-ext -> dist 
ollama-1  | slot launch_slot_: id  0 | task -1 | sampler params: 
ollama-1  | 	repeat_last_n = 64, repeat_penalty = 1.000, frequency_penalty = 0.000, presence_penalty = 0.000
ollama-1  | 	dry_multiplier = 0.000, dry_base = 1.750, dry_allowed_length = 2, dry_penalty_last_n = 64
ollama-1  | 	top_k = 40, top_p = 0.900, min_p = 0.000, xtc_probability = 0.000, xtc_threshold = 0.100, typical_p = 1.000, top_n_sigma = -1.000, temp = 0.000
ollama-1  | 	mirostat = 0, mirostat_lr = 0.100, mirostat_ent = 5.000, adaptive_target = -1.000, adaptive_decay = 0.900
ollama-1  | slot launch_slot_: id  0 | task 11775 | processing task, is_child = 0
ollama-1  | slot   operator(): id  0 | task 11775 | new prompt, n_ctx_slot = 4096, n_keep = 4, task.n_tokens = 489
ollama-1  | slot   operator(): id  0 | task 11775 | cached n_tokens = 330, memory_seq_rm [330, end)
ollama-1  | slot init_sampler: id  0 | task 11775 | init sampler, took 0.06 ms, tokens: text = 489, total = 489
ollama-1  | slot print_timing: id  0 | task 11775 | prompt eval time =     629.61 ms /   159 tokens (    3.96 ms per token,   252.54 tokens per second)
ollama-1  | slot print_timing: id  0 | task 11775 |        eval time =     187.55 ms /    10 tokens (   20.84 ms per token,    47.99 tokens per second)
ollama-1  | slot print_timing: id  0 | task 11775 |       total time =     817.16 ms /   169 tokens
ollama-1  | slot print_timing: id  0 | task 11775 |    graphs reused =       8069
ollama-1  | slot      release: id  0 | task 11775 | stop processing: n_tokens = 498, truncated = 0
ollama-1  | srv  update_slots: all slots are idle
ollama-1  | [GIN] 2026/10/07 - 10:59:11 | 200 |  5.547868506s |      172.21.0.4 | POST     "/api/generate"
ollama-1  | srv  server_strea: conv_id= (empty=1)
ollama-1  | slot get_availabl: id  0 | task -1 |  - checking sim = 0.536 (329/614) > 0.100
ollama-1  | slot get_availabl: id  0 | task -1 | selected slot by LCP similarity, f_sim_best = 0.536 (> 0.100 thold), f_keep = 0.661
ollama-1  | slot launch_slot_: id  0 | task -1 | sampler chain: logits -> ?penalties -> ?dry -> ?top-n-sigma -> top-k -> ?typical -> top-p -> ?min-p -> ?xtc -> temp-ext -> dist 
ollama-1  | slot launch_slot_: id  0 | task -1 | sampler params: 
ollama-1  | 	repeat_last_n = 64, repeat_penalty = 1.000, frequency_penalty = 0.000, presence_penalty = 0.000
ollama-1  | 	dry_multiplier = 0.000, dry_base = 1.750, dry_allowed_length = 2, dry_penalty_last_n = 64
ollama-1  | 	top_k = 40, top_p = 0.900, min_p = 0.000, xtc_probability = 0.000, xtc_threshold = 0.100, typical_p = 1.000, top_n_sigma = -1.000, temp = 0.000
ollama-1  | 	mirostat = 0, mirostat_lr = 0.100, mirostat_ent = 5.000, adaptive_target = -1.000, adaptive_decay = 0.900
ollama-1  | slot launch_slot_: id  0 | task 11786 | processing task, is_child = 0
ollama-1  | slot   operator(): id  0 | task 11786 | new prompt, n_ctx_slot = 4096, n_keep = 4, task.n_tokens = 614
ollama-1  | slot   operator(): id  0 | task 11786 | cached n_tokens = 329, memory_seq_rm [329, end)
ollama-1  | slot init_sampler: id  0 | task 11786 | init sampler, took 0.05 ms, tokens: text = 614, total = 614
ollama-1  | slot print_timing: id  0 | task 11786 | prompt eval time =    1138.78 ms /   285 tokens (    4.00 ms per token,   250.27 tokens per second)
ollama-1  | slot print_timing: id  0 | task 11786 |        eval time =     164.25 ms /     8 tokens (   23.46 ms per token,    42.62 tokens per second)
ollama-1  | slot print_timing: id  0 | task 11786 |       total time =    1303.03 ms /   293 tokens
ollama-1  | slot print_timing: id  0 | task 11786 |    graphs reused =       8075
ollama-1  | slot      release: id  0 | task 11786 | stop processing: n_tokens = 621, truncated = 0
ollama-1  | srv  update_slots: all slots are idle
ollama-1  | [GIN] 2026/10/07 - 10:59:12 | 200 |  5.601070702s |      172.21.0.4 | POST     "/api/generate"
ollama-1  | srv  server_strea: conv_id= (empty=1)
ollama-1  | slot get_availabl: id  0 | task -1 |  - checking sim = 0.723 (329/455) > 0.100
ollama-1  | slot get_availabl: id  0 | task -1 | selected slot by LCP similarity, f_sim_best = 0.723 (> 0.100 thold), f_keep = 0.530
ollama-1  | slot launch_slot_: id  0 | task -1 | sampler chain: logits -> ?penalties -> ?dry -> ?top-n-sigma -> top-k -> ?typical -> top-p -> ?min-p -> ?xtc -> temp-ext -> dist 
ollama-1  | slot launch_slot_: id  0 | task -1 | sampler params: 
ollama-1  | 	repeat_last_n = 64, repeat_penalty = 1.000, frequency_penalty = 0.000, presence_penalty = 0.000
ollama-1  | 	dry_multiplier = 0.000, dry_base = 1.750, dry_allowed_length = 2, dry_penalty_last_n = 64
ollama-1  | 	top_k = 40, top_p = 0.900, min_p = 0.000, xtc_probability = 0.000, xtc_threshold = 0.100, typical_p = 1.000, top_n_sigma = -1.000, temp = 0.000
ollama-1  | 	mirostat = 0, mirostat_lr = 0.100, mirostat_ent = 5.000, adaptive_target = -1.000, adaptive_decay = 0.900
ollama-1  | slot launch_slot_: id  0 | task 11795 | processing task, is_child = 0
ollama-1  | slot   operator(): id  0 | task 11795 | new prompt, n_ctx_slot = 4096, n_keep = 4, task.n_tokens = 455
ollama-1  | slot   operator(): id  0 | task 11795 | cached n_tokens = 329, memory_seq_rm [329, end)
ollama-1  | slot init_sampler: id  0 | task 11795 | init sampler, took 0.04 ms, tokens: text = 455, total = 455
ollama-1  | slot print_timing: id  0 | task 11795 | prompt eval time =     494.26 ms /   126 tokens (    3.92 ms per token,   254.93 tokens per second)
ollama-1  | slot print_timing: id  0 | task 11795 |        eval time =     168.73 ms /     9 tokens (   21.09 ms per token,    47.41 tokens per second)
ollama-1  | slot print_timing: id  0 | task 11795 |       total time =     662.99 ms /   135 tokens
ollama-1  | slot print_timing: id  0 | task 11795 |    graphs reused =       8082
ollama-1  | slot      release: id  0 | task 11795 | stop processing: n_tokens = 463, truncated = 0
ollama-1  | srv  update_slots: all slots are idle
ollama-1  | [GIN] 2026/10/07 - 10:59:13 | 200 |   6.09240476s |      172.21.0.4 | POST     "/api/generate"
ollama-1  | srv  server_strea: conv_id= (empty=1)
ollama-1  | slot get_availabl: id  0 | task -1 |  - checking sim = 0.644 (328/509) > 0.100
ollama-1  | slot get_availabl: id  0 | task -1 | selected slot by LCP similarity, f_sim_best = 0.644 (> 0.100 thold), f_keep = 0.708
ollama-1  | slot launch_slot_: id  0 | task -1 | sampler chain: logits -> ?penalties -> ?dry -> ?top-n-sigma -> top-k -> ?typical -> top-p -> ?min-p -> ?xtc -> temp-ext -> dist 
ollama-1  | slot launch_slot_: id  0 | task -1 | sampler params: 
ollama-1  | 	repeat_last_n = 64, repeat_penalty = 1.000, frequency_penalty = 0.000, presence_penalty = 0.000
ollama-1  | 	dry_multiplier = 0.000, dry_base = 1.750, dry_allowed_length = 2, dry_penalty_last_n = 64
ollama-1  | 	top_k = 40, top_p = 0.900, min_p = 0.000, xtc_probability = 0.000, xtc_threshold = 0.100, typical_p = 1.000, top_n_sigma = -1.000, temp = 0.000
ollama-1  | 	mirostat = 0, mirostat_lr = 0.100, mirostat_ent = 5.000, adaptive_target = -1.000, adaptive_decay = 0.900
ollama-1  | slot launch_slot_: id  0 | task 11805 | processing task, is_child = 0
ollama-1  | slot   operator(): id  0 | task 11805 | new prompt, n_ctx_slot = 4096, n_keep = 4, task.n_tokens = 509
ollama-1  | slot   operator(): id  0 | task 11805 | cached n_tokens = 328, memory_seq_rm [328, end)
ollama-1  | slot init_sampler: id  0 | task 11805 | init sampler, took 0.04 ms, tokens: text = 509, total = 509
ollama-1  | slot print_timing: id  0 | task 11805 | prompt eval time =     720.28 ms /   181 tokens (    3.98 ms per token,   251.29 tokens per second)
ollama-1  | slot print_timing: id  0 | task 11805 |        eval time =     154.38 ms /     8 tokens (   22.05 ms per token,    45.34 tokens per second)
ollama-1  | slot print_timing: id  0 | task 11805 |       total time =     874.65 ms /   189 tokens
ollama-1  | slot print_timing: id  0 | task 11805 |    graphs reused =       8087
ollama-1  | slot      release: id  0 | task 11805 | stop processing: n_tokens = 516, truncated = 0
ollama-1  | srv  update_slots: all slots are idle
ollama-1  | [GIN] 2026/10/07 - 10:59:14 | 200 |  4.389456369s |      172.21.0.4 | POST     "/api/generate"
ollama-1  | srv  server_strea: conv_id= (empty=1)
ollama-1  | slot get_availabl: id  0 | task -1 |  - checking sim = 0.580 (328/566) > 0.100
ollama-1  | slot get_availabl: id  0 | task -1 | selected slot by LCP similarity, f_sim_best = 0.580 (> 0.100 thold), f_keep = 0.636
ollama-1  | slot launch_slot_: id  0 | task -1 | sampler chain: logits -> ?penalties -> ?dry -> ?top-n-sigma -> top-k -> ?typical -> top-p -> ?min-p -> ?xtc -> temp-ext -> dist 
ollama-1  | slot launch_slot_: id  0 | task -1 | sampler params: 
ollama-1  | 	repeat_last_n = 64, repeat_penalty = 1.000, frequency_penalty = 0.000, presence_penalty = 0.000
ollama-1  | 	dry_multiplier = 0.000, dry_base = 1.750, dry_allowed_length = 2, dry_penalty_last_n = 64
ollama-1  | 	top_k = 40, top_p = 0.900, min_p = 0.000, xtc_probability = 0.000, xtc_threshold = 0.100, typical_p = 1.000, top_n_sigma = -1.000, temp = 0.000
ollama-1  | 	mirostat = 0, mirostat_lr = 0.100, mirostat_ent = 5.000, adaptive_target = -1.000, adaptive_decay = 0.900
ollama-1  | slot launch_slot_: id  0 | task 11814 | processing task, is_child = 0
ollama-1  | slot   operator(): id  0 | task 11814 | new prompt, n_ctx_slot = 4096, n_keep = 4, task.n_tokens = 566
ollama-1  | slot   operator(): id  0 | task 11814 | cached n_tokens = 328, memory_seq_rm [328, end)
ollama-1  | slot init_sampler: id  0 | task 11814 | init sampler, took 0.07 ms, tokens: text = 566, total = 566
ollama-1  | slot print_timing: id  0 | task 11814 | prompt eval time =     936.69 ms /   238 tokens (    3.94 ms per token,   254.09 tokens per second)
ollama-1  | slot print_timing: id  0 | task 11814 |        eval time =     175.34 ms /     9 tokens (   21.92 ms per token,    45.63 tokens per second)
ollama-1  | slot print_timing: id  0 | task 11814 |       total time =    1112.02 ms /   247 tokens
ollama-1  | slot print_timing: id  0 | task 11814 |    graphs reused =       8094
ollama-1  | slot      release: id  0 | task 11814 | stop processing: n_tokens = 574, truncated = 0
ollama-1  | srv  update_slots: all slots are idle
ollama-1  | [GIN] 2026/10/07 - 10:59:15 | 200 |  4.987628168s |      172.21.0.4 | POST     "/api/generate"
ollama-1  | srv  server_strea: conv_id= (empty=1)
ollama-1  | slot get_availabl: id  0 | task -1 |  - checking sim = 0.691 (328/475) > 0.100
ollama-1  | slot get_availabl: id  0 | task -1 | selected slot by LCP similarity, f_sim_best = 0.691 (> 0.100 thold), f_keep = 0.571
ollama-1  | slot launch_slot_: id  0 | task -1 | sampler chain: logits -> ?penalties -> ?dry -> ?top-n-sigma -> top-k -> ?typical -> top-p -> ?min-p -> ?xtc -> temp-ext -> dist 
ollama-1  | slot launch_slot_: id  0 | task -1 | sampler params: 
ollama-1  | 	repeat_last_n = 64, repeat_penalty = 1.000, frequency_penalty = 0.000, presence_penalty = 0.000
ollama-1  | 	dry_multiplier = 0.000, dry_base = 1.750, dry_allowed_length = 2, dry_penalty_last_n = 64
ollama-1  | 	top_k = 40, top_p = 0.900, min_p = 0.000, xtc_probability = 0.000, xtc_threshold = 0.100, typical_p = 1.000, top_n_sigma = -1.000, temp = 0.000
ollama-1  | 	mirostat = 0, mirostat_lr = 0.100, mirostat_ent = 5.000, adaptive_target = -1.000, adaptive_decay = 0.900
ollama-1  | slot launch_slot_: id  0 | task 11824 | processing task, is_child = 0
ollama-1  | slot   operator(): id  0 | task 11824 | new prompt, n_ctx_slot = 4096, n_keep = 4, task.n_tokens = 475
ollama-1  | slot   operator(): id  0 | task 11824 | cached n_tokens = 328, memory_seq_rm [328, end)
ollama-1  | slot init_sampler: id  0 | task 11824 | init sampler, took 0.06 ms, tokens: text = 475, total = 475
ollama-1  | slot print_timing: id  0 | task 11824 | prompt eval time =     556.21 ms /   147 tokens (    3.78 ms per token,   264.29 tokens per second)
ollama-1  | slot print_timing: id  0 | task 11824 |        eval time =     175.11 ms /     9 tokens (   21.89 ms per token,    45.69 tokens per second)
ollama-1  | slot print_timing: id  0 | task 11824 |       total time =     731.31 ms /   156 tokens
ollama-1  | slot print_timing: id  0 | task 11824 |    graphs reused =       8101
ollama-1  | slot      release: id  0 | task 11824 | stop processing: n_tokens = 483, truncated = 0
ollama-1  | srv  update_slots: all slots are idle
ollama-1  | [GIN] 2026/10/07 - 10:59:16 | 200 |  5.721992485s |      172.21.0.4 | POST     "/api/generate"
ollama-1  | srv  server_strea: conv_id= (empty=1)
ollama-1  | slot get_availabl: id  0 | task -1 |  - checking sim = 0.524 (328/626) > 0.100
ollama-1  | slot get_availabl: id  0 | task -1 | selected slot by LCP similarity, f_sim_best = 0.524 (> 0.100 thold), f_keep = 0.679
ollama-1  | slot launch_slot_: id  0 | task -1 | sampler chain: logits -> ?penalties -> ?dry -> ?top-n-sigma -> top-k -> ?typical -> top-p -> ?min-p -> ?xtc -> temp-ext -> dist 
ollama-1  | slot launch_slot_: id  0 | task -1 | sampler params: 
ollama-1  | 	repeat_last_n = 64, repeat_penalty = 1.000, frequency_penalty = 0.000, presence_penalty = 0.000
ollama-1  | 	dry_multiplier = 0.000, dry_base = 1.750, dry_allowed_length = 2, dry_penalty_last_n = 64
ollama-1  | 	top_k = 40, top_p = 0.900, min_p = 0.000, xtc_probability = 0.000, xtc_threshold = 0.100, typical_p = 1.000, top_n_sigma = -1.000, temp = 0.000
ollama-1  | 	mirostat = 0, mirostat_lr = 0.100, mirostat_ent = 5.000, adaptive_target = -1.000, adaptive_decay = 0.900
ollama-1  | slot launch_slot_: id  0 | task 11834 | processing task, is_child = 0
ollama-1  | slot   operator(): id  0 | task 11834 | new prompt, n_ctx_slot = 4096, n_keep = 4, task.n_tokens = 626
ollama-1  | slot   operator(): id  0 | task 11834 | cached n_tokens = 328, memory_seq_rm [328, end)
ollama-1  | slot init_sampler: id  0 | task 11834 | init sampler, took 0.08 ms, tokens: text = 626, total = 626
ollama-1  | slot print_timing: id  0 | task 11834 | prompt eval time =    1184.02 ms /   298 tokens (    3.97 ms per token,   251.68 tokens per second)
ollama-1  | slot print_timing: id  0 | task 11834 |        eval time =     156.08 ms /     8 tokens (   22.30 ms per token,    44.85 tokens per second)
ollama-1  | slot print_timing: id  0 | task 11834 |       total time =    1340.10 ms /   306 tokens
ollama-1  | slot print_timing: id  0 | task 11834 |    graphs reused =       8107
ollama-1  | slot      release: id  0 | task 11834 | stop processing: n_tokens = 633, truncated = 0
ollama-1  | srv  update_slots: all slots are idle
ollama-1  | [GIN] 2026/10/07 - 10:59:17 | 200 |  6.506055713s |      172.21.0.4 | POST     "/api/generate"
ollama-1  | srv  server_strea: conv_id= (empty=1)
ollama-1  | slot get_availabl: id  0 | task -1 |  - checking sim = 0.501 (328/655) > 0.100
ollama-1  | slot get_availabl: id  0 | task -1 | selected slot by LCP similarity, f_sim_best = 0.501 (> 0.100 thold), f_keep = 0.518
ollama-1  | slot launch_slot_: id  0 | task -1 | sampler chain: logits -> ?penalties -> ?dry -> ?top-n-sigma -> top-k -> ?typical -> top-p -> ?min-p -> ?xtc -> temp-ext -> dist 
ollama-1  | slot launch_slot_: id  0 | task -1 | sampler params: 
ollama-1  | 	repeat_last_n = 64, repeat_penalty = 1.000, frequency_penalty = 0.000, presence_penalty = 0.000
ollama-1  | 	dry_multiplier = 0.000, dry_base = 1.750, dry_allowed_length = 2, dry_penalty_last_n = 64
ollama-1  | 	top_k = 40, top_p = 0.900, min_p = 0.000, xtc_probability = 0.000, xtc_threshold = 0.100, typical_p = 1.000, top_n_sigma = -1.000, temp = 0.000
ollama-1  | 	mirostat = 0, mirostat_lr = 0.100, mirostat_ent = 5.000, adaptive_target = -1.000, adaptive_decay = 0.900
ollama-1  | slot launch_slot_: id  0 | task 11843 | processing task, is_child = 0
ollama-1  | slot   operator(): id  0 | task 11843 | new prompt, n_ctx_slot = 4096, n_keep = 4, task.n_tokens = 655
ollama-1  | slot   operator(): id  0 | task 11843 | cached n_tokens = 328, memory_seq_rm [328, end)
ollama-1  | slot init_sampler: id  0 | task 11843 | init sampler, took 0.08 ms, tokens: text = 655, total = 655
ollama-1  | [GIN] 2026/10/07 - 10:59:18 | 200 |      19.633µs |       127.0.0.1 | HEAD     "/"
ollama-1  | [GIN] 2026/10/07 - 10:59:18 | 200 |     905.157µs |       127.0.0.1 | GET      "/api/tags"
ollama-1  | slot print_timing: id  0 | task 11843 | prompt eval time =    1325.28 ms /   327 tokens (    4.05 ms per token,   246.74 tokens per second)
ollama-1  | slot print_timing: id  0 | task 11843 |        eval time =     170.11 ms /     9 tokens (   21.26 ms per token,    47.03 tokens per second)
ollama-1  | slot print_timing: id  0 | task 11843 |       total time =    1495.39 ms /   336 tokens
ollama-1  | slot print_timing: id  0 | task 11843 |    graphs reused =       8114
ollama-1  | slot      release: id  0 | task 11843 | stop processing: n_tokens = 663, truncated = 0
ollama-1  | srv  update_slots: all slots are idle
ollama-1  | [GIN] 2026/10/07 - 10:59:18 | 200 |  7.658774063s |      172.21.0.4 | POST     "/api/generate"
ollama-1  | srv  server_strea: conv_id= (empty=1)
ollama-1  | slot get_availabl: id  0 | task -1 |  - checking sim = 0.763 (328/430) > 0.100
ollama-1  | slot get_availabl: id  0 | task -1 | selected slot by LCP similarity, f_sim_best = 0.763 (> 0.100 thold), f_keep = 0.495
ollama-1  | srv  get_availabl: updating prompt cache
ollama-1  | srv   prompt_save:  - saving prompt with length 663, total state size = 20.727 MiB (draft: 0.000 MiB)
ollama-1  | srv          load:  - looking for better prompt, base f_keep = 0.495, f_sim = 0.763
ollama-1  | srv          load:    - prompt with length     709, lcp =     328, f_keep = 0.463, f_sim = 0.763
ollama-1  | srv          load:    - prompt with length     700, lcp =     328, f_keep = 0.469, f_sim = 0.763
ollama-1  | srv          load:    - prompt with length     695, lcp =     328, f_keep = 0.472, f_sim = 0.763
ollama-1  | srv          load:    - prompt with length     670, lcp =     328, f_keep = 0.490, f_sim = 0.763
ollama-1  | srv          load:    - prompt with length     730, lcp =     328, f_keep = 0.449, f_sim = 0.763
ollama-1  | srv          load:    - prompt with length     779, lcp =     328, f_keep = 0.421, f_sim = 0.763
ollama-1  | srv          load:    - prompt with length     805, lcp =     328, f_keep = 0.407, f_sim = 0.763
ollama-1  | srv          load:    - prompt with length     696, lcp =     328, f_keep = 0.471, f_sim = 0.763
ollama-1  | srv          load:    - prompt with length     962, lcp =     328, f_keep = 0.341, f_sim = 0.763
ollama-1  | srv          load:    - prompt with length     705, lcp =     328, f_keep = 0.465, f_sim = 0.763
ollama-1  | srv          load:    - prompt with length     722, lcp =     328, f_keep = 0.454, f_sim = 0.763
ollama-1  | srv          load:    - prompt with length     704, lcp =     328, f_keep = 0.466, f_sim = 0.763
ollama-1  | srv          load:    - prompt with length     710, lcp =     328, f_keep = 0.462, f_sim = 0.763
ollama-1  | srv          load:    - prompt with length     752, lcp =     328, f_keep = 0.436, f_sim = 0.763
ollama-1  | srv          load:    - prompt with length     683, lcp =     328, f_keep = 0.480, f_sim = 0.763
ollama-1  | srv          load:    - prompt with length     777, lcp =     328, f_keep = 0.422, f_sim = 0.763
ollama-1  | srv          load:    - prompt with length     730, lcp =     328, f_keep = 0.449, f_sim = 0.763
ollama-1  | srv          load:    - prompt with length     771, lcp =     328, f_keep = 0.425, f_sim = 0.763
ollama-1  | srv          load:    - prompt with length     740, lcp =     328, f_keep = 0.443, f_sim = 0.763
ollama-1  | srv          load:    - prompt with length     677, lcp =     328, f_keep = 0.484, f_sim = 0.763
ollama-1  | srv          load:    - prompt with length     738, lcp =     328, f_keep = 0.444, f_sim = 0.763
ollama-1  | srv          load:    - prompt with length     738, lcp =     328, f_keep = 0.444, f_sim = 0.763
ollama-1  | srv          load:    - prompt with length     777, lcp =     328, f_keep = 0.422, f_sim = 0.763
ollama-1  | srv          load:    - prompt with length     699, lcp =     328, f_keep = 0.469, f_sim = 0.763
ollama-1  | srv          load:    - prompt with length     733, lcp =     328, f_keep = 0.447, f_sim = 0.763
ollama-1  | srv          load:    - prompt with length     798, lcp =     328, f_keep = 0.411, f_sim = 0.763
ollama-1  | srv          load:    - prompt with length     661, lcp =     328, f_keep = 0.496, f_sim = 0.763
ollama-1  | srv          load:    - prompt with length     663, lcp =     328, f_keep = 0.495, f_sim = 0.763
ollama-1  | srv        update:  - cache state: 28 prompts, 641.621 MiB (limits: 8192.000 MiB, 4096 tokens, 262043 est)
ollama-1  | srv        update:    - prompt 0x2111c2b0:     709 tokens, checkpoints:  0,    22.165 MiB
ollama-1  | srv        update:    - prompt 0x1d133370:     700 tokens, checkpoints:  0,    21.883 MiB
ollama-1  | srv        update:    - prompt 0x1d12e2c0:     695 tokens, checkpoints:  0,    21.727 MiB
ollama-1  | srv        update:    - prompt 0x1d12d8d0:     670 tokens, checkpoints:  0,    20.946 MiB
ollama-1  | srv        update:    - prompt 0x1d708a50:     730 tokens, checkpoints:  0,    22.821 MiB
ollama-1  | srv        update:    - prompt 0x1d12ae00:     779 tokens, checkpoints:  0,    24.353 MiB
ollama-1  | srv        update:    - prompt 0x1d728d30:     805 tokens, checkpoints:  0,    25.166 MiB
ollama-1  | srv        update:    - prompt 0x2427f580:     696 tokens, checkpoints:  0,    21.758 MiB
ollama-1  | srv        update:    - prompt 0x30e39f50:     962 tokens, checkpoints:  0,    30.074 MiB
ollama-1  | srv        update:    - prompt 0x1e85d3b0:     705 tokens, checkpoints:  0,    22.040 MiB
ollama-1  | srv        update:    - prompt 0x1e7a4ad0:     722 tokens, checkpoints:  0,    22.571 MiB
ollama-1  | srv        update:    - prompt 0x24d036a0:     704 tokens, checkpoints:  0,    22.008 MiB
ollama-1  | srv        update:    - prompt 0x1e75fd60:     710 tokens, checkpoints:  0,    22.196 MiB
ollama-1  | srv        update:    - prompt 0x24367aa0:     752 tokens, checkpoints:  0,    23.509 MiB
ollama-1  | srv        update:    - prompt 0x243c6d30:     683 tokens, checkpoints:  0,    21.352 MiB
ollama-1  | srv        update:    - prompt 0x24273cf0:     777 tokens, checkpoints:  0,    24.291 MiB
ollama-1  | srv        update:    - prompt 0x1d311810:     730 tokens, checkpoints:  0,    22.821 MiB
ollama-1  | srv        update:    - prompt 0x2a2a47f0:     771 tokens, checkpoints:  0,    24.103 MiB
ollama-1  | srv        update:    - prompt 0x2448abc0:     740 tokens, checkpoints:  0,    23.134 MiB
ollama-1  | srv        update:    - prompt 0x1e82e900:     677 tokens, checkpoints:  0,    21.164 MiB
ollama-1  | srv        update:    - prompt 0x24432260:     738 tokens, checkpoints:  0,    23.071 MiB
ollama-1  | srv        update:    - prompt 0x242f5d40:     738 tokens, checkpoints:  0,    23.071 MiB
ollama-1  | srv        update:    - prompt 0x2444bcc0:     777 tokens, checkpoints:  0,    24.291 MiB
ollama-1  | srv        update:    - prompt 0x1e8593f0:     699 tokens, checkpoints:  0,    21.852 MiB
ollama-1  | srv        update:    - prompt 0x24917360:     733 tokens, checkpoints:  0,    22.915 MiB
ollama-1  | srv        update:    - prompt 0x2443a030:     798 tokens, checkpoints:  0,    24.947 MiB
ollama-1  | srv        update:    - prompt 0x24213850:     661 tokens, checkpoints:  0,    20.664 MiB
ollama-1  | srv        update:    - prompt 0x249026f0:     663 tokens, checkpoints:  0,    20.727 MiB
ollama-1  | srv  get_availabl: prompt cache update took 4.51 ms
ollama-1  | slot launch_slot_: id  0 | task -1 | sampler chain: logits -> ?penalties -> ?dry -> ?top-n-sigma -> top-k -> ?typical -> top-p -> ?min-p -> ?xtc -> temp-ext -> dist 
ollama-1  | slot launch_slot_: id  0 | task -1 | sampler params: 
ollama-1  | 	repeat_last_n = 64, repeat_penalty = 1.000, frequency_penalty = 0.000, presence_penalty = 0.000
ollama-1  | 	dry_multiplier = 0.000, dry_base = 1.750, dry_allowed_length = 2, dry_penalty_last_n = 64
ollama-1  | 	top_k = 40, top_p = 0.900, min_p = 0.000, xtc_probability = 0.000, xtc_threshold = 0.100, typical_p = 1.000, top_n_sigma = -1.000, temp = 0.000
ollama-1  | 	mirostat = 0, mirostat_lr = 0.100, mirostat_ent = 5.000, adaptive_target = -1.000, adaptive_decay = 0.900
ollama-1  | slot launch_slot_: id  0 | task 11853 | processing task, is_child = 0
ollama-1  | slot   operator(): id  0 | task 11853 | new prompt, n_ctx_slot = 4096, n_keep = 4, task.n_tokens = 430
ollama-1  | slot   operator(): id  0 | task 11853 | cached n_tokens = 328, memory_seq_rm [328, end)
ollama-1  | slot init_sampler: id  0 | task 11853 | init sampler, took 0.04 ms, tokens: text = 430, total = 430
ollama-1  | slot print_timing: id  0 | task 11853 | prompt eval time =     413.89 ms /   102 tokens (    4.06 ms per token,   246.44 tokens per second)
ollama-1  | slot print_timing: id  0 | task 11853 |        eval time =     161.49 ms /     8 tokens (   23.07 ms per token,    43.35 tokens per second)
ollama-1  | slot print_timing: id  0 | task 11853 |       total time =     575.38 ms /   110 tokens
ollama-1  | slot print_timing: id  0 | task 11853 |    graphs reused =       8120
ollama-1  | slot      release: id  0 | task 11853 | stop processing: n_tokens = 437, truncated = 0
ollama-1  | srv  update_slots: all slots are idle
ollama-1  | [GIN] 2026/10/07 - 10:59:19 | 200 |  8.142436581s |      172.21.0.4 | POST     "/api/generate"
ollama-1  | srv  server_strea: conv_id= (empty=1)
ollama-1  | slot get_availabl: id  0 | task -1 |  - checking sim = 0.583 (328/563) > 0.100
ollama-1  | slot get_availabl: id  0 | task -1 | selected slot by LCP similarity, f_sim_best = 0.583 (> 0.100 thold), f_keep = 0.751
ollama-1  | slot launch_slot_: id  0 | task -1 | sampler chain: logits -> ?penalties -> ?dry -> ?top-n-sigma -> top-k -> ?typical -> top-p -> ?min-p -> ?xtc -> temp-ext -> dist 
ollama-1  | slot launch_slot_: id  0 | task -1 | sampler params: 
ollama-1  | 	repeat_last_n = 64, repeat_penalty = 1.000, frequency_penalty = 0.000, presence_penalty = 0.000
ollama-1  | 	dry_multiplier = 0.000, dry_base = 1.750, dry_allowed_length = 2, dry_penalty_last_n = 64
ollama-1  | 	top_k = 40, top_p = 0.900, min_p = 0.000, xtc_probability = 0.000, xtc_threshold = 0.100, typical_p = 1.000, top_n_sigma = -1.000, temp = 0.000
ollama-1  | 	mirostat = 0, mirostat_lr = 0.100, mirostat_ent = 5.000, adaptive_target = -1.000, adaptive_decay = 0.900
ollama-1  | slot launch_slot_: id  0 | task 11862 | processing task, is_child = 0
ollama-1  | slot   operator(): id  0 | task 11862 | new prompt, n_ctx_slot = 4096, n_keep = 4, task.n_tokens = 563
ollama-1  | slot   operator(): id  0 | task 11862 | cached n_tokens = 328, memory_seq_rm [328, end)
ollama-1  | slot init_sampler: id  0 | task 11862 | init sampler, took 0.05 ms, tokens: text = 563, total = 563
ollama-1  | slot print_timing: id  0 | task 11862 | prompt eval time =     898.96 ms /   235 tokens (    3.83 ms per token,   261.41 tokens per second)
ollama-1  | slot print_timing: id  0 | task 11862 |        eval time =     165.29 ms /     9 tokens (   20.66 ms per token,    48.40 tokens per second)
ollama-1  | slot print_timing: id  0 | task 11862 |       total time =    1064.25 ms /   244 tokens
ollama-1  | slot print_timing: id  0 | task 11862 |    graphs reused =       8127
ollama-1  | slot      release: id  0 | task 11862 | stop processing: n_tokens = 571, truncated = 0
ollama-1  | srv  update_slots: all slots are idle
ollama-1  | [GIN] 2026/10/07 - 10:59:20 | 200 |  8.242656263s |      172.21.0.4 | POST     "/api/generate"
ollama-1  | srv  server_strea: conv_id= (empty=1)
ollama-1  | slot get_availabl: id  0 | task -1 |  - checking sim = 0.678 (328/484) > 0.100
ollama-1  | slot get_availabl: id  0 | task -1 | selected slot by LCP similarity, f_sim_best = 0.678 (> 0.100 thold), f_keep = 0.574
ollama-1  | slot launch_slot_: id  0 | task -1 | sampler chain: logits -> ?penalties -> ?dry -> ?top-n-sigma -> top-k -> ?typical -> top-p -> ?min-p -> ?xtc -> temp-ext -> dist 
ollama-1  | slot launch_slot_: id  0 | task -1 | sampler params: 
ollama-1  | 	repeat_last_n = 64, repeat_penalty = 1.000, frequency_penalty = 0.000, presence_penalty = 0.000
ollama-1  | 	dry_multiplier = 0.000, dry_base = 1.750, dry_allowed_length = 2, dry_penalty_last_n = 64
ollama-1  | 	top_k = 40, top_p = 0.900, min_p = 0.000, xtc_probability = 0.000, xtc_threshold = 0.100, typical_p = 1.000, top_n_sigma = -1.000, temp = 0.000
ollama-1  | 	mirostat = 0, mirostat_lr = 0.100, mirostat_ent = 5.000, adaptive_target = -1.000, adaptive_decay = 0.900
ollama-1  | slot launch_slot_: id  0 | task 11872 | processing task, is_child = 0
ollama-1  | slot   operator(): id  0 | task 11872 | new prompt, n_ctx_slot = 4096, n_keep = 4, task.n_tokens = 484
ollama-1  | slot   operator(): id  0 | task 11872 | cached n_tokens = 328, memory_seq_rm [328, end)
ollama-1  | slot init_sampler: id  0 | task 11872 | init sampler, took 0.04 ms, tokens: text = 484, total = 484
ollama-1  | slot print_timing: id  0 | task 11872 | prompt eval time =     636.24 ms /   156 tokens (    4.08 ms per token,   245.19 tokens per second)
ollama-1  | slot print_timing: id  0 | task 11872 |        eval time =     161.94 ms /     9 tokens (   20.24 ms per token,    49.40 tokens per second)
ollama-1  | slot print_timing: id  0 | task 11872 |       total time =     798.18 ms /   165 tokens
ollama-1  | slot print_timing: id  0 | task 11872 |    graphs reused =       8134
ollama-1  | slot      release: id  0 | task 11872 | stop processing: n_tokens = 492, truncated = 0
ollama-1  | srv  update_slots: all slots are idle
ollama-1  | [GIN] 2026/10/07 - 10:59:21 | 200 |  8.829405069s |      172.21.0.4 | POST     "/api/generate"
ollama-1  | srv  server_strea: conv_id= (empty=1)
ollama-1  | slot get_availabl: id  0 | task -1 |  - checking sim = 0.600 (328/547) > 0.100
ollama-1  | slot get_availabl: id  0 | task -1 | selected slot by LCP similarity, f_sim_best = 0.600 (> 0.100 thold), f_keep = 0.667
ollama-1  | slot launch_slot_: id  0 | task -1 | sampler chain: logits -> ?penalties -> ?dry -> ?top-n-sigma -> top-k -> ?typical -> top-p -> ?min-p -> ?xtc -> temp-ext -> dist 
ollama-1  | slot launch_slot_: id  0 | task -1 | sampler params: 
ollama-1  | 	repeat_last_n = 64, repeat_penalty = 1.000, frequency_penalty = 0.000, presence_penalty = 0.000
ollama-1  | 	dry_multiplier = 0.000, dry_base = 1.750, dry_allowed_length = 2, dry_penalty_last_n = 64
ollama-1  | 	top_k = 40, top_p = 0.900, min_p = 0.000, xtc_probability = 0.000, xtc_threshold = 0.100, typical_p = 1.000, top_n_sigma = -1.000, temp = 0.000
ollama-1  | 	mirostat = 0, mirostat_lr = 0.100, mirostat_ent = 5.000, adaptive_target = -1.000, adaptive_decay = 0.900
ollama-1  | slot launch_slot_: id  0 | task 11882 | processing task, is_child = 0
ollama-1  | slot   operator(): id  0 | task 11882 | new prompt, n_ctx_slot = 4096, n_keep = 4, task.n_tokens = 547
ollama-1  | slot   operator(): id  0 | task 11882 | cached n_tokens = 328, memory_seq_rm [328, end)
ollama-1  | slot init_sampler: id  0 | task 11882 | init sampler, took 0.04 ms, tokens: text = 547, total = 547
ollama-1  | slot print_timing: id  0 | task 11882 | prompt eval time =     884.60 ms /   219 tokens (    4.04 ms per token,   247.57 tokens per second)
ollama-1  | slot print_timing: id  0 | task 11882 |        eval time =     197.54 ms /    10 tokens (   21.95 ms per token,    45.56 tokens per second)
ollama-1  | slot print_timing: id  0 | task 11882 |       total time =    1082.14 ms /   229 tokens
ollama-1  | slot print_timing: id  0 | task 11882 |    graphs reused =       8142
ollama-1  | slot      release: id  0 | task 11882 | stop processing: n_tokens = 556, truncated = 0
ollama-1  | srv  update_slots: all slots are idle
ollama-1  | [GIN] 2026/10/07 - 10:59:22 | 200 |  9.332434921s |      172.21.0.4 | POST     "/api/generate"
ollama-1  | srv  server_strea: conv_id= (empty=1)
ollama-1  | slot get_availabl: id  0 | task -1 |  - checking sim = 0.678 (328/484) > 0.100
ollama-1  | slot get_availabl: id  0 | task -1 | selected slot by LCP similarity, f_sim_best = 0.678 (> 0.100 thold), f_keep = 0.590
ollama-1  | slot launch_slot_: id  0 | task -1 | sampler chain: logits -> ?penalties -> ?dry -> ?top-n-sigma -> top-k -> ?typical -> top-p -> ?min-p -> ?xtc -> temp-ext -> dist 
ollama-1  | slot launch_slot_: id  0 | task -1 | sampler params: 
ollama-1  | 	repeat_last_n = 64, repeat_penalty = 1.000, frequency_penalty = 0.000, presence_penalty = 0.000
ollama-1  | 	dry_multiplier = 0.000, dry_base = 1.750, dry_allowed_length = 2, dry_penalty_last_n = 64
ollama-1  | 	top_k = 40, top_p = 0.900, min_p = 0.000, xtc_probability = 0.000, xtc_threshold = 0.100, typical_p = 1.000, top_n_sigma = -1.000, temp = 0.000
ollama-1  | 	mirostat = 0, mirostat_lr = 0.100, mirostat_ent = 5.000, adaptive_target = -1.000, adaptive_decay = 0.900
ollama-1  | slot launch_slot_: id  0 | task 11893 | processing task, is_child = 0
ollama-1  | slot   operator(): id  0 | task 11893 | new prompt, n_ctx_slot = 4096, n_keep = 4, task.n_tokens = 484
ollama-1  | slot   operator(): id  0 | task 11893 | cached n_tokens = 328, memory_seq_rm [328, end)
ollama-1  | slot init_sampler: id  0 | task 11893 | init sampler, took 0.04 ms, tokens: text = 484, total = 484
ollama-1  | slot print_timing: id  0 | task 11893 | prompt eval time =     634.79 ms /   156 tokens (    4.07 ms per token,   245.75 tokens per second)
ollama-1  | slot print_timing: id  0 | task 11893 |        eval time =     185.40 ms /     9 tokens (   23.18 ms per token,    43.15 tokens per second)
ollama-1  | slot print_timing: id  0 | task 11893 |       total time =     820.20 ms /   165 tokens
ollama-1  | slot print_timing: id  0 | task 11893 |    graphs reused =       8149
ollama-1  | slot      release: id  0 | task 11893 | stop processing: n_tokens = 492, truncated = 0
ollama-1  | srv  update_slots: all slots are idle
ollama-1  | [GIN] 2026/10/07 - 10:59:23 | 200 |  9.913988723s |      172.21.0.4 | POST     "/api/generate"
ollama-1  | srv  server_strea: conv_id= (empty=1)
ollama-1  | slot get_availabl: id  0 | task -1 |  - checking sim = 0.663 (328/495) > 0.100
ollama-1  | slot get_availabl: id  0 | task -1 | selected slot by LCP similarity, f_sim_best = 0.663 (> 0.100 thold), f_keep = 0.667
ollama-1  | slot launch_slot_: id  0 | task -1 | sampler chain: logits -> ?penalties -> ?dry -> ?top-n-sigma -> top-k -> ?typical -> top-p -> ?min-p -> ?xtc -> temp-ext -> dist 
ollama-1  | slot launch_slot_: id  0 | task -1 | sampler params: 
ollama-1  | 	repeat_last_n = 64, repeat_penalty = 1.000, frequency_penalty = 0.000, presence_penalty = 0.000
ollama-1  | 	dry_multiplier = 0.000, dry_base = 1.750, dry_allowed_length = 2, dry_penalty_last_n = 64
ollama-1  | 	top_k = 40, top_p = 0.900, min_p = 0.000, xtc_probability = 0.000, xtc_threshold = 0.100, typical_p = 1.000, top_n_sigma = -1.000, temp = 0.000
ollama-1  | 	mirostat = 0, mirostat_lr = 0.100, mirostat_ent = 5.000, adaptive_target = -1.000, adaptive_decay = 0.900
ollama-1  | slot launch_slot_: id  0 | task 11903 | processing task, is_child = 0
ollama-1  | slot   operator(): id  0 | task 11903 | new prompt, n_ctx_slot = 4096, n_keep = 4, task.n_tokens = 495
ollama-1  | slot   operator(): id  0 | task 11903 | cached n_tokens = 328, memory_seq_rm [328, end)
ollama-1  | slot init_sampler: id  0 | task 11903 | init sampler, took 0.04 ms, tokens: text = 495, total = 495
ollama-1  | slot print_timing: id  0 | task 11903 | prompt eval time =     677.32 ms /   167 tokens (    4.06 ms per token,   246.56 tokens per second)
ollama-1  | slot print_timing: id  0 | task 11903 |        eval time =     200.69 ms /    10 tokens (   22.30 ms per token,    44.85 tokens per second)
ollama-1  | slot print_timing: id  0 | task 11903 |       total time =     878.01 ms /   177 tokens
ollama-1  | slot print_timing: id  0 | task 11903 |    graphs reused =       8157
ollama-1  | slot      release: id  0 | task 11903 | stop processing: n_tokens = 504, truncated = 0
ollama-1  | srv  update_slots: all slots are idle
ollama-1  | [GIN] 2026/10/07 - 10:59:24 | 200 | 10.499391603s |      172.21.0.4 | POST     "/api/generate"
ollama-1  | srv  server_strea: conv_id= (empty=1)
ollama-1  | slot get_availabl: id  0 | task -1 |  - checking sim = 0.555 (328/591) > 0.100
ollama-1  | slot get_availabl: id  0 | task -1 | selected slot by LCP similarity, f_sim_best = 0.555 (> 0.100 thold), f_keep = 0.651
ollama-1  | slot launch_slot_: id  0 | task -1 | sampler chain: logits -> ?penalties -> ?dry -> ?top-n-sigma -> top-k -> ?typical -> top-p -> ?min-p -> ?xtc -> temp-ext -> dist 
ollama-1  | slot launch_slot_: id  0 | task -1 | sampler params: 
ollama-1  | 	repeat_last_n = 64, repeat_penalty = 1.000, frequency_penalty = 0.000, presence_penalty = 0.000
ollama-1  | 	dry_multiplier = 0.000, dry_base = 1.750, dry_allowed_length = 2, dry_penalty_last_n = 64
ollama-1  | 	top_k = 40, top_p = 0.900, min_p = 0.000, xtc_probability = 0.000, xtc_threshold = 0.100, typical_p = 1.000, top_n_sigma = -1.000, temp = 0.000
ollama-1  | 	mirostat = 0, mirostat_lr = 0.100, mirostat_ent = 5.000, adaptive_target = -1.000, adaptive_decay = 0.900
ollama-1  | slot launch_slot_: id  0 | task 11914 | processing task, is_child = 0
ollama-1  | slot   operator(): id  0 | task 11914 | new prompt, n_ctx_slot = 4096, n_keep = 4, task.n_tokens = 591
ollama-1  | slot   operator(): id  0 | task 11914 | cached n_tokens = 328, memory_seq_rm [328, end)
ollama-1  | slot init_sampler: id  0 | task 11914 | init sampler, took 0.07 ms, tokens: text = 591, total = 591
ollama-1  | slot print_timing: id  0 | task 11914 | prompt eval time =    1076.67 ms /   263 tokens (    4.09 ms per token,   244.27 tokens per second)
ollama-1  | slot print_timing: id  0 | task 11914 |        eval time =     151.95 ms /     8 tokens (   21.71 ms per token,    46.07 tokens per second)
ollama-1  | slot print_timing: id  0 | task 11914 |       total time =    1228.62 ms /   271 tokens
ollama-1  | slot print_timing: id  0 | task 11914 |    graphs reused =       8163
ollama-1  | slot      release: id  0 | task 11914 | stop processing: n_tokens = 598, truncated = 0
ollama-1  | srv  update_slots: all slots are idle
ollama-1  | [GIN] 2026/10/07 - 10:59:25 | 200 | 10.133919559s |      172.21.0.4 | POST     "/api/generate"
ollama-1  | srv  server_strea: conv_id= (empty=1)
ollama-1  | slot get_availabl: id  0 | task -1 |  - checking sim = 0.525 (328/625) > 0.100
ollama-1  | slot get_availabl: id  0 | task -1 | selected slot by LCP similarity, f_sim_best = 0.525 (> 0.100 thold), f_keep = 0.548
ollama-1  | slot launch_slot_: id  0 | task -1 | sampler chain: logits -> ?penalties -> ?dry -> ?top-n-sigma -> top-k -> ?typical -> top-p -> ?min-p -> ?xtc -> temp-ext -> dist 
ollama-1  | slot launch_slot_: id  0 | task -1 | sampler params: 
ollama-1  | 	repeat_last_n = 64, repeat_penalty = 1.000, frequency_penalty = 0.000, presence_penalty = 0.000
ollama-1  | 	dry_multiplier = 0.000, dry_base = 1.750, dry_allowed_length = 2, dry_penalty_last_n = 64
ollama-1  | 	top_k = 40, top_p = 0.900, min_p = 0.000, xtc_probability = 0.000, xtc_threshold = 0.100, typical_p = 1.000, top_n_sigma = -1.000, temp = 0.000
ollama-1  | 	mirostat = 0, mirostat_lr = 0.100, mirostat_ent = 5.000, adaptive_target = -1.000, adaptive_decay = 0.900
ollama-1  | slot launch_slot_: id  0 | task 11923 | processing task, is_child = 0
ollama-1  | slot   operator(): id  0 | task 11923 | new prompt, n_ctx_slot = 4096, n_keep = 4, task.n_tokens = 625
ollama-1  | slot   operator(): id  0 | task 11923 | cached n_tokens = 328, memory_seq_rm [328, end)
ollama-1  | slot init_sampler: id  0 | task 11923 | init sampler, took 0.08 ms, tokens: text = 625, total = 625
ollama-1  | slot print_timing: id  0 | task 11923 | prompt eval time =    1189.23 ms /   297 tokens (    4.00 ms per token,   249.74 tokens per second)
ollama-1  | slot print_timing: id  0 | task 11923 |        eval time =     153.77 ms /     8 tokens (   21.97 ms per token,    45.52 tokens per second)
ollama-1  | slot print_timing: id  0 | task 11923 |       total time =    1343.00 ms /   305 tokens
ollama-1  | slot print_timing: id  0 | task 11923 |    graphs reused =       8169
ollama-1  | slot      release: id  0 | task 11923 | stop processing: n_tokens = 632, truncated = 0
ollama-1  | srv  update_slots: all slots are idle
ollama-1  | [GIN] 2026/10/07 - 10:59:26 | 200 | 11.467419075s |      172.21.0.4 | POST     "/api/generate"
ollama-1  | srv  server_strea: conv_id= (empty=1)
ollama-1  | slot get_availabl: id  0 | task -1 |  - checking sim = 0.725 (329/454) > 0.100
ollama-1  | slot get_availabl: id  0 | task -1 | selected slot by LCP similarity, f_sim_best = 0.725 (> 0.100 thold), f_keep = 0.521
ollama-1  | slot launch_slot_: id  0 | task -1 | sampler chain: logits -> ?penalties -> ?dry -> ?top-n-sigma -> top-k -> ?typical -> top-p -> ?min-p -> ?xtc -> temp-ext -> dist 
ollama-1  | slot launch_slot_: id  0 | task -1 | sampler params: 
ollama-1  | 	repeat_last_n = 64, repeat_penalty = 1.000, frequency_penalty = 0.000, presence_penalty = 0.000
ollama-1  | 	dry_multiplier = 0.000, dry_base = 1.750, dry_allowed_length = 2, dry_penalty_last_n = 64
ollama-1  | 	top_k = 40, top_p = 0.900, min_p = 0.000, xtc_probability = 0.000, xtc_threshold = 0.100, typical_p = 1.000, top_n_sigma = -1.000, temp = 0.000
ollama-1  | 	mirostat = 0, mirostat_lr = 0.100, mirostat_ent = 5.000, adaptive_target = -1.000, adaptive_decay = 0.900
ollama-1  | slot launch_slot_: id  0 | task 11932 | processing task, is_child = 0
ollama-1  | slot   operator(): id  0 | task 11932 | new prompt, n_ctx_slot = 4096, n_keep = 4, task.n_tokens = 454
ollama-1  | slot   operator(): id  0 | task 11932 | cached n_tokens = 329, memory_seq_rm [329, end)
ollama-1  | slot init_sampler: id  0 | task 11932 | init sampler, took 0.04 ms, tokens: text = 454, total = 454
ollama-1  | slot print_timing: id  0 | task 11932 | prompt eval time =     507.49 ms /   125 tokens (    4.06 ms per token,   246.31 tokens per second)
ollama-1  | slot print_timing: id  0 | task 11932 |        eval time =     171.61 ms /     9 tokens (   21.45 ms per token,    46.62 tokens per second)
ollama-1  | slot print_timing: id  0 | task 11932 |       total time =     679.10 ms /   134 tokens
ollama-1  | slot print_timing: id  0 | task 11932 |    graphs reused =       8176
ollama-1  | slot      release: id  0 | task 11932 | stop processing: n_tokens = 462, truncated = 0
ollama-1  | srv  update_slots: all slots are idle
ollama-1  | [GIN] 2026/10/07 - 10:59:27 | 200 | 11.991436272s |      172.21.0.4 | POST     "/api/generate"
ollama-1  | srv  server_strea: conv_id= (empty=1)
ollama-1  | slot get_availabl: id  0 | task -1 |  - checking sim = 0.708 (328/463) > 0.100
ollama-1  | slot get_availabl: id  0 | task -1 | selected slot by LCP similarity, f_sim_best = 0.708 (> 0.100 thold), f_keep = 0.710
ollama-1  | slot launch_slot_: id  0 | task -1 | sampler chain: logits -> ?penalties -> ?dry -> ?top-n-sigma -> top-k -> ?typical -> top-p -> ?min-p -> ?xtc -> temp-ext -> dist 
ollama-1  | slot launch_slot_: id  0 | task -1 | sampler params: 
ollama-1  | 	repeat_last_n = 64, repeat_penalty = 1.000, frequency_penalty = 0.000, presence_penalty = 0.000
ollama-1  | 	dry_multiplier = 0.000, dry_base = 1.750, dry_allowed_length = 2, dry_penalty_last_n = 64
ollama-1  | 	top_k = 40, top_p = 0.900, min_p = 0.000, xtc_probability = 0.000, xtc_threshold = 0.100, typical_p = 1.000, top_n_sigma = -1.000, temp = 0.000
ollama-1  | 	mirostat = 0, mirostat_lr = 0.100, mirostat_ent = 5.000, adaptive_target = -1.000, adaptive_decay = 0.900
ollama-1  | slot launch_slot_: id  0 | task 11942 | processing task, is_child = 0
ollama-1  | slot   operator(): id  0 | task 11942 | new prompt, n_ctx_slot = 4096, n_keep = 4, task.n_tokens = 463
ollama-1  | slot   operator(): id  0 | task 11942 | cached n_tokens = 328, memory_seq_rm [328, end)
ollama-1  | slot init_sampler: id  0 | task 11942 | init sampler, took 0.06 ms, tokens: text = 463, total = 463
ollama-1  | slot print_timing: id  0 | task 11942 | prompt eval time =     548.00 ms /   135 tokens (    4.06 ms per token,   246.35 tokens per second)
ollama-1  | slot print_timing: id  0 | task 11942 |        eval time =     185.98 ms /     9 tokens (   23.25 ms per token,    43.02 tokens per second)
ollama-1  | slot print_timing: id  0 | task 11942 |       total time =     733.98 ms /   144 tokens
ollama-1  | slot print_timing: id  0 | task 11942 |    graphs reused =       8183
ollama-1  | slot      release: id  0 | task 11942 | stop processing: n_tokens = 471, truncated = 0
ollama-1  | srv  update_slots: all slots are idle
ollama-1  | [GIN] 2026/10/07 - 10:59:28 | 200 | 12.307991935s |      172.21.0.4 | POST     "/api/generate"
ollama-1  | srv  server_strea: conv_id= (empty=1)
ollama-1  | slot get_availabl: id  0 | task -1 |  - checking sim = 0.818 (328/401) > 0.100
ollama-1  | slot get_availabl: id  0 | task -1 | selected slot by LCP similarity, f_sim_best = 0.818 (> 0.100 thold), f_keep = 0.696
ollama-1  | slot launch_slot_: id  0 | task -1 | sampler chain: logits -> ?penalties -> ?dry -> ?top-n-sigma -> top-k -> ?typical -> top-p -> ?min-p -> ?xtc -> temp-ext -> dist 
ollama-1  | slot launch_slot_: id  0 | task -1 | sampler params: 
ollama-1  | 	repeat_last_n = 64, repeat_penalty = 1.000, frequency_penalty = 0.000, presence_penalty = 0.000
ollama-1  | 	dry_multiplier = 0.000, dry_base = 1.750, dry_allowed_length = 2, dry_penalty_last_n = 64
ollama-1  | 	top_k = 40, top_p = 0.900, min_p = 0.000, xtc_probability = 0.000, xtc_threshold = 0.100, typical_p = 1.000, top_n_sigma = -1.000, temp = 0.000
ollama-1  | 	mirostat = 0, mirostat_lr = 0.100, mirostat_ent = 5.000, adaptive_target = -1.000, adaptive_decay = 0.900
ollama-1  | slot launch_slot_: id  0 | task 11952 | processing task, is_child = 0
ollama-1  | slot   operator(): id  0 | task 11952 | new prompt, n_ctx_slot = 4096, n_keep = 4, task.n_tokens = 401
ollama-1  | slot   operator(): id  0 | task 11952 | cached n_tokens = 328, memory_seq_rm [328, end)
ollama-1  | slot init_sampler: id  0 | task 11952 | init sampler, took 0.04 ms, tokens: text = 401, total = 401
ollama-1  | slot print_timing: id  0 | task 11952 | prompt eval time =     311.02 ms /    73 tokens (    4.26 ms per token,   234.71 tokens per second)
ollama-1  | slot print_timing: id  0 | task 11952 |        eval time =     147.52 ms /     8 tokens (   21.07 ms per token,    47.45 tokens per second)
ollama-1  | slot print_timing: id  0 | task 11952 |       total time =     458.54 ms /    81 tokens
ollama-1  | slot print_timing: id  0 | task 11952 |    graphs reused =       8189
ollama-1  | slot      release: id  0 | task 11952 | stop processing: n_tokens = 408, truncated = 0
ollama-1  | srv  update_slots: all slots are idle
ollama-1  | [GIN] 2026/10/07 - 10:59:28 | 200 |  11.61569489s |      172.21.0.4 | POST     "/api/generate"
ollama-1  | srv  server_strea: conv_id= (empty=1)
ollama-1  | slot get_availabl: id  0 | task -1 |  - checking sim = 0.630 (328/521) > 0.100
ollama-1  | slot get_availabl: id  0 | task -1 | selected slot by LCP similarity, f_sim_best = 0.630 (> 0.100 thold), f_keep = 0.804
ollama-1  | slot launch_slot_: id  0 | task -1 | sampler chain: logits -> ?penalties -> ?dry -> ?top-n-sigma -> top-k -> ?typical -> top-p -> ?min-p -> ?xtc -> temp-ext -> dist 
ollama-1  | slot launch_slot_: id  0 | task -1 | sampler params: 
ollama-1  | 	repeat_last_n = 64, repeat_penalty = 1.000, frequency_penalty = 0.000, presence_penalty = 0.000
ollama-1  | 	dry_multiplier = 0.000, dry_base = 1.750, dry_allowed_length = 2, dry_penalty_last_n = 64
ollama-1  | 	top_k = 40, top_p = 0.900, min_p = 0.000, xtc_probability = 0.000, xtc_threshold = 0.100, typical_p = 1.000, top_n_sigma = -1.000, temp = 0.000
ollama-1  | 	mirostat = 0, mirostat_lr = 0.100, mirostat_ent = 5.000, adaptive_target = -1.000, adaptive_decay = 0.900
ollama-1  | slot launch_slot_: id  0 | task 11961 | processing task, is_child = 0
ollama-1  | slot   operator(): id  0 | task 11961 | new prompt, n_ctx_slot = 4096, n_keep = 4, task.n_tokens = 521
ollama-1  | slot   operator(): id  0 | task 11961 | cached n_tokens = 328, memory_seq_rm [328, end)
ollama-1  | slot init_sampler: id  0 | task 11961 | init sampler, took 0.07 ms, tokens: text = 521, total = 521
ollama-1  | [GIN] 2026/10/07 - 10:59:28 | 200 |      32.418µs |       127.0.0.1 | HEAD     "/"
ollama-1  | [GIN] 2026/10/07 - 10:59:28 | 200 |    1.372487ms |       127.0.0.1 | GET      "/api/tags"
ollama-1  | slot print_timing: id  0 | task 11961 | prompt eval time =     779.74 ms /   193 tokens (    4.04 ms per token,   247.52 tokens per second)
ollama-1  | slot print_timing: id  0 | task 11961 |        eval time =     174.89 ms /     9 tokens (   21.86 ms per token,    45.74 tokens per second)
ollama-1  | slot print_timing: id  0 | task 11961 |       total time =     954.63 ms /   202 tokens
ollama-1  | slot print_timing: id  0 | task 11961 |    graphs reused =       8196
ollama-1  | slot      release: id  0 | task 11961 | stop processing: n_tokens = 529, truncated = 0
ollama-1  | srv  update_slots: all slots are idle
ollama-1  | [GIN] 2026/10/07 - 10:59:29 | 200 | 12.348777757s |      172.21.0.4 | POST     "/api/generate"
ollama-1  | srv  server_strea: conv_id= (empty=1)
ollama-1  | slot get_availabl: id  0 | task -1 |  - checking sim = 0.627 (328/523) > 0.100
ollama-1  | slot get_availabl: id  0 | task -1 | selected slot by LCP similarity, f_sim_best = 0.627 (> 0.100 thold), f_keep = 0.620
ollama-1  | slot launch_slot_: id  0 | task -1 | sampler chain: logits -> ?penalties -> ?dry -> ?top-n-sigma -> top-k -> ?typical -> top-p -> ?min-p -> ?xtc -> temp-ext -> dist 
ollama-1  | slot launch_slot_: id  0 | task -1 | sampler params: 
ollama-1  | 	repeat_last_n = 64, repeat_penalty = 1.000, frequency_penalty = 0.000, presence_penalty = 0.000
ollama-1  | 	dry_multiplier = 0.000, dry_base = 1.750, dry_allowed_length = 2, dry_penalty_last_n = 64
ollama-1  | 	top_k = 40, top_p = 0.900, min_p = 0.000, xtc_probability = 0.000, xtc_threshold = 0.100, typical_p = 1.000, top_n_sigma = -1.000, temp = 0.000
ollama-1  | 	mirostat = 0, mirostat_lr = 0.100, mirostat_ent = 5.000, adaptive_target = -1.000, adaptive_decay = 0.900
ollama-1  | slot launch_slot_: id  0 | task 11971 | processing task, is_child = 0
ollama-1  | slot   operator(): id  0 | task 11971 | new prompt, n_ctx_slot = 4096, n_keep = 4, task.n_tokens = 523
ollama-1  | slot   operator(): id  0 | task 11971 | cached n_tokens = 328, memory_seq_rm [328, end)
ollama-1  | slot init_sampler: id  0 | task 11971 | init sampler, took 0.06 ms, tokens: text = 523, total = 523
ollama-1  | slot print_timing: id  0 | task 11971 | prompt eval time =     796.92 ms /   195 tokens (    4.09 ms per token,   244.69 tokens per second)
ollama-1  | slot print_timing: id  0 | task 11971 |        eval time =     176.54 ms /     9 tokens (   22.07 ms per token,    45.31 tokens per second)
ollama-1  | slot print_timing: id  0 | task 11971 |       total time =     973.46 ms /   204 tokens
ollama-1  | slot print_timing: id  0 | task 11971 |    graphs reused =       8203
ollama-1  | slot      release: id  0 | task 11971 | stop processing: n_tokens = 531, truncated = 0
ollama-1  | srv  update_slots: all slots are idle
ollama-1  | [GIN] 2026/10/07 - 10:59:30 | 200 | 12.488989602s |      172.21.0.4 | POST     "/api/generate"
ollama-1  | srv  server_strea: conv_id= (empty=1)
ollama-1  | slot get_availabl: id  0 | task -1 |  - checking sim = 0.529 (329/622) > 0.100
ollama-1  | slot get_availabl: id  0 | task -1 | selected slot by LCP similarity, f_sim_best = 0.529 (> 0.100 thold), f_keep = 0.620
ollama-1  | slot launch_slot_: id  0 | task -1 | sampler chain: logits -> ?penalties -> ?dry -> ?top-n-sigma -> top-k -> ?typical -> top-p -> ?min-p -> ?xtc -> temp-ext -> dist 
ollama-1  | slot launch_slot_: id  0 | task -1 | sampler params: 
ollama-1  | 	repeat_last_n = 64, repeat_penalty = 1.000, frequency_penalty = 0.000, presence_penalty = 0.000
ollama-1  | 	dry_multiplier = 0.000, dry_base = 1.750, dry_allowed_length = 2, dry_penalty_last_n = 64
ollama-1  | 	top_k = 40, top_p = 0.900, min_p = 0.000, xtc_probability = 0.000, xtc_threshold = 0.100, typical_p = 1.000, top_n_sigma = -1.000, temp = 0.000
ollama-1  | 	mirostat = 0, mirostat_lr = 0.100, mirostat_ent = 5.000, adaptive_target = -1.000, adaptive_decay = 0.900
ollama-1  | slot launch_slot_: id  0 | task 11981 | processing task, is_child = 0
ollama-1  | slot   operator(): id  0 | task 11981 | new prompt, n_ctx_slot = 4096, n_keep = 4, task.n_tokens = 622
ollama-1  | slot   operator(): id  0 | task 11981 | cached n_tokens = 329, memory_seq_rm [329, end)
ollama-1  | slot init_sampler: id  0 | task 11981 | init sampler, took 0.08 ms, tokens: text = 622, total = 622
ollama-1  | slot print_timing: id  0 | task 11981 | prompt eval time =    1196.45 ms /   293 tokens (    4.08 ms per token,   244.89 tokens per second)
ollama-1  | slot print_timing: id  0 | task 11981 |        eval time =     171.91 ms /     8 tokens (   24.56 ms per token,    40.72 tokens per second)
ollama-1  | slot print_timing: id  0 | task 11981 |       total time =    1368.37 ms /   301 tokens
ollama-1  | slot print_timing: id  0 | task 11981 |    graphs reused =       8209
ollama-1  | slot      release: id  0 | task 11981 | stop processing: n_tokens = 629, truncated = 0
ollama-1  | srv  update_slots: all slots are idle
ollama-1  | [GIN] 2026/10/07 - 10:59:31 | 200 | 13.763869278s |      172.21.0.4 | POST     "/api/generate"
ollama-1  | srv  server_strea: conv_id= (empty=1)
ollama-1  | slot get_availabl: id  0 | task -1 |  - checking sim = 0.587 (328/559) > 0.100
ollama-1  | slot get_availabl: id  0 | task -1 | selected slot by LCP similarity, f_sim_best = 0.587 (> 0.100 thold), f_keep = 0.521
ollama-1  | slot launch_slot_: id  0 | task -1 | sampler chain: logits -> ?penalties -> ?dry -> ?top-n-sigma -> top-k -> ?typical -> top-p -> ?min-p -> ?xtc -> temp-ext -> dist 
ollama-1  | slot launch_slot_: id  0 | task -1 | sampler params: 
ollama-1  | 	repeat_last_n = 64, repeat_penalty = 1.000, frequency_penalty = 0.000, presence_penalty = 0.000
ollama-1  | 	dry_multiplier = 0.000, dry_base = 1.750, dry_allowed_length = 2, dry_penalty_last_n = 64
ollama-1  | 	top_k = 40, top_p = 0.900, min_p = 0.000, xtc_probability = 0.000, xtc_threshold = 0.100, typical_p = 1.000, top_n_sigma = -1.000, temp = 0.000
ollama-1  | 	mirostat = 0, mirostat_lr = 0.100, mirostat_ent = 5.000, adaptive_target = -1.000, adaptive_decay = 0.900
ollama-1  | slot launch_slot_: id  0 | task 11990 | processing task, is_child = 0
ollama-1  | slot   operator(): id  0 | task 11990 | new prompt, n_ctx_slot = 4096, n_keep = 4, task.n_tokens = 559
ollama-1  | slot   operator(): id  0 | task 11990 | cached n_tokens = 328, memory_seq_rm [328, end)
ollama-1  | slot init_sampler: id  0 | task 11990 | init sampler, took 0.05 ms, tokens: text = 559, total = 559
ollama-1  | slot print_timing: id  0 | task 11990 | prompt eval time =     931.92 ms /   231 tokens (    4.03 ms per token,   247.88 tokens per second)
ollama-1  | slot print_timing: id  0 | task 11990 |        eval time =     165.80 ms /     9 tokens (   20.73 ms per token,    48.25 tokens per second)
ollama-1  | slot print_timing: id  0 | task 11990 |       total time =    1097.72 ms /   240 tokens
ollama-1  | slot print_timing: id  0 | task 11990 |    graphs reused =       8216
ollama-1  | slot      release: id  0 | task 11990 | stop processing: n_tokens = 567, truncated = 0
ollama-1  | srv  update_slots: all slots are idle
ollama-1  | [GIN] 2026/10/07 - 10:59:33 | 200 | 13.827776526s |      172.21.0.4 | POST     "/api/generate"
ollama-1  | srv  server_strea: conv_id= (empty=1)
ollama-1  | slot get_availabl: id  0 | task -1 |  - checking sim = 0.796 (328/412) > 0.100
ollama-1  | slot get_availabl: id  0 | task -1 | selected slot by LCP similarity, f_sim_best = 0.796 (> 0.100 thold), f_keep = 0.578
ollama-1  | slot launch_slot_: id  0 | task -1 | sampler chain: logits -> ?penalties -> ?dry -> ?top-n-sigma -> top-k -> ?typical -> top-p -> ?min-p -> ?xtc -> temp-ext -> dist 
ollama-1  | slot launch_slot_: id  0 | task -1 | sampler params: 
ollama-1  | 	repeat_last_n = 64, repeat_penalty = 1.000, frequency_penalty = 0.000, presence_penalty = 0.000
ollama-1  | 	dry_multiplier = 0.000, dry_base = 1.750, dry_allowed_length = 2, dry_penalty_last_n = 64
ollama-1  | 	top_k = 40, top_p = 0.900, min_p = 0.000, xtc_probability = 0.000, xtc_threshold = 0.100, typical_p = 1.000, top_n_sigma = -1.000, temp = 0.000
ollama-1  | 	mirostat = 0, mirostat_lr = 0.100, mirostat_ent = 5.000, adaptive_target = -1.000, adaptive_decay = 0.900
ollama-1  | slot launch_slot_: id  0 | task 12000 | processing task, is_child = 0
ollama-1  | slot   operator(): id  0 | task 12000 | new prompt, n_ctx_slot = 4096, n_keep = 4, task.n_tokens = 412
ollama-1  | slot   operator(): id  0 | task 12000 | cached n_tokens = 328, memory_seq_rm [328, end)
ollama-1  | slot init_sampler: id  0 | task 12000 | init sampler, took 0.05 ms, tokens: text = 412, total = 412
ollama-1  | slot print_timing: id  0 | task 12000 | prompt eval time =     346.03 ms /    84 tokens (    4.12 ms per token,   242.75 tokens per second)
ollama-1  | slot print_timing: id  0 | task 12000 |        eval time =     156.35 ms /     8 tokens (   22.34 ms per token,    44.77 tokens per second)
ollama-1  | slot print_timing: id  0 | task 12000 |       total time =     502.38 ms /    92 tokens
ollama-1  | slot print_timing: id  0 | task 12000 |    graphs reused =       8222
ollama-1  | slot      release: id  0 | task 12000 | stop processing: n_tokens = 419, truncated = 0
ollama-1  | srv  update_slots: all slots are idle
ollama-1  | [GIN] 2026/10/07 - 10:59:33 | 200 | 13.609823503s |      172.21.0.4 | POST     "/api/generate"
ollama-1  | srv  server_strea: conv_id= (empty=1)
ollama-1  | slot get_availabl: id  0 | task -1 |  - checking sim = 0.837 (329/393) > 0.100
ollama-1  | slot get_availabl: id  0 | task -1 | selected slot by LCP similarity, f_sim_best = 0.837 (> 0.100 thold), f_keep = 0.785
ollama-1  | slot launch_slot_: id  0 | task -1 | sampler chain: logits -> ?penalties -> ?dry -> ?top-n-sigma -> top-k -> ?typical -> top-p -> ?min-p -> ?xtc -> temp-ext -> dist 
ollama-1  | slot launch_slot_: id  0 | task -1 | sampler params: 
ollama-1  | 	repeat_last_n = 64, repeat_penalty = 1.000, frequency_penalty = 0.000, presence_penalty = 0.000
ollama-1  | 	dry_multiplier = 0.000, dry_base = 1.750, dry_allowed_length = 2, dry_penalty_last_n = 64
ollama-1  | 	top_k = 40, top_p = 0.900, min_p = 0.000, xtc_probability = 0.000, xtc_threshold = 0.100, typical_p = 1.000, top_n_sigma = -1.000, temp = 0.000
ollama-1  | 	mirostat = 0, mirostat_lr = 0.100, mirostat_ent = 5.000, adaptive_target = -1.000, adaptive_decay = 0.900
ollama-1  | slot launch_slot_: id  0 | task 12009 | processing task, is_child = 0
ollama-1  | slot   operator(): id  0 | task 12009 | new prompt, n_ctx_slot = 4096, n_keep = 4, task.n_tokens = 393
ollama-1  | slot   operator(): id  0 | task 12009 | cached n_tokens = 329, memory_seq_rm [329, end)
ollama-1  | slot init_sampler: id  0 | task 12009 | init sampler, took 0.03 ms, tokens: text = 393, total = 393
ollama-1  | slot print_timing: id  0 | task 12009 | prompt eval time =     261.98 ms /    64 tokens (    4.09 ms per token,   244.29 tokens per second)
ollama-1  | slot print_timing: id  0 | task 12009 |        eval time =     147.39 ms /     8 tokens (   21.06 ms per token,    47.49 tokens per second)
ollama-1  | slot print_timing: id  0 | task 12009 |       total time =     409.37 ms /    72 tokens
ollama-1  | slot print_timing: id  0 | task 12009 |    graphs reused =       8228
ollama-1  | slot      release: id  0 | task 12009 | stop processing: n_tokens = 400, truncated = 0
ollama-1  | srv  update_slots: all slots are idle
ollama-1  | [GIN] 2026/10/07 - 10:59:33 | 200 |  11.45929601s |      172.21.0.4 | POST     "/api/generate"
ollama-1  | srv  server_strea: conv_id= (empty=1)
ollama-1  | slot get_availabl: id  0 | task -1 |  - checking sim = 0.428 (328/766) > 0.100
ollama-1  | slot get_availabl: id  0 | task -1 | selected slot by LCP similarity, f_sim_best = 0.428 (> 0.100 thold), f_keep = 0.820
ollama-1  | slot launch_slot_: id  0 | task -1 | sampler chain: logits -> ?penalties -> ?dry -> ?top-n-sigma -> top-k -> ?typical -> top-p -> ?min-p -> ?xtc -> temp-ext -> dist 
ollama-1  | slot launch_slot_: id  0 | task -1 | sampler params: 
ollama-1  | 	repeat_last_n = 64, repeat_penalty = 1.000, frequency_penalty = 0.000, presence_penalty = 0.000
ollama-1  | 	dry_multiplier = 0.000, dry_base = 1.750, dry_allowed_length = 2, dry_penalty_last_n = 64
ollama-1  | 	top_k = 40, top_p = 0.900, min_p = 0.000, xtc_probability = 0.000, xtc_threshold = 0.100, typical_p = 1.000, top_n_sigma = -1.000, temp = 0.000
ollama-1  | 	mirostat = 0, mirostat_lr = 0.100, mirostat_ent = 5.000, adaptive_target = -1.000, adaptive_decay = 0.900
ollama-1  | slot launch_slot_: id  0 | task 12018 | processing task, is_child = 0
ollama-1  | slot   operator(): id  0 | task 12018 | new prompt, n_ctx_slot = 4096, n_keep = 4, task.n_tokens = 766
ollama-1  | slot   operator(): id  0 | task 12018 | cached n_tokens = 328, memory_seq_rm [328, end)
ollama-1  | slot init_sampler: id  0 | task 12018 | init sampler, took 0.07 ms, tokens: text = 766, total = 766
ollama-1  | slot print_timing: id  0 | task 12018 | prompt eval time =    1813.91 ms /   438 tokens (    4.14 ms per token,   241.47 tokens per second)
ollama-1  | slot print_timing: id  0 | task 12018 |        eval time =     197.87 ms /     9 tokens (   24.73 ms per token,    40.43 tokens per second)
ollama-1  | slot print_timing: id  0 | task 12018 |       total time =    2011.78 ms /   447 tokens
ollama-1  | slot print_timing: id  0 | task 12018 |    graphs reused =       8234
ollama-1  | slot      release: id  0 | task 12018 | stop processing: n_tokens = 774, truncated = 0
ollama-1  | srv  update_slots: all slots are idle
ollama-1  | [GIN] 2026/10/07 - 10:59:35 | 200 | 13.171027628s |      172.21.0.4 | POST     "/api/generate"
ollama-1  | srv  server_strea: conv_id= (empty=1)
ollama-1  | slot get_availabl: id  0 | task -1 |  - checking sim = 0.726 (328/452) > 0.100
ollama-1  | slot get_availabl: id  0 | task -1 | selected slot by LCP similarity, f_sim_best = 0.726 (> 0.100 thold), f_keep = 0.424
ollama-1  | srv  get_availabl: updating prompt cache
ollama-1  | srv   prompt_save:  - saving prompt with length 774, total state size = 24.197 MiB (draft: 0.000 MiB)
ollama-1  | srv          load:  - looking for better prompt, base f_keep = 0.424, f_sim = 0.726
ollama-1  | srv          load:    - prompt with length     709, lcp =     328, f_keep = 0.463, f_sim = 0.726
ollama-1  | srv          load:    - prompt with length     700, lcp =     328, f_keep = 0.469, f_sim = 0.726
ollama-1  | srv          load:    - prompt with length     695, lcp =     328, f_keep = 0.472, f_sim = 0.726
ollama-1  | srv          load:    - prompt with length     670, lcp =     328, f_keep = 0.490, f_sim = 0.726
ollama-1  | srv          load:    - prompt with length     730, lcp =     328, f_keep = 0.449, f_sim = 0.726
ollama-1  | srv          load:    - prompt with length     779, lcp =     328, f_keep = 0.421, f_sim = 0.726
ollama-1  | srv          load:    - prompt with length     805, lcp =     328, f_keep = 0.407, f_sim = 0.726
ollama-1  | srv          load:    - prompt with length     696, lcp =     328, f_keep = 0.471, f_sim = 0.726
ollama-1  | srv          load:    - prompt with length     962, lcp =     328, f_keep = 0.341, f_sim = 0.726
ollama-1  | srv          load:    - prompt with length     705, lcp =     328, f_keep = 0.465, f_sim = 0.726
ollama-1  | srv          load:    - prompt with length     722, lcp =     328, f_keep = 0.454, f_sim = 0.726
ollama-1  | srv          load:    - prompt with length     704, lcp =     328, f_keep = 0.466, f_sim = 0.726
ollama-1  | srv          load:    - prompt with length     710, lcp =     328, f_keep = 0.462, f_sim = 0.726
ollama-1  | srv          load:    - prompt with length     752, lcp =     328, f_keep = 0.436, f_sim = 0.726
ollama-1  | srv          load:    - prompt with length     683, lcp =     328, f_keep = 0.480, f_sim = 0.726
ollama-1  | srv          load:    - prompt with length     777, lcp =     328, f_keep = 0.422, f_sim = 0.726
ollama-1  | srv          load:    - prompt with length     730, lcp =     329, f_keep = 0.451, f_sim = 0.728
ollama-1  | srv          load:    - prompt with length     771, lcp =     328, f_keep = 0.425, f_sim = 0.726
ollama-1  | srv          load:    - prompt with length     740, lcp =     328, f_keep = 0.443, f_sim = 0.726
ollama-1  | srv          load:    - prompt with length     677, lcp =     329, f_keep = 0.486, f_sim = 0.728
ollama-1  | srv          load:    - prompt with length     738, lcp =     329, f_keep = 0.446, f_sim = 0.728
ollama-1  | srv          load:    - prompt with length     738, lcp =     328, f_keep = 0.444, f_sim = 0.726
ollama-1  | srv          load:    - prompt with length     777, lcp =     329, f_keep = 0.423, f_sim = 0.728
ollama-1  | srv          load:    - prompt with length     699, lcp =     330, f_keep = 0.472, f_sim = 0.730
ollama-1  | srv          load:    - prompt with length     733, lcp =     328, f_keep = 0.447, f_sim = 0.726
ollama-1  | srv          load:    - prompt with length     798, lcp =     329, f_keep = 0.412, f_sim = 0.728
ollama-1  | srv          load:    - prompt with length     661, lcp =     328, f_keep = 0.496, f_sim = 0.726
ollama-1  | srv          load:    - prompt with length     663, lcp =     329, f_keep = 0.496, f_sim = 0.728
ollama-1  | srv          load:    - prompt with length     774, lcp =     328, f_keep = 0.424, f_sim = 0.726
ollama-1  | srv          load:  - found better prompt with f_keep = 0.472, f_sim = 0.730
ollama-1  | srv        update:  - cache state: 28 prompts, 643.965 MiB (limits: 8192.000 MiB, 4096 tokens, 262043 est)
ollama-1  | srv        update:    - prompt 0x2111c2b0:     709 tokens, checkpoints:  0,    22.165 MiB
ollama-1  | srv        update:    - prompt 0x1d133370:     700 tokens, checkpoints:  0,    21.883 MiB
ollama-1  | srv        update:    - prompt 0x1d12e2c0:     695 tokens, checkpoints:  0,    21.727 MiB
ollama-1  | srv        update:    - prompt 0x1d12d8d0:     670 tokens, checkpoints:  0,    20.946 MiB
ollama-1  | srv        update:    - prompt 0x1d708a50:     730 tokens, checkpoints:  0,    22.821 MiB
ollama-1  | srv        update:    - prompt 0x1d12ae00:     779 tokens, checkpoints:  0,    24.353 MiB
ollama-1  | srv        update:    - prompt 0x1d728d30:     805 tokens, checkpoints:  0,    25.166 MiB
ollama-1  | srv        update:    - prompt 0x2427f580:     696 tokens, checkpoints:  0,    21.758 MiB
ollama-1  | srv        update:    - prompt 0x30e39f50:     962 tokens, checkpoints:  0,    30.074 MiB
ollama-1  | srv        update:    - prompt 0x1e85d3b0:     705 tokens, checkpoints:  0,    22.040 MiB
ollama-1  | srv        update:    - prompt 0x1e7a4ad0:     722 tokens, checkpoints:  0,    22.571 MiB
ollama-1  | srv        update:    - prompt 0x24d036a0:     704 tokens, checkpoints:  0,    22.008 MiB
ollama-1  | srv        update:    - prompt 0x1e75fd60:     710 tokens, checkpoints:  0,    22.196 MiB
ollama-1  | srv        update:    - prompt 0x24367aa0:     752 tokens, checkpoints:  0,    23.509 MiB
ollama-1  | srv        update:    - prompt 0x243c6d30:     683 tokens, checkpoints:  0,    21.352 MiB
ollama-1  | srv        update:    - prompt 0x24273cf0:     777 tokens, checkpoints:  0,    24.291 MiB
ollama-1  | srv        update:    - prompt 0x1d311810:     730 tokens, checkpoints:  0,    22.821 MiB
ollama-1  | srv        update:    - prompt 0x2a2a47f0:     771 tokens, checkpoints:  0,    24.103 MiB
ollama-1  | srv        update:    - prompt 0x2448abc0:     740 tokens, checkpoints:  0,    23.134 MiB
ollama-1  | srv        update:    - prompt 0x1e82e900:     677 tokens, checkpoints:  0,    21.164 MiB
ollama-1  | srv        update:    - prompt 0x24432260:     738 tokens, checkpoints:  0,    23.071 MiB
ollama-1  | srv        update:    - prompt 0x242f5d40:     738 tokens, checkpoints:  0,    23.071 MiB
ollama-1  | srv        update:    - prompt 0x2444bcc0:     777 tokens, checkpoints:  0,    24.291 MiB
ollama-1  | srv        update:    - prompt 0x24917360:     733 tokens, checkpoints:  0,    22.915 MiB
ollama-1  | srv        update:    - prompt 0x2443a030:     798 tokens, checkpoints:  0,    24.947 MiB
ollama-1  | srv        update:    - prompt 0x24213850:     661 tokens, checkpoints:  0,    20.664 MiB
ollama-1  | srv        update:    - prompt 0x249026f0:     663 tokens, checkpoints:  0,    20.727 MiB
ollama-1  | srv        update:    - prompt 0x2a2a32e0:     774 tokens, checkpoints:  0,    24.197 MiB
ollama-1  | srv  get_availabl: prompt cache update took 11.09 ms
ollama-1  | slot launch_slot_: id  0 | task -1 | sampler chain: logits -> ?penalties -> ?dry -> ?top-n-sigma -> top-k -> ?typical -> top-p -> ?min-p -> ?xtc -> temp-ext -> dist 
ollama-1  | slot launch_slot_: id  0 | task -1 | sampler params: 
ollama-1  | 	repeat_last_n = 64, repeat_penalty = 1.000, frequency_penalty = 0.000, presence_penalty = 0.000
ollama-1  | 	dry_multiplier = 0.000, dry_base = 1.750, dry_allowed_length = 2, dry_penalty_last_n = 64
ollama-1  | 	top_k = 40, top_p = 0.900, min_p = 0.000, xtc_probability = 0.000, xtc_threshold = 0.100, typical_p = 1.000, top_n_sigma = -1.000, temp = 0.000
ollama-1  | 	mirostat = 0, mirostat_lr = 0.100, mirostat_ent = 5.000, adaptive_target = -1.000, adaptive_decay = 0.900
ollama-1  | slot launch_slot_: id  0 | task 12028 | processing task, is_child = 0
ollama-1  | slot   operator(): id  0 | task 12028 | new prompt, n_ctx_slot = 4096, n_keep = 4, task.n_tokens = 452
ollama-1  | slot   operator(): id  0 | task 12028 | cached n_tokens = 330, memory_seq_rm [330, end)
ollama-1  | slot init_sampler: id  0 | task 12028 | init sampler, took 0.04 ms, tokens: text = 452, total = 452
ollama-1  | slot print_timing: id  0 | task 12028 | prompt eval time =     505.09 ms /   122 tokens (    4.14 ms per token,   241.54 tokens per second)
ollama-1  | slot print_timing: id  0 | task 12028 |        eval time =     206.11 ms /    10 tokens (   22.90 ms per token,    43.67 tokens per second)
ollama-1  | slot print_timing: id  0 | task 12028 |       total time =     711.20 ms /   132 tokens
ollama-1  | slot print_timing: id  0 | task 12028 |    graphs reused =       8242
ollama-1  | slot      release: id  0 | task 12028 | stop processing: n_tokens = 461, truncated = 0
ollama-1  | srv  update_slots: all slots are idle
ollama-1  | [GIN] 2026/10/07 - 10:59:36 | 200 | 12.523924241s |      172.21.0.4 | POST     "/api/generate"
ollama-1  | srv  server_strea: conv_id= (empty=1)
ollama-1  | slot get_availabl: id  0 | task -1 |  - checking sim = 0.660 (328/497) > 0.100
ollama-1  | slot get_availabl: id  0 | task -1 | selected slot by LCP similarity, f_sim_best = 0.660 (> 0.100 thold), f_keep = 0.711
ollama-1  | slot launch_slot_: id  0 | task -1 | sampler chain: logits -> ?penalties -> ?dry -> ?top-n-sigma -> top-k -> ?typical -> top-p -> ?min-p -> ?xtc -> temp-ext -> dist 
ollama-1  | slot launch_slot_: id  0 | task -1 | sampler params: 
ollama-1  | 	repeat_last_n = 64, repeat_penalty = 1.000, frequency_penalty = 0.000, presence_penalty = 0.000
ollama-1  | 	dry_multiplier = 0.000, dry_base = 1.750, dry_allowed_length = 2, dry_penalty_last_n = 64
ollama-1  | 	top_k = 40, top_p = 0.900, min_p = 0.000, xtc_probability = 0.000, xtc_threshold = 0.100, typical_p = 1.000, top_n_sigma = -1.000, temp = 0.000
ollama-1  | 	mirostat = 0, mirostat_lr = 0.100, mirostat_ent = 5.000, adaptive_target = -1.000, adaptive_decay = 0.900
ollama-1  | slot launch_slot_: id  0 | task 12039 | processing task, is_child = 0
ollama-1  | slot   operator(): id  0 | task 12039 | new prompt, n_ctx_slot = 4096, n_keep = 4, task.n_tokens = 497
ollama-1  | slot   operator(): id  0 | task 12039 | cached n_tokens = 328, memory_seq_rm [328, end)
ollama-1  | slot init_sampler: id  0 | task 12039 | init sampler, took 0.06 ms, tokens: text = 497, total = 497
ollama-1  | slot print_timing: id  0 | task 12039 | prompt eval time =     687.60 ms /   169 tokens (    4.07 ms per token,   245.78 tokens per second)
ollama-1  | slot print_timing: id  0 | task 12039 |        eval time =     151.87 ms /     8 tokens (   21.70 ms per token,    46.09 tokens per second)
ollama-1  | slot print_timing: id  0 | task 12039 |       total time =     839.47 ms /   177 tokens
ollama-1  | slot print_timing: id  0 | task 12039 |    graphs reused =       8248
ollama-1  | slot      release: id  0 | task 12039 | stop processing: n_tokens = 504, truncated = 0
ollama-1  | srv  update_slots: all slots are idle
ollama-1  | [GIN] 2026/10/07 - 10:59:37 | 200 | 12.552903291s |      172.21.0.4 | POST     "/api/generate"
ollama-1  | srv  server_strea: conv_id= (empty=1)
ollama-1  | slot get_availabl: id  0 | task -1 |  - checking sim = 0.534 (328/614) > 0.100
ollama-1  | slot get_availabl: id  0 | task -1 | selected slot by LCP similarity, f_sim_best = 0.534 (> 0.100 thold), f_keep = 0.651
ollama-1  | slot launch_slot_: id  0 | task -1 | sampler chain: logits -> ?penalties -> ?dry -> ?top-n-sigma -> top-k -> ?typical -> top-p -> ?min-p -> ?xtc -> temp-ext -> dist 
ollama-1  | slot launch_slot_: id  0 | task -1 | sampler params: 
ollama-1  | 	repeat_last_n = 64, repeat_penalty = 1.000, frequency_penalty = 0.000, presence_penalty = 0.000
ollama-1  | 	dry_multiplier = 0.000, dry_base = 1.750, dry_allowed_length = 2, dry_penalty_last_n = 64
ollama-1  | 	top_k = 40, top_p = 0.900, min_p = 0.000, xtc_probability = 0.000, xtc_threshold = 0.100, typical_p = 1.000, top_n_sigma = -1.000, temp = 0.000
ollama-1  | 	mirostat = 0, mirostat_lr = 0.100, mirostat_ent = 5.000, adaptive_target = -1.000, adaptive_decay = 0.900
ollama-1  | slot launch_slot_: id  0 | task 12048 | processing task, is_child = 0
ollama-1  | slot   operator(): id  0 | task 12048 | new prompt, n_ctx_slot = 4096, n_keep = 4, task.n_tokens = 614
ollama-1  | slot   operator(): id  0 | task 12048 | cached n_tokens = 328, memory_seq_rm [328, end)
ollama-1  | slot init_sampler: id  0 | task 12048 | init sampler, took 0.07 ms, tokens: text = 614, total = 614
ollama-1  | slot print_timing: id  0 | task 12048 | prompt eval time =    1151.09 ms /   286 tokens (    4.02 ms per token,   248.46 tokens per second)
ollama-1  | slot print_timing: id  0 | task 12048 |        eval time =     155.28 ms /     8 tokens (   22.18 ms per token,    45.08 tokens per second)
ollama-1  | slot print_timing: id  0 | task 12048 |       total time =    1306.37 ms /   294 tokens
ollama-1  | slot print_timing: id  0 | task 12048 |    graphs reused =       8254
ollama-1  | slot      release: id  0 | task 12048 | stop processing: n_tokens = 621, truncated = 0
ollama-1  | srv  update_slots: all slots are idle
ollama-1  | [GIN] 2026/10/07 - 10:59:38 | 200 |  13.77394479s |      172.21.0.4 | POST     "/api/generate"
ollama-1  | srv  server_strea: conv_id= (empty=1)
ollama-1  | slot get_availabl: id  0 | task -1 |  - checking sim = 0.810 (328/405) > 0.100
ollama-1  | slot get_availabl: id  0 | task -1 | selected slot by LCP similarity, f_sim_best = 0.810 (> 0.100 thold), f_keep = 0.528
ollama-1  | slot launch_slot_: id  0 | task -1 | sampler chain: logits -> ?penalties -> ?dry -> ?top-n-sigma -> top-k -> ?typical -> top-p -> ?min-p -> ?xtc -> temp-ext -> dist 
ollama-1  | slot launch_slot_: id  0 | task -1 | sampler params: 
ollama-1  | 	repeat_last_n = 64, repeat_penalty = 1.000, frequency_penalty = 0.000, presence_penalty = 0.000
ollama-1  | 	dry_multiplier = 0.000, dry_base = 1.750, dry_allowed_length = 2, dry_penalty_last_n = 64
ollama-1  | 	top_k = 40, top_p = 0.900, min_p = 0.000, xtc_probability = 0.000, xtc_threshold = 0.100, typical_p = 1.000, top_n_sigma = -1.000, temp = 0.000
ollama-1  | 	mirostat = 0, mirostat_lr = 0.100, mirostat_ent = 5.000, adaptive_target = -1.000, adaptive_decay = 0.900
ollama-1  | slot launch_slot_: id  0 | task 12057 | processing task, is_child = 0
ollama-1  | slot   operator(): id  0 | task 12057 | new prompt, n_ctx_slot = 4096, n_keep = 4, task.n_tokens = 405
ollama-1  | slot   operator(): id  0 | task 12057 | cached n_tokens = 328, memory_seq_rm [328, end)
ollama-1  | slot init_sampler: id  0 | task 12057 | init sampler, took 0.05 ms, tokens: text = 405, total = 405
ollama-1  | [GIN] 2026/10/07 - 10:59:38 | 200 |      29.735µs |       127.0.0.1 | HEAD     "/"
ollama-1  | [GIN] 2026/10/07 - 10:59:38 | 200 |     1.65117ms |       127.0.0.1 | GET      "/api/tags"
ollama-1  | slot print_timing: id  0 | task 12057 | prompt eval time =     320.49 ms /    77 tokens (    4.16 ms per token,   240.25 tokens per second)
ollama-1  | slot print_timing: id  0 | task 12057 |        eval time =     189.68 ms /    10 tokens (   21.08 ms per token,    47.45 tokens per second)
ollama-1  | slot print_timing: id  0 | task 12057 |       total time =     510.17 ms /    87 tokens
ollama-1  | slot print_timing: id  0 | task 12057 |    graphs reused =       8262
ollama-1  | slot      release: id  0 | task 12057 | stop processing: n_tokens = 414, truncated = 0
ollama-1  | srv  update_slots: all slots are idle
ollama-1  | [GIN] 2026/10/07 - 10:59:39 | 200 | 14.045939545s |      172.21.0.4 | POST     "/api/generate"
ollama-1  | srv  server_strea: conv_id= (empty=1)
ollama-1  | slot get_availabl: id  0 | task -1 |  - checking sim = 0.519 (328/632) > 0.100
ollama-1  | slot get_availabl: id  0 | task -1 | selected slot by LCP similarity, f_sim_best = 0.519 (> 0.100 thold), f_keep = 0.792
ollama-1  | slot launch_slot_: id  0 | task -1 | sampler chain: logits -> ?penalties -> ?dry -> ?top-n-sigma -> top-k -> ?typical -> top-p -> ?min-p -> ?xtc -> temp-ext -> dist 
ollama-1  | slot launch_slot_: id  0 | task -1 | sampler params: 
ollama-1  | 	repeat_last_n = 64, repeat_penalty = 1.000, frequency_penalty = 0.000, presence_penalty = 0.000
ollama-1  | 	dry_multiplier = 0.000, dry_base = 1.750, dry_allowed_length = 2, dry_penalty_last_n = 64
ollama-1  | 	top_k = 40, top_p = 0.900, min_p = 0.000, xtc_probability = 0.000, xtc_threshold = 0.100, typical_p = 1.000, top_n_sigma = -1.000, temp = 0.000
ollama-1  | 	mirostat = 0, mirostat_lr = 0.100, mirostat_ent = 5.000, adaptive_target = -1.000, adaptive_decay = 0.900
ollama-1  | slot launch_slot_: id  0 | task 12068 | processing task, is_child = 0
ollama-1  | slot   operator(): id  0 | task 12068 | new prompt, n_ctx_slot = 4096, n_keep = 4, task.n_tokens = 632
ollama-1  | slot   operator(): id  0 | task 12068 | cached n_tokens = 328, memory_seq_rm [328, end)
ollama-1  | slot init_sampler: id  0 | task 12068 | init sampler, took 0.05 ms, tokens: text = 632, total = 632
ollama-1  | slot print_timing: id  0 | task 12068 | prompt eval time =    1205.52 ms /   304 tokens (    3.97 ms per token,   252.17 tokens per second)
ollama-1  | slot print_timing: id  0 | task 12068 |        eval time =     154.16 ms /     8 tokens (   22.02 ms per token,    45.41 tokens per second)
ollama-1  | slot print_timing: id  0 | task 12068 |       total time =    1359.68 ms /   312 tokens
ollama-1  | slot print_timing: id  0 | task 12068 |    graphs reused =       8268
ollama-1  | slot      release: id  0 | task 12068 | stop processing: n_tokens = 639, truncated = 0
ollama-1  | srv  update_slots: all slots are idle
ollama-1  | [GIN] 2026/10/07 - 10:59:40 | 200 | 15.271927849s |      172.21.0.4 | POST     "/api/generate"
ollama-1  | srv  server_strea: conv_id= (empty=1)
ollama-1  | slot get_availabl: id  0 | task -1 |  - checking sim = 0.711 (328/461) > 0.100
ollama-1  | slot get_availabl: id  0 | task -1 | selected slot by LCP similarity, f_sim_best = 0.711 (> 0.100 thold), f_keep = 0.513
ollama-1  | slot launch_slot_: id  0 | task -1 | sampler chain: logits -> ?penalties -> ?dry -> ?top-n-sigma -> top-k -> ?typical -> top-p -> ?min-p -> ?xtc -> temp-ext -> dist 
ollama-1  | slot launch_slot_: id  0 | task -1 | sampler params: 
ollama-1  | 	repeat_last_n = 64, repeat_penalty = 1.000, frequency_penalty = 0.000, presence_penalty = 0.000
ollama-1  | 	dry_multiplier = 0.000, dry_base = 1.750, dry_allowed_length = 2, dry_penalty_last_n = 64
ollama-1  | 	top_k = 40, top_p = 0.900, min_p = 0.000, xtc_probability = 0.000, xtc_threshold = 0.100, typical_p = 1.000, top_n_sigma = -1.000, temp = 0.000
ollama-1  | 	mirostat = 0, mirostat_lr = 0.100, mirostat_ent = 5.000, adaptive_target = -1.000, adaptive_decay = 0.900
ollama-1  | slot launch_slot_: id  0 | task 12077 | processing task, is_child = 0
ollama-1  | slot   operator(): id  0 | task 12077 | new prompt, n_ctx_slot = 4096, n_keep = 4, task.n_tokens = 461
ollama-1  | slot   operator(): id  0 | task 12077 | cached n_tokens = 328, memory_seq_rm [328, end)
ollama-1  | slot init_sampler: id  0 | task 12077 | init sampler, took 0.04 ms, tokens: text = 461, total = 461
ollama-1  | slot print_timing: id  0 | task 12077 | prompt eval time =     533.30 ms /   133 tokens (    4.01 ms per token,   249.39 tokens per second)
ollama-1  | slot print_timing: id  0 | task 12077 |        eval time =     146.67 ms /     8 tokens (   20.95 ms per token,    47.73 tokens per second)
ollama-1  | slot print_timing: id  0 | task 12077 |       total time =     679.97 ms /   141 tokens
ollama-1  | slot print_timing: id  0 | task 12077 |    graphs reused =       8274
ollama-1  | slot      release: id  0 | task 12077 | stop processing: n_tokens = 468, truncated = 0
ollama-1  | srv  update_slots: all slots are idle
ollama-1  | [GIN] 2026/10/07 - 10:59:41 | 200 | 15.751453039s |      172.21.0.4 | POST     "/api/generate"
ollama-1  | srv  server_strea: conv_id= (empty=1)
ollama-1  | slot get_availabl: id  0 | task -1 |  - checking sim = 0.688 (328/477) > 0.100
ollama-1  | slot get_availabl: id  0 | task -1 | selected slot by LCP similarity, f_sim_best = 0.688 (> 0.100 thold), f_keep = 0.701
ollama-1  | slot launch_slot_: id  0 | task -1 | sampler chain: logits -> ?penalties -> ?dry -> ?top-n-sigma -> top-k -> ?typical -> top-p -> ?min-p -> ?xtc -> temp-ext -> dist 
ollama-1  | slot launch_slot_: id  0 | task -1 | sampler params: 
ollama-1  | 	repeat_last_n = 64, repeat_penalty = 1.000, frequency_penalty = 0.000, presence_penalty = 0.000
ollama-1  | 	dry_multiplier = 0.000, dry_base = 1.750, dry_allowed_length = 2, dry_penalty_last_n = 64
ollama-1  | 	top_k = 40, top_p = 0.900, min_p = 0.000, xtc_probability = 0.000, xtc_threshold = 0.100, typical_p = 1.000, top_n_sigma = -1.000, temp = 0.000
ollama-1  | 	mirostat = 0, mirostat_lr = 0.100, mirostat_ent = 5.000, adaptive_target = -1.000, adaptive_decay = 0.900
ollama-1  | slot launch_slot_: id  0 | task 12086 | processing task, is_child = 0
ollama-1  | slot   operator(): id  0 | task 12086 | new prompt, n_ctx_slot = 4096, n_keep = 4, task.n_tokens = 477
ollama-1  | slot   operator(): id  0 | task 12086 | cached n_tokens = 328, memory_seq_rm [328, end)
ollama-1  | slot init_sampler: id  0 | task 12086 | init sampler, took 0.06 ms, tokens: text = 477, total = 477
ollama-1  | slot print_timing: id  0 | task 12086 | prompt eval time =     598.62 ms /   149 tokens (    4.02 ms per token,   248.90 tokens per second)
ollama-1  | slot print_timing: id  0 | task 12086 |        eval time =     155.43 ms /     8 tokens (   22.20 ms per token,    45.04 tokens per second)
ollama-1  | slot print_timing: id  0 | task 12086 |       total time =     754.06 ms /   157 tokens
ollama-1  | slot print_timing: id  0 | task 12086 |    graphs reused =       8280
ollama-1  | slot      release: id  0 | task 12086 | stop processing: n_tokens = 484, truncated = 0
ollama-1  | srv  update_slots: all slots are idle
ollama-1  | [GIN] 2026/10/07 - 10:59:41 | 200 | 15.769357087s |      172.21.0.4 | POST     "/api/generate"
ollama-1  | srv  server_strea: conv_id= (empty=1)
ollama-1  | slot get_availabl: id  0 | task -1 |  - checking sim = 0.672 (328/488) > 0.100
ollama-1  | slot get_availabl: id  0 | task -1 | selected slot by LCP similarity, f_sim_best = 0.672 (> 0.100 thold), f_keep = 0.678
ollama-1  | slot launch_slot_: id  0 | task -1 | sampler chain: logits -> ?penalties -> ?dry -> ?top-n-sigma -> top-k -> ?typical -> top-p -> ?min-p -> ?xtc -> temp-ext -> dist 
ollama-1  | slot launch_slot_: id  0 | task -1 | sampler params: 
ollama-1  | 	repeat_last_n = 64, repeat_penalty = 1.000, frequency_penalty = 0.000, presence_penalty = 0.000
ollama-1  | 	dry_multiplier = 0.000, dry_base = 1.750, dry_allowed_length = 2, dry_penalty_last_n = 64
ollama-1  | 	top_k = 40, top_p = 0.900, min_p = 0.000, xtc_probability = 0.000, xtc_threshold = 0.100, typical_p = 1.000, top_n_sigma = -1.000, temp = 0.000
ollama-1  | 	mirostat = 0, mirostat_lr = 0.100, mirostat_ent = 5.000, adaptive_target = -1.000, adaptive_decay = 0.900
ollama-1  | slot launch_slot_: id  0 | task 12095 | processing task, is_child = 0
ollama-1  | slot   operator(): id  0 | task 12095 | new prompt, n_ctx_slot = 4096, n_keep = 4, task.n_tokens = 488
ollama-1  | slot   operator(): id  0 | task 12095 | cached n_tokens = 328, memory_seq_rm [328, end)
ollama-1  | slot init_sampler: id  0 | task 12095 | init sampler, took 0.04 ms, tokens: text = 488, total = 488
ollama-1  | slot print_timing: id  0 | task 12095 | prompt eval time =     644.65 ms /   160 tokens (    4.03 ms per token,   248.20 tokens per second)
ollama-1  | slot print_timing: id  0 | task 12095 |        eval time =     166.90 ms /     9 tokens (   20.86 ms per token,    47.93 tokens per second)
ollama-1  | slot print_timing: id  0 | task 12095 |       total time =     811.55 ms /   169 tokens
ollama-1  | slot print_timing: id  0 | task 12095 |    graphs reused =       8287
ollama-1  | slot      release: id  0 | task 12095 | stop processing: n_tokens = 496, truncated = 0
ollama-1  | srv  update_slots: all slots are idle
ollama-1  | [GIN] 2026/10/07 - 10:59:42 | 200 | 16.038868454s |      172.21.0.4 | POST     "/api/generate"
ollama-1  | srv  server_strea: conv_id= (empty=1)
ollama-1  | slot get_availabl: id  0 | task -1 |  - checking sim = 0.777 (328/422) > 0.100
ollama-1  | slot get_availabl: id  0 | task -1 | selected slot by LCP similarity, f_sim_best = 0.777 (> 0.100 thold), f_keep = 0.661
ollama-1  | slot launch_slot_: id  0 | task -1 | sampler chain: logits -> ?penalties -> ?dry -> ?top-n-sigma -> top-k -> ?typical -> top-p -> ?min-p -> ?xtc -> temp-ext -> dist 
ollama-1  | slot launch_slot_: id  0 | task -1 | sampler params: 
ollama-1  | 	repeat_last_n = 64, repeat_penalty = 1.000, frequency_penalty = 0.000, presence_penalty = 0.000
ollama-1  | 	dry_multiplier = 0.000, dry_base = 1.750, dry_allowed_length = 2, dry_penalty_last_n = 64
ollama-1  | 	top_k = 40, top_p = 0.900, min_p = 0.000, xtc_probability = 0.000, xtc_threshold = 0.100, typical_p = 1.000, top_n_sigma = -1.000, temp = 0.000
ollama-1  | 	mirostat = 0, mirostat_lr = 0.100, mirostat_ent = 5.000, adaptive_target = -1.000, adaptive_decay = 0.900
ollama-1  | slot launch_slot_: id  0 | task 12105 | processing task, is_child = 0
ollama-1  | slot   operator(): id  0 | task 12105 | new prompt, n_ctx_slot = 4096, n_keep = 4, task.n_tokens = 422
ollama-1  | slot   operator(): id  0 | task 12105 | cached n_tokens = 328, memory_seq_rm [328, end)
ollama-1  | slot init_sampler: id  0 | task 12105 | init sampler, took 0.04 ms, tokens: text = 422, total = 422
ollama-1  | slot print_timing: id  0 | task 12105 | prompt eval time =     374.21 ms /    94 tokens (    3.98 ms per token,   251.19 tokens per second)
ollama-1  | slot print_timing: id  0 | task 12105 |        eval time =     167.23 ms /     9 tokens (   20.90 ms per token,    47.84 tokens per second)
ollama-1  | slot print_timing: id  0 | task 12105 |       total time =     541.44 ms /   103 tokens
ollama-1  | slot print_timing: id  0 | task 12105 |    graphs reused =       8294
ollama-1  | slot      release: id  0 | task 12105 | stop processing: n_tokens = 430, truncated = 0
ollama-1  | srv  update_slots: all slots are idle
ollama-1  | [GIN] 2026/10/07 - 10:59:43 | 200 | 16.357954918s |      172.21.0.4 | POST     "/api/generate"
ollama-1  | srv  server_strea: conv_id= (empty=1)
ollama-1  | slot get_availabl: id  0 | task -1 |  - checking sim = 0.678 (328/484) > 0.100
ollama-1  | slot get_availabl: id  0 | task -1 | selected slot by LCP similarity, f_sim_best = 0.678 (> 0.100 thold), f_keep = 0.763
ollama-1  | slot launch_slot_: id  0 | task -1 | sampler chain: logits -> ?penalties -> ?dry -> ?top-n-sigma -> top-k -> ?typical -> top-p -> ?min-p -> ?xtc -> temp-ext -> dist 
ollama-1  | slot launch_slot_: id  0 | task -1 | sampler params: 
ollama-1  | 	repeat_last_n = 64, repeat_penalty = 1.000, frequency_penalty = 0.000, presence_penalty = 0.000
ollama-1  | 	dry_multiplier = 0.000, dry_base = 1.750, dry_allowed_length = 2, dry_penalty_last_n = 64
ollama-1  | 	top_k = 40, top_p = 0.900, min_p = 0.000, xtc_probability = 0.000, xtc_threshold = 0.100, typical_p = 1.000, top_n_sigma = -1.000, temp = 0.000
ollama-1  | 	mirostat = 0, mirostat_lr = 0.100, mirostat_ent = 5.000, adaptive_target = -1.000, adaptive_decay = 0.900
ollama-1  | slot launch_slot_: id  0 | task 12115 | processing task, is_child = 0
ollama-1  | slot   operator(): id  0 | task 12115 | new prompt, n_ctx_slot = 4096, n_keep = 4, task.n_tokens = 484
ollama-1  | slot   operator(): id  0 | task 12115 | cached n_tokens = 328, memory_seq_rm [328, end)
ollama-1  | slot init_sampler: id  0 | task 12115 | init sampler, took 0.07 ms, tokens: text = 484, total = 484
ollama-1  | slot print_timing: id  0 | task 12115 | prompt eval time =     628.37 ms /   156 tokens (    4.03 ms per token,   248.26 tokens per second)
ollama-1  | slot print_timing: id  0 | task 12115 |        eval time =     183.74 ms /    10 tokens (   20.42 ms per token,    48.98 tokens per second)
ollama-1  | slot print_timing: id  0 | task 12115 |       total time =     812.11 ms /   166 tokens
ollama-1  | slot print_timing: id  0 | task 12115 |    graphs reused =       8302
ollama-1  | slot      release: id  0 | task 12115 | stop processing: n_tokens = 493, truncated = 0
ollama-1  | srv  update_slots: all slots are idle
ollama-1  | [GIN] 2026/10/07 - 10:59:44 | 200 | 15.853969669s |      172.21.0.4 | POST     "/api/generate"
ollama-1  | srv  server_strea: conv_id= (empty=1)
ollama-1  | slot get_availabl: id  0 | task -1 |  - checking sim = 0.618 (328/531) > 0.100
ollama-1  | slot get_availabl: id  0 | task -1 | selected slot by LCP similarity, f_sim_best = 0.618 (> 0.100 thold), f_keep = 0.665
ollama-1  | slot launch_slot_: id  0 | task -1 | sampler chain: logits -> ?penalties -> ?dry -> ?top-n-sigma -> top-k -> ?typical -> top-p -> ?min-p -> ?xtc -> temp-ext -> dist 
ollama-1  | slot launch_slot_: id  0 | task -1 | sampler params: 
ollama-1  | 	repeat_last_n = 64, repeat_penalty = 1.000, frequency_penalty = 0.000, presence_penalty = 0.000
ollama-1  | 	dry_multiplier = 0.000, dry_base = 1.750, dry_allowed_length = 2, dry_penalty_last_n = 64
ollama-1  | 	top_k = 40, top_p = 0.900, min_p = 0.000, xtc_probability = 0.000, xtc_threshold = 0.100, typical_p = 1.000, top_n_sigma = -1.000, temp = 0.000
ollama-1  | 	mirostat = 0, mirostat_lr = 0.100, mirostat_ent = 5.000, adaptive_target = -1.000, adaptive_decay = 0.900
ollama-1  | slot launch_slot_: id  0 | task 12126 | processing task, is_child = 0
ollama-1  | slot   operator(): id  0 | task 12126 | new prompt, n_ctx_slot = 4096, n_keep = 4, task.n_tokens = 531
ollama-1  | slot   operator(): id  0 | task 12126 | cached n_tokens = 328, memory_seq_rm [328, end)
ollama-1  | slot init_sampler: id  0 | task 12126 | init sampler, took 0.06 ms, tokens: text = 531, total = 531
ollama-1  | slot print_timing: id  0 | task 12126 | prompt eval time =     817.07 ms /   203 tokens (    4.02 ms per token,   248.45 tokens per second)
ollama-1  | slot print_timing: id  0 | task 12126 |        eval time =     170.11 ms /     9 tokens (   21.26 ms per token,    47.03 tokens per second)
ollama-1  | slot print_timing: id  0 | task 12126 |       total time =     987.18 ms /   212 tokens
ollama-1  | slot print_timing: id  0 | task 12126 |    graphs reused =       8309
ollama-1  | slot      release: id  0 | task 12126 | stop processing: n_tokens = 539, truncated = 0
ollama-1  | srv  update_slots: all slots are idle
ollama-1  | [GIN] 2026/10/07 - 10:59:45 | 200 | 15.259378913s |      172.21.0.4 | POST     "/api/generate"
ollama-1  | srv  server_strea: conv_id= (empty=1)
ollama-1  | slot get_availabl: id  0 | task -1 |  - checking sim = 0.547 (328/600) > 0.100
ollama-1  | slot get_availabl: id  0 | task -1 | selected slot by LCP similarity, f_sim_best = 0.547 (> 0.100 thold), f_keep = 0.609
ollama-1  | slot launch_slot_: id  0 | task -1 | sampler chain: logits -> ?penalties -> ?dry -> ?top-n-sigma -> top-k -> ?typical -> top-p -> ?min-p -> ?xtc -> temp-ext -> dist 
ollama-1  | slot launch_slot_: id  0 | task -1 | sampler params: 
ollama-1  | 	repeat_last_n = 64, repeat_penalty = 1.000, frequency_penalty = 0.000, presence_penalty = 0.000
ollama-1  | 	dry_multiplier = 0.000, dry_base = 1.750, dry_allowed_length = 2, dry_penalty_last_n = 64
ollama-1  | 	top_k = 40, top_p = 0.900, min_p = 0.000, xtc_probability = 0.000, xtc_threshold = 0.100, typical_p = 1.000, top_n_sigma = -1.000, temp = 0.000
ollama-1  | 	mirostat = 0, mirostat_lr = 0.100, mirostat_ent = 5.000, adaptive_target = -1.000, adaptive_decay = 0.900
ollama-1  | slot launch_slot_: id  0 | task 12136 | processing task, is_child = 0
ollama-1  | slot   operator(): id  0 | task 12136 | new prompt, n_ctx_slot = 4096, n_keep = 4, task.n_tokens = 600
ollama-1  | slot   operator(): id  0 | task 12136 | cached n_tokens = 328, memory_seq_rm [328, end)
ollama-1  | slot init_sampler: id  0 | task 12136 | init sampler, took 0.05 ms, tokens: text = 600, total = 600
ollama-1  | slot print_timing: id  0 | task 12136 | prompt eval time =    1105.36 ms /   272 tokens (    4.06 ms per token,   246.07 tokens per second)
ollama-1  | slot print_timing: id  0 | task 12136 |        eval time =     147.38 ms /     8 tokens (   21.05 ms per token,    47.50 tokens per second)
ollama-1  | slot print_timing: id  0 | task 12136 |       total time =    1252.75 ms /   280 tokens
ollama-1  | slot print_timing: id  0 | task 12136 |    graphs reused =       8315
ollama-1  | slot      release: id  0 | task 12136 | stop processing: n_tokens = 607, truncated = 0
ollama-1  | srv  update_slots: all slots are idle
ollama-1  | [GIN] 2026/10/07 - 10:59:46 | 200 | 16.450136297s |      172.21.0.4 | POST     "/api/generate"
ollama-1  | srv  server_strea: conv_id= (empty=1)
ollama-1  | slot get_availabl: id  0 | task -1 |  - checking sim = 0.830 (328/395) > 0.100
ollama-1  | slot get_availabl: id  0 | task -1 | selected slot by LCP similarity, f_sim_best = 0.830 (> 0.100 thold), f_keep = 0.540
ollama-1  | slot launch_slot_: id  0 | task -1 | sampler chain: logits -> ?penalties -> ?dry -> ?top-n-sigma -> top-k -> ?typical -> top-p -> ?min-p -> ?xtc -> temp-ext -> dist 
ollama-1  | slot launch_slot_: id  0 | task -1 | sampler params: 
ollama-1  | 	repeat_last_n = 64, repeat_penalty = 1.000, frequency_penalty = 0.000, presence_penalty = 0.000
ollama-1  | 	dry_multiplier = 0.000, dry_base = 1.750, dry_allowed_length = 2, dry_penalty_last_n = 64
ollama-1  | 	top_k = 40, top_p = 0.900, min_p = 0.000, xtc_probability = 0.000, xtc_threshold = 0.100, typical_p = 1.000, top_n_sigma = -1.000, temp = 0.000
ollama-1  | 	mirostat = 0, mirostat_lr = 0.100, mirostat_ent = 5.000, adaptive_target = -1.000, adaptive_decay = 0.900
ollama-1  | slot launch_slot_: id  0 | task 12145 | processing task, is_child = 0
ollama-1  | slot   operator(): id  0 | task 12145 | new prompt, n_ctx_slot = 4096, n_keep = 4, task.n_tokens = 395
ollama-1  | slot   operator(): id  0 | task 12145 | cached n_tokens = 328, memory_seq_rm [328, end)
ollama-1  | slot init_sampler: id  0 | task 12145 | init sampler, took 0.04 ms, tokens: text = 395, total = 395
ollama-1  | slot print_timing: id  0 | task 12145 | prompt eval time =     283.09 ms /    67 tokens (    4.23 ms per token,   236.67 tokens per second)
ollama-1  | slot print_timing: id  0 | task 12145 |        eval time =     162.38 ms /     8 tokens (   23.20 ms per token,    43.11 tokens per second)
ollama-1  | slot print_timing: id  0 | task 12145 |       total time =     445.47 ms /    75 tokens
ollama-1  | slot print_timing: id  0 | task 12145 |    graphs reused =       8321
ollama-1  | slot      release: id  0 | task 12145 | stop processing: n_tokens = 402, truncated = 0
ollama-1  | srv  update_slots: all slots are idle
ollama-1  | [GIN] 2026/10/07 - 10:59:46 | 200 |  7.443050637s |      172.21.0.4 | POST     "/api/generate"
ollama-1  | srv  server_strea: conv_id= (empty=1)
ollama-1  | slot get_availabl: id  0 | task -1 |  - checking sim = 0.715 (328/459) > 0.100
ollama-1  | slot get_availabl: id  0 | task -1 | selected slot by LCP similarity, f_sim_best = 0.715 (> 0.100 thold), f_keep = 0.816
ollama-1  | slot launch_slot_: id  0 | task -1 | sampler chain: logits -> ?penalties -> ?dry -> ?top-n-sigma -> top-k -> ?typical -> top-p -> ?min-p -> ?xtc -> temp-ext -> dist 
ollama-1  | slot launch_slot_: id  0 | task -1 | sampler params: 
ollama-1  | 	repeat_last_n = 64, repeat_penalty = 1.000, frequency_penalty = 0.000, presence_penalty = 0.000
ollama-1  | 	dry_multiplier = 0.000, dry_base = 1.750, dry_allowed_length = 2, dry_penalty_last_n = 64
ollama-1  | 	top_k = 40, top_p = 0.900, min_p = 0.000, xtc_probability = 0.000, xtc_threshold = 0.100, typical_p = 1.000, top_n_sigma = -1.000, temp = 0.000
ollama-1  | 	mirostat = 0, mirostat_lr = 0.100, mirostat_ent = 5.000, adaptive_target = -1.000, adaptive_decay = 0.900
ollama-1  | slot launch_slot_: id  0 | task 12154 | processing task, is_child = 0
ollama-1  | slot   operator(): id  0 | task 12154 | new prompt, n_ctx_slot = 4096, n_keep = 4, task.n_tokens = 459
ollama-1  | slot   operator(): id  0 | task 12154 | cached n_tokens = 328, memory_seq_rm [328, end)
ollama-1  | slot init_sampler: id  0 | task 12154 | init sampler, took 0.06 ms, tokens: text = 459, total = 459
ollama-1  | slot print_timing: id  0 | task 12154 | prompt eval time =     540.60 ms /   131 tokens (    4.13 ms per token,   242.32 tokens per second)
ollama-1  | slot print_timing: id  0 | task 12154 |        eval time =     163.31 ms /     8 tokens (   23.33 ms per token,    42.86 tokens per second)
ollama-1  | slot print_timing: id  0 | task 12154 |       total time =     703.91 ms /   139 tokens
ollama-1  | slot print_timing: id  0 | task 12154 |    graphs reused =       8327
ollama-1  | slot      release: id  0 | task 12154 | stop processing: n_tokens = 466, truncated = 0
ollama-1  | srv  update_slots: all slots are idle
ollama-1  | [GIN] 2026/10/07 - 10:59:47 | 200 |  6.304998986s |      172.21.0.4 | POST     "/api/generate"
ollama-1  | srv  server_strea: conv_id= (empty=1)
ollama-1  | slot get_availabl: id  0 | task -1 |  - checking sim = 0.667 (328/492) > 0.100
ollama-1  | slot get_availabl: id  0 | task -1 | selected slot by LCP similarity, f_sim_best = 0.667 (> 0.100 thold), f_keep = 0.704
ollama-1  | slot launch_slot_: id  0 | task -1 | sampler chain: logits -> ?penalties -> ?dry -> ?top-n-sigma -> top-k -> ?typical -> top-p -> ?min-p -> ?xtc -> temp-ext -> dist 
ollama-1  | slot launch_slot_: id  0 | task -1 | sampler params: 
ollama-1  | 	repeat_last_n = 64, repeat_penalty = 1.000, frequency_penalty = 0.000, presence_penalty = 0.000
ollama-1  | 	dry_multiplier = 0.000, dry_base = 1.750, dry_allowed_length = 2, dry_penalty_last_n = 64
ollama-1  | 	top_k = 40, top_p = 0.900, min_p = 0.000, xtc_probability = 0.000, xtc_threshold = 0.100, typical_p = 1.000, top_n_sigma = -1.000, temp = 0.000
ollama-1  | 	mirostat = 0, mirostat_lr = 0.100, mirostat_ent = 5.000, adaptive_target = -1.000, adaptive_decay = 0.900
ollama-1  | slot launch_slot_: id  0 | task 12163 | processing task, is_child = 0
ollama-1  | slot   operator(): id  0 | task 12163 | new prompt, n_ctx_slot = 4096, n_keep = 4, task.n_tokens = 492
ollama-1  | slot   operator(): id  0 | task 12163 | cached n_tokens = 328, memory_seq_rm [328, end)
ollama-1  | slot init_sampler: id  0 | task 12163 | init sampler, took 0.04 ms, tokens: text = 492, total = 492
ollama-1  | slot print_timing: id  0 | task 12163 | prompt eval time =     662.84 ms /   164 tokens (    4.04 ms per token,   247.42 tokens per second)
ollama-1  | slot print_timing: id  0 | task 12163 |        eval time =     152.04 ms /     8 tokens (   21.72 ms per token,    46.04 tokens per second)
ollama-1  | slot print_timing: id  0 | task 12163 |       total time =     814.88 ms /   172 tokens
ollama-1  | slot print_timing: id  0 | task 12163 |    graphs reused =       8333
ollama-1  | slot      release: id  0 | task 12163 | stop processing: n_tokens = 499, truncated = 0
ollama-1  | srv  update_slots: all slots are idle
ollama-1  | [GIN] 2026/10/07 - 10:59:48 | 200 |  5.882872255s |      172.21.0.4 | POST     "/api/generate"
ollama-1  | srv  server_strea: conv_id= (empty=1)
ollama-1  | slot get_availabl: id  0 | task -1 |  - checking sim = 0.852 (328/385) > 0.100
ollama-1  | slot get_availabl: id  0 | task -1 | selected slot by LCP similarity, f_sim_best = 0.852 (> 0.100 thold), f_keep = 0.657
ollama-1  | slot launch_slot_: id  0 | task -1 | sampler chain: logits -> ?penalties -> ?dry -> ?top-n-sigma -> top-k -> ?typical -> top-p -> ?min-p -> ?xtc -> temp-ext -> dist 
ollama-1  | slot launch_slot_: id  0 | task -1 | sampler params: 
ollama-1  | 	repeat_last_n = 64, repeat_penalty = 1.000, frequency_penalty = 0.000, presence_penalty = 0.000
ollama-1  | 	dry_multiplier = 0.000, dry_base = 1.750, dry_allowed_length = 2, dry_penalty_last_n = 64
ollama-1  | 	top_k = 40, top_p = 0.900, min_p = 0.000, xtc_probability = 0.000, xtc_threshold = 0.100, typical_p = 1.000, top_n_sigma = -1.000, temp = 0.000
ollama-1  | 	mirostat = 0, mirostat_lr = 0.100, mirostat_ent = 5.000, adaptive_target = -1.000, adaptive_decay = 0.900
ollama-1  | slot launch_slot_: id  0 | task 12172 | processing task, is_child = 0
ollama-1  | slot   operator(): id  0 | task 12172 | new prompt, n_ctx_slot = 4096, n_keep = 4, task.n_tokens = 385
ollama-1  | slot   operator(): id  0 | task 12172 | cached n_tokens = 328, memory_seq_rm [328, end)
ollama-1  | slot init_sampler: id  0 | task 12172 | init sampler, took 0.03 ms, tokens: text = 385, total = 385
ollama-1  | slot print_timing: id  0 | task 12172 | prompt eval time =     246.67 ms /    57 tokens (    4.33 ms per token,   231.08 tokens per second)
ollama-1  | slot print_timing: id  0 | task 12172 |        eval time =     156.92 ms /     8 tokens (   22.42 ms per token,    44.61 tokens per second)
ollama-1  | slot print_timing: id  0 | task 12172 |       total time =     403.60 ms /    65 tokens
ollama-1  | slot print_timing: id  0 | task 12172 |    graphs reused =       8339
ollama-1  | slot      release: id  0 | task 12172 | stop processing: n_tokens = 392, truncated = 0
ollama-1  | srv  update_slots: all slots are idle
ollama-1  | [GIN] 2026/10/07 - 10:59:48 | 200 |  5.213196987s |      172.21.0.4 | POST     "/api/generate"
ollama-1  | srv  server_strea: conv_id= (empty=1)
ollama-1  | slot get_availabl: id  0 | task -1 |  - checking sim = 0.704 (328/466) > 0.100
ollama-1  | slot get_availabl: id  0 | task -1 | selected slot by LCP similarity, f_sim_best = 0.704 (> 0.100 thold), f_keep = 0.837
ollama-1  | slot launch_slot_: id  0 | task -1 | sampler chain: logits -> ?penalties -> ?dry -> ?top-n-sigma -> top-k -> ?typical -> top-p -> ?min-p -> ?xtc -> temp-ext -> dist 
ollama-1  | slot launch_slot_: id  0 | task -1 | sampler params: 
ollama-1  | 	repeat_last_n = 64, repeat_penalty = 1.000, frequency_penalty = 0.000, presence_penalty = 0.000
ollama-1  | 	dry_multiplier = 0.000, dry_base = 1.750, dry_allowed_length = 2, dry_penalty_last_n = 64
ollama-1  | 	top_k = 40, top_p = 0.900, min_p = 0.000, xtc_probability = 0.000, xtc_threshold = 0.100, typical_p = 1.000, top_n_sigma = -1.000, temp = 0.000
ollama-1  | 	mirostat = 0, mirostat_lr = 0.100, mirostat_ent = 5.000, adaptive_target = -1.000, adaptive_decay = 0.900
ollama-1  | slot launch_slot_: id  0 | task 12181 | processing task, is_child = 0
ollama-1  | slot   operator(): id  0 | task 12181 | new prompt, n_ctx_slot = 4096, n_keep = 4, task.n_tokens = 466
ollama-1  | slot   operator(): id  0 | task 12181 | cached n_tokens = 328, memory_seq_rm [328, end)
ollama-1  | slot init_sampler: id  0 | task 12181 | init sampler, took 0.06 ms, tokens: text = 466, total = 466
ollama-1  | [GIN] 2026/10/07 - 10:59:48 | 200 |      27.369µs |       127.0.0.1 | HEAD     "/"
ollama-1  | [GIN] 2026/10/07 - 10:59:48 | 200 |     2.82561ms |       127.0.0.1 | GET      "/api/tags"
ollama-1  | slot print_timing: id  0 | task 12181 | prompt eval time =     563.95 ms /   138 tokens (    4.09 ms per token,   244.70 tokens per second)
ollama-1  | slot print_timing: id  0 | task 12181 |        eval time =     147.43 ms /     8 tokens (   21.06 ms per token,    47.48 tokens per second)
ollama-1  | slot print_timing: id  0 | task 12181 |       total time =     711.37 ms /   146 tokens
ollama-1  | slot print_timing: id  0 | task 12181 |    graphs reused =       8345
ollama-1  | slot      release: id  0 | task 12181 | stop processing: n_tokens = 473, truncated = 0
ollama-1  | srv  update_slots: all slots are idle
ollama-1  | [GIN] 2026/10/07 - 10:59:49 | 200 |  4.968180306s |      172.21.0.4 | POST     "/api/generate"
ollama-1  | srv  server_strea: conv_id= (empty=1)
ollama-1  | slot get_availabl: id  0 | task -1 |  - checking sim = 0.566 (328/580) > 0.100
ollama-1  | slot get_availabl: id  0 | task -1 | selected slot by LCP similarity, f_sim_best = 0.566 (> 0.100 thold), f_keep = 0.693
ollama-1  | slot launch_slot_: id  0 | task -1 | sampler chain: logits -> ?penalties -> ?dry -> ?top-n-sigma -> top-k -> ?typical -> top-p -> ?min-p -> ?xtc -> temp-ext -> dist 
ollama-1  | slot launch_slot_: id  0 | task -1 | sampler params: 
ollama-1  | 	repeat_last_n = 64, repeat_penalty = 1.000, frequency_penalty = 0.000, presence_penalty = 0.000
ollama-1  | 	dry_multiplier = 0.000, dry_base = 1.750, dry_allowed_length = 2, dry_penalty_last_n = 64
ollama-1  | 	top_k = 40, top_p = 0.900, min_p = 0.000, xtc_probability = 0.000, xtc_threshold = 0.100, typical_p = 1.000, top_n_sigma = -1.000, temp = 0.000
ollama-1  | 	mirostat = 0, mirostat_lr = 0.100, mirostat_ent = 5.000, adaptive_target = -1.000, adaptive_decay = 0.900
ollama-1  | slot launch_slot_: id  0 | task 12190 | processing task, is_child = 0
ollama-1  | slot   operator(): id  0 | task 12190 | new prompt, n_ctx_slot = 4096, n_keep = 4, task.n_tokens = 580
ollama-1  | slot   operator(): id  0 | task 12190 | cached n_tokens = 328, memory_seq_rm [328, end)
ollama-1  | slot init_sampler: id  0 | task 12190 | init sampler, took 0.05 ms, tokens: text = 580, total = 580
ollama-1  | slot print_timing: id  0 | task 12190 | prompt eval time =    1013.57 ms /   252 tokens (    4.02 ms per token,   248.63 tokens per second)
ollama-1  | slot print_timing: id  0 | task 12190 |        eval time =     154.37 ms /     8 tokens (   22.05 ms per token,    45.35 tokens per second)
ollama-1  | slot print_timing: id  0 | task 12190 |       total time =    1167.93 ms /   260 tokens
ollama-1  | slot print_timing: id  0 | task 12190 |    graphs reused =       8351
ollama-1  | slot      release: id  0 | task 12190 | stop processing: n_tokens = 587, truncated = 0
ollama-1  | srv  update_slots: all slots are idle
ollama-1  | [GIN] 2026/10/07 - 10:59:50 | 200 |  4.602319567s |      172.21.0.4 | POST     "/api/generate"
ollama-1  | srv  server_strea: conv_id= (empty=1)
ollama-1  | slot get_availabl: id  0 | task -1 |  - checking sim = 0.560 (328/586) > 0.100
ollama-1  | slot get_availabl: id  0 | task -1 | selected slot by LCP similarity, f_sim_best = 0.560 (> 0.100 thold), f_keep = 0.559
ollama-1  | slot launch_slot_: id  0 | task -1 | sampler chain: logits -> ?penalties -> ?dry -> ?top-n-sigma -> top-k -> ?typical -> top-p -> ?min-p -> ?xtc -> temp-ext -> dist 
ollama-1  | slot launch_slot_: id  0 | task -1 | sampler params: 
ollama-1  | 	repeat_last_n = 64, repeat_penalty = 1.000, frequency_penalty = 0.000, presence_penalty = 0.000
ollama-1  | 	dry_multiplier = 0.000, dry_base = 1.750, dry_allowed_length = 2, dry_penalty_last_n = 64
ollama-1  | 	top_k = 40, top_p = 0.900, min_p = 0.000, xtc_probability = 0.000, xtc_threshold = 0.100, typical_p = 1.000, top_n_sigma = -1.000, temp = 0.000
ollama-1  | 	mirostat = 0, mirostat_lr = 0.100, mirostat_ent = 5.000, adaptive_target = -1.000, adaptive_decay = 0.900
ollama-1  | slot launch_slot_: id  0 | task 12199 | processing task, is_child = 0
ollama-1  | slot   operator(): id  0 | task 12199 | new prompt, n_ctx_slot = 4096, n_keep = 4, task.n_tokens = 586
ollama-1  | slot   operator(): id  0 | task 12199 | cached n_tokens = 328, memory_seq_rm [328, end)
ollama-1  | slot init_sampler: id  0 | task 12199 | init sampler, took 0.07 ms, tokens: text = 586, total = 586
ollama-1  | slot print_timing: id  0 | task 12199 | prompt eval time =     987.26 ms /   258 tokens (    3.83 ms per token,   261.33 tokens per second)
ollama-1  | slot print_timing: id  0 | task 12199 |        eval time =     194.71 ms /    10 tokens (   21.63 ms per token,    46.22 tokens per second)
ollama-1  | slot print_timing: id  0 | task 12199 |       total time =    1181.97 ms /   268 tokens
ollama-1  | slot print_timing: id  0 | task 12199 |    graphs reused =       8359
ollama-1  | slot      release: id  0 | task 12199 | stop processing: n_tokens = 595, truncated = 0
ollama-1  | srv  update_slots: all slots are idle
ollama-1  | [GIN] 2026/10/07 - 10:59:51 | 200 |  5.507691764s |      172.21.0.4 | POST     "/api/generate"
ollama-1  | srv  server_strea: conv_id= (empty=1)
ollama-1  | slot get_availabl: id  0 | task -1 |  - checking sim = 0.668 (328/491) > 0.100
ollama-1  | slot get_availabl: id  0 | task -1 | selected slot by LCP similarity, f_sim_best = 0.668 (> 0.100 thold), f_keep = 0.551
ollama-1  | slot launch_slot_: id  0 | task -1 | sampler chain: logits -> ?penalties -> ?dry -> ?top-n-sigma -> top-k -> ?typical -> top-p -> ?min-p -> ?xtc -> temp-ext -> dist 
ollama-1  | slot launch_slot_: id  0 | task -1 | sampler params: 
ollama-1  | 	repeat_last_n = 64, repeat_penalty = 1.000, frequency_penalty = 0.000, presence_penalty = 0.000
ollama-1  | 	dry_multiplier = 0.000, dry_base = 1.750, dry_allowed_length = 2, dry_penalty_last_n = 64
ollama-1  | 	top_k = 40, top_p = 0.900, min_p = 0.000, xtc_probability = 0.000, xtc_threshold = 0.100, typical_p = 1.000, top_n_sigma = -1.000, temp = 0.000
ollama-1  | 	mirostat = 0, mirostat_lr = 0.100, mirostat_ent = 5.000, adaptive_target = -1.000, adaptive_decay = 0.900
ollama-1  | slot launch_slot_: id  0 | task 12210 | processing task, is_child = 0
ollama-1  | slot   operator(): id  0 | task 12210 | new prompt, n_ctx_slot = 4096, n_keep = 4, task.n_tokens = 491
ollama-1  | slot   operator(): id  0 | task 12210 | cached n_tokens = 328, memory_seq_rm [328, end)
ollama-1  | slot init_sampler: id  0 | task 12210 | init sampler, took 0.06 ms, tokens: text = 491, total = 491
ollama-1  | slot print_timing: id  0 | task 12210 | prompt eval time =     671.47 ms /   163 tokens (    4.12 ms per token,   242.75 tokens per second)
ollama-1  | slot print_timing: id  0 | task 12210 |        eval time =     167.40 ms /     9 tokens (   20.93 ms per token,    47.79 tokens per second)
ollama-1  | slot print_timing: id  0 | task 12210 |       total time =     838.87 ms /   172 tokens
ollama-1  | slot print_timing: id  0 | task 12210 |    graphs reused =       8366
ollama-1  | slot      release: id  0 | task 12210 | stop processing: n_tokens = 499, truncated = 0
ollama-1  | srv  update_slots: all slots are idle
ollama-1  | [GIN] 2026/10/07 - 10:59:52 | 200 |  6.195863739s |      172.21.0.4 | POST     "/api/generate"
ollama-1  | srv  server_strea: conv_id= (empty=1)
ollama-1  | slot get_availabl: id  0 | task -1 |  - checking sim = 0.638 (328/514) > 0.100
ollama-1  | slot get_availabl: id  0 | task -1 | selected slot by LCP similarity, f_sim_best = 0.638 (> 0.100 thold), f_keep = 0.657
ollama-1  | slot launch_slot_: id  0 | task -1 | sampler chain: logits -> ?penalties -> ?dry -> ?top-n-sigma -> top-k -> ?typical -> top-p -> ?min-p -> ?xtc -> temp-ext -> dist 
ollama-1  | slot launch_slot_: id  0 | task -1 | sampler params: 
ollama-1  | 	repeat_last_n = 64, repeat_penalty = 1.000, frequency_penalty = 0.000, presence_penalty = 0.000
ollama-1  | 	dry_multiplier = 0.000, dry_base = 1.750, dry_allowed_length = 2, dry_penalty_last_n = 64
ollama-1  | 	top_k = 40, top_p = 0.900, min_p = 0.000, xtc_probability = 0.000, xtc_threshold = 0.100, typical_p = 1.000, top_n_sigma = -1.000, temp = 0.000
ollama-1  | 	mirostat = 0, mirostat_lr = 0.100, mirostat_ent = 5.000, adaptive_target = -1.000, adaptive_decay = 0.900
ollama-1  | slot launch_slot_: id  0 | task 12220 | processing task, is_child = 0
ollama-1  | slot   operator(): id  0 | task 12220 | new prompt, n_ctx_slot = 4096, n_keep = 4, task.n_tokens = 514
ollama-1  | slot   operator(): id  0 | task 12220 | cached n_tokens = 328, memory_seq_rm [328, end)
ollama-1  | slot init_sampler: id  0 | task 12220 | init sampler, took 0.06 ms, tokens: text = 514, total = 514
ollama-1  | slot print_timing: id  0 | task 12220 | prompt eval time =     757.84 ms /   186 tokens (    4.07 ms per token,   245.44 tokens per second)
ollama-1  | slot print_timing: id  0 | task 12220 |        eval time =     183.29 ms /     9 tokens (   22.91 ms per token,    43.65 tokens per second)
ollama-1  | slot print_timing: id  0 | task 12220 |       total time =     941.12 ms /   195 tokens
ollama-1  | slot print_timing: id  0 | task 12220 |    graphs reused =       8373
ollama-1  | slot      release: id  0 | task 12220 | stop processing: n_tokens = 522, truncated = 0
ollama-1  | srv  update_slots: all slots are idle
ollama-1  | [GIN] 2026/10/07 - 10:59:53 | 200 |  5.534150769s |      172.21.0.4 | POST     "/api/generate"
ollama-1  | srv  server_strea: conv_id= (empty=1)
ollama-1  | slot get_availabl: id  0 | task -1 |  - checking sim = 0.766 (328/428) > 0.100
ollama-1  | slot get_availabl: id  0 | task -1 | selected slot by LCP similarity, f_sim_best = 0.766 (> 0.100 thold), f_keep = 0.628
ollama-1  | slot launch_slot_: id  0 | task -1 | sampler chain: logits -> ?penalties -> ?dry -> ?top-n-sigma -> top-k -> ?typical -> top-p -> ?min-p -> ?xtc -> temp-ext -> dist 
ollama-1  | slot launch_slot_: id  0 | task -1 | sampler params: 
ollama-1  | 	repeat_last_n = 64, repeat_penalty = 1.000, frequency_penalty = 0.000, presence_penalty = 0.000
ollama-1  | 	dry_multiplier = 0.000, dry_base = 1.750, dry_allowed_length = 2, dry_penalty_last_n = 64
ollama-1  | 	top_k = 40, top_p = 0.900, min_p = 0.000, xtc_probability = 0.000, xtc_threshold = 0.100, typical_p = 1.000, top_n_sigma = -1.000, temp = 0.000
ollama-1  | 	mirostat = 0, mirostat_lr = 0.100, mirostat_ent = 5.000, adaptive_target = -1.000, adaptive_decay = 0.900
ollama-1  | slot launch_slot_: id  0 | task 12230 | processing task, is_child = 0
ollama-1  | slot   operator(): id  0 | task 12230 | new prompt, n_ctx_slot = 4096, n_keep = 4, task.n_tokens = 428
ollama-1  | slot   operator(): id  0 | task 12230 | cached n_tokens = 328, memory_seq_rm [328, end)
ollama-1  | slot init_sampler: id  0 | task 12230 | init sampler, took 0.05 ms, tokens: text = 428, total = 428
ollama-1  | slot print_timing: id  0 | task 12230 | prompt eval time =     409.39 ms /   100 tokens (    4.09 ms per token,   244.26 tokens per second)
ollama-1  | slot print_timing: id  0 | task 12230 |        eval time =     146.88 ms /     8 tokens (   20.98 ms per token,    47.66 tokens per second)
ollama-1  | slot print_timing: id  0 | task 12230 |       total time =     556.27 ms /   108 tokens
ollama-1  | slot print_timing: id  0 | task 12230 |    graphs reused =       8379
ollama-1  | slot      release: id  0 | task 12230 | stop processing: n_tokens = 435, truncated = 0
ollama-1  | srv  update_slots: all slots are idle
ollama-1  | [GIN] 2026/10/07 - 10:59:54 | 200 |  4.565656701s |      172.21.0.4 | POST     "/api/generate"
ollama-1  | srv  server_strea: conv_id= (empty=1)
ollama-1  | slot get_availabl: id  0 | task -1 |  - checking sim = 0.642 (328/511) > 0.100
ollama-1  | slot get_availabl: id  0 | task -1 | selected slot by LCP similarity, f_sim_best = 0.642 (> 0.100 thold), f_keep = 0.754
ollama-1  | slot launch_slot_: id  0 | task -1 | sampler chain: logits -> ?penalties -> ?dry -> ?top-n-sigma -> top-k -> ?typical -> top-p -> ?min-p -> ?xtc -> temp-ext -> dist 
ollama-1  | slot launch_slot_: id  0 | task -1 | sampler params: 
ollama-1  | 	repeat_last_n = 64, repeat_penalty = 1.000, frequency_penalty = 0.000, presence_penalty = 0.000
ollama-1  | 	dry_multiplier = 0.000, dry_base = 1.750, dry_allowed_length = 2, dry_penalty_last_n = 64
ollama-1  | 	top_k = 40, top_p = 0.900, min_p = 0.000, xtc_probability = 0.000, xtc_threshold = 0.100, typical_p = 1.000, top_n_sigma = -1.000, temp = 0.000
ollama-1  | 	mirostat = 0, mirostat_lr = 0.100, mirostat_ent = 5.000, adaptive_target = -1.000, adaptive_decay = 0.900
ollama-1  | slot launch_slot_: id  0 | task 12239 | processing task, is_child = 0
ollama-1  | slot   operator(): id  0 | task 12239 | new prompt, n_ctx_slot = 4096, n_keep = 4, task.n_tokens = 511
ollama-1  | slot   operator(): id  0 | task 12239 | cached n_tokens = 328, memory_seq_rm [328, end)
ollama-1  | slot init_sampler: id  0 | task 12239 | init sampler, took 0.04 ms, tokens: text = 511, total = 511
ollama-1  | slot print_timing: id  0 | task 12239 | prompt eval time =     749.76 ms /   183 tokens (    4.10 ms per token,   244.08 tokens per second)
ollama-1  | slot print_timing: id  0 | task 12239 |        eval time =     160.67 ms /     8 tokens (   22.95 ms per token,    43.57 tokens per second)
ollama-1  | slot print_timing: id  0 | task 12239 |       total time =     910.43 ms /   191 tokens
ollama-1  | slot print_timing: id  0 | task 12239 |    graphs reused =       8384
ollama-1  | slot      release: id  0 | task 12239 | stop processing: n_tokens = 518, truncated = 0
ollama-1  | srv  update_slots: all slots are idle
ollama-1  | [GIN] 2026/10/07 - 10:59:55 | 200 |  4.886635075s |      172.21.0.4 | POST     "/api/generate"
ollama-1  | srv  server_strea: conv_id= (empty=1)
ollama-1  | slot get_availabl: id  0 | task -1 |  - checking sim = 0.660 (328/497) > 0.100
ollama-1  | slot get_availabl: id  0 | task -1 | selected slot by LCP similarity, f_sim_best = 0.660 (> 0.100 thold), f_keep = 0.633
ollama-1  | slot launch_slot_: id  0 | task -1 | sampler chain: logits -> ?penalties -> ?dry -> ?top-n-sigma -> top-k -> ?typical -> top-p -> ?min-p -> ?xtc -> temp-ext -> dist 
ollama-1  | slot launch_slot_: id  0 | task -1 | sampler params: 
ollama-1  | 	repeat_last_n = 64, repeat_penalty = 1.000, frequency_penalty = 0.000, presence_penalty = 0.000
ollama-1  | 	dry_multiplier = 0.000, dry_base = 1.750, dry_allowed_length = 2, dry_penalty_last_n = 64
ollama-1  | 	top_k = 40, top_p = 0.900, min_p = 0.000, xtc_probability = 0.000, xtc_threshold = 0.100, typical_p = 1.000, top_n_sigma = -1.000, temp = 0.000
ollama-1  | 	mirostat = 0, mirostat_lr = 0.100, mirostat_ent = 5.000, adaptive_target = -1.000, adaptive_decay = 0.900
ollama-1  | slot launch_slot_: id  0 | task 12248 | processing task, is_child = 0
ollama-1  | slot   operator(): id  0 | task 12248 | new prompt, n_ctx_slot = 4096, n_keep = 4, task.n_tokens = 497
ollama-1  | slot   operator(): id  0 | task 12248 | cached n_tokens = 328, memory_seq_rm [328, end)
ollama-1  | slot init_sampler: id  0 | task 12248 | init sampler, took 0.06 ms, tokens: text = 497, total = 497
ollama-1  | slot print_timing: id  0 | task 12248 | prompt eval time =     686.84 ms /   169 tokens (    4.06 ms per token,   246.06 tokens per second)
ollama-1  | slot print_timing: id  0 | task 12248 |        eval time =     162.72 ms /     8 tokens (   23.25 ms per token,    43.02 tokens per second)
ollama-1  | slot print_timing: id  0 | task 12248 |       total time =     849.56 ms /   177 tokens
ollama-1  | slot print_timing: id  0 | task 12248 |    graphs reused =       8390
ollama-1  | slot      release: id  0 | task 12248 | stop processing: n_tokens = 504, truncated = 0
ollama-1  | srv  update_slots: all slots are idle
ollama-1  | [GIN] 2026/10/07 - 10:59:55 | 200 |  4.224150512s |      172.21.0.4 | POST     "/api/generate"
ollama-1  | srv  server_strea: conv_id= (empty=1)
ollama-1  | slot get_availabl: id  0 | task -1 |  - checking sim = 0.515 (328/637) > 0.100
ollama-1  | slot get_availabl: id  0 | task -1 | selected slot by LCP similarity, f_sim_best = 0.515 (> 0.100 thold), f_keep = 0.651
ollama-1  | slot launch_slot_: id  0 | task -1 | sampler chain: logits -> ?penalties -> ?dry -> ?top-n-sigma -> top-k -> ?typical -> top-p -> ?min-p -> ?xtc -> temp-ext -> dist 
ollama-1  | slot launch_slot_: id  0 | task -1 | sampler params: 
ollama-1  | 	repeat_last_n = 64, repeat_penalty = 1.000, frequency_penalty = 0.000, presence_penalty = 0.000
ollama-1  | 	dry_multiplier = 0.000, dry_base = 1.750, dry_allowed_length = 2, dry_penalty_last_n = 64
ollama-1  | 	top_k = 40, top_p = 0.900, min_p = 0.000, xtc_probability = 0.000, xtc_threshold = 0.100, typical_p = 1.000, top_n_sigma = -1.000, temp = 0.000
ollama-1  | 	mirostat = 0, mirostat_lr = 0.100, mirostat_ent = 5.000, adaptive_target = -1.000, adaptive_decay = 0.900
ollama-1  | slot launch_slot_: id  0 | task 12257 | processing task, is_child = 0
ollama-1  | slot   operator(): id  0 | task 12257 | new prompt, n_ctx_slot = 4096, n_keep = 4, task.n_tokens = 637
ollama-1  | slot   operator(): id  0 | task 12257 | cached n_tokens = 328, memory_seq_rm [328, end)
ollama-1  | slot init_sampler: id  0 | task 12257 | init sampler, took 0.08 ms, tokens: text = 637, total = 637
ollama-1  | slot print_timing: id  0 | task 12257 | prompt eval time =    1261.48 ms /   309 tokens (    4.08 ms per token,   244.95 tokens per second)
ollama-1  | slot print_timing: id  0 | task 12257 |        eval time =     237.46 ms /    10 tokens (   26.38 ms per token,    37.90 tokens per second)
ollama-1  | slot print_timing: id  0 | task 12257 |       total time =    1498.94 ms /   319 tokens
ollama-1  | slot print_timing: id  0 | task 12257 |    graphs reused =       8398
ollama-1  | slot      release: id  0 | task 12257 | stop processing: n_tokens = 646, truncated = 0
ollama-1  | srv  update_slots: all slots are idle
ollama-1  | [GIN] 2026/10/07 - 10:59:57 | 200 |  5.172978855s |      172.21.0.4 | POST     "/api/generate"
ollama-1  | srv  server_strea: conv_id= (empty=1)
ollama-1  | slot get_availabl: id  0 | task -1 |  - checking sim = 0.583 (328/563) > 0.100
ollama-1  | slot get_availabl: id  0 | task -1 | selected slot by LCP similarity, f_sim_best = 0.583 (> 0.100 thold), f_keep = 0.508
ollama-1  | slot launch_slot_: id  0 | task -1 | sampler chain: logits -> ?penalties -> ?dry -> ?top-n-sigma -> top-k -> ?typical -> top-p -> ?min-p -> ?xtc -> temp-ext -> dist 
ollama-1  | slot launch_slot_: id  0 | task -1 | sampler params: 
ollama-1  | 	repeat_last_n = 64, repeat_penalty = 1.000, frequency_penalty = 0.000, presence_penalty = 0.000
ollama-1  | 	dry_multiplier = 0.000, dry_base = 1.750, dry_allowed_length = 2, dry_penalty_last_n = 64
ollama-1  | 	top_k = 40, top_p = 0.900, min_p = 0.000, xtc_probability = 0.000, xtc_threshold = 0.100, typical_p = 1.000, top_n_sigma = -1.000, temp = 0.000
ollama-1  | 	mirostat = 0, mirostat_lr = 0.100, mirostat_ent = 5.000, adaptive_target = -1.000, adaptive_decay = 0.900
ollama-1  | slot launch_slot_: id  0 | task 12268 | processing task, is_child = 0
ollama-1  | slot   operator(): id  0 | task 12268 | new prompt, n_ctx_slot = 4096, n_keep = 4, task.n_tokens = 563
ollama-1  | slot   operator(): id  0 | task 12268 | cached n_tokens = 328, memory_seq_rm [328, end)
ollama-1  | slot init_sampler: id  0 | task 12268 | init sampler, took 0.07 ms, tokens: text = 563, total = 563
ollama-1  | slot print_timing: id  0 | task 12268 | prompt eval time =     948.85 ms /   235 tokens (    4.04 ms per token,   247.67 tokens per second)
ollama-1  | slot print_timing: id  0 | task 12268 |        eval time =     178.30 ms /     9 tokens (   22.29 ms per token,    44.87 tokens per second)
ollama-1  | slot print_timing: id  0 | task 12268 |       total time =    1127.15 ms /   244 tokens
ollama-1  | slot print_timing: id  0 | task 12268 |    graphs reused =       8405
ollama-1  | slot      release: id  0 | task 12268 | stop processing: n_tokens = 571, truncated = 0
ollama-1  | srv  update_slots: all slots are idle
ollama-1  | [GIN] 2026/10/07 - 10:59:58 | 200 |  2.110362529s |      172.21.0.4 | POST     "/api/generate"
ollama-1  | srv  server_strea: conv_id= (empty=1)
ollama-1  | slot get_availabl: id  0 | task -1 |  - checking sim = 0.612 (328/536) > 0.100
ollama-1  | slot get_availabl: id  0 | task -1 | selected slot by LCP similarity, f_sim_best = 0.612 (> 0.100 thold), f_keep = 0.574
ollama-1  | slot launch_slot_: id  0 | task -1 | sampler chain: logits -> ?penalties -> ?dry -> ?top-n-sigma -> top-k -> ?typical -> top-p -> ?min-p -> ?xtc -> temp-ext -> dist 
ollama-1  | slot launch_slot_: id  0 | task -1 | sampler params: 
ollama-1  | 	repeat_last_n = 64, repeat_penalty = 1.000, frequency_penalty = 0.000, presence_penalty = 0.000
ollama-1  | 	dry_multiplier = 0.000, dry_base = 1.750, dry_allowed_length = 2, dry_penalty_last_n = 64
ollama-1  | 	top_k = 40, top_p = 0.900, min_p = 0.000, xtc_probability = 0.000, xtc_threshold = 0.100, typical_p = 1.000, top_n_sigma = -1.000, temp = 0.000
ollama-1  | 	mirostat = 0, mirostat_lr = 0.100, mirostat_ent = 5.000, adaptive_target = -1.000, adaptive_decay = 0.900
ollama-1  | slot launch_slot_: id  0 | task 12278 | processing task, is_child = 0
ollama-1  | slot   operator(): id  0 | task 12278 | new prompt, n_ctx_slot = 4096, n_keep = 4, task.n_tokens = 536
ollama-1  | slot   operator(): id  0 | task 12278 | cached n_tokens = 328, memory_seq_rm [328, end)
ollama-1  | slot init_sampler: id  0 | task 12278 | init sampler, took 0.07 ms, tokens: text = 536, total = 536
ollama-1  | [GIN] 2026/10/07 - 10:59:58 | 200 |      28.045µs |       127.0.0.1 | HEAD     "/"
ollama-1  | [GIN] 2026/10/07 - 10:59:58 | 200 |    1.389415ms |       127.0.0.1 | GET      "/api/tags"
ollama-1  | slot print_timing: id  0 | task 12278 | prompt eval time =     846.93 ms /   208 tokens (    4.07 ms per token,   245.59 tokens per second)
ollama-1  | slot print_timing: id  0 | task 12278 |        eval time =     176.92 ms /     9 tokens (   22.11 ms per token,    45.22 tokens per second)
ollama-1  | slot print_timing: id  0 | task 12278 |       total time =    1023.85 ms /   217 tokens
ollama-1  | slot print_timing: id  0 | task 12278 |    graphs reused =       8412
ollama-1  | slot      release: id  0 | task 12278 | stop processing: n_tokens = 544, truncated = 0
ollama-1  | srv  update_slots: all slots are idle
ollama-1  | [GIN] 2026/10/07 - 10:59:59 | 200 |  3.037383446s |      172.21.0.4 | POST     "/api/generate"
ollama-1  | srv  server_strea: conv_id= (empty=1)
ollama-1  | slot get_availabl: id  0 | task -1 |  - checking sim = 0.605 (328/542) > 0.100
ollama-1  | slot get_availabl: id  0 | task -1 | selected slot by LCP similarity, f_sim_best = 0.605 (> 0.100 thold), f_keep = 0.603
ollama-1  | slot launch_slot_: id  0 | task -1 | sampler chain: logits -> ?penalties -> ?dry -> ?top-n-sigma -> top-k -> ?typical -> top-p -> ?min-p -> ?xtc -> temp-ext -> dist 
ollama-1  | slot launch_slot_: id  0 | task -1 | sampler params: 
ollama-1  | 	repeat_last_n = 64, repeat_penalty = 1.000, frequency_penalty = 0.000, presence_penalty = 0.000
ollama-1  | 	dry_multiplier = 0.000, dry_base = 1.750, dry_allowed_length = 2, dry_penalty_last_n = 64
ollama-1  | 	top_k = 40, top_p = 0.900, min_p = 0.000, xtc_probability = 0.000, xtc_threshold = 0.100, typical_p = 1.000, top_n_sigma = -1.000, temp = 0.000
ollama-1  | 	mirostat = 0, mirostat_lr = 0.100, mirostat_ent = 5.000, adaptive_target = -1.000, adaptive_decay = 0.900
ollama-1  | slot launch_slot_: id  0 | task 12288 | processing task, is_child = 0
ollama-1  | slot   operator(): id  0 | task 12288 | new prompt, n_ctx_slot = 4096, n_keep = 4, task.n_tokens = 542
ollama-1  | slot   operator(): id  0 | task 12288 | cached n_tokens = 328, memory_seq_rm [328, end)
ollama-1  | slot init_sampler: id  0 | task 12288 | init sampler, took 0.07 ms, tokens: text = 542, total = 542
ollama-1  | slot print_timing: id  0 | task 12288 | prompt eval time =     833.61 ms /   214 tokens (    3.90 ms per token,   256.71 tokens per second)
ollama-1  | slot print_timing: id  0 | task 12288 |        eval time =     175.52 ms /     9 tokens (   21.94 ms per token,    45.58 tokens per second)
ollama-1  | slot print_timing: id  0 | task 12288 |       total time =    1009.13 ms /   223 tokens
ollama-1  | slot print_timing: id  0 | task 12288 |    graphs reused =       8419
ollama-1  | slot      release: id  0 | task 12288 | stop processing: n_tokens = 550, truncated = 0
ollama-1  | srv  update_slots: all slots are idle
ollama-1  | [GIN] 2026/10/07 - 11:00:00 | 200 |  1.547243737s |      172.21.0.4 | POST     "/api/generate"
ollama-1  | srv  server_strea: conv_id= (empty=1)
ollama-1  | slot get_availabl: id  0 | task -1 |  - checking sim = 0.584 (328/562) > 0.100
ollama-1  | slot get_availabl: id  0 | task -1 | selected slot by LCP similarity, f_sim_best = 0.584 (> 0.100 thold), f_keep = 0.596
ollama-1  | slot launch_slot_: id  0 | task -1 | sampler chain: logits -> ?penalties -> ?dry -> ?top-n-sigma -> top-k -> ?typical -> top-p -> ?min-p -> ?xtc -> temp-ext -> dist 
ollama-1  | slot launch_slot_: id  0 | task -1 | sampler params: 
ollama-1  | 	repeat_last_n = 64, repeat_penalty = 1.000, frequency_penalty = 0.000, presence_penalty = 0.000
ollama-1  | 	dry_multiplier = 0.000, dry_base = 1.750, dry_allowed_length = 2, dry_penalty_last_n = 64
ollama-1  | 	top_k = 40, top_p = 0.900, min_p = 0.000, xtc_probability = 0.000, xtc_threshold = 0.100, typical_p = 1.000, top_n_sigma = -1.000, temp = 0.000
ollama-1  | 	mirostat = 0, mirostat_lr = 0.100, mirostat_ent = 5.000, adaptive_target = -1.000, adaptive_decay = 0.900
ollama-1  | slot launch_slot_: id  0 | task 12298 | processing task, is_child = 0
ollama-1  | slot   operator(): id  0 | task 12298 | new prompt, n_ctx_slot = 4096, n_keep = 4, task.n_tokens = 562
ollama-1  | slot   operator(): id  0 | task 12298 | cached n_tokens = 328, memory_seq_rm [328, end)
ollama-1  | slot init_sampler: id  0 | task 12298 | init sampler, took 0.07 ms, tokens: text = 562, total = 562
ollama-1  | slot print_timing: id  0 | task 12298 | prompt eval time =     953.30 ms /   234 tokens (    4.07 ms per token,   245.46 tokens per second)
ollama-1  | slot print_timing: id  0 | task 12298 |        eval time =     216.72 ms /    10 tokens (   24.08 ms per token,    41.53 tokens per second)
ollama-1  | slot print_timing: id  0 | task 12298 |       total time =    1170.02 ms /   244 tokens
ollama-1  | slot print_timing: id  0 | task 12298 |    graphs reused =       8427
ollama-1  | slot      release: id  0 | task 12298 | stop processing: n_tokens = 571, truncated = 0
ollama-1  | srv  update_slots: all slots are idle
ollama-1  | [GIN] 2026/10/07 - 11:00:01 | 200 |  2.619441959s |      172.21.0.4 | POST     "/api/generate"
ollama-1  | srv  server_strea: conv_id= (empty=1)
ollama-1  | slot get_availabl: id  0 | task -1 |  - checking sim = 0.510 (328/643) > 0.100
ollama-1  | slot get_availabl: id  0 | task -1 | selected slot by LCP similarity, f_sim_best = 0.510 (> 0.100 thold), f_keep = 0.574
ollama-1  | slot launch_slot_: id  0 | task -1 | sampler chain: logits -> ?penalties -> ?dry -> ?top-n-sigma -> top-k -> ?typical -> top-p -> ?min-p -> ?xtc -> temp-ext -> dist 
ollama-1  | slot launch_slot_: id  0 | task -1 | sampler params: 
ollama-1  | 	repeat_last_n = 64, repeat_penalty = 1.000, frequency_penalty = 0.000, presence_penalty = 0.000
ollama-1  | 	dry_multiplier = 0.000, dry_base = 1.750, dry_allowed_length = 2, dry_penalty_last_n = 64
ollama-1  | 	top_k = 40, top_p = 0.900, min_p = 0.000, xtc_probability = 0.000, xtc_threshold = 0.100, typical_p = 1.000, top_n_sigma = -1.000, temp = 0.000
ollama-1  | 	mirostat = 0, mirostat_lr = 0.100, mirostat_ent = 5.000, adaptive_target = -1.000, adaptive_decay = 0.900
ollama-1  | slot launch_slot_: id  0 | task 12309 | processing task, is_child = 0
ollama-1  | slot   operator(): id  0 | task 12309 | new prompt, n_ctx_slot = 4096, n_keep = 4, task.n_tokens = 643
ollama-1  | slot   operator(): id  0 | task 12309 | cached n_tokens = 328, memory_seq_rm [328, end)
ollama-1  | slot init_sampler: id  0 | task 12309 | init sampler, took 0.08 ms, tokens: text = 643, total = 643
ollama-1  | slot print_timing: id  0 | task 12309 | prompt eval time =    1232.51 ms /   315 tokens (    3.91 ms per token,   255.58 tokens per second)
ollama-1  | slot print_timing: id  0 | task 12309 |        eval time =     180.25 ms /     9 tokens (   22.53 ms per token,    44.38 tokens per second)
ollama-1  | slot print_timing: id  0 | task 12309 |       total time =    1412.76 ms /   324 tokens
ollama-1  | slot print_timing: id  0 | task 12309 |    graphs reused =       8434
ollama-1  | slot      release: id  0 | task 12309 | stop processing: n_tokens = 651, truncated = 0
ollama-1  | srv  update_slots: all slots are idle
ollama-1  | [GIN] 2026/10/07 - 11:00:03 | 200 |  3.337136758s |      172.21.0.4 | POST     "/api/generate"
ollama-1  | srv  server_strea: conv_id= (empty=1)
ollama-1  | slot get_availabl: id  0 | task -1 |  - checking sim = 0.745 (328/440) > 0.100
ollama-1  | slot get_availabl: id  0 | task -1 | selected slot by LCP similarity, f_sim_best = 0.745 (> 0.100 thold), f_keep = 0.504
ollama-1  | slot launch_slot_: id  0 | task -1 | sampler chain: logits -> ?penalties -> ?dry -> ?top-n-sigma -> top-k -> ?typical -> top-p -> ?min-p -> ?xtc -> temp-ext -> dist 
ollama-1  | slot launch_slot_: id  0 | task -1 | sampler params: 
ollama-1  | 	repeat_last_n = 64, repeat_penalty = 1.000, frequency_penalty = 0.000, presence_penalty = 0.000
ollama-1  | 	dry_multiplier = 0.000, dry_base = 1.750, dry_allowed_length = 2, dry_penalty_last_n = 64
ollama-1  | 	top_k = 40, top_p = 0.900, min_p = 0.000, xtc_probability = 0.000, xtc_threshold = 0.100, typical_p = 1.000, top_n_sigma = -1.000, temp = 0.000
ollama-1  | 	mirostat = 0, mirostat_lr = 0.100, mirostat_ent = 5.000, adaptive_target = -1.000, adaptive_decay = 0.900
ollama-1  | slot launch_slot_: id  0 | task 12319 | processing task, is_child = 0
ollama-1  | slot   operator(): id  0 | task 12319 | new prompt, n_ctx_slot = 4096, n_keep = 4, task.n_tokens = 440
ollama-1  | slot   operator(): id  0 | task 12319 | cached n_tokens = 328, memory_seq_rm [328, end)
ollama-1  | slot init_sampler: id  0 | task 12319 | init sampler, took 0.05 ms, tokens: text = 440, total = 440
ollama-1  | slot print_timing: id  0 | task 12319 | prompt eval time =     452.01 ms /   112 tokens (    4.04 ms per token,   247.78 tokens per second)
ollama-1  | slot print_timing: id  0 | task 12319 |        eval time =     175.13 ms /     9 tokens (   21.89 ms per token,    45.68 tokens per second)
ollama-1  | slot print_timing: id  0 | task 12319 |       total time =     627.14 ms /   121 tokens
ollama-1  | slot print_timing: id  0 | task 12319 |    graphs reused =       8441
ollama-1  | slot      release: id  0 | task 12319 | stop processing: n_tokens = 448, truncated = 0
ollama-1  | srv  update_slots: all slots are idle
ollama-1  | [GIN] 2026/10/07 - 11:00:03 | 200 |  3.709659426s |      172.21.0.4 | POST     "/api/generate"
ollama-1  | srv  server_strea: conv_id= (empty=1)
ollama-1  | slot get_availabl: id  0 | task -1 |  - checking sim = 0.610 (328/538) > 0.100
ollama-1  | slot get_availabl: id  0 | task -1 | selected slot by LCP similarity, f_sim_best = 0.610 (> 0.100 thold), f_keep = 0.732
ollama-1  | slot launch_slot_: id  0 | task -1 | sampler chain: logits -> ?penalties -> ?dry -> ?top-n-sigma -> top-k -> ?typical -> top-p -> ?min-p -> ?xtc -> temp-ext -> dist 
ollama-1  | slot launch_slot_: id  0 | task -1 | sampler params: 
ollama-1  | 	repeat_last_n = 64, repeat_penalty = 1.000, frequency_penalty = 0.000, presence_penalty = 0.000
ollama-1  | 	dry_multiplier = 0.000, dry_base = 1.750, dry_allowed_length = 2, dry_penalty_last_n = 64
ollama-1  | 	top_k = 40, top_p = 0.900, min_p = 0.000, xtc_probability = 0.000, xtc_threshold = 0.100, typical_p = 1.000, top_n_sigma = -1.000, temp = 0.000
ollama-1  | 	mirostat = 0, mirostat_lr = 0.100, mirostat_ent = 5.000, adaptive_target = -1.000, adaptive_decay = 0.900
ollama-1  | slot launch_slot_: id  0 | task 12329 | processing task, is_child = 0
ollama-1  | slot   operator(): id  0 | task 12329 | new prompt, n_ctx_slot = 4096, n_keep = 4, task.n_tokens = 538
ollama-1  | slot   operator(): id  0 | task 12329 | cached n_tokens = 328, memory_seq_rm [328, end)
ollama-1  | slot init_sampler: id  0 | task 12329 | init sampler, took 0.07 ms, tokens: text = 538, total = 538
ollama-1  | slot print_timing: id  0 | task 12329 | prompt eval time =     852.79 ms /   210 tokens (    4.06 ms per token,   246.25 tokens per second)
ollama-1  | slot print_timing: id  0 | task 12329 |        eval time =     176.81 ms /     9 tokens (   22.10 ms per token,    45.25 tokens per second)
ollama-1  | slot print_timing: id  0 | task 12329 |       total time =    1029.60 ms /   219 tokens
ollama-1  | slot print_timing: id  0 | task 12329 |    graphs reused =       8448
ollama-1  | slot      release: id  0 | task 12329 | stop processing: n_tokens = 546, truncated = 0
ollama-1  | srv  update_slots: all slots are idle
ollama-1  | [GIN] 2026/10/07 - 11:00:04 | 200 |  4.187447894s |      172.21.0.4 | POST     "/api/generate"
ollama-1  | srv  server_strea: conv_id= (empty=1)
ollama-1  | slot get_availabl: id  0 | task -1 |  - checking sim = 0.590 (328/556) > 0.100
ollama-1  | slot get_availabl: id  0 | task -1 | selected slot by LCP similarity, f_sim_best = 0.590 (> 0.100 thold), f_keep = 0.601
ollama-1  | slot launch_slot_: id  0 | task -1 | sampler chain: logits -> ?penalties -> ?dry -> ?top-n-sigma -> top-k -> ?typical -> top-p -> ?min-p -> ?xtc -> temp-ext -> dist 
ollama-1  | slot launch_slot_: id  0 | task -1 | sampler params: 
ollama-1  | 	repeat_last_n = 64, repeat_penalty = 1.000, frequency_penalty = 0.000, presence_penalty = 0.000
ollama-1  | 	dry_multiplier = 0.000, dry_base = 1.750, dry_allowed_length = 2, dry_penalty_last_n = 64
ollama-1  | 	top_k = 40, top_p = 0.900, min_p = 0.000, xtc_probability = 0.000, xtc_threshold = 0.100, typical_p = 1.000, top_n_sigma = -1.000, temp = 0.000
ollama-1  | 	mirostat = 0, mirostat_lr = 0.100, mirostat_ent = 5.000, adaptive_target = -1.000, adaptive_decay = 0.900
ollama-1  | slot launch_slot_: id  0 | task 12339 | processing task, is_child = 0
ollama-1  | slot   operator(): id  0 | task 12339 | new prompt, n_ctx_slot = 4096, n_keep = 4, task.n_tokens = 556
ollama-1  | slot   operator(): id  0 | task 12339 | cached n_tokens = 328, memory_seq_rm [328, end)
ollama-1  | slot init_sampler: id  0 | task 12339 | init sampler, took 0.05 ms, tokens: text = 556, total = 556
ollama-1  | slot print_timing: id  0 | task 12339 | prompt eval time =     931.86 ms /   228 tokens (    4.09 ms per token,   244.67 tokens per second)
ollama-1  | slot print_timing: id  0 | task 12339 |        eval time =     183.86 ms /     9 tokens (   22.98 ms per token,    43.51 tokens per second)
ollama-1  | slot print_timing: id  0 | task 12339 |       total time =    1115.72 ms /   237 tokens
ollama-1  | slot print_timing: id  0 | task 12339 |    graphs reused =       8455
ollama-1  | slot      release: id  0 | task 12339 | stop processing: n_tokens = 564, truncated = 0
ollama-1  | srv  update_slots: all slots are idle
ollama-1  | [GIN] 2026/10/07 - 11:00:06 | 200 |  4.410389265s |      172.21.0.4 | POST     "/api/generate"
ollama-1  | srv  server_strea: conv_id= (empty=1)
ollama-1  | slot get_availabl: id  0 | task -1 |  - checking sim = 0.427 (328/768) > 0.100
ollama-1  | slot get_availabl: id  0 | task -1 | selected slot by LCP similarity, f_sim_best = 0.427 (> 0.100 thold), f_keep = 0.582
ollama-1  | slot launch_slot_: id  0 | task -1 | sampler chain: logits -> ?penalties -> ?dry -> ?top-n-sigma -> top-k -> ?typical -> top-p -> ?min-p -> ?xtc -> temp-ext -> dist 
ollama-1  | slot launch_slot_: id  0 | task -1 | sampler params: 
ollama-1  | 	repeat_last_n = 64, repeat_penalty = 1.000, frequency_penalty = 0.000, presence_penalty = 0.000
ollama-1  | 	dry_multiplier = 0.000, dry_base = 1.750, dry_allowed_length = 2, dry_penalty_last_n = 64
ollama-1  | 	top_k = 40, top_p = 0.900, min_p = 0.000, xtc_probability = 0.000, xtc_threshold = 0.100, typical_p = 1.000, top_n_sigma = -1.000, temp = 0.000
ollama-1  | 	mirostat = 0, mirostat_lr = 0.100, mirostat_ent = 5.000, adaptive_target = -1.000, adaptive_decay = 0.900
ollama-1  | slot launch_slot_: id  0 | task 12349 | processing task, is_child = 0
ollama-1  | slot   operator(): id  0 | task 12349 | new prompt, n_ctx_slot = 4096, n_keep = 4, task.n_tokens = 768
ollama-1  | slot   operator(): id  0 | task 12349 | cached n_tokens = 328, memory_seq_rm [328, end)
ollama-1  | slot init_sampler: id  0 | task 12349 | init sampler, took 0.09 ms, tokens: text = 768, total = 768
ollama-1  | slot print_timing: id  0 | task 12349 | prompt eval time =    1815.16 ms /   440 tokens (    4.13 ms per token,   242.40 tokens per second)
ollama-1  | slot print_timing: id  0 | task 12349 |        eval time =     220.00 ms /    10 tokens (   24.44 ms per token,    40.91 tokens per second)
ollama-1  | slot print_timing: id  0 | task 12349 |       total time =    2035.16 ms /   450 tokens
ollama-1  | slot print_timing: id  0 | task 12349 |    graphs reused =       8463
ollama-1  | slot      release: id  0 | task 12349 | stop processing: n_tokens = 777, truncated = 0
ollama-1  | srv  update_slots: all slots are idle
ollama-1  | [GIN] 2026/10/07 - 11:00:08 | 200 |  6.039272071s |      172.21.0.4 | POST     "/api/generate"
ollama-1  | srv  server_strea: conv_id= (empty=1)
ollama-1  | slot get_availabl: id  0 | task -1 |  - checking sim = 0.641 (328/512) > 0.100
ollama-1  | slot get_availabl: id  0 | task -1 | selected slot by LCP similarity, f_sim_best = 0.641 (> 0.100 thold), f_keep = 0.422
ollama-1  | srv  get_availabl: updating prompt cache
ollama-1  | srv   prompt_save:  - saving prompt with length 777, total state size = 24.291 MiB (draft: 0.000 MiB)
ollama-1  | srv         alloc:  - prompt is already in the cache, skipping
ollama-1  | srv          load:  - looking for better prompt, base f_keep = 0.422, f_sim = 0.641
ollama-1  | srv          load:    - prompt with length     709, lcp =     328, f_keep = 0.463, f_sim = 0.641
ollama-1  | srv          load:    - prompt with length     700, lcp =     328, f_keep = 0.469, f_sim = 0.641
ollama-1  | srv          load:    - prompt with length     695, lcp =     328, f_keep = 0.472, f_sim = 0.641
ollama-1  | srv          load:    - prompt with length     670, lcp =     328, f_keep = 0.490, f_sim = 0.641
ollama-1  | srv          load:    - prompt with length     730, lcp =     328, f_keep = 0.449, f_sim = 0.641
ollama-1  | srv          load:    - prompt with length     779, lcp =     328, f_keep = 0.421, f_sim = 0.641
ollama-1  | srv          load:    - prompt with length     805, lcp =     328, f_keep = 0.407, f_sim = 0.641
ollama-1  | srv          load:    - prompt with length     696, lcp =     328, f_keep = 0.471, f_sim = 0.641
ollama-1  | srv          load:    - prompt with length     962, lcp =     328, f_keep = 0.341, f_sim = 0.641
ollama-1  | srv          load:    - prompt with length     705, lcp =     328, f_keep = 0.465, f_sim = 0.641
ollama-1  | srv          load:    - prompt with length     722, lcp =     328, f_keep = 0.454, f_sim = 0.641
ollama-1  | srv          load:    - prompt with length     704, lcp =     328, f_keep = 0.466, f_sim = 0.641
ollama-1  | srv          load:    - prompt with length     710, lcp =     328, f_keep = 0.462, f_sim = 0.641
ollama-1  | srv          load:    - prompt with length     752, lcp =     328, f_keep = 0.436, f_sim = 0.641
ollama-1  | srv          load:    - prompt with length     683, lcp =     328, f_keep = 0.480, f_sim = 0.641
ollama-1  | srv          load:    - prompt with length     777, lcp =     328, f_keep = 0.422, f_sim = 0.641
ollama-1  | srv          load:    - prompt with length     730, lcp =     328, f_keep = 0.449, f_sim = 0.641
ollama-1  | srv          load:    - prompt with length     771, lcp =     328, f_keep = 0.425, f_sim = 0.641
ollama-1  | srv          load:    - prompt with length     740, lcp =     328, f_keep = 0.443, f_sim = 0.641
ollama-1  | srv          load:    - prompt with length     677, lcp =     328, f_keep = 0.484, f_sim = 0.641
ollama-1  | srv          load:    - prompt with length     738, lcp =     328, f_keep = 0.444, f_sim = 0.641
ollama-1  | srv          load:    - prompt with length     738, lcp =     328, f_keep = 0.444, f_sim = 0.641
ollama-1  | srv          load:    - prompt with length     777, lcp =     328, f_keep = 0.422, f_sim = 0.641
ollama-1  | srv          load:    - prompt with length     733, lcp =     328, f_keep = 0.447, f_sim = 0.641
ollama-1  | srv          load:    - prompt with length     798, lcp =     328, f_keep = 0.411, f_sim = 0.641
ollama-1  | srv          load:    - prompt with length     661, lcp =     328, f_keep = 0.496, f_sim = 0.641
ollama-1  | srv          load:    - prompt with length     663, lcp =     328, f_keep = 0.495, f_sim = 0.641
ollama-1  | srv          load:    - prompt with length     774, lcp =     328, f_keep = 0.424, f_sim = 0.641
ollama-1  | srv        update:  - cache state: 28 prompts, 643.965 MiB (limits: 8192.000 MiB, 4096 tokens, 262043 est)
ollama-1  | srv        update:    - prompt 0x2111c2b0:     709 tokens, checkpoints:  0,    22.165 MiB
ollama-1  | srv        update:    - prompt 0x1d133370:     700 tokens, checkpoints:  0,    21.883 MiB
ollama-1  | srv        update:    - prompt 0x1d12e2c0:     695 tokens, checkpoints:  0,    21.727 MiB
ollama-1  | srv        update:    - prompt 0x1d12d8d0:     670 tokens, checkpoints:  0,    20.946 MiB
ollama-1  | srv        update:    - prompt 0x1d708a50:     730 tokens, checkpoints:  0,    22.821 MiB
ollama-1  | srv        update:    - prompt 0x1d12ae00:     779 tokens, checkpoints:  0,    24.353 MiB
ollama-1  | srv        update:    - prompt 0x1d728d30:     805 tokens, checkpoints:  0,    25.166 MiB
ollama-1  | srv        update:    - prompt 0x2427f580:     696 tokens, checkpoints:  0,    21.758 MiB
ollama-1  | srv        update:    - prompt 0x30e39f50:     962 tokens, checkpoints:  0,    30.074 MiB
ollama-1  | srv        update:    - prompt 0x1e85d3b0:     705 tokens, checkpoints:  0,    22.040 MiB
ollama-1  | srv        update:    - prompt 0x1e7a4ad0:     722 tokens, checkpoints:  0,    22.571 MiB
ollama-1  | srv        update:    - prompt 0x24d036a0:     704 tokens, checkpoints:  0,    22.008 MiB
ollama-1  | srv        update:    - prompt 0x1e75fd60:     710 tokens, checkpoints:  0,    22.196 MiB
ollama-1  | srv        update:    - prompt 0x24367aa0:     752 tokens, checkpoints:  0,    23.509 MiB
ollama-1  | srv        update:    - prompt 0x243c6d30:     683 tokens, checkpoints:  0,    21.352 MiB
ollama-1  | srv        update:    - prompt 0x24273cf0:     777 tokens, checkpoints:  0,    24.291 MiB
ollama-1  | srv        update:    - prompt 0x1d311810:     730 tokens, checkpoints:  0,    22.821 MiB
ollama-1  | srv        update:    - prompt 0x2a2a47f0:     771 tokens, checkpoints:  0,    24.103 MiB
ollama-1  | srv        update:    - prompt 0x2448abc0:     740 tokens, checkpoints:  0,    23.134 MiB
ollama-1  | srv        update:    - prompt 0x1e82e900:     677 tokens, checkpoints:  0,    21.164 MiB
ollama-1  | srv        update:    - prompt 0x24432260:     738 tokens, checkpoints:  0,    23.071 MiB
ollama-1  | srv        update:    - prompt 0x242f5d40:     738 tokens, checkpoints:  0,    23.071 MiB
ollama-1  | srv        update:    - prompt 0x2444bcc0:     777 tokens, checkpoints:  0,    24.291 MiB
ollama-1  | srv        update:    - prompt 0x24917360:     733 tokens, checkpoints:  0,    22.915 MiB
ollama-1  | srv        update:    - prompt 0x2443a030:     798 tokens, checkpoints:  0,    24.947 MiB
ollama-1  | srv        update:    - prompt 0x24213850:     661 tokens, checkpoints:  0,    20.664 MiB
ollama-1  | srv        update:    - prompt 0x249026f0:     663 tokens, checkpoints:  0,    20.727 MiB
ollama-1  | srv        update:    - prompt 0x2a2a32e0:     774 tokens, checkpoints:  0,    24.197 MiB
ollama-1  | srv  get_availabl: prompt cache update took 0.06 ms
ollama-1  | slot launch_slot_: id  0 | task -1 | sampler chain: logits -> ?penalties -> ?dry -> ?top-n-sigma -> top-k -> ?typical -> top-p -> ?min-p -> ?xtc -> temp-ext -> dist 
ollama-1  | slot launch_slot_: id  0 | task -1 | sampler params: 
ollama-1  | 	repeat_last_n = 64, repeat_penalty = 1.000, frequency_penalty = 0.000, presence_penalty = 0.000
ollama-1  | 	dry_multiplier = 0.000, dry_base = 1.750, dry_allowed_length = 2, dry_penalty_last_n = 64
ollama-1  | 	top_k = 40, top_p = 0.900, min_p = 0.000, xtc_probability = 0.000, xtc_threshold = 0.100, typical_p = 1.000, top_n_sigma = -1.000, temp = 0.000
ollama-1  | 	mirostat = 0, mirostat_lr = 0.100, mirostat_ent = 5.000, adaptive_target = -1.000, adaptive_decay = 0.900
ollama-1  | slot launch_slot_: id  0 | task 12360 | processing task, is_child = 0
ollama-1  | slot   operator(): id  0 | task 12360 | new prompt, n_ctx_slot = 4096, n_keep = 4, task.n_tokens = 512
ollama-1  | slot   operator(): id  0 | task 12360 | cached n_tokens = 328, memory_seq_rm [328, end)
ollama-1  | slot init_sampler: id  0 | task 12360 | init sampler, took 0.04 ms, tokens: text = 512, total = 512
ollama-1  | slot print_timing: id  0 | task 12360 | prompt eval time =     761.03 ms /   184 tokens (    4.14 ms per token,   241.78 tokens per second)
ollama-1  | slot print_timing: id  0 | task 12360 |        eval time =     183.64 ms /     9 tokens (   22.95 ms per token,    43.56 tokens per second)
ollama-1  | slot print_timing: id  0 | task 12360 |       total time =     944.67 ms /   193 tokens
ollama-1  | slot print_timing: id  0 | task 12360 |    graphs reused =       8470
ollama-1  | slot      release: id  0 | task 12360 | stop processing: n_tokens = 520, truncated = 0
ollama-1  | srv  update_slots: all slots are idle
ollama-1  | [GIN] 2026/10/07 - 11:00:08 | 200 |      23.613µs |       127.0.0.1 | HEAD     "/"
ollama-1  | [GIN] 2026/10/07 - 11:00:08 | 200 |  6.248197813s |      172.21.0.4 | POST     "/api/generate"
ollama-1  | [GIN] 2026/10/07 - 11:00:08 | 200 |     795.965µs |       127.0.0.1 | GET      "/api/tags"
ollama-1  | srv  server_strea: conv_id= (empty=1)
ollama-1  | slot get_availabl: id  0 | task -1 |  - checking sim = 0.630 (328/521) > 0.100
ollama-1  | slot get_availabl: id  0 | task -1 | selected slot by LCP similarity, f_sim_best = 0.630 (> 0.100 thold), f_keep = 0.631
ollama-1  | slot launch_slot_: id  0 | task -1 | sampler chain: logits -> ?penalties -> ?dry -> ?top-n-sigma -> top-k -> ?typical -> top-p -> ?min-p -> ?xtc -> temp-ext -> dist 
ollama-1  | slot launch_slot_: id  0 | task -1 | sampler params: 
ollama-1  | 	repeat_last_n = 64, repeat_penalty = 1.000, frequency_penalty = 0.000, presence_penalty = 0.000
ollama-1  | 	dry_multiplier = 0.000, dry_base = 1.750, dry_allowed_length = 2, dry_penalty_last_n = 64
ollama-1  | 	top_k = 40, top_p = 0.900, min_p = 0.000, xtc_probability = 0.000, xtc_threshold = 0.100, typical_p = 1.000, top_n_sigma = -1.000, temp = 0.000
ollama-1  | 	mirostat = 0, mirostat_lr = 0.100, mirostat_ent = 5.000, adaptive_target = -1.000, adaptive_decay = 0.900
ollama-1  | slot launch_slot_: id  0 | task 12370 | processing task, is_child = 0
ollama-1  | slot   operator(): id  0 | task 12370 | new prompt, n_ctx_slot = 4096, n_keep = 4, task.n_tokens = 521
ollama-1  | slot   operator(): id  0 | task 12370 | cached n_tokens = 328, memory_seq_rm [328, end)
ollama-1  | slot init_sampler: id  0 | task 12370 | init sampler, took 0.06 ms, tokens: text = 521, total = 521
ollama-1  | slot print_timing: id  0 | task 12370 | prompt eval time =     766.45 ms /   193 tokens (    3.97 ms per token,   251.81 tokens per second)
ollama-1  | slot print_timing: id  0 | task 12370 |        eval time =     144.93 ms /     8 tokens (   20.70 ms per token,    48.30 tokens per second)
ollama-1  | slot print_timing: id  0 | task 12370 |       total time =     911.37 ms /   201 tokens
ollama-1  | slot print_timing: id  0 | task 12370 |    graphs reused =       8476
ollama-1  | slot      release: id  0 | task 12370 | stop processing: n_tokens = 528, truncated = 0
ollama-1  | srv  update_slots: all slots are idle
ollama-1  | [GIN] 2026/10/07 - 11:00:09 | 200 |  6.892748801s |      172.21.0.4 | POST     "/api/generate"
ollama-1  | srv  server_strea: conv_id= (empty=1)
ollama-1  | slot get_availabl: id  0 | task -1 |  - checking sim = 0.718 (328/457) > 0.100
ollama-1  | slot get_availabl: id  0 | task -1 | selected slot by LCP similarity, f_sim_best = 0.718 (> 0.100 thold), f_keep = 0.621
ollama-1  | slot launch_slot_: id  0 | task -1 | sampler chain: logits -> ?penalties -> ?dry -> ?top-n-sigma -> top-k -> ?typical -> top-p -> ?min-p -> ?xtc -> temp-ext -> dist 
ollama-1  | slot launch_slot_: id  0 | task -1 | sampler params: 
ollama-1  | 	repeat_last_n = 64, repeat_penalty = 1.000, frequency_penalty = 0.000, presence_penalty = 0.000
ollama-1  | 	dry_multiplier = 0.000, dry_base = 1.750, dry_allowed_length = 2, dry_penalty_last_n = 64
ollama-1  | 	top_k = 40, top_p = 0.900, min_p = 0.000, xtc_probability = 0.000, xtc_threshold = 0.100, typical_p = 1.000, top_n_sigma = -1.000, temp = 0.000
ollama-1  | 	mirostat = 0, mirostat_lr = 0.100, mirostat_ent = 5.000, adaptive_target = -1.000, adaptive_decay = 0.900
ollama-1  | slot launch_slot_: id  0 | task 12379 | processing task, is_child = 0
ollama-1  | slot   operator(): id  0 | task 12379 | new prompt, n_ctx_slot = 4096, n_keep = 4, task.n_tokens = 457
ollama-1  | slot   operator(): id  0 | task 12379 | cached n_tokens = 328, memory_seq_rm [328, end)
ollama-1  | slot init_sampler: id  0 | task 12379 | init sampler, took 0.04 ms, tokens: text = 457, total = 457
ollama-1  | slot print_timing: id  0 | task 12379 | prompt eval time =     505.32 ms /   129 tokens (    3.92 ms per token,   255.28 tokens per second)
ollama-1  | slot print_timing: id  0 | task 12379 |        eval time =     191.12 ms /    10 tokens (   21.24 ms per token,    47.09 tokens per second)
ollama-1  | slot print_timing: id  0 | task 12379 |       total time =     696.44 ms /   139 tokens
ollama-1  | slot print_timing: id  0 | task 12379 |    graphs reused =       8484
ollama-1  | slot      release: id  0 | task 12379 | stop processing: n_tokens = 466, truncated = 0
ollama-1  | srv  update_slots: all slots are idle
ollama-1  | [GIN] 2026/10/07 - 11:00:10 | 200 |  6.888916793s |      172.21.0.4 | POST     "/api/generate"
ollama-1  | srv  server_strea: conv_id= (empty=1)
ollama-1  | slot get_availabl: id  0 | task -1 |  - checking sim = 0.620 (328/529) > 0.100
ollama-1  | slot get_availabl: id  0 | task -1 | selected slot by LCP similarity, f_sim_best = 0.620 (> 0.100 thold), f_keep = 0.704
ollama-1  | slot launch_slot_: id  0 | task -1 | sampler chain: logits -> ?penalties -> ?dry -> ?top-n-sigma -> top-k -> ?typical -> top-p -> ?min-p -> ?xtc -> temp-ext -> dist 
ollama-1  | slot launch_slot_: id  0 | task -1 | sampler params: 
ollama-1  | 	repeat_last_n = 64, repeat_penalty = 1.000, frequency_penalty = 0.000, presence_penalty = 0.000
ollama-1  | 	dry_multiplier = 0.000, dry_base = 1.750, dry_allowed_length = 2, dry_penalty_last_n = 64
ollama-1  | 	top_k = 40, top_p = 0.900, min_p = 0.000, xtc_probability = 0.000, xtc_threshold = 0.100, typical_p = 1.000, top_n_sigma = -1.000, temp = 0.000
ollama-1  | 	mirostat = 0, mirostat_lr = 0.100, mirostat_ent = 5.000, adaptive_target = -1.000, adaptive_decay = 0.900
ollama-1  | slot launch_slot_: id  0 | task 12390 | processing task, is_child = 0
ollama-1  | slot   operator(): id  0 | task 12390 | new prompt, n_ctx_slot = 4096, n_keep = 4, task.n_tokens = 529
ollama-1  | slot   operator(): id  0 | task 12390 | cached n_tokens = 328, memory_seq_rm [328, end)
ollama-1  | slot init_sampler: id  0 | task 12390 | init sampler, took 0.04 ms, tokens: text = 529, total = 529
ollama-1  | slot print_timing: id  0 | task 12390 | prompt eval time =     805.58 ms /   201 tokens (    4.01 ms per token,   249.51 tokens per second)
ollama-1  | slot print_timing: id  0 | task 12390 |        eval time =     196.19 ms /    10 tokens (   21.80 ms per token,    45.87 tokens per second)
ollama-1  | slot print_timing: id  0 | task 12390 |       total time =    1001.76 ms /   211 tokens
ollama-1  | slot print_timing: id  0 | task 12390 |    graphs reused =       8492
ollama-1  | slot      release: id  0 | task 12390 | stop processing: n_tokens = 538, truncated = 0
ollama-1  | srv  update_slots: all slots are idle
ollama-1  | [GIN] 2026/10/07 - 11:00:11 | 200 |    7.7199144s |      172.21.0.4 | POST     "/api/generate"
ollama-1  | srv  server_strea: conv_id= (empty=1)
ollama-1  | slot get_availabl: id  0 | task -1 |  - checking sim = 0.828 (328/396) > 0.100
ollama-1  | slot get_availabl: id  0 | task -1 | selected slot by LCP similarity, f_sim_best = 0.828 (> 0.100 thold), f_keep = 0.610
ollama-1  | slot launch_slot_: id  0 | task -1 | sampler chain: logits -> ?penalties -> ?dry -> ?top-n-sigma -> top-k -> ?typical -> top-p -> ?min-p -> ?xtc -> temp-ext -> dist 
ollama-1  | slot launch_slot_: id  0 | task -1 | sampler params: 
ollama-1  | 	repeat_last_n = 64, repeat_penalty = 1.000, frequency_penalty = 0.000, presence_penalty = 0.000
ollama-1  | 	dry_multiplier = 0.000, dry_base = 1.750, dry_allowed_length = 2, dry_penalty_last_n = 64
ollama-1  | 	top_k = 40, top_p = 0.900, min_p = 0.000, xtc_probability = 0.000, xtc_threshold = 0.100, typical_p = 1.000, top_n_sigma = -1.000, temp = 0.000
ollama-1  | 	mirostat = 0, mirostat_lr = 0.100, mirostat_ent = 5.000, adaptive_target = -1.000, adaptive_decay = 0.900
ollama-1  | slot launch_slot_: id  0 | task 12401 | processing task, is_child = 0
ollama-1  | slot   operator(): id  0 | task 12401 | new prompt, n_ctx_slot = 4096, n_keep = 4, task.n_tokens = 396
ollama-1  | slot   operator(): id  0 | task 12401 | cached n_tokens = 328, memory_seq_rm [328, end)
ollama-1  | slot init_sampler: id  0 | task 12401 | init sampler, took 0.04 ms, tokens: text = 396, total = 396
ollama-1  | slot print_timing: id  0 | task 12401 | prompt eval time =     280.78 ms /    68 tokens (    4.13 ms per token,   242.18 tokens per second)
ollama-1  | slot print_timing: id  0 | task 12401 |        eval time =     151.02 ms /     8 tokens (   21.57 ms per token,    46.35 tokens per second)
ollama-1  | slot print_timing: id  0 | task 12401 |       total time =     431.79 ms /    76 tokens
ollama-1  | slot print_timing: id  0 | task 12401 |    graphs reused =       8498
ollama-1  | slot      release: id  0 | task 12401 | stop processing: n_tokens = 403, truncated = 0
ollama-1  | srv  update_slots: all slots are idle
ollama-1  | [GIN] 2026/10/07 - 11:00:11 | 200 |   6.71217365s |      172.21.0.4 | POST     "/api/generate"
ollama-1  | srv  server_strea: conv_id= (empty=1)
ollama-1  | slot get_availabl: id  0 | task -1 |  - checking sim = 0.630 (328/521) > 0.100
ollama-1  | slot get_availabl: id  0 | task -1 | selected slot by LCP similarity, f_sim_best = 0.630 (> 0.100 thold), f_keep = 0.814
ollama-1  | slot launch_slot_: id  0 | task -1 | sampler chain: logits -> ?penalties -> ?dry -> ?top-n-sigma -> top-k -> ?typical -> top-p -> ?min-p -> ?xtc -> temp-ext -> dist 
ollama-1  | slot launch_slot_: id  0 | task -1 | sampler params: 
ollama-1  | 	repeat_last_n = 64, repeat_penalty = 1.000, frequency_penalty = 0.000, presence_penalty = 0.000
ollama-1  | 	dry_multiplier = 0.000, dry_base = 1.750, dry_allowed_length = 2, dry_penalty_last_n = 64
ollama-1  | 	top_k = 40, top_p = 0.900, min_p = 0.000, xtc_probability = 0.000, xtc_threshold = 0.100, typical_p = 1.000, top_n_sigma = -1.000, temp = 0.000
ollama-1  | 	mirostat = 0, mirostat_lr = 0.100, mirostat_ent = 5.000, adaptive_target = -1.000, adaptive_decay = 0.900
ollama-1  | slot launch_slot_: id  0 | task 12410 | processing task, is_child = 0
ollama-1  | slot   operator(): id  0 | task 12410 | new prompt, n_ctx_slot = 4096, n_keep = 4, task.n_tokens = 521
ollama-1  | slot   operator(): id  0 | task 12410 | cached n_tokens = 328, memory_seq_rm [328, end)
ollama-1  | slot init_sampler: id  0 | task 12410 | init sampler, took 0.04 ms, tokens: text = 521, total = 521
ollama-1  | slot print_timing: id  0 | task 12410 | prompt eval time =     769.18 ms /   193 tokens (    3.99 ms per token,   250.92 tokens per second)
ollama-1  | slot print_timing: id  0 | task 12410 |        eval time =     147.82 ms /     8 tokens (   21.12 ms per token,    47.35 tokens per second)
ollama-1  | slot print_timing: id  0 | task 12410 |       total time =     917.01 ms /   201 tokens
ollama-1  | slot print_timing: id  0 | task 12410 |    graphs reused =       8504
ollama-1  | slot      release: id  0 | task 12410 | stop processing: n_tokens = 528, truncated = 0
ollama-1  | srv  update_slots: all slots are idle
ollama-1  | [GIN] 2026/10/07 - 11:00:12 | 200 |  7.626948438s |      172.21.0.4 | POST     "/api/generate"
ollama-1  | srv  server_strea: conv_id= (empty=1)
ollama-1  | slot get_availabl: id  0 | task -1 |  - checking sim = 0.779 (328/421) > 0.100
ollama-1  | slot get_availabl: id  0 | task -1 | selected slot by LCP similarity, f_sim_best = 0.779 (> 0.100 thold), f_keep = 0.621
ollama-1  | slot launch_slot_: id  0 | task -1 | sampler chain: logits -> ?penalties -> ?dry -> ?top-n-sigma -> top-k -> ?typical -> top-p -> ?min-p -> ?xtc -> temp-ext -> dist 
ollama-1  | slot launch_slot_: id  0 | task -1 | sampler params: 
ollama-1  | 	repeat_last_n = 64, repeat_penalty = 1.000, frequency_penalty = 0.000, presence_penalty = 0.000
ollama-1  | 	dry_multiplier = 0.000, dry_base = 1.750, dry_allowed_length = 2, dry_penalty_last_n = 64
ollama-1  | 	top_k = 40, top_p = 0.900, min_p = 0.000, xtc_probability = 0.000, xtc_threshold = 0.100, typical_p = 1.000, top_n_sigma = -1.000, temp = 0.000
ollama-1  | 	mirostat = 0, mirostat_lr = 0.100, mirostat_ent = 5.000, adaptive_target = -1.000, adaptive_decay = 0.900
ollama-1  | slot launch_slot_: id  0 | task 12419 | processing task, is_child = 0
ollama-1  | slot   operator(): id  0 | task 12419 | new prompt, n_ctx_slot = 4096, n_keep = 4, task.n_tokens = 421
ollama-1  | slot   operator(): id  0 | task 12419 | cached n_tokens = 328, memory_seq_rm [328, end)
ollama-1  | slot init_sampler: id  0 | task 12419 | init sampler, took 0.05 ms, tokens: text = 421, total = 421
ollama-1  | slot print_timing: id  0 | task 12419 | prompt eval time =     378.18 ms /    93 tokens (    4.07 ms per token,   245.92 tokens per second)
ollama-1  | slot print_timing: id  0 | task 12419 |        eval time =     156.18 ms /     8 tokens (   22.31 ms per token,    44.82 tokens per second)
ollama-1  | slot print_timing: id  0 | task 12419 |       total time =     534.36 ms /   101 tokens
ollama-1  | slot print_timing: id  0 | task 12419 |    graphs reused =       8510
ollama-1  | slot      release: id  0 | task 12419 | stop processing: n_tokens = 428, truncated = 0
ollama-1  | srv  update_slots: all slots are idle
ollama-1  | [GIN] 2026/10/07 - 11:00:13 | 200 |  8.079935498s |      172.21.0.4 | POST     "/api/generate"
ollama-1  | srv  server_strea: conv_id= (empty=1)
ollama-1  | slot get_availabl: id  0 | task -1 |  - checking sim = 0.486 (329/677) > 0.100
ollama-1  | slot get_availabl: id  0 | task -1 | selected slot by LCP similarity, f_sim_best = 0.486 (> 0.100 thold), f_keep = 0.769
ollama-1  | slot launch_slot_: id  0 | task -1 | sampler chain: logits -> ?penalties -> ?dry -> ?top-n-sigma -> top-k -> ?typical -> top-p -> ?min-p -> ?xtc -> temp-ext -> dist 
ollama-1  | slot launch_slot_: id  0 | task -1 | sampler params: 
ollama-1  | 	repeat_last_n = 64, repeat_penalty = 1.000, frequency_penalty = 0.000, presence_penalty = 0.000
ollama-1  | 	dry_multiplier = 0.000, dry_base = 1.750, dry_allowed_length = 2, dry_penalty_last_n = 64
ollama-1  | 	top_k = 40, top_p = 0.900, min_p = 0.000, xtc_probability = 0.000, xtc_threshold = 0.100, typical_p = 1.000, top_n_sigma = -1.000, temp = 0.000
ollama-1  | 	mirostat = 0, mirostat_lr = 0.100, mirostat_ent = 5.000, adaptive_target = -1.000, adaptive_decay = 0.900
ollama-1  | slot launch_slot_: id  0 | task 12428 | processing task, is_child = 0
ollama-1  | slot   operator(): id  0 | task 12428 | new prompt, n_ctx_slot = 4096, n_keep = 4, task.n_tokens = 677
ollama-1  | slot   operator(): id  0 | task 12428 | cached n_tokens = 329, memory_seq_rm [329, end)
ollama-1  | slot init_sampler: id  0 | task 12428 | init sampler, took 0.08 ms, tokens: text = 677, total = 677
ollama-1  | slot print_timing: id  0 | task 12428 | prompt eval time =    1407.89 ms /   348 tokens (    4.05 ms per token,   247.18 tokens per second)
ollama-1  | slot print_timing: id  0 | task 12428 |        eval time =     151.48 ms /     8 tokens (   21.64 ms per token,    46.21 tokens per second)
ollama-1  | slot print_timing: id  0 | task 12428 |       total time =    1559.37 ms /   356 tokens
ollama-1  | slot print_timing: id  0 | task 12428 |    graphs reused =       8516
ollama-1  | slot      release: id  0 | task 12428 | stop processing: n_tokens = 684, truncated = 0
ollama-1  | srv  update_slots: all slots are idle
ollama-1  | [GIN] 2026/10/07 - 11:00:14 | 200 |  9.555326375s |      172.21.0.4 | POST     "/api/generate"
ollama-1  | srv  server_strea: conv_id= (empty=1)
ollama-1  | slot get_availabl: id  0 | task -1 |  - checking sim = 0.717 (329/459) > 0.100
ollama-1  | slot get_availabl: id  0 | task -1 | selected slot by LCP similarity, f_sim_best = 0.717 (> 0.100 thold), f_keep = 0.481
ollama-1  | srv  get_availabl: updating prompt cache
ollama-1  | srv   prompt_save:  - saving prompt with length 684, total state size = 21.383 MiB (draft: 0.000 MiB)
ollama-1  | srv          load:  - looking for better prompt, base f_keep = 0.481, f_sim = 0.717
ollama-1  | srv          load:    - prompt with length     709, lcp =     328, f_keep = 0.463, f_sim = 0.715
ollama-1  | srv          load:    - prompt with length     700, lcp =     328, f_keep = 0.469, f_sim = 0.715
ollama-1  | srv          load:    - prompt with length     695, lcp =     328, f_keep = 0.472, f_sim = 0.715
ollama-1  | srv          load:    - prompt with length     670, lcp =     328, f_keep = 0.490, f_sim = 0.715
ollama-1  | srv          load:    - prompt with length     730, lcp =     328, f_keep = 0.449, f_sim = 0.715
ollama-1  | srv          load:    - prompt with length     779, lcp =     328, f_keep = 0.421, f_sim = 0.715
ollama-1  | srv          load:    - prompt with length     805, lcp =     328, f_keep = 0.407, f_sim = 0.715
ollama-1  | srv          load:    - prompt with length     696, lcp =     328, f_keep = 0.471, f_sim = 0.715
ollama-1  | srv          load:    - prompt with length     962, lcp =     328, f_keep = 0.341, f_sim = 0.715
ollama-1  | srv          load:    - prompt with length     705, lcp =     328, f_keep = 0.465, f_sim = 0.715
ollama-1  | srv          load:    - prompt with length     722, lcp =     328, f_keep = 0.454, f_sim = 0.715
ollama-1  | srv          load:    - prompt with length     704, lcp =     328, f_keep = 0.466, f_sim = 0.715
ollama-1  | srv          load:    - prompt with length     710, lcp =     328, f_keep = 0.462, f_sim = 0.715
ollama-1  | srv          load:    - prompt with length     752, lcp =     328, f_keep = 0.436, f_sim = 0.715
ollama-1  | srv          load:    - prompt with length     683, lcp =     328, f_keep = 0.480, f_sim = 0.715
ollama-1  | srv          load:    - prompt with length     777, lcp =     328, f_keep = 0.422, f_sim = 0.715
ollama-1  | srv          load:    - prompt with length     730, lcp =     329, f_keep = 0.451, f_sim = 0.717
ollama-1  | srv          load:    - prompt with length     771, lcp =     328, f_keep = 0.425, f_sim = 0.715
ollama-1  | srv          load:    - prompt with length     740, lcp =     328, f_keep = 0.443, f_sim = 0.715
ollama-1  | srv          load:    - prompt with length     677, lcp =     329, f_keep = 0.486, f_sim = 0.717
ollama-1  | srv          load:    - prompt with length     738, lcp =     329, f_keep = 0.446, f_sim = 0.717
ollama-1  | srv          load:    - prompt with length     738, lcp =     328, f_keep = 0.444, f_sim = 0.715
ollama-1  | srv          load:    - prompt with length     777, lcp =     329, f_keep = 0.423, f_sim = 0.717
ollama-1  | srv          load:    - prompt with length     733, lcp =     328, f_keep = 0.447, f_sim = 0.715
ollama-1  | srv          load:    - prompt with length     798, lcp =     329, f_keep = 0.412, f_sim = 0.717
ollama-1  | srv          load:    - prompt with length     661, lcp =     328, f_keep = 0.496, f_sim = 0.715
ollama-1  | srv          load:    - prompt with length     663, lcp =     329, f_keep = 0.496, f_sim = 0.717
ollama-1  | srv          load:    - prompt with length     774, lcp =     328, f_keep = 0.424, f_sim = 0.715
ollama-1  | srv          load:    - prompt with length     684, lcp =     329, f_keep = 0.481, f_sim = 0.717
ollama-1  | srv        update:  - cache state: 29 prompts, 665.349 MiB (limits: 8192.000 MiB, 4096 tokens, 262043 est)
ollama-1  | srv        update:    - prompt 0x2111c2b0:     709 tokens, checkpoints:  0,    22.165 MiB
ollama-1  | srv        update:    - prompt 0x1d133370:     700 tokens, checkpoints:  0,    21.883 MiB
ollama-1  | srv        update:    - prompt 0x1d12e2c0:     695 tokens, checkpoints:  0,    21.727 MiB
ollama-1  | srv        update:    - prompt 0x1d12d8d0:     670 tokens, checkpoints:  0,    20.946 MiB
ollama-1  | srv        update:    - prompt 0x1d708a50:     730 tokens, checkpoints:  0,    22.821 MiB
ollama-1  | srv        update:    - prompt 0x1d12ae00:     779 tokens, checkpoints:  0,    24.353 MiB
ollama-1  | srv        update:    - prompt 0x1d728d30:     805 tokens, checkpoints:  0,    25.166 MiB
ollama-1  | srv        update:    - prompt 0x2427f580:     696 tokens, checkpoints:  0,    21.758 MiB
ollama-1  | srv        update:    - prompt 0x30e39f50:     962 tokens, checkpoints:  0,    30.074 MiB
ollama-1  | srv        update:    - prompt 0x1e85d3b0:     705 tokens, checkpoints:  0,    22.040 MiB
ollama-1  | srv        update:    - prompt 0x1e7a4ad0:     722 tokens, checkpoints:  0,    22.571 MiB
ollama-1  | srv        update:    - prompt 0x24d036a0:     704 tokens, checkpoints:  0,    22.008 MiB
ollama-1  | srv        update:    - prompt 0x1e75fd60:     710 tokens, checkpoints:  0,    22.196 MiB
ollama-1  | srv        update:    - prompt 0x24367aa0:     752 tokens, checkpoints:  0,    23.509 MiB
ollama-1  | srv        update:    - prompt 0x243c6d30:     683 tokens, checkpoints:  0,    21.352 MiB
ollama-1  | srv        update:    - prompt 0x24273cf0:     777 tokens, checkpoints:  0,    24.291 MiB
ollama-1  | srv        update:    - prompt 0x1d311810:     730 tokens, checkpoints:  0,    22.821 MiB
ollama-1  | srv        update:    - prompt 0x2a2a47f0:     771 tokens, checkpoints:  0,    24.103 MiB
ollama-1  | srv        update:    - prompt 0x2448abc0:     740 tokens, checkpoints:  0,    23.134 MiB
ollama-1  | srv        update:    - prompt 0x1e82e900:     677 tokens, checkpoints:  0,    21.164 MiB
ollama-1  | srv        update:    - prompt 0x24432260:     738 tokens, checkpoints:  0,    23.071 MiB
ollama-1  | srv        update:    - prompt 0x242f5d40:     738 tokens, checkpoints:  0,    23.071 MiB
ollama-1  | srv        update:    - prompt 0x2444bcc0:     777 tokens, checkpoints:  0,    24.291 MiB
ollama-1  | srv        update:    - prompt 0x24917360:     733 tokens, checkpoints:  0,    22.915 MiB
ollama-1  | srv        update:    - prompt 0x2443a030:     798 tokens, checkpoints:  0,    24.947 MiB
ollama-1  | srv        update:    - prompt 0x24213850:     661 tokens, checkpoints:  0,    20.664 MiB
ollama-1  | srv        update:    - prompt 0x249026f0:     663 tokens, checkpoints:  0,    20.727 MiB
ollama-1  | srv        update:    - prompt 0x2a2a32e0:     774 tokens, checkpoints:  0,    24.197 MiB
ollama-1  | srv        update:    - prompt 0x24cfaa00:     684 tokens, checkpoints:  0,    21.383 MiB
ollama-1  | srv  get_availabl: prompt cache update took 3.61 ms
ollama-1  | slot launch_slot_: id  0 | task -1 | sampler chain: logits -> ?penalties -> ?dry -> ?top-n-sigma -> top-k -> ?typical -> top-p -> ?min-p -> ?xtc -> temp-ext -> dist 
ollama-1  | slot launch_slot_: id  0 | task -1 | sampler params: 
ollama-1  | 	repeat_last_n = 64, repeat_penalty = 1.000, frequency_penalty = 0.000, presence_penalty = 0.000
ollama-1  | 	dry_multiplier = 0.000, dry_base = 1.750, dry_allowed_length = 2, dry_penalty_last_n = 64
ollama-1  | 	top_k = 40, top_p = 0.900, min_p = 0.000, xtc_probability = 0.000, xtc_threshold = 0.100, typical_p = 1.000, top_n_sigma = -1.000, temp = 0.000
ollama-1  | 	mirostat = 0, mirostat_lr = 0.100, mirostat_ent = 5.000, adaptive_target = -1.000, adaptive_decay = 0.900
ollama-1  | slot launch_slot_: id  0 | task 12437 | processing task, is_child = 0
ollama-1  | slot   operator(): id  0 | task 12437 | new prompt, n_ctx_slot = 4096, n_keep = 4, task.n_tokens = 459
ollama-1  | slot   operator(): id  0 | task 12437 | cached n_tokens = 329, memory_seq_rm [329, end)
ollama-1  | slot init_sampler: id  0 | task 12437 | init sampler, took 0.06 ms, tokens: text = 459, total = 459
ollama-1  | slot print_timing: id  0 | task 12437 | prompt eval time =     535.33 ms /   130 tokens (    4.12 ms per token,   242.84 tokens per second)
ollama-1  | slot print_timing: id  0 | task 12437 |        eval time =     167.94 ms /     9 tokens (   20.99 ms per token,    47.64 tokens per second)
ollama-1  | slot print_timing: id  0 | task 12437 |       total time =     703.27 ms /   139 tokens
ollama-1  | slot print_timing: id  0 | task 12437 |    graphs reused =       8523
ollama-1  | slot      release: id  0 | task 12437 | stop processing: n_tokens = 467, truncated = 0
ollama-1  | srv  update_slots: all slots are idle
ollama-1  | [GIN] 2026/10/07 - 11:00:15 | 200 |  9.616245817s |      172.21.0.4 | POST     "/api/generate"
ollama-1  | srv  server_strea: conv_id= (empty=1)
ollama-1  | slot get_availabl: id  0 | task -1 |  - checking sim = 0.560 (329/588) > 0.100
ollama-1  | slot get_availabl: id  0 | task -1 | selected slot by LCP similarity, f_sim_best = 0.560 (> 0.100 thold), f_keep = 0.704
ollama-1  | slot launch_slot_: id  0 | task -1 | sampler chain: logits -> ?penalties -> ?dry -> ?top-n-sigma -> top-k -> ?typical -> top-p -> ?min-p -> ?xtc -> temp-ext -> dist 
ollama-1  | slot launch_slot_: id  0 | task -1 | sampler params: 
ollama-1  | 	repeat_last_n = 64, repeat_penalty = 1.000, frequency_penalty = 0.000, presence_penalty = 0.000
ollama-1  | 	dry_multiplier = 0.000, dry_base = 1.750, dry_allowed_length = 2, dry_penalty_last_n = 64
ollama-1  | 	top_k = 40, top_p = 0.900, min_p = 0.000, xtc_probability = 0.000, xtc_threshold = 0.100, typical_p = 1.000, top_n_sigma = -1.000, temp = 0.000
ollama-1  | 	mirostat = 0, mirostat_lr = 0.100, mirostat_ent = 5.000, adaptive_target = -1.000, adaptive_decay = 0.900
ollama-1  | slot launch_slot_: id  0 | task 12447 | processing task, is_child = 0
ollama-1  | slot   operator(): id  0 | task 12447 | new prompt, n_ctx_slot = 4096, n_keep = 4, task.n_tokens = 588
ollama-1  | slot   operator(): id  0 | task 12447 | cached n_tokens = 329, memory_seq_rm [329, end)
ollama-1  | slot init_sampler: id  0 | task 12447 | init sampler, took 0.06 ms, tokens: text = 588, total = 588
ollama-1  | slot print_timing: id  0 | task 12447 | prompt eval time =    1056.50 ms /   259 tokens (    4.08 ms per token,   245.15 tokens per second)
ollama-1  | slot print_timing: id  0 | task 12447 |        eval time =     197.30 ms /    10 tokens (   21.92 ms per token,    45.62 tokens per second)
ollama-1  | slot print_timing: id  0 | task 12447 |       total time =    1253.80 ms /   269 tokens
ollama-1  | slot print_timing: id  0 | task 12447 |    graphs reused =       8531
ollama-1  | slot      release: id  0 | task 12447 | stop processing: n_tokens = 597, truncated = 0
ollama-1  | srv  update_slots: all slots are idle
ollama-1  | [GIN] 2026/10/07 - 11:00:16 | 200 |  9.371760382s |      172.21.0.4 | POST     "/api/generate"
ollama-1  | srv  server_strea: conv_id= (empty=1)
ollama-1  | slot get_availabl: id  0 | task -1 |  - checking sim = 0.806 (329/408) > 0.100
ollama-1  | slot get_availabl: id  0 | task -1 | selected slot by LCP similarity, f_sim_best = 0.806 (> 0.100 thold), f_keep = 0.551
ollama-1  | slot launch_slot_: id  0 | task -1 | sampler chain: logits -> ?penalties -> ?dry -> ?top-n-sigma -> top-k -> ?typical -> top-p -> ?min-p -> ?xtc -> temp-ext -> dist 
ollama-1  | slot launch_slot_: id  0 | task -1 | sampler params: 
ollama-1  | 	repeat_last_n = 64, repeat_penalty = 1.000, frequency_penalty = 0.000, presence_penalty = 0.000
ollama-1  | 	dry_multiplier = 0.000, dry_base = 1.750, dry_allowed_length = 2, dry_penalty_last_n = 64
ollama-1  | 	top_k = 40, top_p = 0.900, min_p = 0.000, xtc_probability = 0.000, xtc_threshold = 0.100, typical_p = 1.000, top_n_sigma = -1.000, temp = 0.000
ollama-1  | 	mirostat = 0, mirostat_lr = 0.100, mirostat_ent = 5.000, adaptive_target = -1.000, adaptive_decay = 0.900
ollama-1  | slot launch_slot_: id  0 | task 12458 | processing task, is_child = 0
ollama-1  | slot   operator(): id  0 | task 12458 | new prompt, n_ctx_slot = 4096, n_keep = 4, task.n_tokens = 408
ollama-1  | slot   operator(): id  0 | task 12458 | cached n_tokens = 329, memory_seq_rm [329, end)
ollama-1  | slot init_sampler: id  0 | task 12458 | init sampler, took 0.04 ms, tokens: text = 408, total = 408
ollama-1  | slot print_timing: id  0 | task 12458 | prompt eval time =     332.31 ms /    79 tokens (    4.21 ms per token,   237.73 tokens per second)
ollama-1  | slot print_timing: id  0 | task 12458 |        eval time =     194.36 ms /    10 tokens (   21.60 ms per token,    46.31 tokens per second)
ollama-1  | slot print_timing: id  0 | task 12458 |       total time =     526.67 ms /    89 tokens
ollama-1  | slot print_timing: id  0 | task 12458 |    graphs reused =       8539
ollama-1  | slot      release: id  0 | task 12458 | stop processing: n_tokens = 417, truncated = 0
ollama-1  | srv  update_slots: all slots are idle
ollama-1  | [GIN] 2026/10/07 - 11:00:17 | 200 |  8.379842277s |      172.21.0.4 | POST     "/api/generate"
ollama-1  | srv  server_strea: conv_id= (empty=1)
ollama-1  | slot get_availabl: id  0 | task -1 |  - checking sim = 0.720 (329/457) > 0.100
ollama-1  | slot get_availabl: id  0 | task -1 | selected slot by LCP similarity, f_sim_best = 0.720 (> 0.100 thold), f_keep = 0.789
ollama-1  | slot launch_slot_: id  0 | task -1 | sampler chain: logits -> ?penalties -> ?dry -> ?top-n-sigma -> top-k -> ?typical -> top-p -> ?min-p -> ?xtc -> temp-ext -> dist 
ollama-1  | slot launch_slot_: id  0 | task -1 | sampler params: 
ollama-1  | 	repeat_last_n = 64, repeat_penalty = 1.000, frequency_penalty = 0.000, presence_penalty = 0.000
ollama-1  | 	dry_multiplier = 0.000, dry_base = 1.750, dry_allowed_length = 2, dry_penalty_last_n = 64
ollama-1  | 	top_k = 40, top_p = 0.900, min_p = 0.000, xtc_probability = 0.000, xtc_threshold = 0.100, typical_p = 1.000, top_n_sigma = -1.000, temp = 0.000
ollama-1  | 	mirostat = 0, mirostat_lr = 0.100, mirostat_ent = 5.000, adaptive_target = -1.000, adaptive_decay = 0.900
ollama-1  | slot launch_slot_: id  0 | task 12469 | processing task, is_child = 0
ollama-1  | slot   operator(): id  0 | task 12469 | new prompt, n_ctx_slot = 4096, n_keep = 4, task.n_tokens = 457
ollama-1  | slot   operator(): id  0 | task 12469 | cached n_tokens = 329, memory_seq_rm [329, end)
ollama-1  | slot init_sampler: id  0 | task 12469 | init sampler, took 0.06 ms, tokens: text = 457, total = 457
ollama-1  | slot print_timing: id  0 | task 12469 | prompt eval time =     513.46 ms /   128 tokens (    4.01 ms per token,   249.29 tokens per second)
ollama-1  | slot print_timing: id  0 | task 12469 |        eval time =     156.77 ms /     8 tokens (   22.40 ms per token,    44.65 tokens per second)
ollama-1  | slot print_timing: id  0 | task 12469 |       total time =     670.23 ms /   136 tokens
ollama-1  | slot print_timing: id  0 | task 12469 |    graphs reused =       8545
ollama-1  | slot      release: id  0 | task 12469 | stop processing: n_tokens = 464, truncated = 0
ollama-1  | srv  update_slots: all slots are idle
ollama-1  | [GIN] 2026/10/07 - 11:00:18 | 200 |  8.344972118s |      172.21.0.4 | POST     "/api/generate"
ollama-1  | srv  server_strea: conv_id= (empty=1)
ollama-1  | slot get_availabl: id  0 | task -1 |  - checking sim = 0.661 (328/496) > 0.100
ollama-1  | slot get_availabl: id  0 | task -1 | selected slot by LCP similarity, f_sim_best = 0.661 (> 0.100 thold), f_keep = 0.707
ollama-1  | slot launch_slot_: id  0 | task -1 | sampler chain: logits -> ?penalties -> ?dry -> ?top-n-sigma -> top-k -> ?typical -> top-p -> ?min-p -> ?xtc -> temp-ext -> dist 
ollama-1  | slot launch_slot_: id  0 | task -1 | sampler params: 
ollama-1  | 	repeat_last_n = 64, repeat_penalty = 1.000, frequency_penalty = 0.000, presence_penalty = 0.000
ollama-1  | 	dry_multiplier = 0.000, dry_base = 1.750, dry_allowed_length = 2, dry_penalty_last_n = 64
ollama-1  | 	top_k = 40, top_p = 0.900, min_p = 0.000, xtc_probability = 0.000, xtc_threshold = 0.100, typical_p = 1.000, top_n_sigma = -1.000, temp = 0.000
ollama-1  | 	mirostat = 0, mirostat_lr = 0.100, mirostat_ent = 5.000, adaptive_target = -1.000, adaptive_decay = 0.900
ollama-1  | slot launch_slot_: id  0 | task 12478 | processing task, is_child = 0
ollama-1  | slot   operator(): id  0 | task 12478 | new prompt, n_ctx_slot = 4096, n_keep = 4, task.n_tokens = 496
ollama-1  | slot   operator(): id  0 | task 12478 | cached n_tokens = 328, memory_seq_rm [328, end)
ollama-1  | slot init_sampler: id  0 | task 12478 | init sampler, took 0.06 ms, tokens: text = 496, total = 496
ollama-1  | [GIN] 2026/10/07 - 11:00:18 | 200 |      44.369µs |       127.0.0.1 | HEAD     "/"
ollama-1  | [GIN] 2026/10/07 - 11:00:18 | 200 |    1.429676ms |       127.0.0.1 | GET      "/api/tags"
ollama-1  | slot print_timing: id  0 | task 12478 | prompt eval time =     686.76 ms /   168 tokens (    4.09 ms per token,   244.63 tokens per second)
ollama-1  | slot print_timing: id  0 | task 12478 |        eval time =     171.55 ms /     9 tokens (   21.44 ms per token,    46.63 tokens per second)
ollama-1  | slot print_timing: id  0 | task 12478 |       total time =     858.30 ms /   177 tokens
ollama-1  | slot print_timing: id  0 | task 12478 |    graphs reused =       8552
ollama-1  | slot      release: id  0 | task 12478 | stop processing: n_tokens = 504, truncated = 0
ollama-1  | srv  update_slots: all slots are idle
ollama-1  | [GIN] 2026/10/07 - 11:00:18 | 200 |  9.177768932s |      172.21.0.4 | POST     "/api/generate"
ollama-1  | srv  server_strea: conv_id= (empty=1)
ollama-1  | slot get_availabl: id  0 | task -1 |  - checking sim = 0.814 (328/403) > 0.100
ollama-1  | slot get_availabl: id  0 | task -1 | selected slot by LCP similarity, f_sim_best = 0.814 (> 0.100 thold), f_keep = 0.651
ollama-1  | slot launch_slot_: id  0 | task -1 | sampler chain: logits -> ?penalties -> ?dry -> ?top-n-sigma -> top-k -> ?typical -> top-p -> ?min-p -> ?xtc -> temp-ext -> dist 
ollama-1  | slot launch_slot_: id  0 | task -1 | sampler params: 
ollama-1  | 	repeat_last_n = 64, repeat_penalty = 1.000, frequency_penalty = 0.000, presence_penalty = 0.000
ollama-1  | 	dry_multiplier = 0.000, dry_base = 1.750, dry_allowed_length = 2, dry_penalty_last_n = 64
ollama-1  | 	top_k = 40, top_p = 0.900, min_p = 0.000, xtc_probability = 0.000, xtc_threshold = 0.100, typical_p = 1.000, top_n_sigma = -1.000, temp = 0.000
ollama-1  | 	mirostat = 0, mirostat_lr = 0.100, mirostat_ent = 5.000, adaptive_target = -1.000, adaptive_decay = 0.900
ollama-1  | slot launch_slot_: id  0 | task 12488 | processing task, is_child = 0
ollama-1  | slot   operator(): id  0 | task 12488 | new prompt, n_ctx_slot = 4096, n_keep = 4, task.n_tokens = 403
ollama-1  | slot   operator(): id  0 | task 12488 | cached n_tokens = 328, memory_seq_rm [328, end)
ollama-1  | slot init_sampler: id  0 | task 12488 | init sampler, took 0.05 ms, tokens: text = 403, total = 403
ollama-1  | slot print_timing: id  0 | task 12488 | prompt eval time =     315.71 ms /    75 tokens (    4.21 ms per token,   237.56 tokens per second)
ollama-1  | slot print_timing: id  0 | task 12488 |        eval time =     183.49 ms /     9 tokens (   22.94 ms per token,    43.60 tokens per second)
ollama-1  | slot print_timing: id  0 | task 12488 |       total time =     499.20 ms /    84 tokens
ollama-1  | slot print_timing: id  0 | task 12488 |    graphs reused =       8559
ollama-1  | slot      release: id  0 | task 12488 | stop processing: n_tokens = 411, truncated = 0
ollama-1  | srv  update_slots: all slots are idle
ollama-1  | [GIN] 2026/10/07 - 11:00:19 | 200 |  8.504568552s |      172.21.0.4 | POST     "/api/generate"
ollama-1  | srv  server_strea: conv_id= (empty=1)
ollama-1  | slot get_availabl: id  0 | task -1 |  - checking sim = 0.765 (329/430) > 0.100
ollama-1  | slot get_availabl: id  0 | task -1 | selected slot by LCP similarity, f_sim_best = 0.765 (> 0.100 thold), f_keep = 0.800
ollama-1  | slot launch_slot_: id  0 | task -1 | sampler chain: logits -> ?penalties -> ?dry -> ?top-n-sigma -> top-k -> ?typical -> top-p -> ?min-p -> ?xtc -> temp-ext -> dist 
ollama-1  | slot launch_slot_: id  0 | task -1 | sampler params: 
ollama-1  | 	repeat_last_n = 64, repeat_penalty = 1.000, frequency_penalty = 0.000, presence_penalty = 0.000
ollama-1  | 	dry_multiplier = 0.000, dry_base = 1.750, dry_allowed_length = 2, dry_penalty_last_n = 64
ollama-1  | 	top_k = 40, top_p = 0.900, min_p = 0.000, xtc_probability = 0.000, xtc_threshold = 0.100, typical_p = 1.000, top_n_sigma = -1.000, temp = 0.000
ollama-1  | 	mirostat = 0, mirostat_lr = 0.100, mirostat_ent = 5.000, adaptive_target = -1.000, adaptive_decay = 0.900
ollama-1  | slot launch_slot_: id  0 | task 12498 | processing task, is_child = 0
ollama-1  | slot   operator(): id  0 | task 12498 | new prompt, n_ctx_slot = 4096, n_keep = 4, task.n_tokens = 430
ollama-1  | slot   operator(): id  0 | task 12498 | cached n_tokens = 329, memory_seq_rm [329, end)
ollama-1  | slot init_sampler: id  0 | task 12498 | init sampler, took 0.04 ms, tokens: text = 430, total = 430
ollama-1  | slot print_timing: id  0 | task 12498 | prompt eval time =     414.96 ms /   101 tokens (    4.11 ms per token,   243.40 tokens per second)
ollama-1  | slot print_timing: id  0 | task 12498 |        eval time =     149.98 ms /     8 tokens (   21.43 ms per token,    46.67 tokens per second)
ollama-1  | slot print_timing: id  0 | task 12498 |       total time =     564.94 ms /   109 tokens
ollama-1  | slot print_timing: id  0 | task 12498 |    graphs reused =       8565
ollama-1  | slot      release: id  0 | task 12498 | stop processing: n_tokens = 437, truncated = 0
ollama-1  | srv  update_slots: all slots are idle
ollama-1  | [GIN] 2026/10/07 - 11:00:20 | 200 |  8.799304268s |      172.21.0.4 | POST     "/api/generate"
ollama-1  | srv  server_strea: conv_id= (empty=1)
ollama-1  | slot get_availabl: id  0 | task -1 |  - checking sim = 0.710 (328/462) > 0.100
ollama-1  | slot get_availabl: id  0 | task -1 | selected slot by LCP similarity, f_sim_best = 0.710 (> 0.100 thold), f_keep = 0.751
ollama-1  | slot launch_slot_: id  0 | task -1 | sampler chain: logits -> ?penalties -> ?dry -> ?top-n-sigma -> top-k -> ?typical -> top-p -> ?min-p -> ?xtc -> temp-ext -> dist 
ollama-1  | slot launch_slot_: id  0 | task -1 | sampler params: 
ollama-1  | 	repeat_last_n = 64, repeat_penalty = 1.000, frequency_penalty = 0.000, presence_penalty = 0.000
ollama-1  | 	dry_multiplier = 0.000, dry_base = 1.750, dry_allowed_length = 2, dry_penalty_last_n = 64
ollama-1  | 	top_k = 40, top_p = 0.900, min_p = 0.000, xtc_probability = 0.000, xtc_threshold = 0.100, typical_p = 1.000, top_n_sigma = -1.000, temp = 0.000
ollama-1  | 	mirostat = 0, mirostat_lr = 0.100, mirostat_ent = 5.000, adaptive_target = -1.000, adaptive_decay = 0.900
ollama-1  | slot launch_slot_: id  0 | task 12507 | processing task, is_child = 0
ollama-1  | slot   operator(): id  0 | task 12507 | new prompt, n_ctx_slot = 4096, n_keep = 4, task.n_tokens = 462
ollama-1  | slot   operator(): id  0 | task 12507 | cached n_tokens = 328, memory_seq_rm [328, end)
ollama-1  | slot init_sampler: id  0 | task 12507 | init sampler, took 0.06 ms, tokens: text = 462, total = 462
ollama-1  | slot print_timing: id  0 | task 12507 | prompt eval time =     559.37 ms /   134 tokens (    4.17 ms per token,   239.56 tokens per second)
ollama-1  | slot print_timing: id  0 | task 12507 |        eval time =     238.79 ms /    10 tokens (   26.53 ms per token,    37.69 tokens per second)
ollama-1  | slot print_timing: id  0 | task 12507 |       total time =     798.16 ms /   144 tokens
ollama-1  | slot print_timing: id  0 | task 12507 |    graphs reused =       8573
ollama-1  | slot      release: id  0 | task 12507 | stop processing: n_tokens = 471, truncated = 0
ollama-1  | srv  update_slots: all slots are idle
ollama-1  | [GIN] 2026/10/07 - 11:00:20 | 200 |  8.135635293s |      172.21.0.4 | POST     "/api/generate"
ollama-1  | srv  server_strea: conv_id= (empty=1)
ollama-1  | slot get_availabl: id  0 | task -1 |  - checking sim = 0.861 (328/381) > 0.100
ollama-1  | slot get_availabl: id  0 | task -1 | selected slot by LCP similarity, f_sim_best = 0.861 (> 0.100 thold), f_keep = 0.696
ollama-1  | slot launch_slot_: id  0 | task -1 | sampler chain: logits -> ?penalties -> ?dry -> ?top-n-sigma -> top-k -> ?typical -> top-p -> ?min-p -> ?xtc -> temp-ext -> dist 
ollama-1  | slot launch_slot_: id  0 | task -1 | sampler params: 
ollama-1  | 	repeat_last_n = 64, repeat_penalty = 1.000, frequency_penalty = 0.000, presence_penalty = 0.000
ollama-1  | 	dry_multiplier = 0.000, dry_base = 1.750, dry_allowed_length = 2, dry_penalty_last_n = 64
ollama-1  | 	top_k = 40, top_p = 0.900, min_p = 0.000, xtc_probability = 0.000, xtc_threshold = 0.100, typical_p = 1.000, top_n_sigma = -1.000, temp = 0.000
ollama-1  | 	mirostat = 0, mirostat_lr = 0.100, mirostat_ent = 5.000, adaptive_target = -1.000, adaptive_decay = 0.900
ollama-1  | slot launch_slot_: id  0 | task 12518 | processing task, is_child = 0
ollama-1  | slot   operator(): id  0 | task 12518 | new prompt, n_ctx_slot = 4096, n_keep = 4, task.n_tokens = 381
ollama-1  | slot   operator(): id  0 | task 12518 | cached n_tokens = 328, memory_seq_rm [328, end)
ollama-1  | slot init_sampler: id  0 | task 12518 | init sampler, took 0.04 ms, tokens: text = 381, total = 381
ollama-1  | slot print_timing: id  0 | task 12518 | prompt eval time =     232.01 ms /    53 tokens (    4.38 ms per token,   228.44 tokens per second)
ollama-1  | slot print_timing: id  0 | task 12518 |        eval time =     159.28 ms /     8 tokens (   22.75 ms per token,    43.95 tokens per second)
ollama-1  | slot print_timing: id  0 | task 12518 |       total time =     391.29 ms /    61 tokens
ollama-1  | slot print_timing: id  0 | task 12518 |    graphs reused =       8579
ollama-1  | slot      release: id  0 | task 12518 | stop processing: n_tokens = 388, truncated = 0
ollama-1  | srv  update_slots: all slots are idle
ollama-1  | [GIN] 2026/10/07 - 11:00:21 | 200 |  6.635434901s |      172.21.0.4 | POST     "/api/generate"
ollama-1  | srv  server_strea: conv_id= (empty=1)
ollama-1  | slot get_availabl: id  0 | task -1 |  - checking sim = 0.756 (328/434) > 0.100
ollama-1  | slot get_availabl: id  0 | task -1 | selected slot by LCP similarity, f_sim_best = 0.756 (> 0.100 thold), f_keep = 0.845
ollama-1  | slot launch_slot_: id  0 | task -1 | sampler chain: logits -> ?penalties -> ?dry -> ?top-n-sigma -> top-k -> ?typical -> top-p -> ?min-p -> ?xtc -> temp-ext -> dist 
ollama-1  | slot launch_slot_: id  0 | task -1 | sampler params: 
ollama-1  | 	repeat_last_n = 64, repeat_penalty = 1.000, frequency_penalty = 0.000, presence_penalty = 0.000
ollama-1  | 	dry_multiplier = 0.000, dry_base = 1.750, dry_allowed_length = 2, dry_penalty_last_n = 64
ollama-1  | 	top_k = 40, top_p = 0.900, min_p = 0.000, xtc_probability = 0.000, xtc_threshold = 0.100, typical_p = 1.000, top_n_sigma = -1.000, temp = 0.000
ollama-1  | 	mirostat = 0, mirostat_lr = 0.100, mirostat_ent = 5.000, adaptive_target = -1.000, adaptive_decay = 0.900
ollama-1  | slot launch_slot_: id  0 | task 12527 | processing task, is_child = 0
ollama-1  | slot   operator(): id  0 | task 12527 | new prompt, n_ctx_slot = 4096, n_keep = 4, task.n_tokens = 434
ollama-1  | slot   operator(): id  0 | task 12527 | cached n_tokens = 328, memory_seq_rm [328, end)
ollama-1  | slot init_sampler: id  0 | task 12527 | init sampler, took 0.05 ms, tokens: text = 434, total = 434
ollama-1  | slot print_timing: id  0 | task 12527 | prompt eval time =     428.37 ms /   106 tokens (    4.04 ms per token,   247.45 tokens per second)
ollama-1  | slot print_timing: id  0 | task 12527 |        eval time =     174.36 ms /     9 tokens (   21.79 ms per token,    45.88 tokens per second)
ollama-1  | slot print_timing: id  0 | task 12527 |       total time =     602.73 ms /   115 tokens
ollama-1  | slot print_timing: id  0 | task 12527 |    graphs reused =       8586
ollama-1  | slot      release: id  0 | task 12527 | stop processing: n_tokens = 442, truncated = 0
ollama-1  | srv  update_slots: all slots are idle
ollama-1  | [GIN] 2026/10/07 - 11:00:21 | 200 |  6.500409957s |      172.21.0.4 | POST     "/api/generate"
ollama-1  | [GIN] 2026/10/07 - 11:00:28 | 200 |      17.384µs |       127.0.0.1 | HEAD     "/"
ollama-1  | [GIN] 2026/10/07 - 11:00:28 | 200 |     752.573µs |       127.0.0.1 | GET      "/api/tags"
ollama-1  | [GIN] 2026/10/07 - 11:00:38 | 200 |      26.659µs |       127.0.0.1 | HEAD     "/"
ollama-1  | [GIN] 2026/10/07 - 11:00:38 | 200 |     738.102µs |       127.0.0.1 | GET      "/api/tags"
ollama-1  | [GIN] 2026/10/07 - 11:00:48 | 200 |      17.245µs |       127.0.0.1 | HEAD     "/"
ollama-1  | [GIN] 2026/10/07 - 11:00:48 | 200 |     664.174µs |       127.0.0.1 | GET      "/api/tags"
ollama-1  | [GIN] 2026/10/07 - 11:00:58 | 200 |      16.894µs |       127.0.0.1 | HEAD     "/"
ollama-1  | [GIN] 2026/10/07 - 11:00:58 | 200 |    1.401797ms |       127.0.0.1 | GET      "/api/tags"
ollama-1  | [GIN] 2026/10/07 - 11:01:08 | 200 |      22.684µs |       127.0.0.1 | HEAD     "/"
ollama-1  | [GIN] 2026/10/07 - 11:01:08 | 200 |     672.465µs |       127.0.0.1 | GET      "/api/tags"
ollama-1  | [GIN] 2026/10/07 - 11:01:18 | 200 |      17.255µs |       127.0.0.1 | HEAD     "/"
ollama-1  | [GIN] 2026/10/07 - 11:01:18 | 200 |      642.06µs |       127.0.0.1 | GET      "/api/tags"
ollama-1  | [GIN] 2026/10/07 - 11:01:28 | 200 |       15.93µs |       127.0.0.1 | HEAD     "/"
ollama-1  | [GIN] 2026/10/07 - 11:01:28 | 200 |     683.204µs |       127.0.0.1 | GET      "/api/tags"
ollama-1  | [GIN] 2026/10/07 - 11:01:38 | 200 |      16.384µs |       127.0.0.1 | HEAD     "/"
ollama-1  | [GIN] 2026/10/07 - 11:01:38 | 200 |     694.614µs |       127.0.0.1 | GET      "/api/tags"
ollama-1  | [GIN] 2026/10/07 - 11:01:48 | 200 |       16.89µs |       127.0.0.1 | HEAD     "/"
ollama-1  | [GIN] 2026/10/07 - 11:01:48 | 200 |     696.976µs |       127.0.0.1 | GET      "/api/tags"
ollama-1  | [GIN] 2026/10/07 - 11:01:58 | 200 |      24.176µs |       127.0.0.1 | HEAD     "/"
ollama-1  | [GIN] 2026/10/07 - 11:01:58 | 200 |     651.833µs |       127.0.0.1 | GET      "/api/tags"
ollama-1  | [GIN] 2026/10/07 - 11:02:08 | 200 |      16.805µs |       127.0.0.1 | HEAD     "/"
ollama-1  | [GIN] 2026/10/07 - 11:02:08 | 200 |     637.907µs |       127.0.0.1 | GET      "/api/tags"
ollama-1  | [GIN] 2026/10/07 - 11:02:18 | 200 |      15.881µs |       127.0.0.1 | HEAD     "/"
ollama-1  | [GIN] 2026/10/07 - 11:02:18 | 200 |      645.65µs |       127.0.0.1 | GET      "/api/tags"
ollama-1  | [GIN] 2026/10/07 - 11:02:28 | 200 |      15.454µs |       127.0.0.1 | HEAD     "/"
ollama-1  | [GIN] 2026/10/07 - 11:02:28 | 200 |    6.497219ms |       127.0.0.1 | GET      "/api/tags"
ollama-1  | [GIN] 2026/10/07 - 11:02:38 | 200 |       15.52µs |       127.0.0.1 | HEAD     "/"
ollama-1  | [GIN] 2026/10/07 - 11:02:38 | 200 |      680.74µs |       127.0.0.1 | GET      "/api/tags"
ollama-1  | [GIN] 2026/10/07 - 11:02:48 | 200 |      18.888µs |       127.0.0.1 | HEAD     "/"
ollama-1  | [GIN] 2026/10/07 - 11:02:48 | 200 |     709.517µs |       127.0.0.1 | GET      "/api/tags"
ollama-1  | [GIN] 2026/10/07 - 11:02:58 | 200 |      23.848µs |       127.0.0.1 | HEAD     "/"
ollama-1  | [GIN] 2026/10/07 - 11:02:58 | 200 |      675.76µs |       127.0.0.1 | GET      "/api/tags"
ollama-1  | [GIN] 2026/10/07 - 11:03:08 | 200 |      17.058µs |       127.0.0.1 | HEAD     "/"
ollama-1  | [GIN] 2026/10/07 - 11:03:08 | 200 |     671.298µs |       127.0.0.1 | GET      "/api/tags"
ollama-1  | [GIN] 2026/10/07 - 11:03:18 | 200 |      17.059µs |       127.0.0.1 | HEAD     "/"
ollama-1  | [GIN] 2026/10/07 - 11:03:18 | 200 |     653.285µs |       127.0.0.1 | GET      "/api/tags"
ollama-1  | [GIN] 2026/10/07 - 11:03:28 | 200 |       17.07µs |       127.0.0.1 | HEAD     "/"
ollama-1  | [GIN] 2026/10/07 - 11:03:28 | 200 |     663.871µs |       127.0.0.1 | GET      "/api/tags"
ollama-1  | [GIN] 2026/10/07 - 11:03:38 | 200 |      16.318µs |       127.0.0.1 | HEAD     "/"
ollama-1  | [GIN] 2026/10/07 - 11:03:38 | 200 |     623.514µs |       127.0.0.1 | GET      "/api/tags"
ollama-1  | [GIN] 2026/10/07 - 11:03:48 | 200 |      17.901µs |       127.0.0.1 | HEAD     "/"
ollama-1  | [GIN] 2026/10/07 - 11:03:48 | 200 |    1.346191ms |       127.0.0.1 | GET      "/api/tags"
ollama-1  | [GIN] 2026/10/07 - 11:03:58 | 200 |      18.459µs |       127.0.0.1 | HEAD     "/"
ollama-1  | [GIN] 2026/10/07 - 11:03:58 | 200 |     716.905µs |       127.0.0.1 | GET      "/api/tags"
ollama-1  | [GIN] 2026/10/07 - 11:04:08 | 200 |      15.757µs |       127.0.0.1 | HEAD     "/"
ollama-1  | [GIN] 2026/10/07 - 11:04:08 | 200 |      632.07µs |       127.0.0.1 | GET      "/api/tags"
ollama-1  | [GIN] 2026/10/07 - 11:04:18 | 200 |      19.454µs |       127.0.0.1 | HEAD     "/"
ollama-1  | [GIN] 2026/10/07 - 11:04:18 | 200 |     686.415µs |       127.0.0.1 | GET      "/api/tags"
ollama-1  | [GIN] 2026/10/07 - 11:04:28 | 200 |      20.476µs |       127.0.0.1 | HEAD     "/"
ollama-1  | [GIN] 2026/10/07 - 11:04:28 | 200 |     707.774µs |       127.0.0.1 | GET      "/api/tags"
ollama-1  | [GIN] 2026/10/07 - 11:04:38 | 200 |      17.583µs |       127.0.0.1 | HEAD     "/"
ollama-1  | [GIN] 2026/10/07 - 11:04:38 | 200 |     659.268µs |       127.0.0.1 | GET      "/api/tags"
ollama-1  | [GIN] 2026/10/07 - 11:04:48 | 200 |      16.302µs |       127.0.0.1 | HEAD     "/"
ollama-1  | [GIN] 2026/10/07 - 11:04:48 | 200 |     673.254µs |       127.0.0.1 | GET      "/api/tags"
ollama-1  | [GIN] 2026/10/07 - 11:04:58 | 200 |      16.277µs |       127.0.0.1 | HEAD     "/"
ollama-1  | [GIN] 2026/10/07 - 11:04:58 | 200 |     733.598µs |       127.0.0.1 | GET      "/api/tags"
ollama-1  | [GIN] 2026/10/07 - 11:05:08 | 200 |       15.15µs |       127.0.0.1 | HEAD     "/"
ollama-1  | [GIN] 2026/10/07 - 11:05:08 | 200 |    1.469043ms |       127.0.0.1 | GET      "/api/tags"
ollama-1  | [GIN] 2026/10/07 - 11:05:18 | 200 |      16.998µs |       127.0.0.1 | HEAD     "/"
ollama-1  | [GIN] 2026/10/07 - 11:05:18 | 200 |     667.385µs |       127.0.0.1 | GET      "/api/tags"
ollama-1  | [GIN] 2026/10/07 - 11:05:28 | 200 |      14.826µs |       127.0.0.1 | HEAD     "/"
ollama-1  | [GIN] 2026/10/07 - 11:05:28 | 200 |     655.809µs |       127.0.0.1 | GET      "/api/tags"
ollama-1  | [GIN] 2026/10/07 - 11:05:30 | 200 |      49.482µs |      172.21.0.1 | GET      "/api/ps"
ollama-1  | [GIN] 2026/10/07 - 11:05:30 | 200 |      15.845µs |       127.0.0.1 | HEAD     "/"
ollama-1  | [GIN] 2026/10/07 - 11:05:30 | 200 |      18.147µs |       127.0.0.1 | GET      "/api/ps"
