id	narrative	category	classification_latency_ms	created_at
1	I am senior citzen on a fix income i pay the amount they send me each month .all am paying is the interest i feel that for 12 years the bill should have been pay off. I contacted XXXX And put in a complaiint in return they closed the case after 45 days they could not reach the company to resolve the problem.	Consumer loan	33790.2	2026-10-07 19:11:28
2	Over the past XXXX plus years, I was unaware I needed to provide the credit bureaus with my express consent to furnish my information. Now that I am aware, I no longer wish to have the credit bureau furnish my information. \n\nI wish to exercise my rights at this time.	Credit reporting	24999.3	2026-10-07 19:11:53
3	EQUIFAX IS NOT REPORTING MY MORTGAGE INFORMATION, CALLED SPOKE WITH THEM AND SPOKE WITH XXXX HE SAID FINALLY GIVE IT 30-60 DAYS BUT HE COULD NOT ANSWER WHY IT IS NOT ON THERE NOW. I HAVE HAD THIS MORTGAGE FOR AROUND 15 YEARS AND NO EXPLAINATION WHY IT IS NOT THERE NOW. I CALLED MY MORTGAGE COMPANY AND THEY TOLD ME THEY SENT REPORT XX/XX/2017, SO I CANT GET A STRAIGHT ANSWER WHY EQUIFAX HAS NOT REPORTED ANYTHING, THIS IS HURTING ME GETTING RE-FINANCE OF MORTGAGE AND CAR LOAN. I FEEL LIKE THEY COULD GIVE ME REASON WHY BUT HE COULD N'T. XXXX HAS IT, XXXX HAS IT BUT WHY THEY DONT I DONT KNOW. I WANT IT FIXED NOW! \nTHANKS XXXX XXXX XXXX XXXX XXXX XXXX XXXX XXXX XXXX, INDIANA XXXX ATTACHED IS FROM XXXX AND THE OTHER PAGE IS FROM HOME LOAN APPLICANT	Credit reporting	48457.3	2026-10-07 19:12:42
4	I have sent written notification to Credence Resource Management requesting documentation of any contractual relationship between myself, & Credence Resource ManagemenXXXX. This was NOT a request for verification or validation. This was a request for proof of contract to substantiate Credence Resource Management 's claim to XXXX, XXXX XXXX XXXX, that I owe Credence Resource Management, {$260.00}. I requested any agreement with any " client '' that grants you the authority to collect on this alleged debt, or proof of acquisition by purchase or assignment, and authorization under subtitle D of the ARRA, SEC. 13401. APPLICATION OF SECURITY PROVISIONS AND PENALTIES TO BUSINESS ASSOCIATES OF COVERED ENTITIES ; and SEC. 13407 ( 1 ) BREACH OF SECURITY. Any automated response such as XXXX XXXX, XXXX XXXX or XXXX, " verification '' is unacceptable. Certification of a contract bearing my signature can be done through the presence of a notary public, who duly swears the copy made is in fact a copy of the original paper contract in question.	Debt collection	31998.5	2026-10-07 19:13:14
5	I have a XXXX XXXX XXXX  no issues whatever besides the excessive oil burning. I get regular oil changes, have taken it to plenty of place wheres they dont find an issue or say its normal for XXXX XXXX be fine just always check my oil levels or saying I didnt need oil. My car has been known to stall while driving if I do forget to check the oil before driving which is very dangerous. This has been going on for a while and nobody finds anything wrong. The last time my car stalled it didnt move again it was towed to be looked at and it was found that the motor was blown. The repair man told me he could not find that kind of motor and even if it did the amount Id pay would not be worth it for the car. I called XXXX they said I did not have a warranty because I was over XXXX miles and they also didnt have a engine and even said they dont make the engine anymore and refer me to two other places ONE place did have a used engine it was {$3100.00} and told me it would take 15 hours to repair which would cost me about XXXX. I did finance this car so now im stuck paying for a car rendered useless because I dont have that kind of money and Id I did it would just make sense to get a new car because r could still end up having engine issues after repairs. I know their is a class action against XXXX and XXXX for this exact reason so I just wanted to reach out to somebody.	Consumer loan	38809.2	2026-10-07 19:13:53
6	Discover let me open an account on XXXX, XXXX XXXX They closed my account XX/XX/year> and I am still paying for their decision. I was never late! My status on my report even says that. When I called them after I found out that same week, the agent couldn't even find out the reason by her supervisor on why they closed my account. I want my retribution.	Credit card	34894.6	2026-10-07 19:14:27
7	I was given this account when I purchased XXXX XXXX XXXX in XX/XX/2022. The payment was set for {$120.00} for XXXX XXXX at a low interest rate. I set up an autopay from my bank. In XX/XX/2022 the payment was increased to {$140.00} without prior notification. Since I don't use the account for anything else I never thought the payment would increase. When I did discover the problem, I called customer service to find out why it happened. The excuse was the payment was too low to complete the balance in time not to incur accumulating interest. I said that was not my fault. I had to wait for the decision on the refund. I was issued {$40.00} instead of the {$120.00}. There should be a monetary penalty for them.	Consumer loan	34825.7	2026-10-07 19:15:02
8	Capital One acct # XXXX Is reporting an account on my credit file that is not mine. I requested to be removed off this account a long time ago. I never signed any documents to be added on this card and it was in error. I am requesting for this account to be removed off my credit.	Credit reporting	34338.2	2026-10-07 19:15:37
9	XXXX XXXX I was hospitalized for a XXXX  incident. During that time XXXX XXXX mailed a letter stating my mortgage was transferred to XXXX in c/o Loan Care. Automatic payments from my bank account ( XXXX XXXX ) continued thru XXXX was contacted by Loan regarding no payment received. I check my bank account and the payments were missing. Soon after I was locked out being able to make payments because of being 3 months behind. A legal representative from Loan Care contacted me regarding a loan modification. I did contact a company to assist. However during this time I had 2-3 medical setbacks and could not respond as timely as usual. Loan Care 's Legal representative proceeded toward foreclosure. With the assist of XXXX XXXX XXXX XXXX XXXX XXXX. I successfully filed bankruptcy XX/XX/XXXX to keep my home. XX/XX/XXXX Loan Care sold my account to XXXX. My payments were up to date. Due to their system of processing, I was unable to make a payment until XX/XX/XXXX and the payment was for one month. Recently I received a letter regarding a motion to lift automatic stay because my mortgage is two months behind. It is not. Possible one month due to their delay with processing during the  XXXX transfer. This is an urgent matter because the hearing for lifting Automatic Stay is dated for XX/XX/XXXX, XXXX. I have documents to fax only.	Mortgage	35112.6	2026-10-07 19:16:12
10	First Merchants Bank assigned negative balances to two accounts totaling more than {$3000.00}, even though only my checking account was overdrawn. \n\nI called XX/XX/year> and was informed of there being two negative accounts. I asked to repay one but was left with no way of doing so after the conversation. \n\nMy checking account became negative when the bank continued processing auto-pay transactions for over 30 days after the account was already overdrawn. Instead of stopping the transactions or notifying me properly, they allowed repeated payments to go through and charged hundreds of overdraft fees. I received no meaningful notice only missed calls with no voicemail, and no emails or written alerts. \n\nThe majority of the negative balance is caused by excessive and unfair overdraft fees. First Merchants failed to stop transactions and failed to notify me effectively. One of the accounts has been sent to collections even though the debts appear to be inaccurate and inflated by improper fees. \n\nThis overdraft pattern occurred for months. The bank repeatedly allowed transactions to go through when the account was already negative, causing an ongoing cycle of fees instead of stopping payment activity. This behavior is unfair, abusive, and not consistent with standard bank practices. \n\nI am requesting : 1. A full investigation 2. Reversal of improper or excessive overdraft fees 3. Removal of any invalid debt sent to collections 4. Written explanation of how these negative balances were calculated This situation falls under unfair or deceptive acts and practices. I am requesting CFPB assistance.	Bank account or service	39248.2	2026-10-07 19:16:51
11	Someone Used My Personal Information to Open a Credit Card Account with Capital One I Was a Victim of Identy Theft Someone Used My Social Security Number to Open a Credit Card Account With Capital one and this account was never open by me someone stole my identity and Open this account on on XX/XX/2019 and is showing and i notice this happen because i see this account showing on my credit report and i dont recorgnice this account and i never OPEN Any Credit Card account with Capital one and this is not the first time this happen in the pass there was other accounts open with capital one bank and this all those accounts that where open in the pass i did not open it please help me with this problem i never apply for this credit card acccount	Credit card	30501.1	2026-10-07 19:17:22
12	I applied for a Capital One Savor Card XX/XX/XXXX and was approved. I was told I would receive the card within 14 days. I waited over 20 and called after not getting it and it was cancelled and I was told a new card would be sent and I would receive it by XX/XX/XXXX. It is the XXXX and still no card so I called and explained I did not want to cancel the card only to be in the same place 3 weeks later with no new card and the agent promised me before cancelling the current card on the way that the replacement card would be sent a different way with 3 day express shipping waived no fees due to the fact a month after opening account I had no card after waiting thru 2 cards sent. He cancelled the card but could not follow thru on sending one express said he had no way to do it and now I am stuck with no card on the account as I said don't send out a 3rd card just to be in same situation as I was lied to and the supervisor told me pretty much tough luck he lied to you but I can't activate the card he cancelled and I can't honor the express shipping and refused to get anyone higher leaving me with no card no account essentially. I told him I would open this and he had no cares.	Credit card	31472.8	2026-10-07 19:17:53
13	I was charged interest by AmEx on my purchases even though my balance was paid in full. They claim it was a technical error and happened to other customers as well. They say the charges will be reversed, however I have an automatic withdrawal from another account to pay this bill, which means they received payment for the bogus charge. How many other customers did they do that to? How much money do they make by keeping this money for a month before returning it? It was only  XXXX  cents for me, but if they do that to a million customers, that 's a nice monthly profit of {$30000.00}.   The charge was on  XXXX   XXXX ,   XXXX  , and I will apparently receive a reversal on  XXXX   XXXX ,   XXXX  .	Credit card	31880.1	2026-10-07 19:18:25
14	XXXX XXXX  had failed to valid the debt or reply to the letters sent on XX/XX/year> which is now past the XXXX  day reply validity period. At this time I would like the debt TO BE DELETED/REMOVED IMMEDIATELY as it is duplicated alleged on my credit report, This is also a violation and misuse a for improper credit reporting. My identity was stolen and several account has been open using my information.	Credit reporting	41840.2	2026-10-07 19:19:07
15	I have repeatedly disputed inaccuracies on my credit report From XXXX  and transunion. \nI have agencies on my report that are reporting late payments and inaccuracies from chargeoff account that where sold to secondary agencies These bureaus have repeatedly ignored consumer laws that protect consumer from bureaus and furnishes that try to take advantage of consumers Fair credit reporting act states that if a item can not be verified within thirty days it must be removed, if proper verification such as original contract from a collection agencies can not be shown that account does not have proper verification and must be removed and if a secondary bureaus use false or misleading information to obtain settlement for accounts and collections which was done those closed accounts should be removed and not still be reporting on my credit report Transuion and XXXX  have repeatedly violated the fair credit reporting act	Credit reporting	34003.4	2026-10-07 19:19:41
16	13 overdraft fees charged to my account for transactions that are DOUBLED, listed as both gone thru and then listed again as pending!\n\nAlong with my overdraft protection has been turned off, so my fees are {$36.00} instead of {$12.00} each!\n\nTransactions with no name or identification, with amounts we never spent!\n\nNO EXPLANATION!!!!!! NO RESOLUTION!!! \n\nI am being charged fees for transactions that should not even be there!	Bank account or service	31651.7	2026-10-07 19:20:13
17	in a letter dated XX/XX/2020 you state details of your Forbearance Plan yet it fails to in " bold lettering '' identify the commencement date of this document, i have written two letters to your COO in reference to the inadequate information Bayview is sending to the mortgages it is servicing and the COO has refused to respond in violation of the law. Please make your Senior staff including but not limited to Bayviews president, " new '' COO and CFO send a proper letter that complies with the law with the correct required detailed information, if this inadequate format is being used please resend the proper formatting to all the customers you are servicing. \nAs of XX/XX/2020, approximately 20,000 residential borrowers were on an active forbearance plan out of the 152,353 residential mortgage you are servicing why are only 13 % of the borrowers allowed forbearance? Are you Bayview proceeding with foreclosures? Are you continuing to post fee to borrowers during this time? Since XXXX is no longer with you i advise you verify the aforementioned information notify management and take it as notice that you Bayview are not complying with the current forbearance laws.	Mortgage	30721.5	2026-10-07 19:20:43
18	I received a letter from US Bank on XX/XX/year> stating that my APR will increase from 10.74 % to 17.74 % starting XX/XX/year>. In the later US Bank states that the increase is because too many inquiries, ratio of balance to credit limit on revolving accounts is to high, lack of recent installment loan information, and time since most recent account opening is too short. I went to different credit check agencies to verify this information including the agency that US Bank is associated with and I do not have anything US Bank is claiming on my credit report. I have XXXX late payments, 8 % of credit used, XXXX credit inquiry in the last XXXX years, age of credit XXXX years, and a credit score of XXXX. There is no reason for US Bank to increase my APR. I called their customer service and no one could explain why the APR was going up. A supervisor was supposed to contact me about this issue and hasn't.	Credit reporting	46096.9	2026-10-07 19:21:30
19	I hae a Citicard, Costco Anywhere card. I have tried on several occasions over the past month to get a replacement statement for XX/XX/XXXX. On each of three occassions they promised to send another one. We never received.it. It became such a problem that a supervisor gave us a XXXX dollar credit on XX/XX/XXXX. As of today we still do not have a statement. They continue to lie about sending one. It seems unfair that they can send tons of promotional material but will not email me a copy. I spoke with them again on XX/XX/XXXX and was told if I setup an online account I could see one there. Exposing my personal information to the internet is not fair either. But I need the statment so I complied. I requested it on Saturday and on Wednesday XX/XX/XXXX it was listed there but i could not open it. I called in again spent over 40 minutes on the phone and demanded it. Once again they said they can not email it they never mailed it and would not credit my account again. Why are they allowed to lie on the phone. Why are they allowed to send unwanted emails but will not send my statement. They couldn't even fax the statement. I was faxed a list of charges but on cover letter they said they can not fax a statement. The fourth lie by a supervisor. What else are they hiding and over charging for?	Credit card	29051.8	2026-10-07 19:21:59
20	Please reference case XXXX and credit Acceptance account XXXX. Bi received a letter from Credi Acceptance legal aid XXXX XXXX. As a result we were placed in a do not call list with Credit Acceptance. But they denied any other wrong doing which is expected from such people. \nThe issue at hand is my wife has called two days in a row trying to make the payments and the representatives proceeded to verbally harass and abuse my wife. She started calling 3 days after the due date to make this payment and the recording we have on hand prove the abuse and just downright ugliness we have to endure when calling. Todays date XX/XX/2018 she calls again to make the payment and she gets off the phone in tears from the verbal assault. This is the absolute last time I report this information. Next time I am suing Credit Acceptance because we have the recording now of their abuse Ive nature to people who actually pay. I got on the phone today with a manager named XXXX and she was extremely apologetic. I made the payment and foretold her of the actions getting ready to be against credit Acceptance. They have been sued so many times due to their actions and this time those cases will be referenced and show a history of abussive communications.	Debt collection	36430.5	2026-10-07 19:22:35
21	Dear CFPB, I am filing a complaint against American Express for failing to properly handle my dispute regarding a charge of {$890.00} from XXXX XXXX. \n\nOn XX/XX/year>, I purchased airfare through XXXX with my American Express card ( ending in XXXX ). Within hours, I discovered the wrong dates were booked and attempted to cancel through XXXX and XXXX XXXX. Both refused to assist despite DOTs XXXX cancellation rule. \n\nI then filed a dispute with American Express, providing proof that I acted within hours of booking. Amex initially placed the funds on hold but later sided with XXXX XXXX, reapplying the charge to my account. \n\nFrontiers documentation falsely categorized me as a no-show, when in reality, I requested cancellation well within the permitted timeframe. American Express failed to protect me as a cardholder and ignored the clear consumer protection laws in place.\n\nResolution requested : American Express should reverse the {$890.00} charge.\n\nAmex should improve its dispute resolution process to properly recognize DOTs XXXX refund regulation in airline disputes. \n\nAttachments included : XXXX booking confirmation. \n\nAmex dispute letters ( initial acceptance and later denial ). \n\nFrontiers no-show documentation. \n\nSincerely, XXXX XXXX XXXX XXXX.	Credit card	38953	2026-10-07 19:23:14
22	I was approved for the XXXX and my loans were forgiven effective XX/XX/XXXX. I and MORE than grateful but we were told we would be given refunds for payments made over the required XXXX. I made XXXX. They said I didn't qualify for a refund because I consolidated in XX/XX/XXXX and didn't make any payments after XX/XX/XXXX but that wasn't when my XXXX payment was made. They're using the consolidation dates. I unfortunately defaulted on my loans and ended up paying a ton of money towards my student loans to where I couldn't even afford to live on my own because I had XXXX XXXX XXXX I had to move back home with my parents so I could afford to pay my student loans because they were Being taken out of my paycheck. And most of that went towards interest. I don't see how I don't get anything back after making that many payments. Is there anyway you can have them look through my history to see if they've missed any dates?	Consumer loan	32293	2026-10-07 19:23:46
23	DISCOVER FINANCIAL SERVICE is reporting a fraudulent account on my credit report., see attachment. I disputed this account multiple times with the credit bureaus and with DISCOVER FINANCIAL SERVICE but the credit card company still reporting this fraudulent account. I asked XXXX to verify this account for me and they havent verify it either.	Credit reporting	31638	2026-10-07 19:24:18
24	Complaint filed by XXXX XXXX XXXX, XXXX, as authorized representative of XXXX XXXX under attached assignment/authorizationagreement. \n\nI submitted a formal dispute letter to Equifax on XX/XX/year>, regarding multiple inaccurate late payment entries reported on my credit file. Despite citing violations under the Fair Credit Reporting Act ( 15 U.S.C. 1681i and 1681s-2 ), Equifax has XXXX to provide proper verification, documentation, or correction of these entries. The reported late payments are the result of furnishers internal reporting errors, not actual delinquencies, making them inaccurate and unverifiable. Equifax has therefore failed to conduct a reasonable reinvestigation as required by law. \n\n\nXXXXXXXX XXXX XXXX XXXX XXXX XXXXXXXX	Credit reporting	37028.7	2026-10-07 19:24:55
25	While I deeply appreciate the services and credit extended to me by financial institutions, I find myself perplexed at the inability to secure credit limit increases on my accounts. Notably, all of my accounts are in good standing, with a consistent history of on-time payments. Additionally, I have recently experienced a significant increase in my monthly income, which bolsters my financial stability and capability to manage credit responsibly. Given these positive factors, I am keen to understand the criteria or concerns preventing the approval of credit increases. I believe that a reconsideration based on my improved financial position and impeccable credit management would be both fair and beneficial for both parties.	Credit card	31526.9	2026-10-07 19:25:27
26	They call me numerous times a week from unknown phone numbers or multiple numbers. It is portfolio recovery, sometimes it will say portfolio recovery and other times it does not. I always block the number number and they call me from a new number. I've answered once and I hung up on them. I would pay the collections if I had the funds. No other debt collections agencies have contacted me whatsoever. But portfolio recovery calls me so often.	Debt collection	22586.4	2026-10-07 19:25:49
27	I am a customer of Chase Bank, and I have a problem disputing a transaction. \n\nOn XX/XX/XXXX, I noticed that my debit card was charged {$42.00}. Looking at the transaction history, it appeared that someone used my debit card in XXXX because a foreign exchange fee was also applied. \n\nI immediately called Chase Bank and informed them about the transaction. I also mentioned that I have not lost my card and I have never been to XXXX, so I requested the transaction be reversed. Chase Bank opened an investigation, and after a few days, I received a letter from them stating that the transaction was authorized and they didn't see any issues with it. After that, I called them multiple times and also visited the branch, but no one was able to assist me in reversing the transaction and just told me to call different phone numbers. \n\nI need help getting the fraudulent transaction reversed, and Chase Bank is not attempting to resolve my issue. \n\n\nI attached a copy of my credit card history that shows that I have made multiple purchases in the XXXX using my credit card at the time when fraudulent transaction happened which proofs that i haven't been in XXXX when the fraudulent transaction occurred. \n\nI also attached a fraudulent transaction statement and a response that I got from Chase Bank regarding this issue.	Credit card	46475.2	2026-10-07 19:26:36
28	Hi, I sold my house last month ( XXXX ), and the full amount was deposited to my BOA account. On XX/XX/year>, I came to a XXXX XXXX  office to deposit XXXX checks, the address is : XXXX XXXX XXXX XXXX XXXX, XXXX XXXX XXXX. XXXX check was deposited to my daughters XXXX account, XXXX check was deposited to myself account. The check no. Is XXXX and XXXX. On XX/XX/year>, I checked my BOA account, XXXX amount were processed from my BOA account. But until today, XX/XX/XXXX XXXX, this amount is not available at my XXXX account! XXXX system give me an explanation do not receive money from paying bank! What happened with my money? Where is my money now?! Would you please answer my question and let me know where money is? I think the same trouble with the amount that I deposited to my daughters XXXX account! And this is not the first time to happened to me! I am waiting for your response. Thank you!	Bank account or service	36416.2	2026-10-07 19:27:12
29	On XX/XX/year>, Wise confirmed that a refund of XXXX USD had been initiated and processed back to my source account. \n\nMultiple Wise representatives later confirmed in writing that the refund was already processed and that it was expected to arrive by XX/XX/year>. \n\nDespite these confirmations, the funds have not reached my account. \n\nWhen I requested basic refund detailsspecifically the exact bank send-out date and the refund trace/reference numberWise repeatedly stated that customer support does not have access to this information and that the case would be escalated. No trace number or concrete proof of transfer has been provided to date.\n\nSubsequently, Wise began providing later and inconsistent estimated dates without any explanation for why the original written commitment ( XX/XX/XXXX ) was not honored. \n\nAs of today, the refund is still missing, and Wise has failed to provide transparency regarding where the funds are currently held or how they can be traced. \n\nThis lack of information and repeated contradictory statements have caused financial harm and uncertainty.	Money transfer or service	31205.3	2026-10-07 19:27:44
30	I HAD XXXX CHECKING ACCOUNTS AND XXXX SAVINGS ACCOUNT. ALL ACCOUNTS ARE BEING REPORTED TO FDIC BECAUSE OF BALANCES OWED BUT THE BALANCES ARE FROM FEES FULTON BANK DID NOT PAY ANYTHING ON MY BEHALF. THEY DID NOT PAY ANYTHING FROM THESE ACCOUNTS IT IS ALL FEES. WHEN I REQUESTED THE ACCOUNTS BE CLOSED, THEY DID NOT CLOSE THEM UNTIL THEY SAW FIT. BEFORE THE ACCOUNTS WERE CLOSED, THEY BLOCKED MY ONLINE ACCESS AND I COULD NOT EVEN MONITOR ALL THE FEES THEY WERE ACCESSING. THE SAVINGS ACCOUNT ALONE IS NEGATIVE OVER {$200.00} FROM FEES FOR A LOW BALANCE, WHICH I WAS NOT EVEN AWARE WAS OCCURRING BECAUSE MY ACCESS WAS LOCKED. FULTON BANK PAID NOTHING ON MY BEHALF I SHOULD NOT BE REPORTED NAGATIVELY TO THE FDIC OVER FEES. FULTON BANK IS ALSO KNOWN FOR CHANGING DATES SO TRANSACTIONS RESULT IN FEES. THIS HAS NOT JUST HAPPENED TO BE BUT ALSO TO MY FATHER WHO HAS MULTIPLE FULTON ACCOUNTS.	Bank account or service	37800.4	2026-10-07 19:28:21
31	Chase, my credit card company, sent my bill to collections in XX/XX/XXXX. The charge off amount from Chase was {$5400.00}, per Chase. XXXX XXXX, the debt collector, stated the amount owed was {$5700.00}, letter dated XX/XX/XXXX. Not knowing really how much the debt was, i made payments to XXXX XXXX on XX/XX/XXXX, XX/XX/XXXX, XX/XX/XXXX, XX/XX/XXXX and XX/XX/XXXX, all in the amount of {$50.00} per transaction. I was unable to make another payment until XXXX, XXXX. XXXX XXXX is now stating I still owe $ XXXXand that they have no record of receiving any of my first 5 payments. They also can not explain why the amount owed is more than what Chase states I owe. I tried to resolve this with XXXX XXXX, with no resolution.	Debt collection	40200.5	2026-10-07 19:29:02
32	Name : XXXX XXXX Phone : XXXX Address : XXXX XXXX XXXX XXXX XXXX XXXX XXXX, XXXX XXXX, FL XXXX Bank Account : Ending in XXXX Bank Details : Bank : Fifth Third Bank Branch : XXXX XXXX XXXX XXXX, XXXX XXXX, FL XXXX Branch Manager : XXXX XXXX XXXX XXXX Handling Case : XXXX XXXX Subject : recovery amount through checks by bank Complaint : I am filing this complaint against Fifth Third Bank regarding a {$2500.00} mobile check deposit that has not been returned to me. On XX/XX/scrub>, 2025, I deposited a {$2500.00} check through mobile deposit into my Fifth Third Bank account. The bank placed a hold on the funds, which remained for approximately XX/XX/XXXX months without explanation. After this period, my account was closed, and the {$2500.00} has still not been returned. I contacted the bank multiple times, including XXXX XXXX, who initially handled my case, and XXXX XXXX XXXX XXXX, the branch manager at the XXXX XXXX branch. Despite these communications, the bank has not resolved the issue or returned my funds. This delay has caused financial hardship and stress. I am requesting immediate release and return of my {$2500.00}, along with a full written explanation for why the funds were held for such an extended period and why they were not returned when my account was closed. I done lot of emails to them but no respond perfectly and ignored completely I respectfully request the Consumer Financial Protection Bureaus assistance in resolving this matter as quickly as possible. Sincerely, XXXX XXXX	Bank account or service	31087	2026-10-07 19:29:33
33	I appreciate your taking the time to CORRECT some of the information in my credit file ; however, there are still other accounts that need to be UPDATED. The 3 credit bureaus must verify these accounts under Sections 609 ( a ) ( 1 ) ( A ) and 611 ( a ) ( 1 ). ( A ). I'm hoping that these disputed accounts get corrected. XXXX XXXX XXXX Balance : {$0.00} XXXX XXXX XXXX Balance : {$39000.00} XXXX XXXX XXXX Balance : {$300.00}	Credit reporting	27587.5	2026-10-07 19:30:00
34	I went to XXXX in XXXX. I was never told about my student loan and am now paying a private loan through XXXX/ Navient at 13.375 percent interest. I have a copy of my student loan exit interview with the box unchecked signed and dated. I believe the school and XXXX are and were preditors	Consumer loan	31152.8	2026-10-07 19:30:32
35	We applied for a loan modification from Selene Finance after our mortgage was sold to them from XXXX XXXX XXXX. We timely made all 6 of the payments requested as contracted for during the trial modification period through XX/XX/2017. The amount that they put on the contract for modification included thousands of dollars of ridiculous fees but we agreed to it anyway just to get the loan modified. They sent us paperwork to finalize the modification which we signed and returned. They have now failed to send us fully executed modification documents. They have told us they would be coming. I will not pay the mortgage into the suspense account void that continues to incur bogus fees until I have the modification documents. We have been requesting them for 2 months. They are telling us to pay back due payments and it is not the deal that was agreed on. Now they are sending an intent to accelerate and foreclose. This is the same thing we went through last year. Now rates have increased and we believe that the Bank is trying to renegotiate their loan modification to increase the rate. I have all of the paperwork. I think they are crooks with terrible customer service.	Mortgage	28777.8	2026-10-07 19:31:00
36	XX/XX/XXXX - I was the victim of a hit and run driver. Pinning my XXXX XXXX between my car and hers causing my XXXX  to XXXX XXXX. Driver then drove off. I was XXXX XXXX and was transported by ambulance to nearest hospital. I am left with XXXX  XXXX  and XXXX. All of my medical insurance information was given to the hospital. XXXX, IL police department made no attempt to find this driver. I went through a year of medical treatment with XXXX and treatment. During this time I NEVER received one bill from this company. \nXX/XX/XXXX - I was sent and received a few days later a letter from a collection agency that this company had engaged. This was over one year after the incident. I called this agency and gave them all of my insurance information. My medical insurance refused to pay this as it was over one year, I had completed treatment, and they legally were not responsible. A few weeks later I was notified of this. I have an attorney and his name and phone number were given to them. I have {$47000.00} in medical bills. I have filed a lawsuit against my vehicle insurance, XXXX XXXX in order to get any and all bills paid and my medical insurance reimbursed for what they have paid. I have informed the collection agency of all this. However they reported it to XXXX  in order to damage my credit rating. I feel this was unjust as the ambulance company never contacted me personally in any way. Was this deliberate or just overlooked? This should be settled shortly and each and all facilities owed anything will get their money. I have cooperated as fully as possible giving them all information. Yet instead of billing me, they sent directly to collection agency over one year later.	Credit reporting	42194.4	2026-10-07 19:31:43
37	NOTICE OF CEASE AND DESIST TO WHOM IT MAY CONCERN. \nI XXXX XXXX XXXX XXXX, a federally protected consumer, here by put XXXX XXXX XXXX A debt collector a formal notice of violation, in reference to an account they are furnishing on my credit report. \nXXXX XXXX XXXX According to 15USC 1692a ( 2 ), the term communication means the conveying of information regarding a debt directly or indirectly to any person through any medium. \nAs per the literal interpretation Any Medium : includes any oral, written, electronic or any medium. \nTherefore, furnishing of the consumer report ( bearing information regarding the alleged debt ) by the company will amount to communication as per Fair Debt Collection Practices Act ( FDCPA ) Pursuant to my right as per 15USC 1692C ( C ), I am hereby providing you formal notice to cease any further communications regarding this account immediately, this includes but not limited to telephone calls, social media, or any consumer reporting agency. \nAny further contact by your agent or company, except a communication confirming your acknowledgement of this letter, is in violation of Fair Debt Collection Practices Act ( FDCPA ). \nI do not have any business with your company, and I do not owe this alleged debt. \nA charged off account is an ordinary income and kindly provide the 1099 c document from who ever sold this account to you. \nIf you do not remove this account in 5 working days, you will be civilly liable to me for actual damages you have caused me mentally and financially. \nThis is a warning, take this seriously. \nThank You for your cooperation. \nSincerely, XXXX XXXX	Debt collection	34450.6	2026-10-07 19:32:17
38	My vehicle was repossessed on XXXX/XXXX/2016 for paying a partial payment of {$200.00} on my car note. I intended to pay the remainder of the {$380.00} note which is {$180.00} on XXXX but my vehicle was taken for being 15 days past due. To my knowledge a repossession notice is sent prior to repossessing a vehicle. I inquired on the date the letter was sent and was advised it was sent on XXXX with a cure date of XXXX. I also paid XXXX 's payment late, which was on XXXX the day I received the intent notice. So I am no longer bothered by the vehicle being repossessed for being 2 weeks late. Now I am being called 3 times a day from Westlake Financial to recover the vehicle. They tacked on fees and are willing to put the fees on the end of the loan if I pay the {$180.00} for XXXX and also pay XXXX payment. They are also willing to add XXXX payment to the end of the loan. The representative would not answer as to why was n't I given assistance to avoid the repossession versus being called daily to recover the vehicle. So I looked at blogs dedicated to Westlake Financials practices and this in a way for them to make extra money. They repossess cars for being less than 30 days past due then offer assistance to recover the vehicle. The assistance extends the loan and generates more interest. I have repeatedly asked Westlake to discontinue contact as they have the property but they refuse. They are already charging 27 % interest and late fees I do not understand the purpose of taking a vehicle then charging to get it back, and harassing you if you do n't get it back. I have been repeatedly threatened by representatives of Westlake Financial on the outcome of not recovering the vehicle as to make me recover the vehicle so I can always worry every night that when I wake up will my car be there. Please assist with the constant phone harassment and the outcome of repossessing a vehicle without notice.	Consumer loan	37435.1	2026-10-07 19:32:55
39	I filed Chapter XXXX Bankruptcy in XXXX of XXXX. I did not reaffirm my mortgage loan in the event I would not be able to pay the loan I would not be held liable and the only collection they could perform would be to reposes the home and could not file a default judgement against me due to no reaffirmation of the loan when filed Chapter XXXX bankruptcy. Now the 4th Mortgage company is filing a judgement against me with the courts for {$60000.00}. They are not allowed to file this judgement as I understood due to the Chapter XXXX Bankruptcy we filed in XXXX. I had to spend {$500.00} on a retainer fee because they have filed judgement against me when the law clearly stats if filed Chapter XXXX and no reaffirmation on the mortgage that they can't come after me personally but Shellpoint Mortgage has filed a judgement against me XX/XX/XXXX. We have not paid the mortgage since XX/XX/XXXX and they have passed it down from one mortgage company to another each time the new company files a judgement against me. This judgement was dismissed by the courts in XXXX of XXXX. Each month we receive a notice from Shellpoint Mortgage that we are not responsible for loan payment due to Chapter XXXX and no reaffirmation of the loan. PLEASE help us to STOP this illegal action!	Mortgage	31619.6	2026-10-07 19:33:26
40	I spoke with the XXXX and XXXX in XXXX and requested information about repayment options to be sent via email. They confirmed my email address but never sent options. Instead they called and harassed multiple family members and called multiple times in order to contact me. When I requested the other numbers be removed from my account they did not honor the request and said they must keep those numbers on file and they are in their rights to call multiple times in the day and call multiple numbers.	Debt collection	26989.1	2026-10-07 19:33:53
41	Commencing on or around XX/XX/year>2023, I fell victim to a multilayered scam operation orchestrated by XXXX, under the domain name XXXX, which involved me making deposits for a total amount of XXXX USD from my XXXX account to fraudulent investment firm ( s ).	Bank account or service	54957.2	2026-10-07 19:34:48
42	I have credit card account and checking account with Navy Federal Credit Union. I own XXXX $ credit card with them due to Im participating on the Debt Relief Program for XXXX. Same bank removed XXXX $ from my checking account without my consent to pay the credit card. I feel this is stilling money from you. I would like to get my money back no matter what it takes, this is very unfair. The money was planned to pay essentials for my family and new born. Please help me and my family with this horrible situation.	Bank account or service	35247.7	2026-10-07 19:35:24
43	Step 1 : What is this complaint about? \n\na. Willing to pay off mortgage arrears. Waiting 6+ weeks for arrears and payoff statements. Since I have an attorney, Loan servicer - Rushmore will not talk to me. \n\nb. Previous reinstatement letters and payoff statements provided from Loan servicer - Rushmore, were incorrect and the " categories '' of payments, advances, legal fees, escrow etc.., were mistakenly " switched around ''. \n\nc. Paid {$56000.00} paid during Bankruptcy but have NO assurance from Loan servicer - Rushmore, that this amount will be included in arrears payoff. \n\nLoan servicer - Rushmore Loan Management Services LLC, XXXX XXXX XXXX XXXX, XXXX XXXX, XXXX, CA XXXX Step 2 : What type of problem are you having?\n\nHave repeatedly asked Rushmore attorney and my attorney to provide payoff amounts. Have repeatedly asked Rushmore attorney for a contact AT Rushmore that I can speak to about the arrears and payoff amounts. \n\nRUSHNMORE ATTORNEY : XXXX XXXX XXXX XXXX XXXX. \nXXXX XXXX XXXX XXXX XXXX XXXX XXXX XXXX, FL XXXX Main : XXXX Step XXXX : What happened? \n\nNo response from Rushmore or Rushmore attorney. \n\nStep 4 : What company is this complaint about? \n\nRushmore Loan Management Services LLC, XXXX XXXX XXXX XXXX, XXXX XXXX, XXXX, CA XXXX Step 5 : Who are you submitting this complaint for? \n\nSelf. XXXX XXXX. XXXX XXXX XXXX XXXX. XXXX. Florida XXXX. XXXX XXXX XXXX cell.	Mortgage	35717.3	2026-10-07 19:35:59
44	Discover credit card. Send me for invitation card to apply for it. And after I let them run my credit thy just denied me to have a credit from them. I 'm side is just kind of nonsense to invited me to use or run my credit scores for nothing. It just waist of my credit scores. \nPs.. Just want to complain them because of useful using the points of the person score for nothing. I 'm hoping that there do n't do this anymore for the other customer. Thank and looking forward to settling this matter.	Credit card	27041.2	2026-10-07 19:36:26
45	I have disputed several accounts through all three credit reporting agencies but they keep saying everything is correct when it is not. There are several items on my reports that do not belong there. All items are in the negative data. I do not have any open collections accounts. I also see these items are reporting as late each month when they should not be. The original accounts were were different creditors. These accounts were then bought out by debt collectors. The information being reported on my credit reports are inaccurate and false. One account is a duplicate. One account was paid in full and never went to collections. 3 accounts are all due to my cards being stolen from me while I was involved in a domestic abuse case and they were used without my knowledge or consent. These items are all still reporting as late each month and open which is in violation of the Fair Debt Collection Practices Act.	Credit reporting	46069.4	2026-10-07 19:37:12
46	I previously held loans that were serviced by XXXX and then transferred to Aidvantage. When I try to set up an account with Aidvantage, they are unable to locate my information or my loans. I tried to call and speak to a representative but was left on hold for over an hour.	Consumer loan	28821.9	2026-10-07 19:37:41
47	My enrolled for college in XXXX, I got approved for student loans and the way that school worked is they didnt give you the money that was left over after tuition was paid they just held on to it .. I finished one semester and had to drop out .. they never released the rest of the money to me and they lied on paper and had me on the books until XXXX but my tuition payments stopped in XXXX because thats when I dropped out .. one was released in XXXX but then was canceled. So they didnt release the funds to me, I only went for one semester and Im still on the hook for almost XXXX XXXXXXXX XXXX .. I think if I was still going to be required to pay the full loan they should have given me the left over disbursements.	Consumer loan	26268.5	2026-10-07 19:38:08
48	I have continually had issues with my payment 's going through Ed Financial 's online system. I have repeatedly had to delete and reset my bank account info for an ACH transaction. After I reset their system accepts one or two payments and then starts sending me notices that the bank returned my payment. This happened through the entire pandemic, and is now happening again that I am in a repayment. Most recently I received the attached letter for my XXXX payment. They accepted my XXXX payment on XX/XX/ using the exact same bank info. The only solution they had for me was to call to make payments via debit card each month. Issue with that is they have long wait times and a call back can take up to 24 hours. Their system is jenky and their customer service is unhelpful. There isn't really anything the company can do to resolve this. I would have my loan paid off by now had their system functioned and accepted payments. I just want to make other consumers aware to not use them as a lending institution they will make your life cumbersome to scam you out of money.	Consumer loan	67393.1	2026-10-07 19:39:15
49	I am writing to request a review of the situation involving my PayPal account. I had my account unexpectedly and permanently blocked. I had responded to all the required information by PayPal and followed all of their rules and regulations as I had agreed to when I signed up. Despite this, they have frozen my funds for 180 days and canceled my account. I am familiar with the importance of timely reviews to maintain PayPal 's status as a secure platform for customers and merchants. I have done nothing wrong and have not engaged in unethical behavior. I am a website designer and use PayPal to collect payments from clients for the work I do on their websites. I would appreciate if PayPal did another investigation and restored access to my account. My PayPal address is XXXX.	Money transfer or service	29274.6	2026-10-07 19:39:44
50	Ocwen is acting in bad faith and with gross negligence in connection with a financial matter. At issue is Ocwen 's demand through their shell company XXXX XXXX of an illegal demand for contribution in a short sale. CA law forbids junior lien holders from requiring contributions to do a short sale and worse Ocwen has a guideline of only paying 8 % for junior lien holders. In this case Ocwen is the junior lien holder. If Ocwen only pays 8 % to junior lien holders per their guideline then they should most certainly be happy to receive 8 % which is what 1st lien holder is paying Ocwen. Ocwen must accept the offer amount being paid due to 1. CA law forbiding contributions to junior lien holders and 2. Because their guidelines pay junior lien holder 8 % so demanding almost 25 % is not only ridiculous and against ethical business practices and their own stand business practices. Ocwen very well knows no junior lien holders on short sale receive 25 % pay off. Payoffs to junior lien holders in short sales are maxed at 10 % varying by lender. Ocwen only pays 8 % they can accept 8 %.	Mortgage	29462.1	2026-10-07 19:40:14
51	I have been violated and trespassed against pursuant to 15usc 1692d  ; Harassed and oppressive use of intercourse of an alleged debt 15usc 1692e ; Using false and misleading representation 15usc 1692f ; unfair practices attempting to collect an alleged debt 15usc 1692c ( e ) ; Communications without prior consent and many other violations including the truth in lending act and executive order XXXX ; Promoting the rule of law through transparency and fairness in civil administrative enforcement and adjudication. As a federally protected natural consumer, original creditor and principal on all accounts, I feel like this is an attempt to extort and rob me, personally, my family and my household. This is criminal activity at the least and is unacceptable. Each violation has a statutory cost of {$1000.00} and this does not include emotional distress, defamation of character, or any unseen injuries.	Debt collection	35744.9	2026-10-07 19:40:50
52	My account XXXX XXXXXXXX My SSN : XXXX The origination date : XXXX Company Number Ph : XXXX My Line of Credit is {$1500.00} and my balance is {$1600.00} My monthly payment is {$330.00} and only {$46.00} went towards the principal and the amount owed continues to go up. I have an open XXXX XXXXXXXX Bankruptcy and I receive disability due to mental and physical health. I can not afford the loan, and they will not work with me to reduce the rate to pay the loan down. Can you help me, because I'm in a bad situation and I can not afford it.	Consumer loan	38959.4	2026-10-07 19:41:29
53	On XX/XX/2022, I noticed that 2 transactions/payments ( {$3000.00} and {$500.00} ) were made on XX/XX/2022 from my checking account # XXXX to a Bank of America credit card account ( acct # unknown ). \nThese payments were not authorized by myself or spouse as we do not have a current BOA credit card or loan. I contacted BOA customer service/fraud dept about this problem on XX/XX/2022. After BOA researched the issue, The only information that they will provide is that these transactions were supposedly made via online bill pay from one of our devices. They denied our claim and said we would need to get a subpoena to disclose which device and who's BOA Credit Card Account was the recipient of our funds. \nThey advised us we would need to take our devices to a third party security services company and we would need to provide evidence that the transactions were made without our authorization from our devices. In other words we had to prove that someone else had unauthorized access to the device and had originated the transaction from our device to an account that they refuse to disclose the information about. The lack of transparency about the parties in the transaction and deferring the responsibility to us to prove we did not originate the transaction is an unreasonable request.	Bank account or service	43908.9	2026-10-07 19:42:13
54	I am filing a complaint against Bank of America for failure to comply with Regulation E regarding an unauthorized transaction totaling {$4800.00}.\n\nMy account was used without my authorization. I reported the unauthorized transaction to Bank of America and requested that the amount be credited back to my account as required under Regulation E.\n\nBank of America denied my dispute twice. The sole basis provided for denial was that account statements were mailed to my correct address and that payments were made on the account. This rationale is not supported by Regulation E and does not relieve the bank of its obligation to investigate and credit unauthorized electronic fund transfers. \n\nWhether a statement was received or a payment was made is irrelevant under Regulation E. What matters is that the transaction was unauthorized. Bank of America has failed to demonstrate that I authorized this transaction and has not conducted a meaningful investigation beyond confirming statement delivery.\n\nI am requesting that Bank of America immediately credit my account for the full unauthorized amount of {$4800.00} and comply with its obligations under federal law. \n\nI have spent over XXXX months attempting to resolve this directly with Bank of America, including multiple phone calls and XXXX dispute submissions. The bank has been given multiple opportunities to correct this and has failed to do so. \n\nI am requesting CFPB assistance to require Bank of America to reverse the unauthorized charge and bring the account into compliance with Regulation E.	Bank account or service	32382.8	2026-10-07 19:42:45
55	In early XX/XX/XXXX, my payment amount on XXXX was added for the XX/XX/XXXX loan payment re-start. This payment amount was incorrect -- it should have been the same payment I was making prior to the payment pause but instead was double what I had been paying. I had not recertified my income so there's no reason it should have changed. \n\nI took the advice of the Mohela website and waited to see if they would update my payment amount when they sent a billing statement and this never happened. I called to inquire on XX/XX/XXXX and after waiting XXXX hours for a call back, the Mohela representative had no idea why Mohela had my payment listed as twice the amount it should have been. The customer service representative suggested I recalculate my XXXX payment amount, which I did on the phone. She said it would take XXXX business days to process. It has now been XXXX business days and it has still not been processed. \n\nI received a billing statement on XX/XX/XXXX for the incorrect amount. The billing statement listed a payment due date of XX/XX/XXXX and was backdated to XX/XX/XXXX ( billing statements are required to be provided XXXX weeks ahead of the payment date -- Mohela did not do this and inaccurately backdated my billing statement ). \n\nAround XX/XX/XXXX my payment amount was updated on Mohela.com to a lower amount, but my billing statement was not updated to reflect this. I attempted to pay the amount due on XX/XX/XXXX so my payment would not be delinquent, but when I tried to pay it the payment not applying the amount due across all loans and instead just to some of the loans which would prevent the payment from applying to my PSLF count. \n\nOn XX/XX/XXXX, I tried to call Mohela to discuss. I have been on hold for XXXX hours so far and not been able to talk to customer service. \n\nAdditionally, I submitted an updated XXXX certification form at the beginning of XXXX. It has been a month and my payment counts have not been updated. \n\nThis is absurd.	Consumer loan	32403.4	2026-10-07 19:43:17
56	They're charging me {$30.00} for returning a payment I'd made twice to my account. \nThey confirmed they would remove it, but it's been more than 3 months, and they haven't returned the {$30.00}. \nI called them, and a customer service representative even gave me a refund confirmation number, but they never reimbursed me. \n\nI have an email telling me they'll refund me, but they still haven't returned what I paid. My account is at XXXX. \nAnd I can't use their card anymore because they blocked it more than 3 months ago.	Bank account or service	42248.1	2026-10-07 19:44:00
57	Hello PayPal/Venmo : I was recently using your venmo app as I always do I have been a verified member for quite some time now. This is the main app that I have been using for years starting from XXXX all the way up until today where I am now graduated from college. It upsets there is not any human interaction from the venmo side that is able to send me at least an email or a phone call that could help explain any of this. My account got flagged because of XXXX payment of {$300.00} that I do very often ( every other day ) so it makes no sense. Then to make matters worst Venmo wont even let me withdraw the money I have in my balance. I need to use that money this weekend but they could care less apparently and it shows. I hope I can get some help here because this is an awful experience. Please someone help me or at least get me an answer. Thank you.	Money transfer or service	28953.8	2026-10-07 19:44:29
58	on XX/XX/year> I used my XXXX XXXX debit card to access a mountain America credit union ( Macu ) atm to deposit cash. Not knowing that I was no a credit union member, the atm machine accepted my cash deposit of {$470.00}. \nI was in Utah on vacation skiing, and to make things worse I lost my XXXX XXXX debit card and the deposit receipt the next day. \nOn XX/XX/XXXX while in Utah I went back to the Macu branch to inquire abt my mistake in depositing cash with a non member back and the teller at Macu told me that I had to wait 1 week so that Macu could collect & reconcile activity at the branch atm.\n\nBy then I had returned to florida, and I called Macu on XX/XX/XXXX I called the Macu branch and they confirmed they found deposited money equal to my {$470.00} from a non member but they told me I needed to contact my bank XXXX XXXX and their fraud department to coordinate with Macu.\n\nAfter several months with several departments, on several calls, with both weeks XXXX and Macu neither could agree to reconcile my errant deposit.\n\nIn our last call with Macu, they said it was wells responsibility to reconcile. On our last call with XXXX XXXX in early XXXX XXXX XXXX said Macus request would not conform with their compliance and suspended supporting me. \nLastly, despite a strip and computer chip XXXX XXXX do not have any record of my debit card accessing Macus atm. \nLastly, we contacted visa as well but they refused to support as they said it was a banking issue and not merchandising.	Bank account or service	39118.8	2026-10-07 19:45:08
59	In accordance with The Fair Credit Reporting Act the listed accounts Below have violated my federally protected consumer rights to privacy and confidentiality under 15 USC 1681. \n\nXXXX XXXX ACCOUNT NUMBER XXXX XXXX  ACCOUNT NUMBER XXXX XXXX XXXX XXXX ACCOUNT NUMBER XXXX XXXX XXXX XXXX ACCOUNT NUMBER XXXXXXXX XXXX ACCOUNT NUMBER XXXX XXXX XXXX ACCOUNT NUMBER XXXX 15 USC 1681 Section 602 A. States I have the right to privacy. \n\n15 USC 1681 Section 604 A. Also states a consumer reporting agency can not furnish a account without my written instructions.	Credit reporting	34624.9	2026-10-07 19:45:43
60	The student loan company has my correct contact information. I have spoken with several representatives in the last month and have verified my telephone number and address numerous times. The company continues to harass my family and friends even though they have my contact information. The harassment has expanded to my extended family and now at my place of employment. There is no reason the company should be contacting anyone else but me. They have all my contact information.   Additionally the company is giving myself and my co signer incorrect loan information and they have taken money out of my account without authorization. The representatives call and state the loan is in default but payments have been made monthly for the past year as part of an agreed payment plan. The customer service has been horrible.	Consumer loan	50450.2	2026-10-07 19:46:33
61	I am writing this complaint on behalf of my old Mortgage Foreclosure loan # XXXX with PNC Bank. I was scheduled for a foreclosure back in XXXX. However now I am being penalize for a new purchase with FHA. THere is a XXXX alert still on my account until XXXX XXXX. I understand the 3 year waiting period however, I foreclosed on my Property in XXXX however, there was a Security Deed error. The Security Deed was never signed by the Notary so I was Summons to have the Deed Reformed in XXXX. Due to error of title company it took another year to have the Superior Court of XXXX XXXX GA reform the document. The notary has died and was unable to reform the document. Now I am unable to close on my new property and in the process of losing my earnest money, contract and other monies. I am requesting a urgent request to have FHA remove my XXXX alert. My XXXX case # is XXXX. I will add the summons that was filed against me and other documentation for the release of this negligence of the mortgage company. I had a attorney involved where we requested a removed of the deliquency but no results. ThanksXXXX XXXXXXXXXXXX	Mortgage	29992.8	2026-10-07 19:47:03
62	On XX/XX/year>, around XXXXXXXX XXXX  a man approached me in XXXX asking for donations for his brother 's funeral ( he said his one-year-old brother was killed in XXXX XXXX the day before during a XXXX XXXXXXXX XXXX. I agreed to make a donation ( thinking {$10.00} ). I oered cash, but he said he only would accept XXXX or XXXX. I asked for his XXXX username, but he asked for my phone to type it in. I handed him my phone, and in the next few seconds sent himself money from my account then gave the phone back to me as if he had simply searched the username and was allowing me to put in my own amount. Then he left. I had a suspicion of what he'd done, so I checked my account history before sending him any more money. Of course, then I found he'd sent himself {$100.00} with a memo for " rent. '' I immediately chatted to XXXX  support and reported the issue. They mentioned they would escalate to the Account Specialists team and might reach out to local law enforcement, but would not be able to provide me any updates if I reached out again and could not refund my money since it was made instantly available to the receiver. \n\nI have filed a police report with the XXXX Police Department.	Bank account or service	34914.6	2026-10-07 19:47:38
63	Wells Fargo called me at XXXX XXXX and at XXXX XXXX Im receiving an email saying my account is about to be closed. With this impending closure, Im not able to get any deposits sent to the account. This was stated two days before Im supposed to get paid via direct deposit. I spoke to multiple representatives and one told me there was only a hold on the account and the rest told me that it will be closed due to multiple claims. I submitted 3 valid claims, all which I received credit for. Before I submit a claim, I reach out to the merchant. I wanted to appeal the decision and file a complaint.	Bank account or service	27041.2	2026-10-07 19:48:05
64	This complaint is pertaining to GM Financial. I sent a certified letter on XXXX XXXX, 2025 to request a copy of IRS Form 1099-C for my auto loan account that has been reported as a profit and loss write-off. It was charged off and closed on XX/XX/scrub> 2025. The alleged debt is {$25000.00}. According to FCRA Section 623 ( 15 USC 1681s-2 ) they are supposed to provide this form and report accurately. Since this wasnt provided to me I want the debt removed due to fraudulent and inaccurate reporting or I will be reporting to the IRS for suspicion of fraud.	Credit reporting	38329.1	2026-10-07 19:48:43
65	Companys involved : XXXX & key bank Key bank report number : XXXX ( Police XXXX and report number ) Police report # : XXXXXXXX XXXX XXXX XXXX # XXXX Detective Direct Number : XXXX XXXX Ohio XXXX XXXX : XXXX ( XXXX XXXX XXXX  Id ) : XXXX  XXXX I was running a small studio business out of my house I had a client XXXX me at gunpoint ( XX/XX/2023 ) and took all my money including other valuables He took my phone that was on my desk and sent himself {$530.00} On XXXX I didnt authorized this transaction I contacted key bank about this transaction and they resolved it in a timely manner but then a few months later I open my bank and see {$530.00} Missing out of my bank account they said the evidence I gave them was not enough so they took back the funds. I called key bank and asked to re open the case and gave them police report numbers and they said they would give me a resolution by XX/XX/XXXX Fast forward to XX/XX/XXXX I call back key bank and they say that the investigation is still going on and waiting for XXXX XXXX Ive given them all the information they could need including police report numbers Dates Police phone numbers listed above But they keep delaying a resolution I called XXXX  support and they keep telling me they are working with my bank to resolve the issue but theyve just been delaying it	Bank account or service	35096.8	2026-10-07 19:49:19
66	In a telephone call recored AGAINST MY WILL, that is, UNDER DURESS, I was forced to hear an employee of Wells Fargo Bank 's " executive officer '' tell me I am " spouting off '' in speaking about XXXX XXXX XXXX XXXX XXXX OF NEARLY ALL MY RELATIVES IN XXXX AND XXXX IN IT and matters having to do with improper and illegal fees of Wells Fargo Bank! \n\n" Spouting off '' is as defined by XXXX a most offensive and insulting and disrespectful expression but the employee DID NOT APOLOGIZE! \n\nTrying to solve the problem of these fees therefore becomes nearly impossible if not impossible given this attitude of the employee assigned to this problem! I do not " spout off '', I never have " spouted off '', and as a devoutly religious person never shall " spout off ''! \n\nSo now, in effect, this problem of these " fees '' can not be solved given this atrociously appalling attitude of mind of this employee aforementioned!	Bank account or service	32279.3	2026-10-07 19:49:51
67	My initial communication with MIDLAND CREDIT MANAGEMENT LLC was on XX/XX/2022, where I requested a validation of this alleged debt. The reporting of this alleged debt is a result of identity theft. I did not initiate any transaction with MIDLAND CREDIT MANAGEMENT LLC. I requested LEGAL proof that I have an obligation to MIDLAND CREDIT MANAGEMENT LLC. Also, in XXXX of 2022 I sent a Cease and Desist. Cease and Desist means ALL forms of communication including credit reporting. The amount of this alleged debt is {$2600.00} and due to the reporting of this false debt my credit score and credit worthiness has dropped immensely, currently affecting my ability to apply for a new home. I have not granted MIDLAND CREDIT MANAGEMENT LLC any permission to use my identifying information to commit mail fraud by contacting me about an alleged debt the claim I owe. In your companies response to my previous complaint you stated, " Just as the original creditor had the right to legally seek repayment of the promissory obligation, the new third-party purchaser has the right to repayment of the credit account. '' You clearly left out the word LEGALLY when referring to the new third-party purchaser because you do not have the legal right. Delete this account from my consumer report or I will file suit against you for theft by deception and identity theft.	Debt collection	44028.6	2026-10-07 19:50:35
68	I am currently disputing the reduction of my credit limit by Suncoast Credit Union. On XX/XX/XXXX, XXXX, a third-party company used by Suncoast for software auditing, claims to have sent me a letter regarding a statement. I never received or saw this letter, as I only communicate directly with companies I regularly do business with, such as Suncoast.\n\nWithout any prior notice from Suncoast, my credit limit was reduced from {$5000.00} to {$2400.00}, which resulted in my current balance of {$100.00} appearing as an overbalance. I have spoken with nine different representatives from Suncoast, and not a single person could explain or justify the {$2400.00} figure. This arbitrary reduction has unfairly impacted my account, and I believe these practices are neither transparent nor fair to consumers. \n\nI am requesting a thorough review of this matter and a proper explanation. The failure to provide clear notice or rationale for these changes is harmful and has left me with an unjustified outstanding balance, solely due to the reduction in my credit limit.	Credit card	62854.1	2026-10-07 19:51:38
69	On XX/XX/XXXX, Bank of America alerted me to four fraudulent charges on my credit card, each made within minutes of each other, and all charged to the XXXX XXXX. I immediately filed a fraud dispute and received a new credit card. To this date, Bank of America has refunded only two of the charges. See statement below. \n\n\nXX/XX/2024 XXXX transaction for Transaction date : XXXX DISPUTE Type Bank Transaction - {$2100.00} {$2600.00} XX/XX/XXXX XXXX transaction for Transaction date : XXXX DISPUTE Type Bank Transaction - {$2600.00} {$4700.00} XX/XX/XXXX XXXX transaction for Transaction date : XXXX XXXXXXXX XXXX  Type Purchases {$2600.00} {$7400.00} XX/XX/XXXX XXXX transaction for Transaction date : XXXX XXXXXXXX XXXX  Type Purchases {$2100.00} {$4700.00} XX/XX/202XXXX XXXX  transaction for Transaction date : XXXX XXXXXXXX XXXX Type Purchases {$2600.00} {$2600.00} XX/XX/202XXXX XXXX transaction for Transaction date : XXXX XXXXXXXX XXXX  Type Purchases {$2900.00} - {$79.00} I have contacted Bank of America four times since this happened. They are insisting that the two charges to the XXXX XXXX for XXXX and XXXX were never charged against my balance. However, as you can see from the statement above, that is clearly not the case. \n\nThe Claim ID number is XXXX. \n\nI would appreciate any assistance you can provide to help me get those charges removed from by balance. Thank you.	Credit card	32042	2026-10-07 19:52:10
70	I own a XXXX  business which XXXX is vital for our operations We offer same day delivery, order today & get it today and in order to do that you pay by XXXX. \n\nBank of America Decided to lock All the XXXX transations ( receiving XXXX sending ) for no specific reason on a weekend when we receive over XXXX in XXXX payments on weekends. \n\nFlowers are perishable so without a way to get paid and sell them they will die No agents to fix it, no information made our small business and our XXXX employees without job in a matter of seconds.	Bank account or service	37966.6	2026-10-07 19:52:48
71	XXXX credit card states that all primary users and authorized users credit rapport and status would be reported to all three credit bureaus naming Experian XXXX and XXXX  regarding credit history for all users. \n\nI had to call and order for them to report to all three credit bureaus when they were only reporting to XXXX now they're not reporting to any and in accurate information was reported once I mentioned about Experian, Please take note It does not define any special circumstances or conditions all users will be reported to all three credit bureaus ... And I was constantly for months delayed in getting answers back or responses Please note that they were claiming to have been doing an investigation and reporting to TransUnion and the other XXXX credit bureaus but the credit bureau say we never got anything it's been a XXXX XXXX that's good consumers and paying our bill on time we have ran into numerous issues that have been unfair and not favorable they started reporting the TransUnion and once they stop and took it off I took XXXX big heavy hit as an authorized user for the trade line in the beginning my daughter as the primary user so had to call in once I brought it to her attention that it wasn't being reported to experian on her behalf and then they started reporting that took place almost a year later... I stated to a young lady that You're not reporting to Experian on our behalf and her reply was we don't report to Experian... And which we found strange when they advertise that they report to all three credit bureau and it's in their terms and conditions regarding everything I've spoken on that they're supposed to be reporting to all three credit bureaus regarding the primary user and authorized users name... We have made payments on time and before time this is not acceptable	Credit reporting	38000.7	2026-10-07 19:53:26
72	I made a purchase on XXXX on XX/XX/2021 for {$500.00} I didnt receive the majority of my order and when I reported it to wish they only refunded two items. \n\nI disputing with Fortiva and they responded with wish.come response-showing usps marked it as delivered. The items never arrived here and a couple and a half months after I gave up on this issue ( 3 weeks ago ) someone knocked on my door but left an oversized mailing bag full or random items I had ordered. I was happy that I finally got it but now that Im trying it on the stuff was not as advertised!! It is overly small and most items are are through!!! When contacting Fortiva they state I have no further option to reopen the dispute/further dispute!!	Bank account or service	98355.3	2026-10-07 19:55:04
73	Someone use my identity two years ago to get a car they checked 19 financial place to be approved I guess home credit was the one to approve them they got the car and now they continually contacting me to pay the bill when I pay for all my car cash and used I contacted the credit bureaus about theses list of inquiries before I got ask 100??? But they were never took off XXXX XXXX when I contacted the place about it they sent me a letter saying the car was sold at a private sale but what that has to do with my identity being use without my approval	Credit reporting	40273.3	2026-10-07 19:55:45
74	OnXX/XX/XXXX I made a purchase with my Walmart synchrony card, at a Walmart for {$300.00}. The most recent purchase raise the balance to a little over {$1700.00}. On XX/XX/XXXX I came home to a letter from XXXX XXXX stating that they were dropping my credit limit to {$1400.00} from {$5000.00}. The credit limit decrease was based on reporting from XXXX suggesting identity fraud and non reported new address. The credit limit decrease instantly put the credit card over it's limit and reporting that I am now utilizing 100 % of my credit. Upon calling synchrony I discovered that their fraud department had no indication of fraud on my account and a supervisor could not explain what was being reported on the letter. I was advised to contact XXXX. I have been unable to reach a person at XXXX to explain what is being reported. My credit score has now also been affected by a 120 point drop due my credit limits now being maxed out. After checking my report with XXXX   on XXXX XXXX there are no indications of any kind of fraud or changes to my report. Synchrony decision to reduce my credit limit and inability to explain the reasons has adversely affected my credit score. I have a 100 % positive payment history on not only this account but every other account in my name. I have since opened a XXXX XXXX XXXX XXXX card to transfer the balance so that I may close out the synchrony card. I was granted a {$25000.00} credit limit based on the same credit score and information that synchrony used to drop my credit limit on their card. This was an unfair practice that no one has been able to explain to me.	Credit reporting	53779	2026-10-07 19:56:39
75	On XX/XX/2023 a payment of {$50.00} and a payment of {$420.00} was made to Goldman Sachs for my Apple card. Then on the XXXX of XXXX a check was issued from my mortgage company for a debt consolidation loan of {$2500.00}. However, they were overpaid by {$340.00}. I have reached out to Goldman Sachs on several occasions to get a refund for the overpayment, and every time I call, I get some excuse, like the account is under review. I called again on XX/XX/XXXX and was told that the account is under review and it could take up to another 10 days for someone to contact me. This account has never been late and I can not seem to get the assistance that I need.	Credit card	39336.4	2026-10-07 19:57:18
76	This company is reporting inaccurate information on this capital one account. This account is in litigation and this company has also been sued by the cfpb. \nMisled consumers about high interest accounts : Capital One illegally deceived consumers and Capital One, N.A. violated the Truth in Savings Act by representing that XXXX XXXX provided a variable interest rate that was one of the nations top, best, '' and highest, and would earn much more interest than the average savings account. \nKept consumers in the dark to maintain a two-tier system : Capital One misrepresented to existing customers that its XXXX Savings account was and would be its only XXXX high-interest savings product with the features, terms, and conditions of XXXX Savings and obscured from those customers its newer, much-higher-interest XXXX Performance Savings accounts, which otherwise had all the same terms, conditions, and features of XXXX Savings. Capital One used XXXX Performance Savings to attract new depositors without paying existing depositors the interest they were promised. Capital One avoided paying more than {$2.00} XXXX in additional interest to millions of customers because of these actions. \nEnforcement Action Under the Consumer Financial Protection Act, the CFPB has the authority to take action against institutions violating consumer financial protection laws, including the Truth in Savings Act. It also has the authority to enforce the Consumer Financial Protection Acts prohibitions on unfair, deceptive, or abusive acts or practices. The CFPB seeks to stop Capital Ones unlawful conduct, provide redress for harmed consumers, and impose civil money penalties, which would be paid into the CFPBs victims relief fund.	Bank account or service	41122.1	2026-10-07 19:57:59
77	Bank of America withdrawed funds from a newly opened account as an offsett payment to a corporate account. Bank of America does not have any court orders or judgements against me to withhold or deduct funds from my account. This is a direct violation of consumer regulation ( XXXX XXXX XXXX ( d ) ) that says the following : " General rule. A card issuer may not take any action, either before or after termination of credit card privileges, to offset a cardholder 's indebtedness arising from a consumer credit transaction under the relevant credit card plan against funds of the cardholder held on deposit with the card issuer. '' Also violates FCBA law : A card issuer may not take any action to offset a cardholders indebtedness arising in connection with a consumer credit transaction under the relevant credit card plan against funds of the cardholder held on deposit with the card issuer.\n\nThere is no automatic payment arrangement for my Bank of America checking ending in 6484 12 CFR 1026.12, prohibit a card issuer from using a cardholder 's deposit account to offset the cardholder 's indebtedness on a credit card. \n\nBank of America has not given any notice before doing an offset for my accounts. \n\nThese offset took place from my personal account ending in XXXX on XX/XX/XXXX in the amount of {$910.00} and another offset on XX/XX/XXXX in the amount of {$490.00} offset payment made to business account ending in XXXX The is no right to offset has no effect on an account that was not opened at the time of agreement. And the guarantor for the business credit card ending in XXXX is not the name on the personal checking ending in XXXX	Bank account or service	39976.4	2026-10-07 19:58:39
78	To Whom It May Concern, I am filing a formal complaint regarding PayPals practice of withholding cleared funds and charging fees to access money that has already been released. \n\nI completed a sale through XXXX for {$810.00}. The buyer confirmed receipt and formally released the funds. Despite this, PayPal continued to hold the funds for approximately XXXX weeks under the explanation that it was policy to protect either party. \n\nThere was no dispute, no claim, and no unresolved issue. The transaction had been completed and approved. The hold served no legitimate protective function and instead restricted my access to funds that were rightfully mine. \n\nBecause XXXX requires PayPal as its payment processor, I had no practical alternative and no meaningful ability to avoid these terms. \n\nTo compound the issue, PayPal then charged me {$15.00} to transfer my own funds immediately rather than wait an additional XXXX days for standard transfer processing. This effectively penalizes sellers for wanting timely access to money that has already been cleared and released. \n\nPayPal has previously faced legal action related to similar practices, including litigation in Hawaii concerning the holding of funds. This pattern suggests a systemic issue rather than an isolated incident. \n\nI am requesting : Reimbursement of the {$15.00} fee A written explanation for the extended hold after buyer release Regulatory review of PayPals post-release hold practices Sellers should not be required to pay additional fees to access funds that have already been cleared and approved. \n\nSincerely, XXXX XXXX	Money transfer or service	39580.7	2026-10-07 19:59:19
79	My mortgage company here in XXXX, XXXX XXXX is US Bank. After XXXX XXXX hit on XX/XX/XXXX and had a major impact on our community in so many ways, I applied for a XXXX month deferment of mortgage payments due to loss of income. \nI had already paid XXXX 's mortgage and was requesting a deferment for the months of XXXX, XXXX and XXXX. My hope was to have the deferred months added on to the length of the loan and to resume normal monthly payments in XXXX. \nI filled out the necessary information, explained my XXXX sources of self employment, explained in great detail the loss of oncome during this time, provided bank statements from my checking account, and submitted our 2023 tax returns as requested. \nI also had to resubmit the same information to US Bank more then once because, depending who I spoke to on the phone ( and given different and contradictory information every time ), agents would say that they had never received the information that was requested. And the only information that I received in the mail pertained to the amount of money I owed them, or ways to avoid foreclosure, etc. \nIt was and is sadly and extremely evident to me that they had absolutely no intent on helping me whatsoever. They only seek to help themselves. And up until this point I had never ever missed a payment or been delinquent in anyway. I was just simply wanting assistance because of this major natural disaster. \nYesterday I received another letter in the mail from XXXX stating that my request for assistance has been denied due to an " Incomplete Application. '' This is new news to me, had not been honestly brought to my intention, and it's just more of the same from an institution that is not in the business of doing right by the people who have been loyal to them.	Mortgage	31326.4	2026-10-07 19:59:50
80	I was foreclosed on twice once inXX/XX/2013 I tried to get help from a modification and was denied plus told that I didn't meet criteria when I did then after I finally finished paying XXXX to keep home they started doing shady things to my loan, they quit sending me statements, they changed my loan number witch is secured by the note in witch it was first signed and started, also they held mortgage funds I paid and put them on interest instead of principal witch thru me into foreclosure again i want to see that my pain and financial pain is not gone without true justice and i haven't seen one check that supposedly is being sent to all victims that were not granted modifications, please help me!!! Thank you XXXX XXXX	Mortgage	30092.8	2026-10-07 20:00:20
81	Had property taxes wrong. The property insurance has been a issue for 5 Months.. Company put lender insurance on the property, I now have XXXX policies. I had to place place a new insurance policy in 2021 because the firm had let original policy lapse. .The lender insurance policy purchased did not cover the property replacement value and non coverage for personal property. I have tried to make contact through the VA, XXXX XXXX XXXXt, the servicer ( XXXX ) more than 10 times and no response. No body home. Help!!!!!!!!!!!	Mortgage	34513.3	2026-10-07 20:00:55
82	I deposited a check in the amount of {$3600.00} on XX/XX/2023 into my personal checking account through the mobile banking app. Truists XXXX XXXX department suspected the transaction as fraudulent. Truist not only put a hold on the deposit but froze all accounts, including our business account, until the investigation is complete, which can be up to XXXX business days. We can not deposit nor withdraw any of our cash. All of our funds are with Truist. We have no money for XXXX business days. My husband is unable to conduct business until the investigation is complete. I requested proof of fraudulent activity but was told its merely under investigation. While I appreciate the need to investigate, preventing our family of XXXX from accessing our money feels criminal. For what its worth, the check is from a former employer and is in fact not fraudulent. It is for unpaid wages following my departure as their employees. They would have happily vouched for the legitimacy of the check if asked. There is no evidence of it being fraudulent ( only the banks suspicion ).	Bank account or service	40784.8	2026-10-07 20:01:36
83	Hello.     I sold the following home ( address:   XXXX   XXXX   XXXX     ,   XXXX   ,  FL  XXXX  ) last year  (     XXXX     2016 ).  My mortgage service provider ( Seterus, loan #  XXXX  ) has not updated the credit reporting agencies with this information and this outdated loan information is now impacting my ability to refinance my current home.      XXXX   XXXX	Mortgage	34956.1	2026-10-07 20:02:11
84	One Main Financial used extreme tactics for payments thats were not applied to the vehicle loan. I was told it went to interest, which is very high. I was told signing up for insurance on the loan would protect me in the future and it did not.	Consumer loan	30308.5	2026-10-07 20:02:41
85	Good morning, On XX/XX/XXXX I attempted to transfer {$420.00} from my Venmo account to my linked personal bank account at XXXXXXXX XXXX. Unbeknownst to me, the nationwide XXXX outage occurred later that day and my bank rejected the transfer. I called Venmo on XX/XX/XXXX to ask them the status of my transfer. They told me to call my bank, which I did. My bank confirmed that the bank rejected the transfer and it never went through. So I expected the {$420.00} to still be in my Venmo account. However, my balance is {$0.00}. Since then, I have repeatedly emailed Venmo support and have given them anything they ask for, including bank statements showing my transaction history for the month of XXXX. However they keep " moving the goalposts '' and canceling my disputes arbitrarily. My Venmo account still shows {$0.00}. Venmo has also confirmed with my bank XXXX via email that the money never went through. However Venmo at this point has not returned my {$420.00}. Please assist. \n\nThank you, XXXX XXXX	Money transfer or service	33966.8	2026-10-07 20:03:15
86	XXXX XXXX I purchased a vehicle from XXXX a XXXX XXXX XXXX which turned out to be a lemon they didn't tell me that there was transmission issues and the company was in class action for that vehicle so at that time my credit score was very very very low I had no choice but to go to a buy here pay here they approved me I paid on my car for a year my credit score went up dramatically probably from XXXX all the way up to over 600 well due to the fact that the transmission was faulty in my XXXX XXXX I got the recalls fixed a day after I got back from the XXXX dealership the car accelerated and jolted resulting in a car accident which total my vehicle I paid XXXX a month for a year plus the {$1200.00} down payment the gap insurance and my insurance ended up paying 17,000 something something dollars plus my Years payments am a down payment I got nothing so they said they would put me in a new car no charge to pick out a new car for {$15000.00} no down payment but when they set everything up they gave me the same interest rate that they had gave me a year prior with my low score instead of running it with my new score a year later after I got better so I'm still paying high interest rate at 18 % interest from a score from the year prior when my credit was bad after I had already been paying them for a year and establish better credit but had no choice because I had no down payment because I got no money from the first vehicle accident so I'm wondering why am I paying high interest rate when my credit was better and they never ran my credit again they just use that your prior score and why did I pay so much for a car that wasn't worth it because after I purchased my XXXX XXXX XXXX  for XXXX I had it appraise for the value and it was only valued at {$4000.00} even the insurance company valued it at XXXX so why did I pay XXXX XXXX in total XXXX for a car that was not worth it and that was the lemon they had issues to the car dealership knew about	Consumer loan	33150.9	2026-10-07 20:03:48
87	Specifically, Cash App failed to take timely and effective measures to prevent and address fraud on their platform, leaving my account vulnerable and unprotected. Furthermore, their dispute resolution process was unfair and deceptive, as they did not comply with error resolution requirements under the Electronic Fund Transfer Act ( EFTA ) and Regulation E. These actions has caused significant inconvenience and financial loss, and i seek appropriate redress for these violations.	Money transfer or service	25141.8	2026-10-07 20:04:13
88	Based on prior conversations and information posted on the FedLoan Servicing website, I was advised that consolidation of Direct Consolidation student loans and Direct Parent Plus loans would result in resetting the PSLF qualifying payment count to zero. On XX/XX/XXXX I submitted a PSLF application without consolidating my two Direct Consolidation loans with my Direct Parent Plus loans. On XX/XX/XXXX I received a letter stating that I was not eligible yet to receive forgiveness. A representative from FedLoan Servicing informed me that the payment count was not reflecting the Limited PSLF waiver update and also advised me not to consolidate the Direct Consolidation loans with the Direct Parent Plus loans. On XX/XX/XXXX I received forgiveness on the two Direct Consolidation loans. On XX/XX/XXXX, the Department of Education posted on their studentaid.gov website the following information : " Under the limited waiver your consolidation loans will receive credit for time in repayment on your loans with different counts. Your consolidation loan will be credited with at least the largest number of payments on the loans that were consolidated. '' Shortly after XX/XX/XXXX, it was confirmed by a consolidation specialist at FedLoan Servicing that I would have received forgiveness on all on my loans had I consolidated prior to submitting the PSLF application.	Consumer loan	31201.4	2026-10-07 20:04:45
89	To whom it may concern I would like to make this brief. I have contacted Equifax, XXXX, and XXXX on several occasions by certified mail, phone call, fax, and online. It seems to me that this is becoming more of a fairy tale joke to you and no one has responded. I contacted each creditor but no one was able to confirm that the fraudulent accounts and inquiries are mine. They havent not yet provided me with any proof of an original document showing my signature. By law with in the FCRA 609 it must me removed immediately. It has been more than 90 days for this investigation and my results were deleted online and Im sure it was done because I called in to mention that I have record and recorded every call, I made copies of all court documents and I definitely had a run in with you guys a few years back to due to lack of providing proof of evidence on how inaccurate information was placed on my report. It seems that this is the same situation. I am fed up and this will result in a court room. I will allow the judge to make the decision because I have had previous problems with you guys.	Credit reporting	34990.1	2026-10-07 20:05:20
90	There was a data breach and the company that I use for direct deposit through my work had their files stolen and my checking account number was released to the world wide web. I called in the regular number- the woman that answered had an accent - seemingly they've outsourced to the XXXX as well. She literally told me that there was nobody that could talk about that and to go in to the bank. \nObviously this is very time sensitive. I was extremely surprised at the way this was handled. I currently don't have a clear answer on how to resolve this and banks are closed this weekend due to the transition over to BMO, so I can't actually go to a bank.	Bank account or service	27039.9	2026-10-07 20:05:47
91	On XX/XX/2021 my cryptocurrency got transferred to an external wallet without my consent. {$700.00} out of my account was cleared completely. \n\nI had XXXX SHIBA INU Coins and XXXX DOGE coins. \n\nI have 3 layers of security on my account so I do not understand how this could happen. \n\nI told them as soon as I saw the emails and they had me prove my identity only for 6 days later to tell me that there is nothing they could do about it and that I will not get my money back.	Money transfer or service	34706.1	2026-10-07 20:06:21
92	I was attending XXXX XXXX university online. I was offered a grant of up to {$1800.00} if I wrote a 500 word essay stating why I needed it. 6 months later I received a bill in the mail for XXXX dollars. I was never told I would have to repay the grant at the time I wrote my essay or on the application itself. They are withholding my transcripts from me and have documented this false debt amount on my credit report for {$2000.00}.\n\n*I have the actual application I used when I applied and I also have a picture of the 500 word essay for the grant application I wrote documented in my student online account under my documents showing I did indeed write the essay. *	Credit reporting	40400.8	2026-10-07 20:07:02
93	( This submission is related to existing complaint and contains uploaded documentation not included in previous submission. ) On XX/XX/2023 disputes were initiated for two charges. On XX/XX/2023| requested that these two disputes be closed and the money returned to the merchant. The merchant reports the funds have not yet been returned to his account and threatens legal action unless I send him a check for those amounts.	Credit card	58272.3	2026-10-07 20:08:00
94	I requested that my homeowners insurance be removed from my escrow account as I got a substantial discount for paying in full myself. I was told that I do not meet the required loan to value ( XXXX ) and was denied. They stated that XXXX XXXX  uses the original appraised value. I provided them with the original appraisal dated within a week of the loan origination and they denied it stating the original appraisal is the loan origination amount. I researched this on the XXXX XXXX  website and that is inaccurate. The original appraisal is the actual appraisal done for the loan origination, which I have and shows that I more than meet their requirements. I was again denied via a pre programmed letter and my request to speak with a manager and to see the appraisal they were using were ignored.	Mortgage	31508.2	2026-10-07 20:08:32
95	I am a co-signer on this auto loan, which was originally obtained for my mother. I later assumed responsibility for the account and made payments to bring it current. I also contributed {$1500.00} of my own money toward the total {$3500.00} down payment at the time of purchase. The vehicle was repossessed in XX/XX/year>. I made a reinstatement payment of {$2700.00} on XX/XX/year>, to bring the account current, and I regained possession of the vehicle on XX/XX/year>. After reviewing the payment history provided by the lender, I identified repossession-related charges applied on XX/XX/year>, totaling {$150.00}, after I had already regained possession of the vehicle. These charges appear improper, as the repossession process had already been completed. Additionally, the account is being reported as closed due to repossession, despite the loan being reinstated and currently active with ongoing payments. This reporting is misleading and does not reflect the current status of the account. I also have concerns regarding the {$3500.00} down payment made at the time of purchase, including {$1500.00} that I personally contributed, which does not appear to have been applied toward reducing the principal balance or clearly reflected in the loan documentation. I am requesting removal of the improper repossession-related fees, correction of the credit reporting to reflect an active account, and a clear explanation of how the {$3500.00} down payment was applied.	Consumer loan	36307.3	2026-10-07 20:09:08
96	Please refer to the files uploaded below for a detailed description of what happened to me. \n\nI want to note the following as well : Last Friday afternoon, I noticed a seemingly fraudulent XXXX transfer from my XXXX Bank account to someone with my wife 's name. While the account only had {$1.00} in it, nearly {$500.00} was transferred out, leaving a negative balance of nearly $ ( XXXX ). My wife never received that money, and I never authorized the transfer. XXXX Bank 's fraud unit is still trying to figure out whether it was just a glitch, or whether criminal activity occurred. It would be premature at this point for me to jump to any conclusions. That account is now closed due to suspicion of fraud.	Bank account or service	37445.3	2026-10-07 20:09:46
97	My insurance company sent me a check for XXXX of the funds to replace my roof. The mortgage company ( on the phone ) said to mail them the check and they would endorse it and mail it back. I mailed it to them with a tracking number and it is documented on insuranceclaimcheck.com that they received it XX/XX/2023. I called them around XX/XX/XXXX and they said the check for {$5600.00} was {$610.00} over their amount they could send back and they began a " request process '' to request that the entire check be released. I called them again a week ago and they said they could not discuss the check with me and to contact myinsuranceclaimcheck.com. When I contacted them, they claimed the check was mailed back without a tracking number ( after requiring me to mail it overnight with a tracking number ). The check never came and I am getting it reissued from the insurance company and going through this process all over again. My roofers are waiting to start and a month later, I still don't have the check. \n\nMy loan is current, but I was behind when I originally mailed them the check. The attached conversation shows where the mortgage company is holding the check hostage and not releasing funds " due to the status of my loan '' at the time I mailed them the check. \n\nThis is MY insurance policy. I pay the bill. The mortgage company does NOT have the right not hold MY insurance funds. I want EVERYTHING released immediately so I can get my roofers started.	Mortgage	32929.7	2026-10-07 20:10:19
98	EdFinancial is the company who has my loan. I am on an income driven repayment plan. I have made all of my payments on time since i needed to start paying. However, nearly half of my payments have been cancelled, reversed, or otherwise not gone through. I contacted my bank and I was told that they are not cancelling the transactions. I know my account and routing number are correct, as i have had payments go through and be pulled from my account.\n\nI emailed EdFinancial inquiring about this. I am now 3 payments behind despite attempting to pay my balance numerous times over the course of the past few months. I am now about to be go into delinquency, due to EdFinancial not knowing how to run a website. I shouldnt have to worry about my wages getting garnished due to a company 's issues. PLEASE help me resolve this.	Consumer loan	33217	2026-10-07 20:10:52
99	XXXX XXXX Credit Card with account # XXXX opened on XX/XX/XXXX and a balance of {$0.00}. ACCORDING TO FCRA Section 605B it is illegal to report information on my credit report without my permission thank you please remove this from my credit report XXXX XXXX  Credit Card with account # XXXX opened on XX/XX/XXXX and a balance of {$0.00}. ACCORDING TO FCRA Section 605B it is illegal to report information on my credit report without my permission thank you please remove this from my credit report XXXX XXXX XXXX XXXX with account # XXXX opened on XX/XX/XXXX and a balance of {$0.00}. ACCORDING TO FCRA Section 605B it is illegal to report information on my credit report without my permission thank you please remove this from my credit report XXXX XXXX XXXX XXXX Lease with account # XXXX opened on XX/XX/XXXX and a balance of {$0.00}. ACCORDING TO FCRA XXXX 605B it is illegal to report information on my credit report without my permission thank you please remove this from my credit report XXXX XXXXXXXX XXXX XXXX Secured Loan with account # XXXX opened on XX/XX/XXXX and a balance of {$0.00}. ACCORDING TO FCRA Section 605B it is illegal to report information on my credit report without my permission thank you please remove this from my credit report	Credit reporting	34840.1	2026-10-07 20:11:27
100	According to the West Virginia Secretary of State, as of XX/XX/2023, XXXX XXXX XXXX have XXXX ( XXXX ) Liens filed. XXXX XXXX XXXX is not indebted to any Corporations. \n\nPlease see Attached documentation.	Credit reporting	43712.1	2026-10-07 20:12:10
101	1. Bank of America closed a residential mortgage loan based upon the forgery of my signature on the Security Deed associated with the subject residential mortgage loan. datedXXXX XXXX, 2007. \n2. Bank of America closed a residential loan as mentioned in paragraph XXXX, based upon fixing of my name where signature of my name printed below the space that was prepared for my signature, on the Promissory Note also dated XXXX XXXX, 2007. \n3. I was not aware of a closing nor present for a closing, nor did I grant anyone Power of Attorney in association with above transactions. \n4. I received a notice of my alleged indebtedness, therefore I requested from Bank of America a copy of their file to support the alleged indebtedness that I was told that I signed. I was sent a copy of the Promissory Note which is attached hereto.	Mortgage	33046.2	2026-10-07 20:12:44
102	After Covid I struggled to keep up with payments. I ended up losing my job. I had to result temporarily to driving for XXXX while looking for another job and I would communicate that with the loan company. In between looking for another job, I attempted to make payments in the amount that I could considering I was not getting paid as much. Upon asking to make a smaller or partial payment, the loan company repeatedly stated that they will not accept anything less than the minimum, which is the total amount I am behind. My argument is, had I been able to make partial payments I could have kept up with the payments, but the loan company refused any payment and would only accept payments over the phone leaving me with no other options to make partial payments. For example one months payments is around XXXX XXXX so if Im behind 3 months in payments with a total of XXXX XXXX  and I try to make a payment of XXXX XXXX  the loan company will not accept it or any payment under a minimum amount.	Consumer loan	29674.1	2026-10-07 20:13:13
103	I was the victim of fraud with Comenity Capital Bank/ XXXX XXXX XXXX XXXX They signed me up for a mortgage which I had no knowledge of and now its on my credit report. I never received any credit from them and didnt even realize I had an account with them until I checked my credit report more thoroughly. \n\nThe information below is what was in my credit report, I have no idea of the account number or any other details because I never even knew that I had an account. \n\nOverview Account Number XXXX XXXX Account Status PAYS_AS_AGREED Owner INDIVIDUAL Account Type MORTGAGE Creditor Classification Loan Type CHARGE_ACCOUNT Original Creditor Name Months Reviewed 11 Activity Designator Terms Frequency MONTHLY Term Duration Purchased From Sold To Balance and Amounts Balance {$0.00} Credit Limit {$1000.00} High Credit {$0.00} Available Credit {$1000.00} Account Dates Date Opened XXXX XXXX, XXXX Date Reported XX/XX/XXXX Date of Last Activity Date of First Delinquency Comments and Contact	Mortgage	45537.4	2026-10-07 20:13:59
104	Dear Equifax I see that you verified the account listed below : XXXX | XX/XX/2023 : Account number : N/A, Balance is wrong. It should not be that amount. It should be XXXX. The bureau code information needs to be fixed quickly. \n\nXXXX XXXX : Account number : XXXX, XXXX is wrong. It should not be that amount. It should be XXXX. The bureau code information needs to be fixed quickly. \n\nI just finished reviewing the FCRA and it stated that your company was supposed to respond to my disputes within 30 days. What happened? It also stated that if you can provide a timely response, the items in question must be deleted. I demand that you delete the items above ASAP. If you choose not to follow what the FCRA states, I will seek legal advice on this matter. Please send me an updated credit report with all items listed above deleted. \n\nI know you will do the right thing. Im just a person just like you trying to fix the inaccurate items on my credit report, but I will protect my rights if I have to. \n\nPlease DELETE THE ITEMS ABOVE, AND SEND ME AN UPDATED FULL CREDIT REPORT AND NOT A PARTIAL REPORT. \n\nHave a nice day.	Credit reporting	33050.9	2026-10-07 20:14:32
105	XXXX XXXX XXXX hired a collection agency that is reporting incorrect amount on my credit report and reporting it as 30 days or more late damaging my credit and refusing to validate the debt and all mail sent to them certified has been returned to me unopened. I took XXXX XXXX XXXX to court and I won but the amounts still increased and was not taken off if my credit. IQ Data also called and threatened to damage my credit because they saw I was trying to obtain a home loan.	Credit reporting	54525.2	2026-10-07 20:15:26
106	Data Breach, reported from all credit bureau agencies in the past 89 months from Transunion equifax and experian and any other subsidiary agencies that provide information to about My personal information has been bought and sold and found on XXXX XXXX  along with information placed on my consumer report without my authorization or acknowledgment and it breaks my constitutional law and furthermore information of my personal life history put me and my family in danger and at risk. I need all negative information including inquiries late payments and or charged off accounts including any bankruptcies removed from all or any consumer report bearing my name address and identity immediately.	Credit reporting	35659.1	2026-10-07 20:16:02
107	On XX/XX/year>, student loan information was accessed by a non-employee of any federal government agency and disseminated to who knows who and was unauthorized. Unknown what this non-employee may have done to student loan information ; if digits added to total balance causing further distress and difficulty to my family in regards to future attempts to obtain credit.	Consumer loan	33364.2	2026-10-07 20:16:36
108	I just qualified for Section 8 Housing as I`m way below poverty level, I can`t afford my apartment much longer. Wells Fargo didn`t do the right thing before paying out close to {$28000.00} to XXXX XXXX XXXX . The XXXX XXXX value has to be looked at, as well as the mileage and condition of the vehicle. I`m attaching again the XXXX that I got from XXXX XXXX XXXX XXXX \n\nWells Fargo Auto Finance should sue XXXX XXXX XXXX for false information on the XXXX XXXX they gave the money to, not me.	Consumer loan	37111.3	2026-10-07 20:17:13
109	NE Credit Collections is reporting to my XXXX credit file a collection in the amount of {$640.00} with a delinquent/open date of XXXX/XXXX/XXXX for XXXX XXXX XXXX. After research, I found that XXXX XXXX XXXX is located in XXXX XXXX XXXX. I have not lived in XXXX XXXX XXXX since XXXX. I lived in XXXX, XXXX from XXXX, then moved to XXXX in XXXX XXXX to XXXX XXXX. I have been at my current residence in XXXX since XXXX XXXX. They are in federal violation of inaccurate reporting/re-aging a debt with a delinquency date of XXXX/XXXX/XXXX. Furthermore since I have lived at my current address since XXXX XXXX, they are in violation of not sending out a 30 day collection activity letter to me for validation of debt as this debt was paid by medical insurance in full a long time ago. I disputed with XXXX but NE Credit Collectors came back to XXXX that it was mine debt and it remained on my credit file as disputed. This has caused me to be denied credit at times and caused harm to my credit file. I can prove my residence dates and if this is not deleted immediately, I would like FCRA penalties and fines levied on NE Credit Collection and proceed with litigation. This is inaccurate reporting of dates and a debt not owed and should be deleted immediately. This is also a HIPPA privacy violation.	Credit reporting	48816.1	2026-10-07 20:18:02
110	Account was originally a Union Bank account that was bought by US Bank. US Bank attached interest rate onto reserve line without permission, and also started automatically debiting money from my regular checking account into the reserve line, without permission. Customer service tries to explain their way out of the situation and hangs up instead of acknowledging it's illegal and stopping.	Bank account or service	27319.9	2026-10-07 20:18:29
111	I was financed through XXXX XXXX for a XXXX  XXXX XXXX. I had an accident, and the car was totaled. The company that initially did the appraisal to determine what the GAP insurance would have covered was not the company listed in my buyers ' contract. \n\n{$5700.00} has been reported on my credit report. First, the XXXX  XXXX XXXX was not worth the amount that has been reported based on XXXX 's XXXX XXXX value. We had discussed settling the account at {$2500.00}. \n\nUnder The Truth in Lending Act, it requires lenders to disclose information about all charges and fees associated with a loan. How does a settlement discussion of {$2500.00} goes to {$5700.00} for a car whose value is not even worth {$5000.00}. This is what companies such a Credit Acceptance has done targeting certain ethnic demographic 's reporting negative information to Credit Bureaus and including extra hidden fees that is not in the contract or in agreement with the value of the automobile.	Consumer loan	42844.1	2026-10-07 20:19:12
112	I sent a debt validation letter on the following date XX/XX/22 In relation to an {$850.00} account and this company has failed to validate my debt within the allotted time frame of 30 day from receipt of this Letter. Or remove this invalidated debt from collections.	Debt collection	30512.4	2026-10-07 20:19:42
113	United Wholesale Mortgage paid {$3200.00} for my XXXX property tax on XX/XX/XXXX, which including {$100.00} interest and {$5.00} penalty because of late payment. I've sent a secure message to UWM to request a refund, but they just replied " According to our records, their is no refund at this time. '' I've also made a phone call and they said it the title company 's responsibility to advise them to make a payment. United Wholesale Mortgage start servicing my loan on XX/XX/XXXX and the property tax due date is XX/XX/XXXX, so they should have enough time to make the payment on time.	Mortgage	25015.3	2026-10-07 20:20:07
114	I placed an add on XXXX for an item I was selling. An individual named XXXX claimed to be interested and sent me a cashiers check for shipping and payment for said item. I deposited the check which was help by chase for a few days, 2-3, and was cleared. I then sent the money using XXXX to the requested shipping company contact that was given. The final total was {$2100.00}. On the XXXX of XXXX the bank returned the check leaving my account severely overdrawn. I contacted both Chase and XXXX and both refused to assist me retrieve my funds.	Bank account or service	40445	2026-10-07 20:20:48
115	This is regarding a collection initiated by Trident Asset Management showing the initial creditor as XXXX. It appears that the date opened was XX/XX/XXXX in the amount of {$1400.00} This is not my debt and the account is in another persons name. I have requested verification of this debt from Trident Asset Management and they have refused to provide requested verification. They continue to send simply a bill stating that I owe the amount of {$1400.00} but refuse to verify the debt or provide ANY information concerning the details of alleged monies owed. I have contacted the company numerous times as recently as XX/XX/XXXX requesting verification of said debt only to be either refused requested information or being hung up on!	Debt collection	25513.2	2026-10-07 20:21:13
116	I have a loan with BK OF AMER. I have always made my payments on time. For some reason I realized that there was a late payment on my credit report. As you can see, I have always had a stellar payment record with this company. I tried contacting both XXXX  and BK OF AMER with no successful resolution. XXXX  only reporting me late. There was definitely an error on their part. I was never been late.	Credit reporting	32263.2	2026-10-07 20:21:46
117	On XX/XX/XXXX, SoFi Bank notified me that, " For your protection, your account has been temporarily restricted while our team investigates the nature of the activity, '' and instructed me to call them at XXXX. After calling, they informed me that the source of funds was from an account with a name different from my SoFi account. I explained that the funds were transferred from my companys account, which I own. They did not ask me to provide any documents to prove my ownership of the company at that time. \n\nOn XX/XX/XXXX, they informed me that my account would be closed, stating, " The remaining funds in your account will be returned to the originator, as we have determined that you are not the rightful owner. '' They also stated that if their decision to close the account was based on information from a consumer report, I would receive a notice of Adverse Action within 30 days, detailing the decision. They assured me that the {$5000.00} remaining in the account would be returned to the originating account within a month. However, they have not returned the funds to my company 's checking account ( the originating account ), and they have not requested any further documentation from me. \n\nI have called several times since then, but each customer service representative has responded that they can not provide any information or give a timeline for when the funds from my closed account will be returned.	Bank account or service	35038.8	2026-10-07 20:22:21
118	I sold a book and the person paid me via Venmo. It was not a business or sales transaction on Venmo. \n\nThe person that purchased the book did not provide a mailing address. It took one week to obtain the address from her. ( I provided proof of this to Venmo. ) I sent the book after receiving the address. ( I provided tracking number to Venmo. ) It was received but the buyer said it took too long. I reminded her that she did not provide me a mailing address. ( I provided proof of this conversation to Venmo. ) Venmo sent me a request for information, it went to my spam folder. The day that I became aware of the issue, I contacted Venmo and provided proof. \n\nVenmo credited the buyer and restricted my account. Venmo stated that I took too long to respond. I was unaware there was anything to respond to.	Money transfer or service	30570.4	2026-10-07 20:22:51
119	I am the owner of a personal checking account that I funded with some money to keep my Heloc loan, yearly fee free. I was told that I could do that and I would be fine. I am also joint owner of my XXXX  son 's checking account, that he uses to deposit his payroll check from my company. He is an employee of my company, he only uses the account to direct deposit his check and has probably zelled me a hand full of times. On Friday XX/XX/XXXX, his pay roll check dis not go through, due to US Bank closing his account and putting a freeze on it. I called to find out the reason, I was told that they didn't have to give me one. Bankers at the branch could not help, due to my account being turned over to a special department. They said someone sits in the internal office and makes these decisions based on what they find. Not sure what exactly they can find ... .direct deposits are from XXXX and nothing more. I was also told that the Bankers could call the XXXX department and they would get them the approval needed to lift the hold, when I relayed that info back to the tellers they said they had tried, and the request was denied. Not one piece of information given to me, matched the other employees explanation. I was also told that sometimes, US Bank does not give funds back, which that would be considered stealing or fraud, due to the fact that that is our money!!!! Based on other customers, this seems to be common practice for US Bank. I think it's time for a class action law suit.	Bank account or service	41200.9	2026-10-07 20:23:33
120	Mortgage servicing company : Firstbank by XXXX  Hello : I logged in to my mortgage account last Tuesday XX/XX/XXXX around noon and I noticed irregularities in the payment history. There were XXXX lines of debits and credits back and forth from just my XX/XX/XXXX payment. \nI called and talked to a representative that at first was ok but as the conversation progressed got an disrespectful and rude voice tone. She said that the credits and debits were caused by a glitch in the system but that the final principal amount was correct. Which is not true and I will explain why in a moment. I asked to talk to a supervisor. She said that a supervisor was only going to repeat what she had told me already. After being on hold for XXXX minutes approx. she said that someone was going to call me back at XXXX. That person never called me. \nI sent a payment of {$2000.00}. My mortgage payment is {$750.00}. After a big mess of credits and debits. the payment appears as two regular payments of {$750.00} and {$490.00} for the principal only instead of {$750.00} and {$1200.00} toward principal only. This is why my next payment right now doesn't show until XX/XX/XXXX instead of XX/XX/XXXX. \n\n1- Why are payments being handled this way?\n\n2- Aren't customers supposed to be notified about glitches in the system or any irregularities caused by an internal company problem?\n\n3- How do I know that may next payment in XXXX will go to principal only ( since as per their wrongful calculation XXXX is already paid ).?	Mortgage	35953.1	2026-10-07 20:24:09
121	Logging into my mobile banking application on XXXX XXXX at around XXXX and it said account blocked. I called the number provided in the application and spoke with a representative who verified my identity and asked me a question if I added my debit card to XXXXXXXX XXXX I informed the representative that I did add my debit card to XXXXXXXX XXXX and tried to get my account unlocked and after a few mins she had to transfer me to the correct department. The next representative needed to verify me again and my phone number that is on file with them I provided to the second representative and she told me that since the number doesn't verify to my name that she would be unable to assist and that I would need to call back and provide a number that verifies to me. I know my number verifies to my parents due to family plan but I asked for other methods to verify since I work in bank fraud and we have other alternatives like taking pictures of government ID or passport and upload it. The representative said that all methods were used. The representative only focused on the phone number	Bank account or service	26387.3	2026-10-07 20:24:35
122	On XX/XX/XXXX, I purchased a property for {$490000.00}, using lender JMAC Lending Inc. The monthly payment was {$2500.00}. The payment included the principal, interest, PMI, and escrow account. The escrow account included annual property taxes calculated at {$6100.00}. All this information is included in the Closing Statement. I was informed that my loan was sold to XXXX XXXX. I received a letter from XXXX XXXX dated XX/XX/XXXX reporting that there was an escrow shortage of {$2600.00} because of the annual property taxes increasing. The monthly payment would increase to {$3000.00}. I spoke with XXXX, XXXX XXXX, XXXX XXXX, XXXX XXXX as well as the Real Estate Agent to address this matter. A mediation letter was sent on XX/XX/XXXX requesting a settlement to address the matter that would affect me in perpetuity. I received a letter from XXXX XXXX dated XX/XX/XXXX that acknowledged that the annual property taxes were calculated incorrectly and should have been calculated at {$8800.00}, not {$6100.00}. The letter also reported that XXXX paid {$3100.00} to cover the escrow shortage for XXXX. XXXX sent a letter dated XX/XX/XXXX, that does not agree to a settlement. Another mediation letter was sent on XX/XX/XXXX reporting the failure to disclose the payment accurately and the hardship. I also explained that I did not accept the {$3100.00} as a settlement. The monthly payment increased to {$2800.00} because of the property taxes being documented incorrectly at closing. I sent a letter to XXXX XXXX on XX/XX/XXXX asking for the PMI to be removed and the escrow account to be removed to assist with reducing the monthly payment. I informed XXXX XXXX that I was still looking into other options to address the matter of the annual property taxes.	Mortgage	36943.5	2026-10-07 20:25:12
123	I would like to formally expressed my concern regarding zelle disputes. I have used Zelle multiple times and reported discrepancies between transactions. However, Zelle and my financial institutes have failed to investigate my disputes. I was told that recovering send funds was impossible. Leaving me to question their concerned about consumer safety.	Money transfer or service	28612.5	2026-10-07 20:25:41
124	I have a XXXX XXXX account, and they have been the worse bank/financial service I have ever I had XXXX XXXX XXXX XXXX, XXXX and XXXX XXXX doesn't help their customer, they actually take money over and over! and I had paid over XXXX on fees, they gave misleading information that cost me XXXX on a security, I reported a complain of a scam, they blocked my account and made lose a lot of money! all my savings are gone! I'm depressed I work and work and it is impossible to recuperate my money! I need help!	Bank account or service	35468.6	2026-10-07 20:26:16
125	Forever 21, XXXX XXXX XXXX  and multiple credit card companies have been calling me asking me to pay debt that was accrued due to identity fraud. My mother opened multiple credit cards in my name and never paid off the debt. I have told this to multiple credit card companies that call me and think still think Im liable to pay debt that is not rightfully mine. I have even made a police report about my mother committing identity fraud and opening credit in my name. She used my name and fake birth year to act like I was legal to get a credit card and never paid the debt off.	Debt collection	33028.8	2026-10-07 20:26:49
126	I contacted XXXX XXXX XXXX regarding an account that I do not own. I was a victim of identity theft and there were some fraudulent accounts opened up under my name. I have provided documentation such as the FTC report and Police Report which states all relevant information. The company refuses to comply with the legal documentation and is falsely reporting a fraudulent account on my credit reports which is giving me living hardships for a home and a car.	Credit reporting	36765.1	2026-10-07 20:27:26
127	To the Consumer Financial Protection Bureau PNC Bank froze my account without notice, shut down my debit card, blocked my online access, and took control of all my funds. I did not move the money they did. While holding my funds, they have allowed all of my scheduled automatic payments and debit transactions to fail. As a result, I am being charged overdraft fees, late fees, chargebacks, and penalties from other businesses and services that were expecting payment from the account that PNC froze. These transactions were scheduled before the freeze, and the money to cover them is still sitting in the account but PNC is choosing to let them bounce. \n\nThis has caused direct financial harm. I now owe multiple companies money for failed payments. My phone bill failed. My insurance failed. My rent is at risk. These are not just inconveniences these are compounding financial damages caused solely by PNCs decision to freeze my account without warning or explanation. \n\nPNC will not tell me why they froze my account. They will not tell me where my money is or what I need to do to get access to it again. I am unable to buy food, fuel, or get to work. Every time I try to get answers, I am either hung up on or sent in circles by staff who wont give a straight answer. \n\nThis is theft by obstruction. It is financial abuse. It is negligent and malicious, and they need to be held responsible for the full cost of all failed transactions, all late fees, all penalties, and the personal and financial damage they have caused me. \n\nXXXX XXXX XXXX, OH XXXX	Bank account or service	33640.5	2026-10-07 20:28:00
128	In accordance with the Fair Credit Reporting act XXXX, Account # XXXX XXXX XXXX XXXX Account # XXXX XXXX XXXX XXXX, Account # XXXX XXXX XXXX XXXX, Account # XXXX XXXX XXXX XXXX, Account # XXXX XXXX XXXX XXXX, has violated my rights. \n\n15 U.S.C 1681 section 602 A. States I have the right to privacy.\n\n15 U.S.C 1681 Section 604 A Section 2 : It also states a consumer reporting agency can not furnish a account without my written instructions.	Credit reporting	30427.6	2026-10-07 20:28:30
129	This complaint concerns loan servicing and title administration, not payment amount.\n\nHuntington National Bank holds the original XXXX certificate of title for my vehicle and has failed for several months to complete the lienholder actions required for an interstate title transfer to XXXX XXXX DMV requires the original physical title, properly completed by the lienholder, to be mailed directly to them.\n\nBecause Huntington has not completed this step, I am unable to title the vehicle in my home state and am being prevented from refinancing the loan at a materially lower rate. This has caused ongoing financial harm.\n\nI have attempted to resolve this by phone multiple times and have experienced long holds followed by repeated call disconnections, without resolution or escalation.\n\nI am requesting that Huntington either ( 1 ) mail the original XXXX  title to XXXX DMV with the lienholder section completed, or ( 2 ) provide a written explanation for why it will not do so.	Consumer loan	38421.9	2026-10-07 20:29:09
130	I am a XXXX XXXX  of XXXX children who had a loss of income in 2020. I applied for forbearance with Assurance financial in 2020 and it was accepted. For the past year since the forbearance I have been applying for a loan modification per the mortgage company to get my loan going again. I have sent them every document they have asked for and they continuously kicked my paperwork back and deemed my package incomplete over and over. I have someone at the VA involved as well and has seen how they are giving me the run around. They are now trying to foreclose on my house even though I am still in the loan modification process and sending them everything they are asking for.	Mortgage	26785.8	2026-10-07 20:29:35
131	I am filing a complaint against Cash App ( Block , Inc. ) due to inadequate customer service and unfair practices, which violate the Consumer Financial Protection Act ( XXXX ). Specifically, Cash App failed to take timely and effective measures to prevent and address fraud on their platform, leaving my account vulnerable and unprotected. \nFurthermore, their dispute resolution process was unfair and deceptive, as they did not comply with error resolution requirements under the Electronic Fund Transfer Act ( EFTA ) and XXXX XXXX These actions have caused significant inconvenience and financial loss, and I seek appropriate redress For these violations	Money transfer or service	28601.8	2026-10-07 20:30:04
132	I'm currently a Navy Federal customer and I receive and live off of VA XXXX pay. I'm in the midst of debt settlement with NFCU through XX/XX/XXXX which Navy Federal admitted to being aware of. They took the remaining {$190.00} from my checking account and applied it to my credit card without my knowledge, let alone consent. I was under the impression that VA XXXX pay is protected under federal law and lenders aren't allowed to come after that specific money. Not only do I use this money to survive, but more importantly, my wife and daughter do too.	Bank account or service	34906.8	2026-10-07 20:30:39
133	XXXX XXXX XXXX trying to collect a debt of XXXX. And already reported me to the credit bureaus when in fact I do not owe anything from original Creditor XXXX XXXX XXXX. XXXX Report No. 1XXXX. Attached a copy of certificate of full payment from XXXX XXXX XXXX.	Debt collection	30841.8	2026-10-07 20:31:10
134	On XX/XX/2018 XXXX XXXX XXXX XXXX XXXX XXXX did hard inquiries against my wishes. One of these hard inquiries went to TD Auto Finance. XXXX XXXX has admitted their mistake & provided me with a letter to have the hard inquiries removed.	Credit reporting	30860.7	2026-10-07 20:31:41
135	Subject : CHFA Misrepresentation of Forbearance Terms and Unauthorized Balance Increase Summary : CHFA misrepresented my forbearance agreement. I was explicitly told the forbearance would total around {$900.00} and some change ( three months of my $ XXXXmonth mortgage ). After entering into the agreement, CHFAs Loss Mitigation department informed me the forbearance balance is now {$14000.00} and some change. \n\nI was told this increase is because CHFA unilaterally added a 4th month into the forbearance without my knowledge or consent. I did not request, approve, or authorize a 4th month verbally or in writing. \n\nCHFA has since claimed I signed something reflecting {$14000.00}. If such a document exists, my signature was obtained through fraudulent inducement I signed under the misrepresentation, made over the phone, that the balance was {$9000.00} and some change. Consent under false pretenses is not valid. \n\nViolations : Misrepresentation / Fraudulent Inducement : CHFA promised $ XXXX but bound me to $ XXXX. \n\nRESPA ( 12 U.S.C. 2605 ) : Servicer failed to provide accurate, transparent disclosures. \n\nFCRA ( 15 U.S.C. 1681s-2 ) : Reporting a $ XXXX forbearance balance would be inaccurate. \n\n\nImpact : My balance was inflated by nearly {$4500.00}. \n\nThis increases interest and fees, creating long-term financial harm. \n\nMy home is scheduled to close on XX/XX/2025, and this inflated payoff directly threatens the sale.	Mortgage	28402.1	2026-10-07 20:32:09
136	Today I noticed that starting on XX/XX/year>, my XXXX XXXX card from XXXX XXXX had many unauthorized charges until it was totally depleted of money. The balance before the unauthorized charges was {$1200.00}. As of XX/XX/year>, the balance is {$0.00}. I tried using XXXX XXXX XXXX  app and phone number but could not get any information.	Credit card	33315	2026-10-07 20:32:43
137	I visited the XXXX website to book a flight on XX/XX/XXXX. I was advertised directly on the booking site to get 15 % off ( in miles ) my flight purchase when I purchased with miles by using a Delta American Express Gold Card. I applied for the card and was accepted ; I then paid for the flight with that card but did not receive 15 % off. Delta said my card was not linked to my account ; American Express said my card was linked to my account. American Express then said it would take 48-72 hours for my card to sync with my SkyMiles profile despite them seeing the linkage on their said, as well as the advertisement insinuating it was instant and could be used for purchases made that day. In all, I was predatorily targeted to apply for a co-brand credit card with promised terms from and advertisement that was not fulfilled.	Credit card	26042.9	2026-10-07 20:33:09
138	Called XX/XX/XXXX to request that account be closed before annual fee posted. Agent said 'their systems were down ' so she could n't give me a confirmation, but assured me the account would be closed and there would be no annual fee charged. No surprise, the card was not closed, the fee was charged, and they are refusing to refund it saying they have no record of my call and their systems would ALWAYS magically have a record of the call even if the systems were down.	Credit card	34059.4	2026-10-07 20:33:43
139	I am filing a complaint against Cash App ( Block , Inc ) due to inadequate customer service and unfair practices, Which violates the Consumer Financial Protection Act ( CFPA ). Specifically, Cash App failed to take timely and effective measures to prevent and address fraud on their platform, leaving my account vulnerable and unprotected. Furthermore, their dispute resolution process was unfair and deceptive, as they did not comply with error resolution requirements under the Electronic Fund Transfer Act ( EFTA ) and Regulations E. These actions have caused significant inconvenience and financial loss, and I seek appropriate redress for these violations.	Money transfer or service	27888.5	2026-10-07 20:34:11
140	I am submitting this complaint myself and there is no third party involved. I alleged that Credit Bureaus have violated the Fair Credit Reporting Act by inaccurately reporting information on my credit report, resulting in significant harm to my financial standing and reputation. These items were inaccurately and erroneously reported. Their intentional and willful furnishing of inaccurate information is a violation of FCRA Section 605b. I have done many attempts to reach out to Three Credit Bureaus but they failed to give me any results or feedback about this concern, Please help me investigate these items properly and remove them from my personal credit file : XXXX XXXX XXXX ; XXXX XXXX XXXX Balance Owed : {$0.00} ; XXXX XXXX XXXX Balance Owed : {$0.00} ; XXXX XXXX Balance Owed : {$0.00} ; XXXX XXXX Balance Owed : {$0.00} XXXX XXXX XXXX XXXX XXXX, FL XXXX ; XXXX XXXX XXXX XXXX XXXX XXXX FL XXXX XXXX XXXX XXXXXXXX Balance Owed : {$0.00} ; XXXX XXXX  XXXX Balance Owed : {$0.00} ; XXXX XXXX XXXX Balance Owed : {$0.00} ; XXXX XXXX XXXX XXXX XXXX, FL XXXX ; XXXX XXXX XXXX Balance Owed : {$0.00} ; XXXX XXXX XXXX Balance Owed : {$0.00}.	Credit reporting	26966.9	2026-10-07 20:34:38
141	Greetings, My XXXX XXXX is loosing clients and money due to a situation with Bank of America. \nOn XX/XX/2020 I sent a wire in the amount of {$33000.00} through BofA internationally to pay my supplier for the merchandise. I first contacted BofA on XX/XX/XXXX asking about the wire. I was assured the money will arrive soon. I called several times and after 2 weeks started to really demand an answer. After 2 hours on the line, I finally received an answer that the money is held by intermediary bank since XX/XX/XXXX. They told me they will do a recall. Another 8 days go by and I still see no money, another 3 hours on the phone and 8 agents later, I find out that no recall was filed still and BofA knew that the money was held since XX/XX/XXXX. All this time they were giving me misleading information and did nothing to help get my money back. The bank provides absolutely no support or help. The customer care agents just send you to another agent without finding a solution. It has been over 23 days since I can not get the money delivered or returned.This happens during the challenging times for any small business ( due to Covid19 ). We are struggling to stay afloat as a business in this difficult times. Staying without merchandise means we do not make any money. \nThank you very much for your time XXXX	Money transfer or service	48249.4	2026-10-07 20:35:26
142	XX/XX/year> : I submitted an initial request for mortgage assistance. Carrington approved me for a forbearance plan, which I declined because it only temporarily pauses payments XXXX does not address long-term affordability. XX/XX/year> : I submitted a follow-up request for a combination loan modification XXXX partial claim, which is designed XXXX lower my monthly payment XXXX a sustainable level based on guaranteed household income and prevent long-term financial hardship. The mortgage payment of $ XXXX exceeds XXXX % of guaranteed household income ( $ XXXX from my mothers job, pension, XXXX XXXX ). Additional expenses ( utilities, insurance, groceries, phones ) make the current payment unaffordable without relying on variable income sources. XXXX requested : I request that Carrington review my application for the combination loan modification XXXX partial claim promptly, ensuring the monthly payment is adjusted XXXX a sustainable level ( ~ {$1100.00} $ XXXX ) based on guaranteed household income. This will prevent financial hardship XXXX create long-term affordability.	Mortgage	30439.7	2026-10-07 20:35:56
143	I am writing to formally dispute a charge related to my XXXX XXXX flight and seek a refund for an unjust additional payment. \n\n\n\nOn XX/XX/year>, I purchased a round-trip XXXX XXXX  ticket for {$1500.00} to travel from the XXXX to XXXX XXXX and return on XX/XX/year>. While in XXXX, I changed my return flight to XX/XX/year>, through XXXX app. The change was confirmed by both email and app, and I was assured I could take the new flight. However, upon arriving at the airport, XXXX XXXX XXXX partner airline denied my boarding, stating XXXX had not confirmed the flight change with them. \n\n\nTo board the same flight, I was forced to purchase a new ticket for {$1000.00}. Since I had already paid for a round-trip ticket and had a confirmed flight change, this was an unfair additional charge. XXXX later admitted it was an employee mistake and offered me a {$200.00} gift card, which I provided as proof to my bank and my more they still denied it. \n\n\n\nAfter returning to the U.S., I disputed the charge with Bank of America. Despite submitting extensive evidence, including receipts, emails, and the XXXX-issued gift card acknowledgment, my claim was denied five times. The bank sided with XXXX, citing that the service was provided, or the ticket is not refundable though I was forced to repurchase a service I had already paid for. \n\n\n\nI am requesting : 1. A full refund of the {$1000.00} unjustly charged. \n\n2. A review of XXXX  mismanagement and Bank of Americas handling of my dispute. \n\n\nI have attached supporting documents, including my original and additional ticket receipts, my correspondence with XXXX, and proof of their acknowledgment of the error. I hope for a prompt resolution, or I may consider further action.	Bank account or service	49595.4	2026-10-07 20:36:46
144	am filing a complaint against Cash App ( Block , Inc. ) due to inadequate customer service and unfair practices, which violate the Consumer Financial Protection Act ( CFPA ). Specifically, Cash App failed to take timely and effective measures to prevent and address fraud on their platform, leaving my account vulnerable and unprotected.\n\nFurthermore, their dispute resolution proce : was unfair and deceptive, as they did not comply with error resolution requirements under the Electronic Fund Transfer Act ( EFTA ) and Regulation E. These actions have caused significant inconvenience and XXXX  financial loss, and I seek appropriate redress XXXX  for these violations	Money transfer or service	32633.6	2026-10-07 20:37:19
145	On XX/XX/2018, a company by the name of Premier Student Loan Center promising to enroll me in a forgiveness loan program. They are trying to scam me and they have changed my FSA password. They have all of my personal information including my name, card information, address, social security number, and financial aid information. I spoke with them and they gave me false information. I did more research after realizing what had taken place and wanted to report the issue.	Consumer loan	35377.6	2026-10-07 20:37:54
146	Im filling a complaint against cash app ( block Inc ) due to inadequate customer service and unfair practices which violates the consumer financial protection act CFPA. Cash app failed to take timely and effective measures to prevent and address fraud on their platform, leaving my account vulnerable and unprotected. Furthermore their dispute resolution was unfair and deceptive as they did not comply with error resolution requirements under the electronic funds transfer act efta and regulation e. These acts have caused significant inconvenience and financial loss and I seek appropriate redress for these violations and mishandling	Money transfer or service	31557.3	2026-10-07 20:38:26
147	I have gotten repeated calls and my daughter and my step dad have gotten calls from this company that calls themself a litigation company. XXXX XXXX XXXX XXXX located at XXXX XXXX XXXX XXXX, XXXX XXXX CA XXXX and they are using phone numbers XXXX, XXXX and XXXX. A man who calls himself XXXX XXXX told me that I owed a debt from XXXX XXXX Citi-Financial for over {$5000.00} and if I didn't pay {$2500.00}, they would take me to court and I would have to pay over {$10000.00}. They stated they mailed me something in XXXX but I never received anything, I asked them to email a validation of debt and they emailed me a document which looks like they created it, with the XXXX XXXX XXXX XXXX on top and the amount of {$2500.00} and they wanted me to sign this validation of debt which I did not. Then they kept calling me and telling me that I'm refusing documents so now they are going to take me to court and I will be served. I told them to serve me then because by law they need to show me validation of debt which needs to include a final statement from the debt, my last payment, and any charges associated with this debt and they kept saying they sent me this in XXXX. I called them back XXXX last time today to get all the mailing information so I could file a complaint.	Debt collection	30887.4	2026-10-07 20:38:57
148	I wanted to sell my furniture and posted an add online. One person agreed to buy and mailed a check of {$3700.00} to my address with some extra money. My bank ( XXXX XXXX  ) approved the check and cleared funds to my account. The person who sent the check asked me to transfer the extra money to a Zelle account. Now, XXXX XXXX  returned the check saying that the check was not legal. Now, I am not able to get my {$1700.00} which I have transferred via Zelle account.	Money transfer or service	37535.6	2026-10-07 20:39:34
149	According to FCRA 605B, I think we need to delete any incorrect accounts from my credit report. Can you review the documents? The listed accounts contain inaccuracies in reporting, amounts, and dates.	Credit reporting	27721.2	2026-10-07 20:40:02
150	Ive disputed this debt with this collection agency on several occasions ... They have not sent me or verified the amount I truley owed to these apartments and could not show records of the apartments tenancy after I moved out. This apartment was leased to another individual shortly after i moved therefore I do not owe the remainder of my lease which this company has reported to all the major credit bureau 's for some time now.. collection agency is capstone credit and collections	Debt collection	39274.6	2026-10-07 20:40:41
151	I received my bank statement and noticed that there were several unauthorized transactions was posted to my account. I notified Bank of America of these unauthorized charges and the funds were taken from my account and was never returned to me. To day I got a notification that my account again and my money was taken again {$2900.00} was debited from my account today and the bank refused to give me any information. \nA/C #	Bank account or service	33970.6	2026-10-07 20:41:15
152	I bought a car through XXXX XXXX XXXX in XXXX XXXX FL several years ago through credit acceptance. I have paid extra money plus regular payments charged per month. They have charged me extremely high interest and fees making difficult to pay loan off. I have called financing company to lower interest but no such luck. car loan is automatically taken out of bank account. I have never been late paying nor never missed a payment. In addition they have put non accurate information on credit report for amount paid. Since purchasing car XXXX XXXX went out of business. I think it should be illegal to charge so much interest and fees against people with low credit. I am XXXX veteran and feel there is no end in sight of ever paying off credit acceptance.	Consumer loan	42478.6	2026-10-07 20:41:58
153	Item took more than 30 days to respond. Item must be removed from credit file. Please see attached pdf. Item was XXXX XXXX support. Equifax took over 50 days to respond to complaint about oag. Item must be removed from credit file because equifax did not respond within 30 days.	Credit reporting	30896	2026-10-07 20:42:29
154	I am writing your office because the OCC referred me to your office for assistance. \nI initially wrote the OCC in XXXX XXXX  XXXX. \nOur late mother XXXX XXXX XXXX received a response correspondence from Wells Fargo Bank N.A. subsidiary XXXX XXXX XXXX XXXX XXXX, in which the said bank 's general counsel informed our mother the bank did not own her railroad property and only had a lien on said property.\n\nUpon independent investigation it has been verified said bank has unlawfully collecting revenues generated from the unlawful use of our family 's property and treating said revenues as ordinary income from time immemorial and refuses to give an accounting of the revenue stream nor provide quarterly statement to me in my position as trustee and pursuant to 11 United States Code Section 543 Turnover of Property by a custodian. \n\nWells Fargo held unlawful lien on said property for over 35-years long after the bank was paid through a bankruptcy trustee in the XXXX XXXX XXXX  Florida. \nThe bank is continuing to use the property and collect revenues unlawfully without our consent nor authorization and is a " Trustee In invitum. '' On XX/XX/XXXX I filed a complaint with the Federal Reserve Board in Washington D.CXXXX, against Wells Fargo Bank N.AXXXX, also on XX/XX/XXXX the Federal Reserve Board froze the bank 's balance sheet. Subsequently, Wells Fargo Bank instructed its personnel to file a release of mortgage. \nTo date the bank has yet to account for the revenue stream. \n\nThe revenue exceeds $ XXXX dollars and pursuant to 12 CFR section 9.10 ( b ) the bank is required to set aside collateral to secure revenue which exceed FDIC insurance. \nThanks in advance for any help. \n\nRespectfully, XXXX XXXX XXXX XXXX XXXX XXXX XXXX, Florida, XXXX ( XXXX ) XXXX	Mortgage	37027.1	2026-10-07 20:43:06
155	In XXXX i owed XXXX XXXX XXXX on a credit card debt. In XXXX it was charged off at XXXX, apparently sometime in early XXXX they got involved to assist in collection. Its been stated Johnson mark llc tried to contact me, then shortly after obtained a default judgement. Again apparently in XXXX ( maybe XXXX ) and in XXXX Of XXXX they again tried to negotiate a settlement with me, But since i didnt respond they got a judgement and ended up garnishing me in XXXX of XXXX. Facts are they didnt not provide, notify or contact me on this, and infact in those months of XXXX they pingged my equifax work report and knew where i was, They served a writ of garnish of XXXX and in early XXXX AGAIN provided my employer with a additional XXXX still owed after the XXXX was garnished. At that point i contacted XXXX in XXXX and all of a sudden the second garnishment stopped and only XXXX was taken out of the XXXX, i have requested documents on the second garnishment XXXX seperate times and have not gotten anything from my former employer only that wat i have stated has happen in a verbal form. My former employer has stated a letter of satisfaction was sent, Again when i complained. The writ copy i recieved doesnt add up, Time stamps dont match documentation and no judges signature, Even the case number cant be found. They tried to garnish bank accounts i never had and Johnson mark llc documentation reads johnson riddle mark llc, in XXXX? This firm hasnt been johnson riddle mark for a while only johnson mark llc? I got ripped off big time!! I have documentation to support this, and can send copys by email. Also XXXX XXXX responded to XXXX complaint and they stated in a letter that {$35.00} was refunded to me on XXXX/XXXX/XXXX for the garnishment that was completed on XXXX/XXXX/XXXX???? Ummm that dont make any sense	Debt collection	39999.6	2026-10-07 20:43:46
156	XX/XX/2018, California Business Bureau received my certified letters ( 4 ) requesting them to validate the debt being reported on XXXX under my social security number per the Fair Debt Collection Practices Act. In turn, the receptionist at the front desk of my job told me their were papers left for me at her desk. It was a summons I was being sued by California Business Bureau. They failed to provide any contract bearing my signature to validate the debt they were looking to collect or exactly what medical services they were collecting for. I have no idea who these people are. I pulled a new credit report on XX/XX/2018 and they failed to communicate to XXXX credit bureau the debt had been disputed within the 30 day time period. A direct violation of FDCPA Section 807 ( 8 ). They also did not validate and provide any proof or contract bearing my signature I owe them anything.	Debt collection	33599.2	2026-10-07 20:44:19
157	I am submitting this complaint as a related matter to a previously filed CFPB complaint involving American Express. \n\nOn XX/XX/year>, American Express notified me that a {$560.00} payment was received and processed on my account ( screenshot attached ). Based on this notice, I reasonably believed the payment obligation had been satisfied as of that date. \n\nSubsequently, I received notifications stating that the same payment was returned for insufficient funds and would be retried. This returned-payment status was then used by American Express XXXX XXXX : Account-level holds Transaction declines Purchasing disruptions Negative impact to my available credit / credit limit The issue is that American Express represented the XXXX XXXX received and processed on XX/XX/XXXX, yet later treated it as unpaid or returned. If the payment was marked as processed before the funds were actually presented to my bank, this reflects a delay or inconsistency in American Expresss payment processing, not a clear or timely failure on my part. \n\nThis conflicting payment status caused confusion and directly contributed to declined transactions, holds, and adverse account actions. I was not provided a clear explanation of : When the payment was actually presented to my bank Why it was marked processed before final settlement How American Expresss internal timing affected subsequent restrictions This matter concerns inaccurate or misleading account information, delayed XXXX XXXX, and downstream harm caused by that delay.	Credit card	41412.9	2026-10-07 20:45:01
158	My name is XXXX XXXX and I recently opened up a XXXX Account. I deposited XXXX large checks into the account upon opening, and I have been having major problems with this bank ever since. \n\nI truly believe that I am a victim of XXXX discrimination. I also have an account with XXXX and have neverrrrrrr had an issue with them ever. \n\nUpon opening my account with Truist, I was made aware of a standard 10 day hold that would be placed on the funds. No problem. \n\nIt has now been well over 10 days and Truist seems to have no urgency in releasing my funds. I have provided all of the required documents that they have requested. \n\nAt this point, I am wanting to close my account because I have never had to deal with this kind of issue with any other banking branch. \n\nNot to mention that the customer service team seems to have XXXX empathy and urgency with helping with this issue. \n\nI have called several times about closing my account and releasing my funds to me, but they are not being proactive in doing so. \n\nIf I was a white woman with blonde hair and blue eyes, this would have never been a problem. I am now going on day XXXX without any access to my funds. \n\nIf not resolved, I will file a XXXX discrimination lawsuit with my family attorney.	Bank account or service	36570.2	2026-10-07 20:45:38
159	I just noticed that somebody has been stolen my identity. I want all these items removed my credit report immediately. I attached my FTC REPORT # XXXX According to FCRA Law, this agency was to remove and block the fraudulent accounts within 4 days of receiving my dispute letter, but over 45 days has passed and they still have not removed these items. that is a violation of my consumer rights. this company needs to remedy this violation with proper consideration that does not break the law. Also I feel like my privacy has been infringed upon by this agency sharing my bankruptcy details, this is a very private matter to me. Bankruptcy is nt a public record under 15 U.S Code 1681 a ( 4 ) Consumer Right to privacy this Bankruptcy shouldn't be on my credit report.	Credit reporting	23653.3	2026-10-07 20:46:01
160	We currently have PMI ( private mortgage insurance ) on our current mortgage. We went through our mortgage provider ( Newrez ) to apply for PMI to be dropped in XXXX of XXXX. Newrez sent out an appraiser to asses our property on XX/XX/XXXX and they appraised our property at the same price that we purchased the house for in XXXX. Because this, they denied us of being able to remove our PMI payment. After many renovations done to the house over the course of 2 years, we find it hard to believe that our house appraised for the same value that we bought for given the state of the real-estate economy.	Mortgage	26829.1	2026-10-07 20:46:28
161	To whom it may concern : I recently received a copy of my credit report. I am concerned about the accuracy of the information being reported. Please investigate the following accounts as I dont believe the information to be accurate.Your failure to positively verify these accounts has hurt my ability to obtain credit. Under the Fair Credit Reporting Act unverifiable accounts must be removed. Please send an updated copy of my credit report to the address listed above after the conclusion of your investigation.	Credit reporting	30862.1	2026-10-07 20:46:59
162	To Whom It May Concern : I am filing this complaint because the national credit reporting agenciesExperian, Equifax, and TransUnion are reporting collection accounts on my consumer credit file that have not been properly validated by the data furnishers or verified by the bureaus themselves.\n\nOn [ insert date ( s ) ], I submitted formal written disputes to each of the credit bureaus in accordance with the Fair Credit Reporting Act ( FCRA ), specifically citing the need for verification of multiple collection accounts that appeared on my credit report. I also submitted documentation showing that I had previously sent a Debt Validation Request under the Fair Debt Collection Practices Act ( FDCPA ) to the original collectors or furnishers, who failed to provide any supporting documentation as required under 15 U.S. Code 1692g. \n\nDespite this, the credit bureaus continued to report the disputed accounts without providing sufficient proof that the debts are accurate, verifiable, or legally owed. This failure to correct or delete unverifiable information is a clear violation of my rights under the FCRA ( 15 U.S. Code 1681i ), which mandates that disputed items must be verified or removed within 30 days.\n\nAdditionally, in at least one instance, the credit bureaus marked the item as " verified '' without disclosing what documentation was reviewed. This raises serious concerns about the accuracy and integrity of their reinvestigation process and the potential mishandling or rubber-stamping of disputed claims.	Credit reporting	41427.6	2026-10-07 20:47:40
163	On XX/XX/2022, I had mailed the payment in. The account was not credited until I called and reported my missing payment. After I called about the missing payment the credit was applied to my account. I received another bill a few days later and sent in another payment. The payment was delivered with certified mail and a return receipt. I tried using my card to make a payment on something and the card was declined. I called today and was informed that the account was closed. They would not provide me with a reason why the account was closed. I also inquired about the payment that was delivered and not applied to my account and they told me they did not receive it. I told the agent they did because I have the return receipt card in my hand while it was delivered today. I requested my payment be returned and they would not comply. They also do not comply with federal laws. They are withholding my payment and closed the account	Bank account or service	50800.3	2026-10-07 20:48:31
164	XXXX XXXX XXXX XXXX XXXX XXXX XXXX XXXX XXXX XXXX XXXX XXXX XXXX XXXX XXXX Dear Sir /Madam I am a customer with Td Bank under mortgage loan XXXX XXXX for property XXXX XXXX XXXX XXXX XXXX XXXX XXXX XXXX XXXX XXXX XXXX I received the attached Escrow Account Discloser statement dated XX/XX/XXXX as it was printed XX/XX/XXXX. BUT I RECEIVED IT BY MAIL XXXX. ( I do not understand why it was printed XX/XX/XXXX and it took a year to mail to me on XX/XX/XXXX?? ). The Statement showed escrow shortage amount XXXX otherwise my monthly payments will be interrupted and changed, however I contacted customer services to make full payment amount of {$1200.00} by wiring from my personal bank account, and it was deducted from my bank account. \n\nThe surprise is on XX/XX/XXXX ( JUST TWO MONTHS LATER OF MY ESCROW SHOTAGE PAYMENT XX/XX/XXXX ), I received ANOTHER Escrow Account Discloser statement dated XX/XX/XXXX printed on XX/XX/XXXX. The 2nd letter also shoe ESCROW SHORTAGE amount {$2000.00}. \n\nI contacted TD Bank customer services several times seeking correction or explanation of why my loan account faces escrow analyses TWICE A YEAR while the regulations required once a year analysis NOT EVERY TWO MONTH!. NO ONE WAS ABLE TO HELP ME. All I am looking for is to review my mortgage account since started XX/XX/XXXX through present based on : Full annual payment submitted to insurance companies and city of XXXX XXXX tax assessor office. Remember TD Bank charged me shortage every year, I do not know how it works this analysis. I will attach tax payment to the city of XXXX XXXX since XX/XX/XXXX through present for the above loan number, bank has the insurance payments record. Please help me and have the bank update my payments and provide me with the updated amounts of escrow payments required to be submitted or credit it back to me. \n\nThank you. \n\nXXXX XXXX XXXX	Mortgage	33595.4	2026-10-07 20:49:05
165	All three credit bureaus continue to report inaccurate information, which a dispute letter has been sent certified receipt return. They continue to violate 15 USC 1681a ( 4 ) Consumer Right to Privacy, FDCPA 807 misleading False reporting. I have sent numerous of letters requesting method of validation and they continue to obscure the validation notice.	Credit reporting	26510.9	2026-10-07 20:49:31
166	I am writing to formally dispute the validity of my XXXX DEPTEDXXXX student loan ( s ) due to a violation of my rights under the Family Educational Rights and Privacy Act ( FERPA ), 20 U.S.C. 1232g. FERPA strictly prohibits the disclosure of student educational records without written consent, yet I have reason to believe that my personal and financial records were unlawfully accessed by unauthorized third parties, including XXXX XXXX XXXX DOGE related entities. Upon investigation, I have found that : 1. Unauthorized Third-Party Access : My personal and financial student records appear to have been improperly accessed, shared, or utilized by individuals and/or organizations with whom I did not consent to share my information. This includes entities affiliated with XXXX XXXX 2. Breach of Privacy Rights : I was never informed of, nor did I consent to, the release of my educational data to these third parties. This is a direct violation of FERPA regulations. 3. Compromised Loan Agreement : If my student loan was issued or influenced by parties who illegally obtained my educational data, then its legitimacy and enforceability are in serious question. Requested Actions : In light of this FERPA violation and unauthorized third-party access, I demand the following immediate actions : A complete audit and review of my student loan records, including how my data was obtained and whether it was improperly shared. A written response within 30 days acknowledging my dispute and detailing the steps you will take to remedy this violation. I demand the immediate cancellation and discharge of my student loan ( s ) as they were obtained under legally questionable circumstances. If this matter is not resolved promptly, I am prepared to escalate my complaint to the U.S. Department of Educations Family Policy Compliance Office ( FPCO ), file a formal legal complaint, and pursue further action against the involved parties. I expect a prompt and fair resolution to this issue.	Consumer loan	40619.2	2026-10-07 20:50:12
167	I am disputing the information reported by 800 Loan Mart for Incorrect Reporting of Account Status.\n\nThe account status is reported as Paid, Closed/Never Late, and the 37-month term has passed. However, there may be discrepancies regarding how the account is being reported. The loan was paid off and closed properly.\n\nUnder the Fair Credit Reporting Act ( FCRA ), 15 USC 1681, I did not provide written consent for the company to continue furnishing or reporting my information after a specific date. I believe that 800 Loan Mart may be reporting information beyond the agreed period, which I dispute. I did not consent to the company reporting this information on my record until XX/XX/year>. \n\nIncorrect Address Reporting : As shown on my credit reports, a few incorrect addresses are being reported for desperate loans by the same company. I request you investigate and correct this information based on my address. Please let me know if you require documentation to verify the correct address that corresponds with the address used at the time of the loan ( s ) ( such as utility bills, lease agreements, etc. ). \n\nI have asked XXXX to investigate this matter thoroughly and make any necessary corrections to ensure the information on my credit report is accurate ; instead, it just reflects as a status update.	Credit reporting	37665.5	2026-10-07 20:50:50
168	There was an account open under my name the year of 2016 that i never authorized. The amount of this account {$3800.00}. I have disputed this item with the credit bureaur and they stated this item was paid by me threw my bank accounts. This account is not mines I have contact my bank to see if I could get additional documents from these payments that was made to my account do to the time frame witch citi bank requested from me, and my bank stated they are not able to reach back for them transactions witch citi bank is requesting. there holding me liable for this fraudulent account its not fair.	Credit reporting	44542.4	2026-10-07 20:51:34
169	Venmo froze my account while I was trying to link a new bank account to it. I can not transfer money out of Venmo, or use Venmo to send money as a result. \nI reached out to Venmo support FOUR times, two times through online chat, one time through phone call, one time through email, but their incompetent customer service never resolved the problem. Each time, they would promise to get it resolved or " escalated '' within 24-48 hours, but I never heard back from them. I was also asked to submit the sensitive ID and bank statement materials, which I did, but they never replied. I grew increasingly frustrated with Venmo. I need to get my money out of the Venmo account.	Money transfer or service	24226.4	2026-10-07 20:51:59
170	Rise Credit under the name XXXX XXXX XXXX sent dated XX/XX/2022 trying to collect a debt for a total of {$4000.00} which is a misrepresentation because you can't pay on a positive balance. They have willfully violated several laws. \nFact 1. They are committing Identity Theft using pursuant to 15 USC 1681c-1 Fact 2. They are causing harm to my reputation by reporting inaccurate information on to my consumer reports pursuant to 15 USC 1692d ( 1 ) Fact 3. They are showing false representation implicating that I owe on a positive balance Pursuant to 15 USC 1692e ( 2 ) ( A ) Fact 4. False and deceptive means using to collect an alleged debt stating " Take Advantge of These Great Offers '' 15 USC 1692e ( 10 ) Fact 5. False and deceptive using another business name " Real Time Resolutions '' and " Rise Credit of South Carolina '', 15 USC 1692e ( 14 ) Fact 6. Under 15 USC 1692b ( 5 ) not use any symbol or language on an envelope or in the contents by the mails or telegram that indicates that the debt collector is in the business of collecting debt. They display a logo XXXX XXXX XXXX and in the contents is states that " this is an attempt to collect a debt. ''	Debt collection	34182.9	2026-10-07 20:52:33
171	My name is XXXX XXXX, I went into Chase Bank in XXXX NJ on XXXX XXXX an made a deposit into XXXX XXXX account in the amount of {$7000.00}. XXXX XXXX was said to be the account manager for the artist known as XXXX. I returned to Chase Bank two days after that deposit to inform them that the person was a scammer and fraud, and I wanted to recover my money that was deposited. I was instructed by Chase that I had to go to my bank in order to stop the payment because I wasn't a chase customer, and they ( chase ) can't look into someone account an just put a stop to the check. XXXX also stated they cant put a stop on a check they dont have in there posession. I've went back and forth with my bank ( XXXX ) an Chase there was an indemnity report done an chase denied reimbursement, I believe the report was done wrong by my bank thats why I was denied reimbursement. I had a police report and an investigation was conducted. I also have a signed affidavit from my bank. I contacted the fraud department of Chase an was told my police report needed to be given to Chase Bank. I sent those documents via email to XXXX the lady at chase who handled the transaction on XX/XX/XXXX. Sargent XXXX XXXX of the XXXX Police Department handled the report an investigation.	Bank account or service	35796.3	2026-10-07 20:53:09
172	In 2011 my husband and I paid off our US Bank vehicle loan # XXXX. We mistakenly did not follow-up with the bank when we did not receive the released title. US Bank is now saying they have lost the title and are refusing to provide a release of lien so we can apply for a duplicate title. My husband and I have spoken to FIVE people at US Bank and they all claim they are working on providing this letter by the most recent representative admitted NOTHING was noted in the file. It's been over two weeks and I am beyond frustrated. My position is my husband and I signed a contract with the bank and we fulfilled our obligations by making the payments and the bank, in refusing to provide a release of lien, is effectively stealing our property. I would like to know if there is a remedy available through your office or if our only recourse is a civil action?	Mortgage	43773	2026-10-07 20:53:53
173	Select Port Folio my mortgage servicer recently reported XX/XX/2018 my mortgage being 30-60 days delinquent. There is a {$550.00} advance that was disbursed to pay association dues that were delinquent prior to my mortgage assumption.\n\nThey reported the advance being delinquent and I've been set up on a monthly pay plan to reimburse Select Port Folio for the advance. This incorrect reporting for the advance is reflecting the mortgage being delinquent has affected my credit rating.	Mortgage	28414.1	2026-10-07 20:54:21
174	On XX/XX/scrub> 2024 ; I unlink my debit card from my cash app account to replace it with another and I was unsuccessful so I contacted their customer support and they told me I would be able to if I linked another debit card to my account this goes on so many times to wear they set my account look like fraudulent activity everything that is done to my account was done upon request by them now my account looks like Friday the activity and they said that there isn't any way that they can override this decision. I've tried to link somebody debit cards to where I can no longer lick any type of debit card to my account I can not link any type of bank account to my account I can only anything to my account at all. All they keep telling me is that they're going to escalate it to the proper specialized team but they say I don't have access to my account but I can still withdraw but I've not been able to withdraw at all.	Money transfer or service	43222	2026-10-07 20:55:04
175	I opened an account with SoFi on or around XX/XX/2024, in order to receive the deposit account bonus of {$300.00} being advertised. I met all of the requirements in order to receive the bonus, but SoFi refused to make the bonus payment to my account. This is in direct violation of the terms and conditions and is a clear UDAAP violation. \n\nAdditionally, I received incredibly poor customer service and assistance while attempting to work with SoFi directly to resolve my concern.	Bank account or service	25931.4	2026-10-07 20:55:30
