ollama-1  | [GIN] 2026/10/07 - 07:16:35 | 200 |      17.483µs |      172.21.0.1 | GET      "/api/version"
ollama-1  | [GIN] 2026/10/07 - 07:16:43 | 200 |      18.391µs |       127.0.0.1 | HEAD     "/"
ollama-1  | [GIN] 2026/10/07 - 07:16:43 | 200 |      709.45µs |       127.0.0.1 | GET      "/api/tags"
ollama-1  | [GIN] 2026/10/07 - 07:16:53 | 200 |      16.824µs |       127.0.0.1 | HEAD     "/"
ollama-1  | [GIN] 2026/10/07 - 07:16:53 | 200 |     726.721µs |       127.0.0.1 | GET      "/api/tags"
ollama-1  | [GIN] 2026/10/07 - 07:17:03 | 200 |      17.585µs |       127.0.0.1 | HEAD     "/"
ollama-1  | [GIN] 2026/10/07 - 07:17:03 | 200 |     691.429µs |       127.0.0.1 | GET      "/api/tags"
ollama-1  | [GIN] 2026/10/07 - 07:17:13 | 200 |      14.783µs |       127.0.0.1 | HEAD     "/"
ollama-1  | [GIN] 2026/10/07 - 07:17:13 | 200 |      729.56µs |       127.0.0.1 | GET      "/api/tags"
ollama-1  | [GIN] 2026/10/07 - 07:17:23 | 200 |      15.801µs |       127.0.0.1 | HEAD     "/"
ollama-1  | [GIN] 2026/10/07 - 07:17:23 | 200 |     751.941µs |       127.0.0.1 | GET      "/api/tags"
ollama-1  | [GIN] 2026/10/07 - 07:17:33 | 200 |      17.228µs |       127.0.0.1 | HEAD     "/"
ollama-1  | [GIN] 2026/10/07 - 07:17:33 | 200 |     784.103µs |       127.0.0.1 | GET      "/api/tags"
ollama-1  | srv  server_strea: conv_id= (empty=1)
ollama-1  | slot get_availabl: id  0 | task -1 |  - checking sim = 0.455 (322/707) > 0.100
ollama-1  | slot get_availabl: id  0 | task -1 | selected slot by LCP similarity, f_sim_best = 0.455 (> 0.100 thold), f_keep = 0.495
ollama-1  | srv  get_availabl: updating prompt cache
ollama-1  | srv   prompt_save:  - saving prompt with length 651, total state size = 30.186 MiB (draft: 0.000 MiB)
ollama-1  | srv          load:  - looking for better prompt, base f_keep = 0.495, f_sim = 0.455
ollama-1  | srv          load:    - prompt with length     834, lcp =     322, f_keep = 0.386, f_sim = 0.455
ollama-1  | srv          load:    - prompt with length     819, lcp =     322, f_keep = 0.393, f_sim = 0.455
ollama-1  | srv          load:    - prompt with length     948, lcp =     322, f_keep = 0.340, f_sim = 0.455
ollama-1  | srv          load:    - prompt with length     807, lcp =     322, f_keep = 0.399, f_sim = 0.455
ollama-1  | srv          load:    - prompt with length    1137, lcp =     322, f_keep = 0.283, f_sim = 0.455
ollama-1  | srv          load:    - prompt with length     770, lcp =     322, f_keep = 0.418, f_sim = 0.455
ollama-1  | srv          load:    - prompt with length     705, lcp =     322, f_keep = 0.457, f_sim = 0.455
ollama-1  | srv          load:    - prompt with length    1002, lcp =     322, f_keep = 0.321, f_sim = 0.455
ollama-1  | srv          load:    - prompt with length    1216, lcp =     707, f_keep = 0.581, f_sim = 1.000
ollama-1  | srv          load:    - prompt with length     951, lcp =     322, f_keep = 0.339, f_sim = 0.455
ollama-1  | srv          load:    - prompt with length    1037, lcp =     322, f_keep = 0.311, f_sim = 0.455
ollama-1  | srv          load:    - prompt with length    1021, lcp =     322, f_keep = 0.315, f_sim = 0.455
ollama-1  | srv          load:    - prompt with length    1340, lcp =     322, f_keep = 0.240, f_sim = 0.455
ollama-1  | srv          load:    - prompt with length     777, lcp =     322, f_keep = 0.414, f_sim = 0.455
ollama-1  | srv          load:    - prompt with length    1324, lcp =     322, f_keep = 0.243, f_sim = 0.455
ollama-1  | srv          load:    - prompt with length    1202, lcp =     322, f_keep = 0.268, f_sim = 0.455
ollama-1  | srv          load:    - prompt with length    1402, lcp =     322, f_keep = 0.230, f_sim = 0.455
ollama-1  | srv          load:    - prompt with length     961, lcp =     322, f_keep = 0.335, f_sim = 0.455
ollama-1  | srv          load:    - prompt with length    1321, lcp =     322, f_keep = 0.244, f_sim = 0.455
ollama-1  | srv          load:    - prompt with length    1006, lcp =     322, f_keep = 0.320, f_sim = 0.455
ollama-1  | srv          load:    - prompt with length    1464, lcp =     322, f_keep = 0.220, f_sim = 0.455
ollama-1  | srv          load:    - prompt with length    1095, lcp =     322, f_keep = 0.294, f_sim = 0.455
ollama-1  | srv          load:    - prompt with length     831, lcp =     322, f_keep = 0.387, f_sim = 0.455
ollama-1  | srv          load:    - prompt with length     669, lcp =     322, f_keep = 0.481, f_sim = 0.455
ollama-1  | srv          load:    - prompt with length     726, lcp =     322, f_keep = 0.444, f_sim = 0.455
ollama-1  | srv          load:    - prompt with length     651, lcp =     322, f_keep = 0.495, f_sim = 0.455
ollama-1  | srv          load:  - found better prompt with f_keep = 0.581, f_sim = 1.000
ollama-1  | srv        update:  - cache state: 25 prompts, 1816.739 MiB (limits: 8192.000 MiB, 4096 tokens, 111827 est)
ollama-1  | srv        update:    - prompt 0x25882cd0:     834 tokens, checkpoints:  1,    46.567 MiB
ollama-1  | srv        update:    - prompt 0x2324cbb0:     819 tokens, checkpoints:  1,    48.013 MiB
ollama-1  | srv        update:    - prompt 0x2595b650:     948 tokens, checkpoints:  1,    47.568 MiB
ollama-1  | srv        update:    - prompt 0x2324cc60:     807 tokens, checkpoints:  1,    48.177 MiB
ollama-1  | srv        update:    - prompt 0x2d10a000:    1137 tokens, checkpoints:  3,    55.292 MiB
ollama-1  | srv        update:    - prompt 0x2d0dc3e0:     770 tokens, checkpoints:  4,    61.315 MiB
ollama-1  | srv        update:    - prompt 0x2324cd10:     705 tokens, checkpoints:  4,    69.442 MiB
ollama-1  | srv        update:    - prompt 0x2324d570:    1002 tokens, checkpoints:  4,    74.008 MiB
ollama-1  | srv        update:    - prompt 0x256395b0:     951 tokens, checkpoints:  5,    82.120 MiB
ollama-1  | srv        update:    - prompt 0x2586cc20:    1037 tokens, checkpoints:  3,    77.016 MiB
ollama-1  | srv        update:    - prompt 0x2fd601d0:    1021 tokens, checkpoints:  3,    76.375 MiB
ollama-1  | srv        update:    - prompt 0x2d14c790:    1340 tokens, checkpoints:  4,    89.569 MiB
ollama-1  | srv        update:    - prompt 0x25875ca0:     777 tokens, checkpoints:  4,    65.136 MiB
ollama-1  | srv        update:    - prompt 0x25922170:    1324 tokens, checkpoints:  5,    91.586 MiB
ollama-1  | srv        update:    - prompt 0x257811a0:    1202 tokens, checkpoints:  6,    96.673 MiB
ollama-1  | srv        update:    - prompt 0x34805b10:    1402 tokens, checkpoints:  6,    95.346 MiB
ollama-1  | srv        update:    - prompt 0x2cca61e0:     961 tokens, checkpoints:  5,    63.286 MiB
ollama-1  | srv        update:    - prompt 0x25971370:    1321 tokens, checkpoints:  5,    90.718 MiB
ollama-1  | srv        update:    - prompt 0x371ccdc0:    1006 tokens, checkpoints:  4,    74.109 MiB
ollama-1  | srv        update:    - prompt 0x2fa638f0:    1464 tokens, checkpoints:  4,    92.719 MiB
ollama-1  | srv        update:    - prompt 0x2324fa40:    1095 tokens, checkpoints:  5,    88.083 MiB
ollama-1  | srv        update:    - prompt 0x371e0880:     831 tokens, checkpoints:  4,    71.295 MiB
ollama-1  | srv        update:    - prompt 0x25935fc0:     669 tokens, checkpoints:  4,    68.957 MiB
ollama-1  | srv        update:    - prompt 0x2fb34bb0:     726 tokens, checkpoints:  4,    67.699 MiB
ollama-1  | srv        update:    - prompt 0x25651a10:     651 tokens, checkpoints:  5,    75.670 MiB
ollama-1  | srv  get_availabl: prompt cache update took 42.47 ms
ollama-1  | slot launch_slot_: id  0 | task -1 | sampler chain: logits -> ?penalties -> ?dry -> ?top-n-sigma -> top-k -> ?typical -> top-p -> ?min-p -> ?xtc -> temp-ext -> dist 
ollama-1  | slot launch_slot_: id  0 | task -1 | sampler params: 
ollama-1  | 	repeat_last_n = 64, repeat_penalty = 1.000, frequency_penalty = 0.000, presence_penalty = 0.000
ollama-1  | 	dry_multiplier = 0.000, dry_base = 1.750, dry_allowed_length = 2, dry_penalty_last_n = 64
ollama-1  | 	top_k = 64, top_p = 0.950, min_p = 0.000, xtc_probability = 0.000, xtc_threshold = 0.100, typical_p = 1.000, top_n_sigma = -1.000, temp = 0.000
ollama-1  | 	mirostat = 0, mirostat_lr = 0.100, mirostat_ent = 5.000, adaptive_target = -1.000, adaptive_decay = 0.900
ollama-1  | slot launch_slot_: id  0 | task 38310 | processing task, is_child = 0
ollama-1  | slot   operator(): id  0 | task 38310 | new prompt, n_ctx_slot = 4096, n_keep = 4, task.n_tokens = 707
ollama-1  | slot   operator(): id  0 | task 38310 | checking checkpoint with [191, 702] against 194...
ollama-1  | slot   operator(): id  0 | task 38310 | restored context checkpoint (pos_min = 191, pos_max = 702, n_tokens = 703, n_past = 702, size = 20.006 MiB)
ollama-1  | slot   operator(): id  0 | task 38310 | cached n_tokens = 702, memory_seq_rm [702, end)
ollama-1  | slot create_check: id  0 | task 38310 | superseding context checkpoint at n_tokens = 702
ollama-1  | slot create_check: id  0 | task 38310 | created context checkpoint 3 of 32 (pos_min = 191, pos_max = 701, n_tokens = 702, size = 19.967 MiB)
ollama-1  | slot   operator(): id  0 | task 38310 | cached n_tokens = 703, memory_seq_rm [703, end)
ollama-1  | slot init_sampler: id  0 | task 38310 | init sampler, took 0.08 ms, tokens: text = 707, total = 707
ollama-1  | slot create_check: id  0 | task 38310 | superseding context checkpoint at n_tokens = 703
ollama-1  | slot create_check: id  0 | task 38310 | created context checkpoint 3 of 32 (pos_min = 191, pos_max = 702, n_tokens = 703, size = 20.006 MiB)
ollama-1  | slot print_timing: id  0 | task 38310 | n_gen =    100, tg =  17.60 t/s, tg_3s =  17.78 t/s
ollama-1  | slot print_timing: id  0 | task 38310 | n_gen =    153, tg =  17.52 t/s, tg_3s =  17.36 t/s
ollama-1  | [GIN] 2026/10/07 - 07:17:43 | 200 |      26.542µs |       127.0.0.1 | HEAD     "/"
ollama-1  | [GIN] 2026/10/07 - 07:17:43 | 200 |    1.650933ms |       127.0.0.1 | GET      "/api/tags"
ollama-1  | slot print_timing: id  0 | task 38310 | n_gen =    203, tg =  17.23 t/s, tg_3s =  16.41 t/s
ollama-1  | slot print_timing: id  0 | task 38310 | n_gen =    250, tg =  16.87 t/s, tg_3s =  15.49 t/s
ollama-1  | slot print_timing: id  0 | task 38310 | n_gen =    300, tg =  16.83 t/s, tg_3s =  16.64 t/s
ollama-1  | [GIN] 2026/10/07 - 07:17:53 | 200 |      26.081µs |       127.0.0.1 | HEAD     "/"
ollama-1  | [GIN] 2026/10/07 - 07:17:53 | 200 |    1.569053ms |       127.0.0.1 | GET      "/api/tags"
ollama-1  | slot print_timing: id  0 | task 38310 | n_gen =    349, tg =  16.72 t/s, tg_3s =  16.08 t/s
ollama-1  | slot print_timing: id  0 | task 38310 | n_gen =    401, tg =  16.77 t/s, tg_3s =  17.09 t/s
ollama-1  | slot print_timing: id  0 | task 38310 | n_gen =    452, tg =  16.77 t/s, tg_3s =  16.74 t/s
ollama-1  | [GIN] 2026/10/07 - 07:18:03 | 200 |      37.059µs |       127.0.0.1 | HEAD     "/"
ollama-1  | [GIN] 2026/10/07 - 07:18:03 | 200 |     960.373µs |       127.0.0.1 | GET      "/api/tags"
ollama-1  | slot print_timing: id  0 | task 38310 | n_gen =    502, tg =  16.73 t/s, tg_3s =  16.45 t/s
ollama-1  | slot print_timing: id  0 | task 38310 | prompt eval time =     156.00 ms /     5 tokens (   31.20 ms per token,    32.05 tokens per second)
ollama-1  | slot print_timing: id  0 | task 38310 |        eval time =   30452.80 ms /   510 tokens (   59.83 ms per token,    16.71 tokens per second)
ollama-1  | slot print_timing: id  0 | task 38310 |       total time =   30608.80 ms /   515 tokens
ollama-1  | slot print_timing: id  0 | task 38310 |    graphs reused =      38156
ollama-1  | slot      release: id  0 | task 38310 | stop processing: n_tokens = 1216, truncated = 0
ollama-1  | srv  update_slots: all slots are idle
ollama-1  | [GIN] 2026/10/07 - 07:18:05 | 200 | 30.668890859s |      172.21.0.4 | POST     "/api/generate"
ollama-1  | srv  server_strea: conv_id= (empty=1)
ollama-1  | slot get_availabl: id  0 | task -1 |  - checking sim = 0.604 (322/533) > 0.100
ollama-1  | slot get_availabl: id  0 | task -1 | selected slot by LCP similarity, f_sim_best = 0.604 (> 0.100 thold), f_keep = 0.265
ollama-1  | srv  get_availabl: updating prompt cache
ollama-1  | srv   prompt_save:  - saving prompt with length 1216, total state size = 39.020 MiB (draft: 0.000 MiB)
ollama-1  | srv          load:  - looking for better prompt, base f_keep = 0.265, f_sim = 0.604
ollama-1  | srv          load:    - prompt with length     834, lcp =     322, f_keep = 0.386, f_sim = 0.604
ollama-1  | srv          load:    - prompt with length     819, lcp =     322, f_keep = 0.393, f_sim = 0.604
ollama-1  | srv          load:    - prompt with length     948, lcp =     322, f_keep = 0.340, f_sim = 0.604
ollama-1  | srv          load:    - prompt with length     807, lcp =     322, f_keep = 0.399, f_sim = 0.604
ollama-1  | srv          load:    - prompt with length    1137, lcp =     322, f_keep = 0.283, f_sim = 0.604
ollama-1  | srv          load:    - prompt with length     770, lcp =     322, f_keep = 0.418, f_sim = 0.604
ollama-1  | srv          load:    - prompt with length     705, lcp =     322, f_keep = 0.457, f_sim = 0.604
ollama-1  | srv          load:    - prompt with length    1002, lcp =     323, f_keep = 0.322, f_sim = 0.606
ollama-1  | srv          load:    - prompt with length     951, lcp =     323, f_keep = 0.340, f_sim = 0.606
ollama-1  | srv          load:    - prompt with length    1037, lcp =     533, f_keep = 0.514, f_sim = 1.000
ollama-1  | srv          load:    - prompt with length    1021, lcp =     323, f_keep = 0.316, f_sim = 0.606
ollama-1  | srv          load:    - prompt with length    1340, lcp =     322, f_keep = 0.240, f_sim = 0.604
ollama-1  | srv          load:    - prompt with length     777, lcp =     322, f_keep = 0.414, f_sim = 0.604
ollama-1  | srv          load:    - prompt with length    1324, lcp =     322, f_keep = 0.243, f_sim = 0.604
ollama-1  | srv          load:    - prompt with length    1202, lcp =     322, f_keep = 0.268, f_sim = 0.604
ollama-1  | srv          load:    - prompt with length    1402, lcp =     322, f_keep = 0.230, f_sim = 0.604
ollama-1  | srv          load:    - prompt with length     961, lcp =     322, f_keep = 0.335, f_sim = 0.604
ollama-1  | srv          load:    - prompt with length    1321, lcp =     322, f_keep = 0.244, f_sim = 0.604
ollama-1  | srv          load:    - prompt with length    1006, lcp =     323, f_keep = 0.321, f_sim = 0.606
ollama-1  | srv          load:    - prompt with length    1464, lcp =     322, f_keep = 0.220, f_sim = 0.604
ollama-1  | srv          load:    - prompt with length    1095, lcp =     322, f_keep = 0.294, f_sim = 0.604
ollama-1  | srv          load:    - prompt with length     831, lcp =     322, f_keep = 0.387, f_sim = 0.604
ollama-1  | srv          load:    - prompt with length     669, lcp =     323, f_keep = 0.483, f_sim = 0.606
ollama-1  | srv          load:    - prompt with length     726, lcp =     322, f_keep = 0.444, f_sim = 0.604
ollama-1  | srv          load:    - prompt with length     651, lcp =     323, f_keep = 0.496, f_sim = 0.606
ollama-1  | srv          load:    - prompt with length    1216, lcp =     322, f_keep = 0.265, f_sim = 0.604
ollama-1  | srv          load:  - found better prompt with f_keep = 0.514, f_sim = 1.000
ollama-1  | srv        update:  - cache state: 25 prompts, 1826.337 MiB (limits: 8192.000 MiB, 4096 tokens, 112042 est)
ollama-1  | srv        update:    - prompt 0x25882cd0:     834 tokens, checkpoints:  1,    46.567 MiB
ollama-1  | srv        update:    - prompt 0x2324cbb0:     819 tokens, checkpoints:  1,    48.013 MiB
ollama-1  | srv        update:    - prompt 0x2595b650:     948 tokens, checkpoints:  1,    47.568 MiB
ollama-1  | srv        update:    - prompt 0x2324cc60:     807 tokens, checkpoints:  1,    48.177 MiB
ollama-1  | srv        update:    - prompt 0x2d10a000:    1137 tokens, checkpoints:  3,    55.292 MiB
ollama-1  | srv        update:    - prompt 0x2d0dc3e0:     770 tokens, checkpoints:  4,    61.315 MiB
ollama-1  | srv        update:    - prompt 0x2324cd10:     705 tokens, checkpoints:  4,    69.442 MiB
ollama-1  | srv        update:    - prompt 0x2324d570:    1002 tokens, checkpoints:  4,    74.008 MiB
ollama-1  | srv        update:    - prompt 0x256395b0:     951 tokens, checkpoints:  5,    82.120 MiB
ollama-1  | srv        update:    - prompt 0x2fd601d0:    1021 tokens, checkpoints:  3,    76.375 MiB
ollama-1  | srv        update:    - prompt 0x2d14c790:    1340 tokens, checkpoints:  4,    89.569 MiB
ollama-1  | srv        update:    - prompt 0x25875ca0:     777 tokens, checkpoints:  4,    65.136 MiB
ollama-1  | srv        update:    - prompt 0x25922170:    1324 tokens, checkpoints:  5,    91.586 MiB
ollama-1  | srv        update:    - prompt 0x257811a0:    1202 tokens, checkpoints:  6,    96.673 MiB
ollama-1  | srv        update:    - prompt 0x34805b10:    1402 tokens, checkpoints:  6,    95.346 MiB
ollama-1  | srv        update:    - prompt 0x2cca61e0:     961 tokens, checkpoints:  5,    63.286 MiB
ollama-1  | srv        update:    - prompt 0x25971370:    1321 tokens, checkpoints:  5,    90.718 MiB
ollama-1  | srv        update:    - prompt 0x371ccdc0:    1006 tokens, checkpoints:  4,    74.109 MiB
ollama-1  | srv        update:    - prompt 0x2fa638f0:    1464 tokens, checkpoints:  4,    92.719 MiB
ollama-1  | srv        update:    - prompt 0x2324fa40:    1095 tokens, checkpoints:  5,    88.083 MiB
ollama-1  | srv        update:    - prompt 0x371e0880:     831 tokens, checkpoints:  4,    71.295 MiB
ollama-1  | srv        update:    - prompt 0x25935fc0:     669 tokens, checkpoints:  4,    68.957 MiB
ollama-1  | srv        update:    - prompt 0x2fb34bb0:     726 tokens, checkpoints:  4,    67.699 MiB
ollama-1  | srv        update:    - prompt 0x25651a10:     651 tokens, checkpoints:  5,    75.670 MiB
ollama-1  | srv        update:    - prompt 0x2582b290:    1216 tokens, checkpoints:  3,    86.614 MiB
ollama-1  | srv  get_availabl: prompt cache update took 50.97 ms
ollama-1  | slot launch_slot_: id  0 | task -1 | sampler chain: logits -> ?penalties -> ?dry -> ?top-n-sigma -> top-k -> ?typical -> top-p -> ?min-p -> ?xtc -> temp-ext -> dist 
ollama-1  | slot launch_slot_: id  0 | task -1 | sampler params: 
ollama-1  | 	repeat_last_n = 64, repeat_penalty = 1.000, frequency_penalty = 0.000, presence_penalty = 0.000
ollama-1  | 	dry_multiplier = 0.000, dry_base = 1.750, dry_allowed_length = 2, dry_penalty_last_n = 64
ollama-1  | 	top_k = 64, top_p = 0.950, min_p = 0.000, xtc_probability = 0.000, xtc_threshold = 0.100, typical_p = 1.000, top_n_sigma = -1.000, temp = 0.000
ollama-1  | 	mirostat = 0, mirostat_lr = 0.100, mirostat_ent = 5.000, adaptive_target = -1.000, adaptive_decay = 0.900
ollama-1  | slot launch_slot_: id  0 | task 38822 | processing task, is_child = 0
ollama-1  | slot   operator(): id  0 | task 38822 | new prompt, n_ctx_slot = 4096, n_keep = 4, task.n_tokens = 533
ollama-1  | slot   operator(): id  0 | task 38822 | checking checkpoint with [17, 528] against 20...
ollama-1  | slot   operator(): id  0 | task 38822 | restored context checkpoint (pos_min = 17, pos_max = 528, n_tokens = 529, n_past = 528, size = 20.006 MiB)
ollama-1  | slot   operator(): id  0 | task 38822 | cached n_tokens = 528, memory_seq_rm [528, end)
ollama-1  | slot create_check: id  0 | task 38822 | superseding context checkpoint at n_tokens = 528
ollama-1  | slot create_check: id  0 | task 38822 | created context checkpoint 3 of 32 (pos_min = 17, pos_max = 527, n_tokens = 528, size = 19.967 MiB)
ollama-1  | slot   operator(): id  0 | task 38822 | cached n_tokens = 529, memory_seq_rm [529, end)
ollama-1  | slot init_sampler: id  0 | task 38822 | init sampler, took 0.07 ms, tokens: text = 533, total = 533
ollama-1  | slot create_check: id  0 | task 38822 | superseding context checkpoint at n_tokens = 529
ollama-1  | slot create_check: id  0 | task 38822 | created context checkpoint 3 of 32 (pos_min = 17, pos_max = 528, n_tokens = 529, size = 20.006 MiB)
ollama-1  | slot print_timing: id  0 | task 38822 | n_gen =    100, tg =  16.50 t/s, tg_3s =  16.67 t/s
ollama-1  | [GIN] 2026/10/07 - 07:18:13 | 200 |      27.602µs |       127.0.0.1 | HEAD     "/"
ollama-1  | [GIN] 2026/10/07 - 07:18:13 | 200 |    1.382335ms |       127.0.0.1 | GET      "/api/tags"
ollama-1  | slot print_timing: id  0 | task 38822 | n_gen =    154, tg =  16.96 t/s, tg_3s =  17.87 t/s
ollama-1  | slot print_timing: id  0 | task 38822 | n_gen =    207, tg =  17.11 t/s, tg_3s =  17.54 t/s
ollama-1  | slot print_timing: id  0 | task 38822 | n_gen =    261, tg =  17.28 t/s, tg_3s =  17.97 t/s
ollama-1  | slot print_timing: id  0 | task 38822 | n_gen =    315, tg =  17.39 t/s, tg_3s =  17.92 t/s
ollama-1  | [GIN] 2026/10/07 - 07:18:23 | 200 |      29.887µs |       127.0.0.1 | HEAD     "/"
ollama-1  | [GIN] 2026/10/07 - 07:18:23 | 200 |    1.451615ms |       127.0.0.1 | GET      "/api/tags"
ollama-1  | slot print_timing: id  0 | task 38822 | n_gen =    369, tg =  17.43 t/s, tg_3s =  17.68 t/s
ollama-1  | slot print_timing: id  0 | task 38822 | n_gen =    422, tg =  17.45 t/s, tg_3s =  17.58 t/s
ollama-1  | slot print_timing: id  0 | task 38822 | n_gen =    476, tg =  17.48 t/s, tg_3s =  17.72 t/s
ollama-1  | [GIN] 2026/10/07 - 07:18:33 | 200 |      20.272µs |       127.0.0.1 | HEAD     "/"
ollama-1  | [GIN] 2026/10/07 - 07:18:33 | 200 |     2.38608ms |       127.0.0.1 | GET      "/api/tags"
ollama-1  | slot print_timing: id  0 | task 38822 | prompt eval time =     157.86 ms /     5 tokens (   31.57 ms per token,    31.67 tokens per second)
ollama-1  | slot print_timing: id  0 | task 38822 |        eval time =   28834.96 ms /   505 tokens (   57.21 ms per token,    17.48 tokens per second)
ollama-1  | slot print_timing: id  0 | task 38822 |       total time =   28992.81 ms /   510 tokens
ollama-1  | slot print_timing: id  0 | task 38822 |    graphs reused =      38656
ollama-1  | slot      release: id  0 | task 38822 | stop processing: n_tokens = 1037, truncated = 0
ollama-1  | srv  update_slots: all slots are idle
ollama-1  | [GIN] 2026/10/07 - 07:18:34 | 200 | 55.497616037s |      172.21.0.4 | POST     "/api/generate"
ollama-1  | srv  server_strea: conv_id= (empty=1)
ollama-1  | slot get_availabl: id  0 | task -1 |  - checking sim = 0.774 (322/416) > 0.100
ollama-1  | slot get_availabl: id  0 | task -1 | selected slot by LCP similarity, f_sim_best = 0.774 (> 0.100 thold), f_keep = 0.311
ollama-1  | srv  get_availabl: updating prompt cache
ollama-1  | srv   prompt_save:  - saving prompt with length 1037, total state size = 36.221 MiB (draft: 0.000 MiB)
ollama-1  | srv          load:  - looking for better prompt, base f_keep = 0.311, f_sim = 0.774
ollama-1  | srv          load:    - prompt with length     834, lcp =     322, f_keep = 0.386, f_sim = 0.774
ollama-1  | srv          load:    - prompt with length     819, lcp =     322, f_keep = 0.393, f_sim = 0.774
ollama-1  | srv          load:    - prompt with length     948, lcp =     322, f_keep = 0.340, f_sim = 0.774
ollama-1  | srv          load:    - prompt with length     807, lcp =     322, f_keep = 0.399, f_sim = 0.774
ollama-1  | srv          load:    - prompt with length    1137, lcp =     322, f_keep = 0.283, f_sim = 0.774
ollama-1  | srv          load:    - prompt with length     770, lcp =     322, f_keep = 0.418, f_sim = 0.774
ollama-1  | srv          load:    - prompt with length     705, lcp =     322, f_keep = 0.457, f_sim = 0.774
ollama-1  | srv          load:    - prompt with length    1002, lcp =     322, f_keep = 0.321, f_sim = 0.774
ollama-1  | srv          load:    - prompt with length     951, lcp =     322, f_keep = 0.339, f_sim = 0.774
ollama-1  | srv          load:    - prompt with length    1021, lcp =     322, f_keep = 0.315, f_sim = 0.774
ollama-1  | srv          load:    - prompt with length    1340, lcp =     322, f_keep = 0.240, f_sim = 0.774
ollama-1  | srv          load:    - prompt with length     777, lcp =     322, f_keep = 0.414, f_sim = 0.774
ollama-1  | srv          load:    - prompt with length    1324, lcp =     322, f_keep = 0.243, f_sim = 0.774
ollama-1  | srv          load:    - prompt with length    1202, lcp =     322, f_keep = 0.268, f_sim = 0.774
ollama-1  | srv          load:    - prompt with length    1402, lcp =     322, f_keep = 0.230, f_sim = 0.774
ollama-1  | srv          load:    - prompt with length     961, lcp =     323, f_keep = 0.336, f_sim = 0.776
ollama-1  | srv          load:    - prompt with length    1321, lcp =     322, f_keep = 0.244, f_sim = 0.774
ollama-1  | srv          load:    - prompt with length    1006, lcp =     322, f_keep = 0.320, f_sim = 0.774
ollama-1  | srv          load:    - prompt with length    1464, lcp =     322, f_keep = 0.220, f_sim = 0.774
ollama-1  | srv          load:    - prompt with length    1095, lcp =     322, f_keep = 0.294, f_sim = 0.774
ollama-1  | srv          load:    - prompt with length     831, lcp =     322, f_keep = 0.387, f_sim = 0.774
ollama-1  | srv          load:    - prompt with length     669, lcp =     322, f_keep = 0.481, f_sim = 0.774
ollama-1  | srv          load:    - prompt with length     726, lcp =     322, f_keep = 0.444, f_sim = 0.774
ollama-1  | srv          load:    - prompt with length     651, lcp =     322, f_keep = 0.495, f_sim = 0.774
ollama-1  | srv          load:    - prompt with length    1216, lcp =     322, f_keep = 0.265, f_sim = 0.774
ollama-1  | srv          load:    - prompt with length    1037, lcp =     322, f_keep = 0.311, f_sim = 0.774
ollama-1  | srv          load:  - found better prompt with f_keep = 0.336, f_sim = 0.776
ollama-1  | srv        update:  - cache state: 25 prompts, 1840.067 MiB (limits: 8192.000 MiB, 4096 tokens, 111545 est)
ollama-1  | srv        update:    - prompt 0x25882cd0:     834 tokens, checkpoints:  1,    46.567 MiB
ollama-1  | srv        update:    - prompt 0x2324cbb0:     819 tokens, checkpoints:  1,    48.013 MiB
ollama-1  | srv        update:    - prompt 0x2595b650:     948 tokens, checkpoints:  1,    47.568 MiB
ollama-1  | srv        update:    - prompt 0x2324cc60:     807 tokens, checkpoints:  1,    48.177 MiB
ollama-1  | srv        update:    - prompt 0x2d10a000:    1137 tokens, checkpoints:  3,    55.292 MiB
ollama-1  | srv        update:    - prompt 0x2d0dc3e0:     770 tokens, checkpoints:  4,    61.315 MiB
ollama-1  | srv        update:    - prompt 0x2324cd10:     705 tokens, checkpoints:  4,    69.442 MiB
ollama-1  | srv        update:    - prompt 0x2324d570:    1002 tokens, checkpoints:  4,    74.008 MiB
ollama-1  | srv        update:    - prompt 0x256395b0:     951 tokens, checkpoints:  5,    82.120 MiB
ollama-1  | srv        update:    - prompt 0x2fd601d0:    1021 tokens, checkpoints:  3,    76.375 MiB
ollama-1  | srv        update:    - prompt 0x2d14c790:    1340 tokens, checkpoints:  4,    89.569 MiB
ollama-1  | srv        update:    - prompt 0x25875ca0:     777 tokens, checkpoints:  4,    65.136 MiB
ollama-1  | srv        update:    - prompt 0x25922170:    1324 tokens, checkpoints:  5,    91.586 MiB
ollama-1  | srv        update:    - prompt 0x257811a0:    1202 tokens, checkpoints:  6,    96.673 MiB
ollama-1  | srv        update:    - prompt 0x34805b10:    1402 tokens, checkpoints:  6,    95.346 MiB
ollama-1  | srv        update:    - prompt 0x25971370:    1321 tokens, checkpoints:  5,    90.718 MiB
ollama-1  | srv        update:    - prompt 0x371ccdc0:    1006 tokens, checkpoints:  4,    74.109 MiB
ollama-1  | srv        update:    - prompt 0x2fa638f0:    1464 tokens, checkpoints:  4,    92.719 MiB
ollama-1  | srv        update:    - prompt 0x2324fa40:    1095 tokens, checkpoints:  5,    88.083 MiB
ollama-1  | srv        update:    - prompt 0x371e0880:     831 tokens, checkpoints:  4,    71.295 MiB
ollama-1  | srv        update:    - prompt 0x25935fc0:     669 tokens, checkpoints:  4,    68.957 MiB
ollama-1  | srv        update:    - prompt 0x2fb34bb0:     726 tokens, checkpoints:  4,    67.699 MiB
ollama-1  | srv        update:    - prompt 0x25651a10:     651 tokens, checkpoints:  5,    75.670 MiB
ollama-1  | srv        update:    - prompt 0x2582b290:    1216 tokens, checkpoints:  3,    86.614 MiB
ollama-1  | srv        update:    - prompt 0x253dedc0:    1037 tokens, checkpoints:  3,    77.016 MiB
ollama-1  | srv  get_availabl: prompt cache update took 29.25 ms
ollama-1  | slot launch_slot_: id  0 | task -1 | sampler chain: logits -> ?penalties -> ?dry -> ?top-n-sigma -> top-k -> ?typical -> top-p -> ?min-p -> ?xtc -> temp-ext -> dist 
ollama-1  | slot launch_slot_: id  0 | task -1 | sampler params: 
ollama-1  | 	repeat_last_n = 64, repeat_penalty = 1.000, frequency_penalty = 0.000, presence_penalty = 0.000
ollama-1  | 	dry_multiplier = 0.000, dry_base = 1.750, dry_allowed_length = 2, dry_penalty_last_n = 64
ollama-1  | 	top_k = 64, top_p = 0.950, min_p = 0.000, xtc_probability = 0.000, xtc_threshold = 0.100, typical_p = 1.000, top_n_sigma = -1.000, temp = 0.000
ollama-1  | 	mirostat = 0, mirostat_lr = 0.100, mirostat_ent = 5.000, adaptive_target = -1.000, adaptive_decay = 0.900
ollama-1  | slot launch_slot_: id  0 | task 39329 | processing task, is_child = 0
ollama-1  | slot   operator(): id  0 | task 39329 | new prompt, n_ctx_slot = 4096, n_keep = 4, task.n_tokens = 416
ollama-1  | slot   operator(): id  0 | task 39329 | checking checkpoint with [0, 468] against 0...
ollama-1  | slot   operator(): id  0 | task 39329 | checking checkpoint with [0, 78] against 0...
ollama-1  | slot   operator(): id  0 | task 39329 | restored context checkpoint (pos_min = 0, pos_max = 78, n_tokens = 79, n_past = 78, size = 3.087 MiB)
ollama-1  | slot   operator(): id  0 | task 39329 | erased invalidated context checkpoint (pos_min = 0, pos_max = 79, n_tokens = 80, n_swa = 512, pos_next = 78, size = 3.126 MiB)
ollama-1  | slot   operator(): id  0 | task 39329 | erased invalidated context checkpoint (pos_min = 0, pos_max = 468, n_tokens = 469, n_swa = 512, pos_next = 78, size = 18.326 MiB)
ollama-1  | slot   operator(): id  0 | task 39329 | cached n_tokens = 78, memory_seq_rm [78, end)
ollama-1  | slot create_check: id  0 | task 39329 | created context checkpoint 4 of 32 (pos_min = 0, pos_max = 77, n_tokens = 78, size = 3.048 MiB)
ollama-1  | slot print_timing: id  0 | task 39329 | prompt processing, n_tokens =    334, progress = 0.99, t =   3.08 s / 108.52 tokens per second
ollama-1  | slot   operator(): id  0 | task 39329 | cached n_tokens = 412, memory_seq_rm [412, end)
ollama-1  | slot init_sampler: id  0 | task 39329 | init sampler, took 0.06 ms, tokens: text = 416, total = 416
ollama-1  | slot create_check: id  0 | task 39329 | created context checkpoint 5 of 32 (pos_min = 0, pos_max = 411, n_tokens = 412, size = 16.099 MiB)
ollama-1  | slot print_timing: id  0 | task 39329 | n_gen =    100, tg =  17.87 t/s, tg_3s =  18.05 t/s
ollama-1  | [GIN] 2026/10/07 - 07:18:43 | 200 |      53.705µs |       127.0.0.1 | HEAD     "/"
ollama-1  | [GIN] 2026/10/07 - 07:18:43 | 200 |    1.616058ms |       127.0.0.1 | GET      "/api/tags"
ollama-1  | slot print_timing: id  0 | task 39329 | n_gen =    152, tg =  17.62 t/s, tg_3s =  17.17 t/s
ollama-1  | slot print_timing: id  0 | task 39329 | n_gen =    206, tg =  17.68 t/s, tg_3s =  17.84 t/s
ollama-1  | slot print_timing: id  0 | task 39329 | n_gen =    261, tg =  17.77 t/s, tg_3s =  18.11 t/s
ollama-1  | [GIN] 2026/10/07 - 07:18:53 | 200 |      35.509µs |       127.0.0.1 | HEAD     "/"
ollama-1  | [GIN] 2026/10/07 - 07:18:53 | 200 |     831.593µs |       127.0.0.1 | GET      "/api/tags"
ollama-1  | slot print_timing: id  0 | task 39329 | n_gen =    315, tg =  17.80 t/s, tg_3s =  17.92 t/s
ollama-1  | slot print_timing: id  0 | task 39329 | n_gen =    368, tg =  17.73 t/s, tg_3s =  17.36 t/s
ollama-1  | slot print_timing: id  0 | task 39329 | n_gen =    421, tg =  17.69 t/s, tg_3s =  17.39 t/s
ollama-1  | slot print_timing: id  0 | task 39329 | prompt eval time =    3158.17 ms /   338 tokens (    9.34 ms per token,   107.02 tokens per second)
ollama-1  | slot print_timing: id  0 | task 39329 |        eval time =   25403.18 ms /   450 tokens (   56.58 ms per token,    17.67 tokens per second)
ollama-1  | slot print_timing: id  0 | task 39329 |       total time =   28561.35 ms /   788 tokens
ollama-1  | slot print_timing: id  0 | task 39329 |    graphs reused =      39102
ollama-1  | slot      release: id  0 | task 39329 | stop processing: n_tokens = 865, truncated = 0
ollama-1  | srv  update_slots: all slots are idle
ollama-1  | [GIN] 2026/10/07 - 07:19:02 | 200 |         1m19s |      172.21.0.4 | POST     "/api/generate"
ollama-1  | srv  server_strea: conv_id= (empty=1)
ollama-1  | slot get_availabl: id  0 | task -1 |  - checking sim = 0.682 (322/472) > 0.100
ollama-1  | slot get_availabl: id  0 | task -1 | selected slot by LCP similarity, f_sim_best = 0.682 (> 0.100 thold), f_keep = 0.372
ollama-1  | srv  get_availabl: updating prompt cache
ollama-1  | srv   prompt_save:  - saving prompt with length 865, total state size = 33.532 MiB (draft: 0.000 MiB)
ollama-1  | srv          load:  - looking for better prompt, base f_keep = 0.372, f_sim = 0.682
ollama-1  | srv          load:    - prompt with length     834, lcp =     322, f_keep = 0.386, f_sim = 0.682
ollama-1  | srv          load:    - prompt with length     819, lcp =     322, f_keep = 0.393, f_sim = 0.682
ollama-1  | srv          load:    - prompt with length     948, lcp =     322, f_keep = 0.340, f_sim = 0.682
ollama-1  | srv          load:    - prompt with length     807, lcp =     322, f_keep = 0.399, f_sim = 0.682
ollama-1  | srv          load:    - prompt with length    1137, lcp =     322, f_keep = 0.283, f_sim = 0.682
ollama-1  | srv          load:    - prompt with length     770, lcp =     322, f_keep = 0.418, f_sim = 0.682
ollama-1  | srv          load:    - prompt with length     705, lcp =     322, f_keep = 0.457, f_sim = 0.682
ollama-1  | srv          load:    - prompt with length    1002, lcp =     323, f_keep = 0.322, f_sim = 0.684
ollama-1  | srv          load:    - prompt with length     951, lcp =     472, f_keep = 0.496, f_sim = 1.000
ollama-1  | srv          load:    - prompt with length    1021, lcp =     324, f_keep = 0.317, f_sim = 0.686
ollama-1  | srv          load:    - prompt with length    1340, lcp =     322, f_keep = 0.240, f_sim = 0.682
ollama-1  | srv          load:    - prompt with length     777, lcp =     322, f_keep = 0.414, f_sim = 0.682
ollama-1  | srv          load:    - prompt with length    1324, lcp =     322, f_keep = 0.243, f_sim = 0.682
ollama-1  | srv          load:    - prompt with length    1202, lcp =     322, f_keep = 0.268, f_sim = 0.682
ollama-1  | srv          load:    - prompt with length    1402, lcp =     322, f_keep = 0.230, f_sim = 0.682
ollama-1  | srv          load:    - prompt with length    1321, lcp =     322, f_keep = 0.244, f_sim = 0.682
ollama-1  | srv          load:    - prompt with length    1006, lcp =     323, f_keep = 0.321, f_sim = 0.684
ollama-1  | srv          load:    - prompt with length    1464, lcp =     322, f_keep = 0.220, f_sim = 0.682
ollama-1  | srv          load:    - prompt with length    1095, lcp =     322, f_keep = 0.294, f_sim = 0.682
ollama-1  | srv          load:    - prompt with length     831, lcp =     322, f_keep = 0.387, f_sim = 0.682
ollama-1  | srv          load:    - prompt with length     669, lcp =     323, f_keep = 0.483, f_sim = 0.684
ollama-1  | srv          load:    - prompt with length     726, lcp =     322, f_keep = 0.444, f_sim = 0.682
ollama-1  | srv          load:    - prompt with length     651, lcp =     323, f_keep = 0.496, f_sim = 0.684
ollama-1  | srv          load:    - prompt with length    1216, lcp =     322, f_keep = 0.265, f_sim = 0.682
ollama-1  | srv          load:    - prompt with length    1037, lcp =     323, f_keep = 0.311, f_sim = 0.684
ollama-1  | srv          load:    - prompt with length     865, lcp =     322, f_keep = 0.372, f_sim = 0.682
ollama-1  | srv          load:  - found better prompt with f_keep = 0.496, f_sim = 1.000
ollama-1  | srv        update:  - cache state: 25 prompts, 1817.427 MiB (limits: 8192.000 MiB, 4096 tokens, 112547 est)
ollama-1  | srv        update:    - prompt 0x25882cd0:     834 tokens, checkpoints:  1,    46.567 MiB
ollama-1  | srv        update:    - prompt 0x2324cbb0:     819 tokens, checkpoints:  1,    48.013 MiB
ollama-1  | srv        update:    - prompt 0x2595b650:     948 tokens, checkpoints:  1,    47.568 MiB
ollama-1  | srv        update:    - prompt 0x2324cc60:     807 tokens, checkpoints:  1,    48.177 MiB
ollama-1  | srv        update:    - prompt 0x2d10a000:    1137 tokens, checkpoints:  3,    55.292 MiB
ollama-1  | srv        update:    - prompt 0x2d0dc3e0:     770 tokens, checkpoints:  4,    61.315 MiB
ollama-1  | srv        update:    - prompt 0x2324cd10:     705 tokens, checkpoints:  4,    69.442 MiB
ollama-1  | srv        update:    - prompt 0x2324d570:    1002 tokens, checkpoints:  4,    74.008 MiB
ollama-1  | srv        update:    - prompt 0x2fd601d0:    1021 tokens, checkpoints:  3,    76.375 MiB
ollama-1  | srv        update:    - prompt 0x2d14c790:    1340 tokens, checkpoints:  4,    89.569 MiB
ollama-1  | srv        update:    - prompt 0x25875ca0:     777 tokens, checkpoints:  4,    65.136 MiB
ollama-1  | srv        update:    - prompt 0x25922170:    1324 tokens, checkpoints:  5,    91.586 MiB
ollama-1  | srv        update:    - prompt 0x257811a0:    1202 tokens, checkpoints:  6,    96.673 MiB
ollama-1  | srv        update:    - prompt 0x34805b10:    1402 tokens, checkpoints:  6,    95.346 MiB
ollama-1  | srv        update:    - prompt 0x25971370:    1321 tokens, checkpoints:  5,    90.718 MiB
ollama-1  | srv        update:    - prompt 0x371ccdc0:    1006 tokens, checkpoints:  4,    74.109 MiB
ollama-1  | srv        update:    - prompt 0x2fa638f0:    1464 tokens, checkpoints:  4,    92.719 MiB
ollama-1  | srv        update:    - prompt 0x2324fa40:    1095 tokens, checkpoints:  5,    88.083 MiB
ollama-1  | srv        update:    - prompt 0x371e0880:     831 tokens, checkpoints:  4,    71.295 MiB
ollama-1  | srv        update:    - prompt 0x25935fc0:     669 tokens, checkpoints:  4,    68.957 MiB
ollama-1  | srv        update:    - prompt 0x2fb34bb0:     726 tokens, checkpoints:  4,    67.699 MiB
ollama-1  | srv        update:    - prompt 0x25651a10:     651 tokens, checkpoints:  5,    75.670 MiB
ollama-1  | srv        update:    - prompt 0x2582b290:    1216 tokens, checkpoints:  3,    86.614 MiB
ollama-1  | srv        update:    - prompt 0x253dedc0:    1037 tokens, checkpoints:  3,    77.016 MiB
ollama-1  | srv        update:    - prompt 0x2586cc20:     865 tokens, checkpoints:  5,    59.479 MiB
ollama-1  | srv  get_availabl: prompt cache update took 26.13 ms
ollama-1  | slot launch_slot_: id  0 | task -1 | sampler chain: logits -> ?penalties -> ?dry -> ?top-n-sigma -> top-k -> ?typical -> top-p -> ?min-p -> ?xtc -> temp-ext -> dist 
ollama-1  | slot launch_slot_: id  0 | task -1 | sampler params: 
ollama-1  | 	repeat_last_n = 64, repeat_penalty = 1.000, frequency_penalty = 0.000, presence_penalty = 0.000
ollama-1  | 	dry_multiplier = 0.000, dry_base = 1.750, dry_allowed_length = 2, dry_penalty_last_n = 64
ollama-1  | 	top_k = 64, top_p = 0.950, min_p = 0.000, xtc_probability = 0.000, xtc_threshold = 0.100, typical_p = 1.000, top_n_sigma = -1.000, temp = 0.000
ollama-1  | 	mirostat = 0, mirostat_lr = 0.100, mirostat_ent = 5.000, adaptive_target = -1.000, adaptive_decay = 0.900
ollama-1  | slot launch_slot_: id  0 | task 39781 | processing task, is_child = 0
ollama-1  | slot   operator(): id  0 | task 39781 | new prompt, n_ctx_slot = 4096, n_keep = 4, task.n_tokens = 472
ollama-1  | slot   operator(): id  0 | task 39781 | checking checkpoint with [0, 467] against 0...
ollama-1  | slot   operator(): id  0 | task 39781 | restored context checkpoint (pos_min = 0, pos_max = 467, n_tokens = 468, n_past = 467, size = 18.287 MiB)
ollama-1  | slot   operator(): id  0 | task 39781 | cached n_tokens = 467, memory_seq_rm [467, end)
ollama-1  | slot create_check: id  0 | task 39781 | created context checkpoint 6 of 32 (pos_min = 0, pos_max = 466, n_tokens = 467, size = 18.248 MiB)
ollama-1  | slot   operator(): id  0 | task 39781 | cached n_tokens = 468, memory_seq_rm [468, end)
ollama-1  | slot init_sampler: id  0 | task 39781 | init sampler, took 0.06 ms, tokens: text = 472, total = 472
ollama-1  | slot create_check: id  0 | task 39781 | superseding context checkpoint at n_tokens = 468
ollama-1  | slot create_check: id  0 | task 39781 | created context checkpoint 6 of 32 (pos_min = 0, pos_max = 467, n_tokens = 468, size = 18.287 MiB)
ollama-1  | [GIN] 2026/10/07 - 07:19:03 | 200 |      35.777µs |       127.0.0.1 | HEAD     "/"
ollama-1  | [GIN] 2026/10/07 - 07:19:03 | 200 |     819.121µs |       127.0.0.1 | GET      "/api/tags"
ollama-1  | slot print_timing: id  0 | task 39781 | n_gen =    100, tg =  17.63 t/s, tg_3s =  17.81 t/s
ollama-1  | slot print_timing: id  0 | task 39781 | n_gen =    153, tg =  17.62 t/s, tg_3s =  17.59 t/s
ollama-1  | [GIN] 2026/10/07 - 07:19:14 | 200 |      23.001µs |       127.0.0.1 | HEAD     "/"
ollama-1  | [GIN] 2026/10/07 - 07:19:14 | 200 |    3.214408ms |       127.0.0.1 | GET      "/api/tags"
ollama-1  | slot print_timing: id  0 | task 39781 | n_gen =    207, tg =  17.64 t/s, tg_3s =  17.70 t/s
ollama-1  | slot print_timing: id  0 | task 39781 | n_gen =    261, tg =  17.65 t/s, tg_3s =  17.68 t/s
ollama-1  | slot print_timing: id  0 | task 39781 | n_gen =    316, tg =  17.72 t/s, tg_3s =  18.08 t/s
ollama-1  | slot print_timing: id  0 | task 39781 | n_gen =    370, tg =  17.74 t/s, tg_3s =  17.83 t/s
ollama-1  | [GIN] 2026/10/07 - 07:19:24 | 200 |      39.953µs |       127.0.0.1 | HEAD     "/"
ollama-1  | [GIN] 2026/10/07 - 07:19:24 | 200 |     897.397µs |       127.0.0.1 | GET      "/api/tags"
ollama-1  | slot print_timing: id  0 | task 39781 | prompt eval time =     139.56 ms /     5 tokens (   27.91 ms per token,    35.83 tokens per second)
ollama-1  | slot print_timing: id  0 | task 39781 |        eval time =   22729.10 ms /   404 tokens (   56.40 ms per token,    17.73 tokens per second)
ollama-1  | slot print_timing: id  0 | task 39781 |       total time =   22868.66 ms /   409 tokens
ollama-1  | slot print_timing: id  0 | task 39781 |    graphs reused =      39502
ollama-1  | slot      release: id  0 | task 39781 | stop processing: n_tokens = 875, truncated = 0
ollama-1  | srv  update_slots: all slots are idle
ollama-1  | [GIN] 2026/10/07 - 07:19:25 | 200 |         1m41s |      172.21.0.4 | POST     "/api/generate"
ollama-1  | srv  server_strea: conv_id= (empty=1)
ollama-1  | slot get_availabl: id  0 | task -1 |  - checking sim = 0.620 (324/523) > 0.100
ollama-1  | slot get_availabl: id  0 | task -1 | selected slot by LCP similarity, f_sim_best = 0.620 (> 0.100 thold), f_keep = 0.370
ollama-1  | srv  get_availabl: updating prompt cache
ollama-1  | srv   prompt_save:  - saving prompt with length 875, total state size = 33.688 MiB (draft: 0.000 MiB)
ollama-1  | srv          load:  - looking for better prompt, base f_keep = 0.370, f_sim = 0.620
ollama-1  | srv          load:    - prompt with length     834, lcp =     322, f_keep = 0.386, f_sim = 0.616
ollama-1  | srv          load:    - prompt with length     819, lcp =     322, f_keep = 0.393, f_sim = 0.616
ollama-1  | srv          load:    - prompt with length     948, lcp =     322, f_keep = 0.340, f_sim = 0.616
ollama-1  | srv          load:    - prompt with length     807, lcp =     322, f_keep = 0.399, f_sim = 0.616
ollama-1  | srv          load:    - prompt with length    1137, lcp =     322, f_keep = 0.283, f_sim = 0.616
ollama-1  | srv          load:    - prompt with length     770, lcp =     322, f_keep = 0.418, f_sim = 0.616
ollama-1  | srv          load:    - prompt with length     705, lcp =     322, f_keep = 0.457, f_sim = 0.616
ollama-1  | srv          load:    - prompt with length    1002, lcp =     323, f_keep = 0.322, f_sim = 0.618
ollama-1  | srv          load:    - prompt with length    1021, lcp =     523, f_keep = 0.512, f_sim = 1.000
ollama-1  | srv          load:    - prompt with length    1340, lcp =     322, f_keep = 0.240, f_sim = 0.616
ollama-1  | srv          load:    - prompt with length     777, lcp =     322, f_keep = 0.414, f_sim = 0.616
ollama-1  | srv          load:    - prompt with length    1324, lcp =     322, f_keep = 0.243, f_sim = 0.616
ollama-1  | srv          load:    - prompt with length    1202, lcp =     322, f_keep = 0.268, f_sim = 0.616
ollama-1  | srv          load:    - prompt with length    1402, lcp =     322, f_keep = 0.230, f_sim = 0.616
ollama-1  | srv          load:    - prompt with length    1321, lcp =     322, f_keep = 0.244, f_sim = 0.616
ollama-1  | srv          load:    - prompt with length    1006, lcp =     323, f_keep = 0.321, f_sim = 0.618
ollama-1  | srv          load:    - prompt with length    1464, lcp =     322, f_keep = 0.220, f_sim = 0.616
ollama-1  | srv          load:    - prompt with length    1095, lcp =     322, f_keep = 0.294, f_sim = 0.616
ollama-1  | srv          load:    - prompt with length     831, lcp =     322, f_keep = 0.387, f_sim = 0.616
ollama-1  | srv          load:    - prompt with length     669, lcp =     323, f_keep = 0.483, f_sim = 0.618
ollama-1  | srv          load:    - prompt with length     726, lcp =     322, f_keep = 0.444, f_sim = 0.616
ollama-1  | srv          load:    - prompt with length     651, lcp =     323, f_keep = 0.496, f_sim = 0.618
ollama-1  | srv          load:    - prompt with length    1216, lcp =     322, f_keep = 0.265, f_sim = 0.616
ollama-1  | srv          load:    - prompt with length    1037, lcp =     323, f_keep = 0.311, f_sim = 0.618
ollama-1  | srv          load:    - prompt with length     865, lcp =     322, f_keep = 0.372, f_sim = 0.616
ollama-1  | srv          load:    - prompt with length     875, lcp =     324, f_keep = 0.370, f_sim = 0.620
ollama-1  | srv          load:  - found better prompt with f_keep = 0.512, f_sim = 1.000
ollama-1  | srv        update:  - cache state: 25 prompts, 1840.231 MiB (limits: 8192.000 MiB, 4096 tokens, 110502 est)
ollama-1  | srv        update:    - prompt 0x25882cd0:     834 tokens, checkpoints:  1,    46.567 MiB
ollama-1  | srv        update:    - prompt 0x2324cbb0:     819 tokens, checkpoints:  1,    48.013 MiB
ollama-1  | srv        update:    - prompt 0x2595b650:     948 tokens, checkpoints:  1,    47.568 MiB
ollama-1  | srv        update:    - prompt 0x2324cc60:     807 tokens, checkpoints:  1,    48.177 MiB
ollama-1  | srv        update:    - prompt 0x2d10a000:    1137 tokens, checkpoints:  3,    55.292 MiB
ollama-1  | srv        update:    - prompt 0x2d0dc3e0:     770 tokens, checkpoints:  4,    61.315 MiB
ollama-1  | srv        update:    - prompt 0x2324cd10:     705 tokens, checkpoints:  4,    69.442 MiB
ollama-1  | srv        update:    - prompt 0x2324d570:    1002 tokens, checkpoints:  4,    74.008 MiB
ollama-1  | srv        update:    - prompt 0x2d14c790:    1340 tokens, checkpoints:  4,    89.569 MiB
ollama-1  | srv        update:    - prompt 0x25875ca0:     777 tokens, checkpoints:  4,    65.136 MiB
ollama-1  | srv        update:    - prompt 0x25922170:    1324 tokens, checkpoints:  5,    91.586 MiB
ollama-1  | srv        update:    - prompt 0x257811a0:    1202 tokens, checkpoints:  6,    96.673 MiB
ollama-1  | srv        update:    - prompt 0x34805b10:    1402 tokens, checkpoints:  6,    95.346 MiB
ollama-1  | srv        update:    - prompt 0x25971370:    1321 tokens, checkpoints:  5,    90.718 MiB
ollama-1  | srv        update:    - prompt 0x371ccdc0:    1006 tokens, checkpoints:  4,    74.109 MiB
ollama-1  | srv        update:    - prompt 0x2fa638f0:    1464 tokens, checkpoints:  4,    92.719 MiB
ollama-1  | srv        update:    - prompt 0x2324fa40:    1095 tokens, checkpoints:  5,    88.083 MiB
ollama-1  | srv        update:    - prompt 0x371e0880:     831 tokens, checkpoints:  4,    71.295 MiB
ollama-1  | srv        update:    - prompt 0x25935fc0:     669 tokens, checkpoints:  4,    68.957 MiB
ollama-1  | srv        update:    - prompt 0x2fb34bb0:     726 tokens, checkpoints:  4,    67.699 MiB
ollama-1  | srv        update:    - prompt 0x25651a10:     651 tokens, checkpoints:  5,    75.670 MiB
ollama-1  | srv        update:    - prompt 0x2582b290:    1216 tokens, checkpoints:  3,    86.614 MiB
ollama-1  | srv        update:    - prompt 0x253dedc0:    1037 tokens, checkpoints:  3,    77.016 MiB
ollama-1  | srv        update:    - prompt 0x2586cc20:     865 tokens, checkpoints:  5,    59.479 MiB
ollama-1  | srv        update:    - prompt 0x2cca61e0:     875 tokens, checkpoints:  6,    99.179 MiB
ollama-1  | srv  get_availabl: prompt cache update took 62.07 ms
ollama-1  | slot launch_slot_: id  0 | task -1 | sampler chain: logits -> ?penalties -> ?dry -> ?top-n-sigma -> top-k -> ?typical -> top-p -> ?min-p -> ?xtc -> temp-ext -> dist 
ollama-1  | slot launch_slot_: id  0 | task -1 | sampler params: 
ollama-1  | 	repeat_last_n = 64, repeat_penalty = 1.000, frequency_penalty = 0.000, presence_penalty = 0.000
ollama-1  | 	dry_multiplier = 0.000, dry_base = 1.750, dry_allowed_length = 2, dry_penalty_last_n = 64
ollama-1  | 	top_k = 64, top_p = 0.950, min_p = 0.000, xtc_probability = 0.000, xtc_threshold = 0.100, typical_p = 1.000, top_n_sigma = -1.000, temp = 0.000
ollama-1  | 	mirostat = 0, mirostat_lr = 0.100, mirostat_ent = 5.000, adaptive_target = -1.000, adaptive_decay = 0.900
ollama-1  | slot launch_slot_: id  0 | task 40187 | processing task, is_child = 0
ollama-1  | slot   operator(): id  0 | task 40187 | new prompt, n_ctx_slot = 4096, n_keep = 4, task.n_tokens = 523
ollama-1  | slot   operator(): id  0 | task 40187 | checking checkpoint with [7, 518] against 10...
ollama-1  | slot   operator(): id  0 | task 40187 | restored context checkpoint (pos_min = 7, pos_max = 518, n_tokens = 519, n_past = 518, size = 20.006 MiB)
ollama-1  | slot   operator(): id  0 | task 40187 | cached n_tokens = 518, memory_seq_rm [518, end)
ollama-1  | slot create_check: id  0 | task 40187 | superseding context checkpoint at n_tokens = 518
ollama-1  | slot create_check: id  0 | task 40187 | created context checkpoint 3 of 32 (pos_min = 7, pos_max = 517, n_tokens = 518, size = 19.967 MiB)
ollama-1  | slot   operator(): id  0 | task 40187 | cached n_tokens = 519, memory_seq_rm [519, end)
ollama-1  | slot init_sampler: id  0 | task 40187 | init sampler, took 0.05 ms, tokens: text = 523, total = 523
ollama-1  | slot create_check: id  0 | task 40187 | superseding context checkpoint at n_tokens = 519
ollama-1  | slot create_check: id  0 | task 40187 | created context checkpoint 3 of 32 (pos_min = 7, pos_max = 518, n_tokens = 519, size = 20.006 MiB)
ollama-1  | slot print_timing: id  0 | task 40187 | n_gen =    100, tg =  17.82 t/s, tg_3s =  18.00 t/s
ollama-1  | [GIN] 2026/10/07 - 07:19:34 | 200 |      19.288µs |       127.0.0.1 | HEAD     "/"
ollama-1  | [GIN] 2026/10/07 - 07:19:34 | 200 |    1.329122ms |       127.0.0.1 | GET      "/api/tags"
ollama-1  | slot print_timing: id  0 | task 40187 | n_gen =    155, tg =  17.88 t/s, tg_3s =  17.98 t/s
ollama-1  | slot print_timing: id  0 | task 40187 | n_gen =    208, tg =  17.74 t/s, tg_3s =  17.37 t/s
ollama-1  | slot print_timing: id  0 | task 40187 | n_gen =    261, tg =  17.67 t/s, tg_3s =  17.38 t/s
ollama-1  | slot print_timing: id  0 | task 40187 | n_gen =    314, tg =  17.63 t/s, tg_3s =  17.44 t/s
ollama-1  | [GIN] 2026/10/07 - 07:19:44 | 200 |      37.761µs |       127.0.0.1 | HEAD     "/"
ollama-1  | [GIN] 2026/10/07 - 07:19:44 | 200 |    1.744993ms |       127.0.0.1 | GET      "/api/tags"
ollama-1  | slot print_timing: id  0 | task 40187 | n_gen =    366, tg =  17.56 t/s, tg_3s =  17.14 t/s
ollama-1  | slot print_timing: id  0 | task 40187 | n_gen =    418, tg =  17.50 t/s, tg_3s =  17.09 t/s
ollama-1  | slot print_timing: id  0 | task 40187 | n_gen =    471, tg =  17.50 t/s, tg_3s =  17.49 t/s
ollama-1  | slot print_timing: id  0 | task 40187 | prompt eval time =     146.89 ms /     5 tokens (   29.38 ms per token,    34.04 tokens per second)
ollama-1  | slot print_timing: id  0 | task 40187 |        eval time =   28488.56 ms /   499 tokens (   57.21 ms per token,    17.48 tokens per second)
ollama-1  | slot print_timing: id  0 | task 40187 |       total time =   28635.44 ms /   504 tokens
ollama-1  | slot print_timing: id  0 | task 40187 |    graphs reused =      39997
ollama-1  | slot      release: id  0 | task 40187 | stop processing: n_tokens = 1021, truncated = 0
ollama-1  | srv  update_slots: all slots are idle
ollama-1  | [GIN] 2026/10/07 - 07:19:53 | 200 |          2m7s |      172.21.0.4 | POST     "/api/generate"
ollama-1  | srv  server_strea: conv_id= (empty=1)
ollama-1  | slot get_availabl: id  0 | task -1 |  - checking sim = 0.446 (322/722) > 0.100
ollama-1  | slot get_availabl: id  0 | task -1 | selected slot by LCP similarity, f_sim_best = 0.446 (> 0.100 thold), f_keep = 0.315
ollama-1  | srv  get_availabl: updating prompt cache
ollama-1  | srv   prompt_save:  - saving prompt with length 1021, total state size = 35.971 MiB (draft: 0.000 MiB)
ollama-1  | srv          load:  - looking for better prompt, base f_keep = 0.315, f_sim = 0.446
ollama-1  | srv          load:    - prompt with length     834, lcp =     322, f_keep = 0.386, f_sim = 0.446
ollama-1  | srv          load:    - prompt with length     819, lcp =     322, f_keep = 0.393, f_sim = 0.446
ollama-1  | srv          load:    - prompt with length     948, lcp =     322, f_keep = 0.340, f_sim = 0.446
ollama-1  | srv          load:    - prompt with length     807, lcp =     322, f_keep = 0.399, f_sim = 0.446
ollama-1  | srv          load:    - prompt with length    1137, lcp =     323, f_keep = 0.284, f_sim = 0.447
ollama-1  | srv          load:    - prompt with length     770, lcp =     322, f_keep = 0.418, f_sim = 0.446
ollama-1  | srv          load:    - prompt with length     705, lcp =     322, f_keep = 0.457, f_sim = 0.446
ollama-1  | srv          load:    - prompt with length    1002, lcp =     322, f_keep = 0.321, f_sim = 0.446
ollama-1  | srv          load:    - prompt with length    1340, lcp =     722, f_keep = 0.539, f_sim = 1.000
ollama-1  | srv          load:    - prompt with length     777, lcp =     322, f_keep = 0.414, f_sim = 0.446
ollama-1  | srv          load:    - prompt with length    1324, lcp =     322, f_keep = 0.243, f_sim = 0.446
ollama-1  | srv          load:    - prompt with length    1202, lcp =     322, f_keep = 0.268, f_sim = 0.446
ollama-1  | srv          load:    - prompt with length    1402, lcp =     322, f_keep = 0.230, f_sim = 0.446
ollama-1  | srv          load:    - prompt with length    1321, lcp =     322, f_keep = 0.244, f_sim = 0.446
ollama-1  | srv          load:    - prompt with length    1006, lcp =     322, f_keep = 0.320, f_sim = 0.446
ollama-1  | srv          load:    - prompt with length    1464, lcp =     322, f_keep = 0.220, f_sim = 0.446
ollama-1  | srv          load:    - prompt with length    1095, lcp =     322, f_keep = 0.294, f_sim = 0.446
ollama-1  | srv          load:    - prompt with length     831, lcp =     322, f_keep = 0.387, f_sim = 0.446
ollama-1  | srv          load:    - prompt with length     669, lcp =     322, f_keep = 0.481, f_sim = 0.446
ollama-1  | srv          load:    - prompt with length     726, lcp =     323, f_keep = 0.445, f_sim = 0.447
ollama-1  | srv          load:    - prompt with length     651, lcp =     322, f_keep = 0.495, f_sim = 0.446
ollama-1  | srv          load:    - prompt with length    1216, lcp =     322, f_keep = 0.265, f_sim = 0.446
ollama-1  | srv          load:    - prompt with length    1037, lcp =     322, f_keep = 0.311, f_sim = 0.446
ollama-1  | srv          load:    - prompt with length     865, lcp =     322, f_keep = 0.372, f_sim = 0.446
ollama-1  | srv          load:    - prompt with length     875, lcp =     322, f_keep = 0.368, f_sim = 0.446
ollama-1  | srv          load:    - prompt with length    1021, lcp =     322, f_keep = 0.315, f_sim = 0.446
ollama-1  | srv          load:  - found better prompt with f_keep = 0.539, f_sim = 1.000
ollama-1  | srv        update:  - cache state: 25 prompts, 1827.037 MiB (limits: 8192.000 MiB, 4096 tokens, 109870 est)
ollama-1  | srv        update:    - prompt 0x25882cd0:     834 tokens, checkpoints:  1,    46.567 MiB
ollama-1  | srv        update:    - prompt 0x2324cbb0:     819 tokens, checkpoints:  1,    48.013 MiB
ollama-1  | srv        update:    - prompt 0x2595b650:     948 tokens, checkpoints:  1,    47.568 MiB
ollama-1  | srv        update:    - prompt 0x2324cc60:     807 tokens, checkpoints:  1,    48.177 MiB
ollama-1  | srv        update:    - prompt 0x2d10a000:    1137 tokens, checkpoints:  3,    55.292 MiB
ollama-1  | srv        update:    - prompt 0x2d0dc3e0:     770 tokens, checkpoints:  4,    61.315 MiB
ollama-1  | srv        update:    - prompt 0x2324cd10:     705 tokens, checkpoints:  4,    69.442 MiB
ollama-1  | srv        update:    - prompt 0x2324d570:    1002 tokens, checkpoints:  4,    74.008 MiB
ollama-1  | srv        update:    - prompt 0x25875ca0:     777 tokens, checkpoints:  4,    65.136 MiB
ollama-1  | srv        update:    - prompt 0x25922170:    1324 tokens, checkpoints:  5,    91.586 MiB
ollama-1  | srv        update:    - prompt 0x257811a0:    1202 tokens, checkpoints:  6,    96.673 MiB
ollama-1  | srv        update:    - prompt 0x34805b10:    1402 tokens, checkpoints:  6,    95.346 MiB
ollama-1  | srv        update:    - prompt 0x25971370:    1321 tokens, checkpoints:  5,    90.718 MiB
ollama-1  | srv        update:    - prompt 0x371ccdc0:    1006 tokens, checkpoints:  4,    74.109 MiB
ollama-1  | srv        update:    - prompt 0x2fa638f0:    1464 tokens, checkpoints:  4,    92.719 MiB
ollama-1  | srv        update:    - prompt 0x2324fa40:    1095 tokens, checkpoints:  5,    88.083 MiB
ollama-1  | srv        update:    - prompt 0x371e0880:     831 tokens, checkpoints:  4,    71.295 MiB
ollama-1  | srv        update:    - prompt 0x25935fc0:     669 tokens, checkpoints:  4,    68.957 MiB
ollama-1  | srv        update:    - prompt 0x2fb34bb0:     726 tokens, checkpoints:  4,    67.699 MiB
ollama-1  | srv        update:    - prompt 0x25651a10:     651 tokens, checkpoints:  5,    75.670 MiB
ollama-1  | srv        update:    - prompt 0x2582b290:    1216 tokens, checkpoints:  3,    86.614 MiB
ollama-1  | srv        update:    - prompt 0x253dedc0:    1037 tokens, checkpoints:  3,    77.016 MiB
ollama-1  | srv        update:    - prompt 0x2586cc20:     865 tokens, checkpoints:  5,    59.479 MiB
ollama-1  | srv        update:    - prompt 0x2cca61e0:     875 tokens, checkpoints:  6,    99.179 MiB
ollama-1  | srv        update:    - prompt 0x256395b0:    1021 tokens, checkpoints:  3,    76.375 MiB
ollama-1  | srv  get_availabl: prompt cache update took 39.36 ms
ollama-1  | slot launch_slot_: id  0 | task -1 | sampler chain: logits -> ?penalties -> ?dry -> ?top-n-sigma -> top-k -> ?typical -> top-p -> ?min-p -> ?xtc -> temp-ext -> dist 
ollama-1  | slot launch_slot_: id  0 | task -1 | sampler params: 
ollama-1  | 	repeat_last_n = 64, repeat_penalty = 1.000, frequency_penalty = 0.000, presence_penalty = 0.000
ollama-1  | 	dry_multiplier = 0.000, dry_base = 1.750, dry_allowed_length = 2, dry_penalty_last_n = 64
ollama-1  | 	top_k = 64, top_p = 0.950, min_p = 0.000, xtc_probability = 0.000, xtc_threshold = 0.100, typical_p = 1.000, top_n_sigma = -1.000, temp = 0.000
ollama-1  | 	mirostat = 0, mirostat_lr = 0.100, mirostat_ent = 5.000, adaptive_target = -1.000, adaptive_decay = 0.900
ollama-1  | slot launch_slot_: id  0 | task 40688 | processing task, is_child = 0
ollama-1  | slot   operator(): id  0 | task 40688 | new prompt, n_ctx_slot = 4096, n_keep = 4, task.n_tokens = 722
ollama-1  | slot   operator(): id  0 | task 40688 | checking checkpoint with [206, 717] against 209...
ollama-1  | slot   operator(): id  0 | task 40688 | restored context checkpoint (pos_min = 206, pos_max = 717, n_tokens = 718, n_past = 717, size = 20.006 MiB)
ollama-1  | slot   operator(): id  0 | task 40688 | cached n_tokens = 717, memory_seq_rm [717, end)
ollama-1  | slot create_check: id  0 | task 40688 | superseding context checkpoint at n_tokens = 717
ollama-1  | slot create_check: id  0 | task 40688 | created context checkpoint 4 of 32 (pos_min = 206, pos_max = 716, n_tokens = 717, size = 19.967 MiB)
ollama-1  | slot   operator(): id  0 | task 40688 | cached n_tokens = 718, memory_seq_rm [718, end)
ollama-1  | slot init_sampler: id  0 | task 40688 | init sampler, took 0.09 ms, tokens: text = 722, total = 722
ollama-1  | slot create_check: id  0 | task 40688 | superseding context checkpoint at n_tokens = 718
ollama-1  | slot create_check: id  0 | task 40688 | created context checkpoint 4 of 32 (pos_min = 206, pos_max = 717, n_tokens = 718, size = 20.006 MiB)
ollama-1  | [GIN] 2026/10/07 - 07:19:54 | 200 |      33.194µs |       127.0.0.1 | HEAD     "/"
ollama-1  | [GIN] 2026/10/07 - 07:19:54 | 200 |    1.409078ms |       127.0.0.1 | GET      "/api/tags"
ollama-1  | slot print_timing: id  0 | task 40688 | n_gen =    100, tg =  17.34 t/s, tg_3s =  17.51 t/s
ollama-1  | slot print_timing: id  0 | task 40688 | n_gen =    152, tg =  17.32 t/s, tg_3s =  17.28 t/s
ollama-1  | [GIN] 2026/10/07 - 07:20:04 | 200 |      31.185µs |       127.0.0.1 | HEAD     "/"
ollama-1  | [GIN] 2026/10/07 - 07:20:04 | 200 |     917.725µs |       127.0.0.1 | GET      "/api/tags"
ollama-1  | slot print_timing: id  0 | task 40688 | n_gen =    205, tg =  17.34 t/s, tg_3s =  17.39 t/s
ollama-1  | slot print_timing: id  0 | task 40688 | n_gen =    258, tg =  17.36 t/s, tg_3s =  17.46 t/s
ollama-1  | slot print_timing: id  0 | task 40688 | n_gen =    311, tg =  17.38 t/s, tg_3s =  17.47 t/s
ollama-1  | [GIN] 2026/10/07 - 07:20:14 | 200 |      30.923µs |       127.0.0.1 | HEAD     "/"
ollama-1  | [GIN] 2026/10/07 - 07:20:14 | 200 |     1.25829ms |       127.0.0.1 | GET      "/api/tags"
ollama-1  | slot print_timing: id  0 | task 40688 | n_gen =    364, tg =  17.39 t/s, tg_3s =  17.42 t/s
ollama-1  | slot print_timing: id  0 | task 40688 | n_gen =    416, tg =  17.34 t/s, tg_3s =  17.05 t/s
ollama-1  | slot print_timing: id  0 | task 40688 | n_gen =    470, tg =  17.40 t/s, tg_3s =  17.82 t/s
ollama-1  | slot print_timing: id  0 | task 40688 | n_gen =    523, tg =  17.41 t/s, tg_3s =  17.50 t/s
ollama-1  | [GIN] 2026/10/07 - 07:20:24 | 200 |      37.545µs |       127.0.0.1 | HEAD     "/"
ollama-1  | [GIN] 2026/10/07 - 07:20:24 | 200 |    1.425732ms |       127.0.0.1 | GET      "/api/tags"
ollama-1  | slot print_timing: id  0 | task 40688 | n_gen =    575, tg =  17.40 t/s, tg_3s =  17.31 t/s
ollama-1  | slot print_timing: id  0 | task 40688 | prompt eval time =     135.45 ms /     5 tokens (   27.09 ms per token,    36.91 tokens per second)
ollama-1  | slot print_timing: id  0 | task 40688 |        eval time =   35572.99 ms /   619 tokens (   57.56 ms per token,    17.37 tokens per second)
ollama-1  | slot print_timing: id  0 | task 40688 |       total time =   35708.44 ms /   624 tokens
ollama-1  | slot print_timing: id  0 | task 40688 |    graphs reused =      40610
ollama-1  | slot      release: id  0 | task 40688 | stop processing: n_tokens = 1340, truncated = 0
ollama-1  | srv  update_slots: all slots are idle
ollama-1  | [GIN] 2026/10/07 - 07:20:29 | 200 |         2m36s |      172.21.0.4 | POST     "/api/generate"
ollama-1  | srv  server_strea: conv_id= (empty=1)
ollama-1  | slot get_availabl: id  0 | task -1 |  - checking sim = 0.611 (322/527) > 0.100
ollama-1  | slot get_availabl: id  0 | task -1 | selected slot by LCP similarity, f_sim_best = 0.611 (> 0.100 thold), f_keep = 0.240
ollama-1  | srv  get_availabl: updating prompt cache
ollama-1  | srv   prompt_save:  - saving prompt with length 1340, total state size = 40.959 MiB (draft: 0.000 MiB)
ollama-1  | srv          load:  - looking for better prompt, base f_keep = 0.240, f_sim = 0.611
ollama-1  | srv          load:    - prompt with length     834, lcp =     322, f_keep = 0.386, f_sim = 0.611
ollama-1  | srv          load:    - prompt with length     819, lcp =     322, f_keep = 0.393, f_sim = 0.611
ollama-1  | srv          load:    - prompt with length     948, lcp =     322, f_keep = 0.340, f_sim = 0.611
ollama-1  | srv          load:    - prompt with length     807, lcp =     322, f_keep = 0.399, f_sim = 0.611
ollama-1  | srv          load:    - prompt with length    1137, lcp =     322, f_keep = 0.283, f_sim = 0.611
ollama-1  | srv          load:    - prompt with length     770, lcp =     322, f_keep = 0.418, f_sim = 0.611
ollama-1  | srv          load:    - prompt with length     705, lcp =     322, f_keep = 0.457, f_sim = 0.611
ollama-1  | srv          load:    - prompt with length    1002, lcp =     322, f_keep = 0.321, f_sim = 0.611
ollama-1  | srv          load:    - prompt with length     777, lcp =     322, f_keep = 0.414, f_sim = 0.611
ollama-1  | srv          load:    - prompt with length    1324, lcp =     322, f_keep = 0.243, f_sim = 0.611
ollama-1  | srv          load:    - prompt with length    1202, lcp =     322, f_keep = 0.268, f_sim = 0.611
ollama-1  | srv          load:    - prompt with length    1402, lcp =     322, f_keep = 0.230, f_sim = 0.611
ollama-1  | srv          load:    - prompt with length    1321, lcp =     322, f_keep = 0.244, f_sim = 0.611
ollama-1  | srv          load:    - prompt with length    1006, lcp =     322, f_keep = 0.320, f_sim = 0.611
ollama-1  | srv          load:    - prompt with length    1464, lcp =     322, f_keep = 0.220, f_sim = 0.611
ollama-1  | srv          load:    - prompt with length    1095, lcp =     322, f_keep = 0.294, f_sim = 0.611
ollama-1  | srv          load:    - prompt with length     831, lcp =     322, f_keep = 0.387, f_sim = 0.611
ollama-1  | srv          load:    - prompt with length     669, lcp =     322, f_keep = 0.481, f_sim = 0.611
ollama-1  | srv          load:    - prompt with length     726, lcp =     322, f_keep = 0.444, f_sim = 0.611
ollama-1  | srv          load:    - prompt with length     651, lcp =     322, f_keep = 0.495, f_sim = 0.611
ollama-1  | srv          load:    - prompt with length    1216, lcp =     322, f_keep = 0.265, f_sim = 0.611
ollama-1  | srv          load:    - prompt with length    1037, lcp =     322, f_keep = 0.311, f_sim = 0.611
ollama-1  | srv          load:    - prompt with length     865, lcp =     323, f_keep = 0.373, f_sim = 0.613
ollama-1  | srv          load:    - prompt with length     875, lcp =     322, f_keep = 0.368, f_sim = 0.611
ollama-1  | srv          load:    - prompt with length    1021, lcp =     322, f_keep = 0.315, f_sim = 0.611
ollama-1  | srv          load:    - prompt with length    1340, lcp =     322, f_keep = 0.240, f_sim = 0.611
ollama-1  | srv          load:  - found better prompt with f_keep = 0.373, f_sim = 0.613
ollama-1  | srv        update:  - cache state: 25 prompts, 1857.127 MiB (limits: 8192.000 MiB, 4096 tokens, 110185 est)
ollama-1  | srv        update:    - prompt 0x25882cd0:     834 tokens, checkpoints:  1,    46.567 MiB
ollama-1  | srv        update:    - prompt 0x2324cbb0:     819 tokens, checkpoints:  1,    48.013 MiB
ollama-1  | srv        update:    - prompt 0x2595b650:     948 tokens, checkpoints:  1,    47.568 MiB
ollama-1  | srv        update:    - prompt 0x2324cc60:     807 tokens, checkpoints:  1,    48.177 MiB
ollama-1  | srv        update:    - prompt 0x2d10a000:    1137 tokens, checkpoints:  3,    55.292 MiB
ollama-1  | srv        update:    - prompt 0x2d0dc3e0:     770 tokens, checkpoints:  4,    61.315 MiB
ollama-1  | srv        update:    - prompt 0x2324cd10:     705 tokens, checkpoints:  4,    69.442 MiB
ollama-1  | srv        update:    - prompt 0x2324d570:    1002 tokens, checkpoints:  4,    74.008 MiB
ollama-1  | srv        update:    - prompt 0x25875ca0:     777 tokens, checkpoints:  4,    65.136 MiB
ollama-1  | srv        update:    - prompt 0x25922170:    1324 tokens, checkpoints:  5,    91.586 MiB
ollama-1  | srv        update:    - prompt 0x257811a0:    1202 tokens, checkpoints:  6,    96.673 MiB
ollama-1  | srv        update:    - prompt 0x34805b10:    1402 tokens, checkpoints:  6,    95.346 MiB
ollama-1  | srv        update:    - prompt 0x25971370:    1321 tokens, checkpoints:  5,    90.718 MiB
ollama-1  | srv        update:    - prompt 0x371ccdc0:    1006 tokens, checkpoints:  4,    74.109 MiB
ollama-1  | srv        update:    - prompt 0x2fa638f0:    1464 tokens, checkpoints:  4,    92.719 MiB
ollama-1  | srv        update:    - prompt 0x2324fa40:    1095 tokens, checkpoints:  5,    88.083 MiB
ollama-1  | srv        update:    - prompt 0x371e0880:     831 tokens, checkpoints:  4,    71.295 MiB
ollama-1  | srv        update:    - prompt 0x25935fc0:     669 tokens, checkpoints:  4,    68.957 MiB
ollama-1  | srv        update:    - prompt 0x2fb34bb0:     726 tokens, checkpoints:  4,    67.699 MiB
ollama-1  | srv        update:    - prompt 0x25651a10:     651 tokens, checkpoints:  5,    75.670 MiB
ollama-1  | srv        update:    - prompt 0x2582b290:    1216 tokens, checkpoints:  3,    86.614 MiB
ollama-1  | srv        update:    - prompt 0x253dedc0:    1037 tokens, checkpoints:  3,    77.016 MiB
ollama-1  | srv        update:    - prompt 0x2cca61e0:     875 tokens, checkpoints:  6,    99.179 MiB
ollama-1  | srv        update:    - prompt 0x256395b0:    1021 tokens, checkpoints:  3,    76.375 MiB
ollama-1  | srv        update:    - prompt 0x2fd601d0:    1340 tokens, checkpoints:  4,    89.569 MiB
ollama-1  | srv  get_availabl: prompt cache update took 36.77 ms
ollama-1  | slot launch_slot_: id  0 | task -1 | sampler chain: logits -> ?penalties -> ?dry -> ?top-n-sigma -> top-k -> ?typical -> top-p -> ?min-p -> ?xtc -> temp-ext -> dist 
ollama-1  | slot launch_slot_: id  0 | task -1 | sampler params: 
ollama-1  | 	repeat_last_n = 64, repeat_penalty = 1.000, frequency_penalty = 0.000, presence_penalty = 0.000
ollama-1  | 	dry_multiplier = 0.000, dry_base = 1.750, dry_allowed_length = 2, dry_penalty_last_n = 64
ollama-1  | 	top_k = 64, top_p = 0.950, min_p = 0.000, xtc_probability = 0.000, xtc_threshold = 0.100, typical_p = 1.000, top_n_sigma = -1.000, temp = 0.000
ollama-1  | 	mirostat = 0, mirostat_lr = 0.100, mirostat_ent = 5.000, adaptive_target = -1.000, adaptive_decay = 0.900
ollama-1  | slot launch_slot_: id  0 | task 41309 | processing task, is_child = 0
ollama-1  | slot   operator(): id  0 | task 41309 | new prompt, n_ctx_slot = 4096, n_keep = 4, task.n_tokens = 527
ollama-1  | slot   operator(): id  0 | task 41309 | checking checkpoint with [0, 411] against 0...
ollama-1  | slot   operator(): id  0 | task 41309 | checking checkpoint with [0, 77] against 0...
ollama-1  | slot   operator(): id  0 | task 41309 | restored context checkpoint (pos_min = 0, pos_max = 77, n_tokens = 78, n_past = 77, size = 3.048 MiB)
ollama-1  | slot   operator(): id  0 | task 41309 | erased invalidated context checkpoint (pos_min = 0, pos_max = 78, n_tokens = 79, n_swa = 512, pos_next = 77, size = 3.087 MiB)
ollama-1  | slot   operator(): id  0 | task 41309 | erased invalidated context checkpoint (pos_min = 0, pos_max = 411, n_tokens = 412, n_swa = 512, pos_next = 77, size = 16.099 MiB)
ollama-1  | slot   operator(): id  0 | task 41309 | cached n_tokens = 77, memory_seq_rm [77, end)
ollama-1  | slot create_check: id  0 | task 41309 | created context checkpoint 4 of 32 (pos_min = 0, pos_max = 76, n_tokens = 77, size = 3.009 MiB)
ollama-1  | slot print_timing: id  0 | task 41309 | prompt processing, n_tokens =    446, progress = 0.99, t =   3.98 s / 111.97 tokens per second
ollama-1  | slot   operator(): id  0 | task 41309 | cached n_tokens = 523, memory_seq_rm [523, end)
ollama-1  | slot init_sampler: id  0 | task 41309 | init sampler, took 0.07 ms, tokens: text = 527, total = 527
ollama-1  | slot create_check: id  0 | task 41309 | created context checkpoint 5 of 32 (pos_min = 0, pos_max = 522, n_tokens = 523, size = 20.006 MiB)
ollama-1  | [GIN] 2026/10/07 - 07:20:34 | 200 |      28.966µs |       127.0.0.1 | HEAD     "/"
ollama-1  | [GIN] 2026/10/07 - 07:20:34 | 200 |    1.333502ms |       127.0.0.1 | GET      "/api/tags"
ollama-1  | slot print_timing: id  0 | task 41309 | n_gen =    100, tg =  17.58 t/s, tg_3s =  17.76 t/s
ollama-1  | slot print_timing: id  0 | task 41309 | n_gen =    153, tg =  17.57 t/s, tg_3s =  17.55 t/s
ollama-1  | [GIN] 2026/10/07 - 07:20:44 | 200 |      27.689µs |       127.0.0.1 | HEAD     "/"
ollama-1  | [GIN] 2026/10/07 - 07:20:44 | 200 |    1.396647ms |       127.0.0.1 | GET      "/api/tags"
ollama-1  | slot print_timing: id  0 | task 41309 | n_gen =    206, tg =  17.56 t/s, tg_3s =  17.51 t/s
ollama-1  | slot print_timing: id  0 | task 41309 | n_gen =    258, tg =  17.51 t/s, tg_3s =  17.33 t/s
ollama-1  | slot print_timing: id  0 | task 41309 | n_gen =    311, tg =  17.53 t/s, tg_3s =  17.62 t/s
ollama-1  | slot print_timing: id  0 | task 41309 | n_gen =    364, tg =  17.54 t/s, tg_3s =  17.58 t/s
ollama-1  | [GIN] 2026/10/07 - 07:20:54 | 200 |      45.265µs |       127.0.0.1 | HEAD     "/"
ollama-1  | [GIN] 2026/10/07 - 07:20:54 | 200 |    1.716815ms |       127.0.0.1 | GET      "/api/tags"
ollama-1  | slot print_timing: id  0 | task 41309 | prompt eval time =    4063.59 ms /   450 tokens (    9.03 ms per token,   110.74 tokens per second)
ollama-1  | slot print_timing: id  0 | task 41309 |        eval time =   23259.79 ms /   408 tokens (   57.15 ms per token,    17.50 tokens per second)
ollama-1  | slot print_timing: id  0 | task 41309 |       total time =   27323.38 ms /   858 tokens
ollama-1  | slot print_timing: id  0 | task 41309 |    graphs reused =      41015
ollama-1  | slot      release: id  0 | task 41309 | stop processing: n_tokens = 934, truncated = 0
ollama-1  | srv  update_slots: all slots are idle
ollama-1  | [GIN] 2026/10/07 - 07:20:56 | 200 |          3m2s |      172.21.0.4 | POST     "/api/generate"
ollama-1  | srv  server_strea: conv_id= (empty=1)
ollama-1  | slot get_availabl: id  0 | task -1 |  - checking sim = 0.789 (322/408) > 0.100
ollama-1  | slot get_availabl: id  0 | task -1 | selected slot by LCP similarity, f_sim_best = 0.789 (> 0.100 thold), f_keep = 0.345
ollama-1  | srv  get_availabl: updating prompt cache
ollama-1  | srv   prompt_save:  - saving prompt with length 934, total state size = 34.611 MiB (draft: 0.000 MiB)
ollama-1  | srv          load:  - looking for better prompt, base f_keep = 0.345, f_sim = 0.789
ollama-1  | srv          load:    - prompt with length     834, lcp =     322, f_keep = 0.386, f_sim = 0.789
ollama-1  | srv          load:    - prompt with length     819, lcp =     322, f_keep = 0.393, f_sim = 0.789
ollama-1  | srv          load:    - prompt with length     948, lcp =     322, f_keep = 0.340, f_sim = 0.789
ollama-1  | srv          load:    - prompt with length     807, lcp =     322, f_keep = 0.399, f_sim = 0.789
ollama-1  | srv          load:    - prompt with length    1137, lcp =     322, f_keep = 0.283, f_sim = 0.789
ollama-1  | srv          load:    - prompt with length     770, lcp =     322, f_keep = 0.418, f_sim = 0.789
ollama-1  | srv          load:    - prompt with length     705, lcp =     322, f_keep = 0.457, f_sim = 0.789
ollama-1  | srv          load:    - prompt with length    1002, lcp =     322, f_keep = 0.321, f_sim = 0.789
ollama-1  | srv          load:    - prompt with length     777, lcp =     408, f_keep = 0.525, f_sim = 1.000
ollama-1  | srv          load:    - prompt with length    1324, lcp =     322, f_keep = 0.243, f_sim = 0.789
ollama-1  | srv          load:    - prompt with length    1202, lcp =     322, f_keep = 0.268, f_sim = 0.789
ollama-1  | srv          load:    - prompt with length    1402, lcp =     322, f_keep = 0.230, f_sim = 0.789
ollama-1  | srv          load:    - prompt with length    1321, lcp =     322, f_keep = 0.244, f_sim = 0.789
ollama-1  | srv          load:    - prompt with length    1006, lcp =     322, f_keep = 0.320, f_sim = 0.789
ollama-1  | srv          load:    - prompt with length    1464, lcp =     322, f_keep = 0.220, f_sim = 0.789
ollama-1  | srv          load:    - prompt with length    1095, lcp =     322, f_keep = 0.294, f_sim = 0.789
ollama-1  | srv          load:    - prompt with length     831, lcp =     322, f_keep = 0.387, f_sim = 0.789
ollama-1  | srv          load:    - prompt with length     669, lcp =     322, f_keep = 0.481, f_sim = 0.789
ollama-1  | srv          load:    - prompt with length     726, lcp =     322, f_keep = 0.444, f_sim = 0.789
ollama-1  | srv          load:    - prompt with length     651, lcp =     322, f_keep = 0.495, f_sim = 0.789
ollama-1  | srv          load:    - prompt with length    1216, lcp =     322, f_keep = 0.265, f_sim = 0.789
ollama-1  | srv          load:    - prompt with length    1037, lcp =     322, f_keep = 0.311, f_sim = 0.789
ollama-1  | srv          load:    - prompt with length     875, lcp =     322, f_keep = 0.368, f_sim = 0.789
ollama-1  | srv          load:    - prompt with length    1021, lcp =     322, f_keep = 0.315, f_sim = 0.789
ollama-1  | srv          load:    - prompt with length    1340, lcp =     322, f_keep = 0.240, f_sim = 0.789
ollama-1  | srv          load:    - prompt with length     934, lcp =     322, f_keep = 0.345, f_sim = 0.789
ollama-1  | srv          load:  - found better prompt with f_keep = 0.525, f_sim = 1.000
ollama-1  | srv        update:  - cache state: 25 prompts, 1856.378 MiB (limits: 8192.000 MiB, 4096 tokens, 110922 est)
ollama-1  | srv        update:    - prompt 0x25882cd0:     834 tokens, checkpoints:  1,    46.567 MiB
ollama-1  | srv        update:    - prompt 0x2324cbb0:     819 tokens, checkpoints:  1,    48.013 MiB
ollama-1  | srv        update:    - prompt 0x2595b650:     948 tokens, checkpoints:  1,    47.568 MiB
ollama-1  | srv        update:    - prompt 0x2324cc60:     807 tokens, checkpoints:  1,    48.177 MiB
ollama-1  | srv        update:    - prompt 0x2d10a000:    1137 tokens, checkpoints:  3,    55.292 MiB
ollama-1  | srv        update:    - prompt 0x2d0dc3e0:     770 tokens, checkpoints:  4,    61.315 MiB
ollama-1  | srv        update:    - prompt 0x2324cd10:     705 tokens, checkpoints:  4,    69.442 MiB
ollama-1  | srv        update:    - prompt 0x2324d570:    1002 tokens, checkpoints:  4,    74.008 MiB
ollama-1  | srv        update:    - prompt 0x25922170:    1324 tokens, checkpoints:  5,    91.586 MiB
ollama-1  | srv        update:    - prompt 0x257811a0:    1202 tokens, checkpoints:  6,    96.673 MiB
ollama-1  | srv        update:    - prompt 0x34805b10:    1402 tokens, checkpoints:  6,    95.346 MiB
ollama-1  | srv        update:    - prompt 0x25971370:    1321 tokens, checkpoints:  5,    90.718 MiB
ollama-1  | srv        update:    - prompt 0x371ccdc0:    1006 tokens, checkpoints:  4,    74.109 MiB
ollama-1  | srv        update:    - prompt 0x2fa638f0:    1464 tokens, checkpoints:  4,    92.719 MiB
ollama-1  | srv        update:    - prompt 0x2324fa40:    1095 tokens, checkpoints:  5,    88.083 MiB
ollama-1  | srv        update:    - prompt 0x371e0880:     831 tokens, checkpoints:  4,    71.295 MiB
ollama-1  | srv        update:    - prompt 0x25935fc0:     669 tokens, checkpoints:  4,    68.957 MiB
ollama-1  | srv        update:    - prompt 0x2fb34bb0:     726 tokens, checkpoints:  4,    67.699 MiB
ollama-1  | srv        update:    - prompt 0x25651a10:     651 tokens, checkpoints:  5,    75.670 MiB
ollama-1  | srv        update:    - prompt 0x2582b290:    1216 tokens, checkpoints:  3,    86.614 MiB
ollama-1  | srv        update:    - prompt 0x253dedc0:    1037 tokens, checkpoints:  3,    77.016 MiB
ollama-1  | srv        update:    - prompt 0x2cca61e0:     875 tokens, checkpoints:  6,    99.179 MiB
ollama-1  | srv        update:    - prompt 0x256395b0:    1021 tokens, checkpoints:  3,    76.375 MiB
ollama-1  | srv        update:    - prompt 0x2fd601d0:    1340 tokens, checkpoints:  4,    89.569 MiB
ollama-1  | srv        update:    - prompt 0x2d14c790:     934 tokens, checkpoints:  5,    64.388 MiB
ollama-1  | srv  get_availabl: prompt cache update took 18.39 ms
ollama-1  | slot launch_slot_: id  0 | task -1 | sampler chain: logits -> ?penalties -> ?dry -> ?top-n-sigma -> top-k -> ?typical -> top-p -> ?min-p -> ?xtc -> temp-ext -> dist 
ollama-1  | slot launch_slot_: id  0 | task -1 | sampler params: 
ollama-1  | 	repeat_last_n = 64, repeat_penalty = 1.000, frequency_penalty = 0.000, presence_penalty = 0.000
ollama-1  | 	dry_multiplier = 0.000, dry_base = 1.750, dry_allowed_length = 2, dry_penalty_last_n = 64
ollama-1  | 	top_k = 64, top_p = 0.950, min_p = 0.000, xtc_probability = 0.000, xtc_threshold = 0.100, typical_p = 1.000, top_n_sigma = -1.000, temp = 0.000
ollama-1  | 	mirostat = 0, mirostat_lr = 0.100, mirostat_ent = 5.000, adaptive_target = -1.000, adaptive_decay = 0.900
ollama-1  | slot launch_slot_: id  0 | task 41719 | processing task, is_child = 0
ollama-1  | slot   operator(): id  0 | task 41719 | new prompt, n_ctx_slot = 4096, n_keep = 4, task.n_tokens = 408
ollama-1  | slot   operator(): id  0 | task 41719 | checking checkpoint with [0, 403] against 0...
ollama-1  | slot   operator(): id  0 | task 41719 | restored context checkpoint (pos_min = 0, pos_max = 403, n_tokens = 404, n_past = 403, size = 15.786 MiB)
ollama-1  | slot   operator(): id  0 | task 41719 | cached n_tokens = 403, memory_seq_rm [403, end)
ollama-1  | slot create_check: id  0 | task 41719 | superseding context checkpoint at n_tokens = 403
ollama-1  | slot create_check: id  0 | task 41719 | created context checkpoint 4 of 32 (pos_min = 0, pos_max = 402, n_tokens = 403, size = 15.747 MiB)
ollama-1  | slot   operator(): id  0 | task 41719 | cached n_tokens = 404, memory_seq_rm [404, end)
ollama-1  | slot init_sampler: id  0 | task 41719 | init sampler, took 0.05 ms, tokens: text = 408, total = 408
ollama-1  | slot create_check: id  0 | task 41719 | superseding context checkpoint at n_tokens = 404
ollama-1  | slot create_check: id  0 | task 41719 | created context checkpoint 4 of 32 (pos_min = 0, pos_max = 403, n_tokens = 404, size = 15.786 MiB)
ollama-1  | slot print_timing: id  0 | task 41719 | n_gen =    100, tg =  17.79 t/s, tg_3s =  17.97 t/s
ollama-1  | [GIN] 2026/10/07 - 07:21:04 | 200 |      37.813µs |       127.0.0.1 | HEAD     "/"
ollama-1  | [GIN] 2026/10/07 - 07:21:04 | 200 |    1.396727ms |       127.0.0.1 | GET      "/api/tags"
ollama-1  | slot print_timing: id  0 | task 41719 | n_gen =    154, tg =  17.81 t/s, tg_3s =  17.85 t/s
ollama-1  | slot print_timing: id  0 | task 41719 | n_gen =    207, tg =  17.72 t/s, tg_3s =  17.46 t/s
ollama-1  | slot print_timing: id  0 | task 41719 | n_gen =    260, tg =  17.67 t/s, tg_3s =  17.50 t/s
ollama-1  | slot print_timing: id  0 | task 41719 | n_gen =    314, tg =  17.69 t/s, tg_3s =  17.75 t/s
ollama-1  | [GIN] 2026/10/07 - 07:21:14 | 200 |      29.514µs |       127.0.0.1 | HEAD     "/"
ollama-1  | [GIN] 2026/10/07 - 07:21:14 | 200 |     914.749µs |       127.0.0.1 | GET      "/api/tags"
ollama-1  | slot print_timing: id  0 | task 41719 | n_gen =    366, tg =  17.61 t/s, tg_3s =  17.15 t/s
ollama-1  | slot print_timing: id  0 | task 41719 | prompt eval time =     135.77 ms /     5 tokens (   27.15 ms per token,    36.83 tokens per second)
ollama-1  | slot print_timing: id  0 | task 41719 |        eval time =   20962.70 ms /   370 tokens (   56.81 ms per token,    17.60 tokens per second)
ollama-1  | slot print_timing: id  0 | task 41719 |       total time =   21098.47 ms /   375 tokens
ollama-1  | slot print_timing: id  0 | task 41719 |    graphs reused =      41381
ollama-1  | slot      release: id  0 | task 41719 | stop processing: n_tokens = 777, truncated = 0
ollama-1  | srv  update_slots: all slots are idle
ollama-1  | [GIN] 2026/10/07 - 07:21:17 | 200 |         3m23s |      172.21.0.4 | POST     "/api/generate"
ollama-1  | srv  server_strea: conv_id= (empty=1)
ollama-1  | slot get_availabl: id  0 | task -1 |  - checking sim = 0.772 (322/417) > 0.100
ollama-1  | slot get_availabl: id  0 | task -1 | selected slot by LCP similarity, f_sim_best = 0.772 (> 0.100 thold), f_keep = 0.414
ollama-1  | srv  get_availabl: updating prompt cache
ollama-1  | srv   prompt_save:  - saving prompt with length 777, total state size = 32.156 MiB (draft: 0.000 MiB)
ollama-1  | srv          load:  - looking for better prompt, base f_keep = 0.414, f_sim = 0.772
ollama-1  | srv          load:    - prompt with length     834, lcp =     322, f_keep = 0.386, f_sim = 0.772
ollama-1  | srv          load:    - prompt with length     819, lcp =     322, f_keep = 0.393, f_sim = 0.772
ollama-1  | srv          load:    - prompt with length     948, lcp =     322, f_keep = 0.340, f_sim = 0.772
ollama-1  | srv          load:    - prompt with length     807, lcp =     322, f_keep = 0.399, f_sim = 0.772
ollama-1  | srv          load:    - prompt with length    1137, lcp =     417, f_keep = 0.367, f_sim = 1.000
ollama-1  | srv          load:    - prompt with length     770, lcp =     322, f_keep = 0.418, f_sim = 0.772
ollama-1  | srv          load:    - prompt with length     705, lcp =     322, f_keep = 0.457, f_sim = 0.772
ollama-1  | srv          load:    - prompt with length    1002, lcp =     322, f_keep = 0.321, f_sim = 0.772
ollama-1  | srv          load:    - prompt with length    1324, lcp =     322, f_keep = 0.243, f_sim = 0.772
ollama-1  | srv          load:    - prompt with length    1202, lcp =     322, f_keep = 0.268, f_sim = 0.772
ollama-1  | srv          load:    - prompt with length    1402, lcp =     322, f_keep = 0.230, f_sim = 0.772
ollama-1  | srv          load:    - prompt with length    1321, lcp =     322, f_keep = 0.244, f_sim = 0.772
ollama-1  | srv          load:    - prompt with length    1006, lcp =     322, f_keep = 0.320, f_sim = 0.772
ollama-1  | srv          load:    - prompt with length    1464, lcp =     322, f_keep = 0.220, f_sim = 0.772
ollama-1  | srv          load:    - prompt with length    1095, lcp =     322, f_keep = 0.294, f_sim = 0.772
ollama-1  | srv          load:    - prompt with length     831, lcp =     322, f_keep = 0.387, f_sim = 0.772
ollama-1  | srv          load:    - prompt with length     669, lcp =     322, f_keep = 0.481, f_sim = 0.772
ollama-1  | srv          load:    - prompt with length     726, lcp =     323, f_keep = 0.445, f_sim = 0.775
ollama-1  | srv          load:    - prompt with length     651, lcp =     322, f_keep = 0.495, f_sim = 0.772
ollama-1  | srv          load:    - prompt with length    1216, lcp =     322, f_keep = 0.265, f_sim = 0.772
ollama-1  | srv          load:    - prompt with length    1037, lcp =     322, f_keep = 0.311, f_sim = 0.772
ollama-1  | srv          load:    - prompt with length     875, lcp =     322, f_keep = 0.368, f_sim = 0.772
ollama-1  | srv          load:    - prompt with length    1021, lcp =     322, f_keep = 0.315, f_sim = 0.772
ollama-1  | srv          load:    - prompt with length    1340, lcp =     323, f_keep = 0.241, f_sim = 0.775
ollama-1  | srv          load:    - prompt with length     934, lcp =     322, f_keep = 0.345, f_sim = 0.772
ollama-1  | srv          load:    - prompt with length     777, lcp =     322, f_keep = 0.414, f_sim = 0.772
ollama-1  | srv          load:  - found better prompt with f_keep = 0.445, f_sim = 0.775
ollama-1  | srv        update:  - cache state: 25 prompts, 1853.815 MiB (limits: 8192.000 MiB, 4096 tokens, 111301 est)
ollama-1  | srv        update:    - prompt 0x25882cd0:     834 tokens, checkpoints:  1,    46.567 MiB
ollama-1  | srv        update:    - prompt 0x2324cbb0:     819 tokens, checkpoints:  1,    48.013 MiB
ollama-1  | srv        update:    - prompt 0x2595b650:     948 tokens, checkpoints:  1,    47.568 MiB
ollama-1  | srv        update:    - prompt 0x2324cc60:     807 tokens, checkpoints:  1,    48.177 MiB
ollama-1  | srv        update:    - prompt 0x2d10a000:    1137 tokens, checkpoints:  3,    55.292 MiB
ollama-1  | srv        update:    - prompt 0x2d0dc3e0:     770 tokens, checkpoints:  4,    61.315 MiB
ollama-1  | srv        update:    - prompt 0x2324cd10:     705 tokens, checkpoints:  4,    69.442 MiB
ollama-1  | srv        update:    - prompt 0x2324d570:    1002 tokens, checkpoints:  4,    74.008 MiB
ollama-1  | srv        update:    - prompt 0x25922170:    1324 tokens, checkpoints:  5,    91.586 MiB
ollama-1  | srv        update:    - prompt 0x257811a0:    1202 tokens, checkpoints:  6,    96.673 MiB
ollama-1  | srv        update:    - prompt 0x34805b10:    1402 tokens, checkpoints:  6,    95.346 MiB
ollama-1  | srv        update:    - prompt 0x25971370:    1321 tokens, checkpoints:  5,    90.718 MiB
ollama-1  | srv        update:    - prompt 0x371ccdc0:    1006 tokens, checkpoints:  4,    74.109 MiB
ollama-1  | srv        update:    - prompt 0x2fa638f0:    1464 tokens, checkpoints:  4,    92.719 MiB
ollama-1  | srv        update:    - prompt 0x2324fa40:    1095 tokens, checkpoints:  5,    88.083 MiB
ollama-1  | srv        update:    - prompt 0x371e0880:     831 tokens, checkpoints:  4,    71.295 MiB
ollama-1  | srv        update:    - prompt 0x25935fc0:     669 tokens, checkpoints:  4,    68.957 MiB
ollama-1  | srv        update:    - prompt 0x25651a10:     651 tokens, checkpoints:  5,    75.670 MiB
ollama-1  | srv        update:    - prompt 0x2582b290:    1216 tokens, checkpoints:  3,    86.614 MiB
ollama-1  | srv        update:    - prompt 0x253dedc0:    1037 tokens, checkpoints:  3,    77.016 MiB
ollama-1  | srv        update:    - prompt 0x2cca61e0:     875 tokens, checkpoints:  6,    99.179 MiB
ollama-1  | srv        update:    - prompt 0x256395b0:    1021 tokens, checkpoints:  3,    76.375 MiB
ollama-1  | srv        update:    - prompt 0x2fd601d0:    1340 tokens, checkpoints:  4,    89.569 MiB
ollama-1  | srv        update:    - prompt 0x2d14c790:     934 tokens, checkpoints:  5,    64.388 MiB
ollama-1  | srv        update:    - prompt 0x2586cc20:     777 tokens, checkpoints:  4,    65.136 MiB
ollama-1  | srv  get_availabl: prompt cache update took 21.91 ms
ollama-1  | slot launch_slot_: id  0 | task -1 | sampler chain: logits -> ?penalties -> ?dry -> ?top-n-sigma -> top-k -> ?typical -> top-p -> ?min-p -> ?xtc -> temp-ext -> dist 
ollama-1  | slot launch_slot_: id  0 | task -1 | sampler params: 
ollama-1  | 	repeat_last_n = 64, repeat_penalty = 1.000, frequency_penalty = 0.000, presence_penalty = 0.000
ollama-1  | 	dry_multiplier = 0.000, dry_base = 1.750, dry_allowed_length = 2, dry_penalty_last_n = 64
ollama-1  | 	top_k = 64, top_p = 0.950, min_p = 0.000, xtc_probability = 0.000, xtc_threshold = 0.100, typical_p = 1.000, top_n_sigma = -1.000, temp = 0.000
ollama-1  | 	mirostat = 0, mirostat_lr = 0.100, mirostat_ent = 5.000, adaptive_target = -1.000, adaptive_decay = 0.900
ollama-1  | slot launch_slot_: id  0 | task 42091 | processing task, is_child = 0
ollama-1  | slot   operator(): id  0 | task 42091 | new prompt, n_ctx_slot = 4096, n_keep = 4, task.n_tokens = 417
ollama-1  | slot   operator(): id  0 | task 42091 | checking checkpoint with [0, 474] against 0...
ollama-1  | slot   operator(): id  0 | task 42091 | checking checkpoint with [0, 216] against 0...
ollama-1  | slot   operator(): id  0 | task 42091 | restored context checkpoint (pos_min = 0, pos_max = 216, n_tokens = 217, n_past = 216, size = 8.480 MiB)
ollama-1  | slot   operator(): id  0 | task 42091 | erased invalidated context checkpoint (pos_min = 0, pos_max = 217, n_tokens = 218, n_swa = 512, pos_next = 216, size = 8.519 MiB)
ollama-1  | slot   operator(): id  0 | task 42091 | erased invalidated context checkpoint (pos_min = 0, pos_max = 474, n_tokens = 475, n_swa = 512, pos_next = 216, size = 18.561 MiB)
ollama-1  | slot   operator(): id  0 | task 42091 | cached n_tokens = 216, memory_seq_rm [216, end)
ollama-1  | slot create_check: id  0 | task 42091 | created context checkpoint 3 of 32 (pos_min = 0, pos_max = 215, n_tokens = 216, size = 8.440 MiB)
ollama-1  | slot   operator(): id  0 | task 42091 | cached n_tokens = 413, memory_seq_rm [413, end)
ollama-1  | slot init_sampler: id  0 | task 42091 | init sampler, took 0.06 ms, tokens: text = 417, total = 417
ollama-1  | slot create_check: id  0 | task 42091 | created context checkpoint 4 of 32 (pos_min = 0, pos_max = 412, n_tokens = 413, size = 16.138 MiB)
ollama-1  | [GIN] 2026/10/07 - 07:21:24 | 200 |      35.468µs |       127.0.0.1 | HEAD     "/"
ollama-1  | [GIN] 2026/10/07 - 07:21:24 | 200 |     916.732µs |       127.0.0.1 | GET      "/api/tags"
ollama-1  | slot print_timing: id  0 | task 42091 | n_gen =    100, tg =  18.15 t/s, tg_3s =  18.33 t/s
ollama-1  | slot print_timing: id  0 | task 42091 | n_gen =    153, tg =  17.88 t/s, tg_3s =  17.42 t/s
ollama-1  | slot print_timing: id  0 | task 42091 | n_gen =    207, tg =  17.84 t/s, tg_3s =  17.72 t/s
ollama-1  | slot print_timing: id  0 | task 42091 | n_gen =    261, tg =  17.84 t/s, tg_3s =  17.84 t/s
ollama-1  | [GIN] 2026/10/07 - 07:21:34 | 200 |      26.213µs |       127.0.0.1 | HEAD     "/"
ollama-1  | [GIN] 2026/10/07 - 07:21:34 | 200 |    1.330582ms |       127.0.0.1 | GET      "/api/tags"
ollama-1  | slot print_timing: id  0 | task 42091 | n_gen =    314, tg =  17.78 t/s, tg_3s =  17.48 t/s
ollama-1  | slot print_timing: id  0 | task 42091 | n_gen =    367, tg =  17.74 t/s, tg_3s =  17.51 t/s
ollama-1  | slot print_timing: id  0 | task 42091 | n_gen =    420, tg =  17.69 t/s, tg_3s =  17.34 t/s
ollama-1  | [GIN] 2026/10/07 - 07:21:44 | 200 |      36.238µs |       127.0.0.1 | HEAD     "/"
ollama-1  | [GIN] 2026/10/07 - 07:21:44 | 200 |    1.501715ms |       127.0.0.1 | GET      "/api/tags"
ollama-1  | slot print_timing: id  0 | task 42091 | n_gen =    472, tg =  17.62 t/s, tg_3s =  17.14 t/s
ollama-1  | slot print_timing: id  0 | task 42091 | n_gen =    525, tg =  17.60 t/s, tg_3s =  17.34 t/s
ollama-1  | slot print_timing: id  0 | task 42091 | n_gen =    578, tg =  17.58 t/s, tg_3s =  17.38 t/s
ollama-1  | slot print_timing: id  0 | task 42091 | prompt eval time =    1896.46 ms /   201 tokens (    9.44 ms per token,   105.99 tokens per second)
ollama-1  | slot print_timing: id  0 | task 42091 |        eval time =   33485.90 ms /   589 tokens (   56.95 ms per token,    17.56 tokens per second)
ollama-1  | slot print_timing: id  0 | task 42091 |       total time =   35382.36 ms /   790 tokens
ollama-1  | slot print_timing: id  0 | task 42091 |    graphs reused =      41966
ollama-1  | slot      release: id  0 | task 42091 | stop processing: n_tokens = 1005, truncated = 0
ollama-1  | srv  update_slots: all slots are idle
ollama-1  | [GIN] 2026/10/07 - 07:21:52 | 200 |         3m57s |      172.21.0.4 | POST     "/api/generate"
ollama-1  | srv  server_strea: conv_id= (empty=1)
ollama-1  | slot get_availabl: id  0 | task -1 |  - checking sim = 0.544 (322/592) > 0.100
ollama-1  | slot get_availabl: id  0 | task -1 | selected slot by LCP similarity, f_sim_best = 0.544 (> 0.100 thold), f_keep = 0.320
ollama-1  | srv  get_availabl: updating prompt cache
ollama-1  | srv   prompt_save:  - saving prompt with length 1005, total state size = 35.721 MiB (draft: 0.000 MiB)
ollama-1  | srv          load:  - looking for better prompt, base f_keep = 0.320, f_sim = 0.544
ollama-1  | srv          load:    - prompt with length     834, lcp =     322, f_keep = 0.386, f_sim = 0.544
ollama-1  | srv          load:    - prompt with length     819, lcp =     322, f_keep = 0.393, f_sim = 0.544
ollama-1  | srv          load:    - prompt with length     948, lcp =     322, f_keep = 0.340, f_sim = 0.544
ollama-1  | srv          load:    - prompt with length     807, lcp =     322, f_keep = 0.399, f_sim = 0.544
ollama-1  | srv          load:    - prompt with length    1137, lcp =     322, f_keep = 0.283, f_sim = 0.544
ollama-1  | srv          load:    - prompt with length     770, lcp =     322, f_keep = 0.418, f_sim = 0.544
ollama-1  | srv          load:    - prompt with length     705, lcp =     322, f_keep = 0.457, f_sim = 0.544
ollama-1  | srv          load:    - prompt with length    1002, lcp =     322, f_keep = 0.321, f_sim = 0.544
ollama-1  | srv          load:    - prompt with length    1324, lcp =     322, f_keep = 0.243, f_sim = 0.544
ollama-1  | srv          load:    - prompt with length    1202, lcp =     322, f_keep = 0.268, f_sim = 0.544
ollama-1  | srv          load:    - prompt with length    1402, lcp =     322, f_keep = 0.230, f_sim = 0.544
ollama-1  | srv          load:    - prompt with length    1321, lcp =     322, f_keep = 0.244, f_sim = 0.544
ollama-1  | srv          load:    - prompt with length    1006, lcp =     322, f_keep = 0.320, f_sim = 0.544
ollama-1  | srv          load:    - prompt with length    1464, lcp =     322, f_keep = 0.220, f_sim = 0.544
ollama-1  | srv          load:    - prompt with length    1095, lcp =     322, f_keep = 0.294, f_sim = 0.544
ollama-1  | srv          load:    - prompt with length     831, lcp =     322, f_keep = 0.387, f_sim = 0.544
ollama-1  | srv          load:    - prompt with length     669, lcp =     322, f_keep = 0.481, f_sim = 0.544
ollama-1  | srv          load:    - prompt with length     651, lcp =     322, f_keep = 0.495, f_sim = 0.544
ollama-1  | srv          load:    - prompt with length    1216, lcp =     322, f_keep = 0.265, f_sim = 0.544
ollama-1  | srv          load:    - prompt with length    1037, lcp =     322, f_keep = 0.311, f_sim = 0.544
ollama-1  | srv          load:    - prompt with length     875, lcp =     322, f_keep = 0.368, f_sim = 0.544
ollama-1  | srv          load:    - prompt with length    1021, lcp =     322, f_keep = 0.315, f_sim = 0.544
ollama-1  | srv          load:    - prompt with length    1340, lcp =     322, f_keep = 0.240, f_sim = 0.544
ollama-1  | srv          load:    - prompt with length     934, lcp =     328, f_keep = 0.351, f_sim = 0.554
ollama-1  | srv          load:    - prompt with length     777, lcp =     322, f_keep = 0.414, f_sim = 0.544
ollama-1  | srv          load:    - prompt with length    1005, lcp =     322, f_keep = 0.320, f_sim = 0.544
ollama-1  | srv          load:  - found better prompt with f_keep = 0.351, f_sim = 0.554
ollama-1  | srv        update:  - cache state: 25 prompts, 1858.989 MiB (limits: 8192.000 MiB, 4096 tokens, 111304 est)
ollama-1  | srv        update:    - prompt 0x25882cd0:     834 tokens, checkpoints:  1,    46.567 MiB
ollama-1  | srv        update:    - prompt 0x2324cbb0:     819 tokens, checkpoints:  1,    48.013 MiB
ollama-1  | srv        update:    - prompt 0x2595b650:     948 tokens, checkpoints:  1,    47.568 MiB
ollama-1  | srv        update:    - prompt 0x2324cc60:     807 tokens, checkpoints:  1,    48.177 MiB
ollama-1  | srv        update:    - prompt 0x2d10a000:    1137 tokens, checkpoints:  3,    55.292 MiB
ollama-1  | srv        update:    - prompt 0x2d0dc3e0:     770 tokens, checkpoints:  4,    61.315 MiB
ollama-1  | srv        update:    - prompt 0x2324cd10:     705 tokens, checkpoints:  4,    69.442 MiB
ollama-1  | srv        update:    - prompt 0x2324d570:    1002 tokens, checkpoints:  4,    74.008 MiB
ollama-1  | srv        update:    - prompt 0x25922170:    1324 tokens, checkpoints:  5,    91.586 MiB
ollama-1  | srv        update:    - prompt 0x257811a0:    1202 tokens, checkpoints:  6,    96.673 MiB
ollama-1  | srv        update:    - prompt 0x34805b10:    1402 tokens, checkpoints:  6,    95.346 MiB
ollama-1  | srv        update:    - prompt 0x25971370:    1321 tokens, checkpoints:  5,    90.718 MiB
ollama-1  | srv        update:    - prompt 0x371ccdc0:    1006 tokens, checkpoints:  4,    74.109 MiB
ollama-1  | srv        update:    - prompt 0x2fa638f0:    1464 tokens, checkpoints:  4,    92.719 MiB
ollama-1  | srv        update:    - prompt 0x2324fa40:    1095 tokens, checkpoints:  5,    88.083 MiB
ollama-1  | srv        update:    - prompt 0x371e0880:     831 tokens, checkpoints:  4,    71.295 MiB
ollama-1  | srv        update:    - prompt 0x25935fc0:     669 tokens, checkpoints:  4,    68.957 MiB
ollama-1  | srv        update:    - prompt 0x25651a10:     651 tokens, checkpoints:  5,    75.670 MiB
ollama-1  | srv        update:    - prompt 0x2582b290:    1216 tokens, checkpoints:  3,    86.614 MiB
ollama-1  | srv        update:    - prompt 0x253dedc0:    1037 tokens, checkpoints:  3,    77.016 MiB
ollama-1  | srv        update:    - prompt 0x2cca61e0:     875 tokens, checkpoints:  6,    99.179 MiB
ollama-1  | srv        update:    - prompt 0x256395b0:    1021 tokens, checkpoints:  3,    76.375 MiB
ollama-1  | srv        update:    - prompt 0x2fd601d0:    1340 tokens, checkpoints:  4,    89.569 MiB
ollama-1  | srv        update:    - prompt 0x2586cc20:     777 tokens, checkpoints:  4,    65.136 MiB
ollama-1  | srv        update:    - prompt 0x25875ca0:    1005 tokens, checkpoints:  4,    69.561 MiB
ollama-1  | srv  get_availabl: prompt cache update took 16.43 ms
ollama-1  | slot launch_slot_: id  0 | task -1 | sampler chain: logits -> ?penalties -> ?dry -> ?top-n-sigma -> top-k -> ?typical -> top-p -> ?min-p -> ?xtc -> temp-ext -> dist 
ollama-1  | slot launch_slot_: id  0 | task -1 | sampler params: 
ollama-1  | 	repeat_last_n = 64, repeat_penalty = 1.000, frequency_penalty = 0.000, presence_penalty = 0.000
ollama-1  | 	dry_multiplier = 0.000, dry_base = 1.750, dry_allowed_length = 2, dry_penalty_last_n = 64
ollama-1  | 	top_k = 64, top_p = 0.950, min_p = 0.000, xtc_probability = 0.000, xtc_threshold = 0.100, typical_p = 1.000, top_n_sigma = -1.000, temp = 0.000
ollama-1  | 	mirostat = 0, mirostat_lr = 0.100, mirostat_ent = 5.000, adaptive_target = -1.000, adaptive_decay = 0.900
ollama-1  | slot launch_slot_: id  0 | task 42682 | processing task, is_child = 0
ollama-1  | slot   operator(): id  0 | task 42682 | new prompt, n_ctx_slot = 4096, n_keep = 4, task.n_tokens = 592
ollama-1  | slot   operator(): id  0 | task 42682 | checking checkpoint with [0, 522] against 0...
ollama-1  | slot   operator(): id  0 | task 42682 | checking checkpoint with [0, 76] against 0...
ollama-1  | slot   operator(): id  0 | task 42682 | restored context checkpoint (pos_min = 0, pos_max = 76, n_tokens = 77, n_past = 76, size = 3.009 MiB)
ollama-1  | slot   operator(): id  0 | task 42682 | erased invalidated context checkpoint (pos_min = 0, pos_max = 77, n_tokens = 78, n_swa = 512, pos_next = 76, size = 3.048 MiB)
ollama-1  | slot   operator(): id  0 | task 42682 | erased invalidated context checkpoint (pos_min = 0, pos_max = 522, n_tokens = 523, n_swa = 512, pos_next = 76, size = 20.006 MiB)
ollama-1  | slot   operator(): id  0 | task 42682 | cached n_tokens = 76, memory_seq_rm [76, end)
ollama-1  | slot   operator(): id  0 | task 42682 | cached n_tokens = 80, memory_seq_rm [80, end)
ollama-1  | slot create_check: id  0 | task 42682 | created context checkpoint 4 of 32 (pos_min = 0, pos_max = 79, n_tokens = 80, size = 3.126 MiB)
ollama-1  | [GIN] 2026/10/07 - 07:21:54 | 200 |      22.137µs |       127.0.0.1 | HEAD     "/"
ollama-1  | [GIN] 2026/10/07 - 07:21:54 | 200 |     884.276µs |       127.0.0.1 | GET      "/api/tags"
ollama-1  | slot print_timing: id  0 | task 42682 | prompt processing, n_tokens =    512, progress = 0.99, t =   4.54 s / 112.75 tokens per second
ollama-1  | slot   operator(): id  0 | task 42682 | cached n_tokens = 588, memory_seq_rm [588, end)
ollama-1  | slot init_sampler: id  0 | task 42682 | init sampler, took 0.08 ms, tokens: text = 592, total = 592
ollama-1  | slot create_check: id  0 | task 42682 | created context checkpoint 5 of 32 (pos_min = 0, pos_max = 587, n_tokens = 588, size = 20.006 MiB)
ollama-1  | slot print_timing: id  0 | task 42682 | n_gen =    100, tg =  17.67 t/s, tg_3s =  17.85 t/s
ollama-1  | [GIN] 2026/10/07 - 07:22:04 | 200 |      44.329µs |       127.0.0.1 | HEAD     "/"
ollama-1  | [GIN] 2026/10/07 - 07:22:04 | 200 |    1.499976ms |       127.0.0.1 | GET      "/api/tags"
ollama-1  | slot print_timing: id  0 | task 42682 | n_gen =    153, tg =  17.64 t/s, tg_3s =  17.59 t/s
ollama-1  | slot print_timing: id  0 | task 42682 | n_gen =    205, tg =  17.55 t/s, tg_3s =  17.29 t/s
ollama-1  | slot print_timing: id  0 | task 42682 | n_gen =    257, tg =  17.44 t/s, tg_3s =  17.03 t/s
ollama-1  | [GIN] 2026/10/07 - 07:22:14 | 200 |      34.959µs |       127.0.0.1 | HEAD     "/"
ollama-1  | [GIN] 2026/10/07 - 07:22:14 | 200 |    2.119332ms |       127.0.0.1 | GET      "/api/tags"
ollama-1  | slot print_timing: id  0 | task 42682 | n_gen =    309, tg =  17.42 t/s, tg_3s =  17.33 t/s
ollama-1  | slot print_timing: id  0 | task 42682 | n_gen =    361, tg =  17.40 t/s, tg_3s =  17.29 t/s
ollama-1  | slot print_timing: id  0 | task 42682 | n_gen =    415, tg =  17.45 t/s, tg_3s =  17.74 t/s
ollama-1  | slot print_timing: id  0 | task 42682 | n_gen =    468, tg =  17.45 t/s, tg_3s =  17.47 t/s
ollama-1  | [GIN] 2026/10/07 - 07:22:24 | 200 |      36.822µs |       127.0.0.1 | HEAD     "/"
ollama-1  | [GIN] 2026/10/07 - 07:22:24 | 200 |     1.53625ms |       127.0.0.1 | GET      "/api/tags"
ollama-1  | slot print_timing: id  0 | task 42682 | prompt eval time =    4621.88 ms /   516 tokens (    8.96 ms per token,   111.64 tokens per second)
ollama-1  | slot print_timing: id  0 | task 42682 |        eval time =   29708.91 ms /   519 tokens (   57.35 ms per token,    17.44 tokens per second)
ollama-1  | slot print_timing: id  0 | task 42682 |       total time =   34330.79 ms /  1035 tokens
ollama-1  | slot print_timing: id  0 | task 42682 |    graphs reused =      42481
ollama-1  | slot      release: id  0 | task 42682 | stop processing: n_tokens = 1110, truncated = 0
ollama-1  | srv  update_slots: all slots are idle
ollama-1  | [GIN] 2026/10/07 - 07:22:27 | 200 |         4m30s |      172.21.0.4 | POST     "/api/generate"
ollama-1  | srv  server_strea: conv_id= (empty=1)
ollama-1  | slot get_availabl: id  0 | task -1 |  - checking sim = 0.465 (322/692) > 0.100
ollama-1  | slot get_availabl: id  0 | task -1 | selected slot by LCP similarity, f_sim_best = 0.465 (> 0.100 thold), f_keep = 0.290
ollama-1  | srv  get_availabl: updating prompt cache
ollama-1  | srv   prompt_save:  - saving prompt with length 1110, total state size = 37.363 MiB (draft: 0.000 MiB)
ollama-1  | srv          load:  - looking for better prompt, base f_keep = 0.290, f_sim = 0.465
ollama-1  | srv          load:    - prompt with length     834, lcp =     322, f_keep = 0.386, f_sim = 0.465
ollama-1  | srv          load:    - prompt with length     819, lcp =     322, f_keep = 0.393, f_sim = 0.465
ollama-1  | srv          load:    - prompt with length     948, lcp =     322, f_keep = 0.340, f_sim = 0.465
ollama-1  | srv          load:    - prompt with length     807, lcp =     322, f_keep = 0.399, f_sim = 0.465
ollama-1  | srv          load:    - prompt with length    1137, lcp =     322, f_keep = 0.283, f_sim = 0.465
ollama-1  | srv          load:    - prompt with length     770, lcp =     322, f_keep = 0.418, f_sim = 0.465
ollama-1  | srv          load:    - prompt with length     705, lcp =     322, f_keep = 0.457, f_sim = 0.465
ollama-1  | srv          load:    - prompt with length    1002, lcp =     322, f_keep = 0.321, f_sim = 0.465
ollama-1  | srv          load:    - prompt with length    1324, lcp =     692, f_keep = 0.523, f_sim = 1.000
ollama-1  | srv          load:    - prompt with length    1202, lcp =     322, f_keep = 0.268, f_sim = 0.465
ollama-1  | srv          load:    - prompt with length    1402, lcp =     322, f_keep = 0.230, f_sim = 0.465
ollama-1  | srv          load:    - prompt with length    1321, lcp =     322, f_keep = 0.244, f_sim = 0.465
ollama-1  | srv          load:    - prompt with length    1006, lcp =     322, f_keep = 0.320, f_sim = 0.465
ollama-1  | srv          load:    - prompt with length    1464, lcp =     322, f_keep = 0.220, f_sim = 0.465
ollama-1  | srv          load:    - prompt with length    1095, lcp =     322, f_keep = 0.294, f_sim = 0.465
ollama-1  | srv          load:    - prompt with length     831, lcp =     322, f_keep = 0.387, f_sim = 0.465
ollama-1  | srv          load:    - prompt with length     669, lcp =     322, f_keep = 0.481, f_sim = 0.465
ollama-1  | srv          load:    - prompt with length     651, lcp =     322, f_keep = 0.495, f_sim = 0.465
ollama-1  | srv          load:    - prompt with length    1216, lcp =     322, f_keep = 0.265, f_sim = 0.465
ollama-1  | srv          load:    - prompt with length    1037, lcp =     322, f_keep = 0.311, f_sim = 0.465
ollama-1  | srv          load:    - prompt with length     875, lcp =     322, f_keep = 0.368, f_sim = 0.465
ollama-1  | srv          load:    - prompt with length    1021, lcp =     322, f_keep = 0.315, f_sim = 0.465
ollama-1  | srv          load:    - prompt with length    1340, lcp =     322, f_keep = 0.240, f_sim = 0.465
ollama-1  | srv          load:    - prompt with length     777, lcp =     322, f_keep = 0.414, f_sim = 0.465
ollama-1  | srv          load:    - prompt with length    1005, lcp =     322, f_keep = 0.320, f_sim = 0.465
ollama-1  | srv          load:    - prompt with length    1110, lcp =     322, f_keep = 0.290, f_sim = 0.465
ollama-1  | srv          load:  - found better prompt with f_keep = 0.523, f_sim = 1.000
ollama-1  | srv        update:  - cache state: 25 prompts, 1834.621 MiB (limits: 8192.000 MiB, 4096 tokens, 111827 est)
ollama-1  | srv        update:    - prompt 0x25882cd0:     834 tokens, checkpoints:  1,    46.567 MiB
ollama-1  | srv        update:    - prompt 0x2324cbb0:     819 tokens, checkpoints:  1,    48.013 MiB
ollama-1  | srv        update:    - prompt 0x2595b650:     948 tokens, checkpoints:  1,    47.568 MiB
ollama-1  | srv        update:    - prompt 0x2324cc60:     807 tokens, checkpoints:  1,    48.177 MiB
ollama-1  | srv        update:    - prompt 0x2d10a000:    1137 tokens, checkpoints:  3,    55.292 MiB
ollama-1  | srv        update:    - prompt 0x2d0dc3e0:     770 tokens, checkpoints:  4,    61.315 MiB
ollama-1  | srv        update:    - prompt 0x2324cd10:     705 tokens, checkpoints:  4,    69.442 MiB
ollama-1  | srv        update:    - prompt 0x2324d570:    1002 tokens, checkpoints:  4,    74.008 MiB
ollama-1  | srv        update:    - prompt 0x257811a0:    1202 tokens, checkpoints:  6,    96.673 MiB
ollama-1  | srv        update:    - prompt 0x34805b10:    1402 tokens, checkpoints:  6,    95.346 MiB
ollama-1  | srv        update:    - prompt 0x25971370:    1321 tokens, checkpoints:  5,    90.718 MiB
ollama-1  | srv        update:    - prompt 0x371ccdc0:    1006 tokens, checkpoints:  4,    74.109 MiB
ollama-1  | srv        update:    - prompt 0x2fa638f0:    1464 tokens, checkpoints:  4,    92.719 MiB
ollama-1  | srv        update:    - prompt 0x2324fa40:    1095 tokens, checkpoints:  5,    88.083 MiB
ollama-1  | srv        update:    - prompt 0x371e0880:     831 tokens, checkpoints:  4,    71.295 MiB
ollama-1  | srv        update:    - prompt 0x25935fc0:     669 tokens, checkpoints:  4,    68.957 MiB
ollama-1  | srv        update:    - prompt 0x25651a10:     651 tokens, checkpoints:  5,    75.670 MiB
ollama-1  | srv        update:    - prompt 0x2582b290:    1216 tokens, checkpoints:  3,    86.614 MiB
ollama-1  | srv        update:    - prompt 0x253dedc0:    1037 tokens, checkpoints:  3,    77.016 MiB
ollama-1  | srv        update:    - prompt 0x2cca61e0:     875 tokens, checkpoints:  6,    99.179 MiB
ollama-1  | srv        update:    - prompt 0x256395b0:    1021 tokens, checkpoints:  3,    76.375 MiB
ollama-1  | srv        update:    - prompt 0x2fd601d0:    1340 tokens, checkpoints:  4,    89.569 MiB
ollama-1  | srv        update:    - prompt 0x2586cc20:     777 tokens, checkpoints:  4,    65.136 MiB
ollama-1  | srv        update:    - prompt 0x25875ca0:    1005 tokens, checkpoints:  4,    69.561 MiB
ollama-1  | srv        update:    - prompt 0x2fb34bb0:    1110 tokens, checkpoints:  5,    67.218 MiB
ollama-1  | srv  get_availabl: prompt cache update took 18.16 ms
ollama-1  | slot launch_slot_: id  0 | task -1 | sampler chain: logits -> ?penalties -> ?dry -> ?top-n-sigma -> top-k -> ?typical -> top-p -> ?min-p -> ?xtc -> temp-ext -> dist 
ollama-1  | slot launch_slot_: id  0 | task -1 | sampler params: 
ollama-1  | 	repeat_last_n = 64, repeat_penalty = 1.000, frequency_penalty = 0.000, presence_penalty = 0.000
ollama-1  | 	dry_multiplier = 0.000, dry_base = 1.750, dry_allowed_length = 2, dry_penalty_last_n = 64
ollama-1  | 	top_k = 64, top_p = 0.950, min_p = 0.000, xtc_probability = 0.000, xtc_threshold = 0.100, typical_p = 1.000, top_n_sigma = -1.000, temp = 0.000
ollama-1  | 	mirostat = 0, mirostat_lr = 0.100, mirostat_ent = 5.000, adaptive_target = -1.000, adaptive_decay = 0.900
ollama-1  | slot launch_slot_: id  0 | task 43204 | processing task, is_child = 0
ollama-1  | slot   operator(): id  0 | task 43204 | new prompt, n_ctx_slot = 4096, n_keep = 4, task.n_tokens = 692
ollama-1  | slot   operator(): id  0 | task 43204 | checking checkpoint with [176, 687] against 179...
ollama-1  | slot   operator(): id  0 | task 43204 | restored context checkpoint (pos_min = 176, pos_max = 687, n_tokens = 688, n_past = 687, size = 20.006 MiB)
ollama-1  | slot   operator(): id  0 | task 43204 | cached n_tokens = 687, memory_seq_rm [687, end)
ollama-1  | slot create_check: id  0 | task 43204 | superseding context checkpoint at n_tokens = 687
ollama-1  | slot create_check: id  0 | task 43204 | created context checkpoint 5 of 32 (pos_min = 176, pos_max = 686, n_tokens = 687, size = 19.967 MiB)
ollama-1  | slot   operator(): id  0 | task 43204 | cached n_tokens = 688, memory_seq_rm [688, end)
ollama-1  | slot init_sampler: id  0 | task 43204 | init sampler, took 0.08 ms, tokens: text = 692, total = 692
ollama-1  | slot create_check: id  0 | task 43204 | superseding context checkpoint at n_tokens = 688
ollama-1  | slot create_check: id  0 | task 43204 | created context checkpoint 5 of 32 (pos_min = 176, pos_max = 687, n_tokens = 688, size = 20.006 MiB)
ollama-1  | slot print_timing: id  0 | task 43204 | n_gen =    100, tg =  17.63 t/s, tg_3s =  17.80 t/s
ollama-1  | [GIN] 2026/10/07 - 07:22:35 | 200 |      30.322µs |       127.0.0.1 | HEAD     "/"
ollama-1  | [GIN] 2026/10/07 - 07:22:35 | 200 |    1.750722ms |       127.0.0.1 | GET      "/api/tags"
ollama-1  | slot print_timing: id  0 | task 43204 | n_gen =    153, tg =  17.57 t/s, tg_3s =  17.45 t/s
ollama-1  | slot print_timing: id  0 | task 43204 | n_gen =    206, tg =  17.52 t/s, tg_3s =  17.40 t/s
ollama-1  | slot print_timing: id  0 | task 43204 | n_gen =    259, tg =  17.50 t/s, tg_3s =  17.43 t/s
ollama-1  | slot print_timing: id  0 | task 43204 | n_gen =    310, tg =  17.42 t/s, tg_3s =  16.99 t/s
ollama-1  | [GIN] 2026/10/07 - 07:22:45 | 200 |      31.521µs |       127.0.0.1 | HEAD     "/"
ollama-1  | [GIN] 2026/10/07 - 07:22:45 | 200 |    1.456482ms |       127.0.0.1 | GET      "/api/tags"
ollama-1  | slot print_timing: id  0 | task 43204 | n_gen =    360, tg =  17.27 t/s, tg_3s =  16.39 t/s
ollama-1  | slot print_timing: id  0 | task 43204 | n_gen =    410, tg =  17.16 t/s, tg_3s =  16.41 t/s
ollama-1  | slot print_timing: id  0 | task 43204 | n_gen =    460, tg =  17.07 t/s, tg_3s =  16.40 t/s
ollama-1  | [GIN] 2026/10/07 - 07:22:55 | 200 |      20.799µs |       127.0.0.1 | HEAD     "/"
ollama-1  | [GIN] 2026/10/07 - 07:22:55 | 200 |    1.440434ms |       127.0.0.1 | GET      "/api/tags"
ollama-1  | slot print_timing: id  0 | task 43204 | n_gen =    510, tg =  17.01 t/s, tg_3s =  16.44 t/s
ollama-1  | slot print_timing: id  0 | task 43204 | n_gen =    559, tg =  16.92 t/s, tg_3s =  16.11 t/s
ollama-1  | slot print_timing: id  0 | task 43204 | n_gen =    609, tg =  16.88 t/s, tg_3s =  16.42 t/s
ollama-1  | slot print_timing: id  0 | task 43204 | prompt eval time =     135.55 ms /     5 tokens (   27.11 ms per token,    36.89 tokens per second)
ollama-1  | slot print_timing: id  0 | task 43204 |        eval time =   37475.00 ms /   633 tokens (   59.30 ms per token,    16.86 tokens per second)
ollama-1  | slot print_timing: id  0 | task 43204 |       total time =   37610.56 ms /   638 tokens
ollama-1  | slot print_timing: id  0 | task 43204 |    graphs reused =      43108
ollama-1  | slot      release: id  0 | task 43204 | stop processing: n_tokens = 1324, truncated = 0
ollama-1  | srv  update_slots: all slots are idle
ollama-1  | [GIN] 2026/10/07 - 07:23:04 | 200 |          5m4s |      172.21.0.4 | POST     "/api/generate"
ollama-1  | srv  server_strea: conv_id= (empty=1)
ollama-1  | slot get_availabl: id  0 | task -1 |  - checking sim = 0.511 (322/630) > 0.100
ollama-1  | slot get_availabl: id  0 | task -1 | selected slot by LCP similarity, f_sim_best = 0.511 (> 0.100 thold), f_keep = 0.243
ollama-1  | srv  get_availabl: updating prompt cache
ollama-1  | srv   prompt_save:  - saving prompt with length 1324, total state size = 40.709 MiB (draft: 0.000 MiB)
ollama-1  | srv          load:  - looking for better prompt, base f_keep = 0.243, f_sim = 0.511
ollama-1  | srv          load:    - prompt with length     834, lcp =     322, f_keep = 0.386, f_sim = 0.511
ollama-1  | srv          load:    - prompt with length     819, lcp =     322, f_keep = 0.393, f_sim = 0.511
ollama-1  | srv          load:    - prompt with length     948, lcp =     322, f_keep = 0.340, f_sim = 0.511
ollama-1  | srv          load:    - prompt with length     807, lcp =     322, f_keep = 0.399, f_sim = 0.511
ollama-1  | srv          load:    - prompt with length    1137, lcp =     322, f_keep = 0.283, f_sim = 0.511
ollama-1  | srv          load:    - prompt with length     770, lcp =     322, f_keep = 0.418, f_sim = 0.511
ollama-1  | srv          load:    - prompt with length     705, lcp =     322, f_keep = 0.457, f_sim = 0.511
ollama-1  | srv          load:    - prompt with length    1002, lcp =     322, f_keep = 0.321, f_sim = 0.511
ollama-1  | srv          load:    - prompt with length    1202, lcp =     630, f_keep = 0.524, f_sim = 1.000
ollama-1  | srv          load:    - prompt with length    1402, lcp =     322, f_keep = 0.230, f_sim = 0.511
ollama-1  | srv          load:    - prompt with length    1321, lcp =     322, f_keep = 0.244, f_sim = 0.511
ollama-1  | srv          load:    - prompt with length    1006, lcp =     322, f_keep = 0.320, f_sim = 0.511
ollama-1  | srv          load:    - prompt with length    1464, lcp =     322, f_keep = 0.220, f_sim = 0.511
ollama-1  | srv          load:    - prompt with length    1095, lcp =     322, f_keep = 0.294, f_sim = 0.511
ollama-1  | srv          load:    - prompt with length     831, lcp =     322, f_keep = 0.387, f_sim = 0.511
ollama-1  | srv          load:    - prompt with length     669, lcp =     322, f_keep = 0.481, f_sim = 0.511
ollama-1  | srv          load:    - prompt with length     651, lcp =     322, f_keep = 0.495, f_sim = 0.511
ollama-1  | srv          load:    - prompt with length    1216, lcp =     322, f_keep = 0.265, f_sim = 0.511
ollama-1  | srv          load:    - prompt with length    1037, lcp =     322, f_keep = 0.311, f_sim = 0.511
ollama-1  | srv          load:    - prompt with length     875, lcp =     322, f_keep = 0.368, f_sim = 0.511
ollama-1  | srv          load:    - prompt with length    1021, lcp =     322, f_keep = 0.315, f_sim = 0.511
ollama-1  | srv          load:    - prompt with length    1340, lcp =     322, f_keep = 0.240, f_sim = 0.511
ollama-1  | srv          load:    - prompt with length     777, lcp =     322, f_keep = 0.414, f_sim = 0.511
ollama-1  | srv          load:    - prompt with length    1005, lcp =     322, f_keep = 0.320, f_sim = 0.511
ollama-1  | srv          load:    - prompt with length    1110, lcp =     322, f_keep = 0.290, f_sim = 0.511
ollama-1  | srv          load:    - prompt with length    1324, lcp =     322, f_keep = 0.243, f_sim = 0.511
ollama-1  | srv          load:  - found better prompt with f_keep = 0.524, f_sim = 1.000
ollama-1  | srv        update:  - cache state: 25 prompts, 1829.534 MiB (limits: 8192.000 MiB, 4096 tokens, 112684 est)
ollama-1  | srv        update:    - prompt 0x25882cd0:     834 tokens, checkpoints:  1,    46.567 MiB
ollama-1  | srv        update:    - prompt 0x2324cbb0:     819 tokens, checkpoints:  1,    48.013 MiB
ollama-1  | srv        update:    - prompt 0x2595b650:     948 tokens, checkpoints:  1,    47.568 MiB
ollama-1  | srv        update:    - prompt 0x2324cc60:     807 tokens, checkpoints:  1,    48.177 MiB
ollama-1  | srv        update:    - prompt 0x2d10a000:    1137 tokens, checkpoints:  3,    55.292 MiB
ollama-1  | srv        update:    - prompt 0x2d0dc3e0:     770 tokens, checkpoints:  4,    61.315 MiB
ollama-1  | srv        update:    - prompt 0x2324cd10:     705 tokens, checkpoints:  4,    69.442 MiB
ollama-1  | srv        update:    - prompt 0x2324d570:    1002 tokens, checkpoints:  4,    74.008 MiB
ollama-1  | srv        update:    - prompt 0x34805b10:    1402 tokens, checkpoints:  6,    95.346 MiB
ollama-1  | srv        update:    - prompt 0x25971370:    1321 tokens, checkpoints:  5,    90.718 MiB
ollama-1  | srv        update:    - prompt 0x371ccdc0:    1006 tokens, checkpoints:  4,    74.109 MiB
ollama-1  | srv        update:    - prompt 0x2fa638f0:    1464 tokens, checkpoints:  4,    92.719 MiB
ollama-1  | srv        update:    - prompt 0x2324fa40:    1095 tokens, checkpoints:  5,    88.083 MiB
ollama-1  | srv        update:    - prompt 0x371e0880:     831 tokens, checkpoints:  4,    71.295 MiB
ollama-1  | srv        update:    - prompt 0x25935fc0:     669 tokens, checkpoints:  4,    68.957 MiB
ollama-1  | srv        update:    - prompt 0x25651a10:     651 tokens, checkpoints:  5,    75.670 MiB
ollama-1  | srv        update:    - prompt 0x2582b290:    1216 tokens, checkpoints:  3,    86.614 MiB
ollama-1  | srv        update:    - prompt 0x253dedc0:    1037 tokens, checkpoints:  3,    77.016 MiB
ollama-1  | srv        update:    - prompt 0x2cca61e0:     875 tokens, checkpoints:  6,    99.179 MiB
ollama-1  | srv        update:    - prompt 0x256395b0:    1021 tokens, checkpoints:  3,    76.375 MiB
ollama-1  | srv        update:    - prompt 0x2fd601d0:    1340 tokens, checkpoints:  4,    89.569 MiB
ollama-1  | srv        update:    - prompt 0x2586cc20:     777 tokens, checkpoints:  4,    65.136 MiB
ollama-1  | srv        update:    - prompt 0x25875ca0:    1005 tokens, checkpoints:  4,    69.561 MiB
ollama-1  | srv        update:    - prompt 0x2fb34bb0:    1110 tokens, checkpoints:  5,    67.218 MiB
ollama-1  | srv        update:    - prompt 0x2d14c790:    1324 tokens, checkpoints:  5,    91.586 MiB
ollama-1  | srv  get_availabl: prompt cache update took 28.77 ms
ollama-1  | slot launch_slot_: id  0 | task -1 | sampler chain: logits -> ?penalties -> ?dry -> ?top-n-sigma -> top-k -> ?typical -> top-p -> ?min-p -> ?xtc -> temp-ext -> dist 
ollama-1  | slot launch_slot_: id  0 | task -1 | sampler params: 
ollama-1  | 	repeat_last_n = 64, repeat_penalty = 1.000, frequency_penalty = 0.000, presence_penalty = 0.000
ollama-1  | 	dry_multiplier = 0.000, dry_base = 1.750, dry_allowed_length = 2, dry_penalty_last_n = 64
ollama-1  | 	top_k = 64, top_p = 0.950, min_p = 0.000, xtc_probability = 0.000, xtc_threshold = 0.100, typical_p = 1.000, top_n_sigma = -1.000, temp = 0.000
ollama-1  | 	mirostat = 0, mirostat_lr = 0.100, mirostat_ent = 5.000, adaptive_target = -1.000, adaptive_decay = 0.900
ollama-1  | slot launch_slot_: id  0 | task 43839 | processing task, is_child = 0
ollama-1  | slot   operator(): id  0 | task 43839 | new prompt, n_ctx_slot = 4096, n_keep = 4, task.n_tokens = 630
ollama-1  | slot   operator(): id  0 | task 43839 | checking checkpoint with [114, 625] against 117...
ollama-1  | slot   operator(): id  0 | task 43839 | restored context checkpoint (pos_min = 114, pos_max = 625, n_tokens = 626, n_past = 625, size = 20.006 MiB)
ollama-1  | slot   operator(): id  0 | task 43839 | cached n_tokens = 625, memory_seq_rm [625, end)
ollama-1  | slot create_check: id  0 | task 43839 | superseding context checkpoint at n_tokens = 625
ollama-1  | slot create_check: id  0 | task 43839 | created context checkpoint 6 of 32 (pos_min = 114, pos_max = 624, n_tokens = 625, size = 19.967 MiB)
ollama-1  | slot   operator(): id  0 | task 43839 | cached n_tokens = 626, memory_seq_rm [626, end)
ollama-1  | slot init_sampler: id  0 | task 43839 | init sampler, took 0.06 ms, tokens: text = 630, total = 630
ollama-1  | slot create_check: id  0 | task 43839 | superseding context checkpoint at n_tokens = 626
ollama-1  | slot create_check: id  0 | task 43839 | created context checkpoint 6 of 32 (pos_min = 114, pos_max = 625, n_tokens = 626, size = 20.006 MiB)
ollama-1  | [GIN] 2026/10/07 - 07:23:05 | 200 |      32.993µs |       127.0.0.1 | HEAD     "/"
ollama-1  | [GIN] 2026/10/07 - 07:23:05 | 200 |    1.577093ms |       127.0.0.1 | GET      "/api/tags"
ollama-1  | slot print_timing: id  0 | task 43839 | n_gen =    100, tg =  16.69 t/s, tg_3s =  16.86 t/s
ollama-1  | slot print_timing: id  0 | task 43839 | n_gen =    151, tg =  16.72 t/s, tg_3s =  16.76 t/s
ollama-1  | [GIN] 2026/10/07 - 07:23:15 | 200 |      30.015µs |       127.0.0.1 | HEAD     "/"
ollama-1  | [GIN] 2026/10/07 - 07:23:15 | 200 |     938.533µs |       127.0.0.1 | GET      "/api/tags"
ollama-1  | slot print_timing: id  0 | task 43839 | n_gen =    202, tg =  16.73 t/s, tg_3s =  16.76 t/s
ollama-1  | slot print_timing: id  0 | task 43839 | n_gen =    254, tg =  16.80 t/s, tg_3s =  17.10 t/s
ollama-1  | slot print_timing: id  0 | task 43839 | n_gen =    305, tg =  16.82 t/s, tg_3s =  16.90 t/s
ollama-1  | [GIN] 2026/10/07 - 07:23:25 | 200 |      30.068µs |       127.0.0.1 | HEAD     "/"
ollama-1  | [GIN] 2026/10/07 - 07:23:25 | 200 |    2.465463ms |       127.0.0.1 | GET      "/api/tags"
ollama-1  | slot print_timing: id  0 | task 43839 | n_gen =    355, tg =  16.80 t/s, tg_3s =  16.66 t/s
ollama-1  | slot print_timing: id  0 | task 43839 | n_gen =    405, tg =  16.77 t/s, tg_3s =  16.61 t/s
ollama-1  | slot print_timing: id  0 | task 43839 | n_gen =    457, tg =  16.81 t/s, tg_3s =  17.13 t/s
ollama-1  | slot print_timing: id  0 | task 43839 | n_gen =    507, tg =  16.79 t/s, tg_3s =  16.63 t/s
ollama-1  | [GIN] 2026/10/07 - 07:23:35 | 200 |      25.525µs |       127.0.0.1 | HEAD     "/"
ollama-1  | [GIN] 2026/10/07 - 07:23:35 | 200 |     957.896µs |       127.0.0.1 | GET      "/api/tags"
ollama-1  | slot print_timing: id  0 | task 43839 | n_gen =    557, tg =  16.76 t/s, tg_3s =  16.42 t/s
ollama-1  | slot print_timing: id  0 | task 43839 | prompt eval time =     137.47 ms /     5 tokens (   27.49 ms per token,    36.37 tokens per second)
ollama-1  | slot print_timing: id  0 | task 43839 |        eval time =   34174.51 ms /   573 tokens (   59.75 ms per token,    16.74 tokens per second)
ollama-1  | slot print_timing: id  0 | task 43839 |       total time =   34311.98 ms /   578 tokens
ollama-1  | slot print_timing: id  0 | task 43839 |    graphs reused =      43676
ollama-1  | slot      release: id  0 | task 43839 | stop processing: n_tokens = 1202, truncated = 0
ollama-1  | srv  update_slots: all slots are idle
ollama-1  | [GIN] 2026/10/07 - 07:23:38 | 200 |         5m38s |      172.21.0.4 | POST     "/api/generate"
ollama-1  | srv  server_strea: conv_id= (empty=1)
ollama-1  | slot get_availabl: id  0 | task -1 |  - checking sim = 0.700 (322/460) > 0.100
ollama-1  | slot get_availabl: id  0 | task -1 | selected slot by LCP similarity, f_sim_best = 0.700 (> 0.100 thold), f_keep = 0.268
ollama-1  | srv  get_availabl: updating prompt cache
ollama-1  | srv   prompt_save:  - saving prompt with length 1202, total state size = 38.801 MiB (draft: 0.000 MiB)
ollama-1  | srv          load:  - looking for better prompt, base f_keep = 0.268, f_sim = 0.700
ollama-1  | srv          load:    - prompt with length     834, lcp =     322, f_keep = 0.386, f_sim = 0.700
ollama-1  | srv          load:    - prompt with length     819, lcp =     322, f_keep = 0.393, f_sim = 0.700
ollama-1  | srv          load:    - prompt with length     948, lcp =     322, f_keep = 0.340, f_sim = 0.700
ollama-1  | srv          load:    - prompt with length     807, lcp =     322, f_keep = 0.399, f_sim = 0.700
ollama-1  | srv          load:    - prompt with length    1137, lcp =     322, f_keep = 0.283, f_sim = 0.700
ollama-1  | srv          load:    - prompt with length     770, lcp =     322, f_keep = 0.418, f_sim = 0.700
ollama-1  | srv          load:    - prompt with length     705, lcp =     322, f_keep = 0.457, f_sim = 0.700
ollama-1  | srv          load:    - prompt with length    1002, lcp =     322, f_keep = 0.321, f_sim = 0.700
ollama-1  | srv          load:    - prompt with length    1402, lcp =     460, f_keep = 0.328, f_sim = 1.000
ollama-1  | srv          load:    - prompt with length    1321, lcp =     322, f_keep = 0.244, f_sim = 0.700
ollama-1  | srv          load:    - prompt with length    1006, lcp =     322, f_keep = 0.320, f_sim = 0.700
ollama-1  | srv          load:    - prompt with length    1464, lcp =     322, f_keep = 0.220, f_sim = 0.700
ollama-1  | srv          load:    - prompt with length    1095, lcp =     322, f_keep = 0.294, f_sim = 0.700
ollama-1  | srv          load:    - prompt with length     831, lcp =     322, f_keep = 0.387, f_sim = 0.700
ollama-1  | srv          load:    - prompt with length     669, lcp =     322, f_keep = 0.481, f_sim = 0.700
ollama-1  | srv          load:    - prompt with length     651, lcp =     322, f_keep = 0.495, f_sim = 0.700
ollama-1  | srv          load:    - prompt with length    1216, lcp =     322, f_keep = 0.265, f_sim = 0.700
ollama-1  | srv          load:    - prompt with length    1037, lcp =     322, f_keep = 0.311, f_sim = 0.700
ollama-1  | srv          load:    - prompt with length     875, lcp =     322, f_keep = 0.368, f_sim = 0.700
ollama-1  | srv          load:    - prompt with length    1021, lcp =     322, f_keep = 0.315, f_sim = 0.700
ollama-1  | srv          load:    - prompt with length    1340, lcp =     322, f_keep = 0.240, f_sim = 0.700
ollama-1  | srv          load:    - prompt with length     777, lcp =     322, f_keep = 0.414, f_sim = 0.700
ollama-1  | srv          load:    - prompt with length    1005, lcp =     322, f_keep = 0.320, f_sim = 0.700
ollama-1  | srv          load:    - prompt with length    1110, lcp =     322, f_keep = 0.290, f_sim = 0.700
ollama-1  | srv          load:    - prompt with length    1324, lcp =     322, f_keep = 0.243, f_sim = 0.700
ollama-1  | srv          load:    - prompt with length    1202, lcp =     322, f_keep = 0.268, f_sim = 0.700
ollama-1  | srv          load:  - found better prompt with f_keep = 0.328, f_sim = 1.000
ollama-1  | srv        update:  - cache state: 25 prompts, 1830.861 MiB (limits: 8192.000 MiB, 4096 tokens, 111707 est)
ollama-1  | srv        update:    - prompt 0x25882cd0:     834 tokens, checkpoints:  1,    46.567 MiB
ollama-1  | srv        update:    - prompt 0x2324cbb0:     819 tokens, checkpoints:  1,    48.013 MiB
ollama-1  | srv        update:    - prompt 0x2595b650:     948 tokens, checkpoints:  1,    47.568 MiB
ollama-1  | srv        update:    - prompt 0x2324cc60:     807 tokens, checkpoints:  1,    48.177 MiB
ollama-1  | srv        update:    - prompt 0x2d10a000:    1137 tokens, checkpoints:  3,    55.292 MiB
ollama-1  | srv        update:    - prompt 0x2d0dc3e0:     770 tokens, checkpoints:  4,    61.315 MiB
ollama-1  | srv        update:    - prompt 0x2324cd10:     705 tokens, checkpoints:  4,    69.442 MiB
ollama-1  | srv        update:    - prompt 0x2324d570:    1002 tokens, checkpoints:  4,    74.008 MiB
ollama-1  | srv        update:    - prompt 0x25971370:    1321 tokens, checkpoints:  5,    90.718 MiB
ollama-1  | srv        update:    - prompt 0x371ccdc0:    1006 tokens, checkpoints:  4,    74.109 MiB
ollama-1  | srv        update:    - prompt 0x2fa638f0:    1464 tokens, checkpoints:  4,    92.719 MiB
ollama-1  | srv        update:    - prompt 0x2324fa40:    1095 tokens, checkpoints:  5,    88.083 MiB
ollama-1  | srv        update:    - prompt 0x371e0880:     831 tokens, checkpoints:  4,    71.295 MiB
ollama-1  | srv        update:    - prompt 0x25935fc0:     669 tokens, checkpoints:  4,    68.957 MiB
ollama-1  | srv        update:    - prompt 0x25651a10:     651 tokens, checkpoints:  5,    75.670 MiB
ollama-1  | srv        update:    - prompt 0x2582b290:    1216 tokens, checkpoints:  3,    86.614 MiB
ollama-1  | srv        update:    - prompt 0x253dedc0:    1037 tokens, checkpoints:  3,    77.016 MiB
ollama-1  | srv        update:    - prompt 0x2cca61e0:     875 tokens, checkpoints:  6,    99.179 MiB
ollama-1  | srv        update:    - prompt 0x256395b0:    1021 tokens, checkpoints:  3,    76.375 MiB
ollama-1  | srv        update:    - prompt 0x2fd601d0:    1340 tokens, checkpoints:  4,    89.569 MiB
ollama-1  | srv        update:    - prompt 0x2586cc20:     777 tokens, checkpoints:  4,    65.136 MiB
ollama-1  | srv        update:    - prompt 0x25875ca0:    1005 tokens, checkpoints:  4,    69.561 MiB
ollama-1  | srv        update:    - prompt 0x2fb34bb0:    1110 tokens, checkpoints:  5,    67.218 MiB
ollama-1  | srv        update:    - prompt 0x2d14c790:    1324 tokens, checkpoints:  5,    91.586 MiB
ollama-1  | srv        update:    - prompt 0x25922170:    1202 tokens, checkpoints:  6,    96.673 MiB
ollama-1  | srv  get_availabl: prompt cache update took 34.47 ms
ollama-1  | slot launch_slot_: id  0 | task -1 | sampler chain: logits -> ?penalties -> ?dry -> ?top-n-sigma -> top-k -> ?typical -> top-p -> ?min-p -> ?xtc -> temp-ext -> dist 
ollama-1  | slot launch_slot_: id  0 | task -1 | sampler params: 
ollama-1  | 	repeat_last_n = 64, repeat_penalty = 1.000, frequency_penalty = 0.000, presence_penalty = 0.000
ollama-1  | 	dry_multiplier = 0.000, dry_base = 1.750, dry_allowed_length = 2, dry_penalty_last_n = 64
ollama-1  | 	top_k = 64, top_p = 0.950, min_p = 0.000, xtc_probability = 0.000, xtc_threshold = 0.100, typical_p = 1.000, top_n_sigma = -1.000, temp = 0.000
ollama-1  | 	mirostat = 0, mirostat_lr = 0.100, mirostat_ent = 5.000, adaptive_target = -1.000, adaptive_decay = 0.900
ollama-1  | slot launch_slot_: id  0 | task 44414 | processing task, is_child = 0
ollama-1  | slot   operator(): id  0 | task 44414 | new prompt, n_ctx_slot = 4096, n_keep = 4, task.n_tokens = 460
ollama-1  | slot   operator(): id  0 | task 44414 | checking checkpoint with [0, 455] against 0...
ollama-1  | slot   operator(): id  0 | task 44414 | restored context checkpoint (pos_min = 0, pos_max = 455, n_tokens = 456, n_past = 455, size = 17.818 MiB)
ollama-1  | slot   operator(): id  0 | task 44414 | cached n_tokens = 455, memory_seq_rm [455, end)
ollama-1  | slot create_check: id  0 | task 44414 | superseding context checkpoint at n_tokens = 455
ollama-1  | slot create_check: id  0 | task 44414 | created context checkpoint 6 of 32 (pos_min = 0, pos_max = 454, n_tokens = 455, size = 17.779 MiB)
ollama-1  | slot   operator(): id  0 | task 44414 | cached n_tokens = 456, memory_seq_rm [456, end)
ollama-1  | slot init_sampler: id  0 | task 44414 | init sampler, took 0.06 ms, tokens: text = 460, total = 460
ollama-1  | slot create_check: id  0 | task 44414 | superseding context checkpoint at n_tokens = 456
ollama-1  | slot create_check: id  0 | task 44414 | created context checkpoint 6 of 32 (pos_min = 0, pos_max = 455, n_tokens = 456, size = 17.818 MiB)
ollama-1  | slot print_timing: id  0 | task 44414 | n_gen =    100, tg =  17.16 t/s, tg_3s =  17.34 t/s
ollama-1  | [GIN] 2026/10/07 - 07:23:45 | 200 |      30.471µs |       127.0.0.1 | HEAD     "/"
ollama-1  | [GIN] 2026/10/07 - 07:23:45 | 200 |    1.441235ms |       127.0.0.1 | GET      "/api/tags"
ollama-1  | slot print_timing: id  0 | task 44414 | n_gen =    153, tg =  17.31 t/s, tg_3s =  17.60 t/s
ollama-1  | slot print_timing: id  0 | task 44414 | n_gen =    207, tg =  17.46 t/s, tg_3s =  17.87 t/s
ollama-1  | slot print_timing: id  0 | task 44414 | n_gen =    261, tg =  17.53 t/s, tg_3s =  17.82 t/s
ollama-1  | [GIN] 2026/10/07 - 07:23:55 | 200 |      32.715µs |       127.0.0.1 | HEAD     "/"
ollama-1  | [GIN] 2026/10/07 - 07:23:55 | 200 |     1.43108ms |       127.0.0.1 | GET      "/api/tags"
ollama-1  | slot print_timing: id  0 | task 44414 | n_gen =    314, tg =  17.51 t/s, tg_3s =  17.43 t/s
ollama-1  | slot print_timing: id  0 | task 44414 | n_gen =    367, tg =  17.51 t/s, tg_3s =  17.50 t/s
ollama-1  | slot print_timing: id  0 | task 44414 | n_gen =    420, tg =  17.52 t/s, tg_3s =  17.55 t/s
ollama-1  | [GIN] 2026/10/07 - 07:24:05 | 200 |      31.362µs |       127.0.0.1 | HEAD     "/"
ollama-1  | [GIN] 2026/10/07 - 07:24:05 | 200 |    1.912667ms |       127.0.0.1 | GET      "/api/tags"
ollama-1  | slot print_timing: id  0 | task 44414 | n_gen =    472, tg =  17.49 t/s, tg_3s =  17.30 t/s
ollama-1  | slot print_timing: id  0 | task 44414 | n_gen =    525, tg =  17.48 t/s, tg_3s =  17.35 t/s
ollama-1  | slot print_timing: id  0 | task 44414 | n_gen =    578, tg =  17.47 t/s, tg_3s =  17.34 t/s
ollama-1  | slot print_timing: id  0 | task 44414 | n_gen =    631, tg =  17.46 t/s, tg_3s =  17.41 t/s
ollama-1  | [GIN] 2026/10/07 - 07:24:15 | 200 |      29.118µs |       127.0.0.1 | HEAD     "/"
ollama-1  | [GIN] 2026/10/07 - 07:24:15 | 200 |    1.384768ms |       127.0.0.1 | GET      "/api/tags"
ollama-1  | slot print_timing: id  0 | task 44414 | n_gen =    683, tg =  17.44 t/s, tg_3s =  17.22 t/s
ollama-1  | slot print_timing: id  0 | task 44414 | n_gen =    736, tg =  17.44 t/s, tg_3s =  17.45 t/s
ollama-1  | slot print_timing: id  0 | task 44414 | n_gen =    790, tg =  17.46 t/s, tg_3s =  17.69 t/s
ollama-1  | [GIN] 2026/10/07 - 07:24:25 | 200 |      36.156µs |       127.0.0.1 | HEAD     "/"
ollama-1  | [GIN] 2026/10/07 - 07:24:25 | 200 |     1.39028ms |       127.0.0.1 | GET      "/api/tags"
ollama-1  | slot print_timing: id  0 | task 44414 | n_gen =    842, tg =  17.44 t/s, tg_3s =  17.14 t/s
ollama-1  | slot print_timing: id  0 | task 44414 | n_gen =    894, tg =  17.43 t/s, tg_3s =  17.27 t/s
ollama-1  | slot print_timing: id  0 | task 44414 | prompt eval time =     142.15 ms /     5 tokens (   28.43 ms per token,    35.17 tokens per second)
ollama-1  | slot print_timing: id  0 | task 44414 |        eval time =   54113.47 ms /   943 tokens (   57.45 ms per token,    17.41 tokens per second)
ollama-1  | slot print_timing: id  0 | task 44414 |       total time =   54255.62 ms /   948 tokens
ollama-1  | slot print_timing: id  0 | task 44414 |    graphs reused =      44613
ollama-1  | slot      release: id  0 | task 44414 | stop processing: n_tokens = 1402, truncated = 0
ollama-1  | srv  update_slots: all slots are idle
ollama-1  | [GIN] 2026/10/07 - 07:24:32 | 200 |         6m29s |      172.21.0.4 | POST     "/api/generate"
ollama-1  | srv  server_strea: conv_id= (empty=1)
ollama-1  | slot get_availabl: id  0 | task -1 |  - checking sim = 0.681 (322/473) > 0.100
ollama-1  | slot get_availabl: id  0 | task -1 | selected slot by LCP similarity, f_sim_best = 0.681 (> 0.100 thold), f_keep = 0.230
ollama-1  | srv  get_availabl: updating prompt cache
ollama-1  | srv   prompt_save:  - saving prompt with length 1402, total state size = 41.929 MiB (draft: 0.000 MiB)
ollama-1  | srv          load:  - looking for better prompt, base f_keep = 0.230, f_sim = 0.681
ollama-1  | srv          load:    - prompt with length     834, lcp =     322, f_keep = 0.386, f_sim = 0.681
ollama-1  | srv          load:    - prompt with length     819, lcp =     322, f_keep = 0.393, f_sim = 0.681
ollama-1  | srv          load:    - prompt with length     948, lcp =     322, f_keep = 0.340, f_sim = 0.681
ollama-1  | srv          load:    - prompt with length     807, lcp =     322, f_keep = 0.399, f_sim = 0.681
ollama-1  | srv          load:    - prompt with length    1137, lcp =     322, f_keep = 0.283, f_sim = 0.681
ollama-1  | srv          load:    - prompt with length     770, lcp =     322, f_keep = 0.418, f_sim = 0.681
ollama-1  | srv          load:    - prompt with length     705, lcp =     322, f_keep = 0.457, f_sim = 0.681
ollama-1  | srv          load:    - prompt with length    1002, lcp =     322, f_keep = 0.321, f_sim = 0.681
ollama-1  | srv          load:    - prompt with length    1321, lcp =     322, f_keep = 0.244, f_sim = 0.681
ollama-1  | srv          load:    - prompt with length    1006, lcp =     322, f_keep = 0.320, f_sim = 0.681
ollama-1  | srv          load:    - prompt with length    1464, lcp =     322, f_keep = 0.220, f_sim = 0.681
ollama-1  | srv          load:    - prompt with length    1095, lcp =     322, f_keep = 0.294, f_sim = 0.681
ollama-1  | srv          load:    - prompt with length     831, lcp =     322, f_keep = 0.387, f_sim = 0.681
ollama-1  | srv          load:    - prompt with length     669, lcp =     322, f_keep = 0.481, f_sim = 0.681
ollama-1  | srv          load:    - prompt with length     651, lcp =     322, f_keep = 0.495, f_sim = 0.681
ollama-1  | srv          load:    - prompt with length    1216, lcp =     322, f_keep = 0.265, f_sim = 0.681
ollama-1  | srv          load:    - prompt with length    1037, lcp =     322, f_keep = 0.311, f_sim = 0.681
ollama-1  | srv          load:    - prompt with length     875, lcp =     322, f_keep = 0.368, f_sim = 0.681
ollama-1  | srv          load:    - prompt with length    1021, lcp =     322, f_keep = 0.315, f_sim = 0.681
ollama-1  | srv          load:    - prompt with length    1340, lcp =     322, f_keep = 0.240, f_sim = 0.681
ollama-1  | srv          load:    - prompt with length     777, lcp =     322, f_keep = 0.414, f_sim = 0.681
ollama-1  | srv          load:    - prompt with length    1005, lcp =     322, f_keep = 0.320, f_sim = 0.681
ollama-1  | srv          load:    - prompt with length    1110, lcp =     327, f_keep = 0.295, f_sim = 0.691
ollama-1  | srv          load:    - prompt with length    1324, lcp =     322, f_keep = 0.243, f_sim = 0.681
ollama-1  | srv          load:    - prompt with length    1202, lcp =     322, f_keep = 0.268, f_sim = 0.681
ollama-1  | srv          load:    - prompt with length    1402, lcp =     322, f_keep = 0.230, f_sim = 0.681
ollama-1  | srv          load:  - found better prompt with f_keep = 0.295, f_sim = 0.691
ollama-1  | srv        update:  - cache state: 25 prompts, 1858.989 MiB (limits: 8192.000 MiB, 4096 tokens, 111304 est)
ollama-1  | srv        update:    - prompt 0x25882cd0:     834 tokens, checkpoints:  1,    46.567 MiB
ollama-1  | srv        update:    - prompt 0x2324cbb0:     819 tokens, checkpoints:  1,    48.013 MiB
ollama-1  | srv        update:    - prompt 0x2595b650:     948 tokens, checkpoints:  1,    47.568 MiB
ollama-1  | srv        update:    - prompt 0x2324cc60:     807 tokens, checkpoints:  1,    48.177 MiB
ollama-1  | srv        update:    - prompt 0x2d10a000:    1137 tokens, checkpoints:  3,    55.292 MiB
ollama-1  | srv        update:    - prompt 0x2d0dc3e0:     770 tokens, checkpoints:  4,    61.315 MiB
ollama-1  | srv        update:    - prompt 0x2324cd10:     705 tokens, checkpoints:  4,    69.442 MiB
ollama-1  | srv        update:    - prompt 0x2324d570:    1002 tokens, checkpoints:  4,    74.008 MiB
ollama-1  | srv        update:    - prompt 0x25971370:    1321 tokens, checkpoints:  5,    90.718 MiB
ollama-1  | srv        update:    - prompt 0x371ccdc0:    1006 tokens, checkpoints:  4,    74.109 MiB
ollama-1  | srv        update:    - prompt 0x2fa638f0:    1464 tokens, checkpoints:  4,    92.719 MiB
ollama-1  | srv        update:    - prompt 0x2324fa40:    1095 tokens, checkpoints:  5,    88.083 MiB
ollama-1  | srv        update:    - prompt 0x371e0880:     831 tokens, checkpoints:  4,    71.295 MiB
ollama-1  | srv        update:    - prompt 0x25935fc0:     669 tokens, checkpoints:  4,    68.957 MiB
ollama-1  | srv        update:    - prompt 0x25651a10:     651 tokens, checkpoints:  5,    75.670 MiB
ollama-1  | srv        update:    - prompt 0x2582b290:    1216 tokens, checkpoints:  3,    86.614 MiB
ollama-1  | srv        update:    - prompt 0x253dedc0:    1037 tokens, checkpoints:  3,    77.016 MiB
ollama-1  | srv        update:    - prompt 0x2cca61e0:     875 tokens, checkpoints:  6,    99.179 MiB
ollama-1  | srv        update:    - prompt 0x256395b0:    1021 tokens, checkpoints:  3,    76.375 MiB
ollama-1  | srv        update:    - prompt 0x2fd601d0:    1340 tokens, checkpoints:  4,    89.569 MiB
ollama-1  | srv        update:    - prompt 0x2586cc20:     777 tokens, checkpoints:  4,    65.136 MiB
ollama-1  | srv        update:    - prompt 0x25875ca0:    1005 tokens, checkpoints:  4,    69.561 MiB
ollama-1  | srv        update:    - prompt 0x2d14c790:    1324 tokens, checkpoints:  5,    91.586 MiB
ollama-1  | srv        update:    - prompt 0x25922170:    1202 tokens, checkpoints:  6,    96.673 MiB
ollama-1  | srv        update:    - prompt 0x257811a0:    1402 tokens, checkpoints:  6,    95.346 MiB
ollama-1  | srv  get_availabl: prompt cache update took 36.26 ms
ollama-1  | slot launch_slot_: id  0 | task -1 | sampler chain: logits -> ?penalties -> ?dry -> ?top-n-sigma -> top-k -> ?typical -> top-p -> ?min-p -> ?xtc -> temp-ext -> dist 
ollama-1  | slot launch_slot_: id  0 | task -1 | sampler params: 
ollama-1  | 	repeat_last_n = 64, repeat_penalty = 1.000, frequency_penalty = 0.000, presence_penalty = 0.000
ollama-1  | 	dry_multiplier = 0.000, dry_base = 1.750, dry_allowed_length = 2, dry_penalty_last_n = 64
ollama-1  | 	top_k = 64, top_p = 0.950, min_p = 0.000, xtc_probability = 0.000, xtc_threshold = 0.100, typical_p = 1.000, top_n_sigma = -1.000, temp = 0.000
ollama-1  | 	mirostat = 0, mirostat_lr = 0.100, mirostat_ent = 5.000, adaptive_target = -1.000, adaptive_decay = 0.900
ollama-1  | slot launch_slot_: id  0 | task 45359 | processing task, is_child = 0
ollama-1  | slot   operator(): id  0 | task 45359 | new prompt, n_ctx_slot = 4096, n_keep = 4, task.n_tokens = 473
ollama-1  | slot   operator(): id  0 | task 45359 | checking checkpoint with [0, 587] against 0...
ollama-1  | slot   operator(): id  0 | task 45359 | checking checkpoint with [0, 79] against 0...
ollama-1  | slot   operator(): id  0 | task 45359 | restored context checkpoint (pos_min = 0, pos_max = 79, n_tokens = 80, n_past = 79, size = 3.126 MiB)
ollama-1  | slot   operator(): id  0 | task 45359 | erased invalidated context checkpoint (pos_min = 0, pos_max = 587, n_tokens = 588, n_swa = 512, pos_next = 79, size = 20.006 MiB)
ollama-1  | slot   operator(): id  0 | task 45359 | cached n_tokens = 79, memory_seq_rm [79, end)
ollama-1  | slot create_check: id  0 | task 45359 | created context checkpoint 5 of 32 (pos_min = 0, pos_max = 78, n_tokens = 79, size = 3.087 MiB)
ollama-1  | [GIN] 2026/10/07 - 07:24:35 | 200 |      31.959µs |       127.0.0.1 | HEAD     "/"
ollama-1  | [GIN] 2026/10/07 - 07:24:35 | 200 |    3.069839ms |       127.0.0.1 | GET      "/api/tags"
ollama-1  | slot print_timing: id  0 | task 45359 | prompt processing, n_tokens =    390, progress = 0.99, t =   3.58 s / 109.03 tokens per second
ollama-1  | slot   operator(): id  0 | task 45359 | cached n_tokens = 469, memory_seq_rm [469, end)
ollama-1  | slot init_sampler: id  0 | task 45359 | init sampler, took 0.06 ms, tokens: text = 473, total = 473
ollama-1  | slot create_check: id  0 | task 45359 | created context checkpoint 6 of 32 (pos_min = 0, pos_max = 468, n_tokens = 469, size = 18.326 MiB)
ollama-1  | slot print_timing: id  0 | task 45359 | n_gen =    100, tg =  17.75 t/s, tg_3s =  17.93 t/s
ollama-1  | slot print_timing: id  0 | task 45359 | n_gen =    154, tg =  17.74 t/s, tg_3s =  17.72 t/s
ollama-1  | [GIN] 2026/10/07 - 07:24:45 | 200 |       29.98µs |       127.0.0.1 | HEAD     "/"
ollama-1  | [GIN] 2026/10/07 - 07:24:45 | 200 |    1.551741ms |       127.0.0.1 | GET      "/api/tags"
ollama-1  | slot print_timing: id  0 | task 45359 | n_gen =    208, tg =  17.74 t/s, tg_3s =  17.74 t/s
ollama-1  | slot print_timing: id  0 | task 45359 | n_gen =    262, tg =  17.78 t/s, tg_3s =  17.91 t/s
ollama-1  | slot print_timing: id  0 | task 45359 | n_gen =    315, tg =  17.75 t/s, tg_3s =  17.62 t/s
ollama-1  | [GIN] 2026/10/07 - 07:24:55 | 200 |      38.309µs |       127.0.0.1 | HEAD     "/"
ollama-1  | [GIN] 2026/10/07 - 07:24:55 | 200 |    1.616114ms |       127.0.0.1 | GET      "/api/tags"
ollama-1  | slot print_timing: id  0 | task 45359 | n_gen =    367, tg =  17.68 t/s, tg_3s =  17.25 t/s
ollama-1  | slot print_timing: id  0 | task 45359 | n_gen =    419, tg =  17.63 t/s, tg_3s =  17.33 t/s
ollama-1  | slot print_timing: id  0 | task 45359 | n_gen =    472, tg =  17.62 t/s, tg_3s =  17.52 t/s
ollama-1  | slot print_timing: id  0 | task 45359 | prompt eval time =    3659.23 ms /   394 tokens (    9.29 ms per token,   107.67 tokens per second)
ollama-1  | slot print_timing: id  0 | task 45359 |        eval time =   27726.95 ms /   489 tokens (   56.82 ms per token,    17.60 tokens per second)
ollama-1  | slot print_timing: id  0 | task 45359 |       total time =   31386.18 ms /   883 tokens
ollama-1  | slot print_timing: id  0 | task 45359 |    graphs reused =      45098
ollama-1  | slot      release: id  0 | task 45359 | stop processing: n_tokens = 961, truncated = 0
ollama-1  | srv  update_slots: all slots are idle
ollama-1  | [GIN] 2026/10/07 - 07:25:04 | 200 |         6m58s |      172.21.0.4 | POST     "/api/generate"
ollama-1  | srv  server_strea: conv_id= (empty=1)
ollama-1  | slot get_availabl: id  0 | task -1 |  - checking sim = 0.479 (322/672) > 0.100
ollama-1  | slot get_availabl: id  0 | task -1 | selected slot by LCP similarity, f_sim_best = 0.479 (> 0.100 thold), f_keep = 0.335
ollama-1  | srv  get_availabl: updating prompt cache
ollama-1  | srv   prompt_save:  - saving prompt with length 961, total state size = 35.033 MiB (draft: 0.000 MiB)
ollama-1  | srv          load:  - looking for better prompt, base f_keep = 0.335, f_sim = 0.479
ollama-1  | srv          load:    - prompt with length     834, lcp =     322, f_keep = 0.386, f_sim = 0.479
ollama-1  | srv          load:    - prompt with length     819, lcp =     322, f_keep = 0.393, f_sim = 0.479
ollama-1  | srv          load:    - prompt with length     948, lcp =     322, f_keep = 0.340, f_sim = 0.479
ollama-1  | srv          load:    - prompt with length     807, lcp =     322, f_keep = 0.399, f_sim = 0.479
ollama-1  | srv          load:    - prompt with length    1137, lcp =     322, f_keep = 0.283, f_sim = 0.479
ollama-1  | srv          load:    - prompt with length     770, lcp =     322, f_keep = 0.418, f_sim = 0.479
ollama-1  | srv          load:    - prompt with length     705, lcp =     322, f_keep = 0.457, f_sim = 0.479
ollama-1  | srv          load:    - prompt with length    1002, lcp =     322, f_keep = 0.321, f_sim = 0.479
ollama-1  | srv          load:    - prompt with length    1321, lcp =     672, f_keep = 0.509, f_sim = 1.000
ollama-1  | srv          load:    - prompt with length    1006, lcp =     322, f_keep = 0.320, f_sim = 0.479
ollama-1  | srv          load:    - prompt with length    1464, lcp =     322, f_keep = 0.220, f_sim = 0.479
ollama-1  | srv          load:    - prompt with length    1095, lcp =     322, f_keep = 0.294, f_sim = 0.479
ollama-1  | srv          load:    - prompt with length     831, lcp =     322, f_keep = 0.387, f_sim = 0.479
ollama-1  | srv          load:    - prompt with length     669, lcp =     322, f_keep = 0.481, f_sim = 0.479
ollama-1  | srv          load:    - prompt with length     651, lcp =     322, f_keep = 0.495, f_sim = 0.479
ollama-1  | srv          load:    - prompt with length    1216, lcp =     322, f_keep = 0.265, f_sim = 0.479
ollama-1  | srv          load:    - prompt with length    1037, lcp =     322, f_keep = 0.311, f_sim = 0.479
ollama-1  | srv          load:    - prompt with length     875, lcp =     322, f_keep = 0.368, f_sim = 0.479
ollama-1  | srv          load:    - prompt with length    1021, lcp =     322, f_keep = 0.315, f_sim = 0.479
ollama-1  | srv          load:    - prompt with length    1340, lcp =     322, f_keep = 0.240, f_sim = 0.479
ollama-1  | srv          load:    - prompt with length     777, lcp =     322, f_keep = 0.414, f_sim = 0.479
ollama-1  | srv          load:    - prompt with length    1005, lcp =     322, f_keep = 0.320, f_sim = 0.479
ollama-1  | srv          load:    - prompt with length    1324, lcp =     322, f_keep = 0.243, f_sim = 0.479
ollama-1  | srv          load:    - prompt with length    1202, lcp =     322, f_keep = 0.268, f_sim = 0.479
ollama-1  | srv          load:    - prompt with length    1402, lcp =     322, f_keep = 0.230, f_sim = 0.479
ollama-1  | srv          load:    - prompt with length     961, lcp =     322, f_keep = 0.335, f_sim = 0.479
ollama-1  | srv          load:  - found better prompt with f_keep = 0.509, f_sim = 1.000
ollama-1  | srv        update:  - cache state: 25 prompts, 1834.565 MiB (limits: 8192.000 MiB, 4096 tokens, 111178 est)
ollama-1  | srv        update:    - prompt 0x25882cd0:     834 tokens, checkpoints:  1,    46.567 MiB
ollama-1  | srv        update:    - prompt 0x2324cbb0:     819 tokens, checkpoints:  1,    48.013 MiB
ollama-1  | srv        update:    - prompt 0x2595b650:     948 tokens, checkpoints:  1,    47.568 MiB
ollama-1  | srv        update:    - prompt 0x2324cc60:     807 tokens, checkpoints:  1,    48.177 MiB
ollama-1  | srv        update:    - prompt 0x2d10a000:    1137 tokens, checkpoints:  3,    55.292 MiB
ollama-1  | srv        update:    - prompt 0x2d0dc3e0:     770 tokens, checkpoints:  4,    61.315 MiB
ollama-1  | srv        update:    - prompt 0x2324cd10:     705 tokens, checkpoints:  4,    69.442 MiB
ollama-1  | srv        update:    - prompt 0x2324d570:    1002 tokens, checkpoints:  4,    74.008 MiB
ollama-1  | srv        update:    - prompt 0x371ccdc0:    1006 tokens, checkpoints:  4,    74.109 MiB
ollama-1  | srv        update:    - prompt 0x2fa638f0:    1464 tokens, checkpoints:  4,    92.719 MiB
ollama-1  | srv        update:    - prompt 0x2324fa40:    1095 tokens, checkpoints:  5,    88.083 MiB
ollama-1  | srv        update:    - prompt 0x371e0880:     831 tokens, checkpoints:  4,    71.295 MiB
ollama-1  | srv        update:    - prompt 0x25935fc0:     669 tokens, checkpoints:  4,    68.957 MiB
ollama-1  | srv        update:    - prompt 0x25651a10:     651 tokens, checkpoints:  5,    75.670 MiB
ollama-1  | srv        update:    - prompt 0x2582b290:    1216 tokens, checkpoints:  3,    86.614 MiB
ollama-1  | srv        update:    - prompt 0x253dedc0:    1037 tokens, checkpoints:  3,    77.016 MiB
ollama-1  | srv        update:    - prompt 0x2cca61e0:     875 tokens, checkpoints:  6,    99.179 MiB
ollama-1  | srv        update:    - prompt 0x256395b0:    1021 tokens, checkpoints:  3,    76.375 MiB
ollama-1  | srv        update:    - prompt 0x2fd601d0:    1340 tokens, checkpoints:  4,    89.569 MiB
ollama-1  | srv        update:    - prompt 0x2586cc20:     777 tokens, checkpoints:  4,    65.136 MiB
ollama-1  | srv        update:    - prompt 0x25875ca0:    1005 tokens, checkpoints:  4,    69.561 MiB
ollama-1  | srv        update:    - prompt 0x2d14c790:    1324 tokens, checkpoints:  5,    91.586 MiB
ollama-1  | srv        update:    - prompt 0x25922170:    1202 tokens, checkpoints:  6,    96.673 MiB
ollama-1  | srv        update:    - prompt 0x257811a0:    1402 tokens, checkpoints:  6,    95.346 MiB
ollama-1  | srv        update:    - prompt 0x34805b10:     961 tokens, checkpoints:  6,    66.295 MiB
ollama-1  | srv  get_availabl: prompt cache update took 28.88 ms
ollama-1  | slot launch_slot_: id  0 | task -1 | sampler chain: logits -> ?penalties -> ?dry -> ?top-n-sigma -> top-k -> ?typical -> top-p -> ?min-p -> ?xtc -> temp-ext -> dist 
ollama-1  | slot launch_slot_: id  0 | task -1 | sampler params: 
ollama-1  | 	repeat_last_n = 64, repeat_penalty = 1.000, frequency_penalty = 0.000, presence_penalty = 0.000
ollama-1  | 	dry_multiplier = 0.000, dry_base = 1.750, dry_allowed_length = 2, dry_penalty_last_n = 64
ollama-1  | 	top_k = 64, top_p = 0.950, min_p = 0.000, xtc_probability = 0.000, xtc_threshold = 0.100, typical_p = 1.000, top_n_sigma = -1.000, temp = 0.000
ollama-1  | 	mirostat = 0, mirostat_lr = 0.100, mirostat_ent = 5.000, adaptive_target = -1.000, adaptive_decay = 0.900
ollama-1  | slot launch_slot_: id  0 | task 45850 | processing task, is_child = 0
ollama-1  | slot   operator(): id  0 | task 45850 | new prompt, n_ctx_slot = 4096, n_keep = 4, task.n_tokens = 672
ollama-1  | slot   operator(): id  0 | task 45850 | checking checkpoint with [156, 667] against 159...
ollama-1  | slot   operator(): id  0 | task 45850 | restored context checkpoint (pos_min = 156, pos_max = 667, n_tokens = 668, n_past = 667, size = 20.006 MiB)
ollama-1  | slot   operator(): id  0 | task 45850 | cached n_tokens = 667, memory_seq_rm [667, end)
ollama-1  | slot create_check: id  0 | task 45850 | superseding context checkpoint at n_tokens = 667
ollama-1  | slot create_check: id  0 | task 45850 | created context checkpoint 5 of 32 (pos_min = 156, pos_max = 666, n_tokens = 667, size = 19.967 MiB)
ollama-1  | slot   operator(): id  0 | task 45850 | cached n_tokens = 668, memory_seq_rm [668, end)
ollama-1  | slot init_sampler: id  0 | task 45850 | init sampler, took 0.08 ms, tokens: text = 672, total = 672
ollama-1  | slot create_check: id  0 | task 45850 | superseding context checkpoint at n_tokens = 668
ollama-1  | slot create_check: id  0 | task 45850 | created context checkpoint 5 of 32 (pos_min = 156, pos_max = 667, n_tokens = 668, size = 20.006 MiB)
ollama-1  | [GIN] 2026/10/07 - 07:25:05 | 200 |      30.683µs |       127.0.0.1 | HEAD     "/"
ollama-1  | [GIN] 2026/10/07 - 07:25:05 | 200 |    1.503963ms |       127.0.0.1 | GET      "/api/tags"
ollama-1  | slot print_timing: id  0 | task 45850 | n_gen =    100, tg =  17.37 t/s, tg_3s =  17.55 t/s
ollama-1  | slot print_timing: id  0 | task 45850 | n_gen =    153, tg =  17.42 t/s, tg_3s =  17.51 t/s
ollama-1  | [GIN] 2026/10/07 - 07:25:15 | 200 |      25.851µs |       127.0.0.1 | HEAD     "/"
ollama-1  | [GIN] 2026/10/07 - 07:25:15 | 200 |    1.105848ms |       127.0.0.1 | GET      "/api/tags"
ollama-1  | slot print_timing: id  0 | task 45850 | n_gen =    206, tg =  17.42 t/s, tg_3s =  17.41 t/s
ollama-1  | slot print_timing: id  0 | task 45850 | n_gen =    260, tg =  17.48 t/s, tg_3s =  17.73 t/s
ollama-1  | slot print_timing: id  0 | task 45850 | n_gen =    314, tg =  17.52 t/s, tg_3s =  17.70 t/s
ollama-1  | slot print_timing: id  0 | task 45850 | n_gen =    368, tg =  17.55 t/s, tg_3s =  17.73 t/s
ollama-1  | [GIN] 2026/10/07 - 07:25:25 | 200 |      39.214µs |       127.0.0.1 | HEAD     "/"
ollama-1  | [GIN] 2026/10/07 - 07:25:25 | 200 |    1.243048ms |       127.0.0.1 | GET      "/api/tags"
ollama-1  | slot print_timing: id  0 | task 45850 | n_gen =    420, tg =  17.49 t/s, tg_3s =  17.06 t/s
ollama-1  | slot print_timing: id  0 | task 45850 | n_gen =    473, tg =  17.48 t/s, tg_3s =  17.45 t/s
ollama-1  | slot print_timing: id  0 | task 45850 | n_gen =    525, tg =  17.46 t/s, tg_3s =  17.25 t/s
ollama-1  | [GIN] 2026/10/07 - 07:25:35 | 200 |      32.131µs |       127.0.0.1 | HEAD     "/"
ollama-1  | [GIN] 2026/10/07 - 07:25:35 | 200 |    1.535423ms |       127.0.0.1 | GET      "/api/tags"
ollama-1  | slot print_timing: id  0 | task 45850 | n_gen =    577, tg =  17.43 t/s, tg_3s =  17.17 t/s
ollama-1  | slot print_timing: id  0 | task 45850 | n_gen =    629, tg =  17.42 t/s, tg_3s =  17.23 t/s
ollama-1  | slot print_timing: id  0 | task 45850 | prompt eval time =     138.81 ms /     5 tokens (   27.76 ms per token,    36.02 tokens per second)
ollama-1  | slot print_timing: id  0 | task 45850 |        eval time =   37310.17 ms /   650 tokens (   57.49 ms per token,    17.39 tokens per second)
ollama-1  | slot print_timing: id  0 | task 45850 |       total time =   37448.98 ms /   655 tokens
ollama-1  | slot print_timing: id  0 | task 45850 |    graphs reused =      45742
ollama-1  | slot      release: id  0 | task 45850 | stop processing: n_tokens = 1321, truncated = 0
ollama-1  | srv  update_slots: all slots are idle
ollama-1  | [GIN] 2026/10/07 - 07:25:41 | 200 |         7m34s |      172.21.0.4 | POST     "/api/generate"
ollama-1  | srv  server_strea: conv_id= (empty=1)
ollama-1  | slot get_availabl: id  0 | task -1 |  - checking sim = 0.678 (322/475) > 0.100
ollama-1  | slot get_availabl: id  0 | task -1 | selected slot by LCP similarity, f_sim_best = 0.678 (> 0.100 thold), f_keep = 0.244
ollama-1  | srv  get_availabl: updating prompt cache
ollama-1  | srv   prompt_save:  - saving prompt with length 1321, total state size = 40.662 MiB (draft: 0.000 MiB)
ollama-1  | srv          load:  - looking for better prompt, base f_keep = 0.244, f_sim = 0.678
ollama-1  | srv          load:    - prompt with length     834, lcp =     322, f_keep = 0.386, f_sim = 0.678
ollama-1  | srv          load:    - prompt with length     819, lcp =     322, f_keep = 0.393, f_sim = 0.678
ollama-1  | srv          load:    - prompt with length     948, lcp =     322, f_keep = 0.340, f_sim = 0.678
ollama-1  | srv          load:    - prompt with length     807, lcp =     322, f_keep = 0.399, f_sim = 0.678
ollama-1  | srv          load:    - prompt with length    1137, lcp =     322, f_keep = 0.283, f_sim = 0.678
ollama-1  | srv          load:    - prompt with length     770, lcp =     322, f_keep = 0.418, f_sim = 0.678
ollama-1  | srv          load:    - prompt with length     705, lcp =     322, f_keep = 0.457, f_sim = 0.678
ollama-1  | srv          load:    - prompt with length    1002, lcp =     323, f_keep = 0.322, f_sim = 0.680
ollama-1  | srv          load:    - prompt with length    1006, lcp =     475, f_keep = 0.472, f_sim = 1.000
ollama-1  | srv          load:    - prompt with length    1464, lcp =     322, f_keep = 0.220, f_sim = 0.678
ollama-1  | srv          load:    - prompt with length    1095, lcp =     322, f_keep = 0.294, f_sim = 0.678
ollama-1  | srv          load:    - prompt with length     831, lcp =     322, f_keep = 0.387, f_sim = 0.678
ollama-1  | srv          load:    - prompt with length     669, lcp =     323, f_keep = 0.483, f_sim = 0.680
ollama-1  | srv          load:    - prompt with length     651, lcp =     323, f_keep = 0.496, f_sim = 0.680
ollama-1  | srv          load:    - prompt with length    1216, lcp =     322, f_keep = 0.265, f_sim = 0.678
ollama-1  | srv          load:    - prompt with length    1037, lcp =     323, f_keep = 0.311, f_sim = 0.680
ollama-1  | srv          load:    - prompt with length     875, lcp =     323, f_keep = 0.369, f_sim = 0.680
ollama-1  | srv          load:    - prompt with length    1021, lcp =     323, f_keep = 0.316, f_sim = 0.680
ollama-1  | srv          load:    - prompt with length    1340, lcp =     322, f_keep = 0.240, f_sim = 0.678
ollama-1  | srv          load:    - prompt with length     777, lcp =     322, f_keep = 0.414, f_sim = 0.678
ollama-1  | srv          load:    - prompt with length    1005, lcp =     322, f_keep = 0.320, f_sim = 0.678
ollama-1  | srv          load:    - prompt with length    1324, lcp =     322, f_keep = 0.243, f_sim = 0.678
ollama-1  | srv          load:    - prompt with length    1202, lcp =     322, f_keep = 0.268, f_sim = 0.678
ollama-1  | srv          load:    - prompt with length    1402, lcp =     322, f_keep = 0.230, f_sim = 0.678
ollama-1  | srv          load:    - prompt with length     961, lcp =     322, f_keep = 0.335, f_sim = 0.678
ollama-1  | srv          load:    - prompt with length    1321, lcp =     322, f_keep = 0.244, f_sim = 0.678
ollama-1  | srv          load:  - found better prompt with f_keep = 0.472, f_sim = 1.000
ollama-1  | srv        update:  - cache state: 25 prompts, 1851.174 MiB (limits: 8192.000 MiB, 4096 tokens, 111575 est)
ollama-1  | srv        update:    - prompt 0x25882cd0:     834 tokens, checkpoints:  1,    46.567 MiB
ollama-1  | srv        update:    - prompt 0x2324cbb0:     819 tokens, checkpoints:  1,    48.013 MiB
ollama-1  | srv        update:    - prompt 0x2595b650:     948 tokens, checkpoints:  1,    47.568 MiB
ollama-1  | srv        update:    - prompt 0x2324cc60:     807 tokens, checkpoints:  1,    48.177 MiB
ollama-1  | srv        update:    - prompt 0x2d10a000:    1137 tokens, checkpoints:  3,    55.292 MiB
ollama-1  | srv        update:    - prompt 0x2d0dc3e0:     770 tokens, checkpoints:  4,    61.315 MiB
ollama-1  | srv        update:    - prompt 0x2324cd10:     705 tokens, checkpoints:  4,    69.442 MiB
ollama-1  | srv        update:    - prompt 0x2324d570:    1002 tokens, checkpoints:  4,    74.008 MiB
ollama-1  | srv        update:    - prompt 0x2fa638f0:    1464 tokens, checkpoints:  4,    92.719 MiB
ollama-1  | srv        update:    - prompt 0x2324fa40:    1095 tokens, checkpoints:  5,    88.083 MiB
ollama-1  | srv        update:    - prompt 0x371e0880:     831 tokens, checkpoints:  4,    71.295 MiB
ollama-1  | srv        update:    - prompt 0x25935fc0:     669 tokens, checkpoints:  4,    68.957 MiB
ollama-1  | srv        update:    - prompt 0x25651a10:     651 tokens, checkpoints:  5,    75.670 MiB
ollama-1  | srv        update:    - prompt 0x2582b290:    1216 tokens, checkpoints:  3,    86.614 MiB
ollama-1  | srv        update:    - prompt 0x253dedc0:    1037 tokens, checkpoints:  3,    77.016 MiB
ollama-1  | srv        update:    - prompt 0x2cca61e0:     875 tokens, checkpoints:  6,    99.179 MiB
ollama-1  | srv        update:    - prompt 0x256395b0:    1021 tokens, checkpoints:  3,    76.375 MiB
ollama-1  | srv        update:    - prompt 0x2fd601d0:    1340 tokens, checkpoints:  4,    89.569 MiB
ollama-1  | srv        update:    - prompt 0x2586cc20:     777 tokens, checkpoints:  4,    65.136 MiB
ollama-1  | srv        update:    - prompt 0x25875ca0:    1005 tokens, checkpoints:  4,    69.561 MiB
ollama-1  | srv        update:    - prompt 0x2d14c790:    1324 tokens, checkpoints:  5,    91.586 MiB
ollama-1  | srv        update:    - prompt 0x25922170:    1202 tokens, checkpoints:  6,    96.673 MiB
ollama-1  | srv        update:    - prompt 0x257811a0:    1402 tokens, checkpoints:  6,    95.346 MiB
ollama-1  | srv        update:    - prompt 0x34805b10:     961 tokens, checkpoints:  6,    66.295 MiB
ollama-1  | srv        update:    - prompt 0x2fb34bb0:    1321 tokens, checkpoints:  5,    90.718 MiB
ollama-1  | srv  get_availabl: prompt cache update took 38.08 ms
ollama-1  | slot launch_slot_: id  0 | task -1 | sampler chain: logits -> ?penalties -> ?dry -> ?top-n-sigma -> top-k -> ?typical -> top-p -> ?min-p -> ?xtc -> temp-ext -> dist 
ollama-1  | slot launch_slot_: id  0 | task -1 | sampler params: 
ollama-1  | 	repeat_last_n = 64, repeat_penalty = 1.000, frequency_penalty = 0.000, presence_penalty = 0.000
ollama-1  | 	dry_multiplier = 0.000, dry_base = 1.750, dry_allowed_length = 2, dry_penalty_last_n = 64
ollama-1  | 	top_k = 64, top_p = 0.950, min_p = 0.000, xtc_probability = 0.000, xtc_threshold = 0.100, typical_p = 1.000, top_n_sigma = -1.000, temp = 0.000
ollama-1  | 	mirostat = 0, mirostat_lr = 0.100, mirostat_ent = 5.000, adaptive_target = -1.000, adaptive_decay = 0.900
ollama-1  | slot launch_slot_: id  0 | task 46502 | processing task, is_child = 0
ollama-1  | slot   operator(): id  0 | task 46502 | new prompt, n_ctx_slot = 4096, n_keep = 4, task.n_tokens = 475
ollama-1  | slot   operator(): id  0 | task 46502 | checking checkpoint with [0, 470] against 0...
ollama-1  | slot   operator(): id  0 | task 46502 | restored context checkpoint (pos_min = 0, pos_max = 470, n_tokens = 471, n_past = 470, size = 18.404 MiB)
ollama-1  | slot   operator(): id  0 | task 46502 | cached n_tokens = 470, memory_seq_rm [470, end)
ollama-1  | slot create_check: id  0 | task 46502 | superseding context checkpoint at n_tokens = 470
ollama-1  | slot create_check: id  0 | task 46502 | created context checkpoint 4 of 32 (pos_min = 0, pos_max = 469, n_tokens = 470, size = 18.365 MiB)
ollama-1  | slot   operator(): id  0 | task 46502 | cached n_tokens = 471, memory_seq_rm [471, end)
ollama-1  | slot init_sampler: id  0 | task 46502 | init sampler, took 0.06 ms, tokens: text = 475, total = 475
ollama-1  | slot create_check: id  0 | task 46502 | superseding context checkpoint at n_tokens = 471
ollama-1  | slot create_check: id  0 | task 46502 | created context checkpoint 4 of 32 (pos_min = 0, pos_max = 470, n_tokens = 471, size = 18.404 MiB)
ollama-1  | [GIN] 2026/10/07 - 07:25:45 | 200 |      36.913µs |       127.0.0.1 | HEAD     "/"
ollama-1  | [GIN] 2026/10/07 - 07:25:45 | 200 |     967.652µs |       127.0.0.1 | GET      "/api/tags"
ollama-1  | slot print_timing: id  0 | task 46502 | n_gen =    100, tg =  17.74 t/s, tg_3s =  17.92 t/s
ollama-1  | slot print_timing: id  0 | task 46502 | n_gen =    153, tg =  17.69 t/s, tg_3s =  17.58 t/s
ollama-1  | slot print_timing: id  0 | task 46502 | n_gen =    206, tg =  17.59 t/s, tg_3s =  17.33 t/s
ollama-1  | [GIN] 2026/10/07 - 07:25:56 | 200 |      27.954µs |       127.0.0.1 | HEAD     "/"
ollama-1  | [GIN] 2026/10/07 - 07:25:56 | 200 |    2.508352ms |       127.0.0.1 | GET      "/api/tags"
ollama-1  | slot print_timing: id  0 | task 46502 | n_gen =    258, tg =  17.52 t/s, tg_3s =  17.23 t/s
ollama-1  | slot print_timing: id  0 | task 46502 | n_gen =    311, tg =  17.49 t/s, tg_3s =  17.35 t/s
ollama-1  | slot print_timing: id  0 | task 46502 | n_gen =    363, tg =  17.44 t/s, tg_3s =  17.12 t/s
ollama-1  | slot print_timing: id  0 | task 46502 | n_gen =    416, tg =  17.42 t/s, tg_3s =  17.34 t/s
ollama-1  | [GIN] 2026/10/07 - 07:26:06 | 200 |      34.758µs |       127.0.0.1 | HEAD     "/"
ollama-1  | [GIN] 2026/10/07 - 07:26:06 | 200 |     2.03464ms |       127.0.0.1 | GET      "/api/tags"
ollama-1  | slot print_timing: id  0 | task 46502 | n_gen =    468, tg =  17.39 t/s, tg_3s =  17.13 t/s
ollama-1  | slot print_timing: id  0 | task 46502 | n_gen =    521, tg =  17.39 t/s, tg_3s =  17.41 t/s
ollama-1  | slot print_timing: id  0 | task 46502 | prompt eval time =     136.69 ms /     5 tokens (   27.34 ms per token,    36.58 tokens per second)
ollama-1  | slot print_timing: id  0 | task 46502 |        eval time =   30556.10 ms /   532 tokens (   57.54 ms per token,    17.38 tokens per second)
ollama-1  | slot print_timing: id  0 | task 46502 |       total time =   30692.79 ms /   537 tokens
ollama-1  | slot print_timing: id  0 | task 46502 |    graphs reused =      46270
ollama-1  | slot      release: id  0 | task 46502 | stop processing: n_tokens = 1006, truncated = 0
ollama-1  | srv  update_slots: all slots are idle
ollama-1  | [GIN] 2026/10/07 - 07:26:12 | 200 |          8m0s |      172.21.0.4 | POST     "/api/generate"
ollama-1  | srv  server_strea: conv_id= (empty=1)
ollama-1  | slot get_availabl: id  0 | task -1 |  - checking sim = 0.433 (322/744) > 0.100
ollama-1  | slot get_availabl: id  0 | task -1 | selected slot by LCP similarity, f_sim_best = 0.433 (> 0.100 thold), f_keep = 0.320
ollama-1  | srv  get_availabl: updating prompt cache
ollama-1  | srv   prompt_save:  - saving prompt with length 1006, total state size = 35.737 MiB (draft: 0.000 MiB)
ollama-1  | srv          load:  - looking for better prompt, base f_keep = 0.320, f_sim = 0.433
ollama-1  | srv          load:    - prompt with length     834, lcp =     322, f_keep = 0.386, f_sim = 0.433
ollama-1  | srv          load:    - prompt with length     819, lcp =     322, f_keep = 0.393, f_sim = 0.433
ollama-1  | srv          load:    - prompt with length     948, lcp =     322, f_keep = 0.340, f_sim = 0.433
ollama-1  | srv          load:    - prompt with length     807, lcp =     322, f_keep = 0.399, f_sim = 0.433
ollama-1  | srv          load:    - prompt with length    1137, lcp =     322, f_keep = 0.283, f_sim = 0.433
ollama-1  | srv          load:    - prompt with length     770, lcp =     322, f_keep = 0.418, f_sim = 0.433
ollama-1  | srv          load:    - prompt with length     705, lcp =     322, f_keep = 0.457, f_sim = 0.433
ollama-1  | srv          load:    - prompt with length    1002, lcp =     322, f_keep = 0.321, f_sim = 0.433
ollama-1  | srv          load:    - prompt with length    1464, lcp =     744, f_keep = 0.508, f_sim = 1.000
ollama-1  | srv          load:    - prompt with length    1095, lcp =     322, f_keep = 0.294, f_sim = 0.433
ollama-1  | srv          load:    - prompt with length     831, lcp =     322, f_keep = 0.387, f_sim = 0.433
ollama-1  | srv          load:    - prompt with length     669, lcp =     322, f_keep = 0.481, f_sim = 0.433
ollama-1  | srv          load:    - prompt with length     651, lcp =     322, f_keep = 0.495, f_sim = 0.433
ollama-1  | srv          load:    - prompt with length    1216, lcp =     322, f_keep = 0.265, f_sim = 0.433
ollama-1  | srv          load:    - prompt with length    1037, lcp =     322, f_keep = 0.311, f_sim = 0.433
ollama-1  | srv          load:    - prompt with length     875, lcp =     322, f_keep = 0.368, f_sim = 0.433
ollama-1  | srv          load:    - prompt with length    1021, lcp =     322, f_keep = 0.315, f_sim = 0.433
ollama-1  | srv          load:    - prompt with length    1340, lcp =     322, f_keep = 0.240, f_sim = 0.433
ollama-1  | srv          load:    - prompt with length     777, lcp =     322, f_keep = 0.414, f_sim = 0.433
ollama-1  | srv          load:    - prompt with length    1005, lcp =     322, f_keep = 0.320, f_sim = 0.433
ollama-1  | srv          load:    - prompt with length    1324, lcp =     322, f_keep = 0.243, f_sim = 0.433
ollama-1  | srv          load:    - prompt with length    1202, lcp =     322, f_keep = 0.268, f_sim = 0.433
ollama-1  | srv          load:    - prompt with length    1402, lcp =     322, f_keep = 0.230, f_sim = 0.433
ollama-1  | srv          load:    - prompt with length     961, lcp =     322, f_keep = 0.335, f_sim = 0.433
ollama-1  | srv          load:    - prompt with length    1321, lcp =     322, f_keep = 0.244, f_sim = 0.433
ollama-1  | srv          load:    - prompt with length    1006, lcp =     322, f_keep = 0.320, f_sim = 0.433
ollama-1  | srv          load:  - found better prompt with f_keep = 0.508, f_sim = 1.000
ollama-1  | srv        update:  - cache state: 25 prompts, 1832.564 MiB (limits: 8192.000 MiB, 4096 tokens, 110660 est)
ollama-1  | srv        update:    - prompt 0x25882cd0:     834 tokens, checkpoints:  1,    46.567 MiB
ollama-1  | srv        update:    - prompt 0x2324cbb0:     819 tokens, checkpoints:  1,    48.013 MiB
ollama-1  | srv        update:    - prompt 0x2595b650:     948 tokens, checkpoints:  1,    47.568 MiB
ollama-1  | srv        update:    - prompt 0x2324cc60:     807 tokens, checkpoints:  1,    48.177 MiB
ollama-1  | srv        update:    - prompt 0x2d10a000:    1137 tokens, checkpoints:  3,    55.292 MiB
ollama-1  | srv        update:    - prompt 0x2d0dc3e0:     770 tokens, checkpoints:  4,    61.315 MiB
ollama-1  | srv        update:    - prompt 0x2324cd10:     705 tokens, checkpoints:  4,    69.442 MiB
ollama-1  | srv        update:    - prompt 0x2324d570:    1002 tokens, checkpoints:  4,    74.008 MiB
ollama-1  | srv        update:    - prompt 0x2324fa40:    1095 tokens, checkpoints:  5,    88.083 MiB
ollama-1  | srv        update:    - prompt 0x371e0880:     831 tokens, checkpoints:  4,    71.295 MiB
ollama-1  | srv        update:    - prompt 0x25935fc0:     669 tokens, checkpoints:  4,    68.957 MiB
ollama-1  | srv        update:    - prompt 0x25651a10:     651 tokens, checkpoints:  5,    75.670 MiB
ollama-1  | srv        update:    - prompt 0x2582b290:    1216 tokens, checkpoints:  3,    86.614 MiB
ollama-1  | srv        update:    - prompt 0x253dedc0:    1037 tokens, checkpoints:  3,    77.016 MiB
ollama-1  | srv        update:    - prompt 0x2cca61e0:     875 tokens, checkpoints:  6,    99.179 MiB
ollama-1  | srv        update:    - prompt 0x256395b0:    1021 tokens, checkpoints:  3,    76.375 MiB
ollama-1  | srv        update:    - prompt 0x2fd601d0:    1340 tokens, checkpoints:  4,    89.569 MiB
ollama-1  | srv        update:    - prompt 0x2586cc20:     777 tokens, checkpoints:  4,    65.136 MiB
ollama-1  | srv        update:    - prompt 0x25875ca0:    1005 tokens, checkpoints:  4,    69.561 MiB
ollama-1  | srv        update:    - prompt 0x2d14c790:    1324 tokens, checkpoints:  5,    91.586 MiB
ollama-1  | srv        update:    - prompt 0x25922170:    1202 tokens, checkpoints:  6,    96.673 MiB
ollama-1  | srv        update:    - prompt 0x257811a0:    1402 tokens, checkpoints:  6,    95.346 MiB
ollama-1  | srv        update:    - prompt 0x34805b10:     961 tokens, checkpoints:  6,    66.295 MiB
ollama-1  | srv        update:    - prompt 0x2fb34bb0:    1321 tokens, checkpoints:  5,    90.718 MiB
ollama-1  | srv        update:    - prompt 0x25971370:    1006 tokens, checkpoints:  4,    74.109 MiB
ollama-1  | srv  get_availabl: prompt cache update took 39.99 ms
ollama-1  | slot launch_slot_: id  0 | task -1 | sampler chain: logits -> ?penalties -> ?dry -> ?top-n-sigma -> top-k -> ?typical -> top-p -> ?min-p -> ?xtc -> temp-ext -> dist 
ollama-1  | slot launch_slot_: id  0 | task -1 | sampler params: 
ollama-1  | 	repeat_last_n = 64, repeat_penalty = 1.000, frequency_penalty = 0.000, presence_penalty = 0.000
ollama-1  | 	dry_multiplier = 0.000, dry_base = 1.750, dry_allowed_length = 2, dry_penalty_last_n = 64
ollama-1  | 	top_k = 64, top_p = 0.950, min_p = 0.000, xtc_probability = 0.000, xtc_threshold = 0.100, typical_p = 1.000, top_n_sigma = -1.000, temp = 0.000
ollama-1  | 	mirostat = 0, mirostat_lr = 0.100, mirostat_ent = 5.000, adaptive_target = -1.000, adaptive_decay = 0.900
ollama-1  | slot launch_slot_: id  0 | task 47036 | processing task, is_child = 0
ollama-1  | slot   operator(): id  0 | task 47036 | new prompt, n_ctx_slot = 4096, n_keep = 4, task.n_tokens = 744
ollama-1  | slot   operator(): id  0 | task 47036 | checking checkpoint with [228, 739] against 231...
ollama-1  | slot   operator(): id  0 | task 47036 | restored context checkpoint (pos_min = 228, pos_max = 739, n_tokens = 740, n_past = 739, size = 20.006 MiB)
ollama-1  | slot   operator(): id  0 | task 47036 | cached n_tokens = 739, memory_seq_rm [739, end)
ollama-1  | slot create_check: id  0 | task 47036 | superseding context checkpoint at n_tokens = 739
ollama-1  | slot create_check: id  0 | task 47036 | created context checkpoint 4 of 32 (pos_min = 228, pos_max = 738, n_tokens = 739, size = 19.967 MiB)
ollama-1  | slot   operator(): id  0 | task 47036 | cached n_tokens = 740, memory_seq_rm [740, end)
ollama-1  | slot init_sampler: id  0 | task 47036 | init sampler, took 0.06 ms, tokens: text = 744, total = 744
ollama-1  | slot create_check: id  0 | task 47036 | superseding context checkpoint at n_tokens = 740
ollama-1  | slot create_check: id  0 | task 47036 | created context checkpoint 4 of 32 (pos_min = 228, pos_max = 739, n_tokens = 740, size = 20.006 MiB)
ollama-1  | [GIN] 2026/10/07 - 07:26:16 | 200 |      21.229µs |       127.0.0.1 | HEAD     "/"
ollama-1  | [GIN] 2026/10/07 - 07:26:16 | 200 |    1.029912ms |       127.0.0.1 | GET      "/api/tags"
ollama-1  | slot print_timing: id  0 | task 47036 | n_gen =    100, tg =  17.56 t/s, tg_3s =  17.73 t/s
ollama-1  | slot print_timing: id  0 | task 47036 | n_gen =    153, tg =  17.58 t/s, tg_3s =  17.64 t/s
ollama-1  | slot print_timing: id  0 | task 47036 | n_gen =    206, tg =  17.60 t/s, tg_3s =  17.64 t/s
ollama-1  | [GIN] 2026/10/07 - 07:26:26 | 200 |       29.29µs |       127.0.0.1 | HEAD     "/"
ollama-1  | [GIN] 2026/10/07 - 07:26:26 | 200 |    1.799634ms |       127.0.0.1 | GET      "/api/tags"
ollama-1  | slot print_timing: id  0 | task 47036 | n_gen =    259, tg =  17.59 t/s, tg_3s =  17.56 t/s
ollama-1  | slot print_timing: id  0 | task 47036 | n_gen =    312, tg =  17.57 t/s, tg_3s =  17.45 t/s
ollama-1  | slot print_timing: id  0 | task 47036 | n_gen =    365, tg =  17.54 t/s, tg_3s =  17.38 t/s
ollama-1  | slot print_timing: id  0 | task 47036 | n_gen =    414, tg =  17.33 t/s, tg_3s =  15.90 t/s
ollama-1  | [GIN] 2026/10/07 - 07:26:36 | 200 |      38.395µs |       127.0.0.1 | HEAD     "/"
ollama-1  | [GIN] 2026/10/07 - 07:26:36 | 200 |    1.734033ms |       127.0.0.1 | GET      "/api/tags"
ollama-1  | slot print_timing: id  0 | task 47036 | n_gen =    464, tg =  17.22 t/s, tg_3s =  16.39 t/s
ollama-1  | slot print_timing: id  0 | task 47036 | n_gen =    515, tg =  17.18 t/s, tg_3s =  16.77 t/s
ollama-1  | slot print_timing: id  0 | task 47036 | n_gen =    566, tg =  17.14 t/s, tg_3s =  16.82 t/s
ollama-1  | [GIN] 2026/10/07 - 07:26:46 | 200 |      29.055µs |       127.0.0.1 | HEAD     "/"
ollama-1  | [GIN] 2026/10/07 - 07:26:46 | 200 |     968.539µs |       127.0.0.1 | GET      "/api/tags"
ollama-1  | slot print_timing: id  0 | task 47036 | n_gen =    617, tg =  17.11 t/s, tg_3s =  16.75 t/s
ollama-1  | slot print_timing: id  0 | task 47036 | n_gen =    667, tg =  17.06 t/s, tg_3s =  16.46 t/s
ollama-1  | slot print_timing: id  0 | task 47036 | n_gen =    717, tg =  17.01 t/s, tg_3s =  16.44 t/s
ollama-1  | slot print_timing: id  0 | task 47036 | prompt eval time =     135.21 ms /     5 tokens (   27.04 ms per token,    36.98 tokens per second)
ollama-1  | slot print_timing: id  0 | task 47036 |        eval time =   42325.20 ms /   721 tokens (   58.78 ms per token,    17.01 tokens per second)
ollama-1  | slot print_timing: id  0 | task 47036 |       total time =   42460.41 ms /   726 tokens
ollama-1  | slot print_timing: id  0 | task 47036 |    graphs reused =      46985
ollama-1  | slot      release: id  0 | task 47036 | stop processing: n_tokens = 1464, truncated = 0
ollama-1  | srv  update_slots: all slots are idle
ollama-1  | [GIN] 2026/10/07 - 07:26:54 | 200 |         8m41s |      172.21.0.4 | POST     "/api/generate"
ollama-1  | srv  server_strea: conv_id= (empty=1)
ollama-1  | slot get_availabl: id  0 | task -1 |  - checking sim = 0.776 (322/415) > 0.100
ollama-1  | slot get_availabl: id  0 | task -1 | selected slot by LCP similarity, f_sim_best = 0.776 (> 0.100 thold), f_keep = 0.220
ollama-1  | srv  get_availabl: updating prompt cache
ollama-1  | srv   prompt_save:  - saving prompt with length 1464, total state size = 42.898 MiB (draft: 0.000 MiB)
ollama-1  | srv          load:  - looking for better prompt, base f_keep = 0.220, f_sim = 0.776
ollama-1  | srv          load:    - prompt with length     834, lcp =     322, f_keep = 0.386, f_sim = 0.776
ollama-1  | srv          load:    - prompt with length     819, lcp =     322, f_keep = 0.393, f_sim = 0.776
ollama-1  | srv          load:    - prompt with length     948, lcp =     322, f_keep = 0.340, f_sim = 0.776
ollama-1  | srv          load:    - prompt with length     807, lcp =     322, f_keep = 0.399, f_sim = 0.776
ollama-1  | srv          load:    - prompt with length    1137, lcp =     322, f_keep = 0.283, f_sim = 0.776
ollama-1  | srv          load:    - prompt with length     770, lcp =     322, f_keep = 0.418, f_sim = 0.776
ollama-1  | srv          load:    - prompt with length     705, lcp =     322, f_keep = 0.457, f_sim = 0.776
ollama-1  | srv          load:    - prompt with length    1002, lcp =     322, f_keep = 0.321, f_sim = 0.776
ollama-1  | srv          load:    - prompt with length    1095, lcp =     415, f_keep = 0.379, f_sim = 1.000
ollama-1  | srv          load:    - prompt with length     831, lcp =     322, f_keep = 0.387, f_sim = 0.776
ollama-1  | srv          load:    - prompt with length     669, lcp =     322, f_keep = 0.481, f_sim = 0.776
ollama-1  | srv          load:    - prompt with length     651, lcp =     322, f_keep = 0.495, f_sim = 0.776
ollama-1  | srv          load:    - prompt with length    1216, lcp =     322, f_keep = 0.265, f_sim = 0.776
ollama-1  | srv          load:    - prompt with length    1037, lcp =     322, f_keep = 0.311, f_sim = 0.776
ollama-1  | srv          load:    - prompt with length     875, lcp =     322, f_keep = 0.368, f_sim = 0.776
ollama-1  | srv          load:    - prompt with length    1021, lcp =     322, f_keep = 0.315, f_sim = 0.776
ollama-1  | srv          load:    - prompt with length    1340, lcp =     322, f_keep = 0.240, f_sim = 0.776
ollama-1  | srv          load:    - prompt with length     777, lcp =     322, f_keep = 0.414, f_sim = 0.776
ollama-1  | srv          load:    - prompt with length    1005, lcp =     322, f_keep = 0.320, f_sim = 0.776
ollama-1  | srv          load:    - prompt with length    1324, lcp =     322, f_keep = 0.243, f_sim = 0.776
ollama-1  | srv          load:    - prompt with length    1202, lcp =     322, f_keep = 0.268, f_sim = 0.776
ollama-1  | srv          load:    - prompt with length    1402, lcp =     322, f_keep = 0.230, f_sim = 0.776
ollama-1  | srv          load:    - prompt with length     961, lcp =     322, f_keep = 0.335, f_sim = 0.776
ollama-1  | srv          load:    - prompt with length    1321, lcp =     322, f_keep = 0.244, f_sim = 0.776
ollama-1  | srv          load:    - prompt with length    1006, lcp =     322, f_keep = 0.320, f_sim = 0.776
ollama-1  | srv          load:    - prompt with length    1464, lcp =     322, f_keep = 0.220, f_sim = 0.776
ollama-1  | srv          load:  - found better prompt with f_keep = 0.379, f_sim = 1.000
ollama-1  | srv        update:  - cache state: 25 prompts, 1837.201 MiB (limits: 8192.000 MiB, 4096 tokens, 112026 est)
ollama-1  | srv        update:    - prompt 0x25882cd0:     834 tokens, checkpoints:  1,    46.567 MiB
ollama-1  | srv        update:    - prompt 0x2324cbb0:     819 tokens, checkpoints:  1,    48.013 MiB
ollama-1  | srv        update:    - prompt 0x2595b650:     948 tokens, checkpoints:  1,    47.568 MiB
ollama-1  | srv        update:    - prompt 0x2324cc60:     807 tokens, checkpoints:  1,    48.177 MiB
ollama-1  | srv        update:    - prompt 0x2d10a000:    1137 tokens, checkpoints:  3,    55.292 MiB
ollama-1  | srv        update:    - prompt 0x2d0dc3e0:     770 tokens, checkpoints:  4,    61.315 MiB
ollama-1  | srv        update:    - prompt 0x2324cd10:     705 tokens, checkpoints:  4,    69.442 MiB
ollama-1  | srv        update:    - prompt 0x2324d570:    1002 tokens, checkpoints:  4,    74.008 MiB
ollama-1  | srv        update:    - prompt 0x371e0880:     831 tokens, checkpoints:  4,    71.295 MiB
ollama-1  | srv        update:    - prompt 0x25935fc0:     669 tokens, checkpoints:  4,    68.957 MiB
ollama-1  | srv        update:    - prompt 0x25651a10:     651 tokens, checkpoints:  5,    75.670 MiB
ollama-1  | srv        update:    - prompt 0x2582b290:    1216 tokens, checkpoints:  3,    86.614 MiB
ollama-1  | srv        update:    - prompt 0x253dedc0:    1037 tokens, checkpoints:  3,    77.016 MiB
ollama-1  | srv        update:    - prompt 0x2cca61e0:     875 tokens, checkpoints:  6,    99.179 MiB
ollama-1  | srv        update:    - prompt 0x256395b0:    1021 tokens, checkpoints:  3,    76.375 MiB
ollama-1  | srv        update:    - prompt 0x2fd601d0:    1340 tokens, checkpoints:  4,    89.569 MiB
ollama-1  | srv        update:    - prompt 0x2586cc20:     777 tokens, checkpoints:  4,    65.136 MiB
ollama-1  | srv        update:    - prompt 0x25875ca0:    1005 tokens, checkpoints:  4,    69.561 MiB
ollama-1  | srv        update:    - prompt 0x2d14c790:    1324 tokens, checkpoints:  5,    91.586 MiB
ollama-1  | srv        update:    - prompt 0x25922170:    1202 tokens, checkpoints:  6,    96.673 MiB
ollama-1  | srv        update:    - prompt 0x257811a0:    1402 tokens, checkpoints:  6,    95.346 MiB
ollama-1  | srv        update:    - prompt 0x34805b10:     961 tokens, checkpoints:  6,    66.295 MiB
ollama-1  | srv        update:    - prompt 0x2fb34bb0:    1321 tokens, checkpoints:  5,    90.718 MiB
ollama-1  | srv        update:    - prompt 0x25971370:    1006 tokens, checkpoints:  4,    74.109 MiB
ollama-1  | srv        update:    - prompt 0x371ccdc0:    1464 tokens, checkpoints:  4,    92.719 MiB
ollama-1  | srv  get_availabl: prompt cache update took 47.74 ms
ollama-1  | slot launch_slot_: id  0 | task -1 | sampler chain: logits -> ?penalties -> ?dry -> ?top-n-sigma -> top-k -> ?typical -> top-p -> ?min-p -> ?xtc -> temp-ext -> dist 
ollama-1  | slot launch_slot_: id  0 | task -1 | sampler params: 
ollama-1  | 	repeat_last_n = 64, repeat_penalty = 1.000, frequency_penalty = 0.000, presence_penalty = 0.000
ollama-1  | 	dry_multiplier = 0.000, dry_base = 1.750, dry_allowed_length = 2, dry_penalty_last_n = 64
ollama-1  | 	top_k = 64, top_p = 0.950, min_p = 0.000, xtc_probability = 0.000, xtc_threshold = 0.100, typical_p = 1.000, top_n_sigma = -1.000, temp = 0.000
ollama-1  | 	mirostat = 0, mirostat_lr = 0.100, mirostat_ent = 5.000, adaptive_target = -1.000, adaptive_decay = 0.900
ollama-1  | slot launch_slot_: id  0 | task 47759 | processing task, is_child = 0
ollama-1  | slot   operator(): id  0 | task 47759 | new prompt, n_ctx_slot = 4096, n_keep = 4, task.n_tokens = 415
ollama-1  | slot   operator(): id  0 | task 47759 | checking checkpoint with [0, 410] against 0...
ollama-1  | slot   operator(): id  0 | task 47759 | restored context checkpoint (pos_min = 0, pos_max = 410, n_tokens = 411, n_past = 410, size = 16.060 MiB)
ollama-1  | slot   operator(): id  0 | task 47759 | cached n_tokens = 410, memory_seq_rm [410, end)
ollama-1  | slot create_check: id  0 | task 47759 | superseding context checkpoint at n_tokens = 410
ollama-1  | slot create_check: id  0 | task 47759 | created context checkpoint 5 of 32 (pos_min = 0, pos_max = 409, n_tokens = 410, size = 16.021 MiB)
ollama-1  | slot   operator(): id  0 | task 47759 | cached n_tokens = 411, memory_seq_rm [411, end)
ollama-1  | slot init_sampler: id  0 | task 47759 | init sampler, took 0.05 ms, tokens: text = 415, total = 415
ollama-1  | slot create_check: id  0 | task 47759 | superseding context checkpoint at n_tokens = 411
ollama-1  | slot create_check: id  0 | task 47759 | created context checkpoint 5 of 32 (pos_min = 0, pos_max = 410, n_tokens = 411, size = 16.060 MiB)
ollama-1  | [GIN] 2026/10/07 - 07:26:56 | 200 |       38.41µs |       127.0.0.1 | HEAD     "/"
ollama-1  | [GIN] 2026/10/07 - 07:26:56 | 200 |    2.212717ms |       127.0.0.1 | GET      "/api/tags"
ollama-1  | slot print_timing: id  0 | task 47759 | n_gen =    100, tg =  17.20 t/s, tg_3s =  17.37 t/s
ollama-1  | slot print_timing: id  0 | task 47759 | n_gen =    153, tg =  17.35 t/s, tg_3s =  17.63 t/s
ollama-1  | slot print_timing: id  0 | task 47759 | n_gen =    206, tg =  17.39 t/s, tg_3s =  17.52 t/s
ollama-1  | [GIN] 2026/10/07 - 07:27:06 | 200 |      32.575µs |       127.0.0.1 | HEAD     "/"
ollama-1  | [GIN] 2026/10/07 - 07:27:06 | 200 |    2.173758ms |       127.0.0.1 | GET      "/api/tags"
ollama-1  | slot print_timing: id  0 | task 47759 | n_gen =    259, tg =  17.39 t/s, tg_3s =  17.39 t/s
ollama-1  | slot print_timing: id  0 | task 47759 | n_gen =    312, tg =  17.43 t/s, tg_3s =  17.60 t/s
ollama-1  | slot print_timing: id  0 | task 47759 | n_gen =    364, tg =  17.38 t/s, tg_3s =  17.13 t/s
ollama-1  | [GIN] 2026/10/07 - 07:27:16 | 200 |      19.785µs |       127.0.0.1 | HEAD     "/"
ollama-1  | [GIN] 2026/10/07 - 07:27:16 | 200 |    1.553599ms |       127.0.0.1 | GET      "/api/tags"
ollama-1  | slot print_timing: id  0 | task 47759 | n_gen =    415, tg =  17.32 t/s, tg_3s =  16.90 t/s
ollama-1  | slot print_timing: id  0 | task 47759 | n_gen =    466, tg =  17.25 t/s, tg_3s =  16.68 t/s
ollama-1  | slot print_timing: id  0 | task 47759 | n_gen =    517, tg =  17.19 t/s, tg_3s =  16.70 t/s
ollama-1  | [GIN] 2026/10/07 - 07:27:26 | 200 |      39.534µs |       127.0.0.1 | HEAD     "/"
ollama-1  | [GIN] 2026/10/07 - 07:27:26 | 200 |     1.67751ms |       127.0.0.1 | GET      "/api/tags"
ollama-1  | slot print_timing: id  0 | task 47759 | n_gen =    567, tg =  17.12 t/s, tg_3s =  16.35 t/s
ollama-1  | slot print_timing: id  0 | task 47759 | n_gen =    619, tg =  17.12 t/s, tg_3s =  17.16 t/s
ollama-1  | slot print_timing: id  0 | task 47759 | n_gen =    672, tg =  17.14 t/s, tg_3s =  17.40 t/s
ollama-1  | slot print_timing: id  0 | task 47759 | prompt eval time =     139.82 ms /     5 tokens (   27.96 ms per token,    35.76 tokens per second)
ollama-1  | slot print_timing: id  0 | task 47759 |        eval time =   39689.14 ms /   681 tokens (   58.37 ms per token,    17.13 tokens per second)
ollama-1  | slot print_timing: id  0 | task 47759 |       total time =   39828.96 ms /   686 tokens
ollama-1  | slot print_timing: id  0 | task 47759 |    graphs reused =      47661
ollama-1  | slot      release: id  0 | task 47759 | stop processing: n_tokens = 1095, truncated = 0
ollama-1  | srv  update_slots: all slots are idle
ollama-1  | [GIN] 2026/10/07 - 07:27:34 | 200 |         9m17s |      172.21.0.4 | POST     "/api/generate"
ollama-1  | srv  server_strea: conv_id= (empty=1)
ollama-1  | slot get_availabl: id  0 | task -1 |  - checking sim = 0.640 (322/503) > 0.100
ollama-1  | slot get_availabl: id  0 | task -1 | selected slot by LCP similarity, f_sim_best = 0.640 (> 0.100 thold), f_keep = 0.294
ollama-1  | srv  get_availabl: updating prompt cache
ollama-1  | srv   prompt_save:  - saving prompt with length 1095, total state size = 37.128 MiB (draft: 0.000 MiB)
ollama-1  | srv          load:  - looking for better prompt, base f_keep = 0.294, f_sim = 0.640
ollama-1  | srv          load:    - prompt with length     834, lcp =     322, f_keep = 0.386, f_sim = 0.640
ollama-1  | srv          load:    - prompt with length     819, lcp =     322, f_keep = 0.393, f_sim = 0.640
ollama-1  | srv          load:    - prompt with length     948, lcp =     322, f_keep = 0.340, f_sim = 0.640
ollama-1  | srv          load:    - prompt with length     807, lcp =     322, f_keep = 0.399, f_sim = 0.640
ollama-1  | srv          load:    - prompt with length    1137, lcp =     322, f_keep = 0.283, f_sim = 0.640
ollama-1  | srv          load:    - prompt with length     770, lcp =     322, f_keep = 0.418, f_sim = 0.640
ollama-1  | srv          load:    - prompt with length     705, lcp =     322, f_keep = 0.457, f_sim = 0.640
ollama-1  | srv          load:    - prompt with length    1002, lcp =     322, f_keep = 0.321, f_sim = 0.640
ollama-1  | srv          load:    - prompt with length     831, lcp =     503, f_keep = 0.605, f_sim = 1.000
ollama-1  | srv          load:    - prompt with length     669, lcp =     322, f_keep = 0.481, f_sim = 0.640
ollama-1  | srv          load:    - prompt with length     651, lcp =     322, f_keep = 0.495, f_sim = 0.640
ollama-1  | srv          load:    - prompt with length    1216, lcp =     322, f_keep = 0.265, f_sim = 0.640
ollama-1  | srv          load:    - prompt with length    1037, lcp =     322, f_keep = 0.311, f_sim = 0.640
ollama-1  | srv          load:    - prompt with length     875, lcp =     322, f_keep = 0.368, f_sim = 0.640
ollama-1  | srv          load:    - prompt with length    1021, lcp =     322, f_keep = 0.315, f_sim = 0.640
ollama-1  | srv          load:    - prompt with length    1340, lcp =     322, f_keep = 0.240, f_sim = 0.640
ollama-1  | srv          load:    - prompt with length     777, lcp =     322, f_keep = 0.414, f_sim = 0.640
ollama-1  | srv          load:    - prompt with length    1005, lcp =     322, f_keep = 0.320, f_sim = 0.640
ollama-1  | srv          load:    - prompt with length    1324, lcp =     322, f_keep = 0.243, f_sim = 0.640
ollama-1  | srv          load:    - prompt with length    1202, lcp =     322, f_keep = 0.268, f_sim = 0.640
ollama-1  | srv          load:    - prompt with length    1402, lcp =     322, f_keep = 0.230, f_sim = 0.640
ollama-1  | srv          load:    - prompt with length     961, lcp =     322, f_keep = 0.335, f_sim = 0.640
ollama-1  | srv          load:    - prompt with length    1321, lcp =     322, f_keep = 0.244, f_sim = 0.640
ollama-1  | srv          load:    - prompt with length    1006, lcp =     322, f_keep = 0.320, f_sim = 0.640
ollama-1  | srv          load:    - prompt with length    1464, lcp =     322, f_keep = 0.220, f_sim = 0.640
ollama-1  | srv          load:    - prompt with length    1095, lcp =     322, f_keep = 0.294, f_sim = 0.640
ollama-1  | srv          load:  - found better prompt with f_keep = 0.605, f_sim = 1.000
ollama-1  | srv        update:  - cache state: 25 prompts, 1853.989 MiB (limits: 8192.000 MiB, 4096 tokens, 112178 est)
ollama-1  | srv        update:    - prompt 0x25882cd0:     834 tokens, checkpoints:  1,    46.567 MiB
ollama-1  | srv        update:    - prompt 0x2324cbb0:     819 tokens, checkpoints:  1,    48.013 MiB
ollama-1  | srv        update:    - prompt 0x2595b650:     948 tokens, checkpoints:  1,    47.568 MiB
ollama-1  | srv        update:    - prompt 0x2324cc60:     807 tokens, checkpoints:  1,    48.177 MiB
ollama-1  | srv        update:    - prompt 0x2d10a000:    1137 tokens, checkpoints:  3,    55.292 MiB
ollama-1  | srv        update:    - prompt 0x2d0dc3e0:     770 tokens, checkpoints:  4,    61.315 MiB
ollama-1  | srv        update:    - prompt 0x2324cd10:     705 tokens, checkpoints:  4,    69.442 MiB
ollama-1  | srv        update:    - prompt 0x2324d570:    1002 tokens, checkpoints:  4,    74.008 MiB
ollama-1  | srv        update:    - prompt 0x25935fc0:     669 tokens, checkpoints:  4,    68.957 MiB
ollama-1  | srv        update:    - prompt 0x25651a10:     651 tokens, checkpoints:  5,    75.670 MiB
ollama-1  | srv        update:    - prompt 0x2582b290:    1216 tokens, checkpoints:  3,    86.614 MiB
ollama-1  | srv        update:    - prompt 0x253dedc0:    1037 tokens, checkpoints:  3,    77.016 MiB
ollama-1  | srv        update:    - prompt 0x2cca61e0:     875 tokens, checkpoints:  6,    99.179 MiB
ollama-1  | srv        update:    - prompt 0x256395b0:    1021 tokens, checkpoints:  3,    76.375 MiB
ollama-1  | srv        update:    - prompt 0x2fd601d0:    1340 tokens, checkpoints:  4,    89.569 MiB
ollama-1  | srv        update:    - prompt 0x2586cc20:     777 tokens, checkpoints:  4,    65.136 MiB
ollama-1  | srv        update:    - prompt 0x25875ca0:    1005 tokens, checkpoints:  4,    69.561 MiB
ollama-1  | srv        update:    - prompt 0x2d14c790:    1324 tokens, checkpoints:  5,    91.586 MiB
ollama-1  | srv        update:    - prompt 0x25922170:    1202 tokens, checkpoints:  6,    96.673 MiB
ollama-1  | srv        update:    - prompt 0x257811a0:    1402 tokens, checkpoints:  6,    95.346 MiB
ollama-1  | srv        update:    - prompt 0x34805b10:     961 tokens, checkpoints:  6,    66.295 MiB
ollama-1  | srv        update:    - prompt 0x2fb34bb0:    1321 tokens, checkpoints:  5,    90.718 MiB
ollama-1  | srv        update:    - prompt 0x25971370:    1006 tokens, checkpoints:  4,    74.109 MiB
ollama-1  | srv        update:    - prompt 0x371ccdc0:    1464 tokens, checkpoints:  4,    92.719 MiB
ollama-1  | srv        update:    - prompt 0x2fa638f0:    1095 tokens, checkpoints:  5,    88.083 MiB
ollama-1  | srv  get_availabl: prompt cache update took 36.26 ms
ollama-1  | slot launch_slot_: id  0 | task -1 | sampler chain: logits -> ?penalties -> ?dry -> ?top-n-sigma -> top-k -> ?typical -> top-p -> ?min-p -> ?xtc -> temp-ext -> dist 
ollama-1  | slot launch_slot_: id  0 | task -1 | sampler params: 
ollama-1  | 	repeat_last_n = 64, repeat_penalty = 1.000, frequency_penalty = 0.000, presence_penalty = 0.000
ollama-1  | 	dry_multiplier = 0.000, dry_base = 1.750, dry_allowed_length = 2, dry_penalty_last_n = 64
ollama-1  | 	top_k = 64, top_p = 0.950, min_p = 0.000, xtc_probability = 0.000, xtc_threshold = 0.100, typical_p = 1.000, top_n_sigma = -1.000, temp = 0.000
ollama-1  | 	mirostat = 0, mirostat_lr = 0.100, mirostat_ent = 5.000, adaptive_target = -1.000, adaptive_decay = 0.900
ollama-1  | slot launch_slot_: id  0 | task 48442 | processing task, is_child = 0
ollama-1  | slot   operator(): id  0 | task 48442 | new prompt, n_ctx_slot = 4096, n_keep = 4, task.n_tokens = 503
ollama-1  | slot   operator(): id  0 | task 48442 | checking checkpoint with [0, 498] against 0...
ollama-1  | slot   operator(): id  0 | task 48442 | restored context checkpoint (pos_min = 0, pos_max = 498, n_tokens = 499, n_past = 498, size = 19.498 MiB)
ollama-1  | slot   operator(): id  0 | task 48442 | cached n_tokens = 498, memory_seq_rm [498, end)
ollama-1  | slot create_check: id  0 | task 48442 | created context checkpoint 5 of 32 (pos_min = 0, pos_max = 497, n_tokens = 498, size = 19.459 MiB)
ollama-1  | slot   operator(): id  0 | task 48442 | cached n_tokens = 499, memory_seq_rm [499, end)
ollama-1  | slot init_sampler: id  0 | task 48442 | init sampler, took 0.06 ms, tokens: text = 503, total = 503
ollama-1  | slot create_check: id  0 | task 48442 | superseding context checkpoint at n_tokens = 499
ollama-1  | slot create_check: id  0 | task 48442 | created context checkpoint 5 of 32 (pos_min = 0, pos_max = 498, n_tokens = 499, size = 19.498 MiB)
ollama-1  | [GIN] 2026/10/07 - 07:27:36 | 200 |          37µs |       127.0.0.1 | HEAD     "/"
ollama-1  | [GIN] 2026/10/07 - 07:27:36 | 200 |    1.492303ms |       127.0.0.1 | GET      "/api/tags"
ollama-1  | slot print_timing: id  0 | task 48442 | n_gen =    100, tg =  17.42 t/s, tg_3s =  17.59 t/s
ollama-1  | slot print_timing: id  0 | task 48442 | n_gen =    152, tg =  17.38 t/s, tg_3s =  17.30 t/s
ollama-1  | slot print_timing: id  0 | task 48442 | n_gen =    202, tg =  17.15 t/s, tg_3s =  16.50 t/s
ollama-1  | [GIN] 2026/10/07 - 07:27:46 | 200 |      27.511µs |       127.0.0.1 | HEAD     "/"
ollama-1  | [GIN] 2026/10/07 - 07:27:46 | 200 |    1.323002ms |       127.0.0.1 | GET      "/api/tags"
ollama-1  | slot print_timing: id  0 | task 48442 | n_gen =    255, tg =  17.25 t/s, tg_3s =  17.64 t/s
ollama-1  | slot print_timing: id  0 | task 48442 | n_gen =    308, tg =  17.29 t/s, tg_3s =  17.50 t/s
ollama-1  | slot print_timing: id  0 | task 48442 | prompt eval time =     135.69 ms /     5 tokens (   27.14 ms per token,    36.85 tokens per second)
ollama-1  | slot print_timing: id  0 | task 48442 |        eval time =   18962.47 ms /   329 tokens (   57.81 ms per token,    17.30 tokens per second)
ollama-1  | slot print_timing: id  0 | task 48442 |       total time =   19098.16 ms /   334 tokens
ollama-1  | slot print_timing: id  0 | task 48442 |    graphs reused =      47986
ollama-1  | slot      release: id  0 | task 48442 | stop processing: n_tokens = 831, truncated = 0
ollama-1  | srv  update_slots: all slots are idle
ollama-1  | [GIN] 2026/10/07 - 07:27:53 | 200 |         9m36s |      172.21.0.4 | POST     "/api/generate"
ollama-1  | srv  server_strea: conv_id= (empty=1)
ollama-1  | slot get_availabl: id  0 | task -1 |  - checking sim = 0.649 (322/496) > 0.100
ollama-1  | slot get_availabl: id  0 | task -1 | selected slot by LCP similarity, f_sim_best = 0.649 (> 0.100 thold), f_keep = 0.387
ollama-1  | srv  get_availabl: updating prompt cache
ollama-1  | srv   prompt_save:  - saving prompt with length 831, total state size = 33.000 MiB (draft: 0.000 MiB)
ollama-1  | srv          load:  - looking for better prompt, base f_keep = 0.387, f_sim = 0.649
ollama-1  | srv          load:    - prompt with length     834, lcp =     322, f_keep = 0.386, f_sim = 0.649
ollama-1  | srv          load:    - prompt with length     819, lcp =     322, f_keep = 0.393, f_sim = 0.649
ollama-1  | srv          load:    - prompt with length     948, lcp =     322, f_keep = 0.340, f_sim = 0.649
ollama-1  | srv          load:    - prompt with length     807, lcp =     322, f_keep = 0.399, f_sim = 0.649
ollama-1  | srv          load:    - prompt with length    1137, lcp =     322, f_keep = 0.283, f_sim = 0.649
ollama-1  | srv          load:    - prompt with length     770, lcp =     322, f_keep = 0.418, f_sim = 0.649
ollama-1  | srv          load:    - prompt with length     705, lcp =     322, f_keep = 0.457, f_sim = 0.649
ollama-1  | srv          load:    - prompt with length    1002, lcp =     322, f_keep = 0.321, f_sim = 0.649
ollama-1  | srv          load:    - prompt with length     669, lcp =     322, f_keep = 0.481, f_sim = 0.649
ollama-1  | srv          load:    - prompt with length     651, lcp =     322, f_keep = 0.495, f_sim = 0.649
ollama-1  | srv          load:    - prompt with length    1216, lcp =     322, f_keep = 0.265, f_sim = 0.649
ollama-1  | srv          load:    - prompt with length    1037, lcp =     322, f_keep = 0.311, f_sim = 0.649
ollama-1  | srv          load:    - prompt with length     875, lcp =     322, f_keep = 0.368, f_sim = 0.649
ollama-1  | srv          load:    - prompt with length    1021, lcp =     322, f_keep = 0.315, f_sim = 0.649
ollama-1  | srv          load:    - prompt with length    1340, lcp =     322, f_keep = 0.240, f_sim = 0.649
ollama-1  | srv          load:    - prompt with length     777, lcp =     322, f_keep = 0.414, f_sim = 0.649
ollama-1  | srv          load:    - prompt with length    1005, lcp =     322, f_keep = 0.320, f_sim = 0.649
ollama-1  | srv          load:    - prompt with length    1324, lcp =     322, f_keep = 0.243, f_sim = 0.649
ollama-1  | srv          load:    - prompt with length    1202, lcp =     322, f_keep = 0.268, f_sim = 0.649
ollama-1  | srv          load:    - prompt with length    1402, lcp =     322, f_keep = 0.230, f_sim = 0.649
ollama-1  | srv          load:    - prompt with length     961, lcp =     322, f_keep = 0.335, f_sim = 0.649
ollama-1  | srv          load:    - prompt with length    1321, lcp =     322, f_keep = 0.244, f_sim = 0.649
ollama-1  | srv          load:    - prompt with length    1006, lcp =     322, f_keep = 0.320, f_sim = 0.649
ollama-1  | srv          load:    - prompt with length    1464, lcp =     322, f_keep = 0.220, f_sim = 0.649
ollama-1  | srv          load:    - prompt with length    1095, lcp =     322, f_keep = 0.294, f_sim = 0.649
ollama-1  | srv          load:    - prompt with length     831, lcp =     322, f_keep = 0.387, f_sim = 0.649
ollama-1  | srv        update:  - cache state: 26 prompts, 1944.743 MiB (limits: 8192.000 MiB, 4096 tokens, 110444 est)
ollama-1  | srv        update:    - prompt 0x25882cd0:     834 tokens, checkpoints:  1,    46.567 MiB
ollama-1  | srv        update:    - prompt 0x2324cbb0:     819 tokens, checkpoints:  1,    48.013 MiB
ollama-1  | srv        update:    - prompt 0x2595b650:     948 tokens, checkpoints:  1,    47.568 MiB
ollama-1  | srv        update:    - prompt 0x2324cc60:     807 tokens, checkpoints:  1,    48.177 MiB
ollama-1  | srv        update:    - prompt 0x2d10a000:    1137 tokens, checkpoints:  3,    55.292 MiB
ollama-1  | srv        update:    - prompt 0x2d0dc3e0:     770 tokens, checkpoints:  4,    61.315 MiB
ollama-1  | srv        update:    - prompt 0x2324cd10:     705 tokens, checkpoints:  4,    69.442 MiB
ollama-1  | srv        update:    - prompt 0x2324d570:    1002 tokens, checkpoints:  4,    74.008 MiB
ollama-1  | srv        update:    - prompt 0x25935fc0:     669 tokens, checkpoints:  4,    68.957 MiB
ollama-1  | srv        update:    - prompt 0x25651a10:     651 tokens, checkpoints:  5,    75.670 MiB
ollama-1  | srv        update:    - prompt 0x2582b290:    1216 tokens, checkpoints:  3,    86.614 MiB
ollama-1  | srv        update:    - prompt 0x253dedc0:    1037 tokens, checkpoints:  3,    77.016 MiB
ollama-1  | srv        update:    - prompt 0x2cca61e0:     875 tokens, checkpoints:  6,    99.179 MiB
ollama-1  | srv        update:    - prompt 0x256395b0:    1021 tokens, checkpoints:  3,    76.375 MiB
ollama-1  | srv        update:    - prompt 0x2fd601d0:    1340 tokens, checkpoints:  4,    89.569 MiB
ollama-1  | srv        update:    - prompt 0x2586cc20:     777 tokens, checkpoints:  4,    65.136 MiB
ollama-1  | srv        update:    - prompt 0x25875ca0:    1005 tokens, checkpoints:  4,    69.561 MiB
ollama-1  | srv        update:    - prompt 0x2d14c790:    1324 tokens, checkpoints:  5,    91.586 MiB
ollama-1  | srv        update:    - prompt 0x25922170:    1202 tokens, checkpoints:  6,    96.673 MiB
ollama-1  | srv        update:    - prompt 0x257811a0:    1402 tokens, checkpoints:  6,    95.346 MiB
ollama-1  | srv        update:    - prompt 0x34805b10:     961 tokens, checkpoints:  6,    66.295 MiB
ollama-1  | srv        update:    - prompt 0x2fb34bb0:    1321 tokens, checkpoints:  5,    90.718 MiB
ollama-1  | srv        update:    - prompt 0x25971370:    1006 tokens, checkpoints:  4,    74.109 MiB
ollama-1  | srv        update:    - prompt 0x371ccdc0:    1464 tokens, checkpoints:  4,    92.719 MiB
ollama-1  | srv        update:    - prompt 0x2fa638f0:    1095 tokens, checkpoints:  5,    88.083 MiB
ollama-1  | srv        update:    - prompt 0x2324fa40:     831 tokens, checkpoints:  5,    90.754 MiB
ollama-1  | srv  get_availabl: prompt cache update took 34.57 ms
ollama-1  | slot launch_slot_: id  0 | task -1 | sampler chain: logits -> ?penalties -> ?dry -> ?top-n-sigma -> top-k -> ?typical -> top-p -> ?min-p -> ?xtc -> temp-ext -> dist 
ollama-1  | slot launch_slot_: id  0 | task -1 | sampler params: 
ollama-1  | 	repeat_last_n = 64, repeat_penalty = 1.000, frequency_penalty = 0.000, presence_penalty = 0.000
ollama-1  | 	dry_multiplier = 0.000, dry_base = 1.750, dry_allowed_length = 2, dry_penalty_last_n = 64
ollama-1  | 	top_k = 64, top_p = 0.950, min_p = 0.000, xtc_probability = 0.000, xtc_threshold = 0.100, typical_p = 1.000, top_n_sigma = -1.000, temp = 0.000
ollama-1  | 	mirostat = 0, mirostat_lr = 0.100, mirostat_ent = 5.000, adaptive_target = -1.000, adaptive_decay = 0.900
ollama-1  | slot launch_slot_: id  0 | task 48773 | processing task, is_child = 0
ollama-1  | slot   operator(): id  0 | task 48773 | new prompt, n_ctx_slot = 4096, n_keep = 4, task.n_tokens = 496
ollama-1  | slot   operator(): id  0 | task 48773 | checking checkpoint with [0, 498] against 0...
ollama-1  | slot   operator(): id  0 | task 48773 | checking checkpoint with [0, 497] against 0...
ollama-1  | slot   operator(): id  0 | task 48773 | checking checkpoint with [0, 229] against 0...
ollama-1  | slot   operator(): id  0 | task 48773 | restored context checkpoint (pos_min = 0, pos_max = 229, n_tokens = 230, n_past = 229, size = 8.987 MiB)
ollama-1  | slot   operator(): id  0 | task 48773 | erased invalidated context checkpoint (pos_min = 0, pos_max = 230, n_tokens = 231, n_swa = 512, pos_next = 229, size = 9.027 MiB)
ollama-1  | slot   operator(): id  0 | task 48773 | erased invalidated context checkpoint (pos_min = 0, pos_max = 497, n_tokens = 498, n_swa = 512, pos_next = 229, size = 19.459 MiB)
ollama-1  | slot   operator(): id  0 | task 48773 | erased invalidated context checkpoint (pos_min = 0, pos_max = 498, n_tokens = 499, n_swa = 512, pos_next = 229, size = 19.498 MiB)
ollama-1  | slot   operator(): id  0 | task 48773 | cached n_tokens = 229, memory_seq_rm [229, end)
ollama-1  | slot create_check: id  0 | task 48773 | created context checkpoint 3 of 32 (pos_min = 0, pos_max = 228, n_tokens = 229, size = 8.948 MiB)
ollama-1  | slot   operator(): id  0 | task 48773 | cached n_tokens = 492, memory_seq_rm [492, end)
ollama-1  | slot init_sampler: id  0 | task 48773 | init sampler, took 0.07 ms, tokens: text = 496, total = 496
ollama-1  | slot create_check: id  0 | task 48773 | created context checkpoint 4 of 32 (pos_min = 0, pos_max = 491, n_tokens = 492, size = 19.225 MiB)
ollama-1  | [GIN] 2026/10/07 - 07:27:56 | 200 |      35.471µs |       127.0.0.1 | HEAD     "/"
ollama-1  | [GIN] 2026/10/07 - 07:27:56 | 200 |     934.464µs |       127.0.0.1 | GET      "/api/tags"
ollama-1  | slot print_timing: id  0 | task 48773 | n_gen =    100, tg =  17.55 t/s, tg_3s =  17.73 t/s
ollama-1  | slot print_timing: id  0 | task 48773 | n_gen =    152, tg =  17.40 t/s, tg_3s =  17.10 t/s
ollama-1  | [GIN] 2026/10/07 - 07:28:06 | 200 |      20.688µs |       127.0.0.1 | HEAD     "/"
ollama-1  | [GIN] 2026/10/07 - 07:28:06 | 200 |    1.753266ms |       127.0.0.1 | GET      "/api/tags"
ollama-1  | slot print_timing: id  0 | task 48773 | n_gen =    203, tg =  17.26 t/s, tg_3s =  16.88 t/s
ollama-1  | slot print_timing: id  0 | task 48773 | n_gen =    256, tg =  17.29 t/s, tg_3s =  17.40 t/s
ollama-1  | slot print_timing: id  0 | task 48773 | n_gen =    309, tg =  17.30 t/s, tg_3s =  17.35 t/s
ollama-1  | slot print_timing: id  0 | task 48773 | n_gen =    361, tg =  17.28 t/s, tg_3s =  17.18 t/s
ollama-1  | [GIN] 2026/10/07 - 07:28:16 | 500 |         10m0s |      172.21.0.4 | POST     "/api/generate"
ollama-1  | srv  server_strea: conv_id= (empty=1)
ollama-1  | slot get_availabl: id  0 | task 48773 |  - skipping, is_processing = 1
ollama-1  | srv          stop: cancel task, id_task = 48773
ollama-1  | slot      release: id  0 | task 48773 | stop processing: n_tokens = 858, truncated = 0
ollama-1  | slot get_availabl: id  0 | task -1 |  - checking sim = 0.641 (322/502) > 0.100
ollama-1  | slot get_availabl: id  0 | task -1 | selected slot by LCP similarity, f_sim_best = 0.641 (> 0.100 thold), f_keep = 0.375
ollama-1  | srv  get_availabl: updating prompt cache
ollama-1  | srv   prompt_save:  - saving prompt with length 858, total state size = 33.423 MiB (draft: 0.000 MiB)
ollama-1  | srv          load:  - looking for better prompt, base f_keep = 0.375, f_sim = 0.641
ollama-1  | srv          load:    - prompt with length     834, lcp =     322, f_keep = 0.386, f_sim = 0.641
ollama-1  | srv          load:    - prompt with length     819, lcp =     322, f_keep = 0.393, f_sim = 0.641
ollama-1  | srv          load:    - prompt with length     948, lcp =     322, f_keep = 0.340, f_sim = 0.641
ollama-1  | srv          load:    - prompt with length     807, lcp =     322, f_keep = 0.399, f_sim = 0.641
ollama-1  | srv          load:    - prompt with length    1137, lcp =     322, f_keep = 0.283, f_sim = 0.641
ollama-1  | srv          load:    - prompt with length     770, lcp =     322, f_keep = 0.418, f_sim = 0.641
ollama-1  | srv          load:    - prompt with length     705, lcp =     322, f_keep = 0.457, f_sim = 0.641
ollama-1  | srv          load:    - prompt with length    1002, lcp =     322, f_keep = 0.321, f_sim = 0.641
ollama-1  | srv          load:    - prompt with length     669, lcp =     322, f_keep = 0.481, f_sim = 0.641
ollama-1  | srv          load:    - prompt with length     651, lcp =     322, f_keep = 0.495, f_sim = 0.641
ollama-1  | srv          load:    - prompt with length    1216, lcp =     322, f_keep = 0.265, f_sim = 0.641
ollama-1  | srv          load:    - prompt with length    1037, lcp =     322, f_keep = 0.311, f_sim = 0.641
ollama-1  | srv          load:    - prompt with length     875, lcp =     322, f_keep = 0.368, f_sim = 0.641
ollama-1  | srv          load:    - prompt with length    1021, lcp =     322, f_keep = 0.315, f_sim = 0.641
ollama-1  | srv          load:    - prompt with length    1340, lcp =     322, f_keep = 0.240, f_sim = 0.641
ollama-1  | srv          load:    - prompt with length     777, lcp =     322, f_keep = 0.414, f_sim = 0.641
ollama-1  | srv          load:    - prompt with length    1005, lcp =     322, f_keep = 0.320, f_sim = 0.641
ollama-1  | srv          load:    - prompt with length    1324, lcp =     322, f_keep = 0.243, f_sim = 0.641
ollama-1  | srv          load:    - prompt with length    1202, lcp =     322, f_keep = 0.268, f_sim = 0.641
ollama-1  | srv          load:    - prompt with length    1402, lcp =     322, f_keep = 0.230, f_sim = 0.641
ollama-1  | srv          load:    - prompt with length     961, lcp =     322, f_keep = 0.335, f_sim = 0.641
ollama-1  | srv          load:    - prompt with length    1321, lcp =     322, f_keep = 0.244, f_sim = 0.641
ollama-1  | srv          load:    - prompt with length    1006, lcp =     322, f_keep = 0.320, f_sim = 0.641
ollama-1  | srv          load:    - prompt with length    1464, lcp =     322, f_keep = 0.220, f_sim = 0.641
ollama-1  | srv          load:    - prompt with length    1095, lcp =     322, f_keep = 0.294, f_sim = 0.641
ollama-1  | srv          load:    - prompt with length     831, lcp =     322, f_keep = 0.387, f_sim = 0.641
ollama-1  | srv          load:    - prompt with length     858, lcp =     322, f_keep = 0.375, f_sim = 0.641
ollama-1  | srv        update:  - cache state: 27 prompts, 2016.108 MiB (limits: 8192.000 MiB, 4096 tokens, 110021 est)
ollama-1  | srv        update:    - prompt 0x25882cd0:     834 tokens, checkpoints:  1,    46.567 MiB
ollama-1  | srv        update:    - prompt 0x2324cbb0:     819 tokens, checkpoints:  1,    48.013 MiB
ollama-1  | srv        update:    - prompt 0x2595b650:     948 tokens, checkpoints:  1,    47.568 MiB
ollama-1  | srv        update:    - prompt 0x2324cc60:     807 tokens, checkpoints:  1,    48.177 MiB
ollama-1  | srv        update:    - prompt 0x2d10a000:    1137 tokens, checkpoints:  3,    55.292 MiB
ollama-1  | srv        update:    - prompt 0x2d0dc3e0:     770 tokens, checkpoints:  4,    61.315 MiB
ollama-1  | srv        update:    - prompt 0x2324cd10:     705 tokens, checkpoints:  4,    69.442 MiB
ollama-1  | srv        update:    - prompt 0x2324d570:    1002 tokens, checkpoints:  4,    74.008 MiB
ollama-1  | srv        update:    - prompt 0x25935fc0:     669 tokens, checkpoints:  4,    68.957 MiB
ollama-1  | srv        update:    - prompt 0x25651a10:     651 tokens, checkpoints:  5,    75.670 MiB
ollama-1  | srv        update:    - prompt 0x2582b290:    1216 tokens, checkpoints:  3,    86.614 MiB
ollama-1  | srv        update:    - prompt 0x253dedc0:    1037 tokens, checkpoints:  3,    77.016 MiB
ollama-1  | srv        update:    - prompt 0x2cca61e0:     875 tokens, checkpoints:  6,    99.179 MiB
ollama-1  | srv        update:    - prompt 0x256395b0:    1021 tokens, checkpoints:  3,    76.375 MiB
ollama-1  | srv        update:    - prompt 0x2fd601d0:    1340 tokens, checkpoints:  4,    89.569 MiB
ollama-1  | srv        update:    - prompt 0x2586cc20:     777 tokens, checkpoints:  4,    65.136 MiB
ollama-1  | srv        update:    - prompt 0x25875ca0:    1005 tokens, checkpoints:  4,    69.561 MiB
ollama-1  | srv        update:    - prompt 0x2d14c790:    1324 tokens, checkpoints:  5,    91.586 MiB
ollama-1  | srv        update:    - prompt 0x25922170:    1202 tokens, checkpoints:  6,    96.673 MiB
ollama-1  | srv        update:    - prompt 0x257811a0:    1402 tokens, checkpoints:  6,    95.346 MiB
ollama-1  | srv        update:    - prompt 0x34805b10:     961 tokens, checkpoints:  6,    66.295 MiB
ollama-1  | srv        update:    - prompt 0x2fb34bb0:    1321 tokens, checkpoints:  5,    90.718 MiB
ollama-1  | srv        update:    - prompt 0x25971370:    1006 tokens, checkpoints:  4,    74.109 MiB
ollama-1  | srv        update:    - prompt 0x371ccdc0:    1464 tokens, checkpoints:  4,    92.719 MiB
ollama-1  | srv        update:    - prompt 0x2fa638f0:    1095 tokens, checkpoints:  5,    88.083 MiB
ollama-1  | srv        update:    - prompt 0x2324fa40:     831 tokens, checkpoints:  5,    90.754 MiB
ollama-1  | srv        update:    - prompt 0x256765c0:     858 tokens, checkpoints:  4,    71.365 MiB
ollama-1  | srv  get_availabl: prompt cache update took 20.75 ms
ollama-1  | slot launch_slot_: id  0 | task -1 | sampler chain: logits -> ?penalties -> ?dry -> ?top-n-sigma -> top-k -> ?typical -> top-p -> ?min-p -> ?xtc -> temp-ext -> dist 
ollama-1  | slot launch_slot_: id  0 | task -1 | sampler params: 
ollama-1  | 	repeat_last_n = 64, repeat_penalty = 1.000, frequency_penalty = 0.000, presence_penalty = 0.000
ollama-1  | 	dry_multiplier = 0.000, dry_base = 1.750, dry_allowed_length = 2, dry_penalty_last_n = 64
ollama-1  | 	top_k = 64, top_p = 0.950, min_p = 0.000, xtc_probability = 0.000, xtc_threshold = 0.100, typical_p = 1.000, top_n_sigma = -1.000, temp = 0.000
ollama-1  | 	mirostat = 0, mirostat_lr = 0.100, mirostat_ent = 5.000, adaptive_target = -1.000, adaptive_decay = 0.900
ollama-1  | slot launch_slot_: id  0 | task 49137 | processing task, is_child = 0
ollama-1  | slot   operator(): id  0 | task 49137 | new prompt, n_ctx_slot = 4096, n_keep = 4, task.n_tokens = 502
ollama-1  | slot   operator(): id  0 | task 49137 | checking checkpoint with [0, 491] against 0...
ollama-1  | slot   operator(): id  0 | task 49137 | checking checkpoint with [0, 228] against 0...
ollama-1  | slot   operator(): id  0 | task 49137 | restored context checkpoint (pos_min = 0, pos_max = 228, n_tokens = 229, n_past = 228, size = 8.948 MiB)
ollama-1  | slot   operator(): id  0 | task 49137 | erased invalidated context checkpoint (pos_min = 0, pos_max = 229, n_tokens = 230, n_swa = 512, pos_next = 228, size = 8.987 MiB)
ollama-1  | slot   operator(): id  0 | task 49137 | erased invalidated context checkpoint (pos_min = 0, pos_max = 491, n_tokens = 492, n_swa = 512, pos_next = 228, size = 19.225 MiB)
ollama-1  | slot   operator(): id  0 | task 49137 | cached n_tokens = 228, memory_seq_rm [228, end)
ollama-1  | slot create_check: id  0 | task 49137 | created context checkpoint 3 of 32 (pos_min = 0, pos_max = 227, n_tokens = 228, size = 8.909 MiB)
ollama-1  | [GIN] 2026/10/07 - 07:28:16 | 200 |      29.272µs |       127.0.0.1 | HEAD     "/"
ollama-1  | [GIN] 2026/10/07 - 07:28:16 | 200 |    2.975525ms |       127.0.0.1 | GET      "/api/tags"
ollama-1  | [GIN] 2026/10/07 - 07:28:18 | 500 |         10m0s |      172.21.0.4 | POST     "/api/generate"
ollama-1  | srv  server_strea: conv_id= (empty=1)
ollama-1  | srv          stop: cancel task, id_task = 49137
ollama-1  | slot get_availabl: id  0 | task 49137 |  - skipping, is_processing = 1
ollama-1  | slot      release: id  0 | task 49137 | stop processing: n_tokens = 498, truncated = 0
ollama-1  | slot get_availabl: id  0 | task -1 |  - checking sim = 0.799 (322/403) > 0.100
ollama-1  | slot get_availabl: id  0 | task -1 | selected slot by LCP similarity, f_sim_best = 0.799 (> 0.100 thold), f_keep = 0.647
ollama-1  | slot launch_slot_: id  0 | task -1 | sampler chain: logits -> ?penalties -> ?dry -> ?top-n-sigma -> top-k -> ?typical -> top-p -> ?min-p -> ?xtc -> temp-ext -> dist 
ollama-1  | slot launch_slot_: id  0 | task -1 | sampler params: 
ollama-1  | 	repeat_last_n = 64, repeat_penalty = 1.000, frequency_penalty = 0.000, presence_penalty = 0.000
ollama-1  | 	dry_multiplier = 0.000, dry_base = 1.750, dry_allowed_length = 2, dry_penalty_last_n = 64
ollama-1  | 	top_k = 64, top_p = 0.950, min_p = 0.000, xtc_probability = 0.000, xtc_threshold = 0.100, typical_p = 1.000, top_n_sigma = -1.000, temp = 0.000
ollama-1  | 	mirostat = 0, mirostat_lr = 0.100, mirostat_ent = 5.000, adaptive_target = -1.000, adaptive_decay = 0.900
ollama-1  | slot launch_slot_: id  0 | task 49141 | processing task, is_child = 0
ollama-1  | slot   operator(): id  0 | task 49141 | new prompt, n_ctx_slot = 4096, n_keep = 4, task.n_tokens = 403
ollama-1  | slot   operator(): id  0 | task 49141 | checking checkpoint with [0, 227] against 0...
ollama-1  | slot   operator(): id  0 | task 49141 | restored context checkpoint (pos_min = 0, pos_max = 227, n_tokens = 228, n_past = 227, size = 8.909 MiB)
ollama-1  | slot   operator(): id  0 | task 49141 | erased invalidated context checkpoint (pos_min = 0, pos_max = 228, n_tokens = 229, n_swa = 512, pos_next = 227, size = 8.948 MiB)
ollama-1  | slot   operator(): id  0 | task 49141 | cached n_tokens = 227, memory_seq_rm [227, end)
ollama-1  | slot create_check: id  0 | task 49141 | created context checkpoint 3 of 32 (pos_min = 0, pos_max = 226, n_tokens = 227, size = 8.870 MiB)
ollama-1  | [GIN] 2026/10/07 - 07:28:19 | 500 |         10m0s |      172.21.0.4 | POST     "/api/generate"
ollama-1  | srv  server_strea: conv_id= (empty=1)
ollama-1  | srv          stop: cancel task, id_task = 49141
ollama-1  | slot get_availabl: id  0 | task 49141 |  - skipping, is_processing = 1
ollama-1  | slot      release: id  0 | task 49141 | stop processing: n_tokens = 399, truncated = 0
ollama-1  | slot get_availabl: id  0 | task -1 |  - checking sim = 0.485 (323/666) > 0.100
ollama-1  | slot get_availabl: id  0 | task -1 | selected slot by LCP similarity, f_sim_best = 0.485 (> 0.100 thold), f_keep = 0.810
ollama-1  | slot launch_slot_: id  0 | task -1 | sampler chain: logits -> ?penalties -> ?dry -> ?top-n-sigma -> top-k -> ?typical -> top-p -> ?min-p -> ?xtc -> temp-ext -> dist 
ollama-1  | slot launch_slot_: id  0 | task -1 | sampler params: 
ollama-1  | 	repeat_last_n = 64, repeat_penalty = 1.000, frequency_penalty = 0.000, presence_penalty = 0.000
ollama-1  | 	dry_multiplier = 0.000, dry_base = 1.750, dry_allowed_length = 2, dry_penalty_last_n = 64
ollama-1  | 	top_k = 64, top_p = 0.950, min_p = 0.000, xtc_probability = 0.000, xtc_threshold = 0.100, typical_p = 1.000, top_n_sigma = -1.000, temp = 0.000
ollama-1  | 	mirostat = 0, mirostat_lr = 0.100, mirostat_ent = 5.000, adaptive_target = -1.000, adaptive_decay = 0.900
ollama-1  | slot launch_slot_: id  0 | task 49144 | processing task, is_child = 0
ollama-1  | slot   operator(): id  0 | task 49144 | new prompt, n_ctx_slot = 4096, n_keep = 4, task.n_tokens = 666
ollama-1  | slot   operator(): id  0 | task 49144 | checking checkpoint with [0, 226] against 0...
ollama-1  | slot   operator(): id  0 | task 49144 | restored context checkpoint (pos_min = 0, pos_max = 226, n_tokens = 227, n_past = 226, size = 8.870 MiB)
ollama-1  | slot   operator(): id  0 | task 49144 | erased invalidated context checkpoint (pos_min = 0, pos_max = 227, n_tokens = 228, n_swa = 512, pos_next = 226, size = 8.909 MiB)
ollama-1  | slot   operator(): id  0 | task 49144 | cached n_tokens = 226, memory_seq_rm [226, end)
ollama-1  | slot create_check: id  0 | task 49144 | created context checkpoint 3 of 32 (pos_min = 0, pos_max = 225, n_tokens = 226, size = 8.831 MiB)
ollama-1  | [GIN] 2026/10/07 - 07:28:22 | 500 |         10m0s |      172.21.0.4 | POST     "/api/generate"
ollama-1  | srv  server_strea: conv_id= (empty=1)
ollama-1  | srv          stop: cancel task, id_task = 49144
ollama-1  | [GIN] 2026/10/07 - 07:28:23 | 500 |         10m0s |      172.21.0.4 | POST     "/api/generate"
ollama-1  | srv  server_strea: conv_id= (empty=1)
ollama-1  | srv          stop: cancel task, id_task = 49147
ollama-1  | slot      release: id  0 | task 49144 | stop processing: n_tokens = 662, truncated = 0
ollama-1  | slot get_availabl: id  0 | task -1 |  - checking sim = 0.557 (322/578) > 0.100
ollama-1  | slot get_availabl: id  0 | task -1 | selected slot by LCP similarity, f_sim_best = 0.557 (> 0.100 thold), f_keep = 0.486
ollama-1  | srv  get_availabl: updating prompt cache
ollama-1  | srv   prompt_save:  - saving prompt with length 662, total state size = 30.358 MiB (draft: 0.000 MiB)
ollama-1  | srv         alloc:  - prompt is already in the cache, skipping
ollama-1  | srv          load:  - looking for better prompt, base f_keep = 0.486, f_sim = 0.557
ollama-1  | srv          load:    - prompt with length     834, lcp =     322, f_keep = 0.386, f_sim = 0.557
ollama-1  | srv          load:    - prompt with length     819, lcp =     322, f_keep = 0.393, f_sim = 0.557
ollama-1  | srv          load:    - prompt with length     948, lcp =     322, f_keep = 0.340, f_sim = 0.557
ollama-1  | srv          load:    - prompt with length     807, lcp =     322, f_keep = 0.399, f_sim = 0.557
ollama-1  | srv          load:    - prompt with length    1137, lcp =     322, f_keep = 0.283, f_sim = 0.557
ollama-1  | srv          load:    - prompt with length     770, lcp =     322, f_keep = 0.418, f_sim = 0.557
ollama-1  | srv          load:    - prompt with length     705, lcp =     322, f_keep = 0.457, f_sim = 0.557
ollama-1  | srv          load:    - prompt with length    1002, lcp =     322, f_keep = 0.321, f_sim = 0.557
ollama-1  | srv          load:    - prompt with length     669, lcp =     322, f_keep = 0.481, f_sim = 0.557
ollama-1  | srv          load:    - prompt with length     651, lcp =     322, f_keep = 0.495, f_sim = 0.557
ollama-1  | srv          load:    - prompt with length    1216, lcp =     322, f_keep = 0.265, f_sim = 0.557
ollama-1  | srv          load:    - prompt with length    1037, lcp =     322, f_keep = 0.311, f_sim = 0.557
ollama-1  | srv          load:    - prompt with length     875, lcp =     322, f_keep = 0.368, f_sim = 0.557
ollama-1  | srv          load:    - prompt with length    1021, lcp =     322, f_keep = 0.315, f_sim = 0.557
ollama-1  | srv          load:    - prompt with length    1340, lcp =     322, f_keep = 0.240, f_sim = 0.557
ollama-1  | srv          load:    - prompt with length     777, lcp =     322, f_keep = 0.414, f_sim = 0.557
ollama-1  | srv          load:    - prompt with length    1005, lcp =     322, f_keep = 0.320, f_sim = 0.557
ollama-1  | srv          load:    - prompt with length    1324, lcp =     322, f_keep = 0.243, f_sim = 0.557
ollama-1  | srv          load:    - prompt with length    1202, lcp =     322, f_keep = 0.268, f_sim = 0.557
ollama-1  | srv          load:    - prompt with length    1402, lcp =     322, f_keep = 0.230, f_sim = 0.557
ollama-1  | srv          load:    - prompt with length     961, lcp =     322, f_keep = 0.335, f_sim = 0.557
ollama-1  | srv          load:    - prompt with length    1321, lcp =     322, f_keep = 0.244, f_sim = 0.557
ollama-1  | srv          load:    - prompt with length    1006, lcp =     322, f_keep = 0.320, f_sim = 0.557
ollama-1  | srv          load:    - prompt with length    1464, lcp =     322, f_keep = 0.220, f_sim = 0.557
ollama-1  | srv          load:    - prompt with length    1095, lcp =     322, f_keep = 0.294, f_sim = 0.557
ollama-1  | srv          load:    - prompt with length     831, lcp =     322, f_keep = 0.387, f_sim = 0.557
ollama-1  | srv          load:    - prompt with length     858, lcp =     322, f_keep = 0.375, f_sim = 0.557
ollama-1  | srv        update:  - cache state: 27 prompts, 2016.108 MiB (limits: 8192.000 MiB, 4096 tokens, 110021 est)
ollama-1  | srv        update:    - prompt 0x25882cd0:     834 tokens, checkpoints:  1,    46.567 MiB
ollama-1  | srv        update:    - prompt 0x2324cbb0:     819 tokens, checkpoints:  1,    48.013 MiB
ollama-1  | srv        update:    - prompt 0x2595b650:     948 tokens, checkpoints:  1,    47.568 MiB
ollama-1  | srv        update:    - prompt 0x2324cc60:     807 tokens, checkpoints:  1,    48.177 MiB
ollama-1  | srv        update:    - prompt 0x2d10a000:    1137 tokens, checkpoints:  3,    55.292 MiB
ollama-1  | srv        update:    - prompt 0x2d0dc3e0:     770 tokens, checkpoints:  4,    61.315 MiB
ollama-1  | srv        update:    - prompt 0x2324cd10:     705 tokens, checkpoints:  4,    69.442 MiB
ollama-1  | srv        update:    - prompt 0x2324d570:    1002 tokens, checkpoints:  4,    74.008 MiB
ollama-1  | srv        update:    - prompt 0x25935fc0:     669 tokens, checkpoints:  4,    68.957 MiB
ollama-1  | srv        update:    - prompt 0x25651a10:     651 tokens, checkpoints:  5,    75.670 MiB
ollama-1  | srv        update:    - prompt 0x2582b290:    1216 tokens, checkpoints:  3,    86.614 MiB
ollama-1  | srv        update:    - prompt 0x253dedc0:    1037 tokens, checkpoints:  3,    77.016 MiB
ollama-1  | srv        update:    - prompt 0x2cca61e0:     875 tokens, checkpoints:  6,    99.179 MiB
ollama-1  | srv        update:    - prompt 0x256395b0:    1021 tokens, checkpoints:  3,    76.375 MiB
ollama-1  | srv        update:    - prompt 0x2fd601d0:    1340 tokens, checkpoints:  4,    89.569 MiB
ollama-1  | srv        update:    - prompt 0x2586cc20:     777 tokens, checkpoints:  4,    65.136 MiB
ollama-1  | srv        update:    - prompt 0x25875ca0:    1005 tokens, checkpoints:  4,    69.561 MiB
ollama-1  | srv        update:    - prompt 0x2d14c790:    1324 tokens, checkpoints:  5,    91.586 MiB
ollama-1  | srv        update:    - prompt 0x25922170:    1202 tokens, checkpoints:  6,    96.673 MiB
ollama-1  | srv        update:    - prompt 0x257811a0:    1402 tokens, checkpoints:  6,    95.346 MiB
ollama-1  | srv        update:    - prompt 0x34805b10:     961 tokens, checkpoints:  6,    66.295 MiB
ollama-1  | srv        update:    - prompt 0x2fb34bb0:    1321 tokens, checkpoints:  5,    90.718 MiB
ollama-1  | srv        update:    - prompt 0x25971370:    1006 tokens, checkpoints:  4,    74.109 MiB
ollama-1  | srv        update:    - prompt 0x371ccdc0:    1464 tokens, checkpoints:  4,    92.719 MiB
ollama-1  | srv        update:    - prompt 0x2fa638f0:    1095 tokens, checkpoints:  5,    88.083 MiB
ollama-1  | srv        update:    - prompt 0x2324fa40:     831 tokens, checkpoints:  5,    90.754 MiB
ollama-1  | srv        update:    - prompt 0x256765c0:     858 tokens, checkpoints:  4,    71.365 MiB
ollama-1  | srv  get_availabl: prompt cache update took 0.19 ms
ollama-1  | slot launch_slot_: id  0 | task -1 | sampler chain: logits -> ?penalties -> ?dry -> ?top-n-sigma -> top-k -> ?typical -> top-p -> ?min-p -> ?xtc -> temp-ext -> dist 
ollama-1  | slot launch_slot_: id  0 | task -1 | sampler params: 
ollama-1  | 	repeat_last_n = 64, repeat_penalty = 1.000, frequency_penalty = 0.000, presence_penalty = 0.000
ollama-1  | 	dry_multiplier = 0.000, dry_base = 1.750, dry_allowed_length = 2, dry_penalty_last_n = 64
ollama-1  | 	top_k = 64, top_p = 0.950, min_p = 0.000, xtc_probability = 0.000, xtc_threshold = 0.100, typical_p = 1.000, top_n_sigma = -1.000, temp = 0.000
ollama-1  | 	mirostat = 0, mirostat_lr = 0.100, mirostat_ent = 5.000, adaptive_target = -1.000, adaptive_decay = 0.900
ollama-1  | slot launch_slot_: id  0 | task 49149 | processing task, is_child = 0
ollama-1  | slot   operator(): id  0 | task 49149 | new prompt, n_ctx_slot = 4096, n_keep = 4, task.n_tokens = 578
ollama-1  | slot   operator(): id  0 | task 49149 | checking checkpoint with [0, 225] against 0...
ollama-1  | slot   operator(): id  0 | task 49149 | restored context checkpoint (pos_min = 0, pos_max = 225, n_tokens = 226, n_past = 225, size = 8.831 MiB)
ollama-1  | slot   operator(): id  0 | task 49149 | erased invalidated context checkpoint (pos_min = 0, pos_max = 226, n_tokens = 227, n_swa = 512, pos_next = 225, size = 8.870 MiB)
ollama-1  | slot   operator(): id  0 | task 49149 | cached n_tokens = 225, memory_seq_rm [225, end)
ollama-1  | slot create_check: id  0 | task 49149 | created context checkpoint 3 of 32 (pos_min = 0, pos_max = 224, n_tokens = 225, size = 8.792 MiB)
ollama-1  | [GIN] 2026/10/07 - 07:28:24 | 500 |         10m0s |      172.21.0.4 | POST     "/api/generate"
ollama-1  | srv  server_strea: conv_id= (empty=1)
ollama-1  | srv          stop: cancel task, id_task = 49149
ollama-1  | [GIN] 2026/10/07 - 07:28:26 | 200 |      22.932µs |       127.0.0.1 | HEAD     "/"
ollama-1  | [GIN] 2026/10/07 - 07:28:26 | 200 |    1.026873ms |       127.0.0.1 | GET      "/api/tags"
ollama-1  | slot get_availabl: id  0 | task 49149 |  - skipping, is_processing = 1
ollama-1  | slot      release: id  0 | task 49149 | stop processing: n_tokens = 574, truncated = 0
ollama-1  | slot get_availabl: id  0 | task -1 |  - checking sim = 0.770 (322/418) > 0.100
ollama-1  | slot get_availabl: id  0 | task -1 | selected slot by LCP similarity, f_sim_best = 0.770 (> 0.100 thold), f_keep = 0.561
ollama-1  | slot launch_slot_: id  0 | task -1 | sampler chain: logits -> ?penalties -> ?dry -> ?top-n-sigma -> top-k -> ?typical -> top-p -> ?min-p -> ?xtc -> temp-ext -> dist 
ollama-1  | slot launch_slot_: id  0 | task -1 | sampler params: 
ollama-1  | 	repeat_last_n = 64, repeat_penalty = 1.000, frequency_penalty = 0.000, presence_penalty = 0.000
ollama-1  | 	dry_multiplier = 0.000, dry_base = 1.750, dry_allowed_length = 2, dry_penalty_last_n = 64
ollama-1  | 	top_k = 64, top_p = 0.950, min_p = 0.000, xtc_probability = 0.000, xtc_threshold = 0.100, typical_p = 1.000, top_n_sigma = -1.000, temp = 0.000
ollama-1  | 	mirostat = 0, mirostat_lr = 0.100, mirostat_ent = 5.000, adaptive_target = -1.000, adaptive_decay = 0.900
ollama-1  | slot launch_slot_: id  0 | task 49152 | processing task, is_child = 0
ollama-1  | slot   operator(): id  0 | task 49152 | new prompt, n_ctx_slot = 4096, n_keep = 4, task.n_tokens = 418
ollama-1  | slot   operator(): id  0 | task 49152 | checking checkpoint with [0, 224] against 0...
ollama-1  | slot   operator(): id  0 | task 49152 | restored context checkpoint (pos_min = 0, pos_max = 224, n_tokens = 225, n_past = 224, size = 8.792 MiB)
ollama-1  | slot   operator(): id  0 | task 49152 | erased invalidated context checkpoint (pos_min = 0, pos_max = 225, n_tokens = 226, n_swa = 512, pos_next = 224, size = 8.831 MiB)
ollama-1  | slot   operator(): id  0 | task 49152 | cached n_tokens = 224, memory_seq_rm [224, end)
ollama-1  | slot create_check: id  0 | task 49152 | created context checkpoint 3 of 32 (pos_min = 0, pos_max = 223, n_tokens = 224, size = 8.753 MiB)
ollama-1  | [GIN] 2026/10/07 - 07:28:28 | 500 |         10m0s |      172.21.0.4 | POST     "/api/generate"
ollama-1  | srv  server_strea: conv_id= (empty=1)
ollama-1  | srv          stop: cancel task, id_task = 49152
ollama-1  | [GIN] 2026/10/07 - 07:28:29 | 500 |         10m0s |      172.21.0.4 | POST     "/api/generate"
ollama-1  | srv  server_strea: conv_id= (empty=1)
ollama-1  | slot get_availabl: id  0 | task 49152 |  - skipping, is_processing = 1
ollama-1  | slot      release: id  0 | task 49152 | stop processing: n_tokens = 414, truncated = 0
ollama-1  | slot get_availabl: id  0 | task -1 |  - checking sim = 0.661 (322/487) > 0.100
ollama-1  | slot get_availabl: id  0 | task -1 | selected slot by LCP similarity, f_sim_best = 0.661 (> 0.100 thold), f_keep = 0.778
ollama-1  | slot launch_slot_: id  0 | task -1 | sampler chain: logits -> ?penalties -> ?dry -> ?top-n-sigma -> top-k -> ?typical -> top-p -> ?min-p -> ?xtc -> temp-ext -> dist 
ollama-1  | slot launch_slot_: id  0 | task -1 | sampler params: 
ollama-1  | 	repeat_last_n = 64, repeat_penalty = 1.000, frequency_penalty = 0.000, presence_penalty = 0.000
ollama-1  | 	dry_multiplier = 0.000, dry_base = 1.750, dry_allowed_length = 2, dry_penalty_last_n = 64
ollama-1  | 	top_k = 64, top_p = 0.950, min_p = 0.000, xtc_probability = 0.000, xtc_threshold = 0.100, typical_p = 1.000, top_n_sigma = -1.000, temp = 0.000
ollama-1  | 	mirostat = 0, mirostat_lr = 0.100, mirostat_ent = 5.000, adaptive_target = -1.000, adaptive_decay = 0.900
ollama-1  | slot launch_slot_: id  0 | task 49155 | processing task, is_child = 0
ollama-1  | slot get_availabl: id  0 | task 49155 |  - skipping, is_processing = 1
ollama-1  | slot   operator(): id  0 | task 49155 | new prompt, n_ctx_slot = 4096, n_keep = 4, task.n_tokens = 487
ollama-1  | slot   operator(): id  0 | task 49155 | checking checkpoint with [0, 223] against 0...
ollama-1  | slot   operator(): id  0 | task 49155 | restored context checkpoint (pos_min = 0, pos_max = 223, n_tokens = 224, n_past = 223, size = 8.753 MiB)
ollama-1  | slot   operator(): id  0 | task 49155 | erased invalidated context checkpoint (pos_min = 0, pos_max = 224, n_tokens = 225, n_swa = 512, pos_next = 223, size = 8.792 MiB)
ollama-1  | slot   operator(): id  0 | task 49155 | cached n_tokens = 223, memory_seq_rm [223, end)
ollama-1  | srv          stop: cancel task, id_task = 49155
ollama-1  | slot create_check: id  0 | task 49155 | created context checkpoint 3 of 32 (pos_min = 0, pos_max = 222, n_tokens = 223, size = 8.714 MiB)
ollama-1  | slot      release: id  0 | task 49155 | stop processing: n_tokens = 483, truncated = 0
ollama-1  | slot get_availabl: id  0 | task -1 |  - checking sim = 0.832 (322/387) > 0.100
ollama-1  | slot get_availabl: id  0 | task -1 | selected slot by LCP similarity, f_sim_best = 0.832 (> 0.100 thold), f_keep = 0.667
ollama-1  | slot launch_slot_: id  0 | task -1 | sampler chain: logits -> ?penalties -> ?dry -> ?top-n-sigma -> top-k -> ?typical -> top-p -> ?min-p -> ?xtc -> temp-ext -> dist 
ollama-1  | slot launch_slot_: id  0 | task -1 | sampler params: 
ollama-1  | 	repeat_last_n = 64, repeat_penalty = 1.000, frequency_penalty = 0.000, presence_penalty = 0.000
ollama-1  | 	dry_multiplier = 0.000, dry_base = 1.750, dry_allowed_length = 2, dry_penalty_last_n = 64
ollama-1  | 	top_k = 64, top_p = 0.950, min_p = 0.000, xtc_probability = 0.000, xtc_threshold = 0.100, typical_p = 1.000, top_n_sigma = -1.000, temp = 0.000
ollama-1  | 	mirostat = 0, mirostat_lr = 0.100, mirostat_ent = 5.000, adaptive_target = -1.000, adaptive_decay = 0.900
ollama-1  | slot launch_slot_: id  0 | task 49157 | processing task, is_child = 0
ollama-1  | slot   operator(): id  0 | task 49157 | new prompt, n_ctx_slot = 4096, n_keep = 4, task.n_tokens = 387
ollama-1  | slot   operator(): id  0 | task 49157 | checking checkpoint with [0, 222] against 0...
ollama-1  | slot   operator(): id  0 | task 49157 | restored context checkpoint (pos_min = 0, pos_max = 222, n_tokens = 223, n_past = 222, size = 8.714 MiB)
ollama-1  | slot   operator(): id  0 | task 49157 | erased invalidated context checkpoint (pos_min = 0, pos_max = 223, n_tokens = 224, n_swa = 512, pos_next = 222, size = 8.753 MiB)
ollama-1  | slot   operator(): id  0 | task 49157 | cached n_tokens = 222, memory_seq_rm [222, end)
ollama-1  | slot create_check: id  0 | task 49157 | created context checkpoint 3 of 32 (pos_min = 0, pos_max = 221, n_tokens = 222, size = 8.675 MiB)
ollama-1  | slot   operator(): id  0 | task 49157 | cached n_tokens = 383, memory_seq_rm [383, end)
ollama-1  | slot init_sampler: id  0 | task 49157 | init sampler, took 0.06 ms, tokens: text = 387, total = 387
ollama-1  | slot create_check: id  0 | task 49157 | created context checkpoint 4 of 32 (pos_min = 0, pos_max = 382, n_tokens = 383, size = 14.966 MiB)
ollama-1  | [GIN] 2026/10/07 - 07:28:36 | 200 |      27.223µs |       127.0.0.1 | HEAD     "/"
ollama-1  | [GIN] 2026/10/07 - 07:28:36 | 200 |    1.663756ms |       127.0.0.1 | GET      "/api/tags"
ollama-1  | [GIN] 2026/10/07 - 07:28:38 | 500 |         10m0s |      172.21.0.4 | POST     "/api/generate"
ollama-1  | srv  server_strea: conv_id= (empty=1)
ollama-1  | slot get_availabl: id  0 | task 49157 |  - skipping, is_processing = 1
ollama-1  | srv          stop: cancel task, id_task = 49157
ollama-1  | slot      release: id  0 | task 49157 | stop processing: n_tokens = 467, truncated = 0
ollama-1  | slot get_availabl: id  0 | task -1 |  - checking sim = 0.832 (322/387) > 0.100
ollama-1  | slot get_availabl: id  0 | task -1 | selected slot by LCP similarity, f_sim_best = 0.832 (> 0.100 thold), f_keep = 0.690
ollama-1  | slot launch_slot_: id  0 | task -1 | sampler chain: logits -> ?penalties -> ?dry -> ?top-n-sigma -> top-k -> ?typical -> top-p -> ?min-p -> ?xtc -> temp-ext -> dist 
ollama-1  | slot launch_slot_: id  0 | task -1 | sampler params: 
ollama-1  | 	repeat_last_n = 64, repeat_penalty = 1.000, frequency_penalty = 0.000, presence_penalty = 0.000
ollama-1  | 	dry_multiplier = 0.000, dry_base = 1.750, dry_allowed_length = 2, dry_penalty_last_n = 64
ollama-1  | 	top_k = 64, top_p = 0.950, min_p = 0.000, xtc_probability = 0.000, xtc_threshold = 0.100, typical_p = 1.000, top_n_sigma = -1.000, temp = 0.000
ollama-1  | 	mirostat = 0, mirostat_lr = 0.100, mirostat_ent = 5.000, adaptive_target = -1.000, adaptive_decay = 0.900
ollama-1  | slot launch_slot_: id  0 | task 49241 | processing task, is_child = 0
ollama-1  | slot   operator(): id  0 | task 49241 | new prompt, n_ctx_slot = 4096, n_keep = 4, task.n_tokens = 387
ollama-1  | slot   operator(): id  0 | task 49241 | checking checkpoint with [0, 382] against 0...
ollama-1  | slot   operator(): id  0 | task 49241 | checking checkpoint with [0, 221] against 0...
ollama-1  | slot   operator(): id  0 | task 49241 | restored context checkpoint (pos_min = 0, pos_max = 221, n_tokens = 222, n_past = 221, size = 8.675 MiB)
ollama-1  | slot   operator(): id  0 | task 49241 | erased invalidated context checkpoint (pos_min = 0, pos_max = 222, n_tokens = 223, n_swa = 512, pos_next = 221, size = 8.714 MiB)
ollama-1  | slot   operator(): id  0 | task 49241 | erased invalidated context checkpoint (pos_min = 0, pos_max = 382, n_tokens = 383, n_swa = 512, pos_next = 221, size = 14.966 MiB)
ollama-1  | slot   operator(): id  0 | task 49241 | cached n_tokens = 221, memory_seq_rm [221, end)
ollama-1  | slot create_check: id  0 | task 49241 | created context checkpoint 3 of 32 (pos_min = 0, pos_max = 220, n_tokens = 221, size = 8.636 MiB)
ollama-1  | slot   operator(): id  0 | task 49241 | cached n_tokens = 383, memory_seq_rm [383, end)
ollama-1  | slot init_sampler: id  0 | task 49241 | init sampler, took 0.06 ms, tokens: text = 387, total = 387
ollama-1  | slot create_check: id  0 | task 49241 | created context checkpoint 4 of 32 (pos_min = 0, pos_max = 382, n_tokens = 383, size = 14.966 MiB)
ollama-1  | [GIN] 2026/10/07 - 07:28:43 | 500 |         10m0s |      172.21.0.4 | POST     "/api/generate"
ollama-1  | srv  server_strea: conv_id= (empty=1)
ollama-1  | slot get_availabl: id  0 | task 49241 |  - skipping, is_processing = 1
ollama-1  | srv          stop: cancel task, id_task = 49241
ollama-1  | slot      release: id  0 | task 49241 | stop processing: n_tokens = 451, truncated = 0
ollama-1  | slot get_availabl: id  0 | task -1 |  - checking sim = 0.725 (322/444) > 0.100
ollama-1  | slot get_availabl: id  0 | task -1 | selected slot by LCP similarity, f_sim_best = 0.725 (> 0.100 thold), f_keep = 0.714
ollama-1  | slot launch_slot_: id  0 | task -1 | sampler chain: logits -> ?penalties -> ?dry -> ?top-n-sigma -> top-k -> ?typical -> top-p -> ?min-p -> ?xtc -> temp-ext -> dist 
ollama-1  | slot launch_slot_: id  0 | task -1 | sampler params: 
ollama-1  | 	repeat_last_n = 64, repeat_penalty = 1.000, frequency_penalty = 0.000, presence_penalty = 0.000
ollama-1  | 	dry_multiplier = 0.000, dry_base = 1.750, dry_allowed_length = 2, dry_penalty_last_n = 64
ollama-1  | 	top_k = 64, top_p = 0.950, min_p = 0.000, xtc_probability = 0.000, xtc_threshold = 0.100, typical_p = 1.000, top_n_sigma = -1.000, temp = 0.000
ollama-1  | 	mirostat = 0, mirostat_lr = 0.100, mirostat_ent = 5.000, adaptive_target = -1.000, adaptive_decay = 0.900
ollama-1  | slot launch_slot_: id  0 | task 49309 | processing task, is_child = 0
ollama-1  | slot   operator(): id  0 | task 49309 | new prompt, n_ctx_slot = 4096, n_keep = 4, task.n_tokens = 444
ollama-1  | slot   operator(): id  0 | task 49309 | checking checkpoint with [0, 382] against 0...
ollama-1  | slot   operator(): id  0 | task 49309 | checking checkpoint with [0, 220] against 0...
ollama-1  | slot   operator(): id  0 | task 49309 | restored context checkpoint (pos_min = 0, pos_max = 220, n_tokens = 221, n_past = 220, size = 8.636 MiB)
ollama-1  | slot   operator(): id  0 | task 49309 | erased invalidated context checkpoint (pos_min = 0, pos_max = 221, n_tokens = 222, n_swa = 512, pos_next = 220, size = 8.675 MiB)
ollama-1  | slot   operator(): id  0 | task 49309 | erased invalidated context checkpoint (pos_min = 0, pos_max = 382, n_tokens = 383, n_swa = 512, pos_next = 220, size = 14.966 MiB)
ollama-1  | slot   operator(): id  0 | task 49309 | cached n_tokens = 220, memory_seq_rm [220, end)
ollama-1  | slot create_check: id  0 | task 49309 | created context checkpoint 3 of 32 (pos_min = 0, pos_max = 219, n_tokens = 220, size = 8.597 MiB)
ollama-1  | slot   operator(): id  0 | task 49309 | cached n_tokens = 440, memory_seq_rm [440, end)
ollama-1  | slot init_sampler: id  0 | task 49309 | init sampler, took 0.06 ms, tokens: text = 444, total = 444
ollama-1  | slot create_check: id  0 | task 49309 | created context checkpoint 4 of 32 (pos_min = 0, pos_max = 439, n_tokens = 440, size = 17.193 MiB)
ollama-1  | [GIN] 2026/10/07 - 07:28:46 | 500 |         10m0s |      172.21.0.4 | POST     "/api/generate"
ollama-1  | srv  server_strea: conv_id= (empty=1)
ollama-1  | slot get_availabl: id  0 | task 49309 |  - skipping, is_processing = 1
ollama-1  | srv          stop: cancel task, id_task = 49309
ollama-1  | slot      release: id  0 | task 49309 | stop processing: n_tokens = 455, truncated = 0
ollama-1  | slot get_availabl: id  0 | task -1 |  - checking sim = 0.795 (322/405) > 0.100
ollama-1  | slot get_availabl: id  0 | task -1 | selected slot by LCP similarity, f_sim_best = 0.795 (> 0.100 thold), f_keep = 0.708
ollama-1  | slot launch_slot_: id  0 | task -1 | sampler chain: logits -> ?penalties -> ?dry -> ?top-n-sigma -> top-k -> ?typical -> top-p -> ?min-p -> ?xtc -> temp-ext -> dist 
ollama-1  | slot launch_slot_: id  0 | task -1 | sampler params: 
ollama-1  | 	repeat_last_n = 64, repeat_penalty = 1.000, frequency_penalty = 0.000, presence_penalty = 0.000
ollama-1  | 	dry_multiplier = 0.000, dry_base = 1.750, dry_allowed_length = 2, dry_penalty_last_n = 64
ollama-1  | 	top_k = 64, top_p = 0.950, min_p = 0.000, xtc_probability = 0.000, xtc_threshold = 0.100, typical_p = 1.000, top_n_sigma = -1.000, temp = 0.000
ollama-1  | 	mirostat = 0, mirostat_lr = 0.100, mirostat_ent = 5.000, adaptive_target = -1.000, adaptive_decay = 0.900
ollama-1  | slot launch_slot_: id  0 | task 49324 | processing task, is_child = 0
ollama-1  | slot   operator(): id  0 | task 49324 | new prompt, n_ctx_slot = 4096, n_keep = 4, task.n_tokens = 405
ollama-1  | slot   operator(): id  0 | task 49324 | checking checkpoint with [0, 439] against 0...
ollama-1  | slot   operator(): id  0 | task 49324 | checking checkpoint with [0, 219] against 0...
ollama-1  | slot   operator(): id  0 | task 49324 | restored context checkpoint (pos_min = 0, pos_max = 219, n_tokens = 220, n_past = 219, size = 8.597 MiB)
ollama-1  | slot   operator(): id  0 | task 49324 | erased invalidated context checkpoint (pos_min = 0, pos_max = 220, n_tokens = 221, n_swa = 512, pos_next = 219, size = 8.636 MiB)
ollama-1  | slot   operator(): id  0 | task 49324 | erased invalidated context checkpoint (pos_min = 0, pos_max = 439, n_tokens = 440, n_swa = 512, pos_next = 219, size = 17.193 MiB)
ollama-1  | slot   operator(): id  0 | task 49324 | cached n_tokens = 219, memory_seq_rm [219, end)
ollama-1  | slot create_check: id  0 | task 49324 | created context checkpoint 3 of 32 (pos_min = 0, pos_max = 218, n_tokens = 219, size = 8.558 MiB)
ollama-1  | [GIN] 2026/10/07 - 07:28:46 | 200 |      27.496µs |       127.0.0.1 | HEAD     "/"
ollama-1  | [GIN] 2026/10/07 - 07:28:46 | 200 |    1.934469ms |       127.0.0.1 | GET      "/api/tags"
ollama-1  | [GIN] 2026/10/07 - 07:28:47 | 500 |         10m0s |      172.21.0.4 | POST     "/api/generate"
ollama-1  | srv  server_strea: conv_id= (empty=1)
ollama-1  | slot get_availabl: id  0 | task 49324 |  - skipping, is_processing = 1
ollama-1  | slot   operator(): id  0 | task 49324 | cached n_tokens = 401, memory_seq_rm [401, end)
ollama-1  | slot init_sampler: id  0 | task 49324 | init sampler, took 0.06 ms, tokens: text = 405, total = 405
ollama-1  | slot create_check: id  0 | task 49324 | created context checkpoint 4 of 32 (pos_min = 0, pos_max = 400, n_tokens = 401, size = 15.669 MiB)
ollama-1  | srv          stop: cancel task, id_task = 49324
ollama-1  | slot      release: id  0 | task 49324 | stop processing: n_tokens = 406, truncated = 0
ollama-1  | slot get_availabl: id  0 | task -1 |  - checking sim = 0.782 (323/413) > 0.100
ollama-1  | slot get_availabl: id  0 | task -1 | selected slot by LCP similarity, f_sim_best = 0.782 (> 0.100 thold), f_keep = 0.796
ollama-1  | slot launch_slot_: id  0 | task -1 | sampler chain: logits -> ?penalties -> ?dry -> ?top-n-sigma -> top-k -> ?typical -> top-p -> ?min-p -> ?xtc -> temp-ext -> dist 
ollama-1  | slot launch_slot_: id  0 | task -1 | sampler params: 
ollama-1  | 	repeat_last_n = 64, repeat_penalty = 1.000, frequency_penalty = 0.000, presence_penalty = 0.000
ollama-1  | 	dry_multiplier = 0.000, dry_base = 1.750, dry_allowed_length = 2, dry_penalty_last_n = 64
ollama-1  | 	top_k = 64, top_p = 0.950, min_p = 0.000, xtc_probability = 0.000, xtc_threshold = 0.100, typical_p = 1.000, top_n_sigma = -1.000, temp = 0.000
ollama-1  | 	mirostat = 0, mirostat_lr = 0.100, mirostat_ent = 5.000, adaptive_target = -1.000, adaptive_decay = 0.900
ollama-1  | slot launch_slot_: id  0 | task 49328 | processing task, is_child = 0
ollama-1  | slot   operator(): id  0 | task 49328 | new prompt, n_ctx_slot = 4096, n_keep = 4, task.n_tokens = 413
ollama-1  | slot   operator(): id  0 | task 49328 | checking checkpoint with [0, 400] against 0...
ollama-1  | slot   operator(): id  0 | task 49328 | checking checkpoint with [0, 218] against 0...
ollama-1  | slot   operator(): id  0 | task 49328 | restored context checkpoint (pos_min = 0, pos_max = 218, n_tokens = 219, n_past = 218, size = 8.558 MiB)
ollama-1  | slot   operator(): id  0 | task 49328 | erased invalidated context checkpoint (pos_min = 0, pos_max = 219, n_tokens = 220, n_swa = 512, pos_next = 218, size = 8.597 MiB)
ollama-1  | slot   operator(): id  0 | task 49328 | erased invalidated context checkpoint (pos_min = 0, pos_max = 400, n_tokens = 401, n_swa = 512, pos_next = 218, size = 15.669 MiB)
ollama-1  | slot   operator(): id  0 | task 49328 | cached n_tokens = 218, memory_seq_rm [218, end)
ollama-1  | slot create_check: id  0 | task 49328 | created context checkpoint 3 of 32 (pos_min = 0, pos_max = 217, n_tokens = 218, size = 8.519 MiB)
ollama-1  | slot   operator(): id  0 | task 49328 | cached n_tokens = 409, memory_seq_rm [409, end)
ollama-1  | slot init_sampler: id  0 | task 49328 | init sampler, took 0.07 ms, tokens: text = 413, total = 413
ollama-1  | slot create_check: id  0 | task 49328 | created context checkpoint 4 of 32 (pos_min = 0, pos_max = 408, n_tokens = 409, size = 15.982 MiB)
ollama-1  | [GIN] 2026/10/07 - 07:28:50 | 500 |         10m0s |      172.21.0.4 | POST     "/api/generate"
ollama-1  | srv  server_strea: conv_id= (empty=1)
ollama-1  | slot get_availabl: id  0 | task 49328 |  - skipping, is_processing = 1
ollama-1  | srv          stop: cancel task, id_task = 49328
ollama-1  | slot      release: id  0 | task 49328 | stop processing: n_tokens = 417, truncated = 0
ollama-1  | slot get_availabl: id  0 | task -1 |  - checking sim = 0.747 (322/431) > 0.100
ollama-1  | slot get_availabl: id  0 | task -1 | selected slot by LCP similarity, f_sim_best = 0.747 (> 0.100 thold), f_keep = 0.772
ollama-1  | slot launch_slot_: id  0 | task -1 | sampler chain: logits -> ?penalties -> ?dry -> ?top-n-sigma -> top-k -> ?typical -> top-p -> ?min-p -> ?xtc -> temp-ext -> dist 
ollama-1  | slot launch_slot_: id  0 | task -1 | sampler params: 
ollama-1  | 	repeat_last_n = 64, repeat_penalty = 1.000, frequency_penalty = 0.000, presence_penalty = 0.000
ollama-1  | 	dry_multiplier = 0.000, dry_base = 1.750, dry_allowed_length = 2, dry_penalty_last_n = 64
ollama-1  | 	top_k = 64, top_p = 0.950, min_p = 0.000, xtc_probability = 0.000, xtc_threshold = 0.100, typical_p = 1.000, top_n_sigma = -1.000, temp = 0.000
ollama-1  | 	mirostat = 0, mirostat_lr = 0.100, mirostat_ent = 5.000, adaptive_target = -1.000, adaptive_decay = 0.900
ollama-1  | slot launch_slot_: id  0 | task 49337 | processing task, is_child = 0
ollama-1  | slot   operator(): id  0 | task 49337 | new prompt, n_ctx_slot = 4096, n_keep = 4, task.n_tokens = 431
ollama-1  | slot   operator(): id  0 | task 49337 | checking checkpoint with [0, 408] against 0...
ollama-1  | slot   operator(): id  0 | task 49337 | checking checkpoint with [0, 217] against 0...
ollama-1  | slot   operator(): id  0 | task 49337 | restored context checkpoint (pos_min = 0, pos_max = 217, n_tokens = 218, n_past = 217, size = 8.519 MiB)
ollama-1  | slot   operator(): id  0 | task 49337 | erased invalidated context checkpoint (pos_min = 0, pos_max = 218, n_tokens = 219, n_swa = 512, pos_next = 217, size = 8.558 MiB)
ollama-1  | slot   operator(): id  0 | task 49337 | erased invalidated context checkpoint (pos_min = 0, pos_max = 408, n_tokens = 409, n_swa = 512, pos_next = 217, size = 15.982 MiB)
ollama-1  | slot   operator(): id  0 | task 49337 | cached n_tokens = 217, memory_seq_rm [217, end)
ollama-1  | slot create_check: id  0 | task 49337 | created context checkpoint 3 of 32 (pos_min = 0, pos_max = 216, n_tokens = 217, size = 8.480 MiB)
ollama-1  | slot   operator(): id  0 | task 49337 | cached n_tokens = 427, memory_seq_rm [427, end)
ollama-1  | slot init_sampler: id  0 | task 49337 | init sampler, took 0.06 ms, tokens: text = 431, total = 431
ollama-1  | slot create_check: id  0 | task 49337 | created context checkpoint 4 of 32 (pos_min = 0, pos_max = 426, n_tokens = 427, size = 16.685 MiB)
ollama-1  | [GIN] 2026/10/07 - 07:28:56 | 200 |      31.165µs |       127.0.0.1 | HEAD     "/"
ollama-1  | [GIN] 2026/10/07 - 07:28:56 | 200 |     1.48815ms |       127.0.0.1 | GET      "/api/tags"
ollama-1  | slot print_timing: id  0 | task 49337 | n_gen =    100, tg =  17.50 t/s, tg_3s =  17.68 t/s
ollama-1  | [GIN] 2026/10/07 - 07:29:00 | 500 |         10m0s |      172.21.0.4 | POST     "/api/generate"
ollama-1  | srv  server_strea: conv_id= (empty=1)
ollama-1  | slot get_availabl: id  0 | task 49337 |  - skipping, is_processing = 1
ollama-1  | srv          stop: cancel task, id_task = 49337
ollama-1  | slot      release: id  0 | task 49337 | stop processing: n_tokens = 582, truncated = 0
ollama-1  | slot get_availabl: id  0 | task -1 |  - checking sim = 0.672 (322/479) > 0.100
ollama-1  | slot get_availabl: id  0 | task -1 | selected slot by LCP similarity, f_sim_best = 0.672 (> 0.100 thold), f_keep = 0.553
ollama-1  | slot launch_slot_: id  0 | task -1 | sampler chain: logits -> ?penalties -> ?dry -> ?top-n-sigma -> top-k -> ?typical -> top-p -> ?min-p -> ?xtc -> temp-ext -> dist 
ollama-1  | slot launch_slot_: id  0 | task -1 | sampler params: 
ollama-1  | 	repeat_last_n = 64, repeat_penalty = 1.000, frequency_penalty = 0.000, presence_penalty = 0.000
ollama-1  | 	dry_multiplier = 0.000, dry_base = 1.750, dry_allowed_length = 2, dry_penalty_last_n = 64
ollama-1  | 	top_k = 64, top_p = 0.950, min_p = 0.000, xtc_probability = 0.000, xtc_threshold = 0.100, typical_p = 1.000, top_n_sigma = -1.000, temp = 0.000
ollama-1  | 	mirostat = 0, mirostat_lr = 0.100, mirostat_ent = 5.000, adaptive_target = -1.000, adaptive_decay = 0.900
ollama-1  | slot launch_slot_: id  0 | task 49492 | processing task, is_child = 0
ollama-1  | slot   operator(): id  0 | task 49492 | new prompt, n_ctx_slot = 4096, n_keep = 4, task.n_tokens = 479
ollama-1  | slot   operator(): id  0 | task 49492 | checking checkpoint with [0, 426] against 0...
ollama-1  | slot   operator(): id  0 | task 49492 | checking checkpoint with [0, 216] against 0...
ollama-1  | slot   operator(): id  0 | task 49492 | restored context checkpoint (pos_min = 0, pos_max = 216, n_tokens = 217, n_past = 216, size = 8.480 MiB)
ollama-1  | slot   operator(): id  0 | task 49492 | erased invalidated context checkpoint (pos_min = 0, pos_max = 217, n_tokens = 218, n_swa = 512, pos_next = 216, size = 8.519 MiB)
ollama-1  | slot   operator(): id  0 | task 49492 | erased invalidated context checkpoint (pos_min = 0, pos_max = 426, n_tokens = 427, n_swa = 512, pos_next = 216, size = 16.685 MiB)
ollama-1  | slot   operator(): id  0 | task 49492 | cached n_tokens = 216, memory_seq_rm [216, end)
ollama-1  | slot create_check: id  0 | task 49492 | created context checkpoint 3 of 32 (pos_min = 0, pos_max = 215, n_tokens = 216, size = 8.440 MiB)
ollama-1  | slot   operator(): id  0 | task 49492 | cached n_tokens = 475, memory_seq_rm [475, end)
ollama-1  | slot init_sampler: id  0 | task 49492 | init sampler, took 0.07 ms, tokens: text = 479, total = 479
ollama-1  | slot create_check: id  0 | task 49492 | created context checkpoint 4 of 32 (pos_min = 0, pos_max = 474, n_tokens = 475, size = 18.561 MiB)
ollama-1  | [GIN] 2026/10/07 - 07:29:04 | 500 |         10m0s |      172.21.0.4 | POST     "/api/generate"
ollama-1  | srv  server_strea: conv_id= (empty=1)
ollama-1  | slot get_availabl: id  0 | task 49492 |  - skipping, is_processing = 1
ollama-1  | srv          stop: cancel task, id_task = 49492
ollama-1  | slot      release: id  0 | task 49492 | stop processing: n_tokens = 507, truncated = 0
ollama-1  | slot get_availabl: id  0 | task -1 |  - checking sim = 0.681 (322/473) > 0.100
ollama-1  | slot get_availabl: id  0 | task -1 | selected slot by LCP similarity, f_sim_best = 0.681 (> 0.100 thold), f_keep = 0.635
ollama-1  | slot launch_slot_: id  0 | task -1 | sampler chain: logits -> ?penalties -> ?dry -> ?top-n-sigma -> top-k -> ?typical -> top-p -> ?min-p -> ?xtc -> temp-ext -> dist 
ollama-1  | slot launch_slot_: id  0 | task -1 | sampler params: 
ollama-1  | 	repeat_last_n = 64, repeat_penalty = 1.000, frequency_penalty = 0.000, presence_penalty = 0.000
ollama-1  | 	dry_multiplier = 0.000, dry_base = 1.750, dry_allowed_length = 2, dry_penalty_last_n = 64
ollama-1  | 	top_k = 64, top_p = 0.950, min_p = 0.000, xtc_probability = 0.000, xtc_threshold = 0.100, typical_p = 1.000, top_n_sigma = -1.000, temp = 0.000
ollama-1  | 	mirostat = 0, mirostat_lr = 0.100, mirostat_ent = 5.000, adaptive_target = -1.000, adaptive_decay = 0.900
ollama-1  | slot launch_slot_: id  0 | task 49524 | processing task, is_child = 0
ollama-1  | slot   operator(): id  0 | task 49524 | new prompt, n_ctx_slot = 4096, n_keep = 4, task.n_tokens = 473
ollama-1  | slot   operator(): id  0 | task 49524 | checking checkpoint with [0, 474] against 0...
ollama-1  | slot   operator(): id  0 | task 49524 | checking checkpoint with [0, 215] against 0...
ollama-1  | slot   operator(): id  0 | task 49524 | restored context checkpoint (pos_min = 0, pos_max = 215, n_tokens = 216, n_past = 215, size = 8.440 MiB)
ollama-1  | slot   operator(): id  0 | task 49524 | erased invalidated context checkpoint (pos_min = 0, pos_max = 216, n_tokens = 217, n_swa = 512, pos_next = 215, size = 8.480 MiB)
ollama-1  | slot   operator(): id  0 | task 49524 | erased invalidated context checkpoint (pos_min = 0, pos_max = 474, n_tokens = 475, n_swa = 512, pos_next = 215, size = 18.561 MiB)
ollama-1  | slot   operator(): id  0 | task 49524 | cached n_tokens = 215, memory_seq_rm [215, end)
ollama-1  | slot create_check: id  0 | task 49524 | created context checkpoint 3 of 32 (pos_min = 0, pos_max = 214, n_tokens = 215, size = 8.401 MiB)
ollama-1  | [GIN] 2026/10/07 - 07:29:06 | 500 |         10m0s |      172.21.0.4 | POST     "/api/generate"
ollama-1  | srv  server_strea: conv_id= (empty=1)
ollama-1  | srv          stop: cancel task, id_task = 49524
ollama-1  | [GIN] 2026/10/07 - 07:29:07 | 200 |      26.131µs |       127.0.0.1 | HEAD     "/"
ollama-1  | [GIN] 2026/10/07 - 07:29:07 | 200 |    1.570257ms |       127.0.0.1 | GET      "/api/tags"
ollama-1  | slot get_availabl: id  0 | task 49524 |  - skipping, is_processing = 1
ollama-1  | slot      release: id  0 | task 49524 | stop processing: n_tokens = 469, truncated = 0
ollama-1  | slot get_availabl: id  0 | task -1 |  - checking sim = 0.421 (322/765) > 0.100
ollama-1  | slot get_availabl: id  0 | task -1 | selected slot by LCP similarity, f_sim_best = 0.421 (> 0.100 thold), f_keep = 0.687
ollama-1  | slot launch_slot_: id  0 | task -1 | sampler chain: logits -> ?penalties -> ?dry -> ?top-n-sigma -> top-k -> ?typical -> top-p -> ?min-p -> ?xtc -> temp-ext -> dist 
ollama-1  | slot launch_slot_: id  0 | task -1 | sampler params: 
ollama-1  | 	repeat_last_n = 64, repeat_penalty = 1.000, frequency_penalty = 0.000, presence_penalty = 0.000
ollama-1  | 	dry_multiplier = 0.000, dry_base = 1.750, dry_allowed_length = 2, dry_penalty_last_n = 64
ollama-1  | 	top_k = 64, top_p = 0.950, min_p = 0.000, xtc_probability = 0.000, xtc_threshold = 0.100, typical_p = 1.000, top_n_sigma = -1.000, temp = 0.000
ollama-1  | 	mirostat = 0, mirostat_lr = 0.100, mirostat_ent = 5.000, adaptive_target = -1.000, adaptive_decay = 0.900
ollama-1  | slot launch_slot_: id  0 | task 49528 | processing task, is_child = 0
ollama-1  | slot   operator(): id  0 | task 49528 | new prompt, n_ctx_slot = 4096, n_keep = 4, task.n_tokens = 765
ollama-1  | slot   operator(): id  0 | task 49528 | checking checkpoint with [0, 214] against 0...
ollama-1  | slot   operator(): id  0 | task 49528 | restored context checkpoint (pos_min = 0, pos_max = 214, n_tokens = 215, n_past = 214, size = 8.401 MiB)
ollama-1  | slot   operator(): id  0 | task 49528 | erased invalidated context checkpoint (pos_min = 0, pos_max = 215, n_tokens = 216, n_swa = 512, pos_next = 214, size = 8.440 MiB)
ollama-1  | slot   operator(): id  0 | task 49528 | cached n_tokens = 214, memory_seq_rm [214, end)
ollama-1  | slot   operator(): id  0 | task 49528 | cached n_tokens = 253, memory_seq_rm [253, end)
ollama-1  | slot create_check: id  0 | task 49528 | created context checkpoint 3 of 32 (pos_min = 0, pos_max = 252, n_tokens = 253, size = 9.886 MiB)
ollama-1  | slot print_timing: id  0 | task 49528 | prompt processing, n_tokens =    547, progress = 0.99, t =   5.00 s / 109.45 tokens per second
ollama-1  | slot   operator(): id  0 | task 49528 | cached n_tokens = 761, memory_seq_rm [761, end)
ollama-1  | slot init_sampler: id  0 | task 49528 | init sampler, took 0.14 ms, tokens: text = 765, total = 765
ollama-1  | slot create_check: id  0 | task 49528 | created context checkpoint 4 of 32 (pos_min = 0, pos_max = 760, n_tokens = 761, size = 20.006 MiB)
ollama-1  | [GIN] 2026/10/07 - 07:29:13 | 500 |         10m0s |      172.21.0.4 | POST     "/api/generate"
ollama-1  | srv  server_strea: conv_id= (empty=1)
ollama-1  | slot get_availabl: id  0 | task 49528 |  - skipping, is_processing = 1
ollama-1  | srv          stop: cancel task, id_task = 49528
ollama-1  | slot      release: id  0 | task 49528 | stop processing: n_tokens = 786, truncated = 0
ollama-1  | slot get_availabl: id  0 | task -1 |  - checking sim = 0.782 (323/413) > 0.100
ollama-1  | slot get_availabl: id  0 | task -1 | selected slot by LCP similarity, f_sim_best = 0.782 (> 0.100 thold), f_keep = 0.411
ollama-1  | srv  get_availabl: updating prompt cache
ollama-1  | srv   prompt_save:  - saving prompt with length 786, total state size = 32.297 MiB (draft: 0.000 MiB)
ollama-1  | srv          load:  - looking for better prompt, base f_keep = 0.411, f_sim = 0.782
ollama-1  | srv          load:    - prompt with length     834, lcp =     322, f_keep = 0.386, f_sim = 0.780
ollama-1  | srv          load:    - prompt with length     819, lcp =     322, f_keep = 0.393, f_sim = 0.780
ollama-1  | srv          load:    - prompt with length     948, lcp =     322, f_keep = 0.340, f_sim = 0.780
ollama-1  | srv          load:    - prompt with length     807, lcp =     322, f_keep = 0.399, f_sim = 0.780
ollama-1  | srv          load:    - prompt with length    1137, lcp =     322, f_keep = 0.283, f_sim = 0.780
ollama-1  | srv          load:    - prompt with length     770, lcp =     322, f_keep = 0.418, f_sim = 0.780
ollama-1  | srv          load:    - prompt with length     705, lcp =     322, f_keep = 0.457, f_sim = 0.780
ollama-1  | srv          load:    - prompt with length    1002, lcp =     323, f_keep = 0.322, f_sim = 0.782
ollama-1  | srv          load:    - prompt with length     669, lcp =     323, f_keep = 0.483, f_sim = 0.782
ollama-1  | srv          load:    - prompt with length     651, lcp =     323, f_keep = 0.496, f_sim = 0.782
ollama-1  | srv          load:    - prompt with length    1216, lcp =     322, f_keep = 0.265, f_sim = 0.780
ollama-1  | srv          load:    - prompt with length    1037, lcp =     323, f_keep = 0.311, f_sim = 0.782
ollama-1  | srv          load:    - prompt with length     875, lcp =     323, f_keep = 0.369, f_sim = 0.782
ollama-1  | srv          load:    - prompt with length    1021, lcp =     323, f_keep = 0.316, f_sim = 0.782
ollama-1  | srv          load:    - prompt with length    1340, lcp =     322, f_keep = 0.240, f_sim = 0.780
ollama-1  | srv          load:    - prompt with length     777, lcp =     322, f_keep = 0.414, f_sim = 0.780
ollama-1  | srv          load:    - prompt with length    1005, lcp =     322, f_keep = 0.320, f_sim = 0.780
ollama-1  | srv          load:    - prompt with length    1324, lcp =     322, f_keep = 0.243, f_sim = 0.780
ollama-1  | srv          load:    - prompt with length    1202, lcp =     322, f_keep = 0.268, f_sim = 0.780
ollama-1  | srv          load:    - prompt with length    1402, lcp =     322, f_keep = 0.230, f_sim = 0.780
ollama-1  | srv          load:    - prompt with length     961, lcp =     322, f_keep = 0.335, f_sim = 0.780
ollama-1  | srv          load:    - prompt with length    1321, lcp =     322, f_keep = 0.244, f_sim = 0.780
ollama-1  | srv          load:    - prompt with length    1006, lcp =     324, f_keep = 0.322, f_sim = 0.785
ollama-1  | srv          load:    - prompt with length    1464, lcp =     322, f_keep = 0.220, f_sim = 0.780
ollama-1  | srv          load:    - prompt with length    1095, lcp =     322, f_keep = 0.294, f_sim = 0.780
ollama-1  | srv          load:    - prompt with length     831, lcp =     322, f_keep = 0.387, f_sim = 0.780
ollama-1  | srv          load:    - prompt with length     858, lcp =     322, f_keep = 0.375, f_sim = 0.780
ollama-1  | srv          load:    - prompt with length     786, lcp =     323, f_keep = 0.411, f_sim = 0.782
ollama-1  | srv        update:  - cache state: 28 prompts, 2087.481 MiB (limits: 8192.000 MiB, 4096 tokens, 109344 est)
ollama-1  | srv        update:    - prompt 0x25882cd0:     834 tokens, checkpoints:  1,    46.567 MiB
ollama-1  | srv        update:    - prompt 0x2324cbb0:     819 tokens, checkpoints:  1,    48.013 MiB
ollama-1  | srv        update:    - prompt 0x2595b650:     948 tokens, checkpoints:  1,    47.568 MiB
ollama-1  | srv        update:    - prompt 0x2324cc60:     807 tokens, checkpoints:  1,    48.177 MiB
ollama-1  | srv        update:    - prompt 0x2d10a000:    1137 tokens, checkpoints:  3,    55.292 MiB
ollama-1  | srv        update:    - prompt 0x2d0dc3e0:     770 tokens, checkpoints:  4,    61.315 MiB
ollama-1  | srv        update:    - prompt 0x2324cd10:     705 tokens, checkpoints:  4,    69.442 MiB
ollama-1  | srv        update:    - prompt 0x2324d570:    1002 tokens, checkpoints:  4,    74.008 MiB
ollama-1  | srv        update:    - prompt 0x25935fc0:     669 tokens, checkpoints:  4,    68.957 MiB
ollama-1  | srv        update:    - prompt 0x25651a10:     651 tokens, checkpoints:  5,    75.670 MiB
ollama-1  | srv        update:    - prompt 0x2582b290:    1216 tokens, checkpoints:  3,    86.614 MiB
ollama-1  | srv        update:    - prompt 0x253dedc0:    1037 tokens, checkpoints:  3,    77.016 MiB
ollama-1  | srv        update:    - prompt 0x2cca61e0:     875 tokens, checkpoints:  6,    99.179 MiB
ollama-1  | srv        update:    - prompt 0x256395b0:    1021 tokens, checkpoints:  3,    76.375 MiB
ollama-1  | srv        update:    - prompt 0x2fd601d0:    1340 tokens, checkpoints:  4,    89.569 MiB
ollama-1  | srv        update:    - prompt 0x2586cc20:     777 tokens, checkpoints:  4,    65.136 MiB
ollama-1  | srv        update:    - prompt 0x25875ca0:    1005 tokens, checkpoints:  4,    69.561 MiB
ollama-1  | srv        update:    - prompt 0x2d14c790:    1324 tokens, checkpoints:  5,    91.586 MiB
ollama-1  | srv        update:    - prompt 0x25922170:    1202 tokens, checkpoints:  6,    96.673 MiB
ollama-1  | srv        update:    - prompt 0x257811a0:    1402 tokens, checkpoints:  6,    95.346 MiB
ollama-1  | srv        update:    - prompt 0x34805b10:     961 tokens, checkpoints:  6,    66.295 MiB
ollama-1  | srv        update:    - prompt 0x2fb34bb0:    1321 tokens, checkpoints:  5,    90.718 MiB
ollama-1  | srv        update:    - prompt 0x25971370:    1006 tokens, checkpoints:  4,    74.109 MiB
ollama-1  | srv        update:    - prompt 0x371ccdc0:    1464 tokens, checkpoints:  4,    92.719 MiB
ollama-1  | srv        update:    - prompt 0x2fa638f0:    1095 tokens, checkpoints:  5,    88.083 MiB
ollama-1  | srv        update:    - prompt 0x2324fa40:     831 tokens, checkpoints:  5,    90.754 MiB
ollama-1  | srv        update:    - prompt 0x256765c0:     858 tokens, checkpoints:  4,    71.365 MiB
ollama-1  | srv        update:    - prompt 0x2d48b930:     786 tokens, checkpoints:  4,    71.373 MiB
ollama-1  | srv  get_availabl: prompt cache update took 33.62 ms
ollama-1  | slot launch_slot_: id  0 | task -1 | sampler chain: logits -> ?penalties -> ?dry -> ?top-n-sigma -> top-k -> ?typical -> top-p -> ?min-p -> ?xtc -> temp-ext -> dist 
ollama-1  | slot launch_slot_: id  0 | task -1 | sampler params: 
ollama-1  | 	repeat_last_n = 64, repeat_penalty = 1.000, frequency_penalty = 0.000, presence_penalty = 0.000
ollama-1  | 	dry_multiplier = 0.000, dry_base = 1.750, dry_allowed_length = 2, dry_penalty_last_n = 64
ollama-1  | 	top_k = 64, top_p = 0.950, min_p = 0.000, xtc_probability = 0.000, xtc_threshold = 0.100, typical_p = 1.000, top_n_sigma = -1.000, temp = 0.000
ollama-1  | 	mirostat = 0, mirostat_lr = 0.100, mirostat_ent = 5.000, adaptive_target = -1.000, adaptive_decay = 0.900
ollama-1  | slot launch_slot_: id  0 | task 49553 | processing task, is_child = 0
ollama-1  | slot   operator(): id  0 | task 49553 | new prompt, n_ctx_slot = 4096, n_keep = 4, task.n_tokens = 413
ollama-1  | slot   operator(): id  0 | task 49553 | checking checkpoint with [0, 760] against 0...
ollama-1  | slot   operator(): id  0 | task 49553 | checking checkpoint with [0, 252] against 0...
ollama-1  | slot   operator(): id  0 | task 49553 | restored context checkpoint (pos_min = 0, pos_max = 252, n_tokens = 253, n_past = 252, size = 9.886 MiB)
ollama-1  | slot   operator(): id  0 | task 49553 | erased invalidated context checkpoint (pos_min = 0, pos_max = 760, n_tokens = 761, n_swa = 512, pos_next = 252, size = 20.006 MiB)
ollama-1  | slot   operator(): id  0 | task 49553 | cached n_tokens = 252, memory_seq_rm [252, end)
ollama-1  | slot create_check: id  0 | task 49553 | created context checkpoint 4 of 32 (pos_min = 0, pos_max = 251, n_tokens = 252, size = 9.847 MiB)
ollama-1  | slot   operator(): id  0 | task 49553 | cached n_tokens = 409, memory_seq_rm [409, end)
ollama-1  | slot init_sampler: id  0 | task 49553 | init sampler, took 0.06 ms, tokens: text = 413, total = 413
ollama-1  | slot create_check: id  0 | task 49553 | created context checkpoint 5 of 32 (pos_min = 0, pos_max = 408, n_tokens = 409, size = 15.982 MiB)
ollama-1  | [GIN] 2026/10/07 - 07:29:15 | 500 |         10m0s |      172.21.0.4 | POST     "/api/generate"
ollama-1  | srv  server_strea: conv_id= (empty=1)
ollama-1  | slot get_availabl: id  0 | task 49553 |  - skipping, is_processing = 1
ollama-1  | srv          stop: cancel task, id_task = 49553
ollama-1  | slot      release: id  0 | task 49553 | stop processing: n_tokens = 416, truncated = 0
ollama-1  | slot get_availabl: id  0 | task -1 |  - checking sim = 0.675 (324/480) > 0.100
ollama-1  | slot get_availabl: id  0 | task -1 | selected slot by LCP similarity, f_sim_best = 0.675 (> 0.100 thold), f_keep = 0.779
ollama-1  | slot launch_slot_: id  0 | task -1 | sampler chain: logits -> ?penalties -> ?dry -> ?top-n-sigma -> top-k -> ?typical -> top-p -> ?min-p -> ?xtc -> temp-ext -> dist 
ollama-1  | slot launch_slot_: id  0 | task -1 | sampler params: 
ollama-1  | 	repeat_last_n = 64, repeat_penalty = 1.000, frequency_penalty = 0.000, presence_penalty = 0.000
ollama-1  | 	dry_multiplier = 0.000, dry_base = 1.750, dry_allowed_length = 2, dry_penalty_last_n = 64
ollama-1  | 	top_k = 64, top_p = 0.950, min_p = 0.000, xtc_probability = 0.000, xtc_threshold = 0.100, typical_p = 1.000, top_n_sigma = -1.000, temp = 0.000
ollama-1  | 	mirostat = 0, mirostat_lr = 0.100, mirostat_ent = 5.000, adaptive_target = -1.000, adaptive_decay = 0.900
ollama-1  | slot launch_slot_: id  0 | task 49560 | processing task, is_child = 0
ollama-1  | slot   operator(): id  0 | task 49560 | new prompt, n_ctx_slot = 4096, n_keep = 4, task.n_tokens = 480
ollama-1  | slot   operator(): id  0 | task 49560 | checking checkpoint with [0, 408] against 0...
ollama-1  | slot   operator(): id  0 | task 49560 | checking checkpoint with [0, 251] against 0...
ollama-1  | slot   operator(): id  0 | task 49560 | restored context checkpoint (pos_min = 0, pos_max = 251, n_tokens = 252, n_past = 251, size = 9.847 MiB)
ollama-1  | slot   operator(): id  0 | task 49560 | erased invalidated context checkpoint (pos_min = 0, pos_max = 252, n_tokens = 253, n_swa = 512, pos_next = 251, size = 9.886 MiB)
ollama-1  | slot   operator(): id  0 | task 49560 | erased invalidated context checkpoint (pos_min = 0, pos_max = 408, n_tokens = 409, n_swa = 512, pos_next = 251, size = 15.982 MiB)
ollama-1  | slot   operator(): id  0 | task 49560 | cached n_tokens = 251, memory_seq_rm [251, end)
ollama-1  | slot create_check: id  0 | task 49560 | created context checkpoint 4 of 32 (pos_min = 0, pos_max = 250, n_tokens = 251, size = 9.808 MiB)
ollama-1  | [GIN] 2026/10/07 - 07:29:17 | 200 |      32.112µs |       127.0.0.1 | HEAD     "/"
ollama-1  | [GIN] 2026/10/07 - 07:29:17 | 200 |    1.589133ms |       127.0.0.1 | GET      "/api/tags"
ollama-1  | slot   operator(): id  0 | task 49560 | cached n_tokens = 476, memory_seq_rm [476, end)
ollama-1  | slot init_sampler: id  0 | task 49560 | init sampler, took 0.06 ms, tokens: text = 480, total = 480
ollama-1  | slot create_check: id  0 | task 49560 | created context checkpoint 5 of 32 (pos_min = 0, pos_max = 475, n_tokens = 476, size = 18.600 MiB)
ollama-1  | [GIN] 2026/10/07 - 07:29:17 | 500 |         10m0s |      172.21.0.4 | POST     "/api/generate"
ollama-1  | srv  server_strea: conv_id= (empty=1)
ollama-1  | slot get_availabl: id  0 | task 49560 |  - skipping, is_processing = 1
ollama-1  | srv          stop: cancel task, id_task = 49560
ollama-1  | slot      release: id  0 | task 49560 | stop processing: n_tokens = 482, truncated = 0
ollama-1  | slot get_availabl: id  0 | task -1 |  - checking sim = 0.873 (322/369) > 0.100
ollama-1  | slot get_availabl: id  0 | task -1 | selected slot by LCP similarity, f_sim_best = 0.873 (> 0.100 thold), f_keep = 0.668
ollama-1  | slot launch_slot_: id  0 | task -1 | sampler chain: logits -> ?penalties -> ?dry -> ?top-n-sigma -> top-k -> ?typical -> top-p -> ?min-p -> ?xtc -> temp-ext -> dist 
ollama-1  | slot launch_slot_: id  0 | task -1 | sampler params: 
ollama-1  | 	repeat_last_n = 64, repeat_penalty = 1.000, frequency_penalty = 0.000, presence_penalty = 0.000
ollama-1  | 	dry_multiplier = 0.000, dry_base = 1.750, dry_allowed_length = 2, dry_penalty_last_n = 64
ollama-1  | 	top_k = 64, top_p = 0.950, min_p = 0.000, xtc_probability = 0.000, xtc_threshold = 0.100, typical_p = 1.000, top_n_sigma = -1.000, temp = 0.000
ollama-1  | 	mirostat = 0, mirostat_lr = 0.100, mirostat_ent = 5.000, adaptive_target = -1.000, adaptive_decay = 0.900
ollama-1  | slot launch_slot_: id  0 | task 49566 | processing task, is_child = 0
ollama-1  | slot   operator(): id  0 | task 49566 | new prompt, n_ctx_slot = 4096, n_keep = 4, task.n_tokens = 369
ollama-1  | slot   operator(): id  0 | task 49566 | checking checkpoint with [0, 475] against 0...
ollama-1  | slot   operator(): id  0 | task 49566 | checking checkpoint with [0, 250] against 0...
ollama-1  | slot   operator(): id  0 | task 49566 | restored context checkpoint (pos_min = 0, pos_max = 250, n_tokens = 251, n_past = 250, size = 9.808 MiB)
ollama-1  | slot   operator(): id  0 | task 49566 | erased invalidated context checkpoint (pos_min = 0, pos_max = 251, n_tokens = 252, n_swa = 512, pos_next = 250, size = 9.847 MiB)
ollama-1  | slot   operator(): id  0 | task 49566 | erased invalidated context checkpoint (pos_min = 0, pos_max = 475, n_tokens = 476, n_swa = 512, pos_next = 250, size = 18.600 MiB)
ollama-1  | slot   operator(): id  0 | task 49566 | cached n_tokens = 250, memory_seq_rm [250, end)
ollama-1  | slot create_check: id  0 | task 49566 | created context checkpoint 4 of 32 (pos_min = 0, pos_max = 249, n_tokens = 250, size = 9.769 MiB)
ollama-1  | [GIN] 2026/10/07 - 07:29:18 | 500 |         10m0s |      172.21.0.4 | POST     "/api/generate"
ollama-1  | srv  server_strea: conv_id= (empty=1)
ollama-1  | srv          stop: cancel task, id_task = 49566
ollama-1  | slot get_availabl: id  0 | task 49566 |  - skipping, is_processing = 1
ollama-1  | slot      release: id  0 | task 49566 | stop processing: n_tokens = 365, truncated = 0
ollama-1  | slot get_availabl: id  0 | task -1 |  - checking sim = 0.416 (322/774) > 0.100
ollama-1  | slot get_availabl: id  0 | task -1 | selected slot by LCP similarity, f_sim_best = 0.416 (> 0.100 thold), f_keep = 0.882
ollama-1  | slot launch_slot_: id  0 | task -1 | sampler chain: logits -> ?penalties -> ?dry -> ?top-n-sigma -> top-k -> ?typical -> top-p -> ?min-p -> ?xtc -> temp-ext -> dist 
ollama-1  | slot launch_slot_: id  0 | task -1 | sampler params: 
ollama-1  | 	repeat_last_n = 64, repeat_penalty = 1.000, frequency_penalty = 0.000, presence_penalty = 0.000
ollama-1  | 	dry_multiplier = 0.000, dry_base = 1.750, dry_allowed_length = 2, dry_penalty_last_n = 64
ollama-1  | 	top_k = 64, top_p = 0.950, min_p = 0.000, xtc_probability = 0.000, xtc_threshold = 0.100, typical_p = 1.000, top_n_sigma = -1.000, temp = 0.000
ollama-1  | 	mirostat = 0, mirostat_lr = 0.100, mirostat_ent = 5.000, adaptive_target = -1.000, adaptive_decay = 0.900
ollama-1  | slot launch_slot_: id  0 | task 49570 | processing task, is_child = 0
ollama-1  | slot   operator(): id  0 | task 49570 | new prompt, n_ctx_slot = 4096, n_keep = 4, task.n_tokens = 774
ollama-1  | slot   operator(): id  0 | task 49570 | checking checkpoint with [0, 249] against 0...
ollama-1  | slot   operator(): id  0 | task 49570 | restored context checkpoint (pos_min = 0, pos_max = 249, n_tokens = 250, n_past = 249, size = 9.769 MiB)
ollama-1  | slot   operator(): id  0 | task 49570 | erased invalidated context checkpoint (pos_min = 0, pos_max = 250, n_tokens = 251, n_swa = 512, pos_next = 249, size = 9.808 MiB)
ollama-1  | slot   operator(): id  0 | task 49570 | cached n_tokens = 249, memory_seq_rm [249, end)
ollama-1  | slot   operator(): id  0 | task 49570 | cached n_tokens = 262, memory_seq_rm [262, end)
ollama-1  | slot create_check: id  0 | task 49570 | created context checkpoint 4 of 32 (pos_min = 0, pos_max = 261, n_tokens = 262, size = 10.238 MiB)
ollama-1  | slot print_timing: id  0 | task 49570 | prompt processing, n_tokens =    521, progress = 0.99, t =   4.82 s / 108.05 tokens per second
ollama-1  | slot   operator(): id  0 | task 49570 | cached n_tokens = 770, memory_seq_rm [770, end)
ollama-1  | slot init_sampler: id  0 | task 49570 | init sampler, took 0.12 ms, tokens: text = 774, total = 774
ollama-1  | slot create_check: id  0 | task 49570 | created context checkpoint 5 of 32 (pos_min = 0, pos_max = 769, n_tokens = 770, size = 20.006 MiB)
ollama-1  | [GIN] 2026/10/07 - 07:29:24 | 200 |      81.368µs |      172.21.0.1 | GET      "/api/ps"
ollama-1  | [GIN] 2026/10/07 - 07:29:24 | 200 |      18.928µs |       127.0.0.1 | HEAD     "/"
ollama-1  | [GIN] 2026/10/07 - 07:29:24 | 200 |      40.413µs |       127.0.0.1 | GET      "/api/ps"
ollama-1  | [GIN] 2026/10/07 - 07:29:25 | 500 |         10m0s |      172.21.0.4 | POST     "/api/generate"
ollama-1  | srv  server_strea: conv_id= (empty=1)
ollama-1  | slot get_availabl: id  0 | task 49570 |  - skipping, is_processing = 1
ollama-1  | srv          stop: cancel task, id_task = 49570
ollama-1  | slot      release: id  0 | task 49570 | stop processing: n_tokens = 803, truncated = 0
ollama-1  | slot get_availabl: id  0 | task -1 |  - checking sim = 0.599 (322/538) > 0.100
ollama-1  | slot get_availabl: id  0 | task -1 | selected slot by LCP similarity, f_sim_best = 0.599 (> 0.100 thold), f_keep = 0.401
ollama-1  | srv  get_availabl: updating prompt cache
ollama-1  | srv   prompt_save:  - saving prompt with length 803, total state size = 32.563 MiB (draft: 0.000 MiB)
ollama-1  | srv         alloc:  - removing obsolete cached prompt with length 770
ollama-1  | srv          load:  - looking for better prompt, base f_keep = 0.401, f_sim = 0.599
ollama-1  | srv          load:    - prompt with length     834, lcp =     322, f_keep = 0.386, f_sim = 0.599
ollama-1  | srv          load:    - prompt with length     819, lcp =     322, f_keep = 0.393, f_sim = 0.599
ollama-1  | srv          load:    - prompt with length     948, lcp =     322, f_keep = 0.340, f_sim = 0.599
ollama-1  | srv          load:    - prompt with length     807, lcp =     322, f_keep = 0.399, f_sim = 0.599
ollama-1  | srv          load:    - prompt with length    1137, lcp =     322, f_keep = 0.283, f_sim = 0.599
ollama-1  | srv          load:    - prompt with length     705, lcp =     322, f_keep = 0.457, f_sim = 0.599
ollama-1  | srv          load:    - prompt with length    1002, lcp =     322, f_keep = 0.321, f_sim = 0.599
ollama-1  | srv          load:    - prompt with length     669, lcp =     322, f_keep = 0.481, f_sim = 0.599
ollama-1  | srv          load:    - prompt with length     651, lcp =     322, f_keep = 0.495, f_sim = 0.599
ollama-1  | srv          load:    - prompt with length    1216, lcp =     322, f_keep = 0.265, f_sim = 0.599
ollama-1  | srv          load:    - prompt with length    1037, lcp =     322, f_keep = 0.311, f_sim = 0.599
ollama-1  | srv          load:    - prompt with length     875, lcp =     322, f_keep = 0.368, f_sim = 0.599
ollama-1  | srv          load:    - prompt with length    1021, lcp =     322, f_keep = 0.315, f_sim = 0.599
ollama-1  | srv          load:    - prompt with length    1340, lcp =     322, f_keep = 0.240, f_sim = 0.599
ollama-1  | srv          load:    - prompt with length     777, lcp =     322, f_keep = 0.414, f_sim = 0.599
ollama-1  | srv          load:    - prompt with length    1005, lcp =     322, f_keep = 0.320, f_sim = 0.599
ollama-1  | srv          load:    - prompt with length    1324, lcp =     322, f_keep = 0.243, f_sim = 0.599
ollama-1  | srv          load:    - prompt with length    1202, lcp =     322, f_keep = 0.268, f_sim = 0.599
ollama-1  | srv          load:    - prompt with length    1402, lcp =     322, f_keep = 0.230, f_sim = 0.599
ollama-1  | srv          load:    - prompt with length     961, lcp =     323, f_keep = 0.336, f_sim = 0.600
ollama-1  | srv          load:    - prompt with length    1321, lcp =     322, f_keep = 0.244, f_sim = 0.599
ollama-1  | srv          load:    - prompt with length    1006, lcp =     322, f_keep = 0.320, f_sim = 0.599
ollama-1  | srv          load:    - prompt with length    1464, lcp =     322, f_keep = 0.220, f_sim = 0.599
ollama-1  | srv          load:    - prompt with length    1095, lcp =     322, f_keep = 0.294, f_sim = 0.599
ollama-1  | srv          load:    - prompt with length     831, lcp =     322, f_keep = 0.387, f_sim = 0.599
ollama-1  | srv          load:    - prompt with length     858, lcp =     322, f_keep = 0.375, f_sim = 0.599
ollama-1  | srv          load:    - prompt with length     786, lcp =     322, f_keep = 0.410, f_sim = 0.599
ollama-1  | srv          load:    - prompt with length     803, lcp =     322, f_keep = 0.401, f_sim = 0.599
ollama-1  | srv        update:  - cache state: 28 prompts, 2107.925 MiB (limits: 8192.000 MiB, 4096 tokens, 108411 est)
ollama-1  | srv        update:    - prompt 0x25882cd0:     834 tokens, checkpoints:  1,    46.567 MiB
ollama-1  | srv        update:    - prompt 0x2324cbb0:     819 tokens, checkpoints:  1,    48.013 MiB
ollama-1  | srv        update:    - prompt 0x2595b650:     948 tokens, checkpoints:  1,    47.568 MiB
ollama-1  | srv        update:    - prompt 0x2324cc60:     807 tokens, checkpoints:  1,    48.177 MiB
ollama-1  | srv        update:    - prompt 0x2d10a000:    1137 tokens, checkpoints:  3,    55.292 MiB
ollama-1  | srv        update:    - prompt 0x2324cd10:     705 tokens, checkpoints:  4,    69.442 MiB
ollama-1  | srv        update:    - prompt 0x2324d570:    1002 tokens, checkpoints:  4,    74.008 MiB
ollama-1  | srv        update:    - prompt 0x25935fc0:     669 tokens, checkpoints:  4,    68.957 MiB
ollama-1  | srv        update:    - prompt 0x25651a10:     651 tokens, checkpoints:  5,    75.670 MiB
ollama-1  | srv        update:    - prompt 0x2582b290:    1216 tokens, checkpoints:  3,    86.614 MiB
ollama-1  | srv        update:    - prompt 0x253dedc0:    1037 tokens, checkpoints:  3,    77.016 MiB
ollama-1  | srv        update:    - prompt 0x2cca61e0:     875 tokens, checkpoints:  6,    99.179 MiB
ollama-1  | srv        update:    - prompt 0x256395b0:    1021 tokens, checkpoints:  3,    76.375 MiB
ollama-1  | srv        update:    - prompt 0x2fd601d0:    1340 tokens, checkpoints:  4,    89.569 MiB
ollama-1  | srv        update:    - prompt 0x2586cc20:     777 tokens, checkpoints:  4,    65.136 MiB
ollama-1  | srv        update:    - prompt 0x25875ca0:    1005 tokens, checkpoints:  4,    69.561 MiB
ollama-1  | srv        update:    - prompt 0x2d14c790:    1324 tokens, checkpoints:  5,    91.586 MiB
ollama-1  | srv        update:    - prompt 0x25922170:    1202 tokens, checkpoints:  6,    96.673 MiB
ollama-1  | srv        update:    - prompt 0x257811a0:    1402 tokens, checkpoints:  6,    95.346 MiB
ollama-1  | srv        update:    - prompt 0x34805b10:     961 tokens, checkpoints:  6,    66.295 MiB
ollama-1  | srv        update:    - prompt 0x2fb34bb0:    1321 tokens, checkpoints:  5,    90.718 MiB
ollama-1  | srv        update:    - prompt 0x25971370:    1006 tokens, checkpoints:  4,    74.109 MiB
ollama-1  | srv        update:    - prompt 0x371ccdc0:    1464 tokens, checkpoints:  4,    92.719 MiB
ollama-1  | srv        update:    - prompt 0x2fa638f0:    1095 tokens, checkpoints:  5,    88.083 MiB
ollama-1  | srv        update:    - prompt 0x2324fa40:     831 tokens, checkpoints:  5,    90.754 MiB
ollama-1  | srv        update:    - prompt 0x256765c0:     858 tokens, checkpoints:  4,    71.365 MiB
ollama-1  | srv        update:    - prompt 0x2d48b930:     786 tokens, checkpoints:  4,    71.373 MiB
ollama-1  | srv        update:    - prompt 0x2d0dc3e0:     803 tokens, checkpoints:  5,    81.759 MiB
ollama-1  | srv  get_availabl: prompt cache update took 65.87 ms
ollama-1  | slot launch_slot_: id  0 | task -1 | sampler chain: logits -> ?penalties -> ?dry -> ?top-n-sigma -> top-k -> ?typical -> top-p -> ?min-p -> ?xtc -> temp-ext -> dist 
ollama-1  | slot launch_slot_: id  0 | task -1 | sampler params: 
ollama-1  | 	repeat_last_n = 64, repeat_penalty = 1.000, frequency_penalty = 0.000, presence_penalty = 0.000
ollama-1  | 	dry_multiplier = 0.000, dry_base = 1.750, dry_allowed_length = 2, dry_penalty_last_n = 64
ollama-1  | 	top_k = 64, top_p = 0.950, min_p = 0.000, xtc_probability = 0.000, xtc_threshold = 0.100, typical_p = 1.000, top_n_sigma = -1.000, temp = 0.000
ollama-1  | 	mirostat = 0, mirostat_lr = 0.100, mirostat_ent = 5.000, adaptive_target = -1.000, adaptive_decay = 0.900
ollama-1  | slot launch_slot_: id  0 | task 49603 | processing task, is_child = 0
ollama-1  | slot   operator(): id  0 | task 49603 | new prompt, n_ctx_slot = 4096, n_keep = 4, task.n_tokens = 538
ollama-1  | slot   operator(): id  0 | task 49603 | checking checkpoint with [0, 769] against 0...
ollama-1  | slot   operator(): id  0 | task 49603 | checking checkpoint with [0, 261] against 0...
ollama-1  | slot   operator(): id  0 | task 49603 | restored context checkpoint (pos_min = 0, pos_max = 261, n_tokens = 262, n_past = 261, size = 10.238 MiB)
ollama-1  | slot   operator(): id  0 | task 49603 | erased invalidated context checkpoint (pos_min = 0, pos_max = 769, n_tokens = 770, n_swa = 512, pos_next = 261, size = 20.006 MiB)
ollama-1  | slot   operator(): id  0 | task 49603 | cached n_tokens = 261, memory_seq_rm [261, end)
ollama-1  | slot create_check: id  0 | task 49603 | created context checkpoint 5 of 32 (pos_min = 0, pos_max = 260, n_tokens = 261, size = 10.199 MiB)
ollama-1  | [GIN] 2026/10/07 - 07:29:25 | 500 |         10m0s |      172.21.0.4 | POST     "/api/generate"
ollama-1  | srv  server_strea: conv_id= (empty=1)
ollama-1  | [GIN] 2026/10/07 - 07:29:26 | 500 |          7m0s |      172.21.0.4 | POST     "/api/generate"
ollama-1  | [GIN] 2026/10/07 - 07:29:26 | 500 |  10.78586691s |      172.21.0.4 | POST     "/api/generate"
ollama-1  | time=2026-10-07T07:29:26.076Z level=INFO source=llama_server.go:1633 msg="aborting completion request due to client closing the connection"
ollama-1  | time=2026-10-07T07:29:26.077Z level=INFO source=llama_server.go:1633 msg="aborting completion request due to client closing the connection"
ollama-1  | time=2026-10-07T07:29:26.077Z level=INFO source=llama_server.go:1633 msg="aborting completion request due to client closing the connection"
ollama-1  | time=2026-10-07T07:29:26.077Z level=INFO source=llama_server.go:1633 msg="aborting completion request due to client closing the connection"
ollama-1  | time=2026-10-07T07:29:26.077Z level=INFO source=llama_server.go:1633 msg="aborting completion request due to client closing the connection"
ollama-1  | time=2026-10-07T07:29:26.077Z level=INFO source=llama_server.go:1633 msg="aborting completion request due to client closing the connection"
ollama-1  | [GIN] 2026/10/07 - 07:29:26 | 500 |   8.45429383s |      172.21.0.4 | POST     "/api/generate"
ollama-1  | [GIN] 2026/10/07 - 07:29:26 | 500 |         9m57s |      172.21.0.4 | POST     "/api/generate"
ollama-1  | [GIN] 2026/10/07 - 07:29:26 | 500 |         1m33s |      172.21.0.4 | POST     "/api/generate"
ollama-1  | [GIN] 2026/10/07 - 07:29:26 | 500 |         9m56s |      172.21.0.4 | POST     "/api/generate"
ollama-1  | [GIN] 2026/10/07 - 07:29:26 | 500 | 12.635754387s |      172.21.0.4 | POST     "/api/generate"
ollama-1  | [GIN] 2026/10/07 - 07:29:26 | 500 |          1m8s |      172.21.0.4 | POST     "/api/generate"
ollama-1  | [GIN] 2026/10/07 - 07:29:26 | 500 |          1m2s |      172.21.0.4 | POST     "/api/generate"
ollama-1  | [GIN] 2026/10/07 - 07:29:26 | 500 |         8m31s |      172.21.0.4 | POST     "/api/generate"
ollama-1  | time=2026-10-07T07:29:26.077Z level=INFO source=llama_server.go:1633 msg="aborting completion request due to client closing the connection"
ollama-1  | time=2026-10-07T07:29:26.077Z level=INFO source=llama_server.go:1633 msg="aborting completion request due to client closing the connection"
ollama-1  | time=2026-10-07T07:29:26.077Z level=INFO source=llama_server.go:1633 msg="aborting completion request due to client closing the connection"
ollama-1  | time=2026-10-07T07:29:26.077Z level=INFO source=llama_server.go:1633 msg="aborting completion request due to client closing the connection"
ollama-1  | time=2026-10-07T07:29:26.077Z level=INFO source=llama_server.go:1633 msg="aborting completion request due to client closing the connection"
ollama-1  | time=2026-10-07T07:29:26.077Z level=INFO source=llama_server.go:1633 msg="aborting completion request due to client closing the connection"
ollama-1  | time=2026-10-07T07:29:26.077Z level=INFO source=llama_server.go:1633 msg="aborting completion request due to client closing the connection"
ollama-1  | time=2026-10-07T07:29:26.077Z level=INFO source=llama_server.go:1633 msg="aborting completion request due to client closing the connection"
ollama-1  | time=2026-10-07T07:29:26.077Z level=INFO source=llama_server.go:1633 msg="aborting completion request due to client closing the connection"
ollama-1  | time=2026-10-07T07:29:26.077Z level=INFO source=llama_server.go:1633 msg="aborting completion request due to client closing the connection"
ollama-1  | time=2026-10-07T07:29:26.077Z level=INFO source=llama_server.go:1633 msg="aborting completion request due to client closing the connection"
ollama-1  | time=2026-10-07T07:29:26.077Z level=INFO source=llama_server.go:1633 msg="aborting completion request due to client closing the connection"
ollama-1  | time=2026-10-07T07:29:26.077Z level=INFO source=llama_server.go:1633 msg="aborting completion request due to client closing the connection"
ollama-1  | [GIN] 2026/10/07 - 07:29:26 | 500 | 56.884868376s |      172.21.0.4 | POST     "/api/generate"
ollama-1  | [GIN] 2026/10/07 - 07:29:26 | 500 | 58.000503018s |      172.21.0.4 | POST     "/api/generate"
ollama-1  | [GIN] 2026/10/07 - 07:29:26 | 500 |          1m9s |      172.21.0.4 | POST     "/api/generate"
ollama-1  | [GIN] 2026/10/07 - 07:29:26 | 500 | 36.116487815s |      172.21.0.4 | POST     "/api/generate"
ollama-1  | [GIN] 2026/10/07 - 07:29:26 | 500 |         9m59s |      172.21.0.4 | POST     "/api/generate"
ollama-1  | [GIN] 2026/10/07 - 07:29:26 | 500 | 40.054482716s |      172.21.0.4 | POST     "/api/generate"
ollama-1  | [GIN] 2026/10/07 - 07:29:26 | 500 | 38.831563644s |      172.21.0.4 | POST     "/api/generate"
ollama-1  | [GIN] 2026/10/07 - 07:29:26 | 500 |         5m48s |      172.21.0.4 | POST     "/api/generate"
ollama-1  | [GIN] 2026/10/07 - 07:29:26 | 500 | 48.145147996s |      172.21.0.4 | POST     "/api/generate"
ollama-1  | [GIN] 2026/10/07 - 07:29:26 | 500 | 21.379800605s |      172.21.0.4 | POST     "/api/generate"
ollama-1  | [GIN] 2026/10/07 - 07:29:26 | 500 |         3m14s |      172.21.0.4 | POST     "/api/generate"
ollama-1  | [GIN] 2026/10/07 - 07:29:26 | 500 |         2m32s |      172.21.0.4 | POST     "/api/generate"
ollama-1  | [GIN] 2026/10/07 - 07:29:26 | 500 |         8m10s |      172.21.0.4 | POST     "/api/generate"
ollama-1  | [GIN] 2026/10/07 - 07:29:26 | 500 |         3m45s |      172.21.0.4 | POST     "/api/generate"
ollama-1  | [GIN] 2026/10/07 - 07:29:26 | 500 |         7m35s |      172.21.0.4 | POST     "/api/generate"
ollama-1  | [GIN] 2026/10/07 - 07:29:26 | 500 |  42.89429303s |      172.21.0.4 | POST     "/api/generate"
ollama-1  | [GIN] 2026/10/07 - 07:29:26 | 500 | 19.938128617s |      172.21.0.4 | POST     "/api/generate"
ollama-1  | [GIN] 2026/10/07 - 07:29:26 | 500 |         1m52s |      172.21.0.4 | POST     "/api/generate"
ollama-1  | [GIN] 2026/10/07 - 07:29:26 | 500 |          1m6s |      172.21.0.4 | POST     "/api/generate"
ollama-1  | [GIN] 2026/10/07 - 07:29:26 | 500 |          1m1s |      172.21.0.4 | POST     "/api/generate"
ollama-1  | time=2026-10-07T07:29:26.077Z level=INFO source=llama_server.go:1633 msg="aborting completion request due to client closing the connection"
ollama-1  | time=2026-10-07T07:29:26.077Z level=INFO source=llama_server.go:1633 msg="aborting completion request due to client closing the connection"
ollama-1  | time=2026-10-07T07:29:26.077Z level=INFO source=llama_server.go:1633 msg="aborting completion request due to client closing the connection"
ollama-1  | time=2026-10-07T07:29:26.077Z level=INFO source=llama_server.go:1633 msg="aborting completion request due to client closing the connection"
ollama-1  | time=2026-10-07T07:29:26.077Z level=INFO source=llama_server.go:1633 msg="aborting completion request due to client closing the connection"
ollama-1  | time=2026-10-07T07:29:26.077Z level=INFO source=llama_server.go:1633 msg="aborting completion request due to client closing the connection"
ollama-1  | time=2026-10-07T07:29:26.077Z level=INFO source=llama_server.go:1633 msg="aborting completion request due to client closing the connection"
ollama-1  | time=2026-10-07T07:29:26.077Z level=INFO source=llama_server.go:1633 msg="aborting completion request due to client closing the connection"
ollama-1  | time=2026-10-07T07:29:26.077Z level=INFO source=llama_server.go:1633 msg="aborting completion request due to client closing the connection"
ollama-1  | time=2026-10-07T07:29:26.077Z level=INFO source=llama_server.go:1633 msg="aborting completion request due to client closing the connection"
ollama-1  | time=2026-10-07T07:29:26.077Z level=INFO source=llama_server.go:1633 msg="aborting completion request due to client closing the connection"
ollama-1  | time=2026-10-07T07:29:26.077Z level=INFO source=llama_server.go:1633 msg="aborting completion request due to client closing the connection"
ollama-1  | [GIN] 2026/10/07 - 07:29:26 | 500 |  7.767723159s |      172.21.0.4 | POST     "/api/generate"
ollama-1  | [GIN] 2026/10/07 - 07:29:26 | 500 |          1m4s |      172.21.0.4 | POST     "/api/generate"
ollama-1  | [GIN] 2026/10/07 - 07:29:26 | 500 |  716.598752ms |      172.21.0.4 | POST     "/api/generate"
ollama-1  | time=2026-10-07T07:29:26.078Z level=INFO source=llama_server.go:1633 msg="aborting completion request due to client closing the connection"
ollama-1  | [GIN] 2026/10/07 - 07:29:26 | 500 |         4m23s |      172.21.0.4 | POST     "/api/generate"
ollama-1  | [GIN] 2026/10/07 - 07:29:26 | 500 |         4m54s |      172.21.0.4 | POST     "/api/generate"
ollama-1  | time=2026-10-07T07:29:26.078Z level=INFO source=llama_server.go:1633 msg="aborting completion request due to client closing the connection"
ollama-1  | [GIN] 2026/10/07 - 07:29:26 | 500 |         6m23s |      172.21.0.4 | POST     "/api/generate"
ollama-1  | [GIN] 2026/10/07 - 07:29:26 | 500 | 25.411455821s |      172.21.0.4 | POST     "/api/generate"
ollama-1  | time=2026-10-07T07:29:26.078Z level=INFO source=llama_server.go:1633 msg="aborting completion request due to client closing the connection"
ollama-1  | [GIN] 2026/10/07 - 07:29:26 | 500 |         9m34s |      172.21.0.4 | POST     "/api/generate"
ollama-1  | time=2026-10-07T07:29:26.078Z level=INFO source=llama_server.go:1633 msg="aborting completion request due to client closing the connection"
ollama-1  | [GIN] 2026/10/07 - 07:29:26 | 500 |  242.553356ms |      172.21.0.4 | POST     "/api/generate"
ollama-1  | time=2026-10-07T07:29:26.078Z level=INFO source=llama_server.go:1633 msg="aborting completion request due to client closing the connection"
ollama-1  | time=2026-10-07T07:29:26.078Z level=INFO source=llama_server.go:1633 msg="aborting completion request due to client closing the connection"
ollama-1  | [GIN] 2026/10/07 - 07:29:26 | 500 |         8m59s |      172.21.0.4 | POST     "/api/generate"
ollama-1  | srv          stop: cancel task, id_task = 49603
ollama-1  | srv          stop: cancel task, id_task = 49607
ollama-1  | [GIN] 2026/10/07 - 07:29:27 | 200 |        33.7µs |       127.0.0.1 | HEAD     "/"
ollama-1  | [GIN] 2026/10/07 - 07:29:27 | 200 |     983.781µs |       127.0.0.1 | GET      "/api/tags"
ollama-1  | slot      release: id  0 | task 49603 | stop processing: n_tokens = 534, truncated = 0
ollama-1  | srv  update_slots: all slots are idle
