id	narrative	category	classification_latency_ms	created_at
1	Potential FCRA Violations or Reporting Issues : Inconsistent or Contradictory Data : The reporting contains discrepancies in the following fields : Date of Last Activity : Two conflicting dates, XX/XX/year>XXXX  and XX/XX/year>. \nDate Reported : Two different reporting dates, XX/XX/year>XXXX  and XX/XX/year>. \nClosed Date : Two conflicting dates, XX/XX/year> and XX/XX/year>. \nThis is a violation of FCRA standards requiring accurate and consistent reporting. \nAmbiguity in Account Description : The account rating and status ( " XXXX '' ) are unclear and do not follow standard terminology. This could mislead users and is a possible violation under FCRA for failing to provide clear, understandable information. \nDispute Marking : The status shows both " Account not disputed '' and " Account information disputed by consumer. '' This inconsistency suggests either the creditor or credit reporting agency failed to update the dispute status properly, a violation of FCRA Section 623 ( a ) ( 3 ). \nLack of Supporting Details : Missing key fields such as : Payment history Last payment date Term length Past due amount Incomplete data violates the FCRA requirement for furnishing complete and accurate information. \nCollection Status : The account is reported as " Seriously past due date/ assigned to attorney, collection agency, or credit grantor 's internal collection department. '' If you have disputed this or if the information is inaccurate, the creditor is obligated to correct or remove the entry. \nOriginal Creditor Issue : The original creditor is listed as " XXXX XXXX, '' but there is no indication of validation of the debt. If this debt was sold or transferred, you have the right to request proof of assignment or validation under the Fair Debt Collection Practices Act ( FDCPA ).	Credit reporting	1545.58	2026-10-07 11:07:56
2	I went to XXXX college in XXXX and took out loans with sallie mae. I was never late on a payment or had any issues with them. Now that Navient took over it has been a headache. They send XXXX letters and bills a month you call and talk to someone they always say things are ok with the account, but then i get calls saying its late and is going to be reported. I call and set up a auto pay from my account and then call and say that it was n't taken out even though i prove that it was. Then they say well this must be a new loan and you have to pay. Then another person tells you that im up to date. Then i get XXXX different bills adding up to {$800.00} a month i call and talk with someone they say they do n't see that. My credit is going to get ruined because this company took over my loans and you ca n't get a straight answer.	Credit reporting	955.941	2026-10-07 11:07:57
3	On XXXX of XXXX I had locked my XXXX XXXX XXXX. In XXXX of XXXX they made an unauthorized charge to my card. I wrote a letter. In XXXX of XXXX they made another unauthorized charge. In XXXX they added interest so I wrote another letter. After that I called, the guy said he took care of it, so I closed my account. Now they keep adding interest.	Credit reporting	964.588	2026-10-07 11:07:58
4	I am filing a complaint against Nelnet regarding concerns over unauthorized access to my federal student loan records. In early 2025, reports surfaced that the Department of Government Efficiency ( DOGE ), associated with XXXX XXXX, XXXX have accessed sensitive borrower data in violation of federal privacy laws ( XXXX ). \n\nI reached out to Nelnet formally requesting an investigation, full disclosure, and consideration of loan discharge due to this breach of trust. I am deeply concerned that my personal information may have been mishandled, and I have received no assurance that my records remain secure. \n\nI am requesting that CFPB conduct an inquiry and compel Nelnet to respond transparently and fairly to my request.	Credit reporting	938.793	2026-10-07 11:07:58
5	I am submitting this in response to your current evaluation. I have to pursue my efforts to resolve these matters which require intent to my personal credit report. I am frustrated and feel some errors are still reported on my personal credit report which are not clearly stated as to the accuracy and completeness of the information. At this time, I solely seek the correct remedy to my personal credit report and dispute the remaining information to fix it. Please reinvestigate these accounts. Please check the inconsistency reporting of the Account number, Date Opened, Last Reported, Date of Last Active, and date of Last Payment. You must report this account accurately. Correct this matter ASAP : XXXX : XXXX XXXX XXXX Balance Owed : {$0.00} XXXX XXXX Balance Owed : {$0.00} TRANSUNION XXXX XXXX XXXX Balance Owed : {$0.00} XXXX XXXX Balance Owed : {$0.00}	Credit reporting	1464.81	2026-10-07 11:07:59
6	XXXX {$4900.00} original Balance XXXXXXXX XXXX XXXX {$2200.00} original BalanceXXXX XXXX XXXX XXXX {$1100.00} original Balance- XXXX XXXX XXXX \nXXXX {$16000.00} original Balance- XXXX XXXX XXXX {$1200.00} original Balance- XXXX XXXX XXXX {$1600.00} original Balance- XXXX XXXX XXXX {$1000.00} original balance- XXXX XXXX XXXX {$650.00} original balance- XXXX XXXX  ( XXXX  ) Original debtor XXXX {$1400.00} original balance- XXXX XXXX {$610.00} original balance- XXXX XXXX XXXX ( XXXX XXXX XXXX I have contacted all of these company 's to recant my cosumer rights . They have failed to reflect them on my profile.I 've stated that my accounts should have been frozen. I have also stated that my reports are innaccurate. Their not reflecting true on my account. \n\n\nunder the FCRA section 611 ( 5 ) ( A ) -you are required to promptly delete all information that is inaccurate, incomplete, or which can not be verified. \n\n\nFCRA 15 U.S.C 1681i, -Ever single one each any or all the unproven, none compliant, incomplete, untrue, incorrect, and or unverified aspects of any alleged derogatory, accounts must be promptly negated in its entirety or the alleged accounts are to be completed deleted. \n\n\nThe following deterogatory accounts allegations are either untrue, unverfied, incorrect, incomplete, untimely, Not mine, NOT MY RESPONSIBILITY..	Debt collection	1937.6	2026-10-07 11:08:01
7	On XX/XX/XXXX I applied to have my Student Loans with Nelnet placed on the SAVE Plan. I had a pair of loans which I consolidated for this with initial balances being {$34000.00} and {$24000.00} for a total of {$58000.00}.\n\nAlthough I had applied to be on the SAVE Plan, Nelnet stated that it took 8 months to process the application and approved it on XXXX. XXXX, XXXX. During that entire time, Nelnet had been charging interest. \n\nWhen I noticed this, I contacted Nelnet regarding the accrued interest. They stated that the SAVE interest free didn't account for processing times and this was legitimate.\n\nI don't understand where the breaking point is. Are they allowed to process the application for 1 year, 2 years, etc. and charge interest at their leisure because they are slow?	Consumer loan	2154.41	2026-10-07 11:08:02
8	15 U.S. Code $ 1681c-2 a consumer reporting agency shall block the reporting of any information in the file of a consumer that the consumer identifies as information that resulted from an alleged identity theft, no later than 4 business days after the date of the receipt. I Have Attached My FTC Report To This Compliant To Prevent Further Staff Tactics From Experian	Credit reporting	2276.64	2026-10-07 11:08:02
9	XXXX XXXX XXXX is reporting a debt from XX/XX/2013. It is not my debt. The original creditor refuses to furnish written proof that it 's my account. They have stated that all correspondences were returned, but Penn Credit is saying no mail was returned. I was never contacted regarding this debt before it was placed on my credit report. Other bureaus have removed the account XXXX refuses to remove it.	Debt collection	1952.95	2026-10-07 11:08:03
10	On XX/XX/XXXX and XX/XX/year>, XXXX unauthorized charges totaling {$520.00} appeared on my secured credit card from merchant Fundedelite.com. I did not authorize any of these transactions and have no account, subscription, or agreement with this merchant. I filed a fraud dispute on XX/XX/year>2026 ( Claim # XXXX ). On XXXX XXXX, 2026, Chime denied the dispute stating no billing error occurred with zero explanation of what evidence was reviewed or whether the merchant was ever contacted. No provisional credit was issued at any point during the investigation. The denial violates the Fair Credit Billing Act ( 15 U.S.C. 1666 ), which requires the card issuer to conduct a reasonable investigation and provide written explanation of findings. Chime did neither. XXXX of the XXXX charges occurred within hours of each other on the same night ( XXXX AM, XXXX AM, and XXXX AM on XX/XX/XXXX ), which is a clear fraudulent charge pattern. I submitted a formal rebuttal to Chime on XX/XX/year>2026 requesting re-investigation, provisional credit, and disclosure of the evidence used. I received no response.	Credit reporting	1926.35	2026-10-07 11:08:04
11	This is NOT a request for verification or proof of my mailing address or any other personal identifiers, but a request for VALIDATION made pursuant to the above named Titles and Sections. I respectfully request that your offices provide me with competent evidence that I have any legal obligation to pay you. At this time I will also inform you that if your offices have reported invalidated information to any of the XXXX major credit bureaus ( Equifax, XXXX, and XXXX XXXX ) ; this action might constitute fraud under both federal and state laws. Due to this fact, if any negative mark is found to report on any of my credit reports by your company or the company you represent, I will not hesitate in bringing legal action against you and your client for the following : Violation of the Fair Credit Reporting Act and Defamation of Character. It would be constructive for you to note that the FCRA ( Fair Credit Reporting Act ) section 609 ( c ) ( 2 ) ( E ) states : " a consumer reporting agency is not required to remove accurate derogatory information from a consumer 's file, unless the information is outdated under section 605 or can not be verified. The can not be verified is the key phrase, as you can see. Since I challenged you and your staff to verify, and you can not, that means all financial institutions and credit reporting agencies concerned with my account are required to remove any derogatory information. It can not be deemed accurate if it can not be verified. If it can not be verified, then it is required to be removed, according to the FCRA.\n\nName Account COLLECTION. \nXXXX XXXX XXXX. \nAccount Opened. \nXX/XX/2023. \n{$3900.00}.	Debt collection	3501.61	2026-10-07 11:08:05
12	Summary of Issue Citi Bank mishandled a billing dispute concerning two XXXX XXXX XXXX registrations. \nXX/XX/year> : The first camp was cancelled by XXXX  ; my refund request went unanswered. \nXX/XX/year> : I opened a partial dispute for {$660.00}. \nXX/XX/year> : XXXX  removed my daughter from the second camp two days before it began ; I immediately updated the dispute to the full {$1400.00} and submitted written proof of refund approval.\n\nDespite repeated updates and merchant confirmations that the full {$1400.00} refund was approved ( XX/XX/XXXX ) and executed by the third-party summer camp provider, Active ( XX/XX/year> ), Citi credited only {$660.00} when the case was closed on XX/XX/year>. The remaining {$740.00} has never been applied. \nI sent three follow-up emails on XX/XX/XXXX, XX/XX/XXXX, and XX/XX/XXXX. To the best of my recollection, these emails were sent shortly after phone calls with Citi representatives to ensure my updated dispute information was received. None of these emails received acknowledgment or reply. After closure, I called XX/XX/XXXX and XX/XX/year> and was told the case would be reopened, but no action followed.	Credit reporting	4441.65	2026-10-07 11:08:07
13	The original debt was disputed with the XXXX. Three phones were returned and only one had a contract amount remaining. XXXX changed the terms of my monthly contract and did put the discount date on my bill until the last month of that contract. Their customer relationships person XXXX XXXX Took responsibility for that error on XXXX  part. This amount should not be XXXX and XXXX needs to provide documentation that they did not provide proper notice of the monthly discount termination or provide proper council during service start time. This debt is not due. XXXX is responsible for the balance. XXXX then continued to bill after the XXXX settlement was made.	Debt collection	3019.63	2026-10-07 11:08:07
14	On XX/XX/2022 I received a tax delinquency bill, so I called the tax agency and they informed me that my XXXX county tax  hasnt been paid for a year. So after six phone calls and over a month the tax still isnt PAID! So I have til Friday and Im going to have to pay for something I already paid for. This is absolutely ridiculous, this company is stealing my money and has no accountability and is ripping me off. All I can do is sit back and watch cause I cant control my escrow account they do! I have nowhere to turn and its costing me more money and they dont seem to care! How are mortgage companies allowed to do business like this?	Debt collection	1402.96	2026-10-07 11:08:08
15	CHASE BANK COLLECTING AND HOLDING MONEY ILLEGALLY AFTER LOCKING ACCOUNT My chase account over 15 years was hacked. When I noticed the bank had moved {$3000.00} from my checking to savings I immediately moved it back and changed my user name and password. The following day the bank said it prevented a {$1000.00} dollar withdrawal and another for {$200.00} +. \nThe Bank then locked my account and told me to contact the fraud department, which I did. After an hour of verifying who I was the fraud manager told me to contact another number to set up a new account the next day. I followed his advice and was told they would not open another checking and savings account for me, and that I had to come in to a local branch. I retired overseas 8 years ago and have thus far transacted all my money transfers online. The cost of flying back to the US is prohibitive since I live on {$700.00} social security and {$300.00} XXXX veterans pension. \nMy XXXX year old mother was a signer on the account and held a complete Power of Attorney, which chase refused to accept in order to open a new account in my name. So chase opened an account in her name with my social security checks and VA XXXX checks going into her account WITHOUT MY PERMISSION. And even now chase refuses to allow me access to my own money going into another persons account. That should be illegal, if it isn't already. This situation really needs to be remedied ASAP. \nSincerely XXXX XXXX XXXX	Bank account or service	1503.68	2026-10-07 11:08:11
16	I have identified serious billing errors under 15 U.S. Code 1666 ( b ) on my credit report, including unverified late payment marks and the creditor 's failure to accurately reflect payments and credits. Despite my prior formal request for evidence substantiating these late marks, the creditor has failed to provide any legally required proof of investigation or verification. Furthermore, the creditor did not issue a proper billing statement at least 21 days before the due date, as mandated by law, rendering any late payment reporting invalid. This blatant disregard for accurate reporting is unacceptable. I demand that these inaccuracies be immediately corrected by updating the items to 'Paid as Agreed ' or removing them entirely from my credit report.	Credit reporting	728	2026-10-07 11:08:14
17	Please take note of this formal complaint of the collection efforts initiated by I.C. SYSTEM, INC pertaining to an alleged debt that has been reported to consumer credit bureaus reportingwith an account number as XXXX. It has come to my attention that this agency has violated several federal statutes, particularly the Fair Debt Collection Practices Act ( FDCPA ) and the Fair Credit Reporting Act ( FCRA ). \n\nMy primary concern revolves around the collection agency 's failure to furnish the validation information required by 12 CFR 1006.34 ( b ) ( 5 ) prior to reporting the collection account on my consumer credit report. This lack of compliance infringes upon my rights as a consumer and represents a clear violation of federal regulations that are designed to protect individuals from inaccurate and unsubstantiated debt reporting. Additionally, I have not been provided with the opportunity to dispute the alleged account by I.C. SYSTEM, INC owing them any monies reported in accordance with 12 CFR 1006.34 ( c ) ( i ). These actions by the collection agency not only undermine my right to challenge the accuracy of the debt but also constitute an unfair and deceptive practice under the FDCPA. \n\nMoreover, the agency has neglected to provide the necessary disclosures mandated by law prior to submitting the account information to consumer reporting agencies. This disregard for compliance with 12 CFR 1006.34 ( d ) and 15 U.S.C. 1681s-2 ( 7 ) ( A ) represents a significant breach that threatens the integrity of credit reporting systems.\n\n15 U.S.C. 1681b : I.C. System, Inc. accessed my credit report without my authorization, in violation of my rights as a consumer. No previous notification was provided regarding the account, making this inquiry inappropriate.\n\nFurther, I hereby revoke any authorization for communication via email, text, or phone calls in accordance with my rights under the FDCPA.	Debt collection	1738.97	2026-10-07 11:08:16
18	this company is reporting to two credit bureaus ( XXXX and XXXX  ) on my consumer credit report that a debt is owed to them. I have not received any communication regarding this debt from this company, or an opportunity to dispute the validity of this debt. This company is in violation os fair Debt Collection Practices Act Section 809. Their negligence has caused me distress and is hampering my ability to obtain credit.	Debt collection	597.849	2026-10-07 11:08:17
19	When I took out my loan with Wells Fargo Mortgage, my loan officer ( XXXX XXXX -- who is no longer with WF ) told me that the PMI would be removed when the LTV was 80 % or less. That is my understanding of the Home Owner 's Protection Act as well. \n\nI just got off the phone with the WF Borrower 's Service line. They just told me that they will not automatically remove the PMI until I pay it down to 78 %. It is currently 79.2 % LTV. \n\nThe officer told me one thing ( and the other officers will only refer me to the Borrower 's Service Line ) and now, when I have paid down the principal they're telling me a different story. \n\nThis is dishonesty but apparently this is also par for the Wells Fargo course.	Consumer loan	857.117	2026-10-07 11:08:18
20	Paypal closed my account for no reason one day says your account will be permanently limited, and and the funds on your paypal account will be available for withdraw after 180days. The money on my account is really important for me and my family, so I checked my account from time to time and wish to get updates from them for the withdraw, however, I noticed a total amount of $ XXXX was transferred to PAYPAL by paypal on XX/XX/2020 without my permission and even didnt send me any notification, I wont know it if I dont check my account and the recent activity. I was trying to get help from them, I got nothing but disappointment. Thus, I prefer to I file a report to CFPB to get this issue resolved, the email for my paypal is XXXX.	Debt collection	847.298	2026-10-07 11:08:20
21	Dear FORTIVA/ The Bank of XXXX  and its Representatives, I have been searching high and low for some vital information. I have not been able to get this specific information from any customer service representative or through any online search through the Securities and Exchange Commission. I need the most correct, up to date information for the following as soon as possible. Please give me the correct contact information including the contact Name and Title of the person or Senior Officer, their correct phone number, mailing address, e-mail address, and fax number for this or these representative ( s ) from both departments as follows : Full contact information for your company 's Special and Restrictive Deposit Department AND Full contact information for your company 's Indentured Trustee. \n\n\nPlease provide this information as quickly and accurately as possible. \n\nXXXX XXXX, Account # XXXX	Debt collection	1705.46	2026-10-07 11:08:21
22	I am senior citzen on a fix income i pay the amount they send me each month .all am paying is the interest i feel that for 12 years the bill should have been pay off. I contacted XXXX And put in a complaiint in return they closed the case after 45 days they could not reach the company to resolve the problem.	Credit reporting	1510.3	2026-10-07 11:08:21
23	XXXX XXXX XXXX Subject : **Cease and Desist of Communication Under 15 U.S.C . 1692c ( c ) ** Dear XXXX XXXX XXXX I am writing to formally request that you immediately cease and desist any further communication with me in regard to the debt referenced in your records.\n\nPursuant to 15 U.S.C. 1692c ( c ) of the Fair Debt Collection Practices Act ( FDCPA ), I am exercising my right to request that you stop contacting me about this alleged debt. Specifically, I am requesting that you refrain from any further written, verbal, or any other form of communication, including phone calls, letters, and emails, unless it is for the purpose of notifying me that your collection efforts have ceased, or you are taking specific legal action. \n\nPlease be advised that any further attempts to communicate with me in violation of this request will be considered harassment, and I will not hesitate to file a formal complaint with the Consumer Financial Protection Bureau ( CFPB ) and/or my states attorney general. \n\nI request that you confirm in writing that you have received and are complying with this cease and desist request within 30 days. \n\nThank you for your prompt attention to this matter. \n\nSincerely, XXXX XXXX XXXX	Debt collection	2328.29	2026-10-07 11:08:22
24	I submitted a loan payoff in the amount of {$170.00}. This was to be taken out of my account on XX/XX/year>. \n\nUnfortunately, Mohela, once again switched platforms to be under the XXXX of XXXX. I received this notification the day after my payoff was submitted, XX/XX/year>. \n\nI had a bad feeling that my payoff would not be reflected. But I waited for the transition to the new platform before calling. \n\nI called Mohela on XX/XX/year>. My payoff amount had not been posted to the designated loan. The new platform didn't show ANY payment history. \n\nThe representative I spoke to was very nice and calm, I didn't have to wait in a queue long. \n\nI asked what happened to my payment and gave the confirmation number : XXXX The rep told me that the payment was disbursed amongst all of my loans and not just the loan it was selected for. \n\nHe then assured me he was going to move the payoff amount towards just the singular loan I was trying to payoff. \n\nHere we are, XX/XX/year>. That loan payoff amount was never moved over to that loan. \n\nThe new service site still does NOT show a true PAYMENT HISTORY. It shows the loan disbursement amount/date, and any payments made since the XX/XX/year> switch. \n\nDon't worry, I hope we can fire MOHELA. I am totally fine and understand I need to payoff my loans. But this utter nonsense back and forth for a year has been unacceptable. \n\nDo better.	Consumer loan	3759.51	2026-10-07 11:08:24
25	You subsequently reported that the account was verified as accurate. I am now exercising my right under 15 U.S.C. 1681i ( a ) ( 6 ) ( B ) ( iii ) to demand that you disclose : The method you used to verify this information ; The name, address, and phone number of the furnisher of the information with whom you verified the account.\n\nPlease provide this information in writing within XXXX calendar days from the date of your receipt of this letter.\n\nRelevant Law 15 U.S.C. 1681i ( a ) ( 6 ) ( B ) ( iii ) requires the credit reporting agency to provide the consumer with a description of the procedure used to determine the accuracy and completeness of the disputed information, including the name, address, and telephone number of any furnisher of information contacted in connection with such information. \nFailure to provide this information, or to have conducted a reasonable investigation, violates your obligations under the FCRA and exposes you to liability under 15 U.S.C. 1681n and 1681o for statutory damages, actual damages, costs, and attorneys fees.	Credit reporting	2965.52	2026-10-07 11:08:25
26	Payoff check was sent XXXX signed for on XXXX. As of today XXXX they have Not post it to the account. Are lenders allowed to hold a payout to collect additional interest prior to posting it? The lender who mailed the check and myself can not get them to even address this illegal activity. After 3 calls, all of which their representatives Refused to get a supervisor, I have given up on them resolving this issue.	Credit reporting	2994.1	2026-10-07 11:08:26
27	In XXXX I was having problems with paying my mortgage. \nSo I ask XXXX XXXX XXXXXXXX to extend my payment for a few months. \nWhile they were in the process of doing that they sold the mortgage to XXXX XXXX who refinance the loan from a XXXX year to a XXXX years loan they were threatening with foreclosure and said I needed except this loan. \nI built this house in XXXX for XXXX, and I now owe XXXX with a XXXX year mortgage at this rate it would take me XXXX and over a XXXX dollars to own this house. I'm XXXX XXXX XXXX now.. \nHaven't missed a payment in over XXXX years. \nI need some help.	Mortgage	3805.32	2026-10-07 11:08:26
28	Over the past XXXX plus years, I was unaware I needed to provide the credit bureaus with my express consent to furnish my information. Now that I am aware, I no longer wish to have the credit bureau furnish my information. \n\nI wish to exercise my rights at this time.	Credit reporting	3078.56	2026-10-07 11:08:27
29	Ditech 's website provides erroneous information, does not work half the time, tells me a false payment amount, provides a customer service number hat hangs up immediately -- dear XXXX, ca n't you do something about this completely incompetent organization that I never chose to do business with?	Credit reporting	2430.76	2026-10-07 11:08:27
30	When I was having trouble paying my loans, they would not lower my payment enough to make it affordable. It was the same thing over again to get a lower monthly payment. The lowest they would go seemed consistent with other people who have loans with Navient. We were offered the same XXXX year replacement plan almost to the penny, seemed like they did not consider income or expense depending on status. I also went back to school for my XXXX and I stated this. They would not defer my loans, they deferred them after XXXX months, hurting my credit rating.	Consumer loan	2936.27	2026-10-07 11:08:28
31	On Saturday, XX/XX/XXXX, my phone was stolen and my cash app was compromised, they even saw in the conversation that the person that was scamming was asking questions to the cash bot about my account and they allowed that person to steal from my account by providing them the steps to do so, i have all proof but they denied my claim along with my appeal.	Credit reporting	3397.63	2026-10-07 11:08:28
32	On XX/XX/XXXX, I filed scam claim with Bank of America for money transfer to a mechanic. The mechanic never fixed my car and actually made a bigger mess when he returned it to me. \nThe bank told me that they will respond in XXXX days. On XX/XX/XXXX the bank send me the letter that the claim was denied. \nI need help to recover my funds.	Debt collection	1851.09	2026-10-07 11:08:29
33	I am complaining about SPS because I sent in a RMA form for a loan modification in XX/XX/2019 and they refused to send me a loan modification package. They refused to give me a package and told me they were going to call XXXX XXXX and put my house in foreclosure on XX/XX/2019. SPS is committing dual tracking and I want them to give me a loan modification as soon as possible. They must follow government guidelines. I have an attorney.	Debt collection	1324.99	2026-10-07 11:08:29
34	XXXX & XXXX XXXX XXXX ( XXXX XXXX XXXX We refinanced our first mortgage on XX/XX/XXXX which was serviced by PHH Mortgage. I have been waiting for the refund of our escrow impound. After two weeks I began calling PHH Mortgage and they keeping telling me they are looking into the matter but after 3 separate calls the answer is the same ; we are checking status and will get back to you. \n\nPlease help me recover my escrow refund. The balance is over {$12000.00} and I had to borrow money to cover the impound account with my new lender. \n\nPHH Mortgage Services Account # XXXX XXXX XXXX XXXX XXXX	Mortgage	882.372	2026-10-07 11:08:30
35	My  XXXX / XXXX / 2017  statement with  Ocwen Loan Servicing contained a section called important News. It stated tha t my " payment amount has changed to {$1500.00} effective  XXXX / XXXX / 2017  ''. I made the payment of {$1500.00} on  XXXX / XXXX / 2017 .  Ocwen  is now indicating that there is a different change that occurred and. Thew new change indicates ab additional  XXXX  is owed and I have been referred to their escalation department. I have made several attempts to contact Ocwen and notify them of their error.	Credit reporting	752.139	2026-10-07 11:08:31
36	I purchased an XXXX XXXX from XXXX XXXX, XXXX, Minnesota, a couple of months ago and have had Nothing but problems with XXXX XXXX being very dishonest about the vehicle condition as well Westlake Financial Services who have a contract with this dishonest dealership. \n\n\nWestlake Financial concerns to date : Employees allowing someone else 's payments to apply to my loan, No willingness from Westlake employees to remedy the situation, therefore blocking my ability to make the timely payment. \n\n\nWestlake, Dealer Compliance, XXXX and his supervisor, " investigating '' XXXX for miss-representing my vehicle, with XXXX and XXXX, XXXX, working together in an attempt to Keep my XXXX down payment ....!!!, while siding with XXXX XXXX, stating that it was an " as is, used vehicle. '' Even after I explained over and over again, that XXXX misrepresented the vehicle over and over again, via phone calls, live video, mechanics comments, car wash that showed no leaks, no oil or fluid changes, etc. yet XXXX stated the vehicle had been fully serviced, and stated over and over again that this vehicle had no problems. \n\n\nOnly to find out, through certified dealerships, to date, problems with : 3 broken bolts in the exhaust system, both manifolds were cracked, top leaked, and stereo now does not work due to the leaky top or roof. These repairs, to date, have cost over {$4000.00} ... \n\n\nLast ThursdayXXXX Westlake XXXX XXXX, XXXX and his supervisor, told me that my title was ready and waiting at my local XXXX, located in XXXX XXXX, Nebraska. Upon arrival at my XXXX, I was told that I not only do they not have the title to my fully paid off XXXX, also Westlake has a lien on it. \n\n\nXXXX plus calls to Westlake, with XXXX assistance. I feel that this alliance between XXXX and Westlake is deadly, and is taking advantage of a vulnerable population. \n\n\nAny assistance you could offer here would be greatly appreciated.	Credit reporting	2459.84	2026-10-07 11:08:33
37	I have two claims with Chase bank one for {$68.00} and one for {$750.00} I have only received a credit for {$68.00}. I have not received a temporary credit for {$750.00} as it states with their company I called customer service rep many times my issues is still unresolved I sent in evidence to back my claims up	Credit reporting	846.187	2026-10-07 11:08:34
38	I have a couple of cases # XXXX for {$1600.00} my wallet was stolen then somebody use my checking to make purchases and withdraw money on the back of my cards I write my pin and phone number so I can remember. So I called to cancel once found out. Then right after I guess they took my credit builder card also because it was in my wallet both have the pins on sticky notes on the back of the card. Cases # XXXX # XXXX # XXXX # XXXX # XXXX # XXXX they was all atm withdrawals from that card. I cancel both cards now and I just want my money back. {$1700.00}. I need to pay bills please help.	Credit reporting	1396.15	2026-10-07 11:08:35
39	Ive had questions about pending charges on my cash app account and requested refunds for payments I did not authorize on numerous occasions, but there was no customer service support or phone line to connect with the company.	Debt collection	1230.09	2026-10-07 11:08:35
40	Complaint against Comenity Bank & Bread Financial : Purchase at XXXX XXXX was made on XX/XX/XXXX. \n\nComenity Bank XXXX Bread Financial charged the wrong total amount and the wrong monthly payment, which amounts were also at variance with XXXX 's records. \n\nVisited XXXX stores several times and spoke with Comenity Bank/Bread Financial on the phone in the store during XXXX trying to resolve the issue to no avail, Called Comenity Bank/Bread Financial on XX/XX/XXXX XXXX XXXX XX/XX/XXXX XXXX, XX/XX/XXXX, XX/XX/XXXX XXXX, XX/XX/XXXX, XX/XX/XXXX XXXX, XXXX XXXX, and XX/XX/XXXX ( all in year XXXX ). Dispute case was opened internally by Comenity Bank/Bread financial in XX/XX/XXXX. \n\nAccording to Comenity Bank/Bread Financial staff who identified themselves as supervisors, specialists, and managers- as conveyed over the above listed phone calls- Comenity charged 4 different payment plans against one account and one purchase, resulting in an incorrect total account balance due and incorrect monthly payment. This information was supposedly not discovered by Comenity Bank/Bread Financial  in late XXXX, all previous attempts they could not figure out why the amounts were incorrect. \n\nEach month I was assured that they had 'resolved ' the issue, the total amount charged to my account and the monthly minimum due both changed radically, even to the point of being charged more than XXXX above the purchase price paid at XXXX XXXX XXXX \n\nTo date ( XX/XX/XXXX ), the minimum monthly payment still is not correct despite speaking with Comenity Bank/Bread financial  supervisors, specialists, and managers multiple times. My dispute has had no resolution and all the agents I speak with indicate that the people handling the dispute are another department and they can not contact them realtime, nor transfer me to them for resolution, and they are very backed up, so there is nothing I can do but wait. \n\nIt has been nearly 4 months with no contact from this so-called resolution department.	Credit reporting	2716.48	2026-10-07 11:08:37
41	On Friday XX/XX/2021 my phone was either lost or stolen I'm not sure which one. On Saturday evening I had all kinds of unauthorized activities happening with my bank account and I bank with BOA. My other checkings account was hacked the previous month and I had to get another account. I had a charge through my business XXXX that was refunded. I had a {$400.00} XXXX payment that was unauthorized for a dog from some strange and unusual name. I have 3 dogs and my husband won't even let me look at another one. I also had a charge on there from Florida and I live in South Carolina. I tried to call the police and they stated I could not do a report because I was not for certain if the phone was actually stolen and it was a possibility that the phone could be retrieved later on if it was lost or misplaced. I have been doing a lot of reading about XXXX and fraudulent transactions and how there is no protection for consumers.	Credit reporting	3511.98	2026-10-07 11:08:38
42	I made a dispute with Chime Several of them actually as someone skimmed my card last year, ( XXXX and XXXX ) I got the Card replaced and all So Basically the Charges were like this XXXX -> This has not been refunded ( Ticket with Chime : XXXX then a second ticket was issued, I forget the name, for a series of XXXX " little '' ( XXXX XXXX XXXX total ) XXXX XXXX XXXX XXXX XXXX etc ( Fictitious because I cant remember, but all after the ORIGINAL problem of Every Small Charge that was charged over several days, was put into one dispute, and the big one was put into one dispute. The LARGER dispute was first. The smaller disputes were challenged and refunded to my account via the no liability clauses However Chime has not, and continues to not refund the XXXX and change My problem is this was XXXX of Last year, Every time I call them there's no way to reach the boss, or anything of their " Escalation and dispute department '' They keep saying they'll escalate it, and contact me within XXXX business days, I never get an email/phone call ANYTHING. \n\nI just wanted my money back, but mostly count it as a lost cause, just want to know what you all think?	Debt collection	4402.48	2026-10-07 11:08:39
43	in XXXX the city of XXXX XXXXXXXX XXXX XXXX property which the buildings department did not maintain fell into my property damaging it. I informed the mortgage company and made a claim with the insurance company they obtained for my property for me. The insurance company did not honor the insurance policy for the claim against the City of XXXX XXXX and I took the City of XXXX XXXX to court. The city lost and were found guilty of trespassing onto my property. During that time the building inspector illegally tore my house down during litigation and destroyed the evidence. The insurance company did not honor that claim as well for malicious vandalism. The mortgage company knew I was in litigation with the XXXX of XXXX XXXX yet still submitted to credit reporting companies that I had late payments and put negative remarks on my credit report. I have asked repeatedly that they take those remarks and reports off my credit report but they have ignored me. They illegally foreclosed on the property taking me to court without notification of court date so I could come and have my judicial rights. Now that they foreclosed on the property it has been more than 60 days since judgement and they are still sending me mortgage payments and making negative reports against my credit. The foreclosure occurred in XXXX. I tried many ways to rectify this but keep getting blown off and ignored.	Credit reporting	4802.76	2026-10-07 11:08:40
44	EQUIFAX IS NOT REPORTING MY MORTGAGE INFORMATION, CALLED SPOKE WITH THEM AND SPOKE WITH XXXX HE SAID FINALLY GIVE IT 30-60 DAYS BUT HE COULD NOT ANSWER WHY IT IS NOT ON THERE NOW. I HAVE HAD THIS MORTGAGE FOR AROUND 15 YEARS AND NO EXPLAINATION WHY IT IS NOT THERE NOW. I CALLED MY MORTGAGE COMPANY AND THEY TOLD ME THEY SENT REPORT XX/XX/2017, SO I CANT GET A STRAIGHT ANSWER WHY EQUIFAX HAS NOT REPORTED ANYTHING, THIS IS HURTING ME GETTING RE-FINANCE OF MORTGAGE AND CAR LOAN. I FEEL LIKE THEY COULD GIVE ME REASON WHY BUT HE COULD N'T. XXXX HAS IT, XXXX HAS IT BUT WHY THEY DONT I DONT KNOW. I WANT IT FIXED NOW! \nTHANKS XXXX XXXX XXXX XXXX XXXX XXXX XXXX XXXX XXXX, INDIANA XXXX ATTACHED IS FROM XXXX AND THE OTHER PAGE IS FROM HOME LOAN APPLICANT	Mortgage	5514.29	2026-10-07 11:08:41
45	I, the consumer and the natural person, was denied credit by Bank of America when I applied for a new Auto loan {$120000.00}. \nAdverse action against a consumer is AGAINST THE LAW according to the Equal credit Opportunity Act which is codified in 15 U.S.C 1691c and is pursuant to civil lability under 15 U.S.C 1692k.\n\nYou are subject to criminally liability for violating 15 U.S.C 1691 as I was discriminated against by BANK OF AMERICA INC due to the response I received.\n\nBANK OF AMERICA is in the violation of 15 U.S.code 1642.U.S.C 1681m and 12 cfr 1002 because I, the consumer made an application in good faith .but credit was not issued.\n\nFurthermore, because my social security number ( credit card ) was used and I received No benefit. This is proof of fraudulent activity ( unauthorized use of credit card ) on behalf of BANK OF AMERICA	Credit reporting	4421.51	2026-10-07 11:08:42
46	On XXXX XXXX XXXX XXXX I requested from XXXX TO SEND ME PROOF OF PAYMENT DATE FOR A BILL PAY XXXXXXXX XXXX XXXX. THE EXACT DATE XXXX RECEIVED PAYMENT FROM TD BANK. \nSPOKE TO SUPERVISORS XXXX, XXXX, AND XXXX AND THEY CLAIM THEY USE A THIRD PARTY TO.GENERATE MY REQUEST. TD BANK SAID THEY DO NOT KNOW WHERE MY REQUEST DOCUMENTS ARE. THEY HAVE NO ANSWERS. THEY OBSOLVE THEMSELVES FROM OBTAINING THESE REQUESTED DOCUMENTS AND BLAME THEIR THIRD PARTY FOR THE DELAY AND NO ANSWERS AS TO WHEN THIS REQUEST WILL BE PROCESSED AND SENT TO ME VIA ONLINE BANKING OR VIA HARD COPY VIA USPS.	Credit reporting	4691.85	2026-10-07 11:08:43
47	I was told one thing from the dealership but it was somethig different from the bank. I feel like I got lied to. I am on XXXX XXXX for learning and I feel that was tooken advantage of. They knew I could not offered that car. the car was just as much as my XXXX check was. The dealer ship fasted walked me he saw I didn't understand.	Credit reporting	4722.59	2026-10-07 11:08:44
48	I contacted Chase about unauthorized transactions on my XXXX account and my XXXX account Transactions that were made in XXXX from XX/XX/XXXX XXXX XX/XX/XXXX. \nsome of the transactions were Reversed but they are refusing to return the other half. we did provide all the information to proof that I was located in XXXX at the time when the transactions were being made in XXXX. \nSomeone was transfeering money from my personal ( {$4000.00}, {$3600.00}, {$2000.00}, {$2000.00}, {$1000.00} ) account into my XXXX account and then using a card making ATM withdrawals ( here they were making purchases at XXXX XXXX XXXX XXXX XXXX XXXX XXXX XXXX XXXX ETC. ), I have downloaded all the bills from the withdrawals and there is written transaction denied and even like that they were able to withdraw the money from a ATM. I have included here the proof of all the transactions of XXXX $ that were made and the routing number is not correct, after every single transaction of XXXX $ there is a XXXX $ ATM withdrawal that as you see it is sayimg denied. \nI just contacted the XXXX department and they told me that the claims were closed. Since I am dealing with them from the beginning I had the impression that this is a insider using peoples personal info. All the time when I was calling them all I heard from them is that it is my fault that this happened to me, they didn't block my card as I asked them so many times All I need is my money back.	Credit reporting	5259.65	2026-10-07 11:08:45
49	15 Years Ago I had opend a Checking Acct with now which is ( XXXX XXXX ). In XXXX I had unexpectedly gotten a call from my landlord saying I had wrote him a bad check I do n't write bad checks if I do n't have it I will tell you I do n't have it and my credit score is over XXXX, after I had sent other checks out as well. Was n't sure if it was me reading my statements wrong or not so I went I got a print out directly from the Bank. The Print out had show 'd both ( Positive+Negative ) to my acct?? I had also deposited enough to cover all checks atleast per there statement that I was reading and thought. I kept getting overdraft letters in the mail and went to an Attorney, I was told to get out of that bank and since their was no ( Bank error notification ) on their print out then I was n't legally responsible for any fee 's. I switch 'd Banks and stop 'd all activitys with TD Bank. I had then went to XXXX Managers gave them their debit card back and had also made 2 phone calls from them and demanded all {$250.00} fee 's be waive 'd so I can close the acct officially. I was laugh 'd @ and told no. I told them I was taking Legal Action and also notifying cfpb. They did n't care and then said my avg daily balance was {$1.00}??? and when talking to them they tried to ( Trick ) me into admitting I was purposely writing bad checks and when it did n't work they then wanted to get their Fraud division involved to clear me and see if there was a possible theft going on.I said no and took action. I 'm reporting this for others to be aware of and to get this acct officially closed and fee 's waived which never should have been givin to begin with.	Bank account or service	5413.64	2026-10-07 11:08:46
50	In XXXX of XXXX, Credit Management, L.PXXXX reported a fraudulent item linked to my social security number to all 3 credit reporting bureaus. Promptly, I provided Credit Management, L.P. with irrefutable evidence of this item 's classification as identity theft, documented through FTC IdentityTheft.gov. Consequently, this item was successfully expunged from my credit report across all three credit bureaus. \n\nHowever, to my dismay, I recently discovered that Credit Management , L.P. has once again reported this exact item, bearing the same account number and originating from the same company, on XX/XX/XXXX. Despite their persistent attempts to dismiss the facts surrounding this item and portray it as distinct from the previous occurrence, on XX/XX/XXXX, I managed to engage one of their supervisors, XXXX, who acknowledged that it is indeed the same item. She assured me of its immediate removal from my credit report across all credit reporting bureaus.\n\nRegrettably, it has been two weeks since XXXX 's pledge, and instead of being removed as a fraudulent item, this entry has been modified to indicate a paid-off status with a remaining balance of {$170.00} as of XX/XX/XXXX. \n\nNumerous attempts have been made to implore this credit collection agency to adhere to the rules and regulations outlined by the Fair Credit Reporting Act ( FCRA ). However, their unwavering lack of cooperation and blatant disregard for these guidelines have resulted in substantial damage to my financial stability.	Debt collection	5748.08	2026-10-07 11:08:47
51	In 2017, XXXX  reported a 30 day late that was not late. I disputed this through the CRA 's and it came back as resolved. \n\nLast month, during the Covid crisis I was late on my payment due to work related issues, but it was not 30 days late which it is reporting on all my reports. When I spoke to the company they indicated they are making no concessions related to Covid which is insane considering how impacted this country is.. Now these late payments, the only TWO negative marks on my credit score, are impacting the rest of my finances and causing other companies to lower my limits and change my interest rates. \n\nI would like XXXX  to remove these late payment reports. If they are unwilling to do so, I would like XXXX  to remove the entire tradeline from my report so I can continue with my potential home purchase. \n\nI have attached the XXXX  report which shows the XXXX account and the dispute resolution, and two printouts from bank statements showing the payments.	Credit reporting	4891.65	2026-10-07 11:08:48
52	I have sent written notification to Credence Resource Management requesting documentation of any contractual relationship between myself, & Credence Resource ManagemenXXXX. This was NOT a request for verification or validation. This was a request for proof of contract to substantiate Credence Resource Management 's claim to XXXX, XXXX XXXX XXXX, that I owe Credence Resource Management, {$260.00}. I requested any agreement with any " client '' that grants you the authority to collect on this alleged debt, or proof of acquisition by purchase or assignment, and authorization under subtitle D of the ARRA, SEC. 13401. APPLICATION OF SECURITY PROVISIONS AND PENALTIES TO BUSINESS ASSOCIATES OF COVERED ENTITIES ; and SEC. 13407 ( 1 ) BREACH OF SECURITY. Any automated response such as XXXX XXXX, XXXX XXXX or XXXX, " verification '' is unacceptable. Certification of a contract bearing my signature can be done through the presence of a notary public, who duly swears the copy made is in fact a copy of the original paper contract in question.	Debt collection	4649.57	2026-10-07 11:08:49
53	I have a XXXX XXXX XXXX  no issues whatever besides the excessive oil burning. I get regular oil changes, have taken it to plenty of place wheres they dont find an issue or say its normal for XXXX XXXX be fine just always check my oil levels or saying I didnt need oil. My car has been known to stall while driving if I do forget to check the oil before driving which is very dangerous. This has been going on for a while and nobody finds anything wrong. The last time my car stalled it didnt move again it was towed to be looked at and it was found that the motor was blown. The repair man told me he could not find that kind of motor and even if it did the amount Id pay would not be worth it for the car. I called XXXX they said I did not have a warranty because I was over XXXX miles and they also didnt have a engine and even said they dont make the engine anymore and refer me to two other places ONE place did have a used engine it was {$3100.00} and told me it would take 15 hours to repair which would cost me about XXXX. I did finance this car so now im stuck paying for a car rendered useless because I dont have that kind of money and Id I did it would just make sense to get a new car because r could still end up having engine issues after repairs. I know their is a class action against XXXX and XXXX for this exact reason so I just wanted to reach out to somebody.	Credit reporting	5619.97	2026-10-07 11:08:51
54	My bank reversed a payment for {$110.00} on a Paypal Mastercard by mistake. XXXX immediately restricted by XXXX account, which they claim is separate from the Paypal Mastercard credit card. They told me I need to verify that bank account an submit a request that XXXX payments be sent from XXXX to confirm that bank account. XXXX never sent the small deposits. It has been over two days. When you go to the XXXX website, I can not see what purchases were billed on the card. I had to search the site to find a link to view the credit card statement. Why did XXXX restrict my account and not the credit card company Synchrony Bank, Paypal Mastercard? XXXX sent an email to customers some time ago that XXXX and the credit card were XXXX separate companies and would be treated as such. This is not the case. I have done everything I was supposed to do.	Debt collection	6341.78	2026-10-07 11:08:52
55	This debt collector has done unjustifiable practices of the FDCPA which it prohibits. They furnished this account that we didn't agree upon and I didn't sign an agreement on. A legal contract is signed by two parties and I did not participate in any of it. they didn't follow the proper 5-step validation procedure. According to the FDCPA, Im entitled to compensation for these violations and clearly, they violated my rights and abused my privileges. I demand this account be taken off immediately. This has been very stressful and I feel violated.	Debt collection	5894.75	2026-10-07 11:08:52
56	I filed a complaint with this company for overcharges for fees/interest that were added in error. Additionally, I never received all items that were paid for and financed from the original company, XXXX XXXX, which were outlined in my original complaint. Additionally, I still have a range that was damaged during delivery, that I never signed for since it was not put together or installed and had extensive damage. This was supposed to be repaired by XXXX XXXX  and was never completed. I was comfortable accepting the company 's response : " In the interest of customer service, we credited the accrued promotional interest and the associated finance charges totaling {$1600.00}. Weve moved the remaining account balance to a new 18 Month Deferred Interest, Payment Required promotional plan. '' However, they have not honored this agreement and have continued to charge interest.	Credit reporting	5760.65	2026-10-07 11:08:53
57	Discover let me open an account on XXXX, XXXX XXXX They closed my account XX/XX/year> and I am still paying for their decision. I was never late! My status on my report even says that. When I called them after I found out that same week, the agent couldn't even find out the reason by her supervisor on why they closed my account. I want my retribution.	Debt collection	6173.62	2026-10-07 11:08:54
58	I've been a USAA member for quite a number of years and have XXXX cars, XXXX homes, earthquake, and umbrella policies on both homes insured through USAA. When they mailed me a XXXX percent offer with a high credit limit, I took the opportunity to balance transfer a little under {$15000.00} including the balance transfer fee. \n\nNow that I'm trying to make a payment on XXXX 's website, when I click to pay my credit card bill, a box opens up to make a payment to my automobile and umbrella policies only and doesn't give me the option to click an area to just pay my credit card bill. Furthermore, there doesn't appear to be a separate area to just look at the credit card bill and the activity and the website is confusing to traverse. My wife almost submitted XXXX payments on the car insurance this month when we were intending to pay for the credit card. After she contacted the credit card customer service division, they were unable to assist her with a payment because she isn't an authorized user. I've waited another day to make my payment because yesterday the rep stated to my wife that she would let their XXXX division know of this issue and that it shouldn't be happening like this when we sign in to make payments. Now my wife has to go through the trouble of sending this company our power of attorneys because even though we are on the same insurance policies, they refuse to assist her if I don't verify she's able to speak on my behalf regarding a payment. All this has done is create more delays when this company has suggested that I send in my payment via snail mail instead.	Credit reporting	7667.03	2026-10-07 11:08:55
59	This is regarding a student loan that has been in forbearance since XXXX. Randomly in late XXXX Mohela started reporting receipt of payments I did not make. In the spring of XXXX, they started reporting late payments and since then, they have destroyed my credit. I have verified and have evidenced that Mohela is aware of the lawsuit ( Borrowers Defense ) and I have provided evidence that the loan they are continuing to report as late has been involved and put on forbearance since XXXX. They are refusing to remove the late payments from my credit. Instead they provided me a letter on XX/XX/XXXX that my account was current and up to date. On XX/XX/XXXX they denied a credit dispute and are still reporting me late. I have written letters, confirmed with XXXX  named XXXX that this is supposed to be corrected, but they are doing nothing. My credit is destroyed to the extent that now my other lenders are reducing credit lines due to the ( inaccurately ) reported late payments.	Credit reporting	7914.78	2026-10-07 11:08:56
60	My Walmart charge card keeps posting charges then uses these same charges as a pending hold as well. So my card shows XXXX charges. XXXX that has completed & XXXX that is pending in the same amount. They refuse to release the hold on the day the charge was completed & hold the amount as a pending hold for XXXX business days. They are also saying I have no credit limit left when the balance shows there is credit available.	Credit reporting	7083.99	2026-10-07 11:08:57
61	I was given this account when I purchased XXXX XXXX XXXX in XX/XX/2022. The payment was set for {$120.00} for XXXX XXXX at a low interest rate. I set up an autopay from my bank. In XX/XX/2022 the payment was increased to {$140.00} without prior notification. Since I don't use the account for anything else I never thought the payment would increase. When I did discover the problem, I called customer service to find out why it happened. The excuse was the payment was too low to complete the balance in time not to incur accumulating interest. I said that was not my fault. I had to wait for the decision on the refund. I was issued {$40.00} instead of the {$120.00}. There should be a monetary penalty for them.	Credit reporting	7648.95	2026-10-07 11:08:58
62	I dispute the accounts ending in XXXX and XXXX from XXXX XXXX  XXXX. Under 15 USC 1692g, I requested debt validation, including full accounting and proof the debts were not sold. They failed to respond within 30 days. I also submitted a settlement via accord and satisfaction by instrument, which was dishonored and not returned. The debts remain unproven, unenforceable, and are being inaccurately reported.	Debt collection	7308.85	2026-10-07 11:08:58
63	I have been trying to get the amount of my income-based repayment plan payment corrected since XX/XX/2019. Last year my husband and I had our student loan payments more than double without any change in our income due to a mistake made by XXXX XXXX XXXX when we requested due date changes on our accounts. Because we could not afford the new payments I put my loans into a forbearance. \n\nI have applied for the REPAYE income-based repayment plan and this application has been " processing '' for nearly three months now. I make phone call after phone call and no one at XXXX XXXX XXXX seems to have any idea what is the problem. \n\nWhen I spoke to a representative from XXXX XXXX months ago I was told that my estimated loan payment will be around {$170.00} per month. It is currently at {$280.00} per month. I have inquired multiple times in order to verify my payment amount with XXXX XXXX and in over two months I have gotten no reply. \n\nMy husband 's situation was corrected after filing a complaint, so I am doing the same so that my situation might also be corrected. \n\nThis message has been showing up when I login to my online account : Income-Driven Repayment ( IDR ) Resubmitted We received your IDR request. \nAt this point, we will notify you if your request is put on hold or if any additional documentation is needed. \nAt this point, we will notify you of the outcome of your IDR request. \nWe received your IDR request on XX/XX/2019. We will review your request and send a follow up email by XX/XX/2019. This email will detail next steps and any additional actions needed. Reminder : Continue to make your normal monthly payment amount until you are approved and receive a bill with your adjusted monthly payment. \n\nI still have not received any correspondence/email from XXXX XXXX.	Credit reporting	7125.08	2026-10-07 11:09:00
64	I called Citibank within the 37 day cancellation window to cancel a XXXX XXXX XXXX XXXXXXXX XXXX XXXX credit card ) since I did not want the benefits of the card and did not want to pay the renewal annual fee. The agent who I spoke with confirmed that the call was made on time and the charge would be removed. My wife was listening to the call and is witness to this conversation. Subsequent to that, Citibank cancelled the card but wants to charge me the annual fee and penalty ( {$620.00} ). I have called multiple times, and I keep getting transferred to different agents. Some of them tell me the call was not made within the 37 day window, some tell me that the card had to be cancelled ( not the request for cancellation ) within 37 days, so I was a few days late and they can not remove the charges. Some times I am put on hold for a long time and then the call hangs up. The entire experience has been very frustrating and at the end, Citibank wants to charge me an annual fee of {$620.00} for a cancelled card and no benefits. This is very unfair and causing me a lot of stress.	Credit reporting	8068.69	2026-10-07 11:09:01
65	I made consistent, on-time minimum payments via autopay on a Lowe 's credit card with a promotional 0 % APR offer. By XX/XX/XXXX, I had paid the balance down to $ XXXX reducing the debt. On XX/XX/XXXX, my account was suddenly hit with {$970.00} in retroactive interest charges, bringing my balance back up to XXXX XXXXessentially erasing over a year of payments and returning me to nearly my original balance. While a promotional expiration notice appeared buried in my XX/XX/XXXX statement, it was vague and did not clearly explain that failure to pay the full balance by XX/XX/XXXX would result in retroactive interest dating back to the original purchase date. As someone making regular on-time minimum payments via autopay, I had no reason to expect retroactive interest would be applied. This is a predatory deferred interest practice designed to trap consumers who forget promotional terms ( which Synchrony relies on ) by making regular payments in good faith, then retroactively erasing over a year of payment progress with a single interest charge. The notification strategyburying critical terms in statements consumers on autopay don't reviewis deliberately deceptive.	Debt collection	8267.01	2026-10-07 11:09:03
66	I was approved for 18 months of assistance from the homeowners assistance fund. Payment has been sent to M & T bank but not posted to my account. Payment was sent to M & T on XX/XX/2023 by Florida HAF and M & T still has not posted the payment to my account. My mortgage is now 27 days due to their negligence.	Bank account or service	8038.08	2026-10-07 11:09:03
67	I would like to address the challenging situation I faced during the COVID-19 pandemic. All of my family members lost their jobs and were fearful about the future. The responsibility to support my family fell on my shoulders, as I was the sole member working from home remotely.\n\nSuddenly, I found myself dealing with financial difficulties in managing all our financial responsibilities. This led to some missed credit card payments. Prior to the pandemic, I had also gotten married abroad, and I needed to support my wife as well. Due to these circumstances, I struggled to make my credit card payments during the following months : XX/XX/XXXX, XX/XX/XXXX, XX/XX/XXXX, XX/XX/XXXX, and XX/XX/XXXX. \n\nI had contacted my credit card company, TD Bank, to request the removal of these missed payments, but unfortunately, no action was taken. Despite the challenges posed by the pandemic, I eventually managed to make payments with the assistance of a credit counseling company and successfully cleared all my outstanding balances. However, those missed payments continue to negatively impact my credit report. \n\nTherefore, I kindly request that you consider removing these missed payments from my credit card history. I understand the importance of maintaining a good credit record and hope for your understanding and assistance in resolving this matter.	Credit reporting	8208.33	2026-10-07 11:09:04
68	XX/XX/XXXX of XXXX unable to login Credit Karma XXXX XXXX contacted XXXX, try to make me make a new email. XX/XX/XXXX - XXXX sent email to verify my identity XXXX XXXX still unable to login XXXX XXXX I contact XXXX again, they send verification email. I completed XXXX XXXX XXXX I continue to get the runaround yet. My email is active so I dont know how they were able to deactivate the e-mail, on their end thats where Im having trouble?.	Credit reporting	5460.26	2026-10-07 11:09:05
69	I requested a payoff amount by email and gave them my new address to send information in XX/XX/XXXX. I advised them I will pay {$5000.00} toward the balance if they did not advise me of another payoff amount in writing. I advised them and sent a copy of a letter from XXXX XXXX XXXX telling me to make payment to XXXX. I told them I needed a payoff amount from them as we were told by XXXX, when trying to pay to XXXX, that we should make payment to XXXX XXXX  XXXX. They were advised I would not pay anyone but XXXX. \nI waited for several months and on XX/XX/XXXX I made a payment of {$5000.00} by mail to bring my account up to date. I wrote to XXXX  back with a copy of the check, the prior letters and advised them I would resume regular payments and, again, gave them my correct address. \nMy credit rating went below 600 due to this problem that was unresolved with them. I was unable to refinance a loan during this period due to ONE low credit score. I was told again to make payments to an unknown ( otherwise ) lawyer firm but never got anything in writing about how to do this. I continue to make my payments to XXXX  by mail.	Debt collection	6673.94	2026-10-07 11:09:06
70	I called SoFi and asked for paper statements as I was losing internet and computer. They said they only issued paper statements. I asked for a copy of that policy. They refused. I asked who governs their banking practices, they refused to tell me. I wanted to know if it was the Office of the Comptroller of Currency or the Federal Reserve. They said they are a private lender. So I learned they are governed by the Consumer Financial Protection Bureau, but they refused to tell me that information. They DO NOT have a license to operate in the State of Wisconsin, I live in Wisconsin. I asked for her last name, she refused. I asked for her supervisor, she refused. I asked for a copy of our conversation, she refused. I asked for a monthly statement to keep track of my balance, she refused. I asked for a copy of our loan agreement, she refused. I asked for my interest rate and when my loan would be paid off, she refused.As I am XXXX years old, with serious XXXX and health and XXXX  problems and lots of other issues, this is very stressful. Can you help? All I want are things in writing from this company and monthly statements.	Bank account or service	7815.31	2026-10-07 11:09:07
71	Capital One acct # XXXX Is reporting an account on my credit file that is not mine. I requested to be removed off this account a long time ago. I never signed any documents to be added on this card and it was in error. I am requesting for this account to be removed off my credit.	Credit reporting	8010.95	2026-10-07 11:09:08
72	A letter from Hunter warfield was sent to me and my daughter on XX/XX/XXXX stated that we owed {$6000.00} for rent on an apartment that I co signed for my daughter. On XX/XX/XXXX my daughter was told that the townhouse that she was renting at the time was being sold to another company and she had until the end of her lease to move. My daughter moved forward and found another place to move immediately then in XXXX the leasing company told her that the new company said she could stay after she found a place and put a deposit on it. My daughter respectfully declined told them that she didnt want to stay that she sound a place and put deposit. In XXXX of XXXX we staring receiving letters stating we owe the amount stated above. We refused to pay them because they said she had to move and she had less then 2 months to do so. They sold this debt to another company who has been harassing us since XXXX of XXXX maybe before then. Ive disputed multiple times asking this new company to send is proof we owe this debt and nothing or this day. Hunter wardield has never sent my daughter her deposit and I dont expect they will. I have uploaded document I have sent to Hunter warfield and collection agency with no proof I owe amount	Credit reporting	8118.38	2026-10-07 11:09:09
73	I have a HELOC with VyStar Credit Union based in XXXXXXXX XXXX. I have had this HELOC for several years. In XXXX of last year, VyStar changed their servicing platform to XXXX. \n\nSince that time, they have been applying my payments incorrectly. We pay an interest only payment plus principal every month. Since the change, they have been incorrectly applying the principal amount of our payment to future months interest payments. \n\nThis has resulted in a number of things. First of all, they are applying principal to interest that has not yet accrued. Because they are doing this, this has resulted in our average daily balance being higher than it should be which has resulted in additional interest being accrued. \n\nI have tried to resolve this issue directly with them in multiple ways. I called them on XX/XX/XXXX and was told that someone would follow up with me by the XXXX. No one ever did. I followed up again via phone on XX/XX/XXXX. They acknowledged that they had an issue and was told my account would be resolved by XX/XX/XXXX. They also advised that, since their system could no longer process payments correctly, I could only make payments via phone. I checked on again yesterday, XX/XX/XXXX, and my account was still not resolved. I followed up again and was told that it would be resolved by the end of the day. When I checked again this morning, it was still not fixed. \n\nIn multiple conversations with different people, VyStar has acknowledged that they are aware that this is affecting all of their HELOC customers. However, they do not seem to believe that it is an urgent matter and appear in no hurry to correct the situation.	Credit reporting	8497	2026-10-07 11:09:11
74	I am filing a complaint against Cash app. Due to inadequate customer service and unfair practices. Which violate the Consumer Financial Protection act also known as the CFPA. Cash app failed to take timely and effective measures to prevent address fraud on their platform leaving my account unprotected. Their dispute process unfair and non affective, and they did not comply with error resolution requirements under the EFTA ( Electronic Fund Transfer Act ) and regulation E. These actions has caused terrible inconvenience, financial lost. I seek appropriate redress for these violations	Debt collection	7513.56	2026-10-07 11:09:11
75	I made a purchase for an international transfer with Worldremit.com Transaction # XXXX for the amount {$5000.00}. I never recieved my funds. XX/XX/2020 is when I sent the International transfer abroad. Still have not seen my money until this day.	Debt collection	4418.34	2026-10-07 11:09:12
76	Dear Consumer Financial Protection Bureau, I am writing to file a formal complaint against SoFi Bank regarding the denial of a fraud claim I submitted related to unauthorized transactions made using my debit card. \n\nOn XX/XX/year>, I lost my mobile phone. Shortly afterward, over {$3000.00} in unauthorized transactions were made through the XXXX XXXX website and app using my SoFi debit card, which had previously been saved on the platform. While my card was stored on XXXX XXXX, I did not authorize or initiate any of these transactions. \n\nI immediately reported the fraudulent activity to SoFi and also filed a police report with [ XXXX Police Department Name ] under report number [ Insert Report Number, if available ]. Despite providing this documentation, SoFi denied my claim without conducting a proper investigation. They did not request additional details from me, nor did they contact XXXX XXXX to verify the legitimacy of the transactions. \n\nI believe SoFis response was negligent and failed to comply with their obligation to investigate and resolve disputes fairly and thoroughly. Given the financial loss and the supporting evidence, I am requesting the CFPBs assistance in having this matter reviewed properly. \n\nPlease find attached a copy of the police report, SoFis denial correspondence, and any other relevant documents. \n\nThank you for your attention to this matter. I look forward to your response. \n\nSincerely, XXXX XXXX	Credit reporting	5379.2	2026-10-07 11:09:13
77	I started receiving calls from a number I did not recognize, so I blocked them. They left 1 message, but it was very difficult to understand, so I deleted it. Then I just received a letter from USI Solutions , Inc. stating that I owe {$3900.00}. The date on the letter is XX/XX/XXXX. I took care of some debt I had years ago. I used XXXX XXXX XXXX to help me pay down my debt. It was paid in full back in XXXX. I haven't had any debt since. I don't even have any credit cards. After reading consumer complaints, I realized this could be a scam. I want to know what I can do about this.	Debt collection	6030.83	2026-10-07 11:09:14
78	XXXX XXXX I was hospitalized for a XXXX  incident. During that time XXXX XXXX mailed a letter stating my mortgage was transferred to XXXX in c/o Loan Care. Automatic payments from my bank account ( XXXX XXXX ) continued thru XXXX was contacted by Loan regarding no payment received. I check my bank account and the payments were missing. Soon after I was locked out being able to make payments because of being 3 months behind. A legal representative from Loan Care contacted me regarding a loan modification. I did contact a company to assist. However during this time I had 2-3 medical setbacks and could not respond as timely as usual. Loan Care 's Legal representative proceeded toward foreclosure. With the assist of XXXX XXXX XXXX XXXX XXXX XXXX. I successfully filed bankruptcy XX/XX/XXXX to keep my home. XX/XX/XXXX Loan Care sold my account to XXXX. My payments were up to date. Due to their system of processing, I was unable to make a payment until XX/XX/XXXX and the payment was for one month. Recently I received a letter regarding a motion to lift automatic stay because my mortgage is two months behind. It is not. Possible one month due to their delay with processing during the  XXXX transfer. This is an urgent matter because the hearing for lifting Automatic Stay is dated for XX/XX/XXXX, XXXX. I have documents to fax only.	Mortgage	6826.86	2026-10-07 11:09:15
79	Since XXXX of 2024, i've been trying to get my account fix, i had fraud on my account and they fixed it the first time around, then it kept happening and chase continued to send out multiple cards with different numbers and with different card services, my account is currently between XXXX to XXXX more then what it should be, i spoke to a supervisor with fraud department and she instructed me to send in all the correct valid charges so they can clear everything else out, she guaranteed me this would be fixed with no issues or drawbacks .. my account has been collecting interest and late fees cause i am not paying anything till it is fixed, to be honest and fair, i shouldn't be held responsible to anything since i've been waiting so long, this fix was promised to be by a supervisor because chase wants to help and protect their customers but in my case, they just want to continue to charge me more and more and more and refuse to fix my problem	Debt collection	7352.42	2026-10-07 11:09:16
80	Yamaha Motor Finance is my servicing finance corporation for a vehicle loan. The dollar amount is approximately {$150.00} and there is reporting to crediting agencies that was inaccurate and based on failures of Yamaha Motor Finance staff, processes, and XXXX XXXX. \nOn XX/XX/2020 I was contacted by Yamaha Motor Finance and was notified that my payment had not been made and that it was due on XX/XX/2020. I provided accurate information to the technician and made a payment over the phone. On XX/XX/2020 I was contacted and told that the payment failed due to insufficient funds, that there were now additional fines, and that this had been reported to the credit rating agencies. I was shocked. I had already made good faith attempts to make payments and due to Yamaha Motor Finances ineptitudes, I am now being punished in long term ways. I believe Yamaha Motor Finance is purposefully negligent in its processes, procedures, operation, and XXXX XXXX systems to ensure collection of fees from the consumers they prey upon.	Credit reporting	8362.03	2026-10-07 11:09:17
81	I am trying to looking for lending information for a mortgage company, XXXX XXXX, ( XXXX XXXX XXXX/ ), to help make a mortgage application decision. \n\nI went to CFPB Home Mortgage Disclosure Act Mortgage data to look up this company. However, the last mortgage origination I can find is in XX/XX/XXXX. There seems to be no mortgage origination from this company after XX/XX/XXXX. And I find that there were several lawsuits filed again that company.\n\nIt is very important to know the company 's lending history before making a decision. I do not know if this company actually did not originate any mortgage from XX/XX/XXXXto XX/XX/XXXX. Or they reported under another name.	Mortgage	8413.94	2026-10-07 11:09:18
82	My Bank of America account was hacked into and someone by a name I do not know transferred themselves a large amount of money through XXXX without my consent. The amount was {$1600.00} and the transaction took place on XX/XX/2021. I noticed this fraud IMMEDIATELY and called Bank of America within hours of the XXXX transfer. They told me they would attempt to stop the transaction and regain the funds. To this day I have nothing, I have no update from them except they are waiting to hear back from the other bank. They told me if the bank doesnt send them back the money I will lose my {$1600.00} even though someone hacked into my account and this was a case of fraud. They said theres nothing I can do because the FDIC only protects my money if the bank goes out of business and my money is not protected otherwise.	Credit reporting	9135.19	2026-10-07 11:09:19
83	I am an XXXX XXXX XXXX  ( XXXX  ) at XXXX, started my XXXX  this XXXX  XXXX. I was trying to transfer my apartment lease and so put an ad on XXXX XXXX. One lady ( XXXX XXXX, from Wisconsin, she said ) was very interested and wanted to take my apartment. I told her the lease transfer fee is {$500.00}. You can pay it to lease office or me. She then sent me a check of {$1900.00}. She told me to take {$500.00} for lease and send the rest to her moving agent ( XXXX XXXX XXXX XXXX ). First I hesitated but then convinced as she said the check will be provided by her company. I received the check online and found that it posted to my account ( my balance increased after 1 day ). I had no idea of fake check or check bounce in the USA. I trusted and sent {$1400.00} to the moving agent as she said. I sent through XXXX as she requested. The account was, XXXX XXXX, XXXX. After that I thought everything was going good but suddenly she said she need {$800.00} more to send her mover to fix her car. Then I refused and started to suspect. I complained in Police ( Case : XXXX XXXX ) and they said it's a scam. After that, I found my money has gone, check bounced back. I contacted bank several times but they refused to get back the money. I contacted bank and put dispute but they refused my dispute.	Credit reporting	10586.8	2026-10-07 11:09:21
84	After requesting a balance transfer in the amount of {$12000.00} on XX/XX/2019 I was told that the transfer would be complete within two weeks. I logged on to the two accounts involved and both showed a balance for the amount of the balance transfer ( {$12000.00} of my XXXX XXXX XXXX account and {$12000.00} on my Union Bank account ). On XX/XX/2019, I made a phone call to XXXX XXXX XXXX which is the creditor that was supposed to be credited for the {$12000.00} balance and was told that there are no pending payments on my account. Then I called Union Bank which is the creditor that I requested the balance transfer from and was told that my request was stopped on XX/XX/2019. The representative tried to get a hold of an individual named XXXX XXXX to resolve the situation but was unable to reach her. She provided the direct phone number to XXXX for me to try and call her myself. I asked if anyone else was available to help me and her answer was " XXXX is the only individual that can resolve this matter. '' On this day, I made numerous attempts to reach XXXX and left voicemails for her to call me. I tried to contact customer services again to ask for anyone else that can assist me. All of the representatives, including the shift supervisor were not able to find any other contact. They all attempted to reach XXXX and yet no one was able to connect with her. Union Bank  has caused me extreme stress, and kept me away from my job dealing with this matter. They have neglected to reach out to me promptly to resolve what seems to be a simple issue with their system flagging my transaction. There has been no mail, phone calls, emails, text messages or notifications of any kind. The only way I became aware of this situation is by calling them myself.	Credit reporting	10597.5	2026-10-07 11:09:21
85	I am writing to formally report that the domain XXXX is being utilized to facilitate a documented wire fraud operation. As a victim of this operation ( XXXX XXXX/Zelle, Transaction ID : XXXX ), I have conducted an investigation and identified the following : XXXX. Stolen Intellectual Property : The website utilizes stolen imagery from a legitimate XXXX business ( XXXX XXXX XXXX XXXX represent non-existent facilities in the U.S. 2. Verified Fraudulent Payments : Funds are solicited via Zelle to a profile registered to " XXXX XXXX '' ( XXXX ). XXXX. Non-Existent Locations : The physical addresses provided to victims after payment are either empty lots or residential homes with no connection to the business. I have already filed formal reports regarding this specific entity and transaction with the FTC, the IC3 ( FBI ), and the OCC.	Debt collection	11505.4	2026-10-07 11:09:22
86	Capital One Quick Silver One is using credit report from months ago for anyone who tries to request credit line increase. I feel Capital One should be using most recent credit report and credit report not from 60 plus days ago. Most online feedback is that for anyone who owns Capital One Quick Silver One is that Capital One very reluctant to give credit line increases. I feel Capital One is misleading consumers and not being honest with consumers. Perhaps the option the even request a credit line increase should be XXXX for everyone because Capital One only gives credit line increases when choose to not when the consumer requested. I know several family and friends that say the same thing.	Credit reporting	11221.4	2026-10-07 11:09:22
87	Bank of America Forged financial documents when we applied to refinance our loan in 2008. We where unaware they did this until recently. Bank of America then tried to foreclose on our home based off of forged financial documents and forged signatures. We did not have the assets they claimed we had at the time of the refinancing and we were never given any of those documents. Bank of America then placed over XXXX in fees to our original mortgage of XXXX making our loan over XXXX off of a forged refinancing loan. We ask that Bank of America place our loan back to the original amount and take off all of the fees they placed after forging and lying on our refinancing loan. Ho is Bank of America allowed to get away with breaking the law and adjusting loans based of forgery and deceit? \n\nWe want our loan to go back to the XXXX and all the fees placed to be taken off.	Credit reporting	11970.1	2026-10-07 11:09:23
88	I filed for a income based repayment plan with Navient XX/XX/XXXX. They stated that they need a signature letter, and proof of income, which I in turn, provided them. I was told in XXXX that this was processed and everything was OK.. \n\nYet I get a bill for XX/XX/XXXX payment for FULL amt. I contacted the lender via XXXX, via the advocate, AND via e-mail to the President of the company. \n\nI have submitted this information to them 5X now, via fax, mail, e-mail and a variety of other means. \n\nI received a letter from Navient stating that they did NOT receive the information. But, in the SAME e-mail, they sent me the forms, the signature is correct on the form, proof of income HAS been provided, and a copy of the form correctly filled out. \n\nSo, not only do they have the forms CORRECTLY filled out, they have the signature page, AND proof of income ( IRS 1040 form ) ... due to federal rules proof of income WAS NOT REQUIRED to process this form as income for 2016 was NEGATIVE. \n\nI have two letters from them stating the same thing, and in BOTH letters, they have provided me copies of the completed form, a signature page, AND proof of income. \n\nI fail to see any logic in this. They have the forms correctly filled out, they have a valid signature on the forms, and they have proof of income ( which is NOT required ). But yet they can not read their own forms. \n\nCalling them all I get is the SAME XXXX, parroted back to me. We do not have the forms, we do not have proof of income, yet in the next letter, they send me copies of BOTH the form, the signature page AND proof of income as required. \n\nI am tired of this run around, Complaints with the XXXX, CFPB, Virginia Attorney General Consumer Protection Section, Federal Student Aid Department of Education, XXXX, have all been filed, yet all I can get out of them is like talking to a WALL.	Credit reporting	13326	2026-10-07 11:09:25
89	My name is XXXX XXXX. I was just made aware of the collections of a credit card in my name due to it being on my credit report. I have contacted local law enforcement as well and still nothing done. In XX/XX/2016 a card was opened in my name through XXXX department store. I did not open the account and do not have any knowledge of this account. It is fraud	Debt collection	13722.9	2026-10-07 11:09:26
90	I requested a payoff only to find that it is {$16000.00} though the car sold for $ {$23000.00} and I put {$8000.00} cash and have payed XXXX payments at {$52000.00}. I wastold that XXXX held most of the {$8000.00} and because I make a great deal of payments early before my due date most of it goes toward interest opposed to the principal.	Credit reporting	14214	2026-10-07 11:09:26
91	A friend on XXXX suddenly posted that he was making cash on the side while working full time as a nurse. Not knowing that his account was hacked and being somewhat sociable with the person, I fell for the bitcoin investment scam. I spent {$600.00} on XX/XX/22 and {$1500.00} as my initial investment and to upgrade my " trading account '' so I can get my profit, I paid {$1400.00}. Another {$100.00} was sent on XX/XX/22 for a bitcoin I was told to buy through XXXX. Everything else was sent through XXXX thats within my Wells Fargo XXXX. As soon as the scammer blocked me, I directly informed Wells Fargo and made a claim that I was scammed. Three weeks later, I received their conclusion and that they deny my claim because I authorized the transactions and that the recipient 's bank nor Wells Fargo had any error. I called and asked for further information, and inquired about EFT Regulation E and thr Wells Fargo banker told me that it only applies if I was induced to giving my information, which is not what my case is. They told me there's nothing they can do. To add salt to wound, I involved my brother and used his money by asking him to send money by XXXX in his Wells Fargo.	Credit reporting	15216.5	2026-10-07 11:09:28
92	Hello, I was reading an article that stated that if you had an auto loan with Wells Fargo Dealer services I may be entitled to a refund for over charges during my loan. \n\nMy loan was from XX/XX/XXXX to XX/XX/XXXX. I tried calling Wells Fargo and was on hold for XXXX. So I also saw this option of contacting you. I pulled my credit report and did not see my Acct #. My last 4 of Social are XXXX. \n\nThank you, XXXX XXXX XXXX XXXX XXXX	Credit reporting	14993.9	2026-10-07 11:09:28
93	I made an online payment from my XXXX checking to pay my loan from American Express for {$800.00} on XX/XX/2023. Please see the attached that has information such as XXXX account number, File transmission date, trace number, and transaction ID.	Credit reporting	14273.6	2026-10-07 11:09:29
94	I am writing to formally express my concerns regarding Zelle 's handling of disputes, particularly in light of the recent CFPB lawsuit highlighting significant issues with the platform. Despite using Zelle numerous times and reporting discrepancies, my financial institution and Zelle failed to investigate my claims adequately. They informed me that recovering lost funds was impossible and that tracking these transactions was unfeasible. The CFPB 's findings indicate that Zelle has not only neglected to protect consumers but has also allowed repeated offenders to exploit the system, leaving users vulnerable to scams. This lack of accountability and transparency is unacceptable and raises serious concerns about consumer safety.	Debt collection	14925.6	2026-10-07 11:09:30
95	I made a promotional purchase for 24 month interest free. The purchase was on XX/XX/2016 for {$1300.00}. Every payment I made I would make sure it was applied to my promotional balance, as I was repeatedly emailed the answer that the promotional balance was paid first. Because of the interest not being charged if paid before the promotion expired. I have every bill from when this account was created and almost every payment was not applied towards the promotional balance. Over {$2100.00} of on time payments were not credited towards my promotional balance. Now I have a court summons, which I will answer with and submit all this evidence. There is also a letter from Citi Bank / Best Buy stating there was fraud on my account of over {$500.00}, that was never resolved. They transferred the account to a new card, and more charges were added on to the bill. With no reference of the charges. Now the amount owed reached over {$3000.00}. The customer service could not answer any questions about the balance or the payments. I believe this is very deceptive practice.	Credit reporting	15857.5	2026-10-07 11:09:31
96	In XXXX I requested a XXXX fixed rate loan from Sallie Mae/Navient , they refused and told me just pay more knowing that they would likely make more interest without it being a fixed rate loan. In XXXX, I lost my job when the economy tanked. I had contacted the student loan company and they put me on a forbearance. I found a job about a year later and started repaying the loan until the I lost my job again. I was working for a Foreclosure Law Firm, when government interventions were put in place to help keep people in their homes. I had to go into forbearance again and stay there for a while. I ended up owing more interest, causing me to owe more than when I started. Since then have gone into the income driven repayment plan because they wanted so much in monthly payments. I am retired and on Social Security. My Social Security is {$1100.00} per month. I believe they were using predatory loan practices. Now XXXX has taken over the loan and uses Navient website and added XXXX to my loan balance. XXXX 's phone number is Navient 's phone number. Are they related in some way?	Debt collection	16647.8	2026-10-07 11:09:32
97	REQUESTING MISSING FUNDS To Whom It May Concern, I am writing to report an issue with an instant cash-out transaction on Cash App. On XX/XX/year> at XXXX XXXX  I initiated an instant cash-out of {$68.00} from my Cash App balance to my linked bank account. However, the funds were never deposited into my bank account, and the amount is missing from my Cash App balance. \n\nI contacted my bank to verify the transaction, and they confirmed that no deposit of {$68.00} was ever received. Despite reaching out to Cash App support for assistance, I have not received any help in resolving this issue. \n\nI request immediate assistance in locating these funds and ensuring the payment is completed as expected. Please address this matter urgently, as this delay is causing financial inconvenience. \n\nThank you for your prompt attention to this issue. \n\nSincerely, XXXX XXXX XXXX XXXX	Money transfer or service	13909.7	2026-10-07 11:09:33
98	2 Bank accounts were opened in fraud using my identity- XXXX XXXX XXXX XXXX \n\nCitizens Bank Account : Around the beginning of XXXX, XXXX  an account was opened in my name. \nI did call and report this to the company and so they have all the supporting evidence. ( I can not find this in my archives! \nI received a letter XX/XX/202 about taking further action via the FTC. \n\n_________________________________________ XXXX XXXX Account : On XX/XX/2022 I received an e-mail from XXXX XXXX  that XXXX XXXX  : Checking Account was open : XXXX Savings Account was open : XXXX The accounts were linked.	Bank account or service	14535.1	2026-10-07 11:09:34
99	I was reviewing my credit report recently and noticed a closed car loan from Bridgecrest that does not belong to me. I want this account removed from all of my credit reports as this does not belong to me and possibly an identity theft issue.	Credit reporting	14554.8	2026-10-07 11:09:34
100	On XX/XX/year>, Venmo permanently deactivated my account without providing a clear explanation. They cited unspecified violations of the User Agreement and informed me that my remaining balance of {$310.00} would be held for up to 180 days for loss prevention purposes. \n\nI have contacted Venmo Support multiple times under Request # XXXX to request clarification, documentation of any alleged violation, and confirmation of my account balance and release date. Each response was a template message stating that the decision is final and that no further inquiries will be answered. \n\nMy account was used solely for legitimate personal purposes, including occasional payments for personal expenses. I have never engaged in fraudulent, prohibited, or suspicious activity, and there are no disputes, chargebacks, or pending transactions associated with my account. \n\nI am seeking transparency, a detailed explanation of the account deactivation, and timely access to my {$310.00}. The blanket 180-day hold is excessive and causes financial hardship.	Debt collection	15119.1	2026-10-07 11:09:35
101	I just received my recent credit report, and I found an unrecognized inquiries on my XXXX credit file. \n\n\nIt's an opened account for credit monitoring. I do not have an account with them. XXXX never extended me no line of credit. \nIt's an Account Review Inquiries	Credit reporting	14442	2026-10-07 11:09:35
102	* * Issue * * : Coinbase has held my XXXX ETH deposit since XX/XX/XXXX without crediting it to my account, swept it to another wallet on XX/XX/XXXX, without notice or authorization, and provided evasive support, including locking my account during a dispute. Based on when these funds were deemed accessible by Coinbase, they should have been made available in my account since XX/XX/XXXX. \n\n* * XXXX * * : - * * XX/XX/XXXX * * : Deposited XXXX ETH via XXXX ( unsupported then ) to my Coinbase wallet. Funds arrived ( XXXX proof available ) but were not credited, labeled " lost '' per policy. \n- XXXX XXXX XXXX XXXX XXXX : Multiple support cases opened ( IDs : XXXX, XXXX, XXXX, XXXX, XXXX, XXXX, XXXX, XXXX, XXXX, XXXX, XXXX, XXXX ). Responses were inconsistent, cases closed unresolved, or cited undelivered emails ( proven false via test transactions ). \n- * * XX/XX/XXXX * * : Uncredited XXXX ETH transfer on XXXX ( hash : XXXX ) to Coinbase-linked address ( XXXX ). \n- * * XX/XX/XXXX * * : XXXX ETH swept to Coinbase-controlled wallet without notice or credit ( XXXX proof available ). \n- * * XX/XX/XXXX * * : During a 2-hour support chat, reported sweep ; after mentioning legal action, account locked for " security reasons. '' Chat ended with me blocked ( screenshots available ). \n- * * XXXX XXXX XXXX * * : Filed XXXX  complaint ; email to legal @ coinbase.com bounced. \n\n* * Evidence * * : - XXXX  records for XXXX deposit, XX/XX/XXXX sweep, and XX/XX/XXXX transaction. \n- Support screenshots : chat transcript, case closures, test transaction proofs. \n- Case IDs listed above ; XXXX  filing ( ID available ). \n\nI can provide all details, including links, screenshots, and other evidence, upon request. \n\nI can provide all evidence, including screenshots, links, and exchanges with Coinbase staff. Thank you for reviewing this.	Bank account or service	16353	2026-10-07 11:09:37
103	Wells Fargo Mortgage XXXX. XXXX XXXX XXXX XXXX. IA XXXX Subject : Request for specific documents Loan re : XXXX or XXXX Attention : Administration and all inclusive parties involved It recently came to my factual attention that you have a confidential internal data base including relevant information pertaining to the loan and activities evolving during the currency from the origination of the loan until the day you sold the loan at a significant discount to XXXX on or about XX/XX/XXXX. I am requesting all hidden and existing documents with my name on it and in reliance to my person. \n\nFurther it as also came to my attention that the l Loss Prevention Line of Business Referrals unfairly shifted losses caused by fraud to Wells Fargos own customers, many of whom had been victims of identity theft and unauthorized transactions. \n\n\nWell Fargos illegal failure to properly investigate reports of fraud and Wells Fargos illegal behavior in wrongfully closing customer accounts. Wells Fargos behavior violated various regulations and laws, including ORS 646.607, ORS 646.608, the Consumer Financial Protection Act, the Dodd-Frank Act, and 15 U.S.C. 45, which prohibits unfair or deceptive acts or practices. \nPlease be advised that I have also been a victim of Identity Theft reference year was XX/XX/XXXX. \n\nSincerely : XXXX XXXX XXXX	Mortgage	17152.2	2026-10-07 11:09:39
104	Greentree Servicing harassed myself and my family via our home phone by calling multiple times per day every day between the hours of XXXX and XXXX. I was afraid to answer my phone and eventually disconnected my answering machine due to the harassment. Also, we applied for loan modification and restructure and for many months GreenTree kept insisting on more bank statements and would not make a decision. Also, when I would try to pay by phone, they made me pay a service charge for the payment not to be considered late.	Debt collection	16919.5	2026-10-07 11:09:39
105	On XX/XX/year>, I was in the XXXX XXXX app during the ongoing XXXX to Capital One transition and saw a prompt stating word for word : 'Open a new Capital One card. XXXX is part of Capital One. See if you'll be approved with 100 % certainty and no harm to your credit score. ' Based on this language I believed it was a soft inquiry or pre-qualification check, not a formal credit application. Capital One 's own website explicitly uses the word 'pre-approved " to distinguish pre-qualification checks from actual applications. The XXXX app prompt omitted that distinction entirely. A hard inquiry was placed on my TransUnion report on XX/XX/year> dropping my score XXXX points without informed consent. I disputed this with Capital One online under Case Number XXXX. Their response addressed the wrong issue entirely, they said the account was not showing on my credit report, which was not what I disputed. When I called to clarify they told me to send a physical letter. Had I knowingly chosen to apply I would have done so through Capital One 's official channel which offered a {$200.00} cash bonus after {$500.00} in spending, a promotional benefit I was denied due to this misleading prompt.	Credit reporting	17616	2026-10-07 11:09:41
106	I made a purchase for {$990.00} on XX/XX/2019. Klarna loaned the money for the purchased at 0 % interest and $ XXXX monthly payments. I was offered automatic debits to avoid missing the monthly payments. I set up auto payments. In XXXX of 2019, I went on the mobile app and scheduled an early payment in advance of the reoccurring auto debit. The $ 55 monthly payment was withdrawn from my checking account but Klarna also attempted the autodebit after this payment. Since I had already paid the monthly payment, the second payment was returned by my bank because there wasn't enough funds in my checking account to cover an additional payment. Klarna charged a returned payment fee of {$25.00} to my loan account. I reported this to them via the mobile app text. The customer service agent said it didn't matter if I made the payment early, the auto debit would still withdraw. I went back and read through their disclosures and at the time there was no information that had stated clearly how early payments would impact reoccurring auto debits. Like most companies, when a monthly payment obligation is made, there is no reason to proceed with an autodebit. So I had no reason to think Klarna was any different. They added this disputed return fee to the next autodebit and withdrew {$80.00} from my account the following month. I stopped the autodebit service and at the end of the loan, I left a balance of the fee. I contacted Klarna again and explained why I was leaving the unpaid balance and that I did not agree with their policy. I paid back the entire {$990.00} loan, with the exception of the fee. In the months since, they had added approximately {$150.00} additional late fees to that fee I refused to pay and continue to send me emails.	Credit reporting	16954.4	2026-10-07 11:09:42
107	As per the XXXX case XXXX, the dealership XXXX XXXX XXXX fraudulently sold myself, XXXX XXXXXXXX XXXX XXXX XXXX XXXX XXXX. The bank, Westlake Services Inc/ dba Westlake Financial Services is aiding in the fraudulent activity of the dealer after being provided all necessary timely documentation. Neither of the two has paid back what was owed to me. The dealer sold the vehicle as merchantable and repair to render, when it was not, overcharged the vehicle registration fee, and signed the contract under the wrong name and license, making the contract null and void. These are the only 3 know laws that were broken by the dealer as per NYS VAT Law. I have not had a reliable method of transport for almost 2 years and would like any assistance that you can provide. I will provide a few of the necessary documents where allowed. Thank you.	Credit reporting	16874.3	2026-10-07 11:09:43
108	On XXXX XXXX I transferred {$170000.00} from my Discover bank account to a XXXX XXXX  account. The funds were successfully deducted from my account but the recipient never received them. On XX/XX/XXXX, I applied to withdraw my application, and Discover confirmed that they initiated the withdrawal process. Today, XXXX XXXX I called Discover again. They confirmed the status was still pending but refused to contact XXXX XXXX  to confirm whether they had received the withdrawal request or whether the funds were frozen. I am a XXXX American senior citizen. This money represents my life savings. \nDiscover Bank has failed to fulfill its legal obligations under the U.S. Banking Act ( UCC 4 A ) to track and resolve this transfer. Despite imitating the withdrawal proceedings, they have refused to contact the receiving bank. I request Discover to immediately : Confirm in writing whether XXXX has received the withdrawal request ; If the funds are still in XXXX escrow account, request an immediate refund ; Provide a refund timeline. If the issue remains unresolved within 10 days, I will take legal action and contact my U.S. Congressman.	Debt collection	16921.2	2026-10-07 11:09:45
109	I applied for a company scales by sales a sales company. I got the job but they said I needed to pay them XXXX and I would make that money back. I took out a loan with affirm like they asked. Only after the call ended and that all happened I found out it was a scam company. Tried to disput loan and they said I cant tell after processed and the loan was going to XXXX which is not the company name idk what that is. The website is XXXX	Debt collection	16838.5	2026-10-07 11:09:45
110	During the year of XXXX I took out a Payday Loan of XXXX dollars at the store location : XXXX XXXX XXXX XXXX XXXXXXXX XXXX XXXXXXXX which is no longer open for business now! It is closed down! I paid this company XXXX dollars back but was unable to pay the interest amount to them due to the Pandemic. I was told since I default on my payment plan I XXXX to start over and pay XXXX dollars to them. After talking to Check N Go on yesterday, I was told my account was sold to a XXXX XXXX called : XXXX XXXX XXXX located : XXXX XXXX XXXX, XXXX XXXX XXXX, XXXX XXXX XXXXXXXX. XXXX have harassed me with phone calls threatening to have me served at home or my work with papers. Even after me telling this company I just had XXXX XXXX and other illness they continue to harass and threaten me. The lady told me she didnt care. \nPlease.help me to solve this problem! \nThanks! \nXXXX XXXX XXXX	Debt collection	15407.7	2026-10-07 11:09:46
111	In XXXX 2020, I have no record of making a payment to PNC credit card services. On XX/XX/XXXX, I called XXXX, and talked to the bank consultant. I asked for the full balance due. I was informed that I owed {$250.00}, which I paid by debit card with the Reference Number XXXX. On XX/XX/XXXX, I was contacted by PNC by phone, and told that this was an attempt to collect a debt and that my credit score might be adversely effected. I declined to make a payment at that time. On XX/XX/XXXX, I spoke with a bank consultant, who informed me that the debt was due to a late payment in XXXX. I stated that, if that was the case, I should have been so informed when I contacted the bank on XX/XX/XXXX. The bank rep told me that she saw my payment of {$250.00} on XXXX XXXX, 2020. \nHowever, she said that the late fee and interest were still due. I stated that I should have been informed of this on XX/XX/XXXX and that the penalty and interest should be removed from my account.	Debt collection	16481.5	2026-10-07 11:09:48
112	Consumer Name : XXXX XXXX, Consumer Social Security Number : XXXX, Consumer Date of Birth : XX/XX/XXXX, Contents of Complaint : This CFPB complaint has been filed to request pursuant to FCRA 605B ( 15 U.S.C. 1681c-2 ) that you, the Equifax credit reporting agency , block information appearing on my consumer credit report that is the result of identity theft and fraud within 4 business days of you receiving this complaint. This fraudulent, inaccurate, and false information consists of a personal credit card account opened at XXXX XXXX  on XX/XX/XXXX under the account number XXXX and a collections account opened at XXXX XXXX XXXX XXXX on XX/XX/XXXX with a balance of {$24000.00} that appears related to the aforementioned personal loan account opened at XXXX XXXX XXXX XXXX. These accounts have resulted in several fraudulent hard inquiries and fraudulent collections appearing on my consumer XXXX credit report. I've attached a list of the hard inquiries in question as well as a copy of the consumer FICO credit report maintained by you which shows the aforementioned fraudulent items. I do not recognize the aforementioned accounts, collections, or hard inquiries as reported. The aforementioned accounts, collections, and hard inquiries appearing on my consumer credit report maintained by you were not opened, made, or initiated by me. All of the aforementioned accounts, collections, and hard inquiries are the result of identity theft and fraud. I have attached a copy of FTC Identity Theft Criminal Complaint # ( XXXX XXXX XXXX  ) as proof from the US Federal Trade Commission that all of the aforementioned consumer credit accounts, collections, and hard inquiries are the result of identity theft and fraud.	Credit reporting	17362.2	2026-10-07 11:09:49
113	I found a charged-off account from XXXX Card that does not belong to me on my credit report. I reached out to XXXX Card by certified mail requesting that they provide and prove the Validity of the Account. XXXX Card did reply or respond to my Letter. I tried calling but the Representative said she did not have access since it is charged off and could not help me. I sent XXXX Card a second certified mail asking them to provide a proof or a signed agreement/document with my signature to Validate the Account, but I still did not get any responses. XXXX Cards failure to respond within 90 days of receipt of my certified letters is a violation of the Fair Debt Collection Practices Act ; therefore, XXXX Card should delete all entries from all credit reporting agencies. \nNegative mark placed on my credit reports ( including XXXX, XXXX, and Equifax ) from XXXX Card for a debt that I dont owe, is a violation of the Fair Debt Collection Practices Act ; therefore, if they can not prove the validity of the account, XXXX Card must request that all credit reporting agencies delete the entry. \n\nAccount Number:XXXX XXXX Card XXXX XXXX XXXX XXXX DE XXXX	Credit reporting	17742	2026-10-07 11:09:50
114	1. I was repeatedly receiving calls from NCB Management at home, and on the work phone. I sent NCB a letter on XX/XX/2019 ( attached ), advising them to : ( a ) stop calling me at my place of business, as my employer forbids this. \n( b ) stop using deceptive practices such as using local numbers for out of state collection companies. This deceives the intended recipient into thinking it is someone local. The collection agency does not have a local or instate office. \n( c ) On XX/XX/2019 I received a letter from NCB that stated in writing they I would no longer receive calls from them. ( attached ) ( d ) Despite receiving the above letter of XX/XX/19, on XX/XX/2019 I received a phone call from NCB, on my work phone, again using the same local deceptive number. I took a cell phone picture of my work phone ( attached ), which clearly shows the date and time. \n\n2. I never received a notice of validation of debt from this debt collector when i asked for it again in writing on XX/XX/19 ( attached ), I still never received it.	Debt collection	17212	2026-10-07 11:09:51
115	I am disputing a credit card charge for an online purchase purchase where the merchant refused to honor their " satisfaction guarantee '' advertised on their website. I relied on the satisfaction guarantee at the time of the purchase. \n\nI filed a dispute with Capital One and provided all available documentation, including the order confirmation emails, proof of payment, photographs of the product, and correspondence showing the merchant 's refusal to honor the advertised satisfaction guarantee.\n\nCapital One XXXX  is refusing to process or escalate the dispute repeatedly informing me that I have not sent " all requested documentation ''. I called and spoke to a supervisor in the XXXX  department, who informed me they received everything except an " invoice ''. \n\nI have repeatedly informed Capital One that I never received any invoice from the merchant. In spite of that, Capital One repeatedly sends me notices claiming they can't proceed with the dispute because I have not sent them everything they requested. \n\nToday, I called Capital One XXXX  Dept. and requested what was needed and again the dispute supervisor informed me they are unable to process the dispute without an invoice from me. She said this was not Capital One 's rule- it is a XXXX Core Rule. She refused to cite a specific rule or accept substitute documentation or a written statement in lieu of an invoice. \n\nThis dispute falls under XXXX Core Rule 13.5 ( Misrepresentation / Failure to Honor Advertised Terms ), which applies when a merchant fails to honor a clearly disclosed satisfaction guarantee. \n\nI am requesting review of Capital One 's refusal to process this dispute and it's handling of my claim. \n\nI want a refund of my {$160.00} as I am not satisfied with the products I received from the merchant and they refused to honor the " satisfaction guarantee ''.	Credit card	17815.3	2026-10-07 11:09:53
116	BB and T apparently was purchased by Truist and I received a notice of short escrow by {$590.00} and I called BB and T and was told Truist was the holder now and I asked to have someone call me back, but without me being notified on XX/XX/28 They auto drafted out of my account {$590.00}, I feel they should have told me they were going to auto draft that out before they did that OR given me the opportunity to just allow the monthly payments to increase, but to have no notice that they did that seems to wrong.	Debt collection	17478.8	2026-10-07 11:09:54
117	I first received a letter from Clear Spring Loan Services , Inc. in XXXX of 2017, their letter which is attached was dated XX/XX/2017, and immediately sent them a letter disputing this alleged debt and asking for them to verify it. I received nothing back until just recently, letter dated XX/XX/2017, which clearly shows they totally ignored my letter which they received on XX/XX/2017 and was sent USPS Certified Mail with Return Receipt. I am asking Clear Spring Loan Services , Inc. to either verify this alleged debt or delete this from their records and from my credit report if it was reported. They also have n't proved to have any right to be on my credit report because I know for a fact I 've never contracted with them nor consented them to be able tomake any communication on my credit reports. Clear Spring Loan Services , Inc. is also violating the  FDCPA by continuing collection activity when they can not provide any documentation to prove I owe them anything.	Debt collection	18113.4	2026-10-07 11:09:55
118	My complaint is a about bank of America they clearly trying to DISCRIMINATE against me... So my card was stolen somehow I never received a card someone stole thousands of dollars from..So I filed 4 CLAIMS through BofA to replace the money I lost, I had a claim for over XXXX dollars another one for over XXXX dollars another over XXXX dollars and the last one was only for XXXX dollars ... Bank of America DENIED 3 of the 4 CLAIMS..THEY approved the claim that had the least money but all the transactions were from the same card that was stolen..	Debt collection	17441.4	2026-10-07 11:09:56
119	In XX/XX/year>, a remittance of {$100000.00} USD was sent from XXXX XXXX  in XXXX to my account at XXXX  XXXX XXXX XXXX ( XXXX XXXX ). The remittance information provided by the sender was accurate and correct, including the XXXX code XXXX. However, due to an error made by the intermediary bank, Bank of America ( BOA ), the XXXX XXXX was changed to XXXX during processing, which caused XXXX  XXXX XXXX XXXX to reject the deposit to my personal account. \n\nAdditionally, although the funds were remitted in USD ( as per the remittance record ), the intermediary bank ( BOA ) converted the currency to AUD  without authorization. This resulted in significant losses due to exchange rate differences. My receiving account was designated to accept USD, and no consent was given for this currency conversion.The remitter clearly filled in the USD receiving account, but now the intermediary bank has replaced it with AUD. The accounts in the XXXX dollar account and XXXX dollar account are completely different, which is also the second reason why XXXX  XXXX XXXX refused to deposit the funds to me. \n\nI contacted XXXX ( my receiving bank ) multiple times, and they confirmed that the issue originated with the intermediary bank, Bank of America. However, despite their attempts to contact BOA for resolution, no response has been received, and my funds remain in limbo. I also called BOA 's directly, but they refused to assist me as I am not their direct customer. \n\nThis situation has caused significant financial and emotional distress. I urgently need these funds, which have been delayed for weeks due to errors beyond my control. I seek CFPB 's assistance in ensuring that the funds are deposited into my account immediately, as originally intended, and that the intermediary bank addresses the unauthorized currency conversion and associated losses.	Debt collection	18165.8	2026-10-07 11:09:57
120	I applied for a mortgage refinance with Sofi on XX/XX/XXXX. Throughout the process, Sofi caused my credit score to drop unnecessarily due to excessive credit pulls caused by closing delays. Specifically, Sofi pulled my credit 6 times ( dates of pulls : XX/XX/XXXX, XX/XX/XXXX, XX/XX/XXXX, XX/XX/XXXX, XX/XX/XXXX, XX/XX/XXXX ). \n\nI submitted a CFPB complaint about the excessive hard pulls on my credit and Sofi provided a Response in XX/XX/XXXX. In the response, they stated : " Upon reviewing your account, we confirmed that there were a total of four hard credit inquiries obtained throughout the process. We are currently working to have two of them suppressed, which will completely remove them from your credit file. Please note that the general timeframe for this to be handled by the credit bureaus is 30-90 days. '' It is now 200 days after Sofi 's response, and as of today, my credit report still shows 5 inquiries. Attached is a copy of my credit report from Sofi 's own website. The attachment states that there are 5 hard inquiries, on the following dates : XX/XX/XXXX, XX/XX/XXXX, XX/XX/XXXX, XX/XX/XXXX, XX/XX/XXXX. \n\nBased on this, it is clear that Sofi only had one ( 1 ) pull removed from my file ( the pull from XX/XX/XXXX is no longer showing ). \n\nSofi should remove the following specific credit pulls : 1. XX/XX/XXXX, 2. XX/XX/XXXX, 3. XX/XX/XXXX. The pulls on XX/XX/XXXX and XX/XX/XXXX were unnecessary because Sofi had pulled credit on XX/XX/XXXX. The pull on XX/XX/XXXX was unnecessary because Sofi had pulled credit on XX/XX/XXXX. \n\nThere is no reason to pull someone's credit 4 times in one week ( XX/XX/XXXX ) or 2 times in one week ( XX/XX/XXXX ) for one single credit extension/transaction.	Mortgage	18092.9	2026-10-07 11:09:58
121	Someone used my card on WISE INC, Thinking of this comapny because the name of this company shows in my statement! They have charged {$20.00} from my card. \nAnd XXXX XXXX XXXX also charged me some cents several times. \nI am not aware of that transaction.	Credit card	17119.4	2026-10-07 11:09:58
122	MUST BE REVIEWED BY A HUMAN HUMAN NAMUH ANUMH CEASE AND DESIST OF REPORTING UNAUTHORIZED ACCTS CEASE AND DESIST OF IDENTITY THEFT CEASE AND DESIST OF VIOLATION OF 1974 PRVACY ACT CEASE AND DESIST OF VIOLATION THE GRAMM-LEACH-BLILEY ACT 18 USC 214,18 USC   1348, [GAAP] VIOLATION, 18 USC 1028 XXXX HUMAN \n\n\n\n XXXX GRANTOR/ORIGINAL CREDITOR/BENEFICIARY/PLAINTIFF: XXXX XXXX XXXX XXXX XXXX XXXX XXXX XXXX XXXX XXXX\n DEFENDANTS/VIOLATORS: XXXX EXPERIAN, XXXX XXXX XXXX XXXX XXXX XXXX XXXX XXXX XXXX XXXX XXXX XXXX XXXX XXXX XXXX XXXX XXXX XXXX XXXX XXXX XXXX XXXX XXXX XXXX XXXX XXXX XXXX XXXX XXXX XXXX XXXX XXXX XXXX XXXX XXXX \nTO WHOM: IT MAY CONCERN ACCORDANCE TO TITLE 15 6801(a)(b)(1)(2)(3)(4) PROTECTION OF NONPUBLIC PERSONAL INFORMATION ACCORDANCE TO TITLE 15 USC 1681a (2) | DIDN'T GIVE WRITTEN CONSENT TO HAVE THESE TRUST UNAUTHORIZED ACCOUNTS THEY READ:: ATTN: EXPERIAN XXXX XXXX ACCORDANCE TO TITLE 15 6801(a)(b)(1)(2)(3)(4) PROTECTION OF NONPUBLIC PERSONAL INFORMATION ACCORDANCE TO TITLE 15 USSC 1681a (2) | DIDNT GIVE WRITTEN CONSENT TO HAVE THESE TRUST FRAUD PRIVATE UNAUTHORIZED ACCOUNTS TO BE FURNISHED/REPORTING ON MY CONSUMER REPORTS THEY READ: XXXX XXXX XXXX XXXX XXXX XXXX XXXX XXXX XXXX PLEASE REMOVE THESE UNAUTHORIZED FRAUDS ACCTS FROM MY CONSUMER REPORTS THANK YOU SIRS/MA'AM CLEAR VIOLATION OF THE LAW AND IMPROPER USE OF MY IDENTITY AND OF {GAAP) YOU HAVE THE RESPONSIBILTY TO REPORT ACCURATE INFORMATION ACCORDANCE TO GRAMM LEACH BLILEY ACT1681(ad2ai) thanks! TO BE FURNISHED/REPORTING ON MY CONSUMER REPORT. | HAVE FILED A POLICE REPORT CASE # AND IVE FILED An FTC REPORT UNDER OATH THAT FEDERAL NUMBER READS. IT IS YOUR DUTY TO REPORT ACCURATE CLEAR AND PRECISE INFORMATION AND PROTECT THE CONSUMER PLEASE DELETE THIS IMMEDIATELY THANK YOU VERY MUCH IN THIS MATTER ANDD IN THAT ORDER. THX IN ADVANCE GOOD SIRS/MAAM. SINCERELY XXXX XXXX XXXX UCC 1-308	Debt collection	18408.6	2026-10-07 11:10:01
123	I originated a wire transfer on XX/XX/XXXX to a company called Coinbase to invest the money in cryptocurrency. I followed the exact instructions and wired {$4000.00} from my checking account to my Coinbase account. I confirmed with my bank that the wire was completed and also called the recipient bank XXXX XXXX XXXX who also acknowledged receipt of the wire on the XX/XX/XXXX.\n\nAs of today, XX/XX/XXXX, the money has not been credited to my account and all inquiries go unanswered. I have attached the wire information for your information : The wire originated from XXXX XXXX XXXX XXXX Transit Routing Number : XXXX XXXX XXXX XXXX XXXX XXXX XXXX XXXX XXXX XXXX, TX XXXX Account XXXX XXXX Confirmation Number XXXX From Account XXXX To Account XXXX Wire Processing Date XX/XX/XXXX Wire Submitted Date XX/XX/XXXX Amount {$4000.00} Receiving Bank Name and ABA Number XXXX XXXX XXXX, XXXX Beneficiary Name and Account Coinbase, XXXX XXXX ( Additional Notes ) XXXX Status Completed XXXX  XXXX Please find the address that I could locate for Coinbase : ( XXXX ) XXXX Coinbase, Inc 5 years in business XXXX XXXX XXXX, XXXX XXXX XXXX XXXX, CA XXXX Sadly, it seems that I am not the only Coinbase victim and I have read multiple posts from people experiencing the same issues.	Money transfer or service	19824	2026-10-07 11:10:02
124	I have an open complaint ... .been waiting over 6 weeks for resolution ... ..Chase keeps stalling. I have sent all the proper documents 4 times ... .called ... .written many letters ... ..still no closure. \nChase is trying to collect attorney fees for a debt that is not mine!! \nThey keep telling me my litigation was for construction without permits ... ..that never happened!!!! \nThey just do n't want to admit they made a mistake ... ..and I will not pay for their mistake.	Debt collection	19697.3	2026-10-07 11:10:03
125	On XX/XX/2023, I applied online for a line of credit. Capital One Auto Finance immediately denied an extension of my credit. This is 2 violations of ECOA / Regulation B by denying me and further discouraging me from applying for an extension of my credit.	Credit reporting	17970.7	2026-10-07 11:10:04
126	My first problem with Avant is my due date for my bill was assigned to me. I asked the company to change my billing due date stating that this was an inconvenience. The company would not change my billing due date stating it doesn't matter that they don't charge late fees. Upon going to pay my bill on the XXXX of XXXX I noticed a {$25.00} late fee. I emailed asking for this lady to be removed because I was told that there are no late fees If I pay within the first 5 days. Also I asked for a credit line increase. I was told that my credit line increase was denied because my credit was Frozen. At the time I applied my credit file was not frozen. I made sure it was not frozen and I was told to go back and reapply again when I applied it said that it was too close to the previous time I applied. Why would they tell me to reapply knowing that it would be denied a second time because it was too close. This is a violation of the fair lending act. I should not have a late fee because I asked for my due date to be changed and I paid within the 5-day limit. I also as for credit line increase. And I get every excuse in the book after apparently a staff member gave me the wrong information. Fix it or we can go to arbitration!	Credit reporting	18985.5	2026-10-07 11:10:05
127	On XX/XX/year> my co worker who had a sick family member posted items for sale. She was hacked in her account and I had been messaging her about the items. Cash app declined the payments I tried to send her but my phone has been hacked and my debit card was entered in cash app not by me. It was run for XXXX. I reported scam to Cash app now XXXX times. Cash app will not answer phone and only sends a notification they did not find scam. I reported to my bank immediately and now the bank refuses to reimburse me because of the email I received from cash app that after investigation they do not see a scam. I got a new debit card from the bank and tried to stop the transaction but I am still unable to get my money returned. I still have never talked to a person at Cash App. They only have an advocate to reply with messages.	Debt collection	17838.5	2026-10-07 11:10:06
128	even thought this company seems to have a block on being able to complain about them i figured i would ive it one more go before lawsuit.\n\nafter filing this complaint against them that supposedly was duplicated and never sent they have changed the way it is reported on my credit report but they still fell to compensate for having to deal with this for the last 6 years of them lying. further more they have the audacity to still not report it as it should be paid in full never late most especially after having to deal with the effects of it for 6 years i mean it was about t fall off as it was	Credit reporting	18275.1	2026-10-07 11:10:06
129	XXXX   XXXX     2017  and  XXXX   XXXX     2017  Asked for original Creditor and name but was told they could not give it to me. I then asked for a Validation letter but have n't received one yet. I talked to a representative by the name  XXXX . I wanted to get the original creditor name and address from this company because they would not negotiate.	Credit reporting	15424.3	2026-10-07 11:10:07
130	I tried to close a long-dormant account ( haven't used nor have I had a card for the account since XX/XX/2020 ), account # XXXX. I messaged the HSBC Bank USA department to close the account. I provided all information requested including my social security #. However, their personal details weren't accurate on my account at all ( I've moved out of state to ME since then. ) They updated the information on their end. However, they then advised me that I would have to " Request you to please get in touch with us, once the address is updated and we will process the account closure. '' However, I was not given a firm timeframe for how long it would take that to update ( it reflected on my end immediately. ) This is the second time I have been told to call back 4-7 business days late ( the account overdraft and I transferred in funds to bring it to a XXXX balance. ) It feels like fraud.	Debt collection	16271.2	2026-10-07 11:10:08
131	In reviewing my credit reports in XX/XX/year>, I discovered that several student loan and credit accounts were reported under an incorrect name and identity. The reports list the name XXXX XXXX XXXX, but my correct legal name is different. Because of this mismatch, multiple tradelines, including federal student loans and revolving credit accounts, are being reported inaccurately. \n\nI disputed these inaccuracies directly with the credit reporting agencies and provided documentation of my correct identifying information, including government-issued identification and proof of address. Despite this, the same accounts continue to appear under the incorrect name. \n\nThese inaccuracies violate the Fair Credit Reporting Act ( 15 U.S.C. 1681e ( b ) and 1681i ), which requires credit reporting agencies to ensure the accuracy and verifiability of consumer information, and Florida Statutes 501.0051, which prohibits the creation or use of records containing incorrect identifying information. In addition, Florida Statute 817.568 makes the use of inaccurate personal identifying information unlawful. \n\nI am requesting that the Consumer Financial Protection Bureau ensure that the credit reporting agencies and furnishers conduct a proper reinvestigation and delete or correct all entries reported under the incorrect name, as they are inaccurate and unverifiable. \n\nThe continued reporting of these false records has caused adverse credit effects, including denials and higher rates, and constitutes negligent or willful noncompliance under the FCRA. I am submitting supporting documentation, including copies of credit report excerpts, proof of my identity, and my previous written disputes.	Credit reporting	16483.8	2026-10-07 11:10:09
132	First Merchants Bank assigned negative balances to two accounts totaling more than {$3000.00}, even though only my checking account was overdrawn. \n\nI called XX/XX/year> and was informed of there being two negative accounts. I asked to repay one but was left with no way of doing so after the conversation. \n\nMy checking account became negative when the bank continued processing auto-pay transactions for over 30 days after the account was already overdrawn. Instead of stopping the transactions or notifying me properly, they allowed repeated payments to go through and charged hundreds of overdraft fees. I received no meaningful notice only missed calls with no voicemail, and no emails or written alerts. \n\nThe majority of the negative balance is caused by excessive and unfair overdraft fees. First Merchants failed to stop transactions and failed to notify me effectively. One of the accounts has been sent to collections even though the debts appear to be inaccurate and inflated by improper fees. \n\nThis overdraft pattern occurred for months. The bank repeatedly allowed transactions to go through when the account was already negative, causing an ongoing cycle of fees instead of stopping payment activity. This behavior is unfair, abusive, and not consistent with standard bank practices. \n\nI am requesting : 1. A full investigation 2. Reversal of improper or excessive overdraft fees 3. Removal of any invalid debt sent to collections 4. Written explanation of how these negative balances were calculated This situation falls under unfair or deceptive acts and practices. I am requesting CFPB assistance.	Credit reporting	17756.9	2026-10-07 11:10:11
133	Fraud claim reference number XXXX Wells Fargo case number : XXXX I called wellfarsgo bank to file a couple of unauthorized transactions and I didnt recognize those transactions, and spoke and explained everything to the representative that I was traveled and lost my belongings are phone, wallet, purse. I kept calling them to ask about the update of my claims since I am very concerned about it. Those are my hard work money and really upset and sad if I lose it. However, 10 days later my claims got denied and they said : I responded Yes to the link texted that they sent me. I didnt respond to anything, didnt receive anything since I didnt have a phone. It was lost. \n\nAnd again, 10 days later I contacted again and got a second time denied from this bank. They said : We were unable to find any indicators present confirming fraud on the account. We stand by the decision made by our Claims Department to decline your request for reimbursement of the disputed transactions. \nI believe their decision is incorrect. \n\nMy phone, and belongings are lost. And they never call or request anything. The bank just didnt want to help, who could help if the bank cant find or reimburse the lost money amounts? \n\nThis is so sad that being a customer with this bank and they cant help anything, and I would like to requesting a review by a higher-level representative about this matter.	Debt collection	18904.3	2026-10-07 11:10:12
134	Synchrony closed two accounts. Amazon and Sam 's Club. Reason : High risk of failure to pay. Both accounts had a XXXX balance. I had a perfect payment history when I did have a balance. I called the number on the letter, the XXXX XXXX was non-American and did not understand why I was calling. At this point, I can live without the cards. I want to know why they closed two accounts in good standing and I want to be assured that Synchrony does not submit a negative report to any credit reporting agencies.	Debt collection	18778.7	2026-10-07 11:10:13
135	Scammer called me under XXXX XXXX official phone number ( XXXX ) to verify if I was doing a wire transfer, then said there seems to be fraudulent activity since a personal loan was approved in my name and XXXX got deposited into my checking account, they asked me to verify my birthday and SSN and sent me security codes to my phone number, and used that to hack and disable my online banking. \nXXXX was transferred from my savings to checkings and they said I had to pay the loan back to the original vendor via cashapp/XXXX XXXX in increments. XXXX  of the XXXX was sent via cashapp and I have since disputed that transaction.	Debt collection	18826.6	2026-10-07 11:10:13
136	The settlement letter I received on XX/XX/XXXX from XXXX XXXX XXXX ( account # XXXX ) on behalf of Omni Financial says I paid {$0.00} and have a {$0.00} balance. In total, Ive paid {$5200.00} between XX/XX/XXXX to XX/XX/XXXX ( {$1100.00} to the XXXX XXXX portal in XXXX monthly payments of {$100.00} every XXXX of the month and a single payment of {$2200.00} also on the portal on XX/XX/XXXX ). Interest owed to Omni XXXX XXXX was unexpected and not reflected on the XXXX XXXX XXXX website. It wasnt until I called to ask for a letter stating Id resolved the account that I was requested to pay an additional {$1700.00} on XX/XX/XXXX over the phone with XXXX XXXX  towards interest to Omni Financial. I made the payment, asked for a letter again, and was told to wait for a letter via email. Ive attached the payments below. As of XX/XX/XXXX, {$3900.00} was written off on my account with a past due balance of {$4000.00} reported to my XXXX credit report by Omni Financial. Again in total Ive paid {$5200.00} as of XX/XX/XXXX. Id like a written explanation of why I was asked to pay {$1100.00} more than what was reported to XXXX credit bureau within a month if the debt was charged off in XX/XX/XXXX with an original balance of {$3500.00}. Id also like the amount paid accurately reflected in the paid in full letter and a payment history statement for my records.	Credit reporting	19732.7	2026-10-07 11:10:15
137	I am filing a complaint against cash app ( block , inc ) Due to inadequate customer Service and unfair practices, which violate the consumer financial protection ( cfpa ) Specifically, cash app failed to take Timely and effective measures to prevent and address fraud On their platform, leaving my account vulnerable and unprotected. Furthermore, their dispute Resolution process was unfair, and Deceptive, as they did not Comply with error resolution requirements Under the electronic fund transfer act ( efta ) And regulation E. These actions have caused significant inconvenience in financial loss, And I seek appropriate redress for these violations.	Debt collection	17863.2	2026-10-07 11:10:16
138	On XX/XX/XXXX I was charged an amount of {$880.00} by XXXX XXXX XXXX ( merchant ), a whopping {$700.00} more than what I should have paid for the service. I contacted the merchant ( XXXX XXXX XXXX - a subsidiary of XXXX XXXX ) on XX/XX/XXXX, trying to resolve this issue and was met with hostile customer service practice. No refund was issued. The merchant simply sent me the same receipt that I am in dispute with. The merchant has recorded record of my call with them on XX/XX/XXXX, and know that I have no control of the vehicle since XX/XX/XXXX. \n\nI also immediately filed a dispute with Bank of America for the same amount of {$700.00}. On XX/XX/XXXX, I received a letter denying my claim citing merchant has proof of receipt. I called to Bank of America on XX/XX/XXXX expressing that I disagreed with the result, asking the bank institution to at least try to hold this fund while my complaint is being filed with the Attorney General 's office in Washington DC. In this case, the bank did not do enough to stand by its customer 's side to fight with amount that was wrongfully charged. By the tone of the service representative of the Claim Department, it sounded like something that they would not spend an effort to fight for, asking me to send proof of receipt, when my dispute was with the receipt that I have received from the merchant.	Credit reporting	18464.3	2026-10-07 11:10:17
139	I hope all is well. \n\nI booked a hotel reservation through American Express Travel. The representative clearly stated over email ( I have the supporting documentation ) that my reservation could be cancelled without charge anytime prior to 7 days before my arrival. \n\nDue to an unplanned work commitment, I have to cancel the vacation. However, AMEX is charging me the full amount and refusing to refund for the hotel stay - despite the fact that I cancelled well before the allowable date as stipulated in my original, written correspondence with AMEX I appreciate anything you can do to help. This is an unfair violation of my rights as a consumer by a large corporation.	Credit reporting	18936.7	2026-10-07 11:10:18
140	Mohela, my loan servicer, has given conflicting information about when my loan forgiveness form will be processed and when my loans will be XXXX. The site says 30 days and one representative told me two weeks. Another told me 6 months. This is very time sensitive as the well being of my family depends on my loans being XXXX timely. I am also pregnant and this is causing me stress and affecting my ability to take my maternity leave. Although it is fully documented that i have XXXX payments, i dont fully trust that Mohela will live up to their promises given their numerous miscommunications and failure to respond to emails which they say they will respond to within 3 days. Therefore, i am hopeful and would appreciate the CFPBs assistance in resolving this issue in a timely manner.	Consumer loan	18580.5	2026-10-07 11:10:19
141	I placed a loan with this company for {$300.00}. I agreed to repay at a rate of {$130.00} per month for ( 3 ) months. One ( 1 ) payment was taken out of my checking account at XXXX XXXX XXXX. Then I notified this company and informed them of the problem, ( I had to close the account due to other identity theft problems with the credit union ). I agreed to pay the balance of {$280.00}, but they kept insisting that I owed them {$610.00}. Now they're trying to sue me wafor {$920.00}. They are loan sharks and I do believe that I am not the only person that has been decieved in this manner. I believe that this company should not be able to get away with highway robbery.	Consumer loan	18811.4	2026-10-07 11:10:20
142	Someone Used My Personal Information to Open a Credit Card Account with Capital One I Was a Victim of Identy Theft Someone Used My Social Security Number to Open a Credit Card Account With Capital one and this account was never open by me someone stole my identity and Open this account on on XX/XX/2019 and is showing and i notice this happen because i see this account showing on my credit report and i dont recorgnice this account and i never OPEN Any Credit Card account with Capital one and this is not the first time this happen in the pass there was other accounts open with capital one bank and this all those accounts that where open in the pass i did not open it please help me with this problem i never apply for this credit card acccount	Credit reporting	18697.1	2026-10-07 11:10:20
143	I applied for a Capital One Savor Card XX/XX/XXXX and was approved. I was told I would receive the card within 14 days. I waited over 20 and called after not getting it and it was cancelled and I was told a new card would be sent and I would receive it by XX/XX/XXXX. It is the XXXX and still no card so I called and explained I did not want to cancel the card only to be in the same place 3 weeks later with no new card and the agent promised me before cancelling the current card on the way that the replacement card would be sent a different way with 3 day express shipping waived no fees due to the fact a month after opening account I had no card after waiting thru 2 cards sent. He cancelled the card but could not follow thru on sending one express said he had no way to do it and now I am stuck with no card on the account as I said don't send out a 3rd card just to be in same situation as I was lied to and the supervisor told me pretty much tough luck he lied to you but I can't activate the card he cancelled and I can't honor the express shipping and refused to get anyone higher leaving me with no card no account essentially. I told him I would open this and he had no cares.	Credit reporting	19871	2026-10-07 11:10:22
144	Fro the last 4 months we have been attempting to refinance our current mortgage with Mr. Cooper ( mortgage company ) to get a 15 year fixed at 2.5 %, We are currently paying them 5.7 %. We have a HELOC with XXXX  XXXX XXXX and Mr. Cooper does not like the XXXX note because it has language around negative amortization. XXXX XXXX XXXX wrote two letters on our behalf to Mr. Cooper stating that the negative amortization does not apply to us, and Mr. Cooper is still rejecting it saying that it does. We want to meet with Mr. Cooper, and XXXX XXXX XXXX is willing to as well, but Mr. Cooper refuses to stating that their underwriters do not meet with anyone. At this point I suspect they are stalling because they simply do not want to give us a lower rate. They have not given us any other reason and refuse to meet with us. They are also not returning any of our phone calls. Their AVP refuses to get involved as well.	Debt collection	20860.8	2026-10-07 11:10:23
145	I dont have an account with XXXX XXXX XXXX is also no longer in business and jefferson capital is trying to say i owe money when i dont owe and they will not send me any proof I have request to validate the account and they still have yet to send me any documentation. I have requested that they remove this account from my credit since it cant be verified and i dont owe anything.	Bank account or service	20772.4	2026-10-07 11:10:23
146	Servicer, Freedom Mortgage Corporation, approached Borrower and refinanced FHA loan with intent to entrap Borrower into loan with permanent mortgage insurance premium. Property, at time of refinance in 2016, had a value that would have allowed for conventional refinance without mortgage insurance as result of loan to value ( LTV ) being below the threshold for loans that require mortgage insurance. Freedom Mortgage did not properly perform an appraisal on property during refinance because it was in their interest to lock and maintain loans with mortgage insurance.	Credit reporting	21136.5	2026-10-07 11:10:24
147	To whom it may concern : I am a NetSpend customer and I have had checks sent by mail through NetSpend whom informed me that you have all of their archived checks. \nI am currently having a financial dispute with a creditor and they claim that they have no record of the checks that I sent through the NetSpend app, even though the checks are prefunded and are coming back as 'cashed. ' This creditor is requiring that I produce copies of the voided/cancelled checks that I claim as proof of payment before they credit my account with the funds these checks represented. \nMy name is XXXX XXXX. My address is XXXX XXXX XXXX, XXXX XXXX, XXXX XXXX XXXX \nMy phone number is : XXXX. And my email address is XXXX. \nThe checks I speak of that were issued through my NetSpend account are : # XXXX, XXXX, XXXX, XXXX, XXXX, XXXX, XXXX and XXXX. \nI would be grateful and pleased if you could forward copies of those checks only to me at my above contact information. \n\nThank you for your time and hopeful assistance with this matter. \n\nP.S. None of your customer service representatives seem able to help me. \n\nSincerely yours,. \nXXXX XXXX	Credit reporting	21937.4	2026-10-07 11:10:25
148	Cash App on XXXX {$100.00} took for XXXX {$300.00} took for XXXX {$360.00} took for XXXX {$17.00} from my savings took for XXXX I did not approve any of the XXXX transactions. All my cash app balance was cleaned out and now Id like to get it back.	Debt collection	21926.1	2026-10-07 11:10:26
149	Since making the last payment that was owed to Telerecovery on XX/XX/2020. I have tried to get the derogatory remarks on my credit removed. They were contacted and were very rude about it and apparently this is common for them after a simple XXXX search. I filed a dispute through XXXX and apparently they verified to XXXX   that this is a valid debt still even though I can go on their website and see that my account is payed in full.	Debt collection	19901.5	2026-10-07 11:10:26
150	I did a bank to bank transfer on XX/XX/2022 between XXXX and TD Bank. \nWithin my XXXX XXXX, I transferred {XXXX} from TD Bank personal checking to my XXXX XXXX XXXX XXXXk personal checking. \nI checked my balance today XX/XX/2022 and XXXX XXXX has a hold on my account until XX/XX/2022. This is unacceptable. \nI called XXXX XXXX and after 80 mins of multiple department transfers, I was told that they couldn't see a valid reason for the hold but couldn't make my funds available. \nI also called TD Bank and they stated that yes the funds is not available in my checking account but they couldn't reverse the transaction so I can cash the check instead and that I had to wait until XX/XX/XXXX for my money to be available. TD Bank also had no reason for the delay in the transactions. \nI would like the funds released immediately and for banks to be held to the same standards as consumers. The money was cash money deposited in TD Bank. No reason for the hold for 5 days. Unacceptable behavior by TD Bank.	Bank account or service	20945.1	2026-10-07 11:10:28
151	My son has been trying to pay his Sallie Mae loans to the best of his ability. the interest keeps making it higher and he can not for some reason have it based on his income. they are harassing his grandmother who was the co-signer and making her feel as though she has to pay and she has been taking money from her fixed living expenses to try and pay the out ragious amounts that keep going up because they say he 's not paying the full monthly amounts. th interest on his loans have gone through the rough and the payments are double what he brings in monthly. even if he lived at home and made no car payments and I paid for food and everything else he would not be able to make the payments since they keep raising them. There are XXXX different loans which they made him do instead of one. My mother is afraid she is going to loose everything because the payments are not more than all 3 of us together ca n't pay. This should be illegal and why they want let him base the payments off his income I will never know. Please help. And there are more than one of the choices below. We could select every answer below except getting a loan because they have all happened. Dealing with the lender is a joke. they hang up on you once they figure out who you are and will not even try to help. The payments need to be a fixed monthly amount that can be handled and still be able to eat and survive and maybe even feel like living again. Shame on Sallie Mae!!!!	Credit reporting	22222	2026-10-07 11:10:29
152	To whom it may concern : My name is XXXX XXXX XXXX and I am writing to complain on TransUnion for their lack of response and reporting. I have continued to follow every step on removing false accounts that are reporting and they have yet to comply. They have exceeded the 30 days multiple times and at this point, the issue has not been resolved. They keep reporting accounts that do not belong to me. I have mailed several letters via certified mail, that are dated, that have everything listed in detail, that have everything required and they still are not doing their job in removing their items. I have filed a police report and identity theft report ( XXXX ) and still refuse to help. \n\nThe following are some of the dates of the letters I have mailed out : XX/XX/2020 XX/XX/2020 XX/XX/2020 XX/XX/2020 XX/XX/2020 ALL THESE LETTERS HAVE BEEN SENT VIA CERTIFIED MAIL AND HAVE A STAMP WHEN THEY HAVE RECIVED MY LETTERS.	Credit reporting	23062.5	2026-10-07 11:10:30
153	I was charged interest by AmEx on my purchases even though my balance was paid in full. They claim it was a technical error and happened to other customers as well. They say the charges will be reversed, however I have an automatic withdrawal from another account to pay this bill, which means they received payment for the bogus charge. How many other customers did they do that to? How much money do they make by keeping this money for a month before returning it? It was only  XXXX  cents for me, but if they do that to a million customers, that 's a nice monthly profit of {$30000.00}.   The charge was on  XXXX   XXXX ,   XXXX  , and I will apparently receive a reversal on  XXXX   XXXX ,   XXXX  .	Credit reporting	23916.7	2026-10-07 11:10:31
154	Honda Financial finally posted my 9 car payments ( XX/XX/XXXX through XX/XX/XXXX ) and they are overcharging me interest applying my XXXX payment ( Payment amount of {$140.00} they applied {$940.00} toward the principal and {$95.00} toward principal ). For my next 8 payments ( XX/XX/XXXX through XX/XX/XXXX ) they are also charging me the same interest rate of {$95.00} per payments ( 8 of these ) although my principal should have been reduced on each payment. Also, I did not receive a complete statement instead they told me to XXXX. I have NEVER set up an online account with Honda. I have no idea how they applied the 4 payments that I have no record of ( based on them applying the wrong interest on the first 5 payments I assume they overcharged me on the next 4 payments. I do not know when they applied the {$330.00} that was supposed to be applied to the principal.	Credit reporting	24927.8	2026-10-07 11:10:32
155	XXXX XXXX  had failed to valid the debt or reply to the letters sent on XX/XX/year> which is now past the XXXX  day reply validity period. At this time I would like the debt TO BE DELETED/REMOVED IMMEDIATELY as it is duplicated alleged on my credit report, This is also a violation and misuse a for improper credit reporting. My identity was stolen and several account has been open using my information.	Debt collection	24921.9	2026-10-07 11:10:33
156	I am writing to formally express my concerns regarding Zelles handling of disputes, particularly in light of the recent CFPB lawsuit highlighting significant issues with the platform. Despite using Zelle numerous times and reporting discrepancies, my financial institution and Zelle failed to investigate my claims adequately. They informed me that reversing lost funds was impossible and tracking these transactions was unfeasible. The CFPBs findings indicate that Zelle has not only neglected to protect consumers but has also allowed repeat offenders to exploit the system, leaving users vulnerable to scams. This lack of accountability is unacceptable and raises serious concerns about consumer safety.	Debt collection	25289.3	2026-10-07 11:10:33
157	I believe that it was a mistake to close my PayPal account. I am using my Paypal account ( XXXX ) for my online business as an Online freelancing I paid through PayPal I make video and photo editing since XX/XX/2022. I am hoping that i will get back my account. Thank you and Godbless For identity verification, I attached my Valid ID. Please see attachment.	Credit reporting	25802.3	2026-10-07 11:10:34
158	I am disputing an account reported by Amsher Collection Services. This account does not belong to me and was opened fraudulently without my authorization. I have previously attempted to get this account removed, but it remains on my credit report and continues to harm my credit. I request that Amsher Collection Services remove the fraudulent account from my credit report.	Credit reporting	26202.3	2026-10-07 11:10:34
159	I had an IRA with the company XXXX, they moved my account to Citibank. Citibank never reached out or send any documentation on the account that had funds rolled over. Even though, they had my current address, XXXX, phone number, email, and full government name. I reached out to withdrawal the funds and closed the account. They told me I had to mail an application, identification, and address verification. I went into the branch to see if it was a quicker solution/process. XXXX of the branch members sent out all of the documentation XXXX months ago. XXXX weeks later I reached out to Citibank to get a status and to withdraw the funds and close the account. They told me they did not receive any documentation and I would have to mail it again, or fax it, or have the branch member reach out to them. I faxed it, and the branch member reached out to them. As of today, they are saying they still do not receive any documentation even though, I have the receipt of the fax successfully going through. They would not let me withdraw my funds and close this account. This has been the longest process I have ever had to go through with a bank and I just want my funds.	Credit reporting	26925	2026-10-07 11:10:35
160	I'VE BEEN TRYING TO GET THIS ACCOUNT REMOVED FROM MY EXPERIAN CREDIT FILE FOR SEVERAL MONTHS NOW AND THEY KEEP TELLING ME THE CREDITOR VERIFIED THAT THE ACCOUNT BELONGS TO ME BUT I'VE NEVER RECEIVED ANYTHING BESIDES A BILL WHICH DOES NOT BELONG TO ME. THEY KEEP CHANGING INFORMATION RELATED TO THE ACCOUNT WHICH I'VE INCLUDED WITH THIS COMPLIANT. THE ACCOUNT HAS ERRORS WHICH IS A VIOLATION ALSO.	Credit reporting	27341.9	2026-10-07 11:10:36
161	I had a online payday loan with XXXX a few years ago after making several payments, I fell behind on making payments. I started to get harassing phone calls at home, work and also friends and family started getting calls regarding this loan after a while they stopped. On XXXX 2016 I noticed a collection on my credit reports from Midwest Recovery Systems for {$2200.00}, they never sent me any paperwork validating the terms of this loan or the amount owed. I only borrowed {$800.00} and I paid most of that back.	Debt collection	25246.7	2026-10-07 11:10:37
162	Homeowner 's insurance is due XX/XX/year>, I checked online with the insurance company and saw that payment was still due. I then called the mortgage servicing company to inquire if payment had been sent and was told a multitude of things by the first representative. I had called the mortgage company at approx. XXXX on Tuesday XXXXThe representative proceeded to tell me that my insurance was not paid because they do not pay condo insurance from an escrow account. This is not a condo but an HOA and is covered by an HO-6 policy. She then told me that they are not paying the insurance from escrow because it is force placed by the mortgage company ; this is not so as the insurance is current from the payment that was sent from the same escrow last year. She also stated that because we had PMI removed from the loan, that the company would no longer escrow our home owners insurance. This made no sense so I asked for a supervisor call back that evening for XXXX or after. I never received a call. \n\nI called back into the mortgage company on XX/XX/year> at approx. XXXX and spoke to XXXX XXXX He then informed me that insurance was not being charged to us or escrowed from our payments. This thoroughly confused me because for the past 20 years we have always had our insurance taken care of thru escrow. I asked for a supervisor escalation/call back again and never received any other communication from the mortgage company. \n\nI went onto their online banking for my mortgage loan and requested several documents and copies of my original mortgage that I have yet to receive. \n\nThey should not be allowed in any way, shape or form to change the terms of my loan. They are simply there to service it. Now my homeowner 's insurance is going to be delinquent and is causing a great hardship.	Mortgage	26796.6	2026-10-07 11:10:38
163	During COVID loan forbearance we made a large payment that we later found wasnt required. Since XX/XX/year> we have been requesting a refund on this payment as outlined under the XXXX XXXX. We call back consistently, wait for hours on hold, months for it to process, and we still have not received this refund : This is far and above unacceptable practice for anyone, but especially for a federal student loan services.	Credit reporting	22171.5	2026-10-07 11:10:39
164	I have repeatedly disputed inaccuracies on my credit report From XXXX  and transunion. \nI have agencies on my report that are reporting late payments and inaccuracies from chargeoff account that where sold to secondary agencies These bureaus have repeatedly ignored consumer laws that protect consumer from bureaus and furnishes that try to take advantage of consumers Fair credit reporting act states that if a item can not be verified within thirty days it must be removed, if proper verification such as original contract from a collection agencies can not be shown that account does not have proper verification and must be removed and if a secondary bureaus use false or misleading information to obtain settlement for accounts and collections which was done those closed accounts should be removed and not still be reporting on my credit report Transuion and XXXX  have repeatedly violated the fair credit reporting act	Credit reporting	22957	2026-10-07 11:10:40
165	We bought a new house in XX/XX/XXXX We began paying our mortgage in XX/XX/XXXX. In XX/XX/XXXX from our escrow statement our taxes changed a little. We continue to pay our mortgage on time ( also about {$400.00} extra each month towards principal ) until now. Today a received our escrow statement and our escrow account is {$12000.00} short. I have no clue how it could be this short. There is now way we can come out of pocket for this amount at this time. They also gave us an option to spread it out over the next 12 months but that is also impossible as it would double our monthly payment. Someone clearly estimated our taxes and we now have no way of paying it. If it would have been correct from the beginning we could have been paying the correct amount each month and not be in the unfortunate situation.	Mortgage	21495.5	2026-10-07 11:10:41
166	I was promised to be helped with getting an auto loan for a Vehicle. Ive never received the vehicle but the loan has been taken out in my name. The other accounts & inquires that were made were not of my knowledge as well to. I am not aware of the suspect that is stealing my information & using against me.	Debt collection	21793.5	2026-10-07 11:10:41
167	Lease paid in full - title obtained- went to XXXX XXXX XXXXXXXX for the buyout. Have since paid XXXX XXXX XXXX in full and GM Financial goes ahead and reports me late. This lease was paid in full last year. This is probably the XXXX issue in the last 5 years I've had with this company.	Credit reporting	21380.5	2026-10-07 11:10:42
168	On XX/XX/XXXX, I was surprised to discover that Apple Card had decreased my credit limit without any prior notice. The company insist I was notified by email prior but as of XX/XX/XXXX I have still yet to receive any correspondence from Apple Card. I have requested the company submit documentation verifying prior notice was communicated which they have refused. In speaking with a Apple Card Specialist I was advised this action was taken in response to a charged-off account that was reported to XXXX on XX/XX/XXXX. I want to emphasize that I have maintained a strong payment history with Apple Card, never missing payments, and consistently paying more than my minimum required balance. \n\nThe sudden reduction in my credit limit not only caught me off guard but has also posed financial challenges. This reduction could potentially lead to an increase in my credit utilization, which, in turn, may adversely affect my credit score. The domino effect of a lower credit score could lead other lenders to perceive an increased risk and subsequently lower the limits on my other credit cards. This situation is a cause for concern as it can have lasting consequences on my financial health.	Credit reporting	22279.8	2026-10-07 11:10:43
169	XXXX5 usc 1692 ( A ) ( 4 ). Debt can not be transfered to another company without my consent. My original loan was through severn bank. Pennymac took control of my loan, without my consent shortly after the purchase of my home.	Debt collection	20654.4	2026-10-07 11:10:43
170	XXXX XXXX XXXX XXXX XXXX XXXX XXXX XXXX XXXX, XXXX, XXXX American Express XXXX XXXX XXXX XXXX XXXX, TX XXXX XXXX : DISPUTE/CLIENT RESOLUTION XXXX RE : ADVERSE ACTION DATED XX/XX/2022 Recently, I, XXXX XXXX was denied an extension of credit by American Express On XXXX applied for The Platinum Card As you may be aware, it is against federal law in accordance with Equal Credit Opportunity Act to proclaim an adverse action against a consumer. Pursuant 15 U.S Code 1691 ( C ) and you assume civil liability pursuant 15 U.S Code 1691 ( K ). American Express has violated my federally protected consumer rights : 1. 15 U.S Code 1642 2. 15 U.S Code 1681M 3. 12 CFR 1002 Since the letter you sent me is both a proof and evidence that I have been discriminated against, you are also criminally liable. American Express should resort to reasonable procedures to rectify this affair and compensate me for the use of my social security number. Otherwise, this would be considered an unauthorized use since I have received NO BENEFIT. Following this initial attempt to rectify, I will be sending an invoice to collect actual damages for said violations. \nBEST, XXXX, XXXX L Without prejudice, all natural inalienable rights reserved.	Debt collection	21807.6	2026-10-07 11:10:45
171	I paid for flood insurance in timely way and provided proof of coverage to Webster Bank as requested. They nonetheless charged me for forced placement and disbursed from my escrow account payment for an additional flood insurance policy more than twice as expensive with no authorization from me or legal justification. \n\nHere are the relevant dates : Purchased Flood Insurance on XX/XX/XXXX for {$1000.00} ( canceled check attached ) ; Provided Webster Bank proof of coverage on XX/XX/XXXX ( copy of email communication to Webster Bank attached ) ; Webster Bank  disbursed from the escrow account in connection with my mortgage forced placement of an additional flood insurance policy for {$2200.00} ( mortgage statement attached ).	Credit reporting	22252.5	2026-10-07 11:10:45
172	The XXXX XXXX XXXX Tradeline is inaccurate. \n\nThe Account Type - is not a Credit Card, it is/was Flex Spending The Terms - is N? A and should be Monthly, making this account incomplete The Payment History is wholly inaccurate - it has a 30 day stamp XX/XX/2016, when today is XX/XX/XXXX - and they were PAID in XX/XX/XXXX, making this account inaccurate The PAYMENT HISTORY is missing for XX/XX/XXXX, making this account incomplete and in direct contradiction to a 30 day Late Stamp The BALANCE History is missing for XX/XX/XXXX, making this account incomplete and in direct and in direct contradiction to a 30 day Late Stamp The Closed Date/Date of Status - is inaccurate. \n\nPlease verify the Account details - and update the account, or delete the tradeline.	Credit reporting	21195.7	2026-10-07 11:10:46
173	I've received a copy of my Chexsystems report and saw fraudulent accounts reporting without my permission or consent I demand these accounts to be removed immediately Due to FCRA Law Violation for A Consumer.\n\nSection 605B of the Fair Credit Reporting Act ( FCRA ) gives consumers the right to block fraudulent information from their credit reports. This includes information that the consumer believes was the result of identity theft. 15 USC 1681B Permissible Purposes 15 USC 1681 ( B ) Disclosure, 15 USC 1681Q- any person who knowingly and willfully obtains information on a consumer from a consumer reporting agency under false pretenses shall be find under TITLE 18, XXXX for not more then 2 years. \n\nXXXXXXXX XXXX XXXX XXXXXXXX XXXX Amount : {$210.00} Closure dateXXXXXXXX XXXX XXXX XXXXXXXX XXXX Amount : {$980.00} XXXX	Credit reporting	21863.3	2026-10-07 11:10:47
174	i was sent me money through Chime in XX/XX/2022 I just wanted to withdraw funds but chime created an account for me and sent me a debit card I never activated. I tried to get out the funds this week and then a couple days ago get a letter that they closed my account. They are also refusing to give me my money back. I wrote them and they said Your account has been closed by Chime and is not eligible for a refund. \n\nI wrote them and gave them all information they requested and they refuse to return my funds	Money transfer or service	22544.7	2026-10-07 11:10:48
175	Following SunTrust Banks repeated mismanagement of our escrow account, My wife and I have been trying to get the bank to close the escrow account since XX/XX/XXXX. They have refused to do so. \nOn XX/XX/XXXX SunTrust sent a letter stating six ( 6 ) requirements needed to be met before they would remove  the escrow account. \nOn XX/XX/XXXX we sent a letter by Registered Mail to  SunTrust showing that all 6 requirements for closing the escrow account had been met and again requesting that they close the escrow account. \nThe registered letter was received by SunTrust on XX/XX/XXXX as evidenced by the registered return receipt. \nAs of XX/XX/XXXX SunTrust has NOT responded to our letter and has NOT closed the escrow account.	Mortgage	23382.5	2026-10-07 11:10:49
176	XXXX XXXX XXXX XXXX XXXX XXXX XXXX, Ohio XXXX XX/XX/year> Midland Credit Management , Inc XXXX XXXX XXXX XXXX XXXX, CA XXXX RE : Cease and Desist Demand for Collection Activities Account Number : XXXX Dear Midland Credit Management , Inc, I am writing to formally demand that you cease and desist all communication and collection activities related to the alleged debt referenced above. Under the Fair Debt Collection Practices Act ( FDCPA ), 15 U.S.C. 1692c ( c ), I have the right to request that you stop all contact with me regarding this matter.\n\nThis letter serves as my formal notice to exercise that right. Effective immediately, you are prohibited from contacting me at any time or through any means, including but not limited to : Telephone calls to my home, work, or mobile phone.\n\nWritten correspondence sent to my home or email address. \n\nAny form of communication with third parties, including my employer or family members, regarding this matter.\n\nBe advised that failure to comply with this request may result in legal action against your agency for harassment and violation of the FDCPA. Additionally, if you believe this debt is valid, you may only contact me to provide verification of the debt or to inform me of specific legal actions you intend to pursue.\n\nPlease confirm in writing that you have received this cease-and-desist request and that all collection activities and communications will cease immediately. All future correspondence should be directed to me exclusively in writing at the address provided above.\n\nThis letter is not an acknowledgment of the validity of the alleged debt, nor is it a waiver of my rights under federal or state law.\n\nThank you for your prompt attention to this matter. \n\nSincerely, XXXX XXXX XXXX	Debt collection	24415.5	2026-10-07 11:10:51
177	Equifax, and XXXX has been violating my rights under The Fair Credit Reporting Act ( FCRA ), 15 U.S.C. 1681 et seq. I am seeking {$1000.00} per violation for : Damages for a Willful Violation 15 U.S. Code 1681n - Civil liability for willful noncompliance Damages for a Negligent Violation 15 U.S.C. 1681o I asked several times for my credit report to be properly reported, and my demands have been neglected. In my most recent credit dispute, i specifically highlighted the accounts i was disputing, but instead Equifax, and XXXX deleted other positive accounts that i did not include in my dispute, and verified the accounts i disputed as accurate, without a complete report. They Deleted my XXXXXXXX XXXX XXXX XXXX XXXX XXXX XXXX accounts which I've had for at lease 4 years, over 7 years for my auto loan account. I have asked several times for proof of investigation, and proof of method of verification, and also my demands have been ignored or neglected. They are willingly neglecting me, damaging my image and personality by improperly reporting my credit, and getting me denied for applications. I was recently denied a rental application because of this. I am unable to obtain any other items because I get told I don't have any old accounts on my credit, and it has tremendously affected my life, to the point my family and I are homeless. I am seeking {$1000.00} per violation.	Credit reporting	24246.2	2026-10-07 11:10:51
178	I found a negative account on my credit report from Paypal synchrony bank. I explained to them that this is not my account. I had identity theft and I asked for something with a physical signature showing that I opened this account. Despite them not being able to provide the proof, having the wrong name and address they still refuse to remove this from my credit file and I have submitted this to all three credit reporting agencies with no improvement. Per fair credit reporting regulations, they are required to report accurate information And they are not but still will not remove this from my credit file. Then they keep changing the status on the act and it keeps affecting my credit score.	Credit reporting	24122.5	2026-10-07 11:10:51
179	The Single Point of Contact Department for Caliber Home Loans , Inc., located at XXXX XXXX XXXX XXXX XXXX, Ok. I applied for a modification on my loan XX/XX/2020 due to illness ( XXXX XXXX ), they denied me due to my income. I am a XXXX XXXX XXXX with my daughter, XXXX XXXX, who is a XXXX XXXX XXXX with XXXX XXXX. We do XXXX XXXX XXXX XXXX, we have a XXXX  XXXX  on the XXXX   which we should net $ 80K plus upon XXXX. I did an appeal requesting an extension until I sell the XXXX  and will be able to catch up my mortgage, approximately $ 20K, I haven't made a payment in 5 months XXXX XXXX, back on XXXX which my daughter is my Care Taker and have not had time to dedicate to XXXX  XXXX  due to helping me. Now that I am settled and doing better she is back to work. \n\nI filled for a Modification XX/XX/2020 and was denied due to my Income. I filed an Appeal in XX/XX/2020, they denied me again sending me the same denial letter stating not enough income. I sent them a copy of the proposed buyer contract showing the figures at Settlement. When settle I will have more than enough to catch up my mortgage and keep it up, my daughter will be helping support me. I don't think the Single Point of Contact Department Team even read my supporting material I sent. It is obvious I will have enough to catch up my mortgage and keep it current, all I am asking for is a little time so I can go to Settlement. Thanks for your time and consideration.	Credit reporting	24918.3	2026-10-07 11:10:53
180	I owe a debt to my old university of a few XXXX dollars, basically for the past 2 years Ive been called non stop it used to be once a month then once a week then daily now its 2-3 times a day, Ive paid some of it before but I dont even see the debt on my credit report and its supposedly in collections Ive told them I just cant afford to pay on it at the moment but its just constant with these people calling me.	Debt collection	24119.6	2026-10-07 11:10:54
181	13 overdraft fees charged to my account for transactions that are DOUBLED, listed as both gone thru and then listed again as pending!\n\nAlong with my overdraft protection has been turned off, so my fees are {$36.00} instead of {$12.00} each!\n\nTransactions with no name or identification, with amounts we never spent!\n\nNO EXPLANATION!!!!!! NO RESOLUTION!!! \n\nI am being charged fees for transactions that should not even be there!	Credit reporting	23278.2	2026-10-07 11:10:54
182	My name is XXXX XXXX XXXX, but I was XXXX XXXX in high school which I never graduated from XXXX. I since have had my XXXX change at XXXX I 'm now XXXX, I still never got my highschool degree nor GED and I 'm being harrashed about paying this back	Debt collection	21352	2026-10-07 11:10:55
183	I was Appling for a loan for a small business and I was informed that I had late payment from a company called XXXX XXXX in which I didn't know because I had set up a payment plan with the company that XXXX XXXX bought the account from. I had the account set up on automatic payment, so that I would never miss a payment but XXXX XXXXXXXX bought the account and I didn't know and was not informed, so all this time I was thinking I was making payment, my account was getting hits for being late. My credit was hit from XX/XX/XXXX of the month of XX/XX/XXXX to the month of XX/XX/XXXX. I have current made taking care of all the late fee and now I am current.	Credit reporting	21947.9	2026-10-07 11:10:56
184	Receive calls multiple times a day from XXXX, XXXX XXXX. It is as recording saying I owe money and to stay on the line. I have never owed money anywhere. This is harassment for something I do not owe. Could be a scam trying to collect money.	Debt collection	21860.1	2026-10-07 11:10:56
185	I applied for Chase XXXX XXXX credit card with promotional bonus XXXX points with requirement to spend {$5000.00} during 90 days. I spent {$6000.00} during that time but did not received bonus. When applied for card nobody told me about it ( I filed standard form online ) for my request I received FIRST LATTER IN 4 months that I was approved WITHOUT BONUS. I would never agreed to obtain that cart without bonus and after all they charge {$95.00} annual fee like for customers who received that bonus. I believe this situation involves a lack of clear disclosure and request fair solution	Credit reporting	21670.6	2026-10-07 11:10:57
186	XXXX XXXX responded to a credit alert from XXXX and responded to dispute this matter from Midland Funding Management for 3,0000 estimate amount She responded through XXXX and their investigation remove them MCM and updated it .Then MCM sued XXXX XXXX through Civil Courts and hoping that XXXX would not show up in court. XXXX Appear and Judgment unfair award to them because Judge would not allow our proof and he focus on the Bill of sale of XXXXXXXX XXXX and MCM which wasnt contacted to XXXX XXXX only the Letter to be sue. Through XXXX contacted them about this matter before being sue the Account by XXXX had delete them off XXXX XXXX record proving possible fraud.	Debt collection	21131.8	2026-10-07 11:10:58
187	I have requested validation and verification of this debt and nothing was sent as far as actual debt history and detailed bill transactions. Only says debt verified but nothing was sent to me as far as actual debt and signature or any proof I have never had a XXXX card	Debt collection	21275.3	2026-10-07 11:10:58
188	I tries to open a cpinbase account on a new email address because the email I had used to sign up to coinbase wasn't going to be used by me anymore. Because of this simple thing coinbase banned my account. I have tried to get it opened again by coinbase but they answer my tickets ( about 6 now ) by stating that they can not help me and the can not tell me why and to try to open another ticket in a month. It has been almost a year now ....	Bank account or service	21333.5	2026-10-07 11:10:59
189	I paid on time with good credit until Synchrony Bank and XXXXXXXX XXXX went up on my credit cards from 24.99-29.99 % to 33.99 %. All the information the can say to me is that consumer interest went up, but not 16 % more. So now my credit is shot and now I cant pay them. My payments went up from XXXX to XXXX more a month due to the unreasonable interest rates increase.	Credit reporting	21775.3	2026-10-07 11:10:59
190	In 2010 I had taken out a private loan from Sallie Mae for a cheap vehicle to possibly continue my education at XXXX XXXX University in XXXX WV. I was currently taking online courses in XXXX  XXXX. After Sallie Mae closed it's doors I was transferred to Navient/XXXX. I fell into default after years of struggling to repay. I had my tax refund of over {$3000.00} offset a few years ago which has effected me tremendously to this day. So now and for years previous, my credit score is the worst, I wasn't able to get any type of help through Navient aside from refinancing through XXXX, I actively have XXXX   XXXX  XXXX  and my grants are exhausted preventing any chance of going back to school. Trying to get back on track but it's been next to impossible for the past 9 years '. Non accredited school that is now closed..and a loan servicer who set me up for failure before they were shut down. Not sure if this is even the correct place to go to for help, but I need it.	Consumer loan	22426.6	2026-10-07 11:11:01
191	The home secured by the loan burned down, and Freedom Mortgage has been holding all of the insurance funds in escrow. They refuse to return the amount to rebuild or even the overage above the outstanding loan amount. The mortgage company has stolen thousands of dollars from us before, so we were wary of sending them the check, but when we were assured that they would process the amount, and send back the overage we sent them the check. They have been holding the entire amount including an overage of about {$100000.00} with no communication.	Mortgage	22865.7	2026-10-07 11:11:01
192	Requesting back up from Franklin Collection service Clearly they just purchased this debt from another collection agency that was recently removed from my credit reports due to not providing the information to verify this debt. \n\nAs stated in the attached letter- I am requesting detailed back up for the {$230.00} debt that is being reported on my credit report If you can not provide back cease all collection attempts and report from my credit report AGAIN immediately.	Debt collection	21055.4	2026-10-07 11:11:02
193	After two years Bank of America still havent returned the funds that was mistakenly deposited into my account and was supposed to go into my business account, today XXXX XXXX I just found out today that Bank of America is still holding {$25000.00} of the SBAs money and will not return it! After I was informed by them back on XXXX XXXX that they were waiting on SBA to inform them what they wanted them to do with the funds! But the SBA informed me they never received any information from Bank America on this matter of them holding the funds XX/XX/2023! All I wanted them to do was give the {$25000.00} back that is it! What is so hard about this it was a small mistake of wrongful account numbers which both account numbers are mind but they closed my checking account with bank America because they thought I was trying to commit fraud! Which wasnt the case I am not a criminal I worked hard for everything I have and own! This mistake has went on too long! I thought this was over two years ago but Bank of America refused to return funds that do not belong to them please return the {$25000.00} back to the SBA! That is all I want I encourage you to stop this madness! I reported this matter before and nothing was done! I want this matter resolved immediately	Credit reporting	22068	2026-10-07 11:11:03
194	i became XXXX during the time i had the vehicle. \nthe vehicle was reposessed at my probation office. \ni was XXXX for 15 months and the vehicle went to auction. \ni know the vehicle was sold and i am trying to get this item off of my credit report	Credit reporting	20314.3	2026-10-07 11:11:04
195	XX/XX/2022 I went into XXXX XXXX XXXX Nj for a vehicle. I ended up filing a police report and returning the vehicle for fraud. I explain to the agencys that XXXX XXXX was only going through XXXX XXXX for loan. They didnt, they used multiple banks! The dealers ships used XXXX bankXXXX XXXX auto finance ( car dealer, XXXX  is the owners last name ). I have multiple inquirys from the same bank days apart. I have submitted my proof and even contacted FTC and filed a identity theft report. TransUnion has not let me dispute anything in months since I first filed a complaint.	Credit reporting	21062.6	2026-10-07 11:11:04
196	On XXXX XXXX I went to BOA to deposit a cashiers check. I asked the teller if I could withdraw {$500.00} of that.. he said no, that the cashiers check would not be available until the following day. He did say he could give me the check back and I could go cash it at the bank it was from. I was running late and said the next day was fine. The next morning, I checked my account and found a hold was placed on the check until XX/XX/XXXX. After 3 transfers to supervisors.. I was told the information I was given was wrong and there was nothing they could do. I have {$2.00} to live on for this time. I was even told that their tellers do sometimes give out inaccurate information but they could still do nothing. They wont even release a portion of the check. Cashiers check are supposed to be guaranteed.	Bank account or service	21184.6	2026-10-07 11:11:05
197	I have written 3 dispute letters to the following company to validate and verify the debt they claim I owe them. They have failed to respond to me in writing in the 30 days allotted by the FCRA. \n1. ) XXXX XXXX XXXX 2. ) Conns XXXX XXXX. \n3. ) XXXX XXXX XXXX 4. ) XXXX XXXX XXXX XXXX TX	Debt collection	20461	2026-10-07 11:11:06
198	On XX/XX/year>, I deposited {$450.00} in cash into a Chase ATM. The machine malfunctioned and did not deposit the cash. I filed a claim for the {$450.00} but mistakenly only asked for {$200.00} of it since I at the time believed that my tax return was part of the deposit ( they had told me that part of it may show up in my account ) and the tax return was not labelled in my account transactions. I didn't realize this until much later, and when I tried to update the claim to deposit the missing {$240.00}, they told me that since more than 6 months had passed, they can not do anything. Even though it was their fault that this happened in the first place.	Bank account or service	21013	2026-10-07 11:11:06
199	I disputed an unauthorized charge on my debit card from a landscaping company. I had authrozied a one-time charge from said company a few weeks prior for a single mowing service. The company then came out XXXX wees later and mowed again while i was not home, and charged my card that i provided for the intial service {$81.00}. I never signed a contract for service and I nevered authorized an {$81.00} charge. Because the company had my address and card number from the initial service, Chase said that they were authorized to continue charging for services that I never authorized.	Credit reporting	21518.9	2026-10-07 11:11:07
200	We have this Citi checking account ending in XXXX, that is linked to a brokerage account. The average monthly balance required to avoid the monthly fee in {$1500.00} in all combined accounts, and our combined balance in both accounts is well above this number. However, Citibank keeps charging a XXXX XXXX monthly fee each month. We called last month, and a rep acknowledged that everything was correctly set up and linked and the fee should not apply, and he removed the fee. However, Citibank charged the fee again this month. Upon speaking with a rep, she is saying that she is unable to access our account and then hung up the phone on us, when we asked her to close the account.	Bank account or service	22204.4	2026-10-07 11:11:08
201	They put my loans in administrative forbearance because they didn't bill me. then they sent an incorrect bill amount ( didn't include all my loans ) and made the bill due in less than a week from when they sent the billing statement.	Credit reporting	21478.9	2026-10-07 11:11:08
202	I paid off my Best Buy card.I realized there was a reoccurring charge of {$20.00} continuously being added to the card every month Ive called ( on phone long hours ) citicard l, Ive called Best Buy several times they said they would remove it continues to show up. I dont know what its for theyre saying its for XXXX XXXX subscription for a tv, but I never signed up for anything. I was told its been there every month since i purchased the tv. Again I didn't signup for anything, I have asked to please remove, they continue to add it and now late fees, its now affecting my credit score. They both are now giving me the run around saying its the other entity ( citicard or bestbuy ) responsible to remove it. This is impacting my credit negatively and i feel abused by them. It went from XXXX balance to XXXX {$80.00} this is fraud and i will not continue to pay for something I didn't authorize or buy. And it seems like i have been paying for this for over two yrs now unknowingly. I closed the acct and they are still upping the bill and now harassing calls for payment	Credit card	22488.5	2026-10-07 11:11:10
203	On XXXX XXXX I deposit a U.S. Goverment Check for {$1800.00} for social security backpay after this I asked the bank teller when will my funds be available she said right away then I made several transactions but not totaling {$1800.00} and one XXXX I received a direct deposit for {$520.00} for my SSI Deposit again I made several transactions but not totaling {$520.00}. I have tried and tried to notify this bank of this error but to no resolution.	Debt collection	20685.4	2026-10-07 11:11:10
204	For approximately eight months, I have repeatedly encountered errors when attempting to transfer funds from my U.S. Bank checking account to external financial institutions ( e.g., XXXX  XXXX, XXXX, XXXX, XXXX XXXX ). The system consistently returns the same message : Were experiencing some issues. Please try again later. \nHowever, when transferring funds between my own U.S. Bank accounts such as from personal to business or to my U.S. Bank credit card, the transfers process successfully and without delay. This strongly suggests the problem is not on my end, but rather a system-level restriction on outbound transfers. \nI have contacted U.S. Bank on multiple occasions to resolve this. The only guidance Ive received is to physically visit a branch an unreasonable expectation for standard digital banking functionality, especially for a business owner. \nI am requesting a formal explanation : Why does the system fail only when transferring funds out of U.S. Bank to other institutions? \nWhy is there no resolution after eight months of consistent failure? \nIs there any internal policy limiting outbound transfers that has not been disclosed to the customer? \nI have screenshots documenting this issue, including one from today. This ongoing disruption impacts my ability to operate efficiently and undermines confidence in U.S. Banks online systems.	Money transfer or service	20617.1	2026-10-07 11:11:11
205	Complaint Against : Midland Credit Management # XXXX My Name : XXXX XXXX XXXX XXXX Address : XXXX XXXX XXXX, XXXX, CA XXXX Date of Birth : XX/XX/year> Last 4 of SSN : XXXX What is your complaint about? \nMidland Credit Management is trying to collect on a debt that was already taken to court by XXXX XXXX XXXX years ago. I was sued and XXXX won the case by default because I was not able to go to court. Since XXXX already obtained a judgment for the same XXXX debt, I do not understand how Midland is now attempting to collect on what appears to be the same account. \n\nI never received any documentation from Midland showing that they own this debt, and they have not provided me with any proper validation. This feels like an attempt to collect twice on the same account, which is not only confusing but possibly illegal. \n\nI believe this may be : A false or misleading representation under the FDCPA, 15 U.S.C. 1692e, An unfair collection attempt under 15 U.S.C. 1692f, A failure to provide required debt validation under 15 U.S.C. 1692g ( b ), And possibly a violation of the FCRA, 15 U.S.C. 1681s-2 ( b ), if Midland is reporting this to the credit bureaus inaccurately. \n\nI am asking the CFPB to help me by requiring Midland to : Prove that they have the legal right to collect on this debt including a full chain of title and documentation from the original creditor ( XXXX ), Stop all collection activity until they can fully validate this debt, Remove any credit reporting from my credit reports if they can not verify their right to collect. \n\nI also request that the CFPB investigate this situation, as I feel this is not fair or lawful. \n\nThank you. \n\n\nXXXX XXXX XXXX XXXX	Debt collection	21873.7	2026-10-07 11:11:13
206	Navy Federals XX/XX/XXXX denial says you accepted the amount charged when receiving the merchandise or services and that it can not proceed without a merchant credit acknowledgment. The packet directly challenges that reasoning : no merchant credit acknowledgment exists because the merchant never promised a refund, and your dispute is for digital services not delivered as agreed, not for a promised credit that failed to post.	Credit reporting	21110	2026-10-07 11:11:14
207	i start trading cryptocurrency with COINBASE in XX/XX/XXXX, make several transactions deposit and withdraw with no issues till XX/XX/XXXX, someone compromise my account and change password and email for my account and tried to make 2 other purchase using my bank account XXXX, but thank GOD i could dispute those transactions because they were still in pending, tried several times to contact Coinbase customer support via email and phone to fix this issue but no aim, no-one get back to me except for first time to provide steps to reset password but when i try to tell them that hacker change Email for my account to his, they stop responding and never get back to me after that, the hacker took {$14000.00} from my account in 5 different transactions cleared from my bank account as shown below : XX/XX/XXXX {$3000.00} XX/XX/XXXX {$2600.00} XX/XX/XXXX {$2500.00} XX/XX/XXXX {$2800.00} XX/XX/XXXX {$2900.00} i really need my money back my case # XXXX username : XXXX thank you	Debt collection	21719.1	2026-10-07 11:11:15
208	This medical bill is not mines and I have contacted the necessary companies and explain that I would like this information removed due to the hindrance it is causing me. \nIn addition the information Is being reported inaccurate on XXXX and XXXX.	Debt collection	15706.1	2026-10-07 11:11:15
209	Acura Financial Services phone # XXXX, have reported to all credit bureaus my account 30 days delinquent in XXXX twice, I have never been 30 days past due for this account, loan paid off back in XXXX. I spoke with XXXX from call center on XX/XX/XXXX and he reviewed account with supervisor XXXX, yet he was unable to provided me with supervisor contact information because they do not take calls which seemed unprofessional. I tried to refinance my loan with XXXX XXXX XXXX XXXX and was denied simply because I seem to be a risk due to XXXX fault.	Credit reporting	15493.6	2026-10-07 11:11:16
210	On XX/XX/XXXX I received an alert from my credit card alert that an inquiry was placed on my credit report. The creditor was a collection agency from Sunrise credit. I called the number that was attached to the inquiry because I did not recognize the account. A representative said it was from XXXX XXXX XXXX XXXX  and they sent me a letter, which I did not receive. I told the representative that I moved out of state and did not receive the letter. She said that it was from XXXX XXXX XXXX and I have to pay it and I asked her the amount of the debt and asked can she send me the details. I did agree that I use to have XXXX XXXX XXXX but the amount mentioned was not correct so send me details. She said if you know you owe them than you had time to pay before it came to their office. I explained that I moved and did not receive a call nor letter from anyone in last 8 months. I did mention I owed XXXX XXXX XXXX {$400.00} not {$800.00} and I was willing to settle for the {$400.00} and she said no because I had time. So I said I will not pay until she send me details and she said it will continue to report even if she sends it. Remind you, I called and I gave them my updated address .. next day I received another inquiry on my credit on XX/XX/XXXX so thats 3 times within one week on the same credit bureau XXXX and the other two credit report companies as well. I feel this is illegal and a threat because I called and ask for details on debt and I was willing to settle and sunrise said no. So I feel they attacked my credit report illegally and did not contact me appropriately before placing debt on my credit report. If they contacted me when they received the debt and I refused to comply than I can understand their reason BUT since NO communicated with me, than definitely no acceptable for what transpired. Please have inquiry removed immediately! They should NOT handle the situation the way they did.	Credit reporting	17192	2026-10-07 11:11:18
211	Received two American Express - AMEX gift cards. One for {$100.00} and one for {$25.00}. I have exhausted myself trying to use them and calling the number on the back of the cards. No help what so ever.	Credit reporting	17474.5	2026-10-07 11:11:18
212	A little over a month ago I started a refinance with New Rez Mortgage. My loan officer was XXXX XXXX. I have been waiting for this loan to close for now over a month. I was assigned a processor by the name of XXXX XXXX who was supposed to take care of the final collection of docs etc. I attempted to email XXXX and XXXX on XX/XX/XXXX and XX/XX/XXXX requesting some kind of ETA when the loan was going to close. XXXX would email me back telling me he was checking on everything and would get back to me. XXXX on the other emailed me specifically on XX/XX/XXXX, told me she would give me a status on my closure before she left for the day, and didn't respond back to me. Come to find out - she no longer works for the company. I have now been reassigned to a processor by the name of XXXX. I didn't this information out until AFTER I bugged XXXX yet again to find out what is going on. Now - I have emailed and called XXXX on XX/XX/XXXX and XX/XX/XXXXwith no response on a status to my loan. I have now left a message for XXXX 's supervisor XXXX DEMANDING when is my loan closing. I am anticipating $ 20,800+ back from this refi which I need to do repairs on my home. Plus, I have paid them {$500.00} for an appraisal. Where has that money gone? Where is my money? This is the third time I have refinanced and not once have I seen a refinance take this long to close.	Credit reporting	18412.6	2026-10-07 11:11:20
213	Tammac Holdings Corp was paying  XXXX  a month for  XXXX  year loan  XXXX  payments starting  XXXX  for a  XXXX  dollar mobile home.   struggled in  XXXX  so they were able to lower to  XXXX  a month with modification loan.   I email them in  XXXX  to find out when loan will be paid off and Tammac said you have  XXXX  left but with  XXXX  payments left at  XXXX  a month. So now loan has another  XXXX  years just for knocking down payment  XXXX  a month at  XXXX  from  XXXX . Its a loan modification And was to be paid off in year  XXXX . So they are saying  XXXX  payments left and that adds up to year  XXXX  roughly. So i am paying  XXXX  in interest which is completely insane or even  XXXX  in interest. All of this just to modify home for a lower payment.	Consumer loan	18605.4	2026-10-07 11:11:21
214	in a letter dated XX/XX/2020 you state details of your Forbearance Plan yet it fails to in " bold lettering '' identify the commencement date of this document, i have written two letters to your COO in reference to the inadequate information Bayview is sending to the mortgages it is servicing and the COO has refused to respond in violation of the law. Please make your Senior staff including but not limited to Bayviews president, " new '' COO and CFO send a proper letter that complies with the law with the correct required detailed information, if this inadequate format is being used please resend the proper formatting to all the customers you are servicing. \nAs of XX/XX/2020, approximately 20,000 residential borrowers were on an active forbearance plan out of the 152,353 residential mortgage you are servicing why are only 13 % of the borrowers allowed forbearance? Are you Bayview proceeding with foreclosures? Are you continuing to post fee to borrowers during this time? Since XXXX is no longer with you i advise you verify the aforementioned information notify management and take it as notice that you Bayview are not complying with the current forbearance laws.	Debt collection	17791.2	2026-10-07 11:11:22
215	On XX/XX/year> we used a Barclay Bank XXXX credit card to pay for a {$18.00} cab ride in XXXX, XXXX. We used a point of sale terminal, the credit card never left our hands. The driver told us the card didn't go through 2 times so then we paid with cash. We received an email soon afterward saying there was suspicious activity so we contacted the bank. There were 2 charges for {$230.00} totaling {$460.00}. We came to find out we were victims of international skimming scan using a modified point of sale terminal. The merchant forced an offline transaction to run a cash advance without my consent. We contacted Barclay Bank and told them we never took out cash advances. They denied our claim.	Credit card	18027.6	2026-10-07 11:11:23
216	During the week of XX/XX/XXXX I called Exeter Finance to have my title mailed to me. They told me that they mailed it to the address on file in XXXX, but I no longer lived there. They told me a lie that I only updated my mailing address a week after they sent the title. However, I have email evidence between myself and an agent of their company, XXXX XXXX, where we discuss that I'm asking for an out-of-state title transfer and I provide my current ( at the time ) address. This email was more than a year before they claim I updated my address. The company has sent me a lien release, but they refuse to cover the cost of replacing the title, which they have an obligation to provide me. After speaking with other agents of their company, they stated they would refuse to cover the cost of replacing the title.	Credit reporting	18749.8	2026-10-07 11:11:24
217	I received a letter from US Bank on XX/XX/year> stating that my APR will increase from 10.74 % to 17.74 % starting XX/XX/year>. In the later US Bank states that the increase is because too many inquiries, ratio of balance to credit limit on revolving accounts is to high, lack of recent installment loan information, and time since most recent account opening is too short. I went to different credit check agencies to verify this information including the agency that US Bank is associated with and I do not have anything US Bank is claiming on my credit report. I have XXXX late payments, 8 % of credit used, XXXX credit inquiry in the last XXXX years, age of credit XXXX years, and a credit score of XXXX. There is no reason for US Bank to increase my APR. I called their customer service and no one could explain why the APR was going up. A supervisor was supposed to contact me about this issue and hasn't.	Credit reporting	17936.7	2026-10-07 11:11:25
218	This company told me that they would do a soft pull to do a pre approval on an Auto Loan. They lied. They hard pulled my credit and then lied about it again when i called to get clarification. Only after i talked to a manager did they admit to hard pulling my credit report. They lied and negatively affected my credit score because of it	Credit reporting	18254.7	2026-10-07 11:11:25
219	Have been trying to contact Conduet/ ACS for the past several months and there are no valid numbers. I also referred to some old correspondences from ACS but none of the numbers are working. I am trying to get some information regarding a loan listed on credit report. My login information is not valid and nothing is working to help me get the information I am seeking	Credit reporting	18738	2026-10-07 11:11:26
220	I had two loans that was actively paid but during COVID I couldnt keep up with the payments. I was the only one in my household with an income. I wasnt able to continue and they was notified of that. The country was shut down but I was still penalized and now I have those negative remarks that arent properly aged. They are renewing these derogatory remarks yearly. I need to know why those wasnt forgiven when I wasnt the only individual who suffered from XXXX	Consumer loan	18553.9	2026-10-07 11:11:27
221	I have monthly payments scheduled using XXXX XXXX from Wells Fargo for the XXXX of each month to XXXX XXXX. My monthly payment is due on the XXXX of each month, so extra time to reach XXXX was allowed. My XXXX and XXXX payments were not sent until the XXXX. I have reached out to Wells Fargo and they say they did not do anything wrong, and followed my payment instructions. How can sending a payment on the XXXX be following my instructions to send it on the XXXX? You will see in the attached Proof of Payment documents that the payment was scheduled for the XXXX yet the checks are dated the XXXX. I was charged {$30.00} for the late XXXX payment, and {$41.00} plus {$2.00} interest for the late XXXX payment. I also reached out to XXXX to see if they would waive these fees and they refused. I believe Wells Fargo is responsible for these payments arriving late and should reimburse me.	Debt collection	17825.2	2026-10-07 11:11:28
222	Based on 15 US code 1681c 2 a consumer reporting agency shall block the reporting of any information in the file of a consumer that the consumer identifies as information resulted from an alleged identity theft, nor later than XXXX business days after the date of receipt. These accounts should not be furnished on my consumer report as they are in VIOLATION!! Under 15 us code 1681 b Permissible Purpose of consumer reports ( a ) in general subject to subsection ( c ) any consumer reporting agency may furnish a consumer report under the following circumstances and no other. ( XXXX ) in accordance with the WRITTEN INSTRUCTION of the consumer to whom it relates. I NEVER gave any consumer reporting agency WRITTEN CONSENT to report anything on my consumer report. NO CONSENT IS IDENTITY THEFT. as a consumer i am demanding the deletion of these accounts from my consumer report IMMEDIATELY.	Credit reporting	16989.9	2026-10-07 11:11:29
223	I hae a Citicard, Costco Anywhere card. I have tried on several occasions over the past month to get a replacement statement for XX/XX/XXXX. On each of three occassions they promised to send another one. We never received.it. It became such a problem that a supervisor gave us a XXXX dollar credit on XX/XX/XXXX. As of today we still do not have a statement. They continue to lie about sending one. It seems unfair that they can send tons of promotional material but will not email me a copy. I spoke with them again on XX/XX/XXXX and was told if I setup an online account I could see one there. Exposing my personal information to the internet is not fair either. But I need the statment so I complied. I requested it on Saturday and on Wednesday XX/XX/XXXX it was listed there but i could not open it. I called in again spent over 40 minutes on the phone and demanded it. Once again they said they can not email it they never mailed it and would not credit my account again. Why are they allowed to lie on the phone. Why are they allowed to send unwanted emails but will not send my statement. They couldn't even fax the statement. I was faxed a list of charges but on cover letter they said they can not fax a statement. The fourth lie by a supervisor. What else are they hiding and over charging for?	Credit reporting	17545.1	2026-10-07 11:11:30
224	I am disputing a debt collection on my credit report from XXXX XXXX a car that I have no knowledge of and did not authorize. I do not have driver license so it is impossible for me to have a debt with a rental car service. This account is unfamiliar and appears to be fraudulent or placed in error.	Debt collection	16771.3	2026-10-07 11:11:31
225	In XX/XX/XXXX, i purchased a dress from XXXX with the amount of {$86.00} and i paid off the balance next day at local XXXX XXXXs store. After two weeks, i returned the item and ended up have negative balance in my store credit card and my statement. I then did not make new purchase until XX/XX/XXXX. I always noticed that i have a negative balance in my account. I already tried to call the company more than three times and they always told me that i should receive a phone call from their back office regarding to my balance. The customer service agent told me that they had mailed out a check in XX/XX/XXXX and it had cashed out. But i never the check. They do not have an estimate date when the back office personnel will call me and they do no have a phone number of their back office which i will never know when should expect the call. They told me to call every other week to follow up my case. Which i did, but i never receive any updates. What they told me was they are still follow up my case. I am tried of getting the same answer.	Credit reporting	17625.6	2026-10-07 11:11:32
226	Please reference case XXXX and credit Acceptance account XXXX. Bi received a letter from Credi Acceptance legal aid XXXX XXXX. As a result we were placed in a do not call list with Credit Acceptance. But they denied any other wrong doing which is expected from such people. \nThe issue at hand is my wife has called two days in a row trying to make the payments and the representatives proceeded to verbally harass and abuse my wife. She started calling 3 days after the due date to make this payment and the recording we have on hand prove the abuse and just downright ugliness we have to endure when calling. Todays date XX/XX/2018 she calls again to make the payment and she gets off the phone in tears from the verbal assault. This is the absolute last time I report this information. Next time I am suing Credit Acceptance because we have the recording now of their abuse Ive nature to people who actually pay. I got on the phone today with a manager named XXXX and she was extremely apologetic. I made the payment and foretold her of the actions getting ready to be against credit Acceptance. They have been sued so many times due to their actions and this time those cases will be referenced and show a history of abussive communications.	Debt collection	18511.9	2026-10-07 11:11:33
227	I am to formally express my concerns regarding Zelles handling of disputes, particularly in light of the recent CFPB lawsuit. Despite using Zelle numerous times and reporting discrepancies, my financial institution and Zelle failed to investigate my claims adequately. They informed me that recovering lost funds was impossible and that tracking these transactions was unfeasible. The CFPBs findings indicate that Zelle has not only neglected to protect consumers but has also allowed repeat offenders to exploit the system, leaving user vulnerable to scams. The lack of accountability and transparency is unacceptable and raises serious concerns about consumers safety.	Debt collection	17926	2026-10-07 11:11:34
228	Dear CFPB, I am filing a complaint against American Express for failing to properly handle my dispute regarding a charge of {$890.00} from XXXX XXXX. \n\nOn XX/XX/year>, I purchased airfare through XXXX with my American Express card ( ending in XXXX ). Within hours, I discovered the wrong dates were booked and attempted to cancel through XXXX and XXXX XXXX. Both refused to assist despite DOTs XXXX cancellation rule. \n\nI then filed a dispute with American Express, providing proof that I acted within hours of booking. Amex initially placed the funds on hold but later sided with XXXX XXXX, reapplying the charge to my account. \n\nFrontiers documentation falsely categorized me as a no-show, when in reality, I requested cancellation well within the permitted timeframe. American Express failed to protect me as a cardholder and ignored the clear consumer protection laws in place.\n\nResolution requested : American Express should reverse the {$890.00} charge.\n\nAmex should improve its dispute resolution process to properly recognize DOTs XXXX refund regulation in airline disputes. \n\nAttachments included : XXXX booking confirmation. \n\nAmex dispute letters ( initial acceptance and later denial ). \n\nFrontiers no-show documentation. \n\nSincerely, XXXX XXXX XXXX XXXX.	Credit reporting	17411.3	2026-10-07 11:11:35
229	My ex boyfriend XXXX XXXX or XXXX whatever his real name is stole my information when he stayed with me the. He moved to XXXX XXXX in XXXX XXXX XXXX I only found this out after I discover he opened a credit card in my name and he even hacked my email. So I didnt know he actually opened 4 accounts one with capital one one with XXXX  XXXX one with XXXX XXXX as well as a XXXX XXXX XXXX XXXX XXXX account which were all without my knowledge or consent.	Credit reporting	16925.4	2026-10-07 11:11:36
230	I was approved for the XXXX and my loans were forgiven effective XX/XX/XXXX. I and MORE than grateful but we were told we would be given refunds for payments made over the required XXXX. I made XXXX. They said I didn't qualify for a refund because I consolidated in XX/XX/XXXX and didn't make any payments after XX/XX/XXXX but that wasn't when my XXXX payment was made. They're using the consolidation dates. I unfortunately defaulted on my loans and ended up paying a ton of money towards my student loans to where I couldn't even afford to live on my own because I had XXXX XXXX XXXX I had to move back home with my parents so I could afford to pay my student loans because they were Being taken out of my paycheck. And most of that went towards interest. I don't see how I don't get anything back after making that many payments. Is there anyway you can have them look through my history to see if they've missed any dates?	Debt collection	17734.5	2026-10-07 11:11:37
231	Im responding saying that I wont be able to pay it right way Ive been trying to find a job for months i got kicked out moved to XXXX  and couldnt find a job there so I moved back to XXXX with my girlfriend and ur grandma to find a job but still nobodys wanting to hire me I need time to get the money Im sorry for any inconvenience	Debt collection	17868.7	2026-10-07 11:11:37
232	My mortgage was transferred to Seterus Loan Servicing in XX/XX/2016, I have received only one statement that does not give clear explanation how the payments applied or how fees added to account, I have requested my statements so far nothing. I just received a notice of debt dated XX/XX/2016 it 's very vague, the itemization amounts do n't match, it 's very vague, it has transferred balance {$280000.00} differed balance {$620.00}, current balance {$210000.00}, interest {$2400.00}, late fees {$160.00}, inspections {$30.00}, valuation cost {$85.00}, total current {$280000.00}. I sent them a letter for explanation so far I not received a response. If my current principal is {$210000.00} plus deferred {$620.00} the total balance owe should not be {$280000.00}. With that said I need them to honor the current balance and the deferred payment wish comes to a total of {$210000.00}	Mortgage	18762	2026-10-07 11:11:38
233	Today ( XX/XX/XXXX ), PayPals XXXX  service announced in an email that starting XX/XX/XXXX, the company will begin mass-exposing the private contact information of all its users. \n\nSpecifically, the announcement stated that PayPal and XXXX  users private phone numbers and email addresses will be made discoverable to each other in a public directoryby defaultmeaning users personal identifiers will be searchable across both platforms unless they manually opt out. This mass disclosure of private contact information is being implemented without active, informed consent, as many Californiansparticularly older, less-technical, or occasional userswill never see the notice, let alone manually disable the setting. \n\nCrucially, the ability to transact between PayPal and XXXX  does not require public discoverability of private identifiers. A payer already knows the recipients email address or phone number by virtue of the transaction itself. \n\nThis default-on exposure appears inconsistent with the California Consumer Privacy Act ( CCPA/CPRA ) and the Unfair Competition Law ( Bus. & Prof. Code 17200 ), both of which require that personal information be used only for necessary, proportionate, and transparent purposes.	Debt collection	18535.5	2026-10-07 11:11:40
234	I am a victim of identity theft resulting from a data breach that compromised my personal identifying information, including my Social Security number. Fraudulent accounts were opened in my name without my knowledge or consent.\n\nIn accordance with the Fair Credit Reporting Act ( FCRA ), Section 605B ( 15 U.S.C. 1681c-2 ( a ) ), I submitted a formal dispute to the credit bureaus. I included a valid FTC Identity Theft Report, government-issued ID, proof of address, and a screenshot confirming the data breach that led to the theft. \n\nThe fraudulent accounts are : XXXX XXXX XXXX : XX/XX/XXXX Balance : {$2300.00} XXXX ( XXXX XXXXXXXX XXXX XXXX XXXX  Opened : XX/XX/XXXX Balance : {$800.00} I also attached a PDF copy of FCRA Section 605B with my submission for reference. Despite meeting all legal requirements, the credit bureaus have not removed or blocked these accounts, as required under federal law. I am requesting that the CFPB investigate this matter and ensure full compliance with FCRA Section 605B.	Credit reporting	19318.2	2026-10-07 11:11:41
235	I applied and received a car loan from Santander Consumer USA XX/XX/XXXX. XX/XX/XXXX I was having trouble making payments due to child support problems and reached out to Santander for help and guidance. They led me to believe that payments could be deferred and added to the end of the loan. What I did not realize was that I was modified into a simple interest loan with a balloon payment at maturity. Still to this day I have actually not been explained this product by Santander. Someone who used to work for them described what happened to me from looking at my statements. I had every reason to believe that when asking for help, Santander would have worked in my best interest, instead of using my hardship for their gain. I feel I have been deceived and have no recourse to get out of this loan. I want to make sure this does not happen to another as well as have some resolution as to how they have the ability to restructure a loan without me signing new documents or fully understanding what I was agreeing to.	Consumer loan	20251.8	2026-10-07 11:11:42
236	I closed on my house around XX/XX/2020. During the closing i was made to signed documents which states that my Mortgage was going to be {$1900.00} Monthly. And i have been making that payment for two years now. Just this month, my Mortgage has been increased from {$1900.00} to {$3500.00}. I called the mortgage company to find out why such a huge increase in my mortgage. and i was to that i have been under paying my escrow. They told me that my Mortgage was supposed to be {$2500.00} at the closing but not {$1900.00} i have been paying for the past two years. which i know is not my mistake for making under payment. I want to know what i can do because i can't afford the new payment of the {$3500.00}.	Mortgage	21109.4	2026-10-07 11:11:43
237	COINBASE. company name trades XXXX. Transfer {$250.00} FROM MY CREDIT CARD to trade XXXX. Transferring to them and trade coins has no problem. But you ca n't take money back from them. Its blocked in all possible way. No customer support Im trying to reach for 2 weeks. No reply. Cant take my money back. They made process hard to get out. Verifying my wire bank is a one of them. I do n't understand how can I verify my wire bank? They do n't explain. They simply not answering. they have all wire info from my ( chase ) bank. Nothing more you need to accomplish this task. Looking at the complains online I found similar problems with lots of people, and Im wondering how in the world they still there scamming people? Please take some steps to investigate this fraud. thanks	Debt collection	20913.1	2026-10-07 11:11:44
238	Ive disputed a {$490.00} charge XXXX times through Apple Card support for an online course I never received. Each time, the dispute is denied without a detailed written explanation, which violates Regulation Z. I want the charge reversed or a formal detailed written decision. This has gone on for over 23 months.	Credit reporting	20227.8	2026-10-07 11:11:44
239	It is about a XXXX XXXX {$50.00} card that was gifted to my daughter on her XXXX birthday, XX/XX/XXXX. \n\nLike all the gift cards i received for her birthday, i kept it until she may decide on what to use it for. \n\nWhen we tried using the card more than 2 yrs ago ( during the lockdown ) it won't work. I called XXXX ( XXXX ) XXXX at least 3x, i was just told that they can't do anything anymore. \n\nI didn't even activated that mastercard debit card. Expiration is XX/XX/XXXX.	Credit card	20479.7	2026-10-07 11:11:45
240	Albert corporation won't let me cancel my account and they keep forcing me to pay a {$XXXX} a month fee to watch my account. They also take out other money like rainy day fund. I have filed claims with my bank, XXXX to be exact, and also put XXXX stop payments on them with my bank. They keep going in under different names. I need these people to be out of my account. Thank you	Debt collection	21037.2	2026-10-07 11:11:45
241	Last year, I had my car stolen from a gas station while I was inside. You guys had mailed me two checks totaling around {$1500.00} from Huntington Bank, one for {$700.00} and the other for {$400.00}. Unfortunately, those checks were stolen. I took all the necessary steps to get my money back, including getting them notarized and sending them to Huntington Bank. Despite my efforts, Ive been waiting over a year now, and Ive spoken to Huntington Bank multiple times without any response. I just want my funds back, as Ive done everything I could to resolve this issue.	Debt collection	21571.7	2026-10-07 11:11:46
242	I am writing to dispute the following item on my credit report, which I believe is the result of identity theft : Account Name : XXXX XXXXXXXX XXXX XXXX XXXX Account Number : XXXX XXXX Date Opened : XX/XX/XXXX Date Reported : XX/XX/XXXX Description : Fraudulent credit card account I have enclosed a copy of my Identity Theft Affidavit from IdentityTheft.gov, which details the fraudulent activity, along with the following supporting documents : A copy of my government-issued photo ID as proof of my identity A copy of a recent utility bill or bank statement as proof of my address A copy of my credit report with the disputed item highlighted Under Section 605B of the Fair Credit Reporting Act ( 15 U.S.C. 1681c-2 ), you are required to block the reporting of information identified as resulting from identity theft within four business days of receiving this request.	Credit reporting	20204	2026-10-07 11:11:47
243	I have not supplied under the doctrine of estoppel by the silence, Engelhardt v. Gravens ( mo ) 281 SW715,719. I presume that no proof of the alleged debt, nor therefore any such debt, in fact therefore exists. ( please remove these accounts before I seek litigation for defamation of character ) Ally Financial balance {$92000.00}, XXXX XXXX XXXX balance {$22000.00}, XXXX XXXX XXXX balance {$810.00}.	Debt collection	20111.3	2026-10-07 11:11:48
244	Today XX/XX/XXXX I called a company back, and wanted my cc and such a month or more. Said they would refinance my loan, only to talk to one person, that they had control over my loan I signed an agreement, then called the lender ; no such deal. My lender has my loan. The company named USA Debt relief in XXXX Florida wants to lie and say my loan of XXXX will be paid off for XXXX and 240 months at XXXX asking if XXXX XXXX ; lying about deals I gave them my cc and set up payments, they reeled me in. I called back and XXXX XXXX said hed cancel the whole thing. Then, I have not heard back from him. Im going to change my account so they cant steal my money for doing nothing. Its a scam,	Credit reporting	20158.8	2026-10-07 11:11:49
245	The credit bureau is reporting that I owe {$410.00} for an account under the name "  XXXX   XXXX   XXXX   XXXX   XXXX   XXXX   ''. My report shows that it was opened in  XXXX   XXXX  with an account number of "  XXXX  ''. I have never had any business dealings with this company and do not understand why this is being reported to my credit. I have never received any bills or letters in the mail explaining that I owe this debt or even why I owe it. This is not my account and I do not have a delinquent debt with this company. I have disputed this with the credit bureau numerous tim es ( si nce  XXXX   XXXX   ) o nly to receive bogus responses saying that the account has been verified? I 've done research of my own and I even called this company using the phone number provided in the credit bureau response letters. The representatives I have spoken to can not find an account that matches my personal information. Clearly something is not right. I need this to be addressed immediately. It should not take this long to conduct a proper investigation and confirm that this account is not mine.	Credit reporting	18968.5	2026-10-07 11:11:50
246	Wednesday, XX/XX/XXXX, I attempted to transfer my points to my airline company of choice. I went in and noticed my accounts are closed and my points are gone. I called customer service line that day and the next 2 days and spoke with multiple people including a few supervisors and security like they suggested who would be able to fix my problems. The only answer I received over and over again is basically too bad so sad and there is nothing we can do. They even hung up on me as well. How rude. I expressed to them that doing so is not very professional and caring for customers, especially when my family members and I have been with them for decades and keep tens of thousands of dollars with Chase. Im very disappointed with Chase. For merely {$300.00}, they are willing to risk a customers business.	Debt collection	19292	2026-10-07 11:11:51
247	In XX/XX/2019 the previous mortgage lender transferred the mortgage to NewRez to be serviced by Shellpoint. Initially, the first electronic payment was rejected. I called Shellpoint and spoke with someone, they apologized for their error and suggested I resubmit. I did so, first with a test amount, then with the payment amount, and neither were rejected. Unfortunately, the account number on the service for the electronic payment had an incorrect digit in the number. At no time did that come up in the phone conversation or the corresponding email conversation. I continued to make payments and they were not returned. The taxes and insurance were being paid by the mortgage company. Several months later I started receiving mail that I was behind and in danger of foreclosure, but may payments continued to be accepted. I realized the error in the account number and let them know. They didn't fix anything and transferred the mortgage to another company. I have since gotten confirmation from the credit union regarding the payments and sent the information to both Shellpoint and XXXX XXXX. Nothing has been fixed and the only correspondence I have had with XXXX is some letters that say they received my correspondence and a monthly statement requesting $ XXXX that increases by {$1000.00} every month.	Mortgage	18852.1	2026-10-07 11:11:52
248	Got the loan through XXXX another company bought it out BAYVIEW bought the loan they call 5 times a day my mom is XXXX year 's old the said the would work with her the took out two payments when XXXX was on the loan, that was illegal.Overdrew her checking account she could not pay her bills and was overdraw {$300.00}.	Consumer loan	19044.7	2026-10-07 11:11:52
249	I have reported this to XXXX  marshals. There seems to be an issue accessing my PayPal account due to the fact that when accessing it an error screen comes up and then it hurries up and flips over to the PayPal. XXXX allowed to transport money or transfer from my bank account to PayPal, but I am not allowed to transfer from PayPal to my bank account. Could you tell me what this error message is and who else is using my account or is there XXXX accounts set up someone pretending to be me and My Account because when accessing the XXXX it says I have {$78.00} in the bank but when accessing my account I have XXXX. or when accessing my taxes, which I still havent received it states the company I was working for was overtaken by another company from California who decided to change my Social Security number at that time.	Debt collection	19353.4	2026-10-07 11:11:53
250	I have a Checking account with Juno ( https : //juno.finance ). In the past days, Juno 's banking services, including ACH transfers, wire transfers, and card transactions, have been disrupted. Cash services are unavailable. Juno states that this is due to issues with Juno 's banking service provider. Juno also states that the disruptions are due to issues with their banking services provider, XXXX XXXX XXXX XXXX And that, Juno is not responsible for the disruptions. They have been closely collaborating with XXXX XXXX XXXX XXXXXXXX and their brokerage partner, XXXX XXXX XXXXXXXX, to resume normal service operations. But it's already been over a week that my checking account is basically frozen.	Bank account or service	20091.3	2026-10-07 11:11:54
251	I was scammed thinking I was taking to a customer service representative from my bank I did not give out my bank information he hacked my account simply by me signing into it and then had me enter what he said was a code that would allow him to over ride my pending transaction so he could cancel it. It was actually the name of his account XXXX XXXX and it send him all my money. I did not enter an amount he actually transfered funds from my savings to my checking and took everything he even had me type in refund since that was the reason I was calling to get my money back from a transaction that couldn't be processed. But I never gave permission to transfer funds not did I give out my information, and I never transfer funds to anyone. The bank will not even investigate it even though I have the text messages to prove this guy was pretending to be the bank I even have witnesses that over heard the conversation since I had him on speaker phone. I am trying to get a court order to obtain the conversation I had with the guy pretending to be a bank representative. I also filed a police report and so far that has gone nowhere. I was scammed, hacked and this was fraud I did not authorize this and {$2000.00} was taken from me that was my rent money. I'm a single mother and that's a lot of money to me.	Credit reporting	19608.8	2026-10-07 11:11:56
252	I sent Loan Officer XXXX XXXX from XXXX XXXX  XXXX with NMLS # XXXX a buyer to get approved for a loan. \nXXXX XXXX was keeping me informed at the beginning with updates & after a while I could n't reach him and after researching XXXX XXXX closed my clients and also stole my real estate commission which XXXX never said he was a Realtor as well. That 's unethical. \n\nI have the emails as proof. Now XXXX XXXX or his president XXXX XXXX wo n't accept my calls or respond to my emails.	Debt collection	19667.2	2026-10-07 11:11:56
253	My identity has been compromised since the year XXXX. The thieves used my stolen information to open a bank account with XXXX  XXXX XXXX. I became aware of this situation on Thursday, XX/XX/XXXX after I attempted to open a checking account with XXXX XXXX. At the branch, I was denied the checking account and was informed that It was due to a negative balance with a previous bank account. Afterward, I then reviewed my consumer disclosure report on ChexSystems.com, and that's when I discovered this negative XXXX XXXX XXXXXXXX account. I have never had an account with XXXX XXXX XXXXXXXX. This situation is a significant inconvenience and has drastically hindered my ability to open a checking account. Please investigate and remove this bank account from my consumer disclosure report and uphold my rights furnished by the FCRA.	Credit reporting	19068.6	2026-10-07 11:11:57
254	I took out a loan from XXXX XXXX last year, and a few weeks ago a company by the name of Critical Resolution started calling me and my job every single day harassing me at my job. I have enough going on without someone calling me at work. I was not able to pay thins loan off so I have got it consolidated and I have told this company that and recomomended they stop calling me. They are telling me that they are going to garnish my wages if I do n't pay immediately. Over {$300.00} I have borrowed. Now they are saying I owe {$800.00}. I told them to send me to whomever they needed to.	Debt collection	19661.9	2026-10-07 11:11:58
255	By the negligence of the JPMorgan Chase Bank, N.A. mine and my daughter 's accounts were charged triple time on the a fake copy of the same check number for different amounts. It means the bank security system is completely below any standards, outdated, and unsecured. This I found out later. I immediately went to the bank branch, to try to stop any illegal activity on our accounts, but the bank allowed somebody to continue to rob our accounts for another couple days. Instead, they stop any scheduled payments I have. I now have problem with my life insurance company ; which I paid automatically for the last 24 years, and my gas, water, and equity loan scheduled payment. Because of " paperless, '' I can't find any of the companies I had payment scheduled for to let them know about the problem, and find the way to restore the payments. Also, because of my unpaid payments, my excellent credit score goes down. The amount of stress from this whole situation has caused serious health and financial problems that later prevented me from being able to work. I got late charges and loss of work because of the banks incompetence.	Debt collection	20677.8	2026-10-07 11:11:59
256	On XX/XX/2022, had an accident in my leased vehicle. My insurance company declared a total loss on XX/XX/2022. \n\nOn XX/XX/2022, my insurance company sent a check for {$24000.00} to XXXX XXXX XXXX XXXX, which was cleared on XX/XX/2022. \n\nMy lease for Hyundai was due to expire in XXXX, XX/XX/XXXX, and we were in the process of speaking with our bank to get a loan to cover the {$14000.00} buyout amount at the end of the lease. \n\nBecause the insurance paid XXXX XXXX {$24000.00}, there is a discrepancy of {$9700.00} which is in credit on the account. Hyundai refuses to pay me the difference ( the credit amount ) on the account, after giving me false information every time I have called them over the past 6 weeks. \n\nI have been told that a check will be expedited, that a manager needs to evaluate the account after 30 days, that the manager needs 5-7 days to evaluate the account, that it could take an additional 10 days to process the check and send it out, and now that they won't release the funds because it was a leased vehicle. I even asked if it could be transferred to a new vehicle purchase, and they said that was not an option.	Credit reporting	20640.2	2026-10-07 11:12:01
257	I received a letter for a short term loan from a company called Castle Payday. Having been hit with unexpected expenses, I contacted them and received a loan in the amount of XXXX and was told that finance charges would total XXXX, though high, I accepted. \n\nThe loan documents that I was able to view at that time did NOT show the " Truth in Lending Disclosure '' that is part of them now. that I would be making interest only payments totaling {$1500.00} plus the amount of the loan for a total payment amount of {$1800.00} for a {$350.00} loan. \n\nThe practice is beyond deceptive and a quick check of this company online shows many victims in the same boat as I am. I am continuing to make payments as per the agreement ( which again I was told would have a finance charge of {$120.00} not {$15000.00} ) for fear of having my credit impacted. This is a deceptive loan practice and have learned by a quick search that I am far from the only person to have been scammed by these people. \n\nA quick search of the internet showed that even though they are a " Tribal '' lending ( and I use that term to be polite ) company, that the FTC has been granted authority to go after companies that engage in these practices. \n\nIn any court, finding that a company is charging at finance charge of {$1500.00} for a {$350.00} loan totaling charges of {$1800.00} is, to the best of my knowledge, illegal.	Debt collection	21959.4	2026-10-07 11:12:02
258	Ally Financial has been charging a fee for late payment when I have been paying the amount due as shown on the online summary. So instead of allowing me to pay for the amount due and also any additional fees on the account they only allow the amounts paid to apply to the principle and do not tell you or advise you that any overpayment is only applied to principle and will not be applied to fees. They then XXXX fees based on the original infraction without telling you.	Credit reporting	20418.7	2026-10-07 11:12:03
259	A court judgment was entered on XX/XX/XXXX, establishing a total balance of {$3900.00}. This is the legally enforceable amount. However, the collection agency is attempting to collect and report a significantly higher balance ( approximately {$7400.00} {$7500.00} ), which appears to be based on a pre-judgment move-out ledger rather than the court judgment. On XX/XX/XXXX, I sent a formal written dispute requesting validation and a complete itemized accounting of the balance, including interest calculations and documentation supporting any amount beyond the judgment. A follow-up dispute was sent on XX/XX/XXXX. On XX/XX/XXXX, the company responded by providing only a move-out ledger, which does not reflect the court-entered judgment or explain the increased balance. Despite multiple requests, the company has failed to provide : A complete accounting of the balance Documentation supporting the amount being collected A reconciliation between the reported balance and the court judgment The company continues to attempt to collect and report an inflated and unverified balance. Supporting documentation is attached and labeled as Exhibits XXXX for ease of review.	Debt collection	18276	2026-10-07 11:12:04
260	On XX/XX/year>, my Cash App account was compromised after my phone and XXXX account were hacked. Unauthorized transactions totaling {$1100.00} were made from my Cash App account without my permission. I did not authorize these transactions or benefit from them. I reported the fraud the next day after regaining access to my phone and contacting Cash App. When I followed up a few days later to check the status of my claim, I was told that no claim had been filed. I then spoke with another representative who stated that a claim had been submitted but was already denied without a proper investigation. A second claim was also submitted and denied. I believe Cash App failed to properly investigate the unauthorized transactions and did not handle my fraud reports appropriately.	Debt collection	18252.1	2026-10-07 11:12:04
261	I tried to look at my statements Monday night and was blocked from the account. \nWhen I called customer service was told to go into the Branch with my card and IDs and find out. Tuesday morning XX/XX/year> went to XXXX XXXX branch and XXXX told me the account was closed XX/XX/XXXX " executive decision ''. I said that makes no sense, I have banked with TD bank over XXXX years and nobody called me, just randomly picked me? \nI told her that I have my social security deposits automatically into account and I am XXXX. I asked for a form or whatever I need to do to have account not blocked and not closed. She told me that she cant call anybody, she can only send an email. Then she told me she would call me and to go home. I got a call in an hour that she said I can get the money out and I said again I dont want the account closed and asked if the Branch manager can call, she said she would call me back and did not.	Bank account or service	19304.5	2026-10-07 11:12:05
262	XX/XX/XXXX And XX/XX/XXXX also XX/XX/XXXX on all three of these days the company refused to comply with the guidelines associated with insurance through comenity bank and the XXXX XXXX which was purchased several months before the account became late. Then on XX/XX/XXXX customer service refused to transfer the call regarding changing the statements from electronic to paper, refused to send a paper Statement. On XX/XX/XXXX the company refused to modify the issuance of statements from electronic to paper then after " fully verifying '' the man on the phone said " ALL OF YOUR PHONES HAVE BEEN BLOCKED. '' This was at the end of the call and the man was unusually reluctant to allow paper statements for the account.	Debt collection	19617.1	2026-10-07 11:12:06
263	I have filed two appeals to cash app about the closure of my account due to a terms of service violation. Cash app support will not give me any more big on exactly what term of service was actually violated. The first appeal was never addressed and I was never notified of any decision or explanation of the violation made. Today XX/XX/year>XXXX  I filed another appeal over the phone w cash app the case number is XXXX and once again the customer support could not provide any elaboration on the terms of service violation associated with my account and told me it would be reviewed and decision made within 30 days. The customer service associate was rude, extremely vague about the whole appeal process and was not forthcoming with providing me any type of reference number for the appeal case until I asked over three times.	Debt collection	20331.4	2026-10-07 11:12:07
264	At the end of XX/XX/2023, I received a bill in the mail from The Swiss Colony, but I have never had an account or placed any orders with them. I later discovered that this was likely an accidental order made by my aunt meant to ship to me, but she must have switched around the billing and shipping contact info. My aunt is older and isn't really sure what happened. What really concerns me is that Swiss Colony appears to have allowed my aunt to buy on credit ( BNPL ), but in my name. This means that they are extending credit in my name without my authorization or identity/credit verification. While my aunt knows my name and address, she wouldn't be able to complete a basic identity verification in my name. I have reached out to The Swiss Colony and let them know I didn't place this order and asked them to cancel the order and delete the credit account, but they refuse to do so without me hiring a notary and mailing a notarized letter to them. It seems rather inappropriate that they are requiring me to go to these lengths and incur these costs to verify my identity when the whole reason this XXXX bill was mistakenly created in my name is that they did nothing to verify my identity when the order was being placed.	Credit reporting	18137.8	2026-10-07 11:12:08
265	I have made serveral attempts to resolve my issue with XXXX XXXX XXXX in regards to validate the account, not the balance. I havent received know payment history or any verfication that the account is accurate and/or beloning to me. I 'm willing to assume ownership only if they provide me with sufficient evidence that this account was truly mine and proof of the payment history verifyng the amount owed is correct. I 'm concerned that this account may not belong to me, and/or the reporting to XXXX, Experian and XXXX may be inaccurate. In complaince with FCRA 623 ( a ) ( 8 ) ( D ) and acting regulations published at 74 Fed Reg 31484 ( july 1, 2009 ), this notice includes. Basis of disputed : On Experian acct # XXXX shows no payment history, only charge-off history.Open date XX/XX/XXXX, last updated XX/XX/XXXX, charged-off XXXX with last payment dated XX/XX/XXXX. XXXX shows last payment dated XX/XX/XXXX and a close date of XX/XX/XXXX with no payment history. XXXX shows only the only a open date XX/XX/XXXX with no payment history only a charge-off history. My question is how are the bureaus completing an investigations without updating the account with payment history, only a stating that it 's valid.	Credit reporting	18589.6	2026-10-07 11:12:10
266	I am writing to formally express my concern regarding Zelles handling of disputes, particularly in light of recent CFPB lawsuit highlighting, significant issues with the platform. Despite using Zelle numerous times and reporting discrepancies, my financial institution Zelle failed to investigate my claims adequately. They informed me recovering lost funds was impossible and that tracking these transactions was unfeasible. The CFPBs findings indicate that Zelle has not only neglected to protect consumers but has also allowed repeat offenders to exploit the system, leaving users vulnerable to scams. This lack of accountability and transparency is unacceptable and raises concerns about consumer safety.	Debt collection	19167	2026-10-07 11:12:10
267	The collection company opened up an account in my name to damage my credit. The company is acting from its originator XXXX XXXX. The company that opened an account in my name is called portfolio recovery in the amount of {$950.00} opened on XXXX XXXX without my permission. This was done after XXXX XXXX written off the alleged amount that they said that I owed. I had filled a complaint with the CFPB last year about the way they held back my payments to charge me late fees and interest on my credit card. XXXX XXXX   is the originator of the complaint and the alleged debt.	Debt collection	18739.6	2026-10-07 11:12:11
268	DISCOVER FINANCIAL SERVICE is reporting a fraudulent account on my credit report., see attachment. I disputed this account multiple times with the credit bureaus and with DISCOVER FINANCIAL SERVICE but the credit card company still reporting this fraudulent account. I asked XXXX to verify this account for me and they havent verify it either.	Credit reporting	17606.1	2026-10-07 11:12:12
269	This is now the third time I have had to spend countless hours with the escrow department to address egregious increase in my monthly mortgage back in XXXX and in XXXX my escrow analysis had to be recalculated which worked in my favor of a different of {$1000.00} per month. \n\nNow in XXXX they are including XXXX tax payment installments due to XXXX XXXX sending their tax bill late so of course there will be a shortage in my account when they are including an extra payment for taxes on this analysis. There should be no reason XX/XX/XXXX should be included on this analysis when they haven't paid out XXXX of XXXX yet. The current mortgage payment is {$3900.00} and they are now saying new mortgage payment is {$4900.00} again just seem egregious and not sustainable to raise someones mortgage by {$1000.00} per month.	Mortgage	17957.7	2026-10-07 11:12:13
270	I applied for assistance for the XXXX XXXX XXXX XXXX. \n\nI have a first and second mortgage on my property. The 2nd mortgage is a HELOC from PNC BANK. \nThis mortgage is in my deceased husbands name. I am trying to get help from the state of Illinois and I need a 2nd mortgage statement. \nI went to PNC BANK many times, and they say they can not give me ANY MORTGAGE statement on this account. \nBy law, if there is a debt, I am to receive a mortgage statement. All they are giving me is a payoff. This does not work the the program. I was denied the program because PNC WILL NOT give me a normal mortgage statement. \nEven if they state they charged this loan off their books, they still have a lien on my property, therefore its a debt, which I am required to receive a mortgage statement.	Mortgage	18900	2026-10-07 11:12:14
271	I am XXXXyrs old and I receive social security every month on the XX/XX/XXXX of the month because I have XXXX XXXX I use direct express to receive my money every month an I have used direct express for about 6 yrs or so well this month on XX/XX/2019 I went to pay a bill and my card was declined so I called direct express an it said we are experiencing high call volume please stay on the line or if I was expecting a payment an did not receive it to call my payee witch would be the social security administration everything was fine with them my money was posted like normal. They wanted me to try to get in touch with directexpress I waited for 3 hours on hold just to get hung up on an here it is XX/XX/XXXX an still can't get in touch with directexpress an still no money I depend on that money that is the only income I receive because of my XXXX an I have bills to pay and I think there's definitely something strange happening so I read some other people 's review 's an comments about direct express an some people were saying they got a whole month of their income an could never get it an was getting a lawyer I could never afford a lawyer an this is not right by no means I can't eat or pay my bills I sure hope I can get my social security money soon I have nothing thanks	Credit reporting	20005.6	2026-10-07 11:12:15
272	ON XX/XX/2024 I WAS RETURNING FROM AN OVERSEAS TRIP. WHILE I WAS OVER SEAS I SAW A TRANSFER FROM XXXX XXXX WITH MY ATM CARD. WHEN ARRIVE HERE IN XXXX XXXXXXXX I WAS DETAINED FOR XXXX HOURS AND MY CELL WAS TAKEN FROM ME, AS OF TODAY I HAVE NO RECEIVED MY CELL BACH ALTHOUGH NOTHING ILLEGAL WAS FOUND AND THEY SENT XXXX LETTERS TELLING XXXX THO SING AND RETURN IT TO THEM I TOOK ME ABOUT XXXX WEEKS THAT I DID NOT HAVE A PHONE. MY MONEY WAS SENT TO XXXX XXXXXXXX XXXX XXXXXXXX IN XXXX XXXX. \nI DO HAVE A FRIEND NAMED XXXX XXXX XXXXXXXX XXXX LIVING IN XXXX, XXXX PLEASE LOOK A THE SIMILARITIES IN THE NAMES OF THE RECEIVER XXXX XXXX JUST CALL ME AND TOLD ME THAT I HAVE LOST MY MONEY XXXX XXXX DID NOTHING TO HELP ME THANKS I HOPE YOU CAN HELP ME	Debt collection	20298.8	2026-10-07 11:12:16
273	I paid down the balance of the XXXX XXXX credit card last month prior to the XX/XX/2018 reporting cycle via trans union. The balance of the account shout reflect {$3300.00} not {$8800.00} like its currently reporting. XXXX has the correct balance but not transunion. I tried resolving with XXXX XXXX with negative results.	Credit reporting	20458.2	2026-10-07 11:12:17
274	I have tried to dispute the issues but Experian keeps refusing to fix issues but other reporting agencies have updated my my reports with no problem but Experian is refusing to do it I starting to get really upset with them this needs to be taken care of and they need to quit refusing.	Credit reporting	20548	2026-10-07 11:12:17
275	On XX/XX/2019, I was notified that FHA wouldnt finance a mortgage loan if the dispute was more than {$1000.00}, rather than continue to dispute the student loan, I paid it off with my debit bank card ( XXXX, which comes directly from my banking account. ) I informed the XXXX XXXX XXXX customer service rep, I need a formal letter stating the loan was paid in full for the underwriting department for my mortgage company to compete my loan process. \nI contacted XXXX XXXX XXXX on Wednesday, XX/XX/2019, and spoke with customer service rep XXXX, and she explained that I could not get a formal letter for 30 days because of the auditing process. I explained to her that would not work since I am trying to finance a loan for a townhouse. I asked to speak to a supervisor, and she gave me to a team leader, name XXXX. XXXX said, I can send an informal letter but I still needed to wait 30 days. I explained to XXXX according to the website I paid was reported, and do not understand why I can not received a paid in full letter. \nXXXX sent the informal letter, and I forwarded it to my mortgage, and the underwriting dept. refused the informal letter by 2 reasons : 1. the loan number on the letter did not match the loan number on the credit report, 2. the letter was not proof, that the student loan was paid in full. \nI again contacted XXXX XXXX XXXX customer service dept., and share with them the statement that my loan was paid via my bank statement. Again, the response was, we do not issue formal letter before 30 days. '' I have reviewed XXXX XXXX XXXX website 's FAQ, and there is nothing stating if the loan is paid in full, you must wait 30 days for an audit. Today, I spoke with another XXXX XXXX XXXX customer service rep, and was told that a manager would reach out to me on Monday, XX/XX/2019.	Mortgage	21053.4	2026-10-07 11:12:19
276	I am filing a complaint against Cash App ( Block , Inc. ) due to inadequate customer service and unfair practices, which violate the Consumer Financial Protection Act ( CFPA ). Specifically, Cash App failed to take timely and effective measures to prevent and address fraud on their platform, leaving my account vulnerable and unprotected.\n\nFurthermore, their dispute resolution proce was unfair and deceptive, as they did not comply with error resolution requirements under the Electronic Fund Transfer Act ( EFTA ) and Regulation E. These actions have caused significant inconvenience and 16 financial loss, and I seek appropriate redress for these violations.	Debt collection	20947.9	2026-10-07 11:12:20
277	Complaint filed by XXXX XXXX XXXX, XXXX, as authorized representative of XXXX XXXX under attached assignment/authorizationagreement. \n\nI submitted a formal dispute letter to Equifax on XX/XX/year>, regarding multiple inaccurate late payment entries reported on my credit file. Despite citing violations under the Fair Credit Reporting Act ( 15 U.S.C. 1681i and 1681s-2 ), Equifax has XXXX to provide proper verification, documentation, or correction of these entries. The reported late payments are the result of furnishers internal reporting errors, not actual delinquencies, making them inaccurate and unverifiable. Equifax has therefore failed to conduct a reasonable reinvestigation as required by law. \n\n\nXXXXXXXX XXXX XXXX XXXX XXXX XXXXXXXX	Credit reporting	19214.4	2026-10-07 11:12:21
278	The original company was XXXX XXXX and the loan was transferred to XXXX. The original loan was {$7000.00}. I have also been paying on my loan since 2019 and have paid even while being unemployed through XXXX. XXXX XXXX deducted payments directly from my account my account was reported a few times as being late. How is that possible when ACH payments were being deducted..? My loan balance is still {$6500.00} after 4 years. I received via email a falsified notice from XXXX with my electronic signature and my co-signers signature.It was falsified.It stated the original loan was {$8000.00}. I never received the original loan documents as requested under FOIA. I have attached disbursement dates and amounts showing a loan for {$7000.00} not almost {$1000.00} more .My co-signer and I didnt agree to {$8000.00}. Thats illegal and I have read a substantial number of complaints submitted to CFPB about this XXXX tactic of changing documents and original loan amounts. I see nothing has been done to change their criminal behavior. I have reached out to the SEC, my Attorney General and a few law firms. I also made a previous request to release my co-signer. I have full-time employment as a Federal Contract worker for nearly three years.	Credit reporting	19431.7	2026-10-07 11:12:22
279	I had a closed checking account with XXXX XXXX XXXX bank which is now Truist Bank. I need statements from account opening to close of the account. When i called customer service, they asked to visit the branch. I visited the branch, but they couldn't find my account. They are supposed to keep my records for 7 years.	Bank account or service	19590.8	2026-10-07 11:12:22
280	XXXX XXXX XXXX XXXX XXXX XXXX XXXX XXXX XXXX DOB : XX/XX/year> Last four SS : XXXX I am submitting this complaint regarding inaccurate and duplicate credit reporting related to an alleged debt from XXXX XXXX XXXX in the amount of {$1000.00}. This same alleged debt is currently being reported on my credit report by two different collection agencies : XXXX XXXX XXXX and IC System, both for the exact same balance of {$1000.00} and the same original creditor. It is inaccurate and misleading for two separate collection agencies to report the same debt simultaneously. Only one company can have the legal right to collect or report a debt at a time. Reporting duplicate collection accounts for the same obligation is misleading and appears to violate the Fair Credit Reporting Act, which requires credit reporting to be accurate and not deceptive. I am requesting that IC System conduct a full investigation and provide documentation proving they have the legal right to collect and report this alleged debt. This documentation should include : Proof of assignment or ownership of the debt A copy of the original agreement with XXXX XXXX statements showing the balance owed Documentation showing IC System has the legal authority to report this debt If IC System can not provide full validation of this debt and proof of assignment from XXXX, I request that this tradeline be immediately deleted from all credit reporting agencies. I am also requesting that the inaccurate duplicate reporting be corrected to ensure my credit report is accurate.	Credit reporting	18863.7	2026-10-07 11:12:24
281	While I deeply appreciate the services and credit extended to me by financial institutions, I find myself perplexed at the inability to secure credit limit increases on my accounts. Notably, all of my accounts are in good standing, with a consistent history of on-time payments. Additionally, I have recently experienced a significant increase in my monthly income, which bolsters my financial stability and capability to manage credit responsibly. Given these positive factors, I am keen to understand the criteria or concerns preventing the approval of credit increases. I believe that a reconsideration based on my improved financial position and impeccable credit management would be both fair and beneficial for both parties.	Credit reporting	18071.9	2026-10-07 11:12:24
282	On XX/XX/XXXX my fiance and I tried to cash our security deposit that was issued through US Bank and was denied because I asked too many questions. We started in the drive thru and after being asked for our ss # because our IDS wasn't enough decided to go inside. Once inside we were greeted by the branch manager XXXX XXXX and asked this time for our employers, whether ft or pt as well as the type of work. With have never been asked these personal questions, I was hesitant but did what she asked. I still processed to ask questions which made her no long want to cash our check. Us Bank located at XXXX XXXX XXXX XXXX XXXX wi XXXX	Credit reporting	17806.8	2026-10-07 11:12:25
283	I contacted the Bank ( Suntrust ) in or around XX/XX/2017 to raise a chargeback against the merchant for services not describe. The merchant presented themselves with having the opportunity to trade and invest in a regulated financial products, such as Cfd, s stocks and options and other regulated financial instruments. However, I prove to the bank that the merchant was unable to provide said services on their website, since the merchant in question, lacks all necessary required licenses. Therefore the merchant is in breech of contract, thereby giving the bank the reason to raise a chargeback for services not as describe since the merchant couldn't provide the describe services. This is clearly a misrepresentation. Therefore this is fitting to have a charge back initiated under services as not described.	Debt collection	18713.9	2026-10-07 11:12:26
284	They call me numerous times a week from unknown phone numbers or multiple numbers. It is portfolio recovery, sometimes it will say portfolio recovery and other times it does not. I always block the number number and they call me from a new number. I've answered once and I hung up on them. I would pay the collections if I had the funds. No other debt collections agencies have contacted me whatsoever. But portfolio recovery calls me so often.	Debt collection	18824.7	2026-10-07 11:12:27
285	I deposited a third party check into my account, after a 10 day hold, it cleared, the money was taken from the account that wrote it and given to chase ... After the hold my account was restricted until I could verify the identity of the person the check was originally written to in a very specific way... They wanted a phone number that was registered in her name and to call her and speak with her... We even went into the branch with her photo i.d . And that wasn't good enough... She doesn't have a phone number registered in her name .. so m chase closed my account and instead of mailing me a check as I expected, as is the norm when they decide to close an account, thwy are holding mt money	Bank account or service	18644.4	2026-10-07 11:12:28
286	1.-Last XX/XX/2018 we sent a wire transfer from XXXX, XXXX XXXX XXXX for the amount of {$10000.00} to an account in SunTrust Bank of XXXX, located at XXXX XXXX XXXX XXXX XXXX, GA. Funds were to purchased goods at USA .\n\nAt the time we didn't know that the account was fictitious, someone use Suntrust Bank to steal the funds that belongs to another final beneficiary.\n\nThe final beneficiary is XXXX XXXX XXXX, XXXX XXXX XXXX XXXX XXXX XXXX XXXX, California. Phone : XXXX Our bank in XXXX  request the return of funds to Suntrust Bank but we receive a denied from the bank. They tolds us to contact fraud assistance center at XXXX but we never have an explanation of why do they have a fictitious account in their bank receiving international wire funds that belong to a legitimate provider in California.	Debt collection	18154.6	2026-10-07 11:12:29
287	I am a customer of Chase Bank, and I have a problem disputing a transaction. \n\nOn XX/XX/XXXX, I noticed that my debit card was charged {$42.00}. Looking at the transaction history, it appeared that someone used my debit card in XXXX because a foreign exchange fee was also applied. \n\nI immediately called Chase Bank and informed them about the transaction. I also mentioned that I have not lost my card and I have never been to XXXX, so I requested the transaction be reversed. Chase Bank opened an investigation, and after a few days, I received a letter from them stating that the transaction was authorized and they didn't see any issues with it. After that, I called them multiple times and also visited the branch, but no one was able to assist me in reversing the transaction and just told me to call different phone numbers. \n\nI need help getting the fraudulent transaction reversed, and Chase Bank is not attempting to resolve my issue. \n\n\nI attached a copy of my credit card history that shows that I have made multiple purchases in the XXXX using my credit card at the time when fraudulent transaction happened which proofs that i haven't been in XXXX when the fraudulent transaction occurred. \n\nI also attached a fraudulent transaction statement and a response that I got from Chase Bank regarding this issue.	Credit reporting	19025.7	2026-10-07 11:12:30
288	XXXX XXXX : BREACH OF TRUST ; Huntington Bank XXXX XXXX XXXX, Michigan XXXX, denied my transaction of depositing my Authenticated Negotiable Instrument into the Trust account which is deceptive business practices and a violation of TITLE 15 USC 1 and Bank Secrecy Act.	Credit reporting	18168.5	2026-10-07 11:12:31
289	This is another of multiple complaints about thisxsane bank and sane problem. The issue is the bank refusing to pay authorized payments claiming WE did not authorize. Vendor receives XXXX XXXX XXXX XXXX. Payment not made we are then in arrears, credit score messed up causing severe impact, and vendor action repossess vehicle for non payment. The bank continues to blame vendor while doing absolutely nothing to work with or resolve the issue. They will NOT REPOSINF. In writing or letterhead because that would be an admission of their failure. As noted this has and is causing severe credit and financial impact.	Credit reporting	18619.3	2026-10-07 11:12:31
290	Today, XX/XX/XXXX, in the morning, I brought all 'unwanted ' items, except frames and foldable laptop table, to the police. After the explanation of situation, I was told to dispose them by the XXXX XXXX police. Also, I was told to ask or notify the management of XXXX XXXX in XXXX XXXX, NJ. Without checking the items in the management office, we agreed to discard them ; however, the lady had decided to keep our apartment number and the information of 'unwanted ' items. Then, I threw away that XXXX XXXX ' item, which the policeman showed the expression of surprise when he saw it at the end after seeing other items. Two earbuds and an angel with dog were donated.	Credit reporting	17466.5	2026-10-07 11:12:32
291	XXXX refuse to correct and properly investigate dispute and update account as disputed affirm inc XXXX XXXX XXXXXXXX account is disputed and should be documented on account this is a violation fcra section 1692 E 8 not reporting as disputed by consumer	Credit reporting	17205.9	2026-10-07 11:12:33
292	I am a victim of identity theft. The companies XXXX XXXX XXXX, XXXX XXXX XXXX  XXXX, HAPPY MONEY INC, XXXX XXXX CORPORATE, all claim to have miss placed or have not received my FTC report after being sent though fax and mail several times. The accounts are still on my report and affecting my progress of purchasing a home for my family. I am depressed and stressed by the lack of empathy with each representative I have spoken to. They either transfer me five or six times, give me other numbers to call and act as if they are not able to assist even when the fraud department handle fraud	Credit reporting	16423.7	2026-10-07 11:12:33
293	XX/XX/2015Dear XXXX, Most of my credit card companies issued new credit cards with chips in them and with the normal and identifying as a real credit card with raised account numbers and expiration dates. \nHowever, Discover Card XXXX issued fake looking credit cards with out the normal raised account numbers and raise expiration dates. Discover refused on XX/XX/2015 to issue a normal raise numbers card with a chip like most of credit card companies and I not able to get a hold of XXXX. \nSince it is possible to have the normal and more secure raised numbers with the new chip XXXX ; I see no reason to accept either the XXXX or the discover card ; I think it is irresponsible to issue the flat credit cards that are more easily faked ; and can not be identified as real by a human being. \nI expect the CFPB to at least ask or direct XXXX and Discover to give customers or Consumers a choice ; or more prudently require all credit card companies to issue the more secure traditional raised number cards with the chip in them and use XXXX methods and not issue the flat credit cards at all. \nXXXX XXXX XXXX XXXX. \nXXXX.	Credit reporting	15215.9	2026-10-07 11:12:34
294	This is the 4th attempt I am making to recover my wire transfer that was done on XX/XX/XXXX, for {$37000.00} to XXXX XXXX to Capital One Bank, Members Account number : XXXX from my bank XXXX XXXX XXXX XXXX. Capital One bank did not deposit the money into XXXX account. I was told that the customer does not exist no more. I now believe Capital One does not want to return my money. \nPlease refer to complaint : 1. XXXX 2. XXXX 3. XXXX My bank XXXX tried to reach the XXXX  on this letter and so do I. No one picks up the phone. XXXX XXXX the data to CFPB tracking Number XXXX that you have received it on XXXX XX/XX/XXXX. \n\nIn the 3rd reply from Capital One bank, they have asked the XXXX letter in a certain format that XXXX has provided it two different times. I am requesting Capital One should give me one person that I can deal with the issues to come to a solution. \n\nI also need a functioning number that my bank and I can talk to. \nPlease see all attached documents.	Money transfer or service	16413.5	2026-10-07 11:12:36
295	On XX/XX/XXXX @ XXXX ; XXXX XXXX, my nephew attempted to send me {$1000.00} through his Cash App account. Unfortunately, the name he selected was " similar '' to mine, but it wasn't me. The money was sent, and the process was completed. My nephew and I reached out to Cash App several times through text and phone to try to resolve the matter. It may have been sent to an old account I opened. I had deleted the Cash App account that I used to loan my nephew money in XXXX. When they checked their records and compared them to my information, they determined that the individual was not me. My nephew then requested a refund of the money. We were advised that an investigation has been initiated.	Debt collection	16894.7	2026-10-07 11:12:36
296	Our escrow payment on my Flagstar Bank mortgage account # XXXX has increased significantly, an additional {$240.00} per month. We believe the increase is way too much as our property taxes nor our property insurance has increased. Flagstar Bank, the new loan/service provider and is unable to accurately provide me the details of escrow increase due to the transfer of a different loan/service provider ( XXXX XXXX XXXX # XXXX ) within the same year. Is it possible that this information was misplaced with the previous loan/service provider? In addition, We're being asked to pay a cushion " Required Minimum Balance '' {$1100.00} on top of the " Projected Balance '' of {$1800.00} totaling the proposed shortage {$2900.00}, is this legal? Where is the escrow and the " Required Minimum Balance '' collected from the previous provider?	Mortgage	15588.8	2026-10-07 11:12:37
297	SUNRISE CREDIT SERVICE is falsely reporting on my credit. I have never had any accounts with them. Per my research SUNRISE CREDIT SERVICE is a debt collector. They are falsely reporting on my credit!! Account number is XX/XX/XXXXXXXX is falsely reporting to my credit file and is against my rights and fair credit act. Under U.S CXX/XX/XXXXe XXXX - Disclosure of investigation consumer report ; you are in violation.	Credit reporting	15410.7	2026-10-07 11:12:38
298	While on vacation in XXXX during XX/XX/XXXX a vendor that my wife and I bought a 80 purchase from. While there the vendor still had a hand held device that was used to read card only no screens or info showed.The vendor when we left tried to access a transaction through my card 3 times. XXXX that Td bank stopped. XXXX that td bank put through and the next day XXXX that td bank stopped. On the XXXX when I got to the resort and checked my account cause family that was with us got hit for fraud for XXXX and there bank stopped it I called my bank in USA and had my branch stop my cards.myself and branCh managers filed 3 complaints for obvious fraud and all were denied. There was obvious fraud 3 times 2 in which TD bank stopped. Bank managers were even dumbfounded.	Credit reporting	15560.7	2026-10-07 11:12:39
299	I reviewed my consumer reports and notice that I had one late payment on an account that I was never late for. The consumer reporting agencies have assumed a vital role and have a responsibility to report consumer information to the best of their ability with maximum accuracy. I have never been late on payments for the account that I have been included letter inside this complaints in on dates of XX/XX/XXXX, XX/XX/XXXX, XX/XX/XXXX, XX/XX/XXXX, XX/XX/XXXX, XX/XX/XXXX. Please investigate and provide proof with statements showing that these payments were late. If proof can't be provided, I demand these payments be updated to paid as agreed on time as they should be due to the fact that I was never late. Thanks! Please see letter attached :	Credit reporting	16351.4	2026-10-07 11:12:40
300	Today, XXXX XXXX, XXXX XXXX people came to my home and refused to leave after I informed them they were trespassing and loitering. Not only did they not immediately remove themselves from my property, the adult male proceeded to walk around the exterior of my house and peek through my windows, a classic peeping tom move, and contined to jiggle my door knob trying to open my front door. These are the same XXXX of the XXXX people who came to my home on XXXX XXXX, XXXX. I told these XXXX to leave and not to come back. After the adult male told me I have to leave ( meaning I must vacate the property ), I told him if they believe they have a right to place themselves on this property to take the matter up in California XXXX Court, but to cease and desist bothering me about it by coming to my home harassing me. I have made it clear to these people I have nothing more to say to them and anything they may have to say to me is most appropriately said in court, not on my porch. \n\nXXXX ) Invasion of Privacy. \n\nBank of America has caused all manner of folk to come onto my property since the unlawful recording of the Notice of Default of XXXX XXXX, XXXX as dual tracking is prohibited since the modification process has not yet been completed. And now I am being told to get out of my own home. \n\nAll previously mentioned resolutions are desired and mandatory.	Bank account or service	17838.8	2026-10-07 11:12:41
301	Recurrent perpetrator is XXXX XXXX, a.k.a. XXXX XXXX, whose latest scam is against current creditor, Jefferson Capital Systems for {$640.00}. XXXX XXXX continues to use her previous property address, but I bought her property in 2003. XXXX apparently continues to put down MY property address which results in my receiving HER creditors ' letters trying to collect HER debts. \n\nXXXX is not using my name. She is using my address for her credit card scams. Isn't this a form of identity theft? \n\nI have tried writing Jefferson Capital Systems ( as I had to all previous creditors looking for XXXX XXXX or XXXX XXXX ) that I am NOT XXXX, and that XXXX has no right to be using my property address as hers ( since 2003 ). \n\nHow do I stop this XXXX from unlawfully using my property address in her credit card scams? I am tired of being accused of being XXXX and I am tired of receiving letters from creditors looking for XXXX who think she lives at my property. She does not and has not since 2003!	Debt collection	18979.6	2026-10-07 11:12:42
302	Fraudulent transactions occurred on my account and Wells Fargo has refused to reimburse me. Wells Fargo is in blatant violation of Regulation E, a protection for consumers in situations like mine. They refuse to respond to specifics and have lied to not only me, but the CFPB, XXXX, and law enforcement as well. Wells Fargo is a multi-billion dollar institution that has millions of insured dollars to protect customer like me. However, they get greedy and malicious because they believe they can get away with scamming me out of my money since I am a young customer. The acceptable solution of this situation is the immediate return of the {$5700.00} in fraudulent transactions that is rightfully mine. I have already contacted the OOC about Well Fargo 's violations of Regulation E and consumer protections. If they continue to skirt the law, they may leave me no choice but to pursue legal resolution. Wells Fargo has been wasting my time, sanity, and livelihood by not doing the right thing in this situation.	Debt collection	19498.8	2026-10-07 11:12:43
303	Validation of Debt Request - CBE GROUP/CHARTER COMMUNICATIONS XXXX XXXX XXXX XXXX XXXX XXXX XXXX XXXX XXXX XXXX XXXX XXXX XXXX XXXX I am disputing this account as inaccurate and request full validation, including the original signed agreement and complete payment history. If you can not verify this debt, you must delete it from all credit reporting agencies. Pursuant to the Fair Debt Collection Practices Act ( FDCPA ) 1006.34, I am entitled to receive verification of the debt you claim I owe. I dispute the validity of this debt and, as such, I am exercising my rights under the FDCPA to seek verification. Please provide the following information within the next 30 days : 1. The amount of the debt claimed. 2. The name of the original creditor. 3. A copy of the agreement, contract, or other instrument that created the debt. 4. Verification that you are licensed to collect debts in.	Debt collection	19723.7	2026-10-07 11:12:44
304	Hi, I sold my house last month ( XXXX ), and the full amount was deposited to my BOA account. On XX/XX/year>, I came to a XXXX XXXX  office to deposit XXXX checks, the address is : XXXX XXXX XXXX XXXX XXXX, XXXX XXXX XXXX. XXXX check was deposited to my daughters XXXX account, XXXX check was deposited to myself account. The check no. Is XXXX and XXXX. On XX/XX/year>, I checked my BOA account, XXXX amount were processed from my BOA account. But until today, XX/XX/XXXX XXXX, this amount is not available at my XXXX account! XXXX system give me an explanation do not receive money from paying bank! What happened with my money? Where is my money now?! Would you please answer my question and let me know where money is? I think the same trouble with the amount that I deposited to my daughters XXXX account! And this is not the first time to happened to me! I am waiting for your response. Thank you!	Bank account or service	20771.7	2026-10-07 11:12:46
305	This is XXXX XXXX XXXX. I cancelled in XX/XX/year> and my account that paid my bill was closed by XXXX XXXX on XXXX XXXX, XXXX. Then in XXXX they continued sending me statements of amounts owed when I did not have any service at that time. Then began weekly everyday harassment by XXXX  XXXX at XXXX every morning. Then the letters with varied amounts owed proved by showing how they had fraudulently attemped to take monies out of my account but because my account was closed in XX/XX/year> they were met with not luck. I had attempted for XXXX days on XX/XX/year> attempting to clear this up but to no avail. They stated they sent me a e-mail which I did not receive because the address had to be done in lower case or it would come to me, of which in stating that they sent that to me shows they knew I had cancelled my services on XX/XX/year>. I spent XXXX hours a day for XXXX days and all I could gain from the team they provided that did not speak very good XXXX that they were after something I do not know if it was identity theft in that they acted fraudluently by attempting to gain monies from my account. This harrassment has been for XXXX to XXXX years. Now they have turned it to collections and I feel I have enough proof to get a court judgement against them. So please let me know what can be done.	Debt collection	20956.7	2026-10-07 11:12:47
306	I took a payday loan from Dave on Friday XX/XX/2025 to be paid back on XX/XX/XXXX for {$720.00} with {$25.00} fees. \n\nThey took the money from my account on XX/XX/XXXX ( 14 DAYS EARLY ), including the {$25.00} fees. I had to take ANOTHER payday loan for {$600.00} with ANOTHER {$25.00} in fees. \n\nThey said it's not their problem. Please help.	Debt collection	17794.5	2026-10-07 11:12:48
307	On XX/XX/year>, Wise confirmed that a refund of XXXX USD had been initiated and processed back to my source account. \n\nMultiple Wise representatives later confirmed in writing that the refund was already processed and that it was expected to arrive by XX/XX/year>. \n\nDespite these confirmations, the funds have not reached my account. \n\nWhen I requested basic refund detailsspecifically the exact bank send-out date and the refund trace/reference numberWise repeatedly stated that customer support does not have access to this information and that the case would be escalated. No trace number or concrete proof of transfer has been provided to date.\n\nSubsequently, Wise began providing later and inconsistent estimated dates without any explanation for why the original written commitment ( XX/XX/XXXX ) was not honored. \n\nAs of today, the refund is still missing, and Wise has failed to provide transparency regarding where the funds are currently held or how they can be traced. \n\nThis lack of information and repeated contradictory statements have caused financial harm and uncertainty.	Debt collection	18340.8	2026-10-07 11:12:49
308	A Loan wa s originated in  2006  with a Deed of Trust in the amount of {$240000.00} for a purchase in Arizona totaling {$350000.00}. The balance of the purchase was cash from the sale of a home in California.   XXXX  There was a " PrePayment Penalty '' if the loan was paid off within the first 12 months of {$90 00.00} ( 6 months interest ). The  " PrePayment Penalty '' was recorded as a " Deed of Trust '' which should have been released after the  XXXX  payment.   XXXX  The loan payments are current with no additional charges. There is an attempt to sell the property. The "  PrePayment De ed '' is still showing as a recorded lien. The company originating the loan is out of business, the first servicer is out of business but was purchased by a national bank. That bank transferred servicing to an active company.   XXXX  Bot h the servicing company and the  bank which transferred the loan denies any responsibility to release the lien.	Mortgage	19332.2	2026-10-07 11:12:50
309	XXXX XXXX XXXX XXXX XXXX XXXX XXXX CA XXXX XXXX Date of Birth : XX/XX/XXXX Last XXXX of XXXX : XXXX Date : XX/XX/XXXX To : TD RCS/ Renovate P.O. XXXX XXXX XXXX, SC XXXX Phone : ( XXXX ) XXXX Subject : Cease and Desist & Formal Dispute of Account * XXXX Dear TD RCS/ Renovate, I am writing to formally dispute and demand immediate verification of the account referenced above, which you are reporting under account number ending in XXXX XXXXXXXX. According to my credit file, this account was allegedly opened on XX/XX/XXXX and later marked as charged off and closed by the credit grantor with a reported balance of {$4800.00} as of XX/XX/XXXX. \n\nI do not acknowledge the validity, ownership, or accuracy of this account as it appears on my credit report. Under the Fair Credit Reporting Act ( FCRA ), 15 U.S.C. 1681, and the Fair Debt Collection Practices Act ( FDCPA ), 15 U.S.C. 1692, I am requesting that you : 1. Cease and desist all collection efforts and communications regarding this alleged account until full verification is provided.\n\n2. Provide written validation of the debt, including the signed original agreement, itemized accounting of charges, and documentation proving this debt is legally mine.\n\n3. Immediately remove or correct any inaccurate or unverifiable information from all consumer reporting agencies ( XXXX XXXX XXXX XXXX ). \n\nIf you fail to comply with this request within 30 days of receipt, I will pursue all available legal remedies under federal law, including filing formal complaints with the Consumer Financial Protection Bureau ( CFPB ), the Federal Trade Commission ( FTC ), and the state Attorney Generals Office. \n\nPlease note that this letter serves as a formal cease and desist under FDCPA 805 ( c ). You are hereby instructed to cease all direct communication with me, except to confirm receipt of this letter or to provide the requested validation.	Debt collection	20426.2	2026-10-07 11:12:52
310	Greetings, I called Penfed customer service to report unauthorized activities in my account and the first agent that took my dispute was very kind and assure me that I will be getting my money back. Then I receive an email from the security department that if I had authorized some transactions and I told them no. They saw the discrepancy with the account because they with withdraw {$300.00} and then refunded me and then charge me again for three different {$300.00} dollars transactions, {$500.00} and {$100.00} I spoke with the security department and they told me that they will transfer me to customer service after being on the phone with them for over one hour. \nThe last agent I got then tried to treat me with an attitude, and they have not refunded my stolen money, and that is shameful because even one of the agents told me that it is weird.	Debt collection	20353.3	2026-10-07 11:12:53
311	this account/loan was opened up at a company without my knowledge. this loan was opened up by a a company name XXXX XXXX XXXX they forced me into a vehichle i did not want and did not want. i dont remember me signing any information they forced my name on a piece of paper and took my personal information and put it on a loan for a lemon vehichle that was unsafe to drive. i have multiple messages that saying i do not want car and had problems with vehichle it was unsafe to drive. this account it was opened up XX/XX/year> i dont remember me opening upanything around that time of the year. im hoping to get this removed of my credit its affecting my ability to get me a home for my family and get certian things done in my life. i want this fraud opened auto loan to be removed please please its not fair to me or my family.	Credit reporting	20984.7	2026-10-07 11:12:54
312	I initiated a transfer from Bank of American on XXXX/XXXX/2016 that was received by PFCU on XX/XX/XXXX. On Tuesday, XXXX/XXXX/2016 I received an email from Bank of America that Billpay or transfers are now inaccessible. The transfer that was made to XXXX XXXX XXXX XXXX ... 5 days prior to receiving the email about transfers being inaccessible. XXXX charged me a {$30.00} returned ACH fee due to BOA taking the money back 5 days later. BOA Branch said they ca n't do anything.	Money transfer or service	21299.7	2026-10-07 11:12:55
313	Purepoint closed my online savings account on XX/XX/20 with no prior notification and without my permission. \n\nI received a phone call the prior week ( on XX/XX/20 ) from Purepoint asking me to call them back at their convenience. As I was traveling that week, I hadn't gotten the chance to call them back at the time of account closure. \n\nWhen I called Purepoint on XX/XX/20 to learn of the details of the account closure, they said my account was not in compliance with bank secrecy laws because they needed more information about the joint holder of the account ( my wife ). Purepoint says that they had reached out to my wife for further information ( emails and letters ) but she has no record of receiving either form of communication. \n\nAs I see it, Purepoint gave us one week to call them back, which we didn't do in a timely manner, and promptly closed the account without further thought of ramifications.	Bank account or service	22006.2	2026-10-07 11:12:56
314	I submitted a request for a loan discharge based on misconduct from the school I attended, XXXX XXXX on XX/XX/24 and again on XX/XX/24. The request was denied with little information as to why. \n\nI made a similar request for my federal student loans that was approved.	Consumer loan	21612.3	2026-10-07 11:12:56
315	In XXXX, I called Citi to change my card from a {$450.00} per year XXXX  's XXXX card to their free card in a process called card conversion ( we aren't traveling next year as much as we did the last year ). Today, on XX/XX/XXXX, they charged me the {$450.00} fee. When I called back, I was told that " Oh yes, it takes up to two months to do the card conversion, we'll credit that fee back in another statement or two. '' Meanwhile, I either pay the {$450.00}, and am just out the money until later ( and I'm forced to use their credit card to get it back because it's a credit ), or they get to charge interest on the unpaid {$450.00} until they credit it back. \n\nThis is, at best, predatory, and at worst, fraud.	Credit card	22243.8	2026-10-07 11:12:57
316	I am attempting to use the card to make an online purchase where the billing address zip code is required. I have attempted to contact American Express to get one, or register the card so that I can use it. All attempts to contact the company by phone or online have failed, there is no option on their contact numbers to speak to an agent, and one number puts you into a survey / sales pitch loop, then hangs up.	Credit reporting	20023.1	2026-10-07 11:12:58
317	I sent XXXX XXXX  through Paypal to a person providing training services for a workshop I will attend in XXXX. \n\nTo my surprise the person on the other end was charged XXXX XXXX  in fees. Apart from the embarrassment of not knowing I was sending a smaller amount, now I need to send the remainder of the total payment. \n\nI contacted Paypal because, at no time while I was processing the payment to be sent, did Paypal disclose the fee to be charged. \n\nPaypal says that the information about fees is on their webpage. I responded that that is not very transparent on their part, BUT, more importantly, that at a minimum such fee should have been disclosed on the receipt I received from Paypal after the payment was sent. In fact, the after the fact receipt ( attached ) is misleading where it says that the amount I sent WILL BE RECEIVED by the person on the other end. Obviously this can not be true if Paypal will deduct a fee. \n\nIt is obvious to me that Paypal is doing the most they can to hide the fees they receive. Had I known about that fee, even if after the fact, I would have had the chance to contact the person on the other end to know. Also, knowing in advance would have allowed me to submit a higher payment to cover the fees. \n\nPaypal needs to disclose they fees that they will charge on the other en XXXX the transaction. This is not a surprise for them. It should not be a surprise to the customer planning to send a payment either. \n\nAfter talking to an agent and then a supervisor, the answer from Paypal boiled down to some statement along the lines of " too bad. ''	Credit reporting	18942	2026-10-07 11:12:59
318	I am writing this complaint to formally express my concerns regarding Zelles handling of disputes, particularly in light of the recent CFPB lawsuit highlighting significant issues with the platform. Despite using Zelle numerous times and reporting discrepancies my finance institution and zelle failed to investigate my claims adequately. They informed me that recovering lost funds was impossible and that tracking these transactions was unfeasible. The CFPB is finding indicates zelle has not only neglected to protect consumers but has also allowed repeat offenders to exploit the system, leaving users vulnerable to scams. The lack of accountability and transparency is unacceptable and raise a serious concerns about consumers safety.	Debt collection	15269.6	2026-10-07 11:13:00
319	I HAD XXXX CHECKING ACCOUNTS AND XXXX SAVINGS ACCOUNT. ALL ACCOUNTS ARE BEING REPORTED TO FDIC BECAUSE OF BALANCES OWED BUT THE BALANCES ARE FROM FEES FULTON BANK DID NOT PAY ANYTHING ON MY BEHALF. THEY DID NOT PAY ANYTHING FROM THESE ACCOUNTS IT IS ALL FEES. WHEN I REQUESTED THE ACCOUNTS BE CLOSED, THEY DID NOT CLOSE THEM UNTIL THEY SAW FIT. BEFORE THE ACCOUNTS WERE CLOSED, THEY BLOCKED MY ONLINE ACCESS AND I COULD NOT EVEN MONITOR ALL THE FEES THEY WERE ACCESSING. THE SAVINGS ACCOUNT ALONE IS NEGATIVE OVER {$200.00} FROM FEES FOR A LOW BALANCE, WHICH I WAS NOT EVEN AWARE WAS OCCURRING BECAUSE MY ACCESS WAS LOCKED. FULTON BANK PAID NOTHING ON MY BEHALF I SHOULD NOT BE REPORTED NAGATIVELY TO THE FDIC OVER FEES. FULTON BANK IS ALSO KNOWN FOR CHANGING DATES SO TRANSACTIONS RESULT IN FEES. THIS HAS NOT JUST HAPPENED TO BE BUT ALSO TO MY FATHER WHO HAS MULTIPLE FULTON ACCOUNTS.	Bank account or service	15858.4	2026-10-07 11:13:01
320	I made transfers of {$1000.00} to XXXX from my bank account to my brother ( XXXX XXXX on XX/XX/XXXX  through World Remit but the money never got into my brother account. I have contacted World Remit numerous but with a negative result. They refused to refund me my money. \n\nThe transfer # XXXX	Money transfer or service	16328.2	2026-10-07 11:13:02
321	I pay annual fees to XXXX to keep my credit card open. \nXXXX states that I requested to close that account. I have never requested to close this account. Everything about this account remains open on the XXXX app. Moreover, I still use the card and I still paid annual fees without interruption, and promptly, to XXXX. There is no reason why this account should indicate closed. \nXXXX confirmed this mistake on their end and I requested that they update the Credit Bureaus. They have not updated the credit bureaus, which still indicates a closed account for them -- but no other accounts.	Credit reporting	15021.8	2026-10-07 11:13:02
322	2019 Synchrony Bank came up with bogus reasons to cancel ALL of my Synchrony credit cards 1. Old Navy {$500.00} 2. XXXX XXXX {$7000.00} XXXX. XXXX XXXX {$1000.00} 4. TJ Maxx {$1500.00} When almost {$10000.00} in credit is taken away and the consumer 's credit to debt ratio is seriously impacted, we seem to have no rights to reverse these decisions. Believe me, I tried. I just got more letters saying " refer to the terms and conditions of your cards ''. We are able to do this and we don't need to let you know the reasons. Really? That is not fair and the consumer is out of luck altogether.	Debt collection	15656	2026-10-07 11:13:03
323	I was the victim of fraud or a scam involving my personal and checking accounts. A withdrawal of {$7.00} was made to my TD Bank account on XX/XX/2024, and another withdrawal was made to my XXXX Bank account on XX/XX/2024. I do not owe any amount to XXXX Bank.	Debt collection	15156.9	2026-10-07 11:13:04
324	I sent a letter asking experian, XXXX and XXXX to investigare my accounts. it has been over 30 days. these consumer reporting agencies are in violation. \n\naccording to 15 usc 1681i-experian, XXXX, and XXXX have 30 days to investigare and send me the results. \nand they also didn't even record the current status of the disputed information which is another violation I have all the evidence attach below.	Credit reporting	15366.7	2026-10-07 11:13:04
325	Was sent an email from Zelle Pay ( Fraud/Scam ) see below the email contents.\n\nPLEASE NOTE* ( XX/XX/XXXX ) Money wouldnt be credited to your account until refund of additional payment has to been refunded for buyer protection so neither the payer or the payee doesnt lose his/her money!\n\nYou will receive a * zelle team informing that the fund has been credited to your Account COMFIRMATION EMAIL Questions?\n\nThanks for using zelle.\n\n2022 Zelle. All rights reserved. Early Warning Services , LLC Zelle and the Zelle related marks and logos are property of Early Warning Services , LLC.	Debt collection	15954.4	2026-10-07 11:13:05
326	Ive been applying and applying over and over for a long time since the original day of Apple wallet Apple Pay originating I have been denied every single time and I just its gotten to me it hurts my feelings and I dont like it	Credit reporting	16322	2026-10-07 11:13:05
327	XXXX XXXX XXXX XXXX Amount XXXX I reached out to this company asked for a debt validation they than sold the debt to another company I put in a dispute and got that company removed from credit report which was XXXX XXXX XXXX, I recently disputed this with the credit bureaus and they verified the account in less than 24 hours I dont feel the credit bureaus did a proper investigation.XXXX XXXX  has this one account reporting on my credit report 3 times,	Debt collection	16716	2026-10-07 11:13:06
