ollama-1  | [GIN] 2026/10/08 - 09:21:04 | 200 |      13.815µs |      172.21.0.1 | GET      "/api/version"
ollama-1  | [GIN] 2026/10/08 - 09:21:12 | 200 |      16.674µs |       127.0.0.1 | HEAD     "/"
ollama-1  | [GIN] 2026/10/08 - 09:21:12 | 200 |     732.561µs |       127.0.0.1 | GET      "/api/tags"
ollama-1  | [GIN] 2026/10/08 - 09:21:23 | 200 |      25.066µs |       127.0.0.1 | HEAD     "/"
ollama-1  | [GIN] 2026/10/08 - 09:21:23 | 200 |     656.522µs |       127.0.0.1 | GET      "/api/tags"
ollama-1  | [GIN] 2026/10/08 - 09:21:33 | 200 |      16.327µs |       127.0.0.1 | HEAD     "/"
ollama-1  | [GIN] 2026/10/08 - 09:21:33 | 200 |     742.858µs |       127.0.0.1 | GET      "/api/tags"
ollama-1  | [GIN] 2026/10/08 - 09:21:43 | 200 |      17.943µs |       127.0.0.1 | HEAD     "/"
ollama-1  | [GIN] 2026/10/08 - 09:21:43 | 200 |     686.174µs |       127.0.0.1 | GET      "/api/tags"
ollama-1  | [GIN] 2026/10/08 - 09:21:55 | 200 |      15.247µs |       127.0.0.1 | HEAD     "/"
ollama-1  | [GIN] 2026/10/08 - 09:21:55 | 200 |     730.188µs |       127.0.0.1 | GET      "/api/tags"
ollama-1  | [GIN] 2026/10/08 - 09:22:05 | 200 |      16.935µs |       127.0.0.1 | HEAD     "/"
ollama-1  | [GIN] 2026/10/08 - 09:22:05 | 200 |      641.41µs |       127.0.0.1 | GET      "/api/tags"
ollama-1  | [GIN] 2026/10/08 - 09:22:15 | 200 |      17.513µs |       127.0.0.1 | HEAD     "/"
ollama-1  | [GIN] 2026/10/08 - 09:22:15 | 200 |     651.024µs |       127.0.0.1 | GET      "/api/tags"
ollama-1  | [GIN] 2026/10/08 - 09:22:26 | 200 |      24.124µs |       127.0.0.1 | HEAD     "/"
ollama-1  | [GIN] 2026/10/08 - 09:22:26 | 200 |    1.316612ms |       127.0.0.1 | GET      "/api/tags"
ollama-1  | [GIN] 2026/10/08 - 09:22:36 | 200 |      15.757µs |       127.0.0.1 | HEAD     "/"
ollama-1  | [GIN] 2026/10/08 - 09:22:36 | 200 |     628.707µs |       127.0.0.1 | GET      "/api/tags"
ollama-1  | [GIN] 2026/10/08 - 09:22:46 | 200 |      18.089µs |       127.0.0.1 | HEAD     "/"
ollama-1  | [GIN] 2026/10/08 - 09:22:46 | 200 |      653.84µs |       127.0.0.1 | GET      "/api/tags"
ollama-1  | [GIN] 2026/10/08 - 09:22:58 | 200 |      30.125µs |       127.0.0.1 | HEAD     "/"
ollama-1  | [GIN] 2026/10/08 - 09:22:58 | 200 |     644.091µs |       127.0.0.1 | GET      "/api/tags"
ollama-1  | [GIN] 2026/10/08 - 09:23:08 | 200 |      28.369µs |       127.0.0.1 | HEAD     "/"
ollama-1  | [GIN] 2026/10/08 - 09:23:08 | 200 |     771.619µs |       127.0.0.1 | GET      "/api/tags"
ollama-1  | [GIN] 2026/10/08 - 09:23:18 | 200 |      18.171µs |       127.0.0.1 | HEAD     "/"
ollama-1  | [GIN] 2026/10/08 - 09:23:18 | 200 |     635.458µs |       127.0.0.1 | GET      "/api/tags"
ollama-1  | [GIN] 2026/10/08 - 09:23:29 | 200 |      18.949µs |       127.0.0.1 | HEAD     "/"
ollama-1  | [GIN] 2026/10/08 - 09:23:29 | 200 |     714.578µs |       127.0.0.1 | GET      "/api/tags"
ollama-1  | [GIN] 2026/10/08 - 09:23:39 | 200 |      21.855µs |       127.0.0.1 | HEAD     "/"
ollama-1  | [GIN] 2026/10/08 - 09:23:39 | 200 |     671.732µs |       127.0.0.1 | GET      "/api/tags"
ollama-1  | srv  server_strea: conv_id= (empty=1)
ollama-1  | slot get_availabl: id  0 | task -1 |  - checking sim = 0.792 (350/442) > 0.100
ollama-1  | slot get_availabl: id  0 | task -1 | selected slot by LCP similarity, f_sim_best = 0.792 (> 0.100 thold), f_keep = 0.895
ollama-1  | slot launch_slot_: id  0 | task -1 | sampler chain: logits -> ?penalties -> ?dry -> ?top-n-sigma -> top-k -> ?typical -> top-p -> ?min-p -> ?xtc -> temp-ext -> dist 
ollama-1  | slot launch_slot_: id  0 | task -1 | sampler params: 
ollama-1  | 	repeat_last_n = 64, repeat_penalty = 1.000, frequency_penalty = 0.000, presence_penalty = 0.000
ollama-1  | 	dry_multiplier = 0.000, dry_base = 1.750, dry_allowed_length = 2, dry_penalty_last_n = 64
ollama-1  | 	top_k = 40, top_p = 0.900, min_p = 0.000, xtc_probability = 0.000, xtc_threshold = 0.100, typical_p = 1.000, top_n_sigma = -1.000, temp = 0.000
ollama-1  | 	mirostat = 0, mirostat_lr = 0.100, mirostat_ent = 5.000, adaptive_target = -1.000, adaptive_decay = 0.900
ollama-1  | slot launch_slot_: id  0 | task 10522 | processing task, is_child = 0
ollama-1  | slot   operator(): id  0 | task 10522 | new prompt, n_ctx_slot = 4096, n_keep = 4, task.n_tokens = 442
ollama-1  | slot   operator(): id  0 | task 10522 | cached n_tokens = 350, memory_seq_rm [350, end)
ollama-1  | slot init_sampler: id  0 | task 10522 | init sampler, took 0.03 ms, tokens: text = 442, total = 442
ollama-1  | slot print_timing: id  0 | task 10522 | prompt eval time =    1408.39 ms /    92 tokens (   15.31 ms per token,    65.32 tokens per second)
ollama-1  | slot print_timing: id  0 | task 10522 |        eval time =     562.12 ms /     9 tokens (   70.26 ms per token,    14.23 tokens per second)
ollama-1  | slot print_timing: id  0 | task 10522 |       total time =    1970.51 ms /   101 tokens
ollama-1  | slot print_timing: id  0 | task 10522 |    graphs reused =       7409
ollama-1  | slot      release: id  0 | task 10522 | stop processing: n_tokens = 450, truncated = 0
ollama-1  | srv  update_slots: all slots are idle
ollama-1  | [GIN] 2026/10/08 - 09:23:44 | 200 |   1.99533506s |      172.21.0.4 | POST     "/api/generate"
ollama-1  | srv  server_strea: conv_id= (empty=1)
ollama-1  | slot get_availabl: id  0 | task -1 |  - checking sim = 0.625 (350/560) > 0.100
ollama-1  | slot get_availabl: id  0 | task -1 | selected slot by LCP similarity, f_sim_best = 0.625 (> 0.100 thold), f_keep = 0.778
ollama-1  | slot launch_slot_: id  0 | task -1 | sampler chain: logits -> ?penalties -> ?dry -> ?top-n-sigma -> top-k -> ?typical -> top-p -> ?min-p -> ?xtc -> temp-ext -> dist 
ollama-1  | slot launch_slot_: id  0 | task -1 | sampler params: 
ollama-1  | 	repeat_last_n = 64, repeat_penalty = 1.000, frequency_penalty = 0.000, presence_penalty = 0.000
ollama-1  | 	dry_multiplier = 0.000, dry_base = 1.750, dry_allowed_length = 2, dry_penalty_last_n = 64
ollama-1  | 	top_k = 40, top_p = 0.900, min_p = 0.000, xtc_probability = 0.000, xtc_threshold = 0.100, typical_p = 1.000, top_n_sigma = -1.000, temp = 0.000
ollama-1  | 	mirostat = 0, mirostat_lr = 0.100, mirostat_ent = 5.000, adaptive_target = -1.000, adaptive_decay = 0.900
ollama-1  | slot launch_slot_: id  0 | task 10532 | processing task, is_child = 0
ollama-1  | slot   operator(): id  0 | task 10532 | new prompt, n_ctx_slot = 4096, n_keep = 4, task.n_tokens = 560
ollama-1  | slot   operator(): id  0 | task 10532 | cached n_tokens = 350, memory_seq_rm [350, end)
ollama-1  | slot init_sampler: id  0 | task 10532 | init sampler, took 0.04 ms, tokens: text = 560, total = 560
ollama-1  | slot print_timing: id  0 | task 10532 | prompt eval time =    2792.04 ms /   210 tokens (   13.30 ms per token,    75.21 tokens per second)
ollama-1  | slot print_timing: id  0 | task 10532 |        eval time =     517.31 ms /     8 tokens (   73.90 ms per token,    13.53 tokens per second)
ollama-1  | slot print_timing: id  0 | task 10532 |       total time =    3309.35 ms /   218 tokens
ollama-1  | slot print_timing: id  0 | task 10532 |    graphs reused =       7415
ollama-1  | slot      release: id  0 | task 10532 | stop processing: n_tokens = 567, truncated = 0
ollama-1  | srv  update_slots: all slots are idle
ollama-1  | [GIN] 2026/10/08 - 09:23:48 | 200 |  5.319534723s |      172.21.0.4 | POST     "/api/generate"
ollama-1  | srv  server_strea: conv_id= (empty=1)
ollama-1  | slot get_availabl: id  0 | task -1 |  - checking sim = 0.452 (350/774) > 0.100
ollama-1  | slot get_availabl: id  0 | task -1 | selected slot by LCP similarity, f_sim_best = 0.452 (> 0.100 thold), f_keep = 0.617
ollama-1  | slot launch_slot_: id  0 | task -1 | sampler chain: logits -> ?penalties -> ?dry -> ?top-n-sigma -> top-k -> ?typical -> top-p -> ?min-p -> ?xtc -> temp-ext -> dist 
ollama-1  | slot launch_slot_: id  0 | task -1 | sampler params: 
ollama-1  | 	repeat_last_n = 64, repeat_penalty = 1.000, frequency_penalty = 0.000, presence_penalty = 0.000
ollama-1  | 	dry_multiplier = 0.000, dry_base = 1.750, dry_allowed_length = 2, dry_penalty_last_n = 64
ollama-1  | 	top_k = 40, top_p = 0.900, min_p = 0.000, xtc_probability = 0.000, xtc_threshold = 0.100, typical_p = 1.000, top_n_sigma = -1.000, temp = 0.000
ollama-1  | 	mirostat = 0, mirostat_lr = 0.100, mirostat_ent = 5.000, adaptive_target = -1.000, adaptive_decay = 0.900
ollama-1  | slot launch_slot_: id  0 | task 10541 | processing task, is_child = 0
ollama-1  | slot   operator(): id  0 | task 10541 | new prompt, n_ctx_slot = 4096, n_keep = 4, task.n_tokens = 774
ollama-1  | slot   operator(): id  0 | task 10541 | cached n_tokens = 350, memory_seq_rm [350, end)
ollama-1  | slot init_sampler: id  0 | task 10541 | init sampler, took 0.09 ms, tokens: text = 774, total = 774
ollama-1  | [GIN] 2026/10/08 - 09:23:49 | 200 |       27.47µs |       127.0.0.1 | HEAD     "/"
ollama-1  | [GIN] 2026/10/08 - 09:23:49 | 200 |    1.267746ms |       127.0.0.1 | GET      "/api/tags"
ollama-1  | slot print_timing: id  0 | task 10541 | prompt eval time =    6172.19 ms /   424 tokens (   14.56 ms per token,    68.70 tokens per second)
ollama-1  | slot print_timing: id  0 | task 10541 |        eval time =     624.77 ms /     9 tokens (   78.10 ms per token,    12.80 tokens per second)
ollama-1  | slot print_timing: id  0 | task 10541 |       total time =    6796.96 ms /   433 tokens
ollama-1  | slot print_timing: id  0 | task 10541 |    graphs reused =       7422
ollama-1  | slot      release: id  0 | task 10541 | stop processing: n_tokens = 782, truncated = 0
ollama-1  | srv  update_slots: all slots are idle
ollama-1  | [GIN] 2026/10/08 - 09:23:56 | 200 | 12.140535907s |      172.21.0.4 | POST     "/api/generate"
ollama-1  | srv  server_strea: conv_id= (empty=1)
ollama-1  | slot get_availabl: id  0 | task -1 |  - checking sim = 0.682 (350/513) > 0.100
ollama-1  | slot get_availabl: id  0 | task -1 | selected slot by LCP similarity, f_sim_best = 0.682 (> 0.100 thold), f_keep = 0.448
ollama-1  | srv  get_availabl: updating prompt cache
ollama-1  | srv   prompt_save:  - saving prompt with length 782, total state size = 97.760 MiB (draft: 0.000 MiB)
ollama-1  | srv         alloc:  - prompt is already in the cache, skipping
ollama-1  | srv          load:  - looking for better prompt, base f_keep = 0.448, f_sim = 0.682
ollama-1  | srv          load:    - prompt with length     782, lcp =     350, f_keep = 0.448, f_sim = 0.682
ollama-1  | srv          load:    - prompt with length     794, lcp =     350, f_keep = 0.441, f_sim = 0.682
ollama-1  | srv          load:    - prompt with length     753, lcp =     350, f_keep = 0.465, f_sim = 0.682
ollama-1  | srv          load:    - prompt with length     730, lcp =     350, f_keep = 0.479, f_sim = 0.682
ollama-1  | srv          load:    - prompt with length     828, lcp =     350, f_keep = 0.423, f_sim = 0.682
ollama-1  | srv          load:    - prompt with length     844, lcp =     350, f_keep = 0.415, f_sim = 0.682
ollama-1  | srv          load:    - prompt with length     846, lcp =     351, f_keep = 0.415, f_sim = 0.684
ollama-1  | srv          load:    - prompt with length     892, lcp =     350, f_keep = 0.392, f_sim = 0.682
ollama-1  | srv          load:    - prompt with length     778, lcp =     350, f_keep = 0.450, f_sim = 0.682
ollama-1  | srv          load:    - prompt with length     788, lcp =     350, f_keep = 0.444, f_sim = 0.682
ollama-1  | srv          load:    - prompt with length    1176, lcp =     350, f_keep = 0.298, f_sim = 0.682
ollama-1  | srv          load:    - prompt with length     726, lcp =     350, f_keep = 0.482, f_sim = 0.682
ollama-1  | srv          load:    - prompt with length     765, lcp =     350, f_keep = 0.458, f_sim = 0.682
ollama-1  | srv          load:    - prompt with length     851, lcp =     351, f_keep = 0.412, f_sim = 0.684
ollama-1  | srv          load:    - prompt with length     763, lcp =     350, f_keep = 0.459, f_sim = 0.682
ollama-1  | srv          load:    - prompt with length     764, lcp =     352, f_keep = 0.461, f_sim = 0.686
ollama-1  | srv          load:    - prompt with length     730, lcp =     351, f_keep = 0.481, f_sim = 0.684
ollama-1  | srv          load:    - prompt with length     796, lcp =     350, f_keep = 0.440, f_sim = 0.682
ollama-1  | srv          load:    - prompt with length     709, lcp =     350, f_keep = 0.494, f_sim = 0.682
ollama-1  | srv          load:    - prompt with length     800, lcp =     351, f_keep = 0.439, f_sim = 0.684
ollama-1  | srv          load:    - prompt with length     728, lcp =     351, f_keep = 0.482, f_sim = 0.684
ollama-1  | srv          load:    - prompt with length     790, lcp =     350, f_keep = 0.443, f_sim = 0.682
ollama-1  | srv          load:    - prompt with length     780, lcp =     351, f_keep = 0.450, f_sim = 0.684
ollama-1  | srv          load:    - prompt with length     847, lcp =     351, f_keep = 0.414, f_sim = 0.684
ollama-1  | srv          load:    - prompt with length     710, lcp =     350, f_keep = 0.493, f_sim = 0.682
ollama-1  | srv          load:    - prompt with length     708, lcp =     350, f_keep = 0.494, f_sim = 0.682
ollama-1  | srv          load:    - prompt with length     770, lcp =     350, f_keep = 0.455, f_sim = 0.682
ollama-1  | srv          load:    - prompt with length     717, lcp =     350, f_keep = 0.488, f_sim = 0.682
ollama-1  | srv          load:    - prompt with length     753, lcp =     350, f_keep = 0.465, f_sim = 0.682
ollama-1  | srv          load:  - found better prompt with f_keep = 0.461, f_sim = 0.686
ollama-1  | srv        update:  - cache state: 28 prompts, 2769.525 MiB (limits: 8192.000 MiB, 4096 tokens, 65529 est)
ollama-1  | srv        update:    - prompt 0x36524940:     782 tokens, checkpoints:  0,    97.760 MiB
ollama-1  | srv        update:    - prompt 0x36524a40:     794 tokens, checkpoints:  0,    99.260 MiB
ollama-1  | srv        update:    - prompt 0x36521d10:     753 tokens, checkpoints:  0,    94.134 MiB
ollama-1  | srv        update:    - prompt 0x36521c60:     730 tokens, checkpoints:  0,    91.259 MiB
ollama-1  | srv        update:    - prompt 0x36521bb0:     828 tokens, checkpoints:  0,   103.510 MiB
ollama-1  | srv        update:    - prompt 0x3652bd10:     844 tokens, checkpoints:  0,   105.510 MiB
ollama-1  | srv        update:    - prompt 0x3724fc20:     846 tokens, checkpoints:  0,   105.760 MiB
ollama-1  | srv        update:    - prompt 0x3651c680:     892 tokens, checkpoints:  0,   111.511 MiB
ollama-1  | srv        update:    - prompt 0x36504320:     778 tokens, checkpoints:  0,    97.260 MiB
ollama-1  | srv        update:    - prompt 0x371021f0:     788 tokens, checkpoints:  0,    98.510 MiB
ollama-1  | srv        update:    - prompt 0x3724a9f0:    1176 tokens, checkpoints:  0,   147.014 MiB
ollama-1  | srv        update:    - prompt 0x36516480:     726 tokens, checkpoints:  0,    90.759 MiB
ollama-1  | srv        update:    - prompt 0x371c5be0:     765 tokens, checkpoints:  0,    95.635 MiB
ollama-1  | srv        update:    - prompt 0x3651cdf0:     851 tokens, checkpoints:  0,   106.385 MiB
ollama-1  | srv        update:    - prompt 0x36510eb0:     763 tokens, checkpoints:  0,    95.384 MiB
ollama-1  | srv        update:    - prompt 0x3715ca80:     730 tokens, checkpoints:  0,    91.259 MiB
ollama-1  | srv        update:    - prompt 0x36996dc0:     796 tokens, checkpoints:  0,    99.510 MiB
ollama-1  | srv        update:    - prompt 0x37264940:     709 tokens, checkpoints:  0,    88.634 MiB
ollama-1  | srv        update:    - prompt 0x371b5c80:     800 tokens, checkpoints:  0,   100.010 MiB
ollama-1  | srv        update:    - prompt 0x370b0570:     728 tokens, checkpoints:  0,    91.009 MiB
ollama-1  | srv        update:    - prompt 0x364ffda0:     790 tokens, checkpoints:  0,    98.760 MiB
ollama-1  | srv        update:    - prompt 0x36522570:     780 tokens, checkpoints:  0,    97.510 MiB
ollama-1  | srv        update:    - prompt 0x37b80950:     847 tokens, checkpoints:  0,   105.885 MiB
ollama-1  | srv        update:    - prompt 0x37a562a0:     710 tokens, checkpoints:  0,    88.759 MiB
ollama-1  | srv        update:    - prompt 0x365024f0:     708 tokens, checkpoints:  0,    88.509 MiB
ollama-1  | srv        update:    - prompt 0x37a8eee0:     770 tokens, checkpoints:  0,    96.260 MiB
ollama-1  | srv        update:    - prompt 0x370b1e10:     717 tokens, checkpoints:  0,    89.634 MiB
ollama-1  | srv        update:    - prompt 0x36537930:     753 tokens, checkpoints:  0,    94.134 MiB
ollama-1  | srv  get_availabl: prompt cache update took 848.38 ms
ollama-1  | slot launch_slot_: id  0 | task -1 | sampler chain: logits -> ?penalties -> ?dry -> ?top-n-sigma -> top-k -> ?typical -> top-p -> ?min-p -> ?xtc -> temp-ext -> dist 
ollama-1  | slot launch_slot_: id  0 | task -1 | sampler params: 
ollama-1  | 	repeat_last_n = 64, repeat_penalty = 1.000, frequency_penalty = 0.000, presence_penalty = 0.000
ollama-1  | 	dry_multiplier = 0.000, dry_base = 1.750, dry_allowed_length = 2, dry_penalty_last_n = 64
ollama-1  | 	top_k = 40, top_p = 0.900, min_p = 0.000, xtc_probability = 0.000, xtc_threshold = 0.100, typical_p = 1.000, top_n_sigma = -1.000, temp = 0.000
ollama-1  | 	mirostat = 0, mirostat_lr = 0.100, mirostat_ent = 5.000, adaptive_target = -1.000, adaptive_decay = 0.900
ollama-1  | slot launch_slot_: id  0 | task 10551 | processing task, is_child = 0
ollama-1  | slot   operator(): id  0 | task 10551 | new prompt, n_ctx_slot = 4096, n_keep = 4, task.n_tokens = 513
ollama-1  | slot   operator(): id  0 | task 10551 | cached n_tokens = 352, memory_seq_rm [352, end)
ollama-1  | slot init_sampler: id  0 | task 10551 | init sampler, took 0.04 ms, tokens: text = 513, total = 513
ollama-1  | slot print_timing: id  0 | task 10551 | prompt eval time =    2336.20 ms /   161 tokens (   14.51 ms per token,    68.92 tokens per second)
ollama-1  | slot print_timing: id  0 | task 10551 |        eval time =     637.25 ms /     9 tokens (   79.66 ms per token,    12.55 tokens per second)
ollama-1  | slot print_timing: id  0 | task 10551 |       total time =    2973.45 ms /   170 tokens
ollama-1  | slot print_timing: id  0 | task 10551 |    graphs reused =       7429
ollama-1  | slot      release: id  0 | task 10551 | stop processing: n_tokens = 521, truncated = 0
ollama-1  | srv  update_slots: all slots are idle
ollama-1  | [GIN] 2026/10/08 - 09:24:00 | 200 | 14.014298679s |      172.21.0.4 | POST     "/api/generate"
ollama-1  | srv  server_strea: conv_id= (empty=1)
ollama-1  | slot get_availabl: id  0 | task -1 |  - checking sim = 0.624 (352/564) > 0.100
ollama-1  | slot get_availabl: id  0 | task -1 | selected slot by LCP similarity, f_sim_best = 0.624 (> 0.100 thold), f_keep = 0.676
ollama-1  | slot launch_slot_: id  0 | task -1 | sampler chain: logits -> ?penalties -> ?dry -> ?top-n-sigma -> top-k -> ?typical -> top-p -> ?min-p -> ?xtc -> temp-ext -> dist 
ollama-1  | slot launch_slot_: id  0 | task -1 | sampler params: 
ollama-1  | 	repeat_last_n = 64, repeat_penalty = 1.000, frequency_penalty = 0.000, presence_penalty = 0.000
ollama-1  | 	dry_multiplier = 0.000, dry_base = 1.750, dry_allowed_length = 2, dry_penalty_last_n = 64
ollama-1  | 	top_k = 40, top_p = 0.900, min_p = 0.000, xtc_probability = 0.000, xtc_threshold = 0.100, typical_p = 1.000, top_n_sigma = -1.000, temp = 0.000
ollama-1  | 	mirostat = 0, mirostat_lr = 0.100, mirostat_ent = 5.000, adaptive_target = -1.000, adaptive_decay = 0.900
ollama-1  | slot launch_slot_: id  0 | task 10561 | processing task, is_child = 0
ollama-1  | slot   operator(): id  0 | task 10561 | new prompt, n_ctx_slot = 4096, n_keep = 4, task.n_tokens = 564
ollama-1  | slot   operator(): id  0 | task 10561 | cached n_tokens = 352, memory_seq_rm [352, end)
ollama-1  | slot init_sampler: id  0 | task 10561 | init sampler, took 0.06 ms, tokens: text = 564, total = 564
ollama-1  | [GIN] 2026/10/08 - 09:24:01 | 200 |      29.168µs |       127.0.0.1 | HEAD     "/"
ollama-1  | [GIN] 2026/10/08 - 09:24:01 | 200 |    1.462037ms |       127.0.0.1 | GET      "/api/tags"
ollama-1  | slot print_timing: id  0 | task 10561 | prompt eval time =    3103.03 ms /   212 tokens (   14.64 ms per token,    68.32 tokens per second)
ollama-1  | slot print_timing: id  0 | task 10561 |        eval time =     619.09 ms /     9 tokens (   77.39 ms per token,    12.92 tokens per second)
ollama-1  | slot print_timing: id  0 | task 10561 |       total time =    3722.12 ms /   221 tokens
ollama-1  | slot print_timing: id  0 | task 10561 |    graphs reused =       7436
ollama-1  | slot      release: id  0 | task 10561 | stop processing: n_tokens = 572, truncated = 0
ollama-1  | srv  update_slots: all slots are idle
ollama-1  | [GIN] 2026/10/08 - 09:24:03 | 200 | 17.422727761s |      172.21.0.4 | POST     "/api/generate"
ollama-1  | srv  server_strea: conv_id= (empty=1)
ollama-1  | slot get_availabl: id  0 | task -1 |  - checking sim = 0.445 (350/786) > 0.100
ollama-1  | slot get_availabl: id  0 | task -1 | selected slot by LCP similarity, f_sim_best = 0.445 (> 0.100 thold), f_keep = 0.612
ollama-1  | slot launch_slot_: id  0 | task -1 | sampler chain: logits -> ?penalties -> ?dry -> ?top-n-sigma -> top-k -> ?typical -> top-p -> ?min-p -> ?xtc -> temp-ext -> dist 
ollama-1  | slot launch_slot_: id  0 | task -1 | sampler params: 
ollama-1  | 	repeat_last_n = 64, repeat_penalty = 1.000, frequency_penalty = 0.000, presence_penalty = 0.000
ollama-1  | 	dry_multiplier = 0.000, dry_base = 1.750, dry_allowed_length = 2, dry_penalty_last_n = 64
ollama-1  | 	top_k = 40, top_p = 0.900, min_p = 0.000, xtc_probability = 0.000, xtc_threshold = 0.100, typical_p = 1.000, top_n_sigma = -1.000, temp = 0.000
ollama-1  | 	mirostat = 0, mirostat_lr = 0.100, mirostat_ent = 5.000, adaptive_target = -1.000, adaptive_decay = 0.900
ollama-1  | slot launch_slot_: id  0 | task 10571 | processing task, is_child = 0
ollama-1  | slot   operator(): id  0 | task 10571 | new prompt, n_ctx_slot = 4096, n_keep = 4, task.n_tokens = 786
ollama-1  | slot   operator(): id  0 | task 10571 | cached n_tokens = 350, memory_seq_rm [350, end)
ollama-1  | slot init_sampler: id  0 | task 10571 | init sampler, took 0.09 ms, tokens: text = 786, total = 786
ollama-1  | slot print_timing: id  0 | task 10571 | prompt eval time =    6218.15 ms /   436 tokens (   14.26 ms per token,    70.12 tokens per second)
ollama-1  | slot print_timing: id  0 | task 10571 |        eval time =     579.94 ms /     9 tokens (   72.49 ms per token,    13.79 tokens per second)
ollama-1  | slot print_timing: id  0 | task 10571 |       total time =    6798.09 ms /   445 tokens
ollama-1  | slot print_timing: id  0 | task 10571 |    graphs reused =       7443
ollama-1  | slot      release: id  0 | task 10571 | stop processing: n_tokens = 794, truncated = 0
ollama-1  | srv  update_slots: all slots are idle
ollama-1  | [GIN] 2026/10/08 - 09:24:10 | 200 | 23.354388917s |      172.21.0.4 | POST     "/api/generate"
ollama-1  | srv  server_strea: conv_id= (empty=1)
ollama-1  | slot get_availabl: id  0 | task -1 |  - checking sim = 0.621 (350/564) > 0.100
ollama-1  | slot get_availabl: id  0 | task -1 | selected slot by LCP similarity, f_sim_best = 0.621 (> 0.100 thold), f_keep = 0.441
ollama-1  | srv  get_availabl: updating prompt cache
ollama-1  | srv   prompt_save:  - saving prompt with length 794, total state size = 99.260 MiB (draft: 0.000 MiB)
ollama-1  | srv         alloc:  - prompt is already in the cache, skipping
ollama-1  | srv          load:  - looking for better prompt, base f_keep = 0.441, f_sim = 0.621
ollama-1  | srv          load:    - prompt with length     782, lcp =     350, f_keep = 0.448, f_sim = 0.621
ollama-1  | srv          load:    - prompt with length     794, lcp =     350, f_keep = 0.441, f_sim = 0.621
ollama-1  | srv          load:    - prompt with length     753, lcp =     350, f_keep = 0.465, f_sim = 0.621
ollama-1  | srv          load:    - prompt with length     730, lcp =     350, f_keep = 0.479, f_sim = 0.621
ollama-1  | srv          load:    - prompt with length     828, lcp =     350, f_keep = 0.423, f_sim = 0.621
ollama-1  | srv          load:    - prompt with length     844, lcp =     350, f_keep = 0.415, f_sim = 0.621
ollama-1  | srv          load:    - prompt with length     846, lcp =     350, f_keep = 0.414, f_sim = 0.621
ollama-1  | srv          load:    - prompt with length     892, lcp =     350, f_keep = 0.392, f_sim = 0.621
ollama-1  | srv          load:    - prompt with length     778, lcp =     350, f_keep = 0.450, f_sim = 0.621
ollama-1  | srv          load:    - prompt with length     788, lcp =     350, f_keep = 0.444, f_sim = 0.621
ollama-1  | srv          load:    - prompt with length    1176, lcp =     350, f_keep = 0.298, f_sim = 0.621
ollama-1  | srv          load:    - prompt with length     726, lcp =     350, f_keep = 0.482, f_sim = 0.621
ollama-1  | srv          load:    - prompt with length     765, lcp =     350, f_keep = 0.458, f_sim = 0.621
ollama-1  | srv          load:    - prompt with length     851, lcp =     350, f_keep = 0.411, f_sim = 0.621
ollama-1  | srv          load:    - prompt with length     763, lcp =     350, f_keep = 0.459, f_sim = 0.621
ollama-1  | srv          load:    - prompt with length     730, lcp =     350, f_keep = 0.479, f_sim = 0.621
ollama-1  | srv          load:    - prompt with length     796, lcp =     350, f_keep = 0.440, f_sim = 0.621
ollama-1  | srv          load:    - prompt with length     709, lcp =     350, f_keep = 0.494, f_sim = 0.621
ollama-1  | srv          load:    - prompt with length     800, lcp =     350, f_keep = 0.438, f_sim = 0.621
ollama-1  | srv          load:    - prompt with length     728, lcp =     350, f_keep = 0.481, f_sim = 0.621
ollama-1  | srv          load:    - prompt with length     790, lcp =     350, f_keep = 0.443, f_sim = 0.621
ollama-1  | srv          load:    - prompt with length     780, lcp =     350, f_keep = 0.449, f_sim = 0.621
ollama-1  | srv          load:    - prompt with length     847, lcp =     350, f_keep = 0.413, f_sim = 0.621
ollama-1  | srv          load:    - prompt with length     710, lcp =     350, f_keep = 0.493, f_sim = 0.621
ollama-1  | srv          load:    - prompt with length     708, lcp =     350, f_keep = 0.494, f_sim = 0.621
ollama-1  | srv          load:    - prompt with length     770, lcp =     350, f_keep = 0.455, f_sim = 0.621
ollama-1  | srv          load:    - prompt with length     717, lcp =     350, f_keep = 0.488, f_sim = 0.621
ollama-1  | srv          load:    - prompt with length     753, lcp =     350, f_keep = 0.465, f_sim = 0.621
ollama-1  | srv        update:  - cache state: 28 prompts, 2769.525 MiB (limits: 8192.000 MiB, 4096 tokens, 65529 est)
ollama-1  | srv        update:    - prompt 0x36524940:     782 tokens, checkpoints:  0,    97.760 MiB
ollama-1  | srv        update:    - prompt 0x36524a40:     794 tokens, checkpoints:  0,    99.260 MiB
ollama-1  | srv        update:    - prompt 0x36521d10:     753 tokens, checkpoints:  0,    94.134 MiB
ollama-1  | srv        update:    - prompt 0x36521c60:     730 tokens, checkpoints:  0,    91.259 MiB
ollama-1  | srv        update:    - prompt 0x36521bb0:     828 tokens, checkpoints:  0,   103.510 MiB
ollama-1  | srv        update:    - prompt 0x3652bd10:     844 tokens, checkpoints:  0,   105.510 MiB
ollama-1  | srv        update:    - prompt 0x3724fc20:     846 tokens, checkpoints:  0,   105.760 MiB
ollama-1  | srv        update:    - prompt 0x3651c680:     892 tokens, checkpoints:  0,   111.511 MiB
ollama-1  | srv        update:    - prompt 0x36504320:     778 tokens, checkpoints:  0,    97.260 MiB
ollama-1  | srv        update:    - prompt 0x371021f0:     788 tokens, checkpoints:  0,    98.510 MiB
ollama-1  | srv        update:    - prompt 0x3724a9f0:    1176 tokens, checkpoints:  0,   147.014 MiB
ollama-1  | srv        update:    - prompt 0x36516480:     726 tokens, checkpoints:  0,    90.759 MiB
ollama-1  | srv        update:    - prompt 0x371c5be0:     765 tokens, checkpoints:  0,    95.635 MiB
ollama-1  | srv        update:    - prompt 0x3651cdf0:     851 tokens, checkpoints:  0,   106.385 MiB
ollama-1  | srv        update:    - prompt 0x36510eb0:     763 tokens, checkpoints:  0,    95.384 MiB
ollama-1  | srv        update:    - prompt 0x3715ca80:     730 tokens, checkpoints:  0,    91.259 MiB
ollama-1  | srv        update:    - prompt 0x36996dc0:     796 tokens, checkpoints:  0,    99.510 MiB
ollama-1  | srv        update:    - prompt 0x37264940:     709 tokens, checkpoints:  0,    88.634 MiB
ollama-1  | srv        update:    - prompt 0x371b5c80:     800 tokens, checkpoints:  0,   100.010 MiB
ollama-1  | srv        update:    - prompt 0x370b0570:     728 tokens, checkpoints:  0,    91.009 MiB
ollama-1  | srv        update:    - prompt 0x364ffda0:     790 tokens, checkpoints:  0,    98.760 MiB
ollama-1  | srv        update:    - prompt 0x36522570:     780 tokens, checkpoints:  0,    97.510 MiB
ollama-1  | srv        update:    - prompt 0x37b80950:     847 tokens, checkpoints:  0,   105.885 MiB
ollama-1  | srv        update:    - prompt 0x37a562a0:     710 tokens, checkpoints:  0,    88.759 MiB
ollama-1  | srv        update:    - prompt 0x365024f0:     708 tokens, checkpoints:  0,    88.509 MiB
ollama-1  | srv        update:    - prompt 0x37a8eee0:     770 tokens, checkpoints:  0,    96.260 MiB
ollama-1  | srv        update:    - prompt 0x370b1e10:     717 tokens, checkpoints:  0,    89.634 MiB
ollama-1  | srv        update:    - prompt 0x36537930:     753 tokens, checkpoints:  0,    94.134 MiB
ollama-1  | srv  get_availabl: prompt cache update took 0.14 ms
ollama-1  | slot launch_slot_: id  0 | task -1 | sampler chain: logits -> ?penalties -> ?dry -> ?top-n-sigma -> top-k -> ?typical -> top-p -> ?min-p -> ?xtc -> temp-ext -> dist 
ollama-1  | slot launch_slot_: id  0 | task -1 | sampler params: 
ollama-1  | 	repeat_last_n = 64, repeat_penalty = 1.000, frequency_penalty = 0.000, presence_penalty = 0.000
ollama-1  | 	dry_multiplier = 0.000, dry_base = 1.750, dry_allowed_length = 2, dry_penalty_last_n = 64
ollama-1  | 	top_k = 40, top_p = 0.900, min_p = 0.000, xtc_probability = 0.000, xtc_threshold = 0.100, typical_p = 1.000, top_n_sigma = -1.000, temp = 0.000
ollama-1  | 	mirostat = 0, mirostat_lr = 0.100, mirostat_ent = 5.000, adaptive_target = -1.000, adaptive_decay = 0.900
ollama-1  | slot launch_slot_: id  0 | task 10581 | processing task, is_child = 0
ollama-1  | slot   operator(): id  0 | task 10581 | new prompt, n_ctx_slot = 4096, n_keep = 4, task.n_tokens = 564
ollama-1  | slot   operator(): id  0 | task 10581 | cached n_tokens = 350, memory_seq_rm [350, end)
ollama-1  | slot init_sampler: id  0 | task 10581 | init sampler, took 0.04 ms, tokens: text = 564, total = 564
ollama-1  | [GIN] 2026/10/08 - 09:24:11 | 200 |      28.729µs |       127.0.0.1 | HEAD     "/"
ollama-1  | [GIN] 2026/10/08 - 09:24:11 | 200 |    1.327511ms |       127.0.0.1 | GET      "/api/tags"
ollama-1  | slot print_timing: id  0 | task 10581 | prompt eval time =    3010.78 ms /   214 tokens (   14.07 ms per token,    71.08 tokens per second)
ollama-1  | slot print_timing: id  0 | task 10581 |        eval time =     487.38 ms /     8 tokens (   69.63 ms per token,    14.36 tokens per second)
ollama-1  | slot print_timing: id  0 | task 10581 |       total time =    3498.15 ms /   222 tokens
ollama-1  | slot print_timing: id  0 | task 10581 |    graphs reused =       7449
ollama-1  | slot      release: id  0 | task 10581 | stop processing: n_tokens = 571, truncated = 0
ollama-1  | srv  update_slots: all slots are idle
ollama-1  | [GIN] 2026/10/08 - 09:24:14 | 200 | 24.938078422s |      172.21.0.4 | POST     "/api/generate"
ollama-1  | srv  server_strea: conv_id= (empty=1)
ollama-1  | slot get_availabl: id  0 | task -1 |  - checking sim = 0.795 (350/440) > 0.100
ollama-1  | slot get_availabl: id  0 | task -1 | selected slot by LCP similarity, f_sim_best = 0.795 (> 0.100 thold), f_keep = 0.613
ollama-1  | slot launch_slot_: id  0 | task -1 | sampler chain: logits -> ?penalties -> ?dry -> ?top-n-sigma -> top-k -> ?typical -> top-p -> ?min-p -> ?xtc -> temp-ext -> dist 
ollama-1  | slot launch_slot_: id  0 | task -1 | sampler params: 
ollama-1  | 	repeat_last_n = 64, repeat_penalty = 1.000, frequency_penalty = 0.000, presence_penalty = 0.000
ollama-1  | 	dry_multiplier = 0.000, dry_base = 1.750, dry_allowed_length = 2, dry_penalty_last_n = 64
ollama-1  | 	top_k = 40, top_p = 0.900, min_p = 0.000, xtc_probability = 0.000, xtc_threshold = 0.100, typical_p = 1.000, top_n_sigma = -1.000, temp = 0.000
ollama-1  | 	mirostat = 0, mirostat_lr = 0.100, mirostat_ent = 5.000, adaptive_target = -1.000, adaptive_decay = 0.900
ollama-1  | slot launch_slot_: id  0 | task 10590 | processing task, is_child = 0
ollama-1  | slot   operator(): id  0 | task 10590 | new prompt, n_ctx_slot = 4096, n_keep = 4, task.n_tokens = 440
ollama-1  | slot   operator(): id  0 | task 10590 | cached n_tokens = 350, memory_seq_rm [350, end)
ollama-1  | slot init_sampler: id  0 | task 10590 | init sampler, took 0.04 ms, tokens: text = 440, total = 440
ollama-1  | slot print_timing: id  0 | task 10590 | prompt eval time =    1304.03 ms /    90 tokens (   14.49 ms per token,    69.02 tokens per second)
ollama-1  | slot print_timing: id  0 | task 10590 |        eval time =     597.04 ms /     9 tokens (   74.63 ms per token,    13.40 tokens per second)
ollama-1  | slot print_timing: id  0 | task 10590 |       total time =    1901.06 ms /    99 tokens
ollama-1  | slot print_timing: id  0 | task 10590 |    graphs reused =       7456
ollama-1  | slot      release: id  0 | task 10590 | stop processing: n_tokens = 448, truncated = 0
ollama-1  | srv  update_slots: all slots are idle
ollama-1  | [GIN] 2026/10/08 - 09:24:16 | 200 | 26.756367944s |      172.21.0.4 | POST     "/api/generate"
ollama-1  | srv  server_strea: conv_id= (empty=1)
ollama-1  | slot get_availabl: id  0 | task -1 |  - checking sim = 0.781 (350/448) > 0.100
ollama-1  | slot get_availabl: id  0 | task -1 | selected slot by LCP similarity, f_sim_best = 0.781 (> 0.100 thold), f_keep = 0.781
ollama-1  | slot launch_slot_: id  0 | task -1 | sampler chain: logits -> ?penalties -> ?dry -> ?top-n-sigma -> top-k -> ?typical -> top-p -> ?min-p -> ?xtc -> temp-ext -> dist 
ollama-1  | slot launch_slot_: id  0 | task -1 | sampler params: 
ollama-1  | 	repeat_last_n = 64, repeat_penalty = 1.000, frequency_penalty = 0.000, presence_penalty = 0.000
ollama-1  | 	dry_multiplier = 0.000, dry_base = 1.750, dry_allowed_length = 2, dry_penalty_last_n = 64
ollama-1  | 	top_k = 40, top_p = 0.900, min_p = 0.000, xtc_probability = 0.000, xtc_threshold = 0.100, typical_p = 1.000, top_n_sigma = -1.000, temp = 0.000
ollama-1  | 	mirostat = 0, mirostat_lr = 0.100, mirostat_ent = 5.000, adaptive_target = -1.000, adaptive_decay = 0.900
ollama-1  | slot launch_slot_: id  0 | task 10600 | processing task, is_child = 0
ollama-1  | slot   operator(): id  0 | task 10600 | new prompt, n_ctx_slot = 4096, n_keep = 4, task.n_tokens = 448
ollama-1  | slot   operator(): id  0 | task 10600 | cached n_tokens = 350, memory_seq_rm [350, end)
ollama-1  | slot init_sampler: id  0 | task 10600 | init sampler, took 0.05 ms, tokens: text = 448, total = 448
ollama-1  | slot print_timing: id  0 | task 10600 | prompt eval time =    1469.08 ms /    98 tokens (   14.99 ms per token,    66.71 tokens per second)
ollama-1  | slot print_timing: id  0 | task 10600 |        eval time =     698.72 ms /    10 tokens (   77.64 ms per token,    12.88 tokens per second)
ollama-1  | slot print_timing: id  0 | task 10600 |       total time =    2167.79 ms /   108 tokens
ollama-1  | slot print_timing: id  0 | task 10600 |    graphs reused =       7464
ollama-1  | slot      release: id  0 | task 10600 | stop processing: n_tokens = 457, truncated = 0
ollama-1  | srv  update_slots: all slots are idle
ollama-1  | [GIN] 2026/10/08 - 09:24:18 | 200 | 26.961170989s |      172.21.0.4 | POST     "/api/generate"
ollama-1  | srv  server_strea: conv_id= (empty=1)
ollama-1  | slot get_availabl: id  0 | task -1 |  - checking sim = 0.549 (350/637) > 0.100
ollama-1  | slot get_availabl: id  0 | task -1 | selected slot by LCP similarity, f_sim_best = 0.549 (> 0.100 thold), f_keep = 0.766
ollama-1  | slot launch_slot_: id  0 | task -1 | sampler chain: logits -> ?penalties -> ?dry -> ?top-n-sigma -> top-k -> ?typical -> top-p -> ?min-p -> ?xtc -> temp-ext -> dist 
ollama-1  | slot launch_slot_: id  0 | task -1 | sampler params: 
ollama-1  | 	repeat_last_n = 64, repeat_penalty = 1.000, frequency_penalty = 0.000, presence_penalty = 0.000
ollama-1  | 	dry_multiplier = 0.000, dry_base = 1.750, dry_allowed_length = 2, dry_penalty_last_n = 64
ollama-1  | 	top_k = 40, top_p = 0.900, min_p = 0.000, xtc_probability = 0.000, xtc_threshold = 0.100, typical_p = 1.000, top_n_sigma = -1.000, temp = 0.000
ollama-1  | 	mirostat = 0, mirostat_lr = 0.100, mirostat_ent = 5.000, adaptive_target = -1.000, adaptive_decay = 0.900
ollama-1  | slot launch_slot_: id  0 | task 10611 | processing task, is_child = 0
ollama-1  | slot   operator(): id  0 | task 10611 | new prompt, n_ctx_slot = 4096, n_keep = 4, task.n_tokens = 637
ollama-1  | slot   operator(): id  0 | task 10611 | cached n_tokens = 350, memory_seq_rm [350, end)
ollama-1  | slot init_sampler: id  0 | task 10611 | init sampler, took 0.05 ms, tokens: text = 637, total = 637
ollama-1  | [GIN] 2026/10/08 - 09:24:21 | 200 |      22.542µs |       127.0.0.1 | HEAD     "/"
ollama-1  | [GIN] 2026/10/08 - 09:24:21 | 200 |    1.772742ms |       127.0.0.1 | GET      "/api/tags"
ollama-1  | slot print_timing: id  0 | task 10611 | prompt eval time =    4206.44 ms /   287 tokens (   14.66 ms per token,    68.23 tokens per second)
ollama-1  | slot print_timing: id  0 | task 10611 |        eval time =     581.24 ms /     9 tokens (   72.66 ms per token,    13.76 tokens per second)
ollama-1  | slot print_timing: id  0 | task 10611 |       total time =    4787.68 ms /   296 tokens
ollama-1  | slot print_timing: id  0 | task 10611 |    graphs reused =       7471
ollama-1  | slot      release: id  0 | task 10611 | stop processing: n_tokens = 645, truncated = 0
ollama-1  | srv  update_slots: all slots are idle
ollama-1  | [GIN] 2026/10/08 - 09:24:23 | 200 | 30.954480647s |      172.21.0.4 | POST     "/api/generate"
ollama-1  | srv  server_strea: conv_id= (empty=1)
ollama-1  | slot get_availabl: id  0 | task -1 |  - checking sim = 0.470 (350/744) > 0.100
ollama-1  | slot get_availabl: id  0 | task -1 | selected slot by LCP similarity, f_sim_best = 0.470 (> 0.100 thold), f_keep = 0.543
ollama-1  | slot launch_slot_: id  0 | task -1 | sampler chain: logits -> ?penalties -> ?dry -> ?top-n-sigma -> top-k -> ?typical -> top-p -> ?min-p -> ?xtc -> temp-ext -> dist 
ollama-1  | slot launch_slot_: id  0 | task -1 | sampler params: 
ollama-1  | 	repeat_last_n = 64, repeat_penalty = 1.000, frequency_penalty = 0.000, presence_penalty = 0.000
ollama-1  | 	dry_multiplier = 0.000, dry_base = 1.750, dry_allowed_length = 2, dry_penalty_last_n = 64
ollama-1  | 	top_k = 40, top_p = 0.900, min_p = 0.000, xtc_probability = 0.000, xtc_threshold = 0.100, typical_p = 1.000, top_n_sigma = -1.000, temp = 0.000
ollama-1  | 	mirostat = 0, mirostat_lr = 0.100, mirostat_ent = 5.000, adaptive_target = -1.000, adaptive_decay = 0.900
ollama-1  | slot launch_slot_: id  0 | task 10621 | processing task, is_child = 0
ollama-1  | slot   operator(): id  0 | task 10621 | new prompt, n_ctx_slot = 4096, n_keep = 4, task.n_tokens = 744
ollama-1  | slot   operator(): id  0 | task 10621 | cached n_tokens = 350, memory_seq_rm [350, end)
ollama-1  | slot init_sampler: id  0 | task 10621 | init sampler, took 0.08 ms, tokens: text = 744, total = 744
ollama-1  | slot print_timing: id  0 | task 10621 | prompt eval time =    5669.23 ms /   394 tokens (   14.39 ms per token,    69.50 tokens per second)
ollama-1  | slot print_timing: id  0 | task 10621 |        eval time =     622.97 ms /    10 tokens (   69.22 ms per token,    14.45 tokens per second)
ollama-1  | slot print_timing: id  0 | task 10621 |       total time =    6292.19 ms /   404 tokens
ollama-1  | slot print_timing: id  0 | task 10621 |    graphs reused =       7479
ollama-1  | slot      release: id  0 | task 10621 | stop processing: n_tokens = 753, truncated = 0
ollama-1  | srv  update_slots: all slots are idle
ollama-1  | [GIN] 2026/10/08 - 09:24:30 | 200 | 37.225892148s |      172.21.0.4 | POST     "/api/generate"
ollama-1  | srv  server_strea: conv_id= (empty=1)
ollama-1  | slot get_availabl: id  0 | task -1 |  - checking sim = 0.519 (350/674) > 0.100
ollama-1  | slot get_availabl: id  0 | task -1 | selected slot by LCP similarity, f_sim_best = 0.519 (> 0.100 thold), f_keep = 0.465
ollama-1  | srv  get_availabl: updating prompt cache
ollama-1  | srv   prompt_save:  - saving prompt with length 753, total state size = 94.134 MiB (draft: 0.000 MiB)
ollama-1  | srv         alloc:  - prompt is already in the cache, skipping
ollama-1  | srv          load:  - looking for better prompt, base f_keep = 0.465, f_sim = 0.519
ollama-1  | srv          load:    - prompt with length     782, lcp =     350, f_keep = 0.448, f_sim = 0.519
ollama-1  | srv          load:    - prompt with length     794, lcp =     350, f_keep = 0.441, f_sim = 0.519
ollama-1  | srv          load:    - prompt with length     753, lcp =     350, f_keep = 0.465, f_sim = 0.519
ollama-1  | srv          load:    - prompt with length     730, lcp =     350, f_keep = 0.479, f_sim = 0.519
ollama-1  | srv          load:    - prompt with length     828, lcp =     350, f_keep = 0.423, f_sim = 0.519
ollama-1  | srv          load:    - prompt with length     844, lcp =     350, f_keep = 0.415, f_sim = 0.519
ollama-1  | srv          load:    - prompt with length     846, lcp =     350, f_keep = 0.414, f_sim = 0.519
ollama-1  | srv          load:    - prompt with length     892, lcp =     350, f_keep = 0.392, f_sim = 0.519
ollama-1  | srv          load:    - prompt with length     778, lcp =     350, f_keep = 0.450, f_sim = 0.519
ollama-1  | srv          load:    - prompt with length     788, lcp =     350, f_keep = 0.444, f_sim = 0.519
ollama-1  | srv          load:    - prompt with length    1176, lcp =     350, f_keep = 0.298, f_sim = 0.519
ollama-1  | srv          load:    - prompt with length     726, lcp =     350, f_keep = 0.482, f_sim = 0.519
ollama-1  | srv          load:    - prompt with length     765, lcp =     350, f_keep = 0.458, f_sim = 0.519
ollama-1  | srv          load:    - prompt with length     851, lcp =     350, f_keep = 0.411, f_sim = 0.519
ollama-1  | srv          load:    - prompt with length     763, lcp =     350, f_keep = 0.459, f_sim = 0.519
ollama-1  | srv          load:    - prompt with length     730, lcp =     350, f_keep = 0.479, f_sim = 0.519
ollama-1  | srv          load:    - prompt with length     796, lcp =     350, f_keep = 0.440, f_sim = 0.519
ollama-1  | srv          load:    - prompt with length     709, lcp =     350, f_keep = 0.494, f_sim = 0.519
ollama-1  | srv          load:    - prompt with length     800, lcp =     350, f_keep = 0.438, f_sim = 0.519
ollama-1  | srv          load:    - prompt with length     728, lcp =     350, f_keep = 0.481, f_sim = 0.519
ollama-1  | srv          load:    - prompt with length     790, lcp =     350, f_keep = 0.443, f_sim = 0.519
ollama-1  | srv          load:    - prompt with length     780, lcp =     350, f_keep = 0.449, f_sim = 0.519
ollama-1  | srv          load:    - prompt with length     847, lcp =     350, f_keep = 0.413, f_sim = 0.519
ollama-1  | srv          load:    - prompt with length     710, lcp =     350, f_keep = 0.493, f_sim = 0.519
ollama-1  | srv          load:    - prompt with length     708, lcp =     350, f_keep = 0.494, f_sim = 0.519
ollama-1  | srv          load:    - prompt with length     770, lcp =     350, f_keep = 0.455, f_sim = 0.519
ollama-1  | srv          load:    - prompt with length     717, lcp =     350, f_keep = 0.488, f_sim = 0.519
ollama-1  | srv          load:    - prompt with length     753, lcp =     350, f_keep = 0.465, f_sim = 0.519
ollama-1  | srv        update:  - cache state: 28 prompts, 2769.525 MiB (limits: 8192.000 MiB, 4096 tokens, 65529 est)
ollama-1  | srv        update:    - prompt 0x36524940:     782 tokens, checkpoints:  0,    97.760 MiB
ollama-1  | srv        update:    - prompt 0x36524a40:     794 tokens, checkpoints:  0,    99.260 MiB
ollama-1  | srv        update:    - prompt 0x36521d10:     753 tokens, checkpoints:  0,    94.134 MiB
ollama-1  | srv        update:    - prompt 0x36521c60:     730 tokens, checkpoints:  0,    91.259 MiB
ollama-1  | srv        update:    - prompt 0x36521bb0:     828 tokens, checkpoints:  0,   103.510 MiB
ollama-1  | srv        update:    - prompt 0x3652bd10:     844 tokens, checkpoints:  0,   105.510 MiB
ollama-1  | srv        update:    - prompt 0x3724fc20:     846 tokens, checkpoints:  0,   105.760 MiB
ollama-1  | srv        update:    - prompt 0x3651c680:     892 tokens, checkpoints:  0,   111.511 MiB
ollama-1  | srv        update:    - prompt 0x36504320:     778 tokens, checkpoints:  0,    97.260 MiB
ollama-1  | srv        update:    - prompt 0x371021f0:     788 tokens, checkpoints:  0,    98.510 MiB
ollama-1  | srv        update:    - prompt 0x3724a9f0:    1176 tokens, checkpoints:  0,   147.014 MiB
ollama-1  | srv        update:    - prompt 0x36516480:     726 tokens, checkpoints:  0,    90.759 MiB
ollama-1  | srv        update:    - prompt 0x371c5be0:     765 tokens, checkpoints:  0,    95.635 MiB
ollama-1  | srv        update:    - prompt 0x3651cdf0:     851 tokens, checkpoints:  0,   106.385 MiB
ollama-1  | srv        update:    - prompt 0x36510eb0:     763 tokens, checkpoints:  0,    95.384 MiB
ollama-1  | srv        update:    - prompt 0x3715ca80:     730 tokens, checkpoints:  0,    91.259 MiB
ollama-1  | srv        update:    - prompt 0x36996dc0:     796 tokens, checkpoints:  0,    99.510 MiB
ollama-1  | srv        update:    - prompt 0x37264940:     709 tokens, checkpoints:  0,    88.634 MiB
ollama-1  | srv        update:    - prompt 0x371b5c80:     800 tokens, checkpoints:  0,   100.010 MiB
ollama-1  | srv        update:    - prompt 0x370b0570:     728 tokens, checkpoints:  0,    91.009 MiB
ollama-1  | srv        update:    - prompt 0x364ffda0:     790 tokens, checkpoints:  0,    98.760 MiB
ollama-1  | srv        update:    - prompt 0x36522570:     780 tokens, checkpoints:  0,    97.510 MiB
ollama-1  | srv        update:    - prompt 0x37b80950:     847 tokens, checkpoints:  0,   105.885 MiB
ollama-1  | srv        update:    - prompt 0x37a562a0:     710 tokens, checkpoints:  0,    88.759 MiB
ollama-1  | srv        update:    - prompt 0x365024f0:     708 tokens, checkpoints:  0,    88.509 MiB
ollama-1  | srv        update:    - prompt 0x37a8eee0:     770 tokens, checkpoints:  0,    96.260 MiB
ollama-1  | srv        update:    - prompt 0x370b1e10:     717 tokens, checkpoints:  0,    89.634 MiB
ollama-1  | srv        update:    - prompt 0x36537930:     753 tokens, checkpoints:  0,    94.134 MiB
ollama-1  | srv  get_availabl: prompt cache update took 0.15 ms
ollama-1  | slot launch_slot_: id  0 | task -1 | sampler chain: logits -> ?penalties -> ?dry -> ?top-n-sigma -> top-k -> ?typical -> top-p -> ?min-p -> ?xtc -> temp-ext -> dist 
ollama-1  | slot launch_slot_: id  0 | task -1 | sampler params: 
ollama-1  | 	repeat_last_n = 64, repeat_penalty = 1.000, frequency_penalty = 0.000, presence_penalty = 0.000
ollama-1  | 	dry_multiplier = 0.000, dry_base = 1.750, dry_allowed_length = 2, dry_penalty_last_n = 64
ollama-1  | 	top_k = 40, top_p = 0.900, min_p = 0.000, xtc_probability = 0.000, xtc_threshold = 0.100, typical_p = 1.000, top_n_sigma = -1.000, temp = 0.000
ollama-1  | 	mirostat = 0, mirostat_lr = 0.100, mirostat_ent = 5.000, adaptive_target = -1.000, adaptive_decay = 0.900
ollama-1  | slot launch_slot_: id  0 | task 10632 | processing task, is_child = 0
ollama-1  | slot   operator(): id  0 | task 10632 | new prompt, n_ctx_slot = 4096, n_keep = 4, task.n_tokens = 674
ollama-1  | slot   operator(): id  0 | task 10632 | cached n_tokens = 350, memory_seq_rm [350, end)
ollama-1  | slot init_sampler: id  0 | task 10632 | init sampler, took 0.06 ms, tokens: text = 674, total = 674
ollama-1  | [GIN] 2026/10/08 - 09:24:32 | 200 |      24.436µs |       127.0.0.1 | HEAD     "/"
ollama-1  | [GIN] 2026/10/08 - 09:24:32 | 200 |     991.923µs |       127.0.0.1 | GET      "/api/tags"
ollama-1  | slot print_timing: id  0 | task 10632 | prompt eval time =    4579.24 ms /   324 tokens (   14.13 ms per token,    70.75 tokens per second)
ollama-1  | slot print_timing: id  0 | task 10632 |        eval time =     566.97 ms /     9 tokens (   70.87 ms per token,    14.11 tokens per second)
ollama-1  | slot print_timing: id  0 | task 10632 |       total time =    5146.21 ms /   333 tokens
ollama-1  | slot print_timing: id  0 | task 10632 |    graphs reused =       7486
ollama-1  | slot      release: id  0 | task 10632 | stop processing: n_tokens = 682, truncated = 0
ollama-1  | srv  update_slots: all slots are idle
ollama-1  | [GIN] 2026/10/08 - 09:24:35 | 200 | 41.639386827s |      172.21.0.4 | POST     "/api/generate"
ollama-1  | srv  server_strea: conv_id= (empty=1)
ollama-1  | slot get_availabl: id  0 | task -1 |  - checking sim = 0.719 (350/487) > 0.100
ollama-1  | slot get_availabl: id  0 | task -1 | selected slot by LCP similarity, f_sim_best = 0.719 (> 0.100 thold), f_keep = 0.513
ollama-1  | slot launch_slot_: id  0 | task -1 | sampler chain: logits -> ?penalties -> ?dry -> ?top-n-sigma -> top-k -> ?typical -> top-p -> ?min-p -> ?xtc -> temp-ext -> dist 
ollama-1  | slot launch_slot_: id  0 | task -1 | sampler params: 
ollama-1  | 	repeat_last_n = 64, repeat_penalty = 1.000, frequency_penalty = 0.000, presence_penalty = 0.000
ollama-1  | 	dry_multiplier = 0.000, dry_base = 1.750, dry_allowed_length = 2, dry_penalty_last_n = 64
ollama-1  | 	top_k = 40, top_p = 0.900, min_p = 0.000, xtc_probability = 0.000, xtc_threshold = 0.100, typical_p = 1.000, top_n_sigma = -1.000, temp = 0.000
ollama-1  | 	mirostat = 0, mirostat_lr = 0.100, mirostat_ent = 5.000, adaptive_target = -1.000, adaptive_decay = 0.900
ollama-1  | slot launch_slot_: id  0 | task 10642 | processing task, is_child = 0
ollama-1  | slot   operator(): id  0 | task 10642 | new prompt, n_ctx_slot = 4096, n_keep = 4, task.n_tokens = 487
ollama-1  | slot   operator(): id  0 | task 10642 | cached n_tokens = 350, memory_seq_rm [350, end)
ollama-1  | slot init_sampler: id  0 | task 10642 | init sampler, took 0.04 ms, tokens: text = 487, total = 487
ollama-1  | slot print_timing: id  0 | task 10642 | prompt eval time =    2027.50 ms /   137 tokens (   14.80 ms per token,    67.57 tokens per second)
ollama-1  | slot print_timing: id  0 | task 10642 |        eval time =     577.30 ms /     9 tokens (   72.16 ms per token,    13.86 tokens per second)
ollama-1  | slot print_timing: id  0 | task 10642 |       total time =    2604.80 ms /   146 tokens
ollama-1  | slot print_timing: id  0 | task 10642 |    graphs reused =       7493
ollama-1  | slot      release: id  0 | task 10642 | stop processing: n_tokens = 495, truncated = 0
ollama-1  | srv  update_slots: all slots are idle
ollama-1  | [GIN] 2026/10/08 - 09:24:38 | 200 | 44.076912623s |      172.21.0.4 | POST     "/api/generate"
ollama-1  | srv  server_strea: conv_id= (empty=1)
ollama-1  | slot get_availabl: id  0 | task -1 |  - checking sim = 0.690 (350/507) > 0.100
ollama-1  | slot get_availabl: id  0 | task -1 | selected slot by LCP similarity, f_sim_best = 0.690 (> 0.100 thold), f_keep = 0.707
ollama-1  | slot launch_slot_: id  0 | task -1 | sampler chain: logits -> ?penalties -> ?dry -> ?top-n-sigma -> top-k -> ?typical -> top-p -> ?min-p -> ?xtc -> temp-ext -> dist 
ollama-1  | slot launch_slot_: id  0 | task -1 | sampler params: 
ollama-1  | 	repeat_last_n = 64, repeat_penalty = 1.000, frequency_penalty = 0.000, presence_penalty = 0.000
ollama-1  | 	dry_multiplier = 0.000, dry_base = 1.750, dry_allowed_length = 2, dry_penalty_last_n = 64
ollama-1  | 	top_k = 40, top_p = 0.900, min_p = 0.000, xtc_probability = 0.000, xtc_threshold = 0.100, typical_p = 1.000, top_n_sigma = -1.000, temp = 0.000
ollama-1  | 	mirostat = 0, mirostat_lr = 0.100, mirostat_ent = 5.000, adaptive_target = -1.000, adaptive_decay = 0.900
ollama-1  | slot launch_slot_: id  0 | task 10652 | processing task, is_child = 0
ollama-1  | slot   operator(): id  0 | task 10652 | new prompt, n_ctx_slot = 4096, n_keep = 4, task.n_tokens = 507
ollama-1  | slot   operator(): id  0 | task 10652 | cached n_tokens = 350, memory_seq_rm [350, end)
ollama-1  | slot init_sampler: id  0 | task 10652 | init sampler, took 0.04 ms, tokens: text = 507, total = 507
ollama-1  | slot print_timing: id  0 | task 10652 | prompt eval time =    2320.43 ms /   157 tokens (   14.78 ms per token,    67.66 tokens per second)
ollama-1  | slot print_timing: id  0 | task 10652 |        eval time =     566.96 ms /     9 tokens (   70.87 ms per token,    14.11 tokens per second)
ollama-1  | slot print_timing: id  0 | task 10652 |       total time =    2887.39 ms /   166 tokens
ollama-1  | slot print_timing: id  0 | task 10652 |    graphs reused =       7499
ollama-1  | slot      release: id  0 | task 10652 | stop processing: n_tokens = 515, truncated = 0
ollama-1  | srv  update_slots: all slots are idle
ollama-1  | [GIN] 2026/10/08 - 09:24:41 | 200 | 46.109642366s |      172.21.0.4 | POST     "/api/generate"
ollama-1  | srv  server_strea: conv_id= (empty=1)
ollama-1  | slot get_availabl: id  0 | task -1 |  - checking sim = 0.485 (350/721) > 0.100
ollama-1  | slot get_availabl: id  0 | task -1 | selected slot by LCP similarity, f_sim_best = 0.485 (> 0.100 thold), f_keep = 0.680
ollama-1  | slot launch_slot_: id  0 | task -1 | sampler chain: logits -> ?penalties -> ?dry -> ?top-n-sigma -> top-k -> ?typical -> top-p -> ?min-p -> ?xtc -> temp-ext -> dist 
ollama-1  | slot launch_slot_: id  0 | task -1 | sampler params: 
ollama-1  | 	repeat_last_n = 64, repeat_penalty = 1.000, frequency_penalty = 0.000, presence_penalty = 0.000
ollama-1  | 	dry_multiplier = 0.000, dry_base = 1.750, dry_allowed_length = 2, dry_penalty_last_n = 64
ollama-1  | 	top_k = 40, top_p = 0.900, min_p = 0.000, xtc_probability = 0.000, xtc_threshold = 0.100, typical_p = 1.000, top_n_sigma = -1.000, temp = 0.000
ollama-1  | 	mirostat = 0, mirostat_lr = 0.100, mirostat_ent = 5.000, adaptive_target = -1.000, adaptive_decay = 0.900
ollama-1  | slot launch_slot_: id  0 | task 10662 | processing task, is_child = 0
ollama-1  | slot   operator(): id  0 | task 10662 | new prompt, n_ctx_slot = 4096, n_keep = 4, task.n_tokens = 721
ollama-1  | slot   operator(): id  0 | task 10662 | cached n_tokens = 350, memory_seq_rm [350, end)
ollama-1  | slot init_sampler: id  0 | task 10662 | init sampler, took 0.06 ms, tokens: text = 721, total = 721
ollama-1  | [GIN] 2026/10/08 - 09:24:42 | 200 |      31.277µs |       127.0.0.1 | HEAD     "/"
ollama-1  | [GIN] 2026/10/08 - 09:24:42 | 200 |    3.810583ms |       127.0.0.1 | GET      "/api/tags"
ollama-1  | slot print_timing: id  0 | task 10662 | prompt eval time =    5245.92 ms /   371 tokens (   14.14 ms per token,    70.72 tokens per second)
ollama-1  | slot print_timing: id  0 | task 10662 |        eval time =     622.15 ms /    10 tokens (   69.13 ms per token,    14.47 tokens per second)
ollama-1  | slot print_timing: id  0 | task 10662 |       total time =    5868.07 ms /   381 tokens
ollama-1  | slot print_timing: id  0 | task 10662 |    graphs reused =       7507
ollama-1  | slot      release: id  0 | task 10662 | stop processing: n_tokens = 730, truncated = 0
ollama-1  | srv  update_slots: all slots are idle
ollama-1  | [GIN] 2026/10/08 - 09:24:47 | 200 | 48.127488604s |      172.21.0.4 | POST     "/api/generate"
ollama-1  | srv  server_strea: conv_id= (empty=1)
ollama-1  | slot get_availabl: id  0 | task -1 |  - checking sim = 0.678 (350/516) > 0.100
ollama-1  | slot get_availabl: id  0 | task -1 | selected slot by LCP similarity, f_sim_best = 0.678 (> 0.100 thold), f_keep = 0.479
ollama-1  | srv  get_availabl: updating prompt cache
ollama-1  | srv   prompt_save:  - saving prompt with length 730, total state size = 91.259 MiB (draft: 0.000 MiB)
ollama-1  | srv         alloc:  - prompt is already in the cache, skipping
ollama-1  | srv          load:  - looking for better prompt, base f_keep = 0.479, f_sim = 0.678
ollama-1  | srv          load:    - prompt with length     782, lcp =     350, f_keep = 0.448, f_sim = 0.678
ollama-1  | srv          load:    - prompt with length     794, lcp =     350, f_keep = 0.441, f_sim = 0.678
ollama-1  | srv          load:    - prompt with length     753, lcp =     350, f_keep = 0.465, f_sim = 0.678
ollama-1  | srv          load:    - prompt with length     730, lcp =     350, f_keep = 0.479, f_sim = 0.678
ollama-1  | srv          load:    - prompt with length     828, lcp =     350, f_keep = 0.423, f_sim = 0.678
ollama-1  | srv          load:    - prompt with length     844, lcp =     350, f_keep = 0.415, f_sim = 0.678
ollama-1  | srv          load:    - prompt with length     846, lcp =     351, f_keep = 0.415, f_sim = 0.680
ollama-1  | srv          load:    - prompt with length     892, lcp =     350, f_keep = 0.392, f_sim = 0.678
ollama-1  | srv          load:    - prompt with length     778, lcp =     350, f_keep = 0.450, f_sim = 0.678
ollama-1  | srv          load:    - prompt with length     788, lcp =     350, f_keep = 0.444, f_sim = 0.678
ollama-1  | srv          load:    - prompt with length    1176, lcp =     350, f_keep = 0.298, f_sim = 0.678
ollama-1  | srv          load:    - prompt with length     726, lcp =     350, f_keep = 0.482, f_sim = 0.678
ollama-1  | srv          load:    - prompt with length     765, lcp =     350, f_keep = 0.458, f_sim = 0.678
ollama-1  | srv          load:    - prompt with length     851, lcp =     351, f_keep = 0.412, f_sim = 0.680
ollama-1  | srv          load:    - prompt with length     763, lcp =     350, f_keep = 0.459, f_sim = 0.678
ollama-1  | srv          load:    - prompt with length     730, lcp =     351, f_keep = 0.481, f_sim = 0.680
ollama-1  | srv          load:    - prompt with length     796, lcp =     350, f_keep = 0.440, f_sim = 0.678
ollama-1  | srv          load:    - prompt with length     709, lcp =     350, f_keep = 0.494, f_sim = 0.678
ollama-1  | srv          load:    - prompt with length     800, lcp =     352, f_keep = 0.440, f_sim = 0.682
ollama-1  | srv          load:    - prompt with length     728, lcp =     352, f_keep = 0.484, f_sim = 0.682
ollama-1  | srv          load:    - prompt with length     790, lcp =     350, f_keep = 0.443, f_sim = 0.678
ollama-1  | srv          load:    - prompt with length     780, lcp =     351, f_keep = 0.450, f_sim = 0.680
ollama-1  | srv          load:    - prompt with length     847, lcp =     351, f_keep = 0.414, f_sim = 0.680
ollama-1  | srv          load:    - prompt with length     710, lcp =     350, f_keep = 0.493, f_sim = 0.678
ollama-1  | srv          load:    - prompt with length     708, lcp =     350, f_keep = 0.494, f_sim = 0.678
ollama-1  | srv          load:    - prompt with length     770, lcp =     350, f_keep = 0.455, f_sim = 0.678
ollama-1  | srv          load:    - prompt with length     717, lcp =     350, f_keep = 0.488, f_sim = 0.678
ollama-1  | srv          load:    - prompt with length     753, lcp =     350, f_keep = 0.465, f_sim = 0.678
ollama-1  | srv          load:  - found better prompt with f_keep = 0.484, f_sim = 0.682
ollama-1  | srv        update:  - cache state: 27 prompts, 2678.516 MiB (limits: 8192.000 MiB, 4096 tokens, 65529 est)
ollama-1  | srv        update:    - prompt 0x36524940:     782 tokens, checkpoints:  0,    97.760 MiB
ollama-1  | srv        update:    - prompt 0x36524a40:     794 tokens, checkpoints:  0,    99.260 MiB
ollama-1  | srv        update:    - prompt 0x36521d10:     753 tokens, checkpoints:  0,    94.134 MiB
ollama-1  | srv        update:    - prompt 0x36521c60:     730 tokens, checkpoints:  0,    91.259 MiB
ollama-1  | srv        update:    - prompt 0x36521bb0:     828 tokens, checkpoints:  0,   103.510 MiB
ollama-1  | srv        update:    - prompt 0x3652bd10:     844 tokens, checkpoints:  0,   105.510 MiB
ollama-1  | srv        update:    - prompt 0x3724fc20:     846 tokens, checkpoints:  0,   105.760 MiB
ollama-1  | srv        update:    - prompt 0x3651c680:     892 tokens, checkpoints:  0,   111.511 MiB
ollama-1  | srv        update:    - prompt 0x36504320:     778 tokens, checkpoints:  0,    97.260 MiB
ollama-1  | srv        update:    - prompt 0x371021f0:     788 tokens, checkpoints:  0,    98.510 MiB
ollama-1  | srv        update:    - prompt 0x3724a9f0:    1176 tokens, checkpoints:  0,   147.014 MiB
ollama-1  | srv        update:    - prompt 0x36516480:     726 tokens, checkpoints:  0,    90.759 MiB
ollama-1  | srv        update:    - prompt 0x371c5be0:     765 tokens, checkpoints:  0,    95.635 MiB
ollama-1  | srv        update:    - prompt 0x3651cdf0:     851 tokens, checkpoints:  0,   106.385 MiB
ollama-1  | srv        update:    - prompt 0x36510eb0:     763 tokens, checkpoints:  0,    95.384 MiB
ollama-1  | srv        update:    - prompt 0x3715ca80:     730 tokens, checkpoints:  0,    91.259 MiB
ollama-1  | srv        update:    - prompt 0x36996dc0:     796 tokens, checkpoints:  0,    99.510 MiB
ollama-1  | srv        update:    - prompt 0x37264940:     709 tokens, checkpoints:  0,    88.634 MiB
ollama-1  | srv        update:    - prompt 0x371b5c80:     800 tokens, checkpoints:  0,   100.010 MiB
ollama-1  | srv        update:    - prompt 0x364ffda0:     790 tokens, checkpoints:  0,    98.760 MiB
ollama-1  | srv        update:    - prompt 0x36522570:     780 tokens, checkpoints:  0,    97.510 MiB
ollama-1  | srv        update:    - prompt 0x37b80950:     847 tokens, checkpoints:  0,   105.885 MiB
ollama-1  | srv        update:    - prompt 0x37a562a0:     710 tokens, checkpoints:  0,    88.759 MiB
ollama-1  | srv        update:    - prompt 0x365024f0:     708 tokens, checkpoints:  0,    88.509 MiB
ollama-1  | srv        update:    - prompt 0x37a8eee0:     770 tokens, checkpoints:  0,    96.260 MiB
ollama-1  | srv        update:    - prompt 0x370b1e10:     717 tokens, checkpoints:  0,    89.634 MiB
ollama-1  | srv        update:    - prompt 0x36537930:     753 tokens, checkpoints:  0,    94.134 MiB
ollama-1  | srv  get_availabl: prompt cache update took 456.55 ms
ollama-1  | slot launch_slot_: id  0 | task -1 | sampler chain: logits -> ?penalties -> ?dry -> ?top-n-sigma -> top-k -> ?typical -> top-p -> ?min-p -> ?xtc -> temp-ext -> dist 
ollama-1  | slot launch_slot_: id  0 | task -1 | sampler params: 
ollama-1  | 	repeat_last_n = 64, repeat_penalty = 1.000, frequency_penalty = 0.000, presence_penalty = 0.000
ollama-1  | 	dry_multiplier = 0.000, dry_base = 1.750, dry_allowed_length = 2, dry_penalty_last_n = 64
ollama-1  | 	top_k = 40, top_p = 0.900, min_p = 0.000, xtc_probability = 0.000, xtc_threshold = 0.100, typical_p = 1.000, top_n_sigma = -1.000, temp = 0.000
ollama-1  | 	mirostat = 0, mirostat_lr = 0.100, mirostat_ent = 5.000, adaptive_target = -1.000, adaptive_decay = 0.900
ollama-1  | slot launch_slot_: id  0 | task 10673 | processing task, is_child = 0
ollama-1  | slot   operator(): id  0 | task 10673 | new prompt, n_ctx_slot = 4096, n_keep = 4, task.n_tokens = 516
ollama-1  | slot   operator(): id  0 | task 10673 | cached n_tokens = 352, memory_seq_rm [352, end)
ollama-1  | slot init_sampler: id  0 | task 10673 | init sampler, took 0.04 ms, tokens: text = 516, total = 516
ollama-1  | slot print_timing: id  0 | task 10673 | prompt eval time =    2378.98 ms /   164 tokens (   14.51 ms per token,    68.94 tokens per second)
ollama-1  | slot print_timing: id  0 | task 10673 |        eval time =     568.19 ms /     9 tokens (   71.02 ms per token,    14.08 tokens per second)
ollama-1  | slot print_timing: id  0 | task 10673 |       total time =    2947.18 ms /   173 tokens
ollama-1  | slot print_timing: id  0 | task 10673 |    graphs reused =       7514
ollama-1  | slot      release: id  0 | task 10673 | stop processing: n_tokens = 524, truncated = 0
ollama-1  | srv  update_slots: all slots are idle
ollama-1  | [GIN] 2026/10/08 - 09:24:50 | 200 | 50.975912264s |      172.21.0.4 | POST     "/api/generate"
ollama-1  | srv  server_strea: conv_id= (empty=1)
ollama-1  | slot get_availabl: id  0 | task -1 |  - checking sim = 0.427 (350/819) > 0.100
ollama-1  | slot get_availabl: id  0 | task -1 | selected slot by LCP similarity, f_sim_best = 0.427 (> 0.100 thold), f_keep = 0.668
ollama-1  | slot launch_slot_: id  0 | task -1 | sampler chain: logits -> ?penalties -> ?dry -> ?top-n-sigma -> top-k -> ?typical -> top-p -> ?min-p -> ?xtc -> temp-ext -> dist 
ollama-1  | slot launch_slot_: id  0 | task -1 | sampler params: 
ollama-1  | 	repeat_last_n = 64, repeat_penalty = 1.000, frequency_penalty = 0.000, presence_penalty = 0.000
ollama-1  | 	dry_multiplier = 0.000, dry_base = 1.750, dry_allowed_length = 2, dry_penalty_last_n = 64
ollama-1  | 	top_k = 40, top_p = 0.900, min_p = 0.000, xtc_probability = 0.000, xtc_threshold = 0.100, typical_p = 1.000, top_n_sigma = -1.000, temp = 0.000
ollama-1  | 	mirostat = 0, mirostat_lr = 0.100, mirostat_ent = 5.000, adaptive_target = -1.000, adaptive_decay = 0.900
ollama-1  | slot launch_slot_: id  0 | task 10683 | processing task, is_child = 0
ollama-1  | slot   operator(): id  0 | task 10683 | new prompt, n_ctx_slot = 4096, n_keep = 4, task.n_tokens = 819
ollama-1  | slot   operator(): id  0 | task 10683 | cached n_tokens = 350, memory_seq_rm [350, end)
ollama-1  | slot init_sampler: id  0 | task 10683 | init sampler, took 0.08 ms, tokens: text = 819, total = 819
ollama-1  | [GIN] 2026/10/08 - 09:24:53 | 200 |      30.223µs |       127.0.0.1 | HEAD     "/"
ollama-1  | [GIN] 2026/10/08 - 09:24:53 | 200 |    1.452925ms |       127.0.0.1 | GET      "/api/tags"
ollama-1  | slot print_timing: id  0 | task 10683 | prompt eval time =    6772.59 ms /   469 tokens (   14.44 ms per token,    69.25 tokens per second)
ollama-1  | slot print_timing: id  0 | task 10683 |        eval time =     657.71 ms /    10 tokens (   73.08 ms per token,    13.68 tokens per second)
ollama-1  | slot print_timing: id  0 | task 10683 |       total time =    7430.30 ms /   479 tokens
ollama-1  | slot print_timing: id  0 | task 10683 |    graphs reused =       7522
ollama-1  | slot      release: id  0 | task 10683 | stop processing: n_tokens = 828, truncated = 0
ollama-1  | srv  update_slots: all slots are idle
ollama-1  | [GIN] 2026/10/08 - 09:24:59 | 200 | 58.324928936s |      172.21.0.4 | POST     "/api/generate"
ollama-1  | srv  server_strea: conv_id= (empty=1)
ollama-1  | slot get_availabl: id  0 | task -1 |  - checking sim = 0.781 (350/448) > 0.100
ollama-1  | slot get_availabl: id  0 | task -1 | selected slot by LCP similarity, f_sim_best = 0.781 (> 0.100 thold), f_keep = 0.423
ollama-1  | srv  get_availabl: updating prompt cache
ollama-1  | srv   prompt_save:  - saving prompt with length 828, total state size = 103.510 MiB (draft: 0.000 MiB)
ollama-1  | srv         alloc:  - prompt is already in the cache, skipping
ollama-1  | srv          load:  - looking for better prompt, base f_keep = 0.423, f_sim = 0.781
ollama-1  | srv          load:    - prompt with length     782, lcp =     350, f_keep = 0.448, f_sim = 0.781
ollama-1  | srv          load:    - prompt with length     794, lcp =     350, f_keep = 0.441, f_sim = 0.781
ollama-1  | srv          load:    - prompt with length     753, lcp =     350, f_keep = 0.465, f_sim = 0.781
ollama-1  | srv          load:    - prompt with length     730, lcp =     350, f_keep = 0.479, f_sim = 0.781
ollama-1  | srv          load:    - prompt with length     828, lcp =     350, f_keep = 0.423, f_sim = 0.781
ollama-1  | srv          load:    - prompt with length     844, lcp =     350, f_keep = 0.415, f_sim = 0.781
ollama-1  | srv          load:    - prompt with length     846, lcp =     350, f_keep = 0.414, f_sim = 0.781
ollama-1  | srv          load:    - prompt with length     892, lcp =     350, f_keep = 0.392, f_sim = 0.781
ollama-1  | srv          load:    - prompt with length     778, lcp =     350, f_keep = 0.450, f_sim = 0.781
ollama-1  | srv          load:    - prompt with length     788, lcp =     350, f_keep = 0.444, f_sim = 0.781
ollama-1  | srv          load:    - prompt with length    1176, lcp =     350, f_keep = 0.298, f_sim = 0.781
ollama-1  | srv          load:    - prompt with length     726, lcp =     350, f_keep = 0.482, f_sim = 0.781
ollama-1  | srv          load:    - prompt with length     765, lcp =     350, f_keep = 0.458, f_sim = 0.781
ollama-1  | srv          load:    - prompt with length     851, lcp =     350, f_keep = 0.411, f_sim = 0.781
ollama-1  | srv          load:    - prompt with length     763, lcp =     350, f_keep = 0.459, f_sim = 0.781
ollama-1  | srv          load:    - prompt with length     730, lcp =     350, f_keep = 0.479, f_sim = 0.781
ollama-1  | srv          load:    - prompt with length     796, lcp =     350, f_keep = 0.440, f_sim = 0.781
ollama-1  | srv          load:    - prompt with length     709, lcp =     350, f_keep = 0.494, f_sim = 0.781
ollama-1  | srv          load:    - prompt with length     800, lcp =     350, f_keep = 0.438, f_sim = 0.781
ollama-1  | srv          load:    - prompt with length     790, lcp =     350, f_keep = 0.443, f_sim = 0.781
ollama-1  | srv          load:    - prompt with length     780, lcp =     350, f_keep = 0.449, f_sim = 0.781
ollama-1  | srv          load:    - prompt with length     847, lcp =     350, f_keep = 0.413, f_sim = 0.781
ollama-1  | srv          load:    - prompt with length     710, lcp =     350, f_keep = 0.493, f_sim = 0.781
ollama-1  | srv          load:    - prompt with length     708, lcp =     350, f_keep = 0.494, f_sim = 0.781
ollama-1  | srv          load:    - prompt with length     770, lcp =     350, f_keep = 0.455, f_sim = 0.781
ollama-1  | srv          load:    - prompt with length     717, lcp =     350, f_keep = 0.488, f_sim = 0.781
ollama-1  | srv          load:    - prompt with length     753, lcp =     350, f_keep = 0.465, f_sim = 0.781
ollama-1  | srv        update:  - cache state: 27 prompts, 2678.516 MiB (limits: 8192.000 MiB, 4096 tokens, 65529 est)
ollama-1  | srv        update:    - prompt 0x36524940:     782 tokens, checkpoints:  0,    97.760 MiB
ollama-1  | srv        update:    - prompt 0x36524a40:     794 tokens, checkpoints:  0,    99.260 MiB
ollama-1  | srv        update:    - prompt 0x36521d10:     753 tokens, checkpoints:  0,    94.134 MiB
ollama-1  | srv        update:    - prompt 0x36521c60:     730 tokens, checkpoints:  0,    91.259 MiB
ollama-1  | srv        update:    - prompt 0x36521bb0:     828 tokens, checkpoints:  0,   103.510 MiB
ollama-1  | srv        update:    - prompt 0x3652bd10:     844 tokens, checkpoints:  0,   105.510 MiB
ollama-1  | srv        update:    - prompt 0x3724fc20:     846 tokens, checkpoints:  0,   105.760 MiB
ollama-1  | srv        update:    - prompt 0x3651c680:     892 tokens, checkpoints:  0,   111.511 MiB
ollama-1  | srv        update:    - prompt 0x36504320:     778 tokens, checkpoints:  0,    97.260 MiB
ollama-1  | srv        update:    - prompt 0x371021f0:     788 tokens, checkpoints:  0,    98.510 MiB
ollama-1  | srv        update:    - prompt 0x3724a9f0:    1176 tokens, checkpoints:  0,   147.014 MiB
ollama-1  | srv        update:    - prompt 0x36516480:     726 tokens, checkpoints:  0,    90.759 MiB
ollama-1  | srv        update:    - prompt 0x371c5be0:     765 tokens, checkpoints:  0,    95.635 MiB
ollama-1  | srv        update:    - prompt 0x3651cdf0:     851 tokens, checkpoints:  0,   106.385 MiB
ollama-1  | srv        update:    - prompt 0x36510eb0:     763 tokens, checkpoints:  0,    95.384 MiB
ollama-1  | srv        update:    - prompt 0x3715ca80:     730 tokens, checkpoints:  0,    91.259 MiB
ollama-1  | srv        update:    - prompt 0x36996dc0:     796 tokens, checkpoints:  0,    99.510 MiB
ollama-1  | srv        update:    - prompt 0x37264940:     709 tokens, checkpoints:  0,    88.634 MiB
ollama-1  | srv        update:    - prompt 0x371b5c80:     800 tokens, checkpoints:  0,   100.010 MiB
ollama-1  | srv        update:    - prompt 0x364ffda0:     790 tokens, checkpoints:  0,    98.760 MiB
ollama-1  | srv        update:    - prompt 0x36522570:     780 tokens, checkpoints:  0,    97.510 MiB
ollama-1  | srv        update:    - prompt 0x37b80950:     847 tokens, checkpoints:  0,   105.885 MiB
ollama-1  | srv        update:    - prompt 0x37a562a0:     710 tokens, checkpoints:  0,    88.759 MiB
ollama-1  | srv        update:    - prompt 0x365024f0:     708 tokens, checkpoints:  0,    88.509 MiB
ollama-1  | srv        update:    - prompt 0x37a8eee0:     770 tokens, checkpoints:  0,    96.260 MiB
ollama-1  | srv        update:    - prompt 0x370b1e10:     717 tokens, checkpoints:  0,    89.634 MiB
ollama-1  | srv        update:    - prompt 0x36537930:     753 tokens, checkpoints:  0,    94.134 MiB
ollama-1  | srv  get_availabl: prompt cache update took 0.06 ms
ollama-1  | slot launch_slot_: id  0 | task -1 | sampler chain: logits -> ?penalties -> ?dry -> ?top-n-sigma -> top-k -> ?typical -> top-p -> ?min-p -> ?xtc -> temp-ext -> dist 
ollama-1  | slot launch_slot_: id  0 | task -1 | sampler params: 
ollama-1  | 	repeat_last_n = 64, repeat_penalty = 1.000, frequency_penalty = 0.000, presence_penalty = 0.000
ollama-1  | 	dry_multiplier = 0.000, dry_base = 1.750, dry_allowed_length = 2, dry_penalty_last_n = 64
ollama-1  | 	top_k = 40, top_p = 0.900, min_p = 0.000, xtc_probability = 0.000, xtc_threshold = 0.100, typical_p = 1.000, top_n_sigma = -1.000, temp = 0.000
ollama-1  | 	mirostat = 0, mirostat_lr = 0.100, mirostat_ent = 5.000, adaptive_target = -1.000, adaptive_decay = 0.900
ollama-1  | slot launch_slot_: id  0 | task 10694 | processing task, is_child = 0
ollama-1  | slot   operator(): id  0 | task 10694 | new prompt, n_ctx_slot = 4096, n_keep = 4, task.n_tokens = 448
ollama-1  | slot   operator(): id  0 | task 10694 | cached n_tokens = 350, memory_seq_rm [350, end)
ollama-1  | slot init_sampler: id  0 | task 10694 | init sampler, took 0.03 ms, tokens: text = 448, total = 448
ollama-1  | slot print_timing: id  0 | task 10694 | prompt eval time =    1429.61 ms /    98 tokens (   14.59 ms per token,    68.55 tokens per second)
ollama-1  | slot print_timing: id  0 | task 10694 |        eval time =     541.40 ms /     9 tokens (   67.67 ms per token,    14.78 tokens per second)
ollama-1  | slot print_timing: id  0 | task 10694 |       total time =    1971.01 ms /   107 tokens
ollama-1  | slot print_timing: id  0 | task 10694 |    graphs reused =       7529
ollama-1  | slot      release: id  0 | task 10694 | stop processing: n_tokens = 456, truncated = 0
ollama-1  | srv  update_slots: all slots are idle
ollama-1  | [GIN] 2026/10/08 - 09:25:01 | 200 | 59.426026131s |      172.21.0.4 | POST     "/api/generate"
ollama-1  | srv  server_strea: conv_id= (empty=1)
ollama-1  | slot get_availabl: id  0 | task -1 |  - checking sim = 0.643 (350/544) > 0.100
ollama-1  | slot get_availabl: id  0 | task -1 | selected slot by LCP similarity, f_sim_best = 0.643 (> 0.100 thold), f_keep = 0.768
ollama-1  | slot launch_slot_: id  0 | task -1 | sampler chain: logits -> ?penalties -> ?dry -> ?top-n-sigma -> top-k -> ?typical -> top-p -> ?min-p -> ?xtc -> temp-ext -> dist 
ollama-1  | slot launch_slot_: id  0 | task -1 | sampler params: 
ollama-1  | 	repeat_last_n = 64, repeat_penalty = 1.000, frequency_penalty = 0.000, presence_penalty = 0.000
ollama-1  | 	dry_multiplier = 0.000, dry_base = 1.750, dry_allowed_length = 2, dry_penalty_last_n = 64
ollama-1  | 	top_k = 40, top_p = 0.900, min_p = 0.000, xtc_probability = 0.000, xtc_threshold = 0.100, typical_p = 1.000, top_n_sigma = -1.000, temp = 0.000
ollama-1  | 	mirostat = 0, mirostat_lr = 0.100, mirostat_ent = 5.000, adaptive_target = -1.000, adaptive_decay = 0.900
ollama-1  | slot launch_slot_: id  0 | task 10704 | processing task, is_child = 0
ollama-1  | slot   operator(): id  0 | task 10704 | new prompt, n_ctx_slot = 4096, n_keep = 4, task.n_tokens = 544
ollama-1  | slot   operator(): id  0 | task 10704 | cached n_tokens = 350, memory_seq_rm [350, end)
ollama-1  | slot init_sampler: id  0 | task 10704 | init sampler, took 0.06 ms, tokens: text = 544, total = 544
ollama-1  | [GIN] 2026/10/08 - 09:25:04 | 200 |      41.344µs |       127.0.0.1 | HEAD     "/"
ollama-1  | [GIN] 2026/10/08 - 09:25:04 | 200 |    1.369332ms |       127.0.0.1 | GET      "/api/tags"
ollama-1  | slot print_timing: id  0 | task 10704 | prompt eval time =    2771.53 ms /   194 tokens (   14.29 ms per token,    70.00 tokens per second)
ollama-1  | slot print_timing: id  0 | task 10704 |        eval time =     574.42 ms /     9 tokens (   71.80 ms per token,    13.93 tokens per second)
ollama-1  | slot print_timing: id  0 | task 10704 |       total time =    3345.96 ms /   203 tokens
ollama-1  | slot print_timing: id  0 | task 10704 |    graphs reused =       7536
ollama-1  | slot      release: id  0 | task 10704 | stop processing: n_tokens = 552, truncated = 0
ollama-1  | srv  update_slots: all slots are idle
ollama-1  | [GIN] 2026/10/08 - 09:25:04 | 200 |          1m2s |      172.21.0.4 | POST     "/api/generate"
ollama-1  | srv  server_strea: conv_id= (empty=1)
ollama-1  | slot get_availabl: id  0 | task -1 |  - checking sim = 0.663 (350/528) > 0.100
ollama-1  | slot get_availabl: id  0 | task -1 | selected slot by LCP similarity, f_sim_best = 0.663 (> 0.100 thold), f_keep = 0.634
ollama-1  | slot launch_slot_: id  0 | task -1 | sampler chain: logits -> ?penalties -> ?dry -> ?top-n-sigma -> top-k -> ?typical -> top-p -> ?min-p -> ?xtc -> temp-ext -> dist 
ollama-1  | slot launch_slot_: id  0 | task -1 | sampler params: 
ollama-1  | 	repeat_last_n = 64, repeat_penalty = 1.000, frequency_penalty = 0.000, presence_penalty = 0.000
ollama-1  | 	dry_multiplier = 0.000, dry_base = 1.750, dry_allowed_length = 2, dry_penalty_last_n = 64
ollama-1  | 	top_k = 40, top_p = 0.900, min_p = 0.000, xtc_probability = 0.000, xtc_threshold = 0.100, typical_p = 1.000, top_n_sigma = -1.000, temp = 0.000
ollama-1  | 	mirostat = 0, mirostat_lr = 0.100, mirostat_ent = 5.000, adaptive_target = -1.000, adaptive_decay = 0.900
ollama-1  | slot launch_slot_: id  0 | task 10714 | processing task, is_child = 0
ollama-1  | slot   operator(): id  0 | task 10714 | new prompt, n_ctx_slot = 4096, n_keep = 4, task.n_tokens = 528
ollama-1  | slot   operator(): id  0 | task 10714 | cached n_tokens = 350, memory_seq_rm [350, end)
ollama-1  | slot init_sampler: id  0 | task 10714 | init sampler, took 0.04 ms, tokens: text = 528, total = 528
ollama-1  | slot print_timing: id  0 | task 10714 | prompt eval time =    2575.38 ms /   178 tokens (   14.47 ms per token,    69.12 tokens per second)
ollama-1  | slot print_timing: id  0 | task 10714 |        eval time =     568.51 ms /     9 tokens (   71.06 ms per token,    14.07 tokens per second)
ollama-1  | slot print_timing: id  0 | task 10714 |       total time =    3143.89 ms /   187 tokens
ollama-1  | slot print_timing: id  0 | task 10714 |    graphs reused =       7543
ollama-1  | slot      release: id  0 | task 10714 | stop processing: n_tokens = 536, truncated = 0
ollama-1  | srv  update_slots: all slots are idle
ollama-1  | [GIN] 2026/10/08 - 09:25:07 | 200 |          1m5s |      172.21.0.4 | POST     "/api/generate"
ollama-1  | srv  server_strea: conv_id= (empty=1)
ollama-1  | slot get_availabl: id  0 | task -1 |  - checking sim = 0.648 (350/540) > 0.100
ollama-1  | slot get_availabl: id  0 | task -1 | selected slot by LCP similarity, f_sim_best = 0.648 (> 0.100 thold), f_keep = 0.653
ollama-1  | slot launch_slot_: id  0 | task -1 | sampler chain: logits -> ?penalties -> ?dry -> ?top-n-sigma -> top-k -> ?typical -> top-p -> ?min-p -> ?xtc -> temp-ext -> dist 
ollama-1  | slot launch_slot_: id  0 | task -1 | sampler params: 
ollama-1  | 	repeat_last_n = 64, repeat_penalty = 1.000, frequency_penalty = 0.000, presence_penalty = 0.000
ollama-1  | 	dry_multiplier = 0.000, dry_base = 1.750, dry_allowed_length = 2, dry_penalty_last_n = 64
ollama-1  | 	top_k = 40, top_p = 0.900, min_p = 0.000, xtc_probability = 0.000, xtc_threshold = 0.100, typical_p = 1.000, top_n_sigma = -1.000, temp = 0.000
ollama-1  | 	mirostat = 0, mirostat_lr = 0.100, mirostat_ent = 5.000, adaptive_target = -1.000, adaptive_decay = 0.900
ollama-1  | slot launch_slot_: id  0 | task 10724 | processing task, is_child = 0
ollama-1  | slot   operator(): id  0 | task 10724 | new prompt, n_ctx_slot = 4096, n_keep = 4, task.n_tokens = 540
ollama-1  | slot   operator(): id  0 | task 10724 | cached n_tokens = 350, memory_seq_rm [350, end)
ollama-1  | slot init_sampler: id  0 | task 10724 | init sampler, took 0.04 ms, tokens: text = 540, total = 540
ollama-1  | slot print_timing: id  0 | task 10724 | prompt eval time =    2812.65 ms /   190 tokens (   14.80 ms per token,    67.55 tokens per second)
ollama-1  | slot print_timing: id  0 | task 10724 |        eval time =     638.39 ms /    10 tokens (   70.93 ms per token,    14.10 tokens per second)
ollama-1  | slot print_timing: id  0 | task 10724 |       total time =    3451.03 ms /   200 tokens
ollama-1  | slot print_timing: id  0 | task 10724 |    graphs reused =       7551
ollama-1  | slot      release: id  0 | task 10724 | stop processing: n_tokens = 549, truncated = 0
ollama-1  | srv  update_slots: all slots are idle
ollama-1  | [GIN] 2026/10/08 - 09:25:11 | 200 |          1m8s |      172.21.0.4 | POST     "/api/generate"
ollama-1  | srv  server_strea: conv_id= (empty=1)
ollama-1  | slot get_availabl: id  0 | task -1 |  - checking sim = 0.820 (350/427) > 0.100
ollama-1  | slot get_availabl: id  0 | task -1 | selected slot by LCP similarity, f_sim_best = 0.820 (> 0.100 thold), f_keep = 0.638
ollama-1  | slot launch_slot_: id  0 | task -1 | sampler chain: logits -> ?penalties -> ?dry -> ?top-n-sigma -> top-k -> ?typical -> top-p -> ?min-p -> ?xtc -> temp-ext -> dist 
ollama-1  | slot launch_slot_: id  0 | task -1 | sampler params: 
ollama-1  | 	repeat_last_n = 64, repeat_penalty = 1.000, frequency_penalty = 0.000, presence_penalty = 0.000
ollama-1  | 	dry_multiplier = 0.000, dry_base = 1.750, dry_allowed_length = 2, dry_penalty_last_n = 64
ollama-1  | 	top_k = 40, top_p = 0.900, min_p = 0.000, xtc_probability = 0.000, xtc_threshold = 0.100, typical_p = 1.000, top_n_sigma = -1.000, temp = 0.000
ollama-1  | 	mirostat = 0, mirostat_lr = 0.100, mirostat_ent = 5.000, adaptive_target = -1.000, adaptive_decay = 0.900
ollama-1  | slot launch_slot_: id  0 | task 10735 | processing task, is_child = 0
ollama-1  | slot   operator(): id  0 | task 10735 | new prompt, n_ctx_slot = 4096, n_keep = 4, task.n_tokens = 427
ollama-1  | slot   operator(): id  0 | task 10735 | cached n_tokens = 350, memory_seq_rm [350, end)
ollama-1  | slot init_sampler: id  0 | task 10735 | init sampler, took 0.03 ms, tokens: text = 427, total = 427
ollama-1  | slot print_timing: id  0 | task 10735 | prompt eval time =    1173.35 ms /    77 tokens (   15.24 ms per token,    65.62 tokens per second)
ollama-1  | slot print_timing: id  0 | task 10735 |        eval time =     492.79 ms /     8 tokens (   70.40 ms per token,    14.20 tokens per second)
ollama-1  | slot print_timing: id  0 | task 10735 |       total time =    1666.13 ms /    85 tokens
ollama-1  | slot print_timing: id  0 | task 10735 |    graphs reused =       7557
ollama-1  | slot      release: id  0 | task 10735 | stop processing: n_tokens = 434, truncated = 0
ollama-1  | srv  update_slots: all slots are idle
ollama-1  | [GIN] 2026/10/08 - 09:25:12 | 200 |          1m9s |      172.21.0.4 | POST     "/api/generate"
ollama-1  | srv  server_strea: conv_id= (empty=1)
ollama-1  | slot get_availabl: id  0 | task -1 |  - checking sim = 0.485 (351/723) > 0.100
ollama-1  | slot get_availabl: id  0 | task -1 | selected slot by LCP similarity, f_sim_best = 0.485 (> 0.100 thold), f_keep = 0.809
ollama-1  | slot launch_slot_: id  0 | task -1 | sampler chain: logits -> ?penalties -> ?dry -> ?top-n-sigma -> top-k -> ?typical -> top-p -> ?min-p -> ?xtc -> temp-ext -> dist 
ollama-1  | slot launch_slot_: id  0 | task -1 | sampler params: 
ollama-1  | 	repeat_last_n = 64, repeat_penalty = 1.000, frequency_penalty = 0.000, presence_penalty = 0.000
ollama-1  | 	dry_multiplier = 0.000, dry_base = 1.750, dry_allowed_length = 2, dry_penalty_last_n = 64
ollama-1  | 	top_k = 40, top_p = 0.900, min_p = 0.000, xtc_probability = 0.000, xtc_threshold = 0.100, typical_p = 1.000, top_n_sigma = -1.000, temp = 0.000
ollama-1  | 	mirostat = 0, mirostat_lr = 0.100, mirostat_ent = 5.000, adaptive_target = -1.000, adaptive_decay = 0.900
ollama-1  | slot launch_slot_: id  0 | task 10744 | processing task, is_child = 0
ollama-1  | slot   operator(): id  0 | task 10744 | new prompt, n_ctx_slot = 4096, n_keep = 4, task.n_tokens = 723
ollama-1  | slot   operator(): id  0 | task 10744 | cached n_tokens = 351, memory_seq_rm [351, end)
ollama-1  | slot init_sampler: id  0 | task 10744 | init sampler, took 0.05 ms, tokens: text = 723, total = 723
ollama-1  | [GIN] 2026/10/08 - 09:25:14 | 200 |      22.005µs |       127.0.0.1 | HEAD     "/"
ollama-1  | [GIN] 2026/10/08 - 09:25:14 | 200 |    1.038664ms |       127.0.0.1 | GET      "/api/tags"
ollama-1  | slot print_timing: id  0 | task 10744 | prompt eval time =    5190.73 ms /   372 tokens (   13.95 ms per token,    71.67 tokens per second)
ollama-1  | slot print_timing: id  0 | task 10744 |        eval time =     487.64 ms /     8 tokens (   69.66 ms per token,    14.35 tokens per second)
ollama-1  | slot print_timing: id  0 | task 10744 |       total time =    5678.37 ms /   380 tokens
ollama-1  | slot print_timing: id  0 | task 10744 |    graphs reused =       7563
ollama-1  | slot      release: id  0 | task 10744 | stop processing: n_tokens = 730, truncated = 0
ollama-1  | srv  update_slots: all slots are idle
ollama-1  | [GIN] 2026/10/08 - 09:25:18 | 200 |         1m12s |      172.21.0.4 | POST     "/api/generate"
ollama-1  | srv  server_strea: conv_id= (empty=1)
ollama-1  | slot get_availabl: id  0 | task -1 |  - checking sim = 0.529 (350/662) > 0.100
ollama-1  | slot get_availabl: id  0 | task -1 | selected slot by LCP similarity, f_sim_best = 0.529 (> 0.100 thold), f_keep = 0.479
ollama-1  | srv  get_availabl: updating prompt cache
ollama-1  | srv   prompt_save:  - saving prompt with length 730, total state size = 91.259 MiB (draft: 0.000 MiB)
ollama-1  | srv         alloc:  - prompt is already in the cache, skipping
ollama-1  | srv          load:  - looking for better prompt, base f_keep = 0.479, f_sim = 0.529
ollama-1  | srv          load:    - prompt with length     782, lcp =     350, f_keep = 0.448, f_sim = 0.529
ollama-1  | srv          load:    - prompt with length     794, lcp =     351, f_keep = 0.442, f_sim = 0.530
ollama-1  | srv          load:    - prompt with length     753, lcp =     350, f_keep = 0.465, f_sim = 0.529
ollama-1  | srv          load:    - prompt with length     730, lcp =     350, f_keep = 0.479, f_sim = 0.529
ollama-1  | srv          load:    - prompt with length     828, lcp =     350, f_keep = 0.423, f_sim = 0.529
ollama-1  | srv          load:    - prompt with length     844, lcp =     350, f_keep = 0.415, f_sim = 0.529
ollama-1  | srv          load:    - prompt with length     846, lcp =     350, f_keep = 0.414, f_sim = 0.529
ollama-1  | srv          load:    - prompt with length     892, lcp =     350, f_keep = 0.392, f_sim = 0.529
ollama-1  | srv          load:    - prompt with length     778, lcp =     350, f_keep = 0.450, f_sim = 0.529
ollama-1  | srv          load:    - prompt with length     788, lcp =     350, f_keep = 0.444, f_sim = 0.529
ollama-1  | srv          load:    - prompt with length    1176, lcp =     350, f_keep = 0.298, f_sim = 0.529
ollama-1  | srv          load:    - prompt with length     726, lcp =     350, f_keep = 0.482, f_sim = 0.529
ollama-1  | srv          load:    - prompt with length     765, lcp =     350, f_keep = 0.458, f_sim = 0.529
ollama-1  | srv          load:    - prompt with length     851, lcp =     350, f_keep = 0.411, f_sim = 0.529
ollama-1  | srv          load:    - prompt with length     763, lcp =     350, f_keep = 0.459, f_sim = 0.529
ollama-1  | srv          load:    - prompt with length     730, lcp =     350, f_keep = 0.479, f_sim = 0.529
ollama-1  | srv          load:    - prompt with length     796, lcp =     350, f_keep = 0.440, f_sim = 0.529
ollama-1  | srv          load:    - prompt with length     709, lcp =     350, f_keep = 0.494, f_sim = 0.529
ollama-1  | srv          load:    - prompt with length     800, lcp =     350, f_keep = 0.438, f_sim = 0.529
ollama-1  | srv          load:    - prompt with length     790, lcp =     350, f_keep = 0.443, f_sim = 0.529
ollama-1  | srv          load:    - prompt with length     780, lcp =     350, f_keep = 0.449, f_sim = 0.529
ollama-1  | srv          load:    - prompt with length     847, lcp =     350, f_keep = 0.413, f_sim = 0.529
ollama-1  | srv          load:    - prompt with length     710, lcp =     350, f_keep = 0.493, f_sim = 0.529
ollama-1  | srv          load:    - prompt with length     708, lcp =     355, f_keep = 0.501, f_sim = 0.536
ollama-1  | srv          load:    - prompt with length     770, lcp =     355, f_keep = 0.461, f_sim = 0.536
ollama-1  | srv          load:    - prompt with length     717, lcp =     350, f_keep = 0.488, f_sim = 0.529
ollama-1  | srv          load:    - prompt with length     753, lcp =     350, f_keep = 0.465, f_sim = 0.529
ollama-1  | srv          load:  - found better prompt with f_keep = 0.501, f_sim = 0.536
ollama-1  | srv        update:  - cache state: 26 prompts, 2590.007 MiB (limits: 8192.000 MiB, 4096 tokens, 65529 est)
ollama-1  | srv        update:    - prompt 0x36524940:     782 tokens, checkpoints:  0,    97.760 MiB
ollama-1  | srv        update:    - prompt 0x36524a40:     794 tokens, checkpoints:  0,    99.260 MiB
ollama-1  | srv        update:    - prompt 0x36521d10:     753 tokens, checkpoints:  0,    94.134 MiB
ollama-1  | srv        update:    - prompt 0x36521c60:     730 tokens, checkpoints:  0,    91.259 MiB
ollama-1  | srv        update:    - prompt 0x36521bb0:     828 tokens, checkpoints:  0,   103.510 MiB
ollama-1  | srv        update:    - prompt 0x3652bd10:     844 tokens, checkpoints:  0,   105.510 MiB
ollama-1  | srv        update:    - prompt 0x3724fc20:     846 tokens, checkpoints:  0,   105.760 MiB
ollama-1  | srv        update:    - prompt 0x3651c680:     892 tokens, checkpoints:  0,   111.511 MiB
ollama-1  | srv        update:    - prompt 0x36504320:     778 tokens, checkpoints:  0,    97.260 MiB
ollama-1  | srv        update:    - prompt 0x371021f0:     788 tokens, checkpoints:  0,    98.510 MiB
ollama-1  | srv        update:    - prompt 0x3724a9f0:    1176 tokens, checkpoints:  0,   147.014 MiB
ollama-1  | srv        update:    - prompt 0x36516480:     726 tokens, checkpoints:  0,    90.759 MiB
ollama-1  | srv        update:    - prompt 0x371c5be0:     765 tokens, checkpoints:  0,    95.635 MiB
ollama-1  | srv        update:    - prompt 0x3651cdf0:     851 tokens, checkpoints:  0,   106.385 MiB
ollama-1  | srv        update:    - prompt 0x36510eb0:     763 tokens, checkpoints:  0,    95.384 MiB
ollama-1  | srv        update:    - prompt 0x3715ca80:     730 tokens, checkpoints:  0,    91.259 MiB
ollama-1  | srv        update:    - prompt 0x36996dc0:     796 tokens, checkpoints:  0,    99.510 MiB
ollama-1  | srv        update:    - prompt 0x37264940:     709 tokens, checkpoints:  0,    88.634 MiB
ollama-1  | srv        update:    - prompt 0x371b5c80:     800 tokens, checkpoints:  0,   100.010 MiB
ollama-1  | srv        update:    - prompt 0x364ffda0:     790 tokens, checkpoints:  0,    98.760 MiB
ollama-1  | srv        update:    - prompt 0x36522570:     780 tokens, checkpoints:  0,    97.510 MiB
ollama-1  | srv        update:    - prompt 0x37b80950:     847 tokens, checkpoints:  0,   105.885 MiB
ollama-1  | srv        update:    - prompt 0x37a562a0:     710 tokens, checkpoints:  0,    88.759 MiB
ollama-1  | srv        update:    - prompt 0x37a8eee0:     770 tokens, checkpoints:  0,    96.260 MiB
ollama-1  | srv        update:    - prompt 0x370b1e10:     717 tokens, checkpoints:  0,    89.634 MiB
ollama-1  | srv        update:    - prompt 0x36537930:     753 tokens, checkpoints:  0,    94.134 MiB
ollama-1  | srv  get_availabl: prompt cache update took 863.14 ms
ollama-1  | slot launch_slot_: id  0 | task -1 | sampler chain: logits -> ?penalties -> ?dry -> ?top-n-sigma -> top-k -> ?typical -> top-p -> ?min-p -> ?xtc -> temp-ext -> dist 
ollama-1  | slot launch_slot_: id  0 | task -1 | sampler params: 
ollama-1  | 	repeat_last_n = 64, repeat_penalty = 1.000, frequency_penalty = 0.000, presence_penalty = 0.000
ollama-1  | 	dry_multiplier = 0.000, dry_base = 1.750, dry_allowed_length = 2, dry_penalty_last_n = 64
ollama-1  | 	top_k = 40, top_p = 0.900, min_p = 0.000, xtc_probability = 0.000, xtc_threshold = 0.100, typical_p = 1.000, top_n_sigma = -1.000, temp = 0.000
ollama-1  | 	mirostat = 0, mirostat_lr = 0.100, mirostat_ent = 5.000, adaptive_target = -1.000, adaptive_decay = 0.900
ollama-1  | slot launch_slot_: id  0 | task 10753 | processing task, is_child = 0
ollama-1  | slot   operator(): id  0 | task 10753 | new prompt, n_ctx_slot = 4096, n_keep = 4, task.n_tokens = 662
ollama-1  | slot   operator(): id  0 | task 10753 | cached n_tokens = 355, memory_seq_rm [355, end)
ollama-1  | slot init_sampler: id  0 | task 10753 | init sampler, took 0.05 ms, tokens: text = 662, total = 662
ollama-1  | slot print_timing: id  0 | task 10753 | prompt eval time =    4417.73 ms /   307 tokens (   14.39 ms per token,    69.49 tokens per second)
ollama-1  | slot print_timing: id  0 | task 10753 |        eval time =     615.21 ms /    10 tokens (   68.36 ms per token,    14.63 tokens per second)
ollama-1  | slot print_timing: id  0 | task 10753 |       total time =    5032.94 ms /   317 tokens
ollama-1  | slot print_timing: id  0 | task 10753 |    graphs reused =       7571
ollama-1  | slot      release: id  0 | task 10753 | stop processing: n_tokens = 671, truncated = 0
ollama-1  | srv  update_slots: all slots are idle
ollama-1  | [GIN] 2026/10/08 - 09:25:24 | 200 |         1m16s |      172.21.0.4 | POST     "/api/generate"
ollama-1  | srv  server_strea: conv_id= (empty=1)
ollama-1  | slot get_availabl: id  0 | task -1 |  - checking sim = 0.566 (350/618) > 0.100
ollama-1  | slot get_availabl: id  0 | task -1 | selected slot by LCP similarity, f_sim_best = 0.566 (> 0.100 thold), f_keep = 0.522
ollama-1  | slot launch_slot_: id  0 | task -1 | sampler chain: logits -> ?penalties -> ?dry -> ?top-n-sigma -> top-k -> ?typical -> top-p -> ?min-p -> ?xtc -> temp-ext -> dist 
ollama-1  | slot launch_slot_: id  0 | task -1 | sampler params: 
ollama-1  | 	repeat_last_n = 64, repeat_penalty = 1.000, frequency_penalty = 0.000, presence_penalty = 0.000
ollama-1  | 	dry_multiplier = 0.000, dry_base = 1.750, dry_allowed_length = 2, dry_penalty_last_n = 64
ollama-1  | 	top_k = 40, top_p = 0.900, min_p = 0.000, xtc_probability = 0.000, xtc_threshold = 0.100, typical_p = 1.000, top_n_sigma = -1.000, temp = 0.000
ollama-1  | 	mirostat = 0, mirostat_lr = 0.100, mirostat_ent = 5.000, adaptive_target = -1.000, adaptive_decay = 0.900
ollama-1  | slot launch_slot_: id  0 | task 10764 | processing task, is_child = 0
ollama-1  | slot   operator(): id  0 | task 10764 | new prompt, n_ctx_slot = 4096, n_keep = 4, task.n_tokens = 618
ollama-1  | slot   operator(): id  0 | task 10764 | cached n_tokens = 350, memory_seq_rm [350, end)
ollama-1  | slot init_sampler: id  0 | task 10764 | init sampler, took 0.05 ms, tokens: text = 618, total = 618
ollama-1  | [GIN] 2026/10/08 - 09:25:24 | 200 |      21.245µs |       127.0.0.1 | HEAD     "/"
ollama-1  | [GIN] 2026/10/08 - 09:25:24 | 200 |     890.092µs |       127.0.0.1 | GET      "/api/tags"
ollama-1  | slot print_timing: id  0 | task 10764 | prompt eval time =    4025.92 ms /   268 tokens (   15.02 ms per token,    66.57 tokens per second)
ollama-1  | slot print_timing: id  0 | task 10764 |        eval time =     559.41 ms /     9 tokens (   69.93 ms per token,    14.30 tokens per second)
ollama-1  | slot print_timing: id  0 | task 10764 |       total time =    4585.33 ms /   277 tokens
ollama-1  | slot print_timing: id  0 | task 10764 |    graphs reused =       7578
ollama-1  | slot      release: id  0 | task 10764 | stop processing: n_tokens = 626, truncated = 0
ollama-1  | srv  update_slots: all slots are idle
ollama-1  | [GIN] 2026/10/08 - 09:25:30 | 200 |         1m19s |      172.21.0.4 | POST     "/api/generate"
ollama-1  | srv  server_strea: conv_id= (empty=1)
ollama-1  | slot get_availabl: id  0 | task -1 |  - checking sim = 0.781 (350/448) > 0.100
ollama-1  | slot get_availabl: id  0 | task -1 | selected slot by LCP similarity, f_sim_best = 0.781 (> 0.100 thold), f_keep = 0.559
ollama-1  | slot launch_slot_: id  0 | task -1 | sampler chain: logits -> ?penalties -> ?dry -> ?top-n-sigma -> top-k -> ?typical -> top-p -> ?min-p -> ?xtc -> temp-ext -> dist 
ollama-1  | slot launch_slot_: id  0 | task -1 | sampler params: 
ollama-1  | 	repeat_last_n = 64, repeat_penalty = 1.000, frequency_penalty = 0.000, presence_penalty = 0.000
ollama-1  | 	dry_multiplier = 0.000, dry_base = 1.750, dry_allowed_length = 2, dry_penalty_last_n = 64
ollama-1  | 	top_k = 40, top_p = 0.900, min_p = 0.000, xtc_probability = 0.000, xtc_threshold = 0.100, typical_p = 1.000, top_n_sigma = -1.000, temp = 0.000
ollama-1  | 	mirostat = 0, mirostat_lr = 0.100, mirostat_ent = 5.000, adaptive_target = -1.000, adaptive_decay = 0.900
ollama-1  | slot launch_slot_: id  0 | task 10774 | processing task, is_child = 0
ollama-1  | slot   operator(): id  0 | task 10774 | new prompt, n_ctx_slot = 4096, n_keep = 4, task.n_tokens = 448
ollama-1  | slot   operator(): id  0 | task 10774 | cached n_tokens = 350, memory_seq_rm [350, end)
ollama-1  | slot init_sampler: id  0 | task 10774 | init sampler, took 0.05 ms, tokens: text = 448, total = 448
ollama-1  | slot print_timing: id  0 | task 10774 | prompt eval time =    1425.24 ms /    98 tokens (   14.54 ms per token,    68.76 tokens per second)
ollama-1  | slot print_timing: id  0 | task 10774 |        eval time =     496.86 ms /     8 tokens (   70.98 ms per token,    14.09 tokens per second)
ollama-1  | slot print_timing: id  0 | task 10774 |       total time =    1922.10 ms /   106 tokens
ollama-1  | slot print_timing: id  0 | task 10774 |    graphs reused =       7584
ollama-1  | slot      release: id  0 | task 10774 | stop processing: n_tokens = 455, truncated = 0
ollama-1  | srv  update_slots: all slots are idle
ollama-1  | [GIN] 2026/10/08 - 09:25:32 | 200 |         1m21s |      172.21.0.4 | POST     "/api/generate"
ollama-1  | srv  server_strea: conv_id= (empty=1)
ollama-1  | slot get_availabl: id  0 | task -1 |  - checking sim = 0.680 (350/515) > 0.100
ollama-1  | slot get_availabl: id  0 | task -1 | selected slot by LCP similarity, f_sim_best = 0.680 (> 0.100 thold), f_keep = 0.769
ollama-1  | slot launch_slot_: id  0 | task -1 | sampler chain: logits -> ?penalties -> ?dry -> ?top-n-sigma -> top-k -> ?typical -> top-p -> ?min-p -> ?xtc -> temp-ext -> dist 
ollama-1  | slot launch_slot_: id  0 | task -1 | sampler params: 
ollama-1  | 	repeat_last_n = 64, repeat_penalty = 1.000, frequency_penalty = 0.000, presence_penalty = 0.000
ollama-1  | 	dry_multiplier = 0.000, dry_base = 1.750, dry_allowed_length = 2, dry_penalty_last_n = 64
ollama-1  | 	top_k = 40, top_p = 0.900, min_p = 0.000, xtc_probability = 0.000, xtc_threshold = 0.100, typical_p = 1.000, top_n_sigma = -1.000, temp = 0.000
ollama-1  | 	mirostat = 0, mirostat_lr = 0.100, mirostat_ent = 5.000, adaptive_target = -1.000, adaptive_decay = 0.900
ollama-1  | slot launch_slot_: id  0 | task 10783 | processing task, is_child = 0
ollama-1  | slot   operator(): id  0 | task 10783 | new prompt, n_ctx_slot = 4096, n_keep = 4, task.n_tokens = 515
ollama-1  | slot   operator(): id  0 | task 10783 | cached n_tokens = 350, memory_seq_rm [350, end)
ollama-1  | slot init_sampler: id  0 | task 10783 | init sampler, took 0.06 ms, tokens: text = 515, total = 515
ollama-1  | slot print_timing: id  0 | task 10783 | prompt eval time =    2414.84 ms /   165 tokens (   14.64 ms per token,    68.33 tokens per second)
ollama-1  | slot print_timing: id  0 | task 10783 |        eval time =     563.89 ms /     9 tokens (   70.49 ms per token,    14.19 tokens per second)
ollama-1  | slot print_timing: id  0 | task 10783 |       total time =    2978.73 ms /   174 tokens
ollama-1  | slot print_timing: id  0 | task 10783 |    graphs reused =       7591
ollama-1  | slot      release: id  0 | task 10783 | stop processing: n_tokens = 523, truncated = 0
ollama-1  | srv  update_slots: all slots are idle
ollama-1  | [GIN] 2026/10/08 - 09:25:35 | 200 |         1m24s |      172.21.0.4 | POST     "/api/generate"
ollama-1  | srv  server_strea: conv_id= (empty=1)
ollama-1  | slot get_availabl: id  0 | task -1 |  - checking sim = 0.839 (350/417) > 0.100
ollama-1  | slot get_availabl: id  0 | task -1 | selected slot by LCP similarity, f_sim_best = 0.839 (> 0.100 thold), f_keep = 0.669
ollama-1  | slot launch_slot_: id  0 | task -1 | sampler chain: logits -> ?penalties -> ?dry -> ?top-n-sigma -> top-k -> ?typical -> top-p -> ?min-p -> ?xtc -> temp-ext -> dist 
ollama-1  | slot launch_slot_: id  0 | task -1 | sampler params: 
ollama-1  | 	repeat_last_n = 64, repeat_penalty = 1.000, frequency_penalty = 0.000, presence_penalty = 0.000
ollama-1  | 	dry_multiplier = 0.000, dry_base = 1.750, dry_allowed_length = 2, dry_penalty_last_n = 64
ollama-1  | 	top_k = 40, top_p = 0.900, min_p = 0.000, xtc_probability = 0.000, xtc_threshold = 0.100, typical_p = 1.000, top_n_sigma = -1.000, temp = 0.000
ollama-1  | 	mirostat = 0, mirostat_lr = 0.100, mirostat_ent = 5.000, adaptive_target = -1.000, adaptive_decay = 0.900
ollama-1  | slot launch_slot_: id  0 | task 10793 | processing task, is_child = 0
ollama-1  | slot   operator(): id  0 | task 10793 | new prompt, n_ctx_slot = 4096, n_keep = 4, task.n_tokens = 417
ollama-1  | slot   operator(): id  0 | task 10793 | cached n_tokens = 350, memory_seq_rm [350, end)
ollama-1  | slot init_sampler: id  0 | task 10793 | init sampler, took 0.04 ms, tokens: text = 417, total = 417
ollama-1  | [GIN] 2026/10/08 - 09:25:35 | 200 |      28.634µs |       127.0.0.1 | HEAD     "/"
ollama-1  | [GIN] 2026/10/08 - 09:25:35 | 200 |     950.654µs |       127.0.0.1 | GET      "/api/tags"
ollama-1  | slot print_timing: id  0 | task 10793 | prompt eval time =    1020.98 ms /    67 tokens (   15.24 ms per token,    65.62 tokens per second)
ollama-1  | slot print_timing: id  0 | task 10793 |        eval time =     550.96 ms /     9 tokens (   68.87 ms per token,    14.52 tokens per second)
ollama-1  | slot print_timing: id  0 | task 10793 |       total time =    1571.94 ms /    76 tokens
ollama-1  | slot print_timing: id  0 | task 10793 |    graphs reused =       7598
ollama-1  | slot      release: id  0 | task 10793 | stop processing: n_tokens = 425, truncated = 0
ollama-1  | srv  update_slots: all slots are idle
ollama-1  | [GIN] 2026/10/08 - 09:25:36 | 200 |         1m24s |      172.21.0.4 | POST     "/api/generate"
ollama-1  | srv  server_strea: conv_id= (empty=1)
ollama-1  | slot get_availabl: id  0 | task -1 |  - checking sim = 0.839 (350/417) > 0.100
ollama-1  | slot get_availabl: id  0 | task -1 | selected slot by LCP similarity, f_sim_best = 0.839 (> 0.100 thold), f_keep = 0.824
ollama-1  | slot launch_slot_: id  0 | task -1 | sampler chain: logits -> ?penalties -> ?dry -> ?top-n-sigma -> top-k -> ?typical -> top-p -> ?min-p -> ?xtc -> temp-ext -> dist 
ollama-1  | slot launch_slot_: id  0 | task -1 | sampler params: 
ollama-1  | 	repeat_last_n = 64, repeat_penalty = 1.000, frequency_penalty = 0.000, presence_penalty = 0.000
ollama-1  | 	dry_multiplier = 0.000, dry_base = 1.750, dry_allowed_length = 2, dry_penalty_last_n = 64
ollama-1  | 	top_k = 40, top_p = 0.900, min_p = 0.000, xtc_probability = 0.000, xtc_threshold = 0.100, typical_p = 1.000, top_n_sigma = -1.000, temp = 0.000
ollama-1  | 	mirostat = 0, mirostat_lr = 0.100, mirostat_ent = 5.000, adaptive_target = -1.000, adaptive_decay = 0.900
ollama-1  | slot launch_slot_: id  0 | task 10803 | processing task, is_child = 0
ollama-1  | slot   operator(): id  0 | task 10803 | new prompt, n_ctx_slot = 4096, n_keep = 4, task.n_tokens = 417
ollama-1  | slot   operator(): id  0 | task 10803 | cached n_tokens = 350, memory_seq_rm [350, end)
ollama-1  | slot init_sampler: id  0 | task 10803 | init sampler, took 0.03 ms, tokens: text = 417, total = 417
ollama-1  | slot print_timing: id  0 | task 10803 | prompt eval time =    1023.75 ms /    67 tokens (   15.28 ms per token,    65.45 tokens per second)
ollama-1  | slot print_timing: id  0 | task 10803 |        eval time =     612.98 ms /    10 tokens (   68.11 ms per token,    14.68 tokens per second)
ollama-1  | slot print_timing: id  0 | task 10803 |       total time =    1636.73 ms /    77 tokens
ollama-1  | slot print_timing: id  0 | task 10803 |    graphs reused =       7606
ollama-1  | slot      release: id  0 | task 10803 | stop processing: n_tokens = 426, truncated = 0
ollama-1  | srv  update_slots: all slots are idle
ollama-1  | [GIN] 2026/10/08 - 09:25:38 | 200 |         1m25s |      172.21.0.4 | POST     "/api/generate"
ollama-1  | srv  server_strea: conv_id= (empty=1)
ollama-1  | slot get_availabl: id  0 | task -1 |  - checking sim = 0.742 (350/472) > 0.100
ollama-1  | slot get_availabl: id  0 | task -1 | selected slot by LCP similarity, f_sim_best = 0.742 (> 0.100 thold), f_keep = 0.822
ollama-1  | slot launch_slot_: id  0 | task -1 | sampler chain: logits -> ?penalties -> ?dry -> ?top-n-sigma -> top-k -> ?typical -> top-p -> ?min-p -> ?xtc -> temp-ext -> dist 
ollama-1  | slot launch_slot_: id  0 | task -1 | sampler params: 
ollama-1  | 	repeat_last_n = 64, repeat_penalty = 1.000, frequency_penalty = 0.000, presence_penalty = 0.000
ollama-1  | 	dry_multiplier = 0.000, dry_base = 1.750, dry_allowed_length = 2, dry_penalty_last_n = 64
ollama-1  | 	top_k = 40, top_p = 0.900, min_p = 0.000, xtc_probability = 0.000, xtc_threshold = 0.100, typical_p = 1.000, top_n_sigma = -1.000, temp = 0.000
ollama-1  | 	mirostat = 0, mirostat_lr = 0.100, mirostat_ent = 5.000, adaptive_target = -1.000, adaptive_decay = 0.900
ollama-1  | slot launch_slot_: id  0 | task 10814 | processing task, is_child = 0
ollama-1  | slot   operator(): id  0 | task 10814 | new prompt, n_ctx_slot = 4096, n_keep = 4, task.n_tokens = 472
ollama-1  | slot   operator(): id  0 | task 10814 | cached n_tokens = 350, memory_seq_rm [350, end)
ollama-1  | slot init_sampler: id  0 | task 10814 | init sampler, took 0.04 ms, tokens: text = 472, total = 472
ollama-1  | slot print_timing: id  0 | task 10814 | prompt eval time =    1760.86 ms /   122 tokens (   14.43 ms per token,    69.28 tokens per second)
ollama-1  | slot print_timing: id  0 | task 10814 |        eval time =     489.48 ms /     8 tokens (   69.93 ms per token,    14.30 tokens per second)
ollama-1  | slot print_timing: id  0 | task 10814 |       total time =    2250.34 ms /   130 tokens
ollama-1  | slot print_timing: id  0 | task 10814 |    graphs reused =       7612
ollama-1  | slot      release: id  0 | task 10814 | stop processing: n_tokens = 479, truncated = 0
ollama-1  | srv  update_slots: all slots are idle
ollama-1  | [GIN] 2026/10/08 - 09:25:40 | 200 |         1m25s |      172.21.0.4 | POST     "/api/generate"
ollama-1  | srv  server_strea: conv_id= (empty=1)
ollama-1  | slot get_availabl: id  0 | task -1 |  - checking sim = 0.812 (350/431) > 0.100
ollama-1  | slot get_availabl: id  0 | task -1 | selected slot by LCP similarity, f_sim_best = 0.812 (> 0.100 thold), f_keep = 0.731
ollama-1  | slot launch_slot_: id  0 | task -1 | sampler chain: logits -> ?penalties -> ?dry -> ?top-n-sigma -> top-k -> ?typical -> top-p -> ?min-p -> ?xtc -> temp-ext -> dist 
ollama-1  | slot launch_slot_: id  0 | task -1 | sampler params: 
ollama-1  | 	repeat_last_n = 64, repeat_penalty = 1.000, frequency_penalty = 0.000, presence_penalty = 0.000
ollama-1  | 	dry_multiplier = 0.000, dry_base = 1.750, dry_allowed_length = 2, dry_penalty_last_n = 64
ollama-1  | 	top_k = 40, top_p = 0.900, min_p = 0.000, xtc_probability = 0.000, xtc_threshold = 0.100, typical_p = 1.000, top_n_sigma = -1.000, temp = 0.000
ollama-1  | 	mirostat = 0, mirostat_lr = 0.100, mirostat_ent = 5.000, adaptive_target = -1.000, adaptive_decay = 0.900
ollama-1  | slot launch_slot_: id  0 | task 10823 | processing task, is_child = 0
ollama-1  | slot   operator(): id  0 | task 10823 | new prompt, n_ctx_slot = 4096, n_keep = 4, task.n_tokens = 431
ollama-1  | slot   operator(): id  0 | task 10823 | cached n_tokens = 350, memory_seq_rm [350, end)
ollama-1  | slot init_sampler: id  0 | task 10823 | init sampler, took 0.04 ms, tokens: text = 431, total = 431
ollama-1  | slot print_timing: id  0 | task 10823 | prompt eval time =    1219.88 ms /    81 tokens (   15.06 ms per token,    66.40 tokens per second)
ollama-1  | slot print_timing: id  0 | task 10823 |        eval time =     549.84 ms /     9 tokens (   68.73 ms per token,    14.55 tokens per second)
ollama-1  | slot print_timing: id  0 | task 10823 |       total time =    1769.72 ms /    90 tokens
ollama-1  | slot print_timing: id  0 | task 10823 |    graphs reused =       7619
ollama-1  | slot      release: id  0 | task 10823 | stop processing: n_tokens = 439, truncated = 0
ollama-1  | srv  update_slots: all slots are idle
ollama-1  | [GIN] 2026/10/08 - 09:25:42 | 200 |         1m23s |      172.21.0.4 | POST     "/api/generate"
ollama-1  | srv  server_strea: conv_id= (empty=1)
ollama-1  | slot get_availabl: id  0 | task -1 |  - checking sim = 0.798 (351/440) > 0.100
ollama-1  | slot get_availabl: id  0 | task -1 | selected slot by LCP similarity, f_sim_best = 0.798 (> 0.100 thold), f_keep = 0.800
ollama-1  | slot launch_slot_: id  0 | task -1 | sampler chain: logits -> ?penalties -> ?dry -> ?top-n-sigma -> top-k -> ?typical -> top-p -> ?min-p -> ?xtc -> temp-ext -> dist 
ollama-1  | slot launch_slot_: id  0 | task -1 | sampler params: 
ollama-1  | 	repeat_last_n = 64, repeat_penalty = 1.000, frequency_penalty = 0.000, presence_penalty = 0.000
ollama-1  | 	dry_multiplier = 0.000, dry_base = 1.750, dry_allowed_length = 2, dry_penalty_last_n = 64
ollama-1  | 	top_k = 40, top_p = 0.900, min_p = 0.000, xtc_probability = 0.000, xtc_threshold = 0.100, typical_p = 1.000, top_n_sigma = -1.000, temp = 0.000
ollama-1  | 	mirostat = 0, mirostat_lr = 0.100, mirostat_ent = 5.000, adaptive_target = -1.000, adaptive_decay = 0.900
ollama-1  | slot launch_slot_: id  0 | task 10833 | processing task, is_child = 0
ollama-1  | slot   operator(): id  0 | task 10833 | new prompt, n_ctx_slot = 4096, n_keep = 4, task.n_tokens = 440
ollama-1  | slot   operator(): id  0 | task 10833 | cached n_tokens = 351, memory_seq_rm [351, end)
ollama-1  | slot init_sampler: id  0 | task 10833 | init sampler, took 0.05 ms, tokens: text = 440, total = 440
ollama-1  | slot print_timing: id  0 | task 10833 | prompt eval time =    1326.57 ms /    89 tokens (   14.91 ms per token,    67.09 tokens per second)
ollama-1  | slot print_timing: id  0 | task 10833 |        eval time =     689.22 ms /    11 tokens (   68.92 ms per token,    14.51 tokens per second)
ollama-1  | slot print_timing: id  0 | task 10833 |       total time =    2015.79 ms /   100 tokens
ollama-1  | slot print_timing: id  0 | task 10833 |    graphs reused =       7628
ollama-1  | slot      release: id  0 | task 10833 | stop processing: n_tokens = 450, truncated = 0
ollama-1  | srv  update_slots: all slots are idle
ollama-1  | [GIN] 2026/10/08 - 09:25:44 | 200 |         1m24s |      172.21.0.4 | POST     "/api/generate"
ollama-1  | srv  server_strea: conv_id= (empty=1)
ollama-1  | slot get_availabl: id  0 | task -1 |  - checking sim = 0.761 (350/460) > 0.100
ollama-1  | slot get_availabl: id  0 | task -1 | selected slot by LCP similarity, f_sim_best = 0.761 (> 0.100 thold), f_keep = 0.778
ollama-1  | slot launch_slot_: id  0 | task -1 | sampler chain: logits -> ?penalties -> ?dry -> ?top-n-sigma -> top-k -> ?typical -> top-p -> ?min-p -> ?xtc -> temp-ext -> dist 
ollama-1  | slot launch_slot_: id  0 | task -1 | sampler params: 
ollama-1  | 	repeat_last_n = 64, repeat_penalty = 1.000, frequency_penalty = 0.000, presence_penalty = 0.000
ollama-1  | 	dry_multiplier = 0.000, dry_base = 1.750, dry_allowed_length = 2, dry_penalty_last_n = 64
ollama-1  | 	top_k = 40, top_p = 0.900, min_p = 0.000, xtc_probability = 0.000, xtc_threshold = 0.100, typical_p = 1.000, top_n_sigma = -1.000, temp = 0.000
ollama-1  | 	mirostat = 0, mirostat_lr = 0.100, mirostat_ent = 5.000, adaptive_target = -1.000, adaptive_decay = 0.900
ollama-1  | slot launch_slot_: id  0 | task 10845 | processing task, is_child = 0
ollama-1  | slot   operator(): id  0 | task 10845 | new prompt, n_ctx_slot = 4096, n_keep = 4, task.n_tokens = 460
ollama-1  | slot   operator(): id  0 | task 10845 | cached n_tokens = 350, memory_seq_rm [350, end)
ollama-1  | slot init_sampler: id  0 | task 10845 | init sampler, took 0.05 ms, tokens: text = 460, total = 460
ollama-1  | [GIN] 2026/10/08 - 09:25:46 | 200 |      28.513µs |       127.0.0.1 | HEAD     "/"
ollama-1  | [GIN] 2026/10/08 - 09:25:46 | 200 |     958.252µs |       127.0.0.1 | GET      "/api/tags"
ollama-1  | slot print_timing: id  0 | task 10845 | prompt eval time =    1585.83 ms /   110 tokens (   14.42 ms per token,    69.36 tokens per second)
ollama-1  | slot print_timing: id  0 | task 10845 |        eval time =     539.65 ms /     9 tokens (   67.46 ms per token,    14.82 tokens per second)
ollama-1  | slot print_timing: id  0 | task 10845 |       total time =    2125.49 ms /   119 tokens
ollama-1  | slot print_timing: id  0 | task 10845 |    graphs reused =       7635
ollama-1  | slot      release: id  0 | task 10845 | stop processing: n_tokens = 468, truncated = 0
ollama-1  | srv  update_slots: all slots are idle
ollama-1  | [GIN] 2026/10/08 - 09:25:46 | 200 |         1m26s |      172.21.0.4 | POST     "/api/generate"
ollama-1  | srv  server_strea: conv_id= (empty=1)
ollama-1  | slot get_availabl: id  0 | task -1 |  - checking sim = 0.682 (350/513) > 0.100
ollama-1  | slot get_availabl: id  0 | task -1 | selected slot by LCP similarity, f_sim_best = 0.682 (> 0.100 thold), f_keep = 0.748
ollama-1  | slot launch_slot_: id  0 | task -1 | sampler chain: logits -> ?penalties -> ?dry -> ?top-n-sigma -> top-k -> ?typical -> top-p -> ?min-p -> ?xtc -> temp-ext -> dist 
ollama-1  | slot launch_slot_: id  0 | task -1 | sampler params: 
ollama-1  | 	repeat_last_n = 64, repeat_penalty = 1.000, frequency_penalty = 0.000, presence_penalty = 0.000
ollama-1  | 	dry_multiplier = 0.000, dry_base = 1.750, dry_allowed_length = 2, dry_penalty_last_n = 64
ollama-1  | 	top_k = 40, top_p = 0.900, min_p = 0.000, xtc_probability = 0.000, xtc_threshold = 0.100, typical_p = 1.000, top_n_sigma = -1.000, temp = 0.000
ollama-1  | 	mirostat = 0, mirostat_lr = 0.100, mirostat_ent = 5.000, adaptive_target = -1.000, adaptive_decay = 0.900
ollama-1  | slot launch_slot_: id  0 | task 10855 | processing task, is_child = 0
ollama-1  | slot   operator(): id  0 | task 10855 | new prompt, n_ctx_slot = 4096, n_keep = 4, task.n_tokens = 513
ollama-1  | slot   operator(): id  0 | task 10855 | cached n_tokens = 350, memory_seq_rm [350, end)
ollama-1  | slot init_sampler: id  0 | task 10855 | init sampler, took 0.04 ms, tokens: text = 513, total = 513
ollama-1  | slot print_timing: id  0 | task 10855 | prompt eval time =    2411.33 ms /   163 tokens (   14.79 ms per token,    67.60 tokens per second)
ollama-1  | slot print_timing: id  0 | task 10855 |        eval time =     547.88 ms /     9 tokens (   68.48 ms per token,    14.60 tokens per second)
ollama-1  | slot print_timing: id  0 | task 10855 |       total time =    2959.21 ms /   172 tokens
ollama-1  | slot print_timing: id  0 | task 10855 |    graphs reused =       7642
ollama-1  | slot      release: id  0 | task 10855 | stop processing: n_tokens = 521, truncated = 0
ollama-1  | srv  update_slots: all slots are idle
ollama-1  | [GIN] 2026/10/08 - 09:25:49 | 200 |         1m29s |      172.21.0.4 | POST     "/api/generate"
ollama-1  | srv  server_strea: conv_id= (empty=1)
ollama-1  | slot get_availabl: id  0 | task -1 |  - checking sim = 0.688 (350/509) > 0.100
ollama-1  | slot get_availabl: id  0 | task -1 | selected slot by LCP similarity, f_sim_best = 0.688 (> 0.100 thold), f_keep = 0.672
ollama-1  | slot launch_slot_: id  0 | task -1 | sampler chain: logits -> ?penalties -> ?dry -> ?top-n-sigma -> top-k -> ?typical -> top-p -> ?min-p -> ?xtc -> temp-ext -> dist 
ollama-1  | slot launch_slot_: id  0 | task -1 | sampler params: 
ollama-1  | 	repeat_last_n = 64, repeat_penalty = 1.000, frequency_penalty = 0.000, presence_penalty = 0.000
ollama-1  | 	dry_multiplier = 0.000, dry_base = 1.750, dry_allowed_length = 2, dry_penalty_last_n = 64
ollama-1  | 	top_k = 40, top_p = 0.900, min_p = 0.000, xtc_probability = 0.000, xtc_threshold = 0.100, typical_p = 1.000, top_n_sigma = -1.000, temp = 0.000
ollama-1  | 	mirostat = 0, mirostat_lr = 0.100, mirostat_ent = 5.000, adaptive_target = -1.000, adaptive_decay = 0.900
ollama-1  | slot launch_slot_: id  0 | task 10865 | processing task, is_child = 0
ollama-1  | slot   operator(): id  0 | task 10865 | new prompt, n_ctx_slot = 4096, n_keep = 4, task.n_tokens = 509
ollama-1  | slot   operator(): id  0 | task 10865 | cached n_tokens = 350, memory_seq_rm [350, end)
ollama-1  | slot init_sampler: id  0 | task 10865 | init sampler, took 0.05 ms, tokens: text = 509, total = 509
ollama-1  | slot print_timing: id  0 | task 10865 | prompt eval time =    2393.28 ms /   159 tokens (   15.05 ms per token,    66.44 tokens per second)
ollama-1  | slot print_timing: id  0 | task 10865 |        eval time =     569.89 ms /     9 tokens (   71.24 ms per token,    14.04 tokens per second)
ollama-1  | slot print_timing: id  0 | task 10865 |       total time =    2963.17 ms /   168 tokens
ollama-1  | slot print_timing: id  0 | task 10865 |    graphs reused =       7648
ollama-1  | slot      release: id  0 | task 10865 | stop processing: n_tokens = 517, truncated = 0
ollama-1  | srv  update_slots: all slots are idle
ollama-1  | [GIN] 2026/10/08 - 09:25:52 | 200 |         1m31s |      172.21.0.4 | POST     "/api/generate"
ollama-1  | srv  server_strea: conv_id= (empty=1)
ollama-1  | slot get_availabl: id  0 | task -1 |  - checking sim = 0.415 (350/844) > 0.100
ollama-1  | slot get_availabl: id  0 | task -1 | selected slot by LCP similarity, f_sim_best = 0.415 (> 0.100 thold), f_keep = 0.677
ollama-1  | slot launch_slot_: id  0 | task -1 | sampler chain: logits -> ?penalties -> ?dry -> ?top-n-sigma -> top-k -> ?typical -> top-p -> ?min-p -> ?xtc -> temp-ext -> dist 
ollama-1  | slot launch_slot_: id  0 | task -1 | sampler params: 
ollama-1  | 	repeat_last_n = 64, repeat_penalty = 1.000, frequency_penalty = 0.000, presence_penalty = 0.000
ollama-1  | 	dry_multiplier = 0.000, dry_base = 1.750, dry_allowed_length = 2, dry_penalty_last_n = 64
ollama-1  | 	top_k = 40, top_p = 0.900, min_p = 0.000, xtc_probability = 0.000, xtc_threshold = 0.100, typical_p = 1.000, top_n_sigma = -1.000, temp = 0.000
ollama-1  | 	mirostat = 0, mirostat_lr = 0.100, mirostat_ent = 5.000, adaptive_target = -1.000, adaptive_decay = 0.900
ollama-1  | slot launch_slot_: id  0 | task 10875 | processing task, is_child = 0
ollama-1  | slot   operator(): id  0 | task 10875 | new prompt, n_ctx_slot = 4096, n_keep = 4, task.n_tokens = 844
ollama-1  | slot   operator(): id  0 | task 10875 | cached n_tokens = 350, memory_seq_rm [350, end)
ollama-1  | slot init_sampler: id  0 | task 10875 | init sampler, took 0.07 ms, tokens: text = 844, total = 844
ollama-1  | [GIN] 2026/10/08 - 09:25:56 | 200 |      23.322µs |       127.0.0.1 | HEAD     "/"
ollama-1  | [GIN] 2026/10/08 - 09:25:56 | 200 |    1.547265ms |       127.0.0.1 | GET      "/api/tags"
ollama-1  | slot print_timing: id  0 | task 10875 | prompt eval time =    7227.35 ms /   494 tokens (   14.63 ms per token,    68.35 tokens per second)
ollama-1  | slot print_timing: id  0 | task 10875 |        eval time =     510.38 ms /     8 tokens (   72.91 ms per token,    13.72 tokens per second)
ollama-1  | slot print_timing: id  0 | task 10875 |       total time =    7737.73 ms /   502 tokens
ollama-1  | slot print_timing: id  0 | task 10875 |    graphs reused =       7654
ollama-1  | slot      release: id  0 | task 10875 | stop processing: n_tokens = 851, truncated = 0
ollama-1  | srv  update_slots: all slots are idle
ollama-1  | [GIN] 2026/10/08 - 09:26:01 | 200 |         1m38s |      172.21.0.4 | POST     "/api/generate"
ollama-1  | srv  server_strea: conv_id= (empty=1)
ollama-1  | slot get_availabl: id  0 | task -1 |  - checking sim = 0.801 (351/438) > 0.100
ollama-1  | slot get_availabl: id  0 | task -1 | selected slot by LCP similarity, f_sim_best = 0.801 (> 0.100 thold), f_keep = 0.412
ollama-1  | srv  get_availabl: updating prompt cache
ollama-1  | srv   prompt_save:  - saving prompt with length 851, total state size = 106.385 MiB (draft: 0.000 MiB)
ollama-1  | srv         alloc:  - prompt is already in the cache, skipping
ollama-1  | srv          load:  - looking for better prompt, base f_keep = 0.412, f_sim = 0.801
ollama-1  | srv          load:    - prompt with length     782, lcp =     350, f_keep = 0.448, f_sim = 0.799
ollama-1  | srv          load:    - prompt with length     794, lcp =     350, f_keep = 0.441, f_sim = 0.799
ollama-1  | srv          load:    - prompt with length     753, lcp =     350, f_keep = 0.465, f_sim = 0.799
ollama-1  | srv          load:    - prompt with length     730, lcp =     350, f_keep = 0.479, f_sim = 0.799
ollama-1  | srv          load:    - prompt with length     828, lcp =     350, f_keep = 0.423, f_sim = 0.799
ollama-1  | srv          load:    - prompt with length     844, lcp =     350, f_keep = 0.415, f_sim = 0.799
ollama-1  | srv          load:    - prompt with length     846, lcp =     351, f_keep = 0.415, f_sim = 0.801
ollama-1  | srv          load:    - prompt with length     892, lcp =     350, f_keep = 0.392, f_sim = 0.799
ollama-1  | srv          load:    - prompt with length     778, lcp =     350, f_keep = 0.450, f_sim = 0.799
ollama-1  | srv          load:    - prompt with length     788, lcp =     350, f_keep = 0.444, f_sim = 0.799
ollama-1  | srv          load:    - prompt with length    1176, lcp =     350, f_keep = 0.298, f_sim = 0.799
ollama-1  | srv          load:    - prompt with length     726, lcp =     350, f_keep = 0.482, f_sim = 0.799
ollama-1  | srv          load:    - prompt with length     765, lcp =     350, f_keep = 0.458, f_sim = 0.799
ollama-1  | srv          load:    - prompt with length     851, lcp =     351, f_keep = 0.412, f_sim = 0.801
ollama-1  | srv          load:    - prompt with length     763, lcp =     350, f_keep = 0.459, f_sim = 0.799
ollama-1  | srv          load:    - prompt with length     730, lcp =     351, f_keep = 0.481, f_sim = 0.801
ollama-1  | srv          load:    - prompt with length     796, lcp =     350, f_keep = 0.440, f_sim = 0.799
ollama-1  | srv          load:    - prompt with length     709, lcp =     350, f_keep = 0.494, f_sim = 0.799
ollama-1  | srv          load:    - prompt with length     800, lcp =     352, f_keep = 0.440, f_sim = 0.804
ollama-1  | srv          load:    - prompt with length     790, lcp =     350, f_keep = 0.443, f_sim = 0.799
ollama-1  | srv          load:    - prompt with length     780, lcp =     351, f_keep = 0.450, f_sim = 0.801
ollama-1  | srv          load:    - prompt with length     847, lcp =     351, f_keep = 0.414, f_sim = 0.801
ollama-1  | srv          load:    - prompt with length     710, lcp =     350, f_keep = 0.493, f_sim = 0.799
ollama-1  | srv          load:    - prompt with length     770, lcp =     350, f_keep = 0.455, f_sim = 0.799
ollama-1  | srv          load:    - prompt with length     717, lcp =     350, f_keep = 0.488, f_sim = 0.799
ollama-1  | srv          load:    - prompt with length     753, lcp =     350, f_keep = 0.465, f_sim = 0.799
ollama-1  | srv          load:  - found better prompt with f_keep = 0.440, f_sim = 0.804
ollama-1  | srv        update:  - cache state: 25 prompts, 2489.997 MiB (limits: 8192.000 MiB, 4096 tokens, 65529 est)
ollama-1  | srv        update:    - prompt 0x36524940:     782 tokens, checkpoints:  0,    97.760 MiB
ollama-1  | srv        update:    - prompt 0x36524a40:     794 tokens, checkpoints:  0,    99.260 MiB
ollama-1  | srv        update:    - prompt 0x36521d10:     753 tokens, checkpoints:  0,    94.134 MiB
ollama-1  | srv        update:    - prompt 0x36521c60:     730 tokens, checkpoints:  0,    91.259 MiB
ollama-1  | srv        update:    - prompt 0x36521bb0:     828 tokens, checkpoints:  0,   103.510 MiB
ollama-1  | srv        update:    - prompt 0x3652bd10:     844 tokens, checkpoints:  0,   105.510 MiB
ollama-1  | srv        update:    - prompt 0x3724fc20:     846 tokens, checkpoints:  0,   105.760 MiB
ollama-1  | srv        update:    - prompt 0x3651c680:     892 tokens, checkpoints:  0,   111.511 MiB
ollama-1  | srv        update:    - prompt 0x36504320:     778 tokens, checkpoints:  0,    97.260 MiB
ollama-1  | srv        update:    - prompt 0x371021f0:     788 tokens, checkpoints:  0,    98.510 MiB
ollama-1  | srv        update:    - prompt 0x3724a9f0:    1176 tokens, checkpoints:  0,   147.014 MiB
ollama-1  | srv        update:    - prompt 0x36516480:     726 tokens, checkpoints:  0,    90.759 MiB
ollama-1  | srv        update:    - prompt 0x371c5be0:     765 tokens, checkpoints:  0,    95.635 MiB
ollama-1  | srv        update:    - prompt 0x3651cdf0:     851 tokens, checkpoints:  0,   106.385 MiB
ollama-1  | srv        update:    - prompt 0x36510eb0:     763 tokens, checkpoints:  0,    95.384 MiB
ollama-1  | srv        update:    - prompt 0x3715ca80:     730 tokens, checkpoints:  0,    91.259 MiB
ollama-1  | srv        update:    - prompt 0x36996dc0:     796 tokens, checkpoints:  0,    99.510 MiB
ollama-1  | srv        update:    - prompt 0x37264940:     709 tokens, checkpoints:  0,    88.634 MiB
ollama-1  | srv        update:    - prompt 0x364ffda0:     790 tokens, checkpoints:  0,    98.760 MiB
ollama-1  | srv        update:    - prompt 0x36522570:     780 tokens, checkpoints:  0,    97.510 MiB
ollama-1  | srv        update:    - prompt 0x37b80950:     847 tokens, checkpoints:  0,   105.885 MiB
ollama-1  | srv        update:    - prompt 0x37a562a0:     710 tokens, checkpoints:  0,    88.759 MiB
ollama-1  | srv        update:    - prompt 0x37a8eee0:     770 tokens, checkpoints:  0,    96.260 MiB
ollama-1  | srv        update:    - prompt 0x370b1e10:     717 tokens, checkpoints:  0,    89.634 MiB
ollama-1  | srv        update:    - prompt 0x36537930:     753 tokens, checkpoints:  0,    94.134 MiB
ollama-1  | srv  get_availabl: prompt cache update took 520.14 ms
ollama-1  | slot launch_slot_: id  0 | task -1 | sampler chain: logits -> ?penalties -> ?dry -> ?top-n-sigma -> top-k -> ?typical -> top-p -> ?min-p -> ?xtc -> temp-ext -> dist 
ollama-1  | slot launch_slot_: id  0 | task -1 | sampler params: 
ollama-1  | 	repeat_last_n = 64, repeat_penalty = 1.000, frequency_penalty = 0.000, presence_penalty = 0.000
ollama-1  | 	dry_multiplier = 0.000, dry_base = 1.750, dry_allowed_length = 2, dry_penalty_last_n = 64
ollama-1  | 	top_k = 40, top_p = 0.900, min_p = 0.000, xtc_probability = 0.000, xtc_threshold = 0.100, typical_p = 1.000, top_n_sigma = -1.000, temp = 0.000
ollama-1  | 	mirostat = 0, mirostat_lr = 0.100, mirostat_ent = 5.000, adaptive_target = -1.000, adaptive_decay = 0.900
ollama-1  | slot launch_slot_: id  0 | task 10884 | processing task, is_child = 0
ollama-1  | slot   operator(): id  0 | task 10884 | new prompt, n_ctx_slot = 4096, n_keep = 4, task.n_tokens = 438
ollama-1  | slot   operator(): id  0 | task 10884 | cached n_tokens = 352, memory_seq_rm [352, end)
ollama-1  | slot init_sampler: id  0 | task 10884 | init sampler, took 0.03 ms, tokens: text = 438, total = 438
ollama-1  | slot print_timing: id  0 | task 10884 | prompt eval time =    1279.68 ms /    86 tokens (   14.88 ms per token,    67.20 tokens per second)
ollama-1  | slot print_timing: id  0 | task 10884 |        eval time =     647.27 ms /    10 tokens (   71.92 ms per token,    13.90 tokens per second)
ollama-1  | slot print_timing: id  0 | task 10884 |       total time =    1926.95 ms /    96 tokens
ollama-1  | slot print_timing: id  0 | task 10884 |    graphs reused =       7662
ollama-1  | slot      release: id  0 | task 10884 | stop processing: n_tokens = 447, truncated = 0
ollama-1  | srv  update_slots: all slots are idle
ollama-1  | [GIN] 2026/10/08 - 09:26:04 | 200 |         1m41s |      172.21.0.4 | POST     "/api/generate"
ollama-1  | srv  server_strea: conv_id= (empty=1)
ollama-1  | slot get_availabl: id  0 | task -1 |  - checking sim = 0.693 (352/508) > 0.100
ollama-1  | slot get_availabl: id  0 | task -1 | selected slot by LCP similarity, f_sim_best = 0.693 (> 0.100 thold), f_keep = 0.787
ollama-1  | slot launch_slot_: id  0 | task -1 | sampler chain: logits -> ?penalties -> ?dry -> ?top-n-sigma -> top-k -> ?typical -> top-p -> ?min-p -> ?xtc -> temp-ext -> dist 
ollama-1  | slot launch_slot_: id  0 | task -1 | sampler params: 
ollama-1  | 	repeat_last_n = 64, repeat_penalty = 1.000, frequency_penalty = 0.000, presence_penalty = 0.000
ollama-1  | 	dry_multiplier = 0.000, dry_base = 1.750, dry_allowed_length = 2, dry_penalty_last_n = 64
ollama-1  | 	top_k = 40, top_p = 0.900, min_p = 0.000, xtc_probability = 0.000, xtc_threshold = 0.100, typical_p = 1.000, top_n_sigma = -1.000, temp = 0.000
ollama-1  | 	mirostat = 0, mirostat_lr = 0.100, mirostat_ent = 5.000, adaptive_target = -1.000, adaptive_decay = 0.900
ollama-1  | slot launch_slot_: id  0 | task 10895 | processing task, is_child = 0
ollama-1  | slot   operator(): id  0 | task 10895 | new prompt, n_ctx_slot = 4096, n_keep = 4, task.n_tokens = 508
ollama-1  | slot   operator(): id  0 | task 10895 | cached n_tokens = 352, memory_seq_rm [352, end)
ollama-1  | slot init_sampler: id  0 | task 10895 | init sampler, took 0.08 ms, tokens: text = 508, total = 508
ollama-1  | slot print_timing: id  0 | task 10895 | prompt eval time =    2300.73 ms /   156 tokens (   14.75 ms per token,    67.80 tokens per second)
ollama-1  | slot print_timing: id  0 | task 10895 |        eval time =     631.75 ms /    10 tokens (   70.19 ms per token,    14.25 tokens per second)
ollama-1  | slot print_timing: id  0 | task 10895 |       total time =    2932.49 ms /   166 tokens
ollama-1  | slot print_timing: id  0 | task 10895 |    graphs reused =       7669
ollama-1  | slot      release: id  0 | task 10895 | stop processing: n_tokens = 517, truncated = 0
ollama-1  | srv  update_slots: all slots are idle
ollama-1  | [GIN] 2026/10/08 - 09:26:06 | 200 |         1m43s |      172.21.0.4 | POST     "/api/generate"
ollama-1  | srv  server_strea: conv_id= (empty=1)
ollama-1  | slot get_availabl: id  0 | task -1 |  - checking sim = 0.886 (351/396) > 0.100
ollama-1  | slot get_availabl: id  0 | task -1 | selected slot by LCP similarity, f_sim_best = 0.886 (> 0.100 thold), f_keep = 0.679
ollama-1  | slot launch_slot_: id  0 | task -1 | sampler chain: logits -> ?penalties -> ?dry -> ?top-n-sigma -> top-k -> ?typical -> top-p -> ?min-p -> ?xtc -> temp-ext -> dist 
ollama-1  | slot launch_slot_: id  0 | task -1 | sampler params: 
ollama-1  | 	repeat_last_n = 64, repeat_penalty = 1.000, frequency_penalty = 0.000, presence_penalty = 0.000
ollama-1  | 	dry_multiplier = 0.000, dry_base = 1.750, dry_allowed_length = 2, dry_penalty_last_n = 64
ollama-1  | 	top_k = 40, top_p = 0.900, min_p = 0.000, xtc_probability = 0.000, xtc_threshold = 0.100, typical_p = 1.000, top_n_sigma = -1.000, temp = 0.000
ollama-1  | 	mirostat = 0, mirostat_lr = 0.100, mirostat_ent = 5.000, adaptive_target = -1.000, adaptive_decay = 0.900
ollama-1  | slot launch_slot_: id  0 | task 10906 | processing task, is_child = 0
ollama-1  | slot   operator(): id  0 | task 10906 | new prompt, n_ctx_slot = 4096, n_keep = 4, task.n_tokens = 396
ollama-1  | slot   operator(): id  0 | task 10906 | cached n_tokens = 351, memory_seq_rm [351, end)
ollama-1  | slot init_sampler: id  0 | task 10906 | init sampler, took 0.04 ms, tokens: text = 396, total = 396
ollama-1  | [GIN] 2026/10/08 - 09:26:07 | 200 |      29.463µs |       127.0.0.1 | HEAD     "/"
ollama-1  | [GIN] 2026/10/08 - 09:26:07 | 200 |    1.411262ms |       127.0.0.1 | GET      "/api/tags"
ollama-1  | slot print_timing: id  0 | task 10906 | prompt eval time =     722.88 ms /    45 tokens (   16.06 ms per token,    62.25 tokens per second)
ollama-1  | slot print_timing: id  0 | task 10906 |        eval time =     573.16 ms /     9 tokens (   71.64 ms per token,    13.96 tokens per second)
ollama-1  | slot print_timing: id  0 | task 10906 |       total time =    1296.04 ms /    54 tokens
ollama-1  | slot print_timing: id  0 | task 10906 |    graphs reused =       7676
ollama-1  | slot      release: id  0 | task 10906 | stop processing: n_tokens = 404, truncated = 0
ollama-1  | srv  update_slots: all slots are idle
ollama-1  | [GIN] 2026/10/08 - 09:26:08 | 200 |         1m44s |      172.21.0.4 | POST     "/api/generate"
ollama-1  | srv  server_strea: conv_id= (empty=1)
ollama-1  | slot get_availabl: id  0 | task -1 |  - checking sim = 0.419 (350/836) > 0.100
ollama-1  | slot get_availabl: id  0 | task -1 | selected slot by LCP similarity, f_sim_best = 0.419 (> 0.100 thold), f_keep = 0.866
ollama-1  | slot launch_slot_: id  0 | task -1 | sampler chain: logits -> ?penalties -> ?dry -> ?top-n-sigma -> top-k -> ?typical -> top-p -> ?min-p -> ?xtc -> temp-ext -> dist 
ollama-1  | slot launch_slot_: id  0 | task -1 | sampler params: 
ollama-1  | 	repeat_last_n = 64, repeat_penalty = 1.000, frequency_penalty = 0.000, presence_penalty = 0.000
ollama-1  | 	dry_multiplier = 0.000, dry_base = 1.750, dry_allowed_length = 2, dry_penalty_last_n = 64
ollama-1  | 	top_k = 40, top_p = 0.900, min_p = 0.000, xtc_probability = 0.000, xtc_threshold = 0.100, typical_p = 1.000, top_n_sigma = -1.000, temp = 0.000
ollama-1  | 	mirostat = 0, mirostat_lr = 0.100, mirostat_ent = 5.000, adaptive_target = -1.000, adaptive_decay = 0.900
ollama-1  | slot launch_slot_: id  0 | task 10916 | processing task, is_child = 0
ollama-1  | slot   operator(): id  0 | task 10916 | new prompt, n_ctx_slot = 4096, n_keep = 4, task.n_tokens = 836
ollama-1  | slot   operator(): id  0 | task 10916 | cached n_tokens = 350, memory_seq_rm [350, end)
ollama-1  | slot init_sampler: id  0 | task 10916 | init sampler, took 0.07 ms, tokens: text = 836, total = 836
ollama-1  | slot print_timing: id  0 | task 10916 | prompt eval time =    7096.53 ms /   486 tokens (   14.60 ms per token,    68.48 tokens per second)
ollama-1  | slot print_timing: id  0 | task 10916 |        eval time =     568.27 ms /     9 tokens (   71.03 ms per token,    14.08 tokens per second)
ollama-1  | slot print_timing: id  0 | task 10916 |       total time =    7664.80 ms /   495 tokens
ollama-1  | slot print_timing: id  0 | task 10916 |    graphs reused =       7683
ollama-1  | slot      release: id  0 | task 10916 | stop processing: n_tokens = 844, truncated = 0
ollama-1  | srv  update_slots: all slots are idle
ollama-1  | [GIN] 2026/10/08 - 09:26:15 | 200 |         1m52s |      172.21.0.4 | POST     "/api/generate"
ollama-1  | srv  server_strea: conv_id= (empty=1)
ollama-1  | slot get_availabl: id  0 | task -1 |  - checking sim = 0.613 (350/571) > 0.100
ollama-1  | slot get_availabl: id  0 | task -1 | selected slot by LCP similarity, f_sim_best = 0.613 (> 0.100 thold), f_keep = 0.415
ollama-1  | srv  get_availabl: updating prompt cache
ollama-1  | srv   prompt_save:  - saving prompt with length 844, total state size = 105.510 MiB (draft: 0.000 MiB)
ollama-1  | srv         alloc:  - prompt is already in the cache, skipping
ollama-1  | srv          load:  - looking for better prompt, base f_keep = 0.415, f_sim = 0.613
ollama-1  | srv          load:    - prompt with length     782, lcp =     350, f_keep = 0.448, f_sim = 0.613
ollama-1  | srv          load:    - prompt with length     794, lcp =     350, f_keep = 0.441, f_sim = 0.613
ollama-1  | srv          load:    - prompt with length     753, lcp =     350, f_keep = 0.465, f_sim = 0.613
ollama-1  | srv          load:    - prompt with length     730, lcp =     350, f_keep = 0.479, f_sim = 0.613
ollama-1  | srv          load:    - prompt with length     828, lcp =     350, f_keep = 0.423, f_sim = 0.613
ollama-1  | srv          load:    - prompt with length     844, lcp =     350, f_keep = 0.415, f_sim = 0.613
ollama-1  | srv          load:    - prompt with length     846, lcp =     350, f_keep = 0.414, f_sim = 0.613
ollama-1  | srv          load:    - prompt with length     892, lcp =     350, f_keep = 0.392, f_sim = 0.613
ollama-1  | srv          load:    - prompt with length     778, lcp =     350, f_keep = 0.450, f_sim = 0.613
ollama-1  | srv          load:    - prompt with length     788, lcp =     350, f_keep = 0.444, f_sim = 0.613
ollama-1  | srv          load:    - prompt with length    1176, lcp =     350, f_keep = 0.298, f_sim = 0.613
ollama-1  | srv          load:    - prompt with length     726, lcp =     350, f_keep = 0.482, f_sim = 0.613
ollama-1  | srv          load:    - prompt with length     765, lcp =     350, f_keep = 0.458, f_sim = 0.613
ollama-1  | srv          load:    - prompt with length     851, lcp =     350, f_keep = 0.411, f_sim = 0.613
ollama-1  | srv          load:    - prompt with length     763, lcp =     350, f_keep = 0.459, f_sim = 0.613
ollama-1  | srv          load:    - prompt with length     730, lcp =     350, f_keep = 0.479, f_sim = 0.613
ollama-1  | srv          load:    - prompt with length     796, lcp =     350, f_keep = 0.440, f_sim = 0.613
ollama-1  | srv          load:    - prompt with length     709, lcp =     350, f_keep = 0.494, f_sim = 0.613
ollama-1  | srv          load:    - prompt with length     790, lcp =     350, f_keep = 0.443, f_sim = 0.613
ollama-1  | srv          load:    - prompt with length     780, lcp =     350, f_keep = 0.449, f_sim = 0.613
ollama-1  | srv          load:    - prompt with length     847, lcp =     350, f_keep = 0.413, f_sim = 0.613
ollama-1  | srv          load:    - prompt with length     710, lcp =     350, f_keep = 0.493, f_sim = 0.613
ollama-1  | srv          load:    - prompt with length     770, lcp =     350, f_keep = 0.455, f_sim = 0.613
ollama-1  | srv          load:    - prompt with length     717, lcp =     350, f_keep = 0.488, f_sim = 0.613
ollama-1  | srv          load:    - prompt with length     753, lcp =     350, f_keep = 0.465, f_sim = 0.613
ollama-1  | srv        update:  - cache state: 25 prompts, 2489.997 MiB (limits: 8192.000 MiB, 4096 tokens, 65529 est)
ollama-1  | srv        update:    - prompt 0x36524940:     782 tokens, checkpoints:  0,    97.760 MiB
ollama-1  | srv        update:    - prompt 0x36524a40:     794 tokens, checkpoints:  0,    99.260 MiB
ollama-1  | srv        update:    - prompt 0x36521d10:     753 tokens, checkpoints:  0,    94.134 MiB
ollama-1  | srv        update:    - prompt 0x36521c60:     730 tokens, checkpoints:  0,    91.259 MiB
ollama-1  | srv        update:    - prompt 0x36521bb0:     828 tokens, checkpoints:  0,   103.510 MiB
ollama-1  | srv        update:    - prompt 0x3652bd10:     844 tokens, checkpoints:  0,   105.510 MiB
ollama-1  | srv        update:    - prompt 0x3724fc20:     846 tokens, checkpoints:  0,   105.760 MiB
ollama-1  | srv        update:    - prompt 0x3651c680:     892 tokens, checkpoints:  0,   111.511 MiB
ollama-1  | srv        update:    - prompt 0x36504320:     778 tokens, checkpoints:  0,    97.260 MiB
ollama-1  | srv        update:    - prompt 0x371021f0:     788 tokens, checkpoints:  0,    98.510 MiB
ollama-1  | srv        update:    - prompt 0x3724a9f0:    1176 tokens, checkpoints:  0,   147.014 MiB
ollama-1  | srv        update:    - prompt 0x36516480:     726 tokens, checkpoints:  0,    90.759 MiB
ollama-1  | srv        update:    - prompt 0x371c5be0:     765 tokens, checkpoints:  0,    95.635 MiB
ollama-1  | srv        update:    - prompt 0x3651cdf0:     851 tokens, checkpoints:  0,   106.385 MiB
ollama-1  | srv        update:    - prompt 0x36510eb0:     763 tokens, checkpoints:  0,    95.384 MiB
ollama-1  | srv        update:    - prompt 0x3715ca80:     730 tokens, checkpoints:  0,    91.259 MiB
ollama-1  | srv        update:    - prompt 0x36996dc0:     796 tokens, checkpoints:  0,    99.510 MiB
ollama-1  | srv        update:    - prompt 0x37264940:     709 tokens, checkpoints:  0,    88.634 MiB
ollama-1  | srv        update:    - prompt 0x364ffda0:     790 tokens, checkpoints:  0,    98.760 MiB
ollama-1  | srv        update:    - prompt 0x36522570:     780 tokens, checkpoints:  0,    97.510 MiB
ollama-1  | srv        update:    - prompt 0x37b80950:     847 tokens, checkpoints:  0,   105.885 MiB
ollama-1  | srv        update:    - prompt 0x37a562a0:     710 tokens, checkpoints:  0,    88.759 MiB
ollama-1  | srv        update:    - prompt 0x37a8eee0:     770 tokens, checkpoints:  0,    96.260 MiB
ollama-1  | srv        update:    - prompt 0x370b1e10:     717 tokens, checkpoints:  0,    89.634 MiB
ollama-1  | srv        update:    - prompt 0x36537930:     753 tokens, checkpoints:  0,    94.134 MiB
ollama-1  | srv  get_availabl: prompt cache update took 0.10 ms
ollama-1  | slot launch_slot_: id  0 | task -1 | sampler chain: logits -> ?penalties -> ?dry -> ?top-n-sigma -> top-k -> ?typical -> top-p -> ?min-p -> ?xtc -> temp-ext -> dist 
ollama-1  | slot launch_slot_: id  0 | task -1 | sampler params: 
ollama-1  | 	repeat_last_n = 64, repeat_penalty = 1.000, frequency_penalty = 0.000, presence_penalty = 0.000
ollama-1  | 	dry_multiplier = 0.000, dry_base = 1.750, dry_allowed_length = 2, dry_penalty_last_n = 64
ollama-1  | 	top_k = 40, top_p = 0.900, min_p = 0.000, xtc_probability = 0.000, xtc_threshold = 0.100, typical_p = 1.000, top_n_sigma = -1.000, temp = 0.000
ollama-1  | 	mirostat = 0, mirostat_lr = 0.100, mirostat_ent = 5.000, adaptive_target = -1.000, adaptive_decay = 0.900
ollama-1  | slot launch_slot_: id  0 | task 10926 | processing task, is_child = 0
ollama-1  | slot   operator(): id  0 | task 10926 | new prompt, n_ctx_slot = 4096, n_keep = 4, task.n_tokens = 571
ollama-1  | slot   operator(): id  0 | task 10926 | cached n_tokens = 350, memory_seq_rm [350, end)
ollama-1  | slot init_sampler: id  0 | task 10926 | init sampler, took 0.06 ms, tokens: text = 571, total = 571
ollama-1  | [GIN] 2026/10/08 - 09:26:17 | 200 |      20.939µs |       127.0.0.1 | HEAD     "/"
ollama-1  | [GIN] 2026/10/08 - 09:26:17 | 200 |    1.352627ms |       127.0.0.1 | GET      "/api/tags"
ollama-1  | slot print_timing: id  0 | task 10926 | prompt eval time =    3243.97 ms /   221 tokens (   14.68 ms per token,    68.13 tokens per second)
ollama-1  | slot print_timing: id  0 | task 10926 |        eval time =     559.55 ms /     9 tokens (   69.94 ms per token,    14.30 tokens per second)
ollama-1  | slot print_timing: id  0 | task 10926 |       total time =    3803.52 ms /   230 tokens
ollama-1  | slot print_timing: id  0 | task 10926 |    graphs reused =       7690
ollama-1  | slot      release: id  0 | task 10926 | stop processing: n_tokens = 579, truncated = 0
ollama-1  | srv  update_slots: all slots are idle
ollama-1  | [GIN] 2026/10/08 - 09:26:19 | 200 |         1m55s |      172.21.0.4 | POST     "/api/generate"
ollama-1  | srv  server_strea: conv_id= (empty=1)
ollama-1  | slot get_availabl: id  0 | task -1 |  - checking sim = 0.544 (350/643) > 0.100
ollama-1  | slot get_availabl: id  0 | task -1 | selected slot by LCP similarity, f_sim_best = 0.544 (> 0.100 thold), f_keep = 0.604
ollama-1  | slot launch_slot_: id  0 | task -1 | sampler chain: logits -> ?penalties -> ?dry -> ?top-n-sigma -> top-k -> ?typical -> top-p -> ?min-p -> ?xtc -> temp-ext -> dist 
ollama-1  | slot launch_slot_: id  0 | task -1 | sampler params: 
ollama-1  | 	repeat_last_n = 64, repeat_penalty = 1.000, frequency_penalty = 0.000, presence_penalty = 0.000
ollama-1  | 	dry_multiplier = 0.000, dry_base = 1.750, dry_allowed_length = 2, dry_penalty_last_n = 64
ollama-1  | 	top_k = 40, top_p = 0.900, min_p = 0.000, xtc_probability = 0.000, xtc_threshold = 0.100, typical_p = 1.000, top_n_sigma = -1.000, temp = 0.000
ollama-1  | 	mirostat = 0, mirostat_lr = 0.100, mirostat_ent = 5.000, adaptive_target = -1.000, adaptive_decay = 0.900
ollama-1  | slot launch_slot_: id  0 | task 10936 | processing task, is_child = 0
ollama-1  | slot   operator(): id  0 | task 10936 | new prompt, n_ctx_slot = 4096, n_keep = 4, task.n_tokens = 643
ollama-1  | slot   operator(): id  0 | task 10936 | cached n_tokens = 350, memory_seq_rm [350, end)
ollama-1  | slot init_sampler: id  0 | task 10936 | init sampler, took 0.07 ms, tokens: text = 643, total = 643
ollama-1  | slot print_timing: id  0 | task 10936 | prompt eval time =    4220.58 ms /   293 tokens (   14.40 ms per token,    69.42 tokens per second)
ollama-1  | slot print_timing: id  0 | task 10936 |        eval time =     570.41 ms /     9 tokens (   71.30 ms per token,    14.02 tokens per second)
ollama-1  | slot print_timing: id  0 | task 10936 |       total time =    4790.99 ms /   302 tokens
ollama-1  | slot print_timing: id  0 | task 10936 |    graphs reused =       7697
ollama-1  | slot      release: id  0 | task 10936 | stop processing: n_tokens = 651, truncated = 0
ollama-1  | srv  update_slots: all slots are idle
ollama-1  | [GIN] 2026/10/08 - 09:26:24 | 200 |         1m59s |      172.21.0.4 | POST     "/api/generate"
ollama-1  | srv  server_strea: conv_id= (empty=1)
ollama-1  | slot get_availabl: id  0 | task -1 |  - checking sim = 0.545 (350/642) > 0.100
ollama-1  | slot get_availabl: id  0 | task -1 | selected slot by LCP similarity, f_sim_best = 0.545 (> 0.100 thold), f_keep = 0.538
ollama-1  | slot launch_slot_: id  0 | task -1 | sampler chain: logits -> ?penalties -> ?dry -> ?top-n-sigma -> top-k -> ?typical -> top-p -> ?min-p -> ?xtc -> temp-ext -> dist 
ollama-1  | slot launch_slot_: id  0 | task -1 | sampler params: 
ollama-1  | 	repeat_last_n = 64, repeat_penalty = 1.000, frequency_penalty = 0.000, presence_penalty = 0.000
ollama-1  | 	dry_multiplier = 0.000, dry_base = 1.750, dry_allowed_length = 2, dry_penalty_last_n = 64
ollama-1  | 	top_k = 40, top_p = 0.900, min_p = 0.000, xtc_probability = 0.000, xtc_threshold = 0.100, typical_p = 1.000, top_n_sigma = -1.000, temp = 0.000
ollama-1  | 	mirostat = 0, mirostat_lr = 0.100, mirostat_ent = 5.000, adaptive_target = -1.000, adaptive_decay = 0.900
ollama-1  | slot launch_slot_: id  0 | task 10946 | processing task, is_child = 0
ollama-1  | slot   operator(): id  0 | task 10946 | new prompt, n_ctx_slot = 4096, n_keep = 4, task.n_tokens = 642
ollama-1  | slot   operator(): id  0 | task 10946 | cached n_tokens = 350, memory_seq_rm [350, end)
ollama-1  | slot init_sampler: id  0 | task 10946 | init sampler, took 0.07 ms, tokens: text = 642, total = 642
ollama-1  | [GIN] 2026/10/08 - 09:26:27 | 200 |       30.93µs |       127.0.0.1 | HEAD     "/"
ollama-1  | [GIN] 2026/10/08 - 09:26:27 | 200 |      1.6362ms |       127.0.0.1 | GET      "/api/tags"
ollama-1  | slot print_timing: id  0 | task 10946 | prompt eval time =    4203.45 ms /   292 tokens (   14.40 ms per token,    69.47 tokens per second)
ollama-1  | slot print_timing: id  0 | task 10946 |        eval time =     589.57 ms /     9 tokens (   73.70 ms per token,    13.57 tokens per second)
ollama-1  | slot print_timing: id  0 | task 10946 |       total time =    4793.03 ms /   301 tokens
ollama-1  | slot print_timing: id  0 | task 10946 |    graphs reused =       7704
ollama-1  | slot      release: id  0 | task 10946 | stop processing: n_tokens = 650, truncated = 0
ollama-1  | srv  update_slots: all slots are idle
ollama-1  | [GIN] 2026/10/08 - 09:26:30 | 200 |          2m2s |      172.21.0.4 | POST     "/api/generate"
ollama-1  | srv  server_strea: conv_id= (empty=1)
ollama-1  | slot get_availabl: id  0 | task -1 |  - checking sim = 0.532 (350/658) > 0.100
ollama-1  | slot get_availabl: id  0 | task -1 | selected slot by LCP similarity, f_sim_best = 0.532 (> 0.100 thold), f_keep = 0.538
ollama-1  | slot launch_slot_: id  0 | task -1 | sampler chain: logits -> ?penalties -> ?dry -> ?top-n-sigma -> top-k -> ?typical -> top-p -> ?min-p -> ?xtc -> temp-ext -> dist 
ollama-1  | slot launch_slot_: id  0 | task -1 | sampler params: 
ollama-1  | 	repeat_last_n = 64, repeat_penalty = 1.000, frequency_penalty = 0.000, presence_penalty = 0.000
ollama-1  | 	dry_multiplier = 0.000, dry_base = 1.750, dry_allowed_length = 2, dry_penalty_last_n = 64
ollama-1  | 	top_k = 40, top_p = 0.900, min_p = 0.000, xtc_probability = 0.000, xtc_threshold = 0.100, typical_p = 1.000, top_n_sigma = -1.000, temp = 0.000
ollama-1  | 	mirostat = 0, mirostat_lr = 0.100, mirostat_ent = 5.000, adaptive_target = -1.000, adaptive_decay = 0.900
ollama-1  | slot launch_slot_: id  0 | task 10956 | processing task, is_child = 0
ollama-1  | slot   operator(): id  0 | task 10956 | new prompt, n_ctx_slot = 4096, n_keep = 4, task.n_tokens = 658
ollama-1  | slot   operator(): id  0 | task 10956 | cached n_tokens = 350, memory_seq_rm [350, end)
ollama-1  | slot init_sampler: id  0 | task 10956 | init sampler, took 0.07 ms, tokens: text = 658, total = 658
ollama-1  | slot print_timing: id  0 | task 10956 | prompt eval time =    4462.90 ms /   308 tokens (   14.49 ms per token,    69.01 tokens per second)
ollama-1  | slot print_timing: id  0 | task 10956 |        eval time =     567.06 ms /     9 tokens (   70.88 ms per token,    14.11 tokens per second)
ollama-1  | slot print_timing: id  0 | task 10956 |       total time =    5029.96 ms /   317 tokens
ollama-1  | slot print_timing: id  0 | task 10956 |    graphs reused =       7711
ollama-1  | slot      release: id  0 | task 10956 | stop processing: n_tokens = 666, truncated = 0
ollama-1  | srv  update_slots: all slots are idle
ollama-1  | [GIN] 2026/10/08 - 09:26:35 | 200 |          2m7s |      172.21.0.4 | POST     "/api/generate"
ollama-1  | srv  server_strea: conv_id= (empty=1)
ollama-1  | slot get_availabl: id  0 | task -1 |  - checking sim = 0.563 (350/622) > 0.100
ollama-1  | slot get_availabl: id  0 | task -1 | selected slot by LCP similarity, f_sim_best = 0.563 (> 0.100 thold), f_keep = 0.526
ollama-1  | slot launch_slot_: id  0 | task -1 | sampler chain: logits -> ?penalties -> ?dry -> ?top-n-sigma -> top-k -> ?typical -> top-p -> ?min-p -> ?xtc -> temp-ext -> dist 
ollama-1  | slot launch_slot_: id  0 | task -1 | sampler params: 
ollama-1  | 	repeat_last_n = 64, repeat_penalty = 1.000, frequency_penalty = 0.000, presence_penalty = 0.000
ollama-1  | 	dry_multiplier = 0.000, dry_base = 1.750, dry_allowed_length = 2, dry_penalty_last_n = 64
ollama-1  | 	top_k = 40, top_p = 0.900, min_p = 0.000, xtc_probability = 0.000, xtc_threshold = 0.100, typical_p = 1.000, top_n_sigma = -1.000, temp = 0.000
ollama-1  | 	mirostat = 0, mirostat_lr = 0.100, mirostat_ent = 5.000, adaptive_target = -1.000, adaptive_decay = 0.900
ollama-1  | slot launch_slot_: id  0 | task 10966 | processing task, is_child = 0
ollama-1  | slot   operator(): id  0 | task 10966 | new prompt, n_ctx_slot = 4096, n_keep = 4, task.n_tokens = 622
ollama-1  | slot   operator(): id  0 | task 10966 | cached n_tokens = 350, memory_seq_rm [350, end)
ollama-1  | slot init_sampler: id  0 | task 10966 | init sampler, took 0.07 ms, tokens: text = 622, total = 622
ollama-1  | [GIN] 2026/10/08 - 09:26:39 | 200 |      32.535µs |       127.0.0.1 | HEAD     "/"
ollama-1  | [GIN] 2026/10/08 - 09:26:39 | 200 |     964.428µs |       127.0.0.1 | GET      "/api/tags"
ollama-1  | slot print_timing: id  0 | task 10966 | prompt eval time =    3912.14 ms /   272 tokens (   14.38 ms per token,    69.53 tokens per second)
ollama-1  | slot print_timing: id  0 | task 10966 |        eval time =     580.63 ms /     9 tokens (   72.58 ms per token,    13.78 tokens per second)
ollama-1  | slot print_timing: id  0 | task 10966 |       total time =    4492.77 ms /   281 tokens
ollama-1  | slot print_timing: id  0 | task 10966 |    graphs reused =       7718
ollama-1  | slot      release: id  0 | task 10966 | stop processing: n_tokens = 630, truncated = 0
ollama-1  | srv  update_slots: all slots are idle
ollama-1  | [GIN] 2026/10/08 - 09:26:40 | 200 |         2m11s |      172.21.0.4 | POST     "/api/generate"
ollama-1  | srv  server_strea: conv_id= (empty=1)
ollama-1  | slot get_availabl: id  0 | task -1 |  - checking sim = 0.612 (350/572) > 0.100
ollama-1  | slot get_availabl: id  0 | task -1 | selected slot by LCP similarity, f_sim_best = 0.612 (> 0.100 thold), f_keep = 0.556
ollama-1  | slot launch_slot_: id  0 | task -1 | sampler chain: logits -> ?penalties -> ?dry -> ?top-n-sigma -> top-k -> ?typical -> top-p -> ?min-p -> ?xtc -> temp-ext -> dist 
ollama-1  | slot launch_slot_: id  0 | task -1 | sampler params: 
ollama-1  | 	repeat_last_n = 64, repeat_penalty = 1.000, frequency_penalty = 0.000, presence_penalty = 0.000
ollama-1  | 	dry_multiplier = 0.000, dry_base = 1.750, dry_allowed_length = 2, dry_penalty_last_n = 64
ollama-1  | 	top_k = 40, top_p = 0.900, min_p = 0.000, xtc_probability = 0.000, xtc_threshold = 0.100, typical_p = 1.000, top_n_sigma = -1.000, temp = 0.000
ollama-1  | 	mirostat = 0, mirostat_lr = 0.100, mirostat_ent = 5.000, adaptive_target = -1.000, adaptive_decay = 0.900
ollama-1  | slot launch_slot_: id  0 | task 10976 | processing task, is_child = 0
ollama-1  | slot   operator(): id  0 | task 10976 | new prompt, n_ctx_slot = 4096, n_keep = 4, task.n_tokens = 572
ollama-1  | slot   operator(): id  0 | task 10976 | cached n_tokens = 350, memory_seq_rm [350, end)
ollama-1  | slot init_sampler: id  0 | task 10976 | init sampler, took 0.05 ms, tokens: text = 572, total = 572
ollama-1  | slot print_timing: id  0 | task 10976 | prompt eval time =    3245.39 ms /   222 tokens (   14.62 ms per token,    68.40 tokens per second)
ollama-1  | slot print_timing: id  0 | task 10976 |        eval time =     634.29 ms /    10 tokens (   70.48 ms per token,    14.19 tokens per second)
ollama-1  | slot print_timing: id  0 | task 10976 |       total time =    3879.68 ms /   232 tokens
ollama-1  | slot print_timing: id  0 | task 10976 |    graphs reused =       7726
ollama-1  | slot      release: id  0 | task 10976 | stop processing: n_tokens = 581, truncated = 0
ollama-1  | srv  update_slots: all slots are idle
ollama-1  | [GIN] 2026/10/08 - 09:26:44 | 200 |         2m12s |      172.21.0.4 | POST     "/api/generate"
ollama-1  | srv  server_strea: conv_id= (empty=1)
ollama-1  | slot get_availabl: id  0 | task -1 |  - checking sim = 0.801 (350/437) > 0.100
ollama-1  | slot get_availabl: id  0 | task -1 | selected slot by LCP similarity, f_sim_best = 0.801 (> 0.100 thold), f_keep = 0.602
ollama-1  | slot launch_slot_: id  0 | task -1 | sampler chain: logits -> ?penalties -> ?dry -> ?top-n-sigma -> top-k -> ?typical -> top-p -> ?min-p -> ?xtc -> temp-ext -> dist 
ollama-1  | slot launch_slot_: id  0 | task -1 | sampler params: 
ollama-1  | 	repeat_last_n = 64, repeat_penalty = 1.000, frequency_penalty = 0.000, presence_penalty = 0.000
ollama-1  | 	dry_multiplier = 0.000, dry_base = 1.750, dry_allowed_length = 2, dry_penalty_last_n = 64
ollama-1  | 	top_k = 40, top_p = 0.900, min_p = 0.000, xtc_probability = 0.000, xtc_threshold = 0.100, typical_p = 1.000, top_n_sigma = -1.000, temp = 0.000
ollama-1  | 	mirostat = 0, mirostat_lr = 0.100, mirostat_ent = 5.000, adaptive_target = -1.000, adaptive_decay = 0.900
ollama-1  | slot launch_slot_: id  0 | task 10987 | processing task, is_child = 0
ollama-1  | slot   operator(): id  0 | task 10987 | new prompt, n_ctx_slot = 4096, n_keep = 4, task.n_tokens = 437
ollama-1  | slot   operator(): id  0 | task 10987 | cached n_tokens = 350, memory_seq_rm [350, end)
ollama-1  | slot init_sampler: id  0 | task 10987 | init sampler, took 0.05 ms, tokens: text = 437, total = 437
ollama-1  | slot print_timing: id  0 | task 10987 | prompt eval time =    1313.27 ms /    87 tokens (   15.10 ms per token,    66.25 tokens per second)
ollama-1  | slot print_timing: id  0 | task 10987 |        eval time =     491.56 ms /     8 tokens (   70.22 ms per token,    14.24 tokens per second)
ollama-1  | slot print_timing: id  0 | task 10987 |       total time =    1804.84 ms /    95 tokens
ollama-1  | slot print_timing: id  0 | task 10987 |    graphs reused =       7732
ollama-1  | slot      release: id  0 | task 10987 | stop processing: n_tokens = 444, truncated = 0
ollama-1  | srv  update_slots: all slots are idle
ollama-1  | [GIN] 2026/10/08 - 09:26:45 | 200 |         2m12s |      172.21.0.4 | POST     "/api/generate"
ollama-1  | srv  server_strea: conv_id= (empty=1)
ollama-1  | slot get_availabl: id  0 | task -1 |  - checking sim = 0.487 (351/721) > 0.100
ollama-1  | slot get_availabl: id  0 | task -1 | selected slot by LCP similarity, f_sim_best = 0.487 (> 0.100 thold), f_keep = 0.791
ollama-1  | slot launch_slot_: id  0 | task -1 | sampler chain: logits -> ?penalties -> ?dry -> ?top-n-sigma -> top-k -> ?typical -> top-p -> ?min-p -> ?xtc -> temp-ext -> dist 
ollama-1  | slot launch_slot_: id  0 | task -1 | sampler params: 
ollama-1  | 	repeat_last_n = 64, repeat_penalty = 1.000, frequency_penalty = 0.000, presence_penalty = 0.000
ollama-1  | 	dry_multiplier = 0.000, dry_base = 1.750, dry_allowed_length = 2, dry_penalty_last_n = 64
ollama-1  | 	top_k = 40, top_p = 0.900, min_p = 0.000, xtc_probability = 0.000, xtc_threshold = 0.100, typical_p = 1.000, top_n_sigma = -1.000, temp = 0.000
ollama-1  | 	mirostat = 0, mirostat_lr = 0.100, mirostat_ent = 5.000, adaptive_target = -1.000, adaptive_decay = 0.900
ollama-1  | slot launch_slot_: id  0 | task 10996 | processing task, is_child = 0
ollama-1  | slot   operator(): id  0 | task 10996 | new prompt, n_ctx_slot = 4096, n_keep = 4, task.n_tokens = 721
ollama-1  | slot   operator(): id  0 | task 10996 | cached n_tokens = 351, memory_seq_rm [351, end)
ollama-1  | slot init_sampler: id  0 | task 10996 | init sampler, took 0.06 ms, tokens: text = 721, total = 721
ollama-1  | [GIN] 2026/10/08 - 09:26:49 | 200 |      30.067µs |       127.0.0.1 | HEAD     "/"
ollama-1  | [GIN] 2026/10/08 - 09:26:49 | 200 |    1.466527ms |       127.0.0.1 | GET      "/api/tags"
ollama-1  | slot print_timing: id  0 | task 10996 | prompt eval time =    5290.56 ms /   370 tokens (   14.30 ms per token,    69.94 tokens per second)
ollama-1  | slot print_timing: id  0 | task 10996 |        eval time =     554.51 ms /     9 tokens (   69.31 ms per token,    14.43 tokens per second)
ollama-1  | slot print_timing: id  0 | task 10996 |       total time =    5845.08 ms /   379 tokens
ollama-1  | slot print_timing: id  0 | task 10996 |    graphs reused =       7739
ollama-1  | slot      release: id  0 | task 10996 | stop processing: n_tokens = 729, truncated = 0
ollama-1  | srv  update_slots: all slots are idle
ollama-1  | [GIN] 2026/10/08 - 09:26:51 | 200 |         2m17s |      172.21.0.4 | POST     "/api/generate"
ollama-1  | srv  server_strea: conv_id= (empty=1)
ollama-1  | slot get_availabl: id  0 | task -1 |  - checking sim = 0.445 (350/787) > 0.100
ollama-1  | slot get_availabl: id  0 | task -1 | selected slot by LCP similarity, f_sim_best = 0.445 (> 0.100 thold), f_keep = 0.480
ollama-1  | srv  get_availabl: updating prompt cache
ollama-1  | srv   prompt_save:  - saving prompt with length 729, total state size = 91.134 MiB (draft: 0.000 MiB)
ollama-1  | srv          load:  - looking for better prompt, base f_keep = 0.480, f_sim = 0.445
ollama-1  | srv          load:    - prompt with length     782, lcp =     350, f_keep = 0.448, f_sim = 0.445
ollama-1  | srv          load:    - prompt with length     794, lcp =     350, f_keep = 0.441, f_sim = 0.445
ollama-1  | srv          load:    - prompt with length     753, lcp =     350, f_keep = 0.465, f_sim = 0.445
ollama-1  | srv          load:    - prompt with length     730, lcp =     350, f_keep = 0.479, f_sim = 0.445
ollama-1  | srv          load:    - prompt with length     828, lcp =     350, f_keep = 0.423, f_sim = 0.445
ollama-1  | srv          load:    - prompt with length     844, lcp =     350, f_keep = 0.415, f_sim = 0.445
ollama-1  | srv          load:    - prompt with length     846, lcp =     350, f_keep = 0.414, f_sim = 0.445
ollama-1  | srv          load:    - prompt with length     892, lcp =     350, f_keep = 0.392, f_sim = 0.445
ollama-1  | srv          load:    - prompt with length     778, lcp =     350, f_keep = 0.450, f_sim = 0.445
ollama-1  | srv          load:    - prompt with length     788, lcp =     350, f_keep = 0.444, f_sim = 0.445
ollama-1  | srv          load:    - prompt with length    1176, lcp =     350, f_keep = 0.298, f_sim = 0.445
ollama-1  | srv          load:    - prompt with length     726, lcp =     350, f_keep = 0.482, f_sim = 0.445
ollama-1  | srv          load:    - prompt with length     765, lcp =     350, f_keep = 0.458, f_sim = 0.445
ollama-1  | srv          load:    - prompt with length     851, lcp =     350, f_keep = 0.411, f_sim = 0.445
ollama-1  | srv          load:    - prompt with length     763, lcp =     350, f_keep = 0.459, f_sim = 0.445
ollama-1  | srv          load:    - prompt with length     730, lcp =     350, f_keep = 0.479, f_sim = 0.445
ollama-1  | srv          load:    - prompt with length     796, lcp =     787, f_keep = 0.989, f_sim = 1.000
ollama-1  | srv          load:    - prompt with length     709, lcp =     350, f_keep = 0.494, f_sim = 0.445
ollama-1  | srv          load:    - prompt with length     790, lcp =     350, f_keep = 0.443, f_sim = 0.445
ollama-1  | srv          load:    - prompt with length     780, lcp =     350, f_keep = 0.449, f_sim = 0.445
ollama-1  | srv          load:    - prompt with length     847, lcp =     350, f_keep = 0.413, f_sim = 0.445
ollama-1  | srv          load:    - prompt with length     710, lcp =     350, f_keep = 0.493, f_sim = 0.445
ollama-1  | srv          load:    - prompt with length     770, lcp =     350, f_keep = 0.455, f_sim = 0.445
ollama-1  | srv          load:    - prompt with length     717, lcp =     350, f_keep = 0.488, f_sim = 0.445
ollama-1  | srv          load:    - prompt with length     753, lcp =     350, f_keep = 0.465, f_sim = 0.445
ollama-1  | srv          load:    - prompt with length     729, lcp =     350, f_keep = 0.480, f_sim = 0.445
ollama-1  | srv          load:  - found better prompt with f_keep = 0.989, f_sim = 1.000
ollama-1  | srv        update:  - cache state: 25 prompts, 2481.621 MiB (limits: 8192.000 MiB, 4096 tokens, 65529 est)
ollama-1  | srv        update:    - prompt 0x36524940:     782 tokens, checkpoints:  0,    97.760 MiB
ollama-1  | srv        update:    - prompt 0x36524a40:     794 tokens, checkpoints:  0,    99.260 MiB
ollama-1  | srv        update:    - prompt 0x36521d10:     753 tokens, checkpoints:  0,    94.134 MiB
ollama-1  | srv        update:    - prompt 0x36521c60:     730 tokens, checkpoints:  0,    91.259 MiB
ollama-1  | srv        update:    - prompt 0x36521bb0:     828 tokens, checkpoints:  0,   103.510 MiB
ollama-1  | srv        update:    - prompt 0x3652bd10:     844 tokens, checkpoints:  0,   105.510 MiB
ollama-1  | srv        update:    - prompt 0x3724fc20:     846 tokens, checkpoints:  0,   105.760 MiB
ollama-1  | srv        update:    - prompt 0x3651c680:     892 tokens, checkpoints:  0,   111.511 MiB
ollama-1  | srv        update:    - prompt 0x36504320:     778 tokens, checkpoints:  0,    97.260 MiB
ollama-1  | srv        update:    - prompt 0x371021f0:     788 tokens, checkpoints:  0,    98.510 MiB
ollama-1  | srv        update:    - prompt 0x3724a9f0:    1176 tokens, checkpoints:  0,   147.014 MiB
ollama-1  | srv        update:    - prompt 0x36516480:     726 tokens, checkpoints:  0,    90.759 MiB
ollama-1  | srv        update:    - prompt 0x371c5be0:     765 tokens, checkpoints:  0,    95.635 MiB
ollama-1  | srv        update:    - prompt 0x3651cdf0:     851 tokens, checkpoints:  0,   106.385 MiB
ollama-1  | srv        update:    - prompt 0x36510eb0:     763 tokens, checkpoints:  0,    95.384 MiB
ollama-1  | srv        update:    - prompt 0x3715ca80:     730 tokens, checkpoints:  0,    91.259 MiB
ollama-1  | srv        update:    - prompt 0x37264940:     709 tokens, checkpoints:  0,    88.634 MiB
ollama-1  | srv        update:    - prompt 0x364ffda0:     790 tokens, checkpoints:  0,    98.760 MiB
ollama-1  | srv        update:    - prompt 0x36522570:     780 tokens, checkpoints:  0,    97.510 MiB
ollama-1  | srv        update:    - prompt 0x37b80950:     847 tokens, checkpoints:  0,   105.885 MiB
ollama-1  | srv        update:    - prompt 0x37a562a0:     710 tokens, checkpoints:  0,    88.759 MiB
ollama-1  | srv        update:    - prompt 0x37a8eee0:     770 tokens, checkpoints:  0,    96.260 MiB
ollama-1  | srv        update:    - prompt 0x370b1e10:     717 tokens, checkpoints:  0,    89.634 MiB
ollama-1  | srv        update:    - prompt 0x36537930:     753 tokens, checkpoints:  0,    94.134 MiB
ollama-1  | srv        update:    - prompt 0x371b5c80:     729 tokens, checkpoints:  0,    91.134 MiB
ollama-1  | srv  get_availabl: prompt cache update took 612.00 ms
ollama-1  | slot launch_slot_: id  0 | task -1 | sampler chain: logits -> ?penalties -> ?dry -> ?top-n-sigma -> top-k -> ?typical -> top-p -> ?min-p -> ?xtc -> temp-ext -> dist 
ollama-1  | slot launch_slot_: id  0 | task -1 | sampler params: 
ollama-1  | 	repeat_last_n = 64, repeat_penalty = 1.000, frequency_penalty = 0.000, presence_penalty = 0.000
ollama-1  | 	dry_multiplier = 0.000, dry_base = 1.750, dry_allowed_length = 2, dry_penalty_last_n = 64
ollama-1  | 	top_k = 40, top_p = 0.900, min_p = 0.000, xtc_probability = 0.000, xtc_threshold = 0.100, typical_p = 1.000, top_n_sigma = -1.000, temp = 0.000
ollama-1  | 	mirostat = 0, mirostat_lr = 0.100, mirostat_ent = 5.000, adaptive_target = -1.000, adaptive_decay = 0.900
ollama-1  | slot launch_slot_: id  0 | task 11006 | processing task, is_child = 0
ollama-1  | slot   operator(): id  0 | task 11006 | new prompt, n_ctx_slot = 4096, n_keep = 4, task.n_tokens = 787
ollama-1  | slot   operator(): id  0 | task 11006 | need to evaluate at least 1 token for each active slot (n_past = 787, task.n_tokens() = 787)
ollama-1  | slot   operator(): id  0 | task 11006 | n_past was set to 786
ollama-1  | slot   operator(): id  0 | task 11006 | cached n_tokens = 786, memory_seq_rm [786, end)
ollama-1  | slot init_sampler: id  0 | task 11006 | init sampler, took 0.05 ms, tokens: text = 787, total = 787
ollama-1  | slot print_timing: id  0 | task 11006 | prompt eval time =      88.04 ms /     1 tokens (   88.04 ms per token,    11.36 tokens per second)
ollama-1  | slot print_timing: id  0 | task 11006 |        eval time =     656.14 ms /    10 tokens (   72.90 ms per token,    13.72 tokens per second)
ollama-1  | slot print_timing: id  0 | task 11006 |       total time =     744.18 ms /    11 tokens
ollama-1  | slot print_timing: id  0 | task 11006 |    graphs reused =       7748
ollama-1  | slot      release: id  0 | task 11006 | stop processing: n_tokens = 796, truncated = 0
ollama-1  | srv  update_slots: all slots are idle
ollama-1  | [GIN] 2026/10/08 - 09:26:53 | 200 |         2m18s |      172.21.0.4 | POST     "/api/generate"
ollama-1  | srv  server_strea: conv_id= (empty=1)
ollama-1  | slot get_availabl: id  0 | task -1 |  - checking sim = 0.499 (350/701) > 0.100
ollama-1  | slot get_availabl: id  0 | task -1 | selected slot by LCP similarity, f_sim_best = 0.499 (> 0.100 thold), f_keep = 0.440
ollama-1  | srv  get_availabl: updating prompt cache
ollama-1  | srv   prompt_save:  - saving prompt with length 796, total state size = 99.510 MiB (draft: 0.000 MiB)
ollama-1  | srv          load:  - looking for better prompt, base f_keep = 0.440, f_sim = 0.499
ollama-1  | srv          load:    - prompt with length     782, lcp =     350, f_keep = 0.448, f_sim = 0.499
ollama-1  | srv          load:    - prompt with length     794, lcp =     350, f_keep = 0.441, f_sim = 0.499
ollama-1  | srv          load:    - prompt with length     753, lcp =     350, f_keep = 0.465, f_sim = 0.499
ollama-1  | srv          load:    - prompt with length     730, lcp =     350, f_keep = 0.479, f_sim = 0.499
ollama-1  | srv          load:    - prompt with length     828, lcp =     350, f_keep = 0.423, f_sim = 0.499
ollama-1  | srv          load:    - prompt with length     844, lcp =     350, f_keep = 0.415, f_sim = 0.499
ollama-1  | srv          load:    - prompt with length     846, lcp =     350, f_keep = 0.414, f_sim = 0.499
ollama-1  | srv          load:    - prompt with length     892, lcp =     350, f_keep = 0.392, f_sim = 0.499
ollama-1  | srv          load:    - prompt with length     778, lcp =     350, f_keep = 0.450, f_sim = 0.499
ollama-1  | srv          load:    - prompt with length     788, lcp =     351, f_keep = 0.445, f_sim = 0.501
ollama-1  | srv          load:    - prompt with length    1176, lcp =     350, f_keep = 0.298, f_sim = 0.499
ollama-1  | srv          load:    - prompt with length     726, lcp =     351, f_keep = 0.483, f_sim = 0.501
ollama-1  | srv          load:    - prompt with length     765, lcp =     350, f_keep = 0.458, f_sim = 0.499
ollama-1  | srv          load:    - prompt with length     851, lcp =     350, f_keep = 0.411, f_sim = 0.499
ollama-1  | srv          load:    - prompt with length     763, lcp =     350, f_keep = 0.459, f_sim = 0.499
ollama-1  | srv          load:    - prompt with length     730, lcp =     350, f_keep = 0.479, f_sim = 0.499
ollama-1  | srv          load:    - prompt with length     709, lcp =     701, f_keep = 0.989, f_sim = 1.000
ollama-1  | srv          load:    - prompt with length     790, lcp =     350, f_keep = 0.443, f_sim = 0.499
ollama-1  | srv          load:    - prompt with length     780, lcp =     350, f_keep = 0.449, f_sim = 0.499
ollama-1  | srv          load:    - prompt with length     847, lcp =     350, f_keep = 0.413, f_sim = 0.499
ollama-1  | srv          load:    - prompt with length     710, lcp =     350, f_keep = 0.493, f_sim = 0.499
ollama-1  | srv          load:    - prompt with length     770, lcp =     350, f_keep = 0.455, f_sim = 0.499
ollama-1  | srv          load:    - prompt with length     717, lcp =     350, f_keep = 0.488, f_sim = 0.499
ollama-1  | srv          load:    - prompt with length     753, lcp =     350, f_keep = 0.465, f_sim = 0.499
ollama-1  | srv          load:    - prompt with length     729, lcp =     350, f_keep = 0.480, f_sim = 0.499
ollama-1  | srv          load:    - prompt with length     796, lcp =     350, f_keep = 0.440, f_sim = 0.499
ollama-1  | srv          load:  - found better prompt with f_keep = 0.989, f_sim = 1.000
ollama-1  | srv        update:  - cache state: 25 prompts, 2492.497 MiB (limits: 8192.000 MiB, 4096 tokens, 65529 est)
ollama-1  | srv        update:    - prompt 0x36524940:     782 tokens, checkpoints:  0,    97.760 MiB
ollama-1  | srv        update:    - prompt 0x36524a40:     794 tokens, checkpoints:  0,    99.260 MiB
ollama-1  | srv        update:    - prompt 0x36521d10:     753 tokens, checkpoints:  0,    94.134 MiB
ollama-1  | srv        update:    - prompt 0x36521c60:     730 tokens, checkpoints:  0,    91.259 MiB
ollama-1  | srv        update:    - prompt 0x36521bb0:     828 tokens, checkpoints:  0,   103.510 MiB
ollama-1  | srv        update:    - prompt 0x3652bd10:     844 tokens, checkpoints:  0,   105.510 MiB
ollama-1  | srv        update:    - prompt 0x3724fc20:     846 tokens, checkpoints:  0,   105.760 MiB
ollama-1  | srv        update:    - prompt 0x3651c680:     892 tokens, checkpoints:  0,   111.511 MiB
ollama-1  | srv        update:    - prompt 0x36504320:     778 tokens, checkpoints:  0,    97.260 MiB
ollama-1  | srv        update:    - prompt 0x371021f0:     788 tokens, checkpoints:  0,    98.510 MiB
ollama-1  | srv        update:    - prompt 0x3724a9f0:    1176 tokens, checkpoints:  0,   147.014 MiB
ollama-1  | srv        update:    - prompt 0x36516480:     726 tokens, checkpoints:  0,    90.759 MiB
ollama-1  | srv        update:    - prompt 0x371c5be0:     765 tokens, checkpoints:  0,    95.635 MiB
ollama-1  | srv        update:    - prompt 0x3651cdf0:     851 tokens, checkpoints:  0,   106.385 MiB
ollama-1  | srv        update:    - prompt 0x36510eb0:     763 tokens, checkpoints:  0,    95.384 MiB
ollama-1  | srv        update:    - prompt 0x3715ca80:     730 tokens, checkpoints:  0,    91.259 MiB
ollama-1  | srv        update:    - prompt 0x364ffda0:     790 tokens, checkpoints:  0,    98.760 MiB
ollama-1  | srv        update:    - prompt 0x36522570:     780 tokens, checkpoints:  0,    97.510 MiB
ollama-1  | srv        update:    - prompt 0x37b80950:     847 tokens, checkpoints:  0,   105.885 MiB
ollama-1  | srv        update:    - prompt 0x37a562a0:     710 tokens, checkpoints:  0,    88.759 MiB
ollama-1  | srv        update:    - prompt 0x37a8eee0:     770 tokens, checkpoints:  0,    96.260 MiB
ollama-1  | srv        update:    - prompt 0x370b1e10:     717 tokens, checkpoints:  0,    89.634 MiB
ollama-1  | srv        update:    - prompt 0x36537930:     753 tokens, checkpoints:  0,    94.134 MiB
ollama-1  | srv        update:    - prompt 0x371b5c80:     729 tokens, checkpoints:  0,    91.134 MiB
ollama-1  | srv        update:    - prompt 0x36996dc0:     796 tokens, checkpoints:  0,    99.510 MiB
ollama-1  | srv  get_availabl: prompt cache update took 566.88 ms
ollama-1  | slot launch_slot_: id  0 | task -1 | sampler chain: logits -> ?penalties -> ?dry -> ?top-n-sigma -> top-k -> ?typical -> top-p -> ?min-p -> ?xtc -> temp-ext -> dist 
ollama-1  | slot launch_slot_: id  0 | task -1 | sampler params: 
ollama-1  | 	repeat_last_n = 64, repeat_penalty = 1.000, frequency_penalty = 0.000, presence_penalty = 0.000
ollama-1  | 	dry_multiplier = 0.000, dry_base = 1.750, dry_allowed_length = 2, dry_penalty_last_n = 64
ollama-1  | 	top_k = 40, top_p = 0.900, min_p = 0.000, xtc_probability = 0.000, xtc_threshold = 0.100, typical_p = 1.000, top_n_sigma = -1.000, temp = 0.000
ollama-1  | 	mirostat = 0, mirostat_lr = 0.100, mirostat_ent = 5.000, adaptive_target = -1.000, adaptive_decay = 0.900
ollama-1  | slot launch_slot_: id  0 | task 11017 | processing task, is_child = 0
ollama-1  | slot   operator(): id  0 | task 11017 | new prompt, n_ctx_slot = 4096, n_keep = 4, task.n_tokens = 701
ollama-1  | slot   operator(): id  0 | task 11017 | need to evaluate at least 1 token for each active slot (n_past = 701, task.n_tokens() = 701)
ollama-1  | slot   operator(): id  0 | task 11017 | n_past was set to 700
ollama-1  | slot   operator(): id  0 | task 11017 | cached n_tokens = 700, memory_seq_rm [700, end)
ollama-1  | slot init_sampler: id  0 | task 11017 | init sampler, took 0.05 ms, tokens: text = 701, total = 701
ollama-1  | slot print_timing: id  0 | task 11017 | prompt eval time =      79.37 ms /     1 tokens (   79.37 ms per token,    12.60 tokens per second)
ollama-1  | slot print_timing: id  0 | task 11017 |        eval time =     555.94 ms /     9 tokens (   69.49 ms per token,    14.39 tokens per second)
ollama-1  | slot print_timing: id  0 | task 11017 |       total time =     635.30 ms /    10 tokens
ollama-1  | slot print_timing: id  0 | task 11017 |    graphs reused =       7756
ollama-1  | slot      release: id  0 | task 11017 | stop processing: n_tokens = 709, truncated = 0
ollama-1  | srv  update_slots: all slots are idle
ollama-1  | [GIN] 2026/10/08 - 09:26:54 | 200 |         2m19s |      172.21.0.4 | POST     "/api/generate"
ollama-1  | srv  server_strea: conv_id= (empty=1)
ollama-1  | slot get_availabl: id  0 | task -1 |  - checking sim = 0.602 (351/583) > 0.100
ollama-1  | slot get_availabl: id  0 | task -1 | selected slot by LCP similarity, f_sim_best = 0.602 (> 0.100 thold), f_keep = 0.495
ollama-1  | srv  get_availabl: updating prompt cache
ollama-1  | srv   prompt_save:  - saving prompt with length 709, total state size = 88.634 MiB (draft: 0.000 MiB)
ollama-1  | srv          load:  - looking for better prompt, base f_keep = 0.495, f_sim = 0.602
ollama-1  | srv          load:    - prompt with length     782, lcp =     350, f_keep = 0.448, f_sim = 0.600
ollama-1  | srv          load:    - prompt with length     794, lcp =     350, f_keep = 0.441, f_sim = 0.600
ollama-1  | srv          load:    - prompt with length     753, lcp =     350, f_keep = 0.465, f_sim = 0.600
ollama-1  | srv          load:    - prompt with length     730, lcp =     350, f_keep = 0.479, f_sim = 0.600
ollama-1  | srv          load:    - prompt with length     828, lcp =     350, f_keep = 0.423, f_sim = 0.600
ollama-1  | srv          load:    - prompt with length     844, lcp =     350, f_keep = 0.415, f_sim = 0.600
ollama-1  | srv          load:    - prompt with length     846, lcp =     350, f_keep = 0.414, f_sim = 0.600
ollama-1  | srv          load:    - prompt with length     892, lcp =     350, f_keep = 0.392, f_sim = 0.600
ollama-1  | srv          load:    - prompt with length     778, lcp =     350, f_keep = 0.450, f_sim = 0.600
ollama-1  | srv          load:    - prompt with length     788, lcp =     351, f_keep = 0.445, f_sim = 0.602
ollama-1  | srv          load:    - prompt with length    1176, lcp =     350, f_keep = 0.298, f_sim = 0.600
ollama-1  | srv          load:    - prompt with length     726, lcp =     351, f_keep = 0.483, f_sim = 0.602
ollama-1  | srv          load:    - prompt with length     765, lcp =     350, f_keep = 0.458, f_sim = 0.600
ollama-1  | srv          load:    - prompt with length     851, lcp =     350, f_keep = 0.411, f_sim = 0.600
ollama-1  | srv          load:    - prompt with length     763, lcp =     350, f_keep = 0.459, f_sim = 0.600
ollama-1  | srv          load:    - prompt with length     730, lcp =     350, f_keep = 0.479, f_sim = 0.600
ollama-1  | srv          load:    - prompt with length     790, lcp =     350, f_keep = 0.443, f_sim = 0.600
ollama-1  | srv          load:    - prompt with length     780, lcp =     350, f_keep = 0.449, f_sim = 0.600
ollama-1  | srv          load:    - prompt with length     847, lcp =     350, f_keep = 0.413, f_sim = 0.600
ollama-1  | srv          load:    - prompt with length     710, lcp =     350, f_keep = 0.493, f_sim = 0.600
ollama-1  | srv          load:    - prompt with length     770, lcp =     350, f_keep = 0.455, f_sim = 0.600
ollama-1  | srv          load:    - prompt with length     717, lcp =     350, f_keep = 0.488, f_sim = 0.600
ollama-1  | srv          load:    - prompt with length     753, lcp =     350, f_keep = 0.465, f_sim = 0.600
ollama-1  | srv          load:    - prompt with length     729, lcp =     350, f_keep = 0.480, f_sim = 0.600
ollama-1  | srv          load:    - prompt with length     796, lcp =     350, f_keep = 0.440, f_sim = 0.600
ollama-1  | srv          load:    - prompt with length     709, lcp =     351, f_keep = 0.495, f_sim = 0.602
ollama-1  | srv        update:  - cache state: 26 prompts, 2581.131 MiB (limits: 8192.000 MiB, 4096 tokens, 65529 est)
ollama-1  | srv        update:    - prompt 0x36524940:     782 tokens, checkpoints:  0,    97.760 MiB
ollama-1  | srv        update:    - prompt 0x36524a40:     794 tokens, checkpoints:  0,    99.260 MiB
ollama-1  | srv        update:    - prompt 0x36521d10:     753 tokens, checkpoints:  0,    94.134 MiB
ollama-1  | srv        update:    - prompt 0x36521c60:     730 tokens, checkpoints:  0,    91.259 MiB
ollama-1  | srv        update:    - prompt 0x36521bb0:     828 tokens, checkpoints:  0,   103.510 MiB
ollama-1  | srv        update:    - prompt 0x3652bd10:     844 tokens, checkpoints:  0,   105.510 MiB
ollama-1  | srv        update:    - prompt 0x3724fc20:     846 tokens, checkpoints:  0,   105.760 MiB
ollama-1  | srv        update:    - prompt 0x3651c680:     892 tokens, checkpoints:  0,   111.511 MiB
ollama-1  | srv        update:    - prompt 0x36504320:     778 tokens, checkpoints:  0,    97.260 MiB
ollama-1  | srv        update:    - prompt 0x371021f0:     788 tokens, checkpoints:  0,    98.510 MiB
ollama-1  | srv        update:    - prompt 0x3724a9f0:    1176 tokens, checkpoints:  0,   147.014 MiB
ollama-1  | srv        update:    - prompt 0x36516480:     726 tokens, checkpoints:  0,    90.759 MiB
ollama-1  | srv        update:    - prompt 0x371c5be0:     765 tokens, checkpoints:  0,    95.635 MiB
ollama-1  | srv        update:    - prompt 0x3651cdf0:     851 tokens, checkpoints:  0,   106.385 MiB
ollama-1  | srv        update:    - prompt 0x36510eb0:     763 tokens, checkpoints:  0,    95.384 MiB
ollama-1  | srv        update:    - prompt 0x3715ca80:     730 tokens, checkpoints:  0,    91.259 MiB
ollama-1  | srv        update:    - prompt 0x364ffda0:     790 tokens, checkpoints:  0,    98.760 MiB
ollama-1  | srv        update:    - prompt 0x36522570:     780 tokens, checkpoints:  0,    97.510 MiB
ollama-1  | srv        update:    - prompt 0x37b80950:     847 tokens, checkpoints:  0,   105.885 MiB
ollama-1  | srv        update:    - prompt 0x37a562a0:     710 tokens, checkpoints:  0,    88.759 MiB
ollama-1  | srv        update:    - prompt 0x37a8eee0:     770 tokens, checkpoints:  0,    96.260 MiB
ollama-1  | srv        update:    - prompt 0x370b1e10:     717 tokens, checkpoints:  0,    89.634 MiB
ollama-1  | srv        update:    - prompt 0x36537930:     753 tokens, checkpoints:  0,    94.134 MiB
ollama-1  | srv        update:    - prompt 0x371b5c80:     729 tokens, checkpoints:  0,    91.134 MiB
ollama-1  | srv        update:    - prompt 0x36996dc0:     796 tokens, checkpoints:  0,    99.510 MiB
ollama-1  | srv        update:    - prompt 0x37264940:     709 tokens, checkpoints:  0,    88.634 MiB
ollama-1  | srv  get_availabl: prompt cache update took 119.19 ms
ollama-1  | slot launch_slot_: id  0 | task -1 | sampler chain: logits -> ?penalties -> ?dry -> ?top-n-sigma -> top-k -> ?typical -> top-p -> ?min-p -> ?xtc -> temp-ext -> dist 
ollama-1  | slot launch_slot_: id  0 | task -1 | sampler params: 
ollama-1  | 	repeat_last_n = 64, repeat_penalty = 1.000, frequency_penalty = 0.000, presence_penalty = 0.000
ollama-1  | 	dry_multiplier = 0.000, dry_base = 1.750, dry_allowed_length = 2, dry_penalty_last_n = 64
ollama-1  | 	top_k = 40, top_p = 0.900, min_p = 0.000, xtc_probability = 0.000, xtc_threshold = 0.100, typical_p = 1.000, top_n_sigma = -1.000, temp = 0.000
ollama-1  | 	mirostat = 0, mirostat_lr = 0.100, mirostat_ent = 5.000, adaptive_target = -1.000, adaptive_decay = 0.900
ollama-1  | slot launch_slot_: id  0 | task 11027 | processing task, is_child = 0
ollama-1  | slot   operator(): id  0 | task 11027 | new prompt, n_ctx_slot = 4096, n_keep = 4, task.n_tokens = 583
ollama-1  | slot   operator(): id  0 | task 11027 | cached n_tokens = 351, memory_seq_rm [351, end)
ollama-1  | slot init_sampler: id  0 | task 11027 | init sampler, took 0.04 ms, tokens: text = 583, total = 583
ollama-1  | slot print_timing: id  0 | task 11027 | prompt eval time =    3302.04 ms /   232 tokens (   14.23 ms per token,    70.26 tokens per second)
ollama-1  | slot print_timing: id  0 | task 11027 |        eval time =     561.56 ms /     9 tokens (   70.20 ms per token,    14.25 tokens per second)
ollama-1  | slot print_timing: id  0 | task 11027 |       total time =    3863.61 ms /   241 tokens
ollama-1  | slot print_timing: id  0 | task 11027 |    graphs reused =       7763
ollama-1  | slot      release: id  0 | task 11027 | stop processing: n_tokens = 591, truncated = 0
ollama-1  | srv  update_slots: all slots are idle
ollama-1  | [GIN] 2026/10/08 - 09:26:58 | 200 |         2m22s |      172.21.0.4 | POST     "/api/generate"
ollama-1  | srv  server_strea: conv_id= (empty=1)
ollama-1  | slot get_availabl: id  0 | task -1 |  - checking sim = 0.568 (350/616) > 0.100
ollama-1  | slot get_availabl: id  0 | task -1 | selected slot by LCP similarity, f_sim_best = 0.568 (> 0.100 thold), f_keep = 0.592
ollama-1  | slot launch_slot_: id  0 | task -1 | sampler chain: logits -> ?penalties -> ?dry -> ?top-n-sigma -> top-k -> ?typical -> top-p -> ?min-p -> ?xtc -> temp-ext -> dist 
ollama-1  | slot launch_slot_: id  0 | task -1 | sampler params: 
ollama-1  | 	repeat_last_n = 64, repeat_penalty = 1.000, frequency_penalty = 0.000, presence_penalty = 0.000
ollama-1  | 	dry_multiplier = 0.000, dry_base = 1.750, dry_allowed_length = 2, dry_penalty_last_n = 64
ollama-1  | 	top_k = 40, top_p = 0.900, min_p = 0.000, xtc_probability = 0.000, xtc_threshold = 0.100, typical_p = 1.000, top_n_sigma = -1.000, temp = 0.000
ollama-1  | 	mirostat = 0, mirostat_lr = 0.100, mirostat_ent = 5.000, adaptive_target = -1.000, adaptive_decay = 0.900
ollama-1  | slot launch_slot_: id  0 | task 11037 | processing task, is_child = 0
ollama-1  | slot   operator(): id  0 | task 11037 | new prompt, n_ctx_slot = 4096, n_keep = 4, task.n_tokens = 616
ollama-1  | slot   operator(): id  0 | task 11037 | cached n_tokens = 350, memory_seq_rm [350, end)
ollama-1  | slot init_sampler: id  0 | task 11037 | init sampler, took 0.07 ms, tokens: text = 616, total = 616
ollama-1  | [GIN] 2026/10/08 - 09:26:59 | 200 |      34.552µs |       127.0.0.1 | HEAD     "/"
ollama-1  | [GIN] 2026/10/08 - 09:26:59 | 200 |    1.503916ms |       127.0.0.1 | GET      "/api/tags"
ollama-1  | slot print_timing: id  0 | task 11037 | prompt eval time =    3953.71 ms /   266 tokens (   14.86 ms per token,    67.28 tokens per second)
ollama-1  | slot print_timing: id  0 | task 11037 |        eval time =     629.94 ms /    10 tokens (   69.99 ms per token,    14.29 tokens per second)
ollama-1  | slot print_timing: id  0 | task 11037 |       total time =    4583.65 ms /   276 tokens
ollama-1  | slot print_timing: id  0 | task 11037 |    graphs reused =       7771
ollama-1  | slot      release: id  0 | task 11037 | stop processing: n_tokens = 625, truncated = 0
ollama-1  | srv  update_slots: all slots are idle
ollama-1  | [GIN] 2026/10/08 - 09:27:04 | 200 |         2m21s |      172.21.0.4 | POST     "/api/generate"
ollama-1  | srv  server_strea: conv_id= (empty=1)
ollama-1  | slot get_availabl: id  0 | task -1 |  - checking sim = 0.522 (352/674) > 0.100
ollama-1  | slot get_availabl: id  0 | task -1 | selected slot by LCP similarity, f_sim_best = 0.522 (> 0.100 thold), f_keep = 0.563
ollama-1  | slot launch_slot_: id  0 | task -1 | sampler chain: logits -> ?penalties -> ?dry -> ?top-n-sigma -> top-k -> ?typical -> top-p -> ?min-p -> ?xtc -> temp-ext -> dist 
ollama-1  | slot launch_slot_: id  0 | task -1 | sampler params: 
ollama-1  | 	repeat_last_n = 64, repeat_penalty = 1.000, frequency_penalty = 0.000, presence_penalty = 0.000
ollama-1  | 	dry_multiplier = 0.000, dry_base = 1.750, dry_allowed_length = 2, dry_penalty_last_n = 64
ollama-1  | 	top_k = 40, top_p = 0.900, min_p = 0.000, xtc_probability = 0.000, xtc_threshold = 0.100, typical_p = 1.000, top_n_sigma = -1.000, temp = 0.000
ollama-1  | 	mirostat = 0, mirostat_lr = 0.100, mirostat_ent = 5.000, adaptive_target = -1.000, adaptive_decay = 0.900
ollama-1  | slot launch_slot_: id  0 | task 11048 | processing task, is_child = 0
ollama-1  | slot   operator(): id  0 | task 11048 | new prompt, n_ctx_slot = 4096, n_keep = 4, task.n_tokens = 674
ollama-1  | slot   operator(): id  0 | task 11048 | cached n_tokens = 352, memory_seq_rm [352, end)
ollama-1  | slot init_sampler: id  0 | task 11048 | init sampler, took 0.17 ms, tokens: text = 674, total = 674
ollama-1  | slot print_timing: id  0 | task 11048 | prompt eval time =    4732.02 ms /   322 tokens (   14.70 ms per token,    68.05 tokens per second)
ollama-1  | slot print_timing: id  0 | task 11048 |        eval time =     502.84 ms /     8 tokens (   71.83 ms per token,    13.92 tokens per second)
ollama-1  | slot print_timing: id  0 | task 11048 |       total time =    5234.86 ms /   330 tokens
ollama-1  | slot print_timing: id  0 | task 11048 |    graphs reused =       7777
ollama-1  | slot      release: id  0 | task 11048 | stop processing: n_tokens = 681, truncated = 0
ollama-1  | srv  update_slots: all slots are idle
ollama-1  | [GIN] 2026/10/08 - 09:27:09 | 200 |         2m24s |      172.21.0.4 | POST     "/api/generate"
ollama-1  | srv  server_strea: conv_id= (empty=1)
ollama-1  | slot get_availabl: id  0 | task -1 |  - checking sim = 0.634 (350/552) > 0.100
ollama-1  | slot get_availabl: id  0 | task -1 | selected slot by LCP similarity, f_sim_best = 0.634 (> 0.100 thold), f_keep = 0.514
ollama-1  | slot launch_slot_: id  0 | task -1 | sampler chain: logits -> ?penalties -> ?dry -> ?top-n-sigma -> top-k -> ?typical -> top-p -> ?min-p -> ?xtc -> temp-ext -> dist 
ollama-1  | slot launch_slot_: id  0 | task -1 | sampler params: 
ollama-1  | 	repeat_last_n = 64, repeat_penalty = 1.000, frequency_penalty = 0.000, presence_penalty = 0.000
ollama-1  | 	dry_multiplier = 0.000, dry_base = 1.750, dry_allowed_length = 2, dry_penalty_last_n = 64
ollama-1  | 	top_k = 40, top_p = 0.900, min_p = 0.000, xtc_probability = 0.000, xtc_threshold = 0.100, typical_p = 1.000, top_n_sigma = -1.000, temp = 0.000
ollama-1  | 	mirostat = 0, mirostat_lr = 0.100, mirostat_ent = 5.000, adaptive_target = -1.000, adaptive_decay = 0.900
ollama-1  | slot launch_slot_: id  0 | task 11057 | processing task, is_child = 0
ollama-1  | slot   operator(): id  0 | task 11057 | new prompt, n_ctx_slot = 4096, n_keep = 4, task.n_tokens = 552
ollama-1  | slot   operator(): id  0 | task 11057 | cached n_tokens = 350, memory_seq_rm [350, end)
ollama-1  | slot init_sampler: id  0 | task 11057 | init sampler, took 0.04 ms, tokens: text = 552, total = 552
ollama-1  | [GIN] 2026/10/08 - 09:27:10 | 200 |      30.492µs |       127.0.0.1 | HEAD     "/"
ollama-1  | [GIN] 2026/10/08 - 09:27:10 | 200 |    1.427974ms |       127.0.0.1 | GET      "/api/tags"
ollama-1  | slot print_timing: id  0 | task 11057 | prompt eval time =    3022.86 ms /   202 tokens (   14.96 ms per token,    66.82 tokens per second)
ollama-1  | slot print_timing: id  0 | task 11057 |        eval time =     564.09 ms /     9 tokens (   70.51 ms per token,    14.18 tokens per second)
ollama-1  | slot print_timing: id  0 | task 11057 |       total time =    3586.95 ms /   211 tokens
ollama-1  | slot print_timing: id  0 | task 11057 |    graphs reused =       7784
ollama-1  | slot      release: id  0 | task 11057 | stop processing: n_tokens = 560, truncated = 0
ollama-1  | srv  update_slots: all slots are idle
ollama-1  | [GIN] 2026/10/08 - 09:27:12 | 200 |         2m25s |      172.21.0.4 | POST     "/api/generate"
ollama-1  | srv  server_strea: conv_id= (empty=1)
ollama-1  | slot get_availabl: id  0 | task -1 |  - checking sim = 0.729 (350/480) > 0.100
ollama-1  | slot get_availabl: id  0 | task -1 | selected slot by LCP similarity, f_sim_best = 0.729 (> 0.100 thold), f_keep = 0.625
ollama-1  | slot launch_slot_: id  0 | task -1 | sampler chain: logits -> ?penalties -> ?dry -> ?top-n-sigma -> top-k -> ?typical -> top-p -> ?min-p -> ?xtc -> temp-ext -> dist 
ollama-1  | slot launch_slot_: id  0 | task -1 | sampler params: 
ollama-1  | 	repeat_last_n = 64, repeat_penalty = 1.000, frequency_penalty = 0.000, presence_penalty = 0.000
ollama-1  | 	dry_multiplier = 0.000, dry_base = 1.750, dry_allowed_length = 2, dry_penalty_last_n = 64
ollama-1  | 	top_k = 40, top_p = 0.900, min_p = 0.000, xtc_probability = 0.000, xtc_threshold = 0.100, typical_p = 1.000, top_n_sigma = -1.000, temp = 0.000
ollama-1  | 	mirostat = 0, mirostat_lr = 0.100, mirostat_ent = 5.000, adaptive_target = -1.000, adaptive_decay = 0.900
ollama-1  | slot launch_slot_: id  0 | task 11067 | processing task, is_child = 0
ollama-1  | slot   operator(): id  0 | task 11067 | new prompt, n_ctx_slot = 4096, n_keep = 4, task.n_tokens = 480
ollama-1  | slot   operator(): id  0 | task 11067 | cached n_tokens = 350, memory_seq_rm [350, end)
ollama-1  | slot init_sampler: id  0 | task 11067 | init sampler, took 0.07 ms, tokens: text = 480, total = 480
ollama-1  | slot print_timing: id  0 | task 11067 | prompt eval time =    1954.06 ms /   130 tokens (   15.03 ms per token,    66.53 tokens per second)
ollama-1  | slot print_timing: id  0 | task 11067 |        eval time =     605.10 ms /    10 tokens (   67.23 ms per token,    14.87 tokens per second)
ollama-1  | slot print_timing: id  0 | task 11067 |       total time =    2559.16 ms /   140 tokens
ollama-1  | slot print_timing: id  0 | task 11067 |    graphs reused =       7792
ollama-1  | slot      release: id  0 | task 11067 | stop processing: n_tokens = 489, truncated = 0
ollama-1  | srv  update_slots: all slots are idle
ollama-1  | [GIN] 2026/10/08 - 09:27:15 | 200 |         2m22s |      172.21.0.4 | POST     "/api/generate"
ollama-1  | srv  server_strea: conv_id= (empty=1)
ollama-1  | slot get_availabl: id  0 | task -1 |  - checking sim = 0.648 (350/540) > 0.100
ollama-1  | slot get_availabl: id  0 | task -1 | selected slot by LCP similarity, f_sim_best = 0.648 (> 0.100 thold), f_keep = 0.716
ollama-1  | slot launch_slot_: id  0 | task -1 | sampler chain: logits -> ?penalties -> ?dry -> ?top-n-sigma -> top-k -> ?typical -> top-p -> ?min-p -> ?xtc -> temp-ext -> dist 
ollama-1  | slot launch_slot_: id  0 | task -1 | sampler params: 
ollama-1  | 	repeat_last_n = 64, repeat_penalty = 1.000, frequency_penalty = 0.000, presence_penalty = 0.000
ollama-1  | 	dry_multiplier = 0.000, dry_base = 1.750, dry_allowed_length = 2, dry_penalty_last_n = 64
ollama-1  | 	top_k = 40, top_p = 0.900, min_p = 0.000, xtc_probability = 0.000, xtc_threshold = 0.100, typical_p = 1.000, top_n_sigma = -1.000, temp = 0.000
ollama-1  | 	mirostat = 0, mirostat_lr = 0.100, mirostat_ent = 5.000, adaptive_target = -1.000, adaptive_decay = 0.900
ollama-1  | slot launch_slot_: id  0 | task 11078 | processing task, is_child = 0
ollama-1  | slot   operator(): id  0 | task 11078 | new prompt, n_ctx_slot = 4096, n_keep = 4, task.n_tokens = 540
ollama-1  | slot   operator(): id  0 | task 11078 | cached n_tokens = 350, memory_seq_rm [350, end)
ollama-1  | slot init_sampler: id  0 | task 11078 | init sampler, took 0.04 ms, tokens: text = 540, total = 540
ollama-1  | slot print_timing: id  0 | task 11078 | prompt eval time =    2845.41 ms /   190 tokens (   14.98 ms per token,    66.77 tokens per second)
ollama-1  | slot print_timing: id  0 | task 11078 |        eval time =     593.29 ms /     9 tokens (   74.16 ms per token,    13.48 tokens per second)
ollama-1  | slot print_timing: id  0 | task 11078 |       total time =    3438.70 ms /   199 tokens
ollama-1  | slot print_timing: id  0 | task 11078 |    graphs reused =       7799
ollama-1  | slot      release: id  0 | task 11078 | stop processing: n_tokens = 548, truncated = 0
ollama-1  | srv  update_slots: all slots are idle
ollama-1  | [GIN] 2026/10/08 - 09:27:18 | 200 |         2m22s |      172.21.0.4 | POST     "/api/generate"
ollama-1  | srv  server_strea: conv_id= (empty=1)
ollama-1  | slot get_availabl: id  0 | task -1 |  - checking sim = 0.794 (350/441) > 0.100
ollama-1  | slot get_availabl: id  0 | task -1 | selected slot by LCP similarity, f_sim_best = 0.794 (> 0.100 thold), f_keep = 0.639
ollama-1  | slot launch_slot_: id  0 | task -1 | sampler chain: logits -> ?penalties -> ?dry -> ?top-n-sigma -> top-k -> ?typical -> top-p -> ?min-p -> ?xtc -> temp-ext -> dist 
ollama-1  | slot launch_slot_: id  0 | task -1 | sampler params: 
ollama-1  | 	repeat_last_n = 64, repeat_penalty = 1.000, frequency_penalty = 0.000, presence_penalty = 0.000
ollama-1  | 	dry_multiplier = 0.000, dry_base = 1.750, dry_allowed_length = 2, dry_penalty_last_n = 64
ollama-1  | 	top_k = 40, top_p = 0.900, min_p = 0.000, xtc_probability = 0.000, xtc_threshold = 0.100, typical_p = 1.000, top_n_sigma = -1.000, temp = 0.000
ollama-1  | 	mirostat = 0, mirostat_lr = 0.100, mirostat_ent = 5.000, adaptive_target = -1.000, adaptive_decay = 0.900
ollama-1  | slot launch_slot_: id  0 | task 11088 | processing task, is_child = 0
ollama-1  | slot   operator(): id  0 | task 11088 | new prompt, n_ctx_slot = 4096, n_keep = 4, task.n_tokens = 441
ollama-1  | slot   operator(): id  0 | task 11088 | cached n_tokens = 350, memory_seq_rm [350, end)
ollama-1  | slot init_sampler: id  0 | task 11088 | init sampler, took 0.04 ms, tokens: text = 441, total = 441
ollama-1  | [GIN] 2026/10/08 - 09:27:20 | 200 |      33.862µs |       127.0.0.1 | HEAD     "/"
ollama-1  | [GIN] 2026/10/08 - 09:27:20 | 200 |    1.312328ms |       127.0.0.1 | GET      "/api/tags"
ollama-1  | slot print_timing: id  0 | task 11088 | prompt eval time =    1409.60 ms /    91 tokens (   15.49 ms per token,    64.56 tokens per second)
ollama-1  | slot print_timing: id  0 | task 11088 |        eval time =     548.30 ms /     9 tokens (   68.54 ms per token,    14.59 tokens per second)
ollama-1  | slot print_timing: id  0 | task 11088 |       total time =    1957.89 ms /   100 tokens
ollama-1  | slot print_timing: id  0 | task 11088 |    graphs reused =       7806
ollama-1  | slot      release: id  0 | task 11088 | stop processing: n_tokens = 449, truncated = 0
ollama-1  | srv  update_slots: all slots are idle
ollama-1  | [GIN] 2026/10/08 - 09:27:20 | 200 |         2m16s |      172.21.0.4 | POST     "/api/generate"
ollama-1  | srv  server_strea: conv_id= (empty=1)
ollama-1  | slot get_availabl: id  0 | task -1 |  - checking sim = 0.489 (350/716) > 0.100
ollama-1  | slot get_availabl: id  0 | task -1 | selected slot by LCP similarity, f_sim_best = 0.489 (> 0.100 thold), f_keep = 0.780
ollama-1  | slot launch_slot_: id  0 | task -1 | sampler chain: logits -> ?penalties -> ?dry -> ?top-n-sigma -> top-k -> ?typical -> top-p -> ?min-p -> ?xtc -> temp-ext -> dist 
ollama-1  | slot launch_slot_: id  0 | task -1 | sampler params: 
ollama-1  | 	repeat_last_n = 64, repeat_penalty = 1.000, frequency_penalty = 0.000, presence_penalty = 0.000
ollama-1  | 	dry_multiplier = 0.000, dry_base = 1.750, dry_allowed_length = 2, dry_penalty_last_n = 64
ollama-1  | 	top_k = 40, top_p = 0.900, min_p = 0.000, xtc_probability = 0.000, xtc_threshold = 0.100, typical_p = 1.000, top_n_sigma = -1.000, temp = 0.000
ollama-1  | 	mirostat = 0, mirostat_lr = 0.100, mirostat_ent = 5.000, adaptive_target = -1.000, adaptive_decay = 0.900
ollama-1  | slot launch_slot_: id  0 | task 11098 | processing task, is_child = 0
ollama-1  | slot   operator(): id  0 | task 11098 | new prompt, n_ctx_slot = 4096, n_keep = 4, task.n_tokens = 716
ollama-1  | slot   operator(): id  0 | task 11098 | cached n_tokens = 350, memory_seq_rm [350, end)
ollama-1  | slot init_sampler: id  0 | task 11098 | init sampler, took 0.06 ms, tokens: text = 716, total = 716
ollama-1  | slot print_timing: id  0 | task 11098 | prompt eval time =    5296.73 ms /   366 tokens (   14.47 ms per token,    69.10 tokens per second)
ollama-1  | slot print_timing: id  0 | task 11098 |        eval time =     560.49 ms /     9 tokens (   70.06 ms per token,    14.27 tokens per second)
ollama-1  | slot print_timing: id  0 | task 11098 |       total time =    5857.22 ms /   375 tokens
ollama-1  | slot print_timing: id  0 | task 11098 |    graphs reused =       7813
ollama-1  | slot      release: id  0 | task 11098 | stop processing: n_tokens = 724, truncated = 0
ollama-1  | srv  update_slots: all slots are idle
ollama-1  | [GIN] 2026/10/08 - 09:27:26 | 200 |         2m20s |      172.21.0.4 | POST     "/api/generate"
ollama-1  | srv  server_strea: conv_id= (empty=1)
ollama-1  | slot get_availabl: id  0 | task -1 |  - checking sim = 0.612 (350/572) > 0.100
ollama-1  | slot get_availabl: id  0 | task -1 | selected slot by LCP similarity, f_sim_best = 0.612 (> 0.100 thold), f_keep = 0.483
ollama-1  | srv  get_availabl: updating prompt cache
ollama-1  | srv   prompt_save:  - saving prompt with length 724, total state size = 90.509 MiB (draft: 0.000 MiB)
ollama-1  | srv          load:  - looking for better prompt, base f_keep = 0.483, f_sim = 0.612
ollama-1  | srv          load:    - prompt with length     782, lcp =     350, f_keep = 0.448, f_sim = 0.612
ollama-1  | srv          load:    - prompt with length     794, lcp =     350, f_keep = 0.441, f_sim = 0.612
ollama-1  | srv          load:    - prompt with length     753, lcp =     352, f_keep = 0.467, f_sim = 0.615
ollama-1  | srv          load:    - prompt with length     730, lcp =     350, f_keep = 0.479, f_sim = 0.612
ollama-1  | srv          load:    - prompt with length     828, lcp =     350, f_keep = 0.423, f_sim = 0.612
ollama-1  | srv          load:    - prompt with length     844, lcp =     350, f_keep = 0.415, f_sim = 0.612
ollama-1  | srv          load:    - prompt with length     846, lcp =     350, f_keep = 0.414, f_sim = 0.612
ollama-1  | srv          load:    - prompt with length     892, lcp =     350, f_keep = 0.392, f_sim = 0.612
ollama-1  | srv          load:    - prompt with length     778, lcp =     350, f_keep = 0.450, f_sim = 0.612
ollama-1  | srv          load:    - prompt with length     788, lcp =     350, f_keep = 0.444, f_sim = 0.612
ollama-1  | srv          load:    - prompt with length    1176, lcp =     350, f_keep = 0.298, f_sim = 0.612
ollama-1  | srv          load:    - prompt with length     726, lcp =     350, f_keep = 0.482, f_sim = 0.612
ollama-1  | srv          load:    - prompt with length     765, lcp =     350, f_keep = 0.458, f_sim = 0.612
ollama-1  | srv          load:    - prompt with length     851, lcp =     350, f_keep = 0.411, f_sim = 0.612
ollama-1  | srv          load:    - prompt with length     763, lcp =     350, f_keep = 0.459, f_sim = 0.612
ollama-1  | srv          load:    - prompt with length     730, lcp =     350, f_keep = 0.479, f_sim = 0.612
ollama-1  | srv          load:    - prompt with length     790, lcp =     350, f_keep = 0.443, f_sim = 0.612
ollama-1  | srv          load:    - prompt with length     780, lcp =     350, f_keep = 0.449, f_sim = 0.612
ollama-1  | srv          load:    - prompt with length     847, lcp =     350, f_keep = 0.413, f_sim = 0.612
ollama-1  | srv          load:    - prompt with length     710, lcp =     350, f_keep = 0.493, f_sim = 0.612
ollama-1  | srv          load:    - prompt with length     770, lcp =     350, f_keep = 0.455, f_sim = 0.612
ollama-1  | srv          load:    - prompt with length     717, lcp =     350, f_keep = 0.488, f_sim = 0.612
ollama-1  | srv          load:    - prompt with length     753, lcp =     350, f_keep = 0.465, f_sim = 0.612
ollama-1  | srv          load:    - prompt with length     729, lcp =     350, f_keep = 0.480, f_sim = 0.612
ollama-1  | srv          load:    - prompt with length     796, lcp =     350, f_keep = 0.440, f_sim = 0.612
ollama-1  | srv          load:    - prompt with length     709, lcp =     350, f_keep = 0.494, f_sim = 0.612
ollama-1  | srv          load:    - prompt with length     724, lcp =     350, f_keep = 0.483, f_sim = 0.612
ollama-1  | srv        update:  - cache state: 27 prompts, 2671.640 MiB (limits: 8192.000 MiB, 4096 tokens, 65529 est)
ollama-1  | srv        update:    - prompt 0x36524940:     782 tokens, checkpoints:  0,    97.760 MiB
ollama-1  | srv        update:    - prompt 0x36524a40:     794 tokens, checkpoints:  0,    99.260 MiB
ollama-1  | srv        update:    - prompt 0x36521d10:     753 tokens, checkpoints:  0,    94.134 MiB
ollama-1  | srv        update:    - prompt 0x36521c60:     730 tokens, checkpoints:  0,    91.259 MiB
ollama-1  | srv        update:    - prompt 0x36521bb0:     828 tokens, checkpoints:  0,   103.510 MiB
ollama-1  | srv        update:    - prompt 0x3652bd10:     844 tokens, checkpoints:  0,   105.510 MiB
ollama-1  | srv        update:    - prompt 0x3724fc20:     846 tokens, checkpoints:  0,   105.760 MiB
ollama-1  | srv        update:    - prompt 0x3651c680:     892 tokens, checkpoints:  0,   111.511 MiB
ollama-1  | srv        update:    - prompt 0x36504320:     778 tokens, checkpoints:  0,    97.260 MiB
ollama-1  | srv        update:    - prompt 0x371021f0:     788 tokens, checkpoints:  0,    98.510 MiB
ollama-1  | srv        update:    - prompt 0x3724a9f0:    1176 tokens, checkpoints:  0,   147.014 MiB
ollama-1  | srv        update:    - prompt 0x36516480:     726 tokens, checkpoints:  0,    90.759 MiB
ollama-1  | srv        update:    - prompt 0x371c5be0:     765 tokens, checkpoints:  0,    95.635 MiB
ollama-1  | srv        update:    - prompt 0x3651cdf0:     851 tokens, checkpoints:  0,   106.385 MiB
ollama-1  | srv        update:    - prompt 0x36510eb0:     763 tokens, checkpoints:  0,    95.384 MiB
ollama-1  | srv        update:    - prompt 0x3715ca80:     730 tokens, checkpoints:  0,    91.259 MiB
ollama-1  | srv        update:    - prompt 0x364ffda0:     790 tokens, checkpoints:  0,    98.760 MiB
ollama-1  | srv        update:    - prompt 0x36522570:     780 tokens, checkpoints:  0,    97.510 MiB
ollama-1  | srv        update:    - prompt 0x37b80950:     847 tokens, checkpoints:  0,   105.885 MiB
ollama-1  | srv        update:    - prompt 0x37a562a0:     710 tokens, checkpoints:  0,    88.759 MiB
ollama-1  | srv        update:    - prompt 0x37a8eee0:     770 tokens, checkpoints:  0,    96.260 MiB
ollama-1  | srv        update:    - prompt 0x370b1e10:     717 tokens, checkpoints:  0,    89.634 MiB
ollama-1  | srv        update:    - prompt 0x36537930:     753 tokens, checkpoints:  0,    94.134 MiB
ollama-1  | srv        update:    - prompt 0x371b5c80:     729 tokens, checkpoints:  0,    91.134 MiB
ollama-1  | srv        update:    - prompt 0x36996dc0:     796 tokens, checkpoints:  0,    99.510 MiB
ollama-1  | srv        update:    - prompt 0x37264940:     709 tokens, checkpoints:  0,    88.634 MiB
ollama-1  | srv        update:    - prompt 0x365024f0:     724 tokens, checkpoints:  0,    90.509 MiB
ollama-1  | srv  get_availabl: prompt cache update took 35.33 ms
ollama-1  | slot launch_slot_: id  0 | task -1 | sampler chain: logits -> ?penalties -> ?dry -> ?top-n-sigma -> top-k -> ?typical -> top-p -> ?min-p -> ?xtc -> temp-ext -> dist 
ollama-1  | slot launch_slot_: id  0 | task -1 | sampler params: 
ollama-1  | 	repeat_last_n = 64, repeat_penalty = 1.000, frequency_penalty = 0.000, presence_penalty = 0.000
ollama-1  | 	dry_multiplier = 0.000, dry_base = 1.750, dry_allowed_length = 2, dry_penalty_last_n = 64
ollama-1  | 	top_k = 40, top_p = 0.900, min_p = 0.000, xtc_probability = 0.000, xtc_threshold = 0.100, typical_p = 1.000, top_n_sigma = -1.000, temp = 0.000
ollama-1  | 	mirostat = 0, mirostat_lr = 0.100, mirostat_ent = 5.000, adaptive_target = -1.000, adaptive_decay = 0.900
ollama-1  | slot launch_slot_: id  0 | task 11108 | processing task, is_child = 0
ollama-1  | slot   operator(): id  0 | task 11108 | new prompt, n_ctx_slot = 4096, n_keep = 4, task.n_tokens = 572
ollama-1  | slot   operator(): id  0 | task 11108 | cached n_tokens = 350, memory_seq_rm [350, end)
ollama-1  | slot init_sampler: id  0 | task 11108 | init sampler, took 0.04 ms, tokens: text = 572, total = 572
ollama-1  | slot print_timing: id  0 | task 11108 | prompt eval time =    3289.82 ms /   222 tokens (   14.82 ms per token,    67.48 tokens per second)
ollama-1  | slot print_timing: id  0 | task 11108 |        eval time =     505.12 ms /     8 tokens (   72.16 ms per token,    13.86 tokens per second)
ollama-1  | slot print_timing: id  0 | task 11108 |       total time =    3794.94 ms /   230 tokens
ollama-1  | slot print_timing: id  0 | task 11108 |    graphs reused =       7819
ollama-1  | slot      release: id  0 | task 11108 | stop processing: n_tokens = 579, truncated = 0
ollama-1  | srv  update_slots: all slots are idle
ollama-1  | [GIN] 2026/10/08 - 09:27:30 | 200 |         2m20s |      172.21.0.4 | POST     "/api/generate"
ollama-1  | srv  server_strea: conv_id= (empty=1)
ollama-1  | slot get_availabl: id  0 | task -1 |  - checking sim = 0.790 (350/443) > 0.100
ollama-1  | slot get_availabl: id  0 | task -1 | selected slot by LCP similarity, f_sim_best = 0.790 (> 0.100 thold), f_keep = 0.604
ollama-1  | slot launch_slot_: id  0 | task -1 | sampler chain: logits -> ?penalties -> ?dry -> ?top-n-sigma -> top-k -> ?typical -> top-p -> ?min-p -> ?xtc -> temp-ext -> dist 
ollama-1  | slot launch_slot_: id  0 | task -1 | sampler params: 
ollama-1  | 	repeat_last_n = 64, repeat_penalty = 1.000, frequency_penalty = 0.000, presence_penalty = 0.000
ollama-1  | 	dry_multiplier = 0.000, dry_base = 1.750, dry_allowed_length = 2, dry_penalty_last_n = 64
ollama-1  | 	top_k = 40, top_p = 0.900, min_p = 0.000, xtc_probability = 0.000, xtc_threshold = 0.100, typical_p = 1.000, top_n_sigma = -1.000, temp = 0.000
ollama-1  | 	mirostat = 0, mirostat_lr = 0.100, mirostat_ent = 5.000, adaptive_target = -1.000, adaptive_decay = 0.900
ollama-1  | slot launch_slot_: id  0 | task 11117 | processing task, is_child = 0
ollama-1  | slot   operator(): id  0 | task 11117 | new prompt, n_ctx_slot = 4096, n_keep = 4, task.n_tokens = 443
ollama-1  | slot   operator(): id  0 | task 11117 | cached n_tokens = 350, memory_seq_rm [350, end)
ollama-1  | slot init_sampler: id  0 | task 11117 | init sampler, took 0.05 ms, tokens: text = 443, total = 443
ollama-1  | [GIN] 2026/10/08 - 09:27:31 | 200 |      34.737µs |       127.0.0.1 | HEAD     "/"
ollama-1  | [GIN] 2026/10/08 - 09:27:31 | 200 |     991.656µs |       127.0.0.1 | GET      "/api/tags"
ollama-1  | slot print_timing: id  0 | task 11117 | prompt eval time =    1479.73 ms /    93 tokens (   15.91 ms per token,    62.85 tokens per second)
ollama-1  | slot print_timing: id  0 | task 11117 |        eval time =     553.92 ms /     9 tokens (   69.24 ms per token,    14.44 tokens per second)
ollama-1  | slot print_timing: id  0 | task 11117 |       total time =    2033.65 ms /   102 tokens
ollama-1  | slot print_timing: id  0 | task 11117 |    graphs reused =       7826
ollama-1  | slot      release: id  0 | task 11117 | stop processing: n_tokens = 451, truncated = 0
ollama-1  | srv  update_slots: all slots are idle
ollama-1  | [GIN] 2026/10/08 - 09:27:33 | 200 |         2m19s |      172.21.0.4 | POST     "/api/generate"
ollama-1  | srv  server_strea: conv_id= (empty=1)
ollama-1  | slot get_availabl: id  0 | task -1 |  - checking sim = 0.640 (350/547) > 0.100
ollama-1  | slot get_availabl: id  0 | task -1 | selected slot by LCP similarity, f_sim_best = 0.640 (> 0.100 thold), f_keep = 0.776
ollama-1  | slot launch_slot_: id  0 | task -1 | sampler chain: logits -> ?penalties -> ?dry -> ?top-n-sigma -> top-k -> ?typical -> top-p -> ?min-p -> ?xtc -> temp-ext -> dist 
ollama-1  | slot launch_slot_: id  0 | task -1 | sampler params: 
ollama-1  | 	repeat_last_n = 64, repeat_penalty = 1.000, frequency_penalty = 0.000, presence_penalty = 0.000
ollama-1  | 	dry_multiplier = 0.000, dry_base = 1.750, dry_allowed_length = 2, dry_penalty_last_n = 64
ollama-1  | 	top_k = 40, top_p = 0.900, min_p = 0.000, xtc_probability = 0.000, xtc_threshold = 0.100, typical_p = 1.000, top_n_sigma = -1.000, temp = 0.000
ollama-1  | 	mirostat = 0, mirostat_lr = 0.100, mirostat_ent = 5.000, adaptive_target = -1.000, adaptive_decay = 0.900
ollama-1  | slot launch_slot_: id  0 | task 11127 | processing task, is_child = 0
ollama-1  | slot   operator(): id  0 | task 11127 | new prompt, n_ctx_slot = 4096, n_keep = 4, task.n_tokens = 547
ollama-1  | slot   operator(): id  0 | task 11127 | cached n_tokens = 350, memory_seq_rm [350, end)
ollama-1  | slot init_sampler: id  0 | task 11127 | init sampler, took 0.04 ms, tokens: text = 547, total = 547
ollama-1  | slot print_timing: id  0 | task 11127 | prompt eval time =    2912.98 ms /   197 tokens (   14.79 ms per token,    67.63 tokens per second)
ollama-1  | slot print_timing: id  0 | task 11127 |        eval time =     517.83 ms /     8 tokens (   73.98 ms per token,    13.52 tokens per second)
ollama-1  | slot print_timing: id  0 | task 11127 |       total time =    3430.81 ms /   205 tokens
ollama-1  | slot print_timing: id  0 | task 11127 |    graphs reused =       7832
ollama-1  | slot      release: id  0 | task 11127 | stop processing: n_tokens = 554, truncated = 0
ollama-1  | srv  update_slots: all slots are idle
ollama-1  | [GIN] 2026/10/08 - 09:27:37 | 200 |         2m19s |      172.21.0.4 | POST     "/api/generate"
ollama-1  | srv  server_strea: conv_id= (empty=1)
ollama-1  | slot get_availabl: id  0 | task -1 |  - checking sim = 0.771 (351/455) > 0.100
ollama-1  | slot get_availabl: id  0 | task -1 | selected slot by LCP similarity, f_sim_best = 0.771 (> 0.100 thold), f_keep = 0.634
ollama-1  | slot launch_slot_: id  0 | task -1 | sampler chain: logits -> ?penalties -> ?dry -> ?top-n-sigma -> top-k -> ?typical -> top-p -> ?min-p -> ?xtc -> temp-ext -> dist 
ollama-1  | slot launch_slot_: id  0 | task -1 | sampler params: 
ollama-1  | 	repeat_last_n = 64, repeat_penalty = 1.000, frequency_penalty = 0.000, presence_penalty = 0.000
ollama-1  | 	dry_multiplier = 0.000, dry_base = 1.750, dry_allowed_length = 2, dry_penalty_last_n = 64
ollama-1  | 	top_k = 40, top_p = 0.900, min_p = 0.000, xtc_probability = 0.000, xtc_threshold = 0.100, typical_p = 1.000, top_n_sigma = -1.000, temp = 0.000
ollama-1  | 	mirostat = 0, mirostat_lr = 0.100, mirostat_ent = 5.000, adaptive_target = -1.000, adaptive_decay = 0.900
ollama-1  | slot launch_slot_: id  0 | task 11136 | processing task, is_child = 0
ollama-1  | slot   operator(): id  0 | task 11136 | new prompt, n_ctx_slot = 4096, n_keep = 4, task.n_tokens = 455
ollama-1  | slot   operator(): id  0 | task 11136 | cached n_tokens = 351, memory_seq_rm [351, end)
ollama-1  | slot init_sampler: id  0 | task 11136 | init sampler, took 0.06 ms, tokens: text = 455, total = 455
ollama-1  | slot print_timing: id  0 | task 11136 | prompt eval time =    1542.89 ms /   104 tokens (   14.84 ms per token,    67.41 tokens per second)
ollama-1  | slot print_timing: id  0 | task 11136 |        eval time =     657.67 ms /    10 tokens (   73.07 ms per token,    13.68 tokens per second)
ollama-1  | slot print_timing: id  0 | task 11136 |       total time =    2200.56 ms /   114 tokens
ollama-1  | slot print_timing: id  0 | task 11136 |    graphs reused =       7840
ollama-1  | slot      release: id  0 | task 11136 | stop processing: n_tokens = 464, truncated = 0
ollama-1  | srv  update_slots: all slots are idle
ollama-1  | [GIN] 2026/10/08 - 09:27:39 | 200 |         2m20s |      172.21.0.4 | POST     "/api/generate"
ollama-1  | srv  server_strea: conv_id= (empty=1)
ollama-1  | slot get_availabl: id  0 | task -1 |  - checking sim = 0.443 (351/793) > 0.100
ollama-1  | slot get_availabl: id  0 | task -1 | selected slot by LCP similarity, f_sim_best = 0.443 (> 0.100 thold), f_keep = 0.756
ollama-1  | slot launch_slot_: id  0 | task -1 | sampler chain: logits -> ?penalties -> ?dry -> ?top-n-sigma -> top-k -> ?typical -> top-p -> ?min-p -> ?xtc -> temp-ext -> dist 
ollama-1  | slot launch_slot_: id  0 | task -1 | sampler params: 
ollama-1  | 	repeat_last_n = 64, repeat_penalty = 1.000, frequency_penalty = 0.000, presence_penalty = 0.000
ollama-1  | 	dry_multiplier = 0.000, dry_base = 1.750, dry_allowed_length = 2, dry_penalty_last_n = 64
ollama-1  | 	top_k = 40, top_p = 0.900, min_p = 0.000, xtc_probability = 0.000, xtc_threshold = 0.100, typical_p = 1.000, top_n_sigma = -1.000, temp = 0.000
ollama-1  | 	mirostat = 0, mirostat_lr = 0.100, mirostat_ent = 5.000, adaptive_target = -1.000, adaptive_decay = 0.900
ollama-1  | slot launch_slot_: id  0 | task 11147 | processing task, is_child = 0
ollama-1  | slot   operator(): id  0 | task 11147 | new prompt, n_ctx_slot = 4096, n_keep = 4, task.n_tokens = 793
ollama-1  | slot   operator(): id  0 | task 11147 | cached n_tokens = 351, memory_seq_rm [351, end)
ollama-1  | slot init_sampler: id  0 | task 11147 | init sampler, took 0.10 ms, tokens: text = 793, total = 793
ollama-1  | [GIN] 2026/10/08 - 09:27:42 | 200 |      33.337µs |       127.0.0.1 | HEAD     "/"
ollama-1  | [GIN] 2026/10/08 - 09:27:42 | 200 |     916.603µs |       127.0.0.1 | GET      "/api/tags"
ollama-1  | slot print_timing: id  0 | task 11147 | prompt eval time =    6445.25 ms /   442 tokens (   14.58 ms per token,    68.58 tokens per second)
ollama-1  | slot print_timing: id  0 | task 11147 |        eval time =     502.82 ms /     8 tokens (   71.83 ms per token,    13.92 tokens per second)
ollama-1  | slot print_timing: id  0 | task 11147 |       total time =    6948.07 ms /   450 tokens
ollama-1  | slot print_timing: id  0 | task 11147 |    graphs reused =       7846
ollama-1  | slot      release: id  0 | task 11147 | stop processing: n_tokens = 800, truncated = 0
ollama-1  | srv  update_slots: all slots are idle
ollama-1  | [GIN] 2026/10/08 - 09:27:46 | 200 |         2m21s |      172.21.0.4 | POST     "/api/generate"
ollama-1  | srv  server_strea: conv_id= (empty=1)
ollama-1  | slot get_availabl: id  0 | task -1 |  - checking sim = 0.570 (351/616) > 0.100
ollama-1  | slot get_availabl: id  0 | task -1 | selected slot by LCP similarity, f_sim_best = 0.570 (> 0.100 thold), f_keep = 0.439
ollama-1  | srv  get_availabl: updating prompt cache
ollama-1  | srv   prompt_save:  - saving prompt with length 800, total state size = 100.010 MiB (draft: 0.000 MiB)
ollama-1  | srv          load:  - looking for better prompt, base f_keep = 0.439, f_sim = 0.570
ollama-1  | srv          load:    - prompt with length     782, lcp =     350, f_keep = 0.448, f_sim = 0.568
ollama-1  | srv          load:    - prompt with length     794, lcp =     350, f_keep = 0.441, f_sim = 0.568
ollama-1  | srv          load:    - prompt with length     753, lcp =     350, f_keep = 0.465, f_sim = 0.568
ollama-1  | srv          load:    - prompt with length     730, lcp =     350, f_keep = 0.479, f_sim = 0.568
ollama-1  | srv          load:    - prompt with length     828, lcp =     350, f_keep = 0.423, f_sim = 0.568
ollama-1  | srv          load:    - prompt with length     844, lcp =     350, f_keep = 0.415, f_sim = 0.568
ollama-1  | srv          load:    - prompt with length     846, lcp =     351, f_keep = 0.415, f_sim = 0.570
ollama-1  | srv          load:    - prompt with length     892, lcp =     350, f_keep = 0.392, f_sim = 0.568
ollama-1  | srv          load:    - prompt with length     778, lcp =     350, f_keep = 0.450, f_sim = 0.568
ollama-1  | srv          load:    - prompt with length     788, lcp =     350, f_keep = 0.444, f_sim = 0.568
ollama-1  | srv          load:    - prompt with length    1176, lcp =     350, f_keep = 0.298, f_sim = 0.568
ollama-1  | srv          load:    - prompt with length     726, lcp =     350, f_keep = 0.482, f_sim = 0.568
ollama-1  | srv          load:    - prompt with length     765, lcp =     350, f_keep = 0.458, f_sim = 0.568
ollama-1  | srv          load:    - prompt with length     851, lcp =     351, f_keep = 0.412, f_sim = 0.570
ollama-1  | srv          load:    - prompt with length     763, lcp =     350, f_keep = 0.459, f_sim = 0.568
ollama-1  | srv          load:    - prompt with length     730, lcp =     351, f_keep = 0.481, f_sim = 0.570
ollama-1  | srv          load:    - prompt with length     790, lcp =     350, f_keep = 0.443, f_sim = 0.568
ollama-1  | srv          load:    - prompt with length     780, lcp =     351, f_keep = 0.450, f_sim = 0.570
ollama-1  | srv          load:    - prompt with length     847, lcp =     351, f_keep = 0.414, f_sim = 0.570
ollama-1  | srv          load:    - prompt with length     710, lcp =     350, f_keep = 0.493, f_sim = 0.568
ollama-1  | srv          load:    - prompt with length     770, lcp =     350, f_keep = 0.455, f_sim = 0.568
ollama-1  | srv          load:    - prompt with length     717, lcp =     350, f_keep = 0.488, f_sim = 0.568
ollama-1  | srv          load:    - prompt with length     753, lcp =     350, f_keep = 0.465, f_sim = 0.568
ollama-1  | srv          load:    - prompt with length     729, lcp =     351, f_keep = 0.481, f_sim = 0.570
ollama-1  | srv          load:    - prompt with length     796, lcp =     350, f_keep = 0.440, f_sim = 0.568
ollama-1  | srv          load:    - prompt with length     709, lcp =     350, f_keep = 0.494, f_sim = 0.568
ollama-1  | srv          load:    - prompt with length     724, lcp =     351, f_keep = 0.485, f_sim = 0.570
ollama-1  | srv          load:    - prompt with length     800, lcp =     351, f_keep = 0.439, f_sim = 0.570
ollama-1  | srv        update:  - cache state: 28 prompts, 2771.650 MiB (limits: 8192.000 MiB, 4096 tokens, 65529 est)
ollama-1  | srv        update:    - prompt 0x36524940:     782 tokens, checkpoints:  0,    97.760 MiB
ollama-1  | srv        update:    - prompt 0x36524a40:     794 tokens, checkpoints:  0,    99.260 MiB
ollama-1  | srv        update:    - prompt 0x36521d10:     753 tokens, checkpoints:  0,    94.134 MiB
ollama-1  | srv        update:    - prompt 0x36521c60:     730 tokens, checkpoints:  0,    91.259 MiB
ollama-1  | srv        update:    - prompt 0x36521bb0:     828 tokens, checkpoints:  0,   103.510 MiB
ollama-1  | srv        update:    - prompt 0x3652bd10:     844 tokens, checkpoints:  0,   105.510 MiB
ollama-1  | srv        update:    - prompt 0x3724fc20:     846 tokens, checkpoints:  0,   105.760 MiB
ollama-1  | srv        update:    - prompt 0x3651c680:     892 tokens, checkpoints:  0,   111.511 MiB
ollama-1  | srv        update:    - prompt 0x36504320:     778 tokens, checkpoints:  0,    97.260 MiB
ollama-1  | srv        update:    - prompt 0x371021f0:     788 tokens, checkpoints:  0,    98.510 MiB
ollama-1  | srv        update:    - prompt 0x3724a9f0:    1176 tokens, checkpoints:  0,   147.014 MiB
ollama-1  | srv        update:    - prompt 0x36516480:     726 tokens, checkpoints:  0,    90.759 MiB
ollama-1  | srv        update:    - prompt 0x371c5be0:     765 tokens, checkpoints:  0,    95.635 MiB
ollama-1  | srv        update:    - prompt 0x3651cdf0:     851 tokens, checkpoints:  0,   106.385 MiB
ollama-1  | srv        update:    - prompt 0x36510eb0:     763 tokens, checkpoints:  0,    95.384 MiB
ollama-1  | srv        update:    - prompt 0x3715ca80:     730 tokens, checkpoints:  0,    91.259 MiB
ollama-1  | srv        update:    - prompt 0x364ffda0:     790 tokens, checkpoints:  0,    98.760 MiB
ollama-1  | srv        update:    - prompt 0x36522570:     780 tokens, checkpoints:  0,    97.510 MiB
ollama-1  | srv        update:    - prompt 0x37b80950:     847 tokens, checkpoints:  0,   105.885 MiB
ollama-1  | srv        update:    - prompt 0x37a562a0:     710 tokens, checkpoints:  0,    88.759 MiB
ollama-1  | srv        update:    - prompt 0x37a8eee0:     770 tokens, checkpoints:  0,    96.260 MiB
ollama-1  | srv        update:    - prompt 0x370b1e10:     717 tokens, checkpoints:  0,    89.634 MiB
ollama-1  | srv        update:    - prompt 0x36537930:     753 tokens, checkpoints:  0,    94.134 MiB
ollama-1  | srv        update:    - prompt 0x371b5c80:     729 tokens, checkpoints:  0,    91.134 MiB
ollama-1  | srv        update:    - prompt 0x36996dc0:     796 tokens, checkpoints:  0,    99.510 MiB
ollama-1  | srv        update:    - prompt 0x37264940:     709 tokens, checkpoints:  0,    88.634 MiB
ollama-1  | srv        update:    - prompt 0x365024f0:     724 tokens, checkpoints:  0,    90.509 MiB
ollama-1  | srv        update:    - prompt 0x370b0570:     800 tokens, checkpoints:  0,   100.010 MiB
ollama-1  | srv  get_availabl: prompt cache update took 42.92 ms
ollama-1  | slot launch_slot_: id  0 | task -1 | sampler chain: logits -> ?penalties -> ?dry -> ?top-n-sigma -> top-k -> ?typical -> top-p -> ?min-p -> ?xtc -> temp-ext -> dist 
ollama-1  | slot launch_slot_: id  0 | task -1 | sampler params: 
ollama-1  | 	repeat_last_n = 64, repeat_penalty = 1.000, frequency_penalty = 0.000, presence_penalty = 0.000
ollama-1  | 	dry_multiplier = 0.000, dry_base = 1.750, dry_allowed_length = 2, dry_penalty_last_n = 64
ollama-1  | 	top_k = 40, top_p = 0.900, min_p = 0.000, xtc_probability = 0.000, xtc_threshold = 0.100, typical_p = 1.000, top_n_sigma = -1.000, temp = 0.000
ollama-1  | 	mirostat = 0, mirostat_lr = 0.100, mirostat_ent = 5.000, adaptive_target = -1.000, adaptive_decay = 0.900
ollama-1  | slot launch_slot_: id  0 | task 11156 | processing task, is_child = 0
ollama-1  | slot   operator(): id  0 | task 11156 | new prompt, n_ctx_slot = 4096, n_keep = 4, task.n_tokens = 616
ollama-1  | slot   operator(): id  0 | task 11156 | cached n_tokens = 351, memory_seq_rm [351, end)
ollama-1  | slot init_sampler: id  0 | task 11156 | init sampler, took 0.06 ms, tokens: text = 616, total = 616
ollama-1  | slot print_timing: id  0 | task 11156 | prompt eval time =    3895.27 ms /   265 tokens (   14.70 ms per token,    68.03 tokens per second)
ollama-1  | slot print_timing: id  0 | task 11156 |        eval time =     570.65 ms /     9 tokens (   71.33 ms per token,    14.02 tokens per second)
ollama-1  | slot print_timing: id  0 | task 11156 |       total time =    4465.92 ms /   274 tokens
ollama-1  | slot print_timing: id  0 | task 11156 |    graphs reused =       7853
ollama-1  | slot      release: id  0 | task 11156 | stop processing: n_tokens = 624, truncated = 0
ollama-1  | srv  update_slots: all slots are idle
ollama-1  | [GIN] 2026/10/08 - 09:27:51 | 200 |         2m20s |      172.21.0.4 | POST     "/api/generate"
ollama-1  | srv  server_strea: conv_id= (empty=1)
ollama-1  | slot get_availabl: id  0 | task -1 |  - checking sim = 0.567 (351/619) > 0.100
ollama-1  | slot get_availabl: id  0 | task -1 | selected slot by LCP similarity, f_sim_best = 0.567 (> 0.100 thold), f_keep = 0.562
ollama-1  | slot launch_slot_: id  0 | task -1 | sampler chain: logits -> ?penalties -> ?dry -> ?top-n-sigma -> top-k -> ?typical -> top-p -> ?min-p -> ?xtc -> temp-ext -> dist 
ollama-1  | slot launch_slot_: id  0 | task -1 | sampler params: 
ollama-1  | 	repeat_last_n = 64, repeat_penalty = 1.000, frequency_penalty = 0.000, presence_penalty = 0.000
ollama-1  | 	dry_multiplier = 0.000, dry_base = 1.750, dry_allowed_length = 2, dry_penalty_last_n = 64
ollama-1  | 	top_k = 40, top_p = 0.900, min_p = 0.000, xtc_probability = 0.000, xtc_threshold = 0.100, typical_p = 1.000, top_n_sigma = -1.000, temp = 0.000
ollama-1  | 	mirostat = 0, mirostat_lr = 0.100, mirostat_ent = 5.000, adaptive_target = -1.000, adaptive_decay = 0.900
ollama-1  | slot launch_slot_: id  0 | task 11166 | processing task, is_child = 0
ollama-1  | slot   operator(): id  0 | task 11166 | new prompt, n_ctx_slot = 4096, n_keep = 4, task.n_tokens = 619
ollama-1  | slot   operator(): id  0 | task 11166 | cached n_tokens = 351, memory_seq_rm [351, end)
ollama-1  | slot init_sampler: id  0 | task 11166 | init sampler, took 0.05 ms, tokens: text = 619, total = 619
ollama-1  | [GIN] 2026/10/08 - 09:27:52 | 200 |      30.306µs |       127.0.0.1 | HEAD     "/"
ollama-1  | [GIN] 2026/10/08 - 09:27:52 | 200 |     920.319µs |       127.0.0.1 | GET      "/api/tags"
ollama-1  | slot print_timing: id  0 | task 11166 | prompt eval time =    3972.41 ms /   268 tokens (   14.82 ms per token,    67.47 tokens per second)
ollama-1  | slot print_timing: id  0 | task 11166 |        eval time =     557.71 ms /     9 tokens (   69.71 ms per token,    14.34 tokens per second)
ollama-1  | slot print_timing: id  0 | task 11166 |       total time =    4530.12 ms /   277 tokens
ollama-1  | slot print_timing: id  0 | task 11166 |    graphs reused =       7860
ollama-1  | slot      release: id  0 | task 11166 | stop processing: n_tokens = 627, truncated = 0
ollama-1  | srv  update_slots: all slots are idle
ollama-1  | [GIN] 2026/10/08 - 09:27:55 | 200 |         2m20s |      172.21.0.4 | POST     "/api/generate"
ollama-1  | srv  server_strea: conv_id= (empty=1)
ollama-1  | slot get_availabl: id  0 | task -1 |  - checking sim = 0.807 (351/435) > 0.100
ollama-1  | slot get_availabl: id  0 | task -1 | selected slot by LCP similarity, f_sim_best = 0.807 (> 0.100 thold), f_keep = 0.560
ollama-1  | slot launch_slot_: id  0 | task -1 | sampler chain: logits -> ?penalties -> ?dry -> ?top-n-sigma -> top-k -> ?typical -> top-p -> ?min-p -> ?xtc -> temp-ext -> dist 
ollama-1  | slot launch_slot_: id  0 | task -1 | sampler params: 
ollama-1  | 	repeat_last_n = 64, repeat_penalty = 1.000, frequency_penalty = 0.000, presence_penalty = 0.000
ollama-1  | 	dry_multiplier = 0.000, dry_base = 1.750, dry_allowed_length = 2, dry_penalty_last_n = 64
ollama-1  | 	top_k = 40, top_p = 0.900, min_p = 0.000, xtc_probability = 0.000, xtc_threshold = 0.100, typical_p = 1.000, top_n_sigma = -1.000, temp = 0.000
ollama-1  | 	mirostat = 0, mirostat_lr = 0.100, mirostat_ent = 5.000, adaptive_target = -1.000, adaptive_decay = 0.900
ollama-1  | slot launch_slot_: id  0 | task 11176 | processing task, is_child = 0
ollama-1  | slot   operator(): id  0 | task 11176 | new prompt, n_ctx_slot = 4096, n_keep = 4, task.n_tokens = 435
ollama-1  | slot   operator(): id  0 | task 11176 | cached n_tokens = 351, memory_seq_rm [351, end)
ollama-1  | slot init_sampler: id  0 | task 11176 | init sampler, took 0.05 ms, tokens: text = 435, total = 435
ollama-1  | slot print_timing: id  0 | task 11176 | prompt eval time =    1250.40 ms /    84 tokens (   14.89 ms per token,    67.18 tokens per second)
ollama-1  | slot print_timing: id  0 | task 11176 |        eval time =     554.96 ms /     9 tokens (   69.37 ms per token,    14.42 tokens per second)
ollama-1  | slot print_timing: id  0 | task 11176 |       total time =    1805.36 ms /    93 tokens
ollama-1  | slot print_timing: id  0 | task 11176 |    graphs reused =       7867
ollama-1  | slot      release: id  0 | task 11176 | stop processing: n_tokens = 443, truncated = 0
ollama-1  | srv  update_slots: all slots are idle
ollama-1  | [GIN] 2026/10/08 - 09:27:57 | 200 |         2m20s |      172.21.0.4 | POST     "/api/generate"
ollama-1  | srv  server_strea: conv_id= (empty=1)
ollama-1  | slot get_availabl: id  0 | task -1 |  - checking sim = 0.553 (351/635) > 0.100
ollama-1  | slot get_availabl: id  0 | task -1 | selected slot by LCP similarity, f_sim_best = 0.553 (> 0.100 thold), f_keep = 0.792
ollama-1  | slot launch_slot_: id  0 | task -1 | sampler chain: logits -> ?penalties -> ?dry -> ?top-n-sigma -> top-k -> ?typical -> top-p -> ?min-p -> ?xtc -> temp-ext -> dist 
ollama-1  | slot launch_slot_: id  0 | task -1 | sampler params: 
ollama-1  | 	repeat_last_n = 64, repeat_penalty = 1.000, frequency_penalty = 0.000, presence_penalty = 0.000
ollama-1  | 	dry_multiplier = 0.000, dry_base = 1.750, dry_allowed_length = 2, dry_penalty_last_n = 64
ollama-1  | 	top_k = 40, top_p = 0.900, min_p = 0.000, xtc_probability = 0.000, xtc_threshold = 0.100, typical_p = 1.000, top_n_sigma = -1.000, temp = 0.000
ollama-1  | 	mirostat = 0, mirostat_lr = 0.100, mirostat_ent = 5.000, adaptive_target = -1.000, adaptive_decay = 0.900
ollama-1  | slot launch_slot_: id  0 | task 11186 | processing task, is_child = 0
ollama-1  | slot   operator(): id  0 | task 11186 | new prompt, n_ctx_slot = 4096, n_keep = 4, task.n_tokens = 635
ollama-1  | slot   operator(): id  0 | task 11186 | cached n_tokens = 351, memory_seq_rm [351, end)
ollama-1  | slot init_sampler: id  0 | task 11186 | init sampler, took 0.06 ms, tokens: text = 635, total = 635
ollama-1  | slot print_timing: id  0 | task 11186 | prompt eval time =    4236.73 ms /   284 tokens (   14.92 ms per token,    67.03 tokens per second)
ollama-1  | slot print_timing: id  0 | task 11186 |        eval time =     592.84 ms /     9 tokens (   74.11 ms per token,    13.49 tokens per second)
ollama-1  | slot print_timing: id  0 | task 11186 |       total time =    4829.57 ms /   293 tokens
ollama-1  | slot print_timing: id  0 | task 11186 |    graphs reused =       7874
ollama-1  | slot      release: id  0 | task 11186 | stop processing: n_tokens = 643, truncated = 0
ollama-1  | srv  update_slots: all slots are idle
ollama-1  | [GIN] 2026/10/08 - 09:28:02 | 200 |         2m21s |      172.21.0.4 | POST     "/api/generate"
ollama-1  | srv  server_strea: conv_id= (empty=1)
ollama-1  | slot get_availabl: id  0 | task -1 |  - checking sim = 0.749 (350/467) > 0.100
ollama-1  | slot get_availabl: id  0 | task -1 | selected slot by LCP similarity, f_sim_best = 0.749 (> 0.100 thold), f_keep = 0.544
ollama-1  | slot launch_slot_: id  0 | task -1 | sampler chain: logits -> ?penalties -> ?dry -> ?top-n-sigma -> top-k -> ?typical -> top-p -> ?min-p -> ?xtc -> temp-ext -> dist 
ollama-1  | slot launch_slot_: id  0 | task -1 | sampler params: 
ollama-1  | 	repeat_last_n = 64, repeat_penalty = 1.000, frequency_penalty = 0.000, presence_penalty = 0.000
ollama-1  | 	dry_multiplier = 0.000, dry_base = 1.750, dry_allowed_length = 2, dry_penalty_last_n = 64
ollama-1  | 	top_k = 40, top_p = 0.900, min_p = 0.000, xtc_probability = 0.000, xtc_threshold = 0.100, typical_p = 1.000, top_n_sigma = -1.000, temp = 0.000
ollama-1  | 	mirostat = 0, mirostat_lr = 0.100, mirostat_ent = 5.000, adaptive_target = -1.000, adaptive_decay = 0.900
ollama-1  | slot launch_slot_: id  0 | task 11196 | processing task, is_child = 0
ollama-1  | slot   operator(): id  0 | task 11196 | new prompt, n_ctx_slot = 4096, n_keep = 4, task.n_tokens = 467
ollama-1  | slot   operator(): id  0 | task 11196 | cached n_tokens = 350, memory_seq_rm [350, end)
ollama-1  | slot init_sampler: id  0 | task 11196 | init sampler, took 0.04 ms, tokens: text = 467, total = 467
ollama-1  | [GIN] 2026/10/08 - 09:28:03 | 200 |      22.535µs |       127.0.0.1 | HEAD     "/"
ollama-1  | [GIN] 2026/10/08 - 09:28:03 | 200 |    1.381311ms |       127.0.0.1 | GET      "/api/tags"
ollama-1  | slot print_timing: id  0 | task 11196 | prompt eval time =    1776.07 ms /   117 tokens (   15.18 ms per token,    65.88 tokens per second)
ollama-1  | slot print_timing: id  0 | task 11196 |        eval time =     632.03 ms /    10 tokens (   70.23 ms per token,    14.24 tokens per second)
ollama-1  | slot print_timing: id  0 | task 11196 |       total time =    2408.10 ms /   127 tokens
ollama-1  | slot print_timing: id  0 | task 11196 |    graphs reused =       7882
ollama-1  | slot      release: id  0 | task 11196 | stop processing: n_tokens = 476, truncated = 0
ollama-1  | srv  update_slots: all slots are idle
ollama-1  | [GIN] 2026/10/08 - 09:28:05 | 200 |         2m22s |      172.21.0.4 | POST     "/api/generate"
ollama-1  | srv  server_strea: conv_id= (empty=1)
ollama-1  | slot get_availabl: id  0 | task -1 |  - checking sim = 0.545 (350/642) > 0.100
ollama-1  | slot get_availabl: id  0 | task -1 | selected slot by LCP similarity, f_sim_best = 0.545 (> 0.100 thold), f_keep = 0.735
ollama-1  | slot launch_slot_: id  0 | task -1 | sampler chain: logits -> ?penalties -> ?dry -> ?top-n-sigma -> top-k -> ?typical -> top-p -> ?min-p -> ?xtc -> temp-ext -> dist 
ollama-1  | slot launch_slot_: id  0 | task -1 | sampler params: 
ollama-1  | 	repeat_last_n = 64, repeat_penalty = 1.000, frequency_penalty = 0.000, presence_penalty = 0.000
ollama-1  | 	dry_multiplier = 0.000, dry_base = 1.750, dry_allowed_length = 2, dry_penalty_last_n = 64
ollama-1  | 	top_k = 40, top_p = 0.900, min_p = 0.000, xtc_probability = 0.000, xtc_threshold = 0.100, typical_p = 1.000, top_n_sigma = -1.000, temp = 0.000
ollama-1  | 	mirostat = 0, mirostat_lr = 0.100, mirostat_ent = 5.000, adaptive_target = -1.000, adaptive_decay = 0.900
ollama-1  | slot launch_slot_: id  0 | task 11207 | processing task, is_child = 0
ollama-1  | slot   operator(): id  0 | task 11207 | new prompt, n_ctx_slot = 4096, n_keep = 4, task.n_tokens = 642
ollama-1  | slot   operator(): id  0 | task 11207 | cached n_tokens = 350, memory_seq_rm [350, end)
ollama-1  | slot init_sampler: id  0 | task 11207 | init sampler, took 0.06 ms, tokens: text = 642, total = 642
ollama-1  | slot print_timing: id  0 | task 11207 | prompt eval time =    4308.37 ms /   292 tokens (   14.75 ms per token,    67.77 tokens per second)
ollama-1  | slot print_timing: id  0 | task 11207 |        eval time =     494.06 ms /     8 tokens (   70.58 ms per token,    14.17 tokens per second)
ollama-1  | slot print_timing: id  0 | task 11207 |       total time =    4802.44 ms /   300 tokens
ollama-1  | slot print_timing: id  0 | task 11207 |    graphs reused =       7888
ollama-1  | slot      release: id  0 | task 11207 | stop processing: n_tokens = 649, truncated = 0
ollama-1  | srv  update_slots: all slots are idle
ollama-1  | [GIN] 2026/10/08 - 09:28:10 | 200 |         2m25s |      172.21.0.4 | POST     "/api/generate"
ollama-1  | srv  server_strea: conv_id= (empty=1)
ollama-1  | slot get_availabl: id  0 | task -1 |  - checking sim = 0.579 (351/606) > 0.100
ollama-1  | slot get_availabl: id  0 | task -1 | selected slot by LCP similarity, f_sim_best = 0.579 (> 0.100 thold), f_keep = 0.541
ollama-1  | slot launch_slot_: id  0 | task -1 | sampler chain: logits -> ?penalties -> ?dry -> ?top-n-sigma -> top-k -> ?typical -> top-p -> ?min-p -> ?xtc -> temp-ext -> dist 
ollama-1  | slot launch_slot_: id  0 | task -1 | sampler params: 
ollama-1  | 	repeat_last_n = 64, repeat_penalty = 1.000, frequency_penalty = 0.000, presence_penalty = 0.000
ollama-1  | 	dry_multiplier = 0.000, dry_base = 1.750, dry_allowed_length = 2, dry_penalty_last_n = 64
ollama-1  | 	top_k = 40, top_p = 0.900, min_p = 0.000, xtc_probability = 0.000, xtc_threshold = 0.100, typical_p = 1.000, top_n_sigma = -1.000, temp = 0.000
ollama-1  | 	mirostat = 0, mirostat_lr = 0.100, mirostat_ent = 5.000, adaptive_target = -1.000, adaptive_decay = 0.900
ollama-1  | slot launch_slot_: id  0 | task 11216 | processing task, is_child = 0
ollama-1  | slot   operator(): id  0 | task 11216 | new prompt, n_ctx_slot = 4096, n_keep = 4, task.n_tokens = 606
ollama-1  | slot   operator(): id  0 | task 11216 | cached n_tokens = 351, memory_seq_rm [351, end)
ollama-1  | slot init_sampler: id  0 | task 11216 | init sampler, took 0.05 ms, tokens: text = 606, total = 606
ollama-1  | [GIN] 2026/10/08 - 09:28:13 | 200 |      28.744µs |       127.0.0.1 | HEAD     "/"
ollama-1  | [GIN] 2026/10/08 - 09:28:13 | 200 |     834.991µs |       127.0.0.1 | GET      "/api/tags"
ollama-1  | slot print_timing: id  0 | task 11216 | prompt eval time =    3738.80 ms /   255 tokens (   14.66 ms per token,    68.20 tokens per second)
ollama-1  | slot print_timing: id  0 | task 11216 |        eval time =     625.96 ms /    10 tokens (   69.55 ms per token,    14.38 tokens per second)
ollama-1  | slot print_timing: id  0 | task 11216 |       total time =    4364.76 ms /   265 tokens
ollama-1  | slot print_timing: id  0 | task 11216 |    graphs reused =       7896
ollama-1  | slot      release: id  0 | task 11216 | stop processing: n_tokens = 615, truncated = 0
ollama-1  | srv  update_slots: all slots are idle
ollama-1  | [GIN] 2026/10/08 - 09:28:15 | 200 |         2m27s |      172.21.0.4 | POST     "/api/generate"
ollama-1  | srv  server_strea: conv_id= (empty=1)
ollama-1  | slot get_availabl: id  0 | task -1 |  - checking sim = 0.837 (350/418) > 0.100
ollama-1  | slot get_availabl: id  0 | task -1 | selected slot by LCP similarity, f_sim_best = 0.837 (> 0.100 thold), f_keep = 0.569
ollama-1  | slot launch_slot_: id  0 | task -1 | sampler chain: logits -> ?penalties -> ?dry -> ?top-n-sigma -> top-k -> ?typical -> top-p -> ?min-p -> ?xtc -> temp-ext -> dist 
ollama-1  | slot launch_slot_: id  0 | task -1 | sampler params: 
ollama-1  | 	repeat_last_n = 64, repeat_penalty = 1.000, frequency_penalty = 0.000, presence_penalty = 0.000
ollama-1  | 	dry_multiplier = 0.000, dry_base = 1.750, dry_allowed_length = 2, dry_penalty_last_n = 64
ollama-1  | 	top_k = 40, top_p = 0.900, min_p = 0.000, xtc_probability = 0.000, xtc_threshold = 0.100, typical_p = 1.000, top_n_sigma = -1.000, temp = 0.000
ollama-1  | 	mirostat = 0, mirostat_lr = 0.100, mirostat_ent = 5.000, adaptive_target = -1.000, adaptive_decay = 0.900
ollama-1  | slot launch_slot_: id  0 | task 11227 | processing task, is_child = 0
ollama-1  | slot   operator(): id  0 | task 11227 | new prompt, n_ctx_slot = 4096, n_keep = 4, task.n_tokens = 418
ollama-1  | slot   operator(): id  0 | task 11227 | cached n_tokens = 350, memory_seq_rm [350, end)
ollama-1  | slot init_sampler: id  0 | task 11227 | init sampler, took 0.04 ms, tokens: text = 418, total = 418
ollama-1  | slot print_timing: id  0 | task 11227 | prompt eval time =     982.59 ms /    68 tokens (   14.45 ms per token,    69.20 tokens per second)
ollama-1  | slot print_timing: id  0 | task 11227 |        eval time =     559.46 ms /     9 tokens (   69.93 ms per token,    14.30 tokens per second)
ollama-1  | slot print_timing: id  0 | task 11227 |       total time =    1542.05 ms /    77 tokens
ollama-1  | slot print_timing: id  0 | task 11227 |    graphs reused =       7903
ollama-1  | slot      release: id  0 | task 11227 | stop processing: n_tokens = 426, truncated = 0
ollama-1  | srv  update_slots: all slots are idle
ollama-1  | [GIN] 2026/10/08 - 09:28:16 | 200 |         2m27s |      172.21.0.4 | POST     "/api/generate"
ollama-1  | srv  server_strea: conv_id= (empty=1)
ollama-1  | slot get_availabl: id  0 | task -1 |  - checking sim = 0.556 (350/630) > 0.100
ollama-1  | slot get_availabl: id  0 | task -1 | selected slot by LCP similarity, f_sim_best = 0.556 (> 0.100 thold), f_keep = 0.822
ollama-1  | slot launch_slot_: id  0 | task -1 | sampler chain: logits -> ?penalties -> ?dry -> ?top-n-sigma -> top-k -> ?typical -> top-p -> ?min-p -> ?xtc -> temp-ext -> dist 
ollama-1  | slot launch_slot_: id  0 | task -1 | sampler params: 
ollama-1  | 	repeat_last_n = 64, repeat_penalty = 1.000, frequency_penalty = 0.000, presence_penalty = 0.000
ollama-1  | 	dry_multiplier = 0.000, dry_base = 1.750, dry_allowed_length = 2, dry_penalty_last_n = 64
ollama-1  | 	top_k = 40, top_p = 0.900, min_p = 0.000, xtc_probability = 0.000, xtc_threshold = 0.100, typical_p = 1.000, top_n_sigma = -1.000, temp = 0.000
ollama-1  | 	mirostat = 0, mirostat_lr = 0.100, mirostat_ent = 5.000, adaptive_target = -1.000, adaptive_decay = 0.900
ollama-1  | slot launch_slot_: id  0 | task 11237 | processing task, is_child = 0
ollama-1  | slot   operator(): id  0 | task 11237 | new prompt, n_ctx_slot = 4096, n_keep = 4, task.n_tokens = 630
ollama-1  | slot   operator(): id  0 | task 11237 | cached n_tokens = 350, memory_seq_rm [350, end)
ollama-1  | slot init_sampler: id  0 | task 11237 | init sampler, took 0.07 ms, tokens: text = 630, total = 630
ollama-1  | slot print_timing: id  0 | task 11237 | prompt eval time =    4081.78 ms /   280 tokens (   14.58 ms per token,    68.60 tokens per second)
ollama-1  | slot print_timing: id  0 | task 11237 |        eval time =     645.53 ms /    10 tokens (   71.73 ms per token,    13.94 tokens per second)
ollama-1  | slot print_timing: id  0 | task 11237 |       total time =    4727.31 ms /   290 tokens
ollama-1  | slot print_timing: id  0 | task 11237 |    graphs reused =       7911
ollama-1  | slot      release: id  0 | task 11237 | stop processing: n_tokens = 639, truncated = 0
ollama-1  | srv  update_slots: all slots are idle
ollama-1  | [GIN] 2026/10/08 - 09:28:21 | 200 |         2m30s |      172.21.0.4 | POST     "/api/generate"
ollama-1  | srv  server_strea: conv_id= (empty=1)
ollama-1  | slot get_availabl: id  0 | task -1 |  - checking sim = 0.485 (350/721) > 0.100
ollama-1  | slot get_availabl: id  0 | task -1 | selected slot by LCP similarity, f_sim_best = 0.485 (> 0.100 thold), f_keep = 0.548
ollama-1  | slot launch_slot_: id  0 | task -1 | sampler chain: logits -> ?penalties -> ?dry -> ?top-n-sigma -> top-k -> ?typical -> top-p -> ?min-p -> ?xtc -> temp-ext -> dist 
ollama-1  | slot launch_slot_: id  0 | task -1 | sampler params: 
ollama-1  | 	repeat_last_n = 64, repeat_penalty = 1.000, frequency_penalty = 0.000, presence_penalty = 0.000
ollama-1  | 	dry_multiplier = 0.000, dry_base = 1.750, dry_allowed_length = 2, dry_penalty_last_n = 64
ollama-1  | 	top_k = 40, top_p = 0.900, min_p = 0.000, xtc_probability = 0.000, xtc_threshold = 0.100, typical_p = 1.000, top_n_sigma = -1.000, temp = 0.000
ollama-1  | 	mirostat = 0, mirostat_lr = 0.100, mirostat_ent = 5.000, adaptive_target = -1.000, adaptive_decay = 0.900
ollama-1  | slot launch_slot_: id  0 | task 11248 | processing task, is_child = 0
ollama-1  | slot   operator(): id  0 | task 11248 | new prompt, n_ctx_slot = 4096, n_keep = 4, task.n_tokens = 721
ollama-1  | slot   operator(): id  0 | task 11248 | cached n_tokens = 350, memory_seq_rm [350, end)
ollama-1  | slot init_sampler: id  0 | task 11248 | init sampler, took 0.06 ms, tokens: text = 721, total = 721
ollama-1  | [GIN] 2026/10/08 - 09:28:23 | 200 |      29.462µs |       127.0.0.1 | HEAD     "/"
ollama-1  | [GIN] 2026/10/08 - 09:28:23 | 200 |    1.408503ms |       127.0.0.1 | GET      "/api/tags"
ollama-1  | slot print_timing: id  0 | task 11248 | prompt eval time =    5364.58 ms /   371 tokens (   14.46 ms per token,    69.16 tokens per second)
ollama-1  | slot print_timing: id  0 | task 11248 |        eval time =     496.15 ms /     8 tokens (   70.88 ms per token,    14.11 tokens per second)
ollama-1  | slot print_timing: id  0 | task 11248 |       total time =    5860.74 ms /   379 tokens
ollama-1  | slot print_timing: id  0 | task 11248 |    graphs reused =       7917
ollama-1  | slot      release: id  0 | task 11248 | stop processing: n_tokens = 728, truncated = 0
ollama-1  | srv  update_slots: all slots are idle
ollama-1  | [GIN] 2026/10/08 - 09:28:27 | 200 |         2m34s |      172.21.0.4 | POST     "/api/generate"
ollama-1  | srv  server_strea: conv_id= (empty=1)
ollama-1  | slot get_availabl: id  0 | task -1 |  - checking sim = 0.752 (351/467) > 0.100
ollama-1  | slot get_availabl: id  0 | task -1 | selected slot by LCP similarity, f_sim_best = 0.752 (> 0.100 thold), f_keep = 0.482
ollama-1  | srv  get_availabl: updating prompt cache
ollama-1  | srv   prompt_save:  - saving prompt with length 728, total state size = 91.009 MiB (draft: 0.000 MiB)
ollama-1  | srv          load:  - looking for better prompt, base f_keep = 0.482, f_sim = 0.752
ollama-1  | srv          load:    - prompt with length     782, lcp =     350, f_keep = 0.448, f_sim = 0.749
ollama-1  | srv          load:    - prompt with length     794, lcp =     350, f_keep = 0.441, f_sim = 0.749
ollama-1  | srv          load:    - prompt with length     753, lcp =     350, f_keep = 0.465, f_sim = 0.749
ollama-1  | srv          load:    - prompt with length     730, lcp =     350, f_keep = 0.479, f_sim = 0.749
ollama-1  | srv          load:    - prompt with length     828, lcp =     350, f_keep = 0.423, f_sim = 0.749
ollama-1  | srv          load:    - prompt with length     844, lcp =     350, f_keep = 0.415, f_sim = 0.749
ollama-1  | srv          load:    - prompt with length     846, lcp =     351, f_keep = 0.415, f_sim = 0.752
ollama-1  | srv          load:    - prompt with length     892, lcp =     350, f_keep = 0.392, f_sim = 0.749
ollama-1  | srv          load:    - prompt with length     778, lcp =     350, f_keep = 0.450, f_sim = 0.749
ollama-1  | srv          load:    - prompt with length     788, lcp =     350, f_keep = 0.444, f_sim = 0.749
ollama-1  | srv          load:    - prompt with length    1176, lcp =     350, f_keep = 0.298, f_sim = 0.749
ollama-1  | srv          load:    - prompt with length     726, lcp =     350, f_keep = 0.482, f_sim = 0.749
ollama-1  | srv          load:    - prompt with length     765, lcp =     350, f_keep = 0.458, f_sim = 0.749
ollama-1  | srv          load:    - prompt with length     851, lcp =     351, f_keep = 0.412, f_sim = 0.752
ollama-1  | srv          load:    - prompt with length     763, lcp =     350, f_keep = 0.459, f_sim = 0.749
ollama-1  | srv          load:    - prompt with length     730, lcp =     351, f_keep = 0.481, f_sim = 0.752
ollama-1  | srv          load:    - prompt with length     790, lcp =     350, f_keep = 0.443, f_sim = 0.749
ollama-1  | srv          load:    - prompt with length     780, lcp =     351, f_keep = 0.450, f_sim = 0.752
ollama-1  | srv          load:    - prompt with length     847, lcp =     351, f_keep = 0.414, f_sim = 0.752
ollama-1  | srv          load:    - prompt with length     710, lcp =     350, f_keep = 0.493, f_sim = 0.749
ollama-1  | srv          load:    - prompt with length     770, lcp =     350, f_keep = 0.455, f_sim = 0.749
ollama-1  | srv          load:    - prompt with length     717, lcp =     350, f_keep = 0.488, f_sim = 0.749
ollama-1  | srv          load:    - prompt with length     753, lcp =     350, f_keep = 0.465, f_sim = 0.749
ollama-1  | srv          load:    - prompt with length     729, lcp =     351, f_keep = 0.481, f_sim = 0.752
ollama-1  | srv          load:    - prompt with length     796, lcp =     350, f_keep = 0.440, f_sim = 0.749
ollama-1  | srv          load:    - prompt with length     709, lcp =     350, f_keep = 0.494, f_sim = 0.749
ollama-1  | srv          load:    - prompt with length     724, lcp =     351, f_keep = 0.485, f_sim = 0.752
ollama-1  | srv          load:    - prompt with length     800, lcp =     351, f_keep = 0.439, f_sim = 0.752
ollama-1  | srv          load:    - prompt with length     728, lcp =     351, f_keep = 0.482, f_sim = 0.752
ollama-1  | srv        update:  - cache state: 29 prompts, 2862.659 MiB (limits: 8192.000 MiB, 4096 tokens, 65529 est)
ollama-1  | srv        update:    - prompt 0x36524940:     782 tokens, checkpoints:  0,    97.760 MiB
ollama-1  | srv        update:    - prompt 0x36524a40:     794 tokens, checkpoints:  0,    99.260 MiB
ollama-1  | srv        update:    - prompt 0x36521d10:     753 tokens, checkpoints:  0,    94.134 MiB
ollama-1  | srv        update:    - prompt 0x36521c60:     730 tokens, checkpoints:  0,    91.259 MiB
ollama-1  | srv        update:    - prompt 0x36521bb0:     828 tokens, checkpoints:  0,   103.510 MiB
ollama-1  | srv        update:    - prompt 0x3652bd10:     844 tokens, checkpoints:  0,   105.510 MiB
ollama-1  | srv        update:    - prompt 0x3724fc20:     846 tokens, checkpoints:  0,   105.760 MiB
ollama-1  | srv        update:    - prompt 0x3651c680:     892 tokens, checkpoints:  0,   111.511 MiB
ollama-1  | srv        update:    - prompt 0x36504320:     778 tokens, checkpoints:  0,    97.260 MiB
ollama-1  | srv        update:    - prompt 0x371021f0:     788 tokens, checkpoints:  0,    98.510 MiB
ollama-1  | srv        update:    - prompt 0x3724a9f0:    1176 tokens, checkpoints:  0,   147.014 MiB
ollama-1  | srv        update:    - prompt 0x36516480:     726 tokens, checkpoints:  0,    90.759 MiB
ollama-1  | srv        update:    - prompt 0x371c5be0:     765 tokens, checkpoints:  0,    95.635 MiB
ollama-1  | srv        update:    - prompt 0x3651cdf0:     851 tokens, checkpoints:  0,   106.385 MiB
ollama-1  | srv        update:    - prompt 0x36510eb0:     763 tokens, checkpoints:  0,    95.384 MiB
ollama-1  | srv        update:    - prompt 0x3715ca80:     730 tokens, checkpoints:  0,    91.259 MiB
ollama-1  | srv        update:    - prompt 0x364ffda0:     790 tokens, checkpoints:  0,    98.760 MiB
ollama-1  | srv        update:    - prompt 0x36522570:     780 tokens, checkpoints:  0,    97.510 MiB
ollama-1  | srv        update:    - prompt 0x37b80950:     847 tokens, checkpoints:  0,   105.885 MiB
ollama-1  | srv        update:    - prompt 0x37a562a0:     710 tokens, checkpoints:  0,    88.759 MiB
ollama-1  | srv        update:    - prompt 0x37a8eee0:     770 tokens, checkpoints:  0,    96.260 MiB
ollama-1  | srv        update:    - prompt 0x370b1e10:     717 tokens, checkpoints:  0,    89.634 MiB
ollama-1  | srv        update:    - prompt 0x36537930:     753 tokens, checkpoints:  0,    94.134 MiB
ollama-1  | srv        update:    - prompt 0x371b5c80:     729 tokens, checkpoints:  0,    91.134 MiB
ollama-1  | srv        update:    - prompt 0x36996dc0:     796 tokens, checkpoints:  0,    99.510 MiB
ollama-1  | srv        update:    - prompt 0x37264940:     709 tokens, checkpoints:  0,    88.634 MiB
ollama-1  | srv        update:    - prompt 0x365024f0:     724 tokens, checkpoints:  0,    90.509 MiB
ollama-1  | srv        update:    - prompt 0x370b0570:     800 tokens, checkpoints:  0,   100.010 MiB
ollama-1  | srv        update:    - prompt 0x37256510:     728 tokens, checkpoints:  0,    91.009 MiB
ollama-1  | srv  get_availabl: prompt cache update took 40.90 ms
ollama-1  | slot launch_slot_: id  0 | task -1 | sampler chain: logits -> ?penalties -> ?dry -> ?top-n-sigma -> top-k -> ?typical -> top-p -> ?min-p -> ?xtc -> temp-ext -> dist 
ollama-1  | slot launch_slot_: id  0 | task -1 | sampler params: 
ollama-1  | 	repeat_last_n = 64, repeat_penalty = 1.000, frequency_penalty = 0.000, presence_penalty = 0.000
ollama-1  | 	dry_multiplier = 0.000, dry_base = 1.750, dry_allowed_length = 2, dry_penalty_last_n = 64
ollama-1  | 	top_k = 40, top_p = 0.900, min_p = 0.000, xtc_probability = 0.000, xtc_threshold = 0.100, typical_p = 1.000, top_n_sigma = -1.000, temp = 0.000
ollama-1  | 	mirostat = 0, mirostat_lr = 0.100, mirostat_ent = 5.000, adaptive_target = -1.000, adaptive_decay = 0.900
ollama-1  | slot launch_slot_: id  0 | task 11257 | processing task, is_child = 0
ollama-1  | slot   operator(): id  0 | task 11257 | new prompt, n_ctx_slot = 4096, n_keep = 4, task.n_tokens = 467
ollama-1  | slot   operator(): id  0 | task 11257 | cached n_tokens = 351, memory_seq_rm [351, end)
ollama-1  | slot init_sampler: id  0 | task 11257 | init sampler, took 0.05 ms, tokens: text = 467, total = 467
ollama-1  | slot print_timing: id  0 | task 11257 | prompt eval time =    1721.96 ms /   116 tokens (   14.84 ms per token,    67.37 tokens per second)
ollama-1  | slot print_timing: id  0 | task 11257 |        eval time =     545.57 ms /     9 tokens (   68.20 ms per token,    14.66 tokens per second)
ollama-1  | slot print_timing: id  0 | task 11257 |       total time =    2267.53 ms /   125 tokens
ollama-1  | slot print_timing: id  0 | task 11257 |    graphs reused =       7924
ollama-1  | slot      release: id  0 | task 11257 | stop processing: n_tokens = 475, truncated = 0
ollama-1  | srv  update_slots: all slots are idle
ollama-1  | [GIN] 2026/10/08 - 09:28:29 | 200 |         2m33s |      172.21.0.4 | POST     "/api/generate"
ollama-1  | srv  server_strea: conv_id= (empty=1)
ollama-1  | slot get_availabl: id  0 | task -1 |  - checking sim = 0.840 (351/418) > 0.100
ollama-1  | slot get_availabl: id  0 | task -1 | selected slot by LCP similarity, f_sim_best = 0.840 (> 0.100 thold), f_keep = 0.739
ollama-1  | slot launch_slot_: id  0 | task -1 | sampler chain: logits -> ?penalties -> ?dry -> ?top-n-sigma -> top-k -> ?typical -> top-p -> ?min-p -> ?xtc -> temp-ext -> dist 
ollama-1  | slot launch_slot_: id  0 | task -1 | sampler params: 
ollama-1  | 	repeat_last_n = 64, repeat_penalty = 1.000, frequency_penalty = 0.000, presence_penalty = 0.000
ollama-1  | 	dry_multiplier = 0.000, dry_base = 1.750, dry_allowed_length = 2, dry_penalty_last_n = 64
ollama-1  | 	top_k = 40, top_p = 0.900, min_p = 0.000, xtc_probability = 0.000, xtc_threshold = 0.100, typical_p = 1.000, top_n_sigma = -1.000, temp = 0.000
ollama-1  | 	mirostat = 0, mirostat_lr = 0.100, mirostat_ent = 5.000, adaptive_target = -1.000, adaptive_decay = 0.900
ollama-1  | slot launch_slot_: id  0 | task 11267 | processing task, is_child = 0
ollama-1  | slot   operator(): id  0 | task 11267 | new prompt, n_ctx_slot = 4096, n_keep = 4, task.n_tokens = 418
ollama-1  | slot   operator(): id  0 | task 11267 | cached n_tokens = 351, memory_seq_rm [351, end)
ollama-1  | slot init_sampler: id  0 | task 11267 | init sampler, took 0.05 ms, tokens: text = 418, total = 418
ollama-1  | slot print_timing: id  0 | task 11267 | prompt eval time =    1015.64 ms /    67 tokens (   15.16 ms per token,    65.97 tokens per second)
ollama-1  | slot print_timing: id  0 | task 11267 |        eval time =     711.52 ms /    11 tokens (   71.15 ms per token,    14.05 tokens per second)
ollama-1  | slot print_timing: id  0 | task 11267 |       total time =    1727.15 ms /    78 tokens
ollama-1  | slot print_timing: id  0 | task 11267 |    graphs reused =       7933
ollama-1  | slot      release: id  0 | task 11267 | stop processing: n_tokens = 428, truncated = 0
ollama-1  | srv  update_slots: all slots are idle
ollama-1  | [GIN] 2026/10/08 - 09:28:31 | 200 |         2m32s |      172.21.0.4 | POST     "/api/generate"
ollama-1  | srv  server_strea: conv_id= (empty=1)
ollama-1  | slot get_availabl: id  0 | task -1 |  - checking sim = 0.519 (350/675) > 0.100
ollama-1  | slot get_availabl: id  0 | task -1 | selected slot by LCP similarity, f_sim_best = 0.519 (> 0.100 thold), f_keep = 0.818
ollama-1  | slot launch_slot_: id  0 | task -1 | sampler chain: logits -> ?penalties -> ?dry -> ?top-n-sigma -> top-k -> ?typical -> top-p -> ?min-p -> ?xtc -> temp-ext -> dist 
ollama-1  | slot launch_slot_: id  0 | task -1 | sampler params: 
ollama-1  | 	repeat_last_n = 64, repeat_penalty = 1.000, frequency_penalty = 0.000, presence_penalty = 0.000
ollama-1  | 	dry_multiplier = 0.000, dry_base = 1.750, dry_allowed_length = 2, dry_penalty_last_n = 64
ollama-1  | 	top_k = 40, top_p = 0.900, min_p = 0.000, xtc_probability = 0.000, xtc_threshold = 0.100, typical_p = 1.000, top_n_sigma = -1.000, temp = 0.000
ollama-1  | 	mirostat = 0, mirostat_lr = 0.100, mirostat_ent = 5.000, adaptive_target = -1.000, adaptive_decay = 0.900
ollama-1  | slot launch_slot_: id  0 | task 11279 | processing task, is_child = 0
ollama-1  | slot   operator(): id  0 | task 11279 | new prompt, n_ctx_slot = 4096, n_keep = 4, task.n_tokens = 675
ollama-1  | slot   operator(): id  0 | task 11279 | cached n_tokens = 350, memory_seq_rm [350, end)
ollama-1  | slot init_sampler: id  0 | task 11279 | init sampler, took 0.08 ms, tokens: text = 675, total = 675
ollama-1  | [GIN] 2026/10/08 - 09:28:35 | 200 |      26.914µs |       127.0.0.1 | HEAD     "/"
ollama-1  | [GIN] 2026/10/08 - 09:28:35 | 200 |    1.362148ms |       127.0.0.1 | GET      "/api/tags"
ollama-1  | slot print_timing: id  0 | task 11279 | prompt eval time =    4749.50 ms /   325 tokens (   14.61 ms per token,    68.43 tokens per second)
ollama-1  | slot print_timing: id  0 | task 11279 |        eval time =     568.46 ms /     9 tokens (   71.06 ms per token,    14.07 tokens per second)
ollama-1  | slot print_timing: id  0 | task 11279 |       total time =    5317.96 ms /   334 tokens
ollama-1  | slot print_timing: id  0 | task 11279 |    graphs reused =       7940
ollama-1  | slot      release: id  0 | task 11279 | stop processing: n_tokens = 683, truncated = 0
ollama-1  | srv  update_slots: all slots are idle
ollama-1  | [GIN] 2026/10/08 - 09:28:37 | 200 |         2m29s |      172.21.0.4 | POST     "/api/generate"
ollama-1  | srv  server_strea: conv_id= (empty=1)
ollama-1  | slot get_availabl: id  0 | task -1 |  - checking sim = 0.689 (350/508) > 0.100
ollama-1  | slot get_availabl: id  0 | task -1 | selected slot by LCP similarity, f_sim_best = 0.689 (> 0.100 thold), f_keep = 0.512
ollama-1  | slot launch_slot_: id  0 | task -1 | sampler chain: logits -> ?penalties -> ?dry -> ?top-n-sigma -> top-k -> ?typical -> top-p -> ?min-p -> ?xtc -> temp-ext -> dist 
ollama-1  | slot launch_slot_: id  0 | task -1 | sampler params: 
ollama-1  | 	repeat_last_n = 64, repeat_penalty = 1.000, frequency_penalty = 0.000, presence_penalty = 0.000
ollama-1  | 	dry_multiplier = 0.000, dry_base = 1.750, dry_allowed_length = 2, dry_penalty_last_n = 64
ollama-1  | 	top_k = 40, top_p = 0.900, min_p = 0.000, xtc_probability = 0.000, xtc_threshold = 0.100, typical_p = 1.000, top_n_sigma = -1.000, temp = 0.000
ollama-1  | 	mirostat = 0, mirostat_lr = 0.100, mirostat_ent = 5.000, adaptive_target = -1.000, adaptive_decay = 0.900
ollama-1  | slot launch_slot_: id  0 | task 11289 | processing task, is_child = 0
ollama-1  | slot   operator(): id  0 | task 11289 | new prompt, n_ctx_slot = 4096, n_keep = 4, task.n_tokens = 508
ollama-1  | slot   operator(): id  0 | task 11289 | cached n_tokens = 350, memory_seq_rm [350, end)
ollama-1  | slot init_sampler: id  0 | task 11289 | init sampler, took 0.06 ms, tokens: text = 508, total = 508
ollama-1  | slot print_timing: id  0 | task 11289 | prompt eval time =    2408.16 ms /   158 tokens (   15.24 ms per token,    65.61 tokens per second)
ollama-1  | slot print_timing: id  0 | task 11289 |        eval time =     631.77 ms /    10 tokens (   70.20 ms per token,    14.25 tokens per second)
ollama-1  | slot print_timing: id  0 | task 11289 |       total time =    3039.93 ms /   168 tokens
ollama-1  | slot print_timing: id  0 | task 11289 |    graphs reused =       7947
ollama-1  | slot      release: id  0 | task 11289 | stop processing: n_tokens = 517, truncated = 0
ollama-1  | srv  update_slots: all slots are idle
ollama-1  | [GIN] 2026/10/08 - 09:28:40 | 200 |         2m30s |      172.21.0.4 | POST     "/api/generate"
ollama-1  | srv  server_strea: conv_id= (empty=1)
ollama-1  | slot get_availabl: id  0 | task -1 |  - checking sim = 0.526 (350/666) > 0.100
ollama-1  | slot get_availabl: id  0 | task -1 | selected slot by LCP similarity, f_sim_best = 0.526 (> 0.100 thold), f_keep = 0.677
ollama-1  | slot launch_slot_: id  0 | task -1 | sampler chain: logits -> ?penalties -> ?dry -> ?top-n-sigma -> top-k -> ?typical -> top-p -> ?min-p -> ?xtc -> temp-ext -> dist 
ollama-1  | slot launch_slot_: id  0 | task -1 | sampler params: 
ollama-1  | 	repeat_last_n = 64, repeat_penalty = 1.000, frequency_penalty = 0.000, presence_penalty = 0.000
ollama-1  | 	dry_multiplier = 0.000, dry_base = 1.750, dry_allowed_length = 2, dry_penalty_last_n = 64
ollama-1  | 	top_k = 40, top_p = 0.900, min_p = 0.000, xtc_probability = 0.000, xtc_threshold = 0.100, typical_p = 1.000, top_n_sigma = -1.000, temp = 0.000
ollama-1  | 	mirostat = 0, mirostat_lr = 0.100, mirostat_ent = 5.000, adaptive_target = -1.000, adaptive_decay = 0.900
ollama-1  | slot launch_slot_: id  0 | task 11300 | processing task, is_child = 0
ollama-1  | slot   operator(): id  0 | task 11300 | new prompt, n_ctx_slot = 4096, n_keep = 4, task.n_tokens = 666
ollama-1  | slot   operator(): id  0 | task 11300 | cached n_tokens = 350, memory_seq_rm [350, end)
ollama-1  | slot init_sampler: id  0 | task 11300 | init sampler, took 0.06 ms, tokens: text = 666, total = 666
ollama-1  | [GIN] 2026/10/08 - 09:28:45 | 200 |      21.329µs |       127.0.0.1 | HEAD     "/"
ollama-1  | [GIN] 2026/10/08 - 09:28:45 | 200 |     934.159µs |       127.0.0.1 | GET      "/api/tags"
ollama-1  | slot print_timing: id  0 | task 11300 | prompt eval time =    4638.33 ms /   316 tokens (   14.68 ms per token,    68.13 tokens per second)
ollama-1  | slot print_timing: id  0 | task 11300 |        eval time =     559.98 ms /     9 tokens (   70.00 ms per token,    14.29 tokens per second)
ollama-1  | slot print_timing: id  0 | task 11300 |       total time =    5198.32 ms /   325 tokens
ollama-1  | slot print_timing: id  0 | task 11300 |    graphs reused =       7954
ollama-1  | slot      release: id  0 | task 11300 | stop processing: n_tokens = 674, truncated = 0
ollama-1  | srv  update_slots: all slots are idle
ollama-1  | [GIN] 2026/10/08 - 09:28:46 | 200 |         2m32s |      172.21.0.4 | POST     "/api/generate"
ollama-1  | srv  server_strea: conv_id= (empty=1)
ollama-1  | slot get_availabl: id  0 | task -1 |  - checking sim = 0.627 (350/558) > 0.100
ollama-1  | slot get_availabl: id  0 | task -1 | selected slot by LCP similarity, f_sim_best = 0.627 (> 0.100 thold), f_keep = 0.519
ollama-1  | slot launch_slot_: id  0 | task -1 | sampler chain: logits -> ?penalties -> ?dry -> ?top-n-sigma -> top-k -> ?typical -> top-p -> ?min-p -> ?xtc -> temp-ext -> dist 
ollama-1  | slot launch_slot_: id  0 | task -1 | sampler params: 
ollama-1  | 	repeat_last_n = 64, repeat_penalty = 1.000, frequency_penalty = 0.000, presence_penalty = 0.000
ollama-1  | 	dry_multiplier = 0.000, dry_base = 1.750, dry_allowed_length = 2, dry_penalty_last_n = 64
ollama-1  | 	top_k = 40, top_p = 0.900, min_p = 0.000, xtc_probability = 0.000, xtc_threshold = 0.100, typical_p = 1.000, top_n_sigma = -1.000, temp = 0.000
ollama-1  | 	mirostat = 0, mirostat_lr = 0.100, mirostat_ent = 5.000, adaptive_target = -1.000, adaptive_decay = 0.900
ollama-1  | slot launch_slot_: id  0 | task 11310 | processing task, is_child = 0
ollama-1  | slot   operator(): id  0 | task 11310 | new prompt, n_ctx_slot = 4096, n_keep = 4, task.n_tokens = 558
ollama-1  | slot   operator(): id  0 | task 11310 | cached n_tokens = 350, memory_seq_rm [350, end)
ollama-1  | slot init_sampler: id  0 | task 11310 | init sampler, took 0.04 ms, tokens: text = 558, total = 558
ollama-1  | slot print_timing: id  0 | task 11310 | prompt eval time =    2989.35 ms /   208 tokens (   14.37 ms per token,    69.58 tokens per second)
ollama-1  | slot print_timing: id  0 | task 11310 |        eval time =     587.23 ms /     9 tokens (   73.40 ms per token,    13.62 tokens per second)
ollama-1  | slot print_timing: id  0 | task 11310 |       total time =    3576.58 ms /   217 tokens
ollama-1  | slot print_timing: id  0 | task 11310 |    graphs reused =       7961
ollama-1  | slot      release: id  0 | task 11310 | stop processing: n_tokens = 566, truncated = 0
ollama-1  | srv  update_slots: all slots are idle
ollama-1  | [GIN] 2026/10/08 - 09:28:49 | 200 |         2m35s |      172.21.0.4 | POST     "/api/generate"
ollama-1  | srv  server_strea: conv_id= (empty=1)
ollama-1  | slot get_availabl: id  0 | task -1 |  - checking sim = 0.589 (350/594) > 0.100
ollama-1  | slot get_availabl: id  0 | task -1 | selected slot by LCP similarity, f_sim_best = 0.589 (> 0.100 thold), f_keep = 0.618
ollama-1  | slot launch_slot_: id  0 | task -1 | sampler chain: logits -> ?penalties -> ?dry -> ?top-n-sigma -> top-k -> ?typical -> top-p -> ?min-p -> ?xtc -> temp-ext -> dist 
ollama-1  | slot launch_slot_: id  0 | task -1 | sampler params: 
ollama-1  | 	repeat_last_n = 64, repeat_penalty = 1.000, frequency_penalty = 0.000, presence_penalty = 0.000
ollama-1  | 	dry_multiplier = 0.000, dry_base = 1.750, dry_allowed_length = 2, dry_penalty_last_n = 64
ollama-1  | 	top_k = 40, top_p = 0.900, min_p = 0.000, xtc_probability = 0.000, xtc_threshold = 0.100, typical_p = 1.000, top_n_sigma = -1.000, temp = 0.000
ollama-1  | 	mirostat = 0, mirostat_lr = 0.100, mirostat_ent = 5.000, adaptive_target = -1.000, adaptive_decay = 0.900
ollama-1  | slot launch_slot_: id  0 | task 11320 | processing task, is_child = 0
ollama-1  | slot   operator(): id  0 | task 11320 | new prompt, n_ctx_slot = 4096, n_keep = 4, task.n_tokens = 594
ollama-1  | slot   operator(): id  0 | task 11320 | cached n_tokens = 350, memory_seq_rm [350, end)
ollama-1  | slot init_sampler: id  0 | task 11320 | init sampler, took 0.07 ms, tokens: text = 594, total = 594
ollama-1  | slot print_timing: id  0 | task 11320 | prompt eval time =    3560.71 ms /   244 tokens (   14.59 ms per token,    68.53 tokens per second)
ollama-1  | slot print_timing: id  0 | task 11320 |        eval time =     550.40 ms /     9 tokens (   68.80 ms per token,    14.53 tokens per second)
ollama-1  | slot print_timing: id  0 | task 11320 |       total time =    4111.11 ms /   253 tokens
ollama-1  | slot print_timing: id  0 | task 11320 |    graphs reused =       7968
ollama-1  | slot      release: id  0 | task 11320 | stop processing: n_tokens = 602, truncated = 0
ollama-1  | srv  update_slots: all slots are idle
ollama-1  | [GIN] 2026/10/08 - 09:28:53 | 200 |          2m1s |      172.21.0.4 | POST     "/api/generate"
ollama-1  | srv  server_strea: conv_id= (empty=1)
ollama-1  | slot get_availabl: id  0 | task -1 |  - checking sim = 0.676 (350/518) > 0.100
ollama-1  | slot get_availabl: id  0 | task -1 | selected slot by LCP similarity, f_sim_best = 0.676 (> 0.100 thold), f_keep = 0.581
ollama-1  | slot launch_slot_: id  0 | task -1 | sampler chain: logits -> ?penalties -> ?dry -> ?top-n-sigma -> top-k -> ?typical -> top-p -> ?min-p -> ?xtc -> temp-ext -> dist 
ollama-1  | slot launch_slot_: id  0 | task -1 | sampler params: 
ollama-1  | 	repeat_last_n = 64, repeat_penalty = 1.000, frequency_penalty = 0.000, presence_penalty = 0.000
ollama-1  | 	dry_multiplier = 0.000, dry_base = 1.750, dry_allowed_length = 2, dry_penalty_last_n = 64
ollama-1  | 	top_k = 40, top_p = 0.900, min_p = 0.000, xtc_probability = 0.000, xtc_threshold = 0.100, typical_p = 1.000, top_n_sigma = -1.000, temp = 0.000
ollama-1  | 	mirostat = 0, mirostat_lr = 0.100, mirostat_ent = 5.000, adaptive_target = -1.000, adaptive_decay = 0.900
ollama-1  | slot launch_slot_: id  0 | task 11330 | processing task, is_child = 0
ollama-1  | slot   operator(): id  0 | task 11330 | new prompt, n_ctx_slot = 4096, n_keep = 4, task.n_tokens = 518
ollama-1  | slot   operator(): id  0 | task 11330 | cached n_tokens = 350, memory_seq_rm [350, end)
ollama-1  | slot init_sampler: id  0 | task 11330 | init sampler, took 0.04 ms, tokens: text = 518, total = 518
ollama-1  | [GIN] 2026/10/08 - 09:28:55 | 200 |      29.139µs |       127.0.0.1 | HEAD     "/"
ollama-1  | [GIN] 2026/10/08 - 09:28:55 | 200 |    1.701499ms |       127.0.0.1 | GET      "/api/tags"
ollama-1  | slot print_timing: id  0 | task 11330 | prompt eval time =    2509.70 ms /   168 tokens (   14.94 ms per token,    66.94 tokens per second)
ollama-1  | slot print_timing: id  0 | task 11330 |        eval time =     567.26 ms /     9 tokens (   70.91 ms per token,    14.10 tokens per second)
ollama-1  | slot print_timing: id  0 | task 11330 |       total time =    3076.96 ms /   177 tokens
ollama-1  | slot print_timing: id  0 | task 11330 |    graphs reused =       7975
ollama-1  | slot      release: id  0 | task 11330 | stop processing: n_tokens = 526, truncated = 0
ollama-1  | srv  update_slots: all slots are idle
ollama-1  | [GIN] 2026/10/08 - 09:28:56 | 200 |          2m0s |      172.21.0.4 | POST     "/api/generate"
ollama-1  | srv  server_strea: conv_id= (empty=1)
ollama-1  | slot get_availabl: id  0 | task -1 |  - checking sim = 0.636 (350/550) > 0.100
ollama-1  | slot get_availabl: id  0 | task -1 | selected slot by LCP similarity, f_sim_best = 0.636 (> 0.100 thold), f_keep = 0.665
ollama-1  | slot launch_slot_: id  0 | task -1 | sampler chain: logits -> ?penalties -> ?dry -> ?top-n-sigma -> top-k -> ?typical -> top-p -> ?min-p -> ?xtc -> temp-ext -> dist 
ollama-1  | slot launch_slot_: id  0 | task -1 | sampler params: 
ollama-1  | 	repeat_last_n = 64, repeat_penalty = 1.000, frequency_penalty = 0.000, presence_penalty = 0.000
ollama-1  | 	dry_multiplier = 0.000, dry_base = 1.750, dry_allowed_length = 2, dry_penalty_last_n = 64
ollama-1  | 	top_k = 40, top_p = 0.900, min_p = 0.000, xtc_probability = 0.000, xtc_threshold = 0.100, typical_p = 1.000, top_n_sigma = -1.000, temp = 0.000
ollama-1  | 	mirostat = 0, mirostat_lr = 0.100, mirostat_ent = 5.000, adaptive_target = -1.000, adaptive_decay = 0.900
ollama-1  | slot launch_slot_: id  0 | task 11340 | processing task, is_child = 0
ollama-1  | slot   operator(): id  0 | task 11340 | new prompt, n_ctx_slot = 4096, n_keep = 4, task.n_tokens = 550
ollama-1  | slot   operator(): id  0 | task 11340 | cached n_tokens = 350, memory_seq_rm [350, end)
ollama-1  | slot init_sampler: id  0 | task 11340 | init sampler, took 0.04 ms, tokens: text = 550, total = 550
ollama-1  | slot print_timing: id  0 | task 11340 | prompt eval time =    2970.44 ms /   200 tokens (   14.85 ms per token,    67.33 tokens per second)
ollama-1  | slot print_timing: id  0 | task 11340 |        eval time =     616.62 ms /    10 tokens (   68.51 ms per token,    14.60 tokens per second)
ollama-1  | slot print_timing: id  0 | task 11340 |       total time =    3587.06 ms /   210 tokens
ollama-1  | slot print_timing: id  0 | task 11340 |    graphs reused =       7983
ollama-1  | slot      release: id  0 | task 11340 | stop processing: n_tokens = 559, truncated = 0
ollama-1  | srv  update_slots: all slots are idle
ollama-1  | [GIN] 2026/10/08 - 09:29:00 | 200 |         1m54s |      172.21.0.4 | POST     "/api/generate"
ollama-1  | srv  server_strea: conv_id= (empty=1)
ollama-1  | slot get_availabl: id  0 | task -1 |  - checking sim = 0.498 (350/703) > 0.100
ollama-1  | slot get_availabl: id  0 | task -1 | selected slot by LCP similarity, f_sim_best = 0.498 (> 0.100 thold), f_keep = 0.626
ollama-1  | slot launch_slot_: id  0 | task -1 | sampler chain: logits -> ?penalties -> ?dry -> ?top-n-sigma -> top-k -> ?typical -> top-p -> ?min-p -> ?xtc -> temp-ext -> dist 
ollama-1  | slot launch_slot_: id  0 | task -1 | sampler params: 
ollama-1  | 	repeat_last_n = 64, repeat_penalty = 1.000, frequency_penalty = 0.000, presence_penalty = 0.000
ollama-1  | 	dry_multiplier = 0.000, dry_base = 1.750, dry_allowed_length = 2, dry_penalty_last_n = 64
ollama-1  | 	top_k = 40, top_p = 0.900, min_p = 0.000, xtc_probability = 0.000, xtc_threshold = 0.100, typical_p = 1.000, top_n_sigma = -1.000, temp = 0.000
ollama-1  | 	mirostat = 0, mirostat_lr = 0.100, mirostat_ent = 5.000, adaptive_target = -1.000, adaptive_decay = 0.900
ollama-1  | slot launch_slot_: id  0 | task 11351 | processing task, is_child = 0
ollama-1  | slot   operator(): id  0 | task 11351 | new prompt, n_ctx_slot = 4096, n_keep = 4, task.n_tokens = 703
ollama-1  | slot   operator(): id  0 | task 11351 | cached n_tokens = 350, memory_seq_rm [350, end)
ollama-1  | slot init_sampler: id  0 | task 11351 | init sampler, took 0.05 ms, tokens: text = 703, total = 703
ollama-1  | [GIN] 2026/10/08 - 09:29:06 | 200 |      32.953µs |       127.0.0.1 | HEAD     "/"
ollama-1  | [GIN] 2026/10/08 - 09:29:06 | 200 |    1.691298ms |       127.0.0.1 | GET      "/api/tags"
ollama-1  | slot print_timing: id  0 | task 11351 | prompt eval time =    5143.25 ms /   353 tokens (   14.57 ms per token,    68.63 tokens per second)
ollama-1  | slot print_timing: id  0 | task 11351 |        eval time =     621.10 ms /    10 tokens (   69.01 ms per token,    14.49 tokens per second)
ollama-1  | slot print_timing: id  0 | task 11351 |       total time =    5764.35 ms /   363 tokens
ollama-1  | slot print_timing: id  0 | task 11351 |    graphs reused =       7991
ollama-1  | slot      release: id  0 | task 11351 | stop processing: n_tokens = 712, truncated = 0
ollama-1  | srv  update_slots: all slots are idle
ollama-1  | [GIN] 2026/10/08 - 09:29:07 | 200 |         1m47s |      172.21.0.4 | POST     "/api/generate"
ollama-1  | srv  server_strea: conv_id= (empty=1)
ollama-1  | slot get_availabl: id  0 | task -1 |  - checking sim = 0.448 (350/781) > 0.100
ollama-1  | slot get_availabl: id  0 | task -1 | selected slot by LCP similarity, f_sim_best = 0.448 (> 0.100 thold), f_keep = 0.492
ollama-1  | srv  get_availabl: updating prompt cache
ollama-1  | srv   prompt_save:  - saving prompt with length 712, total state size = 89.009 MiB (draft: 0.000 MiB)
ollama-1  | srv          load:  - looking for better prompt, base f_keep = 0.492, f_sim = 0.448
ollama-1  | srv          load:    - prompt with length     782, lcp =     350, f_keep = 0.448, f_sim = 0.448
ollama-1  | srv          load:    - prompt with length     794, lcp =     350, f_keep = 0.441, f_sim = 0.448
ollama-1  | srv          load:    - prompt with length     753, lcp =     350, f_keep = 0.465, f_sim = 0.448
ollama-1  | srv          load:    - prompt with length     730, lcp =     350, f_keep = 0.479, f_sim = 0.448
ollama-1  | srv          load:    - prompt with length     828, lcp =     350, f_keep = 0.423, f_sim = 0.448
ollama-1  | srv          load:    - prompt with length     844, lcp =     350, f_keep = 0.415, f_sim = 0.448
ollama-1  | srv          load:    - prompt with length     846, lcp =     350, f_keep = 0.414, f_sim = 0.448
ollama-1  | srv          load:    - prompt with length     892, lcp =     350, f_keep = 0.392, f_sim = 0.448
ollama-1  | srv          load:    - prompt with length     778, lcp =     350, f_keep = 0.450, f_sim = 0.448
ollama-1  | srv          load:    - prompt with length     788, lcp =     350, f_keep = 0.444, f_sim = 0.448
ollama-1  | srv          load:    - prompt with length    1176, lcp =     350, f_keep = 0.298, f_sim = 0.448
ollama-1  | srv          load:    - prompt with length     726, lcp =     350, f_keep = 0.482, f_sim = 0.448
ollama-1  | srv          load:    - prompt with length     765, lcp =     350, f_keep = 0.458, f_sim = 0.448
ollama-1  | srv          load:    - prompt with length     851, lcp =     350, f_keep = 0.411, f_sim = 0.448
ollama-1  | srv          load:    - prompt with length     763, lcp =     350, f_keep = 0.459, f_sim = 0.448
ollama-1  | srv          load:    - prompt with length     730, lcp =     350, f_keep = 0.479, f_sim = 0.448
ollama-1  | srv          load:    - prompt with length     790, lcp =     781, f_keep = 0.989, f_sim = 1.000
ollama-1  | srv          load:    - prompt with length     780, lcp =     350, f_keep = 0.449, f_sim = 0.448
ollama-1  | srv          load:    - prompt with length     847, lcp =     350, f_keep = 0.413, f_sim = 0.448
ollama-1  | srv          load:    - prompt with length     710, lcp =     350, f_keep = 0.493, f_sim = 0.448
ollama-1  | srv          load:    - prompt with length     770, lcp =     350, f_keep = 0.455, f_sim = 0.448
ollama-1  | srv          load:    - prompt with length     717, lcp =     350, f_keep = 0.488, f_sim = 0.448
ollama-1  | srv          load:    - prompt with length     753, lcp =     350, f_keep = 0.465, f_sim = 0.448
ollama-1  | srv          load:    - prompt with length     729, lcp =     350, f_keep = 0.480, f_sim = 0.448
ollama-1  | srv          load:    - prompt with length     796, lcp =     350, f_keep = 0.440, f_sim = 0.448
ollama-1  | srv          load:    - prompt with length     709, lcp =     350, f_keep = 0.494, f_sim = 0.448
ollama-1  | srv          load:    - prompt with length     724, lcp =     350, f_keep = 0.483, f_sim = 0.448
ollama-1  | srv          load:    - prompt with length     800, lcp =     350, f_keep = 0.438, f_sim = 0.448
ollama-1  | srv          load:    - prompt with length     728, lcp =     350, f_keep = 0.481, f_sim = 0.448
ollama-1  | srv          load:    - prompt with length     712, lcp =     350, f_keep = 0.492, f_sim = 0.448
ollama-1  | srv          load:  - found better prompt with f_keep = 0.989, f_sim = 1.000
ollama-1  | srv        update:  - cache state: 29 prompts, 2852.908 MiB (limits: 8192.000 MiB, 4096 tokens, 65529 est)
ollama-1  | srv        update:    - prompt 0x36524940:     782 tokens, checkpoints:  0,    97.760 MiB
ollama-1  | srv        update:    - prompt 0x36524a40:     794 tokens, checkpoints:  0,    99.260 MiB
ollama-1  | srv        update:    - prompt 0x36521d10:     753 tokens, checkpoints:  0,    94.134 MiB
ollama-1  | srv        update:    - prompt 0x36521c60:     730 tokens, checkpoints:  0,    91.259 MiB
ollama-1  | srv        update:    - prompt 0x36521bb0:     828 tokens, checkpoints:  0,   103.510 MiB
ollama-1  | srv        update:    - prompt 0x3652bd10:     844 tokens, checkpoints:  0,   105.510 MiB
ollama-1  | srv        update:    - prompt 0x3724fc20:     846 tokens, checkpoints:  0,   105.760 MiB
ollama-1  | srv        update:    - prompt 0x3651c680:     892 tokens, checkpoints:  0,   111.511 MiB
ollama-1  | srv        update:    - prompt 0x36504320:     778 tokens, checkpoints:  0,    97.260 MiB
ollama-1  | srv        update:    - prompt 0x371021f0:     788 tokens, checkpoints:  0,    98.510 MiB
ollama-1  | srv        update:    - prompt 0x3724a9f0:    1176 tokens, checkpoints:  0,   147.014 MiB
ollama-1  | srv        update:    - prompt 0x36516480:     726 tokens, checkpoints:  0,    90.759 MiB
ollama-1  | srv        update:    - prompt 0x371c5be0:     765 tokens, checkpoints:  0,    95.635 MiB
ollama-1  | srv        update:    - prompt 0x3651cdf0:     851 tokens, checkpoints:  0,   106.385 MiB
ollama-1  | srv        update:    - prompt 0x36510eb0:     763 tokens, checkpoints:  0,    95.384 MiB
ollama-1  | srv        update:    - prompt 0x3715ca80:     730 tokens, checkpoints:  0,    91.259 MiB
ollama-1  | srv        update:    - prompt 0x36522570:     780 tokens, checkpoints:  0,    97.510 MiB
ollama-1  | srv        update:    - prompt 0x37b80950:     847 tokens, checkpoints:  0,   105.885 MiB
ollama-1  | srv        update:    - prompt 0x37a562a0:     710 tokens, checkpoints:  0,    88.759 MiB
ollama-1  | srv        update:    - prompt 0x37a8eee0:     770 tokens, checkpoints:  0,    96.260 MiB
ollama-1  | srv        update:    - prompt 0x370b1e10:     717 tokens, checkpoints:  0,    89.634 MiB
ollama-1  | srv        update:    - prompt 0x36537930:     753 tokens, checkpoints:  0,    94.134 MiB
ollama-1  | srv        update:    - prompt 0x371b5c80:     729 tokens, checkpoints:  0,    91.134 MiB
ollama-1  | srv        update:    - prompt 0x36996dc0:     796 tokens, checkpoints:  0,    99.510 MiB
ollama-1  | srv        update:    - prompt 0x37264940:     709 tokens, checkpoints:  0,    88.634 MiB
ollama-1  | srv        update:    - prompt 0x365024f0:     724 tokens, checkpoints:  0,    90.509 MiB
ollama-1  | srv        update:    - prompt 0x370b0570:     800 tokens, checkpoints:  0,   100.010 MiB
ollama-1  | srv        update:    - prompt 0x37256510:     728 tokens, checkpoints:  0,    91.009 MiB
ollama-1  | srv        update:    - prompt 0x37b69a80:     712 tokens, checkpoints:  0,    89.009 MiB
ollama-1  | srv  get_availabl: prompt cache update took 532.67 ms
ollama-1  | slot launch_slot_: id  0 | task -1 | sampler chain: logits -> ?penalties -> ?dry -> ?top-n-sigma -> top-k -> ?typical -> top-p -> ?min-p -> ?xtc -> temp-ext -> dist 
ollama-1  | slot launch_slot_: id  0 | task -1 | sampler params: 
ollama-1  | 	repeat_last_n = 64, repeat_penalty = 1.000, frequency_penalty = 0.000, presence_penalty = 0.000
ollama-1  | 	dry_multiplier = 0.000, dry_base = 1.750, dry_allowed_length = 2, dry_penalty_last_n = 64
ollama-1  | 	top_k = 40, top_p = 0.900, min_p = 0.000, xtc_probability = 0.000, xtc_threshold = 0.100, typical_p = 1.000, top_n_sigma = -1.000, temp = 0.000
ollama-1  | 	mirostat = 0, mirostat_lr = 0.100, mirostat_ent = 5.000, adaptive_target = -1.000, adaptive_decay = 0.900
ollama-1  | slot launch_slot_: id  0 | task 11362 | processing task, is_child = 0
ollama-1  | slot   operator(): id  0 | task 11362 | new prompt, n_ctx_slot = 4096, n_keep = 4, task.n_tokens = 781
ollama-1  | slot   operator(): id  0 | task 11362 | need to evaluate at least 1 token for each active slot (n_past = 781, task.n_tokens() = 781)
ollama-1  | slot   operator(): id  0 | task 11362 | n_past was set to 780
ollama-1  | slot   operator(): id  0 | task 11362 | cached n_tokens = 780, memory_seq_rm [780, end)
ollama-1  | slot init_sampler: id  0 | task 11362 | init sampler, took 0.06 ms, tokens: text = 781, total = 781
ollama-1  | slot print_timing: id  0 | task 11362 | prompt eval time =      86.84 ms /     1 tokens (   86.84 ms per token,    11.52 tokens per second)
ollama-1  | slot print_timing: id  0 | task 11362 |        eval time =     647.34 ms /    10 tokens (   71.93 ms per token,    13.90 tokens per second)
ollama-1  | slot print_timing: id  0 | task 11362 |       total time =     734.18 ms /    11 tokens
ollama-1  | slot print_timing: id  0 | task 11362 |    graphs reused =       8000
ollama-1  | slot      release: id  0 | task 11362 | stop processing: n_tokens = 790, truncated = 0
ollama-1  | srv  update_slots: all slots are idle
ollama-1  | [GIN] 2026/10/08 - 09:29:08 | 200 |         1m46s |      172.21.0.4 | POST     "/api/generate"
ollama-1  | srv  server_strea: conv_id= (empty=1)
ollama-1  | slot get_availabl: id  0 | task -1 |  - checking sim = 0.642 (350/545) > 0.100
ollama-1  | slot get_availabl: id  0 | task -1 | selected slot by LCP similarity, f_sim_best = 0.642 (> 0.100 thold), f_keep = 0.443
ollama-1  | srv  get_availabl: updating prompt cache
ollama-1  | srv   prompt_save:  - saving prompt with length 790, total state size = 98.760 MiB (draft: 0.000 MiB)
ollama-1  | srv          load:  - looking for better prompt, base f_keep = 0.443, f_sim = 0.642
ollama-1  | srv          load:    - prompt with length     782, lcp =     350, f_keep = 0.448, f_sim = 0.642
ollama-1  | srv          load:    - prompt with length     794, lcp =     350, f_keep = 0.441, f_sim = 0.642
ollama-1  | srv          load:    - prompt with length     753, lcp =     350, f_keep = 0.465, f_sim = 0.642
ollama-1  | srv          load:    - prompt with length     730, lcp =     350, f_keep = 0.479, f_sim = 0.642
ollama-1  | srv          load:    - prompt with length     828, lcp =     350, f_keep = 0.423, f_sim = 0.642
ollama-1  | srv          load:    - prompt with length     844, lcp =     350, f_keep = 0.415, f_sim = 0.642
ollama-1  | srv          load:    - prompt with length     846, lcp =     351, f_keep = 0.415, f_sim = 0.644
ollama-1  | srv          load:    - prompt with length     892, lcp =     350, f_keep = 0.392, f_sim = 0.642
ollama-1  | srv          load:    - prompt with length     778, lcp =     350, f_keep = 0.450, f_sim = 0.642
ollama-1  | srv          load:    - prompt with length     788, lcp =     350, f_keep = 0.444, f_sim = 0.642
ollama-1  | srv          load:    - prompt with length    1176, lcp =     350, f_keep = 0.298, f_sim = 0.642
ollama-1  | srv          load:    - prompt with length     726, lcp =     350, f_keep = 0.482, f_sim = 0.642
ollama-1  | srv          load:    - prompt with length     765, lcp =     350, f_keep = 0.458, f_sim = 0.642
ollama-1  | srv          load:    - prompt with length     851, lcp =     351, f_keep = 0.412, f_sim = 0.644
ollama-1  | srv          load:    - prompt with length     763, lcp =     350, f_keep = 0.459, f_sim = 0.642
ollama-1  | srv          load:    - prompt with length     730, lcp =     351, f_keep = 0.481, f_sim = 0.644
ollama-1  | srv          load:    - prompt with length     780, lcp =     351, f_keep = 0.450, f_sim = 0.644
ollama-1  | srv          load:    - prompt with length     847, lcp =     351, f_keep = 0.414, f_sim = 0.644
ollama-1  | srv          load:    - prompt with length     710, lcp =     350, f_keep = 0.493, f_sim = 0.642
ollama-1  | srv          load:    - prompt with length     770, lcp =     350, f_keep = 0.455, f_sim = 0.642
ollama-1  | srv          load:    - prompt with length     717, lcp =     350, f_keep = 0.488, f_sim = 0.642
ollama-1  | srv          load:    - prompt with length     753, lcp =     350, f_keep = 0.465, f_sim = 0.642
ollama-1  | srv          load:    - prompt with length     729, lcp =     351, f_keep = 0.481, f_sim = 0.644
ollama-1  | srv          load:    - prompt with length     796, lcp =     350, f_keep = 0.440, f_sim = 0.642
ollama-1  | srv          load:    - prompt with length     709, lcp =     350, f_keep = 0.494, f_sim = 0.642
ollama-1  | srv          load:    - prompt with length     724, lcp =     351, f_keep = 0.485, f_sim = 0.644
ollama-1  | srv          load:    - prompt with length     800, lcp =     351, f_keep = 0.439, f_sim = 0.644
ollama-1  | srv          load:    - prompt with length     728, lcp =     351, f_keep = 0.482, f_sim = 0.644
ollama-1  | srv          load:    - prompt with length     712, lcp =     352, f_keep = 0.494, f_sim = 0.646
ollama-1  | srv          load:    - prompt with length     790, lcp =     350, f_keep = 0.443, f_sim = 0.642
ollama-1  | srv          load:  - found better prompt with f_keep = 0.494, f_sim = 0.646
ollama-1  | srv        update:  - cache state: 29 prompts, 2862.659 MiB (limits: 8192.000 MiB, 4096 tokens, 65529 est)
ollama-1  | srv        update:    - prompt 0x36524940:     782 tokens, checkpoints:  0,    97.760 MiB
ollama-1  | srv        update:    - prompt 0x36524a40:     794 tokens, checkpoints:  0,    99.260 MiB
ollama-1  | srv        update:    - prompt 0x36521d10:     753 tokens, checkpoints:  0,    94.134 MiB
ollama-1  | srv        update:    - prompt 0x36521c60:     730 tokens, checkpoints:  0,    91.259 MiB
ollama-1  | srv        update:    - prompt 0x36521bb0:     828 tokens, checkpoints:  0,   103.510 MiB
ollama-1  | srv        update:    - prompt 0x3652bd10:     844 tokens, checkpoints:  0,   105.510 MiB
ollama-1  | srv        update:    - prompt 0x3724fc20:     846 tokens, checkpoints:  0,   105.760 MiB
ollama-1  | srv        update:    - prompt 0x3651c680:     892 tokens, checkpoints:  0,   111.511 MiB
ollama-1  | srv        update:    - prompt 0x36504320:     778 tokens, checkpoints:  0,    97.260 MiB
ollama-1  | srv        update:    - prompt 0x371021f0:     788 tokens, checkpoints:  0,    98.510 MiB
ollama-1  | srv        update:    - prompt 0x3724a9f0:    1176 tokens, checkpoints:  0,   147.014 MiB
ollama-1  | srv        update:    - prompt 0x36516480:     726 tokens, checkpoints:  0,    90.759 MiB
ollama-1  | srv        update:    - prompt 0x371c5be0:     765 tokens, checkpoints:  0,    95.635 MiB
ollama-1  | srv        update:    - prompt 0x3651cdf0:     851 tokens, checkpoints:  0,   106.385 MiB
ollama-1  | srv        update:    - prompt 0x36510eb0:     763 tokens, checkpoints:  0,    95.384 MiB
ollama-1  | srv        update:    - prompt 0x3715ca80:     730 tokens, checkpoints:  0,    91.259 MiB
ollama-1  | srv        update:    - prompt 0x36522570:     780 tokens, checkpoints:  0,    97.510 MiB
ollama-1  | srv        update:    - prompt 0x37b80950:     847 tokens, checkpoints:  0,   105.885 MiB
ollama-1  | srv        update:    - prompt 0x37a562a0:     710 tokens, checkpoints:  0,    88.759 MiB
ollama-1  | srv        update:    - prompt 0x37a8eee0:     770 tokens, checkpoints:  0,    96.260 MiB
ollama-1  | srv        update:    - prompt 0x370b1e10:     717 tokens, checkpoints:  0,    89.634 MiB
ollama-1  | srv        update:    - prompt 0x36537930:     753 tokens, checkpoints:  0,    94.134 MiB
ollama-1  | srv        update:    - prompt 0x371b5c80:     729 tokens, checkpoints:  0,    91.134 MiB
ollama-1  | srv        update:    - prompt 0x36996dc0:     796 tokens, checkpoints:  0,    99.510 MiB
ollama-1  | srv        update:    - prompt 0x37264940:     709 tokens, checkpoints:  0,    88.634 MiB
ollama-1  | srv        update:    - prompt 0x365024f0:     724 tokens, checkpoints:  0,    90.509 MiB
ollama-1  | srv        update:    - prompt 0x370b0570:     800 tokens, checkpoints:  0,   100.010 MiB
ollama-1  | srv        update:    - prompt 0x37256510:     728 tokens, checkpoints:  0,    91.009 MiB
ollama-1  | srv        update:    - prompt 0x364ffda0:     790 tokens, checkpoints:  0,    98.760 MiB
ollama-1  | srv  get_availabl: prompt cache update took 80.41 ms
ollama-1  | slot launch_slot_: id  0 | task -1 | sampler chain: logits -> ?penalties -> ?dry -> ?top-n-sigma -> top-k -> ?typical -> top-p -> ?min-p -> ?xtc -> temp-ext -> dist 
ollama-1  | slot launch_slot_: id  0 | task -1 | sampler params: 
ollama-1  | 	repeat_last_n = 64, repeat_penalty = 1.000, frequency_penalty = 0.000, presence_penalty = 0.000
ollama-1  | 	dry_multiplier = 0.000, dry_base = 1.750, dry_allowed_length = 2, dry_penalty_last_n = 64
ollama-1  | 	top_k = 40, top_p = 0.900, min_p = 0.000, xtc_probability = 0.000, xtc_threshold = 0.100, typical_p = 1.000, top_n_sigma = -1.000, temp = 0.000
ollama-1  | 	mirostat = 0, mirostat_lr = 0.100, mirostat_ent = 5.000, adaptive_target = -1.000, adaptive_decay = 0.900
ollama-1  | slot launch_slot_: id  0 | task 11373 | processing task, is_child = 0
ollama-1  | slot   operator(): id  0 | task 11373 | new prompt, n_ctx_slot = 4096, n_keep = 4, task.n_tokens = 545
ollama-1  | slot   operator(): id  0 | task 11373 | cached n_tokens = 352, memory_seq_rm [352, end)
ollama-1  | slot init_sampler: id  0 | task 11373 | init sampler, took 0.04 ms, tokens: text = 545, total = 545
ollama-1  | slot print_timing: id  0 | task 11373 | prompt eval time =    2836.27 ms /   193 tokens (   14.70 ms per token,    68.05 tokens per second)
ollama-1  | slot print_timing: id  0 | task 11373 |        eval time =     658.48 ms /    10 tokens (   73.16 ms per token,    13.67 tokens per second)
ollama-1  | slot print_timing: id  0 | task 11373 |       total time =    3494.75 ms /   203 tokens
ollama-1  | slot print_timing: id  0 | task 11373 |    graphs reused =       8008
ollama-1  | slot      release: id  0 | task 11373 | stop processing: n_tokens = 554, truncated = 0
ollama-1  | srv  update_slots: all slots are idle
ollama-1  | [GIN] 2026/10/08 - 09:29:12 | 200 |         1m25s |      172.21.0.4 | POST     "/api/generate"
ollama-1  | srv  server_strea: conv_id= (empty=1)
ollama-1  | slot get_availabl: id  0 | task -1 |  - checking sim = 0.720 (350/486) > 0.100
ollama-1  | slot get_availabl: id  0 | task -1 | selected slot by LCP similarity, f_sim_best = 0.720 (> 0.100 thold), f_keep = 0.632
ollama-1  | slot launch_slot_: id  0 | task -1 | sampler chain: logits -> ?penalties -> ?dry -> ?top-n-sigma -> top-k -> ?typical -> top-p -> ?min-p -> ?xtc -> temp-ext -> dist 
ollama-1  | slot launch_slot_: id  0 | task -1 | sampler params: 
ollama-1  | 	repeat_last_n = 64, repeat_penalty = 1.000, frequency_penalty = 0.000, presence_penalty = 0.000
ollama-1  | 	dry_multiplier = 0.000, dry_base = 1.750, dry_allowed_length = 2, dry_penalty_last_n = 64
ollama-1  | 	top_k = 40, top_p = 0.900, min_p = 0.000, xtc_probability = 0.000, xtc_threshold = 0.100, typical_p = 1.000, top_n_sigma = -1.000, temp = 0.000
ollama-1  | 	mirostat = 0, mirostat_lr = 0.100, mirostat_ent = 5.000, adaptive_target = -1.000, adaptive_decay = 0.900
ollama-1  | slot launch_slot_: id  0 | task 11384 | processing task, is_child = 0
ollama-1  | slot   operator(): id  0 | task 11384 | new prompt, n_ctx_slot = 4096, n_keep = 4, task.n_tokens = 486
ollama-1  | slot   operator(): id  0 | task 11384 | cached n_tokens = 350, memory_seq_rm [350, end)
ollama-1  | slot init_sampler: id  0 | task 11384 | init sampler, took 0.06 ms, tokens: text = 486, total = 486
ollama-1  | slot print_timing: id  0 | task 11384 | prompt eval time =    2031.72 ms /   136 tokens (   14.94 ms per token,    66.94 tokens per second)
ollama-1  | slot print_timing: id  0 | task 11384 |        eval time =     554.11 ms /     9 tokens (   69.26 ms per token,    14.44 tokens per second)
ollama-1  | slot print_timing: id  0 | task 11384 |       total time =    2585.84 ms /   145 tokens
ollama-1  | slot print_timing: id  0 | task 11384 |    graphs reused =       8015
ollama-1  | slot      release: id  0 | task 11384 | stop processing: n_tokens = 494, truncated = 0
ollama-1  | srv  update_slots: all slots are idle
ollama-1  | [GIN] 2026/10/08 - 09:29:14 | 200 |         1m26s |      172.21.0.4 | POST     "/api/generate"
ollama-1  | srv  server_strea: conv_id= (empty=1)
ollama-1  | slot get_availabl: id  0 | task -1 |  - checking sim = 0.631 (350/555) > 0.100
ollama-1  | slot get_availabl: id  0 | task -1 | selected slot by LCP similarity, f_sim_best = 0.631 (> 0.100 thold), f_keep = 0.709
ollama-1  | slot launch_slot_: id  0 | task -1 | sampler chain: logits -> ?penalties -> ?dry -> ?top-n-sigma -> top-k -> ?typical -> top-p -> ?min-p -> ?xtc -> temp-ext -> dist 
ollama-1  | slot launch_slot_: id  0 | task -1 | sampler params: 
ollama-1  | 	repeat_last_n = 64, repeat_penalty = 1.000, frequency_penalty = 0.000, presence_penalty = 0.000
ollama-1  | 	dry_multiplier = 0.000, dry_base = 1.750, dry_allowed_length = 2, dry_penalty_last_n = 64
ollama-1  | 	top_k = 40, top_p = 0.900, min_p = 0.000, xtc_probability = 0.000, xtc_threshold = 0.100, typical_p = 1.000, top_n_sigma = -1.000, temp = 0.000
ollama-1  | 	mirostat = 0, mirostat_lr = 0.100, mirostat_ent = 5.000, adaptive_target = -1.000, adaptive_decay = 0.900
ollama-1  | slot launch_slot_: id  0 | task 11394 | processing task, is_child = 0
ollama-1  | slot   operator(): id  0 | task 11394 | new prompt, n_ctx_slot = 4096, n_keep = 4, task.n_tokens = 555
ollama-1  | slot   operator(): id  0 | task 11394 | cached n_tokens = 350, memory_seq_rm [350, end)
ollama-1  | slot init_sampler: id  0 | task 11394 | init sampler, took 0.05 ms, tokens: text = 555, total = 555
ollama-1  | [GIN] 2026/10/08 - 09:29:16 | 200 |      22.522µs |       127.0.0.1 | HEAD     "/"
ollama-1  | [GIN] 2026/10/08 - 09:29:16 | 200 |    1.465222ms |       127.0.0.1 | GET      "/api/tags"
ollama-1  | slot print_timing: id  0 | task 11394 | prompt eval time =    3025.67 ms /   205 tokens (   14.76 ms per token,    67.75 tokens per second)
ollama-1  | slot print_timing: id  0 | task 11394 |        eval time =     570.83 ms /     9 tokens (   71.35 ms per token,    14.01 tokens per second)
ollama-1  | slot print_timing: id  0 | task 11394 |       total time =    3596.49 ms /   214 tokens
ollama-1  | slot print_timing: id  0 | task 11394 |    graphs reused =       8022
ollama-1  | slot      release: id  0 | task 11394 | stop processing: n_tokens = 563, truncated = 0
ollama-1  | srv  update_slots: all slots are idle
ollama-1  | [GIN] 2026/10/08 - 09:29:18 | 200 |         1m28s |      172.21.0.4 | POST     "/api/generate"
ollama-1  | srv  server_strea: conv_id= (empty=1)
ollama-1  | slot get_availabl: id  0 | task -1 |  - checking sim = 0.417 (350/839) > 0.100
ollama-1  | slot get_availabl: id  0 | task -1 | selected slot by LCP similarity, f_sim_best = 0.417 (> 0.100 thold), f_keep = 0.622
ollama-1  | slot launch_slot_: id  0 | task -1 | sampler chain: logits -> ?penalties -> ?dry -> ?top-n-sigma -> top-k -> ?typical -> top-p -> ?min-p -> ?xtc -> temp-ext -> dist 
ollama-1  | slot launch_slot_: id  0 | task -1 | sampler params: 
ollama-1  | 	repeat_last_n = 64, repeat_penalty = 1.000, frequency_penalty = 0.000, presence_penalty = 0.000
ollama-1  | 	dry_multiplier = 0.000, dry_base = 1.750, dry_allowed_length = 2, dry_penalty_last_n = 64
ollama-1  | 	top_k = 40, top_p = 0.900, min_p = 0.000, xtc_probability = 0.000, xtc_threshold = 0.100, typical_p = 1.000, top_n_sigma = -1.000, temp = 0.000
ollama-1  | 	mirostat = 0, mirostat_lr = 0.100, mirostat_ent = 5.000, adaptive_target = -1.000, adaptive_decay = 0.900
ollama-1  | slot launch_slot_: id  0 | task 11404 | processing task, is_child = 0
ollama-1  | slot   operator(): id  0 | task 11404 | new prompt, n_ctx_slot = 4096, n_keep = 4, task.n_tokens = 839
ollama-1  | slot   operator(): id  0 | task 11404 | cached n_tokens = 350, memory_seq_rm [350, end)
ollama-1  | slot init_sampler: id  0 | task 11404 | init sampler, took 0.07 ms, tokens: text = 839, total = 839
ollama-1  | slot print_timing: id  0 | task 11404 | prompt eval time =    7106.87 ms /   489 tokens (   14.53 ms per token,    68.81 tokens per second)
ollama-1  | slot print_timing: id  0 | task 11404 |        eval time =     521.43 ms /     8 tokens (   74.49 ms per token,    13.42 tokens per second)
ollama-1  | slot print_timing: id  0 | task 11404 |       total time =    7628.30 ms /   497 tokens
ollama-1  | slot print_timing: id  0 | task 11404 |    graphs reused =       8028
ollama-1  | slot      release: id  0 | task 11404 | stop processing: n_tokens = 846, truncated = 0
ollama-1  | srv  update_slots: all slots are idle
ollama-1  | [GIN] 2026/10/08 - 09:29:26 | 200 |         1m28s |      172.21.0.4 | POST     "/api/generate"
ollama-1  | srv  server_strea: conv_id= (empty=1)
ollama-1  | slot get_availabl: id  0 | task -1 |  - checking sim = 0.797 (350/439) > 0.100
ollama-1  | slot get_availabl: id  0 | task -1 | selected slot by LCP similarity, f_sim_best = 0.797 (> 0.100 thold), f_keep = 0.414
ollama-1  | srv  get_availabl: updating prompt cache
ollama-1  | srv   prompt_save:  - saving prompt with length 846, total state size = 105.760 MiB (draft: 0.000 MiB)
ollama-1  | srv         alloc:  - prompt is already in the cache, skipping
ollama-1  | srv          load:  - looking for better prompt, base f_keep = 0.414, f_sim = 0.797
ollama-1  | srv          load:    - prompt with length     782, lcp =     350, f_keep = 0.448, f_sim = 0.797
ollama-1  | srv          load:    - prompt with length     794, lcp =     350, f_keep = 0.441, f_sim = 0.797
ollama-1  | srv          load:    - prompt with length     753, lcp =     350, f_keep = 0.465, f_sim = 0.797
ollama-1  | srv          load:    - prompt with length     730, lcp =     350, f_keep = 0.479, f_sim = 0.797
ollama-1  | srv          load:    - prompt with length     828, lcp =     350, f_keep = 0.423, f_sim = 0.797
ollama-1  | srv          load:    - prompt with length     844, lcp =     350, f_keep = 0.415, f_sim = 0.797
ollama-1  | srv          load:    - prompt with length     846, lcp =     350, f_keep = 0.414, f_sim = 0.797
ollama-1  | srv          load:    - prompt with length     892, lcp =     350, f_keep = 0.392, f_sim = 0.797
ollama-1  | srv          load:    - prompt with length     778, lcp =     350, f_keep = 0.450, f_sim = 0.797
ollama-1  | srv          load:    - prompt with length     788, lcp =     350, f_keep = 0.444, f_sim = 0.797
ollama-1  | srv          load:    - prompt with length    1176, lcp =     350, f_keep = 0.298, f_sim = 0.797
ollama-1  | srv          load:    - prompt with length     726, lcp =     350, f_keep = 0.482, f_sim = 0.797
ollama-1  | srv          load:    - prompt with length     765, lcp =     350, f_keep = 0.458, f_sim = 0.797
ollama-1  | srv          load:    - prompt with length     851, lcp =     350, f_keep = 0.411, f_sim = 0.797
ollama-1  | srv          load:    - prompt with length     763, lcp =     350, f_keep = 0.459, f_sim = 0.797
ollama-1  | srv          load:    - prompt with length     730, lcp =     350, f_keep = 0.479, f_sim = 0.797
ollama-1  | srv          load:    - prompt with length     780, lcp =     350, f_keep = 0.449, f_sim = 0.797
ollama-1  | srv          load:    - prompt with length     847, lcp =     350, f_keep = 0.413, f_sim = 0.797
ollama-1  | srv          load:    - prompt with length     710, lcp =     350, f_keep = 0.493, f_sim = 0.797
ollama-1  | srv          load:    - prompt with length     770, lcp =     350, f_keep = 0.455, f_sim = 0.797
ollama-1  | srv          load:    - prompt with length     717, lcp =     350, f_keep = 0.488, f_sim = 0.797
ollama-1  | srv          load:    - prompt with length     753, lcp =     350, f_keep = 0.465, f_sim = 0.797
ollama-1  | srv          load:    - prompt with length     729, lcp =     350, f_keep = 0.480, f_sim = 0.797
ollama-1  | srv          load:    - prompt with length     796, lcp =     350, f_keep = 0.440, f_sim = 0.797
ollama-1  | srv          load:    - prompt with length     709, lcp =     350, f_keep = 0.494, f_sim = 0.797
ollama-1  | srv          load:    - prompt with length     724, lcp =     350, f_keep = 0.483, f_sim = 0.797
ollama-1  | srv          load:    - prompt with length     800, lcp =     350, f_keep = 0.438, f_sim = 0.797
ollama-1  | srv          load:    - prompt with length     728, lcp =     350, f_keep = 0.481, f_sim = 0.797
ollama-1  | srv          load:    - prompt with length     790, lcp =     350, f_keep = 0.443, f_sim = 0.797
ollama-1  | srv        update:  - cache state: 29 prompts, 2862.659 MiB (limits: 8192.000 MiB, 4096 tokens, 65529 est)
ollama-1  | srv        update:    - prompt 0x36524940:     782 tokens, checkpoints:  0,    97.760 MiB
ollama-1  | srv        update:    - prompt 0x36524a40:     794 tokens, checkpoints:  0,    99.260 MiB
ollama-1  | srv        update:    - prompt 0x36521d10:     753 tokens, checkpoints:  0,    94.134 MiB
ollama-1  | srv        update:    - prompt 0x36521c60:     730 tokens, checkpoints:  0,    91.259 MiB
ollama-1  | srv        update:    - prompt 0x36521bb0:     828 tokens, checkpoints:  0,   103.510 MiB
ollama-1  | srv        update:    - prompt 0x3652bd10:     844 tokens, checkpoints:  0,   105.510 MiB
ollama-1  | srv        update:    - prompt 0x3724fc20:     846 tokens, checkpoints:  0,   105.760 MiB
ollama-1  | srv        update:    - prompt 0x3651c680:     892 tokens, checkpoints:  0,   111.511 MiB
ollama-1  | srv        update:    - prompt 0x36504320:     778 tokens, checkpoints:  0,    97.260 MiB
ollama-1  | srv        update:    - prompt 0x371021f0:     788 tokens, checkpoints:  0,    98.510 MiB
ollama-1  | srv        update:    - prompt 0x3724a9f0:    1176 tokens, checkpoints:  0,   147.014 MiB
ollama-1  | srv        update:    - prompt 0x36516480:     726 tokens, checkpoints:  0,    90.759 MiB
ollama-1  | srv        update:    - prompt 0x371c5be0:     765 tokens, checkpoints:  0,    95.635 MiB
ollama-1  | srv        update:    - prompt 0x3651cdf0:     851 tokens, checkpoints:  0,   106.385 MiB
ollama-1  | srv        update:    - prompt 0x36510eb0:     763 tokens, checkpoints:  0,    95.384 MiB
ollama-1  | srv        update:    - prompt 0x3715ca80:     730 tokens, checkpoints:  0,    91.259 MiB
ollama-1  | srv        update:    - prompt 0x36522570:     780 tokens, checkpoints:  0,    97.510 MiB
ollama-1  | srv        update:    - prompt 0x37b80950:     847 tokens, checkpoints:  0,   105.885 MiB
ollama-1  | srv        update:    - prompt 0x37a562a0:     710 tokens, checkpoints:  0,    88.759 MiB
ollama-1  | srv        update:    - prompt 0x37a8eee0:     770 tokens, checkpoints:  0,    96.260 MiB
ollama-1  | srv        update:    - prompt 0x370b1e10:     717 tokens, checkpoints:  0,    89.634 MiB
ollama-1  | srv        update:    - prompt 0x36537930:     753 tokens, checkpoints:  0,    94.134 MiB
ollama-1  | srv        update:    - prompt 0x371b5c80:     729 tokens, checkpoints:  0,    91.134 MiB
ollama-1  | srv        update:    - prompt 0x36996dc0:     796 tokens, checkpoints:  0,    99.510 MiB
ollama-1  | srv        update:    - prompt 0x37264940:     709 tokens, checkpoints:  0,    88.634 MiB
ollama-1  | srv        update:    - prompt 0x365024f0:     724 tokens, checkpoints:  0,    90.509 MiB
ollama-1  | srv        update:    - prompt 0x370b0570:     800 tokens, checkpoints:  0,   100.010 MiB
ollama-1  | srv        update:    - prompt 0x37256510:     728 tokens, checkpoints:  0,    91.009 MiB
ollama-1  | srv        update:    - prompt 0x364ffda0:     790 tokens, checkpoints:  0,    98.760 MiB
ollama-1  | srv  get_availabl: prompt cache update took 0.07 ms
ollama-1  | slot launch_slot_: id  0 | task -1 | sampler chain: logits -> ?penalties -> ?dry -> ?top-n-sigma -> top-k -> ?typical -> top-p -> ?min-p -> ?xtc -> temp-ext -> dist 
ollama-1  | slot launch_slot_: id  0 | task -1 | sampler params: 
ollama-1  | 	repeat_last_n = 64, repeat_penalty = 1.000, frequency_penalty = 0.000, presence_penalty = 0.000
ollama-1  | 	dry_multiplier = 0.000, dry_base = 1.750, dry_allowed_length = 2, dry_penalty_last_n = 64
ollama-1  | 	top_k = 40, top_p = 0.900, min_p = 0.000, xtc_probability = 0.000, xtc_threshold = 0.100, typical_p = 1.000, top_n_sigma = -1.000, temp = 0.000
ollama-1  | 	mirostat = 0, mirostat_lr = 0.100, mirostat_ent = 5.000, adaptive_target = -1.000, adaptive_decay = 0.900
ollama-1  | slot launch_slot_: id  0 | task 11413 | processing task, is_child = 0
ollama-1  | slot   operator(): id  0 | task 11413 | new prompt, n_ctx_slot = 4096, n_keep = 4, task.n_tokens = 439
ollama-1  | slot   operator(): id  0 | task 11413 | cached n_tokens = 350, memory_seq_rm [350, end)
ollama-1  | slot init_sampler: id  0 | task 11413 | init sampler, took 0.04 ms, tokens: text = 439, total = 439
ollama-1  | [GIN] 2026/10/08 - 09:29:26 | 200 |      29.653µs |       127.0.0.1 | HEAD     "/"
ollama-1  | [GIN] 2026/10/08 - 09:29:26 | 200 |     975.996µs |       127.0.0.1 | GET      "/api/tags"
ollama-1  | slot print_timing: id  0 | task 11413 | prompt eval time =    1363.82 ms /    89 tokens (   15.32 ms per token,    65.26 tokens per second)
ollama-1  | slot print_timing: id  0 | task 11413 |        eval time =     546.48 ms /     9 tokens (   68.31 ms per token,    14.64 tokens per second)
ollama-1  | slot print_timing: id  0 | task 11413 |       total time =    1910.30 ms /    98 tokens
ollama-1  | slot print_timing: id  0 | task 11413 |    graphs reused =       8035
ollama-1  | slot      release: id  0 | task 11413 | stop processing: n_tokens = 447, truncated = 0
ollama-1  | srv  update_slots: all slots are idle
ollama-1  | [GIN] 2026/10/08 - 09:29:28 | 200 |         1m27s |      172.21.0.4 | POST     "/api/generate"
ollama-1  | srv  server_strea: conv_id= (empty=1)
ollama-1  | slot get_availabl: id  0 | task -1 |  - checking sim = 0.751 (350/466) > 0.100
ollama-1  | slot get_availabl: id  0 | task -1 | selected slot by LCP similarity, f_sim_best = 0.751 (> 0.100 thold), f_keep = 0.783
ollama-1  | slot launch_slot_: id  0 | task -1 | sampler chain: logits -> ?penalties -> ?dry -> ?top-n-sigma -> top-k -> ?typical -> top-p -> ?min-p -> ?xtc -> temp-ext -> dist 
ollama-1  | slot launch_slot_: id  0 | task -1 | sampler params: 
ollama-1  | 	repeat_last_n = 64, repeat_penalty = 1.000, frequency_penalty = 0.000, presence_penalty = 0.000
ollama-1  | 	dry_multiplier = 0.000, dry_base = 1.750, dry_allowed_length = 2, dry_penalty_last_n = 64
ollama-1  | 	top_k = 40, top_p = 0.900, min_p = 0.000, xtc_probability = 0.000, xtc_threshold = 0.100, typical_p = 1.000, top_n_sigma = -1.000, temp = 0.000
ollama-1  | 	mirostat = 0, mirostat_lr = 0.100, mirostat_ent = 5.000, adaptive_target = -1.000, adaptive_decay = 0.900
ollama-1  | slot launch_slot_: id  0 | task 11423 | processing task, is_child = 0
ollama-1  | slot   operator(): id  0 | task 11423 | new prompt, n_ctx_slot = 4096, n_keep = 4, task.n_tokens = 466
ollama-1  | slot   operator(): id  0 | task 11423 | cached n_tokens = 350, memory_seq_rm [350, end)
ollama-1  | slot init_sampler: id  0 | task 11423 | init sampler, took 0.04 ms, tokens: text = 466, total = 466
ollama-1  | slot print_timing: id  0 | task 11423 | prompt eval time =    1700.30 ms /   116 tokens (   14.66 ms per token,    68.22 tokens per second)
ollama-1  | slot print_timing: id  0 | task 11423 |        eval time =     498.34 ms /     8 tokens (   71.19 ms per token,    14.05 tokens per second)
ollama-1  | slot print_timing: id  0 | task 11423 |       total time =    2198.64 ms /   124 tokens
ollama-1  | slot print_timing: id  0 | task 11423 |    graphs reused =       8041
ollama-1  | slot      release: id  0 | task 11423 | stop processing: n_tokens = 473, truncated = 0
ollama-1  | srv  update_slots: all slots are idle
ollama-1  | [GIN] 2026/10/08 - 09:29:30 | 200 |         1m25s |      172.21.0.4 | POST     "/api/generate"
ollama-1  | srv  server_strea: conv_id= (empty=1)
ollama-1  | slot get_availabl: id  0 | task -1 |  - checking sim = 0.534 (350/655) > 0.100
ollama-1  | slot get_availabl: id  0 | task -1 | selected slot by LCP similarity, f_sim_best = 0.534 (> 0.100 thold), f_keep = 0.740
ollama-1  | slot launch_slot_: id  0 | task -1 | sampler chain: logits -> ?penalties -> ?dry -> ?top-n-sigma -> top-k -> ?typical -> top-p -> ?min-p -> ?xtc -> temp-ext -> dist 
ollama-1  | slot launch_slot_: id  0 | task -1 | sampler params: 
ollama-1  | 	repeat_last_n = 64, repeat_penalty = 1.000, frequency_penalty = 0.000, presence_penalty = 0.000
ollama-1  | 	dry_multiplier = 0.000, dry_base = 1.750, dry_allowed_length = 2, dry_penalty_last_n = 64
ollama-1  | 	top_k = 40, top_p = 0.900, min_p = 0.000, xtc_probability = 0.000, xtc_threshold = 0.100, typical_p = 1.000, top_n_sigma = -1.000, temp = 0.000
ollama-1  | 	mirostat = 0, mirostat_lr = 0.100, mirostat_ent = 5.000, adaptive_target = -1.000, adaptive_decay = 0.900
ollama-1  | slot launch_slot_: id  0 | task 11432 | processing task, is_child = 0
ollama-1  | slot   operator(): id  0 | task 11432 | new prompt, n_ctx_slot = 4096, n_keep = 4, task.n_tokens = 655
ollama-1  | slot   operator(): id  0 | task 11432 | cached n_tokens = 350, memory_seq_rm [350, end)
ollama-1  | slot init_sampler: id  0 | task 11432 | init sampler, took 0.05 ms, tokens: text = 655, total = 655
ollama-1  | slot print_timing: id  0 | task 11432 | prompt eval time =    4490.14 ms /   305 tokens (   14.72 ms per token,    67.93 tokens per second)
ollama-1  | slot print_timing: id  0 | task 11432 |        eval time =     558.05 ms /     9 tokens (   69.76 ms per token,    14.34 tokens per second)
ollama-1  | slot print_timing: id  0 | task 11432 |       total time =    5048.19 ms /   314 tokens
ollama-1  | slot print_timing: id  0 | task 11432 |    graphs reused =       8048
ollama-1  | slot      release: id  0 | task 11432 | stop processing: n_tokens = 663, truncated = 0
ollama-1  | srv  update_slots: all slots are idle
ollama-1  | [GIN] 2026/10/08 - 09:29:35 | 200 |         1m20s |      172.21.0.4 | POST     "/api/generate"
ollama-1  | srv  server_strea: conv_id= (empty=1)
ollama-1  | slot get_availabl: id  0 | task -1 |  - checking sim = 0.738 (350/474) > 0.100
ollama-1  | slot get_availabl: id  0 | task -1 | selected slot by LCP similarity, f_sim_best = 0.738 (> 0.100 thold), f_keep = 0.528
ollama-1  | slot launch_slot_: id  0 | task -1 | sampler chain: logits -> ?penalties -> ?dry -> ?top-n-sigma -> top-k -> ?typical -> top-p -> ?min-p -> ?xtc -> temp-ext -> dist 
ollama-1  | slot launch_slot_: id  0 | task -1 | sampler params: 
ollama-1  | 	repeat_last_n = 64, repeat_penalty = 1.000, frequency_penalty = 0.000, presence_penalty = 0.000
ollama-1  | 	dry_multiplier = 0.000, dry_base = 1.750, dry_allowed_length = 2, dry_penalty_last_n = 64
ollama-1  | 	top_k = 40, top_p = 0.900, min_p = 0.000, xtc_probability = 0.000, xtc_threshold = 0.100, typical_p = 1.000, top_n_sigma = -1.000, temp = 0.000
ollama-1  | 	mirostat = 0, mirostat_lr = 0.100, mirostat_ent = 5.000, adaptive_target = -1.000, adaptive_decay = 0.900
ollama-1  | slot launch_slot_: id  0 | task 11442 | processing task, is_child = 0
ollama-1  | slot   operator(): id  0 | task 11442 | new prompt, n_ctx_slot = 4096, n_keep = 4, task.n_tokens = 474
ollama-1  | slot   operator(): id  0 | task 11442 | cached n_tokens = 350, memory_seq_rm [350, end)
ollama-1  | slot init_sampler: id  0 | task 11442 | init sampler, took 0.04 ms, tokens: text = 474, total = 474
ollama-1  | [GIN] 2026/10/08 - 09:29:38 | 200 |      38.985µs |       127.0.0.1 | HEAD     "/"
ollama-1  | [GIN] 2026/10/08 - 09:29:38 | 200 |    1.496428ms |       127.0.0.1 | GET      "/api/tags"
ollama-1  | slot print_timing: id  0 | task 11442 | prompt eval time =    1846.00 ms /   124 tokens (   14.89 ms per token,    67.17 tokens per second)
ollama-1  | slot print_timing: id  0 | task 11442 |        eval time =     504.19 ms /     8 tokens (   72.03 ms per token,    13.88 tokens per second)
ollama-1  | slot print_timing: id  0 | task 11442 |       total time =    2350.20 ms /   132 tokens
ollama-1  | slot print_timing: id  0 | task 11442 |    graphs reused =       8054
ollama-1  | slot      release: id  0 | task 11442 | stop processing: n_tokens = 481, truncated = 0
ollama-1  | srv  update_slots: all slots are idle
ollama-1  | [GIN] 2026/10/08 - 09:29:38 | 200 |          1m6s |      172.21.0.4 | POST     "/api/generate"
ollama-1  | srv  server_strea: conv_id= (empty=1)
ollama-1  | slot get_availabl: id  0 | task -1 |  - checking sim = 0.845 (350/414) > 0.100
ollama-1  | slot get_availabl: id  0 | task -1 | selected slot by LCP similarity, f_sim_best = 0.845 (> 0.100 thold), f_keep = 0.728
ollama-1  | slot launch_slot_: id  0 | task -1 | sampler chain: logits -> ?penalties -> ?dry -> ?top-n-sigma -> top-k -> ?typical -> top-p -> ?min-p -> ?xtc -> temp-ext -> dist 
ollama-1  | slot launch_slot_: id  0 | task -1 | sampler params: 
ollama-1  | 	repeat_last_n = 64, repeat_penalty = 1.000, frequency_penalty = 0.000, presence_penalty = 0.000
ollama-1  | 	dry_multiplier = 0.000, dry_base = 1.750, dry_allowed_length = 2, dry_penalty_last_n = 64
ollama-1  | 	top_k = 40, top_p = 0.900, min_p = 0.000, xtc_probability = 0.000, xtc_threshold = 0.100, typical_p = 1.000, top_n_sigma = -1.000, temp = 0.000
ollama-1  | 	mirostat = 0, mirostat_lr = 0.100, mirostat_ent = 5.000, adaptive_target = -1.000, adaptive_decay = 0.900
ollama-1  | slot launch_slot_: id  0 | task 11451 | processing task, is_child = 0
ollama-1  | slot   operator(): id  0 | task 11451 | new prompt, n_ctx_slot = 4096, n_keep = 4, task.n_tokens = 414
ollama-1  | slot   operator(): id  0 | task 11451 | cached n_tokens = 350, memory_seq_rm [350, end)
ollama-1  | slot init_sampler: id  0 | task 11451 | init sampler, took 0.05 ms, tokens: text = 414, total = 414
ollama-1  | slot print_timing: id  0 | task 11451 | prompt eval time =     974.38 ms /    64 tokens (   15.22 ms per token,    65.68 tokens per second)
ollama-1  | slot print_timing: id  0 | task 11451 |        eval time =     617.00 ms /    10 tokens (   68.56 ms per token,    14.59 tokens per second)
ollama-1  | slot print_timing: id  0 | task 11451 |       total time =    1591.38 ms /    74 tokens
ollama-1  | slot print_timing: id  0 | task 11451 |    graphs reused =       8062
ollama-1  | slot      release: id  0 | task 11451 | stop processing: n_tokens = 423, truncated = 0
ollama-1  | srv  update_slots: all slots are idle
ollama-1  | [GIN] 2026/10/08 - 09:29:40 | 200 |          1m7s |      172.21.0.4 | POST     "/api/generate"
ollama-1  | srv  server_strea: conv_id= (empty=1)
ollama-1  | slot get_availabl: id  0 | task -1 |  - checking sim = 0.708 (351/496) > 0.100
ollama-1  | slot get_availabl: id  0 | task -1 | selected slot by LCP similarity, f_sim_best = 0.708 (> 0.100 thold), f_keep = 0.830
ollama-1  | slot launch_slot_: id  0 | task -1 | sampler chain: logits -> ?penalties -> ?dry -> ?top-n-sigma -> top-k -> ?typical -> top-p -> ?min-p -> ?xtc -> temp-ext -> dist 
ollama-1  | slot launch_slot_: id  0 | task -1 | sampler params: 
ollama-1  | 	repeat_last_n = 64, repeat_penalty = 1.000, frequency_penalty = 0.000, presence_penalty = 0.000
ollama-1  | 	dry_multiplier = 0.000, dry_base = 1.750, dry_allowed_length = 2, dry_penalty_last_n = 64
ollama-1  | 	top_k = 40, top_p = 0.900, min_p = 0.000, xtc_probability = 0.000, xtc_threshold = 0.100, typical_p = 1.000, top_n_sigma = -1.000, temp = 0.000
ollama-1  | 	mirostat = 0, mirostat_lr = 0.100, mirostat_ent = 5.000, adaptive_target = -1.000, adaptive_decay = 0.900
ollama-1  | slot launch_slot_: id  0 | task 11462 | processing task, is_child = 0
ollama-1  | slot   operator(): id  0 | task 11462 | new prompt, n_ctx_slot = 4096, n_keep = 4, task.n_tokens = 496
ollama-1  | slot   operator(): id  0 | task 11462 | cached n_tokens = 351, memory_seq_rm [351, end)
ollama-1  | slot init_sampler: id  0 | task 11462 | init sampler, took 0.04 ms, tokens: text = 496, total = 496
ollama-1  | slot print_timing: id  0 | task 11462 | prompt eval time =    2138.34 ms /   145 tokens (   14.75 ms per token,    67.81 tokens per second)
ollama-1  | slot print_timing: id  0 | task 11462 |        eval time =     686.75 ms /    11 tokens (   68.67 ms per token,    14.56 tokens per second)
ollama-1  | slot print_timing: id  0 | task 11462 |       total time =    2825.08 ms /   156 tokens
ollama-1  | slot print_timing: id  0 | task 11462 |    graphs reused =       8071
ollama-1  | slot      release: id  0 | task 11462 | stop processing: n_tokens = 506, truncated = 0
ollama-1  | srv  update_slots: all slots are idle
ollama-1  | [GIN] 2026/10/08 - 09:29:43 | 200 |          1m6s |      172.21.0.4 | POST     "/api/generate"
ollama-1  | srv  server_strea: conv_id= (empty=1)
ollama-1  | slot get_availabl: id  0 | task -1 |  - checking sim = 0.580 (351/605) > 0.100
ollama-1  | slot get_availabl: id  0 | task -1 | selected slot by LCP similarity, f_sim_best = 0.580 (> 0.100 thold), f_keep = 0.694
ollama-1  | slot launch_slot_: id  0 | task -1 | sampler chain: logits -> ?penalties -> ?dry -> ?top-n-sigma -> top-k -> ?typical -> top-p -> ?min-p -> ?xtc -> temp-ext -> dist 
ollama-1  | slot launch_slot_: id  0 | task -1 | sampler params: 
ollama-1  | 	repeat_last_n = 64, repeat_penalty = 1.000, frequency_penalty = 0.000, presence_penalty = 0.000
ollama-1  | 	dry_multiplier = 0.000, dry_base = 1.750, dry_allowed_length = 2, dry_penalty_last_n = 64
ollama-1  | 	top_k = 40, top_p = 0.900, min_p = 0.000, xtc_probability = 0.000, xtc_threshold = 0.100, typical_p = 1.000, top_n_sigma = -1.000, temp = 0.000
ollama-1  | 	mirostat = 0, mirostat_lr = 0.100, mirostat_ent = 5.000, adaptive_target = -1.000, adaptive_decay = 0.900
ollama-1  | slot launch_slot_: id  0 | task 11474 | processing task, is_child = 0
ollama-1  | slot   operator(): id  0 | task 11474 | new prompt, n_ctx_slot = 4096, n_keep = 4, task.n_tokens = 605
ollama-1  | slot   operator(): id  0 | task 11474 | cached n_tokens = 351, memory_seq_rm [351, end)
ollama-1  | slot init_sampler: id  0 | task 11474 | init sampler, took 0.05 ms, tokens: text = 605, total = 605
ollama-1  | slot print_timing: id  0 | task 11474 | prompt eval time =    3708.13 ms /   254 tokens (   14.60 ms per token,    68.50 tokens per second)
ollama-1  | slot print_timing: id  0 | task 11474 |        eval time =     548.91 ms /     9 tokens (   68.61 ms per token,    14.57 tokens per second)
ollama-1  | slot print_timing: id  0 | task 11474 |       total time =    4257.04 ms /   263 tokens
ollama-1  | slot print_timing: id  0 | task 11474 |    graphs reused =       8078
ollama-1  | slot      release: id  0 | task 11474 | stop processing: n_tokens = 613, truncated = 0
ollama-1  | srv  update_slots: all slots are idle
ollama-1  | [GIN] 2026/10/08 - 09:29:47 | 200 |          1m8s |      172.21.0.4 | POST     "/api/generate"
ollama-1  | srv  server_strea: conv_id= (empty=1)
ollama-1  | slot get_availabl: id  0 | task -1 |  - checking sim = 0.572 (350/612) > 0.100
ollama-1  | slot get_availabl: id  0 | task -1 | selected slot by LCP similarity, f_sim_best = 0.572 (> 0.100 thold), f_keep = 0.571
ollama-1  | slot launch_slot_: id  0 | task -1 | sampler chain: logits -> ?penalties -> ?dry -> ?top-n-sigma -> top-k -> ?typical -> top-p -> ?min-p -> ?xtc -> temp-ext -> dist 
ollama-1  | slot launch_slot_: id  0 | task -1 | sampler params: 
ollama-1  | 	repeat_last_n = 64, repeat_penalty = 1.000, frequency_penalty = 0.000, presence_penalty = 0.000
ollama-1  | 	dry_multiplier = 0.000, dry_base = 1.750, dry_allowed_length = 2, dry_penalty_last_n = 64
ollama-1  | 	top_k = 40, top_p = 0.900, min_p = 0.000, xtc_probability = 0.000, xtc_threshold = 0.100, typical_p = 1.000, top_n_sigma = -1.000, temp = 0.000
ollama-1  | 	mirostat = 0, mirostat_lr = 0.100, mirostat_ent = 5.000, adaptive_target = -1.000, adaptive_decay = 0.900
ollama-1  | slot launch_slot_: id  0 | task 11484 | processing task, is_child = 0
ollama-1  | slot   operator(): id  0 | task 11484 | new prompt, n_ctx_slot = 4096, n_keep = 4, task.n_tokens = 612
ollama-1  | slot   operator(): id  0 | task 11484 | cached n_tokens = 350, memory_seq_rm [350, end)
ollama-1  | slot init_sampler: id  0 | task 11484 | init sampler, took 0.05 ms, tokens: text = 612, total = 612
ollama-1  | [GIN] 2026/10/08 - 09:29:48 | 200 |      29.685µs |       127.0.0.1 | HEAD     "/"
ollama-1  | [GIN] 2026/10/08 - 09:29:48 | 200 |    1.299421ms |       127.0.0.1 | GET      "/api/tags"
ollama-1  | slot print_timing: id  0 | task 11484 | prompt eval time =    3907.82 ms /   262 tokens (   14.92 ms per token,    67.05 tokens per second)
ollama-1  | slot print_timing: id  0 | task 11484 |        eval time =     491.79 ms /     8 tokens (   70.26 ms per token,    14.23 tokens per second)
ollama-1  | slot print_timing: id  0 | task 11484 |       total time =    4399.61 ms /   270 tokens
ollama-1  | slot print_timing: id  0 | task 11484 |    graphs reused =       8084
ollama-1  | slot      release: id  0 | task 11484 | stop processing: n_tokens = 619, truncated = 0
ollama-1  | srv  update_slots: all slots are idle
ollama-1  | [GIN] 2026/10/08 - 09:29:51 | 200 |          1m9s |      172.21.0.4 | POST     "/api/generate"
ollama-1  | srv  server_strea: conv_id= (empty=1)
ollama-1  | slot get_availabl: id  0 | task -1 |  - checking sim = 0.615 (350/569) > 0.100
ollama-1  | slot get_availabl: id  0 | task -1 | selected slot by LCP similarity, f_sim_best = 0.615 (> 0.100 thold), f_keep = 0.565
ollama-1  | slot launch_slot_: id  0 | task -1 | sampler chain: logits -> ?penalties -> ?dry -> ?top-n-sigma -> top-k -> ?typical -> top-p -> ?min-p -> ?xtc -> temp-ext -> dist 
ollama-1  | slot launch_slot_: id  0 | task -1 | sampler params: 
ollama-1  | 	repeat_last_n = 64, repeat_penalty = 1.000, frequency_penalty = 0.000, presence_penalty = 0.000
ollama-1  | 	dry_multiplier = 0.000, dry_base = 1.750, dry_allowed_length = 2, dry_penalty_last_n = 64
ollama-1  | 	top_k = 40, top_p = 0.900, min_p = 0.000, xtc_probability = 0.000, xtc_threshold = 0.100, typical_p = 1.000, top_n_sigma = -1.000, temp = 0.000
ollama-1  | 	mirostat = 0, mirostat_lr = 0.100, mirostat_ent = 5.000, adaptive_target = -1.000, adaptive_decay = 0.900
ollama-1  | slot launch_slot_: id  0 | task 11493 | processing task, is_child = 0
ollama-1  | slot   operator(): id  0 | task 11493 | new prompt, n_ctx_slot = 4096, n_keep = 4, task.n_tokens = 569
ollama-1  | slot   operator(): id  0 | task 11493 | cached n_tokens = 350, memory_seq_rm [350, end)
ollama-1  | slot init_sampler: id  0 | task 11493 | init sampler, took 0.05 ms, tokens: text = 569, total = 569
ollama-1  | slot print_timing: id  0 | task 11493 | prompt eval time =    3241.89 ms /   219 tokens (   14.80 ms per token,    67.55 tokens per second)
ollama-1  | slot print_timing: id  0 | task 11493 |        eval time =     690.46 ms /    11 tokens (   69.05 ms per token,    14.48 tokens per second)
ollama-1  | slot print_timing: id  0 | task 11493 |       total time =    3932.35 ms /   230 tokens
ollama-1  | slot print_timing: id  0 | task 11493 |    graphs reused =       8093
ollama-1  | slot      release: id  0 | task 11493 | stop processing: n_tokens = 579, truncated = 0
ollama-1  | srv  update_slots: all slots are idle
ollama-1  | [GIN] 2026/10/08 - 09:29:55 | 200 |          1m7s |      172.21.0.4 | POST     "/api/generate"
ollama-1  | srv  server_strea: conv_id= (empty=1)
ollama-1  | slot get_availabl: id  0 | task -1 |  - checking sim = 0.680 (350/515) > 0.100
ollama-1  | slot get_availabl: id  0 | task -1 | selected slot by LCP similarity, f_sim_best = 0.680 (> 0.100 thold), f_keep = 0.604
ollama-1  | slot launch_slot_: id  0 | task -1 | sampler chain: logits -> ?penalties -> ?dry -> ?top-n-sigma -> top-k -> ?typical -> top-p -> ?min-p -> ?xtc -> temp-ext -> dist 
ollama-1  | slot launch_slot_: id  0 | task -1 | sampler params: 
ollama-1  | 	repeat_last_n = 64, repeat_penalty = 1.000, frequency_penalty = 0.000, presence_penalty = 0.000
ollama-1  | 	dry_multiplier = 0.000, dry_base = 1.750, dry_allowed_length = 2, dry_penalty_last_n = 64
ollama-1  | 	top_k = 40, top_p = 0.900, min_p = 0.000, xtc_probability = 0.000, xtc_threshold = 0.100, typical_p = 1.000, top_n_sigma = -1.000, temp = 0.000
ollama-1  | 	mirostat = 0, mirostat_lr = 0.100, mirostat_ent = 5.000, adaptive_target = -1.000, adaptive_decay = 0.900
ollama-1  | slot launch_slot_: id  0 | task 11505 | processing task, is_child = 0
ollama-1  | slot   operator(): id  0 | task 11505 | new prompt, n_ctx_slot = 4096, n_keep = 4, task.n_tokens = 515
ollama-1  | slot   operator(): id  0 | task 11505 | cached n_tokens = 350, memory_seq_rm [350, end)
ollama-1  | slot init_sampler: id  0 | task 11505 | init sampler, took 0.04 ms, tokens: text = 515, total = 515
ollama-1  | [GIN] 2026/10/08 - 09:29:58 | 200 |      29.958µs |       127.0.0.1 | HEAD     "/"
ollama-1  | [GIN] 2026/10/08 - 09:29:58 | 200 |     822.822µs |       127.0.0.1 | GET      "/api/tags"
ollama-1  | slot print_timing: id  0 | task 11505 | prompt eval time =    2450.10 ms /   165 tokens (   14.85 ms per token,    67.34 tokens per second)
ollama-1  | slot print_timing: id  0 | task 11505 |        eval time =     654.23 ms /    10 tokens (   72.69 ms per token,    13.76 tokens per second)
ollama-1  | slot print_timing: id  0 | task 11505 |       total time =    3104.32 ms /   175 tokens
ollama-1  | slot print_timing: id  0 | task 11505 |    graphs reused =       8101
ollama-1  | slot      release: id  0 | task 11505 | stop processing: n_tokens = 524, truncated = 0
ollama-1  | srv  update_slots: all slots are idle
ollama-1  | [GIN] 2026/10/08 - 09:29:59 | 200 |          1m1s |      172.21.0.4 | POST     "/api/generate"
ollama-1  | srv  server_strea: conv_id= (empty=1)
ollama-1  | slot get_availabl: id  0 | task -1 |  - checking sim = 0.868 (350/403) > 0.100
ollama-1  | slot get_availabl: id  0 | task -1 | selected slot by LCP similarity, f_sim_best = 0.868 (> 0.100 thold), f_keep = 0.668
ollama-1  | slot launch_slot_: id  0 | task -1 | sampler chain: logits -> ?penalties -> ?dry -> ?top-n-sigma -> top-k -> ?typical -> top-p -> ?min-p -> ?xtc -> temp-ext -> dist 
ollama-1  | slot launch_slot_: id  0 | task -1 | sampler params: 
ollama-1  | 	repeat_last_n = 64, repeat_penalty = 1.000, frequency_penalty = 0.000, presence_penalty = 0.000
ollama-1  | 	dry_multiplier = 0.000, dry_base = 1.750, dry_allowed_length = 2, dry_penalty_last_n = 64
ollama-1  | 	top_k = 40, top_p = 0.900, min_p = 0.000, xtc_probability = 0.000, xtc_threshold = 0.100, typical_p = 1.000, top_n_sigma = -1.000, temp = 0.000
ollama-1  | 	mirostat = 0, mirostat_lr = 0.100, mirostat_ent = 5.000, adaptive_target = -1.000, adaptive_decay = 0.900
ollama-1  | slot launch_slot_: id  0 | task 11516 | processing task, is_child = 0
ollama-1  | slot   operator(): id  0 | task 11516 | new prompt, n_ctx_slot = 4096, n_keep = 4, task.n_tokens = 403
ollama-1  | slot   operator(): id  0 | task 11516 | cached n_tokens = 350, memory_seq_rm [350, end)
ollama-1  | slot init_sampler: id  0 | task 11516 | init sampler, took 0.04 ms, tokens: text = 403, total = 403
ollama-1  | slot print_timing: id  0 | task 11516 | prompt eval time =     887.73 ms /    53 tokens (   16.75 ms per token,    59.70 tokens per second)
ollama-1  | slot print_timing: id  0 | task 11516 |        eval time =     570.46 ms /     9 tokens (   71.31 ms per token,    14.02 tokens per second)
ollama-1  | slot print_timing: id  0 | task 11516 |       total time =    1458.19 ms /    62 tokens
ollama-1  | slot print_timing: id  0 | task 11516 |    graphs reused =       8108
ollama-1  | slot      release: id  0 | task 11516 | stop processing: n_tokens = 411, truncated = 0
ollama-1  | srv  update_slots: all slots are idle
ollama-1  | [GIN] 2026/10/08 - 09:30:00 | 200 | 53.667266608s |      172.21.0.4 | POST     "/api/generate"
ollama-1  | srv  server_strea: conv_id= (empty=1)
ollama-1  | slot get_availabl: id  0 | task -1 |  - checking sim = 0.603 (350/580) > 0.100
ollama-1  | slot get_availabl: id  0 | task -1 | selected slot by LCP similarity, f_sim_best = 0.603 (> 0.100 thold), f_keep = 0.852
ollama-1  | slot launch_slot_: id  0 | task -1 | sampler chain: logits -> ?penalties -> ?dry -> ?top-n-sigma -> top-k -> ?typical -> top-p -> ?min-p -> ?xtc -> temp-ext -> dist 
ollama-1  | slot launch_slot_: id  0 | task -1 | sampler params: 
ollama-1  | 	repeat_last_n = 64, repeat_penalty = 1.000, frequency_penalty = 0.000, presence_penalty = 0.000
ollama-1  | 	dry_multiplier = 0.000, dry_base = 1.750, dry_allowed_length = 2, dry_penalty_last_n = 64
ollama-1  | 	top_k = 40, top_p = 0.900, min_p = 0.000, xtc_probability = 0.000, xtc_threshold = 0.100, typical_p = 1.000, top_n_sigma = -1.000, temp = 0.000
ollama-1  | 	mirostat = 0, mirostat_lr = 0.100, mirostat_ent = 5.000, adaptive_target = -1.000, adaptive_decay = 0.900
ollama-1  | slot launch_slot_: id  0 | task 11526 | processing task, is_child = 0
ollama-1  | slot   operator(): id  0 | task 11526 | new prompt, n_ctx_slot = 4096, n_keep = 4, task.n_tokens = 580
ollama-1  | slot   operator(): id  0 | task 11526 | cached n_tokens = 350, memory_seq_rm [350, end)
ollama-1  | slot init_sampler: id  0 | task 11526 | init sampler, took 0.05 ms, tokens: text = 580, total = 580
ollama-1  | slot print_timing: id  0 | task 11526 | prompt eval time =    3391.44 ms /   230 tokens (   14.75 ms per token,    67.82 tokens per second)
ollama-1  | slot print_timing: id  0 | task 11526 |        eval time =     623.93 ms /    10 tokens (   69.33 ms per token,    14.42 tokens per second)
ollama-1  | slot print_timing: id  0 | task 11526 |       total time =    4015.37 ms /   240 tokens
ollama-1  | slot print_timing: id  0 | task 11526 |    graphs reused =       8116
ollama-1  | slot      release: id  0 | task 11526 | stop processing: n_tokens = 589, truncated = 0
ollama-1  | srv  update_slots: all slots are idle
ollama-1  | [GIN] 2026/10/08 - 09:30:04 | 200 | 54.939144004s |      172.21.0.4 | POST     "/api/generate"
ollama-1  | srv  server_strea: conv_id= (empty=1)
ollama-1  | slot get_availabl: id  0 | task -1 |  - checking sim = 0.829 (350/422) > 0.100
ollama-1  | slot get_availabl: id  0 | task -1 | selected slot by LCP similarity, f_sim_best = 0.829 (> 0.100 thold), f_keep = 0.594
ollama-1  | slot launch_slot_: id  0 | task -1 | sampler chain: logits -> ?penalties -> ?dry -> ?top-n-sigma -> top-k -> ?typical -> top-p -> ?min-p -> ?xtc -> temp-ext -> dist 
ollama-1  | slot launch_slot_: id  0 | task -1 | sampler params: 
ollama-1  | 	repeat_last_n = 64, repeat_penalty = 1.000, frequency_penalty = 0.000, presence_penalty = 0.000
ollama-1  | 	dry_multiplier = 0.000, dry_base = 1.750, dry_allowed_length = 2, dry_penalty_last_n = 64
ollama-1  | 	top_k = 40, top_p = 0.900, min_p = 0.000, xtc_probability = 0.000, xtc_threshold = 0.100, typical_p = 1.000, top_n_sigma = -1.000, temp = 0.000
ollama-1  | 	mirostat = 0, mirostat_lr = 0.100, mirostat_ent = 5.000, adaptive_target = -1.000, adaptive_decay = 0.900
ollama-1  | slot launch_slot_: id  0 | task 11537 | processing task, is_child = 0
ollama-1  | slot   operator(): id  0 | task 11537 | new prompt, n_ctx_slot = 4096, n_keep = 4, task.n_tokens = 422
ollama-1  | slot   operator(): id  0 | task 11537 | cached n_tokens = 350, memory_seq_rm [350, end)
ollama-1  | slot init_sampler: id  0 | task 11537 | init sampler, took 0.04 ms, tokens: text = 422, total = 422
ollama-1  | slot print_timing: id  0 | task 11537 | prompt eval time =    1100.63 ms /    72 tokens (   15.29 ms per token,    65.42 tokens per second)
ollama-1  | slot print_timing: id  0 | task 11537 |        eval time =     555.10 ms /     9 tokens (   69.39 ms per token,    14.41 tokens per second)
ollama-1  | slot print_timing: id  0 | task 11537 |       total time =    1655.73 ms /    81 tokens
ollama-1  | slot print_timing: id  0 | task 11537 |    graphs reused =       8123
ollama-1  | slot      release: id  0 | task 11537 | stop processing: n_tokens = 430, truncated = 0
ollama-1  | srv  update_slots: all slots are idle
ollama-1  | [GIN] 2026/10/08 - 09:30:06 | 200 | 55.904453141s |      172.21.0.4 | POST     "/api/generate"
ollama-1  | srv  server_strea: conv_id= (empty=1)
ollama-1  | slot get_availabl: id  0 | task -1 |  - checking sim = 0.396 (350/884) > 0.100
ollama-1  | slot get_availabl: id  0 | task -1 | selected slot by LCP similarity, f_sim_best = 0.396 (> 0.100 thold), f_keep = 0.814
ollama-1  | slot launch_slot_: id  0 | task -1 | sampler chain: logits -> ?penalties -> ?dry -> ?top-n-sigma -> top-k -> ?typical -> top-p -> ?min-p -> ?xtc -> temp-ext -> dist 
ollama-1  | slot launch_slot_: id  0 | task -1 | sampler params: 
ollama-1  | 	repeat_last_n = 64, repeat_penalty = 1.000, frequency_penalty = 0.000, presence_penalty = 0.000
ollama-1  | 	dry_multiplier = 0.000, dry_base = 1.750, dry_allowed_length = 2, dry_penalty_last_n = 64
ollama-1  | 	top_k = 40, top_p = 0.900, min_p = 0.000, xtc_probability = 0.000, xtc_threshold = 0.100, typical_p = 1.000, top_n_sigma = -1.000, temp = 0.000
ollama-1  | 	mirostat = 0, mirostat_lr = 0.100, mirostat_ent = 5.000, adaptive_target = -1.000, adaptive_decay = 0.900
ollama-1  | slot launch_slot_: id  0 | task 11547 | processing task, is_child = 0
ollama-1  | slot   operator(): id  0 | task 11547 | new prompt, n_ctx_slot = 4096, n_keep = 4, task.n_tokens = 884
ollama-1  | slot   operator(): id  0 | task 11547 | cached n_tokens = 350, memory_seq_rm [350, end)
ollama-1  | [GIN] 2026/10/08 - 09:30:09 | 200 |      33.821µs |       127.0.0.1 | HEAD     "/"
ollama-1  | [GIN] 2026/10/08 - 09:30:09 | 200 |    2.626444ms |       127.0.0.1 | GET      "/api/tags"
ollama-1  | slot print_timing: id  0 | task 11547 | prompt processing, n_tokens =    512, progress = 0.98, t =   7.40 s / 69.22 tokens per second
ollama-1  | slot   operator(): id  0 | task 11547 | cached n_tokens = 862, memory_seq_rm [862, end)
ollama-1  | slot init_sampler: id  0 | task 11547 | init sampler, took 0.12 ms, tokens: text = 884, total = 884
ollama-1  | slot print_timing: id  0 | task 11547 | prompt eval time =    7830.10 ms /   534 tokens (   14.66 ms per token,    68.20 tokens per second)
ollama-1  | slot print_timing: id  0 | task 11547 |        eval time =     590.04 ms /     9 tokens (   73.76 ms per token,    13.56 tokens per second)
ollama-1  | slot print_timing: id  0 | task 11547 |       total time =    8420.14 ms /   543 tokens
ollama-1  | slot print_timing: id  0 | task 11547 |    graphs reused =       8130
ollama-1  | slot      release: id  0 | task 11547 | stop processing: n_tokens = 892, truncated = 0
ollama-1  | srv  update_slots: all slots are idle
ollama-1  | [GIN] 2026/10/08 - 09:30:15 | 200 |          1m4s |      172.21.0.4 | POST     "/api/generate"
ollama-1  | srv  server_strea: conv_id= (empty=1)
ollama-1  | slot get_availabl: id  0 | task -1 |  - checking sim = 0.514 (350/681) > 0.100
ollama-1  | slot get_availabl: id  0 | task -1 | selected slot by LCP similarity, f_sim_best = 0.514 (> 0.100 thold), f_keep = 0.392
ollama-1  | srv  get_availabl: updating prompt cache
ollama-1  | srv   prompt_save:  - saving prompt with length 892, total state size = 111.511 MiB (draft: 0.000 MiB)
ollama-1  | srv         alloc:  - prompt is already in the cache, skipping
ollama-1  | srv          load:  - looking for better prompt, base f_keep = 0.392, f_sim = 0.514
ollama-1  | srv          load:    - prompt with length     782, lcp =     350, f_keep = 0.448, f_sim = 0.514
ollama-1  | srv          load:    - prompt with length     794, lcp =     350, f_keep = 0.441, f_sim = 0.514
ollama-1  | srv          load:    - prompt with length     753, lcp =     350, f_keep = 0.465, f_sim = 0.514
ollama-1  | srv          load:    - prompt with length     730, lcp =     350, f_keep = 0.479, f_sim = 0.514
ollama-1  | srv          load:    - prompt with length     828, lcp =     350, f_keep = 0.423, f_sim = 0.514
ollama-1  | srv          load:    - prompt with length     844, lcp =     350, f_keep = 0.415, f_sim = 0.514
ollama-1  | srv          load:    - prompt with length     846, lcp =     350, f_keep = 0.414, f_sim = 0.514
ollama-1  | srv          load:    - prompt with length     892, lcp =     350, f_keep = 0.392, f_sim = 0.514
ollama-1  | srv          load:    - prompt with length     778, lcp =     350, f_keep = 0.450, f_sim = 0.514
ollama-1  | srv          load:    - prompt with length     788, lcp =     350, f_keep = 0.444, f_sim = 0.514
ollama-1  | srv          load:    - prompt with length    1176, lcp =     350, f_keep = 0.298, f_sim = 0.514
ollama-1  | srv          load:    - prompt with length     726, lcp =     350, f_keep = 0.482, f_sim = 0.514
ollama-1  | srv          load:    - prompt with length     765, lcp =     350, f_keep = 0.458, f_sim = 0.514
ollama-1  | srv          load:    - prompt with length     851, lcp =     350, f_keep = 0.411, f_sim = 0.514
ollama-1  | srv          load:    - prompt with length     763, lcp =     350, f_keep = 0.459, f_sim = 0.514
ollama-1  | srv          load:    - prompt with length     730, lcp =     350, f_keep = 0.479, f_sim = 0.514
ollama-1  | srv          load:    - prompt with length     780, lcp =     350, f_keep = 0.449, f_sim = 0.514
ollama-1  | srv          load:    - prompt with length     847, lcp =     350, f_keep = 0.413, f_sim = 0.514
ollama-1  | srv          load:    - prompt with length     710, lcp =     350, f_keep = 0.493, f_sim = 0.514
ollama-1  | srv          load:    - prompt with length     770, lcp =     350, f_keep = 0.455, f_sim = 0.514
ollama-1  | srv          load:    - prompt with length     717, lcp =     350, f_keep = 0.488, f_sim = 0.514
ollama-1  | srv          load:    - prompt with length     753, lcp =     350, f_keep = 0.465, f_sim = 0.514
ollama-1  | srv          load:    - prompt with length     729, lcp =     350, f_keep = 0.480, f_sim = 0.514
ollama-1  | srv          load:    - prompt with length     796, lcp =     350, f_keep = 0.440, f_sim = 0.514
ollama-1  | srv          load:    - prompt with length     709, lcp =     350, f_keep = 0.494, f_sim = 0.514
ollama-1  | srv          load:    - prompt with length     724, lcp =     350, f_keep = 0.483, f_sim = 0.514
ollama-1  | srv          load:    - prompt with length     800, lcp =     350, f_keep = 0.438, f_sim = 0.514
ollama-1  | srv          load:    - prompt with length     728, lcp =     350, f_keep = 0.481, f_sim = 0.514
ollama-1  | srv          load:    - prompt with length     790, lcp =     350, f_keep = 0.443, f_sim = 0.514
ollama-1  | srv        update:  - cache state: 29 prompts, 2862.659 MiB (limits: 8192.000 MiB, 4096 tokens, 65529 est)
ollama-1  | srv        update:    - prompt 0x36524940:     782 tokens, checkpoints:  0,    97.760 MiB
ollama-1  | srv        update:    - prompt 0x36524a40:     794 tokens, checkpoints:  0,    99.260 MiB
ollama-1  | srv        update:    - prompt 0x36521d10:     753 tokens, checkpoints:  0,    94.134 MiB
ollama-1  | srv        update:    - prompt 0x36521c60:     730 tokens, checkpoints:  0,    91.259 MiB
ollama-1  | srv        update:    - prompt 0x36521bb0:     828 tokens, checkpoints:  0,   103.510 MiB
ollama-1  | srv        update:    - prompt 0x3652bd10:     844 tokens, checkpoints:  0,   105.510 MiB
ollama-1  | srv        update:    - prompt 0x3724fc20:     846 tokens, checkpoints:  0,   105.760 MiB
ollama-1  | srv        update:    - prompt 0x3651c680:     892 tokens, checkpoints:  0,   111.511 MiB
ollama-1  | srv        update:    - prompt 0x36504320:     778 tokens, checkpoints:  0,    97.260 MiB
ollama-1  | srv        update:    - prompt 0x371021f0:     788 tokens, checkpoints:  0,    98.510 MiB
ollama-1  | srv        update:    - prompt 0x3724a9f0:    1176 tokens, checkpoints:  0,   147.014 MiB
ollama-1  | srv        update:    - prompt 0x36516480:     726 tokens, checkpoints:  0,    90.759 MiB
ollama-1  | srv        update:    - prompt 0x371c5be0:     765 tokens, checkpoints:  0,    95.635 MiB
ollama-1  | srv        update:    - prompt 0x3651cdf0:     851 tokens, checkpoints:  0,   106.385 MiB
ollama-1  | srv        update:    - prompt 0x36510eb0:     763 tokens, checkpoints:  0,    95.384 MiB
ollama-1  | srv        update:    - prompt 0x3715ca80:     730 tokens, checkpoints:  0,    91.259 MiB
ollama-1  | srv        update:    - prompt 0x36522570:     780 tokens, checkpoints:  0,    97.510 MiB
ollama-1  | srv        update:    - prompt 0x37b80950:     847 tokens, checkpoints:  0,   105.885 MiB
ollama-1  | srv        update:    - prompt 0x37a562a0:     710 tokens, checkpoints:  0,    88.759 MiB
ollama-1  | srv        update:    - prompt 0x37a8eee0:     770 tokens, checkpoints:  0,    96.260 MiB
ollama-1  | srv        update:    - prompt 0x370b1e10:     717 tokens, checkpoints:  0,    89.634 MiB
ollama-1  | srv        update:    - prompt 0x36537930:     753 tokens, checkpoints:  0,    94.134 MiB
ollama-1  | srv        update:    - prompt 0x371b5c80:     729 tokens, checkpoints:  0,    91.134 MiB
ollama-1  | srv        update:    - prompt 0x36996dc0:     796 tokens, checkpoints:  0,    99.510 MiB
ollama-1  | srv        update:    - prompt 0x37264940:     709 tokens, checkpoints:  0,    88.634 MiB
ollama-1  | srv        update:    - prompt 0x365024f0:     724 tokens, checkpoints:  0,    90.509 MiB
ollama-1  | srv        update:    - prompt 0x370b0570:     800 tokens, checkpoints:  0,   100.010 MiB
ollama-1  | srv        update:    - prompt 0x37256510:     728 tokens, checkpoints:  0,    91.009 MiB
ollama-1  | srv        update:    - prompt 0x364ffda0:     790 tokens, checkpoints:  0,    98.760 MiB
ollama-1  | srv  get_availabl: prompt cache update took 0.08 ms
ollama-1  | slot launch_slot_: id  0 | task -1 | sampler chain: logits -> ?penalties -> ?dry -> ?top-n-sigma -> top-k -> ?typical -> top-p -> ?min-p -> ?xtc -> temp-ext -> dist 
ollama-1  | slot launch_slot_: id  0 | task -1 | sampler params: 
ollama-1  | 	repeat_last_n = 64, repeat_penalty = 1.000, frequency_penalty = 0.000, presence_penalty = 0.000
ollama-1  | 	dry_multiplier = 0.000, dry_base = 1.750, dry_allowed_length = 2, dry_penalty_last_n = 64
ollama-1  | 	top_k = 40, top_p = 0.900, min_p = 0.000, xtc_probability = 0.000, xtc_threshold = 0.100, typical_p = 1.000, top_n_sigma = -1.000, temp = 0.000
ollama-1  | 	mirostat = 0, mirostat_lr = 0.100, mirostat_ent = 5.000, adaptive_target = -1.000, adaptive_decay = 0.900
ollama-1  | slot launch_slot_: id  0 | task 11558 | processing task, is_child = 0
ollama-1  | slot   operator(): id  0 | task 11558 | new prompt, n_ctx_slot = 4096, n_keep = 4, task.n_tokens = 681
ollama-1  | slot   operator(): id  0 | task 11558 | cached n_tokens = 350, memory_seq_rm [350, end)
ollama-1  | slot init_sampler: id  0 | task 11558 | init sampler, took 0.06 ms, tokens: text = 681, total = 681
ollama-1  | [GIN] 2026/10/08 - 09:30:19 | 200 |      28.504µs |       127.0.0.1 | HEAD     "/"
ollama-1  | [GIN] 2026/10/08 - 09:30:19 | 200 |    1.487761ms |       127.0.0.1 | GET      "/api/tags"
ollama-1  | slot print_timing: id  0 | task 11558 | prompt eval time =    4882.14 ms /   331 tokens (   14.75 ms per token,    67.80 tokens per second)
ollama-1  | slot print_timing: id  0 | task 11558 |        eval time =     562.65 ms /     9 tokens (   70.33 ms per token,    14.22 tokens per second)
ollama-1  | slot print_timing: id  0 | task 11558 |       total time =    5444.80 ms /   340 tokens
ollama-1  | slot print_timing: id  0 | task 11558 |    graphs reused =       8137
ollama-1  | slot      release: id  0 | task 11558 | stop processing: n_tokens = 689, truncated = 0
ollama-1  | srv  update_slots: all slots are idle
ollama-1  | [GIN] 2026/10/08 - 09:30:21 | 200 |          1m6s |      172.21.0.4 | POST     "/api/generate"
ollama-1  | srv  server_strea: conv_id= (empty=1)
ollama-1  | slot get_availabl: id  0 | task -1 |  - checking sim = 0.756 (350/463) > 0.100
ollama-1  | slot get_availabl: id  0 | task -1 | selected slot by LCP similarity, f_sim_best = 0.756 (> 0.100 thold), f_keep = 0.508
ollama-1  | slot launch_slot_: id  0 | task -1 | sampler chain: logits -> ?penalties -> ?dry -> ?top-n-sigma -> top-k -> ?typical -> top-p -> ?min-p -> ?xtc -> temp-ext -> dist 
ollama-1  | slot launch_slot_: id  0 | task -1 | sampler params: 
ollama-1  | 	repeat_last_n = 64, repeat_penalty = 1.000, frequency_penalty = 0.000, presence_penalty = 0.000
ollama-1  | 	dry_multiplier = 0.000, dry_base = 1.750, dry_allowed_length = 2, dry_penalty_last_n = 64
ollama-1  | 	top_k = 40, top_p = 0.900, min_p = 0.000, xtc_probability = 0.000, xtc_threshold = 0.100, typical_p = 1.000, top_n_sigma = -1.000, temp = 0.000
ollama-1  | 	mirostat = 0, mirostat_lr = 0.100, mirostat_ent = 5.000, adaptive_target = -1.000, adaptive_decay = 0.900
ollama-1  | slot launch_slot_: id  0 | task 11568 | processing task, is_child = 0
ollama-1  | slot   operator(): id  0 | task 11568 | new prompt, n_ctx_slot = 4096, n_keep = 4, task.n_tokens = 463
ollama-1  | slot   operator(): id  0 | task 11568 | cached n_tokens = 350, memory_seq_rm [350, end)
ollama-1  | slot init_sampler: id  0 | task 11568 | init sampler, took 0.05 ms, tokens: text = 463, total = 463
ollama-1  | slot print_timing: id  0 | task 11568 | prompt eval time =    1672.65 ms /   113 tokens (   14.80 ms per token,    67.56 tokens per second)
ollama-1  | slot print_timing: id  0 | task 11568 |        eval time =     605.63 ms /    10 tokens (   67.29 ms per token,    14.86 tokens per second)
ollama-1  | slot print_timing: id  0 | task 11568 |       total time =    2278.28 ms /   123 tokens
ollama-1  | slot print_timing: id  0 | task 11568 |    graphs reused =       8145
ollama-1  | slot      release: id  0 | task 11568 | stop processing: n_tokens = 472, truncated = 0
ollama-1  | srv  update_slots: all slots are idle
ollama-1  | [GIN] 2026/10/08 - 09:30:23 | 200 |          1m2s |      172.21.0.4 | POST     "/api/generate"
ollama-1  | srv  server_strea: conv_id= (empty=1)
ollama-1  | slot get_availabl: id  0 | task -1 |  - checking sim = 0.553 (350/633) > 0.100
ollama-1  | slot get_availabl: id  0 | task -1 | selected slot by LCP similarity, f_sim_best = 0.553 (> 0.100 thold), f_keep = 0.742
ollama-1  | slot launch_slot_: id  0 | task -1 | sampler chain: logits -> ?penalties -> ?dry -> ?top-n-sigma -> top-k -> ?typical -> top-p -> ?min-p -> ?xtc -> temp-ext -> dist 
ollama-1  | slot launch_slot_: id  0 | task -1 | sampler params: 
ollama-1  | 	repeat_last_n = 64, repeat_penalty = 1.000, frequency_penalty = 0.000, presence_penalty = 0.000
ollama-1  | 	dry_multiplier = 0.000, dry_base = 1.750, dry_allowed_length = 2, dry_penalty_last_n = 64
ollama-1  | 	top_k = 40, top_p = 0.900, min_p = 0.000, xtc_probability = 0.000, xtc_threshold = 0.100, typical_p = 1.000, top_n_sigma = -1.000, temp = 0.000
ollama-1  | 	mirostat = 0, mirostat_lr = 0.100, mirostat_ent = 5.000, adaptive_target = -1.000, adaptive_decay = 0.900
ollama-1  | slot launch_slot_: id  0 | task 11579 | processing task, is_child = 0
ollama-1  | slot   operator(): id  0 | task 11579 | new prompt, n_ctx_slot = 4096, n_keep = 4, task.n_tokens = 633
ollama-1  | slot   operator(): id  0 | task 11579 | cached n_tokens = 350, memory_seq_rm [350, end)
ollama-1  | slot init_sampler: id  0 | task 11579 | init sampler, took 0.10 ms, tokens: text = 633, total = 633
ollama-1  | slot print_timing: id  0 | task 11579 | prompt eval time =    4151.87 ms /   283 tokens (   14.67 ms per token,    68.16 tokens per second)
ollama-1  | slot print_timing: id  0 | task 11579 |        eval time =     552.04 ms /     9 tokens (   69.00 ms per token,    14.49 tokens per second)
ollama-1  | slot print_timing: id  0 | task 11579 |       total time =    4703.90 ms /   292 tokens
ollama-1  | slot print_timing: id  0 | task 11579 |    graphs reused =       8152
ollama-1  | slot      release: id  0 | task 11579 | stop processing: n_tokens = 641, truncated = 0
ollama-1  | srv  update_slots: all slots are idle
ollama-1  | [GIN] 2026/10/08 - 09:30:28 | 200 |          1m5s |      172.21.0.4 | POST     "/api/generate"
ollama-1  | srv  server_strea: conv_id= (empty=1)
ollama-1  | slot get_availabl: id  0 | task -1 |  - checking sim = 0.453 (350/772) > 0.100
ollama-1  | slot get_availabl: id  0 | task -1 | selected slot by LCP similarity, f_sim_best = 0.453 (> 0.100 thold), f_keep = 0.546
ollama-1  | slot launch_slot_: id  0 | task -1 | sampler chain: logits -> ?penalties -> ?dry -> ?top-n-sigma -> top-k -> ?typical -> top-p -> ?min-p -> ?xtc -> temp-ext -> dist 
ollama-1  | slot launch_slot_: id  0 | task -1 | sampler params: 
ollama-1  | 	repeat_last_n = 64, repeat_penalty = 1.000, frequency_penalty = 0.000, presence_penalty = 0.000
ollama-1  | 	dry_multiplier = 0.000, dry_base = 1.750, dry_allowed_length = 2, dry_penalty_last_n = 64
ollama-1  | 	top_k = 40, top_p = 0.900, min_p = 0.000, xtc_probability = 0.000, xtc_threshold = 0.100, typical_p = 1.000, top_n_sigma = -1.000, temp = 0.000
ollama-1  | 	mirostat = 0, mirostat_lr = 0.100, mirostat_ent = 5.000, adaptive_target = -1.000, adaptive_decay = 0.900
ollama-1  | slot launch_slot_: id  0 | task 11589 | processing task, is_child = 0
ollama-1  | slot   operator(): id  0 | task 11589 | new prompt, n_ctx_slot = 4096, n_keep = 4, task.n_tokens = 772
ollama-1  | slot   operator(): id  0 | task 11589 | cached n_tokens = 350, memory_seq_rm [350, end)
ollama-1  | slot init_sampler: id  0 | task 11589 | init sampler, took 0.07 ms, tokens: text = 772, total = 772
ollama-1  | [GIN] 2026/10/08 - 09:30:30 | 200 |      30.206µs |       127.0.0.1 | HEAD     "/"
ollama-1  | [GIN] 2026/10/08 - 09:30:30 | 200 |    1.439857ms |       127.0.0.1 | GET      "/api/tags"
ollama-1  | slot print_timing: id  0 | task 11589 | prompt eval time =    6140.14 ms /   422 tokens (   14.55 ms per token,    68.73 tokens per second)
ollama-1  | slot print_timing: id  0 | task 11589 |        eval time =     562.69 ms /     9 tokens (   70.34 ms per token,    14.22 tokens per second)
ollama-1  | slot print_timing: id  0 | task 11589 |       total time =    6702.83 ms /   431 tokens
ollama-1  | slot print_timing: id  0 | task 11589 |    graphs reused =       8159
ollama-1  | slot      release: id  0 | task 11589 | stop processing: n_tokens = 780, truncated = 0
ollama-1  | srv  update_slots: all slots are idle
ollama-1  | [GIN] 2026/10/08 - 09:30:35 | 200 |          1m7s |      172.21.0.4 | POST     "/api/generate"
ollama-1  | srv  server_strea: conv_id= (empty=1)
ollama-1  | slot get_availabl: id  0 | task -1 |  - checking sim = 0.639 (350/548) > 0.100
ollama-1  | slot get_availabl: id  0 | task -1 | selected slot by LCP similarity, f_sim_best = 0.639 (> 0.100 thold), f_keep = 0.449
ollama-1  | srv  get_availabl: updating prompt cache
ollama-1  | srv   prompt_save:  - saving prompt with length 780, total state size = 97.510 MiB (draft: 0.000 MiB)
ollama-1  | srv         alloc:  - prompt is already in the cache, skipping
ollama-1  | srv          load:  - looking for better prompt, base f_keep = 0.449, f_sim = 0.639
ollama-1  | srv          load:    - prompt with length     782, lcp =     350, f_keep = 0.448, f_sim = 0.639
ollama-1  | srv          load:    - prompt with length     794, lcp =     350, f_keep = 0.441, f_sim = 0.639
ollama-1  | srv          load:    - prompt with length     753, lcp =     350, f_keep = 0.465, f_sim = 0.639
ollama-1  | srv          load:    - prompt with length     730, lcp =     350, f_keep = 0.479, f_sim = 0.639
ollama-1  | srv          load:    - prompt with length     828, lcp =     350, f_keep = 0.423, f_sim = 0.639
ollama-1  | srv          load:    - prompt with length     844, lcp =     350, f_keep = 0.415, f_sim = 0.639
ollama-1  | srv          load:    - prompt with length     846, lcp =     350, f_keep = 0.414, f_sim = 0.639
ollama-1  | srv          load:    - prompt with length     892, lcp =     350, f_keep = 0.392, f_sim = 0.639
ollama-1  | srv          load:    - prompt with length     778, lcp =     350, f_keep = 0.450, f_sim = 0.639
ollama-1  | srv          load:    - prompt with length     788, lcp =     350, f_keep = 0.444, f_sim = 0.639
ollama-1  | srv          load:    - prompt with length    1176, lcp =     350, f_keep = 0.298, f_sim = 0.639
ollama-1  | srv          load:    - prompt with length     726, lcp =     350, f_keep = 0.482, f_sim = 0.639
ollama-1  | srv          load:    - prompt with length     765, lcp =     350, f_keep = 0.458, f_sim = 0.639
ollama-1  | srv          load:    - prompt with length     851, lcp =     350, f_keep = 0.411, f_sim = 0.639
ollama-1  | srv          load:    - prompt with length     763, lcp =     350, f_keep = 0.459, f_sim = 0.639
ollama-1  | srv          load:    - prompt with length     730, lcp =     350, f_keep = 0.479, f_sim = 0.639
ollama-1  | srv          load:    - prompt with length     780, lcp =     350, f_keep = 0.449, f_sim = 0.639
ollama-1  | srv          load:    - prompt with length     847, lcp =     350, f_keep = 0.413, f_sim = 0.639
ollama-1  | srv          load:    - prompt with length     710, lcp =     350, f_keep = 0.493, f_sim = 0.639
ollama-1  | srv          load:    - prompt with length     770, lcp =     350, f_keep = 0.455, f_sim = 0.639
ollama-1  | srv          load:    - prompt with length     717, lcp =     350, f_keep = 0.488, f_sim = 0.639
ollama-1  | srv          load:    - prompt with length     753, lcp =     350, f_keep = 0.465, f_sim = 0.639
ollama-1  | srv          load:    - prompt with length     729, lcp =     350, f_keep = 0.480, f_sim = 0.639
ollama-1  | srv          load:    - prompt with length     796, lcp =     350, f_keep = 0.440, f_sim = 0.639
ollama-1  | srv          load:    - prompt with length     709, lcp =     350, f_keep = 0.494, f_sim = 0.639
ollama-1  | srv          load:    - prompt with length     724, lcp =     350, f_keep = 0.483, f_sim = 0.639
ollama-1  | srv          load:    - prompt with length     800, lcp =     350, f_keep = 0.438, f_sim = 0.639
ollama-1  | srv          load:    - prompt with length     728, lcp =     350, f_keep = 0.481, f_sim = 0.639
ollama-1  | srv          load:    - prompt with length     790, lcp =     350, f_keep = 0.443, f_sim = 0.639
ollama-1  | srv        update:  - cache state: 29 prompts, 2862.659 MiB (limits: 8192.000 MiB, 4096 tokens, 65529 est)
ollama-1  | srv        update:    - prompt 0x36524940:     782 tokens, checkpoints:  0,    97.760 MiB
ollama-1  | srv        update:    - prompt 0x36524a40:     794 tokens, checkpoints:  0,    99.260 MiB
ollama-1  | srv        update:    - prompt 0x36521d10:     753 tokens, checkpoints:  0,    94.134 MiB
ollama-1  | srv        update:    - prompt 0x36521c60:     730 tokens, checkpoints:  0,    91.259 MiB
ollama-1  | srv        update:    - prompt 0x36521bb0:     828 tokens, checkpoints:  0,   103.510 MiB
ollama-1  | srv        update:    - prompt 0x3652bd10:     844 tokens, checkpoints:  0,   105.510 MiB
ollama-1  | srv        update:    - prompt 0x3724fc20:     846 tokens, checkpoints:  0,   105.760 MiB
ollama-1  | srv        update:    - prompt 0x3651c680:     892 tokens, checkpoints:  0,   111.511 MiB
ollama-1  | srv        update:    - prompt 0x36504320:     778 tokens, checkpoints:  0,    97.260 MiB
ollama-1  | srv        update:    - prompt 0x371021f0:     788 tokens, checkpoints:  0,    98.510 MiB
ollama-1  | srv        update:    - prompt 0x3724a9f0:    1176 tokens, checkpoints:  0,   147.014 MiB
ollama-1  | srv        update:    - prompt 0x36516480:     726 tokens, checkpoints:  0,    90.759 MiB
ollama-1  | srv        update:    - prompt 0x371c5be0:     765 tokens, checkpoints:  0,    95.635 MiB
ollama-1  | srv        update:    - prompt 0x3651cdf0:     851 tokens, checkpoints:  0,   106.385 MiB
ollama-1  | srv        update:    - prompt 0x36510eb0:     763 tokens, checkpoints:  0,    95.384 MiB
ollama-1  | srv        update:    - prompt 0x3715ca80:     730 tokens, checkpoints:  0,    91.259 MiB
ollama-1  | srv        update:    - prompt 0x36522570:     780 tokens, checkpoints:  0,    97.510 MiB
ollama-1  | srv        update:    - prompt 0x37b80950:     847 tokens, checkpoints:  0,   105.885 MiB
ollama-1  | srv        update:    - prompt 0x37a562a0:     710 tokens, checkpoints:  0,    88.759 MiB
ollama-1  | srv        update:    - prompt 0x37a8eee0:     770 tokens, checkpoints:  0,    96.260 MiB
ollama-1  | srv        update:    - prompt 0x370b1e10:     717 tokens, checkpoints:  0,    89.634 MiB
ollama-1  | srv        update:    - prompt 0x36537930:     753 tokens, checkpoints:  0,    94.134 MiB
ollama-1  | srv        update:    - prompt 0x371b5c80:     729 tokens, checkpoints:  0,    91.134 MiB
ollama-1  | srv        update:    - prompt 0x36996dc0:     796 tokens, checkpoints:  0,    99.510 MiB
ollama-1  | srv        update:    - prompt 0x37264940:     709 tokens, checkpoints:  0,    88.634 MiB
ollama-1  | srv        update:    - prompt 0x365024f0:     724 tokens, checkpoints:  0,    90.509 MiB
ollama-1  | srv        update:    - prompt 0x370b0570:     800 tokens, checkpoints:  0,   100.010 MiB
ollama-1  | srv        update:    - prompt 0x37256510:     728 tokens, checkpoints:  0,    91.009 MiB
ollama-1  | srv        update:    - prompt 0x364ffda0:     790 tokens, checkpoints:  0,    98.760 MiB
ollama-1  | srv  get_availabl: prompt cache update took 0.31 ms
ollama-1  | slot launch_slot_: id  0 | task -1 | sampler chain: logits -> ?penalties -> ?dry -> ?top-n-sigma -> top-k -> ?typical -> top-p -> ?min-p -> ?xtc -> temp-ext -> dist 
ollama-1  | slot launch_slot_: id  0 | task -1 | sampler params: 
ollama-1  | 	repeat_last_n = 64, repeat_penalty = 1.000, frequency_penalty = 0.000, presence_penalty = 0.000
ollama-1  | 	dry_multiplier = 0.000, dry_base = 1.750, dry_allowed_length = 2, dry_penalty_last_n = 64
ollama-1  | 	top_k = 40, top_p = 0.900, min_p = 0.000, xtc_probability = 0.000, xtc_threshold = 0.100, typical_p = 1.000, top_n_sigma = -1.000, temp = 0.000
ollama-1  | 	mirostat = 0, mirostat_lr = 0.100, mirostat_ent = 5.000, adaptive_target = -1.000, adaptive_decay = 0.900
ollama-1  | slot launch_slot_: id  0 | task 11599 | processing task, is_child = 0
ollama-1  | slot   operator(): id  0 | task 11599 | new prompt, n_ctx_slot = 4096, n_keep = 4, task.n_tokens = 548
ollama-1  | slot   operator(): id  0 | task 11599 | cached n_tokens = 350, memory_seq_rm [350, end)
ollama-1  | slot init_sampler: id  0 | task 11599 | init sampler, took 0.06 ms, tokens: text = 548, total = 548
ollama-1  | slot print_timing: id  0 | task 11599 | prompt eval time =    2893.45 ms /   198 tokens (   14.61 ms per token,    68.43 tokens per second)
ollama-1  | slot print_timing: id  0 | task 11599 |        eval time =     564.66 ms /     9 tokens (   70.58 ms per token,    14.17 tokens per second)
ollama-1  | slot print_timing: id  0 | task 11599 |       total time =    3458.11 ms /   207 tokens
ollama-1  | slot print_timing: id  0 | task 11599 |    graphs reused =       8166
ollama-1  | slot      release: id  0 | task 11599 | stop processing: n_tokens = 556, truncated = 0
ollama-1  | srv  update_slots: all slots are idle
ollama-1  | [GIN] 2026/10/08 - 09:30:39 | 200 |          1m4s |      172.21.0.4 | POST     "/api/generate"
ollama-1  | srv  server_strea: conv_id= (empty=1)
ollama-1  | slot get_availabl: id  0 | task -1 |  - checking sim = 0.574 (350/610) > 0.100
ollama-1  | slot get_availabl: id  0 | task -1 | selected slot by LCP similarity, f_sim_best = 0.574 (> 0.100 thold), f_keep = 0.629
ollama-1  | slot launch_slot_: id  0 | task -1 | sampler chain: logits -> ?penalties -> ?dry -> ?top-n-sigma -> top-k -> ?typical -> top-p -> ?min-p -> ?xtc -> temp-ext -> dist 
ollama-1  | slot launch_slot_: id  0 | task -1 | sampler params: 
ollama-1  | 	repeat_last_n = 64, repeat_penalty = 1.000, frequency_penalty = 0.000, presence_penalty = 0.000
ollama-1  | 	dry_multiplier = 0.000, dry_base = 1.750, dry_allowed_length = 2, dry_penalty_last_n = 64
ollama-1  | 	top_k = 40, top_p = 0.900, min_p = 0.000, xtc_probability = 0.000, xtc_threshold = 0.100, typical_p = 1.000, top_n_sigma = -1.000, temp = 0.000
ollama-1  | 	mirostat = 0, mirostat_lr = 0.100, mirostat_ent = 5.000, adaptive_target = -1.000, adaptive_decay = 0.900
ollama-1  | slot launch_slot_: id  0 | task 11609 | processing task, is_child = 0
ollama-1  | slot   operator(): id  0 | task 11609 | new prompt, n_ctx_slot = 4096, n_keep = 4, task.n_tokens = 610
ollama-1  | slot   operator(): id  0 | task 11609 | cached n_tokens = 350, memory_seq_rm [350, end)
ollama-1  | slot init_sampler: id  0 | task 11609 | init sampler, took 0.07 ms, tokens: text = 610, total = 610
ollama-1  | [GIN] 2026/10/08 - 09:30:41 | 200 |       35.43µs |       127.0.0.1 | HEAD     "/"
ollama-1  | [GIN] 2026/10/08 - 09:30:41 | 200 |    1.011141ms |       127.0.0.1 | GET      "/api/tags"
ollama-1  | slot print_timing: id  0 | task 11609 | prompt eval time =    3810.46 ms /   260 tokens (   14.66 ms per token,    68.23 tokens per second)
ollama-1  | slot print_timing: id  0 | task 11609 |        eval time =     690.14 ms /    11 tokens (   69.01 ms per token,    14.49 tokens per second)
ollama-1  | slot print_timing: id  0 | task 11609 |       total time =    4500.60 ms /   271 tokens
ollama-1  | slot print_timing: id  0 | task 11609 |    graphs reused =       8175
ollama-1  | slot      release: id  0 | task 11609 | stop processing: n_tokens = 620, truncated = 0
ollama-1  | srv  update_slots: all slots are idle
ollama-1  | [GIN] 2026/10/08 - 09:30:44 | 200 |          1m8s |      172.21.0.4 | POST     "/api/generate"
ollama-1  | srv  server_strea: conv_id= (empty=1)
ollama-1  | slot get_availabl: id  0 | task -1 |  - checking sim = 0.769 (350/455) > 0.100
ollama-1  | slot get_availabl: id  0 | task -1 | selected slot by LCP similarity, f_sim_best = 0.769 (> 0.100 thold), f_keep = 0.565
ollama-1  | slot launch_slot_: id  0 | task -1 | sampler chain: logits -> ?penalties -> ?dry -> ?top-n-sigma -> top-k -> ?typical -> top-p -> ?min-p -> ?xtc -> temp-ext -> dist 
ollama-1  | slot launch_slot_: id  0 | task -1 | sampler params: 
ollama-1  | 	repeat_last_n = 64, repeat_penalty = 1.000, frequency_penalty = 0.000, presence_penalty = 0.000
ollama-1  | 	dry_multiplier = 0.000, dry_base = 1.750, dry_allowed_length = 2, dry_penalty_last_n = 64
ollama-1  | 	top_k = 40, top_p = 0.900, min_p = 0.000, xtc_probability = 0.000, xtc_threshold = 0.100, typical_p = 1.000, top_n_sigma = -1.000, temp = 0.000
ollama-1  | 	mirostat = 0, mirostat_lr = 0.100, mirostat_ent = 5.000, adaptive_target = -1.000, adaptive_decay = 0.900
ollama-1  | slot launch_slot_: id  0 | task 11621 | processing task, is_child = 0
ollama-1  | slot   operator(): id  0 | task 11621 | new prompt, n_ctx_slot = 4096, n_keep = 4, task.n_tokens = 455
ollama-1  | slot   operator(): id  0 | task 11621 | cached n_tokens = 350, memory_seq_rm [350, end)
ollama-1  | slot init_sampler: id  0 | task 11621 | init sampler, took 0.05 ms, tokens: text = 455, total = 455
ollama-1  | slot print_timing: id  0 | task 11621 | prompt eval time =    1582.91 ms /   105 tokens (   15.08 ms per token,    66.33 tokens per second)
ollama-1  | slot print_timing: id  0 | task 11621 |        eval time =     620.91 ms /    10 tokens (   68.99 ms per token,    14.49 tokens per second)
ollama-1  | slot print_timing: id  0 | task 11621 |       total time =    2203.82 ms /   115 tokens
ollama-1  | slot print_timing: id  0 | task 11621 |    graphs reused =       8183
ollama-1  | slot      release: id  0 | task 11621 | stop processing: n_tokens = 464, truncated = 0
ollama-1  | srv  update_slots: all slots are idle
ollama-1  | [GIN] 2026/10/08 - 09:30:46 | 200 |          1m8s |      172.21.0.4 | POST     "/api/generate"
ollama-1  | srv  server_strea: conv_id= (empty=1)
ollama-1  | slot get_availabl: id  0 | task -1 |  - checking sim = 0.596 (350/587) > 0.100
ollama-1  | slot get_availabl: id  0 | task -1 | selected slot by LCP similarity, f_sim_best = 0.596 (> 0.100 thold), f_keep = 0.754
ollama-1  | slot launch_slot_: id  0 | task -1 | sampler chain: logits -> ?penalties -> ?dry -> ?top-n-sigma -> top-k -> ?typical -> top-p -> ?min-p -> ?xtc -> temp-ext -> dist 
ollama-1  | slot launch_slot_: id  0 | task -1 | sampler params: 
ollama-1  | 	repeat_last_n = 64, repeat_penalty = 1.000, frequency_penalty = 0.000, presence_penalty = 0.000
ollama-1  | 	dry_multiplier = 0.000, dry_base = 1.750, dry_allowed_length = 2, dry_penalty_last_n = 64
ollama-1  | 	top_k = 40, top_p = 0.900, min_p = 0.000, xtc_probability = 0.000, xtc_threshold = 0.100, typical_p = 1.000, top_n_sigma = -1.000, temp = 0.000
ollama-1  | 	mirostat = 0, mirostat_lr = 0.100, mirostat_ent = 5.000, adaptive_target = -1.000, adaptive_decay = 0.900
ollama-1  | slot launch_slot_: id  0 | task 11632 | processing task, is_child = 0
ollama-1  | slot   operator(): id  0 | task 11632 | new prompt, n_ctx_slot = 4096, n_keep = 4, task.n_tokens = 587
ollama-1  | slot   operator(): id  0 | task 11632 | cached n_tokens = 350, memory_seq_rm [350, end)
ollama-1  | slot init_sampler: id  0 | task 11632 | init sampler, took 0.05 ms, tokens: text = 587, total = 587
ollama-1  | slot print_timing: id  0 | task 11632 | prompt eval time =    3458.78 ms /   237 tokens (   14.59 ms per token,    68.52 tokens per second)
ollama-1  | slot print_timing: id  0 | task 11632 |        eval time =     490.57 ms /     8 tokens (   70.08 ms per token,    14.27 tokens per second)
ollama-1  | slot print_timing: id  0 | task 11632 |       total time =    3949.35 ms /   245 tokens
ollama-1  | slot print_timing: id  0 | task 11632 |    graphs reused =       8189
ollama-1  | slot      release: id  0 | task 11632 | stop processing: n_tokens = 594, truncated = 0
ollama-1  | srv  update_slots: all slots are idle
ollama-1  | [GIN] 2026/10/08 - 09:30:50 | 200 |          1m7s |      172.21.0.4 | POST     "/api/generate"
ollama-1  | srv  server_strea: conv_id= (empty=1)
ollama-1  | slot get_availabl: id  0 | task -1 |  - checking sim = 0.568 (350/616) > 0.100
ollama-1  | slot get_availabl: id  0 | task -1 | selected slot by LCP similarity, f_sim_best = 0.568 (> 0.100 thold), f_keep = 0.589
ollama-1  | slot launch_slot_: id  0 | task -1 | sampler chain: logits -> ?penalties -> ?dry -> ?top-n-sigma -> top-k -> ?typical -> top-p -> ?min-p -> ?xtc -> temp-ext -> dist 
ollama-1  | slot launch_slot_: id  0 | task -1 | sampler params: 
ollama-1  | 	repeat_last_n = 64, repeat_penalty = 1.000, frequency_penalty = 0.000, presence_penalty = 0.000
ollama-1  | 	dry_multiplier = 0.000, dry_base = 1.750, dry_allowed_length = 2, dry_penalty_last_n = 64
ollama-1  | 	top_k = 40, top_p = 0.900, min_p = 0.000, xtc_probability = 0.000, xtc_threshold = 0.100, typical_p = 1.000, top_n_sigma = -1.000, temp = 0.000
ollama-1  | 	mirostat = 0, mirostat_lr = 0.100, mirostat_ent = 5.000, adaptive_target = -1.000, adaptive_decay = 0.900
ollama-1  | slot launch_slot_: id  0 | task 11641 | processing task, is_child = 0
ollama-1  | slot   operator(): id  0 | task 11641 | new prompt, n_ctx_slot = 4096, n_keep = 4, task.n_tokens = 616
ollama-1  | slot   operator(): id  0 | task 11641 | cached n_tokens = 350, memory_seq_rm [350, end)
ollama-1  | slot init_sampler: id  0 | task 11641 | init sampler, took 0.07 ms, tokens: text = 616, total = 616
ollama-1  | [GIN] 2026/10/08 - 09:30:51 | 200 |      26.998µs |       127.0.0.1 | HEAD     "/"
ollama-1  | [GIN] 2026/10/08 - 09:30:51 | 200 |     938.808µs |       127.0.0.1 | GET      "/api/tags"
ollama-1  | slot print_timing: id  0 | task 11641 | prompt eval time =    3890.72 ms /   266 tokens (   14.63 ms per token,    68.37 tokens per second)
ollama-1  | slot print_timing: id  0 | task 11641 |        eval time =     564.01 ms /     9 tokens (   70.50 ms per token,    14.18 tokens per second)
ollama-1  | slot print_timing: id  0 | task 11641 |       total time =    4454.73 ms /   275 tokens
ollama-1  | slot print_timing: id  0 | task 11641 |    graphs reused =       8196
ollama-1  | slot      release: id  0 | task 11641 | stop processing: n_tokens = 624, truncated = 0
ollama-1  | srv  update_slots: all slots are idle
ollama-1  | [GIN] 2026/10/08 - 09:30:54 | 200 |          1m6s |      172.21.0.4 | POST     "/api/generate"
ollama-1  | srv  server_strea: conv_id= (empty=1)
ollama-1  | slot get_availabl: id  0 | task -1 |  - checking sim = 0.455 (350/770) > 0.100
ollama-1  | slot get_availabl: id  0 | task -1 | selected slot by LCP similarity, f_sim_best = 0.455 (> 0.100 thold), f_keep = 0.561
ollama-1  | slot launch_slot_: id  0 | task -1 | sampler chain: logits -> ?penalties -> ?dry -> ?top-n-sigma -> top-k -> ?typical -> top-p -> ?min-p -> ?xtc -> temp-ext -> dist 
ollama-1  | slot launch_slot_: id  0 | task -1 | sampler params: 
ollama-1  | 	repeat_last_n = 64, repeat_penalty = 1.000, frequency_penalty = 0.000, presence_penalty = 0.000
ollama-1  | 	dry_multiplier = 0.000, dry_base = 1.750, dry_allowed_length = 2, dry_penalty_last_n = 64
ollama-1  | 	top_k = 40, top_p = 0.900, min_p = 0.000, xtc_probability = 0.000, xtc_threshold = 0.100, typical_p = 1.000, top_n_sigma = -1.000, temp = 0.000
ollama-1  | 	mirostat = 0, mirostat_lr = 0.100, mirostat_ent = 5.000, adaptive_target = -1.000, adaptive_decay = 0.900
ollama-1  | slot launch_slot_: id  0 | task 11651 | processing task, is_child = 0
ollama-1  | slot   operator(): id  0 | task 11651 | new prompt, n_ctx_slot = 4096, n_keep = 4, task.n_tokens = 770
ollama-1  | slot   operator(): id  0 | task 11651 | cached n_tokens = 350, memory_seq_rm [350, end)
ollama-1  | slot init_sampler: id  0 | task 11651 | init sampler, took 0.06 ms, tokens: text = 770, total = 770
ollama-1  | slot print_timing: id  0 | task 11651 | prompt eval time =    6063.86 ms /   420 tokens (   14.44 ms per token,    69.26 tokens per second)
ollama-1  | slot print_timing: id  0 | task 11651 |        eval time =     603.60 ms /     9 tokens (   75.45 ms per token,    13.25 tokens per second)
ollama-1  | slot print_timing: id  0 | task 11651 |       total time =    6667.45 ms /   429 tokens
ollama-1  | slot print_timing: id  0 | task 11651 |    graphs reused =       8203
ollama-1  | slot      release: id  0 | task 11651 | stop processing: n_tokens = 778, truncated = 0
ollama-1  | srv  update_slots: all slots are idle
ollama-1  | [GIN] 2026/10/08 - 09:31:01 | 200 |         1m10s |      172.21.0.4 | POST     "/api/generate"
ollama-1  | srv  server_strea: conv_id= (empty=1)
ollama-1  | slot get_availabl: id  0 | task -1 |  - checking sim = 0.568 (350/616) > 0.100
ollama-1  | slot get_availabl: id  0 | task -1 | selected slot by LCP similarity, f_sim_best = 0.568 (> 0.100 thold), f_keep = 0.450
ollama-1  | srv  get_availabl: updating prompt cache
ollama-1  | srv   prompt_save:  - saving prompt with length 778, total state size = 97.260 MiB (draft: 0.000 MiB)
ollama-1  | srv         alloc:  - prompt is already in the cache, skipping
ollama-1  | srv          load:  - looking for better prompt, base f_keep = 0.450, f_sim = 0.568
ollama-1  | srv          load:    - prompt with length     782, lcp =     350, f_keep = 0.448, f_sim = 0.568
ollama-1  | srv          load:    - prompt with length     794, lcp =     350, f_keep = 0.441, f_sim = 0.568
ollama-1  | srv          load:    - prompt with length     753, lcp =     350, f_keep = 0.465, f_sim = 0.568
ollama-1  | srv          load:    - prompt with length     730, lcp =     350, f_keep = 0.479, f_sim = 0.568
ollama-1  | srv          load:    - prompt with length     828, lcp =     350, f_keep = 0.423, f_sim = 0.568
ollama-1  | srv          load:    - prompt with length     844, lcp =     350, f_keep = 0.415, f_sim = 0.568
ollama-1  | srv          load:    - prompt with length     846, lcp =     351, f_keep = 0.415, f_sim = 0.570
ollama-1  | srv          load:    - prompt with length     892, lcp =     350, f_keep = 0.392, f_sim = 0.568
ollama-1  | srv          load:    - prompt with length     778, lcp =     350, f_keep = 0.450, f_sim = 0.568
ollama-1  | srv          load:    - prompt with length     788, lcp =     350, f_keep = 0.444, f_sim = 0.568
ollama-1  | srv          load:    - prompt with length    1176, lcp =     350, f_keep = 0.298, f_sim = 0.568
ollama-1  | srv          load:    - prompt with length     726, lcp =     350, f_keep = 0.482, f_sim = 0.568
ollama-1  | srv          load:    - prompt with length     765, lcp =     350, f_keep = 0.458, f_sim = 0.568
ollama-1  | srv          load:    - prompt with length     851, lcp =     351, f_keep = 0.412, f_sim = 0.570
ollama-1  | srv          load:    - prompt with length     763, lcp =     350, f_keep = 0.459, f_sim = 0.568
ollama-1  | srv          load:    - prompt with length     730, lcp =     351, f_keep = 0.481, f_sim = 0.570
ollama-1  | srv          load:    - prompt with length     780, lcp =     351, f_keep = 0.450, f_sim = 0.570
ollama-1  | srv          load:    - prompt with length     847, lcp =     351, f_keep = 0.414, f_sim = 0.570
ollama-1  | srv          load:    - prompt with length     710, lcp =     350, f_keep = 0.493, f_sim = 0.568
ollama-1  | srv          load:    - prompt with length     770, lcp =     350, f_keep = 0.455, f_sim = 0.568
ollama-1  | srv          load:    - prompt with length     717, lcp =     350, f_keep = 0.488, f_sim = 0.568
ollama-1  | srv          load:    - prompt with length     753, lcp =     350, f_keep = 0.465, f_sim = 0.568
ollama-1  | srv          load:    - prompt with length     729, lcp =     351, f_keep = 0.481, f_sim = 0.570
ollama-1  | srv          load:    - prompt with length     796, lcp =     350, f_keep = 0.440, f_sim = 0.568
ollama-1  | srv          load:    - prompt with length     709, lcp =     350, f_keep = 0.494, f_sim = 0.568
ollama-1  | srv          load:    - prompt with length     724, lcp =     351, f_keep = 0.485, f_sim = 0.570
ollama-1  | srv          load:    - prompt with length     800, lcp =     351, f_keep = 0.439, f_sim = 0.570
ollama-1  | srv          load:    - prompt with length     728, lcp =     351, f_keep = 0.482, f_sim = 0.570
ollama-1  | srv          load:    - prompt with length     790, lcp =     350, f_keep = 0.443, f_sim = 0.568
ollama-1  | srv          load:  - found better prompt with f_keep = 0.481, f_sim = 0.570
ollama-1  | [GIN] 2026/10/08 - 09:31:01 | 200 |      21.853µs |       127.0.0.1 | HEAD     "/"
ollama-1  | [GIN] 2026/10/08 - 09:31:01 | 200 |     719.651µs |       127.0.0.1 | GET      "/api/tags"
ollama-1  | srv        update:  - cache state: 28 prompts, 2771.400 MiB (limits: 8192.000 MiB, 4096 tokens, 65529 est)
ollama-1  | srv        update:    - prompt 0x36524940:     782 tokens, checkpoints:  0,    97.760 MiB
ollama-1  | srv        update:    - prompt 0x36524a40:     794 tokens, checkpoints:  0,    99.260 MiB
ollama-1  | srv        update:    - prompt 0x36521d10:     753 tokens, checkpoints:  0,    94.134 MiB
ollama-1  | srv        update:    - prompt 0x36521c60:     730 tokens, checkpoints:  0,    91.259 MiB
ollama-1  | srv        update:    - prompt 0x36521bb0:     828 tokens, checkpoints:  0,   103.510 MiB
ollama-1  | srv        update:    - prompt 0x3652bd10:     844 tokens, checkpoints:  0,   105.510 MiB
ollama-1  | srv        update:    - prompt 0x3724fc20:     846 tokens, checkpoints:  0,   105.760 MiB
ollama-1  | srv        update:    - prompt 0x3651c680:     892 tokens, checkpoints:  0,   111.511 MiB
ollama-1  | srv        update:    - prompt 0x36504320:     778 tokens, checkpoints:  0,    97.260 MiB
ollama-1  | srv        update:    - prompt 0x371021f0:     788 tokens, checkpoints:  0,    98.510 MiB
ollama-1  | srv        update:    - prompt 0x3724a9f0:    1176 tokens, checkpoints:  0,   147.014 MiB
ollama-1  | srv        update:    - prompt 0x36516480:     726 tokens, checkpoints:  0,    90.759 MiB
ollama-1  | srv        update:    - prompt 0x371c5be0:     765 tokens, checkpoints:  0,    95.635 MiB
ollama-1  | srv        update:    - prompt 0x3651cdf0:     851 tokens, checkpoints:  0,   106.385 MiB
ollama-1  | srv        update:    - prompt 0x36510eb0:     763 tokens, checkpoints:  0,    95.384 MiB
ollama-1  | srv        update:    - prompt 0x36522570:     780 tokens, checkpoints:  0,    97.510 MiB
ollama-1  | srv        update:    - prompt 0x37b80950:     847 tokens, checkpoints:  0,   105.885 MiB
ollama-1  | srv        update:    - prompt 0x37a562a0:     710 tokens, checkpoints:  0,    88.759 MiB
ollama-1  | srv        update:    - prompt 0x37a8eee0:     770 tokens, checkpoints:  0,    96.260 MiB
ollama-1  | srv        update:    - prompt 0x370b1e10:     717 tokens, checkpoints:  0,    89.634 MiB
ollama-1  | srv        update:    - prompt 0x36537930:     753 tokens, checkpoints:  0,    94.134 MiB
ollama-1  | srv        update:    - prompt 0x371b5c80:     729 tokens, checkpoints:  0,    91.134 MiB
ollama-1  | srv        update:    - prompt 0x36996dc0:     796 tokens, checkpoints:  0,    99.510 MiB
ollama-1  | srv        update:    - prompt 0x37264940:     709 tokens, checkpoints:  0,    88.634 MiB
ollama-1  | srv        update:    - prompt 0x365024f0:     724 tokens, checkpoints:  0,    90.509 MiB
ollama-1  | srv        update:    - prompt 0x370b0570:     800 tokens, checkpoints:  0,   100.010 MiB
ollama-1  | srv        update:    - prompt 0x37256510:     728 tokens, checkpoints:  0,    91.009 MiB
ollama-1  | srv        update:    - prompt 0x364ffda0:     790 tokens, checkpoints:  0,    98.760 MiB
ollama-1  | srv  get_availabl: prompt cache update took 534.25 ms
ollama-1  | slot launch_slot_: id  0 | task -1 | sampler chain: logits -> ?penalties -> ?dry -> ?top-n-sigma -> top-k -> ?typical -> top-p -> ?min-p -> ?xtc -> temp-ext -> dist 
ollama-1  | slot launch_slot_: id  0 | task -1 | sampler params: 
ollama-1  | 	repeat_last_n = 64, repeat_penalty = 1.000, frequency_penalty = 0.000, presence_penalty = 0.000
ollama-1  | 	dry_multiplier = 0.000, dry_base = 1.750, dry_allowed_length = 2, dry_penalty_last_n = 64
ollama-1  | 	top_k = 40, top_p = 0.900, min_p = 0.000, xtc_probability = 0.000, xtc_threshold = 0.100, typical_p = 1.000, top_n_sigma = -1.000, temp = 0.000
ollama-1  | 	mirostat = 0, mirostat_lr = 0.100, mirostat_ent = 5.000, adaptive_target = -1.000, adaptive_decay = 0.900
ollama-1  | slot launch_slot_: id  0 | task 11661 | processing task, is_child = 0
ollama-1  | slot   operator(): id  0 | task 11661 | new prompt, n_ctx_slot = 4096, n_keep = 4, task.n_tokens = 616
ollama-1  | slot   operator(): id  0 | task 11661 | cached n_tokens = 351, memory_seq_rm [351, end)
ollama-1  | slot init_sampler: id  0 | task 11661 | init sampler, took 0.04 ms, tokens: text = 616, total = 616
ollama-1  | slot print_timing: id  0 | task 11661 | prompt eval time =    3875.10 ms /   265 tokens (   14.62 ms per token,    68.39 tokens per second)
ollama-1  | slot print_timing: id  0 | task 11661 |        eval time =     550.43 ms /     9 tokens (   68.80 ms per token,    14.53 tokens per second)
ollama-1  | slot print_timing: id  0 | task 11661 |       total time =    4425.53 ms /   274 tokens
ollama-1  | slot print_timing: id  0 | task 11661 |    graphs reused =       8210
ollama-1  | slot      release: id  0 | task 11661 | stop processing: n_tokens = 624, truncated = 0
ollama-1  | srv  update_slots: all slots are idle
ollama-1  | [GIN] 2026/10/08 - 09:31:06 | 200 |          1m8s |      172.21.0.4 | POST     "/api/generate"
ollama-1  | srv  server_strea: conv_id= (empty=1)
ollama-1  | slot get_availabl: id  0 | task -1 |  - checking sim = 0.568 (350/616) > 0.100
ollama-1  | slot get_availabl: id  0 | task -1 | selected slot by LCP similarity, f_sim_best = 0.568 (> 0.100 thold), f_keep = 0.561
ollama-1  | slot launch_slot_: id  0 | task -1 | sampler chain: logits -> ?penalties -> ?dry -> ?top-n-sigma -> top-k -> ?typical -> top-p -> ?min-p -> ?xtc -> temp-ext -> dist 
ollama-1  | slot launch_slot_: id  0 | task -1 | sampler params: 
ollama-1  | 	repeat_last_n = 64, repeat_penalty = 1.000, frequency_penalty = 0.000, presence_penalty = 0.000
ollama-1  | 	dry_multiplier = 0.000, dry_base = 1.750, dry_allowed_length = 2, dry_penalty_last_n = 64
ollama-1  | 	top_k = 40, top_p = 0.900, min_p = 0.000, xtc_probability = 0.000, xtc_threshold = 0.100, typical_p = 1.000, top_n_sigma = -1.000, temp = 0.000
ollama-1  | 	mirostat = 0, mirostat_lr = 0.100, mirostat_ent = 5.000, adaptive_target = -1.000, adaptive_decay = 0.900
ollama-1  | slot launch_slot_: id  0 | task 11671 | processing task, is_child = 0
ollama-1  | slot   operator(): id  0 | task 11671 | new prompt, n_ctx_slot = 4096, n_keep = 4, task.n_tokens = 616
ollama-1  | slot   operator(): id  0 | task 11671 | cached n_tokens = 350, memory_seq_rm [350, end)
ollama-1  | slot init_sampler: id  0 | task 11671 | init sampler, took 0.07 ms, tokens: text = 616, total = 616
ollama-1  | slot print_timing: id  0 | task 11671 | prompt eval time =    3902.38 ms /   266 tokens (   14.67 ms per token,    68.16 tokens per second)
ollama-1  | slot print_timing: id  0 | task 11671 |        eval time =     632.95 ms /    10 tokens (   70.33 ms per token,    14.22 tokens per second)
ollama-1  | slot print_timing: id  0 | task 11671 |       total time =    4535.33 ms /   276 tokens
ollama-1  | slot print_timing: id  0 | task 11671 |    graphs reused =       8218
ollama-1  | slot      release: id  0 | task 11671 | stop processing: n_tokens = 625, truncated = 0
ollama-1  | srv  update_slots: all slots are idle
ollama-1  | [GIN] 2026/10/08 - 09:31:12 | 200 |         1m12s |      172.21.0.4 | POST     "/api/generate"
ollama-1  | srv  server_strea: conv_id= (empty=1)
ollama-1  | slot get_availabl: id  0 | task -1 |  - checking sim = 0.463 (350/756) > 0.100
ollama-1  | slot get_availabl: id  0 | task -1 | selected slot by LCP similarity, f_sim_best = 0.463 (> 0.100 thold), f_keep = 0.560
ollama-1  | slot launch_slot_: id  0 | task -1 | sampler chain: logits -> ?penalties -> ?dry -> ?top-n-sigma -> top-k -> ?typical -> top-p -> ?min-p -> ?xtc -> temp-ext -> dist 
ollama-1  | slot launch_slot_: id  0 | task -1 | sampler params: 
ollama-1  | 	repeat_last_n = 64, repeat_penalty = 1.000, frequency_penalty = 0.000, presence_penalty = 0.000
ollama-1  | 	dry_multiplier = 0.000, dry_base = 1.750, dry_allowed_length = 2, dry_penalty_last_n = 64
ollama-1  | 	top_k = 40, top_p = 0.900, min_p = 0.000, xtc_probability = 0.000, xtc_threshold = 0.100, typical_p = 1.000, top_n_sigma = -1.000, temp = 0.000
ollama-1  | 	mirostat = 0, mirostat_lr = 0.100, mirostat_ent = 5.000, adaptive_target = -1.000, adaptive_decay = 0.900
ollama-1  | slot launch_slot_: id  0 | task 11682 | processing task, is_child = 0
ollama-1  | slot   operator(): id  0 | task 11682 | new prompt, n_ctx_slot = 4096, n_keep = 4, task.n_tokens = 756
ollama-1  | slot   operator(): id  0 | task 11682 | cached n_tokens = 350, memory_seq_rm [350, end)
ollama-1  | slot init_sampler: id  0 | task 11682 | init sampler, took 0.09 ms, tokens: text = 756, total = 756
ollama-1  | [GIN] 2026/10/08 - 09:31:12 | 200 |        31.1µs |       127.0.0.1 | HEAD     "/"
ollama-1  | [GIN] 2026/10/08 - 09:31:12 | 200 |    1.555263ms |       127.0.0.1 | GET      "/api/tags"
ollama-1  | slot print_timing: id  0 | task 11682 | prompt eval time =    5891.24 ms /   406 tokens (   14.51 ms per token,    68.92 tokens per second)
ollama-1  | slot print_timing: id  0 | task 11682 |        eval time =     552.79 ms /     9 tokens (   69.10 ms per token,    14.47 tokens per second)
ollama-1  | slot print_timing: id  0 | task 11682 |       total time =    6444.03 ms /   415 tokens
ollama-1  | slot print_timing: id  0 | task 11682 |    graphs reused =       8225
ollama-1  | slot      release: id  0 | task 11682 | stop processing: n_tokens = 764, truncated = 0
ollama-1  | srv  update_slots: all slots are idle
ollama-1  | [GIN] 2026/10/08 - 09:31:18 | 200 |         1m17s |      172.21.0.4 | POST     "/api/generate"
ollama-1  | srv  server_strea: conv_id= (empty=1)
ollama-1  | slot get_availabl: id  0 | task -1 |  - checking sim = 0.450 (350/778) > 0.100
ollama-1  | slot get_availabl: id  0 | task -1 | selected slot by LCP similarity, f_sim_best = 0.450 (> 0.100 thold), f_keep = 0.458
ollama-1  | srv  get_availabl: updating prompt cache
ollama-1  | srv   prompt_save:  - saving prompt with length 764, total state size = 95.509 MiB (draft: 0.000 MiB)
ollama-1  | srv          load:  - looking for better prompt, base f_keep = 0.458, f_sim = 0.450
ollama-1  | srv          load:    - prompt with length     782, lcp =     350, f_keep = 0.448, f_sim = 0.450
ollama-1  | srv          load:    - prompt with length     794, lcp =     350, f_keep = 0.441, f_sim = 0.450
ollama-1  | srv          load:    - prompt with length     753, lcp =     350, f_keep = 0.465, f_sim = 0.450
ollama-1  | srv          load:    - prompt with length     730, lcp =     350, f_keep = 0.479, f_sim = 0.450
ollama-1  | srv          load:    - prompt with length     828, lcp =     350, f_keep = 0.423, f_sim = 0.450
ollama-1  | srv          load:    - prompt with length     844, lcp =     350, f_keep = 0.415, f_sim = 0.450
ollama-1  | srv          load:    - prompt with length     846, lcp =     350, f_keep = 0.414, f_sim = 0.450
ollama-1  | srv          load:    - prompt with length     892, lcp =     350, f_keep = 0.392, f_sim = 0.450
ollama-1  | srv          load:    - prompt with length     778, lcp =     350, f_keep = 0.450, f_sim = 0.450
ollama-1  | srv          load:    - prompt with length     788, lcp =     778, f_keep = 0.987, f_sim = 1.000
ollama-1  | srv          load:    - prompt with length    1176, lcp =     350, f_keep = 0.298, f_sim = 0.450
ollama-1  | srv          load:    - prompt with length     726, lcp =     351, f_keep = 0.483, f_sim = 0.451
ollama-1  | srv          load:    - prompt with length     765, lcp =     350, f_keep = 0.458, f_sim = 0.450
ollama-1  | srv          load:    - prompt with length     851, lcp =     350, f_keep = 0.411, f_sim = 0.450
ollama-1  | srv          load:    - prompt with length     763, lcp =     350, f_keep = 0.459, f_sim = 0.450
ollama-1  | srv          load:    - prompt with length     780, lcp =     350, f_keep = 0.449, f_sim = 0.450
ollama-1  | srv          load:    - prompt with length     847, lcp =     350, f_keep = 0.413, f_sim = 0.450
ollama-1  | srv          load:    - prompt with length     710, lcp =     350, f_keep = 0.493, f_sim = 0.450
ollama-1  | srv          load:    - prompt with length     770, lcp =     350, f_keep = 0.455, f_sim = 0.450
ollama-1  | srv          load:    - prompt with length     717, lcp =     350, f_keep = 0.488, f_sim = 0.450
ollama-1  | srv          load:    - prompt with length     753, lcp =     350, f_keep = 0.465, f_sim = 0.450
ollama-1  | srv          load:    - prompt with length     729, lcp =     350, f_keep = 0.480, f_sim = 0.450
ollama-1  | srv          load:    - prompt with length     796, lcp =     350, f_keep = 0.440, f_sim = 0.450
ollama-1  | srv          load:    - prompt with length     709, lcp =     351, f_keep = 0.495, f_sim = 0.451
ollama-1  | srv          load:    - prompt with length     724, lcp =     350, f_keep = 0.483, f_sim = 0.450
ollama-1  | srv          load:    - prompt with length     800, lcp =     350, f_keep = 0.438, f_sim = 0.450
ollama-1  | srv          load:    - prompt with length     728, lcp =     350, f_keep = 0.481, f_sim = 0.450
ollama-1  | srv          load:    - prompt with length     790, lcp =     350, f_keep = 0.443, f_sim = 0.450
ollama-1  | srv          load:    - prompt with length     764, lcp =     350, f_keep = 0.458, f_sim = 0.450
ollama-1  | srv          load:  - found better prompt with f_keep = 0.987, f_sim = 1.000
ollama-1  | srv        update:  - cache state: 28 prompts, 2768.400 MiB (limits: 8192.000 MiB, 4096 tokens, 65529 est)
ollama-1  | srv        update:    - prompt 0x36524940:     782 tokens, checkpoints:  0,    97.760 MiB
ollama-1  | srv        update:    - prompt 0x36524a40:     794 tokens, checkpoints:  0,    99.260 MiB
ollama-1  | srv        update:    - prompt 0x36521d10:     753 tokens, checkpoints:  0,    94.134 MiB
ollama-1  | srv        update:    - prompt 0x36521c60:     730 tokens, checkpoints:  0,    91.259 MiB
ollama-1  | srv        update:    - prompt 0x36521bb0:     828 tokens, checkpoints:  0,   103.510 MiB
ollama-1  | srv        update:    - prompt 0x3652bd10:     844 tokens, checkpoints:  0,   105.510 MiB
ollama-1  | srv        update:    - prompt 0x3724fc20:     846 tokens, checkpoints:  0,   105.760 MiB
ollama-1  | srv        update:    - prompt 0x3651c680:     892 tokens, checkpoints:  0,   111.511 MiB
ollama-1  | srv        update:    - prompt 0x36504320:     778 tokens, checkpoints:  0,    97.260 MiB
ollama-1  | srv        update:    - prompt 0x3724a9f0:    1176 tokens, checkpoints:  0,   147.014 MiB
ollama-1  | srv        update:    - prompt 0x36516480:     726 tokens, checkpoints:  0,    90.759 MiB
ollama-1  | srv        update:    - prompt 0x371c5be0:     765 tokens, checkpoints:  0,    95.635 MiB
ollama-1  | srv        update:    - prompt 0x3651cdf0:     851 tokens, checkpoints:  0,   106.385 MiB
ollama-1  | srv        update:    - prompt 0x36510eb0:     763 tokens, checkpoints:  0,    95.384 MiB
ollama-1  | srv        update:    - prompt 0x36522570:     780 tokens, checkpoints:  0,    97.510 MiB
ollama-1  | srv        update:    - prompt 0x37b80950:     847 tokens, checkpoints:  0,   105.885 MiB
ollama-1  | srv        update:    - prompt 0x37a562a0:     710 tokens, checkpoints:  0,    88.759 MiB
ollama-1  | srv        update:    - prompt 0x37a8eee0:     770 tokens, checkpoints:  0,    96.260 MiB
ollama-1  | srv        update:    - prompt 0x370b1e10:     717 tokens, checkpoints:  0,    89.634 MiB
ollama-1  | srv        update:    - prompt 0x36537930:     753 tokens, checkpoints:  0,    94.134 MiB
ollama-1  | srv        update:    - prompt 0x371b5c80:     729 tokens, checkpoints:  0,    91.134 MiB
ollama-1  | srv        update:    - prompt 0x36996dc0:     796 tokens, checkpoints:  0,    99.510 MiB
ollama-1  | srv        update:    - prompt 0x37264940:     709 tokens, checkpoints:  0,    88.634 MiB
ollama-1  | srv        update:    - prompt 0x365024f0:     724 tokens, checkpoints:  0,    90.509 MiB
ollama-1  | srv        update:    - prompt 0x370b0570:     800 tokens, checkpoints:  0,   100.010 MiB
ollama-1  | srv        update:    - prompt 0x37256510:     728 tokens, checkpoints:  0,    91.009 MiB
ollama-1  | srv        update:    - prompt 0x364ffda0:     790 tokens, checkpoints:  0,    98.760 MiB
ollama-1  | srv        update:    - prompt 0x3715ca80:     764 tokens, checkpoints:  0,    95.509 MiB
ollama-1  | srv  get_availabl: prompt cache update took 597.41 ms
ollama-1  | slot launch_slot_: id  0 | task -1 | sampler chain: logits -> ?penalties -> ?dry -> ?top-n-sigma -> top-k -> ?typical -> top-p -> ?min-p -> ?xtc -> temp-ext -> dist 
ollama-1  | slot launch_slot_: id  0 | task -1 | sampler params: 
ollama-1  | 	repeat_last_n = 64, repeat_penalty = 1.000, frequency_penalty = 0.000, presence_penalty = 0.000
ollama-1  | 	dry_multiplier = 0.000, dry_base = 1.750, dry_allowed_length = 2, dry_penalty_last_n = 64
ollama-1  | 	top_k = 40, top_p = 0.900, min_p = 0.000, xtc_probability = 0.000, xtc_threshold = 0.100, typical_p = 1.000, top_n_sigma = -1.000, temp = 0.000
ollama-1  | 	mirostat = 0, mirostat_lr = 0.100, mirostat_ent = 5.000, adaptive_target = -1.000, adaptive_decay = 0.900
ollama-1  | slot launch_slot_: id  0 | task 11692 | processing task, is_child = 0
ollama-1  | slot   operator(): id  0 | task 11692 | new prompt, n_ctx_slot = 4096, n_keep = 4, task.n_tokens = 778
ollama-1  | slot   operator(): id  0 | task 11692 | need to evaluate at least 1 token for each active slot (n_past = 778, task.n_tokens() = 778)
ollama-1  | slot   operator(): id  0 | task 11692 | n_past was set to 777
ollama-1  | slot   operator(): id  0 | task 11692 | cached n_tokens = 777, memory_seq_rm [777, end)
ollama-1  | slot init_sampler: id  0 | task 11692 | init sampler, took 0.05 ms, tokens: text = 778, total = 778
ollama-1  | slot print_timing: id  0 | task 11692 | prompt eval time =      82.01 ms /     1 tokens (   82.01 ms per token,    12.19 tokens per second)
ollama-1  | slot print_timing: id  0 | task 11692 |        eval time =     753.92 ms /    11 tokens (   75.39 ms per token,    13.26 tokens per second)
ollama-1  | slot print_timing: id  0 | task 11692 |       total time =     835.94 ms /    12 tokens
ollama-1  | slot print_timing: id  0 | task 11692 |    graphs reused =       8235
ollama-1  | slot      release: id  0 | task 11692 | stop processing: n_tokens = 788, truncated = 0
ollama-1  | srv  update_slots: all slots are idle
ollama-1  | [GIN] 2026/10/08 - 09:31:20 | 200 |         1m16s |      172.21.0.4 | POST     "/api/generate"
ollama-1  | srv  server_strea: conv_id= (empty=1)
ollama-1  | slot get_availabl: id  0 | task -1 |  - checking sim = 0.827 (350/423) > 0.100
ollama-1  | slot get_availabl: id  0 | task -1 | selected slot by LCP similarity, f_sim_best = 0.827 (> 0.100 thold), f_keep = 0.444
ollama-1  | srv  get_availabl: updating prompt cache
ollama-1  | srv   prompt_save:  - saving prompt with length 788, total state size = 98.510 MiB (draft: 0.000 MiB)
ollama-1  | srv          load:  - looking for better prompt, base f_keep = 0.444, f_sim = 0.827
ollama-1  | srv          load:    - prompt with length     782, lcp =     350, f_keep = 0.448, f_sim = 0.827
ollama-1  | srv          load:    - prompt with length     794, lcp =     350, f_keep = 0.441, f_sim = 0.827
ollama-1  | srv          load:    - prompt with length     753, lcp =     350, f_keep = 0.465, f_sim = 0.827
ollama-1  | srv          load:    - prompt with length     730, lcp =     350, f_keep = 0.479, f_sim = 0.827
ollama-1  | srv          load:    - prompt with length     828, lcp =     350, f_keep = 0.423, f_sim = 0.827
ollama-1  | srv          load:    - prompt with length     844, lcp =     350, f_keep = 0.415, f_sim = 0.827
ollama-1  | srv          load:    - prompt with length     846, lcp =     350, f_keep = 0.414, f_sim = 0.827
ollama-1  | srv          load:    - prompt with length     892, lcp =     350, f_keep = 0.392, f_sim = 0.827
ollama-1  | srv          load:    - prompt with length     778, lcp =     350, f_keep = 0.450, f_sim = 0.827
ollama-1  | srv          load:    - prompt with length    1176, lcp =     350, f_keep = 0.298, f_sim = 0.827
ollama-1  | srv          load:    - prompt with length     726, lcp =     350, f_keep = 0.482, f_sim = 0.827
ollama-1  | srv          load:    - prompt with length     765, lcp =     350, f_keep = 0.458, f_sim = 0.827
ollama-1  | srv          load:    - prompt with length     851, lcp =     350, f_keep = 0.411, f_sim = 0.827
ollama-1  | srv          load:    - prompt with length     763, lcp =     350, f_keep = 0.459, f_sim = 0.827
ollama-1  | srv          load:    - prompt with length     780, lcp =     350, f_keep = 0.449, f_sim = 0.827
ollama-1  | srv          load:    - prompt with length     847, lcp =     350, f_keep = 0.413, f_sim = 0.827
ollama-1  | srv          load:    - prompt with length     710, lcp =     350, f_keep = 0.493, f_sim = 0.827
ollama-1  | srv          load:    - prompt with length     770, lcp =     350, f_keep = 0.455, f_sim = 0.827
ollama-1  | srv          load:    - prompt with length     717, lcp =     350, f_keep = 0.488, f_sim = 0.827
ollama-1  | srv          load:    - prompt with length     753, lcp =     350, f_keep = 0.465, f_sim = 0.827
ollama-1  | srv          load:    - prompt with length     729, lcp =     350, f_keep = 0.480, f_sim = 0.827
ollama-1  | srv          load:    - prompt with length     796, lcp =     350, f_keep = 0.440, f_sim = 0.827
ollama-1  | srv          load:    - prompt with length     709, lcp =     350, f_keep = 0.494, f_sim = 0.827
ollama-1  | srv          load:    - prompt with length     724, lcp =     350, f_keep = 0.483, f_sim = 0.827
ollama-1  | srv          load:    - prompt with length     800, lcp =     350, f_keep = 0.438, f_sim = 0.827
ollama-1  | srv          load:    - prompt with length     728, lcp =     350, f_keep = 0.481, f_sim = 0.827
ollama-1  | srv          load:    - prompt with length     790, lcp =     350, f_keep = 0.443, f_sim = 0.827
ollama-1  | srv          load:    - prompt with length     764, lcp =     350, f_keep = 0.458, f_sim = 0.827
ollama-1  | srv          load:    - prompt with length     788, lcp =     350, f_keep = 0.444, f_sim = 0.827
ollama-1  | srv        update:  - cache state: 29 prompts, 2866.909 MiB (limits: 8192.000 MiB, 4096 tokens, 65529 est)
ollama-1  | srv        update:    - prompt 0x36524940:     782 tokens, checkpoints:  0,    97.760 MiB
ollama-1  | srv        update:    - prompt 0x36524a40:     794 tokens, checkpoints:  0,    99.260 MiB
ollama-1  | srv        update:    - prompt 0x36521d10:     753 tokens, checkpoints:  0,    94.134 MiB
ollama-1  | srv        update:    - prompt 0x36521c60:     730 tokens, checkpoints:  0,    91.259 MiB
ollama-1  | srv        update:    - prompt 0x36521bb0:     828 tokens, checkpoints:  0,   103.510 MiB
ollama-1  | srv        update:    - prompt 0x3652bd10:     844 tokens, checkpoints:  0,   105.510 MiB
ollama-1  | srv        update:    - prompt 0x3724fc20:     846 tokens, checkpoints:  0,   105.760 MiB
ollama-1  | srv        update:    - prompt 0x3651c680:     892 tokens, checkpoints:  0,   111.511 MiB
ollama-1  | srv        update:    - prompt 0x36504320:     778 tokens, checkpoints:  0,    97.260 MiB
ollama-1  | srv        update:    - prompt 0x3724a9f0:    1176 tokens, checkpoints:  0,   147.014 MiB
ollama-1  | srv        update:    - prompt 0x36516480:     726 tokens, checkpoints:  0,    90.759 MiB
ollama-1  | srv        update:    - prompt 0x371c5be0:     765 tokens, checkpoints:  0,    95.635 MiB
ollama-1  | srv        update:    - prompt 0x3651cdf0:     851 tokens, checkpoints:  0,   106.385 MiB
ollama-1  | srv        update:    - prompt 0x36510eb0:     763 tokens, checkpoints:  0,    95.384 MiB
ollama-1  | srv        update:    - prompt 0x36522570:     780 tokens, checkpoints:  0,    97.510 MiB
ollama-1  | srv        update:    - prompt 0x37b80950:     847 tokens, checkpoints:  0,   105.885 MiB
ollama-1  | srv        update:    - prompt 0x37a562a0:     710 tokens, checkpoints:  0,    88.759 MiB
ollama-1  | srv        update:    - prompt 0x37a8eee0:     770 tokens, checkpoints:  0,    96.260 MiB
ollama-1  | srv        update:    - prompt 0x370b1e10:     717 tokens, checkpoints:  0,    89.634 MiB
ollama-1  | srv        update:    - prompt 0x36537930:     753 tokens, checkpoints:  0,    94.134 MiB
ollama-1  | srv        update:    - prompt 0x371b5c80:     729 tokens, checkpoints:  0,    91.134 MiB
ollama-1  | srv        update:    - prompt 0x36996dc0:     796 tokens, checkpoints:  0,    99.510 MiB
ollama-1  | srv        update:    - prompt 0x37264940:     709 tokens, checkpoints:  0,    88.634 MiB
ollama-1  | srv        update:    - prompt 0x365024f0:     724 tokens, checkpoints:  0,    90.509 MiB
ollama-1  | srv        update:    - prompt 0x370b0570:     800 tokens, checkpoints:  0,   100.010 MiB
ollama-1  | srv        update:    - prompt 0x37256510:     728 tokens, checkpoints:  0,    91.009 MiB
ollama-1  | srv        update:    - prompt 0x364ffda0:     790 tokens, checkpoints:  0,    98.760 MiB
ollama-1  | srv        update:    - prompt 0x3715ca80:     764 tokens, checkpoints:  0,    95.509 MiB
ollama-1  | srv        update:    - prompt 0x371021f0:     788 tokens, checkpoints:  0,    98.510 MiB
ollama-1  | srv  get_availabl: prompt cache update took 166.42 ms
ollama-1  | slot launch_slot_: id  0 | task -1 | sampler chain: logits -> ?penalties -> ?dry -> ?top-n-sigma -> top-k -> ?typical -> top-p -> ?min-p -> ?xtc -> temp-ext -> dist 
ollama-1  | slot launch_slot_: id  0 | task -1 | sampler params: 
ollama-1  | 	repeat_last_n = 64, repeat_penalty = 1.000, frequency_penalty = 0.000, presence_penalty = 0.000
ollama-1  | 	dry_multiplier = 0.000, dry_base = 1.750, dry_allowed_length = 2, dry_penalty_last_n = 64
ollama-1  | 	top_k = 40, top_p = 0.900, min_p = 0.000, xtc_probability = 0.000, xtc_threshold = 0.100, typical_p = 1.000, top_n_sigma = -1.000, temp = 0.000
ollama-1  | 	mirostat = 0, mirostat_lr = 0.100, mirostat_ent = 5.000, adaptive_target = -1.000, adaptive_decay = 0.900
ollama-1  | slot launch_slot_: id  0 | task 11704 | processing task, is_child = 0
ollama-1  | slot   operator(): id  0 | task 11704 | new prompt, n_ctx_slot = 4096, n_keep = 4, task.n_tokens = 423
ollama-1  | slot   operator(): id  0 | task 11704 | cached n_tokens = 350, memory_seq_rm [350, end)
ollama-1  | slot init_sampler: id  0 | task 11704 | init sampler, took 0.03 ms, tokens: text = 423, total = 423
ollama-1  | slot print_timing: id  0 | task 11704 | prompt eval time =    1112.97 ms /    73 tokens (   15.25 ms per token,    65.59 tokens per second)
ollama-1  | slot print_timing: id  0 | task 11704 |        eval time =     563.08 ms /     9 tokens (   70.39 ms per token,    14.21 tokens per second)
ollama-1  | slot print_timing: id  0 | task 11704 |       total time =    1676.05 ms /    82 tokens
ollama-1  | slot print_timing: id  0 | task 11704 |    graphs reused =       8242
ollama-1  | slot      release: id  0 | task 11704 | stop processing: n_tokens = 431, truncated = 0
ollama-1  | srv  update_slots: all slots are idle
ollama-1  | [GIN] 2026/10/08 - 09:31:21 | 200 |         1m18s |      172.21.0.4 | POST     "/api/generate"
ollama-1  | srv  server_strea: conv_id= (empty=1)
ollama-1  | slot get_availabl: id  0 | task -1 |  - checking sim = 0.729 (350/480) > 0.100
ollama-1  | slot get_availabl: id  0 | task -1 | selected slot by LCP similarity, f_sim_best = 0.729 (> 0.100 thold), f_keep = 0.812
ollama-1  | slot launch_slot_: id  0 | task -1 | sampler chain: logits -> ?penalties -> ?dry -> ?top-n-sigma -> top-k -> ?typical -> top-p -> ?min-p -> ?xtc -> temp-ext -> dist 
ollama-1  | slot launch_slot_: id  0 | task -1 | sampler params: 
ollama-1  | 	repeat_last_n = 64, repeat_penalty = 1.000, frequency_penalty = 0.000, presence_penalty = 0.000
ollama-1  | 	dry_multiplier = 0.000, dry_base = 1.750, dry_allowed_length = 2, dry_penalty_last_n = 64
ollama-1  | 	top_k = 40, top_p = 0.900, min_p = 0.000, xtc_probability = 0.000, xtc_threshold = 0.100, typical_p = 1.000, top_n_sigma = -1.000, temp = 0.000
ollama-1  | 	mirostat = 0, mirostat_lr = 0.100, mirostat_ent = 5.000, adaptive_target = -1.000, adaptive_decay = 0.900
ollama-1  | slot launch_slot_: id  0 | task 11714 | processing task, is_child = 0
ollama-1  | slot   operator(): id  0 | task 11714 | new prompt, n_ctx_slot = 4096, n_keep = 4, task.n_tokens = 480
ollama-1  | slot   operator(): id  0 | task 11714 | cached n_tokens = 350, memory_seq_rm [350, end)
ollama-1  | slot init_sampler: id  0 | task 11714 | init sampler, took 0.06 ms, tokens: text = 480, total = 480
ollama-1  | [GIN] 2026/10/08 - 09:31:22 | 200 |       37.54µs |       127.0.0.1 | HEAD     "/"
ollama-1  | [GIN] 2026/10/08 - 09:31:22 | 200 |    3.206384ms |       127.0.0.1 | GET      "/api/tags"
ollama-1  | slot print_timing: id  0 | task 11714 | prompt eval time =    1919.25 ms /   130 tokens (   14.76 ms per token,    67.73 tokens per second)
ollama-1  | slot print_timing: id  0 | task 11714 |        eval time =     547.24 ms /     9 tokens (   68.41 ms per token,    14.62 tokens per second)
ollama-1  | slot print_timing: id  0 | task 11714 |       total time =    2466.49 ms /   139 tokens
ollama-1  | slot print_timing: id  0 | task 11714 |    graphs reused =       8249
ollama-1  | slot      release: id  0 | task 11714 | stop processing: n_tokens = 488, truncated = 0
ollama-1  | srv  update_slots: all slots are idle
ollama-1  | [GIN] 2026/10/08 - 09:31:24 | 200 |         1m21s |      172.21.0.4 | POST     "/api/generate"
ollama-1  | srv  server_strea: conv_id= (empty=1)
ollama-1  | slot get_availabl: id  0 | task -1 |  - checking sim = 0.498 (350/703) > 0.100
ollama-1  | slot get_availabl: id  0 | task -1 | selected slot by LCP similarity, f_sim_best = 0.498 (> 0.100 thold), f_keep = 0.717
ollama-1  | slot launch_slot_: id  0 | task -1 | sampler chain: logits -> ?penalties -> ?dry -> ?top-n-sigma -> top-k -> ?typical -> top-p -> ?min-p -> ?xtc -> temp-ext -> dist 
ollama-1  | slot launch_slot_: id  0 | task -1 | sampler params: 
ollama-1  | 	repeat_last_n = 64, repeat_penalty = 1.000, frequency_penalty = 0.000, presence_penalty = 0.000
ollama-1  | 	dry_multiplier = 0.000, dry_base = 1.750, dry_allowed_length = 2, dry_penalty_last_n = 64
ollama-1  | 	top_k = 40, top_p = 0.900, min_p = 0.000, xtc_probability = 0.000, xtc_threshold = 0.100, typical_p = 1.000, top_n_sigma = -1.000, temp = 0.000
ollama-1  | 	mirostat = 0, mirostat_lr = 0.100, mirostat_ent = 5.000, adaptive_target = -1.000, adaptive_decay = 0.900
ollama-1  | slot launch_slot_: id  0 | task 11724 | processing task, is_child = 0
ollama-1  | slot   operator(): id  0 | task 11724 | new prompt, n_ctx_slot = 4096, n_keep = 4, task.n_tokens = 703
ollama-1  | slot   operator(): id  0 | task 11724 | cached n_tokens = 350, memory_seq_rm [350, end)
ollama-1  | slot init_sampler: id  0 | task 11724 | init sampler, took 0.08 ms, tokens: text = 703, total = 703
ollama-1  | slot print_timing: id  0 | task 11724 | prompt eval time =    5113.57 ms /   353 tokens (   14.49 ms per token,    69.03 tokens per second)
ollama-1  | slot print_timing: id  0 | task 11724 |        eval time =     713.37 ms /    11 tokens (   71.34 ms per token,    14.02 tokens per second)
ollama-1  | slot print_timing: id  0 | task 11724 |       total time =    5826.94 ms /   364 tokens
ollama-1  | slot print_timing: id  0 | task 11724 |    graphs reused =       8258
ollama-1  | slot      release: id  0 | task 11724 | stop processing: n_tokens = 713, truncated = 0
ollama-1  | srv  update_slots: all slots are idle
ollama-1  | [GIN] 2026/10/08 - 09:31:30 | 200 |         1m26s |      172.21.0.4 | POST     "/api/generate"
ollama-1  | srv  server_strea: conv_id= (empty=1)
ollama-1  | slot get_availabl: id  0 | task -1 |  - checking sim = 0.418 (351/839) > 0.100
ollama-1  | slot get_availabl: id  0 | task -1 | selected slot by LCP similarity, f_sim_best = 0.418 (> 0.100 thold), f_keep = 0.492
ollama-1  | srv  get_availabl: updating prompt cache
ollama-1  | srv   prompt_save:  - saving prompt with length 713, total state size = 89.134 MiB (draft: 0.000 MiB)
ollama-1  | srv          load:  - looking for better prompt, base f_keep = 0.492, f_sim = 0.418
ollama-1  | srv          load:    - prompt with length     782, lcp =     350, f_keep = 0.448, f_sim = 0.417
ollama-1  | srv          load:    - prompt with length     794, lcp =     350, f_keep = 0.441, f_sim = 0.417
ollama-1  | srv          load:    - prompt with length     753, lcp =     350, f_keep = 0.465, f_sim = 0.417
ollama-1  | srv          load:    - prompt with length     730, lcp =     350, f_keep = 0.479, f_sim = 0.417
ollama-1  | srv          load:    - prompt with length     828, lcp =     350, f_keep = 0.423, f_sim = 0.417
ollama-1  | srv          load:    - prompt with length     844, lcp =     350, f_keep = 0.415, f_sim = 0.417
ollama-1  | srv          load:    - prompt with length     846, lcp =     351, f_keep = 0.415, f_sim = 0.418
ollama-1  | srv          load:    - prompt with length     892, lcp =     350, f_keep = 0.392, f_sim = 0.417
ollama-1  | srv          load:    - prompt with length     778, lcp =     350, f_keep = 0.450, f_sim = 0.417
ollama-1  | srv          load:    - prompt with length    1176, lcp =     350, f_keep = 0.298, f_sim = 0.417
ollama-1  | srv          load:    - prompt with length     726, lcp =     350, f_keep = 0.482, f_sim = 0.417
ollama-1  | srv          load:    - prompt with length     765, lcp =     350, f_keep = 0.458, f_sim = 0.417
ollama-1  | srv          load:    - prompt with length     851, lcp =     351, f_keep = 0.412, f_sim = 0.418
ollama-1  | srv          load:    - prompt with length     763, lcp =     350, f_keep = 0.459, f_sim = 0.417
ollama-1  | srv          load:    - prompt with length     780, lcp =     351, f_keep = 0.450, f_sim = 0.418
ollama-1  | srv          load:    - prompt with length     847, lcp =     839, f_keep = 0.991, f_sim = 1.000
ollama-1  | srv          load:    - prompt with length     710, lcp =     350, f_keep = 0.493, f_sim = 0.417
ollama-1  | srv          load:    - prompt with length     770, lcp =     350, f_keep = 0.455, f_sim = 0.417
ollama-1  | srv          load:    - prompt with length     717, lcp =     350, f_keep = 0.488, f_sim = 0.417
ollama-1  | srv          load:    - prompt with length     753, lcp =     350, f_keep = 0.465, f_sim = 0.417
ollama-1  | srv          load:    - prompt with length     729, lcp =     351, f_keep = 0.481, f_sim = 0.418
ollama-1  | srv          load:    - prompt with length     796, lcp =     350, f_keep = 0.440, f_sim = 0.417
ollama-1  | srv          load:    - prompt with length     709, lcp =     350, f_keep = 0.494, f_sim = 0.417
ollama-1  | srv          load:    - prompt with length     724, lcp =     351, f_keep = 0.485, f_sim = 0.418
ollama-1  | srv          load:    - prompt with length     800, lcp =     351, f_keep = 0.439, f_sim = 0.418
ollama-1  | srv          load:    - prompt with length     728, lcp =     351, f_keep = 0.482, f_sim = 0.418
ollama-1  | srv          load:    - prompt with length     790, lcp =     350, f_keep = 0.443, f_sim = 0.417
ollama-1  | srv          load:    - prompt with length     764, lcp =     351, f_keep = 0.459, f_sim = 0.418
ollama-1  | srv          load:    - prompt with length     788, lcp =     350, f_keep = 0.444, f_sim = 0.417
ollama-1  | srv          load:    - prompt with length     713, lcp =     351, f_keep = 0.492, f_sim = 0.418
ollama-1  | srv          load:  - found better prompt with f_keep = 0.991, f_sim = 1.000
ollama-1  | srv        update:  - cache state: 29 prompts, 2850.158 MiB (limits: 8192.000 MiB, 4096 tokens, 65529 est)
ollama-1  | srv        update:    - prompt 0x36524940:     782 tokens, checkpoints:  0,    97.760 MiB
ollama-1  | srv        update:    - prompt 0x36524a40:     794 tokens, checkpoints:  0,    99.260 MiB
ollama-1  | srv        update:    - prompt 0x36521d10:     753 tokens, checkpoints:  0,    94.134 MiB
ollama-1  | srv        update:    - prompt 0x36521c60:     730 tokens, checkpoints:  0,    91.259 MiB
ollama-1  | srv        update:    - prompt 0x36521bb0:     828 tokens, checkpoints:  0,   103.510 MiB
ollama-1  | srv        update:    - prompt 0x3652bd10:     844 tokens, checkpoints:  0,   105.510 MiB
ollama-1  | srv        update:    - prompt 0x3724fc20:     846 tokens, checkpoints:  0,   105.760 MiB
ollama-1  | srv        update:    - prompt 0x3651c680:     892 tokens, checkpoints:  0,   111.511 MiB
ollama-1  | srv        update:    - prompt 0x36504320:     778 tokens, checkpoints:  0,    97.260 MiB
ollama-1  | srv        update:    - prompt 0x3724a9f0:    1176 tokens, checkpoints:  0,   147.014 MiB
ollama-1  | srv        update:    - prompt 0x36516480:     726 tokens, checkpoints:  0,    90.759 MiB
ollama-1  | srv        update:    - prompt 0x371c5be0:     765 tokens, checkpoints:  0,    95.635 MiB
ollama-1  | srv        update:    - prompt 0x3651cdf0:     851 tokens, checkpoints:  0,   106.385 MiB
ollama-1  | srv        update:    - prompt 0x36510eb0:     763 tokens, checkpoints:  0,    95.384 MiB
ollama-1  | srv        update:    - prompt 0x36522570:     780 tokens, checkpoints:  0,    97.510 MiB
ollama-1  | srv        update:    - prompt 0x37a562a0:     710 tokens, checkpoints:  0,    88.759 MiB
ollama-1  | srv        update:    - prompt 0x37a8eee0:     770 tokens, checkpoints:  0,    96.260 MiB
ollama-1  | srv        update:    - prompt 0x370b1e10:     717 tokens, checkpoints:  0,    89.634 MiB
ollama-1  | srv        update:    - prompt 0x36537930:     753 tokens, checkpoints:  0,    94.134 MiB
ollama-1  | srv        update:    - prompt 0x371b5c80:     729 tokens, checkpoints:  0,    91.134 MiB
ollama-1  | srv        update:    - prompt 0x36996dc0:     796 tokens, checkpoints:  0,    99.510 MiB
ollama-1  | srv        update:    - prompt 0x37264940:     709 tokens, checkpoints:  0,    88.634 MiB
ollama-1  | srv        update:    - prompt 0x365024f0:     724 tokens, checkpoints:  0,    90.509 MiB
ollama-1  | srv        update:    - prompt 0x370b0570:     800 tokens, checkpoints:  0,   100.010 MiB
ollama-1  | srv        update:    - prompt 0x37256510:     728 tokens, checkpoints:  0,    91.009 MiB
ollama-1  | srv        update:    - prompt 0x364ffda0:     790 tokens, checkpoints:  0,    98.760 MiB
ollama-1  | srv        update:    - prompt 0x3715ca80:     764 tokens, checkpoints:  0,    95.509 MiB
ollama-1  | srv        update:    - prompt 0x371021f0:     788 tokens, checkpoints:  0,    98.510 MiB
ollama-1  | srv        update:    - prompt 0x37b69a80:     713 tokens, checkpoints:  0,    89.134 MiB
ollama-1  | srv  get_availabl: prompt cache update took 1071.12 ms
ollama-1  | slot launch_slot_: id  0 | task -1 | sampler chain: logits -> ?penalties -> ?dry -> ?top-n-sigma -> top-k -> ?typical -> top-p -> ?min-p -> ?xtc -> temp-ext -> dist 
ollama-1  | slot launch_slot_: id  0 | task -1 | sampler params: 
ollama-1  | 	repeat_last_n = 64, repeat_penalty = 1.000, frequency_penalty = 0.000, presence_penalty = 0.000
ollama-1  | 	dry_multiplier = 0.000, dry_base = 1.750, dry_allowed_length = 2, dry_penalty_last_n = 64
ollama-1  | 	top_k = 40, top_p = 0.900, min_p = 0.000, xtc_probability = 0.000, xtc_threshold = 0.100, typical_p = 1.000, top_n_sigma = -1.000, temp = 0.000
ollama-1  | 	mirostat = 0, mirostat_lr = 0.100, mirostat_ent = 5.000, adaptive_target = -1.000, adaptive_decay = 0.900
ollama-1  | slot launch_slot_: id  0 | task 11736 | processing task, is_child = 0
ollama-1  | slot   operator(): id  0 | task 11736 | new prompt, n_ctx_slot = 4096, n_keep = 4, task.n_tokens = 839
ollama-1  | slot   operator(): id  0 | task 11736 | need to evaluate at least 1 token for each active slot (n_past = 839, task.n_tokens() = 839)
ollama-1  | slot   operator(): id  0 | task 11736 | n_past was set to 838
ollama-1  | slot   operator(): id  0 | task 11736 | cached n_tokens = 838, memory_seq_rm [838, end)
ollama-1  | slot init_sampler: id  0 | task 11736 | init sampler, took 0.06 ms, tokens: text = 839, total = 839
ollama-1  | slot print_timing: id  0 | task 11736 | prompt eval time =      84.22 ms /     1 tokens (   84.22 ms per token,    11.87 tokens per second)
ollama-1  | slot print_timing: id  0 | task 11736 |        eval time =     609.01 ms /     9 tokens (   76.13 ms per token,    13.14 tokens per second)
ollama-1  | slot print_timing: id  0 | task 11736 |       total time =     693.23 ms /    10 tokens
ollama-1  | slot print_timing: id  0 | task 11736 |    graphs reused =       8266
ollama-1  | slot      release: id  0 | task 11736 | stop processing: n_tokens = 847, truncated = 0
ollama-1  | srv  update_slots: all slots are idle
ollama-1  | [GIN] 2026/10/08 - 09:31:32 | 200 |         1m28s |      172.21.0.4 | POST     "/api/generate"
ollama-1  | srv  server_strea: conv_id= (empty=1)
ollama-1  | slot get_availabl: id  0 | task -1 |  - checking sim = 0.300 (350/1168) > 0.100
ollama-1  | slot get_availabl: id  0 | task -1 | selected slot by LCP similarity, f_sim_best = 0.300 (> 0.100 thold), f_keep = 0.413
ollama-1  | srv  get_availabl: updating prompt cache
ollama-1  | srv   prompt_save:  - saving prompt with length 847, total state size = 105.885 MiB (draft: 0.000 MiB)
ollama-1  | srv          load:  - looking for better prompt, base f_keep = 0.413, f_sim = 0.300
ollama-1  | srv          load:    - prompt with length     782, lcp =     350, f_keep = 0.448, f_sim = 0.300
ollama-1  | srv          load:    - prompt with length     794, lcp =     350, f_keep = 0.441, f_sim = 0.300
ollama-1  | srv          load:    - prompt with length     753, lcp =     350, f_keep = 0.465, f_sim = 0.300
ollama-1  | srv          load:    - prompt with length     730, lcp =     350, f_keep = 0.479, f_sim = 0.300
ollama-1  | srv          load:    - prompt with length     828, lcp =     350, f_keep = 0.423, f_sim = 0.300
ollama-1  | srv          load:    - prompt with length     844, lcp =     350, f_keep = 0.415, f_sim = 0.300
ollama-1  | srv          load:    - prompt with length     846, lcp =     350, f_keep = 0.414, f_sim = 0.300
ollama-1  | srv          load:    - prompt with length     892, lcp =     350, f_keep = 0.392, f_sim = 0.300
ollama-1  | srv          load:    - prompt with length     778, lcp =     350, f_keep = 0.450, f_sim = 0.300
ollama-1  | srv          load:    - prompt with length    1176, lcp =    1168, f_keep = 0.993, f_sim = 1.000
ollama-1  | srv          load:    - prompt with length     726, lcp =     350, f_keep = 0.482, f_sim = 0.300
ollama-1  | srv          load:    - prompt with length     765, lcp =     350, f_keep = 0.458, f_sim = 0.300
ollama-1  | srv          load:    - prompt with length     851, lcp =     350, f_keep = 0.411, f_sim = 0.300
ollama-1  | srv          load:    - prompt with length     763, lcp =     350, f_keep = 0.459, f_sim = 0.300
ollama-1  | srv          load:    - prompt with length     780, lcp =     350, f_keep = 0.449, f_sim = 0.300
ollama-1  | srv          load:    - prompt with length     710, lcp =     350, f_keep = 0.493, f_sim = 0.300
ollama-1  | srv          load:    - prompt with length     770, lcp =     350, f_keep = 0.455, f_sim = 0.300
ollama-1  | srv          load:    - prompt with length     717, lcp =     350, f_keep = 0.488, f_sim = 0.300
ollama-1  | srv          load:    - prompt with length     753, lcp =     350, f_keep = 0.465, f_sim = 0.300
ollama-1  | srv          load:    - prompt with length     729, lcp =     350, f_keep = 0.480, f_sim = 0.300
ollama-1  | srv          load:    - prompt with length     796, lcp =     350, f_keep = 0.440, f_sim = 0.300
ollama-1  | srv          load:    - prompt with length     709, lcp =     350, f_keep = 0.494, f_sim = 0.300
ollama-1  | srv          load:    - prompt with length     724, lcp =     350, f_keep = 0.483, f_sim = 0.300
ollama-1  | srv          load:    - prompt with length     800, lcp =     350, f_keep = 0.438, f_sim = 0.300
ollama-1  | srv          load:    - prompt with length     728, lcp =     350, f_keep = 0.481, f_sim = 0.300
ollama-1  | srv          load:    - prompt with length     790, lcp =     350, f_keep = 0.443, f_sim = 0.300
ollama-1  | srv          load:    - prompt with length     764, lcp =     350, f_keep = 0.458, f_sim = 0.300
ollama-1  | srv          load:    - prompt with length     788, lcp =     350, f_keep = 0.444, f_sim = 0.300
ollama-1  | srv          load:    - prompt with length     713, lcp =     350, f_keep = 0.491, f_sim = 0.300
ollama-1  | srv          load:    - prompt with length     847, lcp =     350, f_keep = 0.413, f_sim = 0.300
ollama-1  | srv          load:  - found better prompt with f_keep = 0.993, f_sim = 1.000
ollama-1  | [GIN] 2026/10/08 - 09:31:33 | 200 |      17.938µs |       127.0.0.1 | HEAD     "/"
ollama-1  | [GIN] 2026/10/08 - 09:31:33 | 200 |     764.779µs |       127.0.0.1 | GET      "/api/tags"
ollama-1  | srv        update:  - cache state: 29 prompts, 2809.029 MiB (limits: 8192.000 MiB, 4096 tokens, 65529 est)
ollama-1  | srv        update:    - prompt 0x36524940:     782 tokens, checkpoints:  0,    97.760 MiB
ollama-1  | srv        update:    - prompt 0x36524a40:     794 tokens, checkpoints:  0,    99.260 MiB
ollama-1  | srv        update:    - prompt 0x36521d10:     753 tokens, checkpoints:  0,    94.134 MiB
ollama-1  | srv        update:    - prompt 0x36521c60:     730 tokens, checkpoints:  0,    91.259 MiB
ollama-1  | srv        update:    - prompt 0x36521bb0:     828 tokens, checkpoints:  0,   103.510 MiB
ollama-1  | srv        update:    - prompt 0x3652bd10:     844 tokens, checkpoints:  0,   105.510 MiB
ollama-1  | srv        update:    - prompt 0x3724fc20:     846 tokens, checkpoints:  0,   105.760 MiB
ollama-1  | srv        update:    - prompt 0x3651c680:     892 tokens, checkpoints:  0,   111.511 MiB
ollama-1  | srv        update:    - prompt 0x36504320:     778 tokens, checkpoints:  0,    97.260 MiB
ollama-1  | srv        update:    - prompt 0x36516480:     726 tokens, checkpoints:  0,    90.759 MiB
ollama-1  | srv        update:    - prompt 0x371c5be0:     765 tokens, checkpoints:  0,    95.635 MiB
ollama-1  | srv        update:    - prompt 0x3651cdf0:     851 tokens, checkpoints:  0,   106.385 MiB
ollama-1  | srv        update:    - prompt 0x36510eb0:     763 tokens, checkpoints:  0,    95.384 MiB
ollama-1  | srv        update:    - prompt 0x36522570:     780 tokens, checkpoints:  0,    97.510 MiB
ollama-1  | srv        update:    - prompt 0x37a562a0:     710 tokens, checkpoints:  0,    88.759 MiB
ollama-1  | srv        update:    - prompt 0x37a8eee0:     770 tokens, checkpoints:  0,    96.260 MiB
ollama-1  | srv        update:    - prompt 0x370b1e10:     717 tokens, checkpoints:  0,    89.634 MiB
ollama-1  | srv        update:    - prompt 0x36537930:     753 tokens, checkpoints:  0,    94.134 MiB
ollama-1  | srv        update:    - prompt 0x371b5c80:     729 tokens, checkpoints:  0,    91.134 MiB
ollama-1  | srv        update:    - prompt 0x36996dc0:     796 tokens, checkpoints:  0,    99.510 MiB
ollama-1  | srv        update:    - prompt 0x37264940:     709 tokens, checkpoints:  0,    88.634 MiB
ollama-1  | srv        update:    - prompt 0x365024f0:     724 tokens, checkpoints:  0,    90.509 MiB
ollama-1  | srv        update:    - prompt 0x370b0570:     800 tokens, checkpoints:  0,   100.010 MiB
ollama-1  | srv        update:    - prompt 0x37256510:     728 tokens, checkpoints:  0,    91.009 MiB
ollama-1  | srv        update:    - prompt 0x364ffda0:     790 tokens, checkpoints:  0,    98.760 MiB
ollama-1  | srv        update:    - prompt 0x3715ca80:     764 tokens, checkpoints:  0,    95.509 MiB
ollama-1  | srv        update:    - prompt 0x371021f0:     788 tokens, checkpoints:  0,    98.510 MiB
ollama-1  | srv        update:    - prompt 0x37b69a80:     713 tokens, checkpoints:  0,    89.134 MiB
ollama-1  | srv        update:    - prompt 0x37b80950:     847 tokens, checkpoints:  0,   105.885 MiB
ollama-1  | srv  get_availabl: prompt cache update took 1286.51 ms
ollama-1  | slot launch_slot_: id  0 | task -1 | sampler chain: logits -> ?penalties -> ?dry -> ?top-n-sigma -> top-k -> ?typical -> top-p -> ?min-p -> ?xtc -> temp-ext -> dist 
ollama-1  | slot launch_slot_: id  0 | task -1 | sampler params: 
ollama-1  | 	repeat_last_n = 64, repeat_penalty = 1.000, frequency_penalty = 0.000, presence_penalty = 0.000
ollama-1  | 	dry_multiplier = 0.000, dry_base = 1.750, dry_allowed_length = 2, dry_penalty_last_n = 64
ollama-1  | 	top_k = 40, top_p = 0.900, min_p = 0.000, xtc_probability = 0.000, xtc_threshold = 0.100, typical_p = 1.000, top_n_sigma = -1.000, temp = 0.000
ollama-1  | 	mirostat = 0, mirostat_lr = 0.100, mirostat_ent = 5.000, adaptive_target = -1.000, adaptive_decay = 0.900
ollama-1  | slot launch_slot_: id  0 | task 11746 | processing task, is_child = 0
ollama-1  | slot   operator(): id  0 | task 11746 | new prompt, n_ctx_slot = 4096, n_keep = 4, task.n_tokens = 1168
ollama-1  | slot   operator(): id  0 | task 11746 | need to evaluate at least 1 token for each active slot (n_past = 1168, task.n_tokens() = 1168)
ollama-1  | slot   operator(): id  0 | task 11746 | n_past was set to 1167
ollama-1  | slot   operator(): id  0 | task 11746 | cached n_tokens = 1167, memory_seq_rm [1167, end)
ollama-1  | slot init_sampler: id  0 | task 11746 | init sampler, took 0.10 ms, tokens: text = 1168, total = 1168
ollama-1  | slot print_timing: id  0 | task 11746 | prompt eval time =      92.50 ms /     1 tokens (   92.50 ms per token,    10.81 tokens per second)
ollama-1  | slot print_timing: id  0 | task 11746 |        eval time =     620.14 ms /     9 tokens (   77.52 ms per token,    12.90 tokens per second)
ollama-1  | slot print_timing: id  0 | task 11746 |       total time =     712.64 ms /    10 tokens
ollama-1  | slot print_timing: id  0 | task 11746 |    graphs reused =       8274
ollama-1  | slot      release: id  0 | task 11746 | stop processing: n_tokens = 1176, truncated = 0
ollama-1  | srv  update_slots: all slots are idle
ollama-1  | [GIN] 2026/10/08 - 09:31:34 | 200 |         1m30s |      172.21.0.4 | POST     "/api/generate"
ollama-1  | srv  server_strea: conv_id= (empty=1)
ollama-1  | slot get_availabl: id  0 | task -1 |  - checking sim = 0.723 (350/484) > 0.100
ollama-1  | slot get_availabl: id  0 | task -1 | selected slot by LCP similarity, f_sim_best = 0.723 (> 0.100 thold), f_keep = 0.298
ollama-1  | srv  get_availabl: updating prompt cache
ollama-1  | srv   prompt_save:  - saving prompt with length 1176, total state size = 147.014 MiB (draft: 0.000 MiB)
ollama-1  | srv          load:  - looking for better prompt, base f_keep = 0.298, f_sim = 0.723
ollama-1  | srv          load:    - prompt with length     782, lcp =     350, f_keep = 0.448, f_sim = 0.723
ollama-1  | srv          load:    - prompt with length     794, lcp =     350, f_keep = 0.441, f_sim = 0.723
ollama-1  | srv          load:    - prompt with length     753, lcp =     350, f_keep = 0.465, f_sim = 0.723
ollama-1  | srv          load:    - prompt with length     730, lcp =     350, f_keep = 0.479, f_sim = 0.723
ollama-1  | srv          load:    - prompt with length     828, lcp =     350, f_keep = 0.423, f_sim = 0.723
ollama-1  | srv          load:    - prompt with length     844, lcp =     350, f_keep = 0.415, f_sim = 0.723
ollama-1  | srv          load:    - prompt with length     846, lcp =     350, f_keep = 0.414, f_sim = 0.723
ollama-1  | srv          load:    - prompt with length     892, lcp =     350, f_keep = 0.392, f_sim = 0.723
ollama-1  | srv          load:    - prompt with length     778, lcp =     350, f_keep = 0.450, f_sim = 0.723
ollama-1  | srv          load:    - prompt with length     726, lcp =     350, f_keep = 0.482, f_sim = 0.723
ollama-1  | srv          load:    - prompt with length     765, lcp =     350, f_keep = 0.458, f_sim = 0.723
ollama-1  | srv          load:    - prompt with length     851, lcp =     350, f_keep = 0.411, f_sim = 0.723
ollama-1  | srv          load:    - prompt with length     763, lcp =     350, f_keep = 0.459, f_sim = 0.723
ollama-1  | srv          load:    - prompt with length     780, lcp =     350, f_keep = 0.449, f_sim = 0.723
ollama-1  | srv          load:    - prompt with length     710, lcp =     350, f_keep = 0.493, f_sim = 0.723
ollama-1  | srv          load:    - prompt with length     770, lcp =     350, f_keep = 0.455, f_sim = 0.723
ollama-1  | srv          load:    - prompt with length     717, lcp =     350, f_keep = 0.488, f_sim = 0.723
ollama-1  | srv          load:    - prompt with length     753, lcp =     350, f_keep = 0.465, f_sim = 0.723
ollama-1  | srv          load:    - prompt with length     729, lcp =     350, f_keep = 0.480, f_sim = 0.723
ollama-1  | srv          load:    - prompt with length     796, lcp =     350, f_keep = 0.440, f_sim = 0.723
ollama-1  | srv          load:    - prompt with length     709, lcp =     350, f_keep = 0.494, f_sim = 0.723
ollama-1  | srv          load:    - prompt with length     724, lcp =     350, f_keep = 0.483, f_sim = 0.723
ollama-1  | srv          load:    - prompt with length     800, lcp =     350, f_keep = 0.438, f_sim = 0.723
ollama-1  | srv          load:    - prompt with length     728, lcp =     350, f_keep = 0.481, f_sim = 0.723
ollama-1  | srv          load:    - prompt with length     790, lcp =     350, f_keep = 0.443, f_sim = 0.723
ollama-1  | srv          load:    - prompt with length     764, lcp =     350, f_keep = 0.458, f_sim = 0.723
ollama-1  | srv          load:    - prompt with length     788, lcp =     350, f_keep = 0.444, f_sim = 0.723
ollama-1  | srv          load:    - prompt with length     713, lcp =     350, f_keep = 0.491, f_sim = 0.723
ollama-1  | srv          load:    - prompt with length     847, lcp =     350, f_keep = 0.413, f_sim = 0.723
ollama-1  | srv          load:    - prompt with length    1176, lcp =     350, f_keep = 0.298, f_sim = 0.723
ollama-1  | srv        update:  - cache state: 30 prompts, 2956.043 MiB (limits: 8192.000 MiB, 4096 tokens, 65529 est)
ollama-1  | srv        update:    - prompt 0x36524940:     782 tokens, checkpoints:  0,    97.760 MiB
ollama-1  | srv        update:    - prompt 0x36524a40:     794 tokens, checkpoints:  0,    99.260 MiB
ollama-1  | srv        update:    - prompt 0x36521d10:     753 tokens, checkpoints:  0,    94.134 MiB
ollama-1  | srv        update:    - prompt 0x36521c60:     730 tokens, checkpoints:  0,    91.259 MiB
ollama-1  | srv        update:    - prompt 0x36521bb0:     828 tokens, checkpoints:  0,   103.510 MiB
ollama-1  | srv        update:    - prompt 0x3652bd10:     844 tokens, checkpoints:  0,   105.510 MiB
ollama-1  | srv        update:    - prompt 0x3724fc20:     846 tokens, checkpoints:  0,   105.760 MiB
ollama-1  | srv        update:    - prompt 0x3651c680:     892 tokens, checkpoints:  0,   111.511 MiB
ollama-1  | srv        update:    - prompt 0x36504320:     778 tokens, checkpoints:  0,    97.260 MiB
ollama-1  | srv        update:    - prompt 0x36516480:     726 tokens, checkpoints:  0,    90.759 MiB
ollama-1  | srv        update:    - prompt 0x371c5be0:     765 tokens, checkpoints:  0,    95.635 MiB
ollama-1  | srv        update:    - prompt 0x3651cdf0:     851 tokens, checkpoints:  0,   106.385 MiB
ollama-1  | srv        update:    - prompt 0x36510eb0:     763 tokens, checkpoints:  0,    95.384 MiB
ollama-1  | srv        update:    - prompt 0x36522570:     780 tokens, checkpoints:  0,    97.510 MiB
ollama-1  | srv        update:    - prompt 0x37a562a0:     710 tokens, checkpoints:  0,    88.759 MiB
ollama-1  | srv        update:    - prompt 0x37a8eee0:     770 tokens, checkpoints:  0,    96.260 MiB
ollama-1  | srv        update:    - prompt 0x370b1e10:     717 tokens, checkpoints:  0,    89.634 MiB
ollama-1  | srv        update:    - prompt 0x36537930:     753 tokens, checkpoints:  0,    94.134 MiB
ollama-1  | srv        update:    - prompt 0x371b5c80:     729 tokens, checkpoints:  0,    91.134 MiB
ollama-1  | srv        update:    - prompt 0x36996dc0:     796 tokens, checkpoints:  0,    99.510 MiB
ollama-1  | srv        update:    - prompt 0x37264940:     709 tokens, checkpoints:  0,    88.634 MiB
ollama-1  | srv        update:    - prompt 0x365024f0:     724 tokens, checkpoints:  0,    90.509 MiB
ollama-1  | srv        update:    - prompt 0x370b0570:     800 tokens, checkpoints:  0,   100.010 MiB
ollama-1  | srv        update:    - prompt 0x37256510:     728 tokens, checkpoints:  0,    91.009 MiB
ollama-1  | srv        update:    - prompt 0x364ffda0:     790 tokens, checkpoints:  0,    98.760 MiB
ollama-1  | srv        update:    - prompt 0x3715ca80:     764 tokens, checkpoints:  0,    95.509 MiB
ollama-1  | srv        update:    - prompt 0x371021f0:     788 tokens, checkpoints:  0,    98.510 MiB
ollama-1  | srv        update:    - prompt 0x37b69a80:     713 tokens, checkpoints:  0,    89.134 MiB
ollama-1  | srv        update:    - prompt 0x37b80950:     847 tokens, checkpoints:  0,   105.885 MiB
ollama-1  | srv        update:    - prompt 0x3724a9f0:    1176 tokens, checkpoints:  0,   147.014 MiB
ollama-1  | srv  get_availabl: prompt cache update took 156.63 ms
ollama-1  | slot launch_slot_: id  0 | task -1 | sampler chain: logits -> ?penalties -> ?dry -> ?top-n-sigma -> top-k -> ?typical -> top-p -> ?min-p -> ?xtc -> temp-ext -> dist 
ollama-1  | slot launch_slot_: id  0 | task -1 | sampler params: 
ollama-1  | 	repeat_last_n = 64, repeat_penalty = 1.000, frequency_penalty = 0.000, presence_penalty = 0.000
ollama-1  | 	dry_multiplier = 0.000, dry_base = 1.750, dry_allowed_length = 2, dry_penalty_last_n = 64
ollama-1  | 	top_k = 40, top_p = 0.900, min_p = 0.000, xtc_probability = 0.000, xtc_threshold = 0.100, typical_p = 1.000, top_n_sigma = -1.000, temp = 0.000
ollama-1  | 	mirostat = 0, mirostat_lr = 0.100, mirostat_ent = 5.000, adaptive_target = -1.000, adaptive_decay = 0.900
ollama-1  | slot launch_slot_: id  0 | task 11756 | processing task, is_child = 0
ollama-1  | slot   operator(): id  0 | task 11756 | new prompt, n_ctx_slot = 4096, n_keep = 4, task.n_tokens = 484
ollama-1  | slot   operator(): id  0 | task 11756 | cached n_tokens = 350, memory_seq_rm [350, end)
ollama-1  | slot init_sampler: id  0 | task 11756 | init sampler, took 0.04 ms, tokens: text = 484, total = 484
ollama-1  | slot print_timing: id  0 | task 11756 | prompt eval time =    2039.04 ms /   134 tokens (   15.22 ms per token,    65.72 tokens per second)
ollama-1  | slot print_timing: id  0 | task 11756 |        eval time =     572.90 ms /     9 tokens (   71.61 ms per token,    13.96 tokens per second)
ollama-1  | slot print_timing: id  0 | task 11756 |       total time =    2611.93 ms /   143 tokens
ollama-1  | slot print_timing: id  0 | task 11756 |    graphs reused =       8281
ollama-1  | slot      release: id  0 | task 11756 | stop processing: n_tokens = 492, truncated = 0
ollama-1  | srv  update_slots: all slots are idle
ollama-1  | [GIN] 2026/10/08 - 09:31:36 | 200 |         1m33s |      172.21.0.4 | POST     "/api/generate"
ollama-1  | srv  server_strea: conv_id= (empty=1)
ollama-1  | slot get_availabl: id  0 | task -1 |  - checking sim = 0.602 (350/581) > 0.100
ollama-1  | slot get_availabl: id  0 | task -1 | selected slot by LCP similarity, f_sim_best = 0.602 (> 0.100 thold), f_keep = 0.711
ollama-1  | slot launch_slot_: id  0 | task -1 | sampler chain: logits -> ?penalties -> ?dry -> ?top-n-sigma -> top-k -> ?typical -> top-p -> ?min-p -> ?xtc -> temp-ext -> dist 
ollama-1  | slot launch_slot_: id  0 | task -1 | sampler params: 
ollama-1  | 	repeat_last_n = 64, repeat_penalty = 1.000, frequency_penalty = 0.000, presence_penalty = 0.000
ollama-1  | 	dry_multiplier = 0.000, dry_base = 1.750, dry_allowed_length = 2, dry_penalty_last_n = 64
ollama-1  | 	top_k = 40, top_p = 0.900, min_p = 0.000, xtc_probability = 0.000, xtc_threshold = 0.100, typical_p = 1.000, top_n_sigma = -1.000, temp = 0.000
ollama-1  | 	mirostat = 0, mirostat_lr = 0.100, mirostat_ent = 5.000, adaptive_target = -1.000, adaptive_decay = 0.900
ollama-1  | slot launch_slot_: id  0 | task 11766 | processing task, is_child = 0
ollama-1  | slot   operator(): id  0 | task 11766 | new prompt, n_ctx_slot = 4096, n_keep = 4, task.n_tokens = 581
ollama-1  | slot   operator(): id  0 | task 11766 | cached n_tokens = 350, memory_seq_rm [350, end)
ollama-1  | slot init_sampler: id  0 | task 11766 | init sampler, took 0.07 ms, tokens: text = 581, total = 581
ollama-1  | slot print_timing: id  0 | task 11766 | prompt eval time =    3446.61 ms /   231 tokens (   14.92 ms per token,    67.02 tokens per second)
ollama-1  | slot print_timing: id  0 | task 11766 |        eval time =     678.60 ms /    10 tokens (   75.40 ms per token,    13.26 tokens per second)
ollama-1  | slot print_timing: id  0 | task 11766 |       total time =    4125.20 ms /   241 tokens
ollama-1  | slot print_timing: id  0 | task 11766 |    graphs reused =       8289
ollama-1  | slot      release: id  0 | task 11766 | stop processing: n_tokens = 590, truncated = 0
ollama-1  | srv  update_slots: all slots are idle
ollama-1  | [GIN] 2026/10/08 - 09:31:42 | 200 |         1m37s |      172.21.0.4 | POST     "/api/generate"
ollama-1  | srv  server_strea: conv_id= (empty=1)
ollama-1  | slot get_availabl: id  0 | task -1 |  - checking sim = 0.841 (350/416) > 0.100
ollama-1  | slot get_availabl: id  0 | task -1 | selected slot by LCP similarity, f_sim_best = 0.841 (> 0.100 thold), f_keep = 0.593
ollama-1  | slot launch_slot_: id  0 | task -1 | sampler chain: logits -> ?penalties -> ?dry -> ?top-n-sigma -> top-k -> ?typical -> top-p -> ?min-p -> ?xtc -> temp-ext -> dist 
ollama-1  | slot launch_slot_: id  0 | task -1 | sampler params: 
ollama-1  | 	repeat_last_n = 64, repeat_penalty = 1.000, frequency_penalty = 0.000, presence_penalty = 0.000
ollama-1  | 	dry_multiplier = 0.000, dry_base = 1.750, dry_allowed_length = 2, dry_penalty_last_n = 64
ollama-1  | 	top_k = 40, top_p = 0.900, min_p = 0.000, xtc_probability = 0.000, xtc_threshold = 0.100, typical_p = 1.000, top_n_sigma = -1.000, temp = 0.000
ollama-1  | 	mirostat = 0, mirostat_lr = 0.100, mirostat_ent = 5.000, adaptive_target = -1.000, adaptive_decay = 0.900
ollama-1  | slot launch_slot_: id  0 | task 11777 | processing task, is_child = 0
ollama-1  | slot   operator(): id  0 | task 11777 | new prompt, n_ctx_slot = 4096, n_keep = 4, task.n_tokens = 416
ollama-1  | slot   operator(): id  0 | task 11777 | cached n_tokens = 350, memory_seq_rm [350, end)
ollama-1  | slot init_sampler: id  0 | task 11777 | init sampler, took 0.04 ms, tokens: text = 416, total = 416
ollama-1  | slot print_timing: id  0 | task 11777 | prompt eval time =    1012.47 ms /    66 tokens (   15.34 ms per token,    65.19 tokens per second)
ollama-1  | slot print_timing: id  0 | task 11777 |        eval time =     496.67 ms /     8 tokens (   70.95 ms per token,    14.09 tokens per second)
ollama-1  | slot print_timing: id  0 | task 11777 |       total time =    1509.14 ms /    74 tokens
ollama-1  | slot print_timing: id  0 | task 11777 |    graphs reused =       8295
ollama-1  | slot      release: id  0 | task 11777 | stop processing: n_tokens = 423, truncated = 0
ollama-1  | srv  update_slots: all slots are idle
ollama-1  | [GIN] 2026/10/08 - 09:31:43 | 200 |         1m39s |      172.21.0.4 | POST     "/api/generate"
ollama-1  | srv  server_strea: conv_id= (empty=1)
ollama-1  | slot get_availabl: id  0 | task -1 |  - checking sim = 0.749 (350/467) > 0.100
ollama-1  | slot get_availabl: id  0 | task -1 | selected slot by LCP similarity, f_sim_best = 0.749 (> 0.100 thold), f_keep = 0.827
ollama-1  | slot launch_slot_: id  0 | task -1 | sampler chain: logits -> ?penalties -> ?dry -> ?top-n-sigma -> top-k -> ?typical -> top-p -> ?min-p -> ?xtc -> temp-ext -> dist 
ollama-1  | slot launch_slot_: id  0 | task -1 | sampler params: 
ollama-1  | 	repeat_last_n = 64, repeat_penalty = 1.000, frequency_penalty = 0.000, presence_penalty = 0.000
ollama-1  | 	dry_multiplier = 0.000, dry_base = 1.750, dry_allowed_length = 2, dry_penalty_last_n = 64
ollama-1  | 	top_k = 40, top_p = 0.900, min_p = 0.000, xtc_probability = 0.000, xtc_threshold = 0.100, typical_p = 1.000, top_n_sigma = -1.000, temp = 0.000
ollama-1  | 	mirostat = 0, mirostat_lr = 0.100, mirostat_ent = 5.000, adaptive_target = -1.000, adaptive_decay = 0.900
ollama-1  | slot launch_slot_: id  0 | task 11786 | processing task, is_child = 0
ollama-1  | slot   operator(): id  0 | task 11786 | new prompt, n_ctx_slot = 4096, n_keep = 4, task.n_tokens = 467
ollama-1  | slot   operator(): id  0 | task 11786 | cached n_tokens = 350, memory_seq_rm [350, end)
ollama-1  | slot init_sampler: id  0 | task 11786 | init sampler, took 0.04 ms, tokens: text = 467, total = 467
ollama-1  | [GIN] 2026/10/08 - 09:31:44 | 200 |      34.839µs |       127.0.0.1 | HEAD     "/"
ollama-1  | [GIN] 2026/10/08 - 09:31:44 | 200 |    1.412991ms |       127.0.0.1 | GET      "/api/tags"
ollama-1  | slot print_timing: id  0 | task 11786 | prompt eval time =    1767.26 ms /   117 tokens (   15.10 ms per token,    66.20 tokens per second)
ollama-1  | slot print_timing: id  0 | task 11786 |        eval time =     636.25 ms /    10 tokens (   70.69 ms per token,    14.15 tokens per second)
ollama-1  | slot print_timing: id  0 | task 11786 |       total time =    2403.51 ms /   127 tokens
ollama-1  | slot print_timing: id  0 | task 11786 |    graphs reused =       8303
ollama-1  | slot      release: id  0 | task 11786 | stop processing: n_tokens = 476, truncated = 0
ollama-1  | srv  update_slots: all slots are idle
ollama-1  | [GIN] 2026/10/08 - 09:31:46 | 200 |         1m41s |      172.21.0.4 | POST     "/api/generate"
ollama-1  | srv  server_strea: conv_id= (empty=1)
ollama-1  | slot get_availabl: id  0 | task -1 |  - checking sim = 0.543 (350/644) > 0.100
ollama-1  | slot get_availabl: id  0 | task -1 | selected slot by LCP similarity, f_sim_best = 0.543 (> 0.100 thold), f_keep = 0.735
ollama-1  | slot launch_slot_: id  0 | task -1 | sampler chain: logits -> ?penalties -> ?dry -> ?top-n-sigma -> top-k -> ?typical -> top-p -> ?min-p -> ?xtc -> temp-ext -> dist 
ollama-1  | slot launch_slot_: id  0 | task -1 | sampler params: 
ollama-1  | 	repeat_last_n = 64, repeat_penalty = 1.000, frequency_penalty = 0.000, presence_penalty = 0.000
ollama-1  | 	dry_multiplier = 0.000, dry_base = 1.750, dry_allowed_length = 2, dry_penalty_last_n = 64
ollama-1  | 	top_k = 40, top_p = 0.900, min_p = 0.000, xtc_probability = 0.000, xtc_threshold = 0.100, typical_p = 1.000, top_n_sigma = -1.000, temp = 0.000
ollama-1  | 	mirostat = 0, mirostat_lr = 0.100, mirostat_ent = 5.000, adaptive_target = -1.000, adaptive_decay = 0.900
ollama-1  | slot launch_slot_: id  0 | task 11797 | processing task, is_child = 0
ollama-1  | slot   operator(): id  0 | task 11797 | new prompt, n_ctx_slot = 4096, n_keep = 4, task.n_tokens = 644
ollama-1  | slot   operator(): id  0 | task 11797 | cached n_tokens = 350, memory_seq_rm [350, end)
ollama-1  | slot init_sampler: id  0 | task 11797 | init sampler, took 0.08 ms, tokens: text = 644, total = 644
ollama-1  | slot print_timing: id  0 | task 11797 | prompt eval time =    4444.92 ms /   294 tokens (   15.12 ms per token,    66.14 tokens per second)
ollama-1  | slot print_timing: id  0 | task 11797 |        eval time =     501.19 ms /     8 tokens (   71.60 ms per token,    13.97 tokens per second)
ollama-1  | slot print_timing: id  0 | task 11797 |       total time =    4946.11 ms /   302 tokens
ollama-1  | slot print_timing: id  0 | task 11797 |    graphs reused =       8309
ollama-1  | slot      release: id  0 | task 11797 | stop processing: n_tokens = 651, truncated = 0
ollama-1  | srv  update_slots: all slots are idle
ollama-1  | [GIN] 2026/10/08 - 09:31:51 | 200 |         1m46s |      172.21.0.4 | POST     "/api/generate"
ollama-1  | srv  server_strea: conv_id= (empty=1)
ollama-1  | slot get_availabl: id  0 | task -1 |  - checking sim = 0.640 (350/547) > 0.100
ollama-1  | slot get_availabl: id  0 | task -1 | selected slot by LCP similarity, f_sim_best = 0.640 (> 0.100 thold), f_keep = 0.538
ollama-1  | slot launch_slot_: id  0 | task -1 | sampler chain: logits -> ?penalties -> ?dry -> ?top-n-sigma -> top-k -> ?typical -> top-p -> ?min-p -> ?xtc -> temp-ext -> dist 
ollama-1  | slot launch_slot_: id  0 | task -1 | sampler params: 
ollama-1  | 	repeat_last_n = 64, repeat_penalty = 1.000, frequency_penalty = 0.000, presence_penalty = 0.000
ollama-1  | 	dry_multiplier = 0.000, dry_base = 1.750, dry_allowed_length = 2, dry_penalty_last_n = 64
ollama-1  | 	top_k = 40, top_p = 0.900, min_p = 0.000, xtc_probability = 0.000, xtc_threshold = 0.100, typical_p = 1.000, top_n_sigma = -1.000, temp = 0.000
ollama-1  | 	mirostat = 0, mirostat_lr = 0.100, mirostat_ent = 5.000, adaptive_target = -1.000, adaptive_decay = 0.900
ollama-1  | slot launch_slot_: id  0 | task 11806 | processing task, is_child = 0
ollama-1  | slot   operator(): id  0 | task 11806 | new prompt, n_ctx_slot = 4096, n_keep = 4, task.n_tokens = 547
ollama-1  | slot   operator(): id  0 | task 11806 | cached n_tokens = 350, memory_seq_rm [350, end)
ollama-1  | slot init_sampler: id  0 | task 11806 | init sampler, took 0.07 ms, tokens: text = 547, total = 547
ollama-1  | [GIN] 2026/10/08 - 09:31:54 | 200 |      30.438µs |       127.0.0.1 | HEAD     "/"
ollama-1  | [GIN] 2026/10/08 - 09:31:54 | 200 |     955.999µs |       127.0.0.1 | GET      "/api/tags"
ollama-1  | slot print_timing: id  0 | task 11806 | prompt eval time =    2994.32 ms /   197 tokens (   15.20 ms per token,    65.79 tokens per second)
ollama-1  | slot print_timing: id  0 | task 11806 |        eval time =     570.69 ms /     9 tokens (   71.34 ms per token,    14.02 tokens per second)
ollama-1  | slot print_timing: id  0 | task 11806 |       total time =    3565.01 ms /   206 tokens
ollama-1  | slot print_timing: id  0 | task 11806 |    graphs reused =       8316
ollama-1  | slot      release: id  0 | task 11806 | stop processing: n_tokens = 555, truncated = 0
ollama-1  | srv  update_slots: all slots are idle
ollama-1  | [GIN] 2026/10/08 - 09:31:54 | 200 |         1m50s |      172.21.0.4 | POST     "/api/generate"
ollama-1  | srv  server_strea: conv_id= (empty=1)
ollama-1  | slot get_availabl: id  0 | task -1 |  - checking sim = 0.728 (350/481) > 0.100
ollama-1  | slot get_availabl: id  0 | task -1 | selected slot by LCP similarity, f_sim_best = 0.728 (> 0.100 thold), f_keep = 0.631
ollama-1  | slot launch_slot_: id  0 | task -1 | sampler chain: logits -> ?penalties -> ?dry -> ?top-n-sigma -> top-k -> ?typical -> top-p -> ?min-p -> ?xtc -> temp-ext -> dist 
ollama-1  | slot launch_slot_: id  0 | task -1 | sampler params: 
ollama-1  | 	repeat_last_n = 64, repeat_penalty = 1.000, frequency_penalty = 0.000, presence_penalty = 0.000
ollama-1  | 	dry_multiplier = 0.000, dry_base = 1.750, dry_allowed_length = 2, dry_penalty_last_n = 64
ollama-1  | 	top_k = 40, top_p = 0.900, min_p = 0.000, xtc_probability = 0.000, xtc_threshold = 0.100, typical_p = 1.000, top_n_sigma = -1.000, temp = 0.000
ollama-1  | 	mirostat = 0, mirostat_lr = 0.100, mirostat_ent = 5.000, adaptive_target = -1.000, adaptive_decay = 0.900
ollama-1  | slot launch_slot_: id  0 | task 11816 | processing task, is_child = 0
ollama-1  | slot   operator(): id  0 | task 11816 | new prompt, n_ctx_slot = 4096, n_keep = 4, task.n_tokens = 481
ollama-1  | slot   operator(): id  0 | task 11816 | cached n_tokens = 350, memory_seq_rm [350, end)
ollama-1  | slot init_sampler: id  0 | task 11816 | init sampler, took 0.04 ms, tokens: text = 481, total = 481
ollama-1  | slot print_timing: id  0 | task 11816 | prompt eval time =    2008.32 ms /   131 tokens (   15.33 ms per token,    65.23 tokens per second)
ollama-1  | slot print_timing: id  0 | task 11816 |        eval time =     674.99 ms /     9 tokens (   84.37 ms per token,    11.85 tokens per second)
ollama-1  | slot print_timing: id  0 | task 11816 |       total time =    2683.31 ms /   140 tokens
ollama-1  | slot print_timing: id  0 | task 11816 |    graphs reused =       8323
ollama-1  | slot      release: id  0 | task 11816 | stop processing: n_tokens = 489, truncated = 0
ollama-1  | srv  update_slots: all slots are idle
ollama-1  | [GIN] 2026/10/08 - 09:31:57 | 200 |         1m52s |      172.21.0.4 | POST     "/api/generate"
ollama-1  | srv  server_strea: conv_id= (empty=1)
ollama-1  | slot get_availabl: id  0 | task -1 |  - checking sim = 0.785 (350/446) > 0.100
ollama-1  | slot get_availabl: id  0 | task -1 | selected slot by LCP similarity, f_sim_best = 0.785 (> 0.100 thold), f_keep = 0.716
ollama-1  | slot launch_slot_: id  0 | task -1 | sampler chain: logits -> ?penalties -> ?dry -> ?top-n-sigma -> top-k -> ?typical -> top-p -> ?min-p -> ?xtc -> temp-ext -> dist 
ollama-1  | slot launch_slot_: id  0 | task -1 | sampler params: 
ollama-1  | 	repeat_last_n = 64, repeat_penalty = 1.000, frequency_penalty = 0.000, presence_penalty = 0.000
ollama-1  | 	dry_multiplier = 0.000, dry_base = 1.750, dry_allowed_length = 2, dry_penalty_last_n = 64
ollama-1  | 	top_k = 40, top_p = 0.900, min_p = 0.000, xtc_probability = 0.000, xtc_threshold = 0.100, typical_p = 1.000, top_n_sigma = -1.000, temp = 0.000
ollama-1  | 	mirostat = 0, mirostat_lr = 0.100, mirostat_ent = 5.000, adaptive_target = -1.000, adaptive_decay = 0.900
ollama-1  | slot launch_slot_: id  0 | task 11826 | processing task, is_child = 0
ollama-1  | slot   operator(): id  0 | task 11826 | new prompt, n_ctx_slot = 4096, n_keep = 4, task.n_tokens = 446
ollama-1  | slot   operator(): id  0 | task 11826 | cached n_tokens = 350, memory_seq_rm [350, end)
ollama-1  | slot init_sampler: id  0 | task 11826 | init sampler, took 0.06 ms, tokens: text = 446, total = 446
ollama-1  | slot print_timing: id  0 | task 11826 | prompt eval time =    1468.64 ms /    96 tokens (   15.30 ms per token,    65.37 tokens per second)
ollama-1  | slot print_timing: id  0 | task 11826 |        eval time =     612.27 ms /     9 tokens (   76.53 ms per token,    13.07 tokens per second)
ollama-1  | slot print_timing: id  0 | task 11826 |       total time =    2080.91 ms /   105 tokens
ollama-1  | slot print_timing: id  0 | task 11826 |    graphs reused =       8330
ollama-1  | slot      release: id  0 | task 11826 | stop processing: n_tokens = 454, truncated = 0
ollama-1  | srv  update_slots: all slots are idle
ollama-1  | [GIN] 2026/10/08 - 09:31:59 | 200 |         1m54s |      172.21.0.4 | POST     "/api/generate"
ollama-1  | srv  server_strea: conv_id= (empty=1)
ollama-1  | slot get_availabl: id  0 | task -1 |  - checking sim = 0.622 (350/563) > 0.100
ollama-1  | slot get_availabl: id  0 | task -1 | selected slot by LCP similarity, f_sim_best = 0.622 (> 0.100 thold), f_keep = 0.771
ollama-1  | slot launch_slot_: id  0 | task -1 | sampler chain: logits -> ?penalties -> ?dry -> ?top-n-sigma -> top-k -> ?typical -> top-p -> ?min-p -> ?xtc -> temp-ext -> dist 
ollama-1  | slot launch_slot_: id  0 | task -1 | sampler params: 
ollama-1  | 	repeat_last_n = 64, repeat_penalty = 1.000, frequency_penalty = 0.000, presence_penalty = 0.000
ollama-1  | 	dry_multiplier = 0.000, dry_base = 1.750, dry_allowed_length = 2, dry_penalty_last_n = 64
ollama-1  | 	top_k = 40, top_p = 0.900, min_p = 0.000, xtc_probability = 0.000, xtc_threshold = 0.100, typical_p = 1.000, top_n_sigma = -1.000, temp = 0.000
ollama-1  | 	mirostat = 0, mirostat_lr = 0.100, mirostat_ent = 5.000, adaptive_target = -1.000, adaptive_decay = 0.900
ollama-1  | slot launch_slot_: id  0 | task 11836 | processing task, is_child = 0
ollama-1  | slot   operator(): id  0 | task 11836 | new prompt, n_ctx_slot = 4096, n_keep = 4, task.n_tokens = 563
ollama-1  | slot   operator(): id  0 | task 11836 | cached n_tokens = 350, memory_seq_rm [350, end)
ollama-1  | slot init_sampler: id  0 | task 11836 | init sampler, took 0.07 ms, tokens: text = 563, total = 563
ollama-1  | slot print_timing: id  0 | task 11836 | prompt eval time =    3199.14 ms /   213 tokens (   15.02 ms per token,    66.58 tokens per second)
ollama-1  | slot print_timing: id  0 | task 11836 |        eval time =     687.09 ms /    10 tokens (   76.34 ms per token,    13.10 tokens per second)
ollama-1  | slot print_timing: id  0 | task 11836 |       total time =    3886.22 ms /   223 tokens
ollama-1  | slot print_timing: id  0 | task 11836 |    graphs reused =       8338
ollama-1  | slot      release: id  0 | task 11836 | stop processing: n_tokens = 572, truncated = 0
ollama-1  | srv  update_slots: all slots are idle
ollama-1  | [GIN] 2026/10/08 - 09:32:03 | 200 |         1m58s |      172.21.0.4 | POST     "/api/generate"
ollama-1  | srv  server_strea: conv_id= (empty=1)
ollama-1  | slot get_availabl: id  0 | task -1 |  - checking sim = 0.487 (350/718) > 0.100
ollama-1  | slot get_availabl: id  0 | task -1 | selected slot by LCP similarity, f_sim_best = 0.487 (> 0.100 thold), f_keep = 0.612
ollama-1  | slot launch_slot_: id  0 | task -1 | sampler chain: logits -> ?penalties -> ?dry -> ?top-n-sigma -> top-k -> ?typical -> top-p -> ?min-p -> ?xtc -> temp-ext -> dist 
ollama-1  | slot launch_slot_: id  0 | task -1 | sampler params: 
ollama-1  | 	repeat_last_n = 64, repeat_penalty = 1.000, frequency_penalty = 0.000, presence_penalty = 0.000
ollama-1  | 	dry_multiplier = 0.000, dry_base = 1.750, dry_allowed_length = 2, dry_penalty_last_n = 64
ollama-1  | 	top_k = 40, top_p = 0.900, min_p = 0.000, xtc_probability = 0.000, xtc_threshold = 0.100, typical_p = 1.000, top_n_sigma = -1.000, temp = 0.000
ollama-1  | 	mirostat = 0, mirostat_lr = 0.100, mirostat_ent = 5.000, adaptive_target = -1.000, adaptive_decay = 0.900
ollama-1  | slot launch_slot_: id  0 | task 11847 | processing task, is_child = 0
ollama-1  | slot   operator(): id  0 | task 11847 | new prompt, n_ctx_slot = 4096, n_keep = 4, task.n_tokens = 718
ollama-1  | slot   operator(): id  0 | task 11847 | cached n_tokens = 350, memory_seq_rm [350, end)
ollama-1  | slot init_sampler: id  0 | task 11847 | init sampler, took 0.09 ms, tokens: text = 718, total = 718
ollama-1  | [GIN] 2026/10/08 - 09:32:04 | 200 |      28.419µs |       127.0.0.1 | HEAD     "/"
ollama-1  | [GIN] 2026/10/08 - 09:32:04 | 200 |    1.362864ms |       127.0.0.1 | GET      "/api/tags"
ollama-1  | slot print_timing: id  0 | task 11847 | prompt eval time =    5504.50 ms /   368 tokens (   14.96 ms per token,    66.85 tokens per second)
ollama-1  | slot print_timing: id  0 | task 11847 |        eval time =     569.92 ms /     9 tokens (   71.24 ms per token,    14.04 tokens per second)
ollama-1  | slot print_timing: id  0 | task 11847 |       total time =    6074.43 ms /   377 tokens
ollama-1  | slot print_timing: id  0 | task 11847 |    graphs reused =       8345
ollama-1  | slot      release: id  0 | task 11847 | stop processing: n_tokens = 726, truncated = 0
ollama-1  | srv  update_slots: all slots are idle
ollama-1  | [GIN] 2026/10/08 - 09:32:09 | 200 |          2m4s |      172.21.0.4 | POST     "/api/generate"
ollama-1  | srv  server_strea: conv_id= (empty=1)
ollama-1  | slot get_availabl: id  0 | task -1 |  - checking sim = 0.522 (350/670) > 0.100
ollama-1  | slot get_availabl: id  0 | task -1 | selected slot by LCP similarity, f_sim_best = 0.522 (> 0.100 thold), f_keep = 0.482
ollama-1  | srv  get_availabl: updating prompt cache
ollama-1  | srv   prompt_save:  - saving prompt with length 726, total state size = 90.759 MiB (draft: 0.000 MiB)
ollama-1  | srv         alloc:  - prompt is already in the cache, skipping
ollama-1  | srv          load:  - looking for better prompt, base f_keep = 0.482, f_sim = 0.522
ollama-1  | srv          load:    - prompt with length     782, lcp =     350, f_keep = 0.448, f_sim = 0.522
ollama-1  | srv          load:    - prompt with length     794, lcp =     350, f_keep = 0.441, f_sim = 0.522
ollama-1  | srv          load:    - prompt with length     753, lcp =     350, f_keep = 0.465, f_sim = 0.522
ollama-1  | srv          load:    - prompt with length     730, lcp =     350, f_keep = 0.479, f_sim = 0.522
ollama-1  | srv          load:    - prompt with length     828, lcp =     350, f_keep = 0.423, f_sim = 0.522
ollama-1  | srv          load:    - prompt with length     844, lcp =     350, f_keep = 0.415, f_sim = 0.522
ollama-1  | srv          load:    - prompt with length     846, lcp =     350, f_keep = 0.414, f_sim = 0.522
ollama-1  | srv          load:    - prompt with length     892, lcp =     350, f_keep = 0.392, f_sim = 0.522
ollama-1  | srv          load:    - prompt with length     778, lcp =     350, f_keep = 0.450, f_sim = 0.522
ollama-1  | srv          load:    - prompt with length     726, lcp =     350, f_keep = 0.482, f_sim = 0.522
ollama-1  | srv          load:    - prompt with length     765, lcp =     350, f_keep = 0.458, f_sim = 0.522
ollama-1  | srv          load:    - prompt with length     851, lcp =     350, f_keep = 0.411, f_sim = 0.522
ollama-1  | srv          load:    - prompt with length     763, lcp =     350, f_keep = 0.459, f_sim = 0.522
ollama-1  | srv          load:    - prompt with length     780, lcp =     350, f_keep = 0.449, f_sim = 0.522
ollama-1  | srv          load:    - prompt with length     710, lcp =     350, f_keep = 0.493, f_sim = 0.522
ollama-1  | srv          load:    - prompt with length     770, lcp =     350, f_keep = 0.455, f_sim = 0.522
ollama-1  | srv          load:    - prompt with length     717, lcp =     350, f_keep = 0.488, f_sim = 0.522
ollama-1  | srv          load:    - prompt with length     753, lcp =     350, f_keep = 0.465, f_sim = 0.522
ollama-1  | srv          load:    - prompt with length     729, lcp =     350, f_keep = 0.480, f_sim = 0.522
ollama-1  | srv          load:    - prompt with length     796, lcp =     350, f_keep = 0.440, f_sim = 0.522
ollama-1  | srv          load:    - prompt with length     709, lcp =     350, f_keep = 0.494, f_sim = 0.522
ollama-1  | srv          load:    - prompt with length     724, lcp =     350, f_keep = 0.483, f_sim = 0.522
ollama-1  | srv          load:    - prompt with length     800, lcp =     350, f_keep = 0.438, f_sim = 0.522
ollama-1  | srv          load:    - prompt with length     728, lcp =     350, f_keep = 0.481, f_sim = 0.522
ollama-1  | srv          load:    - prompt with length     790, lcp =     350, f_keep = 0.443, f_sim = 0.522
ollama-1  | srv          load:    - prompt with length     764, lcp =     350, f_keep = 0.458, f_sim = 0.522
ollama-1  | srv          load:    - prompt with length     788, lcp =     350, f_keep = 0.444, f_sim = 0.522
ollama-1  | srv          load:    - prompt with length     713, lcp =     350, f_keep = 0.491, f_sim = 0.522
ollama-1  | srv          load:    - prompt with length     847, lcp =     350, f_keep = 0.413, f_sim = 0.522
ollama-1  | srv          load:    - prompt with length    1176, lcp =     350, f_keep = 0.298, f_sim = 0.522
ollama-1  | srv        update:  - cache state: 30 prompts, 2956.043 MiB (limits: 8192.000 MiB, 4096 tokens, 65529 est)
ollama-1  | srv        update:    - prompt 0x36524940:     782 tokens, checkpoints:  0,    97.760 MiB
ollama-1  | srv        update:    - prompt 0x36524a40:     794 tokens, checkpoints:  0,    99.260 MiB
ollama-1  | srv        update:    - prompt 0x36521d10:     753 tokens, checkpoints:  0,    94.134 MiB
ollama-1  | srv        update:    - prompt 0x36521c60:     730 tokens, checkpoints:  0,    91.259 MiB
ollama-1  | srv        update:    - prompt 0x36521bb0:     828 tokens, checkpoints:  0,   103.510 MiB
ollama-1  | srv        update:    - prompt 0x3652bd10:     844 tokens, checkpoints:  0,   105.510 MiB
ollama-1  | srv        update:    - prompt 0x3724fc20:     846 tokens, checkpoints:  0,   105.760 MiB
ollama-1  | srv        update:    - prompt 0x3651c680:     892 tokens, checkpoints:  0,   111.511 MiB
ollama-1  | srv        update:    - prompt 0x36504320:     778 tokens, checkpoints:  0,    97.260 MiB
ollama-1  | srv        update:    - prompt 0x36516480:     726 tokens, checkpoints:  0,    90.759 MiB
ollama-1  | srv        update:    - prompt 0x371c5be0:     765 tokens, checkpoints:  0,    95.635 MiB
ollama-1  | srv        update:    - prompt 0x3651cdf0:     851 tokens, checkpoints:  0,   106.385 MiB
ollama-1  | srv        update:    - prompt 0x36510eb0:     763 tokens, checkpoints:  0,    95.384 MiB
ollama-1  | srv        update:    - prompt 0x36522570:     780 tokens, checkpoints:  0,    97.510 MiB
ollama-1  | srv        update:    - prompt 0x37a562a0:     710 tokens, checkpoints:  0,    88.759 MiB
ollama-1  | srv        update:    - prompt 0x37a8eee0:     770 tokens, checkpoints:  0,    96.260 MiB
ollama-1  | srv        update:    - prompt 0x370b1e10:     717 tokens, checkpoints:  0,    89.634 MiB
ollama-1  | srv        update:    - prompt 0x36537930:     753 tokens, checkpoints:  0,    94.134 MiB
ollama-1  | srv        update:    - prompt 0x371b5c80:     729 tokens, checkpoints:  0,    91.134 MiB
ollama-1  | srv        update:    - prompt 0x36996dc0:     796 tokens, checkpoints:  0,    99.510 MiB
ollama-1  | srv        update:    - prompt 0x37264940:     709 tokens, checkpoints:  0,    88.634 MiB
ollama-1  | srv        update:    - prompt 0x365024f0:     724 tokens, checkpoints:  0,    90.509 MiB
ollama-1  | srv        update:    - prompt 0x370b0570:     800 tokens, checkpoints:  0,   100.010 MiB
ollama-1  | srv        update:    - prompt 0x37256510:     728 tokens, checkpoints:  0,    91.009 MiB
ollama-1  | srv        update:    - prompt 0x364ffda0:     790 tokens, checkpoints:  0,    98.760 MiB
ollama-1  | srv        update:    - prompt 0x3715ca80:     764 tokens, checkpoints:  0,    95.509 MiB
ollama-1  | srv        update:    - prompt 0x371021f0:     788 tokens, checkpoints:  0,    98.510 MiB
ollama-1  | srv        update:    - prompt 0x37b69a80:     713 tokens, checkpoints:  0,    89.134 MiB
ollama-1  | srv        update:    - prompt 0x37b80950:     847 tokens, checkpoints:  0,   105.885 MiB
ollama-1  | srv        update:    - prompt 0x3724a9f0:    1176 tokens, checkpoints:  0,   147.014 MiB
ollama-1  | srv  get_availabl: prompt cache update took 0.11 ms
ollama-1  | slot launch_slot_: id  0 | task -1 | sampler chain: logits -> ?penalties -> ?dry -> ?top-n-sigma -> top-k -> ?typical -> top-p -> ?min-p -> ?xtc -> temp-ext -> dist 
ollama-1  | slot launch_slot_: id  0 | task -1 | sampler params: 
ollama-1  | 	repeat_last_n = 64, repeat_penalty = 1.000, frequency_penalty = 0.000, presence_penalty = 0.000
ollama-1  | 	dry_multiplier = 0.000, dry_base = 1.750, dry_allowed_length = 2, dry_penalty_last_n = 64
ollama-1  | 	top_k = 40, top_p = 0.900, min_p = 0.000, xtc_probability = 0.000, xtc_threshold = 0.100, typical_p = 1.000, top_n_sigma = -1.000, temp = 0.000
ollama-1  | 	mirostat = 0, mirostat_lr = 0.100, mirostat_ent = 5.000, adaptive_target = -1.000, adaptive_decay = 0.900
ollama-1  | slot launch_slot_: id  0 | task 11857 | processing task, is_child = 0
ollama-1  | slot   operator(): id  0 | task 11857 | new prompt, n_ctx_slot = 4096, n_keep = 4, task.n_tokens = 670
ollama-1  | slot   operator(): id  0 | task 11857 | cached n_tokens = 350, memory_seq_rm [350, end)
ollama-1  | slot init_sampler: id  0 | task 11857 | init sampler, took 0.07 ms, tokens: text = 670, total = 670
ollama-1  | slot print_timing: id  0 | task 11857 | prompt eval time =    4651.12 ms /   320 tokens (   14.53 ms per token,    68.80 tokens per second)
ollama-1  | slot print_timing: id  0 | task 11857 |        eval time =     556.03 ms /     9 tokens (   69.50 ms per token,    14.39 tokens per second)
ollama-1  | slot print_timing: id  0 | task 11857 |       total time =    5207.15 ms /   329 tokens
ollama-1  | slot print_timing: id  0 | task 11857 |    graphs reused =       8352
ollama-1  | slot      release: id  0 | task 11857 | stop processing: n_tokens = 678, truncated = 0
ollama-1  | srv  update_slots: all slots are idle
ollama-1  | [GIN] 2026/10/08 - 09:32:15 | 200 |          2m9s |      172.21.0.4 | POST     "/api/generate"
ollama-1  | srv  server_strea: conv_id= (empty=1)
ollama-1  | slot get_availabl: id  0 | task -1 |  - checking sim = 0.499 (350/701) > 0.100
ollama-1  | slot get_availabl: id  0 | task -1 | selected slot by LCP similarity, f_sim_best = 0.499 (> 0.100 thold), f_keep = 0.516
ollama-1  | slot launch_slot_: id  0 | task -1 | sampler chain: logits -> ?penalties -> ?dry -> ?top-n-sigma -> top-k -> ?typical -> top-p -> ?min-p -> ?xtc -> temp-ext -> dist 
ollama-1  | slot launch_slot_: id  0 | task -1 | sampler params: 
ollama-1  | 	repeat_last_n = 64, repeat_penalty = 1.000, frequency_penalty = 0.000, presence_penalty = 0.000
ollama-1  | 	dry_multiplier = 0.000, dry_base = 1.750, dry_allowed_length = 2, dry_penalty_last_n = 64
ollama-1  | 	top_k = 40, top_p = 0.900, min_p = 0.000, xtc_probability = 0.000, xtc_threshold = 0.100, typical_p = 1.000, top_n_sigma = -1.000, temp = 0.000
ollama-1  | 	mirostat = 0, mirostat_lr = 0.100, mirostat_ent = 5.000, adaptive_target = -1.000, adaptive_decay = 0.900
ollama-1  | slot launch_slot_: id  0 | task 11867 | processing task, is_child = 0
ollama-1  | slot   operator(): id  0 | task 11867 | new prompt, n_ctx_slot = 4096, n_keep = 4, task.n_tokens = 701
ollama-1  | slot   operator(): id  0 | task 11867 | cached n_tokens = 350, memory_seq_rm [350, end)
ollama-1  | slot init_sampler: id  0 | task 11867 | init sampler, took 0.05 ms, tokens: text = 701, total = 701
ollama-1  | [GIN] 2026/10/08 - 09:32:15 | 200 |      25.981µs |       127.0.0.1 | HEAD     "/"
ollama-1  | [GIN] 2026/10/08 - 09:32:15 | 200 |    2.402165ms |       127.0.0.1 | GET      "/api/tags"
ollama-1  | slot print_timing: id  0 | task 11867 | prompt eval time =    5227.88 ms /   351 tokens (   14.89 ms per token,    67.14 tokens per second)
ollama-1  | slot print_timing: id  0 | task 11867 |        eval time =     621.51 ms /    10 tokens (   69.06 ms per token,    14.48 tokens per second)
ollama-1  | slot print_timing: id  0 | task 11867 |       total time =    5849.40 ms /   361 tokens
ollama-1  | slot print_timing: id  0 | task 11867 |    graphs reused =       8360
ollama-1  | slot      release: id  0 | task 11867 | stop processing: n_tokens = 710, truncated = 0
ollama-1  | srv  update_slots: all slots are idle
ollama-1  | [GIN] 2026/10/08 - 09:32:21 | 200 |         2m15s |      172.21.0.4 | POST     "/api/generate"
ollama-1  | srv  server_strea: conv_id= (empty=1)
ollama-1  | slot get_availabl: id  0 | task -1 |  - checking sim = 0.746 (350/469) > 0.100
ollama-1  | slot get_availabl: id  0 | task -1 | selected slot by LCP similarity, f_sim_best = 0.746 (> 0.100 thold), f_keep = 0.493
ollama-1  | srv  get_availabl: updating prompt cache
ollama-1  | srv   prompt_save:  - saving prompt with length 710, total state size = 88.759 MiB (draft: 0.000 MiB)
ollama-1  | srv         alloc:  - prompt is already in the cache, skipping
ollama-1  | srv          load:  - looking for better prompt, base f_keep = 0.493, f_sim = 0.746
ollama-1  | srv          load:    - prompt with length     782, lcp =     350, f_keep = 0.448, f_sim = 0.746
ollama-1  | srv          load:    - prompt with length     794, lcp =     350, f_keep = 0.441, f_sim = 0.746
ollama-1  | srv          load:    - prompt with length     753, lcp =     350, f_keep = 0.465, f_sim = 0.746
ollama-1  | srv          load:    - prompt with length     730, lcp =     350, f_keep = 0.479, f_sim = 0.746
ollama-1  | srv          load:    - prompt with length     828, lcp =     350, f_keep = 0.423, f_sim = 0.746
ollama-1  | srv          load:    - prompt with length     844, lcp =     350, f_keep = 0.415, f_sim = 0.746
ollama-1  | srv          load:    - prompt with length     846, lcp =     350, f_keep = 0.414, f_sim = 0.746
ollama-1  | srv          load:    - prompt with length     892, lcp =     350, f_keep = 0.392, f_sim = 0.746
ollama-1  | srv          load:    - prompt with length     778, lcp =     350, f_keep = 0.450, f_sim = 0.746
ollama-1  | srv          load:    - prompt with length     726, lcp =     350, f_keep = 0.482, f_sim = 0.746
ollama-1  | srv          load:    - prompt with length     765, lcp =     350, f_keep = 0.458, f_sim = 0.746
ollama-1  | srv          load:    - prompt with length     851, lcp =     350, f_keep = 0.411, f_sim = 0.746
ollama-1  | srv          load:    - prompt with length     763, lcp =     350, f_keep = 0.459, f_sim = 0.746
ollama-1  | srv          load:    - prompt with length     780, lcp =     350, f_keep = 0.449, f_sim = 0.746
ollama-1  | srv          load:    - prompt with length     710, lcp =     350, f_keep = 0.493, f_sim = 0.746
ollama-1  | srv          load:    - prompt with length     770, lcp =     350, f_keep = 0.455, f_sim = 0.746
ollama-1  | srv          load:    - prompt with length     717, lcp =     350, f_keep = 0.488, f_sim = 0.746
ollama-1  | srv          load:    - prompt with length     753, lcp =     350, f_keep = 0.465, f_sim = 0.746
ollama-1  | srv          load:    - prompt with length     729, lcp =     350, f_keep = 0.480, f_sim = 0.746
ollama-1  | srv          load:    - prompt with length     796, lcp =     350, f_keep = 0.440, f_sim = 0.746
ollama-1  | srv          load:    - prompt with length     709, lcp =     350, f_keep = 0.494, f_sim = 0.746
ollama-1  | srv          load:    - prompt with length     724, lcp =     350, f_keep = 0.483, f_sim = 0.746
ollama-1  | srv          load:    - prompt with length     800, lcp =     350, f_keep = 0.438, f_sim = 0.746
ollama-1  | srv          load:    - prompt with length     728, lcp =     350, f_keep = 0.481, f_sim = 0.746
ollama-1  | srv          load:    - prompt with length     790, lcp =     350, f_keep = 0.443, f_sim = 0.746
ollama-1  | srv          load:    - prompt with length     764, lcp =     350, f_keep = 0.458, f_sim = 0.746
ollama-1  | srv          load:    - prompt with length     788, lcp =     350, f_keep = 0.444, f_sim = 0.746
ollama-1  | srv          load:    - prompt with length     713, lcp =     350, f_keep = 0.491, f_sim = 0.746
ollama-1  | srv          load:    - prompt with length     847, lcp =     350, f_keep = 0.413, f_sim = 0.746
ollama-1  | srv          load:    - prompt with length    1176, lcp =     350, f_keep = 0.298, f_sim = 0.746
ollama-1  | srv        update:  - cache state: 30 prompts, 2956.043 MiB (limits: 8192.000 MiB, 4096 tokens, 65529 est)
ollama-1  | srv        update:    - prompt 0x36524940:     782 tokens, checkpoints:  0,    97.760 MiB
ollama-1  | srv        update:    - prompt 0x36524a40:     794 tokens, checkpoints:  0,    99.260 MiB
ollama-1  | srv        update:    - prompt 0x36521d10:     753 tokens, checkpoints:  0,    94.134 MiB
ollama-1  | srv        update:    - prompt 0x36521c60:     730 tokens, checkpoints:  0,    91.259 MiB
ollama-1  | srv        update:    - prompt 0x36521bb0:     828 tokens, checkpoints:  0,   103.510 MiB
ollama-1  | srv        update:    - prompt 0x3652bd10:     844 tokens, checkpoints:  0,   105.510 MiB
ollama-1  | srv        update:    - prompt 0x3724fc20:     846 tokens, checkpoints:  0,   105.760 MiB
ollama-1  | srv        update:    - prompt 0x3651c680:     892 tokens, checkpoints:  0,   111.511 MiB
ollama-1  | srv        update:    - prompt 0x36504320:     778 tokens, checkpoints:  0,    97.260 MiB
ollama-1  | srv        update:    - prompt 0x36516480:     726 tokens, checkpoints:  0,    90.759 MiB
ollama-1  | srv        update:    - prompt 0x371c5be0:     765 tokens, checkpoints:  0,    95.635 MiB
ollama-1  | srv        update:    - prompt 0x3651cdf0:     851 tokens, checkpoints:  0,   106.385 MiB
ollama-1  | srv        update:    - prompt 0x36510eb0:     763 tokens, checkpoints:  0,    95.384 MiB
ollama-1  | srv        update:    - prompt 0x36522570:     780 tokens, checkpoints:  0,    97.510 MiB
ollama-1  | srv        update:    - prompt 0x37a562a0:     710 tokens, checkpoints:  0,    88.759 MiB
ollama-1  | srv        update:    - prompt 0x37a8eee0:     770 tokens, checkpoints:  0,    96.260 MiB
ollama-1  | srv        update:    - prompt 0x370b1e10:     717 tokens, checkpoints:  0,    89.634 MiB
ollama-1  | srv        update:    - prompt 0x36537930:     753 tokens, checkpoints:  0,    94.134 MiB
ollama-1  | srv        update:    - prompt 0x371b5c80:     729 tokens, checkpoints:  0,    91.134 MiB
ollama-1  | srv        update:    - prompt 0x36996dc0:     796 tokens, checkpoints:  0,    99.510 MiB
ollama-1  | srv        update:    - prompt 0x37264940:     709 tokens, checkpoints:  0,    88.634 MiB
ollama-1  | srv        update:    - prompt 0x365024f0:     724 tokens, checkpoints:  0,    90.509 MiB
ollama-1  | srv        update:    - prompt 0x370b0570:     800 tokens, checkpoints:  0,   100.010 MiB
ollama-1  | srv        update:    - prompt 0x37256510:     728 tokens, checkpoints:  0,    91.009 MiB
ollama-1  | srv        update:    - prompt 0x364ffda0:     790 tokens, checkpoints:  0,    98.760 MiB
ollama-1  | srv        update:    - prompt 0x3715ca80:     764 tokens, checkpoints:  0,    95.509 MiB
ollama-1  | srv        update:    - prompt 0x371021f0:     788 tokens, checkpoints:  0,    98.510 MiB
ollama-1  | srv        update:    - prompt 0x37b69a80:     713 tokens, checkpoints:  0,    89.134 MiB
ollama-1  | srv        update:    - prompt 0x37b80950:     847 tokens, checkpoints:  0,   105.885 MiB
ollama-1  | srv        update:    - prompt 0x3724a9f0:    1176 tokens, checkpoints:  0,   147.014 MiB
ollama-1  | srv  get_availabl: prompt cache update took 0.09 ms
ollama-1  | slot launch_slot_: id  0 | task -1 | sampler chain: logits -> ?penalties -> ?dry -> ?top-n-sigma -> top-k -> ?typical -> top-p -> ?min-p -> ?xtc -> temp-ext -> dist 
ollama-1  | slot launch_slot_: id  0 | task -1 | sampler params: 
ollama-1  | 	repeat_last_n = 64, repeat_penalty = 1.000, frequency_penalty = 0.000, presence_penalty = 0.000
ollama-1  | 	dry_multiplier = 0.000, dry_base = 1.750, dry_allowed_length = 2, dry_penalty_last_n = 64
ollama-1  | 	top_k = 40, top_p = 0.900, min_p = 0.000, xtc_probability = 0.000, xtc_threshold = 0.100, typical_p = 1.000, top_n_sigma = -1.000, temp = 0.000
ollama-1  | 	mirostat = 0, mirostat_lr = 0.100, mirostat_ent = 5.000, adaptive_target = -1.000, adaptive_decay = 0.900
ollama-1  | slot launch_slot_: id  0 | task 11878 | processing task, is_child = 0
ollama-1  | slot   operator(): id  0 | task 11878 | new prompt, n_ctx_slot = 4096, n_keep = 4, task.n_tokens = 469
ollama-1  | slot   operator(): id  0 | task 11878 | cached n_tokens = 350, memory_seq_rm [350, end)
ollama-1  | slot init_sampler: id  0 | task 11878 | init sampler, took 0.04 ms, tokens: text = 469, total = 469
ollama-1  | slot print_timing: id  0 | task 11878 | prompt eval time =    1766.98 ms /   119 tokens (   14.85 ms per token,    67.35 tokens per second)
ollama-1  | slot print_timing: id  0 | task 11878 |        eval time =     546.96 ms /     9 tokens (   68.37 ms per token,    14.63 tokens per second)
ollama-1  | slot print_timing: id  0 | task 11878 |       total time =    2313.94 ms /   128 tokens
ollama-1  | slot print_timing: id  0 | task 11878 |    graphs reused =       8367
ollama-1  | slot      release: id  0 | task 11878 | stop processing: n_tokens = 477, truncated = 0
ollama-1  | srv  update_slots: all slots are idle
ollama-1  | [GIN] 2026/10/08 - 09:32:24 | 200 |         2m17s |      172.21.0.4 | POST     "/api/generate"
ollama-1  | srv  server_strea: conv_id= (empty=1)
ollama-1  | slot get_availabl: id  0 | task -1 |  - checking sim = 0.704 (350/497) > 0.100
ollama-1  | slot get_availabl: id  0 | task -1 | selected slot by LCP similarity, f_sim_best = 0.704 (> 0.100 thold), f_keep = 0.734
ollama-1  | slot launch_slot_: id  0 | task -1 | sampler chain: logits -> ?penalties -> ?dry -> ?top-n-sigma -> top-k -> ?typical -> top-p -> ?min-p -> ?xtc -> temp-ext -> dist 
ollama-1  | slot launch_slot_: id  0 | task -1 | sampler params: 
ollama-1  | 	repeat_last_n = 64, repeat_penalty = 1.000, frequency_penalty = 0.000, presence_penalty = 0.000
ollama-1  | 	dry_multiplier = 0.000, dry_base = 1.750, dry_allowed_length = 2, dry_penalty_last_n = 64
ollama-1  | 	top_k = 40, top_p = 0.900, min_p = 0.000, xtc_probability = 0.000, xtc_threshold = 0.100, typical_p = 1.000, top_n_sigma = -1.000, temp = 0.000
ollama-1  | 	mirostat = 0, mirostat_lr = 0.100, mirostat_ent = 5.000, adaptive_target = -1.000, adaptive_decay = 0.900
ollama-1  | slot launch_slot_: id  0 | task 11888 | processing task, is_child = 0
ollama-1  | slot   operator(): id  0 | task 11888 | new prompt, n_ctx_slot = 4096, n_keep = 4, task.n_tokens = 497
ollama-1  | slot   operator(): id  0 | task 11888 | cached n_tokens = 350, memory_seq_rm [350, end)
ollama-1  | slot init_sampler: id  0 | task 11888 | init sampler, took 0.06 ms, tokens: text = 497, total = 497
ollama-1  | [GIN] 2026/10/08 - 09:32:25 | 200 |      27.568µs |       127.0.0.1 | HEAD     "/"
ollama-1  | [GIN] 2026/10/08 - 09:32:25 | 200 |     849.562µs |       127.0.0.1 | GET      "/api/tags"
ollama-1  | slot print_timing: id  0 | task 11888 | prompt eval time =    2221.63 ms /   147 tokens (   15.11 ms per token,    66.17 tokens per second)
ollama-1  | slot print_timing: id  0 | task 11888 |        eval time =     553.66 ms /     9 tokens (   69.21 ms per token,    14.45 tokens per second)
ollama-1  | slot print_timing: id  0 | task 11888 |       total time =    2775.28 ms /   156 tokens
ollama-1  | slot print_timing: id  0 | task 11888 |    graphs reused =       8374
ollama-1  | slot      release: id  0 | task 11888 | stop processing: n_tokens = 505, truncated = 0
ollama-1  | srv  update_slots: all slots are idle
ollama-1  | [GIN] 2026/10/08 - 09:32:26 | 200 |         2m20s |      172.21.0.4 | POST     "/api/generate"
ollama-1  | srv  server_strea: conv_id= (empty=1)
ollama-1  | slot get_availabl: id  0 | task -1 |  - checking sim = 0.462 (350/757) > 0.100
ollama-1  | slot get_availabl: id  0 | task -1 | selected slot by LCP similarity, f_sim_best = 0.462 (> 0.100 thold), f_keep = 0.693
ollama-1  | slot launch_slot_: id  0 | task -1 | sampler chain: logits -> ?penalties -> ?dry -> ?top-n-sigma -> top-k -> ?typical -> top-p -> ?min-p -> ?xtc -> temp-ext -> dist 
ollama-1  | slot launch_slot_: id  0 | task -1 | sampler params: 
ollama-1  | 	repeat_last_n = 64, repeat_penalty = 1.000, frequency_penalty = 0.000, presence_penalty = 0.000
ollama-1  | 	dry_multiplier = 0.000, dry_base = 1.750, dry_allowed_length = 2, dry_penalty_last_n = 64
ollama-1  | 	top_k = 40, top_p = 0.900, min_p = 0.000, xtc_probability = 0.000, xtc_threshold = 0.100, typical_p = 1.000, top_n_sigma = -1.000, temp = 0.000
ollama-1  | 	mirostat = 0, mirostat_lr = 0.100, mirostat_ent = 5.000, adaptive_target = -1.000, adaptive_decay = 0.900
ollama-1  | slot launch_slot_: id  0 | task 11898 | processing task, is_child = 0
ollama-1  | slot   operator(): id  0 | task 11898 | new prompt, n_ctx_slot = 4096, n_keep = 4, task.n_tokens = 757
ollama-1  | slot   operator(): id  0 | task 11898 | cached n_tokens = 350, memory_seq_rm [350, end)
ollama-1  | slot init_sampler: id  0 | task 11898 | init sampler, took 0.06 ms, tokens: text = 757, total = 757
ollama-1  | slot print_timing: id  0 | task 11898 | prompt eval time =    5982.83 ms /   407 tokens (   14.70 ms per token,    68.03 tokens per second)
ollama-1  | slot print_timing: id  0 | task 11898 |        eval time =     592.18 ms /     9 tokens (   74.02 ms per token,    13.51 tokens per second)
ollama-1  | slot print_timing: id  0 | task 11898 |       total time =    6575.01 ms /   416 tokens
ollama-1  | slot print_timing: id  0 | task 11898 |    graphs reused =       8381
ollama-1  | slot      release: id  0 | task 11898 | stop processing: n_tokens = 765, truncated = 0
ollama-1  | srv  update_slots: all slots are idle
ollama-1  | [GIN] 2026/10/08 - 09:32:33 | 200 |         2m27s |      172.21.0.4 | POST     "/api/generate"
ollama-1  | srv  server_strea: conv_id= (empty=1)
ollama-1  | slot get_availabl: id  0 | task -1 |  - checking sim = 0.728 (350/481) > 0.100
ollama-1  | slot get_availabl: id  0 | task -1 | selected slot by LCP similarity, f_sim_best = 0.728 (> 0.100 thold), f_keep = 0.458
ollama-1  | srv  get_availabl: updating prompt cache
ollama-1  | srv   prompt_save:  - saving prompt with length 765, total state size = 95.635 MiB (draft: 0.000 MiB)
ollama-1  | srv         alloc:  - prompt is already in the cache, skipping
ollama-1  | srv          load:  - looking for better prompt, base f_keep = 0.458, f_sim = 0.728
ollama-1  | srv          load:    - prompt with length     782, lcp =     350, f_keep = 0.448, f_sim = 0.728
ollama-1  | srv          load:    - prompt with length     794, lcp =     350, f_keep = 0.441, f_sim = 0.728
ollama-1  | srv          load:    - prompt with length     753, lcp =     350, f_keep = 0.465, f_sim = 0.728
ollama-1  | srv          load:    - prompt with length     730, lcp =     350, f_keep = 0.479, f_sim = 0.728
ollama-1  | srv          load:    - prompt with length     828, lcp =     350, f_keep = 0.423, f_sim = 0.728
ollama-1  | srv          load:    - prompt with length     844, lcp =     350, f_keep = 0.415, f_sim = 0.728
ollama-1  | srv          load:    - prompt with length     846, lcp =     351, f_keep = 0.415, f_sim = 0.730
ollama-1  | srv          load:    - prompt with length     892, lcp =     350, f_keep = 0.392, f_sim = 0.728
ollama-1  | srv          load:    - prompt with length     778, lcp =     350, f_keep = 0.450, f_sim = 0.728
ollama-1  | srv          load:    - prompt with length     726, lcp =     350, f_keep = 0.482, f_sim = 0.728
ollama-1  | srv          load:    - prompt with length     765, lcp =     350, f_keep = 0.458, f_sim = 0.728
ollama-1  | srv          load:    - prompt with length     851, lcp =     351, f_keep = 0.412, f_sim = 0.730
ollama-1  | srv          load:    - prompt with length     763, lcp =     350, f_keep = 0.459, f_sim = 0.728
ollama-1  | srv          load:    - prompt with length     780, lcp =     351, f_keep = 0.450, f_sim = 0.730
ollama-1  | srv          load:    - prompt with length     710, lcp =     350, f_keep = 0.493, f_sim = 0.728
ollama-1  | srv          load:    - prompt with length     770, lcp =     350, f_keep = 0.455, f_sim = 0.728
ollama-1  | srv          load:    - prompt with length     717, lcp =     350, f_keep = 0.488, f_sim = 0.728
ollama-1  | srv          load:    - prompt with length     753, lcp =     350, f_keep = 0.465, f_sim = 0.728
ollama-1  | srv          load:    - prompt with length     729, lcp =     351, f_keep = 0.481, f_sim = 0.730
ollama-1  | srv          load:    - prompt with length     796, lcp =     350, f_keep = 0.440, f_sim = 0.728
ollama-1  | srv          load:    - prompt with length     709, lcp =     350, f_keep = 0.494, f_sim = 0.728
ollama-1  | srv          load:    - prompt with length     724, lcp =     351, f_keep = 0.485, f_sim = 0.730
ollama-1  | srv          load:    - prompt with length     800, lcp =     351, f_keep = 0.439, f_sim = 0.730
ollama-1  | srv          load:    - prompt with length     728, lcp =     351, f_keep = 0.482, f_sim = 0.730
ollama-1  | srv          load:    - prompt with length     790, lcp =     350, f_keep = 0.443, f_sim = 0.728
ollama-1  | srv          load:    - prompt with length     764, lcp =     352, f_keep = 0.461, f_sim = 0.732
ollama-1  | srv          load:    - prompt with length     788, lcp =     350, f_keep = 0.444, f_sim = 0.728
ollama-1  | srv          load:    - prompt with length     713, lcp =     351, f_keep = 0.492, f_sim = 0.730
ollama-1  | srv          load:    - prompt with length     847, lcp =     351, f_keep = 0.414, f_sim = 0.730
ollama-1  | srv          load:    - prompt with length    1176, lcp =     350, f_keep = 0.298, f_sim = 0.728
ollama-1  | srv          load:  - found better prompt with f_keep = 0.481, f_sim = 0.730
ollama-1  | srv        update:  - cache state: 29 prompts, 2864.909 MiB (limits: 8192.000 MiB, 4096 tokens, 65529 est)
ollama-1  | srv        update:    - prompt 0x36524940:     782 tokens, checkpoints:  0,    97.760 MiB
ollama-1  | srv        update:    - prompt 0x36524a40:     794 tokens, checkpoints:  0,    99.260 MiB
ollama-1  | srv        update:    - prompt 0x36521d10:     753 tokens, checkpoints:  0,    94.134 MiB
ollama-1  | srv        update:    - prompt 0x36521c60:     730 tokens, checkpoints:  0,    91.259 MiB
ollama-1  | srv        update:    - prompt 0x36521bb0:     828 tokens, checkpoints:  0,   103.510 MiB
ollama-1  | srv        update:    - prompt 0x3652bd10:     844 tokens, checkpoints:  0,   105.510 MiB
ollama-1  | srv        update:    - prompt 0x3724fc20:     846 tokens, checkpoints:  0,   105.760 MiB
ollama-1  | srv        update:    - prompt 0x3651c680:     892 tokens, checkpoints:  0,   111.511 MiB
ollama-1  | srv        update:    - prompt 0x36504320:     778 tokens, checkpoints:  0,    97.260 MiB
ollama-1  | srv        update:    - prompt 0x36516480:     726 tokens, checkpoints:  0,    90.759 MiB
ollama-1  | srv        update:    - prompt 0x371c5be0:     765 tokens, checkpoints:  0,    95.635 MiB
ollama-1  | srv        update:    - prompt 0x3651cdf0:     851 tokens, checkpoints:  0,   106.385 MiB
ollama-1  | srv        update:    - prompt 0x36510eb0:     763 tokens, checkpoints:  0,    95.384 MiB
ollama-1  | srv        update:    - prompt 0x36522570:     780 tokens, checkpoints:  0,    97.510 MiB
ollama-1  | srv        update:    - prompt 0x37a562a0:     710 tokens, checkpoints:  0,    88.759 MiB
ollama-1  | srv        update:    - prompt 0x37a8eee0:     770 tokens, checkpoints:  0,    96.260 MiB
ollama-1  | srv        update:    - prompt 0x370b1e10:     717 tokens, checkpoints:  0,    89.634 MiB
ollama-1  | srv        update:    - prompt 0x36537930:     753 tokens, checkpoints:  0,    94.134 MiB
ollama-1  | srv        update:    - prompt 0x36996dc0:     796 tokens, checkpoints:  0,    99.510 MiB
ollama-1  | srv        update:    - prompt 0x37264940:     709 tokens, checkpoints:  0,    88.634 MiB
ollama-1  | srv        update:    - prompt 0x365024f0:     724 tokens, checkpoints:  0,    90.509 MiB
ollama-1  | srv        update:    - prompt 0x370b0570:     800 tokens, checkpoints:  0,   100.010 MiB
ollama-1  | srv        update:    - prompt 0x37256510:     728 tokens, checkpoints:  0,    91.009 MiB
ollama-1  | srv        update:    - prompt 0x364ffda0:     790 tokens, checkpoints:  0,    98.760 MiB
ollama-1  | srv        update:    - prompt 0x3715ca80:     764 tokens, checkpoints:  0,    95.509 MiB
ollama-1  | srv        update:    - prompt 0x371021f0:     788 tokens, checkpoints:  0,    98.510 MiB
ollama-1  | srv        update:    - prompt 0x37b69a80:     713 tokens, checkpoints:  0,    89.134 MiB
ollama-1  | srv        update:    - prompt 0x37b80950:     847 tokens, checkpoints:  0,   105.885 MiB
ollama-1  | srv        update:    - prompt 0x3724a9f0:    1176 tokens, checkpoints:  0,   147.014 MiB
ollama-1  | srv  get_availabl: prompt cache update took 19.95 ms
ollama-1  | slot launch_slot_: id  0 | task -1 | sampler chain: logits -> ?penalties -> ?dry -> ?top-n-sigma -> top-k -> ?typical -> top-p -> ?min-p -> ?xtc -> temp-ext -> dist 
ollama-1  | slot launch_slot_: id  0 | task -1 | sampler params: 
ollama-1  | 	repeat_last_n = 64, repeat_penalty = 1.000, frequency_penalty = 0.000, presence_penalty = 0.000
ollama-1  | 	dry_multiplier = 0.000, dry_base = 1.750, dry_allowed_length = 2, dry_penalty_last_n = 64
ollama-1  | 	top_k = 40, top_p = 0.900, min_p = 0.000, xtc_probability = 0.000, xtc_threshold = 0.100, typical_p = 1.000, top_n_sigma = -1.000, temp = 0.000
ollama-1  | 	mirostat = 0, mirostat_lr = 0.100, mirostat_ent = 5.000, adaptive_target = -1.000, adaptive_decay = 0.900
ollama-1  | slot launch_slot_: id  0 | task 11908 | processing task, is_child = 0
ollama-1  | slot   operator(): id  0 | task 11908 | new prompt, n_ctx_slot = 4096, n_keep = 4, task.n_tokens = 481
ollama-1  | slot   operator(): id  0 | task 11908 | cached n_tokens = 351, memory_seq_rm [351, end)
ollama-1  | slot init_sampler: id  0 | task 11908 | init sampler, took 0.04 ms, tokens: text = 481, total = 481
ollama-1  | slot print_timing: id  0 | task 11908 | prompt eval time =    1990.63 ms /   130 tokens (   15.31 ms per token,    65.31 tokens per second)
ollama-1  | slot print_timing: id  0 | task 11908 |        eval time =     576.98 ms /     9 tokens (   72.12 ms per token,    13.87 tokens per second)
ollama-1  | slot print_timing: id  0 | task 11908 |       total time =    2567.61 ms /   139 tokens
ollama-1  | slot print_timing: id  0 | task 11908 |    graphs reused =       8388
ollama-1  | slot      release: id  0 | task 11908 | stop processing: n_tokens = 489, truncated = 0
ollama-1  | srv  update_slots: all slots are idle
ollama-1  | [GIN] 2026/10/08 - 09:32:36 | 200 |         2m29s |      172.21.0.4 | POST     "/api/generate"
ollama-1  | srv  server_strea: conv_id= (empty=1)
ollama-1  | slot get_availabl: id  0 | task -1 |  - checking sim = 0.510 (350/686) > 0.100
ollama-1  | slot get_availabl: id  0 | task -1 | selected slot by LCP similarity, f_sim_best = 0.510 (> 0.100 thold), f_keep = 0.716
ollama-1  | slot launch_slot_: id  0 | task -1 | sampler chain: logits -> ?penalties -> ?dry -> ?top-n-sigma -> top-k -> ?typical -> top-p -> ?min-p -> ?xtc -> temp-ext -> dist 
ollama-1  | slot launch_slot_: id  0 | task -1 | sampler params: 
ollama-1  | 	repeat_last_n = 64, repeat_penalty = 1.000, frequency_penalty = 0.000, presence_penalty = 0.000
ollama-1  | 	dry_multiplier = 0.000, dry_base = 1.750, dry_allowed_length = 2, dry_penalty_last_n = 64
ollama-1  | 	top_k = 40, top_p = 0.900, min_p = 0.000, xtc_probability = 0.000, xtc_threshold = 0.100, typical_p = 1.000, top_n_sigma = -1.000, temp = 0.000
ollama-1  | 	mirostat = 0, mirostat_lr = 0.100, mirostat_ent = 5.000, adaptive_target = -1.000, adaptive_decay = 0.900
ollama-1  | slot launch_slot_: id  0 | task 11918 | processing task, is_child = 0
ollama-1  | slot   operator(): id  0 | task 11918 | new prompt, n_ctx_slot = 4096, n_keep = 4, task.n_tokens = 686
ollama-1  | slot   operator(): id  0 | task 11918 | cached n_tokens = 350, memory_seq_rm [350, end)
ollama-1  | slot init_sampler: id  0 | task 11918 | init sampler, took 0.06 ms, tokens: text = 686, total = 686
ollama-1  | [GIN] 2026/10/08 - 09:32:36 | 200 |      33.058µs |       127.0.0.1 | HEAD     "/"
ollama-1  | [GIN] 2026/10/08 - 09:32:36 | 200 |    1.394565ms |       127.0.0.1 | GET      "/api/tags"
ollama-1  | slot print_timing: id  0 | task 11918 | prompt eval time =    4933.86 ms /   336 tokens (   14.68 ms per token,    68.10 tokens per second)
ollama-1  | slot print_timing: id  0 | task 11918 |        eval time =     568.04 ms /     9 tokens (   71.00 ms per token,    14.08 tokens per second)
ollama-1  | slot print_timing: id  0 | task 11918 |       total time =    5501.90 ms /   345 tokens
ollama-1  | slot print_timing: id  0 | task 11918 |    graphs reused =       8395
ollama-1  | slot      release: id  0 | task 11918 | stop processing: n_tokens = 694, truncated = 0
ollama-1  | srv  update_slots: all slots are idle
ollama-1  | [GIN] 2026/10/08 - 09:32:41 | 200 |         2m35s |      172.21.0.4 | POST     "/api/generate"
ollama-1  | srv  server_strea: conv_id= (empty=1)
ollama-1  | slot get_availabl: id  0 | task -1 |  - checking sim = 0.703 (350/498) > 0.100
ollama-1  | slot get_availabl: id  0 | task -1 | selected slot by LCP similarity, f_sim_best = 0.703 (> 0.100 thold), f_keep = 0.504
ollama-1  | slot launch_slot_: id  0 | task -1 | sampler chain: logits -> ?penalties -> ?dry -> ?top-n-sigma -> top-k -> ?typical -> top-p -> ?min-p -> ?xtc -> temp-ext -> dist 
ollama-1  | slot launch_slot_: id  0 | task -1 | sampler params: 
ollama-1  | 	repeat_last_n = 64, repeat_penalty = 1.000, frequency_penalty = 0.000, presence_penalty = 0.000
ollama-1  | 	dry_multiplier = 0.000, dry_base = 1.750, dry_allowed_length = 2, dry_penalty_last_n = 64
ollama-1  | 	top_k = 40, top_p = 0.900, min_p = 0.000, xtc_probability = 0.000, xtc_threshold = 0.100, typical_p = 1.000, top_n_sigma = -1.000, temp = 0.000
ollama-1  | 	mirostat = 0, mirostat_lr = 0.100, mirostat_ent = 5.000, adaptive_target = -1.000, adaptive_decay = 0.900
ollama-1  | slot launch_slot_: id  0 | task 11928 | processing task, is_child = 0
ollama-1  | slot   operator(): id  0 | task 11928 | new prompt, n_ctx_slot = 4096, n_keep = 4, task.n_tokens = 498
ollama-1  | slot   operator(): id  0 | task 11928 | cached n_tokens = 350, memory_seq_rm [350, end)
ollama-1  | slot init_sampler: id  0 | task 11928 | init sampler, took 0.04 ms, tokens: text = 498, total = 498
ollama-1  | slot print_timing: id  0 | task 11928 | prompt eval time =    2196.99 ms /   148 tokens (   14.84 ms per token,    67.36 tokens per second)
ollama-1  | slot print_timing: id  0 | task 11928 |        eval time =     535.28 ms /     9 tokens (   66.91 ms per token,    14.95 tokens per second)
ollama-1  | slot print_timing: id  0 | task 11928 |       total time =    2732.27 ms /   157 tokens
ollama-1  | slot print_timing: id  0 | task 11928 |    graphs reused =       8402
ollama-1  | slot      release: id  0 | task 11928 | stop processing: n_tokens = 506, truncated = 0
ollama-1  | srv  update_slots: all slots are idle
ollama-1  | [GIN] 2026/10/08 - 09:32:45 | 200 |         2m37s |      172.21.0.4 | POST     "/api/generate"
ollama-1  | srv  server_strea: conv_id= (empty=1)
ollama-1  | slot get_availabl: id  0 | task -1 |  - checking sim = 0.663 (350/528) > 0.100
ollama-1  | slot get_availabl: id  0 | task -1 | selected slot by LCP similarity, f_sim_best = 0.663 (> 0.100 thold), f_keep = 0.692
ollama-1  | slot launch_slot_: id  0 | task -1 | sampler chain: logits -> ?penalties -> ?dry -> ?top-n-sigma -> top-k -> ?typical -> top-p -> ?min-p -> ?xtc -> temp-ext -> dist 
ollama-1  | slot launch_slot_: id  0 | task -1 | sampler params: 
ollama-1  | 	repeat_last_n = 64, repeat_penalty = 1.000, frequency_penalty = 0.000, presence_penalty = 0.000
ollama-1  | 	dry_multiplier = 0.000, dry_base = 1.750, dry_allowed_length = 2, dry_penalty_last_n = 64
ollama-1  | 	top_k = 40, top_p = 0.900, min_p = 0.000, xtc_probability = 0.000, xtc_threshold = 0.100, typical_p = 1.000, top_n_sigma = -1.000, temp = 0.000
ollama-1  | 	mirostat = 0, mirostat_lr = 0.100, mirostat_ent = 5.000, adaptive_target = -1.000, adaptive_decay = 0.900
ollama-1  | slot launch_slot_: id  0 | task 11938 | processing task, is_child = 0
ollama-1  | slot   operator(): id  0 | task 11938 | new prompt, n_ctx_slot = 4096, n_keep = 4, task.n_tokens = 528
ollama-1  | slot   operator(): id  0 | task 11938 | cached n_tokens = 350, memory_seq_rm [350, end)
ollama-1  | slot init_sampler: id  0 | task 11938 | init sampler, took 0.06 ms, tokens: text = 528, total = 528
ollama-1  | [GIN] 2026/10/08 - 09:32:47 | 200 |      20.169µs |       127.0.0.1 | HEAD     "/"
ollama-1  | [GIN] 2026/10/08 - 09:32:47 | 200 |     855.446µs |       127.0.0.1 | GET      "/api/tags"
ollama-1  | slot print_timing: id  0 | task 11938 | prompt eval time =    2625.35 ms /   178 tokens (   14.75 ms per token,    67.80 tokens per second)
ollama-1  | slot print_timing: id  0 | task 11938 |        eval time =     493.34 ms /     8 tokens (   70.48 ms per token,    14.19 tokens per second)
ollama-1  | slot print_timing: id  0 | task 11938 |       total time =    3118.69 ms /   186 tokens
ollama-1  | slot print_timing: id  0 | task 11938 |    graphs reused =       8408
ollama-1  | slot      release: id  0 | task 11938 | stop processing: n_tokens = 535, truncated = 0
ollama-1  | srv  update_slots: all slots are idle
ollama-1  | [GIN] 2026/10/08 - 09:32:48 | 200 |         2m36s |      172.21.0.4 | POST     "/api/generate"
ollama-1  | srv  server_strea: conv_id= (empty=1)
ollama-1  | slot get_availabl: id  0 | task -1 |  - checking sim = 0.647 (350/541) > 0.100
ollama-1  | slot get_availabl: id  0 | task -1 | selected slot by LCP similarity, f_sim_best = 0.647 (> 0.100 thold), f_keep = 0.654
ollama-1  | slot launch_slot_: id  0 | task -1 | sampler chain: logits -> ?penalties -> ?dry -> ?top-n-sigma -> top-k -> ?typical -> top-p -> ?min-p -> ?xtc -> temp-ext -> dist 
ollama-1  | slot launch_slot_: id  0 | task -1 | sampler params: 
ollama-1  | 	repeat_last_n = 64, repeat_penalty = 1.000, frequency_penalty = 0.000, presence_penalty = 0.000
ollama-1  | 	dry_multiplier = 0.000, dry_base = 1.750, dry_allowed_length = 2, dry_penalty_last_n = 64
ollama-1  | 	top_k = 40, top_p = 0.900, min_p = 0.000, xtc_probability = 0.000, xtc_threshold = 0.100, typical_p = 1.000, top_n_sigma = -1.000, temp = 0.000
ollama-1  | 	mirostat = 0, mirostat_lr = 0.100, mirostat_ent = 5.000, adaptive_target = -1.000, adaptive_decay = 0.900
ollama-1  | slot launch_slot_: id  0 | task 11947 | processing task, is_child = 0
ollama-1  | slot   operator(): id  0 | task 11947 | new prompt, n_ctx_slot = 4096, n_keep = 4, task.n_tokens = 541
ollama-1  | slot   operator(): id  0 | task 11947 | cached n_tokens = 350, memory_seq_rm [350, end)
ollama-1  | slot init_sampler: id  0 | task 11947 | init sampler, took 0.05 ms, tokens: text = 541, total = 541
ollama-1  | slot print_timing: id  0 | task 11947 | prompt eval time =    2943.36 ms /   191 tokens (   15.41 ms per token,    64.89 tokens per second)
ollama-1  | slot print_timing: id  0 | task 11947 |        eval time =     514.75 ms /     8 tokens (   73.54 ms per token,    13.60 tokens per second)
ollama-1  | slot print_timing: id  0 | task 11947 |       total time =    3458.10 ms /   199 tokens
ollama-1  | slot print_timing: id  0 | task 11947 |    graphs reused =       8414
ollama-1  | slot      release: id  0 | task 11947 | stop processing: n_tokens = 548, truncated = 0
ollama-1  | srv  update_slots: all slots are idle
ollama-1  | [GIN] 2026/10/08 - 09:32:52 | 200 |         2m38s |      172.21.0.4 | POST     "/api/generate"
ollama-1  | srv  server_strea: conv_id= (empty=1)
ollama-1  | slot get_availabl: id  0 | task -1 |  - checking sim = 0.688 (350/509) > 0.100
ollama-1  | slot get_availabl: id  0 | task -1 | selected slot by LCP similarity, f_sim_best = 0.688 (> 0.100 thold), f_keep = 0.639
ollama-1  | slot launch_slot_: id  0 | task -1 | sampler chain: logits -> ?penalties -> ?dry -> ?top-n-sigma -> top-k -> ?typical -> top-p -> ?min-p -> ?xtc -> temp-ext -> dist 
ollama-1  | slot launch_slot_: id  0 | task -1 | sampler params: 
ollama-1  | 	repeat_last_n = 64, repeat_penalty = 1.000, frequency_penalty = 0.000, presence_penalty = 0.000
ollama-1  | 	dry_multiplier = 0.000, dry_base = 1.750, dry_allowed_length = 2, dry_penalty_last_n = 64
ollama-1  | 	top_k = 40, top_p = 0.900, min_p = 0.000, xtc_probability = 0.000, xtc_threshold = 0.100, typical_p = 1.000, top_n_sigma = -1.000, temp = 0.000
ollama-1  | 	mirostat = 0, mirostat_lr = 0.100, mirostat_ent = 5.000, adaptive_target = -1.000, adaptive_decay = 0.900
ollama-1  | slot launch_slot_: id  0 | task 11956 | processing task, is_child = 0
ollama-1  | slot   operator(): id  0 | task 11956 | new prompt, n_ctx_slot = 4096, n_keep = 4, task.n_tokens = 509
ollama-1  | slot   operator(): id  0 | task 11956 | cached n_tokens = 350, memory_seq_rm [350, end)
ollama-1  | slot init_sampler: id  0 | task 11956 | init sampler, took 0.04 ms, tokens: text = 509, total = 509
ollama-1  | slot print_timing: id  0 | task 11956 | prompt eval time =    2429.41 ms /   159 tokens (   15.28 ms per token,    65.45 tokens per second)
ollama-1  | slot print_timing: id  0 | task 11956 |        eval time =     550.47 ms /     9 tokens (   68.81 ms per token,    14.53 tokens per second)
ollama-1  | slot print_timing: id  0 | task 11956 |       total time =    2979.89 ms /   168 tokens
ollama-1  | slot print_timing: id  0 | task 11956 |    graphs reused =       8420
ollama-1  | slot      release: id  0 | task 11956 | stop processing: n_tokens = 517, truncated = 0
ollama-1  | srv  update_slots: all slots are idle
ollama-1  | [GIN] 2026/10/08 - 09:32:55 | 200 |         2m32s |      172.21.0.4 | POST     "/api/generate"
ollama-1  | srv  server_strea: conv_id= (empty=1)
ollama-1  | slot get_availabl: id  0 | task -1 |  - checking sim = 0.551 (350/635) > 0.100
ollama-1  | slot get_availabl: id  0 | task -1 | selected slot by LCP similarity, f_sim_best = 0.551 (> 0.100 thold), f_keep = 0.677
ollama-1  | slot launch_slot_: id  0 | task -1 | sampler chain: logits -> ?penalties -> ?dry -> ?top-n-sigma -> top-k -> ?typical -> top-p -> ?min-p -> ?xtc -> temp-ext -> dist 
ollama-1  | slot launch_slot_: id  0 | task -1 | sampler params: 
ollama-1  | 	repeat_last_n = 64, repeat_penalty = 1.000, frequency_penalty = 0.000, presence_penalty = 0.000
ollama-1  | 	dry_multiplier = 0.000, dry_base = 1.750, dry_allowed_length = 2, dry_penalty_last_n = 64
ollama-1  | 	top_k = 40, top_p = 0.900, min_p = 0.000, xtc_probability = 0.000, xtc_threshold = 0.100, typical_p = 1.000, top_n_sigma = -1.000, temp = 0.000
ollama-1  | 	mirostat = 0, mirostat_lr = 0.100, mirostat_ent = 5.000, adaptive_target = -1.000, adaptive_decay = 0.900
ollama-1  | slot launch_slot_: id  0 | task 11966 | processing task, is_child = 0
ollama-1  | slot   operator(): id  0 | task 11966 | new prompt, n_ctx_slot = 4096, n_keep = 4, task.n_tokens = 635
ollama-1  | slot   operator(): id  0 | task 11966 | cached n_tokens = 350, memory_seq_rm [350, end)
ollama-1  | slot init_sampler: id  0 | task 11966 | init sampler, took 0.06 ms, tokens: text = 635, total = 635
ollama-1  | [GIN] 2026/10/08 - 09:32:57 | 200 |      28.077µs |       127.0.0.1 | HEAD     "/"
ollama-1  | [GIN] 2026/10/08 - 09:32:57 | 200 |    1.542871ms |       127.0.0.1 | GET      "/api/tags"
ollama-1  | slot print_timing: id  0 | task 11966 | prompt eval time =    4248.70 ms /   285 tokens (   14.91 ms per token,    67.08 tokens per second)
ollama-1  | slot print_timing: id  0 | task 11966 |        eval time =     589.94 ms /     9 tokens (   73.74 ms per token,    13.56 tokens per second)
ollama-1  | slot print_timing: id  0 | task 11966 |       total time =    4838.64 ms /   294 tokens
ollama-1  | slot print_timing: id  0 | task 11966 |    graphs reused =       8427
ollama-1  | slot      release: id  0 | task 11966 | stop processing: n_tokens = 643, truncated = 0
ollama-1  | srv  update_slots: all slots are idle
ollama-1  | [GIN] 2026/10/08 - 09:32:59 | 200 |         2m32s |      172.21.0.4 | POST     "/api/generate"
ollama-1  | srv  server_strea: conv_id= (empty=1)
ollama-1  | slot get_availabl: id  0 | task -1 |  - checking sim = 0.603 (350/580) > 0.100
ollama-1  | slot get_availabl: id  0 | task -1 | selected slot by LCP similarity, f_sim_best = 0.603 (> 0.100 thold), f_keep = 0.544
ollama-1  | slot launch_slot_: id  0 | task -1 | sampler chain: logits -> ?penalties -> ?dry -> ?top-n-sigma -> top-k -> ?typical -> top-p -> ?min-p -> ?xtc -> temp-ext -> dist 
ollama-1  | slot launch_slot_: id  0 | task -1 | sampler params: 
ollama-1  | 	repeat_last_n = 64, repeat_penalty = 1.000, frequency_penalty = 0.000, presence_penalty = 0.000
ollama-1  | 	dry_multiplier = 0.000, dry_base = 1.750, dry_allowed_length = 2, dry_penalty_last_n = 64
ollama-1  | 	top_k = 40, top_p = 0.900, min_p = 0.000, xtc_probability = 0.000, xtc_threshold = 0.100, typical_p = 1.000, top_n_sigma = -1.000, temp = 0.000
ollama-1  | 	mirostat = 0, mirostat_lr = 0.100, mirostat_ent = 5.000, adaptive_target = -1.000, adaptive_decay = 0.900
ollama-1  | slot launch_slot_: id  0 | task 11976 | processing task, is_child = 0
ollama-1  | slot   operator(): id  0 | task 11976 | new prompt, n_ctx_slot = 4096, n_keep = 4, task.n_tokens = 580
ollama-1  | slot   operator(): id  0 | task 11976 | cached n_tokens = 350, memory_seq_rm [350, end)
ollama-1  | slot init_sampler: id  0 | task 11976 | init sampler, took 0.07 ms, tokens: text = 580, total = 580
ollama-1  | slot print_timing: id  0 | task 11976 | prompt eval time =    3398.13 ms /   230 tokens (   14.77 ms per token,    67.68 tokens per second)
ollama-1  | slot print_timing: id  0 | task 11976 |        eval time =     574.04 ms /     9 tokens (   71.76 ms per token,    13.94 tokens per second)
ollama-1  | slot print_timing: id  0 | task 11976 |       total time =    3972.17 ms /   239 tokens
ollama-1  | slot print_timing: id  0 | task 11976 |    graphs reused =       8434
ollama-1  | slot      release: id  0 | task 11976 | stop processing: n_tokens = 588, truncated = 0
ollama-1  | srv  update_slots: all slots are idle
ollama-1  | [GIN] 2026/10/08 - 09:33:03 | 200 |         1m59s |      172.21.0.4 | POST     "/api/generate"
ollama-1  | srv  server_strea: conv_id= (empty=1)
ollama-1  | slot get_availabl: id  0 | task -1 |  - checking sim = 0.805 (350/435) > 0.100
ollama-1  | slot get_availabl: id  0 | task -1 | selected slot by LCP similarity, f_sim_best = 0.805 (> 0.100 thold), f_keep = 0.595
ollama-1  | slot launch_slot_: id  0 | task -1 | sampler chain: logits -> ?penalties -> ?dry -> ?top-n-sigma -> top-k -> ?typical -> top-p -> ?min-p -> ?xtc -> temp-ext -> dist 
ollama-1  | slot launch_slot_: id  0 | task -1 | sampler params: 
ollama-1  | 	repeat_last_n = 64, repeat_penalty = 1.000, frequency_penalty = 0.000, presence_penalty = 0.000
ollama-1  | 	dry_multiplier = 0.000, dry_base = 1.750, dry_allowed_length = 2, dry_penalty_last_n = 64
ollama-1  | 	top_k = 40, top_p = 0.900, min_p = 0.000, xtc_probability = 0.000, xtc_threshold = 0.100, typical_p = 1.000, top_n_sigma = -1.000, temp = 0.000
ollama-1  | 	mirostat = 0, mirostat_lr = 0.100, mirostat_ent = 5.000, adaptive_target = -1.000, adaptive_decay = 0.900
ollama-1  | slot launch_slot_: id  0 | task 11986 | processing task, is_child = 0
ollama-1  | slot   operator(): id  0 | task 11986 | new prompt, n_ctx_slot = 4096, n_keep = 4, task.n_tokens = 435
ollama-1  | slot   operator(): id  0 | task 11986 | cached n_tokens = 350, memory_seq_rm [350, end)
ollama-1  | slot init_sampler: id  0 | task 11986 | init sampler, took 0.03 ms, tokens: text = 435, total = 435
ollama-1  | slot print_timing: id  0 | task 11986 | prompt eval time =    1275.92 ms /    85 tokens (   15.01 ms per token,    66.62 tokens per second)
ollama-1  | slot print_timing: id  0 | task 11986 |        eval time =     614.61 ms /    10 tokens (   68.29 ms per token,    14.64 tokens per second)
ollama-1  | slot print_timing: id  0 | task 11986 |       total time =    1890.54 ms /    95 tokens
ollama-1  | slot print_timing: id  0 | task 11986 |    graphs reused =       8442
ollama-1  | slot      release: id  0 | task 11986 | stop processing: n_tokens = 444, truncated = 0
ollama-1  | srv  update_slots: all slots are idle
ollama-1  | [GIN] 2026/10/08 - 09:33:05 | 200 |         1m51s |      172.21.0.4 | POST     "/api/generate"
ollama-1  | srv  server_strea: conv_id= (empty=1)
ollama-1  | slot get_availabl: id  0 | task -1 |  - checking sim = 0.743 (350/471) > 0.100
ollama-1  | slot get_availabl: id  0 | task -1 | selected slot by LCP similarity, f_sim_best = 0.743 (> 0.100 thold), f_keep = 0.788
ollama-1  | slot launch_slot_: id  0 | task -1 | sampler chain: logits -> ?penalties -> ?dry -> ?top-n-sigma -> top-k -> ?typical -> top-p -> ?min-p -> ?xtc -> temp-ext -> dist 
ollama-1  | slot launch_slot_: id  0 | task -1 | sampler params: 
ollama-1  | 	repeat_last_n = 64, repeat_penalty = 1.000, frequency_penalty = 0.000, presence_penalty = 0.000
ollama-1  | 	dry_multiplier = 0.000, dry_base = 1.750, dry_allowed_length = 2, dry_penalty_last_n = 64
ollama-1  | 	top_k = 40, top_p = 0.900, min_p = 0.000, xtc_probability = 0.000, xtc_threshold = 0.100, typical_p = 1.000, top_n_sigma = -1.000, temp = 0.000
ollama-1  | 	mirostat = 0, mirostat_lr = 0.100, mirostat_ent = 5.000, adaptive_target = -1.000, adaptive_decay = 0.900
ollama-1  | slot launch_slot_: id  0 | task 11997 | processing task, is_child = 0
ollama-1  | slot   operator(): id  0 | task 11997 | new prompt, n_ctx_slot = 4096, n_keep = 4, task.n_tokens = 471
ollama-1  | slot   operator(): id  0 | task 11997 | cached n_tokens = 350, memory_seq_rm [350, end)
ollama-1  | slot init_sampler: id  0 | task 11997 | init sampler, took 0.05 ms, tokens: text = 471, total = 471
ollama-1  | [GIN] 2026/10/08 - 09:33:07 | 200 |      28.886µs |       127.0.0.1 | HEAD     "/"
ollama-1  | [GIN] 2026/10/08 - 09:33:07 | 200 |     894.313µs |       127.0.0.1 | GET      "/api/tags"
ollama-1  | slot print_timing: id  0 | task 11997 | prompt eval time =    1837.70 ms /   121 tokens (   15.19 ms per token,    65.84 tokens per second)
ollama-1  | slot print_timing: id  0 | task 11997 |        eval time =     553.11 ms /     9 tokens (   69.14 ms per token,    14.46 tokens per second)
ollama-1  | slot print_timing: id  0 | task 11997 |       total time =    2390.80 ms /   130 tokens
ollama-1  | slot print_timing: id  0 | task 11997 |    graphs reused =       8449
ollama-1  | slot      release: id  0 | task 11997 | stop processing: n_tokens = 479, truncated = 0
ollama-1  | srv  update_slots: all slots are idle
ollama-1  | [GIN] 2026/10/08 - 09:33:08 | 200 |         1m49s |      172.21.0.4 | POST     "/api/generate"
ollama-1  | srv  server_strea: conv_id= (empty=1)
ollama-1  | slot get_availabl: id  0 | task -1 |  - checking sim = 0.542 (350/646) > 0.100
ollama-1  | slot get_availabl: id  0 | task -1 | selected slot by LCP similarity, f_sim_best = 0.542 (> 0.100 thold), f_keep = 0.731
ollama-1  | slot launch_slot_: id  0 | task -1 | sampler chain: logits -> ?penalties -> ?dry -> ?top-n-sigma -> top-k -> ?typical -> top-p -> ?min-p -> ?xtc -> temp-ext -> dist 
ollama-1  | slot launch_slot_: id  0 | task -1 | sampler params: 
ollama-1  | 	repeat_last_n = 64, repeat_penalty = 1.000, frequency_penalty = 0.000, presence_penalty = 0.000
ollama-1  | 	dry_multiplier = 0.000, dry_base = 1.750, dry_allowed_length = 2, dry_penalty_last_n = 64
ollama-1  | 	top_k = 40, top_p = 0.900, min_p = 0.000, xtc_probability = 0.000, xtc_threshold = 0.100, typical_p = 1.000, top_n_sigma = -1.000, temp = 0.000
ollama-1  | 	mirostat = 0, mirostat_lr = 0.100, mirostat_ent = 5.000, adaptive_target = -1.000, adaptive_decay = 0.900
ollama-1  | slot launch_slot_: id  0 | task 12007 | processing task, is_child = 0
ollama-1  | slot   operator(): id  0 | task 12007 | new prompt, n_ctx_slot = 4096, n_keep = 4, task.n_tokens = 646
ollama-1  | slot   operator(): id  0 | task 12007 | cached n_tokens = 350, memory_seq_rm [350, end)
ollama-1  | slot init_sampler: id  0 | task 12007 | init sampler, took 0.05 ms, tokens: text = 646, total = 646
ollama-1  | slot print_timing: id  0 | task 12007 | prompt eval time =    4442.38 ms /   296 tokens (   15.01 ms per token,    66.63 tokens per second)
ollama-1  | slot print_timing: id  0 | task 12007 |        eval time =     688.69 ms /    11 tokens (   68.87 ms per token,    14.52 tokens per second)
ollama-1  | slot print_timing: id  0 | task 12007 |       total time =    5131.07 ms /   307 tokens
ollama-1  | slot print_timing: id  0 | task 12007 |    graphs reused =       8458
ollama-1  | slot      release: id  0 | task 12007 | stop processing: n_tokens = 656, truncated = 0
ollama-1  | srv  update_slots: all slots are idle
ollama-1  | [GIN] 2026/10/08 - 09:33:13 | 200 |         1m27s |      172.21.0.4 | POST     "/api/generate"
ollama-1  | srv  server_strea: conv_id= (empty=1)
ollama-1  | slot get_availabl: id  0 | task -1 |  - checking sim = 0.799 (350/438) > 0.100
ollama-1  | slot get_availabl: id  0 | task -1 | selected slot by LCP similarity, f_sim_best = 0.799 (> 0.100 thold), f_keep = 0.534
ollama-1  | slot launch_slot_: id  0 | task -1 | sampler chain: logits -> ?penalties -> ?dry -> ?top-n-sigma -> top-k -> ?typical -> top-p -> ?min-p -> ?xtc -> temp-ext -> dist 
ollama-1  | slot launch_slot_: id  0 | task -1 | sampler params: 
ollama-1  | 	repeat_last_n = 64, repeat_penalty = 1.000, frequency_penalty = 0.000, presence_penalty = 0.000
ollama-1  | 	dry_multiplier = 0.000, dry_base = 1.750, dry_allowed_length = 2, dry_penalty_last_n = 64
ollama-1  | 	top_k = 40, top_p = 0.900, min_p = 0.000, xtc_probability = 0.000, xtc_threshold = 0.100, typical_p = 1.000, top_n_sigma = -1.000, temp = 0.000
ollama-1  | 	mirostat = 0, mirostat_lr = 0.100, mirostat_ent = 5.000, adaptive_target = -1.000, adaptive_decay = 0.900
ollama-1  | slot launch_slot_: id  0 | task 12019 | processing task, is_child = 0
ollama-1  | slot   operator(): id  0 | task 12019 | new prompt, n_ctx_slot = 4096, n_keep = 4, task.n_tokens = 438
ollama-1  | slot   operator(): id  0 | task 12019 | cached n_tokens = 350, memory_seq_rm [350, end)
ollama-1  | slot init_sampler: id  0 | task 12019 | init sampler, took 0.03 ms, tokens: text = 438, total = 438
ollama-1  | slot print_timing: id  0 | task 12019 | prompt eval time =    1324.65 ms /    88 tokens (   15.05 ms per token,    66.43 tokens per second)
ollama-1  | slot print_timing: id  0 | task 12019 |        eval time =     690.03 ms /    11 tokens (   69.00 ms per token,    14.49 tokens per second)
ollama-1  | slot print_timing: id  0 | task 12019 |       total time =    2014.69 ms /    99 tokens
ollama-1  | slot print_timing: id  0 | task 12019 |    graphs reused =       8467
ollama-1  | slot      release: id  0 | task 12019 | stop processing: n_tokens = 448, truncated = 0
ollama-1  | srv  update_slots: all slots are idle
ollama-1  | [GIN] 2026/10/08 - 09:33:16 | 200 |         1m22s |      172.21.0.4 | POST     "/api/generate"
ollama-1  | srv  server_strea: conv_id= (empty=1)
ollama-1  | slot get_availabl: id  0 | task -1 |  - checking sim = 0.769 (350/455) > 0.100
ollama-1  | slot get_availabl: id  0 | task -1 | selected slot by LCP similarity, f_sim_best = 0.769 (> 0.100 thold), f_keep = 0.781
ollama-1  | slot launch_slot_: id  0 | task -1 | sampler chain: logits -> ?penalties -> ?dry -> ?top-n-sigma -> top-k -> ?typical -> top-p -> ?min-p -> ?xtc -> temp-ext -> dist 
ollama-1  | slot launch_slot_: id  0 | task -1 | sampler params: 
ollama-1  | 	repeat_last_n = 64, repeat_penalty = 1.000, frequency_penalty = 0.000, presence_penalty = 0.000
ollama-1  | 	dry_multiplier = 0.000, dry_base = 1.750, dry_allowed_length = 2, dry_penalty_last_n = 64
ollama-1  | 	top_k = 40, top_p = 0.900, min_p = 0.000, xtc_probability = 0.000, xtc_threshold = 0.100, typical_p = 1.000, top_n_sigma = -1.000, temp = 0.000
ollama-1  | 	mirostat = 0, mirostat_lr = 0.100, mirostat_ent = 5.000, adaptive_target = -1.000, adaptive_decay = 0.900
ollama-1  | slot launch_slot_: id  0 | task 12031 | processing task, is_child = 0
ollama-1  | slot   operator(): id  0 | task 12031 | new prompt, n_ctx_slot = 4096, n_keep = 4, task.n_tokens = 455
ollama-1  | slot   operator(): id  0 | task 12031 | cached n_tokens = 350, memory_seq_rm [350, end)
ollama-1  | slot init_sampler: id  0 | task 12031 | init sampler, took 0.04 ms, tokens: text = 455, total = 455
ollama-1  | slot print_timing: id  0 | task 12031 | prompt eval time =    1627.34 ms /   105 tokens (   15.50 ms per token,    64.52 tokens per second)
ollama-1  | slot print_timing: id  0 | task 12031 |        eval time =     634.82 ms /    10 tokens (   70.54 ms per token,    14.18 tokens per second)
ollama-1  | slot print_timing: id  0 | task 12031 |       total time =    2262.16 ms /   115 tokens
ollama-1  | slot print_timing: id  0 | task 12031 |    graphs reused =       8475
ollama-1  | slot      release: id  0 | task 12031 | stop processing: n_tokens = 464, truncated = 0
ollama-1  | srv  update_slots: all slots are idle
ollama-1  | [GIN] 2026/10/08 - 09:33:18 | 200 |         1m23s |      172.21.0.4 | POST     "/api/generate"
ollama-1  | srv  server_strea: conv_id= (empty=1)
ollama-1  | slot get_availabl: id  0 | task -1 |  - checking sim = 0.568 (350/616) > 0.100
ollama-1  | slot get_availabl: id  0 | task -1 | selected slot by LCP similarity, f_sim_best = 0.568 (> 0.100 thold), f_keep = 0.754
ollama-1  | slot launch_slot_: id  0 | task -1 | sampler chain: logits -> ?penalties -> ?dry -> ?top-n-sigma -> top-k -> ?typical -> top-p -> ?min-p -> ?xtc -> temp-ext -> dist 
ollama-1  | slot launch_slot_: id  0 | task -1 | sampler params: 
ollama-1  | 	repeat_last_n = 64, repeat_penalty = 1.000, frequency_penalty = 0.000, presence_penalty = 0.000
ollama-1  | 	dry_multiplier = 0.000, dry_base = 1.750, dry_allowed_length = 2, dry_penalty_last_n = 64
ollama-1  | 	top_k = 40, top_p = 0.900, min_p = 0.000, xtc_probability = 0.000, xtc_threshold = 0.100, typical_p = 1.000, top_n_sigma = -1.000, temp = 0.000
ollama-1  | 	mirostat = 0, mirostat_lr = 0.100, mirostat_ent = 5.000, adaptive_target = -1.000, adaptive_decay = 0.900
ollama-1  | slot launch_slot_: id  0 | task 12042 | processing task, is_child = 0
ollama-1  | slot   operator(): id  0 | task 12042 | new prompt, n_ctx_slot = 4096, n_keep = 4, task.n_tokens = 616
ollama-1  | slot   operator(): id  0 | task 12042 | cached n_tokens = 350, memory_seq_rm [350, end)
ollama-1  | slot init_sampler: id  0 | task 12042 | init sampler, took 0.07 ms, tokens: text = 616, total = 616
ollama-1  | [GIN] 2026/10/08 - 09:33:18 | 200 |      23.574µs |       127.0.0.1 | HEAD     "/"
ollama-1  | [GIN] 2026/10/08 - 09:33:18 | 200 |     930.327µs |       127.0.0.1 | GET      "/api/tags"
ollama-1  | slot print_timing: id  0 | task 12042 | prompt eval time =    4040.19 ms /   266 tokens (   15.19 ms per token,    65.84 tokens per second)
ollama-1  | slot print_timing: id  0 | task 12042 |        eval time =     641.49 ms /    10 tokens (   71.28 ms per token,    14.03 tokens per second)
ollama-1  | slot print_timing: id  0 | task 12042 |       total time =    4681.68 ms /   276 tokens
ollama-1  | slot print_timing: id  0 | task 12042 |    graphs reused =       8483
ollama-1  | slot      release: id  0 | task 12042 | stop processing: n_tokens = 625, truncated = 0
ollama-1  | srv  update_slots: all slots are idle
ollama-1  | [GIN] 2026/10/08 - 09:33:23 | 200 |         1m15s |      172.21.0.4 | POST     "/api/generate"
ollama-1  | srv  server_strea: conv_id= (empty=1)
ollama-1  | slot get_availabl: id  0 | task -1 |  - checking sim = 0.521 (350/672) > 0.100
ollama-1  | slot get_availabl: id  0 | task -1 | selected slot by LCP similarity, f_sim_best = 0.521 (> 0.100 thold), f_keep = 0.560
ollama-1  | slot launch_slot_: id  0 | task -1 | sampler chain: logits -> ?penalties -> ?dry -> ?top-n-sigma -> top-k -> ?typical -> top-p -> ?min-p -> ?xtc -> temp-ext -> dist 
ollama-1  | slot launch_slot_: id  0 | task -1 | sampler params: 
ollama-1  | 	repeat_last_n = 64, repeat_penalty = 1.000, frequency_penalty = 0.000, presence_penalty = 0.000
ollama-1  | 	dry_multiplier = 0.000, dry_base = 1.750, dry_allowed_length = 2, dry_penalty_last_n = 64
ollama-1  | 	top_k = 40, top_p = 0.900, min_p = 0.000, xtc_probability = 0.000, xtc_threshold = 0.100, typical_p = 1.000, top_n_sigma = -1.000, temp = 0.000
ollama-1  | 	mirostat = 0, mirostat_lr = 0.100, mirostat_ent = 5.000, adaptive_target = -1.000, adaptive_decay = 0.900
ollama-1  | slot launch_slot_: id  0 | task 12053 | processing task, is_child = 0
ollama-1  | slot   operator(): id  0 | task 12053 | new prompt, n_ctx_slot = 4096, n_keep = 4, task.n_tokens = 672
ollama-1  | slot   operator(): id  0 | task 12053 | cached n_tokens = 350, memory_seq_rm [350, end)
ollama-1  | slot init_sampler: id  0 | task 12053 | init sampler, took 0.07 ms, tokens: text = 672, total = 672
ollama-1  | slot print_timing: id  0 | task 12053 | prompt eval time =    4702.00 ms /   322 tokens (   14.60 ms per token,    68.48 tokens per second)
ollama-1  | slot print_timing: id  0 | task 12053 |        eval time =     509.18 ms /     8 tokens (   72.74 ms per token,    13.75 tokens per second)
ollama-1  | slot print_timing: id  0 | task 12053 |       total time =    5211.18 ms /   330 tokens
ollama-1  | slot print_timing: id  0 | task 12053 |    graphs reused =       8489
ollama-1  | slot      release: id  0 | task 12053 | stop processing: n_tokens = 679, truncated = 0
ollama-1  | srv  update_slots: all slots are idle
ollama-1  | [GIN] 2026/10/08 - 09:33:28 | 200 |         1m16s |      172.21.0.4 | POST     "/api/generate"
ollama-1  | srv  server_strea: conv_id= (empty=1)
ollama-1  | slot get_availabl: id  0 | task -1 |  - checking sim = 0.602 (350/581) > 0.100
ollama-1  | slot get_availabl: id  0 | task -1 | selected slot by LCP similarity, f_sim_best = 0.602 (> 0.100 thold), f_keep = 0.515
ollama-1  | slot launch_slot_: id  0 | task -1 | sampler chain: logits -> ?penalties -> ?dry -> ?top-n-sigma -> top-k -> ?typical -> top-p -> ?min-p -> ?xtc -> temp-ext -> dist 
ollama-1  | slot launch_slot_: id  0 | task -1 | sampler params: 
ollama-1  | 	repeat_last_n = 64, repeat_penalty = 1.000, frequency_penalty = 0.000, presence_penalty = 0.000
ollama-1  | 	dry_multiplier = 0.000, dry_base = 1.750, dry_allowed_length = 2, dry_penalty_last_n = 64
ollama-1  | 	top_k = 40, top_p = 0.900, min_p = 0.000, xtc_probability = 0.000, xtc_threshold = 0.100, typical_p = 1.000, top_n_sigma = -1.000, temp = 0.000
ollama-1  | 	mirostat = 0, mirostat_lr = 0.100, mirostat_ent = 5.000, adaptive_target = -1.000, adaptive_decay = 0.900
ollama-1  | slot launch_slot_: id  0 | task 12062 | processing task, is_child = 0
ollama-1  | slot   operator(): id  0 | task 12062 | new prompt, n_ctx_slot = 4096, n_keep = 4, task.n_tokens = 581
ollama-1  | slot   operator(): id  0 | task 12062 | cached n_tokens = 350, memory_seq_rm [350, end)
ollama-1  | slot init_sampler: id  0 | task 12062 | init sampler, took 0.05 ms, tokens: text = 581, total = 581
ollama-1  | [GIN] 2026/10/08 - 09:33:29 | 200 |       30.38µs |       127.0.0.1 | HEAD     "/"
ollama-1  | [GIN] 2026/10/08 - 09:33:29 | 200 |     1.56001ms |       127.0.0.1 | GET      "/api/tags"
ollama-1  | slot print_timing: id  0 | task 12062 | prompt eval time =    3434.49 ms /   231 tokens (   14.87 ms per token,    67.26 tokens per second)
ollama-1  | slot print_timing: id  0 | task 12062 |        eval time =     484.03 ms /     8 tokens (   69.15 ms per token,    14.46 tokens per second)
ollama-1  | slot print_timing: id  0 | task 12062 |       total time =    3918.52 ms /   239 tokens
ollama-1  | slot print_timing: id  0 | task 12062 |    graphs reused =       8495
ollama-1  | slot      release: id  0 | task 12062 | stop processing: n_tokens = 588, truncated = 0
ollama-1  | srv  update_slots: all slots are idle
ollama-1  | [GIN] 2026/10/08 - 09:33:32 | 200 |         1m16s |      172.21.0.4 | POST     "/api/generate"
ollama-1  | srv  server_strea: conv_id= (empty=1)
ollama-1  | slot get_availabl: id  0 | task -1 |  - checking sim = 0.586 (350/597) > 0.100
ollama-1  | slot get_availabl: id  0 | task -1 | selected slot by LCP similarity, f_sim_best = 0.586 (> 0.100 thold), f_keep = 0.595
ollama-1  | slot launch_slot_: id  0 | task -1 | sampler chain: logits -> ?penalties -> ?dry -> ?top-n-sigma -> top-k -> ?typical -> top-p -> ?min-p -> ?xtc -> temp-ext -> dist 
ollama-1  | slot launch_slot_: id  0 | task -1 | sampler params: 
ollama-1  | 	repeat_last_n = 64, repeat_penalty = 1.000, frequency_penalty = 0.000, presence_penalty = 0.000
ollama-1  | 	dry_multiplier = 0.000, dry_base = 1.750, dry_allowed_length = 2, dry_penalty_last_n = 64
ollama-1  | 	top_k = 40, top_p = 0.900, min_p = 0.000, xtc_probability = 0.000, xtc_threshold = 0.100, typical_p = 1.000, top_n_sigma = -1.000, temp = 0.000
ollama-1  | 	mirostat = 0, mirostat_lr = 0.100, mirostat_ent = 5.000, adaptive_target = -1.000, adaptive_decay = 0.900
ollama-1  | slot launch_slot_: id  0 | task 12071 | processing task, is_child = 0
ollama-1  | slot   operator(): id  0 | task 12071 | new prompt, n_ctx_slot = 4096, n_keep = 4, task.n_tokens = 597
ollama-1  | slot   operator(): id  0 | task 12071 | cached n_tokens = 350, memory_seq_rm [350, end)
ollama-1  | slot init_sampler: id  0 | task 12071 | init sampler, took 0.05 ms, tokens: text = 597, total = 597
ollama-1  | slot print_timing: id  0 | task 12071 | prompt eval time =    3678.76 ms /   247 tokens (   14.89 ms per token,    67.14 tokens per second)
ollama-1  | slot print_timing: id  0 | task 12071 |        eval time =     558.45 ms /     9 tokens (   69.81 ms per token,    14.33 tokens per second)
ollama-1  | slot print_timing: id  0 | task 12071 |       total time =    4237.22 ms /   256 tokens
ollama-1  | slot print_timing: id  0 | task 12071 |    graphs reused =       8502
ollama-1  | slot      release: id  0 | task 12071 | stop processing: n_tokens = 605, truncated = 0
ollama-1  | srv  update_slots: all slots are idle
ollama-1  | [GIN] 2026/10/08 - 09:33:36 | 200 |         1m17s |      172.21.0.4 | POST     "/api/generate"
ollama-1  | srv  server_strea: conv_id= (empty=1)
ollama-1  | slot get_availabl: id  0 | task -1 |  - checking sim = 0.667 (350/525) > 0.100
ollama-1  | slot get_availabl: id  0 | task -1 | selected slot by LCP similarity, f_sim_best = 0.667 (> 0.100 thold), f_keep = 0.579
ollama-1  | slot launch_slot_: id  0 | task -1 | sampler chain: logits -> ?penalties -> ?dry -> ?top-n-sigma -> top-k -> ?typical -> top-p -> ?min-p -> ?xtc -> temp-ext -> dist 
ollama-1  | slot launch_slot_: id  0 | task -1 | sampler params: 
ollama-1  | 	repeat_last_n = 64, repeat_penalty = 1.000, frequency_penalty = 0.000, presence_penalty = 0.000
ollama-1  | 	dry_multiplier = 0.000, dry_base = 1.750, dry_allowed_length = 2, dry_penalty_last_n = 64
ollama-1  | 	top_k = 40, top_p = 0.900, min_p = 0.000, xtc_probability = 0.000, xtc_threshold = 0.100, typical_p = 1.000, top_n_sigma = -1.000, temp = 0.000
ollama-1  | 	mirostat = 0, mirostat_lr = 0.100, mirostat_ent = 5.000, adaptive_target = -1.000, adaptive_decay = 0.900
ollama-1  | slot launch_slot_: id  0 | task 12081 | processing task, is_child = 0
ollama-1  | slot   operator(): id  0 | task 12081 | new prompt, n_ctx_slot = 4096, n_keep = 4, task.n_tokens = 525
ollama-1  | slot   operator(): id  0 | task 12081 | cached n_tokens = 350, memory_seq_rm [350, end)
ollama-1  | slot init_sampler: id  0 | task 12081 | init sampler, took 0.06 ms, tokens: text = 525, total = 525
ollama-1  | [GIN] 2026/10/08 - 09:33:39 | 200 |      26.145µs |       127.0.0.1 | HEAD     "/"
ollama-1  | [GIN] 2026/10/08 - 09:33:39 | 200 |    1.909508ms |       127.0.0.1 | GET      "/api/tags"
ollama-1  | slot print_timing: id  0 | task 12081 | prompt eval time =    2714.18 ms /   175 tokens (   15.51 ms per token,    64.48 tokens per second)
ollama-1  | slot print_timing: id  0 | task 12081 |        eval time =     560.92 ms /     9 tokens (   70.11 ms per token,    14.26 tokens per second)
ollama-1  | slot print_timing: id  0 | task 12081 |       total time =    3275.09 ms /   184 tokens
ollama-1  | slot print_timing: id  0 | task 12081 |    graphs reused =       8509
ollama-1  | slot      release: id  0 | task 12081 | stop processing: n_tokens = 533, truncated = 0
ollama-1  | srv  update_slots: all slots are idle
ollama-1  | [GIN] 2026/10/08 - 09:33:40 | 200 |         1m15s |      172.21.0.4 | POST     "/api/generate"
ollama-1  | srv  server_strea: conv_id= (empty=1)
ollama-1  | slot get_availabl: id  0 | task -1 |  - checking sim = 0.718 (351/489) > 0.100
ollama-1  | slot get_availabl: id  0 | task -1 | selected slot by LCP similarity, f_sim_best = 0.718 (> 0.100 thold), f_keep = 0.659
ollama-1  | slot launch_slot_: id  0 | task -1 | sampler chain: logits -> ?penalties -> ?dry -> ?top-n-sigma -> top-k -> ?typical -> top-p -> ?min-p -> ?xtc -> temp-ext -> dist 
ollama-1  | slot launch_slot_: id  0 | task -1 | sampler params: 
ollama-1  | 	repeat_last_n = 64, repeat_penalty = 1.000, frequency_penalty = 0.000, presence_penalty = 0.000
ollama-1  | 	dry_multiplier = 0.000, dry_base = 1.750, dry_allowed_length = 2, dry_penalty_last_n = 64
ollama-1  | 	top_k = 40, top_p = 0.900, min_p = 0.000, xtc_probability = 0.000, xtc_threshold = 0.100, typical_p = 1.000, top_n_sigma = -1.000, temp = 0.000
ollama-1  | 	mirostat = 0, mirostat_lr = 0.100, mirostat_ent = 5.000, adaptive_target = -1.000, adaptive_decay = 0.900
ollama-1  | slot launch_slot_: id  0 | task 12091 | processing task, is_child = 0
ollama-1  | slot   operator(): id  0 | task 12091 | new prompt, n_ctx_slot = 4096, n_keep = 4, task.n_tokens = 489
ollama-1  | slot   operator(): id  0 | task 12091 | cached n_tokens = 351, memory_seq_rm [351, end)
ollama-1  | slot init_sampler: id  0 | task 12091 | init sampler, took 0.06 ms, tokens: text = 489, total = 489
ollama-1  | slot print_timing: id  0 | task 12091 | prompt eval time =    2103.47 ms /   138 tokens (   15.24 ms per token,    65.61 tokens per second)
ollama-1  | slot print_timing: id  0 | task 12091 |        eval time =     687.89 ms /    11 tokens (   68.79 ms per token,    14.54 tokens per second)
ollama-1  | slot print_timing: id  0 | task 12091 |       total time =    2791.36 ms /   149 tokens
ollama-1  | slot print_timing: id  0 | task 12091 |    graphs reused =       8518
ollama-1  | slot      release: id  0 | task 12091 | stop processing: n_tokens = 499, truncated = 0
ollama-1  | srv  update_slots: all slots are idle
ollama-1  | [GIN] 2026/10/08 - 09:33:42 | 200 |          1m7s |      172.21.0.4 | POST     "/api/generate"
ollama-1  | srv  server_strea: conv_id= (empty=1)
ollama-1  | slot get_availabl: id  0 | task -1 |  - checking sim = 0.798 (351/440) > 0.100
ollama-1  | slot get_availabl: id  0 | task -1 | selected slot by LCP similarity, f_sim_best = 0.798 (> 0.100 thold), f_keep = 0.703
ollama-1  | slot launch_slot_: id  0 | task -1 | sampler chain: logits -> ?penalties -> ?dry -> ?top-n-sigma -> top-k -> ?typical -> top-p -> ?min-p -> ?xtc -> temp-ext -> dist 
ollama-1  | slot launch_slot_: id  0 | task -1 | sampler params: 
ollama-1  | 	repeat_last_n = 64, repeat_penalty = 1.000, frequency_penalty = 0.000, presence_penalty = 0.000
ollama-1  | 	dry_multiplier = 0.000, dry_base = 1.750, dry_allowed_length = 2, dry_penalty_last_n = 64
ollama-1  | 	top_k = 40, top_p = 0.900, min_p = 0.000, xtc_probability = 0.000, xtc_threshold = 0.100, typical_p = 1.000, top_n_sigma = -1.000, temp = 0.000
ollama-1  | 	mirostat = 0, mirostat_lr = 0.100, mirostat_ent = 5.000, adaptive_target = -1.000, adaptive_decay = 0.900
ollama-1  | slot launch_slot_: id  0 | task 12103 | processing task, is_child = 0
ollama-1  | slot   operator(): id  0 | task 12103 | new prompt, n_ctx_slot = 4096, n_keep = 4, task.n_tokens = 440
ollama-1  | slot   operator(): id  0 | task 12103 | cached n_tokens = 351, memory_seq_rm [351, end)
ollama-1  | slot init_sampler: id  0 | task 12103 | init sampler, took 0.04 ms, tokens: text = 440, total = 440
ollama-1  | slot print_timing: id  0 | task 12103 | prompt eval time =    1412.78 ms /    89 tokens (   15.87 ms per token,    63.00 tokens per second)
ollama-1  | slot print_timing: id  0 | task 12103 |        eval time =     614.92 ms /    10 tokens (   68.32 ms per token,    14.64 tokens per second)
ollama-1  | slot print_timing: id  0 | task 12103 |       total time =    2027.70 ms /    99 tokens
ollama-1  | slot print_timing: id  0 | task 12103 |    graphs reused =       8526
ollama-1  | slot      release: id  0 | task 12103 | stop processing: n_tokens = 449, truncated = 0
ollama-1  | srv  update_slots: all slots are idle
ollama-1  | [GIN] 2026/10/08 - 09:33:44 | 200 |          1m7s |      172.21.0.4 | POST     "/api/generate"
ollama-1  | srv  server_strea: conv_id= (empty=1)
ollama-1  | slot get_availabl: id  0 | task -1 |  - checking sim = 0.774 (350/452) > 0.100
ollama-1  | slot get_availabl: id  0 | task -1 | selected slot by LCP similarity, f_sim_best = 0.774 (> 0.100 thold), f_keep = 0.780
ollama-1  | slot launch_slot_: id  0 | task -1 | sampler chain: logits -> ?penalties -> ?dry -> ?top-n-sigma -> top-k -> ?typical -> top-p -> ?min-p -> ?xtc -> temp-ext -> dist 
ollama-1  | slot launch_slot_: id  0 | task -1 | sampler params: 
ollama-1  | 	repeat_last_n = 64, repeat_penalty = 1.000, frequency_penalty = 0.000, presence_penalty = 0.000
ollama-1  | 	dry_multiplier = 0.000, dry_base = 1.750, dry_allowed_length = 2, dry_penalty_last_n = 64
ollama-1  | 	top_k = 40, top_p = 0.900, min_p = 0.000, xtc_probability = 0.000, xtc_threshold = 0.100, typical_p = 1.000, top_n_sigma = -1.000, temp = 0.000
ollama-1  | 	mirostat = 0, mirostat_lr = 0.100, mirostat_ent = 5.000, adaptive_target = -1.000, adaptive_decay = 0.900
ollama-1  | slot launch_slot_: id  0 | task 12114 | processing task, is_child = 0
ollama-1  | slot   operator(): id  0 | task 12114 | new prompt, n_ctx_slot = 4096, n_keep = 4, task.n_tokens = 452
ollama-1  | slot   operator(): id  0 | task 12114 | cached n_tokens = 350, memory_seq_rm [350, end)
ollama-1  | slot init_sampler: id  0 | task 12114 | init sampler, took 0.05 ms, tokens: text = 452, total = 452
ollama-1  | slot print_timing: id  0 | task 12114 | prompt eval time =    1507.15 ms /   102 tokens (   14.78 ms per token,    67.68 tokens per second)
ollama-1  | slot print_timing: id  0 | task 12114 |        eval time =     617.52 ms /    10 tokens (   68.61 ms per token,    14.57 tokens per second)
ollama-1  | slot print_timing: id  0 | task 12114 |       total time =    2124.68 ms /   112 tokens
ollama-1  | slot print_timing: id  0 | task 12114 |    graphs reused =       8534
ollama-1  | slot      release: id  0 | task 12114 | stop processing: n_tokens = 461, truncated = 0
ollama-1  | srv  update_slots: all slots are idle
ollama-1  | [GIN] 2026/10/08 - 09:33:48 | 200 |         1m10s |      172.21.0.4 | POST     "/api/generate"
ollama-1  | srv  server_strea: conv_id= (empty=1)
ollama-1  | slot get_availabl: id  0 | task -1 |  - checking sim = 0.820 (350/427) > 0.100
ollama-1  | slot get_availabl: id  0 | task -1 | selected slot by LCP similarity, f_sim_best = 0.820 (> 0.100 thold), f_keep = 0.759
ollama-1  | slot launch_slot_: id  0 | task -1 | sampler chain: logits -> ?penalties -> ?dry -> ?top-n-sigma -> top-k -> ?typical -> top-p -> ?min-p -> ?xtc -> temp-ext -> dist 
ollama-1  | slot launch_slot_: id  0 | task -1 | sampler params: 
ollama-1  | 	repeat_last_n = 64, repeat_penalty = 1.000, frequency_penalty = 0.000, presence_penalty = 0.000
ollama-1  | 	dry_multiplier = 0.000, dry_base = 1.750, dry_allowed_length = 2, dry_penalty_last_n = 64
ollama-1  | 	top_k = 40, top_p = 0.900, min_p = 0.000, xtc_probability = 0.000, xtc_threshold = 0.100, typical_p = 1.000, top_n_sigma = -1.000, temp = 0.000
ollama-1  | 	mirostat = 0, mirostat_lr = 0.100, mirostat_ent = 5.000, adaptive_target = -1.000, adaptive_decay = 0.900
ollama-1  | slot launch_slot_: id  0 | task 12125 | processing task, is_child = 0
ollama-1  | slot   operator(): id  0 | task 12125 | new prompt, n_ctx_slot = 4096, n_keep = 4, task.n_tokens = 427
ollama-1  | slot   operator(): id  0 | task 12125 | cached n_tokens = 350, memory_seq_rm [350, end)
ollama-1  | slot init_sampler: id  0 | task 12125 | init sampler, took 0.04 ms, tokens: text = 427, total = 427
ollama-1  | slot print_timing: id  0 | task 12125 | prompt eval time =    1218.39 ms /    77 tokens (   15.82 ms per token,    63.20 tokens per second)
ollama-1  | slot print_timing: id  0 | task 12125 |        eval time =     647.76 ms /    10 tokens (   71.97 ms per token,    13.89 tokens per second)
ollama-1  | slot print_timing: id  0 | task 12125 |       total time =    1866.15 ms /    87 tokens
ollama-1  | slot print_timing: id  0 | task 12125 |    graphs reused =       8542
ollama-1  | slot      release: id  0 | task 12125 | stop processing: n_tokens = 436, truncated = 0
ollama-1  | srv  update_slots: all slots are idle
ollama-1  | [GIN] 2026/10/08 - 09:33:50 | 200 |          1m9s |      172.21.0.4 | POST     "/api/generate"
ollama-1  | srv  server_strea: conv_id= (empty=1)
ollama-1  | slot get_availabl: id  0 | task -1 |  - checking sim = 0.571 (351/615) > 0.100
ollama-1  | slot get_availabl: id  0 | task -1 | selected slot by LCP similarity, f_sim_best = 0.571 (> 0.100 thold), f_keep = 0.805
ollama-1  | slot launch_slot_: id  0 | task -1 | sampler chain: logits -> ?penalties -> ?dry -> ?top-n-sigma -> top-k -> ?typical -> top-p -> ?min-p -> ?xtc -> temp-ext -> dist 
ollama-1  | slot launch_slot_: id  0 | task -1 | sampler params: 
ollama-1  | 	repeat_last_n = 64, repeat_penalty = 1.000, frequency_penalty = 0.000, presence_penalty = 0.000
ollama-1  | 	dry_multiplier = 0.000, dry_base = 1.750, dry_allowed_length = 2, dry_penalty_last_n = 64
ollama-1  | 	top_k = 40, top_p = 0.900, min_p = 0.000, xtc_probability = 0.000, xtc_threshold = 0.100, typical_p = 1.000, top_n_sigma = -1.000, temp = 0.000
ollama-1  | 	mirostat = 0, mirostat_lr = 0.100, mirostat_ent = 5.000, adaptive_target = -1.000, adaptive_decay = 0.900
ollama-1  | slot launch_slot_: id  0 | task 12136 | processing task, is_child = 0
ollama-1  | slot   operator(): id  0 | task 12136 | new prompt, n_ctx_slot = 4096, n_keep = 4, task.n_tokens = 615
ollama-1  | slot   operator(): id  0 | task 12136 | cached n_tokens = 351, memory_seq_rm [351, end)
ollama-1  | slot init_sampler: id  0 | task 12136 | init sampler, took 0.09 ms, tokens: text = 615, total = 615
ollama-1  | [GIN] 2026/10/08 - 09:33:50 | 200 |      29.904µs |       127.0.0.1 | HEAD     "/"
ollama-1  | [GIN] 2026/10/08 - 09:33:50 | 200 |    1.368667ms |       127.0.0.1 | GET      "/api/tags"
ollama-1  | slot print_timing: id  0 | task 12136 | prompt eval time =    3938.95 ms /   264 tokens (   14.92 ms per token,    67.02 tokens per second)
ollama-1  | slot print_timing: id  0 | task 12136 |        eval time =     643.83 ms /    10 tokens (   71.54 ms per token,    13.98 tokens per second)
ollama-1  | slot print_timing: id  0 | task 12136 |       total time =    4582.78 ms /   274 tokens
ollama-1  | slot print_timing: id  0 | task 12136 |    graphs reused =       8550
ollama-1  | slot      release: id  0 | task 12136 | stop processing: n_tokens = 624, truncated = 0
ollama-1  | srv  update_slots: all slots are idle
ollama-1  | [GIN] 2026/10/08 - 09:33:54 | 200 |         1m14s |      172.21.0.4 | POST     "/api/generate"
ollama-1  | srv  server_strea: conv_id= (empty=1)
ollama-1  | slot get_availabl: id  0 | task -1 |  - checking sim = 0.703 (351/499) > 0.100
ollama-1  | slot get_availabl: id  0 | task -1 | selected slot by LCP similarity, f_sim_best = 0.703 (> 0.100 thold), f_keep = 0.562
ollama-1  | slot launch_slot_: id  0 | task -1 | sampler chain: logits -> ?penalties -> ?dry -> ?top-n-sigma -> top-k -> ?typical -> top-p -> ?min-p -> ?xtc -> temp-ext -> dist 
ollama-1  | slot launch_slot_: id  0 | task -1 | sampler params: 
ollama-1  | 	repeat_last_n = 64, repeat_penalty = 1.000, frequency_penalty = 0.000, presence_penalty = 0.000
ollama-1  | 	dry_multiplier = 0.000, dry_base = 1.750, dry_allowed_length = 2, dry_penalty_last_n = 64
ollama-1  | 	top_k = 40, top_p = 0.900, min_p = 0.000, xtc_probability = 0.000, xtc_threshold = 0.100, typical_p = 1.000, top_n_sigma = -1.000, temp = 0.000
ollama-1  | 	mirostat = 0, mirostat_lr = 0.100, mirostat_ent = 5.000, adaptive_target = -1.000, adaptive_decay = 0.900
ollama-1  | slot launch_slot_: id  0 | task 12147 | processing task, is_child = 0
ollama-1  | slot   operator(): id  0 | task 12147 | new prompt, n_ctx_slot = 4096, n_keep = 4, task.n_tokens = 499
ollama-1  | slot   operator(): id  0 | task 12147 | cached n_tokens = 351, memory_seq_rm [351, end)
ollama-1  | slot init_sampler: id  0 | task 12147 | init sampler, took 0.04 ms, tokens: text = 499, total = 499
ollama-1  | slot print_timing: id  0 | task 12147 | prompt eval time =    2204.23 ms /   148 tokens (   14.89 ms per token,    67.14 tokens per second)
ollama-1  | slot print_timing: id  0 | task 12147 |        eval time =     557.18 ms /     9 tokens (   69.65 ms per token,    14.36 tokens per second)
ollama-1  | slot print_timing: id  0 | task 12147 |       total time =    2761.41 ms /   157 tokens
ollama-1  | slot print_timing: id  0 | task 12147 |    graphs reused =       8557
ollama-1  | slot      release: id  0 | task 12147 | stop processing: n_tokens = 507, truncated = 0
ollama-1  | srv  update_slots: all slots are idle
ollama-1  | [GIN] 2026/10/08 - 09:33:57 | 200 |          1m2s |      172.21.0.4 | POST     "/api/generate"
ollama-1  | srv  server_strea: conv_id= (empty=1)
ollama-1  | slot get_availabl: id  0 | task -1 |  - checking sim = 0.731 (351/480) > 0.100
ollama-1  | slot get_availabl: id  0 | task -1 | selected slot by LCP similarity, f_sim_best = 0.731 (> 0.100 thold), f_keep = 0.692
ollama-1  | slot launch_slot_: id  0 | task -1 | sampler chain: logits -> ?penalties -> ?dry -> ?top-n-sigma -> top-k -> ?typical -> top-p -> ?min-p -> ?xtc -> temp-ext -> dist 
ollama-1  | slot launch_slot_: id  0 | task -1 | sampler params: 
ollama-1  | 	repeat_last_n = 64, repeat_penalty = 1.000, frequency_penalty = 0.000, presence_penalty = 0.000
ollama-1  | 	dry_multiplier = 0.000, dry_base = 1.750, dry_allowed_length = 2, dry_penalty_last_n = 64
ollama-1  | 	top_k = 40, top_p = 0.900, min_p = 0.000, xtc_probability = 0.000, xtc_threshold = 0.100, typical_p = 1.000, top_n_sigma = -1.000, temp = 0.000
ollama-1  | 	mirostat = 0, mirostat_lr = 0.100, mirostat_ent = 5.000, adaptive_target = -1.000, adaptive_decay = 0.900
ollama-1  | slot launch_slot_: id  0 | task 12157 | processing task, is_child = 0
ollama-1  | slot   operator(): id  0 | task 12157 | new prompt, n_ctx_slot = 4096, n_keep = 4, task.n_tokens = 480
ollama-1  | slot   operator(): id  0 | task 12157 | cached n_tokens = 351, memory_seq_rm [351, end)
ollama-1  | slot init_sampler: id  0 | task 12157 | init sampler, took 0.04 ms, tokens: text = 480, total = 480
ollama-1  | slot print_timing: id  0 | task 12157 | prompt eval time =    1955.15 ms /   129 tokens (   15.16 ms per token,    65.98 tokens per second)
ollama-1  | slot print_timing: id  0 | task 12157 |        eval time =     672.63 ms /    10 tokens (   74.74 ms per token,    13.38 tokens per second)
ollama-1  | slot print_timing: id  0 | task 12157 |       total time =    2627.79 ms /   139 tokens
ollama-1  | slot print_timing: id  0 | task 12157 |    graphs reused =       8565
ollama-1  | slot      release: id  0 | task 12157 | stop processing: n_tokens = 489, truncated = 0
ollama-1  | srv  update_slots: all slots are idle
ollama-1  | [GIN] 2026/10/08 - 09:34:00 | 200 |          1m0s |      172.21.0.4 | POST     "/api/generate"
ollama-1  | srv  server_strea: conv_id= (empty=1)
ollama-1  | slot get_availabl: id  0 | task -1 |  - checking sim = 0.464 (350/755) > 0.100
ollama-1  | slot get_availabl: id  0 | task -1 | selected slot by LCP similarity, f_sim_best = 0.464 (> 0.100 thold), f_keep = 0.716
ollama-1  | slot launch_slot_: id  0 | task -1 | sampler chain: logits -> ?penalties -> ?dry -> ?top-n-sigma -> top-k -> ?typical -> top-p -> ?min-p -> ?xtc -> temp-ext -> dist 
ollama-1  | slot launch_slot_: id  0 | task -1 | sampler params: 
ollama-1  | 	repeat_last_n = 64, repeat_penalty = 1.000, frequency_penalty = 0.000, presence_penalty = 0.000
ollama-1  | 	dry_multiplier = 0.000, dry_base = 1.750, dry_allowed_length = 2, dry_penalty_last_n = 64
ollama-1  | 	top_k = 40, top_p = 0.900, min_p = 0.000, xtc_probability = 0.000, xtc_threshold = 0.100, typical_p = 1.000, top_n_sigma = -1.000, temp = 0.000
ollama-1  | 	mirostat = 0, mirostat_lr = 0.100, mirostat_ent = 5.000, adaptive_target = -1.000, adaptive_decay = 0.900
ollama-1  | slot launch_slot_: id  0 | task 12168 | processing task, is_child = 0
ollama-1  | slot   operator(): id  0 | task 12168 | new prompt, n_ctx_slot = 4096, n_keep = 4, task.n_tokens = 755
ollama-1  | slot   operator(): id  0 | task 12168 | cached n_tokens = 350, memory_seq_rm [350, end)
ollama-1  | slot init_sampler: id  0 | task 12168 | init sampler, took 0.06 ms, tokens: text = 755, total = 755
ollama-1  | [GIN] 2026/10/08 - 09:34:00 | 200 |      25.651µs |       127.0.0.1 | HEAD     "/"
ollama-1  | [GIN] 2026/10/08 - 09:34:00 | 200 |    2.758879ms |       127.0.0.1 | GET      "/api/tags"
ollama-1  | slot print_timing: id  0 | task 12168 | prompt eval time =    6043.62 ms /   405 tokens (   14.92 ms per token,    67.01 tokens per second)
ollama-1  | slot print_timing: id  0 | task 12168 |        eval time =     679.85 ms /     9 tokens (   84.98 ms per token,    11.77 tokens per second)
ollama-1  | slot print_timing: id  0 | task 12168 |       total time =    6723.47 ms /   414 tokens
ollama-1  | slot print_timing: id  0 | task 12168 |    graphs reused =       8572
ollama-1  | slot      release: id  0 | task 12168 | stop processing: n_tokens = 763, truncated = 0
ollama-1  | srv  update_slots: all slots are idle
ollama-1  | [GIN] 2026/10/08 - 09:34:06 | 200 |          1m6s |      172.21.0.4 | POST     "/api/generate"
ollama-1  | srv  server_strea: conv_id= (empty=1)
ollama-1  | slot get_availabl: id  0 | task -1 |  - checking sim = 0.785 (350/446) > 0.100
ollama-1  | slot get_availabl: id  0 | task -1 | selected slot by LCP similarity, f_sim_best = 0.785 (> 0.100 thold), f_keep = 0.459
ollama-1  | srv  get_availabl: updating prompt cache
ollama-1  | srv   prompt_save:  - saving prompt with length 763, total state size = 95.384 MiB (draft: 0.000 MiB)
ollama-1  | srv         alloc:  - prompt is already in the cache, skipping
ollama-1  | srv          load:  - looking for better prompt, base f_keep = 0.459, f_sim = 0.785
ollama-1  | srv          load:    - prompt with length     782, lcp =     350, f_keep = 0.448, f_sim = 0.785
ollama-1  | srv          load:    - prompt with length     794, lcp =     350, f_keep = 0.441, f_sim = 0.785
ollama-1  | srv          load:    - prompt with length     753, lcp =     350, f_keep = 0.465, f_sim = 0.785
ollama-1  | srv          load:    - prompt with length     730, lcp =     350, f_keep = 0.479, f_sim = 0.785
ollama-1  | srv          load:    - prompt with length     828, lcp =     350, f_keep = 0.423, f_sim = 0.785
ollama-1  | srv          load:    - prompt with length     844, lcp =     350, f_keep = 0.415, f_sim = 0.785
ollama-1  | srv          load:    - prompt with length     846, lcp =     350, f_keep = 0.414, f_sim = 0.785
ollama-1  | srv          load:    - prompt with length     892, lcp =     350, f_keep = 0.392, f_sim = 0.785
ollama-1  | srv          load:    - prompt with length     778, lcp =     350, f_keep = 0.450, f_sim = 0.785
ollama-1  | srv          load:    - prompt with length     726, lcp =     350, f_keep = 0.482, f_sim = 0.785
ollama-1  | srv          load:    - prompt with length     765, lcp =     350, f_keep = 0.458, f_sim = 0.785
ollama-1  | srv          load:    - prompt with length     851, lcp =     350, f_keep = 0.411, f_sim = 0.785
ollama-1  | srv          load:    - prompt with length     763, lcp =     350, f_keep = 0.459, f_sim = 0.785
ollama-1  | srv          load:    - prompt with length     780, lcp =     350, f_keep = 0.449, f_sim = 0.785
ollama-1  | srv          load:    - prompt with length     710, lcp =     350, f_keep = 0.493, f_sim = 0.785
ollama-1  | srv          load:    - prompt with length     770, lcp =     350, f_keep = 0.455, f_sim = 0.785
ollama-1  | srv          load:    - prompt with length     717, lcp =     350, f_keep = 0.488, f_sim = 0.785
ollama-1  | srv          load:    - prompt with length     753, lcp =     350, f_keep = 0.465, f_sim = 0.785
ollama-1  | srv          load:    - prompt with length     796, lcp =     350, f_keep = 0.440, f_sim = 0.785
ollama-1  | srv          load:    - prompt with length     709, lcp =     350, f_keep = 0.494, f_sim = 0.785
ollama-1  | srv          load:    - prompt with length     724, lcp =     350, f_keep = 0.483, f_sim = 0.785
ollama-1  | srv          load:    - prompt with length     800, lcp =     350, f_keep = 0.438, f_sim = 0.785
ollama-1  | srv          load:    - prompt with length     728, lcp =     350, f_keep = 0.481, f_sim = 0.785
ollama-1  | srv          load:    - prompt with length     790, lcp =     350, f_keep = 0.443, f_sim = 0.785
ollama-1  | srv          load:    - prompt with length     764, lcp =     350, f_keep = 0.458, f_sim = 0.785
ollama-1  | srv          load:    - prompt with length     788, lcp =     350, f_keep = 0.444, f_sim = 0.785
ollama-1  | srv          load:    - prompt with length     713, lcp =     350, f_keep = 0.491, f_sim = 0.785
ollama-1  | srv          load:    - prompt with length     847, lcp =     350, f_keep = 0.413, f_sim = 0.785
ollama-1  | srv          load:    - prompt with length    1176, lcp =     350, f_keep = 0.298, f_sim = 0.785
ollama-1  | srv        update:  - cache state: 29 prompts, 2864.909 MiB (limits: 8192.000 MiB, 4096 tokens, 65529 est)
ollama-1  | srv        update:    - prompt 0x36524940:     782 tokens, checkpoints:  0,    97.760 MiB
ollama-1  | srv        update:    - prompt 0x36524a40:     794 tokens, checkpoints:  0,    99.260 MiB
ollama-1  | srv        update:    - prompt 0x36521d10:     753 tokens, checkpoints:  0,    94.134 MiB
ollama-1  | srv        update:    - prompt 0x36521c60:     730 tokens, checkpoints:  0,    91.259 MiB
ollama-1  | srv        update:    - prompt 0x36521bb0:     828 tokens, checkpoints:  0,   103.510 MiB
ollama-1  | srv        update:    - prompt 0x3652bd10:     844 tokens, checkpoints:  0,   105.510 MiB
ollama-1  | srv        update:    - prompt 0x3724fc20:     846 tokens, checkpoints:  0,   105.760 MiB
ollama-1  | srv        update:    - prompt 0x3651c680:     892 tokens, checkpoints:  0,   111.511 MiB
ollama-1  | srv        update:    - prompt 0x36504320:     778 tokens, checkpoints:  0,    97.260 MiB
ollama-1  | srv        update:    - prompt 0x36516480:     726 tokens, checkpoints:  0,    90.759 MiB
ollama-1  | srv        update:    - prompt 0x371c5be0:     765 tokens, checkpoints:  0,    95.635 MiB
ollama-1  | srv        update:    - prompt 0x3651cdf0:     851 tokens, checkpoints:  0,   106.385 MiB
ollama-1  | srv        update:    - prompt 0x36510eb0:     763 tokens, checkpoints:  0,    95.384 MiB
ollama-1  | srv        update:    - prompt 0x36522570:     780 tokens, checkpoints:  0,    97.510 MiB
ollama-1  | srv        update:    - prompt 0x37a562a0:     710 tokens, checkpoints:  0,    88.759 MiB
ollama-1  | srv        update:    - prompt 0x37a8eee0:     770 tokens, checkpoints:  0,    96.260 MiB
ollama-1  | srv        update:    - prompt 0x370b1e10:     717 tokens, checkpoints:  0,    89.634 MiB
ollama-1  | srv        update:    - prompt 0x36537930:     753 tokens, checkpoints:  0,    94.134 MiB
ollama-1  | srv        update:    - prompt 0x36996dc0:     796 tokens, checkpoints:  0,    99.510 MiB
ollama-1  | srv        update:    - prompt 0x37264940:     709 tokens, checkpoints:  0,    88.634 MiB
ollama-1  | srv        update:    - prompt 0x365024f0:     724 tokens, checkpoints:  0,    90.509 MiB
ollama-1  | srv        update:    - prompt 0x370b0570:     800 tokens, checkpoints:  0,   100.010 MiB
ollama-1  | srv        update:    - prompt 0x37256510:     728 tokens, checkpoints:  0,    91.009 MiB
ollama-1  | srv        update:    - prompt 0x364ffda0:     790 tokens, checkpoints:  0,    98.760 MiB
ollama-1  | srv        update:    - prompt 0x3715ca80:     764 tokens, checkpoints:  0,    95.509 MiB
ollama-1  | srv        update:    - prompt 0x371021f0:     788 tokens, checkpoints:  0,    98.510 MiB
ollama-1  | srv        update:    - prompt 0x37b69a80:     713 tokens, checkpoints:  0,    89.134 MiB
ollama-1  | srv        update:    - prompt 0x37b80950:     847 tokens, checkpoints:  0,   105.885 MiB
ollama-1  | srv        update:    - prompt 0x3724a9f0:    1176 tokens, checkpoints:  0,   147.014 MiB
ollama-1  | srv  get_availabl: prompt cache update took 0.15 ms
ollama-1  | slot launch_slot_: id  0 | task -1 | sampler chain: logits -> ?penalties -> ?dry -> ?top-n-sigma -> top-k -> ?typical -> top-p -> ?min-p -> ?xtc -> temp-ext -> dist 
ollama-1  | slot launch_slot_: id  0 | task -1 | sampler params: 
ollama-1  | 	repeat_last_n = 64, repeat_penalty = 1.000, frequency_penalty = 0.000, presence_penalty = 0.000
ollama-1  | 	dry_multiplier = 0.000, dry_base = 1.750, dry_allowed_length = 2, dry_penalty_last_n = 64
ollama-1  | 	top_k = 40, top_p = 0.900, min_p = 0.000, xtc_probability = 0.000, xtc_threshold = 0.100, typical_p = 1.000, top_n_sigma = -1.000, temp = 0.000
ollama-1  | 	mirostat = 0, mirostat_lr = 0.100, mirostat_ent = 5.000, adaptive_target = -1.000, adaptive_decay = 0.900
ollama-1  | slot launch_slot_: id  0 | task 12178 | processing task, is_child = 0
ollama-1  | slot   operator(): id  0 | task 12178 | new prompt, n_ctx_slot = 4096, n_keep = 4, task.n_tokens = 446
ollama-1  | slot   operator(): id  0 | task 12178 | cached n_tokens = 350, memory_seq_rm [350, end)
ollama-1  | slot init_sampler: id  0 | task 12178 | init sampler, took 0.05 ms, tokens: text = 446, total = 446
ollama-1  | slot print_timing: id  0 | task 12178 | prompt eval time =    1469.44 ms /    96 tokens (   15.31 ms per token,    65.33 tokens per second)
ollama-1  | slot print_timing: id  0 | task 12178 |        eval time =     522.82 ms /     8 tokens (   74.69 ms per token,    13.39 tokens per second)
ollama-1  | slot print_timing: id  0 | task 12178 |       total time =    1992.26 ms /   104 tokens
ollama-1  | slot print_timing: id  0 | task 12178 |    graphs reused =       8578
ollama-1  | slot      release: id  0 | task 12178 | stop processing: n_tokens = 453, truncated = 0
ollama-1  | srv  update_slots: all slots are idle
ollama-1  | [GIN] 2026/10/08 - 09:34:08 | 200 |          1m4s |      172.21.0.4 | POST     "/api/generate"
ollama-1  | srv  server_strea: conv_id= (empty=1)
ollama-1  | slot get_availabl: id  0 | task -1 |  - checking sim = 0.664 (350/527) > 0.100
ollama-1  | slot get_availabl: id  0 | task -1 | selected slot by LCP similarity, f_sim_best = 0.664 (> 0.100 thold), f_keep = 0.773
ollama-1  | slot launch_slot_: id  0 | task -1 | sampler chain: logits -> ?penalties -> ?dry -> ?top-n-sigma -> top-k -> ?typical -> top-p -> ?min-p -> ?xtc -> temp-ext -> dist 
ollama-1  | slot launch_slot_: id  0 | task -1 | sampler params: 
ollama-1  | 	repeat_last_n = 64, repeat_penalty = 1.000, frequency_penalty = 0.000, presence_penalty = 0.000
ollama-1  | 	dry_multiplier = 0.000, dry_base = 1.750, dry_allowed_length = 2, dry_penalty_last_n = 64
ollama-1  | 	top_k = 40, top_p = 0.900, min_p = 0.000, xtc_probability = 0.000, xtc_threshold = 0.100, typical_p = 1.000, top_n_sigma = -1.000, temp = 0.000
ollama-1  | 	mirostat = 0, mirostat_lr = 0.100, mirostat_ent = 5.000, adaptive_target = -1.000, adaptive_decay = 0.900
ollama-1  | slot launch_slot_: id  0 | task 12187 | processing task, is_child = 0
ollama-1  | slot   operator(): id  0 | task 12187 | new prompt, n_ctx_slot = 4096, n_keep = 4, task.n_tokens = 527
ollama-1  | slot   operator(): id  0 | task 12187 | cached n_tokens = 350, memory_seq_rm [350, end)
ollama-1  | slot init_sampler: id  0 | task 12187 | init sampler, took 0.04 ms, tokens: text = 527, total = 527
ollama-1  | [GIN] 2026/10/08 - 09:34:10 | 200 |      29.669µs |       127.0.0.1 | HEAD     "/"
ollama-1  | [GIN] 2026/10/08 - 09:34:10 | 200 |    1.331299ms |       127.0.0.1 | GET      "/api/tags"
ollama-1  | slot print_timing: id  0 | task 12187 | prompt eval time =    2725.18 ms /   177 tokens (   15.40 ms per token,    64.95 tokens per second)
ollama-1  | slot print_timing: id  0 | task 12187 |        eval time =     573.73 ms /     9 tokens (   71.72 ms per token,    13.94 tokens per second)
ollama-1  | slot print_timing: id  0 | task 12187 |       total time =    3298.90 ms /   186 tokens
ollama-1  | slot print_timing: id  0 | task 12187 |    graphs reused =       8585
ollama-1  | slot      release: id  0 | task 12187 | stop processing: n_tokens = 535, truncated = 0
ollama-1  | srv  update_slots: all slots are idle
ollama-1  | [GIN] 2026/10/08 - 09:34:12 | 200 |          1m5s |      172.21.0.4 | POST     "/api/generate"
ollama-1  | srv  server_strea: conv_id= (empty=1)
ollama-1  | slot get_availabl: id  0 | task -1 |  - checking sim = 0.641 (350/546) > 0.100
ollama-1  | slot get_availabl: id  0 | task -1 | selected slot by LCP similarity, f_sim_best = 0.641 (> 0.100 thold), f_keep = 0.654
ollama-1  | slot launch_slot_: id  0 | task -1 | sampler chain: logits -> ?penalties -> ?dry -> ?top-n-sigma -> top-k -> ?typical -> top-p -> ?min-p -> ?xtc -> temp-ext -> dist 
ollama-1  | slot launch_slot_: id  0 | task -1 | sampler params: 
ollama-1  | 	repeat_last_n = 64, repeat_penalty = 1.000, frequency_penalty = 0.000, presence_penalty = 0.000
ollama-1  | 	dry_multiplier = 0.000, dry_base = 1.750, dry_allowed_length = 2, dry_penalty_last_n = 64
ollama-1  | 	top_k = 40, top_p = 0.900, min_p = 0.000, xtc_probability = 0.000, xtc_threshold = 0.100, typical_p = 1.000, top_n_sigma = -1.000, temp = 0.000
ollama-1  | 	mirostat = 0, mirostat_lr = 0.100, mirostat_ent = 5.000, adaptive_target = -1.000, adaptive_decay = 0.900
ollama-1  | slot launch_slot_: id  0 | task 12197 | processing task, is_child = 0
ollama-1  | slot   operator(): id  0 | task 12197 | new prompt, n_ctx_slot = 4096, n_keep = 4, task.n_tokens = 546
ollama-1  | slot   operator(): id  0 | task 12197 | cached n_tokens = 350, memory_seq_rm [350, end)
ollama-1  | slot init_sampler: id  0 | task 12197 | init sampler, took 0.04 ms, tokens: text = 546, total = 546
ollama-1  | slot print_timing: id  0 | task 12197 | prompt eval time =    2960.24 ms /   196 tokens (   15.10 ms per token,    66.21 tokens per second)
ollama-1  | slot print_timing: id  0 | task 12197 |        eval time =     559.56 ms /     9 tokens (   69.95 ms per token,    14.30 tokens per second)
ollama-1  | slot print_timing: id  0 | task 12197 |       total time =    3519.80 ms /   205 tokens
ollama-1  | slot print_timing: id  0 | task 12197 |    graphs reused =       8592
ollama-1  | slot      release: id  0 | task 12197 | stop processing: n_tokens = 554, truncated = 0
ollama-1  | srv  update_slots: all slots are idle
ollama-1  | [GIN] 2026/10/08 - 09:34:15 | 200 | 57.109659054s |      172.21.0.4 | POST     "/api/generate"
ollama-1  | srv  server_strea: conv_id= (empty=1)
ollama-1  | slot get_availabl: id  0 | task -1 |  - checking sim = 0.827 (350/423) > 0.100
ollama-1  | slot get_availabl: id  0 | task -1 | selected slot by LCP similarity, f_sim_best = 0.827 (> 0.100 thold), f_keep = 0.632
ollama-1  | slot launch_slot_: id  0 | task -1 | sampler chain: logits -> ?penalties -> ?dry -> ?top-n-sigma -> top-k -> ?typical -> top-p -> ?min-p -> ?xtc -> temp-ext -> dist 
ollama-1  | slot launch_slot_: id  0 | task -1 | sampler params: 
ollama-1  | 	repeat_last_n = 64, repeat_penalty = 1.000, frequency_penalty = 0.000, presence_penalty = 0.000
ollama-1  | 	dry_multiplier = 0.000, dry_base = 1.750, dry_allowed_length = 2, dry_penalty_last_n = 64
ollama-1  | 	top_k = 40, top_p = 0.900, min_p = 0.000, xtc_probability = 0.000, xtc_threshold = 0.100, typical_p = 1.000, top_n_sigma = -1.000, temp = 0.000
ollama-1  | 	mirostat = 0, mirostat_lr = 0.100, mirostat_ent = 5.000, adaptive_target = -1.000, adaptive_decay = 0.900
ollama-1  | slot launch_slot_: id  0 | task 12207 | processing task, is_child = 0
ollama-1  | slot   operator(): id  0 | task 12207 | new prompt, n_ctx_slot = 4096, n_keep = 4, task.n_tokens = 423
ollama-1  | slot   operator(): id  0 | task 12207 | cached n_tokens = 350, memory_seq_rm [350, end)
ollama-1  | slot init_sampler: id  0 | task 12207 | init sampler, took 0.05 ms, tokens: text = 423, total = 423
ollama-1  | slot print_timing: id  0 | task 12207 | prompt eval time =    1169.42 ms /    73 tokens (   16.02 ms per token,    62.42 tokens per second)
ollama-1  | slot print_timing: id  0 | task 12207 |        eval time =     489.65 ms /     8 tokens (   69.95 ms per token,    14.30 tokens per second)
ollama-1  | slot print_timing: id  0 | task 12207 |       total time =    1659.07 ms /    81 tokens
ollama-1  | slot print_timing: id  0 | task 12207 |    graphs reused =       8598
ollama-1  | slot      release: id  0 | task 12207 | stop processing: n_tokens = 430, truncated = 0
ollama-1  | srv  update_slots: all slots are idle
ollama-1  | [GIN] 2026/10/08 - 09:34:18 | 200 | 56.378351459s |      172.21.0.4 | POST     "/api/generate"
ollama-1  | srv  server_strea: conv_id= (empty=1)
ollama-1  | slot get_availabl: id  0 | task -1 |  - checking sim = 0.820 (350/427) > 0.100
ollama-1  | slot get_availabl: id  0 | task -1 | selected slot by LCP similarity, f_sim_best = 0.820 (> 0.100 thold), f_keep = 0.814
ollama-1  | slot launch_slot_: id  0 | task -1 | sampler chain: logits -> ?penalties -> ?dry -> ?top-n-sigma -> top-k -> ?typical -> top-p -> ?min-p -> ?xtc -> temp-ext -> dist 
ollama-1  | slot launch_slot_: id  0 | task -1 | sampler params: 
ollama-1  | 	repeat_last_n = 64, repeat_penalty = 1.000, frequency_penalty = 0.000, presence_penalty = 0.000
ollama-1  | 	dry_multiplier = 0.000, dry_base = 1.750, dry_allowed_length = 2, dry_penalty_last_n = 64
ollama-1  | 	top_k = 40, top_p = 0.900, min_p = 0.000, xtc_probability = 0.000, xtc_threshold = 0.100, typical_p = 1.000, top_n_sigma = -1.000, temp = 0.000
ollama-1  | 	mirostat = 0, mirostat_lr = 0.100, mirostat_ent = 5.000, adaptive_target = -1.000, adaptive_decay = 0.900
ollama-1  | slot launch_slot_: id  0 | task 12216 | processing task, is_child = 0
ollama-1  | slot   operator(): id  0 | task 12216 | new prompt, n_ctx_slot = 4096, n_keep = 4, task.n_tokens = 427
ollama-1  | slot   operator(): id  0 | task 12216 | cached n_tokens = 350, memory_seq_rm [350, end)
ollama-1  | slot init_sampler: id  0 | task 12216 | init sampler, took 0.04 ms, tokens: text = 427, total = 427
ollama-1  | slot print_timing: id  0 | task 12216 | prompt eval time =    1246.58 ms /    77 tokens (   16.19 ms per token,    61.77 tokens per second)
ollama-1  | slot print_timing: id  0 | task 12216 |        eval time =     598.72 ms /     9 tokens (   74.84 ms per token,    13.36 tokens per second)
ollama-1  | slot print_timing: id  0 | task 12216 |       total time =    1845.30 ms /    86 tokens
ollama-1  | slot print_timing: id  0 | task 12216 |    graphs reused =       8605
ollama-1  | slot      release: id  0 | task 12216 | stop processing: n_tokens = 435, truncated = 0
ollama-1  | srv  update_slots: all slots are idle
ollama-1  | [GIN] 2026/10/08 - 09:34:20 | 200 | 51.780497138s |      172.21.0.4 | POST     "/api/generate"
ollama-1  | srv  server_strea: conv_id= (empty=1)
ollama-1  | slot get_availabl: id  0 | task -1 |  - checking sim = 0.850 (350/412) > 0.100
ollama-1  | slot get_availabl: id  0 | task -1 | selected slot by LCP similarity, f_sim_best = 0.850 (> 0.100 thold), f_keep = 0.805
ollama-1  | slot launch_slot_: id  0 | task -1 | sampler chain: logits -> ?penalties -> ?dry -> ?top-n-sigma -> top-k -> ?typical -> top-p -> ?min-p -> ?xtc -> temp-ext -> dist 
ollama-1  | slot launch_slot_: id  0 | task -1 | sampler params: 
ollama-1  | 	repeat_last_n = 64, repeat_penalty = 1.000, frequency_penalty = 0.000, presence_penalty = 0.000
ollama-1  | 	dry_multiplier = 0.000, dry_base = 1.750, dry_allowed_length = 2, dry_penalty_last_n = 64
ollama-1  | 	top_k = 40, top_p = 0.900, min_p = 0.000, xtc_probability = 0.000, xtc_threshold = 0.100, typical_p = 1.000, top_n_sigma = -1.000, temp = 0.000
ollama-1  | 	mirostat = 0, mirostat_lr = 0.100, mirostat_ent = 5.000, adaptive_target = -1.000, adaptive_decay = 0.900
ollama-1  | slot launch_slot_: id  0 | task 12226 | processing task, is_child = 0
ollama-1  | slot   operator(): id  0 | task 12226 | new prompt, n_ctx_slot = 4096, n_keep = 4, task.n_tokens = 412
ollama-1  | slot   operator(): id  0 | task 12226 | cached n_tokens = 350, memory_seq_rm [350, end)
ollama-1  | slot init_sampler: id  0 | task 12226 | init sampler, took 0.07 ms, tokens: text = 412, total = 412
ollama-1  | [GIN] 2026/10/08 - 09:34:21 | 200 |      69.874µs |       127.0.0.1 | HEAD     "/"
ollama-1  | [GIN] 2026/10/08 - 09:34:21 | 200 |     1.70416ms |       127.0.0.1 | GET      "/api/tags"
ollama-1  | slot print_timing: id  0 | task 12226 | prompt eval time =    1012.30 ms /    62 tokens (   16.33 ms per token,    61.25 tokens per second)
ollama-1  | slot print_timing: id  0 | task 12226 |        eval time =     654.58 ms /    10 tokens (   72.73 ms per token,    13.75 tokens per second)
ollama-1  | slot print_timing: id  0 | task 12226 |       total time =    1666.87 ms /    72 tokens
ollama-1  | slot print_timing: id  0 | task 12226 |    graphs reused =       8613
ollama-1  | slot      release: id  0 | task 12226 | stop processing: n_tokens = 421, truncated = 0
ollama-1  | srv  update_slots: all slots are idle
ollama-1  | [GIN] 2026/10/08 - 09:34:22 | 200 | 44.630455874s |      172.21.0.4 | POST     "/api/generate"
ollama-1  | srv  server_strea: conv_id= (empty=1)
ollama-1  | slot get_availabl: id  0 | task -1 |  - checking sim = 0.501 (351/700) > 0.100
ollama-1  | slot get_availabl: id  0 | task -1 | selected slot by LCP similarity, f_sim_best = 0.501 (> 0.100 thold), f_keep = 0.834
ollama-1  | slot launch_slot_: id  0 | task -1 | sampler chain: logits -> ?penalties -> ?dry -> ?top-n-sigma -> top-k -> ?typical -> top-p -> ?min-p -> ?xtc -> temp-ext -> dist 
ollama-1  | slot launch_slot_: id  0 | task -1 | sampler params: 
ollama-1  | 	repeat_last_n = 64, repeat_penalty = 1.000, frequency_penalty = 0.000, presence_penalty = 0.000
ollama-1  | 	dry_multiplier = 0.000, dry_base = 1.750, dry_allowed_length = 2, dry_penalty_last_n = 64
ollama-1  | 	top_k = 40, top_p = 0.900, min_p = 0.000, xtc_probability = 0.000, xtc_threshold = 0.100, typical_p = 1.000, top_n_sigma = -1.000, temp = 0.000
ollama-1  | 	mirostat = 0, mirostat_lr = 0.100, mirostat_ent = 5.000, adaptive_target = -1.000, adaptive_decay = 0.900
ollama-1  | slot launch_slot_: id  0 | task 12237 | processing task, is_child = 0
ollama-1  | slot   operator(): id  0 | task 12237 | new prompt, n_ctx_slot = 4096, n_keep = 4, task.n_tokens = 700
ollama-1  | slot   operator(): id  0 | task 12237 | cached n_tokens = 351, memory_seq_rm [351, end)
ollama-1  | slot init_sampler: id  0 | task 12237 | init sampler, took 0.09 ms, tokens: text = 700, total = 700
ollama-1  | slot print_timing: id  0 | task 12237 | prompt eval time =    5299.33 ms /   349 tokens (   15.18 ms per token,    65.86 tokens per second)
ollama-1  | slot print_timing: id  0 | task 12237 |        eval time =     583.28 ms /     9 tokens (   72.91 ms per token,    13.72 tokens per second)
ollama-1  | slot print_timing: id  0 | task 12237 |       total time =    5882.62 ms /   358 tokens
ollama-1  | slot print_timing: id  0 | task 12237 |    graphs reused =       8620
ollama-1  | slot      release: id  0 | task 12237 | stop processing: n_tokens = 708, truncated = 0
ollama-1  | srv  update_slots: all slots are idle
ollama-1  | [GIN] 2026/10/08 - 09:34:28 | 200 |   48.6252574s |      172.21.0.4 | POST     "/api/generate"
ollama-1  | srv  server_strea: conv_id= (empty=1)
ollama-1  | slot get_availabl: id  0 | task -1 |  - checking sim = 0.674 (350/519) > 0.100
ollama-1  | slot get_availabl: id  0 | task -1 | selected slot by LCP similarity, f_sim_best = 0.674 (> 0.100 thold), f_keep = 0.494
ollama-1  | srv  get_availabl: updating prompt cache
ollama-1  | srv   prompt_save:  - saving prompt with length 708, total state size = 88.509 MiB (draft: 0.000 MiB)
ollama-1  | srv          load:  - looking for better prompt, base f_keep = 0.494, f_sim = 0.674
ollama-1  | srv          load:    - prompt with length     782, lcp =     350, f_keep = 0.448, f_sim = 0.674
ollama-1  | srv          load:    - prompt with length     794, lcp =     350, f_keep = 0.441, f_sim = 0.674
ollama-1  | srv          load:    - prompt with length     753, lcp =     350, f_keep = 0.465, f_sim = 0.674
ollama-1  | srv          load:    - prompt with length     730, lcp =     350, f_keep = 0.479, f_sim = 0.674
ollama-1  | srv          load:    - prompt with length     828, lcp =     350, f_keep = 0.423, f_sim = 0.674
ollama-1  | srv          load:    - prompt with length     844, lcp =     350, f_keep = 0.415, f_sim = 0.674
ollama-1  | srv          load:    - prompt with length     846, lcp =     351, f_keep = 0.415, f_sim = 0.676
ollama-1  | srv          load:    - prompt with length     892, lcp =     350, f_keep = 0.392, f_sim = 0.674
ollama-1  | srv          load:    - prompt with length     778, lcp =     350, f_keep = 0.450, f_sim = 0.674
ollama-1  | srv          load:    - prompt with length     726, lcp =     350, f_keep = 0.482, f_sim = 0.674
ollama-1  | srv          load:    - prompt with length     765, lcp =     350, f_keep = 0.458, f_sim = 0.674
ollama-1  | srv          load:    - prompt with length     851, lcp =     351, f_keep = 0.412, f_sim = 0.676
ollama-1  | srv          load:    - prompt with length     763, lcp =     350, f_keep = 0.459, f_sim = 0.674
ollama-1  | srv          load:    - prompt with length     780, lcp =     351, f_keep = 0.450, f_sim = 0.676
ollama-1  | srv          load:    - prompt with length     710, lcp =     350, f_keep = 0.493, f_sim = 0.674
ollama-1  | srv          load:    - prompt with length     770, lcp =     350, f_keep = 0.455, f_sim = 0.674
ollama-1  | srv          load:    - prompt with length     717, lcp =     350, f_keep = 0.488, f_sim = 0.674
ollama-1  | srv          load:    - prompt with length     753, lcp =     350, f_keep = 0.465, f_sim = 0.674
ollama-1  | srv          load:    - prompt with length     796, lcp =     350, f_keep = 0.440, f_sim = 0.674
ollama-1  | srv          load:    - prompt with length     709, lcp =     350, f_keep = 0.494, f_sim = 0.674
ollama-1  | srv          load:    - prompt with length     724, lcp =     351, f_keep = 0.485, f_sim = 0.676
ollama-1  | srv          load:    - prompt with length     800, lcp =     351, f_keep = 0.439, f_sim = 0.676
ollama-1  | srv          load:    - prompt with length     728, lcp =     351, f_keep = 0.482, f_sim = 0.676
ollama-1  | srv          load:    - prompt with length     790, lcp =     350, f_keep = 0.443, f_sim = 0.674
ollama-1  | srv          load:    - prompt with length     764, lcp =     351, f_keep = 0.459, f_sim = 0.676
ollama-1  | srv          load:    - prompt with length     788, lcp =     350, f_keep = 0.444, f_sim = 0.674
ollama-1  | srv          load:    - prompt with length     713, lcp =     351, f_keep = 0.492, f_sim = 0.676
ollama-1  | srv          load:    - prompt with length     847, lcp =     351, f_keep = 0.414, f_sim = 0.676
ollama-1  | srv          load:    - prompt with length    1176, lcp =     350, f_keep = 0.298, f_sim = 0.674
ollama-1  | srv          load:    - prompt with length     708, lcp =     350, f_keep = 0.494, f_sim = 0.674
ollama-1  | srv        update:  - cache state: 30 prompts, 2953.418 MiB (limits: 8192.000 MiB, 4096 tokens, 65529 est)
ollama-1  | srv        update:    - prompt 0x36524940:     782 tokens, checkpoints:  0,    97.760 MiB
ollama-1  | srv        update:    - prompt 0x36524a40:     794 tokens, checkpoints:  0,    99.260 MiB
ollama-1  | srv        update:    - prompt 0x36521d10:     753 tokens, checkpoints:  0,    94.134 MiB
ollama-1  | srv        update:    - prompt 0x36521c60:     730 tokens, checkpoints:  0,    91.259 MiB
ollama-1  | srv        update:    - prompt 0x36521bb0:     828 tokens, checkpoints:  0,   103.510 MiB
ollama-1  | srv        update:    - prompt 0x3652bd10:     844 tokens, checkpoints:  0,   105.510 MiB
ollama-1  | srv        update:    - prompt 0x3724fc20:     846 tokens, checkpoints:  0,   105.760 MiB
ollama-1  | srv        update:    - prompt 0x3651c680:     892 tokens, checkpoints:  0,   111.511 MiB
ollama-1  | srv        update:    - prompt 0x36504320:     778 tokens, checkpoints:  0,    97.260 MiB
ollama-1  | srv        update:    - prompt 0x36516480:     726 tokens, checkpoints:  0,    90.759 MiB
ollama-1  | srv        update:    - prompt 0x371c5be0:     765 tokens, checkpoints:  0,    95.635 MiB
ollama-1  | srv        update:    - prompt 0x3651cdf0:     851 tokens, checkpoints:  0,   106.385 MiB
ollama-1  | srv        update:    - prompt 0x36510eb0:     763 tokens, checkpoints:  0,    95.384 MiB
ollama-1  | srv        update:    - prompt 0x36522570:     780 tokens, checkpoints:  0,    97.510 MiB
ollama-1  | srv        update:    - prompt 0x37a562a0:     710 tokens, checkpoints:  0,    88.759 MiB
ollama-1  | srv        update:    - prompt 0x37a8eee0:     770 tokens, checkpoints:  0,    96.260 MiB
ollama-1  | srv        update:    - prompt 0x370b1e10:     717 tokens, checkpoints:  0,    89.634 MiB
ollama-1  | srv        update:    - prompt 0x36537930:     753 tokens, checkpoints:  0,    94.134 MiB
ollama-1  | srv        update:    - prompt 0x36996dc0:     796 tokens, checkpoints:  0,    99.510 MiB
ollama-1  | srv        update:    - prompt 0x37264940:     709 tokens, checkpoints:  0,    88.634 MiB
ollama-1  | srv        update:    - prompt 0x365024f0:     724 tokens, checkpoints:  0,    90.509 MiB
ollama-1  | srv        update:    - prompt 0x370b0570:     800 tokens, checkpoints:  0,   100.010 MiB
ollama-1  | srv        update:    - prompt 0x37256510:     728 tokens, checkpoints:  0,    91.009 MiB
ollama-1  | srv        update:    - prompt 0x364ffda0:     790 tokens, checkpoints:  0,    98.760 MiB
ollama-1  | srv        update:    - prompt 0x3715ca80:     764 tokens, checkpoints:  0,    95.509 MiB
ollama-1  | srv        update:    - prompt 0x371021f0:     788 tokens, checkpoints:  0,    98.510 MiB
ollama-1  | srv        update:    - prompt 0x37b69a80:     713 tokens, checkpoints:  0,    89.134 MiB
ollama-1  | srv        update:    - prompt 0x37b80950:     847 tokens, checkpoints:  0,   105.885 MiB
ollama-1  | srv        update:    - prompt 0x3724a9f0:    1176 tokens, checkpoints:  0,   147.014 MiB
ollama-1  | srv        update:    - prompt 0x371b5c80:     708 tokens, checkpoints:  0,    88.509 MiB
ollama-1  | srv  get_availabl: prompt cache update took 34.37 ms
ollama-1  | slot launch_slot_: id  0 | task -1 | sampler chain: logits -> ?penalties -> ?dry -> ?top-n-sigma -> top-k -> ?typical -> top-p -> ?min-p -> ?xtc -> temp-ext -> dist 
ollama-1  | slot launch_slot_: id  0 | task -1 | sampler params: 
ollama-1  | 	repeat_last_n = 64, repeat_penalty = 1.000, frequency_penalty = 0.000, presence_penalty = 0.000
ollama-1  | 	dry_multiplier = 0.000, dry_base = 1.750, dry_allowed_length = 2, dry_penalty_last_n = 64
ollama-1  | 	top_k = 40, top_p = 0.900, min_p = 0.000, xtc_probability = 0.000, xtc_threshold = 0.100, typical_p = 1.000, top_n_sigma = -1.000, temp = 0.000
ollama-1  | 	mirostat = 0, mirostat_lr = 0.100, mirostat_ent = 5.000, adaptive_target = -1.000, adaptive_decay = 0.900
ollama-1  | slot launch_slot_: id  0 | task 12247 | processing task, is_child = 0
ollama-1  | slot   operator(): id  0 | task 12247 | new prompt, n_ctx_slot = 4096, n_keep = 4, task.n_tokens = 519
ollama-1  | slot   operator(): id  0 | task 12247 | cached n_tokens = 350, memory_seq_rm [350, end)
ollama-1  | slot init_sampler: id  0 | task 12247 | init sampler, took 0.04 ms, tokens: text = 519, total = 519
ollama-1  | slot print_timing: id  0 | task 12247 | prompt eval time =    2600.66 ms /   169 tokens (   15.39 ms per token,    64.98 tokens per second)
ollama-1  | slot print_timing: id  0 | task 12247 |        eval time =     567.30 ms /     9 tokens (   70.91 ms per token,    14.10 tokens per second)
ollama-1  | slot print_timing: id  0 | task 12247 |       total time =    3167.97 ms /   178 tokens
ollama-1  | slot print_timing: id  0 | task 12247 |    graphs reused =       8627
ollama-1  | slot      release: id  0 | task 12247 | stop processing: n_tokens = 527, truncated = 0
ollama-1  | srv  update_slots: all slots are idle
ollama-1  | [GIN] 2026/10/08 - 09:34:31 | 200 | 49.425592066s |      172.21.0.4 | POST     "/api/generate"
ollama-1  | srv  server_strea: conv_id= (empty=1)
ollama-1  | slot get_availabl: id  0 | task -1 |  - checking sim = 0.588 (350/595) > 0.100
ollama-1  | slot get_availabl: id  0 | task -1 | selected slot by LCP similarity, f_sim_best = 0.588 (> 0.100 thold), f_keep = 0.664
ollama-1  | slot launch_slot_: id  0 | task -1 | sampler chain: logits -> ?penalties -> ?dry -> ?top-n-sigma -> top-k -> ?typical -> top-p -> ?min-p -> ?xtc -> temp-ext -> dist 
ollama-1  | slot launch_slot_: id  0 | task -1 | sampler params: 
ollama-1  | 	repeat_last_n = 64, repeat_penalty = 1.000, frequency_penalty = 0.000, presence_penalty = 0.000
ollama-1  | 	dry_multiplier = 0.000, dry_base = 1.750, dry_allowed_length = 2, dry_penalty_last_n = 64
ollama-1  | 	top_k = 40, top_p = 0.900, min_p = 0.000, xtc_probability = 0.000, xtc_threshold = 0.100, typical_p = 1.000, top_n_sigma = -1.000, temp = 0.000
ollama-1  | 	mirostat = 0, mirostat_lr = 0.100, mirostat_ent = 5.000, adaptive_target = -1.000, adaptive_decay = 0.900
ollama-1  | slot launch_slot_: id  0 | task 12257 | processing task, is_child = 0
ollama-1  | slot   operator(): id  0 | task 12257 | new prompt, n_ctx_slot = 4096, n_keep = 4, task.n_tokens = 595
ollama-1  | slot   operator(): id  0 | task 12257 | cached n_tokens = 350, memory_seq_rm [350, end)
ollama-1  | slot init_sampler: id  0 | task 12257 | init sampler, took 0.04 ms, tokens: text = 595, total = 595
ollama-1  | [GIN] 2026/10/08 - 09:34:32 | 200 |      23.679µs |       127.0.0.1 | HEAD     "/"
ollama-1  | [GIN] 2026/10/08 - 09:34:32 | 200 |     994.291µs |       127.0.0.1 | GET      "/api/tags"
ollama-1  | slot print_timing: id  0 | task 12257 | prompt eval time =    3686.96 ms /   245 tokens (   15.05 ms per token,    66.45 tokens per second)
ollama-1  | slot print_timing: id  0 | task 12257 |        eval time =     594.86 ms /     9 tokens (   74.36 ms per token,    13.45 tokens per second)
ollama-1  | slot print_timing: id  0 | task 12257 |       total time =    4281.81 ms /   254 tokens
ollama-1  | slot print_timing: id  0 | task 12257 |    graphs reused =       8634
ollama-1  | slot      release: id  0 | task 12257 | stop processing: n_tokens = 603, truncated = 0
ollama-1  | srv  update_slots: all slots are idle
ollama-1  | [GIN] 2026/10/08 - 09:34:35 | 200 | 51.233165029s |      172.21.0.4 | POST     "/api/generate"
ollama-1  | srv  server_strea: conv_id= (empty=1)
ollama-1  | slot get_availabl: id  0 | task -1 |  - checking sim = 0.598 (350/585) > 0.100
ollama-1  | slot get_availabl: id  0 | task -1 | selected slot by LCP similarity, f_sim_best = 0.598 (> 0.100 thold), f_keep = 0.580
ollama-1  | slot launch_slot_: id  0 | task -1 | sampler chain: logits -> ?penalties -> ?dry -> ?top-n-sigma -> top-k -> ?typical -> top-p -> ?min-p -> ?xtc -> temp-ext -> dist 
ollama-1  | slot launch_slot_: id  0 | task -1 | sampler params: 
ollama-1  | 	repeat_last_n = 64, repeat_penalty = 1.000, frequency_penalty = 0.000, presence_penalty = 0.000
ollama-1  | 	dry_multiplier = 0.000, dry_base = 1.750, dry_allowed_length = 2, dry_penalty_last_n = 64
ollama-1  | 	top_k = 40, top_p = 0.900, min_p = 0.000, xtc_probability = 0.000, xtc_threshold = 0.100, typical_p = 1.000, top_n_sigma = -1.000, temp = 0.000
ollama-1  | 	mirostat = 0, mirostat_lr = 0.100, mirostat_ent = 5.000, adaptive_target = -1.000, adaptive_decay = 0.900
ollama-1  | slot launch_slot_: id  0 | task 12267 | processing task, is_child = 0
ollama-1  | slot   operator(): id  0 | task 12267 | new prompt, n_ctx_slot = 4096, n_keep = 4, task.n_tokens = 585
ollama-1  | slot   operator(): id  0 | task 12267 | cached n_tokens = 350, memory_seq_rm [350, end)
ollama-1  | slot init_sampler: id  0 | task 12267 | init sampler, took 0.05 ms, tokens: text = 585, total = 585
ollama-1  | slot print_timing: id  0 | task 12267 | prompt eval time =    3671.89 ms /   235 tokens (   15.63 ms per token,    64.00 tokens per second)
ollama-1  | slot print_timing: id  0 | task 12267 |        eval time =     623.25 ms /     9 tokens (   77.91 ms per token,    12.84 tokens per second)
ollama-1  | slot print_timing: id  0 | task 12267 |       total time =    4295.13 ms /   244 tokens
ollama-1  | slot print_timing: id  0 | task 12267 |    graphs reused =       8641
ollama-1  | slot      release: id  0 | task 12267 | stop processing: n_tokens = 593, truncated = 0
ollama-1  | srv  update_slots: all slots are idle
ollama-1  | [GIN] 2026/10/08 - 09:34:39 | 200 | 50.867801093s |      172.21.0.4 | POST     "/api/generate"
ollama-1  | srv  server_strea: conv_id= (empty=1)
ollama-1  | slot get_availabl: id  0 | task -1 |  - checking sim = 0.740 (350/473) > 0.100
ollama-1  | slot get_availabl: id  0 | task -1 | selected slot by LCP similarity, f_sim_best = 0.740 (> 0.100 thold), f_keep = 0.590
ollama-1  | slot launch_slot_: id  0 | task -1 | sampler chain: logits -> ?penalties -> ?dry -> ?top-n-sigma -> top-k -> ?typical -> top-p -> ?min-p -> ?xtc -> temp-ext -> dist 
ollama-1  | slot launch_slot_: id  0 | task -1 | sampler params: 
ollama-1  | 	repeat_last_n = 64, repeat_penalty = 1.000, frequency_penalty = 0.000, presence_penalty = 0.000
ollama-1  | 	dry_multiplier = 0.000, dry_base = 1.750, dry_allowed_length = 2, dry_penalty_last_n = 64
ollama-1  | 	top_k = 40, top_p = 0.900, min_p = 0.000, xtc_probability = 0.000, xtc_threshold = 0.100, typical_p = 1.000, top_n_sigma = -1.000, temp = 0.000
ollama-1  | 	mirostat = 0, mirostat_lr = 0.100, mirostat_ent = 5.000, adaptive_target = -1.000, adaptive_decay = 0.900
ollama-1  | slot launch_slot_: id  0 | task 12277 | processing task, is_child = 0
ollama-1  | slot   operator(): id  0 | task 12277 | new prompt, n_ctx_slot = 4096, n_keep = 4, task.n_tokens = 473
ollama-1  | slot   operator(): id  0 | task 12277 | cached n_tokens = 350, memory_seq_rm [350, end)
ollama-1  | slot init_sampler: id  0 | task 12277 | init sampler, took 0.06 ms, tokens: text = 473, total = 473
ollama-1  | [GIN] 2026/10/08 - 09:34:42 | 200 |      39.005µs |       127.0.0.1 | HEAD     "/"
ollama-1  | [GIN] 2026/10/08 - 09:34:42 | 200 |    1.460513ms |       127.0.0.1 | GET      "/api/tags"
ollama-1  | slot print_timing: id  0 | task 12277 | prompt eval time =    1985.75 ms /   123 tokens (   16.14 ms per token,    61.94 tokens per second)
ollama-1  | slot print_timing: id  0 | task 12277 |        eval time =     643.86 ms /    10 tokens (   71.54 ms per token,    13.98 tokens per second)
ollama-1  | slot print_timing: id  0 | task 12277 |       total time =    2629.61 ms /   133 tokens
ollama-1  | slot print_timing: id  0 | task 12277 |    graphs reused =       8649
ollama-1  | slot      release: id  0 | task 12277 | stop processing: n_tokens = 482, truncated = 0
ollama-1  | srv  update_slots: all slots are idle
ollama-1  | [GIN] 2026/10/08 - 09:34:42 | 200 | 51.235180099s |      172.21.0.4 | POST     "/api/generate"
ollama-1  | srv  server_strea: conv_id= (empty=1)
ollama-1  | slot get_availabl: id  0 | task -1 |  - checking sim = 0.651 (350/538) > 0.100
ollama-1  | slot get_availabl: id  0 | task -1 | selected slot by LCP similarity, f_sim_best = 0.651 (> 0.100 thold), f_keep = 0.726
ollama-1  | slot launch_slot_: id  0 | task -1 | sampler chain: logits -> ?penalties -> ?dry -> ?top-n-sigma -> top-k -> ?typical -> top-p -> ?min-p -> ?xtc -> temp-ext -> dist 
ollama-1  | slot launch_slot_: id  0 | task -1 | sampler params: 
ollama-1  | 	repeat_last_n = 64, repeat_penalty = 1.000, frequency_penalty = 0.000, presence_penalty = 0.000
ollama-1  | 	dry_multiplier = 0.000, dry_base = 1.750, dry_allowed_length = 2, dry_penalty_last_n = 64
ollama-1  | 	top_k = 40, top_p = 0.900, min_p = 0.000, xtc_probability = 0.000, xtc_threshold = 0.100, typical_p = 1.000, top_n_sigma = -1.000, temp = 0.000
ollama-1  | 	mirostat = 0, mirostat_lr = 0.100, mirostat_ent = 5.000, adaptive_target = -1.000, adaptive_decay = 0.900
ollama-1  | slot launch_slot_: id  0 | task 12288 | processing task, is_child = 0
ollama-1  | slot   operator(): id  0 | task 12288 | new prompt, n_ctx_slot = 4096, n_keep = 4, task.n_tokens = 538
ollama-1  | slot   operator(): id  0 | task 12288 | cached n_tokens = 350, memory_seq_rm [350, end)
ollama-1  | slot init_sampler: id  0 | task 12288 | init sampler, took 0.06 ms, tokens: text = 538, total = 538
ollama-1  | slot print_timing: id  0 | task 12288 | prompt eval time =    3162.95 ms /   188 tokens (   16.82 ms per token,    59.44 tokens per second)
ollama-1  | slot print_timing: id  0 | task 12288 |        eval time =     613.62 ms /     9 tokens (   76.70 ms per token,    13.04 tokens per second)
ollama-1  | slot print_timing: id  0 | task 12288 |       total time =    3776.57 ms /   197 tokens
ollama-1  | slot print_timing: id  0 | task 12288 |    graphs reused =       8656
ollama-1  | slot      release: id  0 | task 12288 | stop processing: n_tokens = 546, truncated = 0
ollama-1  | srv  update_slots: all slots are idle
ollama-1  | [GIN] 2026/10/08 - 09:34:46 | 200 | 46.899031263s |      172.21.0.4 | POST     "/api/generate"
ollama-1  | srv  server_strea: conv_id= (empty=1)
ollama-1  | slot get_availabl: id  0 | task -1 |  - checking sim = 0.460 (350/761) > 0.100
ollama-1  | slot get_availabl: id  0 | task -1 | selected slot by LCP similarity, f_sim_best = 0.460 (> 0.100 thold), f_keep = 0.641
ollama-1  | slot launch_slot_: id  0 | task -1 | sampler chain: logits -> ?penalties -> ?dry -> ?top-n-sigma -> top-k -> ?typical -> top-p -> ?min-p -> ?xtc -> temp-ext -> dist 
ollama-1  | slot launch_slot_: id  0 | task -1 | sampler params: 
ollama-1  | 	repeat_last_n = 64, repeat_penalty = 1.000, frequency_penalty = 0.000, presence_penalty = 0.000
ollama-1  | 	dry_multiplier = 0.000, dry_base = 1.750, dry_allowed_length = 2, dry_penalty_last_n = 64
ollama-1  | 	top_k = 40, top_p = 0.900, min_p = 0.000, xtc_probability = 0.000, xtc_threshold = 0.100, typical_p = 1.000, top_n_sigma = -1.000, temp = 0.000
ollama-1  | 	mirostat = 0, mirostat_lr = 0.100, mirostat_ent = 5.000, adaptive_target = -1.000, adaptive_decay = 0.900
ollama-1  | slot launch_slot_: id  0 | task 12298 | processing task, is_child = 0
ollama-1  | slot   operator(): id  0 | task 12298 | new prompt, n_ctx_slot = 4096, n_keep = 4, task.n_tokens = 761
ollama-1  | slot   operator(): id  0 | task 12298 | cached n_tokens = 350, memory_seq_rm [350, end)
ollama-1  | slot init_sampler: id  0 | task 12298 | init sampler, took 0.09 ms, tokens: text = 761, total = 761
ollama-1  | [GIN] 2026/10/08 - 09:34:53 | 200 |      29.337µs |       127.0.0.1 | HEAD     "/"
ollama-1  | [GIN] 2026/10/08 - 09:34:53 | 200 |    1.002584ms |       127.0.0.1 | GET      "/api/tags"
ollama-1  | slot print_timing: id  0 | task 12298 | prompt eval time =    6650.03 ms /   411 tokens (   16.18 ms per token,    61.80 tokens per second)
ollama-1  | slot print_timing: id  0 | task 12298 |        eval time =     652.32 ms /    10 tokens (   72.48 ms per token,    13.80 tokens per second)
ollama-1  | slot print_timing: id  0 | task 12298 |       total time =    7302.35 ms /   421 tokens
ollama-1  | slot print_timing: id  0 | task 12298 |    graphs reused =       8663
ollama-1  | slot      release: id  0 | task 12298 | stop processing: n_tokens = 770, truncated = 0
ollama-1  | srv  update_slots: all slots are idle
ollama-1  | [GIN] 2026/10/08 - 09:34:54 | 200 | 51.747650158s |      172.21.0.4 | POST     "/api/generate"
ollama-1  | srv  server_strea: conv_id= (empty=1)
ollama-1  | slot get_availabl: id  0 | task -1 |  - checking sim = 0.619 (350/565) > 0.100
ollama-1  | slot get_availabl: id  0 | task -1 | selected slot by LCP similarity, f_sim_best = 0.619 (> 0.100 thold), f_keep = 0.455
ollama-1  | srv  get_availabl: updating prompt cache
ollama-1  | srv   prompt_save:  - saving prompt with length 770, total state size = 96.260 MiB (draft: 0.000 MiB)
ollama-1  | srv         alloc:  - prompt is already in the cache, skipping
ollama-1  | srv          load:  - looking for better prompt, base f_keep = 0.455, f_sim = 0.619
ollama-1  | srv          load:    - prompt with length     782, lcp =     350, f_keep = 0.448, f_sim = 0.619
ollama-1  | srv          load:    - prompt with length     794, lcp =     350, f_keep = 0.441, f_sim = 0.619
ollama-1  | srv          load:    - prompt with length     753, lcp =     350, f_keep = 0.465, f_sim = 0.619
ollama-1  | srv          load:    - prompt with length     730, lcp =     350, f_keep = 0.479, f_sim = 0.619
ollama-1  | srv          load:    - prompt with length     828, lcp =     350, f_keep = 0.423, f_sim = 0.619
ollama-1  | srv          load:    - prompt with length     844, lcp =     350, f_keep = 0.415, f_sim = 0.619
ollama-1  | srv          load:    - prompt with length     846, lcp =     350, f_keep = 0.414, f_sim = 0.619
ollama-1  | srv          load:    - prompt with length     892, lcp =     350, f_keep = 0.392, f_sim = 0.619
ollama-1  | srv          load:    - prompt with length     778, lcp =     350, f_keep = 0.450, f_sim = 0.619
ollama-1  | srv          load:    - prompt with length     726, lcp =     350, f_keep = 0.482, f_sim = 0.619
ollama-1  | srv          load:    - prompt with length     765, lcp =     351, f_keep = 0.459, f_sim = 0.621
ollama-1  | srv          load:    - prompt with length     851, lcp =     350, f_keep = 0.411, f_sim = 0.619
ollama-1  | srv          load:    - prompt with length     763, lcp =     350, f_keep = 0.459, f_sim = 0.619
ollama-1  | srv          load:    - prompt with length     780, lcp =     350, f_keep = 0.449, f_sim = 0.619
ollama-1  | srv          load:    - prompt with length     710, lcp =     350, f_keep = 0.493, f_sim = 0.619
ollama-1  | srv          load:    - prompt with length     770, lcp =     350, f_keep = 0.455, f_sim = 0.619
ollama-1  | srv          load:    - prompt with length     717, lcp =     350, f_keep = 0.488, f_sim = 0.619
ollama-1  | srv          load:    - prompt with length     753, lcp =     351, f_keep = 0.466, f_sim = 0.621
ollama-1  | srv          load:    - prompt with length     796, lcp =     350, f_keep = 0.440, f_sim = 0.619
ollama-1  | srv          load:    - prompt with length     709, lcp =     350, f_keep = 0.494, f_sim = 0.619
ollama-1  | srv          load:    - prompt with length     724, lcp =     350, f_keep = 0.483, f_sim = 0.619
ollama-1  | srv          load:    - prompt with length     800, lcp =     350, f_keep = 0.438, f_sim = 0.619
ollama-1  | srv          load:    - prompt with length     728, lcp =     350, f_keep = 0.481, f_sim = 0.619
ollama-1  | srv          load:    - prompt with length     790, lcp =     350, f_keep = 0.443, f_sim = 0.619
ollama-1  | srv          load:    - prompt with length     764, lcp =     350, f_keep = 0.458, f_sim = 0.619
ollama-1  | srv          load:    - prompt with length     788, lcp =     350, f_keep = 0.444, f_sim = 0.619
ollama-1  | srv          load:    - prompt with length     713, lcp =     350, f_keep = 0.491, f_sim = 0.619
ollama-1  | srv          load:    - prompt with length     847, lcp =     350, f_keep = 0.413, f_sim = 0.619
ollama-1  | srv          load:    - prompt with length    1176, lcp =     350, f_keep = 0.298, f_sim = 0.619
ollama-1  | srv          load:    - prompt with length     708, lcp =     350, f_keep = 0.494, f_sim = 0.619
ollama-1  | srv          load:  - found better prompt with f_keep = 0.459, f_sim = 0.621
ollama-1  | srv        update:  - cache state: 29 prompts, 2857.784 MiB (limits: 8192.000 MiB, 4096 tokens, 65529 est)
ollama-1  | srv        update:    - prompt 0x36524940:     782 tokens, checkpoints:  0,    97.760 MiB
ollama-1  | srv        update:    - prompt 0x36524a40:     794 tokens, checkpoints:  0,    99.260 MiB
ollama-1  | srv        update:    - prompt 0x36521d10:     753 tokens, checkpoints:  0,    94.134 MiB
ollama-1  | srv        update:    - prompt 0x36521c60:     730 tokens, checkpoints:  0,    91.259 MiB
ollama-1  | srv        update:    - prompt 0x36521bb0:     828 tokens, checkpoints:  0,   103.510 MiB
ollama-1  | srv        update:    - prompt 0x3652bd10:     844 tokens, checkpoints:  0,   105.510 MiB
ollama-1  | srv        update:    - prompt 0x3724fc20:     846 tokens, checkpoints:  0,   105.760 MiB
ollama-1  | srv        update:    - prompt 0x3651c680:     892 tokens, checkpoints:  0,   111.511 MiB
ollama-1  | srv        update:    - prompt 0x36504320:     778 tokens, checkpoints:  0,    97.260 MiB
ollama-1  | srv        update:    - prompt 0x36516480:     726 tokens, checkpoints:  0,    90.759 MiB
ollama-1  | srv        update:    - prompt 0x3651cdf0:     851 tokens, checkpoints:  0,   106.385 MiB
ollama-1  | srv        update:    - prompt 0x36510eb0:     763 tokens, checkpoints:  0,    95.384 MiB
ollama-1  | srv        update:    - prompt 0x36522570:     780 tokens, checkpoints:  0,    97.510 MiB
ollama-1  | srv        update:    - prompt 0x37a562a0:     710 tokens, checkpoints:  0,    88.759 MiB
ollama-1  | srv        update:    - prompt 0x37a8eee0:     770 tokens, checkpoints:  0,    96.260 MiB
ollama-1  | srv        update:    - prompt 0x370b1e10:     717 tokens, checkpoints:  0,    89.634 MiB
ollama-1  | srv        update:    - prompt 0x36537930:     753 tokens, checkpoints:  0,    94.134 MiB
ollama-1  | srv        update:    - prompt 0x36996dc0:     796 tokens, checkpoints:  0,    99.510 MiB
ollama-1  | srv        update:    - prompt 0x37264940:     709 tokens, checkpoints:  0,    88.634 MiB
ollama-1  | srv        update:    - prompt 0x365024f0:     724 tokens, checkpoints:  0,    90.509 MiB
ollama-1  | srv        update:    - prompt 0x370b0570:     800 tokens, checkpoints:  0,   100.010 MiB
ollama-1  | srv        update:    - prompt 0x37256510:     728 tokens, checkpoints:  0,    91.009 MiB
ollama-1  | srv        update:    - prompt 0x364ffda0:     790 tokens, checkpoints:  0,    98.760 MiB
ollama-1  | srv        update:    - prompt 0x3715ca80:     764 tokens, checkpoints:  0,    95.509 MiB
ollama-1  | srv        update:    - prompt 0x371021f0:     788 tokens, checkpoints:  0,    98.510 MiB
ollama-1  | srv        update:    - prompt 0x37b69a80:     713 tokens, checkpoints:  0,    89.134 MiB
ollama-1  | srv        update:    - prompt 0x37b80950:     847 tokens, checkpoints:  0,   105.885 MiB
ollama-1  | srv        update:    - prompt 0x3724a9f0:    1176 tokens, checkpoints:  0,   147.014 MiB
ollama-1  | srv        update:    - prompt 0x371b5c80:     708 tokens, checkpoints:  0,    88.509 MiB
ollama-1  | srv  get_availabl: prompt cache update took 509.12 ms
ollama-1  | slot launch_slot_: id  0 | task -1 | sampler chain: logits -> ?penalties -> ?dry -> ?top-n-sigma -> top-k -> ?typical -> top-p -> ?min-p -> ?xtc -> temp-ext -> dist 
ollama-1  | slot launch_slot_: id  0 | task -1 | sampler params: 
ollama-1  | 	repeat_last_n = 64, repeat_penalty = 1.000, frequency_penalty = 0.000, presence_penalty = 0.000
ollama-1  | 	dry_multiplier = 0.000, dry_base = 1.750, dry_allowed_length = 2, dry_penalty_last_n = 64
ollama-1  | 	top_k = 40, top_p = 0.900, min_p = 0.000, xtc_probability = 0.000, xtc_threshold = 0.100, typical_p = 1.000, top_n_sigma = -1.000, temp = 0.000
ollama-1  | 	mirostat = 0, mirostat_lr = 0.100, mirostat_ent = 5.000, adaptive_target = -1.000, adaptive_decay = 0.900
ollama-1  | slot launch_slot_: id  0 | task 12309 | processing task, is_child = 0
ollama-1  | slot   operator(): id  0 | task 12309 | new prompt, n_ctx_slot = 4096, n_keep = 4, task.n_tokens = 565
ollama-1  | slot   operator(): id  0 | task 12309 | cached n_tokens = 351, memory_seq_rm [351, end)
ollama-1  | slot init_sampler: id  0 | task 12309 | init sampler, took 0.04 ms, tokens: text = 565, total = 565
ollama-1  | slot print_timing: id  0 | task 12309 | prompt eval time =    3332.44 ms /   214 tokens (   15.57 ms per token,    64.22 tokens per second)
ollama-1  | slot print_timing: id  0 | task 12309 |        eval time =     603.64 ms /     9 tokens (   75.46 ms per token,    13.25 tokens per second)
ollama-1  | slot print_timing: id  0 | task 12309 |       total time =    3936.08 ms /   223 tokens
ollama-1  | slot print_timing: id  0 | task 12309 |    graphs reused =       8670
ollama-1  | slot      release: id  0 | task 12309 | stop processing: n_tokens = 573, truncated = 0
ollama-1  | srv  update_slots: all slots are idle
ollama-1  | [GIN] 2026/10/08 - 09:34:59 | 200 | 54.502466875s |      172.21.0.4 | POST     "/api/generate"
ollama-1  | srv  server_strea: conv_id= (empty=1)
ollama-1  | slot get_availabl: id  0 | task -1 |  - checking sim = 0.471 (351/745) > 0.100
ollama-1  | slot get_availabl: id  0 | task -1 | selected slot by LCP similarity, f_sim_best = 0.471 (> 0.100 thold), f_keep = 0.613
ollama-1  | slot launch_slot_: id  0 | task -1 | sampler chain: logits -> ?penalties -> ?dry -> ?top-n-sigma -> top-k -> ?typical -> top-p -> ?min-p -> ?xtc -> temp-ext -> dist 
ollama-1  | slot launch_slot_: id  0 | task -1 | sampler params: 
ollama-1  | 	repeat_last_n = 64, repeat_penalty = 1.000, frequency_penalty = 0.000, presence_penalty = 0.000
ollama-1  | 	dry_multiplier = 0.000, dry_base = 1.750, dry_allowed_length = 2, dry_penalty_last_n = 64
ollama-1  | 	top_k = 40, top_p = 0.900, min_p = 0.000, xtc_probability = 0.000, xtc_threshold = 0.100, typical_p = 1.000, top_n_sigma = -1.000, temp = 0.000
ollama-1  | 	mirostat = 0, mirostat_lr = 0.100, mirostat_ent = 5.000, adaptive_target = -1.000, adaptive_decay = 0.900
ollama-1  | slot launch_slot_: id  0 | task 12319 | processing task, is_child = 0
ollama-1  | slot   operator(): id  0 | task 12319 | new prompt, n_ctx_slot = 4096, n_keep = 4, task.n_tokens = 745
ollama-1  | slot   operator(): id  0 | task 12319 | cached n_tokens = 351, memory_seq_rm [351, end)
ollama-1  | slot init_sampler: id  0 | task 12319 | init sampler, took 0.08 ms, tokens: text = 745, total = 745
ollama-1  | [GIN] 2026/10/08 - 09:35:03 | 200 |      35.506µs |       127.0.0.1 | HEAD     "/"
ollama-1  | [GIN] 2026/10/08 - 09:35:03 | 200 |   12.363496ms |       127.0.0.1 | GET      "/api/tags"
ollama-1  | slot print_timing: id  0 | task 12319 | prompt eval time =    6199.86 ms /   394 tokens (   15.74 ms per token,    63.55 tokens per second)
ollama-1  | slot print_timing: id  0 | task 12319 |        eval time =     583.29 ms /     9 tokens (   72.91 ms per token,    13.72 tokens per second)
ollama-1  | slot print_timing: id  0 | task 12319 |       total time =    6783.15 ms /   403 tokens
ollama-1  | slot print_timing: id  0 | task 12319 |    graphs reused =       8677
ollama-1  | slot      release: id  0 | task 12319 | stop processing: n_tokens = 753, truncated = 0
ollama-1  | srv  update_slots: all slots are idle
ollama-1  | [GIN] 2026/10/08 - 09:35:06 | 200 |          1m1s |      172.21.0.4 | POST     "/api/generate"
ollama-1  | srv  server_strea: conv_id= (empty=1)
ollama-1  | slot get_availabl: id  0 | task -1 |  - checking sim = 0.773 (350/453) > 0.100
ollama-1  | slot get_availabl: id  0 | task -1 | selected slot by LCP similarity, f_sim_best = 0.773 (> 0.100 thold), f_keep = 0.465
ollama-1  | srv  get_availabl: updating prompt cache
ollama-1  | srv   prompt_save:  - saving prompt with length 753, total state size = 94.134 MiB (draft: 0.000 MiB)
ollama-1  | srv         alloc:  - prompt is already in the cache, skipping
ollama-1  | srv          load:  - looking for better prompt, base f_keep = 0.465, f_sim = 0.773
ollama-1  | srv          load:    - prompt with length     782, lcp =     350, f_keep = 0.448, f_sim = 0.773
ollama-1  | srv          load:    - prompt with length     794, lcp =     350, f_keep = 0.441, f_sim = 0.773
ollama-1  | srv          load:    - prompt with length     753, lcp =     350, f_keep = 0.465, f_sim = 0.773
ollama-1  | srv          load:    - prompt with length     730, lcp =     350, f_keep = 0.479, f_sim = 0.773
ollama-1  | srv          load:    - prompt with length     828, lcp =     350, f_keep = 0.423, f_sim = 0.773
ollama-1  | srv          load:    - prompt with length     844, lcp =     350, f_keep = 0.415, f_sim = 0.773
ollama-1  | srv          load:    - prompt with length     846, lcp =     351, f_keep = 0.415, f_sim = 0.775
ollama-1  | srv          load:    - prompt with length     892, lcp =     350, f_keep = 0.392, f_sim = 0.773
ollama-1  | srv          load:    - prompt with length     778, lcp =     350, f_keep = 0.450, f_sim = 0.773
ollama-1  | srv          load:    - prompt with length     726, lcp =     350, f_keep = 0.482, f_sim = 0.773
ollama-1  | srv          load:    - prompt with length     851, lcp =     351, f_keep = 0.412, f_sim = 0.775
ollama-1  | srv          load:    - prompt with length     763, lcp =     350, f_keep = 0.459, f_sim = 0.773
ollama-1  | srv          load:    - prompt with length     780, lcp =     351, f_keep = 0.450, f_sim = 0.775
ollama-1  | srv          load:    - prompt with length     710, lcp =     350, f_keep = 0.493, f_sim = 0.773
ollama-1  | srv          load:    - prompt with length     770, lcp =     350, f_keep = 0.455, f_sim = 0.773
ollama-1  | srv          load:    - prompt with length     717, lcp =     350, f_keep = 0.488, f_sim = 0.773
ollama-1  | srv          load:    - prompt with length     753, lcp =     350, f_keep = 0.465, f_sim = 0.773
ollama-1  | srv          load:    - prompt with length     796, lcp =     350, f_keep = 0.440, f_sim = 0.773
ollama-1  | srv          load:    - prompt with length     709, lcp =     350, f_keep = 0.494, f_sim = 0.773
ollama-1  | srv          load:    - prompt with length     724, lcp =     351, f_keep = 0.485, f_sim = 0.775
ollama-1  | srv          load:    - prompt with length     800, lcp =     351, f_keep = 0.439, f_sim = 0.775
ollama-1  | srv          load:    - prompt with length     728, lcp =     351, f_keep = 0.482, f_sim = 0.775
ollama-1  | srv          load:    - prompt with length     790, lcp =     350, f_keep = 0.443, f_sim = 0.773
ollama-1  | srv          load:    - prompt with length     764, lcp =     351, f_keep = 0.459, f_sim = 0.775
ollama-1  | srv          load:    - prompt with length     788, lcp =     350, f_keep = 0.444, f_sim = 0.773
ollama-1  | srv          load:    - prompt with length     713, lcp =     351, f_keep = 0.492, f_sim = 0.775
ollama-1  | srv          load:    - prompt with length     847, lcp =     351, f_keep = 0.414, f_sim = 0.775
ollama-1  | srv          load:    - prompt with length    1176, lcp =     350, f_keep = 0.298, f_sim = 0.773
ollama-1  | srv          load:    - prompt with length     708, lcp =     350, f_keep = 0.494, f_sim = 0.773
ollama-1  | srv          load:  - found better prompt with f_keep = 0.485, f_sim = 0.775
ollama-1  | srv        update:  - cache state: 28 prompts, 2767.274 MiB (limits: 8192.000 MiB, 4096 tokens, 65529 est)
ollama-1  | srv        update:    - prompt 0x36524940:     782 tokens, checkpoints:  0,    97.760 MiB
ollama-1  | srv        update:    - prompt 0x36524a40:     794 tokens, checkpoints:  0,    99.260 MiB
ollama-1  | srv        update:    - prompt 0x36521d10:     753 tokens, checkpoints:  0,    94.134 MiB
ollama-1  | srv        update:    - prompt 0x36521c60:     730 tokens, checkpoints:  0,    91.259 MiB
ollama-1  | srv        update:    - prompt 0x36521bb0:     828 tokens, checkpoints:  0,   103.510 MiB
ollama-1  | srv        update:    - prompt 0x3652bd10:     844 tokens, checkpoints:  0,   105.510 MiB
ollama-1  | srv        update:    - prompt 0x3724fc20:     846 tokens, checkpoints:  0,   105.760 MiB
ollama-1  | srv        update:    - prompt 0x3651c680:     892 tokens, checkpoints:  0,   111.511 MiB
ollama-1  | srv        update:    - prompt 0x36504320:     778 tokens, checkpoints:  0,    97.260 MiB
ollama-1  | srv        update:    - prompt 0x36516480:     726 tokens, checkpoints:  0,    90.759 MiB
ollama-1  | srv        update:    - prompt 0x3651cdf0:     851 tokens, checkpoints:  0,   106.385 MiB
ollama-1  | srv        update:    - prompt 0x36510eb0:     763 tokens, checkpoints:  0,    95.384 MiB
ollama-1  | srv        update:    - prompt 0x36522570:     780 tokens, checkpoints:  0,    97.510 MiB
ollama-1  | srv        update:    - prompt 0x37a562a0:     710 tokens, checkpoints:  0,    88.759 MiB
ollama-1  | srv        update:    - prompt 0x37a8eee0:     770 tokens, checkpoints:  0,    96.260 MiB
ollama-1  | srv        update:    - prompt 0x370b1e10:     717 tokens, checkpoints:  0,    89.634 MiB
ollama-1  | srv        update:    - prompt 0x36537930:     753 tokens, checkpoints:  0,    94.134 MiB
ollama-1  | srv        update:    - prompt 0x36996dc0:     796 tokens, checkpoints:  0,    99.510 MiB
ollama-1  | srv        update:    - prompt 0x37264940:     709 tokens, checkpoints:  0,    88.634 MiB
ollama-1  | srv        update:    - prompt 0x370b0570:     800 tokens, checkpoints:  0,   100.010 MiB
ollama-1  | srv        update:    - prompt 0x37256510:     728 tokens, checkpoints:  0,    91.009 MiB
ollama-1  | srv        update:    - prompt 0x364ffda0:     790 tokens, checkpoints:  0,    98.760 MiB
ollama-1  | srv        update:    - prompt 0x3715ca80:     764 tokens, checkpoints:  0,    95.509 MiB
ollama-1  | srv        update:    - prompt 0x371021f0:     788 tokens, checkpoints:  0,    98.510 MiB
ollama-1  | srv        update:    - prompt 0x37b69a80:     713 tokens, checkpoints:  0,    89.134 MiB
ollama-1  | srv        update:    - prompt 0x37b80950:     847 tokens, checkpoints:  0,   105.885 MiB
ollama-1  | srv        update:    - prompt 0x3724a9f0:    1176 tokens, checkpoints:  0,   147.014 MiB
ollama-1  | srv        update:    - prompt 0x371b5c80:     708 tokens, checkpoints:  0,    88.509 MiB
ollama-1  | srv  get_availabl: prompt cache update took 21.49 ms
ollama-1  | slot launch_slot_: id  0 | task -1 | sampler chain: logits -> ?penalties -> ?dry -> ?top-n-sigma -> top-k -> ?typical -> top-p -> ?min-p -> ?xtc -> temp-ext -> dist 
ollama-1  | slot launch_slot_: id  0 | task -1 | sampler params: 
ollama-1  | 	repeat_last_n = 64, repeat_penalty = 1.000, frequency_penalty = 0.000, presence_penalty = 0.000
ollama-1  | 	dry_multiplier = 0.000, dry_base = 1.750, dry_allowed_length = 2, dry_penalty_last_n = 64
ollama-1  | 	top_k = 40, top_p = 0.900, min_p = 0.000, xtc_probability = 0.000, xtc_threshold = 0.100, typical_p = 1.000, top_n_sigma = -1.000, temp = 0.000
ollama-1  | 	mirostat = 0, mirostat_lr = 0.100, mirostat_ent = 5.000, adaptive_target = -1.000, adaptive_decay = 0.900
ollama-1  | slot launch_slot_: id  0 | task 12329 | processing task, is_child = 0
ollama-1  | slot   operator(): id  0 | task 12329 | new prompt, n_ctx_slot = 4096, n_keep = 4, task.n_tokens = 453
ollama-1  | slot   operator(): id  0 | task 12329 | cached n_tokens = 351, memory_seq_rm [351, end)
ollama-1  | slot init_sampler: id  0 | task 12329 | init sampler, took 0.04 ms, tokens: text = 453, total = 453
ollama-1  | slot print_timing: id  0 | task 12329 | prompt eval time =    1699.40 ms /   102 tokens (   16.66 ms per token,    60.02 tokens per second)
ollama-1  | slot print_timing: id  0 | task 12329 |        eval time =     643.73 ms /    10 tokens (   71.53 ms per token,    13.98 tokens per second)
ollama-1  | slot print_timing: id  0 | task 12329 |       total time =    2343.13 ms /   112 tokens
ollama-1  | slot print_timing: id  0 | task 12329 |    graphs reused =       8685
ollama-1  | slot      release: id  0 | task 12329 | stop processing: n_tokens = 462, truncated = 0
ollama-1  | srv  update_slots: all slots are idle
ollama-1  | [GIN] 2026/10/08 - 09:35:08 | 200 |  55.83752691s |      172.21.0.4 | POST     "/api/generate"
ollama-1  | srv  server_strea: conv_id= (empty=1)
ollama-1  | slot get_availabl: id  0 | task -1 |  - checking sim = 0.749 (350/467) > 0.100
ollama-1  | slot get_availabl: id  0 | task -1 | selected slot by LCP similarity, f_sim_best = 0.749 (> 0.100 thold), f_keep = 0.758
ollama-1  | slot launch_slot_: id  0 | task -1 | sampler chain: logits -> ?penalties -> ?dry -> ?top-n-sigma -> top-k -> ?typical -> top-p -> ?min-p -> ?xtc -> temp-ext -> dist 
ollama-1  | slot launch_slot_: id  0 | task -1 | sampler params: 
ollama-1  | 	repeat_last_n = 64, repeat_penalty = 1.000, frequency_penalty = 0.000, presence_penalty = 0.000
ollama-1  | 	dry_multiplier = 0.000, dry_base = 1.750, dry_allowed_length = 2, dry_penalty_last_n = 64
ollama-1  | 	top_k = 40, top_p = 0.900, min_p = 0.000, xtc_probability = 0.000, xtc_threshold = 0.100, typical_p = 1.000, top_n_sigma = -1.000, temp = 0.000
ollama-1  | 	mirostat = 0, mirostat_lr = 0.100, mirostat_ent = 5.000, adaptive_target = -1.000, adaptive_decay = 0.900
ollama-1  | slot launch_slot_: id  0 | task 12340 | processing task, is_child = 0
ollama-1  | slot   operator(): id  0 | task 12340 | new prompt, n_ctx_slot = 4096, n_keep = 4, task.n_tokens = 467
ollama-1  | slot   operator(): id  0 | task 12340 | cached n_tokens = 350, memory_seq_rm [350, end)
ollama-1  | slot init_sampler: id  0 | task 12340 | init sampler, took 0.05 ms, tokens: text = 467, total = 467
ollama-1  | slot print_timing: id  0 | task 12340 | prompt eval time =    1898.17 ms /   117 tokens (   16.22 ms per token,    61.64 tokens per second)
ollama-1  | slot print_timing: id  0 | task 12340 |        eval time =     627.04 ms /    10 tokens (   69.67 ms per token,    14.35 tokens per second)
ollama-1  | slot print_timing: id  0 | task 12340 |       total time =    2525.21 ms /   127 tokens
ollama-1  | slot print_timing: id  0 | task 12340 |    graphs reused =       8693
ollama-1  | slot      release: id  0 | task 12340 | stop processing: n_tokens = 476, truncated = 0
ollama-1  | srv  update_slots: all slots are idle
ollama-1  | [GIN] 2026/10/08 - 09:35:10 | 200 | 52.312704962s |      172.21.0.4 | POST     "/api/generate"
ollama-1  | srv  server_strea: conv_id= (empty=1)
ollama-1  | slot get_availabl: id  0 | task -1 |  - checking sim = 0.829 (350/422) > 0.100
ollama-1  | slot get_availabl: id  0 | task -1 | selected slot by LCP similarity, f_sim_best = 0.829 (> 0.100 thold), f_keep = 0.735
ollama-1  | slot launch_slot_: id  0 | task -1 | sampler chain: logits -> ?penalties -> ?dry -> ?top-n-sigma -> top-k -> ?typical -> top-p -> ?min-p -> ?xtc -> temp-ext -> dist 
ollama-1  | slot launch_slot_: id  0 | task -1 | sampler params: 
ollama-1  | 	repeat_last_n = 64, repeat_penalty = 1.000, frequency_penalty = 0.000, presence_penalty = 0.000
ollama-1  | 	dry_multiplier = 0.000, dry_base = 1.750, dry_allowed_length = 2, dry_penalty_last_n = 64
ollama-1  | 	top_k = 40, top_p = 0.900, min_p = 0.000, xtc_probability = 0.000, xtc_threshold = 0.100, typical_p = 1.000, top_n_sigma = -1.000, temp = 0.000
ollama-1  | 	mirostat = 0, mirostat_lr = 0.100, mirostat_ent = 5.000, adaptive_target = -1.000, adaptive_decay = 0.900
ollama-1  | slot launch_slot_: id  0 | task 12351 | processing task, is_child = 0
ollama-1  | slot   operator(): id  0 | task 12351 | new prompt, n_ctx_slot = 4096, n_keep = 4, task.n_tokens = 422
ollama-1  | slot   operator(): id  0 | task 12351 | cached n_tokens = 350, memory_seq_rm [350, end)
ollama-1  | slot init_sampler: id  0 | task 12351 | init sampler, took 0.07 ms, tokens: text = 422, total = 422
ollama-1  | slot print_timing: id  0 | task 12351 | prompt eval time =    1115.73 ms /    72 tokens (   15.50 ms per token,    64.53 tokens per second)
ollama-1  | slot print_timing: id  0 | task 12351 |        eval time =     608.60 ms /    10 tokens (   67.62 ms per token,    14.79 tokens per second)
ollama-1  | slot print_timing: id  0 | task 12351 |       total time =    1724.33 ms /    82 tokens
ollama-1  | slot print_timing: id  0 | task 12351 |    graphs reused =       8701
ollama-1  | slot      release: id  0 | task 12351 | stop processing: n_tokens = 431, truncated = 0
ollama-1  | srv  update_slots: all slots are idle
ollama-1  | [GIN] 2026/10/08 - 09:35:12 | 200 | 52.333785235s |      172.21.0.4 | POST     "/api/generate"
ollama-1  | srv  server_strea: conv_id= (empty=1)
ollama-1  | slot get_availabl: id  0 | task -1 |  - checking sim = 0.494 (350/709) > 0.100
ollama-1  | slot get_availabl: id  0 | task -1 | selected slot by LCP similarity, f_sim_best = 0.494 (> 0.100 thold), f_keep = 0.812
ollama-1  | slot launch_slot_: id  0 | task -1 | sampler chain: logits -> ?penalties -> ?dry -> ?top-n-sigma -> top-k -> ?typical -> top-p -> ?min-p -> ?xtc -> temp-ext -> dist 
ollama-1  | slot launch_slot_: id  0 | task -1 | sampler params: 
ollama-1  | 	repeat_last_n = 64, repeat_penalty = 1.000, frequency_penalty = 0.000, presence_penalty = 0.000
ollama-1  | 	dry_multiplier = 0.000, dry_base = 1.750, dry_allowed_length = 2, dry_penalty_last_n = 64
ollama-1  | 	top_k = 40, top_p = 0.900, min_p = 0.000, xtc_probability = 0.000, xtc_threshold = 0.100, typical_p = 1.000, top_n_sigma = -1.000, temp = 0.000
ollama-1  | 	mirostat = 0, mirostat_lr = 0.100, mirostat_ent = 5.000, adaptive_target = -1.000, adaptive_decay = 0.900
ollama-1  | slot launch_slot_: id  0 | task 12362 | processing task, is_child = 0
ollama-1  | slot   operator(): id  0 | task 12362 | new prompt, n_ctx_slot = 4096, n_keep = 4, task.n_tokens = 709
ollama-1  | slot   operator(): id  0 | task 12362 | cached n_tokens = 350, memory_seq_rm [350, end)
ollama-1  | slot init_sampler: id  0 | task 12362 | init sampler, took 0.08 ms, tokens: text = 709, total = 709
ollama-1  | [GIN] 2026/10/08 - 09:35:13 | 200 |      30.696µs |       127.0.0.1 | HEAD     "/"
ollama-1  | [GIN] 2026/10/08 - 09:35:13 | 200 |     1.53929ms |       127.0.0.1 | GET      "/api/tags"
ollama-1  | slot print_timing: id  0 | task 12362 | prompt eval time =    5309.01 ms /   359 tokens (   14.79 ms per token,    67.62 tokens per second)
ollama-1  | slot print_timing: id  0 | task 12362 |        eval time =     558.31 ms /     9 tokens (   69.79 ms per token,    14.33 tokens per second)
ollama-1  | slot print_timing: id  0 | task 12362 |       total time =    5867.33 ms /   368 tokens
ollama-1  | slot print_timing: id  0 | task 12362 |    graphs reused =       8708
ollama-1  | slot      release: id  0 | task 12362 | stop processing: n_tokens = 717, truncated = 0
ollama-1  | srv  update_slots: all slots are idle
ollama-1  | srv  server_strea: conv_id= (empty=1)
ollama-1  | slot get_availabl: id  0 | task -1 |  - checking sim = 0.720 (350/486) > 0.100
ollama-1  | slot get_availabl: id  0 | task -1 | selected slot by LCP similarity, f_sim_best = 0.720 (> 0.100 thold), f_keep = 0.488
ollama-1  | srv  get_availabl: updating prompt cache
ollama-1  | srv   prompt_save:  - saving prompt with length 717, total state size = 89.634 MiB (draft: 0.000 MiB)
ollama-1  | srv         alloc:  - prompt is already in the cache, skipping
ollama-1  | srv          load:  - looking for better prompt, base f_keep = 0.488, f_sim = 0.720
ollama-1  | srv          load:    - prompt with length     782, lcp =     350, f_keep = 0.448, f_sim = 0.720
ollama-1  | srv          load:    - prompt with length     794, lcp =     350, f_keep = 0.441, f_sim = 0.720
ollama-1  | srv          load:    - prompt with length     753, lcp =     350, f_keep = 0.465, f_sim = 0.720
ollama-1  | srv          load:    - prompt with length     730, lcp =     350, f_keep = 0.479, f_sim = 0.720
ollama-1  | srv          load:    - prompt with length     828, lcp =     350, f_keep = 0.423, f_sim = 0.720
ollama-1  | srv          load:    - prompt with length     844, lcp =     350, f_keep = 0.415, f_sim = 0.720
ollama-1  | srv          load:    - prompt with length     846, lcp =     351, f_keep = 0.415, f_sim = 0.722
ollama-1  | srv          load:    - prompt with length     892, lcp =     350, f_keep = 0.392, f_sim = 0.720
ollama-1  | srv          load:    - prompt with length     778, lcp =     350, f_keep = 0.450, f_sim = 0.720
ollama-1  | srv          load:    - prompt with length     726, lcp =     350, f_keep = 0.482, f_sim = 0.720
ollama-1  | srv          load:    - prompt with length     851, lcp =     351, f_keep = 0.412, f_sim = 0.722
ollama-1  | srv          load:    - prompt with length     763, lcp =     350, f_keep = 0.459, f_sim = 0.720
ollama-1  | srv          load:    - prompt with length     780, lcp =     351, f_keep = 0.450, f_sim = 0.722
ollama-1  | srv          load:    - prompt with length     710, lcp =     350, f_keep = 0.493, f_sim = 0.720
ollama-1  | srv          load:    - prompt with length     770, lcp =     350, f_keep = 0.455, f_sim = 0.720
ollama-1  | srv          load:    - prompt with length     717, lcp =     350, f_keep = 0.488, f_sim = 0.720
ollama-1  | srv          load:    - prompt with length     753, lcp =     350, f_keep = 0.465, f_sim = 0.720
ollama-1  | srv          load:    - prompt with length     796, lcp =     350, f_keep = 0.440, f_sim = 0.720
ollama-1  | srv          load:    - prompt with length     709, lcp =     350, f_keep = 0.494, f_sim = 0.720
ollama-1  | srv          load:    - prompt with length     800, lcp =     351, f_keep = 0.439, f_sim = 0.722
ollama-1  | srv          load:    - prompt with length     728, lcp =     351, f_keep = 0.482, f_sim = 0.722
ollama-1  | srv          load:    - prompt with length     790, lcp =     350, f_keep = 0.443, f_sim = 0.720
ollama-1  | srv          load:    - prompt with length     764, lcp =     351, f_keep = 0.459, f_sim = 0.722
ollama-1  | srv          load:    - prompt with length     788, lcp =     350, f_keep = 0.444, f_sim = 0.720
ollama-1  | srv          load:    - prompt with length     713, lcp =     351, f_keep = 0.492, f_sim = 0.722
ollama-1  | srv          load:    - prompt with length     847, lcp =     351, f_keep = 0.414, f_sim = 0.722
ollama-1  | srv          load:    - prompt with length    1176, lcp =     350, f_keep = 0.298, f_sim = 0.720
ollama-1  | srv          load:    - prompt with length     708, lcp =     350, f_keep = 0.494, f_sim = 0.720
ollama-1  | srv          load:  - found better prompt with f_keep = 0.492, f_sim = 0.722
ollama-1  | [GIN] 2026/10/08 - 09:35:18 | 200 | 55.925289064s |      172.21.0.4 | POST     "/api/generate"
ollama-1  | srv        update:  - cache state: 27 prompts, 2678.141 MiB (limits: 8192.000 MiB, 4096 tokens, 65529 est)
ollama-1  | srv        update:    - prompt 0x36524940:     782 tokens, checkpoints:  0,    97.760 MiB
ollama-1  | srv        update:    - prompt 0x36524a40:     794 tokens, checkpoints:  0,    99.260 MiB
ollama-1  | srv        update:    - prompt 0x36521d10:     753 tokens, checkpoints:  0,    94.134 MiB
ollama-1  | srv        update:    - prompt 0x36521c60:     730 tokens, checkpoints:  0,    91.259 MiB
ollama-1  | srv        update:    - prompt 0x36521bb0:     828 tokens, checkpoints:  0,   103.510 MiB
ollama-1  | srv        update:    - prompt 0x3652bd10:     844 tokens, checkpoints:  0,   105.510 MiB
ollama-1  | srv        update:    - prompt 0x3724fc20:     846 tokens, checkpoints:  0,   105.760 MiB
ollama-1  | srv        update:    - prompt 0x3651c680:     892 tokens, checkpoints:  0,   111.511 MiB
ollama-1  | srv        update:    - prompt 0x36504320:     778 tokens, checkpoints:  0,    97.260 MiB
ollama-1  | srv        update:    - prompt 0x36516480:     726 tokens, checkpoints:  0,    90.759 MiB
ollama-1  | srv        update:    - prompt 0x3651cdf0:     851 tokens, checkpoints:  0,   106.385 MiB
ollama-1  | srv        update:    - prompt 0x36510eb0:     763 tokens, checkpoints:  0,    95.384 MiB
ollama-1  | srv        update:    - prompt 0x36522570:     780 tokens, checkpoints:  0,    97.510 MiB
ollama-1  | srv        update:    - prompt 0x37a562a0:     710 tokens, checkpoints:  0,    88.759 MiB
ollama-1  | srv        update:    - prompt 0x37a8eee0:     770 tokens, checkpoints:  0,    96.260 MiB
ollama-1  | srv        update:    - prompt 0x370b1e10:     717 tokens, checkpoints:  0,    89.634 MiB
ollama-1  | srv        update:    - prompt 0x36537930:     753 tokens, checkpoints:  0,    94.134 MiB
ollama-1  | srv        update:    - prompt 0x36996dc0:     796 tokens, checkpoints:  0,    99.510 MiB
ollama-1  | srv        update:    - prompt 0x37264940:     709 tokens, checkpoints:  0,    88.634 MiB
ollama-1  | srv        update:    - prompt 0x370b0570:     800 tokens, checkpoints:  0,   100.010 MiB
ollama-1  | srv        update:    - prompt 0x37256510:     728 tokens, checkpoints:  0,    91.009 MiB
ollama-1  | srv        update:    - prompt 0x364ffda0:     790 tokens, checkpoints:  0,    98.760 MiB
ollama-1  | srv        update:    - prompt 0x3715ca80:     764 tokens, checkpoints:  0,    95.509 MiB
ollama-1  | srv        update:    - prompt 0x371021f0:     788 tokens, checkpoints:  0,    98.510 MiB
ollama-1  | srv        update:    - prompt 0x37b80950:     847 tokens, checkpoints:  0,   105.885 MiB
ollama-1  | srv        update:    - prompt 0x3724a9f0:    1176 tokens, checkpoints:  0,   147.014 MiB
ollama-1  | srv        update:    - prompt 0x371b5c80:     708 tokens, checkpoints:  0,    88.509 MiB
ollama-1  | srv  get_availabl: prompt cache update took 32.08 ms
ollama-1  | slot launch_slot_: id  0 | task -1 | sampler chain: logits -> ?penalties -> ?dry -> ?top-n-sigma -> top-k -> ?typical -> top-p -> ?min-p -> ?xtc -> temp-ext -> dist 
ollama-1  | slot launch_slot_: id  0 | task -1 | sampler params: 
ollama-1  | 	repeat_last_n = 64, repeat_penalty = 1.000, frequency_penalty = 0.000, presence_penalty = 0.000
ollama-1  | 	dry_multiplier = 0.000, dry_base = 1.750, dry_allowed_length = 2, dry_penalty_last_n = 64
ollama-1  | 	top_k = 40, top_p = 0.900, min_p = 0.000, xtc_probability = 0.000, xtc_threshold = 0.100, typical_p = 1.000, top_n_sigma = -1.000, temp = 0.000
ollama-1  | 	mirostat = 0, mirostat_lr = 0.100, mirostat_ent = 5.000, adaptive_target = -1.000, adaptive_decay = 0.900
ollama-1  | slot launch_slot_: id  0 | task 12372 | processing task, is_child = 0
ollama-1  | slot   operator(): id  0 | task 12372 | new prompt, n_ctx_slot = 4096, n_keep = 4, task.n_tokens = 486
ollama-1  | slot   operator(): id  0 | task 12372 | cached n_tokens = 351, memory_seq_rm [351, end)
ollama-1  | slot init_sampler: id  0 | task 12372 | init sampler, took 0.06 ms, tokens: text = 486, total = 486
ollama-1  | slot print_timing: id  0 | task 12372 | prompt eval time =    2122.96 ms /   135 tokens (   15.73 ms per token,    63.59 tokens per second)
ollama-1  | slot print_timing: id  0 | task 12372 |        eval time =     558.22 ms /     9 tokens (   69.78 ms per token,    14.33 tokens per second)
ollama-1  | slot print_timing: id  0 | task 12372 |       total time =    2681.18 ms /   144 tokens
ollama-1  | slot print_timing: id  0 | task 12372 |    graphs reused =       8715
ollama-1  | slot      release: id  0 | task 12372 | stop processing: n_tokens = 494, truncated = 0
ollama-1  | srv  update_slots: all slots are idle
ollama-1  | [GIN] 2026/10/08 - 09:35:22 | 200 | 54.339862773s |      172.21.0.4 | POST     "/api/generate"
ollama-1  | srv  server_strea: conv_id= (empty=1)
ollama-1  | slot get_availabl: id  0 | task -1 |  - checking sim = 0.683 (351/514) > 0.100
ollama-1  | slot get_availabl: id  0 | task -1 | selected slot by LCP similarity, f_sim_best = 0.683 (> 0.100 thold), f_keep = 0.711
ollama-1  | slot launch_slot_: id  0 | task -1 | sampler chain: logits -> ?penalties -> ?dry -> ?top-n-sigma -> top-k -> ?typical -> top-p -> ?min-p -> ?xtc -> temp-ext -> dist 
ollama-1  | slot launch_slot_: id  0 | task -1 | sampler params: 
ollama-1  | 	repeat_last_n = 64, repeat_penalty = 1.000, frequency_penalty = 0.000, presence_penalty = 0.000
ollama-1  | 	dry_multiplier = 0.000, dry_base = 1.750, dry_allowed_length = 2, dry_penalty_last_n = 64
ollama-1  | 	top_k = 40, top_p = 0.900, min_p = 0.000, xtc_probability = 0.000, xtc_threshold = 0.100, typical_p = 1.000, top_n_sigma = -1.000, temp = 0.000
ollama-1  | 	mirostat = 0, mirostat_lr = 0.100, mirostat_ent = 5.000, adaptive_target = -1.000, adaptive_decay = 0.900
ollama-1  | slot launch_slot_: id  0 | task 12382 | processing task, is_child = 0
ollama-1  | slot   operator(): id  0 | task 12382 | new prompt, n_ctx_slot = 4096, n_keep = 4, task.n_tokens = 514
ollama-1  | slot   operator(): id  0 | task 12382 | cached n_tokens = 351, memory_seq_rm [351, end)
ollama-1  | slot init_sampler: id  0 | task 12382 | init sampler, took 0.04 ms, tokens: text = 514, total = 514
ollama-1  | [GIN] 2026/10/08 - 09:35:25 | 200 |      40.821µs |       127.0.0.1 | HEAD     "/"
ollama-1  | [GIN] 2026/10/08 - 09:35:25 | 200 |    1.571146ms |       127.0.0.1 | GET      "/api/tags"
ollama-1  | slot print_timing: id  0 | task 12382 | prompt eval time =    2458.41 ms /   163 tokens (   15.08 ms per token,    66.30 tokens per second)
ollama-1  | slot print_timing: id  0 | task 12382 |        eval time =     581.68 ms /     9 tokens (   72.71 ms per token,    13.75 tokens per second)
ollama-1  | slot print_timing: id  0 | task 12382 |       total time =    3040.09 ms /   172 tokens
ollama-1  | slot print_timing: id  0 | task 12382 |    graphs reused =       8722
ollama-1  | slot      release: id  0 | task 12382 | stop processing: n_tokens = 522, truncated = 0
ollama-1  | srv  update_slots: all slots are idle
ollama-1  | [GIN] 2026/10/08 - 09:35:25 | 200 | 49.260516972s |      172.21.0.4 | POST     "/api/generate"
ollama-1  | srv  server_strea: conv_id= (empty=1)
ollama-1  | slot get_availabl: id  0 | task -1 |  - checking sim = 0.847 (350/413) > 0.100
ollama-1  | slot get_availabl: id  0 | task -1 | selected slot by LCP similarity, f_sim_best = 0.847 (> 0.100 thold), f_keep = 0.670
ollama-1  | slot launch_slot_: id  0 | task -1 | sampler chain: logits -> ?penalties -> ?dry -> ?top-n-sigma -> top-k -> ?typical -> top-p -> ?min-p -> ?xtc -> temp-ext -> dist 
ollama-1  | slot launch_slot_: id  0 | task -1 | sampler params: 
ollama-1  | 	repeat_last_n = 64, repeat_penalty = 1.000, frequency_penalty = 0.000, presence_penalty = 0.000
ollama-1  | 	dry_multiplier = 0.000, dry_base = 1.750, dry_allowed_length = 2, dry_penalty_last_n = 64
ollama-1  | 	top_k = 40, top_p = 0.900, min_p = 0.000, xtc_probability = 0.000, xtc_threshold = 0.100, typical_p = 1.000, top_n_sigma = -1.000, temp = 0.000
ollama-1  | 	mirostat = 0, mirostat_lr = 0.100, mirostat_ent = 5.000, adaptive_target = -1.000, adaptive_decay = 0.900
ollama-1  | slot launch_slot_: id  0 | task 12392 | processing task, is_child = 0
ollama-1  | slot   operator(): id  0 | task 12392 | new prompt, n_ctx_slot = 4096, n_keep = 4, task.n_tokens = 413
ollama-1  | slot   operator(): id  0 | task 12392 | cached n_tokens = 350, memory_seq_rm [350, end)
ollama-1  | slot init_sampler: id  0 | task 12392 | init sampler, took 0.05 ms, tokens: text = 413, total = 413
ollama-1  | slot print_timing: id  0 | task 12392 | prompt eval time =    1025.93 ms /    63 tokens (   16.28 ms per token,    61.41 tokens per second)
ollama-1  | slot print_timing: id  0 | task 12392 |        eval time =     630.58 ms /    10 tokens (   70.06 ms per token,    14.27 tokens per second)
ollama-1  | slot print_timing: id  0 | task 12392 |       total time =    1656.51 ms /    73 tokens
ollama-1  | slot print_timing: id  0 | task 12392 |    graphs reused =       8730
ollama-1  | slot      release: id  0 | task 12392 | stop processing: n_tokens = 422, truncated = 0
ollama-1  | srv  update_slots: all slots are idle
ollama-1  | [GIN] 2026/10/08 - 09:35:27 | 200 | 39.038152112s |      172.21.0.4 | POST     "/api/generate"
ollama-1  | srv  server_strea: conv_id= (empty=1)
ollama-1  | slot get_availabl: id  0 | task -1 |  - checking sim = 0.706 (350/496) > 0.100
ollama-1  | slot get_availabl: id  0 | task -1 | selected slot by LCP similarity, f_sim_best = 0.706 (> 0.100 thold), f_keep = 0.829
ollama-1  | slot launch_slot_: id  0 | task -1 | sampler chain: logits -> ?penalties -> ?dry -> ?top-n-sigma -> top-k -> ?typical -> top-p -> ?min-p -> ?xtc -> temp-ext -> dist 
ollama-1  | slot launch_slot_: id  0 | task -1 | sampler params: 
ollama-1  | 	repeat_last_n = 64, repeat_penalty = 1.000, frequency_penalty = 0.000, presence_penalty = 0.000
ollama-1  | 	dry_multiplier = 0.000, dry_base = 1.750, dry_allowed_length = 2, dry_penalty_last_n = 64
ollama-1  | 	top_k = 40, top_p = 0.900, min_p = 0.000, xtc_probability = 0.000, xtc_threshold = 0.100, typical_p = 1.000, top_n_sigma = -1.000, temp = 0.000
ollama-1  | 	mirostat = 0, mirostat_lr = 0.100, mirostat_ent = 5.000, adaptive_target = -1.000, adaptive_decay = 0.900
ollama-1  | slot launch_slot_: id  0 | task 12403 | processing task, is_child = 0
ollama-1  | slot   operator(): id  0 | task 12403 | new prompt, n_ctx_slot = 4096, n_keep = 4, task.n_tokens = 496
ollama-1  | slot   operator(): id  0 | task 12403 | cached n_tokens = 350, memory_seq_rm [350, end)
ollama-1  | slot init_sampler: id  0 | task 12403 | init sampler, took 0.08 ms, tokens: text = 496, total = 496
ollama-1  | slot print_timing: id  0 | task 12403 | prompt eval time =    2172.71 ms /   146 tokens (   14.88 ms per token,    67.20 tokens per second)
ollama-1  | slot print_timing: id  0 | task 12403 |        eval time =     595.82 ms /     9 tokens (   74.48 ms per token,    13.43 tokens per second)
ollama-1  | slot print_timing: id  0 | task 12403 |       total time =    2768.54 ms /   155 tokens
ollama-1  | slot print_timing: id  0 | task 12403 |    graphs reused =       8737
ollama-1  | slot      release: id  0 | task 12403 | stop processing: n_tokens = 504, truncated = 0
ollama-1  | srv  update_slots: all slots are idle
ollama-1  | [GIN] 2026/10/08 - 09:35:29 | 200 | 37.984645215s |      172.21.0.4 | POST     "/api/generate"
ollama-1  | srv  server_strea: conv_id= (empty=1)
ollama-1  | slot get_availabl: id  0 | task -1 |  - checking sim = 0.688 (350/509) > 0.100
ollama-1  | slot get_availabl: id  0 | task -1 | selected slot by LCP similarity, f_sim_best = 0.688 (> 0.100 thold), f_keep = 0.694
ollama-1  | slot launch_slot_: id  0 | task -1 | sampler chain: logits -> ?penalties -> ?dry -> ?top-n-sigma -> top-k -> ?typical -> top-p -> ?min-p -> ?xtc -> temp-ext -> dist 
ollama-1  | slot launch_slot_: id  0 | task -1 | sampler params: 
ollama-1  | 	repeat_last_n = 64, repeat_penalty = 1.000, frequency_penalty = 0.000, presence_penalty = 0.000
ollama-1  | 	dry_multiplier = 0.000, dry_base = 1.750, dry_allowed_length = 2, dry_penalty_last_n = 64
ollama-1  | 	top_k = 40, top_p = 0.900, min_p = 0.000, xtc_probability = 0.000, xtc_threshold = 0.100, typical_p = 1.000, top_n_sigma = -1.000, temp = 0.000
ollama-1  | 	mirostat = 0, mirostat_lr = 0.100, mirostat_ent = 5.000, adaptive_target = -1.000, adaptive_decay = 0.900
ollama-1  | slot launch_slot_: id  0 | task 12413 | processing task, is_child = 0
ollama-1  | slot   operator(): id  0 | task 12413 | new prompt, n_ctx_slot = 4096, n_keep = 4, task.n_tokens = 509
ollama-1  | slot   operator(): id  0 | task 12413 | cached n_tokens = 350, memory_seq_rm [350, end)
ollama-1  | slot init_sampler: id  0 | task 12413 | init sampler, took 0.06 ms, tokens: text = 509, total = 509
ollama-1  | slot print_timing: id  0 | task 12413 | prompt eval time =    2436.25 ms /   159 tokens (   15.32 ms per token,    65.26 tokens per second)
ollama-1  | slot print_timing: id  0 | task 12413 |        eval time =     571.12 ms /     9 tokens (   71.39 ms per token,    14.01 tokens per second)
ollama-1  | slot print_timing: id  0 | task 12413 |       total time =    3007.38 ms /   168 tokens
ollama-1  | slot print_timing: id  0 | task 12413 |    graphs reused =       8743
ollama-1  | slot      release: id  0 | task 12413 | stop processing: n_tokens = 517, truncated = 0
ollama-1  | srv  update_slots: all slots are idle
ollama-1  | [GIN] 2026/10/08 - 09:35:32 | 200 | 34.622969975s |      172.21.0.4 | POST     "/api/generate"
ollama-1  | srv  server_strea: conv_id= (empty=1)
ollama-1  | slot get_availabl: id  0 | task -1 |  - checking sim = 0.864 (350/405) > 0.100
ollama-1  | slot get_availabl: id  0 | task -1 | selected slot by LCP similarity, f_sim_best = 0.864 (> 0.100 thold), f_keep = 0.677
ollama-1  | slot launch_slot_: id  0 | task -1 | sampler chain: logits -> ?penalties -> ?dry -> ?top-n-sigma -> top-k -> ?typical -> top-p -> ?min-p -> ?xtc -> temp-ext -> dist 
ollama-1  | slot launch_slot_: id  0 | task -1 | sampler params: 
ollama-1  | 	repeat_last_n = 64, repeat_penalty = 1.000, frequency_penalty = 0.000, presence_penalty = 0.000
ollama-1  | 	dry_multiplier = 0.000, dry_base = 1.750, dry_allowed_length = 2, dry_penalty_last_n = 64
ollama-1  | 	top_k = 40, top_p = 0.900, min_p = 0.000, xtc_probability = 0.000, xtc_threshold = 0.100, typical_p = 1.000, top_n_sigma = -1.000, temp = 0.000
ollama-1  | 	mirostat = 0, mirostat_lr = 0.100, mirostat_ent = 5.000, adaptive_target = -1.000, adaptive_decay = 0.900
ollama-1  | slot launch_slot_: id  0 | task 12423 | processing task, is_child = 0
ollama-1  | slot   operator(): id  0 | task 12423 | new prompt, n_ctx_slot = 4096, n_keep = 4, task.n_tokens = 405
ollama-1  | slot   operator(): id  0 | task 12423 | cached n_tokens = 350, memory_seq_rm [350, end)
ollama-1  | slot init_sampler: id  0 | task 12423 | init sampler, took 0.05 ms, tokens: text = 405, total = 405
ollama-1  | slot print_timing: id  0 | task 12423 | prompt eval time =     903.60 ms /    55 tokens (   16.43 ms per token,    60.87 tokens per second)
ollama-1  | slot print_timing: id  0 | task 12423 |        eval time =     642.41 ms /    10 tokens (   71.38 ms per token,    14.01 tokens per second)
ollama-1  | slot print_timing: id  0 | task 12423 |       total time =    1546.01 ms /    65 tokens
ollama-1  | slot print_timing: id  0 | task 12423 |    graphs reused =       8751
ollama-1  | slot      release: id  0 | task 12423 | stop processing: n_tokens = 414, truncated = 0
ollama-1  | srv  update_slots: all slots are idle
ollama-1  | [GIN] 2026/10/08 - 09:35:34 | 200 | 36.084076298s |      172.21.0.4 | POST     "/api/generate"
ollama-1  | srv  server_strea: conv_id= (empty=1)
ollama-1  | slot get_availabl: id  0 | task -1 |  - checking sim = 0.766 (351/458) > 0.100
ollama-1  | slot get_availabl: id  0 | task -1 | selected slot by LCP similarity, f_sim_best = 0.766 (> 0.100 thold), f_keep = 0.848
ollama-1  | slot launch_slot_: id  0 | task -1 | sampler chain: logits -> ?penalties -> ?dry -> ?top-n-sigma -> top-k -> ?typical -> top-p -> ?min-p -> ?xtc -> temp-ext -> dist 
ollama-1  | slot launch_slot_: id  0 | task -1 | sampler params: 
ollama-1  | 	repeat_last_n = 64, repeat_penalty = 1.000, frequency_penalty = 0.000, presence_penalty = 0.000
ollama-1  | 	dry_multiplier = 0.000, dry_base = 1.750, dry_allowed_length = 2, dry_penalty_last_n = 64
ollama-1  | 	top_k = 40, top_p = 0.900, min_p = 0.000, xtc_probability = 0.000, xtc_threshold = 0.100, typical_p = 1.000, top_n_sigma = -1.000, temp = 0.000
ollama-1  | 	mirostat = 0, mirostat_lr = 0.100, mirostat_ent = 5.000, adaptive_target = -1.000, adaptive_decay = 0.900
ollama-1  | slot launch_slot_: id  0 | task 12434 | processing task, is_child = 0
ollama-1  | slot   operator(): id  0 | task 12434 | new prompt, n_ctx_slot = 4096, n_keep = 4, task.n_tokens = 458
ollama-1  | slot   operator(): id  0 | task 12434 | cached n_tokens = 351, memory_seq_rm [351, end)
ollama-1  | slot init_sampler: id  0 | task 12434 | init sampler, took 0.04 ms, tokens: text = 458, total = 458
ollama-1  | [GIN] 2026/10/08 - 09:35:35 | 200 |      30.049µs |       127.0.0.1 | HEAD     "/"
ollama-1  | [GIN] 2026/10/08 - 09:35:35 | 200 |     997.378µs |       127.0.0.1 | GET      "/api/tags"
ollama-1  | slot print_timing: id  0 | task 12434 | prompt eval time =    1685.69 ms /   107 tokens (   15.75 ms per token,    63.48 tokens per second)
ollama-1  | slot print_timing: id  0 | task 12434 |        eval time =     646.68 ms /    10 tokens (   71.85 ms per token,    13.92 tokens per second)
ollama-1  | slot print_timing: id  0 | task 12434 |       total time =    2332.37 ms /   117 tokens
ollama-1  | slot print_timing: id  0 | task 12434 |    graphs reused =       8759
ollama-1  | slot      release: id  0 | task 12434 | stop processing: n_tokens = 467, truncated = 0
ollama-1  | srv  update_slots: all slots are idle
ollama-1  | [GIN] 2026/10/08 - 09:35:36 | 200 | 36.392867358s |      172.21.0.4 | POST     "/api/generate"
ollama-1  | srv  server_strea: conv_id= (empty=1)
ollama-1  | slot get_availabl: id  0 | task -1 |  - checking sim = 0.766 (351/458) > 0.100
ollama-1  | slot get_availabl: id  0 | task -1 | selected slot by LCP similarity, f_sim_best = 0.766 (> 0.100 thold), f_keep = 0.752
ollama-1  | slot launch_slot_: id  0 | task -1 | sampler chain: logits -> ?penalties -> ?dry -> ?top-n-sigma -> top-k -> ?typical -> top-p -> ?min-p -> ?xtc -> temp-ext -> dist 
ollama-1  | slot launch_slot_: id  0 | task -1 | sampler params: 
ollama-1  | 	repeat_last_n = 64, repeat_penalty = 1.000, frequency_penalty = 0.000, presence_penalty = 0.000
ollama-1  | 	dry_multiplier = 0.000, dry_base = 1.750, dry_allowed_length = 2, dry_penalty_last_n = 64
ollama-1  | 	top_k = 40, top_p = 0.900, min_p = 0.000, xtc_probability = 0.000, xtc_threshold = 0.100, typical_p = 1.000, top_n_sigma = -1.000, temp = 0.000
ollama-1  | 	mirostat = 0, mirostat_lr = 0.100, mirostat_ent = 5.000, adaptive_target = -1.000, adaptive_decay = 0.900
ollama-1  | slot launch_slot_: id  0 | task 12445 | processing task, is_child = 0
ollama-1  | slot   operator(): id  0 | task 12445 | new prompt, n_ctx_slot = 4096, n_keep = 4, task.n_tokens = 458
ollama-1  | slot   operator(): id  0 | task 12445 | cached n_tokens = 351, memory_seq_rm [351, end)
ollama-1  | slot init_sampler: id  0 | task 12445 | init sampler, took 0.05 ms, tokens: text = 458, total = 458
ollama-1  | slot print_timing: id  0 | task 12445 | prompt eval time =    1660.46 ms /   107 tokens (   15.52 ms per token,    64.44 tokens per second)
ollama-1  | slot print_timing: id  0 | task 12445 |        eval time =     560.29 ms /     9 tokens (   70.04 ms per token,    14.28 tokens per second)
ollama-1  | slot print_timing: id  0 | task 12445 |       total time =    2220.75 ms /   116 tokens
ollama-1  | slot print_timing: id  0 | task 12445 |    graphs reused =       8766
ollama-1  | slot      release: id  0 | task 12445 | stop processing: n_tokens = 466, truncated = 0
ollama-1  | srv  update_slots: all slots are idle
ollama-1  | [GIN] 2026/10/08 - 09:35:39 | 200 |  35.51745116s |      172.21.0.4 | POST     "/api/generate"
ollama-1  | srv  server_strea: conv_id= (empty=1)
ollama-1  | slot get_availabl: id  0 | task -1 |  - checking sim = 0.581 (350/602) > 0.100
ollama-1  | slot get_availabl: id  0 | task -1 | selected slot by LCP similarity, f_sim_best = 0.581 (> 0.100 thold), f_keep = 0.751
ollama-1  | slot launch_slot_: id  0 | task -1 | sampler chain: logits -> ?penalties -> ?dry -> ?top-n-sigma -> top-k -> ?typical -> top-p -> ?min-p -> ?xtc -> temp-ext -> dist 
ollama-1  | slot launch_slot_: id  0 | task -1 | sampler params: 
ollama-1  | 	repeat_last_n = 64, repeat_penalty = 1.000, frequency_penalty = 0.000, presence_penalty = 0.000
ollama-1  | 	dry_multiplier = 0.000, dry_base = 1.750, dry_allowed_length = 2, dry_penalty_last_n = 64
ollama-1  | 	top_k = 40, top_p = 0.900, min_p = 0.000, xtc_probability = 0.000, xtc_threshold = 0.100, typical_p = 1.000, top_n_sigma = -1.000, temp = 0.000
ollama-1  | 	mirostat = 0, mirostat_lr = 0.100, mirostat_ent = 5.000, adaptive_target = -1.000, adaptive_decay = 0.900
ollama-1  | slot launch_slot_: id  0 | task 12455 | processing task, is_child = 0
ollama-1  | slot   operator(): id  0 | task 12455 | new prompt, n_ctx_slot = 4096, n_keep = 4, task.n_tokens = 602
ollama-1  | slot   operator(): id  0 | task 12455 | cached n_tokens = 350, memory_seq_rm [350, end)
ollama-1  | slot init_sampler: id  0 | task 12455 | init sampler, took 0.07 ms, tokens: text = 602, total = 602
ollama-1  | slot print_timing: id  0 | task 12455 | prompt eval time =    3790.66 ms /   252 tokens (   15.04 ms per token,    66.48 tokens per second)
ollama-1  | slot print_timing: id  0 | task 12455 |        eval time =     487.16 ms /     8 tokens (   69.59 ms per token,    14.37 tokens per second)
ollama-1  | slot print_timing: id  0 | task 12455 |       total time =    4277.82 ms /   260 tokens
ollama-1  | slot print_timing: id  0 | task 12455 |    graphs reused =       8772
ollama-1  | slot      release: id  0 | task 12455 | stop processing: n_tokens = 609, truncated = 0
ollama-1  | srv  update_slots: all slots are idle
ollama-1  | [GIN] 2026/10/08 - 09:35:43 | 200 | 39.695657857s |      172.21.0.4 | POST     "/api/generate"
ollama-1  | srv  server_strea: conv_id= (empty=1)
ollama-1  | slot get_availabl: id  0 | task -1 |  - checking sim = 0.781 (350/448) > 0.100
ollama-1  | slot get_availabl: id  0 | task -1 | selected slot by LCP similarity, f_sim_best = 0.781 (> 0.100 thold), f_keep = 0.575
ollama-1  | slot launch_slot_: id  0 | task -1 | sampler chain: logits -> ?penalties -> ?dry -> ?top-n-sigma -> top-k -> ?typical -> top-p -> ?min-p -> ?xtc -> temp-ext -> dist 
ollama-1  | slot launch_slot_: id  0 | task -1 | sampler params: 
ollama-1  | 	repeat_last_n = 64, repeat_penalty = 1.000, frequency_penalty = 0.000, presence_penalty = 0.000
ollama-1  | 	dry_multiplier = 0.000, dry_base = 1.750, dry_allowed_length = 2, dry_penalty_last_n = 64
ollama-1  | 	top_k = 40, top_p = 0.900, min_p = 0.000, xtc_probability = 0.000, xtc_threshold = 0.100, typical_p = 1.000, top_n_sigma = -1.000, temp = 0.000
ollama-1  | 	mirostat = 0, mirostat_lr = 0.100, mirostat_ent = 5.000, adaptive_target = -1.000, adaptive_decay = 0.900
ollama-1  | slot launch_slot_: id  0 | task 12464 | processing task, is_child = 0
ollama-1  | slot   operator(): id  0 | task 12464 | new prompt, n_ctx_slot = 4096, n_keep = 4, task.n_tokens = 448
ollama-1  | slot   operator(): id  0 | task 12464 | cached n_tokens = 350, memory_seq_rm [350, end)
ollama-1  | slot init_sampler: id  0 | task 12464 | init sampler, took 0.04 ms, tokens: text = 448, total = 448
ollama-1  | [GIN] 2026/10/08 - 09:35:45 | 200 |      30.803µs |       127.0.0.1 | HEAD     "/"
ollama-1  | [GIN] 2026/10/08 - 09:35:45 | 200 |    1.205768ms |       127.0.0.1 | GET      "/api/tags"
ollama-1  | slot print_timing: id  0 | task 12464 | prompt eval time =    1475.98 ms /    98 tokens (   15.06 ms per token,    66.40 tokens per second)
ollama-1  | slot print_timing: id  0 | task 12464 |        eval time =     633.06 ms /    10 tokens (   70.34 ms per token,    14.22 tokens per second)
ollama-1  | slot print_timing: id  0 | task 12464 |       total time =    2109.03 ms /   108 tokens
ollama-1  | slot print_timing: id  0 | task 12464 |    graphs reused =       8780
ollama-1  | slot      release: id  0 | task 12464 | stop processing: n_tokens = 457, truncated = 0
ollama-1  | srv  update_slots: all slots are idle
ollama-1  | [GIN] 2026/10/08 - 09:35:45 | 200 | 39.591832478s |      172.21.0.4 | POST     "/api/generate"
ollama-1  | srv  server_strea: conv_id= (empty=1)
ollama-1  | slot get_availabl: id  0 | task -1 |  - checking sim = 0.539 (350/649) > 0.100
ollama-1  | slot get_availabl: id  0 | task -1 | selected slot by LCP similarity, f_sim_best = 0.539 (> 0.100 thold), f_keep = 0.766
ollama-1  | slot launch_slot_: id  0 | task -1 | sampler chain: logits -> ?penalties -> ?dry -> ?top-n-sigma -> top-k -> ?typical -> top-p -> ?min-p -> ?xtc -> temp-ext -> dist 
ollama-1  | slot launch_slot_: id  0 | task -1 | sampler params: 
ollama-1  | 	repeat_last_n = 64, repeat_penalty = 1.000, frequency_penalty = 0.000, presence_penalty = 0.000
ollama-1  | 	dry_multiplier = 0.000, dry_base = 1.750, dry_allowed_length = 2, dry_penalty_last_n = 64
ollama-1  | 	top_k = 40, top_p = 0.900, min_p = 0.000, xtc_probability = 0.000, xtc_threshold = 0.100, typical_p = 1.000, top_n_sigma = -1.000, temp = 0.000
ollama-1  | 	mirostat = 0, mirostat_lr = 0.100, mirostat_ent = 5.000, adaptive_target = -1.000, adaptive_decay = 0.900
ollama-1  | slot launch_slot_: id  0 | task 12475 | processing task, is_child = 0
ollama-1  | slot   operator(): id  0 | task 12475 | new prompt, n_ctx_slot = 4096, n_keep = 4, task.n_tokens = 649
ollama-1  | slot   operator(): id  0 | task 12475 | cached n_tokens = 350, memory_seq_rm [350, end)
ollama-1  | slot init_sampler: id  0 | task 12475 | init sampler, took 0.05 ms, tokens: text = 649, total = 649
ollama-1  | slot print_timing: id  0 | task 12475 | prompt eval time =    4448.51 ms /   299 tokens (   14.88 ms per token,    67.21 tokens per second)
ollama-1  | slot print_timing: id  0 | task 12475 |        eval time =     623.88 ms /    10 tokens (   69.32 ms per token,    14.43 tokens per second)
ollama-1  | slot print_timing: id  0 | task 12475 |       total time =    5072.39 ms /   309 tokens
ollama-1  | slot print_timing: id  0 | task 12475 |    graphs reused =       8788
ollama-1  | slot      release: id  0 | task 12475 | stop processing: n_tokens = 658, truncated = 0
ollama-1  | srv  update_slots: all slots are idle
ollama-1  | [GIN] 2026/10/08 - 09:35:51 | 200 | 44.656769116s |      172.21.0.4 | POST     "/api/generate"
ollama-1  | srv  server_strea: conv_id= (empty=1)
ollama-1  | slot get_availabl: id  0 | task -1 |  - checking sim = 0.707 (350/495) > 0.100
ollama-1  | slot get_availabl: id  0 | task -1 | selected slot by LCP similarity, f_sim_best = 0.707 (> 0.100 thold), f_keep = 0.532
ollama-1  | slot launch_slot_: id  0 | task -1 | sampler chain: logits -> ?penalties -> ?dry -> ?top-n-sigma -> top-k -> ?typical -> top-p -> ?min-p -> ?xtc -> temp-ext -> dist 
ollama-1  | slot launch_slot_: id  0 | task -1 | sampler params: 
ollama-1  | 	repeat_last_n = 64, repeat_penalty = 1.000, frequency_penalty = 0.000, presence_penalty = 0.000
ollama-1  | 	dry_multiplier = 0.000, dry_base = 1.750, dry_allowed_length = 2, dry_penalty_last_n = 64
ollama-1  | 	top_k = 40, top_p = 0.900, min_p = 0.000, xtc_probability = 0.000, xtc_threshold = 0.100, typical_p = 1.000, top_n_sigma = -1.000, temp = 0.000
ollama-1  | 	mirostat = 0, mirostat_lr = 0.100, mirostat_ent = 5.000, adaptive_target = -1.000, adaptive_decay = 0.900
ollama-1  | slot launch_slot_: id  0 | task 12486 | processing task, is_child = 0
ollama-1  | slot   operator(): id  0 | task 12486 | new prompt, n_ctx_slot = 4096, n_keep = 4, task.n_tokens = 495
ollama-1  | slot   operator(): id  0 | task 12486 | cached n_tokens = 350, memory_seq_rm [350, end)
ollama-1  | slot init_sampler: id  0 | task 12486 | init sampler, took 0.06 ms, tokens: text = 495, total = 495
ollama-1  | slot print_timing: id  0 | task 12486 | prompt eval time =    2178.77 ms /   145 tokens (   15.03 ms per token,    66.55 tokens per second)
ollama-1  | slot print_timing: id  0 | task 12486 |        eval time =     548.11 ms /     9 tokens (   68.51 ms per token,    14.60 tokens per second)
ollama-1  | slot print_timing: id  0 | task 12486 |       total time =    2726.88 ms /   154 tokens
ollama-1  | slot print_timing: id  0 | task 12486 |    graphs reused =       8795
ollama-1  | slot      release: id  0 | task 12486 | stop processing: n_tokens = 503, truncated = 0
ollama-1  | srv  update_slots: all slots are idle
ollama-1  | [GIN] 2026/10/08 - 09:35:54 | 200 | 41.029996752s |      172.21.0.4 | POST     "/api/generate"
ollama-1  | srv  server_strea: conv_id= (empty=1)
ollama-1  | slot get_availabl: id  0 | task -1 |  - checking sim = 0.837 (350/418) > 0.100
ollama-1  | slot get_availabl: id  0 | task -1 | selected slot by LCP similarity, f_sim_best = 0.837 (> 0.100 thold), f_keep = 0.696
ollama-1  | slot launch_slot_: id  0 | task -1 | sampler chain: logits -> ?penalties -> ?dry -> ?top-n-sigma -> top-k -> ?typical -> top-p -> ?min-p -> ?xtc -> temp-ext -> dist 
ollama-1  | slot launch_slot_: id  0 | task -1 | sampler params: 
ollama-1  | 	repeat_last_n = 64, repeat_penalty = 1.000, frequency_penalty = 0.000, presence_penalty = 0.000
ollama-1  | 	dry_multiplier = 0.000, dry_base = 1.750, dry_allowed_length = 2, dry_penalty_last_n = 64
ollama-1  | 	top_k = 40, top_p = 0.900, min_p = 0.000, xtc_probability = 0.000, xtc_threshold = 0.100, typical_p = 1.000, top_n_sigma = -1.000, temp = 0.000
ollama-1  | 	mirostat = 0, mirostat_lr = 0.100, mirostat_ent = 5.000, adaptive_target = -1.000, adaptive_decay = 0.900
ollama-1  | slot launch_slot_: id  0 | task 12496 | processing task, is_child = 0
ollama-1  | slot   operator(): id  0 | task 12496 | new prompt, n_ctx_slot = 4096, n_keep = 4, task.n_tokens = 418
ollama-1  | slot   operator(): id  0 | task 12496 | cached n_tokens = 350, memory_seq_rm [350, end)
ollama-1  | slot init_sampler: id  0 | task 12496 | init sampler, took 0.05 ms, tokens: text = 418, total = 418
ollama-1  | slot print_timing: id  0 | task 12496 | prompt eval time =    1031.61 ms /    68 tokens (   15.17 ms per token,    65.92 tokens per second)
ollama-1  | slot print_timing: id  0 | task 12496 |        eval time =     564.10 ms /     9 tokens (   70.51 ms per token,    14.18 tokens per second)
ollama-1  | slot print_timing: id  0 | task 12496 |       total time =    1595.71 ms /    77 tokens
ollama-1  | slot print_timing: id  0 | task 12496 |    graphs reused =       8802
ollama-1  | slot      release: id  0 | task 12496 | stop processing: n_tokens = 426, truncated = 0
ollama-1  | srv  update_slots: all slots are idle
ollama-1  | [GIN] 2026/10/08 - 09:35:56 | 200 | 42.331717035s |      172.21.0.4 | POST     "/api/generate"
ollama-1  | srv  server_strea: conv_id= (empty=1)
ollama-1  | slot get_availabl: id  0 | task -1 |  - checking sim = 0.633 (350/553) > 0.100
ollama-1  | slot get_availabl: id  0 | task -1 | selected slot by LCP similarity, f_sim_best = 0.633 (> 0.100 thold), f_keep = 0.822
ollama-1  | slot launch_slot_: id  0 | task -1 | sampler chain: logits -> ?penalties -> ?dry -> ?top-n-sigma -> top-k -> ?typical -> top-p -> ?min-p -> ?xtc -> temp-ext -> dist 
ollama-1  | slot launch_slot_: id  0 | task -1 | sampler params: 
ollama-1  | 	repeat_last_n = 64, repeat_penalty = 1.000, frequency_penalty = 0.000, presence_penalty = 0.000
ollama-1  | 	dry_multiplier = 0.000, dry_base = 1.750, dry_allowed_length = 2, dry_penalty_last_n = 64
ollama-1  | 	top_k = 40, top_p = 0.900, min_p = 0.000, xtc_probability = 0.000, xtc_threshold = 0.100, typical_p = 1.000, top_n_sigma = -1.000, temp = 0.000
ollama-1  | 	mirostat = 0, mirostat_lr = 0.100, mirostat_ent = 5.000, adaptive_target = -1.000, adaptive_decay = 0.900
ollama-1  | slot launch_slot_: id  0 | task 12506 | processing task, is_child = 0
ollama-1  | slot   operator(): id  0 | task 12506 | new prompt, n_ctx_slot = 4096, n_keep = 4, task.n_tokens = 553
ollama-1  | slot   operator(): id  0 | task 12506 | cached n_tokens = 350, memory_seq_rm [350, end)
ollama-1  | slot init_sampler: id  0 | task 12506 | init sampler, took 0.06 ms, tokens: text = 553, total = 553
ollama-1  | [GIN] 2026/10/08 - 09:35:56 | 200 |      29.081µs |       127.0.0.1 | HEAD     "/"
ollama-1  | [GIN] 2026/10/08 - 09:35:56 | 200 |     1.46052ms |       127.0.0.1 | GET      "/api/tags"
ollama-1  | slot print_timing: id  0 | task 12506 | prompt eval time =    3063.82 ms /   203 tokens (   15.09 ms per token,    66.26 tokens per second)
ollama-1  | slot print_timing: id  0 | task 12506 |        eval time =     662.92 ms /    10 tokens (   73.66 ms per token,    13.58 tokens per second)
ollama-1  | slot print_timing: id  0 | task 12506 |       total time =    3726.74 ms /   213 tokens
ollama-1  | slot print_timing: id  0 | task 12506 |    graphs reused =       8810
ollama-1  | slot      release: id  0 | task 12506 | stop processing: n_tokens = 562, truncated = 0
ollama-1  | srv  update_slots: all slots are idle
ollama-1  | [GIN] 2026/10/08 - 09:35:59 | 200 | 45.985911405s |      172.21.0.4 | POST     "/api/generate"
ollama-1  | srv  server_strea: conv_id= (empty=1)
ollama-1  | slot get_availabl: id  0 | task -1 |  - checking sim = 0.740 (350/473) > 0.100
ollama-1  | slot get_availabl: id  0 | task -1 | selected slot by LCP similarity, f_sim_best = 0.740 (> 0.100 thold), f_keep = 0.623
ollama-1  | slot launch_slot_: id  0 | task -1 | sampler chain: logits -> ?penalties -> ?dry -> ?top-n-sigma -> top-k -> ?typical -> top-p -> ?min-p -> ?xtc -> temp-ext -> dist 
ollama-1  | slot launch_slot_: id  0 | task -1 | sampler params: 
ollama-1  | 	repeat_last_n = 64, repeat_penalty = 1.000, frequency_penalty = 0.000, presence_penalty = 0.000
ollama-1  | 	dry_multiplier = 0.000, dry_base = 1.750, dry_allowed_length = 2, dry_penalty_last_n = 64
ollama-1  | 	top_k = 40, top_p = 0.900, min_p = 0.000, xtc_probability = 0.000, xtc_threshold = 0.100, typical_p = 1.000, top_n_sigma = -1.000, temp = 0.000
ollama-1  | 	mirostat = 0, mirostat_lr = 0.100, mirostat_ent = 5.000, adaptive_target = -1.000, adaptive_decay = 0.900
ollama-1  | slot launch_slot_: id  0 | task 12517 | processing task, is_child = 0
ollama-1  | slot   operator(): id  0 | task 12517 | new prompt, n_ctx_slot = 4096, n_keep = 4, task.n_tokens = 473
ollama-1  | slot   operator(): id  0 | task 12517 | cached n_tokens = 350, memory_seq_rm [350, end)
ollama-1  | slot init_sampler: id  0 | task 12517 | init sampler, took 0.05 ms, tokens: text = 473, total = 473
ollama-1  | slot print_timing: id  0 | task 12517 | prompt eval time =    1921.36 ms /   123 tokens (   15.62 ms per token,    64.02 tokens per second)
ollama-1  | slot print_timing: id  0 | task 12517 |        eval time =     578.67 ms /     9 tokens (   72.33 ms per token,    13.82 tokens per second)
ollama-1  | slot print_timing: id  0 | task 12517 |       total time =    2500.03 ms /   132 tokens
ollama-1  | slot print_timing: id  0 | task 12517 |    graphs reused =       8817
ollama-1  | slot      release: id  0 | task 12517 | stop processing: n_tokens = 481, truncated = 0
ollama-1  | srv  update_slots: all slots are idle
ollama-1  | [GIN] 2026/10/08 - 09:36:02 | 200 | 41.739930449s |      172.21.0.4 | POST     "/api/generate"
ollama-1  | srv  server_strea: conv_id= (empty=1)
ollama-1  | slot get_availabl: id  0 | task -1 |  - checking sim = 0.663 (350/528) > 0.100
ollama-1  | slot get_availabl: id  0 | task -1 | selected slot by LCP similarity, f_sim_best = 0.663 (> 0.100 thold), f_keep = 0.728
ollama-1  | slot launch_slot_: id  0 | task -1 | sampler chain: logits -> ?penalties -> ?dry -> ?top-n-sigma -> top-k -> ?typical -> top-p -> ?min-p -> ?xtc -> temp-ext -> dist 
ollama-1  | slot launch_slot_: id  0 | task -1 | sampler params: 
ollama-1  | 	repeat_last_n = 64, repeat_penalty = 1.000, frequency_penalty = 0.000, presence_penalty = 0.000
ollama-1  | 	dry_multiplier = 0.000, dry_base = 1.750, dry_allowed_length = 2, dry_penalty_last_n = 64
ollama-1  | 	top_k = 40, top_p = 0.900, min_p = 0.000, xtc_probability = 0.000, xtc_threshold = 0.100, typical_p = 1.000, top_n_sigma = -1.000, temp = 0.000
ollama-1  | 	mirostat = 0, mirostat_lr = 0.100, mirostat_ent = 5.000, adaptive_target = -1.000, adaptive_decay = 0.900
ollama-1  | slot launch_slot_: id  0 | task 12527 | processing task, is_child = 0
ollama-1  | slot   operator(): id  0 | task 12527 | new prompt, n_ctx_slot = 4096, n_keep = 4, task.n_tokens = 528
ollama-1  | slot   operator(): id  0 | task 12527 | cached n_tokens = 350, memory_seq_rm [350, end)
ollama-1  | slot init_sampler: id  0 | task 12527 | init sampler, took 0.06 ms, tokens: text = 528, total = 528
ollama-1  | [GIN] 2026/10/08 - 09:36:04 | 200 |       60.29µs |      172.21.0.1 | GET      "/api/ps"
ollama-1  | [GIN] 2026/10/08 - 09:36:04 | 200 |      29.677µs |       127.0.0.1 | HEAD     "/"
ollama-1  | [GIN] 2026/10/08 - 09:36:04 | 200 |      27.999µs |       127.0.0.1 | GET      "/api/ps"
ollama-1  | slot print_timing: id  0 | task 12527 | prompt eval time =    2669.27 ms /   178 tokens (   15.00 ms per token,    66.68 tokens per second)
ollama-1  | slot print_timing: id  0 | task 12527 |        eval time =     664.27 ms /    10 tokens (   73.81 ms per token,    13.55 tokens per second)
ollama-1  | slot print_timing: id  0 | task 12527 |       total time =    3333.54 ms /   188 tokens
ollama-1  | slot print_timing: id  0 | task 12527 |    graphs reused =       8825
ollama-1  | slot      release: id  0 | task 12527 | stop processing: n_tokens = 537, truncated = 0
ollama-1  | srv  update_slots: all slots are idle
ollama-1  | [GIN] 2026/10/08 - 09:36:05 | 200 | 43.414210075s |      172.21.0.4 | POST     "/api/generate"
ollama-1  | srv  server_strea: conv_id= (empty=1)
ollama-1  | slot get_availabl: id  0 | task -1 |  - checking sim = 0.720 (350/486) > 0.100
ollama-1  | slot get_availabl: id  0 | task -1 | selected slot by LCP similarity, f_sim_best = 0.720 (> 0.100 thold), f_keep = 0.652
ollama-1  | slot launch_slot_: id  0 | task -1 | sampler chain: logits -> ?penalties -> ?dry -> ?top-n-sigma -> top-k -> ?typical -> top-p -> ?min-p -> ?xtc -> temp-ext -> dist 
ollama-1  | slot launch_slot_: id  0 | task -1 | sampler params: 
ollama-1  | 	repeat_last_n = 64, repeat_penalty = 1.000, frequency_penalty = 0.000, presence_penalty = 0.000
ollama-1  | 	dry_multiplier = 0.000, dry_base = 1.750, dry_allowed_length = 2, dry_penalty_last_n = 64
ollama-1  | 	top_k = 40, top_p = 0.900, min_p = 0.000, xtc_probability = 0.000, xtc_threshold = 0.100, typical_p = 1.000, top_n_sigma = -1.000, temp = 0.000
ollama-1  | 	mirostat = 0, mirostat_lr = 0.100, mirostat_ent = 5.000, adaptive_target = -1.000, adaptive_decay = 0.900
ollama-1  | slot launch_slot_: id  0 | task 12538 | processing task, is_child = 0
ollama-1  | slot   operator(): id  0 | task 12538 | new prompt, n_ctx_slot = 4096, n_keep = 4, task.n_tokens = 486
ollama-1  | slot   operator(): id  0 | task 12538 | cached n_tokens = 350, memory_seq_rm [350, end)
ollama-1  | slot init_sampler: id  0 | task 12538 | init sampler, took 0.06 ms, tokens: text = 486, total = 486
ollama-1  | time=2026-10-08T09:36:06.004Z level=INFO source=llama_server.go:1633 msg="aborting completion request due to client closing the connection"
ollama-1  | time=2026-10-08T09:36:06.004Z level=INFO source=llama_server.go:1633 msg="aborting completion request due to client closing the connection"
ollama-1  | time=2026-10-08T09:36:06.004Z level=INFO source=llama_server.go:1633 msg="aborting completion request due to client closing the connection"
ollama-1  | time=2026-10-08T09:36:06.004Z level=INFO source=llama_server.go:1633 msg="aborting completion request due to client closing the connection"
ollama-1  | time=2026-10-08T09:36:06.004Z level=INFO source=llama_server.go:1633 msg="aborting completion request due to client closing the connection"
ollama-1  | time=2026-10-08T09:36:06.004Z level=INFO source=llama_server.go:1633 msg="aborting completion request due to client closing the connection"
ollama-1  | time=2026-10-08T09:36:06.004Z level=INFO source=llama_server.go:1633 msg="aborting completion request due to client closing the connection"
ollama-1  | time=2026-10-08T09:36:06.004Z level=INFO source=llama_server.go:1633 msg="aborting completion request due to client closing the connection"
ollama-1  | time=2026-10-08T09:36:06.004Z level=INFO source=llama_server.go:1633 msg="aborting completion request due to client closing the connection"
ollama-1  | time=2026-10-08T09:36:06.004Z level=INFO source=llama_server.go:1633 msg="aborting completion request due to client closing the connection"
ollama-1  | time=2026-10-08T09:36:06.004Z level=INFO source=llama_server.go:1633 msg="aborting completion request due to client closing the connection"
ollama-1  | time=2026-10-08T09:36:06.004Z level=INFO source=llama_server.go:1633 msg="aborting completion request due to client closing the connection"
ollama-1  | time=2026-10-08T09:36:06.004Z level=INFO source=llama_server.go:1633 msg="aborting completion request due to client closing the connection"
ollama-1  | time=2026-10-08T09:36:06.004Z level=INFO source=llama_server.go:1633 msg="aborting completion request due to client closing the connection"
ollama-1  | time=2026-10-08T09:36:06.004Z level=INFO source=llama_server.go:1633 msg="aborting completion request due to client closing the connection"
ollama-1  | time=2026-10-08T09:36:06.005Z level=INFO source=llama_server.go:1633 msg="aborting completion request due to client closing the connection"
ollama-1  | time=2026-10-08T09:36:06.004Z level=INFO source=llama_server.go:1633 msg="aborting completion request due to client closing the connection"
ollama-1  | time=2026-10-08T09:36:06.004Z level=INFO source=llama_server.go:1633 msg="aborting completion request due to client closing the connection"
ollama-1  | [GIN] 2026/10/08 - 09:36:06 | 500 |   879.63582ms |      172.21.0.4 | POST     "/api/generate"
ollama-1  | [GIN] 2026/10/08 - 09:36:06 | 500 | 28.820417098s |      172.21.0.4 | POST     "/api/generate"
ollama-1  | [GIN] 2026/10/08 - 09:36:06 | 500 |  3.453396033s |      172.21.0.4 | POST     "/api/generate"
ollama-1  | [GIN] 2026/10/08 - 09:36:06 | 500 |  4.845885558s |      172.21.0.4 | POST     "/api/generate"
ollama-1  | [GIN] 2026/10/08 - 09:36:06 | 500 | 28.922338848s |      172.21.0.4 | POST     "/api/generate"
ollama-1  | [GIN] 2026/10/08 - 09:36:06 | 500 | 34.346492358s |      172.21.0.4 | POST     "/api/generate"
ollama-1  | [GIN] 2026/10/08 - 09:36:06 | 500 | 25.174146675s |      172.21.0.4 | POST     "/api/generate"
ollama-1  | [GIN] 2026/10/08 - 09:36:06 | 500 | 28.763088014s |      172.21.0.4 | POST     "/api/generate"
ollama-1  | [GIN] 2026/10/08 - 09:36:06 | 500 |  17.21757608s |      172.21.0.4 | POST     "/api/generate"
ollama-1  | [GIN] 2026/10/08 - 09:36:06 | 500 |  1.833388076s |      172.21.0.4 | POST     "/api/generate"
ollama-1  | [GIN] 2026/10/08 - 09:36:06 | 500 | 11.899295499s |      172.21.0.4 | POST     "/api/generate"
ollama-1  | [GIN] 2026/10/08 - 09:36:06 | 500 | 27.556933406s |      172.21.0.4 | POST     "/api/generate"
ollama-1  | [GIN] 2026/10/08 - 09:36:06 | 500 | 12.325654049s |      172.21.0.4 | POST     "/api/generate"
ollama-1  | [GIN] 2026/10/08 - 09:36:06 | 500 | 25.094224823s |      172.21.0.4 | POST     "/api/generate"
ollama-1  | [GIN] 2026/10/08 - 09:36:06 | 500 | 28.951968936s |      172.21.0.4 | POST     "/api/generate"
ollama-1  | [GIN] 2026/10/08 - 09:36:06 | 500 |  16.12587177s |      172.21.0.4 | POST     "/api/generate"
ollama-1  | [GIN] 2026/10/08 - 09:36:06 | 500 |  25.12430638s |      172.21.0.4 | POST     "/api/generate"
ollama-1  | [GIN] 2026/10/08 - 09:36:06 | 500 | 22.134595253s |      172.21.0.4 | POST     "/api/generate"
ollama-1  | time=2026-10-08T09:36:06.005Z level=INFO source=llama_server.go:1633 msg="aborting completion request due to client closing the connection"
ollama-1  | [GIN] 2026/10/08 - 09:36:06 | 500 |  903.606545ms |      172.21.0.4 | POST     "/api/generate"
ollama-1  | [GIN] 2026/10/08 - 09:36:06 | 500 |  33.60742261s |      172.21.0.4 | POST     "/api/generate"
ollama-1  | [GIN] 2026/10/08 - 09:36:06 | 500 |  8.804010418s |      172.21.0.4 | POST     "/api/generate"
ollama-1  | [GIN] 2026/10/08 - 09:36:06 | 200 |      31.024µs |       127.0.0.1 | HEAD     "/"
ollama-1  | [GIN] 2026/10/08 - 09:36:06 | 200 |    1.358448ms |       127.0.0.1 | GET      "/api/tags"
ollama-1  | srv          stop: cancel task, id_task = 12538
ollama-1  | slot      release: id  0 | task 12538 | stop processing: n_tokens = 486, truncated = 0
ollama-1  | srv  update_slots: all slots are idle
