ollama-1  | [GIN] 2026/10/08 - 04:25:48 | 200 |      13.311µs |      172.21.0.1 | GET      "/api/version"
ollama-1  | [GIN] 2026/10/08 - 04:25:57 | 200 |      14.878µs |       127.0.0.1 | HEAD     "/"
ollama-1  | [GIN] 2026/10/08 - 04:25:57 | 200 |     646.009µs |       127.0.0.1 | GET      "/api/tags"
ollama-1  | [GIN] 2026/10/08 - 04:26:07 | 200 |      15.969µs |       127.0.0.1 | HEAD     "/"
ollama-1  | [GIN] 2026/10/08 - 04:26:07 | 200 |    1.101581ms |       127.0.0.1 | GET      "/api/tags"
ollama-1  | [GIN] 2026/10/08 - 04:26:17 | 200 |      15.196µs |       127.0.0.1 | HEAD     "/"
ollama-1  | [GIN] 2026/10/08 - 04:26:17 | 200 |     635.245µs |       127.0.0.1 | GET      "/api/tags"
ollama-1  | [GIN] 2026/10/08 - 04:26:29 | 200 |      20.025µs |       127.0.0.1 | HEAD     "/"
ollama-1  | [GIN] 2026/10/08 - 04:26:29 | 200 |     672.171µs |       127.0.0.1 | GET      "/api/tags"
ollama-1  | [GIN] 2026/10/08 - 04:26:39 | 200 |      17.513µs |       127.0.0.1 | HEAD     "/"
ollama-1  | [GIN] 2026/10/08 - 04:26:39 | 200 |     713.026µs |       127.0.0.1 | GET      "/api/tags"
ollama-1  | [GIN] 2026/10/08 - 04:26:49 | 200 |      20.477µs |       127.0.0.1 | HEAD     "/"
ollama-1  | [GIN] 2026/10/08 - 04:26:49 | 200 |      725.62µs |       127.0.0.1 | GET      "/api/tags"
ollama-1  | [GIN] 2026/10/08 - 04:27:01 | 200 |      19.381µs |       127.0.0.1 | HEAD     "/"
ollama-1  | [GIN] 2026/10/08 - 04:27:01 | 200 |      696.24µs |       127.0.0.1 | GET      "/api/tags"
ollama-1  | [GIN] 2026/10/08 - 04:27:11 | 200 |       14.93µs |       127.0.0.1 | HEAD     "/"
ollama-1  | [GIN] 2026/10/08 - 04:27:11 | 200 |     660.384µs |       127.0.0.1 | GET      "/api/tags"
ollama-1  | [GIN] 2026/10/08 - 04:27:21 | 200 |      17.681µs |       127.0.0.1 | HEAD     "/"
ollama-1  | [GIN] 2026/10/08 - 04:27:21 | 200 |     769.287µs |       127.0.0.1 | GET      "/api/tags"
ollama-1  | [GIN] 2026/10/08 - 04:27:32 | 200 |      15.491µs |       127.0.0.1 | HEAD     "/"
ollama-1  | [GIN] 2026/10/08 - 04:27:32 | 200 |     657.595µs |       127.0.0.1 | GET      "/api/tags"
ollama-1  | [GIN] 2026/10/08 - 04:27:42 | 200 |      14.474µs |       127.0.0.1 | HEAD     "/"
ollama-1  | [GIN] 2026/10/08 - 04:27:42 | 200 |     678.986µs |       127.0.0.1 | GET      "/api/tags"
ollama-1  | [GIN] 2026/10/08 - 04:27:52 | 200 |      15.879µs |       127.0.0.1 | HEAD     "/"
ollama-1  | [GIN] 2026/10/08 - 04:27:52 | 200 |    1.446165ms |       127.0.0.1 | GET      "/api/tags"
ollama-1  | [GIN] 2026/10/08 - 04:28:04 | 200 |      16.612µs |       127.0.0.1 | HEAD     "/"
ollama-1  | [GIN] 2026/10/08 - 04:28:04 | 200 |    5.508217ms |       127.0.0.1 | GET      "/api/tags"
ollama-1  | srv  server_strea: conv_id= (empty=1)
ollama-1  | slot get_availabl: id  0 | task -1 |  - checking sim = 0.786 (379/482) > 0.100
ollama-1  | slot get_availabl: id  0 | task -1 | selected slot by LCP similarity, f_sim_best = 0.786 (> 0.100 thold), f_keep = 0.888
ollama-1  | slot launch_slot_: id  0 | task -1 | sampler chain: logits -> ?penalties -> ?dry -> ?top-n-sigma -> top-k -> ?typical -> top-p -> ?min-p -> ?xtc -> temp-ext -> dist 
ollama-1  | slot launch_slot_: id  0 | task -1 | sampler params: 
ollama-1  | 	repeat_last_n = 64, repeat_penalty = 1.000, frequency_penalty = 0.000, presence_penalty = 0.000
ollama-1  | 	dry_multiplier = 0.000, dry_base = 1.750, dry_allowed_length = 2, dry_penalty_last_n = 64
ollama-1  | 	top_k = 40, top_p = 0.900, min_p = 0.000, xtc_probability = 0.000, xtc_threshold = 0.100, typical_p = 1.000, top_n_sigma = -1.000, temp = 0.000
ollama-1  | 	mirostat = 0, mirostat_lr = 0.100, mirostat_ent = 5.000, adaptive_target = -1.000, adaptive_decay = 0.900
ollama-1  | slot launch_slot_: id  0 | task 9925 | processing task, is_child = 0
ollama-1  | slot   operator(): id  0 | task 9925 | new prompt, n_ctx_slot = 4096, n_keep = 4, task.n_tokens = 482
ollama-1  | slot   operator(): id  0 | task 9925 | cached n_tokens = 379, memory_seq_rm [379, end)
ollama-1  | slot init_sampler: id  0 | task 9925 | init sampler, took 0.03 ms, tokens: text = 482, total = 482
ollama-1  | slot print_timing: id  0 | task 9925 | prompt eval time =     687.89 ms /   103 tokens (    6.68 ms per token,   149.73 tokens per second)
ollama-1  | slot print_timing: id  0 | task 9925 |        eval time =     278.59 ms /     9 tokens (   34.82 ms per token,    28.72 tokens per second)
ollama-1  | slot print_timing: id  0 | task 9925 |       total time =     966.49 ms /   112 tokens
ollama-1  | slot print_timing: id  0 | task 9925 |    graphs reused =       7131
ollama-1  | slot      release: id  0 | task 9925 | stop processing: n_tokens = 490, truncated = 0
ollama-1  | srv  update_slots: all slots are idle
ollama-1  | [GIN] 2026/10/08 - 04:28:06 | 200 |  973.867353ms |      172.21.0.4 | POST     "/api/generate"
ollama-1  | srv  server_strea: conv_id= (empty=1)
ollama-1  | slot get_availabl: id  0 | task -1 |  - checking sim = 0.625 (379/606) > 0.100
ollama-1  | slot get_availabl: id  0 | task -1 | selected slot by LCP similarity, f_sim_best = 0.625 (> 0.100 thold), f_keep = 0.773
ollama-1  | slot launch_slot_: id  0 | task -1 | sampler chain: logits -> ?penalties -> ?dry -> ?top-n-sigma -> top-k -> ?typical -> top-p -> ?min-p -> ?xtc -> temp-ext -> dist 
ollama-1  | slot launch_slot_: id  0 | task -1 | sampler params: 
ollama-1  | 	repeat_last_n = 64, repeat_penalty = 1.000, frequency_penalty = 0.000, presence_penalty = 0.000
ollama-1  | 	dry_multiplier = 0.000, dry_base = 1.750, dry_allowed_length = 2, dry_penalty_last_n = 64
ollama-1  | 	top_k = 40, top_p = 0.900, min_p = 0.000, xtc_probability = 0.000, xtc_threshold = 0.100, typical_p = 1.000, top_n_sigma = -1.000, temp = 0.000
ollama-1  | 	mirostat = 0, mirostat_lr = 0.100, mirostat_ent = 5.000, adaptive_target = -1.000, adaptive_decay = 0.900
ollama-1  | slot launch_slot_: id  0 | task 9935 | processing task, is_child = 0
ollama-1  | slot   operator(): id  0 | task 9935 | new prompt, n_ctx_slot = 4096, n_keep = 4, task.n_tokens = 606
ollama-1  | slot   operator(): id  0 | task 9935 | cached n_tokens = 379, memory_seq_rm [379, end)
ollama-1  | slot init_sampler: id  0 | task 9935 | init sampler, took 0.10 ms, tokens: text = 606, total = 606
ollama-1  | slot print_timing: id  0 | task 9935 | prompt eval time =    1499.80 ms /   227 tokens (    6.61 ms per token,   151.35 tokens per second)
ollama-1  | slot print_timing: id  0 | task 9935 |        eval time =     292.13 ms /     9 tokens (   36.52 ms per token,    27.38 tokens per second)
ollama-1  | slot print_timing: id  0 | task 9935 |       total time =    1791.93 ms /   236 tokens
ollama-1  | slot print_timing: id  0 | task 9935 |    graphs reused =       7138
ollama-1  | slot      release: id  0 | task 9935 | stop processing: n_tokens = 614, truncated = 0
ollama-1  | srv  update_slots: all slots are idle
ollama-1  | [GIN] 2026/10/08 - 04:28:08 | 200 |  2.771080717s |      172.21.0.4 | POST     "/api/generate"
ollama-1  | srv  server_strea: conv_id= (empty=1)
ollama-1  | slot get_availabl: id  0 | task -1 |  - checking sim = 0.633 (380/600) > 0.100
ollama-1  | slot get_availabl: id  0 | task -1 | selected slot by LCP similarity, f_sim_best = 0.633 (> 0.100 thold), f_keep = 0.619
ollama-1  | slot launch_slot_: id  0 | task -1 | sampler chain: logits -> ?penalties -> ?dry -> ?top-n-sigma -> top-k -> ?typical -> top-p -> ?min-p -> ?xtc -> temp-ext -> dist 
ollama-1  | slot launch_slot_: id  0 | task -1 | sampler params: 
ollama-1  | 	repeat_last_n = 64, repeat_penalty = 1.000, frequency_penalty = 0.000, presence_penalty = 0.000
ollama-1  | 	dry_multiplier = 0.000, dry_base = 1.750, dry_allowed_length = 2, dry_penalty_last_n = 64
ollama-1  | 	top_k = 40, top_p = 0.900, min_p = 0.000, xtc_probability = 0.000, xtc_threshold = 0.100, typical_p = 1.000, top_n_sigma = -1.000, temp = 0.000
ollama-1  | 	mirostat = 0, mirostat_lr = 0.100, mirostat_ent = 5.000, adaptive_target = -1.000, adaptive_decay = 0.900
ollama-1  | slot launch_slot_: id  0 | task 9945 | processing task, is_child = 0
ollama-1  | slot   operator(): id  0 | task 9945 | new prompt, n_ctx_slot = 4096, n_keep = 4, task.n_tokens = 600
ollama-1  | slot   operator(): id  0 | task 9945 | cached n_tokens = 380, memory_seq_rm [380, end)
ollama-1  | slot init_sampler: id  0 | task 9945 | init sampler, took 0.04 ms, tokens: text = 600, total = 600
ollama-1  | slot print_timing: id  0 | task 9945 | prompt eval time =    1506.13 ms /   220 tokens (    6.85 ms per token,   146.07 tokens per second)
ollama-1  | slot print_timing: id  0 | task 9945 |        eval time =     304.89 ms /     9 tokens (   38.11 ms per token,    26.24 tokens per second)
ollama-1  | slot print_timing: id  0 | task 9945 |       total time =    1811.02 ms /   229 tokens
ollama-1  | slot print_timing: id  0 | task 9945 |    graphs reused =       7145
ollama-1  | slot      release: id  0 | task 9945 | stop processing: n_tokens = 608, truncated = 0
ollama-1  | srv  update_slots: all slots are idle
ollama-1  | [GIN] 2026/10/08 - 04:28:09 | 200 |  4.586435259s |      172.21.0.4 | POST     "/api/generate"
ollama-1  | srv  server_strea: conv_id= (empty=1)
ollama-1  | slot get_availabl: id  0 | task -1 |  - checking sim = 0.681 (380/558) > 0.100
ollama-1  | slot get_availabl: id  0 | task -1 | selected slot by LCP similarity, f_sim_best = 0.681 (> 0.100 thold), f_keep = 0.625
ollama-1  | slot launch_slot_: id  0 | task -1 | sampler chain: logits -> ?penalties -> ?dry -> ?top-n-sigma -> top-k -> ?typical -> top-p -> ?min-p -> ?xtc -> temp-ext -> dist 
ollama-1  | slot launch_slot_: id  0 | task -1 | sampler params: 
ollama-1  | 	repeat_last_n = 64, repeat_penalty = 1.000, frequency_penalty = 0.000, presence_penalty = 0.000
ollama-1  | 	dry_multiplier = 0.000, dry_base = 1.750, dry_allowed_length = 2, dry_penalty_last_n = 64
ollama-1  | 	top_k = 40, top_p = 0.900, min_p = 0.000, xtc_probability = 0.000, xtc_threshold = 0.100, typical_p = 1.000, top_n_sigma = -1.000, temp = 0.000
ollama-1  | 	mirostat = 0, mirostat_lr = 0.100, mirostat_ent = 5.000, adaptive_target = -1.000, adaptive_decay = 0.900
ollama-1  | slot launch_slot_: id  0 | task 9955 | processing task, is_child = 0
ollama-1  | slot   operator(): id  0 | task 9955 | new prompt, n_ctx_slot = 4096, n_keep = 4, task.n_tokens = 558
ollama-1  | slot   operator(): id  0 | task 9955 | cached n_tokens = 380, memory_seq_rm [380, end)
ollama-1  | slot init_sampler: id  0 | task 9955 | init sampler, took 0.04 ms, tokens: text = 558, total = 558
ollama-1  | slot print_timing: id  0 | task 9955 | prompt eval time =    1191.49 ms /   178 tokens (    6.69 ms per token,   149.39 tokens per second)
ollama-1  | slot print_timing: id  0 | task 9955 |        eval time =     303.42 ms /     9 tokens (   37.93 ms per token,    26.37 tokens per second)
ollama-1  | slot print_timing: id  0 | task 9955 |       total time =    1494.91 ms /   187 tokens
ollama-1  | slot print_timing: id  0 | task 9955 |    graphs reused =       7152
ollama-1  | slot      release: id  0 | task 9955 | stop processing: n_tokens = 566, truncated = 0
ollama-1  | srv  update_slots: all slots are idle
ollama-1  | [GIN] 2026/10/08 - 04:28:11 | 200 |   6.08651639s |      172.21.0.4 | POST     "/api/generate"
ollama-1  | srv  server_strea: conv_id= (empty=1)
ollama-1  | slot get_availabl: id  0 | task -1 |  - checking sim = 0.463 (379/819) > 0.100
ollama-1  | slot get_availabl: id  0 | task -1 | selected slot by LCP similarity, f_sim_best = 0.463 (> 0.100 thold), f_keep = 0.670
ollama-1  | slot launch_slot_: id  0 | task -1 | sampler chain: logits -> ?penalties -> ?dry -> ?top-n-sigma -> top-k -> ?typical -> top-p -> ?min-p -> ?xtc -> temp-ext -> dist 
ollama-1  | slot launch_slot_: id  0 | task -1 | sampler params: 
ollama-1  | 	repeat_last_n = 64, repeat_penalty = 1.000, frequency_penalty = 0.000, presence_penalty = 0.000
ollama-1  | 	dry_multiplier = 0.000, dry_base = 1.750, dry_allowed_length = 2, dry_penalty_last_n = 64
ollama-1  | 	top_k = 40, top_p = 0.900, min_p = 0.000, xtc_probability = 0.000, xtc_threshold = 0.100, typical_p = 1.000, top_n_sigma = -1.000, temp = 0.000
ollama-1  | 	mirostat = 0, mirostat_lr = 0.100, mirostat_ent = 5.000, adaptive_target = -1.000, adaptive_decay = 0.900
ollama-1  | slot launch_slot_: id  0 | task 9965 | processing task, is_child = 0
ollama-1  | slot   operator(): id  0 | task 9965 | new prompt, n_ctx_slot = 4096, n_keep = 4, task.n_tokens = 819
ollama-1  | slot   operator(): id  0 | task 9965 | cached n_tokens = 379, memory_seq_rm [379, end)
ollama-1  | slot init_sampler: id  0 | task 9965 | init sampler, took 0.06 ms, tokens: text = 819, total = 819
ollama-1  | [GIN] 2026/10/08 - 04:28:14 | 200 |      30.882µs |       127.0.0.1 | HEAD     "/"
ollama-1  | [GIN] 2026/10/08 - 04:28:14 | 200 |    1.403607ms |       127.0.0.1 | GET      "/api/tags"
ollama-1  | slot print_timing: id  0 | task 9965 | prompt eval time =    2938.17 ms /   440 tokens (    6.68 ms per token,   149.75 tokens per second)
ollama-1  | slot print_timing: id  0 | task 9965 |        eval time =     320.83 ms /     9 tokens (   40.10 ms per token,    24.94 tokens per second)
ollama-1  | slot print_timing: id  0 | task 9965 |       total time =    3259.00 ms /   449 tokens
ollama-1  | slot print_timing: id  0 | task 9965 |    graphs reused =       7159
ollama-1  | slot      release: id  0 | task 9965 | stop processing: n_tokens = 827, truncated = 0
ollama-1  | srv  update_slots: all slots are idle
ollama-1  | [GIN] 2026/10/08 - 04:28:14 | 200 |  9.352212431s |      172.21.0.4 | POST     "/api/generate"
ollama-1  | srv  server_strea: conv_id= (empty=1)
ollama-1  | slot get_availabl: id  0 | task -1 |  - checking sim = 0.458 (379/828) > 0.100
ollama-1  | slot get_availabl: id  0 | task -1 | selected slot by LCP similarity, f_sim_best = 0.458 (> 0.100 thold), f_keep = 0.458
ollama-1  | srv  get_availabl: updating prompt cache
ollama-1  | srv   prompt_save:  - saving prompt with length 827, total state size = 310.135 MiB (draft: 0.000 MiB)
ollama-1  | srv          load:  - looking for better prompt, base f_keep = 0.458, f_sim = 0.458
ollama-1  | srv          load:    - prompt with length     890, lcp =     379, f_keep = 0.426, f_sim = 0.458
ollama-1  | srv          load:    - prompt with length     900, lcp =     379, f_keep = 0.421, f_sim = 0.458
ollama-1  | srv          load:    - prompt with length     840, lcp =     379, f_keep = 0.451, f_sim = 0.458
ollama-1  | srv          load:    - prompt with length     770, lcp =     379, f_keep = 0.492, f_sim = 0.458
ollama-1  | srv          load:    - prompt with length     846, lcp =     379, f_keep = 0.448, f_sim = 0.458
ollama-1  | srv          load:    - prompt with length     827, lcp =     379, f_keep = 0.458, f_sim = 0.458
ollama-1  | srv          load:    - prompt with length     888, lcp =     379, f_keep = 0.427, f_sim = 0.458
ollama-1  | srv          load:    - prompt with length     942, lcp =     379, f_keep = 0.402, f_sim = 0.458
ollama-1  | srv          load:    - prompt with length     835, lcp =     379, f_keep = 0.454, f_sim = 0.458
ollama-1  | srv          load:    - prompt with length     835, lcp =     379, f_keep = 0.454, f_sim = 0.458
ollama-1  | srv          load:    - prompt with length     810, lcp =     379, f_keep = 0.468, f_sim = 0.458
ollama-1  | srv          load:    - prompt with length     837, lcp =     379, f_keep = 0.453, f_sim = 0.458
ollama-1  | srv          load:    - prompt with length     893, lcp =     379, f_keep = 0.424, f_sim = 0.458
ollama-1  | srv          load:    - prompt with length    1243, lcp =     379, f_keep = 0.305, f_sim = 0.458
ollama-1  | srv          load:    - prompt with length     779, lcp =     379, f_keep = 0.487, f_sim = 0.458
ollama-1  | srv          load:    - prompt with length     766, lcp =     379, f_keep = 0.495, f_sim = 0.458
ollama-1  | srv          load:    - prompt with length     830, lcp =     379, f_keep = 0.457, f_sim = 0.458
ollama-1  | srv          load:    - prompt with length     801, lcp =     379, f_keep = 0.473, f_sim = 0.458
ollama-1  | srv          load:    - prompt with length     764, lcp =     379, f_keep = 0.496, f_sim = 0.458
ollama-1  | srv          load:    - prompt with length     823, lcp =     380, f_keep = 0.462, f_sim = 0.459
ollama-1  | srv          load:    - prompt with length     862, lcp =     379, f_keep = 0.440, f_sim = 0.458
ollama-1  | srv          load:    - prompt with length     767, lcp =     379, f_keep = 0.494, f_sim = 0.458
ollama-1  | srv          load:    - prompt with length     774, lcp =     379, f_keep = 0.490, f_sim = 0.458
ollama-1  | srv          load:    - prompt with length     873, lcp =     379, f_keep = 0.434, f_sim = 0.458
ollama-1  | srv          load:    - prompt with length     827, lcp =     379, f_keep = 0.458, f_sim = 0.458
ollama-1  | srv          load:  - found better prompt with f_keep = 0.462, f_sim = 0.459
ollama-1  | srv        update:  - cache state: 24 prompts, 7649.877 MiB (limits: 8192.000 MiB, 4096 tokens, 21844 est)
ollama-1  | srv        update:    - prompt 0x39541c60:     890 tokens, checkpoints:  0,   333.761 MiB
ollama-1  | srv        update:    - prompt 0x3bd03820:     900 tokens, checkpoints:  0,   337.511 MiB
ollama-1  | srv        update:    - prompt 0x3bd1ec30:     840 tokens, checkpoints:  0,   315.010 MiB
ollama-1  | srv        update:    - prompt 0x3bd03980:     770 tokens, checkpoints:  0,   288.760 MiB
ollama-1  | srv        update:    - prompt 0x39521940:     846 tokens, checkpoints:  0,   317.260 MiB
ollama-1  | srv        update:    - prompt 0x39903680:     827 tokens, checkpoints:  0,   310.135 MiB
ollama-1  | srv        update:    - prompt 0x3bcf25a0:     888 tokens, checkpoints:  0,   333.011 MiB
ollama-1  | srv        update:    - prompt 0x3bcf1110:     942 tokens, checkpoints:  0,   353.262 MiB
ollama-1  | srv        update:    - prompt 0x39536010:     835 tokens, checkpoints:  0,   313.135 MiB
ollama-1  | srv        update:    - prompt 0x39557930:     835 tokens, checkpoints:  0,   313.135 MiB
ollama-1  | srv        update:    - prompt 0x3bd30760:     810 tokens, checkpoints:  0,   303.760 MiB
ollama-1  | srv        update:    - prompt 0x3bd306b0:     837 tokens, checkpoints:  0,   313.885 MiB
ollama-1  | srv        update:    - prompt 0x3990b4d0:     893 tokens, checkpoints:  0,   334.886 MiB
ollama-1  | srv        update:    - prompt 0x39532a60:    1243 tokens, checkpoints:  0,   466.140 MiB
ollama-1  | srv        update:    - prompt 0x3bcf2440:     779 tokens, checkpoints:  0,   292.135 MiB
ollama-1  | srv        update:    - prompt 0x3bd05200:     766 tokens, checkpoints:  0,   287.260 MiB
ollama-1  | srv        update:    - prompt 0x3bddd230:     830 tokens, checkpoints:  0,   311.260 MiB
ollama-1  | srv        update:    - prompt 0x3952d930:     801 tokens, checkpoints:  0,   300.385 MiB
ollama-1  | srv        update:    - prompt 0x39544a40:     764 tokens, checkpoints:  0,   286.509 MiB
ollama-1  | srv        update:    - prompt 0x3bd27a40:     862 tokens, checkpoints:  0,   323.261 MiB
ollama-1  | srv        update:    - prompt 0x3bd038d0:     767 tokens, checkpoints:  0,   287.635 MiB
ollama-1  | srv        update:    - prompt 0x39541bb0:     774 tokens, checkpoints:  0,   290.260 MiB
ollama-1  | srv        update:    - prompt 0x39530080:     873 tokens, checkpoints:  0,   327.386 MiB
ollama-1  | srv        update:    - prompt 0x3990f8f0:     827 tokens, checkpoints:  0,   310.135 MiB
ollama-1  | srv  get_availabl: prompt cache update took 240.25 ms
ollama-1  | slot launch_slot_: id  0 | task -1 | sampler chain: logits -> ?penalties -> ?dry -> ?top-n-sigma -> top-k -> ?typical -> top-p -> ?min-p -> ?xtc -> temp-ext -> dist 
ollama-1  | slot launch_slot_: id  0 | task -1 | sampler params: 
ollama-1  | 	repeat_last_n = 64, repeat_penalty = 1.000, frequency_penalty = 0.000, presence_penalty = 0.000
ollama-1  | 	dry_multiplier = 0.000, dry_base = 1.750, dry_allowed_length = 2, dry_penalty_last_n = 64
ollama-1  | 	top_k = 40, top_p = 0.900, min_p = 0.000, xtc_probability = 0.000, xtc_threshold = 0.100, typical_p = 1.000, top_n_sigma = -1.000, temp = 0.000
ollama-1  | 	mirostat = 0, mirostat_lr = 0.100, mirostat_ent = 5.000, adaptive_target = -1.000, adaptive_decay = 0.900
ollama-1  | slot launch_slot_: id  0 | task 9975 | processing task, is_child = 0
ollama-1  | slot   operator(): id  0 | task 9975 | new prompt, n_ctx_slot = 4096, n_keep = 4, task.n_tokens = 828
ollama-1  | slot   operator(): id  0 | task 9975 | cached n_tokens = 380, memory_seq_rm [380, end)
ollama-1  | slot init_sampler: id  0 | task 9975 | init sampler, took 0.06 ms, tokens: text = 828, total = 828
ollama-1  | slot print_timing: id  0 | task 9975 | prompt eval time =    3018.02 ms /   448 tokens (    6.74 ms per token,   148.44 tokens per second)
ollama-1  | slot print_timing: id  0 | task 9975 |        eval time =     301.45 ms /     9 tokens (   37.68 ms per token,    26.54 tokens per second)
ollama-1  | slot print_timing: id  0 | task 9975 |       total time =    3319.47 ms /   457 tokens
ollama-1  | slot print_timing: id  0 | task 9975 |    graphs reused =       7166
ollama-1  | slot      release: id  0 | task 9975 | stop processing: n_tokens = 836, truncated = 0
ollama-1  | srv  update_slots: all slots are idle
ollama-1  | [GIN] 2026/10/08 - 04:28:18 | 200 | 11.708670695s |      172.21.0.4 | POST     "/api/generate"
ollama-1  | srv  server_strea: conv_id= (empty=1)
ollama-1  | slot get_availabl: id  0 | task -1 |  - checking sim = 0.623 (379/608) > 0.100
ollama-1  | slot get_availabl: id  0 | task -1 | selected slot by LCP similarity, f_sim_best = 0.623 (> 0.100 thold), f_keep = 0.453
ollama-1  | srv  get_availabl: updating prompt cache
ollama-1  | srv   prompt_save:  - saving prompt with length 836, total state size = 313.510 MiB (draft: 0.000 MiB)
ollama-1  | srv          load:  - looking for better prompt, base f_keep = 0.453, f_sim = 0.623
ollama-1  | srv          load:    - prompt with length     890, lcp =     379, f_keep = 0.426, f_sim = 0.623
ollama-1  | srv          load:    - prompt with length     900, lcp =     379, f_keep = 0.421, f_sim = 0.623
ollama-1  | srv          load:    - prompt with length     840, lcp =     379, f_keep = 0.451, f_sim = 0.623
ollama-1  | srv          load:    - prompt with length     770, lcp =     379, f_keep = 0.492, f_sim = 0.623
ollama-1  | srv          load:    - prompt with length     846, lcp =     379, f_keep = 0.448, f_sim = 0.623
ollama-1  | srv          load:    - prompt with length     827, lcp =     379, f_keep = 0.458, f_sim = 0.623
ollama-1  | srv          load:    - prompt with length     888, lcp =     379, f_keep = 0.427, f_sim = 0.623
ollama-1  | srv          load:    - prompt with length     942, lcp =     379, f_keep = 0.402, f_sim = 0.623
ollama-1  | srv          load:    - prompt with length     835, lcp =     379, f_keep = 0.454, f_sim = 0.623
ollama-1  | srv          load:    - prompt with length     835, lcp =     379, f_keep = 0.454, f_sim = 0.623
ollama-1  | srv          load:    - prompt with length     810, lcp =     379, f_keep = 0.468, f_sim = 0.623
ollama-1  | srv          load:    - prompt with length     837, lcp =     379, f_keep = 0.453, f_sim = 0.623
ollama-1  | srv          load:    - prompt with length     893, lcp =     379, f_keep = 0.424, f_sim = 0.623
ollama-1  | srv          load:    - prompt with length    1243, lcp =     379, f_keep = 0.305, f_sim = 0.623
ollama-1  | srv          load:    - prompt with length     779, lcp =     379, f_keep = 0.487, f_sim = 0.623
ollama-1  | srv          load:    - prompt with length     766, lcp =     379, f_keep = 0.495, f_sim = 0.623
ollama-1  | srv          load:    - prompt with length     830, lcp =     379, f_keep = 0.457, f_sim = 0.623
ollama-1  | srv          load:    - prompt with length     801, lcp =     379, f_keep = 0.473, f_sim = 0.623
ollama-1  | srv          load:    - prompt with length     764, lcp =     379, f_keep = 0.496, f_sim = 0.623
ollama-1  | srv          load:    - prompt with length     862, lcp =     386, f_keep = 0.448, f_sim = 0.635
ollama-1  | srv          load:    - prompt with length     767, lcp =     379, f_keep = 0.494, f_sim = 0.623
ollama-1  | srv          load:    - prompt with length     774, lcp =     379, f_keep = 0.490, f_sim = 0.623
ollama-1  | srv          load:    - prompt with length     873, lcp =     384, f_keep = 0.440, f_sim = 0.632
ollama-1  | srv          load:    - prompt with length     827, lcp =     379, f_keep = 0.458, f_sim = 0.623
ollama-1  | srv          load:    - prompt with length     836, lcp =     379, f_keep = 0.453, f_sim = 0.623
ollama-1  | srv        update:  - cache state: 25 prompts, 7963.387 MiB (limits: 8192.000 MiB, 4096 tokens, 21844 est)
ollama-1  | srv        update:    - prompt 0x39541c60:     890 tokens, checkpoints:  0,   333.761 MiB
ollama-1  | srv        update:    - prompt 0x3bd03820:     900 tokens, checkpoints:  0,   337.511 MiB
ollama-1  | srv        update:    - prompt 0x3bd1ec30:     840 tokens, checkpoints:  0,   315.010 MiB
ollama-1  | srv        update:    - prompt 0x3bd03980:     770 tokens, checkpoints:  0,   288.760 MiB
ollama-1  | srv        update:    - prompt 0x39521940:     846 tokens, checkpoints:  0,   317.260 MiB
ollama-1  | srv        update:    - prompt 0x39903680:     827 tokens, checkpoints:  0,   310.135 MiB
ollama-1  | srv        update:    - prompt 0x3bcf25a0:     888 tokens, checkpoints:  0,   333.011 MiB
ollama-1  | srv        update:    - prompt 0x3bcf1110:     942 tokens, checkpoints:  0,   353.262 MiB
ollama-1  | srv        update:    - prompt 0x39536010:     835 tokens, checkpoints:  0,   313.135 MiB
ollama-1  | srv        update:    - prompt 0x39557930:     835 tokens, checkpoints:  0,   313.135 MiB
ollama-1  | srv        update:    - prompt 0x3bd30760:     810 tokens, checkpoints:  0,   303.760 MiB
ollama-1  | srv        update:    - prompt 0x3bd306b0:     837 tokens, checkpoints:  0,   313.885 MiB
ollama-1  | srv        update:    - prompt 0x3990b4d0:     893 tokens, checkpoints:  0,   334.886 MiB
ollama-1  | srv        update:    - prompt 0x39532a60:    1243 tokens, checkpoints:  0,   466.140 MiB
ollama-1  | srv        update:    - prompt 0x3bcf2440:     779 tokens, checkpoints:  0,   292.135 MiB
ollama-1  | srv        update:    - prompt 0x3bd05200:     766 tokens, checkpoints:  0,   287.260 MiB
ollama-1  | srv        update:    - prompt 0x3bddd230:     830 tokens, checkpoints:  0,   311.260 MiB
ollama-1  | srv        update:    - prompt 0x3952d930:     801 tokens, checkpoints:  0,   300.385 MiB
ollama-1  | srv        update:    - prompt 0x39544a40:     764 tokens, checkpoints:  0,   286.509 MiB
ollama-1  | srv        update:    - prompt 0x3bd27a40:     862 tokens, checkpoints:  0,   323.261 MiB
ollama-1  | srv        update:    - prompt 0x3bd038d0:     767 tokens, checkpoints:  0,   287.635 MiB
ollama-1  | srv        update:    - prompt 0x39541bb0:     774 tokens, checkpoints:  0,   290.260 MiB
ollama-1  | srv        update:    - prompt 0x39530080:     873 tokens, checkpoints:  0,   327.386 MiB
ollama-1  | srv        update:    - prompt 0x3990f8f0:     827 tokens, checkpoints:  0,   310.135 MiB
ollama-1  | srv        update:    - prompt 0x39541d10:     836 tokens, checkpoints:  0,   313.510 MiB
ollama-1  | srv  get_availabl: prompt cache update took 135.88 ms
ollama-1  | slot launch_slot_: id  0 | task -1 | sampler chain: logits -> ?penalties -> ?dry -> ?top-n-sigma -> top-k -> ?typical -> top-p -> ?min-p -> ?xtc -> temp-ext -> dist 
ollama-1  | slot launch_slot_: id  0 | task -1 | sampler params: 
ollama-1  | 	repeat_last_n = 64, repeat_penalty = 1.000, frequency_penalty = 0.000, presence_penalty = 0.000
ollama-1  | 	dry_multiplier = 0.000, dry_base = 1.750, dry_allowed_length = 2, dry_penalty_last_n = 64
ollama-1  | 	top_k = 40, top_p = 0.900, min_p = 0.000, xtc_probability = 0.000, xtc_threshold = 0.100, typical_p = 1.000, top_n_sigma = -1.000, temp = 0.000
ollama-1  | 	mirostat = 0, mirostat_lr = 0.100, mirostat_ent = 5.000, adaptive_target = -1.000, adaptive_decay = 0.900
ollama-1  | slot launch_slot_: id  0 | task 9985 | processing task, is_child = 0
ollama-1  | slot   operator(): id  0 | task 9985 | new prompt, n_ctx_slot = 4096, n_keep = 4, task.n_tokens = 608
ollama-1  | slot   operator(): id  0 | task 9985 | cached n_tokens = 379, memory_seq_rm [379, end)
ollama-1  | slot init_sampler: id  0 | task 9985 | init sampler, took 0.07 ms, tokens: text = 608, total = 608
ollama-1  | slot print_timing: id  0 | task 9985 | prompt eval time =    1561.35 ms /   229 tokens (    6.82 ms per token,   146.67 tokens per second)
ollama-1  | slot print_timing: id  0 | task 9985 |        eval time =     288.45 ms /     9 tokens (   36.06 ms per token,    27.73 tokens per second)
ollama-1  | slot print_timing: id  0 | task 9985 |       total time =    1849.79 ms /   238 tokens
ollama-1  | slot print_timing: id  0 | task 9985 |    graphs reused =       7173
ollama-1  | slot      release: id  0 | task 9985 | stop processing: n_tokens = 616, truncated = 0
ollama-1  | srv  update_slots: all slots are idle
ollama-1  | [GIN] 2026/10/08 - 04:28:20 | 200 | 11.917417786s |      172.21.0.4 | POST     "/api/generate"
ollama-1  | srv  server_strea: conv_id= (empty=1)
ollama-1  | slot get_availabl: id  0 | task -1 |  - checking sim = 0.793 (379/478) > 0.100
ollama-1  | slot get_availabl: id  0 | task -1 | selected slot by LCP similarity, f_sim_best = 0.793 (> 0.100 thold), f_keep = 0.615
ollama-1  | slot launch_slot_: id  0 | task -1 | sampler chain: logits -> ?penalties -> ?dry -> ?top-n-sigma -> top-k -> ?typical -> top-p -> ?min-p -> ?xtc -> temp-ext -> dist 
ollama-1  | slot launch_slot_: id  0 | task -1 | sampler params: 
ollama-1  | 	repeat_last_n = 64, repeat_penalty = 1.000, frequency_penalty = 0.000, presence_penalty = 0.000
ollama-1  | 	dry_multiplier = 0.000, dry_base = 1.750, dry_allowed_length = 2, dry_penalty_last_n = 64
ollama-1  | 	top_k = 40, top_p = 0.900, min_p = 0.000, xtc_probability = 0.000, xtc_threshold = 0.100, typical_p = 1.000, top_n_sigma = -1.000, temp = 0.000
ollama-1  | 	mirostat = 0, mirostat_lr = 0.100, mirostat_ent = 5.000, adaptive_target = -1.000, adaptive_decay = 0.900
ollama-1  | slot launch_slot_: id  0 | task 9995 | processing task, is_child = 0
ollama-1  | slot   operator(): id  0 | task 9995 | new prompt, n_ctx_slot = 4096, n_keep = 4, task.n_tokens = 478
ollama-1  | slot   operator(): id  0 | task 9995 | cached n_tokens = 379, memory_seq_rm [379, end)
ollama-1  | slot init_sampler: id  0 | task 9995 | init sampler, took 0.04 ms, tokens: text = 478, total = 478
ollama-1  | slot print_timing: id  0 | task 9995 | prompt eval time =     701.51 ms /    99 tokens (    7.09 ms per token,   141.12 tokens per second)
ollama-1  | slot print_timing: id  0 | task 9995 |        eval time =     274.95 ms /     9 tokens (   34.37 ms per token,    29.10 tokens per second)
ollama-1  | slot print_timing: id  0 | task 9995 |       total time =     976.46 ms /   108 tokens
ollama-1  | slot print_timing: id  0 | task 9995 |    graphs reused =       7180
ollama-1  | slot      release: id  0 | task 9995 | stop processing: n_tokens = 486, truncated = 0
ollama-1  | srv  update_slots: all slots are idle
ollama-1  | [GIN] 2026/10/08 - 04:28:21 | 200 | 11.842258843s |      172.21.0.4 | POST     "/api/generate"
ollama-1  | srv  server_strea: conv_id= (empty=1)
ollama-1  | slot get_availabl: id  0 | task -1 |  - checking sim = 0.775 (379/489) > 0.100
ollama-1  | slot get_availabl: id  0 | task -1 | selected slot by LCP similarity, f_sim_best = 0.775 (> 0.100 thold), f_keep = 0.780
ollama-1  | slot launch_slot_: id  0 | task -1 | sampler chain: logits -> ?penalties -> ?dry -> ?top-n-sigma -> top-k -> ?typical -> top-p -> ?min-p -> ?xtc -> temp-ext -> dist 
ollama-1  | slot launch_slot_: id  0 | task -1 | sampler params: 
ollama-1  | 	repeat_last_n = 64, repeat_penalty = 1.000, frequency_penalty = 0.000, presence_penalty = 0.000
ollama-1  | 	dry_multiplier = 0.000, dry_base = 1.750, dry_allowed_length = 2, dry_penalty_last_n = 64
ollama-1  | 	top_k = 40, top_p = 0.900, min_p = 0.000, xtc_probability = 0.000, xtc_threshold = 0.100, typical_p = 1.000, top_n_sigma = -1.000, temp = 0.000
ollama-1  | 	mirostat = 0, mirostat_lr = 0.100, mirostat_ent = 5.000, adaptive_target = -1.000, adaptive_decay = 0.900
ollama-1  | slot launch_slot_: id  0 | task 10005 | processing task, is_child = 0
ollama-1  | slot   operator(): id  0 | task 10005 | new prompt, n_ctx_slot = 4096, n_keep = 4, task.n_tokens = 489
ollama-1  | slot   operator(): id  0 | task 10005 | cached n_tokens = 379, memory_seq_rm [379, end)
ollama-1  | slot init_sampler: id  0 | task 10005 | init sampler, took 0.04 ms, tokens: text = 489, total = 489
ollama-1  | slot print_timing: id  0 | task 10005 | prompt eval time =     779.80 ms /   110 tokens (    7.09 ms per token,   141.06 tokens per second)
ollama-1  | slot print_timing: id  0 | task 10005 |        eval time =     274.62 ms /     9 tokens (   34.33 ms per token,    29.13 tokens per second)
ollama-1  | slot print_timing: id  0 | task 10005 |       total time =    1054.42 ms /   119 tokens
ollama-1  | slot print_timing: id  0 | task 10005 |    graphs reused =       7187
ollama-1  | slot      release: id  0 | task 10005 | stop processing: n_tokens = 497, truncated = 0
ollama-1  | srv  update_slots: all slots are idle
ollama-1  | [GIN] 2026/10/08 - 04:28:22 | 200 | 12.076414287s |      172.21.0.4 | POST     "/api/generate"
ollama-1  | srv  server_strea: conv_id= (empty=1)
ollama-1  | slot get_availabl: id  0 | task -1 |  - checking sim = 0.556 (379/682) > 0.100
ollama-1  | slot get_availabl: id  0 | task -1 | selected slot by LCP similarity, f_sim_best = 0.556 (> 0.100 thold), f_keep = 0.763
ollama-1  | slot launch_slot_: id  0 | task -1 | sampler chain: logits -> ?penalties -> ?dry -> ?top-n-sigma -> top-k -> ?typical -> top-p -> ?min-p -> ?xtc -> temp-ext -> dist 
ollama-1  | slot launch_slot_: id  0 | task -1 | sampler params: 
ollama-1  | 	repeat_last_n = 64, repeat_penalty = 1.000, frequency_penalty = 0.000, presence_penalty = 0.000
ollama-1  | 	dry_multiplier = 0.000, dry_base = 1.750, dry_allowed_length = 2, dry_penalty_last_n = 64
ollama-1  | 	top_k = 40, top_p = 0.900, min_p = 0.000, xtc_probability = 0.000, xtc_threshold = 0.100, typical_p = 1.000, top_n_sigma = -1.000, temp = 0.000
ollama-1  | 	mirostat = 0, mirostat_lr = 0.100, mirostat_ent = 5.000, adaptive_target = -1.000, adaptive_decay = 0.900
ollama-1  | slot launch_slot_: id  0 | task 10015 | processing task, is_child = 0
ollama-1  | slot   operator(): id  0 | task 10015 | new prompt, n_ctx_slot = 4096, n_keep = 4, task.n_tokens = 682
ollama-1  | slot   operator(): id  0 | task 10015 | cached n_tokens = 379, memory_seq_rm [379, end)
ollama-1  | slot init_sampler: id  0 | task 10015 | init sampler, took 0.08 ms, tokens: text = 682, total = 682
ollama-1  | [GIN] 2026/10/08 - 04:28:24 | 200 |      35.688µs |       127.0.0.1 | HEAD     "/"
ollama-1  | [GIN] 2026/10/08 - 04:28:24 | 200 |     905.525µs |       127.0.0.1 | GET      "/api/tags"
ollama-1  | slot print_timing: id  0 | task 10015 | prompt eval time =    2122.16 ms /   303 tokens (    7.00 ms per token,   142.78 tokens per second)
ollama-1  | slot print_timing: id  0 | task 10015 |        eval time =     300.33 ms /     9 tokens (   37.54 ms per token,    26.64 tokens per second)
ollama-1  | slot print_timing: id  0 | task 10015 |       total time =    2422.49 ms /   312 tokens
ollama-1  | slot print_timing: id  0 | task 10015 |    graphs reused =       7194
ollama-1  | slot      release: id  0 | task 10015 | stop processing: n_tokens = 690, truncated = 0
ollama-1  | srv  update_slots: all slots are idle
ollama-1  | [GIN] 2026/10/08 - 04:28:24 | 200 | 14.485159178s |      172.21.0.4 | POST     "/api/generate"
ollama-1  | srv  server_strea: conv_id= (empty=1)
ollama-1  | slot get_availabl: id  0 | task -1 |  - checking sim = 0.481 (379/788) > 0.100
ollama-1  | slot get_availabl: id  0 | task -1 | selected slot by LCP similarity, f_sim_best = 0.481 (> 0.100 thold), f_keep = 0.549
ollama-1  | slot launch_slot_: id  0 | task -1 | sampler chain: logits -> ?penalties -> ?dry -> ?top-n-sigma -> top-k -> ?typical -> top-p -> ?min-p -> ?xtc -> temp-ext -> dist 
ollama-1  | slot launch_slot_: id  0 | task -1 | sampler params: 
ollama-1  | 	repeat_last_n = 64, repeat_penalty = 1.000, frequency_penalty = 0.000, presence_penalty = 0.000
ollama-1  | 	dry_multiplier = 0.000, dry_base = 1.750, dry_allowed_length = 2, dry_penalty_last_n = 64
ollama-1  | 	top_k = 40, top_p = 0.900, min_p = 0.000, xtc_probability = 0.000, xtc_threshold = 0.100, typical_p = 1.000, top_n_sigma = -1.000, temp = 0.000
ollama-1  | 	mirostat = 0, mirostat_lr = 0.100, mirostat_ent = 5.000, adaptive_target = -1.000, adaptive_decay = 0.900
ollama-1  | slot launch_slot_: id  0 | task 10025 | processing task, is_child = 0
ollama-1  | slot   operator(): id  0 | task 10025 | new prompt, n_ctx_slot = 4096, n_keep = 4, task.n_tokens = 788
ollama-1  | slot   operator(): id  0 | task 10025 | cached n_tokens = 379, memory_seq_rm [379, end)
ollama-1  | slot init_sampler: id  0 | task 10025 | init sampler, took 0.09 ms, tokens: text = 788, total = 788
ollama-1  | slot print_timing: id  0 | task 10025 | prompt eval time =    2899.60 ms /   409 tokens (    7.09 ms per token,   141.05 tokens per second)
ollama-1  | slot print_timing: id  0 | task 10025 |        eval time =     303.91 ms /     9 tokens (   37.99 ms per token,    26.32 tokens per second)
ollama-1  | slot print_timing: id  0 | task 10025 |       total time =    3203.51 ms /   418 tokens
ollama-1  | slot print_timing: id  0 | task 10025 |    graphs reused =       7201
ollama-1  | slot      release: id  0 | task 10025 | stop processing: n_tokens = 796, truncated = 0
ollama-1  | srv  update_slots: all slots are idle
ollama-1  | [GIN] 2026/10/08 - 04:28:27 | 200 | 17.457654932s |      172.21.0.4 | POST     "/api/generate"
ollama-1  | srv  server_strea: conv_id= (empty=1)
ollama-1  | slot get_availabl: id  0 | task -1 |  - checking sim = 0.532 (379/713) > 0.100
ollama-1  | slot get_availabl: id  0 | task -1 | selected slot by LCP similarity, f_sim_best = 0.532 (> 0.100 thold), f_keep = 0.476
ollama-1  | srv  get_availabl: updating prompt cache
ollama-1  | srv   prompt_save:  - saving prompt with length 796, total state size = 298.510 MiB (draft: 0.000 MiB)
ollama-1  | srv         alloc:  - making room for prompt cache entry, removing oldest entry (size = 333.761 MiB)
ollama-1  | srv          load:  - looking for better prompt, base f_keep = 0.476, f_sim = 0.532
ollama-1  | srv          load:    - prompt with length     900, lcp =     379, f_keep = 0.421, f_sim = 0.532
ollama-1  | srv          load:    - prompt with length     840, lcp =     379, f_keep = 0.451, f_sim = 0.532
ollama-1  | srv          load:    - prompt with length     770, lcp =     379, f_keep = 0.492, f_sim = 0.532
ollama-1  | srv          load:    - prompt with length     846, lcp =     379, f_keep = 0.448, f_sim = 0.532
ollama-1  | srv          load:    - prompt with length     827, lcp =     379, f_keep = 0.458, f_sim = 0.532
ollama-1  | srv          load:    - prompt with length     888, lcp =     379, f_keep = 0.427, f_sim = 0.532
ollama-1  | srv          load:    - prompt with length     942, lcp =     379, f_keep = 0.402, f_sim = 0.532
ollama-1  | srv          load:    - prompt with length     835, lcp =     379, f_keep = 0.454, f_sim = 0.532
ollama-1  | srv          load:    - prompt with length     835, lcp =     379, f_keep = 0.454, f_sim = 0.532
ollama-1  | srv          load:    - prompt with length     810, lcp =     379, f_keep = 0.468, f_sim = 0.532
ollama-1  | srv          load:    - prompt with length     837, lcp =     379, f_keep = 0.453, f_sim = 0.532
ollama-1  | srv          load:    - prompt with length     893, lcp =     379, f_keep = 0.424, f_sim = 0.532
ollama-1  | srv          load:    - prompt with length    1243, lcp =     379, f_keep = 0.305, f_sim = 0.532
ollama-1  | srv          load:    - prompt with length     779, lcp =     379, f_keep = 0.487, f_sim = 0.532
ollama-1  | srv          load:    - prompt with length     766, lcp =     379, f_keep = 0.495, f_sim = 0.532
ollama-1  | srv          load:    - prompt with length     830, lcp =     379, f_keep = 0.457, f_sim = 0.532
ollama-1  | srv          load:    - prompt with length     801, lcp =     379, f_keep = 0.473, f_sim = 0.532
ollama-1  | srv          load:    - prompt with length     764, lcp =     379, f_keep = 0.496, f_sim = 0.532
ollama-1  | srv          load:    - prompt with length     862, lcp =     379, f_keep = 0.440, f_sim = 0.532
ollama-1  | srv          load:    - prompt with length     767, lcp =     379, f_keep = 0.494, f_sim = 0.532
ollama-1  | srv          load:    - prompt with length     774, lcp =     379, f_keep = 0.490, f_sim = 0.532
ollama-1  | srv          load:    - prompt with length     873, lcp =     379, f_keep = 0.434, f_sim = 0.532
ollama-1  | srv          load:    - prompt with length     827, lcp =     379, f_keep = 0.458, f_sim = 0.532
ollama-1  | srv          load:    - prompt with length     836, lcp =     379, f_keep = 0.453, f_sim = 0.532
ollama-1  | srv          load:    - prompt with length     796, lcp =     379, f_keep = 0.476, f_sim = 0.532
ollama-1  | srv        update:  - cache state: 25 prompts, 7928.136 MiB (limits: 8192.000 MiB, 4096 tokens, 21844 est)
ollama-1  | srv        update:    - prompt 0x3bd03820:     900 tokens, checkpoints:  0,   337.511 MiB
ollama-1  | srv        update:    - prompt 0x3bd1ec30:     840 tokens, checkpoints:  0,   315.010 MiB
ollama-1  | srv        update:    - prompt 0x3bd03980:     770 tokens, checkpoints:  0,   288.760 MiB
ollama-1  | srv        update:    - prompt 0x39521940:     846 tokens, checkpoints:  0,   317.260 MiB
ollama-1  | srv        update:    - prompt 0x39903680:     827 tokens, checkpoints:  0,   310.135 MiB
ollama-1  | srv        update:    - prompt 0x3bcf25a0:     888 tokens, checkpoints:  0,   333.011 MiB
ollama-1  | srv        update:    - prompt 0x3bcf1110:     942 tokens, checkpoints:  0,   353.262 MiB
ollama-1  | srv        update:    - prompt 0x39536010:     835 tokens, checkpoints:  0,   313.135 MiB
ollama-1  | srv        update:    - prompt 0x39557930:     835 tokens, checkpoints:  0,   313.135 MiB
ollama-1  | srv        update:    - prompt 0x3bd30760:     810 tokens, checkpoints:  0,   303.760 MiB
ollama-1  | srv        update:    - prompt 0x3bd306b0:     837 tokens, checkpoints:  0,   313.885 MiB
ollama-1  | srv        update:    - prompt 0x3990b4d0:     893 tokens, checkpoints:  0,   334.886 MiB
ollama-1  | srv        update:    - prompt 0x39532a60:    1243 tokens, checkpoints:  0,   466.140 MiB
ollama-1  | srv        update:    - prompt 0x3bcf2440:     779 tokens, checkpoints:  0,   292.135 MiB
ollama-1  | srv        update:    - prompt 0x3bd05200:     766 tokens, checkpoints:  0,   287.260 MiB
ollama-1  | srv        update:    - prompt 0x3bddd230:     830 tokens, checkpoints:  0,   311.260 MiB
ollama-1  | srv        update:    - prompt 0x3952d930:     801 tokens, checkpoints:  0,   300.385 MiB
ollama-1  | srv        update:    - prompt 0x39544a40:     764 tokens, checkpoints:  0,   286.509 MiB
ollama-1  | srv        update:    - prompt 0x3bd27a40:     862 tokens, checkpoints:  0,   323.261 MiB
ollama-1  | srv        update:    - prompt 0x3bd038d0:     767 tokens, checkpoints:  0,   287.635 MiB
ollama-1  | srv        update:    - prompt 0x39541bb0:     774 tokens, checkpoints:  0,   290.260 MiB
ollama-1  | srv        update:    - prompt 0x39530080:     873 tokens, checkpoints:  0,   327.386 MiB
ollama-1  | srv        update:    - prompt 0x3990f8f0:     827 tokens, checkpoints:  0,   310.135 MiB
ollama-1  | srv        update:    - prompt 0x39541d10:     836 tokens, checkpoints:  0,   313.510 MiB
ollama-1  | srv        update:    - prompt 0x39541c60:     796 tokens, checkpoints:  0,   298.510 MiB
ollama-1  | srv  get_availabl: prompt cache update took 231.23 ms
ollama-1  | slot launch_slot_: id  0 | task -1 | sampler chain: logits -> ?penalties -> ?dry -> ?top-n-sigma -> top-k -> ?typical -> top-p -> ?min-p -> ?xtc -> temp-ext -> dist 
ollama-1  | slot launch_slot_: id  0 | task -1 | sampler params: 
ollama-1  | 	repeat_last_n = 64, repeat_penalty = 1.000, frequency_penalty = 0.000, presence_penalty = 0.000
ollama-1  | 	dry_multiplier = 0.000, dry_base = 1.750, dry_allowed_length = 2, dry_penalty_last_n = 64
ollama-1  | 	top_k = 40, top_p = 0.900, min_p = 0.000, xtc_probability = 0.000, xtc_threshold = 0.100, typical_p = 1.000, top_n_sigma = -1.000, temp = 0.000
ollama-1  | 	mirostat = 0, mirostat_lr = 0.100, mirostat_ent = 5.000, adaptive_target = -1.000, adaptive_decay = 0.900
ollama-1  | slot launch_slot_: id  0 | task 10035 | processing task, is_child = 0
ollama-1  | slot   operator(): id  0 | task 10035 | new prompt, n_ctx_slot = 4096, n_keep = 4, task.n_tokens = 713
ollama-1  | slot   operator(): id  0 | task 10035 | cached n_tokens = 379, memory_seq_rm [379, end)
ollama-1  | slot init_sampler: id  0 | task 10035 | init sampler, took 0.05 ms, tokens: text = 713, total = 713
ollama-1  | slot print_timing: id  0 | task 10035 | prompt eval time =    2355.10 ms /   334 tokens (    7.05 ms per token,   141.82 tokens per second)
ollama-1  | slot print_timing: id  0 | task 10035 |        eval time =     289.16 ms /     9 tokens (   36.14 ms per token,    27.67 tokens per second)
ollama-1  | slot print_timing: id  0 | task 10035 |       total time =    2644.25 ms /   343 tokens
ollama-1  | slot print_timing: id  0 | task 10035 |    graphs reused =       7208
ollama-1  | slot      release: id  0 | task 10035 | stop processing: n_tokens = 721, truncated = 0
ollama-1  | srv  update_slots: all slots are idle
ollama-1  | [GIN] 2026/10/08 - 04:28:30 | 200 | 20.008797933s |      172.21.0.4 | POST     "/api/generate"
ollama-1  | srv  server_strea: conv_id= (empty=1)
ollama-1  | slot get_availabl: id  0 | task -1 |  - checking sim = 0.716 (379/529) > 0.100
ollama-1  | slot get_availabl: id  0 | task -1 | selected slot by LCP similarity, f_sim_best = 0.716 (> 0.100 thold), f_keep = 0.526
ollama-1  | slot launch_slot_: id  0 | task -1 | sampler chain: logits -> ?penalties -> ?dry -> ?top-n-sigma -> top-k -> ?typical -> top-p -> ?min-p -> ?xtc -> temp-ext -> dist 
ollama-1  | slot launch_slot_: id  0 | task -1 | sampler params: 
ollama-1  | 	repeat_last_n = 64, repeat_penalty = 1.000, frequency_penalty = 0.000, presence_penalty = 0.000
ollama-1  | 	dry_multiplier = 0.000, dry_base = 1.750, dry_allowed_length = 2, dry_penalty_last_n = 64
ollama-1  | 	top_k = 40, top_p = 0.900, min_p = 0.000, xtc_probability = 0.000, xtc_threshold = 0.100, typical_p = 1.000, top_n_sigma = -1.000, temp = 0.000
ollama-1  | 	mirostat = 0, mirostat_lr = 0.100, mirostat_ent = 5.000, adaptive_target = -1.000, adaptive_decay = 0.900
ollama-1  | slot launch_slot_: id  0 | task 10045 | processing task, is_child = 0
ollama-1  | slot   operator(): id  0 | task 10045 | new prompt, n_ctx_slot = 4096, n_keep = 4, task.n_tokens = 529
ollama-1  | slot   operator(): id  0 | task 10045 | cached n_tokens = 379, memory_seq_rm [379, end)
ollama-1  | slot init_sampler: id  0 | task 10045 | init sampler, took 0.04 ms, tokens: text = 529, total = 529
ollama-1  | slot print_timing: id  0 | task 10045 | prompt eval time =    1087.42 ms /   150 tokens (    7.25 ms per token,   137.94 tokens per second)
ollama-1  | slot print_timing: id  0 | task 10045 |        eval time =     288.49 ms /     9 tokens (   36.06 ms per token,    27.73 tokens per second)
ollama-1  | slot print_timing: id  0 | task 10045 |       total time =    1375.90 ms /   159 tokens
ollama-1  | slot print_timing: id  0 | task 10045 |    graphs reused =       7215
ollama-1  | slot      release: id  0 | task 10045 | stop processing: n_tokens = 537, truncated = 0
ollama-1  | srv  update_slots: all slots are idle
ollama-1  | [GIN] 2026/10/08 - 04:28:33 | 200 | 20.821349546s |      172.21.0.4 | POST     "/api/generate"
ollama-1  | srv  server_strea: conv_id= (empty=1)
ollama-1  | slot get_availabl: id  0 | task -1 |  - checking sim = 0.693 (379/547) > 0.100
ollama-1  | slot get_availabl: id  0 | task -1 | selected slot by LCP similarity, f_sim_best = 0.693 (> 0.100 thold), f_keep = 0.706
ollama-1  | slot launch_slot_: id  0 | task -1 | sampler chain: logits -> ?penalties -> ?dry -> ?top-n-sigma -> top-k -> ?typical -> top-p -> ?min-p -> ?xtc -> temp-ext -> dist 
ollama-1  | slot launch_slot_: id  0 | task -1 | sampler params: 
ollama-1  | 	repeat_last_n = 64, repeat_penalty = 1.000, frequency_penalty = 0.000, presence_penalty = 0.000
ollama-1  | 	dry_multiplier = 0.000, dry_base = 1.750, dry_allowed_length = 2, dry_penalty_last_n = 64
ollama-1  | 	top_k = 40, top_p = 0.900, min_p = 0.000, xtc_probability = 0.000, xtc_threshold = 0.100, typical_p = 1.000, top_n_sigma = -1.000, temp = 0.000
ollama-1  | 	mirostat = 0, mirostat_lr = 0.100, mirostat_ent = 5.000, adaptive_target = -1.000, adaptive_decay = 0.900
ollama-1  | slot launch_slot_: id  0 | task 10055 | processing task, is_child = 0
ollama-1  | slot   operator(): id  0 | task 10055 | new prompt, n_ctx_slot = 4096, n_keep = 4, task.n_tokens = 547
ollama-1  | slot   operator(): id  0 | task 10055 | cached n_tokens = 379, memory_seq_rm [379, end)
ollama-1  | slot init_sampler: id  0 | task 10055 | init sampler, took 0.04 ms, tokens: text = 547, total = 547
ollama-1  | slot print_timing: id  0 | task 10055 | prompt eval time =    1196.85 ms /   168 tokens (    7.12 ms per token,   140.37 tokens per second)
ollama-1  | slot print_timing: id  0 | task 10055 |        eval time =     332.07 ms /    10 tokens (   36.90 ms per token,    27.10 tokens per second)
ollama-1  | slot print_timing: id  0 | task 10055 |       total time =    1528.92 ms /   178 tokens
ollama-1  | slot print_timing: id  0 | task 10055 |    graphs reused =       7223
ollama-1  | slot      release: id  0 | task 10055 | stop processing: n_tokens = 556, truncated = 0
ollama-1  | srv  update_slots: all slots are idle
ollama-1  | [GIN] 2026/10/08 - 04:28:35 | 200 | 22.318800398s |      172.21.0.4 | POST     "/api/generate"
ollama-1  | srv  server_strea: conv_id= (empty=1)
ollama-1  | slot get_availabl: id  0 | task -1 |  - checking sim = 0.487 (379/779) > 0.100
ollama-1  | slot get_availabl: id  0 | task -1 | selected slot by LCP similarity, f_sim_best = 0.487 (> 0.100 thold), f_keep = 0.682
ollama-1  | slot launch_slot_: id  0 | task -1 | sampler chain: logits -> ?penalties -> ?dry -> ?top-n-sigma -> top-k -> ?typical -> top-p -> ?min-p -> ?xtc -> temp-ext -> dist 
ollama-1  | slot launch_slot_: id  0 | task -1 | sampler params: 
ollama-1  | 	repeat_last_n = 64, repeat_penalty = 1.000, frequency_penalty = 0.000, presence_penalty = 0.000
ollama-1  | 	dry_multiplier = 0.000, dry_base = 1.750, dry_allowed_length = 2, dry_penalty_last_n = 64
ollama-1  | 	top_k = 40, top_p = 0.900, min_p = 0.000, xtc_probability = 0.000, xtc_threshold = 0.100, typical_p = 1.000, top_n_sigma = -1.000, temp = 0.000
ollama-1  | 	mirostat = 0, mirostat_lr = 0.100, mirostat_ent = 5.000, adaptive_target = -1.000, adaptive_decay = 0.900
ollama-1  | slot launch_slot_: id  0 | task 10066 | processing task, is_child = 0
ollama-1  | slot   operator(): id  0 | task 10066 | new prompt, n_ctx_slot = 4096, n_keep = 4, task.n_tokens = 779
ollama-1  | slot   operator(): id  0 | task 10066 | cached n_tokens = 379, memory_seq_rm [379, end)
ollama-1  | slot init_sampler: id  0 | task 10066 | init sampler, took 0.06 ms, tokens: text = 779, total = 779
ollama-1  | [GIN] 2026/10/08 - 04:28:36 | 200 |      26.555µs |       127.0.0.1 | HEAD     "/"
ollama-1  | [GIN] 2026/10/08 - 04:28:36 | 200 |    1.382585ms |       127.0.0.1 | GET      "/api/tags"
ollama-1  | slot print_timing: id  0 | task 10066 | prompt eval time =    2835.14 ms /   400 tokens (    7.09 ms per token,   141.09 tokens per second)
ollama-1  | slot print_timing: id  0 | task 10066 |        eval time =     374.33 ms /    11 tokens (   37.43 ms per token,    26.71 tokens per second)
ollama-1  | slot print_timing: id  0 | task 10066 |       total time =    3209.47 ms /   411 tokens
ollama-1  | slot print_timing: id  0 | task 10066 |    graphs reused =       7232
ollama-1  | slot      release: id  0 | task 10066 | stop processing: n_tokens = 789, truncated = 0
ollama-1  | srv  update_slots: all slots are idle
ollama-1  | [GIN] 2026/10/08 - 04:28:38 | 200 | 25.461305292s |      172.21.0.4 | POST     "/api/generate"
ollama-1  | srv  server_strea: conv_id= (empty=1)
ollama-1  | slot get_availabl: id  0 | task -1 |  - checking sim = 0.679 (379/558) > 0.100
ollama-1  | slot get_availabl: id  0 | task -1 | selected slot by LCP similarity, f_sim_best = 0.679 (> 0.100 thold), f_keep = 0.480
ollama-1  | srv  get_availabl: updating prompt cache
ollama-1  | srv   prompt_save:  - saving prompt with length 789, total state size = 295.885 MiB (draft: 0.000 MiB)
ollama-1  | srv         alloc:  - making room for prompt cache entry, removing oldest entry (size = 337.511 MiB)
ollama-1  | srv          load:  - looking for better prompt, base f_keep = 0.480, f_sim = 0.679
ollama-1  | srv          load:    - prompt with length     840, lcp =     379, f_keep = 0.451, f_sim = 0.679
ollama-1  | srv          load:    - prompt with length     770, lcp =     380, f_keep = 0.494, f_sim = 0.681
ollama-1  | srv          load:    - prompt with length     846, lcp =     381, f_keep = 0.450, f_sim = 0.683
ollama-1  | srv          load:    - prompt with length     827, lcp =     379, f_keep = 0.458, f_sim = 0.679
ollama-1  | srv          load:    - prompt with length     888, lcp =     380, f_keep = 0.428, f_sim = 0.681
ollama-1  | srv          load:    - prompt with length     942, lcp =     379, f_keep = 0.402, f_sim = 0.679
ollama-1  | srv          load:    - prompt with length     835, lcp =     380, f_keep = 0.455, f_sim = 0.681
ollama-1  | srv          load:    - prompt with length     835, lcp =     379, f_keep = 0.454, f_sim = 0.679
ollama-1  | srv          load:    - prompt with length     810, lcp =     380, f_keep = 0.469, f_sim = 0.681
ollama-1  | srv          load:    - prompt with length     837, lcp =     379, f_keep = 0.453, f_sim = 0.679
ollama-1  | srv          load:    - prompt with length     893, lcp =     380, f_keep = 0.426, f_sim = 0.681
ollama-1  | srv          load:    - prompt with length    1243, lcp =     379, f_keep = 0.305, f_sim = 0.679
ollama-1  | srv          load:    - prompt with length     779, lcp =     379, f_keep = 0.487, f_sim = 0.679
ollama-1  | srv          load:    - prompt with length     766, lcp =     379, f_keep = 0.495, f_sim = 0.679
ollama-1  | srv          load:    - prompt with length     830, lcp =     379, f_keep = 0.457, f_sim = 0.679
ollama-1  | srv          load:    - prompt with length     801, lcp =     379, f_keep = 0.473, f_sim = 0.679
ollama-1  | srv          load:    - prompt with length     764, lcp =     379, f_keep = 0.496, f_sim = 0.679
ollama-1  | srv          load:    - prompt with length     862, lcp =     379, f_keep = 0.440, f_sim = 0.679
ollama-1  | srv          load:    - prompt with length     767, lcp =     379, f_keep = 0.494, f_sim = 0.679
ollama-1  | srv          load:    - prompt with length     774, lcp =     380, f_keep = 0.491, f_sim = 0.681
ollama-1  | srv          load:    - prompt with length     873, lcp =     379, f_keep = 0.434, f_sim = 0.679
ollama-1  | srv          load:    - prompt with length     827, lcp =     379, f_keep = 0.458, f_sim = 0.679
ollama-1  | srv          load:    - prompt with length     836, lcp =     379, f_keep = 0.453, f_sim = 0.679
ollama-1  | srv          load:    - prompt with length     796, lcp =     379, f_keep = 0.476, f_sim = 0.679
ollama-1  | srv          load:    - prompt with length     789, lcp =     379, f_keep = 0.480, f_sim = 0.679
ollama-1  | srv          load:  - found better prompt with f_keep = 0.494, f_sim = 0.681
ollama-1  | srv        update:  - cache state: 24 prompts, 7597.750 MiB (limits: 8192.000 MiB, 4096 tokens, 21844 est)
ollama-1  | srv        update:    - prompt 0x3bd1ec30:     840 tokens, checkpoints:  0,   315.010 MiB
ollama-1  | srv        update:    - prompt 0x39521940:     846 tokens, checkpoints:  0,   317.260 MiB
ollama-1  | srv        update:    - prompt 0x39903680:     827 tokens, checkpoints:  0,   310.135 MiB
ollama-1  | srv        update:    - prompt 0x3bcf25a0:     888 tokens, checkpoints:  0,   333.011 MiB
ollama-1  | srv        update:    - prompt 0x3bcf1110:     942 tokens, checkpoints:  0,   353.262 MiB
ollama-1  | srv        update:    - prompt 0x39536010:     835 tokens, checkpoints:  0,   313.135 MiB
ollama-1  | srv        update:    - prompt 0x39557930:     835 tokens, checkpoints:  0,   313.135 MiB
ollama-1  | srv        update:    - prompt 0x3bd30760:     810 tokens, checkpoints:  0,   303.760 MiB
ollama-1  | srv        update:    - prompt 0x3bd306b0:     837 tokens, checkpoints:  0,   313.885 MiB
ollama-1  | srv        update:    - prompt 0x3990b4d0:     893 tokens, checkpoints:  0,   334.886 MiB
ollama-1  | srv        update:    - prompt 0x39532a60:    1243 tokens, checkpoints:  0,   466.140 MiB
ollama-1  | srv        update:    - prompt 0x3bcf2440:     779 tokens, checkpoints:  0,   292.135 MiB
ollama-1  | srv        update:    - prompt 0x3bd05200:     766 tokens, checkpoints:  0,   287.260 MiB
ollama-1  | srv        update:    - prompt 0x3bddd230:     830 tokens, checkpoints:  0,   311.260 MiB
ollama-1  | srv        update:    - prompt 0x3952d930:     801 tokens, checkpoints:  0,   300.385 MiB
ollama-1  | srv        update:    - prompt 0x39544a40:     764 tokens, checkpoints:  0,   286.509 MiB
ollama-1  | srv        update:    - prompt 0x3bd27a40:     862 tokens, checkpoints:  0,   323.261 MiB
ollama-1  | srv        update:    - prompt 0x3bd038d0:     767 tokens, checkpoints:  0,   287.635 MiB
ollama-1  | srv        update:    - prompt 0x39541bb0:     774 tokens, checkpoints:  0,   290.260 MiB
ollama-1  | srv        update:    - prompt 0x39530080:     873 tokens, checkpoints:  0,   327.386 MiB
ollama-1  | srv        update:    - prompt 0x3990f8f0:     827 tokens, checkpoints:  0,   310.135 MiB
ollama-1  | srv        update:    - prompt 0x39541d10:     836 tokens, checkpoints:  0,   313.510 MiB
ollama-1  | srv        update:    - prompt 0x39541c60:     796 tokens, checkpoints:  0,   298.510 MiB
ollama-1  | srv        update:    - prompt 0x3bd03820:     789 tokens, checkpoints:  0,   295.885 MiB
ollama-1  | srv  get_availabl: prompt cache update took 281.01 ms
ollama-1  | slot launch_slot_: id  0 | task -1 | sampler chain: logits -> ?penalties -> ?dry -> ?top-n-sigma -> top-k -> ?typical -> top-p -> ?min-p -> ?xtc -> temp-ext -> dist 
ollama-1  | slot launch_slot_: id  0 | task -1 | sampler params: 
ollama-1  | 	repeat_last_n = 64, repeat_penalty = 1.000, frequency_penalty = 0.000, presence_penalty = 0.000
ollama-1  | 	dry_multiplier = 0.000, dry_base = 1.750, dry_allowed_length = 2, dry_penalty_last_n = 64
ollama-1  | 	top_k = 40, top_p = 0.900, min_p = 0.000, xtc_probability = 0.000, xtc_threshold = 0.100, typical_p = 1.000, top_n_sigma = -1.000, temp = 0.000
ollama-1  | 	mirostat = 0, mirostat_lr = 0.100, mirostat_ent = 5.000, adaptive_target = -1.000, adaptive_decay = 0.900
ollama-1  | slot launch_slot_: id  0 | task 10078 | processing task, is_child = 0
ollama-1  | slot   operator(): id  0 | task 10078 | new prompt, n_ctx_slot = 4096, n_keep = 4, task.n_tokens = 558
ollama-1  | slot   operator(): id  0 | task 10078 | cached n_tokens = 380, memory_seq_rm [380, end)
ollama-1  | slot init_sampler: id  0 | task 10078 | init sampler, took 0.04 ms, tokens: text = 558, total = 558
ollama-1  | slot print_timing: id  0 | task 10078 | prompt eval time =    1260.68 ms /   178 tokens (    7.08 ms per token,   141.19 tokens per second)
ollama-1  | slot print_timing: id  0 | task 10078 |        eval time =     276.58 ms /     9 tokens (   34.57 ms per token,    28.93 tokens per second)
ollama-1  | slot print_timing: id  0 | task 10078 |       total time =    1537.25 ms /   187 tokens
ollama-1  | slot print_timing: id  0 | task 10078 |    graphs reused =       7239
ollama-1  | slot      release: id  0 | task 10078 | stop processing: n_tokens = 566, truncated = 0
ollama-1  | srv  update_slots: all slots are idle
ollama-1  | [GIN] 2026/10/08 - 04:28:40 | 200 | 26.869936898s |      172.21.0.4 | POST     "/api/generate"
ollama-1  | srv  server_strea: conv_id= (empty=1)
ollama-1  | slot get_availabl: id  0 | task -1 |  - checking sim = 0.430 (379/882) > 0.100
ollama-1  | slot get_availabl: id  0 | task -1 | selected slot by LCP similarity, f_sim_best = 0.430 (> 0.100 thold), f_keep = 0.670
ollama-1  | slot launch_slot_: id  0 | task -1 | sampler chain: logits -> ?penalties -> ?dry -> ?top-n-sigma -> top-k -> ?typical -> top-p -> ?min-p -> ?xtc -> temp-ext -> dist 
ollama-1  | slot launch_slot_: id  0 | task -1 | sampler params: 
ollama-1  | 	repeat_last_n = 64, repeat_penalty = 1.000, frequency_penalty = 0.000, presence_penalty = 0.000
ollama-1  | 	dry_multiplier = 0.000, dry_base = 1.750, dry_allowed_length = 2, dry_penalty_last_n = 64
ollama-1  | 	top_k = 40, top_p = 0.900, min_p = 0.000, xtc_probability = 0.000, xtc_threshold = 0.100, typical_p = 1.000, top_n_sigma = -1.000, temp = 0.000
ollama-1  | 	mirostat = 0, mirostat_lr = 0.100, mirostat_ent = 5.000, adaptive_target = -1.000, adaptive_decay = 0.900
ollama-1  | slot launch_slot_: id  0 | task 10088 | processing task, is_child = 0
ollama-1  | slot   operator(): id  0 | task 10088 | new prompt, n_ctx_slot = 4096, n_keep = 4, task.n_tokens = 882
ollama-1  | slot   operator(): id  0 | task 10088 | cached n_tokens = 379, memory_seq_rm [379, end)
ollama-1  | slot init_sampler: id  0 | task 10088 | init sampler, took 0.07 ms, tokens: text = 882, total = 882
ollama-1  | slot print_timing: id  0 | task 10088 | prompt eval time =    3545.77 ms /   503 tokens (    7.05 ms per token,   141.86 tokens per second)
ollama-1  | slot print_timing: id  0 | task 10088 |        eval time =     316.63 ms /     9 tokens (   39.58 ms per token,    25.27 tokens per second)
ollama-1  | slot print_timing: id  0 | task 10088 |       total time =    3862.40 ms /   512 tokens
ollama-1  | slot print_timing: id  0 | task 10088 |    graphs reused =       7246
ollama-1  | slot      release: id  0 | task 10088 | stop processing: n_tokens = 890, truncated = 0
ollama-1  | srv  update_slots: all slots are idle
ollama-1  | [GIN] 2026/10/08 - 04:28:44 | 200 | 29.759434903s |      172.21.0.4 | POST     "/api/generate"
ollama-1  | srv  server_strea: conv_id= (empty=1)
ollama-1  | slot get_availabl: id  0 | task -1 |  - checking sim = 0.777 (379/488) > 0.100
ollama-1  | slot get_availabl: id  0 | task -1 | selected slot by LCP similarity, f_sim_best = 0.777 (> 0.100 thold), f_keep = 0.426
ollama-1  | srv  get_availabl: updating prompt cache
ollama-1  | srv   prompt_save:  - saving prompt with length 890, total state size = 333.761 MiB (draft: 0.000 MiB)
ollama-1  | srv          load:  - looking for better prompt, base f_keep = 0.426, f_sim = 0.777
ollama-1  | srv          load:    - prompt with length     840, lcp =     379, f_keep = 0.451, f_sim = 0.777
ollama-1  | srv          load:    - prompt with length     846, lcp =     379, f_keep = 0.448, f_sim = 0.777
ollama-1  | srv          load:    - prompt with length     827, lcp =     379, f_keep = 0.458, f_sim = 0.777
ollama-1  | srv          load:    - prompt with length     888, lcp =     379, f_keep = 0.427, f_sim = 0.777
ollama-1  | srv          load:    - prompt with length     942, lcp =     379, f_keep = 0.402, f_sim = 0.777
ollama-1  | srv          load:    - prompt with length     835, lcp =     379, f_keep = 0.454, f_sim = 0.777
ollama-1  | srv          load:    - prompt with length     835, lcp =     379, f_keep = 0.454, f_sim = 0.777
ollama-1  | srv          load:    - prompt with length     810, lcp =     379, f_keep = 0.468, f_sim = 0.777
ollama-1  | srv          load:    - prompt with length     837, lcp =     379, f_keep = 0.453, f_sim = 0.777
ollama-1  | srv          load:    - prompt with length     893, lcp =     379, f_keep = 0.424, f_sim = 0.777
ollama-1  | srv          load:    - prompt with length    1243, lcp =     379, f_keep = 0.305, f_sim = 0.777
ollama-1  | srv          load:    - prompt with length     779, lcp =     379, f_keep = 0.487, f_sim = 0.777
ollama-1  | srv          load:    - prompt with length     766, lcp =     379, f_keep = 0.495, f_sim = 0.777
ollama-1  | srv          load:    - prompt with length     830, lcp =     379, f_keep = 0.457, f_sim = 0.777
ollama-1  | srv          load:    - prompt with length     801, lcp =     379, f_keep = 0.473, f_sim = 0.777
ollama-1  | srv          load:    - prompt with length     764, lcp =     379, f_keep = 0.496, f_sim = 0.777
ollama-1  | srv          load:    - prompt with length     862, lcp =     379, f_keep = 0.440, f_sim = 0.777
ollama-1  | srv          load:    - prompt with length     767, lcp =     379, f_keep = 0.494, f_sim = 0.777
ollama-1  | srv          load:    - prompt with length     774, lcp =     379, f_keep = 0.490, f_sim = 0.777
ollama-1  | srv          load:    - prompt with length     873, lcp =     379, f_keep = 0.434, f_sim = 0.777
ollama-1  | srv          load:    - prompt with length     827, lcp =     379, f_keep = 0.458, f_sim = 0.777
ollama-1  | srv          load:    - prompt with length     836, lcp =     379, f_keep = 0.453, f_sim = 0.777
ollama-1  | srv          load:    - prompt with length     796, lcp =     379, f_keep = 0.476, f_sim = 0.777
ollama-1  | srv          load:    - prompt with length     789, lcp =     379, f_keep = 0.480, f_sim = 0.777
ollama-1  | srv          load:    - prompt with length     890, lcp =     379, f_keep = 0.426, f_sim = 0.777
ollama-1  | srv        update:  - cache state: 25 prompts, 7931.511 MiB (limits: 8192.000 MiB, 4096 tokens, 21844 est)
ollama-1  | srv        update:    - prompt 0x3bd1ec30:     840 tokens, checkpoints:  0,   315.010 MiB
ollama-1  | srv        update:    - prompt 0x39521940:     846 tokens, checkpoints:  0,   317.260 MiB
ollama-1  | srv        update:    - prompt 0x39903680:     827 tokens, checkpoints:  0,   310.135 MiB
ollama-1  | srv        update:    - prompt 0x3bcf25a0:     888 tokens, checkpoints:  0,   333.011 MiB
ollama-1  | srv        update:    - prompt 0x3bcf1110:     942 tokens, checkpoints:  0,   353.262 MiB
ollama-1  | srv        update:    - prompt 0x39536010:     835 tokens, checkpoints:  0,   313.135 MiB
ollama-1  | srv        update:    - prompt 0x39557930:     835 tokens, checkpoints:  0,   313.135 MiB
ollama-1  | srv        update:    - prompt 0x3bd30760:     810 tokens, checkpoints:  0,   303.760 MiB
ollama-1  | srv        update:    - prompt 0x3bd306b0:     837 tokens, checkpoints:  0,   313.885 MiB
ollama-1  | srv        update:    - prompt 0x3990b4d0:     893 tokens, checkpoints:  0,   334.886 MiB
ollama-1  | srv        update:    - prompt 0x39532a60:    1243 tokens, checkpoints:  0,   466.140 MiB
ollama-1  | srv        update:    - prompt 0x3bcf2440:     779 tokens, checkpoints:  0,   292.135 MiB
ollama-1  | srv        update:    - prompt 0x3bd05200:     766 tokens, checkpoints:  0,   287.260 MiB
ollama-1  | srv        update:    - prompt 0x3bddd230:     830 tokens, checkpoints:  0,   311.260 MiB
ollama-1  | srv        update:    - prompt 0x3952d930:     801 tokens, checkpoints:  0,   300.385 MiB
ollama-1  | srv        update:    - prompt 0x39544a40:     764 tokens, checkpoints:  0,   286.509 MiB
ollama-1  | srv        update:    - prompt 0x3bd27a40:     862 tokens, checkpoints:  0,   323.261 MiB
ollama-1  | srv        update:    - prompt 0x3bd038d0:     767 tokens, checkpoints:  0,   287.635 MiB
ollama-1  | srv        update:    - prompt 0x39541bb0:     774 tokens, checkpoints:  0,   290.260 MiB
ollama-1  | srv        update:    - prompt 0x39530080:     873 tokens, checkpoints:  0,   327.386 MiB
ollama-1  | srv        update:    - prompt 0x3990f8f0:     827 tokens, checkpoints:  0,   310.135 MiB
ollama-1  | srv        update:    - prompt 0x39541d10:     836 tokens, checkpoints:  0,   313.510 MiB
ollama-1  | srv        update:    - prompt 0x39541c60:     796 tokens, checkpoints:  0,   298.510 MiB
ollama-1  | srv        update:    - prompt 0x3bd03820:     789 tokens, checkpoints:  0,   295.885 MiB
ollama-1  | srv        update:    - prompt 0x3bd03980:     890 tokens, checkpoints:  0,   333.761 MiB
ollama-1  | srv  get_availabl: prompt cache update took 165.16 ms
ollama-1  | slot launch_slot_: id  0 | task -1 | sampler chain: logits -> ?penalties -> ?dry -> ?top-n-sigma -> top-k -> ?typical -> top-p -> ?min-p -> ?xtc -> temp-ext -> dist 
ollama-1  | slot launch_slot_: id  0 | task -1 | sampler params: 
ollama-1  | 	repeat_last_n = 64, repeat_penalty = 1.000, frequency_penalty = 0.000, presence_penalty = 0.000
ollama-1  | 	dry_multiplier = 0.000, dry_base = 1.750, dry_allowed_length = 2, dry_penalty_last_n = 64
ollama-1  | 	top_k = 40, top_p = 0.900, min_p = 0.000, xtc_probability = 0.000, xtc_threshold = 0.100, typical_p = 1.000, top_n_sigma = -1.000, temp = 0.000
ollama-1  | 	mirostat = 0, mirostat_lr = 0.100, mirostat_ent = 5.000, adaptive_target = -1.000, adaptive_decay = 0.900
ollama-1  | slot launch_slot_: id  0 | task 10098 | processing task, is_child = 0
ollama-1  | slot   operator(): id  0 | task 10098 | new prompt, n_ctx_slot = 4096, n_keep = 4, task.n_tokens = 488
ollama-1  | slot   operator(): id  0 | task 10098 | cached n_tokens = 379, memory_seq_rm [379, end)
ollama-1  | slot init_sampler: id  0 | task 10098 | init sampler, took 0.05 ms, tokens: text = 488, total = 488
ollama-1  | slot print_timing: id  0 | task 10098 | prompt eval time =     824.73 ms /   109 tokens (    7.57 ms per token,   132.16 tokens per second)
ollama-1  | slot print_timing: id  0 | task 10098 |        eval time =     265.58 ms /     9 tokens (   33.20 ms per token,    30.12 tokens per second)
ollama-1  | slot print_timing: id  0 | task 10098 |       total time =    1090.31 ms /   118 tokens
ollama-1  | slot print_timing: id  0 | task 10098 |    graphs reused =       7253
ollama-1  | slot      release: id  0 | task 10098 | stop processing: n_tokens = 496, truncated = 0
ollama-1  | srv  update_slots: all slots are idle
ollama-1  | [GIN] 2026/10/08 - 04:28:45 | 200 | 30.269542203s |      172.21.0.4 | POST     "/api/generate"
ollama-1  | srv  server_strea: conv_id= (empty=1)
ollama-1  | slot get_availabl: id  0 | task -1 |  - checking sim = 0.649 (379/584) > 0.100
ollama-1  | slot get_availabl: id  0 | task -1 | selected slot by LCP similarity, f_sim_best = 0.649 (> 0.100 thold), f_keep = 0.764
ollama-1  | slot launch_slot_: id  0 | task -1 | sampler chain: logits -> ?penalties -> ?dry -> ?top-n-sigma -> top-k -> ?typical -> top-p -> ?min-p -> ?xtc -> temp-ext -> dist 
ollama-1  | slot launch_slot_: id  0 | task -1 | sampler params: 
ollama-1  | 	repeat_last_n = 64, repeat_penalty = 1.000, frequency_penalty = 0.000, presence_penalty = 0.000
ollama-1  | 	dry_multiplier = 0.000, dry_base = 1.750, dry_allowed_length = 2, dry_penalty_last_n = 64
ollama-1  | 	top_k = 40, top_p = 0.900, min_p = 0.000, xtc_probability = 0.000, xtc_threshold = 0.100, typical_p = 1.000, top_n_sigma = -1.000, temp = 0.000
ollama-1  | 	mirostat = 0, mirostat_lr = 0.100, mirostat_ent = 5.000, adaptive_target = -1.000, adaptive_decay = 0.900
ollama-1  | slot launch_slot_: id  0 | task 10108 | processing task, is_child = 0
ollama-1  | slot   operator(): id  0 | task 10108 | new prompt, n_ctx_slot = 4096, n_keep = 4, task.n_tokens = 584
ollama-1  | slot   operator(): id  0 | task 10108 | cached n_tokens = 379, memory_seq_rm [379, end)
ollama-1  | slot init_sampler: id  0 | task 10108 | init sampler, took 0.04 ms, tokens: text = 584, total = 584
ollama-1  | [GIN] 2026/10/08 - 04:28:46 | 200 |      31.466µs |       127.0.0.1 | HEAD     "/"
ollama-1  | [GIN] 2026/10/08 - 04:28:46 | 200 |    1.474267ms |       127.0.0.1 | GET      "/api/tags"
ollama-1  | slot print_timing: id  0 | task 10108 | prompt eval time =    1502.10 ms /   205 tokens (    7.33 ms per token,   136.48 tokens per second)
ollama-1  | slot print_timing: id  0 | task 10108 |        eval time =     318.73 ms /    10 tokens (   35.41 ms per token,    28.24 tokens per second)
ollama-1  | slot print_timing: id  0 | task 10108 |       total time =    1820.83 ms /   215 tokens
ollama-1  | slot print_timing: id  0 | task 10108 |    graphs reused =       7261
ollama-1  | slot      release: id  0 | task 10108 | stop processing: n_tokens = 593, truncated = 0
ollama-1  | srv  update_slots: all slots are idle
ollama-1  | [GIN] 2026/10/08 - 04:28:47 | 200 | 30.329623156s |      172.21.0.4 | POST     "/api/generate"
ollama-1  | srv  server_strea: conv_id= (empty=1)
ollama-1  | slot get_availabl: id  0 | task -1 |  - checking sim = 0.673 (379/563) > 0.100
ollama-1  | slot get_availabl: id  0 | task -1 | selected slot by LCP similarity, f_sim_best = 0.673 (> 0.100 thold), f_keep = 0.639
ollama-1  | slot launch_slot_: id  0 | task -1 | sampler chain: logits -> ?penalties -> ?dry -> ?top-n-sigma -> top-k -> ?typical -> top-p -> ?min-p -> ?xtc -> temp-ext -> dist 
ollama-1  | slot launch_slot_: id  0 | task -1 | sampler params: 
ollama-1  | 	repeat_last_n = 64, repeat_penalty = 1.000, frequency_penalty = 0.000, presence_penalty = 0.000
ollama-1  | 	dry_multiplier = 0.000, dry_base = 1.750, dry_allowed_length = 2, dry_penalty_last_n = 64
ollama-1  | 	top_k = 40, top_p = 0.900, min_p = 0.000, xtc_probability = 0.000, xtc_threshold = 0.100, typical_p = 1.000, top_n_sigma = -1.000, temp = 0.000
ollama-1  | 	mirostat = 0, mirostat_lr = 0.100, mirostat_ent = 5.000, adaptive_target = -1.000, adaptive_decay = 0.900
ollama-1  | slot launch_slot_: id  0 | task 10119 | processing task, is_child = 0
ollama-1  | slot   operator(): id  0 | task 10119 | new prompt, n_ctx_slot = 4096, n_keep = 4, task.n_tokens = 563
ollama-1  | slot   operator(): id  0 | task 10119 | cached n_tokens = 379, memory_seq_rm [379, end)
ollama-1  | slot init_sampler: id  0 | task 10119 | init sampler, took 0.04 ms, tokens: text = 563, total = 563
ollama-1  | slot print_timing: id  0 | task 10119 | prompt eval time =    1325.14 ms /   184 tokens (    7.20 ms per token,   138.85 tokens per second)
ollama-1  | slot print_timing: id  0 | task 10119 |        eval time =     286.88 ms /     9 tokens (   35.86 ms per token,    27.89 tokens per second)
ollama-1  | slot print_timing: id  0 | task 10119 |       total time =    1612.02 ms /   193 tokens
ollama-1  | slot print_timing: id  0 | task 10119 |    graphs reused =       7268
ollama-1  | slot      release: id  0 | task 10119 | stop processing: n_tokens = 571, truncated = 0
ollama-1  | srv  update_slots: all slots are idle
ollama-1  | [GIN] 2026/10/08 - 04:28:48 | 200 | 29.861104591s |      172.21.0.4 | POST     "/api/generate"
ollama-1  | srv  server_strea: conv_id= (empty=1)
ollama-1  | slot get_availabl: id  0 | task -1 |  - checking sim = 0.658 (379/576) > 0.100
ollama-1  | slot get_availabl: id  0 | task -1 | selected slot by LCP similarity, f_sim_best = 0.658 (> 0.100 thold), f_keep = 0.664
ollama-1  | slot launch_slot_: id  0 | task -1 | sampler chain: logits -> ?penalties -> ?dry -> ?top-n-sigma -> top-k -> ?typical -> top-p -> ?min-p -> ?xtc -> temp-ext -> dist 
ollama-1  | slot launch_slot_: id  0 | task -1 | sampler params: 
ollama-1  | 	repeat_last_n = 64, repeat_penalty = 1.000, frequency_penalty = 0.000, presence_penalty = 0.000
ollama-1  | 	dry_multiplier = 0.000, dry_base = 1.750, dry_allowed_length = 2, dry_penalty_last_n = 64
ollama-1  | 	top_k = 40, top_p = 0.900, min_p = 0.000, xtc_probability = 0.000, xtc_threshold = 0.100, typical_p = 1.000, top_n_sigma = -1.000, temp = 0.000
ollama-1  | 	mirostat = 0, mirostat_lr = 0.100, mirostat_ent = 5.000, adaptive_target = -1.000, adaptive_decay = 0.900
ollama-1  | slot launch_slot_: id  0 | task 10129 | processing task, is_child = 0
ollama-1  | slot   operator(): id  0 | task 10129 | new prompt, n_ctx_slot = 4096, n_keep = 4, task.n_tokens = 576
ollama-1  | slot   operator(): id  0 | task 10129 | cached n_tokens = 379, memory_seq_rm [379, end)
ollama-1  | slot init_sampler: id  0 | task 10129 | init sampler, took 0.04 ms, tokens: text = 576, total = 576
ollama-1  | slot print_timing: id  0 | task 10129 | prompt eval time =    1421.82 ms /   197 tokens (    7.22 ms per token,   138.56 tokens per second)
ollama-1  | slot print_timing: id  0 | task 10129 |        eval time =     345.81 ms /    11 tokens (   34.58 ms per token,    28.92 tokens per second)
ollama-1  | slot print_timing: id  0 | task 10129 |       total time =    1767.62 ms /   208 tokens
ollama-1  | slot print_timing: id  0 | task 10129 |    graphs reused =       7277
ollama-1  | slot      release: id  0 | task 10129 | stop processing: n_tokens = 586, truncated = 0
ollama-1  | srv  update_slots: all slots are idle
ollama-1  | [GIN] 2026/10/08 - 04:28:50 | 200 |  31.00567024s |      172.21.0.4 | POST     "/api/generate"
ollama-1  | srv  server_strea: conv_id= (empty=1)
ollama-1  | slot get_availabl: id  0 | task -1 |  - checking sim = 0.817 (379/464) > 0.100
ollama-1  | slot get_availabl: id  0 | task -1 | selected slot by LCP similarity, f_sim_best = 0.817 (> 0.100 thold), f_keep = 0.647
ollama-1  | slot launch_slot_: id  0 | task -1 | sampler chain: logits -> ?penalties -> ?dry -> ?top-n-sigma -> top-k -> ?typical -> top-p -> ?min-p -> ?xtc -> temp-ext -> dist 
ollama-1  | slot launch_slot_: id  0 | task -1 | sampler params: 
ollama-1  | 	repeat_last_n = 64, repeat_penalty = 1.000, frequency_penalty = 0.000, presence_penalty = 0.000
ollama-1  | 	dry_multiplier = 0.000, dry_base = 1.750, dry_allowed_length = 2, dry_penalty_last_n = 64
ollama-1  | 	top_k = 40, top_p = 0.900, min_p = 0.000, xtc_probability = 0.000, xtc_threshold = 0.100, typical_p = 1.000, top_n_sigma = -1.000, temp = 0.000
ollama-1  | 	mirostat = 0, mirostat_lr = 0.100, mirostat_ent = 5.000, adaptive_target = -1.000, adaptive_decay = 0.900
ollama-1  | slot launch_slot_: id  0 | task 10141 | processing task, is_child = 0
ollama-1  | slot   operator(): id  0 | task 10141 | new prompt, n_ctx_slot = 4096, n_keep = 4, task.n_tokens = 464
ollama-1  | slot   operator(): id  0 | task 10141 | cached n_tokens = 379, memory_seq_rm [379, end)
ollama-1  | slot init_sampler: id  0 | task 10141 | init sampler, took 0.05 ms, tokens: text = 464, total = 464
ollama-1  | slot print_timing: id  0 | task 10141 | prompt eval time =     648.55 ms /    85 tokens (    7.63 ms per token,   131.06 tokens per second)
ollama-1  | slot print_timing: id  0 | task 10141 |        eval time =     267.00 ms /     9 tokens (   33.38 ms per token,    29.96 tokens per second)
ollama-1  | slot print_timing: id  0 | task 10141 |       total time =     915.55 ms /    94 tokens
ollama-1  | slot print_timing: id  0 | task 10141 |    graphs reused =       7284
ollama-1  | slot      release: id  0 | task 10141 | stop processing: n_tokens = 472, truncated = 0
ollama-1  | srv  update_slots: all slots are idle
ollama-1  | [GIN] 2026/10/08 - 04:28:51 | 200 |  30.83326068s |      172.21.0.4 | POST     "/api/generate"
ollama-1  | srv  server_strea: conv_id= (empty=1)
ollama-1  | slot get_availabl: id  0 | task -1 |  - checking sim = 0.498 (380/763) > 0.100
ollama-1  | slot get_availabl: id  0 | task -1 | selected slot by LCP similarity, f_sim_best = 0.498 (> 0.100 thold), f_keep = 0.805
ollama-1  | slot launch_slot_: id  0 | task -1 | sampler chain: logits -> ?penalties -> ?dry -> ?top-n-sigma -> top-k -> ?typical -> top-p -> ?min-p -> ?xtc -> temp-ext -> dist 
ollama-1  | slot launch_slot_: id  0 | task -1 | sampler params: 
ollama-1  | 	repeat_last_n = 64, repeat_penalty = 1.000, frequency_penalty = 0.000, presence_penalty = 0.000
ollama-1  | 	dry_multiplier = 0.000, dry_base = 1.750, dry_allowed_length = 2, dry_penalty_last_n = 64
ollama-1  | 	top_k = 40, top_p = 0.900, min_p = 0.000, xtc_probability = 0.000, xtc_threshold = 0.100, typical_p = 1.000, top_n_sigma = -1.000, temp = 0.000
ollama-1  | 	mirostat = 0, mirostat_lr = 0.100, mirostat_ent = 5.000, adaptive_target = -1.000, adaptive_decay = 0.900
ollama-1  | slot launch_slot_: id  0 | task 10151 | processing task, is_child = 0
ollama-1  | slot   operator(): id  0 | task 10151 | new prompt, n_ctx_slot = 4096, n_keep = 4, task.n_tokens = 763
ollama-1  | slot   operator(): id  0 | task 10151 | cached n_tokens = 380, memory_seq_rm [380, end)
ollama-1  | slot init_sampler: id  0 | task 10151 | init sampler, took 0.07 ms, tokens: text = 763, total = 763
ollama-1  | slot print_timing: id  0 | task 10151 | prompt eval time =    2744.97 ms /   383 tokens (    7.17 ms per token,   139.53 tokens per second)
ollama-1  | slot print_timing: id  0 | task 10151 |        eval time =     288.53 ms /     9 tokens (   36.07 ms per token,    27.73 tokens per second)
ollama-1  | slot print_timing: id  0 | task 10151 |       total time =    3033.50 ms /   392 tokens
ollama-1  | slot print_timing: id  0 | task 10151 |    graphs reused =       7290
ollama-1  | slot      release: id  0 | task 10151 | stop processing: n_tokens = 771, truncated = 0
ollama-1  | srv  update_slots: all slots are idle
ollama-1  | [GIN] 2026/10/08 - 04:28:54 | 200 | 32.971450378s |      172.21.0.4 | POST     "/api/generate"
ollama-1  | srv  server_strea: conv_id= (empty=1)
ollama-1  | slot get_availabl: id  0 | task -1 |  - checking sim = 0.535 (379/708) > 0.100
ollama-1  | slot get_availabl: id  0 | task -1 | selected slot by LCP similarity, f_sim_best = 0.535 (> 0.100 thold), f_keep = 0.492
ollama-1  | srv  get_availabl: updating prompt cache
ollama-1  | srv   prompt_save:  - saving prompt with length 771, total state size = 289.135 MiB (draft: 0.000 MiB)
ollama-1  | srv         alloc:  - making room for prompt cache entry, removing oldest entry (size = 315.010 MiB)
ollama-1  | srv          load:  - looking for better prompt, base f_keep = 0.492, f_sim = 0.535
ollama-1  | srv          load:    - prompt with length     846, lcp =     379, f_keep = 0.448, f_sim = 0.535
ollama-1  | srv          load:    - prompt with length     827, lcp =     379, f_keep = 0.458, f_sim = 0.535
ollama-1  | srv          load:    - prompt with length     888, lcp =     379, f_keep = 0.427, f_sim = 0.535
ollama-1  | srv          load:    - prompt with length     942, lcp =     379, f_keep = 0.402, f_sim = 0.535
ollama-1  | srv          load:    - prompt with length     835, lcp =     379, f_keep = 0.454, f_sim = 0.535
ollama-1  | srv          load:    - prompt with length     835, lcp =     379, f_keep = 0.454, f_sim = 0.535
ollama-1  | srv          load:    - prompt with length     810, lcp =     379, f_keep = 0.468, f_sim = 0.535
ollama-1  | srv          load:    - prompt with length     837, lcp =     379, f_keep = 0.453, f_sim = 0.535
ollama-1  | srv          load:    - prompt with length     893, lcp =     379, f_keep = 0.424, f_sim = 0.535
ollama-1  | srv          load:    - prompt with length    1243, lcp =     379, f_keep = 0.305, f_sim = 0.535
ollama-1  | srv          load:    - prompt with length     779, lcp =     379, f_keep = 0.487, f_sim = 0.535
ollama-1  | srv          load:    - prompt with length     766, lcp =     379, f_keep = 0.495, f_sim = 0.535
ollama-1  | srv          load:    - prompt with length     830, lcp =     379, f_keep = 0.457, f_sim = 0.535
ollama-1  | srv          load:    - prompt with length     801, lcp =     379, f_keep = 0.473, f_sim = 0.535
ollama-1  | srv          load:    - prompt with length     764, lcp =     379, f_keep = 0.496, f_sim = 0.535
ollama-1  | srv          load:    - prompt with length     862, lcp =     379, f_keep = 0.440, f_sim = 0.535
ollama-1  | srv          load:    - prompt with length     767, lcp =     379, f_keep = 0.494, f_sim = 0.535
ollama-1  | srv          load:    - prompt with length     774, lcp =     379, f_keep = 0.490, f_sim = 0.535
ollama-1  | srv          load:    - prompt with length     873, lcp =     379, f_keep = 0.434, f_sim = 0.535
ollama-1  | srv          load:    - prompt with length     827, lcp =     379, f_keep = 0.458, f_sim = 0.535
ollama-1  | srv          load:    - prompt with length     836, lcp =     380, f_keep = 0.455, f_sim = 0.537
ollama-1  | srv          load:    - prompt with length     796, lcp =     379, f_keep = 0.476, f_sim = 0.535
ollama-1  | srv          load:    - prompt with length     789, lcp =     379, f_keep = 0.480, f_sim = 0.535
ollama-1  | srv          load:    - prompt with length     890, lcp =     379, f_keep = 0.426, f_sim = 0.535
ollama-1  | srv          load:    - prompt with length     771, lcp =     379, f_keep = 0.492, f_sim = 0.535
ollama-1  | srv        update:  - cache state: 25 prompts, 7905.635 MiB (limits: 8192.000 MiB, 4096 tokens, 21844 est)
ollama-1  | srv        update:    - prompt 0x39521940:     846 tokens, checkpoints:  0,   317.260 MiB
ollama-1  | srv        update:    - prompt 0x39903680:     827 tokens, checkpoints:  0,   310.135 MiB
ollama-1  | srv        update:    - prompt 0x3bcf25a0:     888 tokens, checkpoints:  0,   333.011 MiB
ollama-1  | srv        update:    - prompt 0x3bcf1110:     942 tokens, checkpoints:  0,   353.262 MiB
ollama-1  | srv        update:    - prompt 0x39536010:     835 tokens, checkpoints:  0,   313.135 MiB
ollama-1  | srv        update:    - prompt 0x39557930:     835 tokens, checkpoints:  0,   313.135 MiB
ollama-1  | srv        update:    - prompt 0x3bd30760:     810 tokens, checkpoints:  0,   303.760 MiB
ollama-1  | srv        update:    - prompt 0x3bd306b0:     837 tokens, checkpoints:  0,   313.885 MiB
ollama-1  | srv        update:    - prompt 0x3990b4d0:     893 tokens, checkpoints:  0,   334.886 MiB
ollama-1  | srv        update:    - prompt 0x39532a60:    1243 tokens, checkpoints:  0,   466.140 MiB
ollama-1  | srv        update:    - prompt 0x3bcf2440:     779 tokens, checkpoints:  0,   292.135 MiB
ollama-1  | srv        update:    - prompt 0x3bd05200:     766 tokens, checkpoints:  0,   287.260 MiB
ollama-1  | srv        update:    - prompt 0x3bddd230:     830 tokens, checkpoints:  0,   311.260 MiB
ollama-1  | srv        update:    - prompt 0x3952d930:     801 tokens, checkpoints:  0,   300.385 MiB
ollama-1  | srv        update:    - prompt 0x39544a40:     764 tokens, checkpoints:  0,   286.509 MiB
ollama-1  | srv        update:    - prompt 0x3bd27a40:     862 tokens, checkpoints:  0,   323.261 MiB
ollama-1  | srv        update:    - prompt 0x3bd038d0:     767 tokens, checkpoints:  0,   287.635 MiB
ollama-1  | srv        update:    - prompt 0x39541bb0:     774 tokens, checkpoints:  0,   290.260 MiB
ollama-1  | srv        update:    - prompt 0x39530080:     873 tokens, checkpoints:  0,   327.386 MiB
ollama-1  | srv        update:    - prompt 0x3990f8f0:     827 tokens, checkpoints:  0,   310.135 MiB
ollama-1  | srv        update:    - prompt 0x39541d10:     836 tokens, checkpoints:  0,   313.510 MiB
ollama-1  | srv        update:    - prompt 0x39541c60:     796 tokens, checkpoints:  0,   298.510 MiB
ollama-1  | srv        update:    - prompt 0x3bd03820:     789 tokens, checkpoints:  0,   295.885 MiB
ollama-1  | srv        update:    - prompt 0x3bd03980:     890 tokens, checkpoints:  0,   333.761 MiB
ollama-1  | srv        update:    - prompt 0x3bd1ec30:     771 tokens, checkpoints:  0,   289.135 MiB
ollama-1  | srv  get_availabl: prompt cache update took 135.35 ms
ollama-1  | slot launch_slot_: id  0 | task -1 | sampler chain: logits -> ?penalties -> ?dry -> ?top-n-sigma -> top-k -> ?typical -> top-p -> ?min-p -> ?xtc -> temp-ext -> dist 
ollama-1  | slot launch_slot_: id  0 | task -1 | sampler params: 
ollama-1  | 	repeat_last_n = 64, repeat_penalty = 1.000, frequency_penalty = 0.000, presence_penalty = 0.000
ollama-1  | 	dry_multiplier = 0.000, dry_base = 1.750, dry_allowed_length = 2, dry_penalty_last_n = 64
ollama-1  | 	top_k = 40, top_p = 0.900, min_p = 0.000, xtc_probability = 0.000, xtc_threshold = 0.100, typical_p = 1.000, top_n_sigma = -1.000, temp = 0.000
ollama-1  | 	mirostat = 0, mirostat_lr = 0.100, mirostat_ent = 5.000, adaptive_target = -1.000, adaptive_decay = 0.900
ollama-1  | slot launch_slot_: id  0 | task 10161 | processing task, is_child = 0
ollama-1  | slot   operator(): id  0 | task 10161 | new prompt, n_ctx_slot = 4096, n_keep = 4, task.n_tokens = 708
ollama-1  | slot   operator(): id  0 | task 10161 | cached n_tokens = 379, memory_seq_rm [379, end)
ollama-1  | slot init_sampler: id  0 | task 10161 | init sampler, took 0.05 ms, tokens: text = 708, total = 708
ollama-1  | [GIN] 2026/10/08 - 04:28:56 | 200 |      27.572µs |       127.0.0.1 | HEAD     "/"
ollama-1  | [GIN] 2026/10/08 - 04:28:56 | 200 |      1.3017ms |       127.0.0.1 | GET      "/api/tags"
ollama-1  | slot print_timing: id  0 | task 10161 | prompt eval time =    2382.38 ms /   329 tokens (    7.24 ms per token,   138.10 tokens per second)
ollama-1  | slot print_timing: id  0 | task 10161 |        eval time =     288.79 ms /     9 tokens (   36.10 ms per token,    27.70 tokens per second)
ollama-1  | slot print_timing: id  0 | task 10161 |       total time =    2671.17 ms /   338 tokens
ollama-1  | slot print_timing: id  0 | task 10161 |    graphs reused =       7297
ollama-1  | slot      release: id  0 | task 10161 | stop processing: n_tokens = 716, truncated = 0
ollama-1  | srv  update_slots: all slots are idle
ollama-1  | [GIN] 2026/10/08 - 04:28:57 | 200 | 35.554806755s |      172.21.0.4 | POST     "/api/generate"
ollama-1  | srv  server_strea: conv_id= (empty=1)
ollama-1  | slot get_availabl: id  0 | task -1 |  - checking sim = 0.571 (379/664) > 0.100
ollama-1  | slot get_availabl: id  0 | task -1 | selected slot by LCP similarity, f_sim_best = 0.571 (> 0.100 thold), f_keep = 0.529
ollama-1  | slot launch_slot_: id  0 | task -1 | sampler chain: logits -> ?penalties -> ?dry -> ?top-n-sigma -> top-k -> ?typical -> top-p -> ?min-p -> ?xtc -> temp-ext -> dist 
ollama-1  | slot launch_slot_: id  0 | task -1 | sampler params: 
ollama-1  | 	repeat_last_n = 64, repeat_penalty = 1.000, frequency_penalty = 0.000, presence_penalty = 0.000
ollama-1  | 	dry_multiplier = 0.000, dry_base = 1.750, dry_allowed_length = 2, dry_penalty_last_n = 64
ollama-1  | 	top_k = 40, top_p = 0.900, min_p = 0.000, xtc_probability = 0.000, xtc_threshold = 0.100, typical_p = 1.000, top_n_sigma = -1.000, temp = 0.000
ollama-1  | 	mirostat = 0, mirostat_lr = 0.100, mirostat_ent = 5.000, adaptive_target = -1.000, adaptive_decay = 0.900
ollama-1  | slot launch_slot_: id  0 | task 10171 | processing task, is_child = 0
ollama-1  | slot   operator(): id  0 | task 10171 | new prompt, n_ctx_slot = 4096, n_keep = 4, task.n_tokens = 664
ollama-1  | slot   operator(): id  0 | task 10171 | cached n_tokens = 379, memory_seq_rm [379, end)
ollama-1  | slot init_sampler: id  0 | task 10171 | init sampler, took 0.07 ms, tokens: text = 664, total = 664
ollama-1  | slot print_timing: id  0 | task 10171 | prompt eval time =    2093.46 ms /   285 tokens (    7.35 ms per token,   136.14 tokens per second)
ollama-1  | slot print_timing: id  0 | task 10171 |        eval time =     283.16 ms /     9 tokens (   35.39 ms per token,    28.25 tokens per second)
ollama-1  | slot print_timing: id  0 | task 10171 |       total time =    2376.62 ms /   294 tokens
ollama-1  | slot print_timing: id  0 | task 10171 |    graphs reused =       7304
ollama-1  | slot      release: id  0 | task 10171 | stop processing: n_tokens = 672, truncated = 0
ollama-1  | srv  update_slots: all slots are idle
ollama-1  | [GIN] 2026/10/08 - 04:28:59 | 200 | 37.932116201s |      172.21.0.4 | POST     "/api/generate"
ollama-1  | srv  server_strea: conv_id= (empty=1)
ollama-1  | slot get_availabl: id  0 | task -1 |  - checking sim = 0.783 (379/484) > 0.100
ollama-1  | slot get_availabl: id  0 | task -1 | selected slot by LCP similarity, f_sim_best = 0.783 (> 0.100 thold), f_keep = 0.564
ollama-1  | slot launch_slot_: id  0 | task -1 | sampler chain: logits -> ?penalties -> ?dry -> ?top-n-sigma -> top-k -> ?typical -> top-p -> ?min-p -> ?xtc -> temp-ext -> dist 
ollama-1  | slot launch_slot_: id  0 | task -1 | sampler params: 
ollama-1  | 	repeat_last_n = 64, repeat_penalty = 1.000, frequency_penalty = 0.000, presence_penalty = 0.000
ollama-1  | 	dry_multiplier = 0.000, dry_base = 1.750, dry_allowed_length = 2, dry_penalty_last_n = 64
ollama-1  | 	top_k = 40, top_p = 0.900, min_p = 0.000, xtc_probability = 0.000, xtc_threshold = 0.100, typical_p = 1.000, top_n_sigma = -1.000, temp = 0.000
ollama-1  | 	mirostat = 0, mirostat_lr = 0.100, mirostat_ent = 5.000, adaptive_target = -1.000, adaptive_decay = 0.900
ollama-1  | slot launch_slot_: id  0 | task 10181 | processing task, is_child = 0
ollama-1  | slot   operator(): id  0 | task 10181 | new prompt, n_ctx_slot = 4096, n_keep = 4, task.n_tokens = 484
ollama-1  | slot   operator(): id  0 | task 10181 | cached n_tokens = 379, memory_seq_rm [379, end)
ollama-1  | slot init_sampler: id  0 | task 10181 | init sampler, took 0.04 ms, tokens: text = 484, total = 484
ollama-1  | slot print_timing: id  0 | task 10181 | prompt eval time =     789.45 ms /   105 tokens (    7.52 ms per token,   133.00 tokens per second)
ollama-1  | slot print_timing: id  0 | task 10181 |        eval time =     351.45 ms /    11 tokens (   35.15 ms per token,    28.45 tokens per second)
ollama-1  | slot print_timing: id  0 | task 10181 |       total time =    1140.90 ms /   116 tokens
ollama-1  | slot print_timing: id  0 | task 10181 |    graphs reused =       7313
ollama-1  | slot      release: id  0 | task 10181 | stop processing: n_tokens = 494, truncated = 0
ollama-1  | srv  update_slots: all slots are idle
ollama-1  | [GIN] 2026/10/08 - 04:29:01 | 200 |  37.92761018s |      172.21.0.4 | POST     "/api/generate"
ollama-1  | srv  server_strea: conv_id= (empty=1)
ollama-1  | slot get_availabl: id  0 | task -1 |  - checking sim = 0.676 (379/561) > 0.100
ollama-1  | slot get_availabl: id  0 | task -1 | selected slot by LCP similarity, f_sim_best = 0.676 (> 0.100 thold), f_keep = 0.767
ollama-1  | slot launch_slot_: id  0 | task -1 | sampler chain: logits -> ?penalties -> ?dry -> ?top-n-sigma -> top-k -> ?typical -> top-p -> ?min-p -> ?xtc -> temp-ext -> dist 
ollama-1  | slot launch_slot_: id  0 | task -1 | sampler params: 
ollama-1  | 	repeat_last_n = 64, repeat_penalty = 1.000, frequency_penalty = 0.000, presence_penalty = 0.000
ollama-1  | 	dry_multiplier = 0.000, dry_base = 1.750, dry_allowed_length = 2, dry_penalty_last_n = 64
ollama-1  | 	top_k = 40, top_p = 0.900, min_p = 0.000, xtc_probability = 0.000, xtc_threshold = 0.100, typical_p = 1.000, top_n_sigma = -1.000, temp = 0.000
ollama-1  | 	mirostat = 0, mirostat_lr = 0.100, mirostat_ent = 5.000, adaptive_target = -1.000, adaptive_decay = 0.900
ollama-1  | slot launch_slot_: id  0 | task 10193 | processing task, is_child = 0
ollama-1  | slot   operator(): id  0 | task 10193 | new prompt, n_ctx_slot = 4096, n_keep = 4, task.n_tokens = 561
ollama-1  | slot   operator(): id  0 | task 10193 | cached n_tokens = 379, memory_seq_rm [379, end)
ollama-1  | slot init_sampler: id  0 | task 10193 | init sampler, took 0.04 ms, tokens: text = 561, total = 561
ollama-1  | slot print_timing: id  0 | task 10193 | prompt eval time =    1322.51 ms /   182 tokens (    7.27 ms per token,   137.62 tokens per second)
ollama-1  | slot print_timing: id  0 | task 10193 |        eval time =     316.26 ms /    10 tokens (   35.14 ms per token,    28.46 tokens per second)
ollama-1  | slot print_timing: id  0 | task 10193 |       total time =    1638.77 ms /   192 tokens
ollama-1  | slot print_timing: id  0 | task 10193 |    graphs reused =       7321
ollama-1  | slot      release: id  0 | task 10193 | stop processing: n_tokens = 570, truncated = 0
ollama-1  | srv  update_slots: all slots are idle
ollama-1  | [GIN] 2026/10/08 - 04:29:02 | 200 | 38.852364514s |      172.21.0.4 | POST     "/api/generate"
ollama-1  | srv  server_strea: conv_id= (empty=1)
ollama-1  | slot get_availabl: id  0 | task -1 |  - checking sim = 0.837 (379/453) > 0.100
ollama-1  | slot get_availabl: id  0 | task -1 | selected slot by LCP similarity, f_sim_best = 0.837 (> 0.100 thold), f_keep = 0.665
ollama-1  | slot launch_slot_: id  0 | task -1 | sampler chain: logits -> ?penalties -> ?dry -> ?top-n-sigma -> top-k -> ?typical -> top-p -> ?min-p -> ?xtc -> temp-ext -> dist 
ollama-1  | slot launch_slot_: id  0 | task -1 | sampler params: 
ollama-1  | 	repeat_last_n = 64, repeat_penalty = 1.000, frequency_penalty = 0.000, presence_penalty = 0.000
ollama-1  | 	dry_multiplier = 0.000, dry_base = 1.750, dry_allowed_length = 2, dry_penalty_last_n = 64
ollama-1  | 	top_k = 40, top_p = 0.900, min_p = 0.000, xtc_probability = 0.000, xtc_threshold = 0.100, typical_p = 1.000, top_n_sigma = -1.000, temp = 0.000
ollama-1  | 	mirostat = 0, mirostat_lr = 0.100, mirostat_ent = 5.000, adaptive_target = -1.000, adaptive_decay = 0.900
ollama-1  | slot launch_slot_: id  0 | task 10204 | processing task, is_child = 0
ollama-1  | slot   operator(): id  0 | task 10204 | new prompt, n_ctx_slot = 4096, n_keep = 4, task.n_tokens = 453
ollama-1  | slot   operator(): id  0 | task 10204 | cached n_tokens = 379, memory_seq_rm [379, end)
ollama-1  | slot init_sampler: id  0 | task 10204 | init sampler, took 0.05 ms, tokens: text = 453, total = 453
ollama-1  | slot print_timing: id  0 | task 10204 | prompt eval time =     563.89 ms /    74 tokens (    7.62 ms per token,   131.23 tokens per second)
ollama-1  | slot print_timing: id  0 | task 10204 |        eval time =     277.39 ms /     9 tokens (   34.67 ms per token,    28.84 tokens per second)
ollama-1  | slot print_timing: id  0 | task 10204 |       total time =     841.29 ms /    83 tokens
ollama-1  | slot print_timing: id  0 | task 10204 |    graphs reused =       7328
ollama-1  | slot      release: id  0 | task 10204 | stop processing: n_tokens = 461, truncated = 0
ollama-1  | srv  update_slots: all slots are idle
ollama-1  | [GIN] 2026/10/08 - 04:29:03 | 200 | 39.460340566s |      172.21.0.4 | POST     "/api/generate"
ollama-1  | srv  server_strea: conv_id= (empty=1)
ollama-1  | slot get_availabl: id  0 | task -1 |  - checking sim = 0.837 (379/453) > 0.100
ollama-1  | slot get_availabl: id  0 | task -1 | selected slot by LCP similarity, f_sim_best = 0.837 (> 0.100 thold), f_keep = 0.822
ollama-1  | slot launch_slot_: id  0 | task -1 | sampler chain: logits -> ?penalties -> ?dry -> ?top-n-sigma -> top-k -> ?typical -> top-p -> ?min-p -> ?xtc -> temp-ext -> dist 
ollama-1  | slot launch_slot_: id  0 | task -1 | sampler params: 
ollama-1  | 	repeat_last_n = 64, repeat_penalty = 1.000, frequency_penalty = 0.000, presence_penalty = 0.000
ollama-1  | 	dry_multiplier = 0.000, dry_base = 1.750, dry_allowed_length = 2, dry_penalty_last_n = 64
ollama-1  | 	top_k = 40, top_p = 0.900, min_p = 0.000, xtc_probability = 0.000, xtc_threshold = 0.100, typical_p = 1.000, top_n_sigma = -1.000, temp = 0.000
ollama-1  | 	mirostat = 0, mirostat_lr = 0.100, mirostat_ent = 5.000, adaptive_target = -1.000, adaptive_decay = 0.900
ollama-1  | slot launch_slot_: id  0 | task 10214 | processing task, is_child = 0
ollama-1  | slot   operator(): id  0 | task 10214 | new prompt, n_ctx_slot = 4096, n_keep = 4, task.n_tokens = 453
ollama-1  | slot   operator(): id  0 | task 10214 | cached n_tokens = 379, memory_seq_rm [379, end)
ollama-1  | slot init_sampler: id  0 | task 10214 | init sampler, took 0.04 ms, tokens: text = 453, total = 453
ollama-1  | slot print_timing: id  0 | task 10214 | prompt eval time =     568.39 ms /    74 tokens (    7.68 ms per token,   130.19 tokens per second)
ollama-1  | slot print_timing: id  0 | task 10214 |        eval time =     338.62 ms /    11 tokens (   33.86 ms per token,    29.53 tokens per second)
ollama-1  | slot print_timing: id  0 | task 10214 |       total time =     907.01 ms /    85 tokens
ollama-1  | slot print_timing: id  0 | task 10214 |    graphs reused =       7337
ollama-1  | slot      release: id  0 | task 10214 | stop processing: n_tokens = 463, truncated = 0
ollama-1  | srv  update_slots: all slots are idle
ollama-1  | [GIN] 2026/10/08 - 04:29:05 | 200 | 39.796029733s |      172.21.0.4 | POST     "/api/generate"
ollama-1  | srv  server_strea: conv_id= (empty=1)
ollama-1  | slot get_availabl: id  0 | task -1 |  - checking sim = 0.737 (379/514) > 0.100
ollama-1  | slot get_availabl: id  0 | task -1 | selected slot by LCP similarity, f_sim_best = 0.737 (> 0.100 thold), f_keep = 0.819
ollama-1  | slot launch_slot_: id  0 | task -1 | sampler chain: logits -> ?penalties -> ?dry -> ?top-n-sigma -> top-k -> ?typical -> top-p -> ?min-p -> ?xtc -> temp-ext -> dist 
ollama-1  | slot launch_slot_: id  0 | task -1 | sampler params: 
ollama-1  | 	repeat_last_n = 64, repeat_penalty = 1.000, frequency_penalty = 0.000, presence_penalty = 0.000
ollama-1  | 	dry_multiplier = 0.000, dry_base = 1.750, dry_allowed_length = 2, dry_penalty_last_n = 64
ollama-1  | 	top_k = 40, top_p = 0.900, min_p = 0.000, xtc_probability = 0.000, xtc_threshold = 0.100, typical_p = 1.000, top_n_sigma = -1.000, temp = 0.000
ollama-1  | 	mirostat = 0, mirostat_lr = 0.100, mirostat_ent = 5.000, adaptive_target = -1.000, adaptive_decay = 0.900
ollama-1  | slot launch_slot_: id  0 | task 10226 | processing task, is_child = 0
ollama-1  | slot   operator(): id  0 | task 10226 | new prompt, n_ctx_slot = 4096, n_keep = 4, task.n_tokens = 514
ollama-1  | slot   operator(): id  0 | task 10226 | cached n_tokens = 379, memory_seq_rm [379, end)
ollama-1  | slot init_sampler: id  0 | task 10226 | init sampler, took 0.07 ms, tokens: text = 514, total = 514
ollama-1  | slot print_timing: id  0 | task 10226 | prompt eval time =    1012.20 ms /   135 tokens (    7.50 ms per token,   133.37 tokens per second)
ollama-1  | slot print_timing: id  0 | task 10226 |        eval time =     302.52 ms /     9 tokens (   37.81 ms per token,    26.44 tokens per second)
ollama-1  | slot print_timing: id  0 | task 10226 |       total time =    1314.71 ms /   144 tokens
ollama-1  | slot print_timing: id  0 | task 10226 |    graphs reused =       7344
ollama-1  | slot      release: id  0 | task 10226 | stop processing: n_tokens = 522, truncated = 0
ollama-1  | srv  update_slots: all slots are idle
ollama-1  | [GIN] 2026/10/08 - 04:29:07 | 200 | 40.831449635s |      172.21.0.4 | POST     "/api/generate"
ollama-1  | srv  server_strea: conv_id= (empty=1)
ollama-1  | slot get_availabl: id  0 | task -1 |  - checking sim = 0.806 (379/470) > 0.100
ollama-1  | slot get_availabl: id  0 | task -1 | selected slot by LCP similarity, f_sim_best = 0.806 (> 0.100 thold), f_keep = 0.726
ollama-1  | slot launch_slot_: id  0 | task -1 | sampler chain: logits -> ?penalties -> ?dry -> ?top-n-sigma -> top-k -> ?typical -> top-p -> ?min-p -> ?xtc -> temp-ext -> dist 
ollama-1  | slot launch_slot_: id  0 | task -1 | sampler params: 
ollama-1  | 	repeat_last_n = 64, repeat_penalty = 1.000, frequency_penalty = 0.000, presence_penalty = 0.000
ollama-1  | 	dry_multiplier = 0.000, dry_base = 1.750, dry_allowed_length = 2, dry_penalty_last_n = 64
ollama-1  | 	top_k = 40, top_p = 0.900, min_p = 0.000, xtc_probability = 0.000, xtc_threshold = 0.100, typical_p = 1.000, top_n_sigma = -1.000, temp = 0.000
ollama-1  | 	mirostat = 0, mirostat_lr = 0.100, mirostat_ent = 5.000, adaptive_target = -1.000, adaptive_decay = 0.900
ollama-1  | slot launch_slot_: id  0 | task 10236 | processing task, is_child = 0
ollama-1  | slot   operator(): id  0 | task 10236 | new prompt, n_ctx_slot = 4096, n_keep = 4, task.n_tokens = 470
ollama-1  | slot   operator(): id  0 | task 10236 | cached n_tokens = 379, memory_seq_rm [379, end)
ollama-1  | slot init_sampler: id  0 | task 10236 | init sampler, took 0.04 ms, tokens: text = 470, total = 470
ollama-1  | [GIN] 2026/10/08 - 04:29:08 | 200 |      41.823µs |       127.0.0.1 | HEAD     "/"
ollama-1  | [GIN] 2026/10/08 - 04:29:08 | 200 |    1.399585ms |       127.0.0.1 | GET      "/api/tags"
ollama-1  | slot print_timing: id  0 | task 10236 | prompt eval time =     708.85 ms /    91 tokens (    7.79 ms per token,   128.38 tokens per second)
ollama-1  | slot print_timing: id  0 | task 10236 |        eval time =     344.28 ms /    11 tokens (   34.43 ms per token,    29.05 tokens per second)
ollama-1  | slot print_timing: id  0 | task 10236 |       total time =    1053.12 ms /   102 tokens
ollama-1  | slot print_timing: id  0 | task 10236 |    graphs reused =       7353
ollama-1  | slot      release: id  0 | task 10236 | stop processing: n_tokens = 480, truncated = 0
ollama-1  | srv  update_slots: all slots are idle
ollama-1  | [GIN] 2026/10/08 - 04:29:08 | 200 | 41.675055897s |      172.21.0.4 | POST     "/api/generate"
ollama-1  | srv  server_strea: conv_id= (empty=1)
ollama-1  | slot get_availabl: id  0 | task -1 |  - checking sim = 0.798 (380/476) > 0.100
ollama-1  | slot get_availabl: id  0 | task -1 | selected slot by LCP similarity, f_sim_best = 0.798 (> 0.100 thold), f_keep = 0.792
ollama-1  | slot launch_slot_: id  0 | task -1 | sampler chain: logits -> ?penalties -> ?dry -> ?top-n-sigma -> top-k -> ?typical -> top-p -> ?min-p -> ?xtc -> temp-ext -> dist 
ollama-1  | slot launch_slot_: id  0 | task -1 | sampler params: 
ollama-1  | 	repeat_last_n = 64, repeat_penalty = 1.000, frequency_penalty = 0.000, presence_penalty = 0.000
ollama-1  | 	dry_multiplier = 0.000, dry_base = 1.750, dry_allowed_length = 2, dry_penalty_last_n = 64
ollama-1  | 	top_k = 40, top_p = 0.900, min_p = 0.000, xtc_probability = 0.000, xtc_threshold = 0.100, typical_p = 1.000, top_n_sigma = -1.000, temp = 0.000
ollama-1  | 	mirostat = 0, mirostat_lr = 0.100, mirostat_ent = 5.000, adaptive_target = -1.000, adaptive_decay = 0.900
ollama-1  | slot launch_slot_: id  0 | task 10248 | processing task, is_child = 0
ollama-1  | slot   operator(): id  0 | task 10248 | new prompt, n_ctx_slot = 4096, n_keep = 4, task.n_tokens = 476
ollama-1  | slot   operator(): id  0 | task 10248 | cached n_tokens = 380, memory_seq_rm [380, end)
ollama-1  | slot init_sampler: id  0 | task 10248 | init sampler, took 0.04 ms, tokens: text = 476, total = 476
ollama-1  | slot print_timing: id  0 | task 10248 | prompt eval time =     694.36 ms /    96 tokens (    7.23 ms per token,   138.26 tokens per second)
ollama-1  | slot print_timing: id  0 | task 10248 |        eval time =     339.33 ms /    11 tokens (   33.93 ms per token,    29.47 tokens per second)
ollama-1  | slot print_timing: id  0 | task 10248 |       total time =    1033.69 ms /   107 tokens
ollama-1  | slot print_timing: id  0 | task 10248 |    graphs reused =       7362
ollama-1  | slot      release: id  0 | task 10248 | stop processing: n_tokens = 486, truncated = 0
ollama-1  | srv  update_slots: all slots are idle
ollama-1  | [GIN] 2026/10/08 - 04:29:09 | 200 | 41.403149082s |      172.21.0.4 | POST     "/api/generate"
ollama-1  | srv  server_strea: conv_id= (empty=1)
ollama-1  | slot get_availabl: id  0 | task -1 |  - checking sim = 0.758 (379/500) > 0.100
ollama-1  | slot get_availabl: id  0 | task -1 | selected slot by LCP similarity, f_sim_best = 0.758 (> 0.100 thold), f_keep = 0.780
ollama-1  | slot launch_slot_: id  0 | task -1 | sampler chain: logits -> ?penalties -> ?dry -> ?top-n-sigma -> top-k -> ?typical -> top-p -> ?min-p -> ?xtc -> temp-ext -> dist 
ollama-1  | slot launch_slot_: id  0 | task -1 | sampler params: 
ollama-1  | 	repeat_last_n = 64, repeat_penalty = 1.000, frequency_penalty = 0.000, presence_penalty = 0.000
ollama-1  | 	dry_multiplier = 0.000, dry_base = 1.750, dry_allowed_length = 2, dry_penalty_last_n = 64
ollama-1  | 	top_k = 40, top_p = 0.900, min_p = 0.000, xtc_probability = 0.000, xtc_threshold = 0.100, typical_p = 1.000, top_n_sigma = -1.000, temp = 0.000
ollama-1  | 	mirostat = 0, mirostat_lr = 0.100, mirostat_ent = 5.000, adaptive_target = -1.000, adaptive_decay = 0.900
ollama-1  | slot launch_slot_: id  0 | task 10260 | processing task, is_child = 0
ollama-1  | slot   operator(): id  0 | task 10260 | new prompt, n_ctx_slot = 4096, n_keep = 4, task.n_tokens = 500
ollama-1  | slot   operator(): id  0 | task 10260 | cached n_tokens = 379, memory_seq_rm [379, end)
ollama-1  | slot init_sampler: id  0 | task 10260 | init sampler, took 0.05 ms, tokens: text = 500, total = 500
ollama-1  | slot print_timing: id  0 | task 10260 | prompt eval time =     910.67 ms /   121 tokens (    7.53 ms per token,   132.87 tokens per second)
ollama-1  | slot print_timing: id  0 | task 10260 |        eval time =     307.92 ms /    10 tokens (   34.21 ms per token,    29.23 tokens per second)
ollama-1  | slot print_timing: id  0 | task 10260 |       total time =    1218.59 ms /   131 tokens
ollama-1  | slot print_timing: id  0 | task 10260 |    graphs reused =       7370
ollama-1  | slot      release: id  0 | task 10260 | stop processing: n_tokens = 509, truncated = 0
ollama-1  | srv  update_slots: all slots are idle
ollama-1  | [GIN] 2026/10/08 - 04:29:10 | 200 | 38.094985755s |      172.21.0.4 | POST     "/api/generate"
ollama-1  | srv  server_strea: conv_id= (empty=1)
ollama-1  | slot get_availabl: id  0 | task -1 |  - checking sim = 0.683 (379/555) > 0.100
ollama-1  | slot get_availabl: id  0 | task -1 | selected slot by LCP similarity, f_sim_best = 0.683 (> 0.100 thold), f_keep = 0.745
ollama-1  | slot launch_slot_: id  0 | task -1 | sampler chain: logits -> ?penalties -> ?dry -> ?top-n-sigma -> top-k -> ?typical -> top-p -> ?min-p -> ?xtc -> temp-ext -> dist 
ollama-1  | slot launch_slot_: id  0 | task -1 | sampler params: 
ollama-1  | 	repeat_last_n = 64, repeat_penalty = 1.000, frequency_penalty = 0.000, presence_penalty = 0.000
ollama-1  | 	dry_multiplier = 0.000, dry_base = 1.750, dry_allowed_length = 2, dry_penalty_last_n = 64
ollama-1  | 	top_k = 40, top_p = 0.900, min_p = 0.000, xtc_probability = 0.000, xtc_threshold = 0.100, typical_p = 1.000, top_n_sigma = -1.000, temp = 0.000
ollama-1  | 	mirostat = 0, mirostat_lr = 0.100, mirostat_ent = 5.000, adaptive_target = -1.000, adaptive_decay = 0.900
ollama-1  | slot launch_slot_: id  0 | task 10271 | processing task, is_child = 0
ollama-1  | slot   operator(): id  0 | task 10271 | new prompt, n_ctx_slot = 4096, n_keep = 4, task.n_tokens = 555
ollama-1  | slot   operator(): id  0 | task 10271 | cached n_tokens = 379, memory_seq_rm [379, end)
ollama-1  | slot init_sampler: id  0 | task 10271 | init sampler, took 0.04 ms, tokens: text = 555, total = 555
ollama-1  | slot print_timing: id  0 | task 10271 | prompt eval time =    1291.89 ms /   176 tokens (    7.34 ms per token,   136.23 tokens per second)
ollama-1  | slot print_timing: id  0 | task 10271 |        eval time =     326.70 ms /    10 tokens (   36.30 ms per token,    27.55 tokens per second)
ollama-1  | slot print_timing: id  0 | task 10271 |       total time =    1618.59 ms /   186 tokens
ollama-1  | slot print_timing: id  0 | task 10271 |    graphs reused =       7378
ollama-1  | slot      release: id  0 | task 10271 | stop processing: n_tokens = 564, truncated = 0
ollama-1  | srv  update_slots: all slots are idle
ollama-1  | [GIN] 2026/10/08 - 04:29:12 | 200 | 36.928298181s |      172.21.0.4 | POST     "/api/generate"
ollama-1  | srv  server_strea: conv_id= (empty=1)
ollama-1  | slot get_availabl: id  0 | task -1 |  - checking sim = 0.695 (379/545) > 0.100
ollama-1  | slot get_availabl: id  0 | task -1 | selected slot by LCP similarity, f_sim_best = 0.695 (> 0.100 thold), f_keep = 0.672
ollama-1  | slot launch_slot_: id  0 | task -1 | sampler chain: logits -> ?penalties -> ?dry -> ?top-n-sigma -> top-k -> ?typical -> top-p -> ?min-p -> ?xtc -> temp-ext -> dist 
ollama-1  | slot launch_slot_: id  0 | task -1 | sampler params: 
ollama-1  | 	repeat_last_n = 64, repeat_penalty = 1.000, frequency_penalty = 0.000, presence_penalty = 0.000
ollama-1  | 	dry_multiplier = 0.000, dry_base = 1.750, dry_allowed_length = 2, dry_penalty_last_n = 64
ollama-1  | 	top_k = 40, top_p = 0.900, min_p = 0.000, xtc_probability = 0.000, xtc_threshold = 0.100, typical_p = 1.000, top_n_sigma = -1.000, temp = 0.000
ollama-1  | 	mirostat = 0, mirostat_lr = 0.100, mirostat_ent = 5.000, adaptive_target = -1.000, adaptive_decay = 0.900
ollama-1  | slot launch_slot_: id  0 | task 10282 | processing task, is_child = 0
ollama-1  | slot   operator(): id  0 | task 10282 | new prompt, n_ctx_slot = 4096, n_keep = 4, task.n_tokens = 545
ollama-1  | slot   operator(): id  0 | task 10282 | cached n_tokens = 379, memory_seq_rm [379, end)
ollama-1  | slot init_sampler: id  0 | task 10282 | init sampler, took 0.09 ms, tokens: text = 545, total = 545
ollama-1  | slot print_timing: id  0 | task 10282 | prompt eval time =    1231.90 ms /   166 tokens (    7.42 ms per token,   134.75 tokens per second)
ollama-1  | slot print_timing: id  0 | task 10282 |        eval time =     278.64 ms /     9 tokens (   34.83 ms per token,    28.71 tokens per second)
ollama-1  | slot print_timing: id  0 | task 10282 |       total time =    1510.55 ms /   175 tokens
ollama-1  | slot print_timing: id  0 | task 10282 |    graphs reused =       7385
ollama-1  | slot      release: id  0 | task 10282 | stop processing: n_tokens = 553, truncated = 0
ollama-1  | srv  update_slots: all slots are idle
ollama-1  | [GIN] 2026/10/08 - 04:29:13 | 200 | 38.187120026s |      172.21.0.4 | POST     "/api/generate"
ollama-1  | srv  server_strea: conv_id= (empty=1)
ollama-1  | slot get_availabl: id  0 | task -1 |  - checking sim = 0.423 (379/895) > 0.100
ollama-1  | slot get_availabl: id  0 | task -1 | selected slot by LCP similarity, f_sim_best = 0.423 (> 0.100 thold), f_keep = 0.685
ollama-1  | slot launch_slot_: id  0 | task -1 | sampler chain: logits -> ?penalties -> ?dry -> ?top-n-sigma -> top-k -> ?typical -> top-p -> ?min-p -> ?xtc -> temp-ext -> dist 
ollama-1  | slot launch_slot_: id  0 | task -1 | sampler params: 
ollama-1  | 	repeat_last_n = 64, repeat_penalty = 1.000, frequency_penalty = 0.000, presence_penalty = 0.000
ollama-1  | 	dry_multiplier = 0.000, dry_base = 1.750, dry_allowed_length = 2, dry_penalty_last_n = 64
ollama-1  | 	top_k = 40, top_p = 0.900, min_p = 0.000, xtc_probability = 0.000, xtc_threshold = 0.100, typical_p = 1.000, top_n_sigma = -1.000, temp = 0.000
ollama-1  | 	mirostat = 0, mirostat_lr = 0.100, mirostat_ent = 5.000, adaptive_target = -1.000, adaptive_decay = 0.900
ollama-1  | slot launch_slot_: id  0 | task 10292 | processing task, is_child = 0
ollama-1  | slot   operator(): id  0 | task 10292 | new prompt, n_ctx_slot = 4096, n_keep = 4, task.n_tokens = 895
ollama-1  | slot   operator(): id  0 | task 10292 | cached n_tokens = 379, memory_seq_rm [379, end)
ollama-1  | slot print_timing: id  0 | task 10292 | prompt processing, n_tokens =    512, progress = 1.00, t =   3.65 s / 140.10 tokens per second
ollama-1  | slot   operator(): id  0 | task 10292 | cached n_tokens = 891, memory_seq_rm [891, end)
ollama-1  | slot init_sampler: id  0 | task 10292 | init sampler, took 0.08 ms, tokens: text = 895, total = 895
ollama-1  | slot print_timing: id  0 | task 10292 | prompt eval time =    3710.68 ms /   516 tokens (    7.19 ms per token,   139.06 tokens per second)
ollama-1  | slot print_timing: id  0 | task 10292 |        eval time =     336.18 ms /    10 tokens (   37.35 ms per token,    26.77 tokens per second)
ollama-1  | slot print_timing: id  0 | task 10292 |       total time =    4046.86 ms /   526 tokens
ollama-1  | slot print_timing: id  0 | task 10292 |    graphs reused =       7393
ollama-1  | slot      release: id  0 | task 10292 | stop processing: n_tokens = 904, truncated = 0
ollama-1  | srv  update_slots: all slots are idle
ollama-1  | [GIN] 2026/10/08 - 04:29:17 | 200 | 42.157158679s |      172.21.0.4 | POST     "/api/generate"
ollama-1  | srv  server_strea: conv_id= (empty=1)
ollama-1  | slot get_availabl: id  0 | task -1 |  - checking sim = 0.800 (380/475) > 0.100
ollama-1  | slot get_availabl: id  0 | task -1 | selected slot by LCP similarity, f_sim_best = 0.800 (> 0.100 thold), f_keep = 0.420
ollama-1  | srv  get_availabl: updating prompt cache
ollama-1  | srv   prompt_save:  - saving prompt with length 904, total state size = 339.011 MiB (draft: 0.000 MiB)
ollama-1  | srv         alloc:  - making room for prompt cache entry, removing oldest entry (size = 317.260 MiB)
ollama-1  | srv          load:  - looking for better prompt, base f_keep = 0.420, f_sim = 0.800
ollama-1  | srv          load:    - prompt with length     827, lcp =     379, f_keep = 0.458, f_sim = 0.798
ollama-1  | srv          load:    - prompt with length     888, lcp =     380, f_keep = 0.428, f_sim = 0.800
ollama-1  | srv          load:    - prompt with length     942, lcp =     379, f_keep = 0.402, f_sim = 0.798
ollama-1  | srv          load:    - prompt with length     835, lcp =     380, f_keep = 0.455, f_sim = 0.800
ollama-1  | srv          load:    - prompt with length     835, lcp =     379, f_keep = 0.454, f_sim = 0.798
ollama-1  | srv          load:    - prompt with length     810, lcp =     380, f_keep = 0.469, f_sim = 0.800
ollama-1  | srv          load:    - prompt with length     837, lcp =     379, f_keep = 0.453, f_sim = 0.798
ollama-1  | srv          load:    - prompt with length     893, lcp =     380, f_keep = 0.426, f_sim = 0.800
ollama-1  | srv          load:    - prompt with length    1243, lcp =     379, f_keep = 0.305, f_sim = 0.798
ollama-1  | srv          load:    - prompt with length     779, lcp =     379, f_keep = 0.487, f_sim = 0.798
ollama-1  | srv          load:    - prompt with length     766, lcp =     379, f_keep = 0.495, f_sim = 0.798
ollama-1  | srv          load:    - prompt with length     830, lcp =     379, f_keep = 0.457, f_sim = 0.798
ollama-1  | srv          load:    - prompt with length     801, lcp =     379, f_keep = 0.473, f_sim = 0.798
ollama-1  | srv          load:    - prompt with length     764, lcp =     379, f_keep = 0.496, f_sim = 0.798
ollama-1  | srv          load:    - prompt with length     862, lcp =     379, f_keep = 0.440, f_sim = 0.798
ollama-1  | srv          load:    - prompt with length     767, lcp =     379, f_keep = 0.494, f_sim = 0.798
ollama-1  | srv          load:    - prompt with length     774, lcp =     380, f_keep = 0.491, f_sim = 0.800
ollama-1  | srv          load:    - prompt with length     873, lcp =     379, f_keep = 0.434, f_sim = 0.798
ollama-1  | srv          load:    - prompt with length     827, lcp =     379, f_keep = 0.458, f_sim = 0.798
ollama-1  | srv          load:    - prompt with length     836, lcp =     379, f_keep = 0.453, f_sim = 0.798
ollama-1  | srv          load:    - prompt with length     796, lcp =     379, f_keep = 0.476, f_sim = 0.798
ollama-1  | srv          load:    - prompt with length     789, lcp =     379, f_keep = 0.480, f_sim = 0.798
ollama-1  | srv          load:    - prompt with length     890, lcp =     379, f_keep = 0.426, f_sim = 0.798
ollama-1  | srv          load:    - prompt with length     771, lcp =     380, f_keep = 0.493, f_sim = 0.800
ollama-1  | srv          load:    - prompt with length     904, lcp =     380, f_keep = 0.420, f_sim = 0.800
ollama-1  | srv        update:  - cache state: 25 prompts, 7927.386 MiB (limits: 8192.000 MiB, 4096 tokens, 21844 est)
ollama-1  | srv        update:    - prompt 0x39903680:     827 tokens, checkpoints:  0,   310.135 MiB
ollama-1  | srv        update:    - prompt 0x3bcf25a0:     888 tokens, checkpoints:  0,   333.011 MiB
ollama-1  | srv        update:    - prompt 0x3bcf1110:     942 tokens, checkpoints:  0,   353.262 MiB
ollama-1  | srv        update:    - prompt 0x39536010:     835 tokens, checkpoints:  0,   313.135 MiB
ollama-1  | srv        update:    - prompt 0x39557930:     835 tokens, checkpoints:  0,   313.135 MiB
ollama-1  | srv        update:    - prompt 0x3bd30760:     810 tokens, checkpoints:  0,   303.760 MiB
ollama-1  | srv        update:    - prompt 0x3bd306b0:     837 tokens, checkpoints:  0,   313.885 MiB
ollama-1  | srv        update:    - prompt 0x3990b4d0:     893 tokens, checkpoints:  0,   334.886 MiB
ollama-1  | srv        update:    - prompt 0x39532a60:    1243 tokens, checkpoints:  0,   466.140 MiB
ollama-1  | srv        update:    - prompt 0x3bcf2440:     779 tokens, checkpoints:  0,   292.135 MiB
ollama-1  | srv        update:    - prompt 0x3bd05200:     766 tokens, checkpoints:  0,   287.260 MiB
ollama-1  | srv        update:    - prompt 0x3bddd230:     830 tokens, checkpoints:  0,   311.260 MiB
ollama-1  | srv        update:    - prompt 0x3952d930:     801 tokens, checkpoints:  0,   300.385 MiB
ollama-1  | srv        update:    - prompt 0x39544a40:     764 tokens, checkpoints:  0,   286.509 MiB
ollama-1  | srv        update:    - prompt 0x3bd27a40:     862 tokens, checkpoints:  0,   323.261 MiB
ollama-1  | srv        update:    - prompt 0x3bd038d0:     767 tokens, checkpoints:  0,   287.635 MiB
ollama-1  | srv        update:    - prompt 0x39541bb0:     774 tokens, checkpoints:  0,   290.260 MiB
ollama-1  | srv        update:    - prompt 0x39530080:     873 tokens, checkpoints:  0,   327.386 MiB
ollama-1  | srv        update:    - prompt 0x3990f8f0:     827 tokens, checkpoints:  0,   310.135 MiB
ollama-1  | srv        update:    - prompt 0x39541d10:     836 tokens, checkpoints:  0,   313.510 MiB
ollama-1  | srv        update:    - prompt 0x39541c60:     796 tokens, checkpoints:  0,   298.510 MiB
ollama-1  | srv        update:    - prompt 0x3bd03820:     789 tokens, checkpoints:  0,   295.885 MiB
ollama-1  | srv        update:    - prompt 0x3bd03980:     890 tokens, checkpoints:  0,   333.761 MiB
ollama-1  | srv        update:    - prompt 0x3bd1ec30:     771 tokens, checkpoints:  0,   289.135 MiB
ollama-1  | srv        update:    - prompt 0x39521940:     904 tokens, checkpoints:  0,   339.011 MiB
ollama-1  | srv  get_availabl: prompt cache update took 155.57 ms
ollama-1  | slot launch_slot_: id  0 | task -1 | sampler chain: logits -> ?penalties -> ?dry -> ?top-n-sigma -> top-k -> ?typical -> top-p -> ?min-p -> ?xtc -> temp-ext -> dist 
ollama-1  | slot launch_slot_: id  0 | task -1 | sampler params: 
ollama-1  | 	repeat_last_n = 64, repeat_penalty = 1.000, frequency_penalty = 0.000, presence_penalty = 0.000
ollama-1  | 	dry_multiplier = 0.000, dry_base = 1.750, dry_allowed_length = 2, dry_penalty_last_n = 64
ollama-1  | 	top_k = 40, top_p = 0.900, min_p = 0.000, xtc_probability = 0.000, xtc_threshold = 0.100, typical_p = 1.000, top_n_sigma = -1.000, temp = 0.000
ollama-1  | 	mirostat = 0, mirostat_lr = 0.100, mirostat_ent = 5.000, adaptive_target = -1.000, adaptive_decay = 0.900
ollama-1  | slot launch_slot_: id  0 | task 10304 | processing task, is_child = 0
ollama-1  | slot   operator(): id  0 | task 10304 | new prompt, n_ctx_slot = 4096, n_keep = 4, task.n_tokens = 475
ollama-1  | slot   operator(): id  0 | task 10304 | cached n_tokens = 380, memory_seq_rm [380, end)
ollama-1  | slot init_sampler: id  0 | task 10304 | init sampler, took 0.04 ms, tokens: text = 475, total = 475
ollama-1  | [GIN] 2026/10/08 - 04:29:18 | 200 |      27.832µs |       127.0.0.1 | HEAD     "/"
ollama-1  | [GIN] 2026/10/08 - 04:29:18 | 200 |     889.735µs |       127.0.0.1 | GET      "/api/tags"
ollama-1  | slot print_timing: id  0 | task 10304 | prompt eval time =     734.07 ms /    95 tokens (    7.73 ms per token,   129.41 tokens per second)
ollama-1  | slot print_timing: id  0 | task 10304 |        eval time =     337.84 ms /    11 tokens (   33.78 ms per token,    29.60 tokens per second)
ollama-1  | slot print_timing: id  0 | task 10304 |       total time =    1071.91 ms /   106 tokens
ollama-1  | slot print_timing: id  0 | task 10304 |    graphs reused =       7402
ollama-1  | slot      release: id  0 | task 10304 | stop processing: n_tokens = 485, truncated = 0
ollama-1  | srv  update_slots: all slots are idle
ollama-1  | [GIN] 2026/10/08 - 04:29:19 | 200 | 43.270710756s |      172.21.0.4 | POST     "/api/generate"
ollama-1  | srv  server_strea: conv_id= (empty=1)
ollama-1  | slot get_availabl: id  0 | task -1 |  - checking sim = 0.694 (381/549) > 0.100
ollama-1  | slot get_availabl: id  0 | task -1 | selected slot by LCP similarity, f_sim_best = 0.694 (> 0.100 thold), f_keep = 0.786
ollama-1  | slot launch_slot_: id  0 | task -1 | sampler chain: logits -> ?penalties -> ?dry -> ?top-n-sigma -> top-k -> ?typical -> top-p -> ?min-p -> ?xtc -> temp-ext -> dist 
ollama-1  | slot launch_slot_: id  0 | task -1 | sampler params: 
ollama-1  | 	repeat_last_n = 64, repeat_penalty = 1.000, frequency_penalty = 0.000, presence_penalty = 0.000
ollama-1  | 	dry_multiplier = 0.000, dry_base = 1.750, dry_allowed_length = 2, dry_penalty_last_n = 64
ollama-1  | 	top_k = 40, top_p = 0.900, min_p = 0.000, xtc_probability = 0.000, xtc_threshold = 0.100, typical_p = 1.000, top_n_sigma = -1.000, temp = 0.000
ollama-1  | 	mirostat = 0, mirostat_lr = 0.100, mirostat_ent = 5.000, adaptive_target = -1.000, adaptive_decay = 0.900
ollama-1  | slot launch_slot_: id  0 | task 10316 | processing task, is_child = 0
ollama-1  | slot   operator(): id  0 | task 10316 | new prompt, n_ctx_slot = 4096, n_keep = 4, task.n_tokens = 549
ollama-1  | slot   operator(): id  0 | task 10316 | cached n_tokens = 381, memory_seq_rm [381, end)
ollama-1  | slot init_sampler: id  0 | task 10316 | init sampler, took 0.06 ms, tokens: text = 549, total = 549
ollama-1  | slot print_timing: id  0 | task 10316 | prompt eval time =    1255.28 ms /   168 tokens (    7.47 ms per token,   133.84 tokens per second)
ollama-1  | slot print_timing: id  0 | task 10316 |        eval time =     353.96 ms /    11 tokens (   35.40 ms per token,    28.25 tokens per second)
ollama-1  | slot print_timing: id  0 | task 10316 |       total time =    1609.23 ms /   179 tokens
ollama-1  | slot print_timing: id  0 | task 10316 |    graphs reused =       7411
ollama-1  | slot      release: id  0 | task 10316 | stop processing: n_tokens = 559, truncated = 0
ollama-1  | srv  update_slots: all slots are idle
ollama-1  | [GIN] 2026/10/08 - 04:29:20 | 200 | 43.795253666s |      172.21.0.4 | POST     "/api/generate"
ollama-1  | srv  server_strea: conv_id= (empty=1)
ollama-1  | slot get_availabl: id  0 | task -1 |  - checking sim = 0.876 (380/434) > 0.100
ollama-1  | slot get_availabl: id  0 | task -1 | selected slot by LCP similarity, f_sim_best = 0.876 (> 0.100 thold), f_keep = 0.680
ollama-1  | slot launch_slot_: id  0 | task -1 | sampler chain: logits -> ?penalties -> ?dry -> ?top-n-sigma -> top-k -> ?typical -> top-p -> ?min-p -> ?xtc -> temp-ext -> dist 
ollama-1  | slot launch_slot_: id  0 | task -1 | sampler params: 
ollama-1  | 	repeat_last_n = 64, repeat_penalty = 1.000, frequency_penalty = 0.000, presence_penalty = 0.000
ollama-1  | 	dry_multiplier = 0.000, dry_base = 1.750, dry_allowed_length = 2, dry_penalty_last_n = 64
ollama-1  | 	top_k = 40, top_p = 0.900, min_p = 0.000, xtc_probability = 0.000, xtc_threshold = 0.100, typical_p = 1.000, top_n_sigma = -1.000, temp = 0.000
ollama-1  | 	mirostat = 0, mirostat_lr = 0.100, mirostat_ent = 5.000, adaptive_target = -1.000, adaptive_decay = 0.900
ollama-1  | slot launch_slot_: id  0 | task 10328 | processing task, is_child = 0
ollama-1  | slot   operator(): id  0 | task 10328 | new prompt, n_ctx_slot = 4096, n_keep = 4, task.n_tokens = 434
ollama-1  | slot   operator(): id  0 | task 10328 | cached n_tokens = 380, memory_seq_rm [380, end)
ollama-1  | slot init_sampler: id  0 | task 10328 | init sampler, took 0.03 ms, tokens: text = 434, total = 434
ollama-1  | slot print_timing: id  0 | task 10328 | prompt eval time =     443.18 ms /    54 tokens (    8.21 ms per token,   121.85 tokens per second)
ollama-1  | slot print_timing: id  0 | task 10328 |        eval time =     341.27 ms /    11 tokens (   34.13 ms per token,    29.30 tokens per second)
ollama-1  | slot print_timing: id  0 | task 10328 |       total time =     784.45 ms /    65 tokens
ollama-1  | slot print_timing: id  0 | task 10328 |    graphs reused =       7420
ollama-1  | slot      release: id  0 | task 10328 | stop processing: n_tokens = 444, truncated = 0
ollama-1  | srv  update_slots: all slots are idle
ollama-1  | [GIN] 2026/10/08 - 04:29:21 | 200 | 43.854884591s |      172.21.0.4 | POST     "/api/generate"
ollama-1  | srv  server_strea: conv_id= (empty=1)
ollama-1  | slot get_availabl: id  0 | task -1 |  - checking sim = 0.425 (379/892) > 0.100
ollama-1  | slot get_availabl: id  0 | task -1 | selected slot by LCP similarity, f_sim_best = 0.425 (> 0.100 thold), f_keep = 0.854
ollama-1  | slot launch_slot_: id  0 | task -1 | sampler chain: logits -> ?penalties -> ?dry -> ?top-n-sigma -> top-k -> ?typical -> top-p -> ?min-p -> ?xtc -> temp-ext -> dist 
ollama-1  | slot launch_slot_: id  0 | task -1 | sampler params: 
ollama-1  | 	repeat_last_n = 64, repeat_penalty = 1.000, frequency_penalty = 0.000, presence_penalty = 0.000
ollama-1  | 	dry_multiplier = 0.000, dry_base = 1.750, dry_allowed_length = 2, dry_penalty_last_n = 64
ollama-1  | 	top_k = 40, top_p = 0.900, min_p = 0.000, xtc_probability = 0.000, xtc_threshold = 0.100, typical_p = 1.000, top_n_sigma = -1.000, temp = 0.000
ollama-1  | 	mirostat = 0, mirostat_lr = 0.100, mirostat_ent = 5.000, adaptive_target = -1.000, adaptive_decay = 0.900
ollama-1  | slot launch_slot_: id  0 | task 10340 | processing task, is_child = 0
ollama-1  | slot   operator(): id  0 | task 10340 | new prompt, n_ctx_slot = 4096, n_keep = 4, task.n_tokens = 892
ollama-1  | slot   operator(): id  0 | task 10340 | cached n_tokens = 379, memory_seq_rm [379, end)
ollama-1  | slot print_timing: id  0 | task 10340 | prompt processing, n_tokens =    512, progress = 1.00, t =   3.69 s / 138.61 tokens per second
ollama-1  | slot   operator(): id  0 | task 10340 | cached n_tokens = 891, memory_seq_rm [891, end)
ollama-1  | slot init_sampler: id  0 | task 10340 | init sampler, took 0.11 ms, tokens: text = 892, total = 892
ollama-1  | slot print_timing: id  0 | task 10340 | prompt eval time =    3732.64 ms /   513 tokens (    7.28 ms per token,   137.44 tokens per second)
ollama-1  | slot print_timing: id  0 | task 10340 |        eval time =     307.24 ms /     9 tokens (   38.40 ms per token,    26.04 tokens per second)
ollama-1  | slot print_timing: id  0 | task 10340 |       total time =    4039.87 ms /   522 tokens
ollama-1  | slot print_timing: id  0 | task 10340 |    graphs reused =       7428
ollama-1  | slot      release: id  0 | task 10340 | stop processing: n_tokens = 900, truncated = 0
ollama-1  | srv  update_slots: all slots are idle
ollama-1  | [GIN] 2026/10/08 - 04:29:25 | 200 | 47.281285059s |      172.21.0.4 | POST     "/api/generate"
ollama-1  | srv  server_strea: conv_id= (empty=1)
ollama-1  | slot get_availabl: id  0 | task -1 |  - checking sim = 0.616 (379/615) > 0.100
ollama-1  | slot get_availabl: id  0 | task -1 | selected slot by LCP similarity, f_sim_best = 0.616 (> 0.100 thold), f_keep = 0.421
ollama-1  | srv  get_availabl: updating prompt cache
ollama-1  | srv   prompt_save:  - saving prompt with length 900, total state size = 337.511 MiB (draft: 0.000 MiB)
ollama-1  | srv         alloc:  - making room for prompt cache entry, removing oldest entry (size = 310.135 MiB)
ollama-1  | srv          load:  - looking for better prompt, base f_keep = 0.421, f_sim = 0.616
ollama-1  | srv          load:    - prompt with length     888, lcp =     379, f_keep = 0.427, f_sim = 0.616
ollama-1  | srv          load:    - prompt with length     942, lcp =     379, f_keep = 0.402, f_sim = 0.616
ollama-1  | srv          load:    - prompt with length     835, lcp =     379, f_keep = 0.454, f_sim = 0.616
ollama-1  | srv          load:    - prompt with length     835, lcp =     379, f_keep = 0.454, f_sim = 0.616
ollama-1  | srv          load:    - prompt with length     810, lcp =     379, f_keep = 0.468, f_sim = 0.616
ollama-1  | srv          load:    - prompt with length     837, lcp =     379, f_keep = 0.453, f_sim = 0.616
ollama-1  | srv          load:    - prompt with length     893, lcp =     379, f_keep = 0.424, f_sim = 0.616
ollama-1  | srv          load:    - prompt with length    1243, lcp =     379, f_keep = 0.305, f_sim = 0.616
ollama-1  | srv          load:    - prompt with length     779, lcp =     379, f_keep = 0.487, f_sim = 0.616
ollama-1  | srv          load:    - prompt with length     766, lcp =     379, f_keep = 0.495, f_sim = 0.616
ollama-1  | srv          load:    - prompt with length     830, lcp =     379, f_keep = 0.457, f_sim = 0.616
ollama-1  | srv          load:    - prompt with length     801, lcp =     379, f_keep = 0.473, f_sim = 0.616
ollama-1  | srv          load:    - prompt with length     764, lcp =     379, f_keep = 0.496, f_sim = 0.616
ollama-1  | srv          load:    - prompt with length     862, lcp =     380, f_keep = 0.441, f_sim = 0.618
ollama-1  | srv          load:    - prompt with length     767, lcp =     379, f_keep = 0.494, f_sim = 0.616
ollama-1  | srv          load:    - prompt with length     774, lcp =     379, f_keep = 0.490, f_sim = 0.616
ollama-1  | srv          load:    - prompt with length     873, lcp =     380, f_keep = 0.435, f_sim = 0.618
ollama-1  | srv          load:    - prompt with length     827, lcp =     379, f_keep = 0.458, f_sim = 0.616
ollama-1  | srv          load:    - prompt with length     836, lcp =     379, f_keep = 0.453, f_sim = 0.616
ollama-1  | srv          load:    - prompt with length     796, lcp =     379, f_keep = 0.476, f_sim = 0.616
ollama-1  | srv          load:    - prompt with length     789, lcp =     379, f_keep = 0.480, f_sim = 0.616
ollama-1  | srv          load:    - prompt with length     890, lcp =     379, f_keep = 0.426, f_sim = 0.616
ollama-1  | srv          load:    - prompt with length     771, lcp =     379, f_keep = 0.492, f_sim = 0.616
ollama-1  | srv          load:    - prompt with length     904, lcp =     379, f_keep = 0.419, f_sim = 0.616
ollama-1  | srv          load:    - prompt with length     900, lcp =     379, f_keep = 0.421, f_sim = 0.616
ollama-1  | srv          load:  - found better prompt with f_keep = 0.441, f_sim = 0.618
ollama-1  | srv        update:  - cache state: 24 prompts, 7631.501 MiB (limits: 8192.000 MiB, 4096 tokens, 21844 est)
ollama-1  | srv        update:    - prompt 0x3bcf25a0:     888 tokens, checkpoints:  0,   333.011 MiB
ollama-1  | srv        update:    - prompt 0x3bcf1110:     942 tokens, checkpoints:  0,   353.262 MiB
ollama-1  | srv        update:    - prompt 0x39536010:     835 tokens, checkpoints:  0,   313.135 MiB
ollama-1  | srv        update:    - prompt 0x39557930:     835 tokens, checkpoints:  0,   313.135 MiB
ollama-1  | srv        update:    - prompt 0x3bd30760:     810 tokens, checkpoints:  0,   303.760 MiB
ollama-1  | srv        update:    - prompt 0x3bd306b0:     837 tokens, checkpoints:  0,   313.885 MiB
ollama-1  | srv        update:    - prompt 0x3990b4d0:     893 tokens, checkpoints:  0,   334.886 MiB
ollama-1  | srv        update:    - prompt 0x39532a60:    1243 tokens, checkpoints:  0,   466.140 MiB
ollama-1  | srv        update:    - prompt 0x3bcf2440:     779 tokens, checkpoints:  0,   292.135 MiB
ollama-1  | srv        update:    - prompt 0x3bd05200:     766 tokens, checkpoints:  0,   287.260 MiB
ollama-1  | srv        update:    - prompt 0x3bddd230:     830 tokens, checkpoints:  0,   311.260 MiB
ollama-1  | srv        update:    - prompt 0x3952d930:     801 tokens, checkpoints:  0,   300.385 MiB
ollama-1  | srv        update:    - prompt 0x39544a40:     764 tokens, checkpoints:  0,   286.509 MiB
ollama-1  | srv        update:    - prompt 0x3bd038d0:     767 tokens, checkpoints:  0,   287.635 MiB
ollama-1  | srv        update:    - prompt 0x39541bb0:     774 tokens, checkpoints:  0,   290.260 MiB
ollama-1  | srv        update:    - prompt 0x39530080:     873 tokens, checkpoints:  0,   327.386 MiB
ollama-1  | srv        update:    - prompt 0x3990f8f0:     827 tokens, checkpoints:  0,   310.135 MiB
ollama-1  | srv        update:    - prompt 0x39541d10:     836 tokens, checkpoints:  0,   313.510 MiB
ollama-1  | srv        update:    - prompt 0x39541c60:     796 tokens, checkpoints:  0,   298.510 MiB
ollama-1  | srv        update:    - prompt 0x3bd03820:     789 tokens, checkpoints:  0,   295.885 MiB
ollama-1  | srv        update:    - prompt 0x3bd03980:     890 tokens, checkpoints:  0,   333.761 MiB
ollama-1  | srv        update:    - prompt 0x3bd1ec30:     771 tokens, checkpoints:  0,   289.135 MiB
ollama-1  | srv        update:    - prompt 0x39521940:     904 tokens, checkpoints:  0,   339.011 MiB
ollama-1  | srv        update:    - prompt 0x39903680:     900 tokens, checkpoints:  0,   337.511 MiB
ollama-1  | srv  get_availabl: prompt cache update took 252.34 ms
ollama-1  | slot launch_slot_: id  0 | task -1 | sampler chain: logits -> ?penalties -> ?dry -> ?top-n-sigma -> top-k -> ?typical -> top-p -> ?min-p -> ?xtc -> temp-ext -> dist 
ollama-1  | slot launch_slot_: id  0 | task -1 | sampler params: 
ollama-1  | 	repeat_last_n = 64, repeat_penalty = 1.000, frequency_penalty = 0.000, presence_penalty = 0.000
ollama-1  | 	dry_multiplier = 0.000, dry_base = 1.750, dry_allowed_length = 2, dry_penalty_last_n = 64
ollama-1  | 	top_k = 40, top_p = 0.900, min_p = 0.000, xtc_probability = 0.000, xtc_threshold = 0.100, typical_p = 1.000, top_n_sigma = -1.000, temp = 0.000
ollama-1  | 	mirostat = 0, mirostat_lr = 0.100, mirostat_ent = 5.000, adaptive_target = -1.000, adaptive_decay = 0.900
ollama-1  | slot launch_slot_: id  0 | task 10351 | processing task, is_child = 0
ollama-1  | slot   operator(): id  0 | task 10351 | new prompt, n_ctx_slot = 4096, n_keep = 4, task.n_tokens = 615
ollama-1  | slot   operator(): id  0 | task 10351 | cached n_tokens = 380, memory_seq_rm [380, end)
ollama-1  | slot init_sampler: id  0 | task 10351 | init sampler, took 0.05 ms, tokens: text = 615, total = 615
ollama-1  | slot print_timing: id  0 | task 10351 | prompt eval time =    1734.27 ms /   235 tokens (    7.38 ms per token,   135.50 tokens per second)
ollama-1  | slot print_timing: id  0 | task 10351 |        eval time =     352.51 ms /    11 tokens (   35.25 ms per token,    28.37 tokens per second)
ollama-1  | slot print_timing: id  0 | task 10351 |       total time =    2086.78 ms /   246 tokens
ollama-1  | slot print_timing: id  0 | task 10351 |    graphs reused =       7437
ollama-1  | slot      release: id  0 | task 10351 | stop processing: n_tokens = 625, truncated = 0
ollama-1  | srv  update_slots: all slots are idle
ollama-1  | [GIN] 2026/10/08 - 04:29:27 | 200 | 49.159839105s |      172.21.0.4 | POST     "/api/generate"
ollama-1  | srv  server_strea: conv_id= (empty=1)
ollama-1  | slot get_availabl: id  0 | task -1 |  - checking sim = 0.553 (379/685) > 0.100
ollama-1  | slot get_availabl: id  0 | task -1 | selected slot by LCP similarity, f_sim_best = 0.553 (> 0.100 thold), f_keep = 0.606
ollama-1  | slot launch_slot_: id  0 | task -1 | sampler chain: logits -> ?penalties -> ?dry -> ?top-n-sigma -> top-k -> ?typical -> top-p -> ?min-p -> ?xtc -> temp-ext -> dist 
ollama-1  | slot launch_slot_: id  0 | task -1 | sampler params: 
ollama-1  | 	repeat_last_n = 64, repeat_penalty = 1.000, frequency_penalty = 0.000, presence_penalty = 0.000
ollama-1  | 	dry_multiplier = 0.000, dry_base = 1.750, dry_allowed_length = 2, dry_penalty_last_n = 64
ollama-1  | 	top_k = 40, top_p = 0.900, min_p = 0.000, xtc_probability = 0.000, xtc_threshold = 0.100, typical_p = 1.000, top_n_sigma = -1.000, temp = 0.000
ollama-1  | 	mirostat = 0, mirostat_lr = 0.100, mirostat_ent = 5.000, adaptive_target = -1.000, adaptive_decay = 0.900
ollama-1  | slot launch_slot_: id  0 | task 10363 | processing task, is_child = 0
ollama-1  | slot   operator(): id  0 | task 10363 | new prompt, n_ctx_slot = 4096, n_keep = 4, task.n_tokens = 685
ollama-1  | slot   operator(): id  0 | task 10363 | cached n_tokens = 379, memory_seq_rm [379, end)
ollama-1  | slot init_sampler: id  0 | task 10363 | init sampler, took 0.07 ms, tokens: text = 685, total = 685
ollama-1  | [GIN] 2026/10/08 - 04:29:28 | 200 |      28.072µs |       127.0.0.1 | HEAD     "/"
ollama-1  | [GIN] 2026/10/08 - 04:29:28 | 200 |    1.364062ms |       127.0.0.1 | GET      "/api/tags"
ollama-1  | slot print_timing: id  0 | task 10363 | prompt eval time =    2237.81 ms /   306 tokens (    7.31 ms per token,   136.74 tokens per second)
ollama-1  | slot print_timing: id  0 | task 10363 |        eval time =     289.28 ms /     9 tokens (   36.16 ms per token,    27.66 tokens per second)
ollama-1  | slot print_timing: id  0 | task 10363 |       total time =    2527.09 ms /   315 tokens
ollama-1  | slot print_timing: id  0 | task 10363 |    graphs reused =       7444
ollama-1  | slot      release: id  0 | task 10363 | stop processing: n_tokens = 693, truncated = 0
ollama-1  | srv  update_slots: all slots are idle
ollama-1  | [GIN] 2026/10/08 - 04:29:30 | 200 | 51.635625851s |      172.21.0.4 | POST     "/api/generate"
ollama-1  | srv  server_strea: conv_id= (empty=1)
ollama-1  | slot get_availabl: id  0 | task -1 |  - checking sim = 0.545 (379/696) > 0.100
ollama-1  | slot get_availabl: id  0 | task -1 | selected slot by LCP similarity, f_sim_best = 0.545 (> 0.100 thold), f_keep = 0.547
ollama-1  | slot launch_slot_: id  0 | task -1 | sampler chain: logits -> ?penalties -> ?dry -> ?top-n-sigma -> top-k -> ?typical -> top-p -> ?min-p -> ?xtc -> temp-ext -> dist 
ollama-1  | slot launch_slot_: id  0 | task -1 | sampler params: 
ollama-1  | 	repeat_last_n = 64, repeat_penalty = 1.000, frequency_penalty = 0.000, presence_penalty = 0.000
ollama-1  | 	dry_multiplier = 0.000, dry_base = 1.750, dry_allowed_length = 2, dry_penalty_last_n = 64
ollama-1  | 	top_k = 40, top_p = 0.900, min_p = 0.000, xtc_probability = 0.000, xtc_threshold = 0.100, typical_p = 1.000, top_n_sigma = -1.000, temp = 0.000
ollama-1  | 	mirostat = 0, mirostat_lr = 0.100, mirostat_ent = 5.000, adaptive_target = -1.000, adaptive_decay = 0.900
ollama-1  | slot launch_slot_: id  0 | task 10373 | processing task, is_child = 0
ollama-1  | slot   operator(): id  0 | task 10373 | new prompt, n_ctx_slot = 4096, n_keep = 4, task.n_tokens = 696
ollama-1  | slot   operator(): id  0 | task 10373 | cached n_tokens = 379, memory_seq_rm [379, end)
ollama-1  | slot init_sampler: id  0 | task 10373 | init sampler, took 0.05 ms, tokens: text = 696, total = 696
ollama-1  | slot print_timing: id  0 | task 10373 | prompt eval time =    2320.65 ms /   317 tokens (    7.32 ms per token,   136.60 tokens per second)
ollama-1  | slot print_timing: id  0 | task 10373 |        eval time =     326.34 ms /    10 tokens (   36.26 ms per token,    27.58 tokens per second)
ollama-1  | slot print_timing: id  0 | task 10373 |       total time =    2646.99 ms /   327 tokens
ollama-1  | slot print_timing: id  0 | task 10373 |    graphs reused =       7452
ollama-1  | slot      release: id  0 | task 10373 | stop processing: n_tokens = 705, truncated = 0
ollama-1  | srv  update_slots: all slots are idle
ollama-1  | [GIN] 2026/10/08 - 04:29:33 | 200 | 53.401644815s |      172.21.0.4 | POST     "/api/generate"
ollama-1  | srv  server_strea: conv_id= (empty=1)
ollama-1  | slot get_availabl: id  0 | task -1 |  - checking sim = 0.530 (379/715) > 0.100
ollama-1  | slot get_availabl: id  0 | task -1 | selected slot by LCP similarity, f_sim_best = 0.530 (> 0.100 thold), f_keep = 0.538
ollama-1  | slot launch_slot_: id  0 | task -1 | sampler chain: logits -> ?penalties -> ?dry -> ?top-n-sigma -> top-k -> ?typical -> top-p -> ?min-p -> ?xtc -> temp-ext -> dist 
ollama-1  | slot launch_slot_: id  0 | task -1 | sampler params: 
ollama-1  | 	repeat_last_n = 64, repeat_penalty = 1.000, frequency_penalty = 0.000, presence_penalty = 0.000
ollama-1  | 	dry_multiplier = 0.000, dry_base = 1.750, dry_allowed_length = 2, dry_penalty_last_n = 64
ollama-1  | 	top_k = 40, top_p = 0.900, min_p = 0.000, xtc_probability = 0.000, xtc_threshold = 0.100, typical_p = 1.000, top_n_sigma = -1.000, temp = 0.000
ollama-1  | 	mirostat = 0, mirostat_lr = 0.100, mirostat_ent = 5.000, adaptive_target = -1.000, adaptive_decay = 0.900
ollama-1  | slot launch_slot_: id  0 | task 10384 | processing task, is_child = 0
ollama-1  | slot   operator(): id  0 | task 10384 | new prompt, n_ctx_slot = 4096, n_keep = 4, task.n_tokens = 715
ollama-1  | slot   operator(): id  0 | task 10384 | cached n_tokens = 379, memory_seq_rm [379, end)
ollama-1  | slot init_sampler: id  0 | task 10384 | init sampler, took 0.08 ms, tokens: text = 715, total = 715
ollama-1  | slot print_timing: id  0 | task 10384 | prompt eval time =    2422.43 ms /   336 tokens (    7.21 ms per token,   138.70 tokens per second)
ollama-1  | slot print_timing: id  0 | task 10384 |        eval time =     322.39 ms /    10 tokens (   35.82 ms per token,    27.92 tokens per second)
ollama-1  | slot print_timing: id  0 | task 10384 |       total time =    2744.82 ms /   346 tokens
ollama-1  | slot print_timing: id  0 | task 10384 |    graphs reused =       7460
ollama-1  | slot      release: id  0 | task 10384 | stop processing: n_tokens = 724, truncated = 0
ollama-1  | srv  update_slots: all slots are idle
ollama-1  | [GIN] 2026/10/08 - 04:29:37 | 200 | 55.785124441s |      172.21.0.4 | POST     "/api/generate"
ollama-1  | srv  server_strea: conv_id= (empty=1)
ollama-1  | slot get_availabl: id  0 | task -1 |  - checking sim = 0.567 (379/669) > 0.100
ollama-1  | slot get_availabl: id  0 | task -1 | selected slot by LCP similarity, f_sim_best = 0.567 (> 0.100 thold), f_keep = 0.523
ollama-1  | slot launch_slot_: id  0 | task -1 | sampler chain: logits -> ?penalties -> ?dry -> ?top-n-sigma -> top-k -> ?typical -> top-p -> ?min-p -> ?xtc -> temp-ext -> dist 
ollama-1  | slot launch_slot_: id  0 | task -1 | sampler params: 
ollama-1  | 	repeat_last_n = 64, repeat_penalty = 1.000, frequency_penalty = 0.000, presence_penalty = 0.000
ollama-1  | 	dry_multiplier = 0.000, dry_base = 1.750, dry_allowed_length = 2, dry_penalty_last_n = 64
ollama-1  | 	top_k = 40, top_p = 0.900, min_p = 0.000, xtc_probability = 0.000, xtc_threshold = 0.100, typical_p = 1.000, top_n_sigma = -1.000, temp = 0.000
ollama-1  | 	mirostat = 0, mirostat_lr = 0.100, mirostat_ent = 5.000, adaptive_target = -1.000, adaptive_decay = 0.900
ollama-1  | slot launch_slot_: id  0 | task 10395 | processing task, is_child = 0
ollama-1  | slot   operator(): id  0 | task 10395 | new prompt, n_ctx_slot = 4096, n_keep = 4, task.n_tokens = 669
ollama-1  | slot   operator(): id  0 | task 10395 | cached n_tokens = 379, memory_seq_rm [379, end)
ollama-1  | slot init_sampler: id  0 | task 10395 | init sampler, took 0.08 ms, tokens: text = 669, total = 669
ollama-1  | slot print_timing: id  0 | task 10395 | prompt eval time =    2119.28 ms /   290 tokens (    7.31 ms per token,   136.84 tokens per second)
ollama-1  | slot print_timing: id  0 | task 10395 |        eval time =     282.46 ms /     9 tokens (   35.31 ms per token,    28.32 tokens per second)
ollama-1  | slot print_timing: id  0 | task 10395 |       total time =    2401.74 ms /   299 tokens
ollama-1  | slot print_timing: id  0 | task 10395 |    graphs reused =       7467
ollama-1  | slot      release: id  0 | task 10395 | stop processing: n_tokens = 677, truncated = 0
ollama-1  | srv  update_slots: all slots are idle
ollama-1  | [GIN] 2026/10/08 - 04:29:39 | 200 | 57.750790998s |      172.21.0.4 | POST     "/api/generate"
ollama-1  | srv  server_strea: conv_id= (empty=1)
ollama-1  | slot get_availabl: id  0 | task -1 |  - checking sim = 0.611 (379/620) > 0.100
ollama-1  | slot get_availabl: id  0 | task -1 | selected slot by LCP similarity, f_sim_best = 0.611 (> 0.100 thold), f_keep = 0.560
ollama-1  | slot launch_slot_: id  0 | task -1 | sampler chain: logits -> ?penalties -> ?dry -> ?top-n-sigma -> top-k -> ?typical -> top-p -> ?min-p -> ?xtc -> temp-ext -> dist 
ollama-1  | slot launch_slot_: id  0 | task -1 | sampler params: 
ollama-1  | 	repeat_last_n = 64, repeat_penalty = 1.000, frequency_penalty = 0.000, presence_penalty = 0.000
ollama-1  | 	dry_multiplier = 0.000, dry_base = 1.750, dry_allowed_length = 2, dry_penalty_last_n = 64
ollama-1  | 	top_k = 40, top_p = 0.900, min_p = 0.000, xtc_probability = 0.000, xtc_threshold = 0.100, typical_p = 1.000, top_n_sigma = -1.000, temp = 0.000
ollama-1  | 	mirostat = 0, mirostat_lr = 0.100, mirostat_ent = 5.000, adaptive_target = -1.000, adaptive_decay = 0.900
ollama-1  | slot launch_slot_: id  0 | task 10405 | processing task, is_child = 0
ollama-1  | slot   operator(): id  0 | task 10405 | new prompt, n_ctx_slot = 4096, n_keep = 4, task.n_tokens = 620
ollama-1  | slot   operator(): id  0 | task 10405 | cached n_tokens = 379, memory_seq_rm [379, end)
ollama-1  | slot init_sampler: id  0 | task 10405 | init sampler, took 0.07 ms, tokens: text = 620, total = 620
ollama-1  | [GIN] 2026/10/08 - 04:29:40 | 200 |      26.302µs |       127.0.0.1 | HEAD     "/"
ollama-1  | [GIN] 2026/10/08 - 04:29:40 | 200 |    1.534732ms |       127.0.0.1 | GET      "/api/tags"
ollama-1  | slot print_timing: id  0 | task 10405 | prompt eval time =    1785.66 ms /   241 tokens (    7.41 ms per token,   134.96 tokens per second)
ollama-1  | slot print_timing: id  0 | task 10405 |        eval time =     355.83 ms /    11 tokens (   35.58 ms per token,    28.10 tokens per second)
ollama-1  | slot print_timing: id  0 | task 10405 |       total time =    2141.49 ms /   252 tokens
ollama-1  | slot print_timing: id  0 | task 10405 |    graphs reused =       7476
ollama-1  | slot      release: id  0 | task 10405 | stop processing: n_tokens = 630, truncated = 0
ollama-1  | srv  update_slots: all slots are idle
ollama-1  | [GIN] 2026/10/08 - 04:29:41 | 200 | 59.791081386s |      172.21.0.4 | POST     "/api/generate"
ollama-1  | srv  server_strea: conv_id= (empty=1)
ollama-1  | slot get_availabl: id  0 | task -1 |  - checking sim = 0.800 (379/474) > 0.100
ollama-1  | slot get_availabl: id  0 | task -1 | selected slot by LCP similarity, f_sim_best = 0.800 (> 0.100 thold), f_keep = 0.602
ollama-1  | slot launch_slot_: id  0 | task -1 | sampler chain: logits -> ?penalties -> ?dry -> ?top-n-sigma -> top-k -> ?typical -> top-p -> ?min-p -> ?xtc -> temp-ext -> dist 
ollama-1  | slot launch_slot_: id  0 | task -1 | sampler params: 
ollama-1  | 	repeat_last_n = 64, repeat_penalty = 1.000, frequency_penalty = 0.000, presence_penalty = 0.000
ollama-1  | 	dry_multiplier = 0.000, dry_base = 1.750, dry_allowed_length = 2, dry_penalty_last_n = 64
ollama-1  | 	top_k = 40, top_p = 0.900, min_p = 0.000, xtc_probability = 0.000, xtc_threshold = 0.100, typical_p = 1.000, top_n_sigma = -1.000, temp = 0.000
ollama-1  | 	mirostat = 0, mirostat_lr = 0.100, mirostat_ent = 5.000, adaptive_target = -1.000, adaptive_decay = 0.900
ollama-1  | slot launch_slot_: id  0 | task 10417 | processing task, is_child = 0
ollama-1  | slot   operator(): id  0 | task 10417 | new prompt, n_ctx_slot = 4096, n_keep = 4, task.n_tokens = 474
ollama-1  | slot   operator(): id  0 | task 10417 | cached n_tokens = 379, memory_seq_rm [379, end)
ollama-1  | slot init_sampler: id  0 | task 10417 | init sampler, took 0.05 ms, tokens: text = 474, total = 474
ollama-1  | slot print_timing: id  0 | task 10417 | prompt eval time =     753.70 ms /    95 tokens (    7.93 ms per token,   126.04 tokens per second)
ollama-1  | slot print_timing: id  0 | task 10417 |        eval time =     270.46 ms /     9 tokens (   33.81 ms per token,    29.58 tokens per second)
ollama-1  | slot print_timing: id  0 | task 10417 |       total time =    1024.17 ms /   104 tokens
ollama-1  | slot print_timing: id  0 | task 10417 |    graphs reused =       7483
ollama-1  | slot      release: id  0 | task 10417 | stop processing: n_tokens = 482, truncated = 0
ollama-1  | srv  update_slots: all slots are idle
ollama-1  | [GIN] 2026/10/08 - 04:29:42 | 200 |          1m0s |      172.21.0.4 | POST     "/api/generate"
ollama-1  | srv  server_strea: conv_id= (empty=1)
ollama-1  | slot get_availabl: id  0 | task -1 |  - checking sim = 0.497 (380/764) > 0.100
ollama-1  | slot get_availabl: id  0 | task -1 | selected slot by LCP similarity, f_sim_best = 0.497 (> 0.100 thold), f_keep = 0.788
ollama-1  | slot launch_slot_: id  0 | task -1 | sampler chain: logits -> ?penalties -> ?dry -> ?top-n-sigma -> top-k -> ?typical -> top-p -> ?min-p -> ?xtc -> temp-ext -> dist 
ollama-1  | slot launch_slot_: id  0 | task -1 | sampler params: 
ollama-1  | 	repeat_last_n = 64, repeat_penalty = 1.000, frequency_penalty = 0.000, presence_penalty = 0.000
ollama-1  | 	dry_multiplier = 0.000, dry_base = 1.750, dry_allowed_length = 2, dry_penalty_last_n = 64
ollama-1  | 	top_k = 40, top_p = 0.900, min_p = 0.000, xtc_probability = 0.000, xtc_threshold = 0.100, typical_p = 1.000, top_n_sigma = -1.000, temp = 0.000
ollama-1  | 	mirostat = 0, mirostat_lr = 0.100, mirostat_ent = 5.000, adaptive_target = -1.000, adaptive_decay = 0.900
ollama-1  | slot launch_slot_: id  0 | task 10427 | processing task, is_child = 0
ollama-1  | slot   operator(): id  0 | task 10427 | new prompt, n_ctx_slot = 4096, n_keep = 4, task.n_tokens = 764
ollama-1  | slot   operator(): id  0 | task 10427 | cached n_tokens = 380, memory_seq_rm [380, end)
ollama-1  | slot init_sampler: id  0 | task 10427 | init sampler, took 0.08 ms, tokens: text = 764, total = 764
ollama-1  | slot print_timing: id  0 | task 10427 | prompt eval time =    2759.13 ms /   384 tokens (    7.19 ms per token,   139.17 tokens per second)
ollama-1  | slot print_timing: id  0 | task 10427 |        eval time =     376.96 ms /    11 tokens (   37.70 ms per token,    26.53 tokens per second)
ollama-1  | slot print_timing: id  0 | task 10427 |       total time =    3136.09 ms /   395 tokens
ollama-1  | slot print_timing: id  0 | task 10427 |    graphs reused =       7491
ollama-1  | slot      release: id  0 | task 10427 | stop processing: n_tokens = 774, truncated = 0
ollama-1  | srv  update_slots: all slots are idle
ollama-1  | [GIN] 2026/10/08 - 04:29:46 | 200 |          1m3s |      172.21.0.4 | POST     "/api/generate"
ollama-1  | srv  server_strea: conv_id= (empty=1)
ollama-1  | slot get_availabl: id  0 | task -1 |  - checking sim = 0.457 (379/830) > 0.100
ollama-1  | slot get_availabl: id  0 | task -1 | selected slot by LCP similarity, f_sim_best = 0.457 (> 0.100 thold), f_keep = 0.490
ollama-1  | srv  get_availabl: updating prompt cache
ollama-1  | srv   prompt_save:  - saving prompt with length 774, total state size = 290.260 MiB (draft: 0.000 MiB)
ollama-1  | srv          load:  - looking for better prompt, base f_keep = 0.490, f_sim = 0.457
ollama-1  | srv          load:    - prompt with length     888, lcp =     379, f_keep = 0.427, f_sim = 0.457
ollama-1  | srv          load:    - prompt with length     942, lcp =     379, f_keep = 0.402, f_sim = 0.457
ollama-1  | srv          load:    - prompt with length     835, lcp =     379, f_keep = 0.454, f_sim = 0.457
ollama-1  | srv          load:    - prompt with length     835, lcp =     379, f_keep = 0.454, f_sim = 0.457
ollama-1  | srv          load:    - prompt with length     810, lcp =     379, f_keep = 0.468, f_sim = 0.457
ollama-1  | srv          load:    - prompt with length     837, lcp =     379, f_keep = 0.453, f_sim = 0.457
ollama-1  | srv          load:    - prompt with length     893, lcp =     379, f_keep = 0.424, f_sim = 0.457
ollama-1  | srv          load:    - prompt with length    1243, lcp =     379, f_keep = 0.305, f_sim = 0.457
ollama-1  | srv          load:    - prompt with length     779, lcp =     379, f_keep = 0.487, f_sim = 0.457
ollama-1  | srv          load:    - prompt with length     766, lcp =     379, f_keep = 0.495, f_sim = 0.457
ollama-1  | srv          load:    - prompt with length     830, lcp =     379, f_keep = 0.457, f_sim = 0.457
ollama-1  | srv          load:    - prompt with length     801, lcp =     379, f_keep = 0.473, f_sim = 0.457
ollama-1  | srv          load:    - prompt with length     764, lcp =     379, f_keep = 0.496, f_sim = 0.457
ollama-1  | srv          load:    - prompt with length     767, lcp =     379, f_keep = 0.494, f_sim = 0.457
ollama-1  | srv          load:    - prompt with length     774, lcp =     379, f_keep = 0.490, f_sim = 0.457
ollama-1  | srv          load:    - prompt with length     873, lcp =     379, f_keep = 0.434, f_sim = 0.457
ollama-1  | srv          load:    - prompt with length     827, lcp =     379, f_keep = 0.458, f_sim = 0.457
ollama-1  | srv          load:    - prompt with length     836, lcp =     379, f_keep = 0.453, f_sim = 0.457
ollama-1  | srv          load:    - prompt with length     796, lcp =     379, f_keep = 0.476, f_sim = 0.457
ollama-1  | srv          load:    - prompt with length     789, lcp =     379, f_keep = 0.480, f_sim = 0.457
ollama-1  | srv          load:    - prompt with length     890, lcp =     379, f_keep = 0.426, f_sim = 0.457
ollama-1  | srv          load:    - prompt with length     771, lcp =     379, f_keep = 0.492, f_sim = 0.457
ollama-1  | srv          load:    - prompt with length     904, lcp =     379, f_keep = 0.419, f_sim = 0.457
ollama-1  | srv          load:    - prompt with length     900, lcp =     379, f_keep = 0.421, f_sim = 0.457
ollama-1  | srv          load:    - prompt with length     774, lcp =     379, f_keep = 0.490, f_sim = 0.457
ollama-1  | srv        update:  - cache state: 25 prompts, 7921.761 MiB (limits: 8192.000 MiB, 4096 tokens, 21844 est)
ollama-1  | srv        update:    - prompt 0x3bcf25a0:     888 tokens, checkpoints:  0,   333.011 MiB
ollama-1  | srv        update:    - prompt 0x3bcf1110:     942 tokens, checkpoints:  0,   353.262 MiB
ollama-1  | srv        update:    - prompt 0x39536010:     835 tokens, checkpoints:  0,   313.135 MiB
ollama-1  | srv        update:    - prompt 0x39557930:     835 tokens, checkpoints:  0,   313.135 MiB
ollama-1  | srv        update:    - prompt 0x3bd30760:     810 tokens, checkpoints:  0,   303.760 MiB
ollama-1  | srv        update:    - prompt 0x3bd306b0:     837 tokens, checkpoints:  0,   313.885 MiB
ollama-1  | srv        update:    - prompt 0x3990b4d0:     893 tokens, checkpoints:  0,   334.886 MiB
ollama-1  | srv        update:    - prompt 0x39532a60:    1243 tokens, checkpoints:  0,   466.140 MiB
ollama-1  | srv        update:    - prompt 0x3bcf2440:     779 tokens, checkpoints:  0,   292.135 MiB
ollama-1  | srv        update:    - prompt 0x3bd05200:     766 tokens, checkpoints:  0,   287.260 MiB
ollama-1  | srv        update:    - prompt 0x3bddd230:     830 tokens, checkpoints:  0,   311.260 MiB
ollama-1  | srv        update:    - prompt 0x3952d930:     801 tokens, checkpoints:  0,   300.385 MiB
ollama-1  | srv        update:    - prompt 0x39544a40:     764 tokens, checkpoints:  0,   286.509 MiB
ollama-1  | srv        update:    - prompt 0x3bd038d0:     767 tokens, checkpoints:  0,   287.635 MiB
ollama-1  | srv        update:    - prompt 0x39541bb0:     774 tokens, checkpoints:  0,   290.260 MiB
ollama-1  | srv        update:    - prompt 0x39530080:     873 tokens, checkpoints:  0,   327.386 MiB
ollama-1  | srv        update:    - prompt 0x3990f8f0:     827 tokens, checkpoints:  0,   310.135 MiB
ollama-1  | srv        update:    - prompt 0x39541d10:     836 tokens, checkpoints:  0,   313.510 MiB
ollama-1  | srv        update:    - prompt 0x39541c60:     796 tokens, checkpoints:  0,   298.510 MiB
ollama-1  | srv        update:    - prompt 0x3bd03820:     789 tokens, checkpoints:  0,   295.885 MiB
ollama-1  | srv        update:    - prompt 0x3bd03980:     890 tokens, checkpoints:  0,   333.761 MiB
ollama-1  | srv        update:    - prompt 0x3bd1ec30:     771 tokens, checkpoints:  0,   289.135 MiB
ollama-1  | srv        update:    - prompt 0x39521940:     904 tokens, checkpoints:  0,   339.011 MiB
ollama-1  | srv        update:    - prompt 0x39903680:     900 tokens, checkpoints:  0,   337.511 MiB
ollama-1  | srv        update:    - prompt 0x3bd27a40:     774 tokens, checkpoints:  0,   290.260 MiB
ollama-1  | srv  get_availabl: prompt cache update took 138.07 ms
ollama-1  | slot launch_slot_: id  0 | task -1 | sampler chain: logits -> ?penalties -> ?dry -> ?top-n-sigma -> top-k -> ?typical -> top-p -> ?min-p -> ?xtc -> temp-ext -> dist 
ollama-1  | slot launch_slot_: id  0 | task -1 | sampler params: 
ollama-1  | 	repeat_last_n = 64, repeat_penalty = 1.000, frequency_penalty = 0.000, presence_penalty = 0.000
ollama-1  | 	dry_multiplier = 0.000, dry_base = 1.750, dry_allowed_length = 2, dry_penalty_last_n = 64
ollama-1  | 	top_k = 40, top_p = 0.900, min_p = 0.000, xtc_probability = 0.000, xtc_threshold = 0.100, typical_p = 1.000, top_n_sigma = -1.000, temp = 0.000
ollama-1  | 	mirostat = 0, mirostat_lr = 0.100, mirostat_ent = 5.000, adaptive_target = -1.000, adaptive_decay = 0.900
ollama-1  | slot launch_slot_: id  0 | task 10439 | processing task, is_child = 0
ollama-1  | slot   operator(): id  0 | task 10439 | new prompt, n_ctx_slot = 4096, n_keep = 4, task.n_tokens = 830
ollama-1  | slot   operator(): id  0 | task 10439 | cached n_tokens = 379, memory_seq_rm [379, end)
ollama-1  | slot init_sampler: id  0 | task 10439 | init sampler, took 0.06 ms, tokens: text = 830, total = 830
ollama-1  | slot print_timing: id  0 | task 10439 | prompt eval time =    3312.86 ms /   451 tokens (    7.35 ms per token,   136.14 tokens per second)
ollama-1  | slot print_timing: id  0 | task 10439 |        eval time =     364.33 ms /    11 tokens (   36.43 ms per token,    27.45 tokens per second)
ollama-1  | slot print_timing: id  0 | task 10439 |       total time =    3677.19 ms /   462 tokens
ollama-1  | slot print_timing: id  0 | task 10439 |    graphs reused =       7500
ollama-1  | slot      release: id  0 | task 10439 | stop processing: n_tokens = 840, truncated = 0
ollama-1  | srv  update_slots: all slots are idle
ollama-1  | [GIN] 2026/10/08 - 04:29:49 | 200 |          1m6s |      172.21.0.4 | POST     "/api/generate"
ollama-1  | srv  server_strea: conv_id= (empty=1)
ollama-1  | slot get_availabl: id  0 | task -1 |  - checking sim = 0.505 (379/751) > 0.100
ollama-1  | slot get_availabl: id  0 | task -1 | selected slot by LCP similarity, f_sim_best = 0.505 (> 0.100 thold), f_keep = 0.451
ollama-1  | srv  get_availabl: updating prompt cache
ollama-1  | srv   prompt_save:  - saving prompt with length 840, total state size = 315.010 MiB (draft: 0.000 MiB)
ollama-1  | srv         alloc:  - making room for prompt cache entry, removing oldest entry (size = 333.011 MiB)
ollama-1  | srv          load:  - looking for better prompt, base f_keep = 0.451, f_sim = 0.505
ollama-1  | srv          load:    - prompt with length     942, lcp =     379, f_keep = 0.402, f_sim = 0.505
ollama-1  | srv          load:    - prompt with length     835, lcp =     379, f_keep = 0.454, f_sim = 0.505
ollama-1  | srv          load:    - prompt with length     835, lcp =     379, f_keep = 0.454, f_sim = 0.505
ollama-1  | srv          load:    - prompt with length     810, lcp =     379, f_keep = 0.468, f_sim = 0.505
ollama-1  | srv          load:    - prompt with length     837, lcp =     381, f_keep = 0.455, f_sim = 0.507
ollama-1  | srv          load:    - prompt with length     893, lcp =     379, f_keep = 0.424, f_sim = 0.505
ollama-1  | srv          load:    - prompt with length    1243, lcp =     379, f_keep = 0.305, f_sim = 0.505
ollama-1  | srv          load:    - prompt with length     779, lcp =     380, f_keep = 0.488, f_sim = 0.506
ollama-1  | srv          load:    - prompt with length     766, lcp =     379, f_keep = 0.495, f_sim = 0.505
ollama-1  | srv          load:    - prompt with length     830, lcp =     379, f_keep = 0.457, f_sim = 0.505
ollama-1  | srv          load:    - prompt with length     801, lcp =     379, f_keep = 0.473, f_sim = 0.505
ollama-1  | srv          load:    - prompt with length     764, lcp =     379, f_keep = 0.496, f_sim = 0.505
ollama-1  | srv          load:    - prompt with length     767, lcp =     379, f_keep = 0.494, f_sim = 0.505
ollama-1  | srv          load:    - prompt with length     774, lcp =     379, f_keep = 0.490, f_sim = 0.505
ollama-1  | srv          load:    - prompt with length     873, lcp =     379, f_keep = 0.434, f_sim = 0.505
ollama-1  | srv          load:    - prompt with length     827, lcp =     379, f_keep = 0.458, f_sim = 0.505
ollama-1  | srv          load:    - prompt with length     836, lcp =     379, f_keep = 0.453, f_sim = 0.505
ollama-1  | srv          load:    - prompt with length     796, lcp =     379, f_keep = 0.476, f_sim = 0.505
ollama-1  | srv          load:    - prompt with length     789, lcp =     379, f_keep = 0.480, f_sim = 0.505
ollama-1  | srv          load:    - prompt with length     890, lcp =     379, f_keep = 0.426, f_sim = 0.505
ollama-1  | srv          load:    - prompt with length     771, lcp =     379, f_keep = 0.492, f_sim = 0.505
ollama-1  | srv          load:    - prompt with length     904, lcp =     379, f_keep = 0.419, f_sim = 0.505
ollama-1  | srv          load:    - prompt with length     900, lcp =     379, f_keep = 0.421, f_sim = 0.505
ollama-1  | srv          load:    - prompt with length     774, lcp =     379, f_keep = 0.490, f_sim = 0.505
ollama-1  | srv          load:    - prompt with length     840, lcp =     379, f_keep = 0.451, f_sim = 0.505
ollama-1  | srv          load:  - found better prompt with f_keep = 0.455, f_sim = 0.507
ollama-1  | srv        update:  - cache state: 24 prompts, 7589.875 MiB (limits: 8192.000 MiB, 4096 tokens, 21844 est)
ollama-1  | srv        update:    - prompt 0x3bcf1110:     942 tokens, checkpoints:  0,   353.262 MiB
ollama-1  | srv        update:    - prompt 0x39536010:     835 tokens, checkpoints:  0,   313.135 MiB
ollama-1  | srv        update:    - prompt 0x39557930:     835 tokens, checkpoints:  0,   313.135 MiB
ollama-1  | srv        update:    - prompt 0x3bd30760:     810 tokens, checkpoints:  0,   303.760 MiB
ollama-1  | srv        update:    - prompt 0x3990b4d0:     893 tokens, checkpoints:  0,   334.886 MiB
ollama-1  | srv        update:    - prompt 0x39532a60:    1243 tokens, checkpoints:  0,   466.140 MiB
ollama-1  | srv        update:    - prompt 0x3bcf2440:     779 tokens, checkpoints:  0,   292.135 MiB
ollama-1  | srv        update:    - prompt 0x3bd05200:     766 tokens, checkpoints:  0,   287.260 MiB
ollama-1  | srv        update:    - prompt 0x3bddd230:     830 tokens, checkpoints:  0,   311.260 MiB
ollama-1  | srv        update:    - prompt 0x3952d930:     801 tokens, checkpoints:  0,   300.385 MiB
ollama-1  | srv        update:    - prompt 0x39544a40:     764 tokens, checkpoints:  0,   286.509 MiB
ollama-1  | srv        update:    - prompt 0x3bd038d0:     767 tokens, checkpoints:  0,   287.635 MiB
ollama-1  | srv        update:    - prompt 0x39541bb0:     774 tokens, checkpoints:  0,   290.260 MiB
ollama-1  | srv        update:    - prompt 0x39530080:     873 tokens, checkpoints:  0,   327.386 MiB
ollama-1  | srv        update:    - prompt 0x3990f8f0:     827 tokens, checkpoints:  0,   310.135 MiB
ollama-1  | srv        update:    - prompt 0x39541d10:     836 tokens, checkpoints:  0,   313.510 MiB
ollama-1  | srv        update:    - prompt 0x39541c60:     796 tokens, checkpoints:  0,   298.510 MiB
ollama-1  | srv        update:    - prompt 0x3bd03820:     789 tokens, checkpoints:  0,   295.885 MiB
ollama-1  | srv        update:    - prompt 0x3bd03980:     890 tokens, checkpoints:  0,   333.761 MiB
ollama-1  | srv        update:    - prompt 0x3bd1ec30:     771 tokens, checkpoints:  0,   289.135 MiB
ollama-1  | srv        update:    - prompt 0x39521940:     904 tokens, checkpoints:  0,   339.011 MiB
ollama-1  | srv        update:    - prompt 0x39903680:     900 tokens, checkpoints:  0,   337.511 MiB
ollama-1  | srv        update:    - prompt 0x3bd27a40:     774 tokens, checkpoints:  0,   290.260 MiB
ollama-1  | srv        update:    - prompt 0x3bcf25a0:     840 tokens, checkpoints:  0,   315.010 MiB
ollama-1  | srv  get_availabl: prompt cache update took 211.56 ms
ollama-1  | slot launch_slot_: id  0 | task -1 | sampler chain: logits -> ?penalties -> ?dry -> ?top-n-sigma -> top-k -> ?typical -> top-p -> ?min-p -> ?xtc -> temp-ext -> dist 
ollama-1  | slot launch_slot_: id  0 | task -1 | sampler params: 
ollama-1  | 	repeat_last_n = 64, repeat_penalty = 1.000, frequency_penalty = 0.000, presence_penalty = 0.000
ollama-1  | 	dry_multiplier = 0.000, dry_base = 1.750, dry_allowed_length = 2, dry_penalty_last_n = 64
ollama-1  | 	top_k = 40, top_p = 0.900, min_p = 0.000, xtc_probability = 0.000, xtc_threshold = 0.100, typical_p = 1.000, top_n_sigma = -1.000, temp = 0.000
ollama-1  | 	mirostat = 0, mirostat_lr = 0.100, mirostat_ent = 5.000, adaptive_target = -1.000, adaptive_decay = 0.900
ollama-1  | slot launch_slot_: id  0 | task 10451 | processing task, is_child = 0
ollama-1  | slot   operator(): id  0 | task 10451 | new prompt, n_ctx_slot = 4096, n_keep = 4, task.n_tokens = 751
ollama-1  | slot   operator(): id  0 | task 10451 | cached n_tokens = 381, memory_seq_rm [381, end)
ollama-1  | slot init_sampler: id  0 | task 10451 | init sampler, took 0.06 ms, tokens: text = 751, total = 751
ollama-1  | [GIN] 2026/10/08 - 04:29:50 | 200 |      23.124µs |       127.0.0.1 | HEAD     "/"
ollama-1  | [GIN] 2026/10/08 - 04:29:50 | 200 |     897.796µs |       127.0.0.1 | GET      "/api/tags"
ollama-1  | slot print_timing: id  0 | task 10451 | prompt eval time =    2644.86 ms /   370 tokens (    7.15 ms per token,   139.89 tokens per second)
ollama-1  | slot print_timing: id  0 | task 10451 |        eval time =     306.54 ms /     9 tokens (   38.32 ms per token,    26.10 tokens per second)
ollama-1  | slot print_timing: id  0 | task 10451 |       total time =    2951.40 ms /   379 tokens
ollama-1  | slot print_timing: id  0 | task 10451 |    graphs reused =       7507
ollama-1  | slot      release: id  0 | task 10451 | stop processing: n_tokens = 759, truncated = 0
ollama-1  | srv  update_slots: all slots are idle
ollama-1  | [GIN] 2026/10/08 - 04:29:53 | 200 |          1m8s |      172.21.0.4 | POST     "/api/generate"
ollama-1  | srv  server_strea: conv_id= (empty=1)
ollama-1  | slot get_availabl: id  0 | task -1 |  - checking sim = 0.609 (380/624) > 0.100
ollama-1  | slot get_availabl: id  0 | task -1 | selected slot by LCP similarity, f_sim_best = 0.609 (> 0.100 thold), f_keep = 0.501
ollama-1  | slot launch_slot_: id  0 | task -1 | sampler chain: logits -> ?penalties -> ?dry -> ?top-n-sigma -> top-k -> ?typical -> top-p -> ?min-p -> ?xtc -> temp-ext -> dist 
ollama-1  | slot launch_slot_: id  0 | task -1 | sampler params: 
ollama-1  | 	repeat_last_n = 64, repeat_penalty = 1.000, frequency_penalty = 0.000, presence_penalty = 0.000
ollama-1  | 	dry_multiplier = 0.000, dry_base = 1.750, dry_allowed_length = 2, dry_penalty_last_n = 64
ollama-1  | 	top_k = 40, top_p = 0.900, min_p = 0.000, xtc_probability = 0.000, xtc_threshold = 0.100, typical_p = 1.000, top_n_sigma = -1.000, temp = 0.000
ollama-1  | 	mirostat = 0, mirostat_lr = 0.100, mirostat_ent = 5.000, adaptive_target = -1.000, adaptive_decay = 0.900
ollama-1  | slot launch_slot_: id  0 | task 10461 | processing task, is_child = 0
ollama-1  | slot   operator(): id  0 | task 10461 | new prompt, n_ctx_slot = 4096, n_keep = 4, task.n_tokens = 624
ollama-1  | slot   operator(): id  0 | task 10461 | cached n_tokens = 380, memory_seq_rm [380, end)
ollama-1  | slot init_sampler: id  0 | task 10461 | init sampler, took 0.05 ms, tokens: text = 624, total = 624
ollama-1  | slot print_timing: id  0 | task 10461 | prompt eval time =    1776.06 ms /   244 tokens (    7.28 ms per token,   137.38 tokens per second)
ollama-1  | slot print_timing: id  0 | task 10461 |        eval time =     282.97 ms /     9 tokens (   35.37 ms per token,    28.27 tokens per second)
ollama-1  | slot print_timing: id  0 | task 10461 |       total time =    2059.03 ms /   253 tokens
ollama-1  | slot print_timing: id  0 | task 10461 |    graphs reused =       7514
ollama-1  | slot      release: id  0 | task 10461 | stop processing: n_tokens = 632, truncated = 0
ollama-1  | srv  update_slots: all slots are idle
ollama-1  | [GIN] 2026/10/08 - 04:29:55 | 200 |          1m9s |      172.21.0.4 | POST     "/api/generate"
ollama-1  | srv  server_strea: conv_id= (empty=1)
ollama-1  | slot get_availabl: id  0 | task -1 |  - checking sim = 0.575 (379/659) > 0.100
ollama-1  | slot get_availabl: id  0 | task -1 | selected slot by LCP similarity, f_sim_best = 0.575 (> 0.100 thold), f_keep = 0.600
ollama-1  | slot launch_slot_: id  0 | task -1 | sampler chain: logits -> ?penalties -> ?dry -> ?top-n-sigma -> top-k -> ?typical -> top-p -> ?min-p -> ?xtc -> temp-ext -> dist 
ollama-1  | slot launch_slot_: id  0 | task -1 | sampler params: 
ollama-1  | 	repeat_last_n = 64, repeat_penalty = 1.000, frequency_penalty = 0.000, presence_penalty = 0.000
ollama-1  | 	dry_multiplier = 0.000, dry_base = 1.750, dry_allowed_length = 2, dry_penalty_last_n = 64
ollama-1  | 	top_k = 40, top_p = 0.900, min_p = 0.000, xtc_probability = 0.000, xtc_threshold = 0.100, typical_p = 1.000, top_n_sigma = -1.000, temp = 0.000
ollama-1  | 	mirostat = 0, mirostat_lr = 0.100, mirostat_ent = 5.000, adaptive_target = -1.000, adaptive_decay = 0.900
ollama-1  | slot launch_slot_: id  0 | task 10471 | processing task, is_child = 0
ollama-1  | slot   operator(): id  0 | task 10471 | new prompt, n_ctx_slot = 4096, n_keep = 4, task.n_tokens = 659
ollama-1  | slot   operator(): id  0 | task 10471 | cached n_tokens = 379, memory_seq_rm [379, end)
ollama-1  | slot init_sampler: id  0 | task 10471 | init sampler, took 0.07 ms, tokens: text = 659, total = 659
ollama-1  | slot print_timing: id  0 | task 10471 | prompt eval time =    2053.42 ms /   280 tokens (    7.33 ms per token,   136.36 tokens per second)
ollama-1  | slot print_timing: id  0 | task 10471 |        eval time =     279.21 ms /     9 tokens (   34.90 ms per token,    28.65 tokens per second)
ollama-1  | slot print_timing: id  0 | task 10471 |       total time =    2332.63 ms /   289 tokens
ollama-1  | slot print_timing: id  0 | task 10471 |    graphs reused =       7521
ollama-1  | slot      release: id  0 | task 10471 | stop processing: n_tokens = 667, truncated = 0
ollama-1  | srv  update_slots: all slots are idle
ollama-1  | [GIN] 2026/10/08 - 04:29:57 | 200 |         1m10s |      172.21.0.4 | POST     "/api/generate"
ollama-1  | srv  server_strea: conv_id= (empty=1)
ollama-1  | slot get_availabl: id  0 | task -1 |  - checking sim = 0.534 (381/714) > 0.100
ollama-1  | slot get_availabl: id  0 | task -1 | selected slot by LCP similarity, f_sim_best = 0.534 (> 0.100 thold), f_keep = 0.571
ollama-1  | slot launch_slot_: id  0 | task -1 | sampler chain: logits -> ?penalties -> ?dry -> ?top-n-sigma -> top-k -> ?typical -> top-p -> ?min-p -> ?xtc -> temp-ext -> dist 
ollama-1  | slot launch_slot_: id  0 | task -1 | sampler params: 
ollama-1  | 	repeat_last_n = 64, repeat_penalty = 1.000, frequency_penalty = 0.000, presence_penalty = 0.000
ollama-1  | 	dry_multiplier = 0.000, dry_base = 1.750, dry_allowed_length = 2, dry_penalty_last_n = 64
ollama-1  | 	top_k = 40, top_p = 0.900, min_p = 0.000, xtc_probability = 0.000, xtc_threshold = 0.100, typical_p = 1.000, top_n_sigma = -1.000, temp = 0.000
ollama-1  | 	mirostat = 0, mirostat_lr = 0.100, mirostat_ent = 5.000, adaptive_target = -1.000, adaptive_decay = 0.900
ollama-1  | slot launch_slot_: id  0 | task 10481 | processing task, is_child = 0
ollama-1  | slot   operator(): id  0 | task 10481 | new prompt, n_ctx_slot = 4096, n_keep = 4, task.n_tokens = 714
ollama-1  | slot   operator(): id  0 | task 10481 | cached n_tokens = 381, memory_seq_rm [381, end)
ollama-1  | slot init_sampler: id  0 | task 10481 | init sampler, took 0.10 ms, tokens: text = 714, total = 714
ollama-1  | slot print_timing: id  0 | task 10481 | prompt eval time =    2447.24 ms /   333 tokens (    7.35 ms per token,   136.07 tokens per second)
ollama-1  | slot print_timing: id  0 | task 10481 |        eval time =     322.53 ms /    10 tokens (   35.84 ms per token,    27.90 tokens per second)
ollama-1  | slot print_timing: id  0 | task 10481 |       total time =    2769.78 ms /   343 tokens
ollama-1  | slot print_timing: id  0 | task 10481 |    graphs reused =       7529
ollama-1  | slot      release: id  0 | task 10481 | stop processing: n_tokens = 723, truncated = 0
ollama-1  | srv  update_slots: all slots are idle
ollama-1  | [GIN] 2026/10/08 - 04:30:00 | 200 |      15.923µs |       127.0.0.1 | HEAD     "/"
ollama-1  | [GIN] 2026/10/08 - 04:30:00 | 200 |         1m12s |      172.21.0.4 | POST     "/api/generate"
ollama-1  | [GIN] 2026/10/08 - 04:30:00 | 200 |    1.409188ms |       127.0.0.1 | GET      "/api/tags"
ollama-1  | srv  server_strea: conv_id= (empty=1)
ollama-1  | slot get_availabl: id  0 | task -1 |  - checking sim = 0.643 (379/589) > 0.100
ollama-1  | slot get_availabl: id  0 | task -1 | selected slot by LCP similarity, f_sim_best = 0.643 (> 0.100 thold), f_keep = 0.524
ollama-1  | slot launch_slot_: id  0 | task -1 | sampler chain: logits -> ?penalties -> ?dry -> ?top-n-sigma -> top-k -> ?typical -> top-p -> ?min-p -> ?xtc -> temp-ext -> dist 
ollama-1  | slot launch_slot_: id  0 | task -1 | sampler params: 
ollama-1  | 	repeat_last_n = 64, repeat_penalty = 1.000, frequency_penalty = 0.000, presence_penalty = 0.000
ollama-1  | 	dry_multiplier = 0.000, dry_base = 1.750, dry_allowed_length = 2, dry_penalty_last_n = 64
ollama-1  | 	top_k = 40, top_p = 0.900, min_p = 0.000, xtc_probability = 0.000, xtc_threshold = 0.100, typical_p = 1.000, top_n_sigma = -1.000, temp = 0.000
ollama-1  | 	mirostat = 0, mirostat_lr = 0.100, mirostat_ent = 5.000, adaptive_target = -1.000, adaptive_decay = 0.900
ollama-1  | slot launch_slot_: id  0 | task 10492 | processing task, is_child = 0
ollama-1  | slot   operator(): id  0 | task 10492 | new prompt, n_ctx_slot = 4096, n_keep = 4, task.n_tokens = 589
ollama-1  | slot   operator(): id  0 | task 10492 | cached n_tokens = 379, memory_seq_rm [379, end)
ollama-1  | slot init_sampler: id  0 | task 10492 | init sampler, took 0.06 ms, tokens: text = 589, total = 589
ollama-1  | slot print_timing: id  0 | task 10492 | prompt eval time =    1504.87 ms /   210 tokens (    7.17 ms per token,   139.55 tokens per second)
ollama-1  | slot print_timing: id  0 | task 10492 |        eval time =     279.25 ms /     9 tokens (   34.91 ms per token,    28.65 tokens per second)
ollama-1  | slot print_timing: id  0 | task 10492 |       total time =    1784.11 ms /   219 tokens
ollama-1  | slot print_timing: id  0 | task 10492 |    graphs reused =       7536
ollama-1  | slot      release: id  0 | task 10492 | stop processing: n_tokens = 597, truncated = 0
ollama-1  | srv  update_slots: all slots are idle
ollama-1  | [GIN] 2026/10/08 - 04:30:01 | 200 |         1m13s |      172.21.0.4 | POST     "/api/generate"
ollama-1  | srv  server_strea: conv_id= (empty=1)
ollama-1  | slot get_availabl: id  0 | task -1 |  - checking sim = 0.733 (379/517) > 0.100
ollama-1  | slot get_availabl: id  0 | task -1 | selected slot by LCP similarity, f_sim_best = 0.733 (> 0.100 thold), f_keep = 0.635
ollama-1  | slot launch_slot_: id  0 | task -1 | sampler chain: logits -> ?penalties -> ?dry -> ?top-n-sigma -> top-k -> ?typical -> top-p -> ?min-p -> ?xtc -> temp-ext -> dist 
ollama-1  | slot launch_slot_: id  0 | task -1 | sampler params: 
ollama-1  | 	repeat_last_n = 64, repeat_penalty = 1.000, frequency_penalty = 0.000, presence_penalty = 0.000
ollama-1  | 	dry_multiplier = 0.000, dry_base = 1.750, dry_allowed_length = 2, dry_penalty_last_n = 64
ollama-1  | 	top_k = 40, top_p = 0.900, min_p = 0.000, xtc_probability = 0.000, xtc_threshold = 0.100, typical_p = 1.000, top_n_sigma = -1.000, temp = 0.000
ollama-1  | 	mirostat = 0, mirostat_lr = 0.100, mirostat_ent = 5.000, adaptive_target = -1.000, adaptive_decay = 0.900
ollama-1  | slot launch_slot_: id  0 | task 10502 | processing task, is_child = 0
ollama-1  | slot   operator(): id  0 | task 10502 | new prompt, n_ctx_slot = 4096, n_keep = 4, task.n_tokens = 517
ollama-1  | slot   operator(): id  0 | task 10502 | cached n_tokens = 379, memory_seq_rm [379, end)
ollama-1  | slot init_sampler: id  0 | task 10502 | init sampler, took 0.04 ms, tokens: text = 517, total = 517
ollama-1  | slot print_timing: id  0 | task 10502 | prompt eval time =    1042.08 ms /   138 tokens (    7.55 ms per token,   132.43 tokens per second)
ollama-1  | slot print_timing: id  0 | task 10502 |        eval time =     269.81 ms /     9 tokens (   33.73 ms per token,    29.65 tokens per second)
ollama-1  | slot print_timing: id  0 | task 10502 |       total time =    1311.89 ms /   147 tokens
ollama-1  | slot print_timing: id  0 | task 10502 |    graphs reused =       7543
ollama-1  | slot      release: id  0 | task 10502 | stop processing: n_tokens = 525, truncated = 0
ollama-1  | srv  update_slots: all slots are idle
ollama-1  | [GIN] 2026/10/08 - 04:30:03 | 200 |         1m14s |      172.21.0.4 | POST     "/api/generate"
ollama-1  | srv  server_strea: conv_id= (empty=1)
ollama-1  | slot get_availabl: id  0 | task -1 |  - checking sim = 0.645 (379/588) > 0.100
ollama-1  | slot get_availabl: id  0 | task -1 | selected slot by LCP similarity, f_sim_best = 0.645 (> 0.100 thold), f_keep = 0.722
ollama-1  | slot launch_slot_: id  0 | task -1 | sampler chain: logits -> ?penalties -> ?dry -> ?top-n-sigma -> top-k -> ?typical -> top-p -> ?min-p -> ?xtc -> temp-ext -> dist 
ollama-1  | slot launch_slot_: id  0 | task -1 | sampler params: 
ollama-1  | 	repeat_last_n = 64, repeat_penalty = 1.000, frequency_penalty = 0.000, presence_penalty = 0.000
ollama-1  | 	dry_multiplier = 0.000, dry_base = 1.750, dry_allowed_length = 2, dry_penalty_last_n = 64
ollama-1  | 	top_k = 40, top_p = 0.900, min_p = 0.000, xtc_probability = 0.000, xtc_threshold = 0.100, typical_p = 1.000, top_n_sigma = -1.000, temp = 0.000
ollama-1  | 	mirostat = 0, mirostat_lr = 0.100, mirostat_ent = 5.000, adaptive_target = -1.000, adaptive_decay = 0.900
ollama-1  | slot launch_slot_: id  0 | task 10512 | processing task, is_child = 0
ollama-1  | slot   operator(): id  0 | task 10512 | new prompt, n_ctx_slot = 4096, n_keep = 4, task.n_tokens = 588
ollama-1  | slot   operator(): id  0 | task 10512 | cached n_tokens = 379, memory_seq_rm [379, end)
ollama-1  | slot init_sampler: id  0 | task 10512 | init sampler, took 0.07 ms, tokens: text = 588, total = 588
ollama-1  | slot print_timing: id  0 | task 10512 | prompt eval time =    1561.65 ms /   209 tokens (    7.47 ms per token,   133.83 tokens per second)
ollama-1  | slot print_timing: id  0 | task 10512 |        eval time =     283.59 ms /     9 tokens (   35.45 ms per token,    28.21 tokens per second)
ollama-1  | slot print_timing: id  0 | task 10512 |       total time =    1845.23 ms /   218 tokens
ollama-1  | slot print_timing: id  0 | task 10512 |    graphs reused =       7550
ollama-1  | slot      release: id  0 | task 10512 | stop processing: n_tokens = 596, truncated = 0
ollama-1  | srv  update_slots: all slots are idle
ollama-1  | [GIN] 2026/10/08 - 04:30:05 | 200 |         1m15s |      172.21.0.4 | POST     "/api/generate"
ollama-1  | srv  server_strea: conv_id= (empty=1)
ollama-1  | slot get_availabl: id  0 | task -1 |  - checking sim = 0.796 (379/476) > 0.100
ollama-1  | slot get_availabl: id  0 | task -1 | selected slot by LCP similarity, f_sim_best = 0.796 (> 0.100 thold), f_keep = 0.636
ollama-1  | slot launch_slot_: id  0 | task -1 | sampler chain: logits -> ?penalties -> ?dry -> ?top-n-sigma -> top-k -> ?typical -> top-p -> ?min-p -> ?xtc -> temp-ext -> dist 
ollama-1  | slot launch_slot_: id  0 | task -1 | sampler params: 
ollama-1  | 	repeat_last_n = 64, repeat_penalty = 1.000, frequency_penalty = 0.000, presence_penalty = 0.000
ollama-1  | 	dry_multiplier = 0.000, dry_base = 1.750, dry_allowed_length = 2, dry_penalty_last_n = 64
ollama-1  | 	top_k = 40, top_p = 0.900, min_p = 0.000, xtc_probability = 0.000, xtc_threshold = 0.100, typical_p = 1.000, top_n_sigma = -1.000, temp = 0.000
ollama-1  | 	mirostat = 0, mirostat_lr = 0.100, mirostat_ent = 5.000, adaptive_target = -1.000, adaptive_decay = 0.900
ollama-1  | slot launch_slot_: id  0 | task 10522 | processing task, is_child = 0
ollama-1  | slot   operator(): id  0 | task 10522 | new prompt, n_ctx_slot = 4096, n_keep = 4, task.n_tokens = 476
ollama-1  | slot   operator(): id  0 | task 10522 | cached n_tokens = 379, memory_seq_rm [379, end)
ollama-1  | slot init_sampler: id  0 | task 10522 | init sampler, took 0.04 ms, tokens: text = 476, total = 476
ollama-1  | slot print_timing: id  0 | task 10522 | prompt eval time =     728.54 ms /    97 tokens (    7.51 ms per token,   133.14 tokens per second)
ollama-1  | slot print_timing: id  0 | task 10522 |        eval time =     349.61 ms /    11 tokens (   34.96 ms per token,    28.60 tokens per second)
ollama-1  | slot print_timing: id  0 | task 10522 |       total time =    1078.15 ms /   108 tokens
ollama-1  | slot print_timing: id  0 | task 10522 |    graphs reused =       7559
ollama-1  | slot      release: id  0 | task 10522 | stop processing: n_tokens = 486, truncated = 0
ollama-1  | srv  update_slots: all slots are idle
ollama-1  | [GIN] 2026/10/08 - 04:30:06 | 200 |         1m15s |      172.21.0.4 | POST     "/api/generate"
ollama-1  | srv  server_strea: conv_id= (empty=1)
ollama-1  | slot get_availabl: id  0 | task -1 |  - checking sim = 0.499 (379/760) > 0.100
ollama-1  | slot get_availabl: id  0 | task -1 | selected slot by LCP similarity, f_sim_best = 0.499 (> 0.100 thold), f_keep = 0.780
ollama-1  | slot launch_slot_: id  0 | task -1 | sampler chain: logits -> ?penalties -> ?dry -> ?top-n-sigma -> top-k -> ?typical -> top-p -> ?min-p -> ?xtc -> temp-ext -> dist 
ollama-1  | slot launch_slot_: id  0 | task -1 | sampler params: 
ollama-1  | 	repeat_last_n = 64, repeat_penalty = 1.000, frequency_penalty = 0.000, presence_penalty = 0.000
ollama-1  | 	dry_multiplier = 0.000, dry_base = 1.750, dry_allowed_length = 2, dry_penalty_last_n = 64
ollama-1  | 	top_k = 40, top_p = 0.900, min_p = 0.000, xtc_probability = 0.000, xtc_threshold = 0.100, typical_p = 1.000, top_n_sigma = -1.000, temp = 0.000
ollama-1  | 	mirostat = 0, mirostat_lr = 0.100, mirostat_ent = 5.000, adaptive_target = -1.000, adaptive_decay = 0.900
ollama-1  | slot launch_slot_: id  0 | task 10534 | processing task, is_child = 0
ollama-1  | slot   operator(): id  0 | task 10534 | new prompt, n_ctx_slot = 4096, n_keep = 4, task.n_tokens = 760
ollama-1  | slot   operator(): id  0 | task 10534 | cached n_tokens = 379, memory_seq_rm [379, end)
ollama-1  | slot init_sampler: id  0 | task 10534 | init sampler, took 0.08 ms, tokens: text = 760, total = 760
ollama-1  | slot print_timing: id  0 | task 10534 | prompt eval time =    2777.59 ms /   381 tokens (    7.29 ms per token,   137.17 tokens per second)
ollama-1  | slot print_timing: id  0 | task 10534 |        eval time =     363.28 ms /    11 tokens (   36.33 ms per token,    27.53 tokens per second)
ollama-1  | slot print_timing: id  0 | task 10534 |       total time =    3140.87 ms /   392 tokens
ollama-1  | slot print_timing: id  0 | task 10534 |    graphs reused =       7567
ollama-1  | slot      release: id  0 | task 10534 | stop processing: n_tokens = 770, truncated = 0
ollama-1  | srv  update_slots: all slots are idle
ollama-1  | [GIN] 2026/10/08 - 04:30:10 | 200 |         1m12s |      172.21.0.4 | POST     "/api/generate"
ollama-1  | srv  server_strea: conv_id= (empty=1)
ollama-1  | slot get_availabl: id  0 | task -1 |  - checking sim = 0.620 (379/611) > 0.100
ollama-1  | slot get_availabl: id  0 | task -1 | selected slot by LCP similarity, f_sim_best = 0.620 (> 0.100 thold), f_keep = 0.492
ollama-1  | srv  get_availabl: updating prompt cache
ollama-1  | srv   prompt_save:  - saving prompt with length 770, total state size = 288.760 MiB (draft: 0.000 MiB)
ollama-1  | srv          load:  - looking for better prompt, base f_keep = 0.492, f_sim = 0.620
ollama-1  | srv          load:    - prompt with length     942, lcp =     379, f_keep = 0.402, f_sim = 0.620
ollama-1  | srv          load:    - prompt with length     835, lcp =     379, f_keep = 0.454, f_sim = 0.620
ollama-1  | srv          load:    - prompt with length     835, lcp =     379, f_keep = 0.454, f_sim = 0.620
ollama-1  | srv          load:    - prompt with length     810, lcp =     379, f_keep = 0.468, f_sim = 0.620
ollama-1  | srv          load:    - prompt with length     893, lcp =     379, f_keep = 0.424, f_sim = 0.620
ollama-1  | srv          load:    - prompt with length    1243, lcp =     379, f_keep = 0.305, f_sim = 0.620
ollama-1  | srv          load:    - prompt with length     779, lcp =     379, f_keep = 0.487, f_sim = 0.620
ollama-1  | srv          load:    - prompt with length     766, lcp =     379, f_keep = 0.495, f_sim = 0.620
ollama-1  | srv          load:    - prompt with length     830, lcp =     379, f_keep = 0.457, f_sim = 0.620
ollama-1  | srv          load:    - prompt with length     801, lcp =     379, f_keep = 0.473, f_sim = 0.620
ollama-1  | srv          load:    - prompt with length     764, lcp =     379, f_keep = 0.496, f_sim = 0.620
ollama-1  | srv          load:    - prompt with length     767, lcp =     379, f_keep = 0.494, f_sim = 0.620
ollama-1  | srv          load:    - prompt with length     774, lcp =     379, f_keep = 0.490, f_sim = 0.620
ollama-1  | srv          load:    - prompt with length     873, lcp =     379, f_keep = 0.434, f_sim = 0.620
ollama-1  | srv          load:    - prompt with length     827, lcp =     379, f_keep = 0.458, f_sim = 0.620
ollama-1  | srv          load:    - prompt with length     836, lcp =     379, f_keep = 0.453, f_sim = 0.620
ollama-1  | srv          load:    - prompt with length     796, lcp =     381, f_keep = 0.479, f_sim = 0.624
ollama-1  | srv          load:    - prompt with length     789, lcp =     379, f_keep = 0.480, f_sim = 0.620
ollama-1  | srv          load:    - prompt with length     890, lcp =     379, f_keep = 0.426, f_sim = 0.620
ollama-1  | srv          load:    - prompt with length     771, lcp =     379, f_keep = 0.492, f_sim = 0.620
ollama-1  | srv          load:    - prompt with length     904, lcp =     379, f_keep = 0.419, f_sim = 0.620
ollama-1  | srv          load:    - prompt with length     900, lcp =     379, f_keep = 0.421, f_sim = 0.620
ollama-1  | srv          load:    - prompt with length     774, lcp =     379, f_keep = 0.490, f_sim = 0.620
ollama-1  | srv          load:    - prompt with length     840, lcp =     379, f_keep = 0.451, f_sim = 0.620
ollama-1  | srv          load:    - prompt with length     770, lcp =     379, f_keep = 0.492, f_sim = 0.620
ollama-1  | srv        update:  - cache state: 25 prompts, 7878.634 MiB (limits: 8192.000 MiB, 4096 tokens, 21844 est)
ollama-1  | srv        update:    - prompt 0x3bcf1110:     942 tokens, checkpoints:  0,   353.262 MiB
ollama-1  | srv        update:    - prompt 0x39536010:     835 tokens, checkpoints:  0,   313.135 MiB
ollama-1  | srv        update:    - prompt 0x39557930:     835 tokens, checkpoints:  0,   313.135 MiB
ollama-1  | srv        update:    - prompt 0x3bd30760:     810 tokens, checkpoints:  0,   303.760 MiB
ollama-1  | srv        update:    - prompt 0x3990b4d0:     893 tokens, checkpoints:  0,   334.886 MiB
ollama-1  | srv        update:    - prompt 0x39532a60:    1243 tokens, checkpoints:  0,   466.140 MiB
ollama-1  | srv        update:    - prompt 0x3bcf2440:     779 tokens, checkpoints:  0,   292.135 MiB
ollama-1  | srv        update:    - prompt 0x3bd05200:     766 tokens, checkpoints:  0,   287.260 MiB
ollama-1  | srv        update:    - prompt 0x3bddd230:     830 tokens, checkpoints:  0,   311.260 MiB
ollama-1  | srv        update:    - prompt 0x3952d930:     801 tokens, checkpoints:  0,   300.385 MiB
ollama-1  | srv        update:    - prompt 0x39544a40:     764 tokens, checkpoints:  0,   286.509 MiB
ollama-1  | srv        update:    - prompt 0x3bd038d0:     767 tokens, checkpoints:  0,   287.635 MiB
ollama-1  | srv        update:    - prompt 0x39541bb0:     774 tokens, checkpoints:  0,   290.260 MiB
ollama-1  | srv        update:    - prompt 0x39530080:     873 tokens, checkpoints:  0,   327.386 MiB
ollama-1  | srv        update:    - prompt 0x3990f8f0:     827 tokens, checkpoints:  0,   310.135 MiB
ollama-1  | srv        update:    - prompt 0x39541d10:     836 tokens, checkpoints:  0,   313.510 MiB
ollama-1  | srv        update:    - prompt 0x39541c60:     796 tokens, checkpoints:  0,   298.510 MiB
ollama-1  | srv        update:    - prompt 0x3bd03820:     789 tokens, checkpoints:  0,   295.885 MiB
ollama-1  | srv        update:    - prompt 0x3bd03980:     890 tokens, checkpoints:  0,   333.761 MiB
ollama-1  | srv        update:    - prompt 0x3bd1ec30:     771 tokens, checkpoints:  0,   289.135 MiB
ollama-1  | srv        update:    - prompt 0x39521940:     904 tokens, checkpoints:  0,   339.011 MiB
ollama-1  | srv        update:    - prompt 0x39903680:     900 tokens, checkpoints:  0,   337.511 MiB
ollama-1  | srv        update:    - prompt 0x3bd27a40:     774 tokens, checkpoints:  0,   290.260 MiB
ollama-1  | srv        update:    - prompt 0x3bcf25a0:     840 tokens, checkpoints:  0,   315.010 MiB
ollama-1  | srv        update:    - prompt 0x3bd306b0:     770 tokens, checkpoints:  0,   288.760 MiB
ollama-1  | srv  get_availabl: prompt cache update took 150.79 ms
ollama-1  | slot launch_slot_: id  0 | task -1 | sampler chain: logits -> ?penalties -> ?dry -> ?top-n-sigma -> top-k -> ?typical -> top-p -> ?min-p -> ?xtc -> temp-ext -> dist 
ollama-1  | slot launch_slot_: id  0 | task -1 | sampler params: 
ollama-1  | 	repeat_last_n = 64, repeat_penalty = 1.000, frequency_penalty = 0.000, presence_penalty = 0.000
ollama-1  | 	dry_multiplier = 0.000, dry_base = 1.750, dry_allowed_length = 2, dry_penalty_last_n = 64
ollama-1  | 	top_k = 40, top_p = 0.900, min_p = 0.000, xtc_probability = 0.000, xtc_threshold = 0.100, typical_p = 1.000, top_n_sigma = -1.000, temp = 0.000
ollama-1  | 	mirostat = 0, mirostat_lr = 0.100, mirostat_ent = 5.000, adaptive_target = -1.000, adaptive_decay = 0.900
ollama-1  | slot launch_slot_: id  0 | task 10546 | processing task, is_child = 0
ollama-1  | slot   operator(): id  0 | task 10546 | new prompt, n_ctx_slot = 4096, n_keep = 4, task.n_tokens = 611
ollama-1  | slot   operator(): id  0 | task 10546 | cached n_tokens = 379, memory_seq_rm [379, end)
ollama-1  | slot init_sampler: id  0 | task 10546 | init sampler, took 0.05 ms, tokens: text = 611, total = 611
ollama-1  | [GIN] 2026/10/08 - 04:30:11 | 200 |      23.973µs |       127.0.0.1 | HEAD     "/"
ollama-1  | [GIN] 2026/10/08 - 04:30:11 | 200 |    1.423721ms |       127.0.0.1 | GET      "/api/tags"
ollama-1  | slot print_timing: id  0 | task 10546 | prompt eval time =    1670.36 ms /   232 tokens (    7.20 ms per token,   138.89 tokens per second)
ollama-1  | slot print_timing: id  0 | task 10546 |        eval time =     283.43 ms /     9 tokens (   35.43 ms per token,    28.23 tokens per second)
ollama-1  | slot print_timing: id  0 | task 10546 |       total time =    1953.79 ms /   241 tokens
ollama-1  | slot print_timing: id  0 | task 10546 |    graphs reused =       7574
ollama-1  | slot      release: id  0 | task 10546 | stop processing: n_tokens = 619, truncated = 0
ollama-1  | srv  update_slots: all slots are idle
ollama-1  | [GIN] 2026/10/08 - 04:30:13 | 200 |         1m14s |      172.21.0.4 | POST     "/api/generate"
ollama-1  | srv  server_strea: conv_id= (empty=1)
ollama-1  | slot get_availabl: id  0 | task -1 |  - checking sim = 0.793 (379/478) > 0.100
ollama-1  | slot get_availabl: id  0 | task -1 | selected slot by LCP similarity, f_sim_best = 0.793 (> 0.100 thold), f_keep = 0.612
ollama-1  | slot launch_slot_: id  0 | task -1 | sampler chain: logits -> ?penalties -> ?dry -> ?top-n-sigma -> top-k -> ?typical -> top-p -> ?min-p -> ?xtc -> temp-ext -> dist 
ollama-1  | slot launch_slot_: id  0 | task -1 | sampler params: 
ollama-1  | 	repeat_last_n = 64, repeat_penalty = 1.000, frequency_penalty = 0.000, presence_penalty = 0.000
ollama-1  | 	dry_multiplier = 0.000, dry_base = 1.750, dry_allowed_length = 2, dry_penalty_last_n = 64
ollama-1  | 	top_k = 40, top_p = 0.900, min_p = 0.000, xtc_probability = 0.000, xtc_threshold = 0.100, typical_p = 1.000, top_n_sigma = -1.000, temp = 0.000
ollama-1  | 	mirostat = 0, mirostat_lr = 0.100, mirostat_ent = 5.000, adaptive_target = -1.000, adaptive_decay = 0.900
ollama-1  | slot launch_slot_: id  0 | task 10556 | processing task, is_child = 0
ollama-1  | slot   operator(): id  0 | task 10556 | new prompt, n_ctx_slot = 4096, n_keep = 4, task.n_tokens = 478
ollama-1  | slot   operator(): id  0 | task 10556 | cached n_tokens = 379, memory_seq_rm [379, end)
ollama-1  | slot init_sampler: id  0 | task 10556 | init sampler, took 0.05 ms, tokens: text = 478, total = 478
ollama-1  | slot print_timing: id  0 | task 10556 | prompt eval time =     752.00 ms /    99 tokens (    7.60 ms per token,   131.65 tokens per second)
ollama-1  | slot print_timing: id  0 | task 10556 |        eval time =     277.20 ms /     9 tokens (   34.65 ms per token,    28.86 tokens per second)
ollama-1  | slot print_timing: id  0 | task 10556 |       total time =    1029.20 ms /   108 tokens
ollama-1  | slot print_timing: id  0 | task 10556 |    graphs reused =       7581
ollama-1  | slot      release: id  0 | task 10556 | stop processing: n_tokens = 486, truncated = 0
ollama-1  | srv  update_slots: all slots are idle
ollama-1  | [GIN] 2026/10/08 - 04:30:14 | 200 |         1m15s |      172.21.0.4 | POST     "/api/generate"
ollama-1  | srv  server_strea: conv_id= (empty=1)
ollama-1  | slot get_availabl: id  0 | task -1 |  - checking sim = 0.648 (379/585) > 0.100
ollama-1  | slot get_availabl: id  0 | task -1 | selected slot by LCP similarity, f_sim_best = 0.648 (> 0.100 thold), f_keep = 0.780
ollama-1  | slot launch_slot_: id  0 | task -1 | sampler chain: logits -> ?penalties -> ?dry -> ?top-n-sigma -> top-k -> ?typical -> top-p -> ?min-p -> ?xtc -> temp-ext -> dist 
ollama-1  | slot launch_slot_: id  0 | task -1 | sampler params: 
ollama-1  | 	repeat_last_n = 64, repeat_penalty = 1.000, frequency_penalty = 0.000, presence_penalty = 0.000
ollama-1  | 	dry_multiplier = 0.000, dry_base = 1.750, dry_allowed_length = 2, dry_penalty_last_n = 64
ollama-1  | 	top_k = 40, top_p = 0.900, min_p = 0.000, xtc_probability = 0.000, xtc_threshold = 0.100, typical_p = 1.000, top_n_sigma = -1.000, temp = 0.000
ollama-1  | 	mirostat = 0, mirostat_lr = 0.100, mirostat_ent = 5.000, adaptive_target = -1.000, adaptive_decay = 0.900
ollama-1  | slot launch_slot_: id  0 | task 10566 | processing task, is_child = 0
ollama-1  | slot   operator(): id  0 | task 10566 | new prompt, n_ctx_slot = 4096, n_keep = 4, task.n_tokens = 585
ollama-1  | slot   operator(): id  0 | task 10566 | cached n_tokens = 379, memory_seq_rm [379, end)
ollama-1  | slot init_sampler: id  0 | task 10566 | init sampler, took 0.05 ms, tokens: text = 585, total = 585
ollama-1  | slot print_timing: id  0 | task 10566 | prompt eval time =    1539.78 ms /   206 tokens (    7.47 ms per token,   133.79 tokens per second)
ollama-1  | slot print_timing: id  0 | task 10566 |        eval time =     283.91 ms /     9 tokens (   35.49 ms per token,    28.18 tokens per second)
ollama-1  | slot print_timing: id  0 | task 10566 |       total time =    1823.69 ms /   215 tokens
ollama-1  | slot print_timing: id  0 | task 10566 |    graphs reused =       7588
ollama-1  | slot      release: id  0 | task 10566 | stop processing: n_tokens = 593, truncated = 0
ollama-1  | srv  update_slots: all slots are idle
ollama-1  | [GIN] 2026/10/08 - 04:30:15 | 200 |         1m16s |      172.21.0.4 | POST     "/api/generate"
ollama-1  | srv  server_strea: conv_id= (empty=1)
ollama-1  | slot get_availabl: id  0 | task -1 |  - checking sim = 0.769 (380/494) > 0.100
ollama-1  | slot get_availabl: id  0 | task -1 | selected slot by LCP similarity, f_sim_best = 0.769 (> 0.100 thold), f_keep = 0.641
ollama-1  | slot launch_slot_: id  0 | task -1 | sampler chain: logits -> ?penalties -> ?dry -> ?top-n-sigma -> top-k -> ?typical -> top-p -> ?min-p -> ?xtc -> temp-ext -> dist 
ollama-1  | slot launch_slot_: id  0 | task -1 | sampler params: 
ollama-1  | 	repeat_last_n = 64, repeat_penalty = 1.000, frequency_penalty = 0.000, presence_penalty = 0.000
ollama-1  | 	dry_multiplier = 0.000, dry_base = 1.750, dry_allowed_length = 2, dry_penalty_last_n = 64
ollama-1  | 	top_k = 40, top_p = 0.900, min_p = 0.000, xtc_probability = 0.000, xtc_threshold = 0.100, typical_p = 1.000, top_n_sigma = -1.000, temp = 0.000
ollama-1  | 	mirostat = 0, mirostat_lr = 0.100, mirostat_ent = 5.000, adaptive_target = -1.000, adaptive_decay = 0.900
ollama-1  | slot launch_slot_: id  0 | task 10576 | processing task, is_child = 0
ollama-1  | slot   operator(): id  0 | task 10576 | new prompt, n_ctx_slot = 4096, n_keep = 4, task.n_tokens = 494
ollama-1  | slot   operator(): id  0 | task 10576 | cached n_tokens = 380, memory_seq_rm [380, end)
ollama-1  | slot init_sampler: id  0 | task 10576 | init sampler, took 0.06 ms, tokens: text = 494, total = 494
ollama-1  | slot print_timing: id  0 | task 10576 | prompt eval time =     848.45 ms /   114 tokens (    7.44 ms per token,   134.36 tokens per second)
ollama-1  | slot print_timing: id  0 | task 10576 |        eval time =     279.28 ms /     9 tokens (   34.91 ms per token,    28.64 tokens per second)
ollama-1  | slot print_timing: id  0 | task 10576 |       total time =    1127.73 ms /   123 tokens
ollama-1  | slot print_timing: id  0 | task 10576 |    graphs reused =       7595
ollama-1  | slot      release: id  0 | task 10576 | stop processing: n_tokens = 502, truncated = 0
ollama-1  | srv  update_slots: all slots are idle
ollama-1  | [GIN] 2026/10/08 - 04:30:17 | 200 |         1m17s |      172.21.0.4 | POST     "/api/generate"
ollama-1  | srv  server_strea: conv_id= (empty=1)
ollama-1  | slot get_availabl: id  0 | task -1 |  - checking sim = 0.453 (380/838) > 0.100
ollama-1  | slot get_availabl: id  0 | task -1 | selected slot by LCP similarity, f_sim_best = 0.453 (> 0.100 thold), f_keep = 0.757
ollama-1  | slot launch_slot_: id  0 | task -1 | sampler chain: logits -> ?penalties -> ?dry -> ?top-n-sigma -> top-k -> ?typical -> top-p -> ?min-p -> ?xtc -> temp-ext -> dist 
ollama-1  | slot launch_slot_: id  0 | task -1 | sampler params: 
ollama-1  | 	repeat_last_n = 64, repeat_penalty = 1.000, frequency_penalty = 0.000, presence_penalty = 0.000
ollama-1  | 	dry_multiplier = 0.000, dry_base = 1.750, dry_allowed_length = 2, dry_penalty_last_n = 64
ollama-1  | 	top_k = 40, top_p = 0.900, min_p = 0.000, xtc_probability = 0.000, xtc_threshold = 0.100, typical_p = 1.000, top_n_sigma = -1.000, temp = 0.000
ollama-1  | 	mirostat = 0, mirostat_lr = 0.100, mirostat_ent = 5.000, adaptive_target = -1.000, adaptive_decay = 0.900
ollama-1  | slot launch_slot_: id  0 | task 10586 | processing task, is_child = 0
ollama-1  | slot   operator(): id  0 | task 10586 | new prompt, n_ctx_slot = 4096, n_keep = 4, task.n_tokens = 838
ollama-1  | slot   operator(): id  0 | task 10586 | cached n_tokens = 380, memory_seq_rm [380, end)
ollama-1  | slot init_sampler: id  0 | task 10586 | init sampler, took 0.09 ms, tokens: text = 838, total = 838
ollama-1  | slot print_timing: id  0 | task 10586 | prompt eval time =    3328.08 ms /   458 tokens (    7.27 ms per token,   137.62 tokens per second)
ollama-1  | slot print_timing: id  0 | task 10586 |        eval time =     291.19 ms /     9 tokens (   36.40 ms per token,    27.47 tokens per second)
ollama-1  | slot print_timing: id  0 | task 10586 |       total time =    3619.27 ms /   467 tokens
ollama-1  | slot print_timing: id  0 | task 10586 |    graphs reused =       7602
ollama-1  | slot      release: id  0 | task 10586 | stop processing: n_tokens = 846, truncated = 0
ollama-1  | srv  update_slots: all slots are idle
ollama-1  | [GIN] 2026/10/08 - 04:30:20 | 200 |         1m20s |      172.21.0.4 | POST     "/api/generate"
ollama-1  | srv  server_strea: conv_id= (empty=1)
ollama-1  | slot get_availabl: id  0 | task -1 |  - checking sim = 0.578 (380/658) > 0.100
ollama-1  | slot get_availabl: id  0 | task -1 | selected slot by LCP similarity, f_sim_best = 0.578 (> 0.100 thold), f_keep = 0.449
ollama-1  | srv  get_availabl: updating prompt cache
ollama-1  | srv   prompt_save:  - saving prompt with length 846, total state size = 317.260 MiB (draft: 0.000 MiB)
ollama-1  | srv         alloc:  - making room for prompt cache entry, removing oldest entry (size = 353.262 MiB)
ollama-1  | srv          load:  - looking for better prompt, base f_keep = 0.449, f_sim = 0.578
ollama-1  | srv          load:    - prompt with length     835, lcp =     380, f_keep = 0.455, f_sim = 0.578
ollama-1  | srv          load:    - prompt with length     835, lcp =     379, f_keep = 0.454, f_sim = 0.576
ollama-1  | srv          load:    - prompt with length     810, lcp =     380, f_keep = 0.469, f_sim = 0.578
ollama-1  | srv          load:    - prompt with length     893, lcp =     380, f_keep = 0.426, f_sim = 0.578
ollama-1  | srv          load:    - prompt with length    1243, lcp =     379, f_keep = 0.305, f_sim = 0.576
ollama-1  | srv          load:    - prompt with length     779, lcp =     379, f_keep = 0.487, f_sim = 0.576
ollama-1  | srv          load:    - prompt with length     766, lcp =     379, f_keep = 0.495, f_sim = 0.576
ollama-1  | srv          load:    - prompt with length     830, lcp =     379, f_keep = 0.457, f_sim = 0.576
ollama-1  | srv          load:    - prompt with length     801, lcp =     379, f_keep = 0.473, f_sim = 0.576
ollama-1  | srv          load:    - prompt with length     764, lcp =     379, f_keep = 0.496, f_sim = 0.576
ollama-1  | srv          load:    - prompt with length     767, lcp =     379, f_keep = 0.494, f_sim = 0.576
ollama-1  | srv          load:    - prompt with length     774, lcp =     380, f_keep = 0.491, f_sim = 0.578
ollama-1  | srv          load:    - prompt with length     873, lcp =     379, f_keep = 0.434, f_sim = 0.576
ollama-1  | srv          load:    - prompt with length     827, lcp =     379, f_keep = 0.458, f_sim = 0.576
ollama-1  | srv          load:    - prompt with length     836, lcp =     379, f_keep = 0.453, f_sim = 0.576
ollama-1  | srv          load:    - prompt with length     796, lcp =     379, f_keep = 0.476, f_sim = 0.576
ollama-1  | srv          load:    - prompt with length     789, lcp =     379, f_keep = 0.480, f_sim = 0.576
ollama-1  | srv          load:    - prompt with length     890, lcp =     379, f_keep = 0.426, f_sim = 0.576
ollama-1  | srv          load:    - prompt with length     771, lcp =     380, f_keep = 0.493, f_sim = 0.578
ollama-1  | srv          load:    - prompt with length     904, lcp =     380, f_keep = 0.420, f_sim = 0.578
ollama-1  | srv          load:    - prompt with length     900, lcp =     379, f_keep = 0.421, f_sim = 0.576
ollama-1  | srv          load:    - prompt with length     774, lcp =     380, f_keep = 0.491, f_sim = 0.578
ollama-1  | srv          load:    - prompt with length     840, lcp =     379, f_keep = 0.451, f_sim = 0.576
ollama-1  | srv          load:    - prompt with length     770, lcp =     380, f_keep = 0.494, f_sim = 0.578
ollama-1  | srv          load:    - prompt with length     846, lcp =     380, f_keep = 0.449, f_sim = 0.578
ollama-1  | srv        update:  - cache state: 25 prompts, 7842.633 MiB (limits: 8192.000 MiB, 4096 tokens, 21844 est)
ollama-1  | srv        update:    - prompt 0x39536010:     835 tokens, checkpoints:  0,   313.135 MiB
ollama-1  | srv        update:    - prompt 0x39557930:     835 tokens, checkpoints:  0,   313.135 MiB
ollama-1  | srv        update:    - prompt 0x3bd30760:     810 tokens, checkpoints:  0,   303.760 MiB
ollama-1  | srv        update:    - prompt 0x3990b4d0:     893 tokens, checkpoints:  0,   334.886 MiB
ollama-1  | srv        update:    - prompt 0x39532a60:    1243 tokens, checkpoints:  0,   466.140 MiB
ollama-1  | srv        update:    - prompt 0x3bcf2440:     779 tokens, checkpoints:  0,   292.135 MiB
ollama-1  | srv        update:    - prompt 0x3bd05200:     766 tokens, checkpoints:  0,   287.260 MiB
ollama-1  | srv        update:    - prompt 0x3bddd230:     830 tokens, checkpoints:  0,   311.260 MiB
ollama-1  | srv        update:    - prompt 0x3952d930:     801 tokens, checkpoints:  0,   300.385 MiB
ollama-1  | srv        update:    - prompt 0x39544a40:     764 tokens, checkpoints:  0,   286.509 MiB
ollama-1  | srv        update:    - prompt 0x3bd038d0:     767 tokens, checkpoints:  0,   287.635 MiB
ollama-1  | srv        update:    - prompt 0x39541bb0:     774 tokens, checkpoints:  0,   290.260 MiB
ollama-1  | srv        update:    - prompt 0x39530080:     873 tokens, checkpoints:  0,   327.386 MiB
ollama-1  | srv        update:    - prompt 0x3990f8f0:     827 tokens, checkpoints:  0,   310.135 MiB
ollama-1  | srv        update:    - prompt 0x39541d10:     836 tokens, checkpoints:  0,   313.510 MiB
ollama-1  | srv        update:    - prompt 0x39541c60:     796 tokens, checkpoints:  0,   298.510 MiB
ollama-1  | srv        update:    - prompt 0x3bd03820:     789 tokens, checkpoints:  0,   295.885 MiB
ollama-1  | srv        update:    - prompt 0x3bd03980:     890 tokens, checkpoints:  0,   333.761 MiB
ollama-1  | srv        update:    - prompt 0x3bd1ec30:     771 tokens, checkpoints:  0,   289.135 MiB
ollama-1  | srv        update:    - prompt 0x39521940:     904 tokens, checkpoints:  0,   339.011 MiB
ollama-1  | srv        update:    - prompt 0x39903680:     900 tokens, checkpoints:  0,   337.511 MiB
ollama-1  | srv        update:    - prompt 0x3bd27a40:     774 tokens, checkpoints:  0,   290.260 MiB
ollama-1  | srv        update:    - prompt 0x3bcf25a0:     840 tokens, checkpoints:  0,   315.010 MiB
ollama-1  | srv        update:    - prompt 0x3bd306b0:     770 tokens, checkpoints:  0,   288.760 MiB
ollama-1  | srv        update:    - prompt 0x3bcf1110:     846 tokens, checkpoints:  0,   317.260 MiB
ollama-1  | srv  get_availabl: prompt cache update took 172.82 ms
ollama-1  | slot launch_slot_: id  0 | task -1 | sampler chain: logits -> ?penalties -> ?dry -> ?top-n-sigma -> top-k -> ?typical -> top-p -> ?min-p -> ?xtc -> temp-ext -> dist 
ollama-1  | slot launch_slot_: id  0 | task -1 | sampler params: 
ollama-1  | 	repeat_last_n = 64, repeat_penalty = 1.000, frequency_penalty = 0.000, presence_penalty = 0.000
ollama-1  | 	dry_multiplier = 0.000, dry_base = 1.750, dry_allowed_length = 2, dry_penalty_last_n = 64
ollama-1  | 	top_k = 40, top_p = 0.900, min_p = 0.000, xtc_probability = 0.000, xtc_threshold = 0.100, typical_p = 1.000, top_n_sigma = -1.000, temp = 0.000
ollama-1  | 	mirostat = 0, mirostat_lr = 0.100, mirostat_ent = 5.000, adaptive_target = -1.000, adaptive_decay = 0.900
ollama-1  | slot launch_slot_: id  0 | task 10596 | processing task, is_child = 0
ollama-1  | slot   operator(): id  0 | task 10596 | new prompt, n_ctx_slot = 4096, n_keep = 4, task.n_tokens = 658
ollama-1  | slot   operator(): id  0 | task 10596 | cached n_tokens = 380, memory_seq_rm [380, end)
ollama-1  | slot init_sampler: id  0 | task 10596 | init sampler, took 0.04 ms, tokens: text = 658, total = 658
ollama-1  | [GIN] 2026/10/08 - 04:30:21 | 200 |      28.077µs |       127.0.0.1 | HEAD     "/"
ollama-1  | [GIN] 2026/10/08 - 04:30:21 | 200 |    1.419601ms |       127.0.0.1 | GET      "/api/tags"
ollama-1  | slot print_timing: id  0 | task 10596 | prompt eval time =    2061.81 ms /   278 tokens (    7.42 ms per token,   134.83 tokens per second)
ollama-1  | slot print_timing: id  0 | task 10596 |        eval time =     287.64 ms /     9 tokens (   35.96 ms per token,    27.81 tokens per second)
ollama-1  | slot print_timing: id  0 | task 10596 |       total time =    2349.46 ms /   287 tokens
ollama-1  | slot print_timing: id  0 | task 10596 |    graphs reused =       7609
ollama-1  | slot      release: id  0 | task 10596 | stop processing: n_tokens = 666, truncated = 0
ollama-1  | srv  update_slots: all slots are idle
ollama-1  | [GIN] 2026/10/08 - 04:30:23 | 200 |         1m21s |      172.21.0.4 | POST     "/api/generate"
ollama-1  | srv  server_strea: conv_id= (empty=1)
ollama-1  | slot get_availabl: id  0 | task -1 |  - checking sim = 0.571 (380/666) > 0.100
ollama-1  | slot get_availabl: id  0 | task -1 | selected slot by LCP similarity, f_sim_best = 0.571 (> 0.100 thold), f_keep = 0.571
ollama-1  | slot launch_slot_: id  0 | task -1 | sampler chain: logits -> ?penalties -> ?dry -> ?top-n-sigma -> top-k -> ?typical -> top-p -> ?min-p -> ?xtc -> temp-ext -> dist 
ollama-1  | slot launch_slot_: id  0 | task -1 | sampler params: 
ollama-1  | 	repeat_last_n = 64, repeat_penalty = 1.000, frequency_penalty = 0.000, presence_penalty = 0.000
ollama-1  | 	dry_multiplier = 0.000, dry_base = 1.750, dry_allowed_length = 2, dry_penalty_last_n = 64
ollama-1  | 	top_k = 40, top_p = 0.900, min_p = 0.000, xtc_probability = 0.000, xtc_threshold = 0.100, typical_p = 1.000, top_n_sigma = -1.000, temp = 0.000
ollama-1  | 	mirostat = 0, mirostat_lr = 0.100, mirostat_ent = 5.000, adaptive_target = -1.000, adaptive_decay = 0.900
ollama-1  | slot launch_slot_: id  0 | task 10606 | processing task, is_child = 0
ollama-1  | slot   operator(): id  0 | task 10606 | new prompt, n_ctx_slot = 4096, n_keep = 4, task.n_tokens = 666
ollama-1  | slot   operator(): id  0 | task 10606 | cached n_tokens = 380, memory_seq_rm [380, end)
ollama-1  | slot init_sampler: id  0 | task 10606 | init sampler, took 0.05 ms, tokens: text = 666, total = 666
ollama-1  | slot print_timing: id  0 | task 10606 | prompt eval time =    2140.07 ms /   286 tokens (    7.48 ms per token,   133.64 tokens per second)
ollama-1  | slot print_timing: id  0 | task 10606 |        eval time =     280.34 ms /     9 tokens (   35.04 ms per token,    28.54 tokens per second)
ollama-1  | slot print_timing: id  0 | task 10606 |       total time =    2420.41 ms /   295 tokens
ollama-1  | slot print_timing: id  0 | task 10606 |    graphs reused =       7616
ollama-1  | slot      release: id  0 | task 10606 | stop processing: n_tokens = 674, truncated = 0
ollama-1  | srv  update_slots: all slots are idle
ollama-1  | [GIN] 2026/10/08 - 04:30:25 | 200 |         1m21s |      172.21.0.4 | POST     "/api/generate"
ollama-1  | srv  server_strea: conv_id= (empty=1)
ollama-1  | slot get_availabl: id  0 | task -1 |  - checking sim = 0.800 (380/475) > 0.100
ollama-1  | slot get_availabl: id  0 | task -1 | selected slot by LCP similarity, f_sim_best = 0.800 (> 0.100 thold), f_keep = 0.564
ollama-1  | slot launch_slot_: id  0 | task -1 | sampler chain: logits -> ?penalties -> ?dry -> ?top-n-sigma -> top-k -> ?typical -> top-p -> ?min-p -> ?xtc -> temp-ext -> dist 
ollama-1  | slot launch_slot_: id  0 | task -1 | sampler params: 
ollama-1  | 	repeat_last_n = 64, repeat_penalty = 1.000, frequency_penalty = 0.000, presence_penalty = 0.000
ollama-1  | 	dry_multiplier = 0.000, dry_base = 1.750, dry_allowed_length = 2, dry_penalty_last_n = 64
ollama-1  | 	top_k = 40, top_p = 0.900, min_p = 0.000, xtc_probability = 0.000, xtc_threshold = 0.100, typical_p = 1.000, top_n_sigma = -1.000, temp = 0.000
ollama-1  | 	mirostat = 0, mirostat_lr = 0.100, mirostat_ent = 5.000, adaptive_target = -1.000, adaptive_decay = 0.900
ollama-1  | slot launch_slot_: id  0 | task 10616 | processing task, is_child = 0
ollama-1  | slot   operator(): id  0 | task 10616 | new prompt, n_ctx_slot = 4096, n_keep = 4, task.n_tokens = 475
ollama-1  | slot   operator(): id  0 | task 10616 | cached n_tokens = 380, memory_seq_rm [380, end)
ollama-1  | slot init_sampler: id  0 | task 10616 | init sampler, took 0.05 ms, tokens: text = 475, total = 475
ollama-1  | slot print_timing: id  0 | task 10616 | prompt eval time =     746.15 ms /    95 tokens (    7.85 ms per token,   127.32 tokens per second)
ollama-1  | slot print_timing: id  0 | task 10616 |        eval time =     347.36 ms /    11 tokens (   34.74 ms per token,    28.79 tokens per second)
ollama-1  | slot print_timing: id  0 | task 10616 |       total time =    1093.51 ms /   106 tokens
ollama-1  | slot print_timing: id  0 | task 10616 |    graphs reused =       7625
ollama-1  | slot      release: id  0 | task 10616 | stop processing: n_tokens = 485, truncated = 0
ollama-1  | srv  update_slots: all slots are idle
ollama-1  | [GIN] 2026/10/08 - 04:30:26 | 200 |         1m21s |      172.21.0.4 | POST     "/api/generate"
ollama-1  | srv  server_strea: conv_id= (empty=1)
ollama-1  | slot get_availabl: id  0 | task -1 |  - checking sim = 0.550 (380/691) > 0.100
ollama-1  | slot get_availabl: id  0 | task -1 | selected slot by LCP similarity, f_sim_best = 0.550 (> 0.100 thold), f_keep = 0.784
ollama-1  | slot launch_slot_: id  0 | task -1 | sampler chain: logits -> ?penalties -> ?dry -> ?top-n-sigma -> top-k -> ?typical -> top-p -> ?min-p -> ?xtc -> temp-ext -> dist 
ollama-1  | slot launch_slot_: id  0 | task -1 | sampler params: 
ollama-1  | 	repeat_last_n = 64, repeat_penalty = 1.000, frequency_penalty = 0.000, presence_penalty = 0.000
ollama-1  | 	dry_multiplier = 0.000, dry_base = 1.750, dry_allowed_length = 2, dry_penalty_last_n = 64
ollama-1  | 	top_k = 40, top_p = 0.900, min_p = 0.000, xtc_probability = 0.000, xtc_threshold = 0.100, typical_p = 1.000, top_n_sigma = -1.000, temp = 0.000
ollama-1  | 	mirostat = 0, mirostat_lr = 0.100, mirostat_ent = 5.000, adaptive_target = -1.000, adaptive_decay = 0.900
ollama-1  | slot launch_slot_: id  0 | task 10628 | processing task, is_child = 0
ollama-1  | slot   operator(): id  0 | task 10628 | new prompt, n_ctx_slot = 4096, n_keep = 4, task.n_tokens = 691
ollama-1  | slot   operator(): id  0 | task 10628 | cached n_tokens = 380, memory_seq_rm [380, end)
ollama-1  | slot init_sampler: id  0 | task 10628 | init sampler, took 0.07 ms, tokens: text = 691, total = 691
ollama-1  | slot print_timing: id  0 | task 10628 | prompt eval time =    2307.30 ms /   311 tokens (    7.42 ms per token,   134.79 tokens per second)
ollama-1  | slot print_timing: id  0 | task 10628 |        eval time =     283.57 ms /     9 tokens (   35.45 ms per token,    28.21 tokens per second)
ollama-1  | slot print_timing: id  0 | task 10628 |       total time =    2590.88 ms /   320 tokens
ollama-1  | slot print_timing: id  0 | task 10628 |    graphs reused =       7632
ollama-1  | slot      release: id  0 | task 10628 | stop processing: n_tokens = 699, truncated = 0
ollama-1  | srv  update_slots: all slots are idle
ollama-1  | [GIN] 2026/10/08 - 04:30:29 | 200 |         1m21s |      172.21.0.4 | POST     "/api/generate"
ollama-1  | srv  server_strea: conv_id= (empty=1)
ollama-1  | slot get_availabl: id  0 | task -1 |  - checking sim = 0.749 (379/506) > 0.100
ollama-1  | slot get_availabl: id  0 | task -1 | selected slot by LCP similarity, f_sim_best = 0.749 (> 0.100 thold), f_keep = 0.542
ollama-1  | slot launch_slot_: id  0 | task -1 | sampler chain: logits -> ?penalties -> ?dry -> ?top-n-sigma -> top-k -> ?typical -> top-p -> ?min-p -> ?xtc -> temp-ext -> dist 
ollama-1  | slot launch_slot_: id  0 | task -1 | sampler params: 
ollama-1  | 	repeat_last_n = 64, repeat_penalty = 1.000, frequency_penalty = 0.000, presence_penalty = 0.000
ollama-1  | 	dry_multiplier = 0.000, dry_base = 1.750, dry_allowed_length = 2, dry_penalty_last_n = 64
ollama-1  | 	top_k = 40, top_p = 0.900, min_p = 0.000, xtc_probability = 0.000, xtc_threshold = 0.100, typical_p = 1.000, top_n_sigma = -1.000, temp = 0.000
ollama-1  | 	mirostat = 0, mirostat_lr = 0.100, mirostat_ent = 5.000, adaptive_target = -1.000, adaptive_decay = 0.900
ollama-1  | slot launch_slot_: id  0 | task 10638 | processing task, is_child = 0
ollama-1  | slot   operator(): id  0 | task 10638 | new prompt, n_ctx_slot = 4096, n_keep = 4, task.n_tokens = 506
ollama-1  | slot   operator(): id  0 | task 10638 | cached n_tokens = 379, memory_seq_rm [379, end)
ollama-1  | slot init_sampler: id  0 | task 10638 | init sampler, took 0.06 ms, tokens: text = 506, total = 506
ollama-1  | slot print_timing: id  0 | task 10638 | prompt eval time =     966.77 ms /   127 tokens (    7.61 ms per token,   131.36 tokens per second)
ollama-1  | slot print_timing: id  0 | task 10638 |        eval time =     338.20 ms /    11 tokens (   33.82 ms per token,    29.57 tokens per second)
ollama-1  | slot print_timing: id  0 | task 10638 |       total time =    1304.97 ms /   138 tokens
ollama-1  | slot print_timing: id  0 | task 10638 |    graphs reused =       7640
ollama-1  | slot      release: id  0 | task 10638 | stop processing: n_tokens = 516, truncated = 0
ollama-1  | srv  update_slots: all slots are idle
ollama-1  | [GIN] 2026/10/08 - 04:30:30 | 200 |         1m22s |      172.21.0.4 | POST     "/api/generate"
ollama-1  | srv  server_strea: conv_id= (empty=1)
ollama-1  | slot get_availabl: id  0 | task -1 |  - checking sim = 0.552 (379/687) > 0.100
ollama-1  | slot get_availabl: id  0 | task -1 | selected slot by LCP similarity, f_sim_best = 0.552 (> 0.100 thold), f_keep = 0.734
ollama-1  | slot launch_slot_: id  0 | task -1 | sampler chain: logits -> ?penalties -> ?dry -> ?top-n-sigma -> top-k -> ?typical -> top-p -> ?min-p -> ?xtc -> temp-ext -> dist 
ollama-1  | slot launch_slot_: id  0 | task -1 | sampler params: 
ollama-1  | 	repeat_last_n = 64, repeat_penalty = 1.000, frequency_penalty = 0.000, presence_penalty = 0.000
ollama-1  | 	dry_multiplier = 0.000, dry_base = 1.750, dry_allowed_length = 2, dry_penalty_last_n = 64
ollama-1  | 	top_k = 40, top_p = 0.900, min_p = 0.000, xtc_probability = 0.000, xtc_threshold = 0.100, typical_p = 1.000, top_n_sigma = -1.000, temp = 0.000
ollama-1  | 	mirostat = 0, mirostat_lr = 0.100, mirostat_ent = 5.000, adaptive_target = -1.000, adaptive_decay = 0.900
ollama-1  | slot launch_slot_: id  0 | task 10650 | processing task, is_child = 0
ollama-1  | slot   operator(): id  0 | task 10650 | new prompt, n_ctx_slot = 4096, n_keep = 4, task.n_tokens = 687
ollama-1  | slot   operator(): id  0 | task 10650 | cached n_tokens = 379, memory_seq_rm [379, end)
ollama-1  | slot init_sampler: id  0 | task 10650 | init sampler, took 0.05 ms, tokens: text = 687, total = 687
ollama-1  | [GIN] 2026/10/08 - 04:30:32 | 200 |      27.411µs |       127.0.0.1 | HEAD     "/"
ollama-1  | [GIN] 2026/10/08 - 04:30:32 | 200 |     881.821µs |       127.0.0.1 | GET      "/api/tags"
ollama-1  | slot print_timing: id  0 | task 10650 | prompt eval time =    2232.41 ms /   308 tokens (    7.25 ms per token,   137.97 tokens per second)
ollama-1  | slot print_timing: id  0 | task 10650 |        eval time =     285.80 ms /     9 tokens (   35.73 ms per token,    27.99 tokens per second)
ollama-1  | slot print_timing: id  0 | task 10650 |       total time =    2518.22 ms /   317 tokens
ollama-1  | slot print_timing: id  0 | task 10650 |    graphs reused =       7647
ollama-1  | slot      release: id  0 | task 10650 | stop processing: n_tokens = 695, truncated = 0
ollama-1  | srv  update_slots: all slots are idle
ollama-1  | [GIN] 2026/10/08 - 04:30:33 | 200 |         1m24s |      172.21.0.4 | POST     "/api/generate"
ollama-1  | srv  server_strea: conv_id= (empty=1)
ollama-1  | slot get_availabl: id  0 | task -1 |  - checking sim = 0.586 (380/648) > 0.100
ollama-1  | slot get_availabl: id  0 | task -1 | selected slot by LCP similarity, f_sim_best = 0.586 (> 0.100 thold), f_keep = 0.547
ollama-1  | slot launch_slot_: id  0 | task -1 | sampler chain: logits -> ?penalties -> ?dry -> ?top-n-sigma -> top-k -> ?typical -> top-p -> ?min-p -> ?xtc -> temp-ext -> dist 
ollama-1  | slot launch_slot_: id  0 | task -1 | sampler params: 
ollama-1  | 	repeat_last_n = 64, repeat_penalty = 1.000, frequency_penalty = 0.000, presence_penalty = 0.000
ollama-1  | 	dry_multiplier = 0.000, dry_base = 1.750, dry_allowed_length = 2, dry_penalty_last_n = 64
ollama-1  | 	top_k = 40, top_p = 0.900, min_p = 0.000, xtc_probability = 0.000, xtc_threshold = 0.100, typical_p = 1.000, top_n_sigma = -1.000, temp = 0.000
ollama-1  | 	mirostat = 0, mirostat_lr = 0.100, mirostat_ent = 5.000, adaptive_target = -1.000, adaptive_decay = 0.900
ollama-1  | slot launch_slot_: id  0 | task 10660 | processing task, is_child = 0
ollama-1  | slot   operator(): id  0 | task 10660 | new prompt, n_ctx_slot = 4096, n_keep = 4, task.n_tokens = 648
ollama-1  | slot   operator(): id  0 | task 10660 | cached n_tokens = 380, memory_seq_rm [380, end)
ollama-1  | slot init_sampler: id  0 | task 10660 | init sampler, took 0.05 ms, tokens: text = 648, total = 648
ollama-1  | slot print_timing: id  0 | task 10660 | prompt eval time =    2026.83 ms /   268 tokens (    7.56 ms per token,   132.23 tokens per second)
ollama-1  | slot print_timing: id  0 | task 10660 |        eval time =     282.14 ms /     9 tokens (   35.27 ms per token,    28.36 tokens per second)
ollama-1  | slot print_timing: id  0 | task 10660 |       total time =    2308.97 ms /   277 tokens
ollama-1  | slot print_timing: id  0 | task 10660 |    graphs reused =       7654
ollama-1  | slot      release: id  0 | task 10660 | stop processing: n_tokens = 656, truncated = 0
ollama-1  | srv  update_slots: all slots are idle
ollama-1  | [GIN] 2026/10/08 - 04:30:35 | 200 |         1m25s |      172.21.0.4 | POST     "/api/generate"
ollama-1  | srv  server_strea: conv_id= (empty=1)
ollama-1  | slot get_availabl: id  0 | task -1 |  - checking sim = 0.837 (379/453) > 0.100
ollama-1  | slot get_availabl: id  0 | task -1 | selected slot by LCP similarity, f_sim_best = 0.837 (> 0.100 thold), f_keep = 0.578
ollama-1  | slot launch_slot_: id  0 | task -1 | sampler chain: logits -> ?penalties -> ?dry -> ?top-n-sigma -> top-k -> ?typical -> top-p -> ?min-p -> ?xtc -> temp-ext -> dist 
ollama-1  | slot launch_slot_: id  0 | task -1 | sampler params: 
ollama-1  | 	repeat_last_n = 64, repeat_penalty = 1.000, frequency_penalty = 0.000, presence_penalty = 0.000
ollama-1  | 	dry_multiplier = 0.000, dry_base = 1.750, dry_allowed_length = 2, dry_penalty_last_n = 64
ollama-1  | 	top_k = 40, top_p = 0.900, min_p = 0.000, xtc_probability = 0.000, xtc_threshold = 0.100, typical_p = 1.000, top_n_sigma = -1.000, temp = 0.000
ollama-1  | 	mirostat = 0, mirostat_lr = 0.100, mirostat_ent = 5.000, adaptive_target = -1.000, adaptive_decay = 0.900
ollama-1  | slot launch_slot_: id  0 | task 10670 | processing task, is_child = 0
ollama-1  | slot   operator(): id  0 | task 10670 | new prompt, n_ctx_slot = 4096, n_keep = 4, task.n_tokens = 453
ollama-1  | slot   operator(): id  0 | task 10670 | cached n_tokens = 379, memory_seq_rm [379, end)
ollama-1  | slot init_sampler: id  0 | task 10670 | init sampler, took 0.06 ms, tokens: text = 453, total = 453
ollama-1  | slot print_timing: id  0 | task 10670 | prompt eval time =     577.81 ms /    74 tokens (    7.81 ms per token,   128.07 tokens per second)
ollama-1  | slot print_timing: id  0 | task 10670 |        eval time =     280.15 ms /     9 tokens (   35.02 ms per token,    28.56 tokens per second)
ollama-1  | slot print_timing: id  0 | task 10670 |       total time =     857.96 ms /    83 tokens
ollama-1  | slot print_timing: id  0 | task 10670 |    graphs reused =       7661
ollama-1  | slot      release: id  0 | task 10670 | stop processing: n_tokens = 461, truncated = 0
ollama-1  | srv  update_slots: all slots are idle
ollama-1  | [GIN] 2026/10/08 - 04:30:36 | 200 |         1m24s |      172.21.0.4 | POST     "/api/generate"
ollama-1  | srv  server_strea: conv_id= (empty=1)
ollama-1  | slot get_availabl: id  0 | task -1 |  - checking sim = 0.495 (379/766) > 0.100
ollama-1  | slot get_availabl: id  0 | task -1 | selected slot by LCP similarity, f_sim_best = 0.495 (> 0.100 thold), f_keep = 0.822
ollama-1  | slot launch_slot_: id  0 | task -1 | sampler chain: logits -> ?penalties -> ?dry -> ?top-n-sigma -> top-k -> ?typical -> top-p -> ?min-p -> ?xtc -> temp-ext -> dist 
ollama-1  | slot launch_slot_: id  0 | task -1 | sampler params: 
ollama-1  | 	repeat_last_n = 64, repeat_penalty = 1.000, frequency_penalty = 0.000, presence_penalty = 0.000
ollama-1  | 	dry_multiplier = 0.000, dry_base = 1.750, dry_allowed_length = 2, dry_penalty_last_n = 64
ollama-1  | 	top_k = 40, top_p = 0.900, min_p = 0.000, xtc_probability = 0.000, xtc_threshold = 0.100, typical_p = 1.000, top_n_sigma = -1.000, temp = 0.000
ollama-1  | 	mirostat = 0, mirostat_lr = 0.100, mirostat_ent = 5.000, adaptive_target = -1.000, adaptive_decay = 0.900
ollama-1  | slot launch_slot_: id  0 | task 10680 | processing task, is_child = 0
ollama-1  | slot   operator(): id  0 | task 10680 | new prompt, n_ctx_slot = 4096, n_keep = 4, task.n_tokens = 766
ollama-1  | slot   operator(): id  0 | task 10680 | cached n_tokens = 379, memory_seq_rm [379, end)
ollama-1  | slot init_sampler: id  0 | task 10680 | init sampler, took 0.07 ms, tokens: text = 766, total = 766
ollama-1  | slot print_timing: id  0 | task 10680 | prompt eval time =    2850.88 ms /   387 tokens (    7.37 ms per token,   135.75 tokens per second)
ollama-1  | slot print_timing: id  0 | task 10680 |        eval time =     334.28 ms /    10 tokens (   37.14 ms per token,    26.92 tokens per second)
ollama-1  | slot print_timing: id  0 | task 10680 |       total time =    3185.16 ms /   397 tokens
ollama-1  | slot print_timing: id  0 | task 10680 |    graphs reused =       7668
ollama-1  | slot      release: id  0 | task 10680 | stop processing: n_tokens = 775, truncated = 0
ollama-1  | srv  update_slots: all slots are idle
ollama-1  | [GIN] 2026/10/08 - 04:30:41 | 200 |         1m27s |      172.21.0.4 | POST     "/api/generate"
ollama-1  | srv  server_strea: conv_id= (empty=1)
ollama-1  | slot get_availabl: id  0 | task -1 |  - checking sim = 0.559 (379/678) > 0.100
ollama-1  | slot get_availabl: id  0 | task -1 | selected slot by LCP similarity, f_sim_best = 0.559 (> 0.100 thold), f_keep = 0.489
ollama-1  | srv  get_availabl: updating prompt cache
ollama-1  | srv   prompt_save:  - saving prompt with length 775, total state size = 290.635 MiB (draft: 0.000 MiB)
ollama-1  | srv          load:  - looking for better prompt, base f_keep = 0.489, f_sim = 0.559
ollama-1  | srv          load:    - prompt with length     835, lcp =     379, f_keep = 0.454, f_sim = 0.559
ollama-1  | srv          load:    - prompt with length     835, lcp =     379, f_keep = 0.454, f_sim = 0.559
ollama-1  | srv          load:    - prompt with length     810, lcp =     379, f_keep = 0.468, f_sim = 0.559
ollama-1  | srv          load:    - prompt with length     893, lcp =     379, f_keep = 0.424, f_sim = 0.559
ollama-1  | srv          load:    - prompt with length    1243, lcp =     379, f_keep = 0.305, f_sim = 0.559
ollama-1  | srv          load:    - prompt with length     779, lcp =     379, f_keep = 0.487, f_sim = 0.559
ollama-1  | srv          load:    - prompt with length     766, lcp =     379, f_keep = 0.495, f_sim = 0.559
ollama-1  | srv          load:    - prompt with length     830, lcp =     379, f_keep = 0.457, f_sim = 0.559
ollama-1  | srv          load:    - prompt with length     801, lcp =     379, f_keep = 0.473, f_sim = 0.559
ollama-1  | srv          load:    - prompt with length     764, lcp =     379, f_keep = 0.496, f_sim = 0.559
ollama-1  | srv          load:    - prompt with length     767, lcp =     380, f_keep = 0.495, f_sim = 0.560
ollama-1  | srv          load:    - prompt with length     774, lcp =     379, f_keep = 0.490, f_sim = 0.559
ollama-1  | srv          load:    - prompt with length     873, lcp =     379, f_keep = 0.434, f_sim = 0.559
ollama-1  | srv          load:    - prompt with length     827, lcp =     379, f_keep = 0.458, f_sim = 0.559
ollama-1  | srv          load:    - prompt with length     836, lcp =     379, f_keep = 0.453, f_sim = 0.559
ollama-1  | srv          load:    - prompt with length     796, lcp =     379, f_keep = 0.476, f_sim = 0.559
ollama-1  | srv          load:    - prompt with length     789, lcp =     379, f_keep = 0.480, f_sim = 0.559
ollama-1  | srv          load:    - prompt with length     890, lcp =     379, f_keep = 0.426, f_sim = 0.559
ollama-1  | srv          load:    - prompt with length     771, lcp =     379, f_keep = 0.492, f_sim = 0.559
ollama-1  | srv          load:    - prompt with length     904, lcp =     379, f_keep = 0.419, f_sim = 0.559
ollama-1  | srv          load:    - prompt with length     900, lcp =     379, f_keep = 0.421, f_sim = 0.559
ollama-1  | srv          load:    - prompt with length     774, lcp =     379, f_keep = 0.490, f_sim = 0.559
ollama-1  | srv          load:    - prompt with length     840, lcp =     379, f_keep = 0.451, f_sim = 0.559
ollama-1  | srv          load:    - prompt with length     770, lcp =     379, f_keep = 0.492, f_sim = 0.559
ollama-1  | srv          load:    - prompt with length     846, lcp =     379, f_keep = 0.448, f_sim = 0.559
ollama-1  | srv          load:    - prompt with length     775, lcp =     379, f_keep = 0.489, f_sim = 0.559
ollama-1  | srv          load:  - found better prompt with f_keep = 0.495, f_sim = 0.560
ollama-1  | srv        update:  - cache state: 25 prompts, 7845.633 MiB (limits: 8192.000 MiB, 4096 tokens, 21844 est)
ollama-1  | srv        update:    - prompt 0x39536010:     835 tokens, checkpoints:  0,   313.135 MiB
ollama-1  | srv        update:    - prompt 0x39557930:     835 tokens, checkpoints:  0,   313.135 MiB
ollama-1  | srv        update:    - prompt 0x3bd30760:     810 tokens, checkpoints:  0,   303.760 MiB
ollama-1  | srv        update:    - prompt 0x3990b4d0:     893 tokens, checkpoints:  0,   334.886 MiB
ollama-1  | srv        update:    - prompt 0x39532a60:    1243 tokens, checkpoints:  0,   466.140 MiB
ollama-1  | srv        update:    - prompt 0x3bcf2440:     779 tokens, checkpoints:  0,   292.135 MiB
ollama-1  | srv        update:    - prompt 0x3bd05200:     766 tokens, checkpoints:  0,   287.260 MiB
ollama-1  | srv        update:    - prompt 0x3bddd230:     830 tokens, checkpoints:  0,   311.260 MiB
ollama-1  | srv        update:    - prompt 0x3952d930:     801 tokens, checkpoints:  0,   300.385 MiB
ollama-1  | srv        update:    - prompt 0x39544a40:     764 tokens, checkpoints:  0,   286.509 MiB
ollama-1  | srv        update:    - prompt 0x39541bb0:     774 tokens, checkpoints:  0,   290.260 MiB
ollama-1  | srv        update:    - prompt 0x39530080:     873 tokens, checkpoints:  0,   327.386 MiB
ollama-1  | srv        update:    - prompt 0x3990f8f0:     827 tokens, checkpoints:  0,   310.135 MiB
ollama-1  | srv        update:    - prompt 0x39541d10:     836 tokens, checkpoints:  0,   313.510 MiB
ollama-1  | srv        update:    - prompt 0x39541c60:     796 tokens, checkpoints:  0,   298.510 MiB
ollama-1  | srv        update:    - prompt 0x3bd03820:     789 tokens, checkpoints:  0,   295.885 MiB
ollama-1  | srv        update:    - prompt 0x3bd03980:     890 tokens, checkpoints:  0,   333.761 MiB
ollama-1  | srv        update:    - prompt 0x3bd1ec30:     771 tokens, checkpoints:  0,   289.135 MiB
ollama-1  | srv        update:    - prompt 0x39521940:     904 tokens, checkpoints:  0,   339.011 MiB
ollama-1  | srv        update:    - prompt 0x39903680:     900 tokens, checkpoints:  0,   337.511 MiB
ollama-1  | srv        update:    - prompt 0x3bd27a40:     774 tokens, checkpoints:  0,   290.260 MiB
ollama-1  | srv        update:    - prompt 0x3bcf25a0:     840 tokens, checkpoints:  0,   315.010 MiB
ollama-1  | srv        update:    - prompt 0x3bd306b0:     770 tokens, checkpoints:  0,   288.760 MiB
ollama-1  | srv        update:    - prompt 0x3bcf1110:     846 tokens, checkpoints:  0,   317.260 MiB
ollama-1  | srv        update:    - prompt 0x3bd080a0:     775 tokens, checkpoints:  0,   290.635 MiB
ollama-1  | srv  get_availabl: prompt cache update took 231.11 ms
ollama-1  | slot launch_slot_: id  0 | task -1 | sampler chain: logits -> ?penalties -> ?dry -> ?top-n-sigma -> top-k -> ?typical -> top-p -> ?min-p -> ?xtc -> temp-ext -> dist 
ollama-1  | slot launch_slot_: id  0 | task -1 | sampler params: 
ollama-1  | 	repeat_last_n = 64, repeat_penalty = 1.000, frequency_penalty = 0.000, presence_penalty = 0.000
ollama-1  | 	dry_multiplier = 0.000, dry_base = 1.750, dry_allowed_length = 2, dry_penalty_last_n = 64
ollama-1  | 	top_k = 40, top_p = 0.900, min_p = 0.000, xtc_probability = 0.000, xtc_threshold = 0.100, typical_p = 1.000, top_n_sigma = -1.000, temp = 0.000
ollama-1  | 	mirostat = 0, mirostat_lr = 0.100, mirostat_ent = 5.000, adaptive_target = -1.000, adaptive_decay = 0.900
ollama-1  | slot launch_slot_: id  0 | task 10691 | processing task, is_child = 0
ollama-1  | slot   operator(): id  0 | task 10691 | new prompt, n_ctx_slot = 4096, n_keep = 4, task.n_tokens = 678
ollama-1  | slot   operator(): id  0 | task 10691 | cached n_tokens = 380, memory_seq_rm [380, end)
ollama-1  | slot init_sampler: id  0 | task 10691 | init sampler, took 0.05 ms, tokens: text = 678, total = 678
ollama-1  | [GIN] 2026/10/08 - 04:30:43 | 200 |      39.514µs |       127.0.0.1 | HEAD     "/"
ollama-1  | [GIN] 2026/10/08 - 04:30:43 | 200 |     2.91887ms |       127.0.0.1 | GET      "/api/tags"
ollama-1  | slot print_timing: id  0 | task 10691 | prompt eval time =    2175.02 ms /   298 tokens (    7.30 ms per token,   137.01 tokens per second)
ollama-1  | slot print_timing: id  0 | task 10691 |        eval time =     329.79 ms /    10 tokens (   36.64 ms per token,    27.29 tokens per second)
ollama-1  | slot print_timing: id  0 | task 10691 |       total time =    2504.82 ms /   308 tokens
ollama-1  | slot print_timing: id  0 | task 10691 |    graphs reused =       7676
ollama-1  | slot      release: id  0 | task 10691 | stop processing: n_tokens = 687, truncated = 0
ollama-1  | srv  update_slots: all slots are idle
ollama-1  | [GIN] 2026/10/08 - 04:30:43 | 200 |         1m28s |      172.21.0.4 | POST     "/api/generate"
ollama-1  | srv  server_strea: conv_id= (empty=1)
ollama-1  | slot get_availabl: id  0 | task -1 |  - checking sim = 0.737 (379/514) > 0.100
ollama-1  | slot get_availabl: id  0 | task -1 | selected slot by LCP similarity, f_sim_best = 0.737 (> 0.100 thold), f_keep = 0.552
ollama-1  | slot launch_slot_: id  0 | task -1 | sampler chain: logits -> ?penalties -> ?dry -> ?top-n-sigma -> top-k -> ?typical -> top-p -> ?min-p -> ?xtc -> temp-ext -> dist 
ollama-1  | slot launch_slot_: id  0 | task -1 | sampler params: 
ollama-1  | 	repeat_last_n = 64, repeat_penalty = 1.000, frequency_penalty = 0.000, presence_penalty = 0.000
ollama-1  | 	dry_multiplier = 0.000, dry_base = 1.750, dry_allowed_length = 2, dry_penalty_last_n = 64
ollama-1  | 	top_k = 40, top_p = 0.900, min_p = 0.000, xtc_probability = 0.000, xtc_threshold = 0.100, typical_p = 1.000, top_n_sigma = -1.000, temp = 0.000
ollama-1  | 	mirostat = 0, mirostat_lr = 0.100, mirostat_ent = 5.000, adaptive_target = -1.000, adaptive_decay = 0.900
ollama-1  | slot launch_slot_: id  0 | task 10702 | processing task, is_child = 0
ollama-1  | slot   operator(): id  0 | task 10702 | new prompt, n_ctx_slot = 4096, n_keep = 4, task.n_tokens = 514
ollama-1  | slot   operator(): id  0 | task 10702 | cached n_tokens = 379, memory_seq_rm [379, end)
ollama-1  | slot init_sampler: id  0 | task 10702 | init sampler, took 0.04 ms, tokens: text = 514, total = 514
ollama-1  | slot print_timing: id  0 | task 10702 | prompt eval time =    1017.28 ms /   135 tokens (    7.54 ms per token,   132.71 tokens per second)
ollama-1  | slot print_timing: id  0 | task 10702 |        eval time =     378.59 ms /    11 tokens (   37.86 ms per token,    26.41 tokens per second)
ollama-1  | slot print_timing: id  0 | task 10702 |       total time =    1395.87 ms /   146 tokens
ollama-1  | slot print_timing: id  0 | task 10702 |    graphs reused =       7685
ollama-1  | slot      release: id  0 | task 10702 | stop processing: n_tokens = 524, truncated = 0
ollama-1  | srv  update_slots: all slots are idle
ollama-1  | [GIN] 2026/10/08 - 04:30:45 | 200 |         1m28s |      172.21.0.4 | POST     "/api/generate"
ollama-1  | srv  server_strea: conv_id= (empty=1)
ollama-1  | slot get_availabl: id  0 | task -1 |  - checking sim = 0.839 (380/453) > 0.100
ollama-1  | slot get_availabl: id  0 | task -1 | selected slot by LCP similarity, f_sim_best = 0.839 (> 0.100 thold), f_keep = 0.725
ollama-1  | slot launch_slot_: id  0 | task -1 | sampler chain: logits -> ?penalties -> ?dry -> ?top-n-sigma -> top-k -> ?typical -> top-p -> ?min-p -> ?xtc -> temp-ext -> dist 
ollama-1  | slot launch_slot_: id  0 | task -1 | sampler params: 
ollama-1  | 	repeat_last_n = 64, repeat_penalty = 1.000, frequency_penalty = 0.000, presence_penalty = 0.000
ollama-1  | 	dry_multiplier = 0.000, dry_base = 1.750, dry_allowed_length = 2, dry_penalty_last_n = 64
ollama-1  | 	top_k = 40, top_p = 0.900, min_p = 0.000, xtc_probability = 0.000, xtc_threshold = 0.100, typical_p = 1.000, top_n_sigma = -1.000, temp = 0.000
ollama-1  | 	mirostat = 0, mirostat_lr = 0.100, mirostat_ent = 5.000, adaptive_target = -1.000, adaptive_decay = 0.900
ollama-1  | slot launch_slot_: id  0 | task 10714 | processing task, is_child = 0
ollama-1  | slot   operator(): id  0 | task 10714 | new prompt, n_ctx_slot = 4096, n_keep = 4, task.n_tokens = 453
ollama-1  | slot   operator(): id  0 | task 10714 | cached n_tokens = 380, memory_seq_rm [380, end)
ollama-1  | slot init_sampler: id  0 | task 10714 | init sampler, took 0.03 ms, tokens: text = 453, total = 453
ollama-1  | slot print_timing: id  0 | task 10714 | prompt eval time =     567.66 ms /    73 tokens (    7.78 ms per token,   128.60 tokens per second)
ollama-1  | slot print_timing: id  0 | task 10714 |        eval time =     337.36 ms /    11 tokens (   33.74 ms per token,    29.64 tokens per second)
ollama-1  | slot print_timing: id  0 | task 10714 |       total time =     905.02 ms /    84 tokens
ollama-1  | slot print_timing: id  0 | task 10714 |    graphs reused =       7694
ollama-1  | slot      release: id  0 | task 10714 | stop processing: n_tokens = 463, truncated = 0
ollama-1  | srv  update_slots: all slots are idle
ollama-1  | [GIN] 2026/10/08 - 04:30:46 | 200 |         1m27s |      172.21.0.4 | POST     "/api/generate"
ollama-1  | srv  server_strea: conv_id= (empty=1)
ollama-1  | slot get_availabl: id  0 | task -1 |  - checking sim = 0.520 (379/729) > 0.100
ollama-1  | slot get_availabl: id  0 | task -1 | selected slot by LCP similarity, f_sim_best = 0.520 (> 0.100 thold), f_keep = 0.819
ollama-1  | slot launch_slot_: id  0 | task -1 | sampler chain: logits -> ?penalties -> ?dry -> ?top-n-sigma -> top-k -> ?typical -> top-p -> ?min-p -> ?xtc -> temp-ext -> dist 
ollama-1  | slot launch_slot_: id  0 | task -1 | sampler params: 
ollama-1  | 	repeat_last_n = 64, repeat_penalty = 1.000, frequency_penalty = 0.000, presence_penalty = 0.000
ollama-1  | 	dry_multiplier = 0.000, dry_base = 1.750, dry_allowed_length = 2, dry_penalty_last_n = 64
ollama-1  | 	top_k = 40, top_p = 0.900, min_p = 0.000, xtc_probability = 0.000, xtc_threshold = 0.100, typical_p = 1.000, top_n_sigma = -1.000, temp = 0.000
ollama-1  | 	mirostat = 0, mirostat_lr = 0.100, mirostat_ent = 5.000, adaptive_target = -1.000, adaptive_decay = 0.900
ollama-1  | slot launch_slot_: id  0 | task 10726 | processing task, is_child = 0
ollama-1  | slot   operator(): id  0 | task 10726 | new prompt, n_ctx_slot = 4096, n_keep = 4, task.n_tokens = 729
ollama-1  | slot   operator(): id  0 | task 10726 | cached n_tokens = 379, memory_seq_rm [379, end)
ollama-1  | slot init_sampler: id  0 | task 10726 | init sampler, took 0.08 ms, tokens: text = 729, total = 729
ollama-1  | slot print_timing: id  0 | task 10726 | prompt eval time =    2547.82 ms /   350 tokens (    7.28 ms per token,   137.37 tokens per second)
ollama-1  | slot print_timing: id  0 | task 10726 |        eval time =     291.01 ms /     9 tokens (   36.38 ms per token,    27.49 tokens per second)
ollama-1  | slot print_timing: id  0 | task 10726 |       total time =    2838.83 ms /   359 tokens
ollama-1  | slot print_timing: id  0 | task 10726 |    graphs reused =       7701
ollama-1  | slot      release: id  0 | task 10726 | stop processing: n_tokens = 737, truncated = 0
ollama-1  | srv  update_slots: all slots are idle
ollama-1  | [GIN] 2026/10/08 - 04:30:48 | 200 |         1m26s |      172.21.0.4 | POST     "/api/generate"
ollama-1  | srv  server_strea: conv_id= (empty=1)
ollama-1  | slot get_availabl: id  0 | task -1 |  - checking sim = 0.690 (379/549) > 0.100
ollama-1  | slot get_availabl: id  0 | task -1 | selected slot by LCP similarity, f_sim_best = 0.690 (> 0.100 thold), f_keep = 0.514
ollama-1  | slot launch_slot_: id  0 | task -1 | sampler chain: logits -> ?penalties -> ?dry -> ?top-n-sigma -> top-k -> ?typical -> top-p -> ?min-p -> ?xtc -> temp-ext -> dist 
ollama-1  | slot launch_slot_: id  0 | task -1 | sampler params: 
ollama-1  | 	repeat_last_n = 64, repeat_penalty = 1.000, frequency_penalty = 0.000, presence_penalty = 0.000
ollama-1  | 	dry_multiplier = 0.000, dry_base = 1.750, dry_allowed_length = 2, dry_penalty_last_n = 64
ollama-1  | 	top_k = 40, top_p = 0.900, min_p = 0.000, xtc_probability = 0.000, xtc_threshold = 0.100, typical_p = 1.000, top_n_sigma = -1.000, temp = 0.000
ollama-1  | 	mirostat = 0, mirostat_lr = 0.100, mirostat_ent = 5.000, adaptive_target = -1.000, adaptive_decay = 0.900
ollama-1  | slot launch_slot_: id  0 | task 10736 | processing task, is_child = 0
ollama-1  | slot   operator(): id  0 | task 10736 | new prompt, n_ctx_slot = 4096, n_keep = 4, task.n_tokens = 549
ollama-1  | slot   operator(): id  0 | task 10736 | cached n_tokens = 379, memory_seq_rm [379, end)
ollama-1  | slot init_sampler: id  0 | task 10736 | init sampler, took 0.04 ms, tokens: text = 549, total = 549
ollama-1  | slot print_timing: id  0 | task 10736 | prompt eval time =    1288.59 ms /   170 tokens (    7.58 ms per token,   131.93 tokens per second)
ollama-1  | slot print_timing: id  0 | task 10736 |        eval time =     289.28 ms /     9 tokens (   36.16 ms per token,    27.65 tokens per second)
ollama-1  | slot print_timing: id  0 | task 10736 |       total time =    1577.87 ms /   179 tokens
ollama-1  | slot print_timing: id  0 | task 10736 |    graphs reused =       7708
ollama-1  | slot      release: id  0 | task 10736 | stop processing: n_tokens = 557, truncated = 0
ollama-1  | srv  update_slots: all slots are idle
ollama-1  | [GIN] 2026/10/08 - 04:30:50 | 200 |         1m26s |      172.21.0.4 | POST     "/api/generate"
ollama-1  | srv  server_strea: conv_id= (empty=1)
ollama-1  | slot get_availabl: id  0 | task -1 |  - checking sim = 0.527 (379/719) > 0.100
ollama-1  | slot get_availabl: id  0 | task -1 | selected slot by LCP similarity, f_sim_best = 0.527 (> 0.100 thold), f_keep = 0.680
ollama-1  | slot launch_slot_: id  0 | task -1 | sampler chain: logits -> ?penalties -> ?dry -> ?top-n-sigma -> top-k -> ?typical -> top-p -> ?min-p -> ?xtc -> temp-ext -> dist 
ollama-1  | slot launch_slot_: id  0 | task -1 | sampler params: 
ollama-1  | 	repeat_last_n = 64, repeat_penalty = 1.000, frequency_penalty = 0.000, presence_penalty = 0.000
ollama-1  | 	dry_multiplier = 0.000, dry_base = 1.750, dry_allowed_length = 2, dry_penalty_last_n = 64
ollama-1  | 	top_k = 40, top_p = 0.900, min_p = 0.000, xtc_probability = 0.000, xtc_threshold = 0.100, typical_p = 1.000, top_n_sigma = -1.000, temp = 0.000
ollama-1  | 	mirostat = 0, mirostat_lr = 0.100, mirostat_ent = 5.000, adaptive_target = -1.000, adaptive_decay = 0.900
ollama-1  | slot launch_slot_: id  0 | task 10746 | processing task, is_child = 0
ollama-1  | slot   operator(): id  0 | task 10746 | new prompt, n_ctx_slot = 4096, n_keep = 4, task.n_tokens = 719
ollama-1  | slot   operator(): id  0 | task 10746 | cached n_tokens = 379, memory_seq_rm [379, end)
ollama-1  | slot init_sampler: id  0 | task 10746 | init sampler, took 0.12 ms, tokens: text = 719, total = 719
ollama-1  | slot print_timing: id  0 | task 10746 | prompt eval time =    2462.08 ms /   340 tokens (    7.24 ms per token,   138.09 tokens per second)
ollama-1  | slot print_timing: id  0 | task 10746 |        eval time =     321.21 ms /    10 tokens (   35.69 ms per token,    28.02 tokens per second)
ollama-1  | slot print_timing: id  0 | task 10746 |       total time =    2783.29 ms /   350 tokens
ollama-1  | slot print_timing: id  0 | task 10746 |    graphs reused =       7716
ollama-1  | slot      release: id  0 | task 10746 | stop processing: n_tokens = 728, truncated = 0
ollama-1  | srv  update_slots: all slots are idle
ollama-1  | [GIN] 2026/10/08 - 04:30:53 | 200 |         1m28s |      172.21.0.4 | POST     "/api/generate"
ollama-1  | srv  server_strea: conv_id= (empty=1)
ollama-1  | slot get_availabl: id  0 | task -1 |  - checking sim = 0.631 (379/601) > 0.100
ollama-1  | slot get_availabl: id  0 | task -1 | selected slot by LCP similarity, f_sim_best = 0.631 (> 0.100 thold), f_keep = 0.521
ollama-1  | slot launch_slot_: id  0 | task -1 | sampler chain: logits -> ?penalties -> ?dry -> ?top-n-sigma -> top-k -> ?typical -> top-p -> ?min-p -> ?xtc -> temp-ext -> dist 
ollama-1  | slot launch_slot_: id  0 | task -1 | sampler params: 
ollama-1  | 	repeat_last_n = 64, repeat_penalty = 1.000, frequency_penalty = 0.000, presence_penalty = 0.000
ollama-1  | 	dry_multiplier = 0.000, dry_base = 1.750, dry_allowed_length = 2, dry_penalty_last_n = 64
ollama-1  | 	top_k = 40, top_p = 0.900, min_p = 0.000, xtc_probability = 0.000, xtc_threshold = 0.100, typical_p = 1.000, top_n_sigma = -1.000, temp = 0.000
ollama-1  | 	mirostat = 0, mirostat_lr = 0.100, mirostat_ent = 5.000, adaptive_target = -1.000, adaptive_decay = 0.900
ollama-1  | slot launch_slot_: id  0 | task 10757 | processing task, is_child = 0
ollama-1  | slot   operator(): id  0 | task 10757 | new prompt, n_ctx_slot = 4096, n_keep = 4, task.n_tokens = 601
ollama-1  | slot   operator(): id  0 | task 10757 | cached n_tokens = 379, memory_seq_rm [379, end)
ollama-1  | slot init_sampler: id  0 | task 10757 | init sampler, took 0.05 ms, tokens: text = 601, total = 601
ollama-1  | [GIN] 2026/10/08 - 04:30:53 | 200 |      31.791µs |       127.0.0.1 | HEAD     "/"
ollama-1  | [GIN] 2026/10/08 - 04:30:53 | 200 |    1.358557ms |       127.0.0.1 | GET      "/api/tags"
ollama-1  | slot print_timing: id  0 | task 10757 | prompt eval time =    1654.17 ms /   222 tokens (    7.45 ms per token,   134.21 tokens per second)
ollama-1  | slot print_timing: id  0 | task 10757 |        eval time =     359.06 ms /    11 tokens (   35.91 ms per token,    27.85 tokens per second)
ollama-1  | slot print_timing: id  0 | task 10757 |       total time =    2013.23 ms /   233 tokens
ollama-1  | slot print_timing: id  0 | task 10757 |    graphs reused =       7725
ollama-1  | slot      release: id  0 | task 10757 | stop processing: n_tokens = 611, truncated = 0
ollama-1  | srv  update_slots: all slots are idle
ollama-1  | [GIN] 2026/10/08 - 04:30:55 | 200 |         1m29s |      172.21.0.4 | POST     "/api/generate"
ollama-1  | srv  server_strea: conv_id= (empty=1)
ollama-1  | slot get_availabl: id  0 | task -1 |  - checking sim = 0.584 (379/649) > 0.100
ollama-1  | slot get_availabl: id  0 | task -1 | selected slot by LCP similarity, f_sim_best = 0.584 (> 0.100 thold), f_keep = 0.620
ollama-1  | slot launch_slot_: id  0 | task -1 | sampler chain: logits -> ?penalties -> ?dry -> ?top-n-sigma -> top-k -> ?typical -> top-p -> ?min-p -> ?xtc -> temp-ext -> dist 
ollama-1  | slot launch_slot_: id  0 | task -1 | sampler params: 
ollama-1  | 	repeat_last_n = 64, repeat_penalty = 1.000, frequency_penalty = 0.000, presence_penalty = 0.000
ollama-1  | 	dry_multiplier = 0.000, dry_base = 1.750, dry_allowed_length = 2, dry_penalty_last_n = 64
ollama-1  | 	top_k = 40, top_p = 0.900, min_p = 0.000, xtc_probability = 0.000, xtc_threshold = 0.100, typical_p = 1.000, top_n_sigma = -1.000, temp = 0.000
ollama-1  | 	mirostat = 0, mirostat_lr = 0.100, mirostat_ent = 5.000, adaptive_target = -1.000, adaptive_decay = 0.900
ollama-1  | slot launch_slot_: id  0 | task 10769 | processing task, is_child = 0
ollama-1  | slot   operator(): id  0 | task 10769 | new prompt, n_ctx_slot = 4096, n_keep = 4, task.n_tokens = 649
ollama-1  | slot   operator(): id  0 | task 10769 | cached n_tokens = 379, memory_seq_rm [379, end)
ollama-1  | slot init_sampler: id  0 | task 10769 | init sampler, took 0.15 ms, tokens: text = 649, total = 649
ollama-1  | slot print_timing: id  0 | task 10769 | prompt eval time =    2028.17 ms /   270 tokens (    7.51 ms per token,   133.12 tokens per second)
ollama-1  | slot print_timing: id  0 | task 10769 |        eval time =     283.49 ms /     9 tokens (   35.44 ms per token,    28.22 tokens per second)
ollama-1  | slot print_timing: id  0 | task 10769 |       total time =    2311.66 ms /   279 tokens
ollama-1  | slot print_timing: id  0 | task 10769 |    graphs reused =       7732
ollama-1  | slot      release: id  0 | task 10769 | stop processing: n_tokens = 657, truncated = 0
ollama-1  | srv  update_slots: all slots are idle
ollama-1  | [GIN] 2026/10/08 - 04:30:57 | 200 |         1m27s |      172.21.0.4 | POST     "/api/generate"
ollama-1  | srv  server_strea: conv_id= (empty=1)
ollama-1  | slot get_availabl: id  0 | task -1 |  - checking sim = 0.670 (379/566) > 0.100
ollama-1  | slot get_availabl: id  0 | task -1 | selected slot by LCP similarity, f_sim_best = 0.670 (> 0.100 thold), f_keep = 0.577
ollama-1  | slot launch_slot_: id  0 | task -1 | sampler chain: logits -> ?penalties -> ?dry -> ?top-n-sigma -> top-k -> ?typical -> top-p -> ?min-p -> ?xtc -> temp-ext -> dist 
ollama-1  | slot launch_slot_: id  0 | task -1 | sampler params: 
ollama-1  | 	repeat_last_n = 64, repeat_penalty = 1.000, frequency_penalty = 0.000, presence_penalty = 0.000
ollama-1  | 	dry_multiplier = 0.000, dry_base = 1.750, dry_allowed_length = 2, dry_penalty_last_n = 64
ollama-1  | 	top_k = 40, top_p = 0.900, min_p = 0.000, xtc_probability = 0.000, xtc_threshold = 0.100, typical_p = 1.000, top_n_sigma = -1.000, temp = 0.000
ollama-1  | 	mirostat = 0, mirostat_lr = 0.100, mirostat_ent = 5.000, adaptive_target = -1.000, adaptive_decay = 0.900
ollama-1  | slot launch_slot_: id  0 | task 10779 | processing task, is_child = 0
ollama-1  | slot   operator(): id  0 | task 10779 | new prompt, n_ctx_slot = 4096, n_keep = 4, task.n_tokens = 566
ollama-1  | slot   operator(): id  0 | task 10779 | cached n_tokens = 379, memory_seq_rm [379, end)
ollama-1  | slot init_sampler: id  0 | task 10779 | init sampler, took 0.04 ms, tokens: text = 566, total = 566
ollama-1  | slot print_timing: id  0 | task 10779 | prompt eval time =    1409.58 ms /   187 tokens (    7.54 ms per token,   132.66 tokens per second)
ollama-1  | slot print_timing: id  0 | task 10779 |        eval time =     315.96 ms /    10 tokens (   35.11 ms per token,    28.48 tokens per second)
ollama-1  | slot print_timing: id  0 | task 10779 |       total time =    1725.55 ms /   197 tokens
ollama-1  | slot print_timing: id  0 | task 10779 |    graphs reused =       7740
ollama-1  | slot      release: id  0 | task 10779 | stop processing: n_tokens = 575, truncated = 0
ollama-1  | srv  update_slots: all slots are idle
ollama-1  | [GIN] 2026/10/08 - 04:30:59 | 200 |         1m26s |      172.21.0.4 | POST     "/api/generate"
ollama-1  | srv  server_strea: conv_id= (empty=1)
ollama-1  | slot get_availabl: id  0 | task -1 |  - checking sim = 0.647 (379/586) > 0.100
ollama-1  | slot get_availabl: id  0 | task -1 | selected slot by LCP similarity, f_sim_best = 0.647 (> 0.100 thold), f_keep = 0.659
ollama-1  | slot launch_slot_: id  0 | task -1 | sampler chain: logits -> ?penalties -> ?dry -> ?top-n-sigma -> top-k -> ?typical -> top-p -> ?min-p -> ?xtc -> temp-ext -> dist 
ollama-1  | slot launch_slot_: id  0 | task -1 | sampler params: 
ollama-1  | 	repeat_last_n = 64, repeat_penalty = 1.000, frequency_penalty = 0.000, presence_penalty = 0.000
ollama-1  | 	dry_multiplier = 0.000, dry_base = 1.750, dry_allowed_length = 2, dry_penalty_last_n = 64
ollama-1  | 	top_k = 40, top_p = 0.900, min_p = 0.000, xtc_probability = 0.000, xtc_threshold = 0.100, typical_p = 1.000, top_n_sigma = -1.000, temp = 0.000
ollama-1  | 	mirostat = 0, mirostat_lr = 0.100, mirostat_ent = 5.000, adaptive_target = -1.000, adaptive_decay = 0.900
ollama-1  | slot launch_slot_: id  0 | task 10790 | processing task, is_child = 0
ollama-1  | slot   operator(): id  0 | task 10790 | new prompt, n_ctx_slot = 4096, n_keep = 4, task.n_tokens = 586
ollama-1  | slot   operator(): id  0 | task 10790 | cached n_tokens = 379, memory_seq_rm [379, end)
ollama-1  | slot init_sampler: id  0 | task 10790 | init sampler, took 0.06 ms, tokens: text = 586, total = 586
ollama-1  | slot print_timing: id  0 | task 10790 | prompt eval time =    1557.65 ms /   207 tokens (    7.52 ms per token,   132.89 tokens per second)
ollama-1  | slot print_timing: id  0 | task 10790 |        eval time =     366.18 ms /    11 tokens (   36.62 ms per token,    27.31 tokens per second)
ollama-1  | slot print_timing: id  0 | task 10790 |       total time =    1923.83 ms /   218 tokens
ollama-1  | slot print_timing: id  0 | task 10790 |    graphs reused =       7749
ollama-1  | slot      release: id  0 | task 10790 | stop processing: n_tokens = 596, truncated = 0
ollama-1  | srv  update_slots: all slots are idle
ollama-1  | [GIN] 2026/10/08 - 04:31:01 | 200 |         1m26s |      172.21.0.4 | POST     "/api/generate"
ollama-1  | srv  server_strea: conv_id= (empty=1)
ollama-1  | slot get_availabl: id  0 | task -1 |  - checking sim = 0.506 (379/749) > 0.100
ollama-1  | slot get_availabl: id  0 | task -1 | selected slot by LCP similarity, f_sim_best = 0.506 (> 0.100 thold), f_keep = 0.636
ollama-1  | slot launch_slot_: id  0 | task -1 | sampler chain: logits -> ?penalties -> ?dry -> ?top-n-sigma -> top-k -> ?typical -> top-p -> ?min-p -> ?xtc -> temp-ext -> dist 
ollama-1  | slot launch_slot_: id  0 | task -1 | sampler params: 
ollama-1  | 	repeat_last_n = 64, repeat_penalty = 1.000, frequency_penalty = 0.000, presence_penalty = 0.000
ollama-1  | 	dry_multiplier = 0.000, dry_base = 1.750, dry_allowed_length = 2, dry_penalty_last_n = 64
ollama-1  | 	top_k = 40, top_p = 0.900, min_p = 0.000, xtc_probability = 0.000, xtc_threshold = 0.100, typical_p = 1.000, top_n_sigma = -1.000, temp = 0.000
ollama-1  | 	mirostat = 0, mirostat_lr = 0.100, mirostat_ent = 5.000, adaptive_target = -1.000, adaptive_decay = 0.900
ollama-1  | slot launch_slot_: id  0 | task 10802 | processing task, is_child = 0
ollama-1  | slot   operator(): id  0 | task 10802 | new prompt, n_ctx_slot = 4096, n_keep = 4, task.n_tokens = 749
ollama-1  | slot   operator(): id  0 | task 10802 | cached n_tokens = 379, memory_seq_rm [379, end)
ollama-1  | slot init_sampler: id  0 | task 10802 | init sampler, took 0.06 ms, tokens: text = 749, total = 749
ollama-1  | [GIN] 2026/10/08 - 04:31:03 | 200 |      29.978µs |       127.0.0.1 | HEAD     "/"
ollama-1  | [GIN] 2026/10/08 - 04:31:03 | 200 |    1.306673ms |       127.0.0.1 | GET      "/api/tags"
ollama-1  | slot print_timing: id  0 | task 10802 | prompt eval time =    2668.22 ms /   370 tokens (    7.21 ms per token,   138.67 tokens per second)
ollama-1  | slot print_timing: id  0 | task 10802 |        eval time =     366.52 ms /    11 tokens (   36.65 ms per token,    27.28 tokens per second)
ollama-1  | slot print_timing: id  0 | task 10802 |       total time =    3034.75 ms /   381 tokens
ollama-1  | slot print_timing: id  0 | task 10802 |    graphs reused =       7758
ollama-1  | slot      release: id  0 | task 10802 | stop processing: n_tokens = 759, truncated = 0
ollama-1  | srv  update_slots: all slots are idle
ollama-1  | [GIN] 2026/10/08 - 04:31:04 | 200 |         1m26s |      172.21.0.4 | POST     "/api/generate"
ollama-1  | srv  server_strea: conv_id= (empty=1)
ollama-1  | slot get_availabl: id  0 | task -1 |  - checking sim = 0.464 (379/817) > 0.100
ollama-1  | slot get_availabl: id  0 | task -1 | selected slot by LCP similarity, f_sim_best = 0.464 (> 0.100 thold), f_keep = 0.499
ollama-1  | srv  get_availabl: updating prompt cache
ollama-1  | srv   prompt_save:  - saving prompt with length 759, total state size = 284.634 MiB (draft: 0.000 MiB)
ollama-1  | srv          load:  - looking for better prompt, base f_keep = 0.499, f_sim = 0.464
ollama-1  | srv          load:    - prompt with length     835, lcp =     379, f_keep = 0.454, f_sim = 0.464
ollama-1  | srv          load:    - prompt with length     835, lcp =     379, f_keep = 0.454, f_sim = 0.464
ollama-1  | srv          load:    - prompt with length     810, lcp =     379, f_keep = 0.468, f_sim = 0.464
ollama-1  | srv          load:    - prompt with length     893, lcp =     379, f_keep = 0.424, f_sim = 0.464
ollama-1  | srv          load:    - prompt with length    1243, lcp =     379, f_keep = 0.305, f_sim = 0.464
ollama-1  | srv          load:    - prompt with length     779, lcp =     379, f_keep = 0.487, f_sim = 0.464
ollama-1  | srv          load:    - prompt with length     766, lcp =     379, f_keep = 0.495, f_sim = 0.464
ollama-1  | srv          load:    - prompt with length     830, lcp =     379, f_keep = 0.457, f_sim = 0.464
ollama-1  | srv          load:    - prompt with length     801, lcp =     379, f_keep = 0.473, f_sim = 0.464
ollama-1  | srv          load:    - prompt with length     764, lcp =     379, f_keep = 0.496, f_sim = 0.464
ollama-1  | srv          load:    - prompt with length     774, lcp =     379, f_keep = 0.490, f_sim = 0.464
ollama-1  | srv          load:    - prompt with length     873, lcp =     379, f_keep = 0.434, f_sim = 0.464
ollama-1  | srv          load:    - prompt with length     827, lcp =     379, f_keep = 0.458, f_sim = 0.464
ollama-1  | srv          load:    - prompt with length     836, lcp =     379, f_keep = 0.453, f_sim = 0.464
ollama-1  | srv          load:    - prompt with length     796, lcp =     379, f_keep = 0.476, f_sim = 0.464
ollama-1  | srv          load:    - prompt with length     789, lcp =     379, f_keep = 0.480, f_sim = 0.464
ollama-1  | srv          load:    - prompt with length     890, lcp =     379, f_keep = 0.426, f_sim = 0.464
ollama-1  | srv          load:    - prompt with length     771, lcp =     379, f_keep = 0.492, f_sim = 0.464
ollama-1  | srv          load:    - prompt with length     904, lcp =     379, f_keep = 0.419, f_sim = 0.464
ollama-1  | srv          load:    - prompt with length     900, lcp =     379, f_keep = 0.421, f_sim = 0.464
ollama-1  | srv          load:    - prompt with length     774, lcp =     379, f_keep = 0.490, f_sim = 0.464
ollama-1  | srv          load:    - prompt with length     840, lcp =     379, f_keep = 0.451, f_sim = 0.464
ollama-1  | srv          load:    - prompt with length     770, lcp =     379, f_keep = 0.492, f_sim = 0.464
ollama-1  | srv          load:    - prompt with length     846, lcp =     379, f_keep = 0.448, f_sim = 0.464
ollama-1  | srv          load:    - prompt with length     775, lcp =     379, f_keep = 0.489, f_sim = 0.464
ollama-1  | srv          load:    - prompt with length     759, lcp =     379, f_keep = 0.499, f_sim = 0.464
ollama-1  | srv        update:  - cache state: 26 prompts, 8130.268 MiB (limits: 8192.000 MiB, 4096 tokens, 21844 est)
ollama-1  | srv        update:    - prompt 0x39536010:     835 tokens, checkpoints:  0,   313.135 MiB
ollama-1  | srv        update:    - prompt 0x39557930:     835 tokens, checkpoints:  0,   313.135 MiB
ollama-1  | srv        update:    - prompt 0x3bd30760:     810 tokens, checkpoints:  0,   303.760 MiB
ollama-1  | srv        update:    - prompt 0x3990b4d0:     893 tokens, checkpoints:  0,   334.886 MiB
ollama-1  | srv        update:    - prompt 0x39532a60:    1243 tokens, checkpoints:  0,   466.140 MiB
ollama-1  | srv        update:    - prompt 0x3bcf2440:     779 tokens, checkpoints:  0,   292.135 MiB
ollama-1  | srv        update:    - prompt 0x3bd05200:     766 tokens, checkpoints:  0,   287.260 MiB
ollama-1  | srv        update:    - prompt 0x3bddd230:     830 tokens, checkpoints:  0,   311.260 MiB
ollama-1  | srv        update:    - prompt 0x3952d930:     801 tokens, checkpoints:  0,   300.385 MiB
ollama-1  | srv        update:    - prompt 0x39544a40:     764 tokens, checkpoints:  0,   286.509 MiB
ollama-1  | srv        update:    - prompt 0x39541bb0:     774 tokens, checkpoints:  0,   290.260 MiB
ollama-1  | srv        update:    - prompt 0x39530080:     873 tokens, checkpoints:  0,   327.386 MiB
ollama-1  | srv        update:    - prompt 0x3990f8f0:     827 tokens, checkpoints:  0,   310.135 MiB
ollama-1  | srv        update:    - prompt 0x39541d10:     836 tokens, checkpoints:  0,   313.510 MiB
ollama-1  | srv        update:    - prompt 0x39541c60:     796 tokens, checkpoints:  0,   298.510 MiB
ollama-1  | srv        update:    - prompt 0x3bd03820:     789 tokens, checkpoints:  0,   295.885 MiB
ollama-1  | srv        update:    - prompt 0x3bd03980:     890 tokens, checkpoints:  0,   333.761 MiB
ollama-1  | srv        update:    - prompt 0x3bd1ec30:     771 tokens, checkpoints:  0,   289.135 MiB
ollama-1  | srv        update:    - prompt 0x39521940:     904 tokens, checkpoints:  0,   339.011 MiB
ollama-1  | srv        update:    - prompt 0x39903680:     900 tokens, checkpoints:  0,   337.511 MiB
ollama-1  | srv        update:    - prompt 0x3bd27a40:     774 tokens, checkpoints:  0,   290.260 MiB
ollama-1  | srv        update:    - prompt 0x3bcf25a0:     840 tokens, checkpoints:  0,   315.010 MiB
ollama-1  | srv        update:    - prompt 0x3bd306b0:     770 tokens, checkpoints:  0,   288.760 MiB
ollama-1  | srv        update:    - prompt 0x3bcf1110:     846 tokens, checkpoints:  0,   317.260 MiB
ollama-1  | srv        update:    - prompt 0x3bd080a0:     775 tokens, checkpoints:  0,   290.635 MiB
ollama-1  | srv        update:    - prompt 0x3bd038d0:     759 tokens, checkpoints:  0,   284.634 MiB
ollama-1  | srv  get_availabl: prompt cache update took 148.73 ms
ollama-1  | slot launch_slot_: id  0 | task -1 | sampler chain: logits -> ?penalties -> ?dry -> ?top-n-sigma -> top-k -> ?typical -> top-p -> ?min-p -> ?xtc -> temp-ext -> dist 
ollama-1  | slot launch_slot_: id  0 | task -1 | sampler params: 
ollama-1  | 	repeat_last_n = 64, repeat_penalty = 1.000, frequency_penalty = 0.000, presence_penalty = 0.000
ollama-1  | 	dry_multiplier = 0.000, dry_base = 1.750, dry_allowed_length = 2, dry_penalty_last_n = 64
ollama-1  | 	top_k = 40, top_p = 0.900, min_p = 0.000, xtc_probability = 0.000, xtc_threshold = 0.100, typical_p = 1.000, top_n_sigma = -1.000, temp = 0.000
ollama-1  | 	mirostat = 0, mirostat_lr = 0.100, mirostat_ent = 5.000, adaptive_target = -1.000, adaptive_decay = 0.900
ollama-1  | slot launch_slot_: id  0 | task 10814 | processing task, is_child = 0
ollama-1  | slot   operator(): id  0 | task 10814 | new prompt, n_ctx_slot = 4096, n_keep = 4, task.n_tokens = 817
ollama-1  | slot   operator(): id  0 | task 10814 | cached n_tokens = 379, memory_seq_rm [379, end)
ollama-1  | slot init_sampler: id  0 | task 10814 | init sampler, took 0.06 ms, tokens: text = 817, total = 817
ollama-1  | slot print_timing: id  0 | task 10814 | prompt eval time =    3230.03 ms /   438 tokens (    7.37 ms per token,   135.60 tokens per second)
ollama-1  | slot print_timing: id  0 | task 10814 |        eval time =     395.96 ms /    11 tokens (   39.60 ms per token,    25.26 tokens per second)
ollama-1  | slot print_timing: id  0 | task 10814 |       total time =    3625.99 ms /   449 tokens
ollama-1  | slot print_timing: id  0 | task 10814 |    graphs reused =       7767
ollama-1  | slot      release: id  0 | task 10814 | stop processing: n_tokens = 827, truncated = 0
ollama-1  | srv  update_slots: all slots are idle
ollama-1  | [GIN] 2026/10/08 - 04:31:08 | 200 |         1m27s |      172.21.0.4 | POST     "/api/generate"
ollama-1  | srv  server_strea: conv_id= (empty=1)
ollama-1  | slot get_availabl: id  0 | task -1 |  - checking sim = 0.642 (379/590) > 0.100
ollama-1  | slot get_availabl: id  0 | task -1 | selected slot by LCP similarity, f_sim_best = 0.642 (> 0.100 thold), f_keep = 0.458
ollama-1  | srv  get_availabl: updating prompt cache
ollama-1  | srv   prompt_save:  - saving prompt with length 827, total state size = 310.135 MiB (draft: 0.000 MiB)
ollama-1  | srv         alloc:  - making room for prompt cache entry, removing oldest entry (size = 313.135 MiB)
ollama-1  | srv          load:  - looking for better prompt, base f_keep = 0.458, f_sim = 0.642
ollama-1  | srv          load:    - prompt with length     835, lcp =     379, f_keep = 0.454, f_sim = 0.642
ollama-1  | srv          load:    - prompt with length     810, lcp =     381, f_keep = 0.470, f_sim = 0.646
ollama-1  | srv          load:    - prompt with length     893, lcp =     380, f_keep = 0.426, f_sim = 0.644
ollama-1  | srv          load:    - prompt with length    1243, lcp =     379, f_keep = 0.305, f_sim = 0.642
ollama-1  | srv          load:    - prompt with length     779, lcp =     379, f_keep = 0.487, f_sim = 0.642
ollama-1  | srv          load:    - prompt with length     766, lcp =     379, f_keep = 0.495, f_sim = 0.642
ollama-1  | srv          load:    - prompt with length     830, lcp =     379, f_keep = 0.457, f_sim = 0.642
ollama-1  | srv          load:    - prompt with length     801, lcp =     379, f_keep = 0.473, f_sim = 0.642
ollama-1  | srv          load:    - prompt with length     764, lcp =     379, f_keep = 0.496, f_sim = 0.642
ollama-1  | srv          load:    - prompt with length     774, lcp =     380, f_keep = 0.491, f_sim = 0.644
ollama-1  | srv          load:    - prompt with length     873, lcp =     379, f_keep = 0.434, f_sim = 0.642
ollama-1  | srv          load:    - prompt with length     827, lcp =     379, f_keep = 0.458, f_sim = 0.642
ollama-1  | srv          load:    - prompt with length     836, lcp =     379, f_keep = 0.453, f_sim = 0.642
ollama-1  | srv          load:    - prompt with length     796, lcp =     379, f_keep = 0.476, f_sim = 0.642
ollama-1  | srv          load:    - prompt with length     789, lcp =     379, f_keep = 0.480, f_sim = 0.642
ollama-1  | srv          load:    - prompt with length     890, lcp =     379, f_keep = 0.426, f_sim = 0.642
ollama-1  | srv          load:    - prompt with length     771, lcp =     380, f_keep = 0.493, f_sim = 0.644
ollama-1  | srv          load:    - prompt with length     904, lcp =     380, f_keep = 0.420, f_sim = 0.644
ollama-1  | srv          load:    - prompt with length     900, lcp =     379, f_keep = 0.421, f_sim = 0.642
ollama-1  | srv          load:    - prompt with length     774, lcp =     380, f_keep = 0.491, f_sim = 0.644
ollama-1  | srv          load:    - prompt with length     840, lcp =     379, f_keep = 0.451, f_sim = 0.642
ollama-1  | srv          load:    - prompt with length     770, lcp =     380, f_keep = 0.494, f_sim = 0.644
ollama-1  | srv          load:    - prompt with length     846, lcp =     380, f_keep = 0.449, f_sim = 0.644
ollama-1  | srv          load:    - prompt with length     775, lcp =     380, f_keep = 0.490, f_sim = 0.644
ollama-1  | srv          load:    - prompt with length     759, lcp =     381, f_keep = 0.502, f_sim = 0.646
ollama-1  | srv          load:    - prompt with length     827, lcp =     379, f_keep = 0.458, f_sim = 0.642
ollama-1  | srv          load:  - found better prompt with f_keep = 0.470, f_sim = 0.646
ollama-1  | srv        update:  - cache state: 25 prompts, 7823.508 MiB (limits: 8192.000 MiB, 4096 tokens, 21844 est)
ollama-1  | srv        update:    - prompt 0x39557930:     835 tokens, checkpoints:  0,   313.135 MiB
ollama-1  | srv        update:    - prompt 0x3990b4d0:     893 tokens, checkpoints:  0,   334.886 MiB
ollama-1  | srv        update:    - prompt 0x39532a60:    1243 tokens, checkpoints:  0,   466.140 MiB
ollama-1  | srv        update:    - prompt 0x3bcf2440:     779 tokens, checkpoints:  0,   292.135 MiB
ollama-1  | srv        update:    - prompt 0x3bd05200:     766 tokens, checkpoints:  0,   287.260 MiB
ollama-1  | srv        update:    - prompt 0x3bddd230:     830 tokens, checkpoints:  0,   311.260 MiB
ollama-1  | srv        update:    - prompt 0x3952d930:     801 tokens, checkpoints:  0,   300.385 MiB
ollama-1  | srv        update:    - prompt 0x39544a40:     764 tokens, checkpoints:  0,   286.509 MiB
ollama-1  | srv        update:    - prompt 0x39541bb0:     774 tokens, checkpoints:  0,   290.260 MiB
ollama-1  | srv        update:    - prompt 0x39530080:     873 tokens, checkpoints:  0,   327.386 MiB
ollama-1  | srv        update:    - prompt 0x3990f8f0:     827 tokens, checkpoints:  0,   310.135 MiB
ollama-1  | srv        update:    - prompt 0x39541d10:     836 tokens, checkpoints:  0,   313.510 MiB
ollama-1  | srv        update:    - prompt 0x39541c60:     796 tokens, checkpoints:  0,   298.510 MiB
ollama-1  | srv        update:    - prompt 0x3bd03820:     789 tokens, checkpoints:  0,   295.885 MiB
ollama-1  | srv        update:    - prompt 0x3bd03980:     890 tokens, checkpoints:  0,   333.761 MiB
ollama-1  | srv        update:    - prompt 0x3bd1ec30:     771 tokens, checkpoints:  0,   289.135 MiB
ollama-1  | srv        update:    - prompt 0x39521940:     904 tokens, checkpoints:  0,   339.011 MiB
ollama-1  | srv        update:    - prompt 0x39903680:     900 tokens, checkpoints:  0,   337.511 MiB
ollama-1  | srv        update:    - prompt 0x3bd27a40:     774 tokens, checkpoints:  0,   290.260 MiB
ollama-1  | srv        update:    - prompt 0x3bcf25a0:     840 tokens, checkpoints:  0,   315.010 MiB
ollama-1  | srv        update:    - prompt 0x3bd306b0:     770 tokens, checkpoints:  0,   288.760 MiB
ollama-1  | srv        update:    - prompt 0x3bcf1110:     846 tokens, checkpoints:  0,   317.260 MiB
ollama-1  | srv        update:    - prompt 0x3bd080a0:     775 tokens, checkpoints:  0,   290.635 MiB
ollama-1  | srv        update:    - prompt 0x3bd038d0:     759 tokens, checkpoints:  0,   284.634 MiB
ollama-1  | srv        update:    - prompt 0x39536010:     827 tokens, checkpoints:  0,   310.135 MiB
ollama-1  | srv  get_availabl: prompt cache update took 339.49 ms
ollama-1  | slot launch_slot_: id  0 | task -1 | sampler chain: logits -> ?penalties -> ?dry -> ?top-n-sigma -> top-k -> ?typical -> top-p -> ?min-p -> ?xtc -> temp-ext -> dist 
ollama-1  | slot launch_slot_: id  0 | task -1 | sampler params: 
ollama-1  | 	repeat_last_n = 64, repeat_penalty = 1.000, frequency_penalty = 0.000, presence_penalty = 0.000
ollama-1  | 	dry_multiplier = 0.000, dry_base = 1.750, dry_allowed_length = 2, dry_penalty_last_n = 64
ollama-1  | 	top_k = 40, top_p = 0.900, min_p = 0.000, xtc_probability = 0.000, xtc_threshold = 0.100, typical_p = 1.000, top_n_sigma = -1.000, temp = 0.000
ollama-1  | 	mirostat = 0, mirostat_lr = 0.100, mirostat_ent = 5.000, adaptive_target = -1.000, adaptive_decay = 0.900
ollama-1  | slot launch_slot_: id  0 | task 10826 | processing task, is_child = 0
ollama-1  | slot   operator(): id  0 | task 10826 | new prompt, n_ctx_slot = 4096, n_keep = 4, task.n_tokens = 590
ollama-1  | slot   operator(): id  0 | task 10826 | cached n_tokens = 381, memory_seq_rm [381, end)
ollama-1  | slot init_sampler: id  0 | task 10826 | init sampler, took 0.04 ms, tokens: text = 590, total = 590
ollama-1  | slot print_timing: id  0 | task 10826 | prompt eval time =    1511.84 ms /   209 tokens (    7.23 ms per token,   138.24 tokens per second)
ollama-1  | slot print_timing: id  0 | task 10826 |        eval time =     371.19 ms /    11 tokens (   37.12 ms per token,    26.94 tokens per second)
ollama-1  | slot print_timing: id  0 | task 10826 |       total time =    1883.02 ms /   220 tokens
ollama-1  | slot print_timing: id  0 | task 10826 |    graphs reused =       7776
ollama-1  | slot      release: id  0 | task 10826 | stop processing: n_tokens = 600, truncated = 0
ollama-1  | srv  update_slots: all slots are idle
ollama-1  | [GIN] 2026/10/08 - 04:31:11 | 200 |         1m27s |      172.21.0.4 | POST     "/api/generate"
ollama-1  | srv  server_strea: conv_id= (empty=1)
ollama-1  | slot get_availabl: id  0 | task -1 |  - checking sim = 0.722 (379/525) > 0.100
ollama-1  | slot get_availabl: id  0 | task -1 | selected slot by LCP similarity, f_sim_best = 0.722 (> 0.100 thold), f_keep = 0.632
ollama-1  | slot launch_slot_: id  0 | task -1 | sampler chain: logits -> ?penalties -> ?dry -> ?top-n-sigma -> top-k -> ?typical -> top-p -> ?min-p -> ?xtc -> temp-ext -> dist 
ollama-1  | slot launch_slot_: id  0 | task -1 | sampler params: 
ollama-1  | 	repeat_last_n = 64, repeat_penalty = 1.000, frequency_penalty = 0.000, presence_penalty = 0.000
ollama-1  | 	dry_multiplier = 0.000, dry_base = 1.750, dry_allowed_length = 2, dry_penalty_last_n = 64
ollama-1  | 	top_k = 40, top_p = 0.900, min_p = 0.000, xtc_probability = 0.000, xtc_threshold = 0.100, typical_p = 1.000, top_n_sigma = -1.000, temp = 0.000
ollama-1  | 	mirostat = 0, mirostat_lr = 0.100, mirostat_ent = 5.000, adaptive_target = -1.000, adaptive_decay = 0.900
ollama-1  | slot launch_slot_: id  0 | task 10838 | processing task, is_child = 0
ollama-1  | slot   operator(): id  0 | task 10838 | new prompt, n_ctx_slot = 4096, n_keep = 4, task.n_tokens = 525
ollama-1  | slot   operator(): id  0 | task 10838 | cached n_tokens = 379, memory_seq_rm [379, end)
ollama-1  | slot init_sampler: id  0 | task 10838 | init sampler, took 0.04 ms, tokens: text = 525, total = 525
ollama-1  | slot print_timing: id  0 | task 10838 | prompt eval time =    1105.19 ms /   146 tokens (    7.57 ms per token,   132.10 tokens per second)
ollama-1  | slot print_timing: id  0 | task 10838 |        eval time =     286.24 ms /     9 tokens (   35.78 ms per token,    27.95 tokens per second)
ollama-1  | slot print_timing: id  0 | task 10838 |       total time =    1391.43 ms /   155 tokens
ollama-1  | slot print_timing: id  0 | task 10838 |    graphs reused =       7783
ollama-1  | slot      release: id  0 | task 10838 | stop processing: n_tokens = 533, truncated = 0
ollama-1  | srv  update_slots: all slots are idle
ollama-1  | [GIN] 2026/10/08 - 04:31:13 | 200 |         1m26s |      172.21.0.4 | POST     "/api/generate"
ollama-1  | srv  server_strea: conv_id= (empty=1)
ollama-1  | slot get_availabl: id  0 | task -1 |  - checking sim = 0.634 (379/598) > 0.100
ollama-1  | slot get_availabl: id  0 | task -1 | selected slot by LCP similarity, f_sim_best = 0.634 (> 0.100 thold), f_keep = 0.711
ollama-1  | slot launch_slot_: id  0 | task -1 | sampler chain: logits -> ?penalties -> ?dry -> ?top-n-sigma -> top-k -> ?typical -> top-p -> ?min-p -> ?xtc -> temp-ext -> dist 
ollama-1  | slot launch_slot_: id  0 | task -1 | sampler params: 
ollama-1  | 	repeat_last_n = 64, repeat_penalty = 1.000, frequency_penalty = 0.000, presence_penalty = 0.000
ollama-1  | 	dry_multiplier = 0.000, dry_base = 1.750, dry_allowed_length = 2, dry_penalty_last_n = 64
ollama-1  | 	top_k = 40, top_p = 0.900, min_p = 0.000, xtc_probability = 0.000, xtc_threshold = 0.100, typical_p = 1.000, top_n_sigma = -1.000, temp = 0.000
ollama-1  | 	mirostat = 0, mirostat_lr = 0.100, mirostat_ent = 5.000, adaptive_target = -1.000, adaptive_decay = 0.900
ollama-1  | slot launch_slot_: id  0 | task 10848 | processing task, is_child = 0
ollama-1  | slot   operator(): id  0 | task 10848 | new prompt, n_ctx_slot = 4096, n_keep = 4, task.n_tokens = 598
ollama-1  | slot   operator(): id  0 | task 10848 | cached n_tokens = 379, memory_seq_rm [379, end)
ollama-1  | slot init_sampler: id  0 | task 10848 | init sampler, took 0.05 ms, tokens: text = 598, total = 598
ollama-1  | slot print_timing: id  0 | task 10848 | prompt eval time =    1575.31 ms /   219 tokens (    7.19 ms per token,   139.02 tokens per second)
ollama-1  | slot print_timing: id  0 | task 10848 |        eval time =     354.90 ms /    10 tokens (   39.43 ms per token,    25.36 tokens per second)
ollama-1  | slot print_timing: id  0 | task 10848 |       total time =    1930.21 ms /   229 tokens
ollama-1  | slot print_timing: id  0 | task 10848 |    graphs reused =       7791
ollama-1  | slot      release: id  0 | task 10848 | stop processing: n_tokens = 607, truncated = 0
ollama-1  | srv  update_slots: all slots are idle
ollama-1  | [GIN] 2026/10/08 - 04:31:15 | 200 |         1m27s |      172.21.0.4 | POST     "/api/generate"
ollama-1  | srv  server_strea: conv_id= (empty=1)
ollama-1  | slot get_availabl: id  0 | task -1 |  - checking sim = 0.431 (379/880) > 0.100
ollama-1  | slot get_availabl: id  0 | task -1 | selected slot by LCP similarity, f_sim_best = 0.431 (> 0.100 thold), f_keep = 0.624
ollama-1  | slot launch_slot_: id  0 | task -1 | sampler chain: logits -> ?penalties -> ?dry -> ?top-n-sigma -> top-k -> ?typical -> top-p -> ?min-p -> ?xtc -> temp-ext -> dist 
ollama-1  | slot launch_slot_: id  0 | task -1 | sampler params: 
ollama-1  | 	repeat_last_n = 64, repeat_penalty = 1.000, frequency_penalty = 0.000, presence_penalty = 0.000
ollama-1  | 	dry_multiplier = 0.000, dry_base = 1.750, dry_allowed_length = 2, dry_penalty_last_n = 64
ollama-1  | 	top_k = 40, top_p = 0.900, min_p = 0.000, xtc_probability = 0.000, xtc_threshold = 0.100, typical_p = 1.000, top_n_sigma = -1.000, temp = 0.000
ollama-1  | 	mirostat = 0, mirostat_lr = 0.100, mirostat_ent = 5.000, adaptive_target = -1.000, adaptive_decay = 0.900
ollama-1  | slot launch_slot_: id  0 | task 10859 | processing task, is_child = 0
ollama-1  | slot   operator(): id  0 | task 10859 | new prompt, n_ctx_slot = 4096, n_keep = 4, task.n_tokens = 880
ollama-1  | slot   operator(): id  0 | task 10859 | cached n_tokens = 379, memory_seq_rm [379, end)
ollama-1  | slot init_sampler: id  0 | task 10859 | init sampler, took 0.09 ms, tokens: text = 880, total = 880
ollama-1  | [GIN] 2026/10/08 - 04:31:15 | 200 |      26.744µs |       127.0.0.1 | HEAD     "/"
ollama-1  | [GIN] 2026/10/08 - 04:31:15 | 200 |    1.501011ms |       127.0.0.1 | GET      "/api/tags"
ollama-1  | slot print_timing: id  0 | task 10859 | prompt eval time =    3611.85 ms /   501 tokens (    7.21 ms per token,   138.71 tokens per second)
ollama-1  | slot print_timing: id  0 | task 10859 |        eval time =     304.81 ms /     9 tokens (   38.10 ms per token,    26.25 tokens per second)
ollama-1  | slot print_timing: id  0 | task 10859 |       total time =    3916.67 ms /   510 tokens
ollama-1  | slot print_timing: id  0 | task 10859 |    graphs reused =       7798
ollama-1  | slot      release: id  0 | task 10859 | stop processing: n_tokens = 888, truncated = 0
ollama-1  | srv  update_slots: all slots are idle
ollama-1  | [GIN] 2026/10/08 - 04:31:19 | 200 |         1m28s |      172.21.0.4 | POST     "/api/generate"
ollama-1  | srv  server_strea: conv_id= (empty=1)
ollama-1  | slot get_availabl: id  0 | task -1 |  - checking sim = 0.795 (379/477) > 0.100
ollama-1  | slot get_availabl: id  0 | task -1 | selected slot by LCP similarity, f_sim_best = 0.795 (> 0.100 thold), f_keep = 0.427
ollama-1  | srv  get_availabl: updating prompt cache
ollama-1  | srv   prompt_save:  - saving prompt with length 888, total state size = 333.011 MiB (draft: 0.000 MiB)
ollama-1  | srv          load:  - looking for better prompt, base f_keep = 0.427, f_sim = 0.795
ollama-1  | srv          load:    - prompt with length     835, lcp =     379, f_keep = 0.454, f_sim = 0.795
ollama-1  | srv          load:    - prompt with length     893, lcp =     379, f_keep = 0.424, f_sim = 0.795
ollama-1  | srv          load:    - prompt with length    1243, lcp =     379, f_keep = 0.305, f_sim = 0.795
ollama-1  | srv          load:    - prompt with length     779, lcp =     379, f_keep = 0.487, f_sim = 0.795
ollama-1  | srv          load:    - prompt with length     766, lcp =     379, f_keep = 0.495, f_sim = 0.795
ollama-1  | srv          load:    - prompt with length     830, lcp =     379, f_keep = 0.457, f_sim = 0.795
ollama-1  | srv          load:    - prompt with length     801, lcp =     379, f_keep = 0.473, f_sim = 0.795
ollama-1  | srv          load:    - prompt with length     764, lcp =     379, f_keep = 0.496, f_sim = 0.795
ollama-1  | srv          load:    - prompt with length     774, lcp =     379, f_keep = 0.490, f_sim = 0.795
ollama-1  | srv          load:    - prompt with length     873, lcp =     379, f_keep = 0.434, f_sim = 0.795
ollama-1  | srv          load:    - prompt with length     827, lcp =     379, f_keep = 0.458, f_sim = 0.795
ollama-1  | srv          load:    - prompt with length     836, lcp =     379, f_keep = 0.453, f_sim = 0.795
ollama-1  | srv          load:    - prompt with length     796, lcp =     379, f_keep = 0.476, f_sim = 0.795
ollama-1  | srv          load:    - prompt with length     789, lcp =     379, f_keep = 0.480, f_sim = 0.795
ollama-1  | srv          load:    - prompt with length     890, lcp =     379, f_keep = 0.426, f_sim = 0.795
ollama-1  | srv          load:    - prompt with length     771, lcp =     379, f_keep = 0.492, f_sim = 0.795
ollama-1  | srv          load:    - prompt with length     904, lcp =     379, f_keep = 0.419, f_sim = 0.795
ollama-1  | srv          load:    - prompt with length     900, lcp =     379, f_keep = 0.421, f_sim = 0.795
ollama-1  | srv          load:    - prompt with length     774, lcp =     379, f_keep = 0.490, f_sim = 0.795
ollama-1  | srv          load:    - prompt with length     840, lcp =     379, f_keep = 0.451, f_sim = 0.795
ollama-1  | srv          load:    - prompt with length     770, lcp =     379, f_keep = 0.492, f_sim = 0.795
ollama-1  | srv          load:    - prompt with length     846, lcp =     379, f_keep = 0.448, f_sim = 0.795
ollama-1  | srv          load:    - prompt with length     775, lcp =     379, f_keep = 0.489, f_sim = 0.795
ollama-1  | srv          load:    - prompt with length     759, lcp =     379, f_keep = 0.499, f_sim = 0.795
ollama-1  | srv          load:    - prompt with length     827, lcp =     379, f_keep = 0.458, f_sim = 0.795
ollama-1  | srv          load:    - prompt with length     888, lcp =     379, f_keep = 0.427, f_sim = 0.795
ollama-1  | srv        update:  - cache state: 26 prompts, 8156.519 MiB (limits: 8192.000 MiB, 4096 tokens, 21844 est)
ollama-1  | srv        update:    - prompt 0x39557930:     835 tokens, checkpoints:  0,   313.135 MiB
ollama-1  | srv        update:    - prompt 0x3990b4d0:     893 tokens, checkpoints:  0,   334.886 MiB
ollama-1  | srv        update:    - prompt 0x39532a60:    1243 tokens, checkpoints:  0,   466.140 MiB
ollama-1  | srv        update:    - prompt 0x3bcf2440:     779 tokens, checkpoints:  0,   292.135 MiB
ollama-1  | srv        update:    - prompt 0x3bd05200:     766 tokens, checkpoints:  0,   287.260 MiB
ollama-1  | srv        update:    - prompt 0x3bddd230:     830 tokens, checkpoints:  0,   311.260 MiB
ollama-1  | srv        update:    - prompt 0x3952d930:     801 tokens, checkpoints:  0,   300.385 MiB
ollama-1  | srv        update:    - prompt 0x39544a40:     764 tokens, checkpoints:  0,   286.509 MiB
ollama-1  | srv        update:    - prompt 0x39541bb0:     774 tokens, checkpoints:  0,   290.260 MiB
ollama-1  | srv        update:    - prompt 0x39530080:     873 tokens, checkpoints:  0,   327.386 MiB
ollama-1  | srv        update:    - prompt 0x3990f8f0:     827 tokens, checkpoints:  0,   310.135 MiB
ollama-1  | srv        update:    - prompt 0x39541d10:     836 tokens, checkpoints:  0,   313.510 MiB
ollama-1  | srv        update:    - prompt 0x39541c60:     796 tokens, checkpoints:  0,   298.510 MiB
ollama-1  | srv        update:    - prompt 0x3bd03820:     789 tokens, checkpoints:  0,   295.885 MiB
ollama-1  | srv        update:    - prompt 0x3bd03980:     890 tokens, checkpoints:  0,   333.761 MiB
ollama-1  | srv        update:    - prompt 0x3bd1ec30:     771 tokens, checkpoints:  0,   289.135 MiB
ollama-1  | srv        update:    - prompt 0x39521940:     904 tokens, checkpoints:  0,   339.011 MiB
ollama-1  | srv        update:    - prompt 0x39903680:     900 tokens, checkpoints:  0,   337.511 MiB
ollama-1  | srv        update:    - prompt 0x3bd27a40:     774 tokens, checkpoints:  0,   290.260 MiB
ollama-1  | srv        update:    - prompt 0x3bcf25a0:     840 tokens, checkpoints:  0,   315.010 MiB
ollama-1  | srv        update:    - prompt 0x3bd306b0:     770 tokens, checkpoints:  0,   288.760 MiB
ollama-1  | srv        update:    - prompt 0x3bcf1110:     846 tokens, checkpoints:  0,   317.260 MiB
ollama-1  | srv        update:    - prompt 0x3bd080a0:     775 tokens, checkpoints:  0,   290.635 MiB
ollama-1  | srv        update:    - prompt 0x3bd038d0:     759 tokens, checkpoints:  0,   284.634 MiB
ollama-1  | srv        update:    - prompt 0x39536010:     827 tokens, checkpoints:  0,   310.135 MiB
ollama-1  | srv        update:    - prompt 0x3bd30760:     888 tokens, checkpoints:  0,   333.011 MiB
ollama-1  | srv  get_availabl: prompt cache update took 199.94 ms
ollama-1  | slot launch_slot_: id  0 | task -1 | sampler chain: logits -> ?penalties -> ?dry -> ?top-n-sigma -> top-k -> ?typical -> top-p -> ?min-p -> ?xtc -> temp-ext -> dist 
ollama-1  | slot launch_slot_: id  0 | task -1 | sampler params: 
ollama-1  | 	repeat_last_n = 64, repeat_penalty = 1.000, frequency_penalty = 0.000, presence_penalty = 0.000
ollama-1  | 	dry_multiplier = 0.000, dry_base = 1.750, dry_allowed_length = 2, dry_penalty_last_n = 64
ollama-1  | 	top_k = 40, top_p = 0.900, min_p = 0.000, xtc_probability = 0.000, xtc_threshold = 0.100, typical_p = 1.000, top_n_sigma = -1.000, temp = 0.000
ollama-1  | 	mirostat = 0, mirostat_lr = 0.100, mirostat_ent = 5.000, adaptive_target = -1.000, adaptive_decay = 0.900
ollama-1  | slot launch_slot_: id  0 | task 10869 | processing task, is_child = 0
ollama-1  | slot   operator(): id  0 | task 10869 | new prompt, n_ctx_slot = 4096, n_keep = 4, task.n_tokens = 477
ollama-1  | slot   operator(): id  0 | task 10869 | cached n_tokens = 379, memory_seq_rm [379, end)
ollama-1  | slot init_sampler: id  0 | task 10869 | init sampler, took 0.03 ms, tokens: text = 477, total = 477
ollama-1  | slot print_timing: id  0 | task 10869 | prompt eval time =     727.00 ms /    98 tokens (    7.42 ms per token,   134.80 tokens per second)
ollama-1  | slot print_timing: id  0 | task 10869 |        eval time =     275.36 ms /     9 tokens (   34.42 ms per token,    29.05 tokens per second)
ollama-1  | slot print_timing: id  0 | task 10869 |       total time =    1002.37 ms /   107 tokens
ollama-1  | slot print_timing: id  0 | task 10869 |    graphs reused =       7805
ollama-1  | slot      release: id  0 | task 10869 | stop processing: n_tokens = 485, truncated = 0
ollama-1  | srv  update_slots: all slots are idle
ollama-1  | [GIN] 2026/10/08 - 04:31:20 | 200 |         1m25s |      172.21.0.4 | POST     "/api/generate"
ollama-1  | srv  server_strea: conv_id= (empty=1)
ollama-1  | slot get_availabl: id  0 | task -1 |  - checking sim = 0.752 (379/504) > 0.100
ollama-1  | slot get_availabl: id  0 | task -1 | selected slot by LCP similarity, f_sim_best = 0.752 (> 0.100 thold), f_keep = 0.781
ollama-1  | slot launch_slot_: id  0 | task -1 | sampler chain: logits -> ?penalties -> ?dry -> ?top-n-sigma -> top-k -> ?typical -> top-p -> ?min-p -> ?xtc -> temp-ext -> dist 
ollama-1  | slot launch_slot_: id  0 | task -1 | sampler params: 
ollama-1  | 	repeat_last_n = 64, repeat_penalty = 1.000, frequency_penalty = 0.000, presence_penalty = 0.000
ollama-1  | 	dry_multiplier = 0.000, dry_base = 1.750, dry_allowed_length = 2, dry_penalty_last_n = 64
ollama-1  | 	top_k = 40, top_p = 0.900, min_p = 0.000, xtc_probability = 0.000, xtc_threshold = 0.100, typical_p = 1.000, top_n_sigma = -1.000, temp = 0.000
ollama-1  | 	mirostat = 0, mirostat_lr = 0.100, mirostat_ent = 5.000, adaptive_target = -1.000, adaptive_decay = 0.900
ollama-1  | slot launch_slot_: id  0 | task 10879 | processing task, is_child = 0
ollama-1  | slot   operator(): id  0 | task 10879 | new prompt, n_ctx_slot = 4096, n_keep = 4, task.n_tokens = 504
ollama-1  | slot   operator(): id  0 | task 10879 | cached n_tokens = 379, memory_seq_rm [379, end)
ollama-1  | slot init_sampler: id  0 | task 10879 | init sampler, took 0.06 ms, tokens: text = 504, total = 504
ollama-1  | slot print_timing: id  0 | task 10879 | prompt eval time =     895.48 ms /   125 tokens (    7.16 ms per token,   139.59 tokens per second)
ollama-1  | slot print_timing: id  0 | task 10879 |        eval time =     269.56 ms /     9 tokens (   33.69 ms per token,    29.68 tokens per second)
ollama-1  | slot print_timing: id  0 | task 10879 |       total time =    1165.04 ms /   134 tokens
ollama-1  | slot print_timing: id  0 | task 10879 |    graphs reused =       7812
ollama-1  | slot      release: id  0 | task 10879 | stop processing: n_tokens = 512, truncated = 0
ollama-1  | srv  update_slots: all slots are idle
ollama-1  | [GIN] 2026/10/08 - 04:31:21 | 200 |         1m23s |      172.21.0.4 | POST     "/api/generate"
ollama-1  | srv  server_strea: conv_id= (empty=1)
ollama-1  | slot get_availabl: id  0 | task -1 |  - checking sim = 0.538 (379/704) > 0.100
ollama-1  | slot get_availabl: id  0 | task -1 | selected slot by LCP similarity, f_sim_best = 0.538 (> 0.100 thold), f_keep = 0.740
ollama-1  | slot launch_slot_: id  0 | task -1 | sampler chain: logits -> ?penalties -> ?dry -> ?top-n-sigma -> top-k -> ?typical -> top-p -> ?min-p -> ?xtc -> temp-ext -> dist 
ollama-1  | slot launch_slot_: id  0 | task -1 | sampler params: 
ollama-1  | 	repeat_last_n = 64, repeat_penalty = 1.000, frequency_penalty = 0.000, presence_penalty = 0.000
ollama-1  | 	dry_multiplier = 0.000, dry_base = 1.750, dry_allowed_length = 2, dry_penalty_last_n = 64
ollama-1  | 	top_k = 40, top_p = 0.900, min_p = 0.000, xtc_probability = 0.000, xtc_threshold = 0.100, typical_p = 1.000, top_n_sigma = -1.000, temp = 0.000
ollama-1  | 	mirostat = 0, mirostat_lr = 0.100, mirostat_ent = 5.000, adaptive_target = -1.000, adaptive_decay = 0.900
ollama-1  | slot launch_slot_: id  0 | task 10889 | processing task, is_child = 0
ollama-1  | slot   operator(): id  0 | task 10889 | new prompt, n_ctx_slot = 4096, n_keep = 4, task.n_tokens = 704
ollama-1  | slot   operator(): id  0 | task 10889 | cached n_tokens = 379, memory_seq_rm [379, end)
ollama-1  | slot init_sampler: id  0 | task 10889 | init sampler, took 0.05 ms, tokens: text = 704, total = 704
ollama-1  | slot print_timing: id  0 | task 10889 | prompt eval time =    2355.78 ms /   325 tokens (    7.25 ms per token,   137.96 tokens per second)
ollama-1  | slot print_timing: id  0 | task 10889 |        eval time =     353.77 ms /    11 tokens (   35.38 ms per token,    28.27 tokens per second)
ollama-1  | slot print_timing: id  0 | task 10889 |       total time =    2709.55 ms /   336 tokens
ollama-1  | slot print_timing: id  0 | task 10889 |    graphs reused =       7821
ollama-1  | slot      release: id  0 | task 10889 | stop processing: n_tokens = 714, truncated = 0
ollama-1  | srv  update_slots: all slots are idle
ollama-1  | [GIN] 2026/10/08 - 04:31:24 | 200 |         1m24s |      172.21.0.4 | POST     "/api/generate"
ollama-1  | srv  server_strea: conv_id= (empty=1)
ollama-1  | slot get_availabl: id  0 | task -1 |  - checking sim = 0.740 (379/512) > 0.100
ollama-1  | slot get_availabl: id  0 | task -1 | selected slot by LCP similarity, f_sim_best = 0.740 (> 0.100 thold), f_keep = 0.531
ollama-1  | slot launch_slot_: id  0 | task -1 | sampler chain: logits -> ?penalties -> ?dry -> ?top-n-sigma -> top-k -> ?typical -> top-p -> ?min-p -> ?xtc -> temp-ext -> dist 
ollama-1  | slot launch_slot_: id  0 | task -1 | sampler params: 
ollama-1  | 	repeat_last_n = 64, repeat_penalty = 1.000, frequency_penalty = 0.000, presence_penalty = 0.000
ollama-1  | 	dry_multiplier = 0.000, dry_base = 1.750, dry_allowed_length = 2, dry_penalty_last_n = 64
ollama-1  | 	top_k = 40, top_p = 0.900, min_p = 0.000, xtc_probability = 0.000, xtc_threshold = 0.100, typical_p = 1.000, top_n_sigma = -1.000, temp = 0.000
ollama-1  | 	mirostat = 0, mirostat_lr = 0.100, mirostat_ent = 5.000, adaptive_target = -1.000, adaptive_decay = 0.900
ollama-1  | slot launch_slot_: id  0 | task 10901 | processing task, is_child = 0
ollama-1  | slot   operator(): id  0 | task 10901 | new prompt, n_ctx_slot = 4096, n_keep = 4, task.n_tokens = 512
ollama-1  | slot   operator(): id  0 | task 10901 | cached n_tokens = 379, memory_seq_rm [379, end)
ollama-1  | slot init_sampler: id  0 | task 10901 | init sampler, took 0.04 ms, tokens: text = 512, total = 512
ollama-1  | slot print_timing: id  0 | task 10901 | prompt eval time =    1001.69 ms /   133 tokens (    7.53 ms per token,   132.78 tokens per second)
ollama-1  | slot print_timing: id  0 | task 10901 |        eval time =     288.68 ms /     9 tokens (   36.08 ms per token,    27.71 tokens per second)
ollama-1  | slot print_timing: id  0 | task 10901 |       total time =    1290.37 ms /   142 tokens
ollama-1  | slot print_timing: id  0 | task 10901 |    graphs reused =       7828
ollama-1  | slot      release: id  0 | task 10901 | stop processing: n_tokens = 520, truncated = 0
ollama-1  | srv  update_slots: all slots are idle
ollama-1  | [GIN] 2026/10/08 - 04:31:25 | 200 |         1m23s |      172.21.0.4 | POST     "/api/generate"
ollama-1  | srv  server_strea: conv_id= (empty=1)
ollama-1  | slot get_availabl: id  0 | task -1 |  - checking sim = 0.844 (379/449) > 0.100
ollama-1  | slot get_availabl: id  0 | task -1 | selected slot by LCP similarity, f_sim_best = 0.844 (> 0.100 thold), f_keep = 0.729
ollama-1  | slot launch_slot_: id  0 | task -1 | sampler chain: logits -> ?penalties -> ?dry -> ?top-n-sigma -> top-k -> ?typical -> top-p -> ?min-p -> ?xtc -> temp-ext -> dist 
ollama-1  | slot launch_slot_: id  0 | task -1 | sampler params: 
ollama-1  | 	repeat_last_n = 64, repeat_penalty = 1.000, frequency_penalty = 0.000, presence_penalty = 0.000
ollama-1  | 	dry_multiplier = 0.000, dry_base = 1.750, dry_allowed_length = 2, dry_penalty_last_n = 64
ollama-1  | 	top_k = 40, top_p = 0.900, min_p = 0.000, xtc_probability = 0.000, xtc_threshold = 0.100, typical_p = 1.000, top_n_sigma = -1.000, temp = 0.000
ollama-1  | 	mirostat = 0, mirostat_lr = 0.100, mirostat_ent = 5.000, adaptive_target = -1.000, adaptive_decay = 0.900
ollama-1  | slot launch_slot_: id  0 | task 10911 | processing task, is_child = 0
ollama-1  | slot   operator(): id  0 | task 10911 | new prompt, n_ctx_slot = 4096, n_keep = 4, task.n_tokens = 449
ollama-1  | slot   operator(): id  0 | task 10911 | cached n_tokens = 379, memory_seq_rm [379, end)
ollama-1  | slot init_sampler: id  0 | task 10911 | init sampler, took 0.05 ms, tokens: text = 449, total = 449
ollama-1  | [GIN] 2026/10/08 - 04:31:25 | 200 |      29.684µs |       127.0.0.1 | HEAD     "/"
ollama-1  | [GIN] 2026/10/08 - 04:31:25 | 200 |    1.425473ms |       127.0.0.1 | GET      "/api/tags"
ollama-1  | slot print_timing: id  0 | task 10911 | prompt eval time =     544.17 ms /    70 tokens (    7.77 ms per token,   128.64 tokens per second)
ollama-1  | slot print_timing: id  0 | task 10911 |        eval time =     339.96 ms /    11 tokens (   34.00 ms per token,    29.42 tokens per second)
ollama-1  | slot print_timing: id  0 | task 10911 |       total time =     884.13 ms /    81 tokens
ollama-1  | slot print_timing: id  0 | task 10911 |    graphs reused =       7837
ollama-1  | slot      release: id  0 | task 10911 | stop processing: n_tokens = 459, truncated = 0
ollama-1  | srv  update_slots: all slots are idle
ollama-1  | [GIN] 2026/10/08 - 04:31:26 | 200 |         1m21s |      172.21.0.4 | POST     "/api/generate"
ollama-1  | srv  server_strea: conv_id= (empty=1)
ollama-1  | slot get_availabl: id  0 | task -1 |  - checking sim = 0.706 (380/538) > 0.100
ollama-1  | slot get_availabl: id  0 | task -1 | selected slot by LCP similarity, f_sim_best = 0.706 (> 0.100 thold), f_keep = 0.828
ollama-1  | slot launch_slot_: id  0 | task -1 | sampler chain: logits -> ?penalties -> ?dry -> ?top-n-sigma -> top-k -> ?typical -> top-p -> ?min-p -> ?xtc -> temp-ext -> dist 
ollama-1  | slot launch_slot_: id  0 | task -1 | sampler params: 
ollama-1  | 	repeat_last_n = 64, repeat_penalty = 1.000, frequency_penalty = 0.000, presence_penalty = 0.000
ollama-1  | 	dry_multiplier = 0.000, dry_base = 1.750, dry_allowed_length = 2, dry_penalty_last_n = 64
ollama-1  | 	top_k = 40, top_p = 0.900, min_p = 0.000, xtc_probability = 0.000, xtc_threshold = 0.100, typical_p = 1.000, top_n_sigma = -1.000, temp = 0.000
ollama-1  | 	mirostat = 0, mirostat_lr = 0.100, mirostat_ent = 5.000, adaptive_target = -1.000, adaptive_decay = 0.900
ollama-1  | slot launch_slot_: id  0 | task 10923 | processing task, is_child = 0
ollama-1  | slot   operator(): id  0 | task 10923 | new prompt, n_ctx_slot = 4096, n_keep = 4, task.n_tokens = 538
ollama-1  | slot   operator(): id  0 | task 10923 | cached n_tokens = 380, memory_seq_rm [380, end)
ollama-1  | slot init_sampler: id  0 | task 10923 | init sampler, took 0.04 ms, tokens: text = 538, total = 538
ollama-1  | slot print_timing: id  0 | task 10923 | prompt eval time =    1209.92 ms /   158 tokens (    7.66 ms per token,   130.59 tokens per second)
ollama-1  | slot print_timing: id  0 | task 10923 |        eval time =     346.47 ms /    11 tokens (   34.65 ms per token,    28.86 tokens per second)
ollama-1  | slot print_timing: id  0 | task 10923 |       total time =    1556.39 ms /   169 tokens
ollama-1  | slot print_timing: id  0 | task 10923 |    graphs reused =       7846
ollama-1  | slot      release: id  0 | task 10923 | stop processing: n_tokens = 548, truncated = 0
ollama-1  | srv  update_slots: all slots are idle
ollama-1  | [GIN] 2026/10/08 - 04:31:28 | 200 |         1m21s |      172.21.0.4 | POST     "/api/generate"
ollama-1  | srv  server_strea: conv_id= (empty=1)
ollama-1  | slot get_availabl: id  0 | task -1 |  - checking sim = 0.585 (380/650) > 0.100
ollama-1  | slot get_availabl: id  0 | task -1 | selected slot by LCP similarity, f_sim_best = 0.585 (> 0.100 thold), f_keep = 0.693
ollama-1  | slot launch_slot_: id  0 | task -1 | sampler chain: logits -> ?penalties -> ?dry -> ?top-n-sigma -> top-k -> ?typical -> top-p -> ?min-p -> ?xtc -> temp-ext -> dist 
ollama-1  | slot launch_slot_: id  0 | task -1 | sampler params: 
ollama-1  | 	repeat_last_n = 64, repeat_penalty = 1.000, frequency_penalty = 0.000, presence_penalty = 0.000
ollama-1  | 	dry_multiplier = 0.000, dry_base = 1.750, dry_allowed_length = 2, dry_penalty_last_n = 64
ollama-1  | 	top_k = 40, top_p = 0.900, min_p = 0.000, xtc_probability = 0.000, xtc_threshold = 0.100, typical_p = 1.000, top_n_sigma = -1.000, temp = 0.000
ollama-1  | 	mirostat = 0, mirostat_lr = 0.100, mirostat_ent = 5.000, adaptive_target = -1.000, adaptive_decay = 0.900
ollama-1  | slot launch_slot_: id  0 | task 10935 | processing task, is_child = 0
ollama-1  | slot   operator(): id  0 | task 10935 | new prompt, n_ctx_slot = 4096, n_keep = 4, task.n_tokens = 650
ollama-1  | slot   operator(): id  0 | task 10935 | cached n_tokens = 380, memory_seq_rm [380, end)
ollama-1  | slot init_sampler: id  0 | task 10935 | init sampler, took 0.05 ms, tokens: text = 650, total = 650
ollama-1  | slot print_timing: id  0 | task 10935 | prompt eval time =    2050.29 ms /   270 tokens (    7.59 ms per token,   131.69 tokens per second)
ollama-1  | slot print_timing: id  0 | task 10935 |        eval time =     280.84 ms /     9 tokens (   35.11 ms per token,    28.49 tokens per second)
ollama-1  | slot print_timing: id  0 | task 10935 |       total time =    2331.14 ms /   279 tokens
ollama-1  | slot print_timing: id  0 | task 10935 |    graphs reused =       7853
ollama-1  | slot      release: id  0 | task 10935 | stop processing: n_tokens = 658, truncated = 0
ollama-1  | srv  update_slots: all slots are idle
ollama-1  | [GIN] 2026/10/08 - 04:31:30 | 200 |         1m22s |      172.21.0.4 | POST     "/api/generate"
ollama-1  | srv  server_strea: conv_id= (empty=1)
ollama-1  | slot get_availabl: id  0 | task -1 |  - checking sim = 0.583 (379/650) > 0.100
ollama-1  | slot get_availabl: id  0 | task -1 | selected slot by LCP similarity, f_sim_best = 0.583 (> 0.100 thold), f_keep = 0.576
ollama-1  | slot launch_slot_: id  0 | task -1 | sampler chain: logits -> ?penalties -> ?dry -> ?top-n-sigma -> top-k -> ?typical -> top-p -> ?min-p -> ?xtc -> temp-ext -> dist 
ollama-1  | slot launch_slot_: id  0 | task -1 | sampler params: 
ollama-1  | 	repeat_last_n = 64, repeat_penalty = 1.000, frequency_penalty = 0.000, presence_penalty = 0.000
ollama-1  | 	dry_multiplier = 0.000, dry_base = 1.750, dry_allowed_length = 2, dry_penalty_last_n = 64
ollama-1  | 	top_k = 40, top_p = 0.900, min_p = 0.000, xtc_probability = 0.000, xtc_threshold = 0.100, typical_p = 1.000, top_n_sigma = -1.000, temp = 0.000
ollama-1  | 	mirostat = 0, mirostat_lr = 0.100, mirostat_ent = 5.000, adaptive_target = -1.000, adaptive_decay = 0.900
ollama-1  | slot launch_slot_: id  0 | task 10945 | processing task, is_child = 0
ollama-1  | slot   operator(): id  0 | task 10945 | new prompt, n_ctx_slot = 4096, n_keep = 4, task.n_tokens = 650
ollama-1  | slot   operator(): id  0 | task 10945 | cached n_tokens = 379, memory_seq_rm [379, end)
ollama-1  | slot init_sampler: id  0 | task 10945 | init sampler, took 0.10 ms, tokens: text = 650, total = 650
ollama-1  | slot print_timing: id  0 | task 10945 | prompt eval time =    1994.12 ms /   271 tokens (    7.36 ms per token,   135.90 tokens per second)
ollama-1  | slot print_timing: id  0 | task 10945 |        eval time =     282.59 ms /     9 tokens (   35.32 ms per token,    28.31 tokens per second)
ollama-1  | slot print_timing: id  0 | task 10945 |       total time =    2276.71 ms /   280 tokens
ollama-1  | slot print_timing: id  0 | task 10945 |    graphs reused =       7860
ollama-1  | slot      release: id  0 | task 10945 | stop processing: n_tokens = 658, truncated = 0
ollama-1  | srv  update_slots: all slots are idle
ollama-1  | [GIN] 2026/10/08 - 04:31:32 | 200 |         1m22s |      172.21.0.4 | POST     "/api/generate"
ollama-1  | srv  server_strea: conv_id= (empty=1)
ollama-1  | slot get_availabl: id  0 | task -1 |  - checking sim = 0.615 (379/616) > 0.100
ollama-1  | slot get_availabl: id  0 | task -1 | selected slot by LCP similarity, f_sim_best = 0.615 (> 0.100 thold), f_keep = 0.576
ollama-1  | slot launch_slot_: id  0 | task -1 | sampler chain: logits -> ?penalties -> ?dry -> ?top-n-sigma -> top-k -> ?typical -> top-p -> ?min-p -> ?xtc -> temp-ext -> dist 
ollama-1  | slot launch_slot_: id  0 | task -1 | sampler params: 
ollama-1  | 	repeat_last_n = 64, repeat_penalty = 1.000, frequency_penalty = 0.000, presence_penalty = 0.000
ollama-1  | 	dry_multiplier = 0.000, dry_base = 1.750, dry_allowed_length = 2, dry_penalty_last_n = 64
ollama-1  | 	top_k = 40, top_p = 0.900, min_p = 0.000, xtc_probability = 0.000, xtc_threshold = 0.100, typical_p = 1.000, top_n_sigma = -1.000, temp = 0.000
ollama-1  | 	mirostat = 0, mirostat_lr = 0.100, mirostat_ent = 5.000, adaptive_target = -1.000, adaptive_decay = 0.900
ollama-1  | slot launch_slot_: id  0 | task 10955 | processing task, is_child = 0
ollama-1  | slot   operator(): id  0 | task 10955 | new prompt, n_ctx_slot = 4096, n_keep = 4, task.n_tokens = 616
ollama-1  | slot   operator(): id  0 | task 10955 | cached n_tokens = 379, memory_seq_rm [379, end)
ollama-1  | slot init_sampler: id  0 | task 10955 | init sampler, took 0.07 ms, tokens: text = 616, total = 616
ollama-1  | slot print_timing: id  0 | task 10955 | prompt eval time =    1727.36 ms /   237 tokens (    7.29 ms per token,   137.20 tokens per second)
ollama-1  | slot print_timing: id  0 | task 10955 |        eval time =     348.84 ms /    11 tokens (   34.88 ms per token,    28.67 tokens per second)
ollama-1  | slot print_timing: id  0 | task 10955 |       total time =    2076.20 ms /   248 tokens
ollama-1  | slot print_timing: id  0 | task 10955 |    graphs reused =       7869
ollama-1  | slot      release: id  0 | task 10955 | stop processing: n_tokens = 626, truncated = 0
ollama-1  | srv  update_slots: all slots are idle
ollama-1  | [GIN] 2026/10/08 - 04:31:34 | 200 |         1m23s |      172.21.0.4 | POST     "/api/generate"
ollama-1  | srv  server_strea: conv_id= (empty=1)
ollama-1  | slot get_availabl: id  0 | task -1 |  - checking sim = 0.687 (379/552) > 0.100
ollama-1  | slot get_availabl: id  0 | task -1 | selected slot by LCP similarity, f_sim_best = 0.687 (> 0.100 thold), f_keep = 0.605
ollama-1  | slot launch_slot_: id  0 | task -1 | sampler chain: logits -> ?penalties -> ?dry -> ?top-n-sigma -> top-k -> ?typical -> top-p -> ?min-p -> ?xtc -> temp-ext -> dist 
ollama-1  | slot launch_slot_: id  0 | task -1 | sampler params: 
ollama-1  | 	repeat_last_n = 64, repeat_penalty = 1.000, frequency_penalty = 0.000, presence_penalty = 0.000
ollama-1  | 	dry_multiplier = 0.000, dry_base = 1.750, dry_allowed_length = 2, dry_penalty_last_n = 64
ollama-1  | 	top_k = 40, top_p = 0.900, min_p = 0.000, xtc_probability = 0.000, xtc_threshold = 0.100, typical_p = 1.000, top_n_sigma = -1.000, temp = 0.000
ollama-1  | 	mirostat = 0, mirostat_lr = 0.100, mirostat_ent = 5.000, adaptive_target = -1.000, adaptive_decay = 0.900
ollama-1  | slot launch_slot_: id  0 | task 10967 | processing task, is_child = 0
ollama-1  | slot   operator(): id  0 | task 10967 | new prompt, n_ctx_slot = 4096, n_keep = 4, task.n_tokens = 552
ollama-1  | slot   operator(): id  0 | task 10967 | cached n_tokens = 379, memory_seq_rm [379, end)
ollama-1  | slot init_sampler: id  0 | task 10967 | init sampler, took 0.06 ms, tokens: text = 552, total = 552
ollama-1  | [GIN] 2026/10/08 - 04:31:35 | 200 |      27.961µs |       127.0.0.1 | HEAD     "/"
ollama-1  | [GIN] 2026/10/08 - 04:31:35 | 200 |    1.304062ms |       127.0.0.1 | GET      "/api/tags"
ollama-1  | slot print_timing: id  0 | task 10967 | prompt eval time =    1277.19 ms /   173 tokens (    7.38 ms per token,   135.45 tokens per second)
ollama-1  | slot print_timing: id  0 | task 10967 |        eval time =     353.45 ms /    11 tokens (   35.34 ms per token,    28.29 tokens per second)
ollama-1  | slot print_timing: id  0 | task 10967 |       total time =    1630.63 ms /   184 tokens
ollama-1  | slot print_timing: id  0 | task 10967 |    graphs reused =       7878
ollama-1  | slot      release: id  0 | task 10967 | stop processing: n_tokens = 562, truncated = 0
ollama-1  | srv  update_slots: all slots are idle
ollama-1  | [GIN] 2026/10/08 - 04:31:36 | 200 |         1m22s |      172.21.0.4 | POST     "/api/generate"
ollama-1  | srv  server_strea: conv_id= (empty=1)
ollama-1  | slot get_availabl: id  0 | task -1 |  - checking sim = 0.863 (379/439) > 0.100
ollama-1  | slot get_availabl: id  0 | task -1 | selected slot by LCP similarity, f_sim_best = 0.863 (> 0.100 thold), f_keep = 0.674
ollama-1  | slot launch_slot_: id  0 | task -1 | sampler chain: logits -> ?penalties -> ?dry -> ?top-n-sigma -> top-k -> ?typical -> top-p -> ?min-p -> ?xtc -> temp-ext -> dist 
ollama-1  | slot launch_slot_: id  0 | task -1 | sampler params: 
ollama-1  | 	repeat_last_n = 64, repeat_penalty = 1.000, frequency_penalty = 0.000, presence_penalty = 0.000
ollama-1  | 	dry_multiplier = 0.000, dry_base = 1.750, dry_allowed_length = 2, dry_penalty_last_n = 64
ollama-1  | 	top_k = 40, top_p = 0.900, min_p = 0.000, xtc_probability = 0.000, xtc_threshold = 0.100, typical_p = 1.000, top_n_sigma = -1.000, temp = 0.000
ollama-1  | 	mirostat = 0, mirostat_lr = 0.100, mirostat_ent = 5.000, adaptive_target = -1.000, adaptive_decay = 0.900
ollama-1  | slot launch_slot_: id  0 | task 10979 | processing task, is_child = 0
ollama-1  | slot   operator(): id  0 | task 10979 | new prompt, n_ctx_slot = 4096, n_keep = 4, task.n_tokens = 439
ollama-1  | slot   operator(): id  0 | task 10979 | cached n_tokens = 379, memory_seq_rm [379, end)
ollama-1  | slot init_sampler: id  0 | task 10979 | init sampler, took 0.04 ms, tokens: text = 439, total = 439
ollama-1  | slot print_timing: id  0 | task 10979 | prompt eval time =     510.09 ms /    60 tokens (    8.50 ms per token,   117.63 tokens per second)
ollama-1  | slot print_timing: id  0 | task 10979 |        eval time =     278.31 ms /     9 tokens (   34.79 ms per token,    28.74 tokens per second)
ollama-1  | slot print_timing: id  0 | task 10979 |       total time =     788.40 ms /    69 tokens
ollama-1  | slot print_timing: id  0 | task 10979 |    graphs reused =       7885
ollama-1  | slot      release: id  0 | task 10979 | stop processing: n_tokens = 447, truncated = 0
ollama-1  | srv  update_slots: all slots are idle
ollama-1  | [GIN] 2026/10/08 - 04:31:37 | 200 |         1m20s |      172.21.0.4 | POST     "/api/generate"
ollama-1  | srv  server_strea: conv_id= (empty=1)
ollama-1  | slot get_availabl: id  0 | task -1 |  - checking sim = 0.596 (379/636) > 0.100
ollama-1  | slot get_availabl: id  0 | task -1 | selected slot by LCP similarity, f_sim_best = 0.596 (> 0.100 thold), f_keep = 0.848
ollama-1  | slot launch_slot_: id  0 | task -1 | sampler chain: logits -> ?penalties -> ?dry -> ?top-n-sigma -> top-k -> ?typical -> top-p -> ?min-p -> ?xtc -> temp-ext -> dist 
ollama-1  | slot launch_slot_: id  0 | task -1 | sampler params: 
ollama-1  | 	repeat_last_n = 64, repeat_penalty = 1.000, frequency_penalty = 0.000, presence_penalty = 0.000
ollama-1  | 	dry_multiplier = 0.000, dry_base = 1.750, dry_allowed_length = 2, dry_penalty_last_n = 64
ollama-1  | 	top_k = 40, top_p = 0.900, min_p = 0.000, xtc_probability = 0.000, xtc_threshold = 0.100, typical_p = 1.000, top_n_sigma = -1.000, temp = 0.000
ollama-1  | 	mirostat = 0, mirostat_lr = 0.100, mirostat_ent = 5.000, adaptive_target = -1.000, adaptive_decay = 0.900
ollama-1  | slot launch_slot_: id  0 | task 10989 | processing task, is_child = 0
ollama-1  | slot   operator(): id  0 | task 10989 | new prompt, n_ctx_slot = 4096, n_keep = 4, task.n_tokens = 636
ollama-1  | slot   operator(): id  0 | task 10989 | cached n_tokens = 379, memory_seq_rm [379, end)
ollama-1  | slot init_sampler: id  0 | task 10989 | init sampler, took 0.05 ms, tokens: text = 636, total = 636
ollama-1  | slot print_timing: id  0 | task 10989 | prompt eval time =    1897.85 ms /   257 tokens (    7.38 ms per token,   135.42 tokens per second)
ollama-1  | slot print_timing: id  0 | task 10989 |        eval time =     352.85 ms /    11 tokens (   35.28 ms per token,    28.34 tokens per second)
ollama-1  | slot print_timing: id  0 | task 10989 |       total time =    2250.70 ms /   268 tokens
ollama-1  | slot print_timing: id  0 | task 10989 |    graphs reused =       7894
ollama-1  | slot      release: id  0 | task 10989 | stop processing: n_tokens = 646, truncated = 0
ollama-1  | srv  update_slots: all slots are idle
ollama-1  | [GIN] 2026/10/08 - 04:31:39 | 200 |         1m22s |      172.21.0.4 | POST     "/api/generate"
ollama-1  | srv  server_strea: conv_id= (empty=1)
ollama-1  | slot get_availabl: id  0 | task -1 |  - checking sim = 0.829 (379/457) > 0.100
ollama-1  | slot get_availabl: id  0 | task -1 | selected slot by LCP similarity, f_sim_best = 0.829 (> 0.100 thold), f_keep = 0.587
ollama-1  | slot launch_slot_: id  0 | task -1 | sampler chain: logits -> ?penalties -> ?dry -> ?top-n-sigma -> top-k -> ?typical -> top-p -> ?min-p -> ?xtc -> temp-ext -> dist 
ollama-1  | slot launch_slot_: id  0 | task -1 | sampler params: 
ollama-1  | 	repeat_last_n = 64, repeat_penalty = 1.000, frequency_penalty = 0.000, presence_penalty = 0.000
ollama-1  | 	dry_multiplier = 0.000, dry_base = 1.750, dry_allowed_length = 2, dry_penalty_last_n = 64
ollama-1  | 	top_k = 40, top_p = 0.900, min_p = 0.000, xtc_probability = 0.000, xtc_threshold = 0.100, typical_p = 1.000, top_n_sigma = -1.000, temp = 0.000
ollama-1  | 	mirostat = 0, mirostat_lr = 0.100, mirostat_ent = 5.000, adaptive_target = -1.000, adaptive_decay = 0.900
ollama-1  | slot launch_slot_: id  0 | task 11001 | processing task, is_child = 0
ollama-1  | slot   operator(): id  0 | task 11001 | new prompt, n_ctx_slot = 4096, n_keep = 4, task.n_tokens = 457
ollama-1  | slot   operator(): id  0 | task 11001 | cached n_tokens = 379, memory_seq_rm [379, end)
ollama-1  | slot init_sampler: id  0 | task 11001 | init sampler, took 0.14 ms, tokens: text = 457, total = 457
ollama-1  | slot print_timing: id  0 | task 11001 | prompt eval time =     616.61 ms /    78 tokens (    7.91 ms per token,   126.50 tokens per second)
ollama-1  | slot print_timing: id  0 | task 11001 |        eval time =     271.22 ms /     9 tokens (   33.90 ms per token,    29.50 tokens per second)
ollama-1  | slot print_timing: id  0 | task 11001 |       total time =     887.83 ms /    87 tokens
ollama-1  | slot print_timing: id  0 | task 11001 |    graphs reused =       7901
ollama-1  | slot      release: id  0 | task 11001 | stop processing: n_tokens = 465, truncated = 0
ollama-1  | srv  update_slots: all slots are idle
ollama-1  | [GIN] 2026/10/08 - 04:31:40 | 200 |         1m21s |      172.21.0.4 | POST     "/api/generate"
ollama-1  | srv  server_strea: conv_id= (empty=1)
ollama-1  | slot get_availabl: id  0 | task -1 |  - checking sim = 0.407 (379/932) > 0.100
ollama-1  | slot get_availabl: id  0 | task -1 | selected slot by LCP similarity, f_sim_best = 0.407 (> 0.100 thold), f_keep = 0.815
ollama-1  | slot launch_slot_: id  0 | task -1 | sampler chain: logits -> ?penalties -> ?dry -> ?top-n-sigma -> top-k -> ?typical -> top-p -> ?min-p -> ?xtc -> temp-ext -> dist 
ollama-1  | slot launch_slot_: id  0 | task -1 | sampler params: 
ollama-1  | 	repeat_last_n = 64, repeat_penalty = 1.000, frequency_penalty = 0.000, presence_penalty = 0.000
ollama-1  | 	dry_multiplier = 0.000, dry_base = 1.750, dry_allowed_length = 2, dry_penalty_last_n = 64
ollama-1  | 	top_k = 40, top_p = 0.900, min_p = 0.000, xtc_probability = 0.000, xtc_threshold = 0.100, typical_p = 1.000, top_n_sigma = -1.000, temp = 0.000
ollama-1  | 	mirostat = 0, mirostat_lr = 0.100, mirostat_ent = 5.000, adaptive_target = -1.000, adaptive_decay = 0.900
ollama-1  | slot launch_slot_: id  0 | task 11011 | processing task, is_child = 0
ollama-1  | slot   operator(): id  0 | task 11011 | new prompt, n_ctx_slot = 4096, n_keep = 4, task.n_tokens = 932
ollama-1  | slot   operator(): id  0 | task 11011 | cached n_tokens = 379, memory_seq_rm [379, end)
ollama-1  | slot print_timing: id  0 | task 11011 | prompt processing, n_tokens =    512, progress = 0.96, t =   3.68 s / 138.95 tokens per second
ollama-1  | slot   operator(): id  0 | task 11011 | cached n_tokens = 891, memory_seq_rm [891, end)
ollama-1  | slot init_sampler: id  0 | task 11011 | init sampler, took 0.11 ms, tokens: text = 932, total = 932
ollama-1  | slot print_timing: id  0 | task 11011 | prompt eval time =    4122.54 ms /   553 tokens (    7.45 ms per token,   134.14 tokens per second)
ollama-1  | slot print_timing: id  0 | task 11011 |        eval time =     372.98 ms /    11 tokens (   37.30 ms per token,    26.81 tokens per second)
ollama-1  | slot print_timing: id  0 | task 11011 |       total time =    4495.52 ms /   564 tokens
ollama-1  | slot print_timing: id  0 | task 11011 |    graphs reused =       7910
ollama-1  | slot      release: id  0 | task 11011 | stop processing: n_tokens = 942, truncated = 0
ollama-1  | srv  update_slots: all slots are idle
ollama-1  | [GIN] 2026/10/08 - 04:31:46 | 200 |         1m24s |      172.21.0.4 | POST     "/api/generate"
ollama-1  | srv  server_strea: conv_id= (empty=1)
ollama-1  | slot get_availabl: id  0 | task -1 |  - checking sim = 0.512 (379/740) > 0.100
ollama-1  | slot get_availabl: id  0 | task -1 | selected slot by LCP similarity, f_sim_best = 0.512 (> 0.100 thold), f_keep = 0.402
ollama-1  | srv  get_availabl: updating prompt cache
ollama-1  | srv   prompt_save:  - saving prompt with length 942, total state size = 353.262 MiB (draft: 0.000 MiB)
ollama-1  | srv         alloc:  - making room for prompt cache entry, removing oldest entry (size = 313.135 MiB)
ollama-1  | srv         alloc:  - making room for prompt cache entry, removing oldest entry (size = 334.886 MiB)
ollama-1  | srv          load:  - looking for better prompt, base f_keep = 0.402, f_sim = 0.512
ollama-1  | srv          load:    - prompt with length    1243, lcp =     379, f_keep = 0.305, f_sim = 0.512
ollama-1  | srv          load:    - prompt with length     779, lcp =     379, f_keep = 0.487, f_sim = 0.512
ollama-1  | srv          load:    - prompt with length     766, lcp =     379, f_keep = 0.495, f_sim = 0.512
ollama-1  | srv          load:    - prompt with length     830, lcp =     379, f_keep = 0.457, f_sim = 0.512
ollama-1  | srv          load:    - prompt with length     801, lcp =     379, f_keep = 0.473, f_sim = 0.512
ollama-1  | srv          load:    - prompt with length     764, lcp =     379, f_keep = 0.496, f_sim = 0.512
ollama-1  | srv          load:    - prompt with length     774, lcp =     379, f_keep = 0.490, f_sim = 0.512
ollama-1  | srv          load:    - prompt with length     873, lcp =     379, f_keep = 0.434, f_sim = 0.512
ollama-1  | srv          load:    - prompt with length     827, lcp =     379, f_keep = 0.458, f_sim = 0.512
ollama-1  | srv          load:    - prompt with length     836, lcp =     379, f_keep = 0.453, f_sim = 0.512
ollama-1  | srv          load:    - prompt with length     796, lcp =     379, f_keep = 0.476, f_sim = 0.512
ollama-1  | srv          load:    - prompt with length     789, lcp =     379, f_keep = 0.480, f_sim = 0.512
ollama-1  | srv          load:    - prompt with length     890, lcp =     379, f_keep = 0.426, f_sim = 0.512
ollama-1  | srv          load:    - prompt with length     771, lcp =     379, f_keep = 0.492, f_sim = 0.512
ollama-1  | srv          load:    - prompt with length     904, lcp =     379, f_keep = 0.419, f_sim = 0.512
ollama-1  | srv          load:    - prompt with length     900, lcp =     379, f_keep = 0.421, f_sim = 0.512
ollama-1  | srv          load:    - prompt with length     774, lcp =     379, f_keep = 0.490, f_sim = 0.512
ollama-1  | srv          load:    - prompt with length     840, lcp =     379, f_keep = 0.451, f_sim = 0.512
ollama-1  | srv          load:    - prompt with length     770, lcp =     379, f_keep = 0.492, f_sim = 0.512
ollama-1  | srv          load:    - prompt with length     846, lcp =     379, f_keep = 0.448, f_sim = 0.512
ollama-1  | srv          load:    - prompt with length     775, lcp =     379, f_keep = 0.489, f_sim = 0.512
ollama-1  | srv          load:    - prompt with length     759, lcp =     379, f_keep = 0.499, f_sim = 0.512
ollama-1  | srv          load:    - prompt with length     827, lcp =     379, f_keep = 0.458, f_sim = 0.512
ollama-1  | srv          load:    - prompt with length     888, lcp =     379, f_keep = 0.427, f_sim = 0.512
ollama-1  | srv          load:    - prompt with length     942, lcp =     379, f_keep = 0.402, f_sim = 0.512
ollama-1  | srv        update:  - cache state: 25 prompts, 7861.759 MiB (limits: 8192.000 MiB, 4096 tokens, 21844 est)
ollama-1  | srv        update:    - prompt 0x39532a60:    1243 tokens, checkpoints:  0,   466.140 MiB
ollama-1  | srv        update:    - prompt 0x3bcf2440:     779 tokens, checkpoints:  0,   292.135 MiB
ollama-1  | srv        update:    - prompt 0x3bd05200:     766 tokens, checkpoints:  0,   287.260 MiB
ollama-1  | srv        update:    - prompt 0x3bddd230:     830 tokens, checkpoints:  0,   311.260 MiB
ollama-1  | srv        update:    - prompt 0x3952d930:     801 tokens, checkpoints:  0,   300.385 MiB
ollama-1  | srv        update:    - prompt 0x39544a40:     764 tokens, checkpoints:  0,   286.509 MiB
ollama-1  | srv        update:    - prompt 0x39541bb0:     774 tokens, checkpoints:  0,   290.260 MiB
ollama-1  | srv        update:    - prompt 0x39530080:     873 tokens, checkpoints:  0,   327.386 MiB
ollama-1  | srv        update:    - prompt 0x3990f8f0:     827 tokens, checkpoints:  0,   310.135 MiB
ollama-1  | srv        update:    - prompt 0x39541d10:     836 tokens, checkpoints:  0,   313.510 MiB
ollama-1  | srv        update:    - prompt 0x39541c60:     796 tokens, checkpoints:  0,   298.510 MiB
ollama-1  | srv        update:    - prompt 0x3bd03820:     789 tokens, checkpoints:  0,   295.885 MiB
ollama-1  | srv        update:    - prompt 0x3bd03980:     890 tokens, checkpoints:  0,   333.761 MiB
ollama-1  | srv        update:    - prompt 0x3bd1ec30:     771 tokens, checkpoints:  0,   289.135 MiB
ollama-1  | srv        update:    - prompt 0x39521940:     904 tokens, checkpoints:  0,   339.011 MiB
ollama-1  | srv        update:    - prompt 0x39903680:     900 tokens, checkpoints:  0,   337.511 MiB
ollama-1  | srv        update:    - prompt 0x3bd27a40:     774 tokens, checkpoints:  0,   290.260 MiB
ollama-1  | srv        update:    - prompt 0x3bcf25a0:     840 tokens, checkpoints:  0,   315.010 MiB
ollama-1  | srv        update:    - prompt 0x3bd306b0:     770 tokens, checkpoints:  0,   288.760 MiB
ollama-1  | srv        update:    - prompt 0x3bcf1110:     846 tokens, checkpoints:  0,   317.260 MiB
ollama-1  | srv        update:    - prompt 0x3bd080a0:     775 tokens, checkpoints:  0,   290.635 MiB
ollama-1  | srv        update:    - prompt 0x3bd038d0:     759 tokens, checkpoints:  0,   284.634 MiB
ollama-1  | srv        update:    - prompt 0x39536010:     827 tokens, checkpoints:  0,   310.135 MiB
ollama-1  | srv        update:    - prompt 0x3bd30760:     888 tokens, checkpoints:  0,   333.011 MiB
ollama-1  | srv        update:    - prompt 0x3beb80b0:     942 tokens, checkpoints:  0,   353.262 MiB
ollama-1  | srv  get_availabl: prompt cache update took 434.97 ms
ollama-1  | slot launch_slot_: id  0 | task -1 | sampler chain: logits -> ?penalties -> ?dry -> ?top-n-sigma -> top-k -> ?typical -> top-p -> ?min-p -> ?xtc -> temp-ext -> dist 
ollama-1  | slot launch_slot_: id  0 | task -1 | sampler params: 
ollama-1  | 	repeat_last_n = 64, repeat_penalty = 1.000, frequency_penalty = 0.000, presence_penalty = 0.000
ollama-1  | 	dry_multiplier = 0.000, dry_base = 1.750, dry_allowed_length = 2, dry_penalty_last_n = 64
ollama-1  | 	top_k = 40, top_p = 0.900, min_p = 0.000, xtc_probability = 0.000, xtc_threshold = 0.100, typical_p = 1.000, top_n_sigma = -1.000, temp = 0.000
ollama-1  | 	mirostat = 0, mirostat_lr = 0.100, mirostat_ent = 5.000, adaptive_target = -1.000, adaptive_decay = 0.900
ollama-1  | slot launch_slot_: id  0 | task 11024 | processing task, is_child = 0
ollama-1  | slot   operator(): id  0 | task 11024 | new prompt, n_ctx_slot = 4096, n_keep = 4, task.n_tokens = 740
ollama-1  | slot   operator(): id  0 | task 11024 | cached n_tokens = 379, memory_seq_rm [379, end)
ollama-1  | slot init_sampler: id  0 | task 11024 | init sampler, took 0.07 ms, tokens: text = 740, total = 740
ollama-1  | [GIN] 2026/10/08 - 04:31:47 | 200 |      21.032µs |       127.0.0.1 | HEAD     "/"
ollama-1  | [GIN] 2026/10/08 - 04:31:47 | 200 |    1.203855ms |       127.0.0.1 | GET      "/api/tags"
ollama-1  | slot print_timing: id  0 | task 11024 | prompt eval time =    2649.65 ms /   361 tokens (    7.34 ms per token,   136.24 tokens per second)
ollama-1  | slot print_timing: id  0 | task 11024 |        eval time =     329.88 ms /    10 tokens (   36.65 ms per token,    27.28 tokens per second)
ollama-1  | slot print_timing: id  0 | task 11024 |       total time =    2979.53 ms /   371 tokens
ollama-1  | slot print_timing: id  0 | task 11024 |    graphs reused =       7918
ollama-1  | slot      release: id  0 | task 11024 | stop processing: n_tokens = 749, truncated = 0
ollama-1  | srv  update_slots: all slots are idle
ollama-1  | [GIN] 2026/10/08 - 04:31:49 | 200 | 54.457688133s |      172.21.0.4 | POST     "/api/generate"
ollama-1  | srv  server_strea: conv_id= (empty=1)
ollama-1  | slot get_availabl: id  0 | task -1 |  - checking sim = 0.756 (379/501) > 0.100
ollama-1  | slot get_availabl: id  0 | task -1 | selected slot by LCP similarity, f_sim_best = 0.756 (> 0.100 thold), f_keep = 0.506
ollama-1  | slot launch_slot_: id  0 | task -1 | sampler chain: logits -> ?penalties -> ?dry -> ?top-n-sigma -> top-k -> ?typical -> top-p -> ?min-p -> ?xtc -> temp-ext -> dist 
ollama-1  | slot launch_slot_: id  0 | task -1 | sampler params: 
ollama-1  | 	repeat_last_n = 64, repeat_penalty = 1.000, frequency_penalty = 0.000, presence_penalty = 0.000
ollama-1  | 	dry_multiplier = 0.000, dry_base = 1.750, dry_allowed_length = 2, dry_penalty_last_n = 64
ollama-1  | 	top_k = 40, top_p = 0.900, min_p = 0.000, xtc_probability = 0.000, xtc_threshold = 0.100, typical_p = 1.000, top_n_sigma = -1.000, temp = 0.000
ollama-1  | 	mirostat = 0, mirostat_lr = 0.100, mirostat_ent = 5.000, adaptive_target = -1.000, adaptive_decay = 0.900
ollama-1  | slot launch_slot_: id  0 | task 11035 | processing task, is_child = 0
ollama-1  | slot   operator(): id  0 | task 11035 | new prompt, n_ctx_slot = 4096, n_keep = 4, task.n_tokens = 501
ollama-1  | slot   operator(): id  0 | task 11035 | cached n_tokens = 379, memory_seq_rm [379, end)
ollama-1  | slot init_sampler: id  0 | task 11035 | init sampler, took 0.04 ms, tokens: text = 501, total = 501
ollama-1  | slot print_timing: id  0 | task 11035 | prompt eval time =     918.72 ms /   122 tokens (    7.53 ms per token,   132.79 tokens per second)
ollama-1  | slot print_timing: id  0 | task 11035 |        eval time =     345.34 ms /    11 tokens (   34.53 ms per token,    28.96 tokens per second)
ollama-1  | slot print_timing: id  0 | task 11035 |       total time =    1264.06 ms /   133 tokens
ollama-1  | slot print_timing: id  0 | task 11035 |    graphs reused =       7927
ollama-1  | slot      release: id  0 | task 11035 | stop processing: n_tokens = 511, truncated = 0
ollama-1  | srv  update_slots: all slots are idle
ollama-1  | [GIN] 2026/10/08 - 04:31:51 | 200 | 53.199184561s |      172.21.0.4 | POST     "/api/generate"
ollama-1  | srv  server_strea: conv_id= (empty=1)
ollama-1  | slot get_availabl: id  0 | task -1 |  - checking sim = 0.565 (379/671) > 0.100
ollama-1  | slot get_availabl: id  0 | task -1 | selected slot by LCP similarity, f_sim_best = 0.565 (> 0.100 thold), f_keep = 0.742
ollama-1  | slot launch_slot_: id  0 | task -1 | sampler chain: logits -> ?penalties -> ?dry -> ?top-n-sigma -> top-k -> ?typical -> top-p -> ?min-p -> ?xtc -> temp-ext -> dist 
ollama-1  | slot launch_slot_: id  0 | task -1 | sampler params: 
ollama-1  | 	repeat_last_n = 64, repeat_penalty = 1.000, frequency_penalty = 0.000, presence_penalty = 0.000
ollama-1  | 	dry_multiplier = 0.000, dry_base = 1.750, dry_allowed_length = 2, dry_penalty_last_n = 64
ollama-1  | 	top_k = 40, top_p = 0.900, min_p = 0.000, xtc_probability = 0.000, xtc_threshold = 0.100, typical_p = 1.000, top_n_sigma = -1.000, temp = 0.000
ollama-1  | 	mirostat = 0, mirostat_lr = 0.100, mirostat_ent = 5.000, adaptive_target = -1.000, adaptive_decay = 0.900
ollama-1  | slot launch_slot_: id  0 | task 11047 | processing task, is_child = 0
ollama-1  | slot   operator(): id  0 | task 11047 | new prompt, n_ctx_slot = 4096, n_keep = 4, task.n_tokens = 671
ollama-1  | slot   operator(): id  0 | task 11047 | cached n_tokens = 379, memory_seq_rm [379, end)
ollama-1  | slot init_sampler: id  0 | task 11047 | init sampler, took 0.05 ms, tokens: text = 671, total = 671
ollama-1  | slot print_timing: id  0 | task 11047 | prompt eval time =    2164.56 ms /   292 tokens (    7.41 ms per token,   134.90 tokens per second)
ollama-1  | slot print_timing: id  0 | task 11047 |        eval time =     274.14 ms /     9 tokens (   34.27 ms per token,    29.18 tokens per second)
ollama-1  | slot print_timing: id  0 | task 11047 |       total time =    2438.70 ms /   301 tokens
ollama-1  | slot print_timing: id  0 | task 11047 |    graphs reused =       7934
ollama-1  | slot      release: id  0 | task 11047 | stop processing: n_tokens = 679, truncated = 0
ollama-1  | srv  update_slots: all slots are idle
ollama-1  | [GIN] 2026/10/08 - 04:31:53 | 200 | 53.214720652s |      172.21.0.4 | POST     "/api/generate"
ollama-1  | srv  server_strea: conv_id= (empty=1)
ollama-1  | slot get_availabl: id  0 | task -1 |  - checking sim = 0.458 (379/827) > 0.100
ollama-1  | slot get_availabl: id  0 | task -1 | selected slot by LCP similarity, f_sim_best = 0.458 (> 0.100 thold), f_keep = 0.558
ollama-1  | slot launch_slot_: id  0 | task -1 | sampler chain: logits -> ?penalties -> ?dry -> ?top-n-sigma -> top-k -> ?typical -> top-p -> ?min-p -> ?xtc -> temp-ext -> dist 
ollama-1  | slot launch_slot_: id  0 | task -1 | sampler params: 
ollama-1  | 	repeat_last_n = 64, repeat_penalty = 1.000, frequency_penalty = 0.000, presence_penalty = 0.000
ollama-1  | 	dry_multiplier = 0.000, dry_base = 1.750, dry_allowed_length = 2, dry_penalty_last_n = 64
ollama-1  | 	top_k = 40, top_p = 0.900, min_p = 0.000, xtc_probability = 0.000, xtc_threshold = 0.100, typical_p = 1.000, top_n_sigma = -1.000, temp = 0.000
ollama-1  | 	mirostat = 0, mirostat_lr = 0.100, mirostat_ent = 5.000, adaptive_target = -1.000, adaptive_decay = 0.900
ollama-1  | slot launch_slot_: id  0 | task 11057 | processing task, is_child = 0
ollama-1  | slot   operator(): id  0 | task 11057 | new prompt, n_ctx_slot = 4096, n_keep = 4, task.n_tokens = 827
ollama-1  | slot   operator(): id  0 | task 11057 | cached n_tokens = 379, memory_seq_rm [379, end)
ollama-1  | slot init_sampler: id  0 | task 11057 | init sampler, took 0.07 ms, tokens: text = 827, total = 827
ollama-1  | slot print_timing: id  0 | task 11057 | prompt eval time =    3270.25 ms /   448 tokens (    7.30 ms per token,   136.99 tokens per second)
ollama-1  | slot print_timing: id  0 | task 11057 |        eval time =     299.24 ms /     9 tokens (   37.41 ms per token,    26.73 tokens per second)
ollama-1  | slot print_timing: id  0 | task 11057 |       total time =    3569.49 ms /   457 tokens
ollama-1  | slot print_timing: id  0 | task 11057 |    graphs reused =       7941
ollama-1  | slot      release: id  0 | task 11057 | stop processing: n_tokens = 835, truncated = 0
ollama-1  | srv  update_slots: all slots are idle
ollama-1  | [GIN] 2026/10/08 - 04:31:57 | 200 | 55.693237586s |      172.21.0.4 | POST     "/api/generate"
ollama-1  | srv  server_strea: conv_id= (empty=1)
ollama-1  | slot get_availabl: id  0 | task -1 |  - checking sim = 0.640 (379/592) > 0.100
ollama-1  | slot get_availabl: id  0 | task -1 | selected slot by LCP similarity, f_sim_best = 0.640 (> 0.100 thold), f_keep = 0.454
ollama-1  | srv  get_availabl: updating prompt cache
ollama-1  | srv   prompt_save:  - saving prompt with length 835, total state size = 313.135 MiB (draft: 0.000 MiB)
ollama-1  | srv          load:  - looking for better prompt, base f_keep = 0.454, f_sim = 0.640
ollama-1  | srv          load:    - prompt with length    1243, lcp =     379, f_keep = 0.305, f_sim = 0.640
ollama-1  | srv          load:    - prompt with length     779, lcp =     379, f_keep = 0.487, f_sim = 0.640
ollama-1  | srv          load:    - prompt with length     766, lcp =     379, f_keep = 0.495, f_sim = 0.640
ollama-1  | srv          load:    - prompt with length     830, lcp =     379, f_keep = 0.457, f_sim = 0.640
ollama-1  | srv          load:    - prompt with length     801, lcp =     379, f_keep = 0.473, f_sim = 0.640
ollama-1  | srv          load:    - prompt with length     764, lcp =     379, f_keep = 0.496, f_sim = 0.640
ollama-1  | srv          load:    - prompt with length     774, lcp =     379, f_keep = 0.490, f_sim = 0.640
ollama-1  | srv          load:    - prompt with length     873, lcp =     379, f_keep = 0.434, f_sim = 0.640
ollama-1  | srv          load:    - prompt with length     827, lcp =     379, f_keep = 0.458, f_sim = 0.640
ollama-1  | srv          load:    - prompt with length     836, lcp =     379, f_keep = 0.453, f_sim = 0.640
ollama-1  | srv          load:    - prompt with length     796, lcp =     379, f_keep = 0.476, f_sim = 0.640
ollama-1  | srv          load:    - prompt with length     789, lcp =     379, f_keep = 0.480, f_sim = 0.640
ollama-1  | srv          load:    - prompt with length     890, lcp =     379, f_keep = 0.426, f_sim = 0.640
ollama-1  | srv          load:    - prompt with length     771, lcp =     379, f_keep = 0.492, f_sim = 0.640
ollama-1  | srv          load:    - prompt with length     904, lcp =     379, f_keep = 0.419, f_sim = 0.640
ollama-1  | srv          load:    - prompt with length     900, lcp =     379, f_keep = 0.421, f_sim = 0.640
ollama-1  | srv          load:    - prompt with length     774, lcp =     379, f_keep = 0.490, f_sim = 0.640
ollama-1  | srv          load:    - prompt with length     840, lcp =     379, f_keep = 0.451, f_sim = 0.640
ollama-1  | srv          load:    - prompt with length     770, lcp =     379, f_keep = 0.492, f_sim = 0.640
ollama-1  | srv          load:    - prompt with length     846, lcp =     379, f_keep = 0.448, f_sim = 0.640
ollama-1  | srv          load:    - prompt with length     775, lcp =     379, f_keep = 0.489, f_sim = 0.640
ollama-1  | srv          load:    - prompt with length     759, lcp =     379, f_keep = 0.499, f_sim = 0.640
ollama-1  | srv          load:    - prompt with length     827, lcp =     379, f_keep = 0.458, f_sim = 0.640
ollama-1  | srv          load:    - prompt with length     888, lcp =     379, f_keep = 0.427, f_sim = 0.640
ollama-1  | srv          load:    - prompt with length     942, lcp =     379, f_keep = 0.402, f_sim = 0.640
ollama-1  | srv          load:    - prompt with length     835, lcp =     379, f_keep = 0.454, f_sim = 0.640
ollama-1  | srv        update:  - cache state: 26 prompts, 8174.894 MiB (limits: 8192.000 MiB, 4096 tokens, 21844 est)
ollama-1  | srv        update:    - prompt 0x39532a60:    1243 tokens, checkpoints:  0,   466.140 MiB
ollama-1  | srv        update:    - prompt 0x3bcf2440:     779 tokens, checkpoints:  0,   292.135 MiB
ollama-1  | srv        update:    - prompt 0x3bd05200:     766 tokens, checkpoints:  0,   287.260 MiB
ollama-1  | srv        update:    - prompt 0x3bddd230:     830 tokens, checkpoints:  0,   311.260 MiB
ollama-1  | srv        update:    - prompt 0x3952d930:     801 tokens, checkpoints:  0,   300.385 MiB
ollama-1  | srv        update:    - prompt 0x39544a40:     764 tokens, checkpoints:  0,   286.509 MiB
ollama-1  | srv        update:    - prompt 0x39541bb0:     774 tokens, checkpoints:  0,   290.260 MiB
ollama-1  | srv        update:    - prompt 0x39530080:     873 tokens, checkpoints:  0,   327.386 MiB
ollama-1  | srv        update:    - prompt 0x3990f8f0:     827 tokens, checkpoints:  0,   310.135 MiB
ollama-1  | srv        update:    - prompt 0x39541d10:     836 tokens, checkpoints:  0,   313.510 MiB
ollama-1  | srv        update:    - prompt 0x39541c60:     796 tokens, checkpoints:  0,   298.510 MiB
ollama-1  | srv        update:    - prompt 0x3bd03820:     789 tokens, checkpoints:  0,   295.885 MiB
ollama-1  | srv        update:    - prompt 0x3bd03980:     890 tokens, checkpoints:  0,   333.761 MiB
ollama-1  | srv        update:    - prompt 0x3bd1ec30:     771 tokens, checkpoints:  0,   289.135 MiB
ollama-1  | srv        update:    - prompt 0x39521940:     904 tokens, checkpoints:  0,   339.011 MiB
ollama-1  | srv        update:    - prompt 0x39903680:     900 tokens, checkpoints:  0,   337.511 MiB
ollama-1  | srv        update:    - prompt 0x3bd27a40:     774 tokens, checkpoints:  0,   290.260 MiB
ollama-1  | srv        update:    - prompt 0x3bcf25a0:     840 tokens, checkpoints:  0,   315.010 MiB
ollama-1  | srv        update:    - prompt 0x3bd306b0:     770 tokens, checkpoints:  0,   288.760 MiB
ollama-1  | srv        update:    - prompt 0x3bcf1110:     846 tokens, checkpoints:  0,   317.260 MiB
ollama-1  | srv        update:    - prompt 0x3bd080a0:     775 tokens, checkpoints:  0,   290.635 MiB
ollama-1  | srv        update:    - prompt 0x3bd038d0:     759 tokens, checkpoints:  0,   284.634 MiB
ollama-1  | srv        update:    - prompt 0x39536010:     827 tokens, checkpoints:  0,   310.135 MiB
ollama-1  | srv        update:    - prompt 0x3bd30760:     888 tokens, checkpoints:  0,   333.011 MiB
ollama-1  | srv        update:    - prompt 0x3beb80b0:     942 tokens, checkpoints:  0,   353.262 MiB
ollama-1  | srv        update:    - prompt 0x3bedb310:     835 tokens, checkpoints:  0,   313.135 MiB
ollama-1  | srv  get_availabl: prompt cache update took 214.17 ms
ollama-1  | slot launch_slot_: id  0 | task -1 | sampler chain: logits -> ?penalties -> ?dry -> ?top-n-sigma -> top-k -> ?typical -> top-p -> ?min-p -> ?xtc -> temp-ext -> dist 
ollama-1  | slot launch_slot_: id  0 | task -1 | sampler params: 
ollama-1  | 	repeat_last_n = 64, repeat_penalty = 1.000, frequency_penalty = 0.000, presence_penalty = 0.000
ollama-1  | 	dry_multiplier = 0.000, dry_base = 1.750, dry_allowed_length = 2, dry_penalty_last_n = 64
ollama-1  | 	top_k = 40, top_p = 0.900, min_p = 0.000, xtc_probability = 0.000, xtc_threshold = 0.100, typical_p = 1.000, top_n_sigma = -1.000, temp = 0.000
ollama-1  | 	mirostat = 0, mirostat_lr = 0.100, mirostat_ent = 5.000, adaptive_target = -1.000, adaptive_decay = 0.900
ollama-1  | slot launch_slot_: id  0 | task 11067 | processing task, is_child = 0
ollama-1  | slot   operator(): id  0 | task 11067 | new prompt, n_ctx_slot = 4096, n_keep = 4, task.n_tokens = 592
ollama-1  | slot   operator(): id  0 | task 11067 | cached n_tokens = 379, memory_seq_rm [379, end)
ollama-1  | slot init_sampler: id  0 | task 11067 | init sampler, took 0.05 ms, tokens: text = 592, total = 592
ollama-1  | [GIN] 2026/10/08 - 04:31:57 | 200 |      29.035µs |       127.0.0.1 | HEAD     "/"
ollama-1  | [GIN] 2026/10/08 - 04:31:57 | 200 |     808.187µs |       127.0.0.1 | GET      "/api/tags"
ollama-1  | slot print_timing: id  0 | task 11067 | prompt eval time =    1563.48 ms /   213 tokens (    7.34 ms per token,   136.23 tokens per second)
ollama-1  | slot print_timing: id  0 | task 11067 |        eval time =     317.96 ms /    10 tokens (   35.33 ms per token,    28.31 tokens per second)
ollama-1  | slot print_timing: id  0 | task 11067 |       total time =    1881.44 ms /   223 tokens
ollama-1  | slot print_timing: id  0 | task 11067 |    graphs reused =       7949
ollama-1  | slot      release: id  0 | task 11067 | stop processing: n_tokens = 601, truncated = 0
ollama-1  | srv  update_slots: all slots are idle
ollama-1  | [GIN] 2026/10/08 - 04:31:59 | 200 |  55.19521706s |      172.21.0.4 | POST     "/api/generate"
ollama-1  | srv  server_strea: conv_id= (empty=1)
ollama-1  | slot get_availabl: id  0 | task -1 |  - checking sim = 0.574 (379/660) > 0.100
ollama-1  | slot get_availabl: id  0 | task -1 | selected slot by LCP similarity, f_sim_best = 0.574 (> 0.100 thold), f_keep = 0.631
ollama-1  | slot launch_slot_: id  0 | task -1 | sampler chain: logits -> ?penalties -> ?dry -> ?top-n-sigma -> top-k -> ?typical -> top-p -> ?min-p -> ?xtc -> temp-ext -> dist 
ollama-1  | slot launch_slot_: id  0 | task -1 | sampler params: 
ollama-1  | 	repeat_last_n = 64, repeat_penalty = 1.000, frequency_penalty = 0.000, presence_penalty = 0.000
ollama-1  | 	dry_multiplier = 0.000, dry_base = 1.750, dry_allowed_length = 2, dry_penalty_last_n = 64
ollama-1  | 	top_k = 40, top_p = 0.900, min_p = 0.000, xtc_probability = 0.000, xtc_threshold = 0.100, typical_p = 1.000, top_n_sigma = -1.000, temp = 0.000
ollama-1  | 	mirostat = 0, mirostat_lr = 0.100, mirostat_ent = 5.000, adaptive_target = -1.000, adaptive_decay = 0.900
ollama-1  | slot launch_slot_: id  0 | task 11078 | processing task, is_child = 0
ollama-1  | slot   operator(): id  0 | task 11078 | new prompt, n_ctx_slot = 4096, n_keep = 4, task.n_tokens = 660
ollama-1  | slot   operator(): id  0 | task 11078 | cached n_tokens = 379, memory_seq_rm [379, end)
ollama-1  | slot init_sampler: id  0 | task 11078 | init sampler, took 0.07 ms, tokens: text = 660, total = 660
ollama-1  | slot print_timing: id  0 | task 11078 | prompt eval time =    2060.95 ms /   281 tokens (    7.33 ms per token,   136.35 tokens per second)
ollama-1  | slot print_timing: id  0 | task 11078 |        eval time =     353.84 ms /    11 tokens (   35.38 ms per token,    28.26 tokens per second)
ollama-1  | slot print_timing: id  0 | task 11078 |       total time =    2414.79 ms /   292 tokens
ollama-1  | slot print_timing: id  0 | task 11078 |    graphs reused =       7958
ollama-1  | slot      release: id  0 | task 11078 | stop processing: n_tokens = 670, truncated = 0
ollama-1  | srv  update_slots: all slots are idle
ollama-1  | [GIN] 2026/10/08 - 04:32:01 | 200 | 56.301036924s |      172.21.0.4 | POST     "/api/generate"
ollama-1  | srv  server_strea: conv_id= (empty=1)
ollama-1  | slot get_availabl: id  0 | task -1 |  - checking sim = 0.773 (379/490) > 0.100
ollama-1  | slot get_availabl: id  0 | task -1 | selected slot by LCP similarity, f_sim_best = 0.773 (> 0.100 thold), f_keep = 0.566
ollama-1  | slot launch_slot_: id  0 | task -1 | sampler chain: logits -> ?penalties -> ?dry -> ?top-n-sigma -> top-k -> ?typical -> top-p -> ?min-p -> ?xtc -> temp-ext -> dist 
ollama-1  | slot launch_slot_: id  0 | task -1 | sampler params: 
ollama-1  | 	repeat_last_n = 64, repeat_penalty = 1.000, frequency_penalty = 0.000, presence_penalty = 0.000
ollama-1  | 	dry_multiplier = 0.000, dry_base = 1.750, dry_allowed_length = 2, dry_penalty_last_n = 64
ollama-1  | 	top_k = 40, top_p = 0.900, min_p = 0.000, xtc_probability = 0.000, xtc_threshold = 0.100, typical_p = 1.000, top_n_sigma = -1.000, temp = 0.000
ollama-1  | 	mirostat = 0, mirostat_lr = 0.100, mirostat_ent = 5.000, adaptive_target = -1.000, adaptive_decay = 0.900
ollama-1  | slot launch_slot_: id  0 | task 11090 | processing task, is_child = 0
ollama-1  | slot   operator(): id  0 | task 11090 | new prompt, n_ctx_slot = 4096, n_keep = 4, task.n_tokens = 490
ollama-1  | slot   operator(): id  0 | task 11090 | cached n_tokens = 379, memory_seq_rm [379, end)
ollama-1  | slot init_sampler: id  0 | task 11090 | init sampler, took 0.04 ms, tokens: text = 490, total = 490
ollama-1  | slot print_timing: id  0 | task 11090 | prompt eval time =     858.22 ms /   111 tokens (    7.73 ms per token,   129.34 tokens per second)
ollama-1  | slot print_timing: id  0 | task 11090 |        eval time =     272.31 ms /     9 tokens (   34.04 ms per token,    29.38 tokens per second)
ollama-1  | slot print_timing: id  0 | task 11090 |       total time =    1130.54 ms /   120 tokens
ollama-1  | slot print_timing: id  0 | task 11090 |    graphs reused =       7965
ollama-1  | slot      release: id  0 | task 11090 | stop processing: n_tokens = 498, truncated = 0
ollama-1  | srv  update_slots: all slots are idle
ollama-1  | [GIN] 2026/10/08 - 04:32:02 | 200 | 54.918156045s |      172.21.0.4 | POST     "/api/generate"
ollama-1  | srv  server_strea: conv_id= (empty=1)
ollama-1  | slot get_availabl: id  0 | task -1 |  - checking sim = 0.607 (379/624) > 0.100
ollama-1  | slot get_availabl: id  0 | task -1 | selected slot by LCP similarity, f_sim_best = 0.607 (> 0.100 thold), f_keep = 0.761
ollama-1  | slot launch_slot_: id  0 | task -1 | sampler chain: logits -> ?penalties -> ?dry -> ?top-n-sigma -> top-k -> ?typical -> top-p -> ?min-p -> ?xtc -> temp-ext -> dist 
ollama-1  | slot launch_slot_: id  0 | task -1 | sampler params: 
ollama-1  | 	repeat_last_n = 64, repeat_penalty = 1.000, frequency_penalty = 0.000, presence_penalty = 0.000
ollama-1  | 	dry_multiplier = 0.000, dry_base = 1.750, dry_allowed_length = 2, dry_penalty_last_n = 64
ollama-1  | 	top_k = 40, top_p = 0.900, min_p = 0.000, xtc_probability = 0.000, xtc_threshold = 0.100, typical_p = 1.000, top_n_sigma = -1.000, temp = 0.000
ollama-1  | 	mirostat = 0, mirostat_lr = 0.100, mirostat_ent = 5.000, adaptive_target = -1.000, adaptive_decay = 0.900
ollama-1  | slot launch_slot_: id  0 | task 11100 | processing task, is_child = 0
ollama-1  | slot   operator(): id  0 | task 11100 | new prompt, n_ctx_slot = 4096, n_keep = 4, task.n_tokens = 624
ollama-1  | slot   operator(): id  0 | task 11100 | cached n_tokens = 379, memory_seq_rm [379, end)
ollama-1  | slot init_sampler: id  0 | task 11100 | init sampler, took 0.07 ms, tokens: text = 624, total = 624
ollama-1  | slot print_timing: id  0 | task 11100 | prompt eval time =    1804.09 ms /   245 tokens (    7.36 ms per token,   135.80 tokens per second)
ollama-1  | slot print_timing: id  0 | task 11100 |        eval time =     288.72 ms /     9 tokens (   36.09 ms per token,    27.71 tokens per second)
ollama-1  | slot print_timing: id  0 | task 11100 |       total time =    2092.81 ms /   254 tokens
ollama-1  | slot print_timing: id  0 | task 11100 |    graphs reused =       7972
ollama-1  | slot      release: id  0 | task 11100 | stop processing: n_tokens = 632, truncated = 0
ollama-1  | srv  update_slots: all slots are idle
ollama-1  | [GIN] 2026/10/08 - 04:32:04 | 200 | 54.700185065s |      172.21.0.4 | POST     "/api/generate"
ollama-1  | srv  server_strea: conv_id= (empty=1)
ollama-1  | slot get_availabl: id  0 | task -1 |  - checking sim = 0.576 (379/658) > 0.100
ollama-1  | slot get_availabl: id  0 | task -1 | selected slot by LCP similarity, f_sim_best = 0.576 (> 0.100 thold), f_keep = 0.600
ollama-1  | slot launch_slot_: id  0 | task -1 | sampler chain: logits -> ?penalties -> ?dry -> ?top-n-sigma -> top-k -> ?typical -> top-p -> ?min-p -> ?xtc -> temp-ext -> dist 
ollama-1  | slot launch_slot_: id  0 | task -1 | sampler params: 
ollama-1  | 	repeat_last_n = 64, repeat_penalty = 1.000, frequency_penalty = 0.000, presence_penalty = 0.000
ollama-1  | 	dry_multiplier = 0.000, dry_base = 1.750, dry_allowed_length = 2, dry_penalty_last_n = 64
ollama-1  | 	top_k = 40, top_p = 0.900, min_p = 0.000, xtc_probability = 0.000, xtc_threshold = 0.100, typical_p = 1.000, top_n_sigma = -1.000, temp = 0.000
ollama-1  | 	mirostat = 0, mirostat_lr = 0.100, mirostat_ent = 5.000, adaptive_target = -1.000, adaptive_decay = 0.900
ollama-1  | slot launch_slot_: id  0 | task 11110 | processing task, is_child = 0
ollama-1  | slot   operator(): id  0 | task 11110 | new prompt, n_ctx_slot = 4096, n_keep = 4, task.n_tokens = 658
ollama-1  | slot   operator(): id  0 | task 11110 | cached n_tokens = 379, memory_seq_rm [379, end)
ollama-1  | slot init_sampler: id  0 | task 11110 | init sampler, took 0.07 ms, tokens: text = 658, total = 658
ollama-1  | slot print_timing: id  0 | task 11110 | prompt eval time =    2062.89 ms /   279 tokens (    7.39 ms per token,   135.25 tokens per second)
ollama-1  | slot print_timing: id  0 | task 11110 |        eval time =     292.40 ms /     9 tokens (   36.55 ms per token,    27.36 tokens per second)
ollama-1  | slot print_timing: id  0 | task 11110 |       total time =    2355.30 ms /   288 tokens
ollama-1  | slot print_timing: id  0 | task 11110 |    graphs reused =       7979
ollama-1  | slot      release: id  0 | task 11110 | stop processing: n_tokens = 666, truncated = 0
ollama-1  | srv  update_slots: all slots are idle
ollama-1  | [GIN] 2026/10/08 - 04:32:07 | 200 | 56.047225463s |      172.21.0.4 | POST     "/api/generate"
ollama-1  | srv  server_strea: conv_id= (empty=1)
ollama-1  | slot get_availabl: id  0 | task -1 |  - checking sim = 0.610 (379/621) > 0.100
ollama-1  | slot get_availabl: id  0 | task -1 | selected slot by LCP similarity, f_sim_best = 0.610 (> 0.100 thold), f_keep = 0.569
ollama-1  | slot launch_slot_: id  0 | task -1 | sampler chain: logits -> ?penalties -> ?dry -> ?top-n-sigma -> top-k -> ?typical -> top-p -> ?min-p -> ?xtc -> temp-ext -> dist 
ollama-1  | slot launch_slot_: id  0 | task -1 | sampler params: 
ollama-1  | 	repeat_last_n = 64, repeat_penalty = 1.000, frequency_penalty = 0.000, presence_penalty = 0.000
ollama-1  | 	dry_multiplier = 0.000, dry_base = 1.750, dry_allowed_length = 2, dry_penalty_last_n = 64
ollama-1  | 	top_k = 40, top_p = 0.900, min_p = 0.000, xtc_probability = 0.000, xtc_threshold = 0.100, typical_p = 1.000, top_n_sigma = -1.000, temp = 0.000
ollama-1  | 	mirostat = 0, mirostat_lr = 0.100, mirostat_ent = 5.000, adaptive_target = -1.000, adaptive_decay = 0.900
ollama-1  | slot launch_slot_: id  0 | task 11120 | processing task, is_child = 0
ollama-1  | slot   operator(): id  0 | task 11120 | new prompt, n_ctx_slot = 4096, n_keep = 4, task.n_tokens = 621
ollama-1  | slot   operator(): id  0 | task 11120 | cached n_tokens = 379, memory_seq_rm [379, end)
ollama-1  | slot init_sampler: id  0 | task 11120 | init sampler, took 0.07 ms, tokens: text = 621, total = 621
ollama-1  | [GIN] 2026/10/08 - 04:32:07 | 200 |      23.183µs |       127.0.0.1 | HEAD     "/"
ollama-1  | [GIN] 2026/10/08 - 04:32:07 | 200 |      1.3608ms |       127.0.0.1 | GET      "/api/tags"
ollama-1  | slot print_timing: id  0 | task 11120 | prompt eval time =    1782.95 ms /   242 tokens (    7.37 ms per token,   135.73 tokens per second)
ollama-1  | slot print_timing: id  0 | task 11120 |        eval time =     278.32 ms /     9 tokens (   34.79 ms per token,    28.74 tokens per second)
ollama-1  | slot print_timing: id  0 | task 11120 |       total time =    2061.27 ms /   251 tokens
ollama-1  | slot print_timing: id  0 | task 11120 |    graphs reused =       7986
ollama-1  | slot      release: id  0 | task 11120 | stop processing: n_tokens = 629, truncated = 0
ollama-1  | srv  update_slots: all slots are idle
ollama-1  | [GIN] 2026/10/08 - 04:32:09 | 200 | 58.111235515s |      172.21.0.4 | POST     "/api/generate"
ollama-1  | srv  server_strea: conv_id= (empty=1)
ollama-1  | slot get_availabl: id  0 | task -1 |  - checking sim = 0.733 (379/517) > 0.100
ollama-1  | slot get_availabl: id  0 | task -1 | selected slot by LCP similarity, f_sim_best = 0.733 (> 0.100 thold), f_keep = 0.603
ollama-1  | slot launch_slot_: id  0 | task -1 | sampler chain: logits -> ?penalties -> ?dry -> ?top-n-sigma -> top-k -> ?typical -> top-p -> ?min-p -> ?xtc -> temp-ext -> dist 
ollama-1  | slot launch_slot_: id  0 | task -1 | sampler params: 
ollama-1  | 	repeat_last_n = 64, repeat_penalty = 1.000, frequency_penalty = 0.000, presence_penalty = 0.000
ollama-1  | 	dry_multiplier = 0.000, dry_base = 1.750, dry_allowed_length = 2, dry_penalty_last_n = 64
ollama-1  | 	top_k = 40, top_p = 0.900, min_p = 0.000, xtc_probability = 0.000, xtc_threshold = 0.100, typical_p = 1.000, top_n_sigma = -1.000, temp = 0.000
ollama-1  | 	mirostat = 0, mirostat_lr = 0.100, mirostat_ent = 5.000, adaptive_target = -1.000, adaptive_decay = 0.900
ollama-1  | slot launch_slot_: id  0 | task 11130 | processing task, is_child = 0
ollama-1  | slot   operator(): id  0 | task 11130 | new prompt, n_ctx_slot = 4096, n_keep = 4, task.n_tokens = 517
ollama-1  | slot   operator(): id  0 | task 11130 | cached n_tokens = 379, memory_seq_rm [379, end)
ollama-1  | slot init_sampler: id  0 | task 11130 | init sampler, took 0.04 ms, tokens: text = 517, total = 517
ollama-1  | slot print_timing: id  0 | task 11130 | prompt eval time =    1058.35 ms /   138 tokens (    7.67 ms per token,   130.39 tokens per second)
ollama-1  | slot print_timing: id  0 | task 11130 |        eval time =     348.31 ms /    11 tokens (   34.83 ms per token,    28.71 tokens per second)
ollama-1  | slot print_timing: id  0 | task 11130 |       total time =    1406.66 ms /   149 tokens
ollama-1  | slot print_timing: id  0 | task 11130 |    graphs reused =       7995
ollama-1  | slot      release: id  0 | task 11130 | stop processing: n_tokens = 527, truncated = 0
ollama-1  | srv  update_slots: all slots are idle
ollama-1  | [GIN] 2026/10/08 - 04:32:10 | 200 | 59.521274839s |      172.21.0.4 | POST     "/api/generate"
ollama-1  | srv  server_strea: conv_id= (empty=1)
ollama-1  | slot get_availabl: id  0 | task -1 |  - checking sim = 0.572 (379/663) > 0.100
ollama-1  | slot get_availabl: id  0 | task -1 | selected slot by LCP similarity, f_sim_best = 0.572 (> 0.100 thold), f_keep = 0.719
ollama-1  | slot launch_slot_: id  0 | task -1 | sampler chain: logits -> ?penalties -> ?dry -> ?top-n-sigma -> top-k -> ?typical -> top-p -> ?min-p -> ?xtc -> temp-ext -> dist 
ollama-1  | slot launch_slot_: id  0 | task -1 | sampler params: 
ollama-1  | 	repeat_last_n = 64, repeat_penalty = 1.000, frequency_penalty = 0.000, presence_penalty = 0.000
ollama-1  | 	dry_multiplier = 0.000, dry_base = 1.750, dry_allowed_length = 2, dry_penalty_last_n = 64
ollama-1  | 	top_k = 40, top_p = 0.900, min_p = 0.000, xtc_probability = 0.000, xtc_threshold = 0.100, typical_p = 1.000, top_n_sigma = -1.000, temp = 0.000
ollama-1  | 	mirostat = 0, mirostat_lr = 0.100, mirostat_ent = 5.000, adaptive_target = -1.000, adaptive_decay = 0.900
ollama-1  | slot launch_slot_: id  0 | task 11142 | processing task, is_child = 0
ollama-1  | slot   operator(): id  0 | task 11142 | new prompt, n_ctx_slot = 4096, n_keep = 4, task.n_tokens = 663
ollama-1  | slot   operator(): id  0 | task 11142 | cached n_tokens = 379, memory_seq_rm [379, end)
ollama-1  | slot init_sampler: id  0 | task 11142 | init sampler, took 0.07 ms, tokens: text = 663, total = 663
ollama-1  | slot print_timing: id  0 | task 11142 | prompt eval time =    2127.56 ms /   284 tokens (    7.49 ms per token,   133.49 tokens per second)
ollama-1  | slot print_timing: id  0 | task 11142 |        eval time =     290.97 ms /     9 tokens (   36.37 ms per token,    27.49 tokens per second)
ollama-1  | slot print_timing: id  0 | task 11142 |       total time =    2418.53 ms /   293 tokens
ollama-1  | slot print_timing: id  0 | task 11142 |    graphs reused =       8002
ollama-1  | slot      release: id  0 | task 11142 | stop processing: n_tokens = 671, truncated = 0
ollama-1  | srv  update_slots: all slots are idle
ollama-1  | [GIN] 2026/10/08 - 04:32:13 | 200 |          1m1s |      172.21.0.4 | POST     "/api/generate"
ollama-1  | srv  server_strea: conv_id= (empty=1)
ollama-1  | slot get_availabl: id  0 | task -1 |  - checking sim = 0.579 (379/655) > 0.100
ollama-1  | slot get_availabl: id  0 | task -1 | selected slot by LCP similarity, f_sim_best = 0.579 (> 0.100 thold), f_keep = 0.565
ollama-1  | slot launch_slot_: id  0 | task -1 | sampler chain: logits -> ?penalties -> ?dry -> ?top-n-sigma -> top-k -> ?typical -> top-p -> ?min-p -> ?xtc -> temp-ext -> dist 
ollama-1  | slot launch_slot_: id  0 | task -1 | sampler params: 
ollama-1  | 	repeat_last_n = 64, repeat_penalty = 1.000, frequency_penalty = 0.000, presence_penalty = 0.000
ollama-1  | 	dry_multiplier = 0.000, dry_base = 1.750, dry_allowed_length = 2, dry_penalty_last_n = 64
ollama-1  | 	top_k = 40, top_p = 0.900, min_p = 0.000, xtc_probability = 0.000, xtc_threshold = 0.100, typical_p = 1.000, top_n_sigma = -1.000, temp = 0.000
ollama-1  | 	mirostat = 0, mirostat_lr = 0.100, mirostat_ent = 5.000, adaptive_target = -1.000, adaptive_decay = 0.900
ollama-1  | slot launch_slot_: id  0 | task 11152 | processing task, is_child = 0
ollama-1  | slot   operator(): id  0 | task 11152 | new prompt, n_ctx_slot = 4096, n_keep = 4, task.n_tokens = 655
ollama-1  | slot   operator(): id  0 | task 11152 | cached n_tokens = 379, memory_seq_rm [379, end)
ollama-1  | slot init_sampler: id  0 | task 11152 | init sampler, took 0.07 ms, tokens: text = 655, total = 655
ollama-1  | slot print_timing: id  0 | task 11152 | prompt eval time =    2068.66 ms /   276 tokens (    7.50 ms per token,   133.42 tokens per second)
ollama-1  | slot print_timing: id  0 | task 11152 |        eval time =     275.28 ms /     9 tokens (   34.41 ms per token,    29.06 tokens per second)
ollama-1  | slot print_timing: id  0 | task 11152 |       total time =    2343.93 ms /   285 tokens
ollama-1  | slot print_timing: id  0 | task 11152 |    graphs reused =       8009
ollama-1  | slot      release: id  0 | task 11152 | stop processing: n_tokens = 663, truncated = 0
ollama-1  | srv  update_slots: all slots are idle
ollama-1  | [GIN] 2026/10/08 - 04:32:16 | 200 |          1m4s |      172.21.0.4 | POST     "/api/generate"
ollama-1  | srv  server_strea: conv_id= (empty=1)
ollama-1  | slot get_availabl: id  0 | task -1 |  - checking sim = 0.723 (379/524) > 0.100
ollama-1  | slot get_availabl: id  0 | task -1 | selected slot by LCP similarity, f_sim_best = 0.723 (> 0.100 thold), f_keep = 0.572
ollama-1  | slot launch_slot_: id  0 | task -1 | sampler chain: logits -> ?penalties -> ?dry -> ?top-n-sigma -> top-k -> ?typical -> top-p -> ?min-p -> ?xtc -> temp-ext -> dist 
ollama-1  | slot launch_slot_: id  0 | task -1 | sampler params: 
ollama-1  | 	repeat_last_n = 64, repeat_penalty = 1.000, frequency_penalty = 0.000, presence_penalty = 0.000
ollama-1  | 	dry_multiplier = 0.000, dry_base = 1.750, dry_allowed_length = 2, dry_penalty_last_n = 64
ollama-1  | 	top_k = 40, top_p = 0.900, min_p = 0.000, xtc_probability = 0.000, xtc_threshold = 0.100, typical_p = 1.000, top_n_sigma = -1.000, temp = 0.000
ollama-1  | 	mirostat = 0, mirostat_lr = 0.100, mirostat_ent = 5.000, adaptive_target = -1.000, adaptive_decay = 0.900
ollama-1  | slot launch_slot_: id  0 | task 11162 | processing task, is_child = 0
ollama-1  | slot   operator(): id  0 | task 11162 | new prompt, n_ctx_slot = 4096, n_keep = 4, task.n_tokens = 524
ollama-1  | slot   operator(): id  0 | task 11162 | cached n_tokens = 379, memory_seq_rm [379, end)
ollama-1  | slot init_sampler: id  0 | task 11162 | init sampler, took 0.04 ms, tokens: text = 524, total = 524
ollama-1  | slot print_timing: id  0 | task 11162 | prompt eval time =    1089.37 ms /   145 tokens (    7.51 ms per token,   133.10 tokens per second)
ollama-1  | slot print_timing: id  0 | task 11162 |        eval time =     291.82 ms /     9 tokens (   36.48 ms per token,    27.41 tokens per second)
ollama-1  | slot print_timing: id  0 | task 11162 |       total time =    1381.20 ms /   154 tokens
ollama-1  | slot print_timing: id  0 | task 11162 |    graphs reused =       8016
ollama-1  | slot      release: id  0 | task 11162 | stop processing: n_tokens = 532, truncated = 0
ollama-1  | srv  update_slots: all slots are idle
ollama-1  | [GIN] 2026/10/08 - 04:32:18 | 200 |          1m5s |      172.21.0.4 | POST     "/api/generate"
ollama-1  | srv  server_strea: conv_id= (empty=1)
ollama-1  | slot get_availabl: id  0 | task -1 |  - checking sim = 0.458 (379/827) > 0.100
ollama-1  | slot get_availabl: id  0 | task -1 | selected slot by LCP similarity, f_sim_best = 0.458 (> 0.100 thold), f_keep = 0.712
ollama-1  | slot launch_slot_: id  0 | task -1 | sampler chain: logits -> ?penalties -> ?dry -> ?top-n-sigma -> top-k -> ?typical -> top-p -> ?min-p -> ?xtc -> temp-ext -> dist 
ollama-1  | slot launch_slot_: id  0 | task -1 | sampler params: 
ollama-1  | 	repeat_last_n = 64, repeat_penalty = 1.000, frequency_penalty = 0.000, presence_penalty = 0.000
ollama-1  | 	dry_multiplier = 0.000, dry_base = 1.750, dry_allowed_length = 2, dry_penalty_last_n = 64
ollama-1  | 	top_k = 40, top_p = 0.900, min_p = 0.000, xtc_probability = 0.000, xtc_threshold = 0.100, typical_p = 1.000, top_n_sigma = -1.000, temp = 0.000
ollama-1  | 	mirostat = 0, mirostat_lr = 0.100, mirostat_ent = 5.000, adaptive_target = -1.000, adaptive_decay = 0.900
ollama-1  | slot launch_slot_: id  0 | task 11172 | processing task, is_child = 0
ollama-1  | slot   operator(): id  0 | task 11172 | new prompt, n_ctx_slot = 4096, n_keep = 4, task.n_tokens = 827
ollama-1  | slot   operator(): id  0 | task 11172 | cached n_tokens = 379, memory_seq_rm [379, end)
ollama-1  | slot init_sampler: id  0 | task 11172 | init sampler, took 0.09 ms, tokens: text = 827, total = 827
ollama-1  | [GIN] 2026/10/08 - 04:32:19 | 200 |      28.125µs |       127.0.0.1 | HEAD     "/"
ollama-1  | [GIN] 2026/10/08 - 04:32:19 | 200 |    1.264643ms |       127.0.0.1 | GET      "/api/tags"
ollama-1  | slot print_timing: id  0 | task 11172 | prompt eval time =    3243.66 ms /   448 tokens (    7.24 ms per token,   138.12 tokens per second)
ollama-1  | slot print_timing: id  0 | task 11172 |        eval time =     296.86 ms /     9 tokens (   37.11 ms per token,    26.95 tokens per second)
ollama-1  | slot print_timing: id  0 | task 11172 |       total time =    3540.52 ms /   457 tokens
ollama-1  | slot print_timing: id  0 | task 11172 |    graphs reused =       8023
ollama-1  | slot      release: id  0 | task 11172 | stop processing: n_tokens = 835, truncated = 0
ollama-1  | srv  update_slots: all slots are idle
ollama-1  | [GIN] 2026/10/08 - 04:32:21 | 200 |          1m9s |      172.21.0.4 | POST     "/api/generate"
ollama-1  | srv  server_strea: conv_id= (empty=1)
ollama-1  | slot get_availabl: id  0 | task -1 |  - checking sim = 0.458 (379/827) > 0.100
ollama-1  | slot get_availabl: id  0 | task -1 | selected slot by LCP similarity, f_sim_best = 0.458 (> 0.100 thold), f_keep = 0.454
ollama-1  | srv  get_availabl: updating prompt cache
ollama-1  | srv   prompt_save:  - saving prompt with length 835, total state size = 313.135 MiB (draft: 0.000 MiB)
ollama-1  | srv         alloc:  - making room for prompt cache entry, removing oldest entry (size = 466.140 MiB)
ollama-1  | srv          load:  - looking for better prompt, base f_keep = 0.454, f_sim = 0.458
ollama-1  | srv          load:    - prompt with length     779, lcp =     380, f_keep = 0.488, f_sim = 0.459
ollama-1  | srv          load:    - prompt with length     766, lcp =     379, f_keep = 0.495, f_sim = 0.458
ollama-1  | srv          load:    - prompt with length     830, lcp =     379, f_keep = 0.457, f_sim = 0.458
ollama-1  | srv          load:    - prompt with length     801, lcp =     379, f_keep = 0.473, f_sim = 0.458
ollama-1  | srv          load:    - prompt with length     764, lcp =     379, f_keep = 0.496, f_sim = 0.458
ollama-1  | srv          load:    - prompt with length     774, lcp =     379, f_keep = 0.490, f_sim = 0.458
ollama-1  | srv          load:    - prompt with length     873, lcp =     379, f_keep = 0.434, f_sim = 0.458
ollama-1  | srv          load:    - prompt with length     827, lcp =     379, f_keep = 0.458, f_sim = 0.458
ollama-1  | srv          load:    - prompt with length     836, lcp =     379, f_keep = 0.453, f_sim = 0.458
ollama-1  | srv          load:    - prompt with length     796, lcp =     379, f_keep = 0.476, f_sim = 0.458
ollama-1  | srv          load:    - prompt with length     789, lcp =     379, f_keep = 0.480, f_sim = 0.458
ollama-1  | srv          load:    - prompt with length     890, lcp =     379, f_keep = 0.426, f_sim = 0.458
ollama-1  | srv          load:    - prompt with length     771, lcp =     379, f_keep = 0.492, f_sim = 0.458
ollama-1  | srv          load:    - prompt with length     904, lcp =     379, f_keep = 0.419, f_sim = 0.458
ollama-1  | srv          load:    - prompt with length     900, lcp =     379, f_keep = 0.421, f_sim = 0.458
ollama-1  | srv          load:    - prompt with length     774, lcp =     379, f_keep = 0.490, f_sim = 0.458
ollama-1  | srv          load:    - prompt with length     840, lcp =     379, f_keep = 0.451, f_sim = 0.458
ollama-1  | srv          load:    - prompt with length     770, lcp =     379, f_keep = 0.492, f_sim = 0.458
ollama-1  | srv          load:    - prompt with length     846, lcp =     379, f_keep = 0.448, f_sim = 0.458
ollama-1  | srv          load:    - prompt with length     775, lcp =     379, f_keep = 0.489, f_sim = 0.458
ollama-1  | srv          load:    - prompt with length     759, lcp =     379, f_keep = 0.499, f_sim = 0.458
ollama-1  | srv          load:    - prompt with length     827, lcp =     379, f_keep = 0.458, f_sim = 0.458
ollama-1  | srv          load:    - prompt with length     888, lcp =     379, f_keep = 0.427, f_sim = 0.458
ollama-1  | srv          load:    - prompt with length     942, lcp =     379, f_keep = 0.402, f_sim = 0.458
ollama-1  | srv          load:    - prompt with length     835, lcp =     379, f_keep = 0.454, f_sim = 0.458
ollama-1  | srv          load:    - prompt with length     835, lcp =     379, f_keep = 0.454, f_sim = 0.458
ollama-1  | srv          load:  - found better prompt with f_keep = 0.488, f_sim = 0.459
ollama-1  | srv        update:  - cache state: 25 prompts, 7729.755 MiB (limits: 8192.000 MiB, 4096 tokens, 21844 est)
ollama-1  | srv        update:    - prompt 0x3bd05200:     766 tokens, checkpoints:  0,   287.260 MiB
ollama-1  | srv        update:    - prompt 0x3bddd230:     830 tokens, checkpoints:  0,   311.260 MiB
ollama-1  | srv        update:    - prompt 0x3952d930:     801 tokens, checkpoints:  0,   300.385 MiB
ollama-1  | srv        update:    - prompt 0x39544a40:     764 tokens, checkpoints:  0,   286.509 MiB
ollama-1  | srv        update:    - prompt 0x39541bb0:     774 tokens, checkpoints:  0,   290.260 MiB
ollama-1  | srv        update:    - prompt 0x39530080:     873 tokens, checkpoints:  0,   327.386 MiB
ollama-1  | srv        update:    - prompt 0x3990f8f0:     827 tokens, checkpoints:  0,   310.135 MiB
ollama-1  | srv        update:    - prompt 0x39541d10:     836 tokens, checkpoints:  0,   313.510 MiB
ollama-1  | srv        update:    - prompt 0x39541c60:     796 tokens, checkpoints:  0,   298.510 MiB
ollama-1  | srv        update:    - prompt 0x3bd03820:     789 tokens, checkpoints:  0,   295.885 MiB
ollama-1  | srv        update:    - prompt 0x3bd03980:     890 tokens, checkpoints:  0,   333.761 MiB
ollama-1  | srv        update:    - prompt 0x3bd1ec30:     771 tokens, checkpoints:  0,   289.135 MiB
ollama-1  | srv        update:    - prompt 0x39521940:     904 tokens, checkpoints:  0,   339.011 MiB
ollama-1  | srv        update:    - prompt 0x39903680:     900 tokens, checkpoints:  0,   337.511 MiB
ollama-1  | srv        update:    - prompt 0x3bd27a40:     774 tokens, checkpoints:  0,   290.260 MiB
ollama-1  | srv        update:    - prompt 0x3bcf25a0:     840 tokens, checkpoints:  0,   315.010 MiB
ollama-1  | srv        update:    - prompt 0x3bd306b0:     770 tokens, checkpoints:  0,   288.760 MiB
ollama-1  | srv        update:    - prompt 0x3bcf1110:     846 tokens, checkpoints:  0,   317.260 MiB
ollama-1  | srv        update:    - prompt 0x3bd080a0:     775 tokens, checkpoints:  0,   290.635 MiB
ollama-1  | srv        update:    - prompt 0x3bd038d0:     759 tokens, checkpoints:  0,   284.634 MiB
ollama-1  | srv        update:    - prompt 0x39536010:     827 tokens, checkpoints:  0,   310.135 MiB
ollama-1  | srv        update:    - prompt 0x3bd30760:     888 tokens, checkpoints:  0,   333.011 MiB
ollama-1  | srv        update:    - prompt 0x3beb80b0:     942 tokens, checkpoints:  0,   353.262 MiB
ollama-1  | srv        update:    - prompt 0x3bedb310:     835 tokens, checkpoints:  0,   313.135 MiB
ollama-1  | srv        update:    - prompt 0x39532a60:     835 tokens, checkpoints:  0,   313.135 MiB
ollama-1  | srv  get_availabl: prompt cache update took 254.67 ms
ollama-1  | slot launch_slot_: id  0 | task -1 | sampler chain: logits -> ?penalties -> ?dry -> ?top-n-sigma -> top-k -> ?typical -> top-p -> ?min-p -> ?xtc -> temp-ext -> dist 
ollama-1  | slot launch_slot_: id  0 | task -1 | sampler params: 
ollama-1  | 	repeat_last_n = 64, repeat_penalty = 1.000, frequency_penalty = 0.000, presence_penalty = 0.000
ollama-1  | 	dry_multiplier = 0.000, dry_base = 1.750, dry_allowed_length = 2, dry_penalty_last_n = 64
ollama-1  | 	top_k = 40, top_p = 0.900, min_p = 0.000, xtc_probability = 0.000, xtc_threshold = 0.100, typical_p = 1.000, top_n_sigma = -1.000, temp = 0.000
ollama-1  | 	mirostat = 0, mirostat_lr = 0.100, mirostat_ent = 5.000, adaptive_target = -1.000, adaptive_decay = 0.900
ollama-1  | slot launch_slot_: id  0 | task 11182 | processing task, is_child = 0
ollama-1  | slot   operator(): id  0 | task 11182 | new prompt, n_ctx_slot = 4096, n_keep = 4, task.n_tokens = 827
ollama-1  | slot   operator(): id  0 | task 11182 | cached n_tokens = 380, memory_seq_rm [380, end)
ollama-1  | slot init_sampler: id  0 | task 11182 | init sampler, took 0.07 ms, tokens: text = 827, total = 827
ollama-1  | slot print_timing: id  0 | task 11182 | prompt eval time =    3315.80 ms /   447 tokens (    7.42 ms per token,   134.81 tokens per second)
ollama-1  | slot print_timing: id  0 | task 11182 |        eval time =     394.56 ms /    11 tokens (   39.46 ms per token,    25.34 tokens per second)
ollama-1  | slot print_timing: id  0 | task 11182 |       total time =    3710.36 ms /   458 tokens
ollama-1  | slot print_timing: id  0 | task 11182 |    graphs reused =       8032
ollama-1  | slot      release: id  0 | task 11182 | stop processing: n_tokens = 837, truncated = 0
ollama-1  | srv  update_slots: all slots are idle
ollama-1  | [GIN] 2026/10/08 - 04:32:25 | 200 |         1m13s |      172.21.0.4 | POST     "/api/generate"
ollama-1  | srv  server_strea: conv_id= (empty=1)
ollama-1  | slot get_availabl: id  0 | task -1 |  - checking sim = 0.473 (379/802) > 0.100
ollama-1  | slot get_availabl: id  0 | task -1 | selected slot by LCP similarity, f_sim_best = 0.473 (> 0.100 thold), f_keep = 0.453
ollama-1  | srv  get_availabl: updating prompt cache
ollama-1  | srv   prompt_save:  - saving prompt with length 837, total state size = 313.885 MiB (draft: 0.000 MiB)
ollama-1  | srv          load:  - looking for better prompt, base f_keep = 0.453, f_sim = 0.473
ollama-1  | srv          load:    - prompt with length     766, lcp =     379, f_keep = 0.495, f_sim = 0.473
ollama-1  | srv          load:    - prompt with length     830, lcp =     379, f_keep = 0.457, f_sim = 0.473
ollama-1  | srv          load:    - prompt with length     801, lcp =     379, f_keep = 0.473, f_sim = 0.473
ollama-1  | srv          load:    - prompt with length     764, lcp =     379, f_keep = 0.496, f_sim = 0.473
ollama-1  | srv          load:    - prompt with length     774, lcp =     380, f_keep = 0.491, f_sim = 0.474
ollama-1  | srv          load:    - prompt with length     873, lcp =     379, f_keep = 0.434, f_sim = 0.473
ollama-1  | srv          load:    - prompt with length     827, lcp =     379, f_keep = 0.458, f_sim = 0.473
ollama-1  | srv          load:    - prompt with length     836, lcp =     379, f_keep = 0.453, f_sim = 0.473
ollama-1  | srv          load:    - prompt with length     796, lcp =     379, f_keep = 0.476, f_sim = 0.473
ollama-1  | srv          load:    - prompt with length     789, lcp =     379, f_keep = 0.480, f_sim = 0.473
ollama-1  | srv          load:    - prompt with length     890, lcp =     379, f_keep = 0.426, f_sim = 0.473
ollama-1  | srv          load:    - prompt with length     771, lcp =     380, f_keep = 0.493, f_sim = 0.474
ollama-1  | srv          load:    - prompt with length     904, lcp =     380, f_keep = 0.420, f_sim = 0.474
ollama-1  | srv          load:    - prompt with length     900, lcp =     379, f_keep = 0.421, f_sim = 0.473
ollama-1  | srv          load:    - prompt with length     774, lcp =     380, f_keep = 0.491, f_sim = 0.474
ollama-1  | srv          load:    - prompt with length     840, lcp =     379, f_keep = 0.451, f_sim = 0.473
ollama-1  | srv          load:    - prompt with length     770, lcp =     380, f_keep = 0.494, f_sim = 0.474
ollama-1  | srv          load:    - prompt with length     846, lcp =     380, f_keep = 0.449, f_sim = 0.474
ollama-1  | srv          load:    - prompt with length     775, lcp =     380, f_keep = 0.490, f_sim = 0.474
ollama-1  | srv          load:    - prompt with length     759, lcp =     381, f_keep = 0.502, f_sim = 0.475
ollama-1  | srv          load:    - prompt with length     827, lcp =     379, f_keep = 0.458, f_sim = 0.473
ollama-1  | srv          load:    - prompt with length     888, lcp =     380, f_keep = 0.428, f_sim = 0.474
ollama-1  | srv          load:    - prompt with length     942, lcp =     379, f_keep = 0.402, f_sim = 0.473
ollama-1  | srv          load:    - prompt with length     835, lcp =     380, f_keep = 0.455, f_sim = 0.474
ollama-1  | srv          load:    - prompt with length     835, lcp =     379, f_keep = 0.454, f_sim = 0.473
ollama-1  | srv          load:    - prompt with length     837, lcp =     379, f_keep = 0.453, f_sim = 0.473
ollama-1  | srv          load:  - found better prompt with f_keep = 0.502, f_sim = 0.475
ollama-1  | srv        update:  - cache state: 25 prompts, 7759.006 MiB (limits: 8192.000 MiB, 4096 tokens, 21844 est)
ollama-1  | srv        update:    - prompt 0x3bd05200:     766 tokens, checkpoints:  0,   287.260 MiB
ollama-1  | srv        update:    - prompt 0x3bddd230:     830 tokens, checkpoints:  0,   311.260 MiB
ollama-1  | srv        update:    - prompt 0x3952d930:     801 tokens, checkpoints:  0,   300.385 MiB
ollama-1  | srv        update:    - prompt 0x39544a40:     764 tokens, checkpoints:  0,   286.509 MiB
ollama-1  | srv        update:    - prompt 0x39541bb0:     774 tokens, checkpoints:  0,   290.260 MiB
ollama-1  | srv        update:    - prompt 0x39530080:     873 tokens, checkpoints:  0,   327.386 MiB
ollama-1  | srv        update:    - prompt 0x3990f8f0:     827 tokens, checkpoints:  0,   310.135 MiB
ollama-1  | srv        update:    - prompt 0x39541d10:     836 tokens, checkpoints:  0,   313.510 MiB
ollama-1  | srv        update:    - prompt 0x39541c60:     796 tokens, checkpoints:  0,   298.510 MiB
ollama-1  | srv        update:    - prompt 0x3bd03820:     789 tokens, checkpoints:  0,   295.885 MiB
ollama-1  | srv        update:    - prompt 0x3bd03980:     890 tokens, checkpoints:  0,   333.761 MiB
ollama-1  | srv        update:    - prompt 0x3bd1ec30:     771 tokens, checkpoints:  0,   289.135 MiB
ollama-1  | srv        update:    - prompt 0x39521940:     904 tokens, checkpoints:  0,   339.011 MiB
ollama-1  | srv        update:    - prompt 0x39903680:     900 tokens, checkpoints:  0,   337.511 MiB
ollama-1  | srv        update:    - prompt 0x3bd27a40:     774 tokens, checkpoints:  0,   290.260 MiB
ollama-1  | srv        update:    - prompt 0x3bcf25a0:     840 tokens, checkpoints:  0,   315.010 MiB
ollama-1  | srv        update:    - prompt 0x3bd306b0:     770 tokens, checkpoints:  0,   288.760 MiB
ollama-1  | srv        update:    - prompt 0x3bcf1110:     846 tokens, checkpoints:  0,   317.260 MiB
ollama-1  | srv        update:    - prompt 0x3bd080a0:     775 tokens, checkpoints:  0,   290.635 MiB
ollama-1  | srv        update:    - prompt 0x39536010:     827 tokens, checkpoints:  0,   310.135 MiB
ollama-1  | srv        update:    - prompt 0x3bd30760:     888 tokens, checkpoints:  0,   333.011 MiB
ollama-1  | srv        update:    - prompt 0x3beb80b0:     942 tokens, checkpoints:  0,   353.262 MiB
ollama-1  | srv        update:    - prompt 0x3bedb310:     835 tokens, checkpoints:  0,   313.135 MiB
ollama-1  | srv        update:    - prompt 0x39532a60:     835 tokens, checkpoints:  0,   313.135 MiB
ollama-1  | srv        update:    - prompt 0x3bcf2440:     837 tokens, checkpoints:  0,   313.885 MiB
ollama-1  | srv  get_availabl: prompt cache update took 219.11 ms
ollama-1  | slot launch_slot_: id  0 | task -1 | sampler chain: logits -> ?penalties -> ?dry -> ?top-n-sigma -> top-k -> ?typical -> top-p -> ?min-p -> ?xtc -> temp-ext -> dist 
ollama-1  | slot launch_slot_: id  0 | task -1 | sampler params: 
ollama-1  | 	repeat_last_n = 64, repeat_penalty = 1.000, frequency_penalty = 0.000, presence_penalty = 0.000
ollama-1  | 	dry_multiplier = 0.000, dry_base = 1.750, dry_allowed_length = 2, dry_penalty_last_n = 64
ollama-1  | 	top_k = 40, top_p = 0.900, min_p = 0.000, xtc_probability = 0.000, xtc_threshold = 0.100, typical_p = 1.000, top_n_sigma = -1.000, temp = 0.000
ollama-1  | 	mirostat = 0, mirostat_lr = 0.100, mirostat_ent = 5.000, adaptive_target = -1.000, adaptive_decay = 0.900
ollama-1  | slot launch_slot_: id  0 | task 11194 | processing task, is_child = 0
ollama-1  | slot   operator(): id  0 | task 11194 | new prompt, n_ctx_slot = 4096, n_keep = 4, task.n_tokens = 802
ollama-1  | slot   operator(): id  0 | task 11194 | cached n_tokens = 381, memory_seq_rm [381, end)
ollama-1  | slot init_sampler: id  0 | task 11194 | init sampler, took 0.06 ms, tokens: text = 802, total = 802
ollama-1  | [GIN] 2026/10/08 - 04:32:29 | 200 |       38.68µs |       127.0.0.1 | HEAD     "/"
ollama-1  | [GIN] 2026/10/08 - 04:32:29 | 200 |     1.45788ms |       127.0.0.1 | GET      "/api/tags"
ollama-1  | slot print_timing: id  0 | task 11194 | prompt eval time =    3083.66 ms /   421 tokens (    7.32 ms per token,   136.53 tokens per second)
ollama-1  | slot print_timing: id  0 | task 11194 |        eval time =     297.67 ms /     9 tokens (   37.21 ms per token,    26.88 tokens per second)
ollama-1  | slot print_timing: id  0 | task 11194 |       total time =    3381.33 ms /   430 tokens
ollama-1  | slot print_timing: id  0 | task 11194 |    graphs reused =       8039
ollama-1  | slot      release: id  0 | task 11194 | stop processing: n_tokens = 810, truncated = 0
ollama-1  | srv  update_slots: all slots are idle
ollama-1  | [GIN] 2026/10/08 - 04:32:29 | 200 |         1m16s |      172.21.0.4 | POST     "/api/generate"
ollama-1  | srv  server_strea: conv_id= (empty=1)
ollama-1  | slot get_availabl: id  0 | task -1 |  - checking sim = 0.824 (379/460) > 0.100
ollama-1  | slot get_availabl: id  0 | task -1 | selected slot by LCP similarity, f_sim_best = 0.824 (> 0.100 thold), f_keep = 0.468
ollama-1  | srv  get_availabl: updating prompt cache
ollama-1  | srv   prompt_save:  - saving prompt with length 810, total state size = 303.760 MiB (draft: 0.000 MiB)
ollama-1  | srv          load:  - looking for better prompt, base f_keep = 0.468, f_sim = 0.824
ollama-1  | srv          load:    - prompt with length     766, lcp =     379, f_keep = 0.495, f_sim = 0.824
ollama-1  | srv          load:    - prompt with length     830, lcp =     379, f_keep = 0.457, f_sim = 0.824
ollama-1  | srv          load:    - prompt with length     801, lcp =     379, f_keep = 0.473, f_sim = 0.824
ollama-1  | srv          load:    - prompt with length     764, lcp =     379, f_keep = 0.496, f_sim = 0.824
ollama-1  | srv          load:    - prompt with length     774, lcp =     379, f_keep = 0.490, f_sim = 0.824
ollama-1  | srv          load:    - prompt with length     873, lcp =     379, f_keep = 0.434, f_sim = 0.824
ollama-1  | srv          load:    - prompt with length     827, lcp =     379, f_keep = 0.458, f_sim = 0.824
ollama-1  | srv          load:    - prompt with length     836, lcp =     379, f_keep = 0.453, f_sim = 0.824
ollama-1  | srv          load:    - prompt with length     796, lcp =     379, f_keep = 0.476, f_sim = 0.824
ollama-1  | srv          load:    - prompt with length     789, lcp =     379, f_keep = 0.480, f_sim = 0.824
ollama-1  | srv          load:    - prompt with length     890, lcp =     379, f_keep = 0.426, f_sim = 0.824
ollama-1  | srv          load:    - prompt with length     771, lcp =     379, f_keep = 0.492, f_sim = 0.824
ollama-1  | srv          load:    - prompt with length     904, lcp =     379, f_keep = 0.419, f_sim = 0.824
ollama-1  | srv          load:    - prompt with length     900, lcp =     379, f_keep = 0.421, f_sim = 0.824
ollama-1  | srv          load:    - prompt with length     774, lcp =     379, f_keep = 0.490, f_sim = 0.824
ollama-1  | srv          load:    - prompt with length     840, lcp =     379, f_keep = 0.451, f_sim = 0.824
ollama-1  | srv          load:    - prompt with length     770, lcp =     379, f_keep = 0.492, f_sim = 0.824
ollama-1  | srv          load:    - prompt with length     846, lcp =     379, f_keep = 0.448, f_sim = 0.824
ollama-1  | srv          load:    - prompt with length     775, lcp =     379, f_keep = 0.489, f_sim = 0.824
ollama-1  | srv          load:    - prompt with length     827, lcp =     379, f_keep = 0.458, f_sim = 0.824
ollama-1  | srv          load:    - prompt with length     888, lcp =     379, f_keep = 0.427, f_sim = 0.824
ollama-1  | srv          load:    - prompt with length     942, lcp =     379, f_keep = 0.402, f_sim = 0.824
ollama-1  | srv          load:    - prompt with length     835, lcp =     379, f_keep = 0.454, f_sim = 0.824
ollama-1  | srv          load:    - prompt with length     835, lcp =     379, f_keep = 0.454, f_sim = 0.824
ollama-1  | srv          load:    - prompt with length     837, lcp =     379, f_keep = 0.453, f_sim = 0.824
ollama-1  | srv          load:    - prompt with length     810, lcp =     379, f_keep = 0.468, f_sim = 0.824
ollama-1  | srv        update:  - cache state: 26 prompts, 8062.766 MiB (limits: 8192.000 MiB, 4096 tokens, 21844 est)
ollama-1  | srv        update:    - prompt 0x3bd05200:     766 tokens, checkpoints:  0,   287.260 MiB
ollama-1  | srv        update:    - prompt 0x3bddd230:     830 tokens, checkpoints:  0,   311.260 MiB
ollama-1  | srv        update:    - prompt 0x3952d930:     801 tokens, checkpoints:  0,   300.385 MiB
ollama-1  | srv        update:    - prompt 0x39544a40:     764 tokens, checkpoints:  0,   286.509 MiB
ollama-1  | srv        update:    - prompt 0x39541bb0:     774 tokens, checkpoints:  0,   290.260 MiB
ollama-1  | srv        update:    - prompt 0x39530080:     873 tokens, checkpoints:  0,   327.386 MiB
ollama-1  | srv        update:    - prompt 0x3990f8f0:     827 tokens, checkpoints:  0,   310.135 MiB
ollama-1  | srv        update:    - prompt 0x39541d10:     836 tokens, checkpoints:  0,   313.510 MiB
ollama-1  | srv        update:    - prompt 0x39541c60:     796 tokens, checkpoints:  0,   298.510 MiB
ollama-1  | srv        update:    - prompt 0x3bd03820:     789 tokens, checkpoints:  0,   295.885 MiB
ollama-1  | srv        update:    - prompt 0x3bd03980:     890 tokens, checkpoints:  0,   333.761 MiB
ollama-1  | srv        update:    - prompt 0x3bd1ec30:     771 tokens, checkpoints:  0,   289.135 MiB
ollama-1  | srv        update:    - prompt 0x39521940:     904 tokens, checkpoints:  0,   339.011 MiB
ollama-1  | srv        update:    - prompt 0x39903680:     900 tokens, checkpoints:  0,   337.511 MiB
ollama-1  | srv        update:    - prompt 0x3bd27a40:     774 tokens, checkpoints:  0,   290.260 MiB
ollama-1  | srv        update:    - prompt 0x3bcf25a0:     840 tokens, checkpoints:  0,   315.010 MiB
ollama-1  | srv        update:    - prompt 0x3bd306b0:     770 tokens, checkpoints:  0,   288.760 MiB
ollama-1  | srv        update:    - prompt 0x3bcf1110:     846 tokens, checkpoints:  0,   317.260 MiB
ollama-1  | srv        update:    - prompt 0x3bd080a0:     775 tokens, checkpoints:  0,   290.635 MiB
ollama-1  | srv        update:    - prompt 0x39536010:     827 tokens, checkpoints:  0,   310.135 MiB
ollama-1  | srv        update:    - prompt 0x3bd30760:     888 tokens, checkpoints:  0,   333.011 MiB
ollama-1  | srv        update:    - prompt 0x3beb80b0:     942 tokens, checkpoints:  0,   353.262 MiB
ollama-1  | srv        update:    - prompt 0x3bedb310:     835 tokens, checkpoints:  0,   313.135 MiB
ollama-1  | srv        update:    - prompt 0x39532a60:     835 tokens, checkpoints:  0,   313.135 MiB
ollama-1  | srv        update:    - prompt 0x3bcf2440:     837 tokens, checkpoints:  0,   313.885 MiB
ollama-1  | srv        update:    - prompt 0x3bd038d0:     810 tokens, checkpoints:  0,   303.760 MiB
ollama-1  | srv  get_availabl: prompt cache update took 147.82 ms
ollama-1  | slot launch_slot_: id  0 | task -1 | sampler chain: logits -> ?penalties -> ?dry -> ?top-n-sigma -> top-k -> ?typical -> top-p -> ?min-p -> ?xtc -> temp-ext -> dist 
ollama-1  | slot launch_slot_: id  0 | task -1 | sampler params: 
ollama-1  | 	repeat_last_n = 64, repeat_penalty = 1.000, frequency_penalty = 0.000, presence_penalty = 0.000
ollama-1  | 	dry_multiplier = 0.000, dry_base = 1.750, dry_allowed_length = 2, dry_penalty_last_n = 64
ollama-1  | 	top_k = 40, top_p = 0.900, min_p = 0.000, xtc_probability = 0.000, xtc_threshold = 0.100, typical_p = 1.000, top_n_sigma = -1.000, temp = 0.000
ollama-1  | 	mirostat = 0, mirostat_lr = 0.100, mirostat_ent = 5.000, adaptive_target = -1.000, adaptive_decay = 0.900
ollama-1  | slot launch_slot_: id  0 | task 11204 | processing task, is_child = 0
ollama-1  | slot   operator(): id  0 | task 11204 | new prompt, n_ctx_slot = 4096, n_keep = 4, task.n_tokens = 460
ollama-1  | slot   operator(): id  0 | task 11204 | cached n_tokens = 379, memory_seq_rm [379, end)
ollama-1  | slot init_sampler: id  0 | task 11204 | init sampler, took 0.04 ms, tokens: text = 460, total = 460
ollama-1  | slot print_timing: id  0 | task 11204 | prompt eval time =     616.07 ms /    81 tokens (    7.61 ms per token,   131.48 tokens per second)
ollama-1  | slot print_timing: id  0 | task 11204 |        eval time =     275.11 ms /     9 tokens (   34.39 ms per token,    29.08 tokens per second)
ollama-1  | slot print_timing: id  0 | task 11204 |       total time =     891.18 ms /    90 tokens
ollama-1  | slot print_timing: id  0 | task 11204 |    graphs reused =       8046
ollama-1  | slot      release: id  0 | task 11204 | stop processing: n_tokens = 468, truncated = 0
ollama-1  | srv  update_slots: all slots are idle
ollama-1  | [GIN] 2026/10/08 - 04:32:30 | 200 |         1m17s |      172.21.0.4 | POST     "/api/generate"
ollama-1  | srv  server_strea: conv_id= (empty=1)
ollama-1  | slot get_availabl: id  0 | task -1 |  - checking sim = 0.429 (379/884) > 0.100
ollama-1  | slot get_availabl: id  0 | task -1 | selected slot by LCP similarity, f_sim_best = 0.429 (> 0.100 thold), f_keep = 0.810
ollama-1  | slot launch_slot_: id  0 | task -1 | sampler chain: logits -> ?penalties -> ?dry -> ?top-n-sigma -> top-k -> ?typical -> top-p -> ?min-p -> ?xtc -> temp-ext -> dist 
ollama-1  | slot launch_slot_: id  0 | task -1 | sampler params: 
ollama-1  | 	repeat_last_n = 64, repeat_penalty = 1.000, frequency_penalty = 0.000, presence_penalty = 0.000
ollama-1  | 	dry_multiplier = 0.000, dry_base = 1.750, dry_allowed_length = 2, dry_penalty_last_n = 64
ollama-1  | 	top_k = 40, top_p = 0.900, min_p = 0.000, xtc_probability = 0.000, xtc_threshold = 0.100, typical_p = 1.000, top_n_sigma = -1.000, temp = 0.000
ollama-1  | 	mirostat = 0, mirostat_lr = 0.100, mirostat_ent = 5.000, adaptive_target = -1.000, adaptive_decay = 0.900
ollama-1  | slot launch_slot_: id  0 | task 11214 | processing task, is_child = 0
ollama-1  | slot   operator(): id  0 | task 11214 | new prompt, n_ctx_slot = 4096, n_keep = 4, task.n_tokens = 884
ollama-1  | slot   operator(): id  0 | task 11214 | cached n_tokens = 379, memory_seq_rm [379, end)
ollama-1  | slot init_sampler: id  0 | task 11214 | init sampler, took 0.07 ms, tokens: text = 884, total = 884
ollama-1  | slot print_timing: id  0 | task 11214 | prompt eval time =    3665.99 ms /   505 tokens (    7.26 ms per token,   137.75 tokens per second)
ollama-1  | slot print_timing: id  0 | task 11214 |        eval time =     373.14 ms /    10 tokens (   41.46 ms per token,    24.12 tokens per second)
ollama-1  | slot print_timing: id  0 | task 11214 |       total time =    4039.13 ms /   515 tokens
ollama-1  | slot print_timing: id  0 | task 11214 |    graphs reused =       8054
ollama-1  | slot      release: id  0 | task 11214 | stop processing: n_tokens = 893, truncated = 0
ollama-1  | srv  update_slots: all slots are idle
ollama-1  | [GIN] 2026/10/08 - 04:32:34 | 200 |         1m21s |      172.21.0.4 | POST     "/api/generate"
ollama-1  | srv  server_strea: conv_id= (empty=1)
ollama-1  | slot get_availabl: id  0 | task -1 |  - checking sim = 0.510 (380/745) > 0.100
ollama-1  | slot get_availabl: id  0 | task -1 | selected slot by LCP similarity, f_sim_best = 0.510 (> 0.100 thold), f_keep = 0.426
ollama-1  | srv  get_availabl: updating prompt cache
ollama-1  | srv   prompt_save:  - saving prompt with length 893, total state size = 334.886 MiB (draft: 0.000 MiB)
ollama-1  | srv         alloc:  - making room for prompt cache entry, removing oldest entry (size = 287.260 MiB)
ollama-1  | srv          load:  - looking for better prompt, base f_keep = 0.426, f_sim = 0.510
ollama-1  | srv          load:    - prompt with length     830, lcp =     379, f_keep = 0.457, f_sim = 0.509
ollama-1  | srv          load:    - prompt with length     801, lcp =     379, f_keep = 0.473, f_sim = 0.509
ollama-1  | srv          load:    - prompt with length     764, lcp =     379, f_keep = 0.496, f_sim = 0.509
ollama-1  | srv          load:    - prompt with length     774, lcp =     380, f_keep = 0.491, f_sim = 0.510
ollama-1  | srv          load:    - prompt with length     873, lcp =     379, f_keep = 0.434, f_sim = 0.509
ollama-1  | srv          load:    - prompt with length     827, lcp =     379, f_keep = 0.458, f_sim = 0.509
ollama-1  | srv          load:    - prompt with length     836, lcp =     379, f_keep = 0.453, f_sim = 0.509
ollama-1  | srv          load:    - prompt with length     796, lcp =     379, f_keep = 0.476, f_sim = 0.509
ollama-1  | srv          load:    - prompt with length     789, lcp =     379, f_keep = 0.480, f_sim = 0.509
ollama-1  | srv          load:    - prompt with length     890, lcp =     379, f_keep = 0.426, f_sim = 0.509
ollama-1  | srv          load:    - prompt with length     771, lcp =     380, f_keep = 0.493, f_sim = 0.510
ollama-1  | srv          load:    - prompt with length     904, lcp =     380, f_keep = 0.420, f_sim = 0.510
ollama-1  | srv          load:    - prompt with length     900, lcp =     379, f_keep = 0.421, f_sim = 0.509
ollama-1  | srv          load:    - prompt with length     774, lcp =     380, f_keep = 0.491, f_sim = 0.510
ollama-1  | srv          load:    - prompt with length     840, lcp =     379, f_keep = 0.451, f_sim = 0.509
ollama-1  | srv          load:    - prompt with length     770, lcp =     380, f_keep = 0.494, f_sim = 0.510
ollama-1  | srv          load:    - prompt with length     846, lcp =     380, f_keep = 0.449, f_sim = 0.510
ollama-1  | srv          load:    - prompt with length     775, lcp =     380, f_keep = 0.490, f_sim = 0.510
ollama-1  | srv          load:    - prompt with length     827, lcp =     379, f_keep = 0.458, f_sim = 0.509
ollama-1  | srv          load:    - prompt with length     888, lcp =     380, f_keep = 0.428, f_sim = 0.510
ollama-1  | srv          load:    - prompt with length     942, lcp =     379, f_keep = 0.402, f_sim = 0.509
ollama-1  | srv          load:    - prompt with length     835, lcp =     380, f_keep = 0.455, f_sim = 0.510
ollama-1  | srv          load:    - prompt with length     835, lcp =     379, f_keep = 0.454, f_sim = 0.509
ollama-1  | srv          load:    - prompt with length     837, lcp =     379, f_keep = 0.453, f_sim = 0.509
ollama-1  | srv          load:    - prompt with length     810, lcp =     380, f_keep = 0.469, f_sim = 0.510
ollama-1  | srv          load:    - prompt with length     893, lcp =     380, f_keep = 0.426, f_sim = 0.510
ollama-1  | srv        update:  - cache state: 26 prompts, 8110.392 MiB (limits: 8192.000 MiB, 4096 tokens, 21844 est)
ollama-1  | srv        update:    - prompt 0x3bddd230:     830 tokens, checkpoints:  0,   311.260 MiB
ollama-1  | srv        update:    - prompt 0x3952d930:     801 tokens, checkpoints:  0,   300.385 MiB
ollama-1  | srv        update:    - prompt 0x39544a40:     764 tokens, checkpoints:  0,   286.509 MiB
ollama-1  | srv        update:    - prompt 0x39541bb0:     774 tokens, checkpoints:  0,   290.260 MiB
ollama-1  | srv        update:    - prompt 0x39530080:     873 tokens, checkpoints:  0,   327.386 MiB
ollama-1  | srv        update:    - prompt 0x3990f8f0:     827 tokens, checkpoints:  0,   310.135 MiB
ollama-1  | srv        update:    - prompt 0x39541d10:     836 tokens, checkpoints:  0,   313.510 MiB
ollama-1  | srv        update:    - prompt 0x39541c60:     796 tokens, checkpoints:  0,   298.510 MiB
ollama-1  | srv        update:    - prompt 0x3bd03820:     789 tokens, checkpoints:  0,   295.885 MiB
ollama-1  | srv        update:    - prompt 0x3bd03980:     890 tokens, checkpoints:  0,   333.761 MiB
ollama-1  | srv        update:    - prompt 0x3bd1ec30:     771 tokens, checkpoints:  0,   289.135 MiB
ollama-1  | srv        update:    - prompt 0x39521940:     904 tokens, checkpoints:  0,   339.011 MiB
ollama-1  | srv        update:    - prompt 0x39903680:     900 tokens, checkpoints:  0,   337.511 MiB
ollama-1  | srv        update:    - prompt 0x3bd27a40:     774 tokens, checkpoints:  0,   290.260 MiB
ollama-1  | srv        update:    - prompt 0x3bcf25a0:     840 tokens, checkpoints:  0,   315.010 MiB
ollama-1  | srv        update:    - prompt 0x3bd306b0:     770 tokens, checkpoints:  0,   288.760 MiB
ollama-1  | srv        update:    - prompt 0x3bcf1110:     846 tokens, checkpoints:  0,   317.260 MiB
ollama-1  | srv        update:    - prompt 0x3bd080a0:     775 tokens, checkpoints:  0,   290.635 MiB
ollama-1  | srv        update:    - prompt 0x39536010:     827 tokens, checkpoints:  0,   310.135 MiB
ollama-1  | srv        update:    - prompt 0x3bd30760:     888 tokens, checkpoints:  0,   333.011 MiB
ollama-1  | srv        update:    - prompt 0x3beb80b0:     942 tokens, checkpoints:  0,   353.262 MiB
ollama-1  | srv        update:    - prompt 0x3bedb310:     835 tokens, checkpoints:  0,   313.135 MiB
ollama-1  | srv        update:    - prompt 0x39532a60:     835 tokens, checkpoints:  0,   313.135 MiB
ollama-1  | srv        update:    - prompt 0x3bcf2440:     837 tokens, checkpoints:  0,   313.885 MiB
ollama-1  | srv        update:    - prompt 0x3bd038d0:     810 tokens, checkpoints:  0,   303.760 MiB
ollama-1  | srv        update:    - prompt 0x3bd05200:     893 tokens, checkpoints:  0,   334.886 MiB
ollama-1  | srv  get_availabl: prompt cache update took 181.43 ms
ollama-1  | slot launch_slot_: id  0 | task -1 | sampler chain: logits -> ?penalties -> ?dry -> ?top-n-sigma -> top-k -> ?typical -> top-p -> ?min-p -> ?xtc -> temp-ext -> dist 
ollama-1  | slot launch_slot_: id  0 | task -1 | sampler params: 
ollama-1  | 	repeat_last_n = 64, repeat_penalty = 1.000, frequency_penalty = 0.000, presence_penalty = 0.000
ollama-1  | 	dry_multiplier = 0.000, dry_base = 1.750, dry_allowed_length = 2, dry_penalty_last_n = 64
ollama-1  | 	top_k = 40, top_p = 0.900, min_p = 0.000, xtc_probability = 0.000, xtc_threshold = 0.100, typical_p = 1.000, top_n_sigma = -1.000, temp = 0.000
ollama-1  | 	mirostat = 0, mirostat_lr = 0.100, mirostat_ent = 5.000, adaptive_target = -1.000, adaptive_decay = 0.900
ollama-1  | slot launch_slot_: id  0 | task 11225 | processing task, is_child = 0
ollama-1  | slot   operator(): id  0 | task 11225 | new prompt, n_ctx_slot = 4096, n_keep = 4, task.n_tokens = 745
ollama-1  | slot   operator(): id  0 | task 11225 | cached n_tokens = 380, memory_seq_rm [380, end)
ollama-1  | slot init_sampler: id  0 | task 11225 | init sampler, took 0.07 ms, tokens: text = 745, total = 745
ollama-1  | slot print_timing: id  0 | task 11225 | prompt eval time =    2685.40 ms /   365 tokens (    7.36 ms per token,   135.92 tokens per second)
ollama-1  | slot print_timing: id  0 | task 11225 |        eval time =     359.38 ms /    11 tokens (   35.94 ms per token,    27.83 tokens per second)
ollama-1  | slot print_timing: id  0 | task 11225 |       total time =    3044.77 ms /   376 tokens
ollama-1  | slot print_timing: id  0 | task 11225 |    graphs reused =       8063
ollama-1  | slot      release: id  0 | task 11225 | stop processing: n_tokens = 755, truncated = 0
ollama-1  | srv  update_slots: all slots are idle
ollama-1  | [GIN] 2026/10/08 - 04:32:37 | 200 |         1m25s |      172.21.0.4 | POST     "/api/generate"
ollama-1  | srv  server_strea: conv_id= (empty=1)
ollama-1  | slot get_availabl: id  0 | task -1 |  - checking sim = 0.307 (379/1235) > 0.100
ollama-1  | slot get_availabl: id  0 | task -1 | selected slot by LCP similarity, f_sim_best = 0.307 (> 0.100 thold), f_keep = 0.502
ollama-1  | slot launch_slot_: id  0 | task -1 | sampler chain: logits -> ?penalties -> ?dry -> ?top-n-sigma -> top-k -> ?typical -> top-p -> ?min-p -> ?xtc -> temp-ext -> dist 
ollama-1  | slot launch_slot_: id  0 | task -1 | sampler params: 
ollama-1  | 	repeat_last_n = 64, repeat_penalty = 1.000, frequency_penalty = 0.000, presence_penalty = 0.000
ollama-1  | 	dry_multiplier = 0.000, dry_base = 1.750, dry_allowed_length = 2, dry_penalty_last_n = 64
ollama-1  | 	top_k = 40, top_p = 0.900, min_p = 0.000, xtc_probability = 0.000, xtc_threshold = 0.100, typical_p = 1.000, top_n_sigma = -1.000, temp = 0.000
ollama-1  | 	mirostat = 0, mirostat_lr = 0.100, mirostat_ent = 5.000, adaptive_target = -1.000, adaptive_decay = 0.900
ollama-1  | slot launch_slot_: id  0 | task 11237 | processing task, is_child = 0
ollama-1  | slot   operator(): id  0 | task 11237 | new prompt, n_ctx_slot = 4096, n_keep = 4, task.n_tokens = 1235
ollama-1  | slot   operator(): id  0 | task 11237 | cached n_tokens = 379, memory_seq_rm [379, end)
ollama-1  | [GIN] 2026/10/08 - 04:32:39 | 200 |      31.031µs |       127.0.0.1 | HEAD     "/"
ollama-1  | [GIN] 2026/10/08 - 04:32:39 | 200 |    1.604425ms |       127.0.0.1 | GET      "/api/tags"
ollama-1  | slot print_timing: id  0 | task 11237 | prompt processing, n_tokens =    512, progress = 0.72, t =   3.69 s / 138.91 tokens per second
ollama-1  | slot   operator(): id  0 | task 11237 | cached n_tokens = 891, memory_seq_rm [891, end)
ollama-1  | slot init_sampler: id  0 | task 11237 | init sampler, took 0.18 ms, tokens: text = 1235, total = 1235
ollama-1  | slot print_timing: id  0 | task 11237 | prompt eval time =    6342.41 ms /   856 tokens (    7.41 ms per token,   134.96 tokens per second)
ollama-1  | slot print_timing: id  0 | task 11237 |        eval time =     320.32 ms /     9 tokens (   40.04 ms per token,    24.98 tokens per second)
ollama-1  | slot print_timing: id  0 | task 11237 |       total time =    6662.73 ms /   865 tokens
ollama-1  | slot print_timing: id  0 | task 11237 |    graphs reused =       8070
ollama-1  | slot      release: id  0 | task 11237 | stop processing: n_tokens = 1243, truncated = 0
ollama-1  | srv  update_slots: all slots are idle
ollama-1  | [GIN] 2026/10/08 - 04:32:45 | 200 |         1m31s |      172.21.0.4 | POST     "/api/generate"
ollama-1  | srv  server_strea: conv_id= (empty=1)
ollama-1  | slot get_availabl: id  0 | task -1 |  - checking sim = 0.746 (379/508) > 0.100
ollama-1  | slot get_availabl: id  0 | task -1 | selected slot by LCP similarity, f_sim_best = 0.746 (> 0.100 thold), f_keep = 0.305
ollama-1  | srv  get_availabl: updating prompt cache
ollama-1  | srv   prompt_save:  - saving prompt with length 1243, total state size = 466.140 MiB (draft: 0.000 MiB)
ollama-1  | srv         alloc:  - making room for prompt cache entry, removing oldest entry (size = 311.260 MiB)
ollama-1  | srv         alloc:  - making room for prompt cache entry, removing oldest entry (size = 300.385 MiB)
ollama-1  | srv          load:  - looking for better prompt, base f_keep = 0.305, f_sim = 0.746
ollama-1  | srv          load:    - prompt with length     764, lcp =     379, f_keep = 0.496, f_sim = 0.746
ollama-1  | srv          load:    - prompt with length     774, lcp =     380, f_keep = 0.491, f_sim = 0.748
ollama-1  | srv          load:    - prompt with length     873, lcp =     379, f_keep = 0.434, f_sim = 0.746
ollama-1  | srv          load:    - prompt with length     827, lcp =     379, f_keep = 0.458, f_sim = 0.746
ollama-1  | srv          load:    - prompt with length     836, lcp =     379, f_keep = 0.453, f_sim = 0.746
ollama-1  | srv          load:    - prompt with length     796, lcp =     379, f_keep = 0.476, f_sim = 0.746
ollama-1  | srv          load:    - prompt with length     789, lcp =     379, f_keep = 0.480, f_sim = 0.746
ollama-1  | srv          load:    - prompt with length     890, lcp =     379, f_keep = 0.426, f_sim = 0.746
ollama-1  | srv          load:    - prompt with length     771, lcp =     380, f_keep = 0.493, f_sim = 0.748
ollama-1  | srv          load:    - prompt with length     904, lcp =     380, f_keep = 0.420, f_sim = 0.748
ollama-1  | srv          load:    - prompt with length     900, lcp =     379, f_keep = 0.421, f_sim = 0.746
ollama-1  | srv          load:    - prompt with length     774, lcp =     380, f_keep = 0.491, f_sim = 0.748
ollama-1  | srv          load:    - prompt with length     840, lcp =     379, f_keep = 0.451, f_sim = 0.746
ollama-1  | srv          load:    - prompt with length     770, lcp =     380, f_keep = 0.494, f_sim = 0.748
ollama-1  | srv          load:    - prompt with length     846, lcp =     381, f_keep = 0.450, f_sim = 0.750
ollama-1  | srv          load:    - prompt with length     775, lcp =     381, f_keep = 0.492, f_sim = 0.750
ollama-1  | srv          load:    - prompt with length     827, lcp =     379, f_keep = 0.458, f_sim = 0.746
ollama-1  | srv          load:    - prompt with length     888, lcp =     380, f_keep = 0.428, f_sim = 0.748
ollama-1  | srv          load:    - prompt with length     942, lcp =     379, f_keep = 0.402, f_sim = 0.746
ollama-1  | srv          load:    - prompt with length     835, lcp =     380, f_keep = 0.455, f_sim = 0.748
ollama-1  | srv          load:    - prompt with length     835, lcp =     379, f_keep = 0.454, f_sim = 0.746
ollama-1  | srv          load:    - prompt with length     837, lcp =     379, f_keep = 0.453, f_sim = 0.746
ollama-1  | srv          load:    - prompt with length     810, lcp =     380, f_keep = 0.469, f_sim = 0.748
ollama-1  | srv          load:    - prompt with length     893, lcp =     380, f_keep = 0.426, f_sim = 0.748
ollama-1  | srv          load:    - prompt with length    1243, lcp =     379, f_keep = 0.305, f_sim = 0.746
ollama-1  | srv          load:  - found better prompt with f_keep = 0.492, f_sim = 0.750
ollama-1  | srv        update:  - cache state: 24 prompts, 7674.252 MiB (limits: 8192.000 MiB, 4096 tokens, 21844 est)
ollama-1  | srv        update:    - prompt 0x39544a40:     764 tokens, checkpoints:  0,   286.509 MiB
ollama-1  | srv        update:    - prompt 0x39541bb0:     774 tokens, checkpoints:  0,   290.260 MiB
ollama-1  | srv        update:    - prompt 0x39530080:     873 tokens, checkpoints:  0,   327.386 MiB
ollama-1  | srv        update:    - prompt 0x3990f8f0:     827 tokens, checkpoints:  0,   310.135 MiB
ollama-1  | srv        update:    - prompt 0x39541d10:     836 tokens, checkpoints:  0,   313.510 MiB
ollama-1  | srv        update:    - prompt 0x39541c60:     796 tokens, checkpoints:  0,   298.510 MiB
ollama-1  | srv        update:    - prompt 0x3bd03820:     789 tokens, checkpoints:  0,   295.885 MiB
ollama-1  | srv        update:    - prompt 0x3bd03980:     890 tokens, checkpoints:  0,   333.761 MiB
ollama-1  | srv        update:    - prompt 0x3bd1ec30:     771 tokens, checkpoints:  0,   289.135 MiB
ollama-1  | srv        update:    - prompt 0x39521940:     904 tokens, checkpoints:  0,   339.011 MiB
ollama-1  | srv        update:    - prompt 0x39903680:     900 tokens, checkpoints:  0,   337.511 MiB
ollama-1  | srv        update:    - prompt 0x3bd27a40:     774 tokens, checkpoints:  0,   290.260 MiB
ollama-1  | srv        update:    - prompt 0x3bcf25a0:     840 tokens, checkpoints:  0,   315.010 MiB
ollama-1  | srv        update:    - prompt 0x3bd306b0:     770 tokens, checkpoints:  0,   288.760 MiB
ollama-1  | srv        update:    - prompt 0x3bcf1110:     846 tokens, checkpoints:  0,   317.260 MiB
ollama-1  | srv        update:    - prompt 0x39536010:     827 tokens, checkpoints:  0,   310.135 MiB
ollama-1  | srv        update:    - prompt 0x3bd30760:     888 tokens, checkpoints:  0,   333.011 MiB
ollama-1  | srv        update:    - prompt 0x3beb80b0:     942 tokens, checkpoints:  0,   353.262 MiB
ollama-1  | srv        update:    - prompt 0x3bedb310:     835 tokens, checkpoints:  0,   313.135 MiB
ollama-1  | srv        update:    - prompt 0x39532a60:     835 tokens, checkpoints:  0,   313.135 MiB
ollama-1  | srv        update:    - prompt 0x3bcf2440:     837 tokens, checkpoints:  0,   313.885 MiB
ollama-1  | srv        update:    - prompt 0x3bd038d0:     810 tokens, checkpoints:  0,   303.760 MiB
ollama-1  | srv        update:    - prompt 0x3bd05200:     893 tokens, checkpoints:  0,   334.886 MiB
ollama-1  | srv        update:    - prompt 0x3952d930:    1243 tokens, checkpoints:  0,   466.140 MiB
ollama-1  | srv  get_availabl: prompt cache update took 280.43 ms
ollama-1  | slot launch_slot_: id  0 | task -1 | sampler chain: logits -> ?penalties -> ?dry -> ?top-n-sigma -> top-k -> ?typical -> top-p -> ?min-p -> ?xtc -> temp-ext -> dist 
ollama-1  | slot launch_slot_: id  0 | task -1 | sampler params: 
ollama-1  | 	repeat_last_n = 64, repeat_penalty = 1.000, frequency_penalty = 0.000, presence_penalty = 0.000
ollama-1  | 	dry_multiplier = 0.000, dry_base = 1.750, dry_allowed_length = 2, dry_penalty_last_n = 64
ollama-1  | 	top_k = 40, top_p = 0.900, min_p = 0.000, xtc_probability = 0.000, xtc_threshold = 0.100, typical_p = 1.000, top_n_sigma = -1.000, temp = 0.000
ollama-1  | 	mirostat = 0, mirostat_lr = 0.100, mirostat_ent = 5.000, adaptive_target = -1.000, adaptive_decay = 0.900
ollama-1  | slot launch_slot_: id  0 | task 11248 | processing task, is_child = 0
ollama-1  | slot   operator(): id  0 | task 11248 | new prompt, n_ctx_slot = 4096, n_keep = 4, task.n_tokens = 508
ollama-1  | slot   operator(): id  0 | task 11248 | cached n_tokens = 381, memory_seq_rm [381, end)
ollama-1  | slot init_sampler: id  0 | task 11248 | init sampler, took 0.06 ms, tokens: text = 508, total = 508
ollama-1  | slot print_timing: id  0 | task 11248 | prompt eval time =     950.78 ms /   127 tokens (    7.49 ms per token,   133.57 tokens per second)
ollama-1  | slot print_timing: id  0 | task 11248 |        eval time =     281.99 ms /     9 tokens (   35.25 ms per token,    28.37 tokens per second)
ollama-1  | slot print_timing: id  0 | task 11248 |       total time =    1232.77 ms /   136 tokens
ollama-1  | slot print_timing: id  0 | task 11248 |    graphs reused =       8076
ollama-1  | slot      release: id  0 | task 11248 | stop processing: n_tokens = 516, truncated = 0
ollama-1  | srv  update_slots: all slots are idle
ollama-1  | [GIN] 2026/10/08 - 04:32:47 | 200 |         1m33s |      172.21.0.4 | POST     "/api/generate"
ollama-1  | srv  server_strea: conv_id= (empty=1)
ollama-1  | slot get_availabl: id  0 | task -1 |  - checking sim = 0.835 (379/454) > 0.100
ollama-1  | slot get_availabl: id  0 | task -1 | selected slot by LCP similarity, f_sim_best = 0.835 (> 0.100 thold), f_keep = 0.734
ollama-1  | slot launch_slot_: id  0 | task -1 | sampler chain: logits -> ?penalties -> ?dry -> ?top-n-sigma -> top-k -> ?typical -> top-p -> ?min-p -> ?xtc -> temp-ext -> dist 
ollama-1  | slot launch_slot_: id  0 | task -1 | sampler params: 
ollama-1  | 	repeat_last_n = 64, repeat_penalty = 1.000, frequency_penalty = 0.000, presence_penalty = 0.000
ollama-1  | 	dry_multiplier = 0.000, dry_base = 1.750, dry_allowed_length = 2, dry_penalty_last_n = 64
ollama-1  | 	top_k = 40, top_p = 0.900, min_p = 0.000, xtc_probability = 0.000, xtc_threshold = 0.100, typical_p = 1.000, top_n_sigma = -1.000, temp = 0.000
ollama-1  | 	mirostat = 0, mirostat_lr = 0.100, mirostat_ent = 5.000, adaptive_target = -1.000, adaptive_decay = 0.900
ollama-1  | slot launch_slot_: id  0 | task 11258 | processing task, is_child = 0
ollama-1  | slot   operator(): id  0 | task 11258 | new prompt, n_ctx_slot = 4096, n_keep = 4, task.n_tokens = 454
ollama-1  | slot   operator(): id  0 | task 11258 | cached n_tokens = 379, memory_seq_rm [379, end)
ollama-1  | slot init_sampler: id  0 | task 11258 | init sampler, took 0.05 ms, tokens: text = 454, total = 454
ollama-1  | slot print_timing: id  0 | task 11258 | prompt eval time =     600.99 ms /    75 tokens (    8.01 ms per token,   124.79 tokens per second)
ollama-1  | slot print_timing: id  0 | task 11258 |        eval time =     269.66 ms /     9 tokens (   33.71 ms per token,    29.67 tokens per second)
ollama-1  | slot print_timing: id  0 | task 11258 |       total time =     870.65 ms /    84 tokens
ollama-1  | slot print_timing: id  0 | task 11258 |    graphs reused =       8083
ollama-1  | slot      release: id  0 | task 11258 | stop processing: n_tokens = 462, truncated = 0
ollama-1  | srv  update_slots: all slots are idle
ollama-1  | [GIN] 2026/10/08 - 04:32:48 | 200 |         1m31s |      172.21.0.4 | POST     "/api/generate"
ollama-1  | srv  server_strea: conv_id= (empty=1)
ollama-1  | slot get_availabl: id  0 | task -1 |  - checking sim = 0.650 (384/591) > 0.100
ollama-1  | slot get_availabl: id  0 | task -1 | selected slot by LCP similarity, f_sim_best = 0.650 (> 0.100 thold), f_keep = 0.831
ollama-1  | slot launch_slot_: id  0 | task -1 | sampler chain: logits -> ?penalties -> ?dry -> ?top-n-sigma -> top-k -> ?typical -> top-p -> ?min-p -> ?xtc -> temp-ext -> dist 
ollama-1  | slot launch_slot_: id  0 | task -1 | sampler params: 
ollama-1  | 	repeat_last_n = 64, repeat_penalty = 1.000, frequency_penalty = 0.000, presence_penalty = 0.000
ollama-1  | 	dry_multiplier = 0.000, dry_base = 1.750, dry_allowed_length = 2, dry_penalty_last_n = 64
ollama-1  | 	top_k = 40, top_p = 0.900, min_p = 0.000, xtc_probability = 0.000, xtc_threshold = 0.100, typical_p = 1.000, top_n_sigma = -1.000, temp = 0.000
ollama-1  | 	mirostat = 0, mirostat_lr = 0.100, mirostat_ent = 5.000, adaptive_target = -1.000, adaptive_decay = 0.900
ollama-1  | slot launch_slot_: id  0 | task 11268 | processing task, is_child = 0
ollama-1  | slot   operator(): id  0 | task 11268 | new prompt, n_ctx_slot = 4096, n_keep = 4, task.n_tokens = 591
ollama-1  | slot   operator(): id  0 | task 11268 | cached n_tokens = 384, memory_seq_rm [384, end)
ollama-1  | slot init_sampler: id  0 | task 11268 | init sampler, took 0.06 ms, tokens: text = 591, total = 591
ollama-1  | slot print_timing: id  0 | task 11268 | prompt eval time =    1536.85 ms /   207 tokens (    7.42 ms per token,   134.69 tokens per second)
ollama-1  | slot print_timing: id  0 | task 11268 |        eval time =     364.44 ms /    11 tokens (   36.44 ms per token,    27.44 tokens per second)
ollama-1  | slot print_timing: id  0 | task 11268 |       total time =    1901.29 ms /   218 tokens
ollama-1  | slot print_timing: id  0 | task 11268 |    graphs reused =       8092
ollama-1  | slot      release: id  0 | task 11268 | stop processing: n_tokens = 601, truncated = 0
ollama-1  | srv  update_slots: all slots are idle
ollama-1  | [GIN] 2026/10/08 - 04:32:50 | 200 |         1m32s |      172.21.0.4 | POST     "/api/generate"
ollama-1  | srv  server_strea: conv_id= (empty=1)
ollama-1  | slot get_availabl: id  0 | task -1 |  - checking sim = 0.552 (379/686) > 0.100
ollama-1  | slot get_availabl: id  0 | task -1 | selected slot by LCP similarity, f_sim_best = 0.552 (> 0.100 thold), f_keep = 0.631
ollama-1  | slot launch_slot_: id  0 | task -1 | sampler chain: logits -> ?penalties -> ?dry -> ?top-n-sigma -> top-k -> ?typical -> top-p -> ?min-p -> ?xtc -> temp-ext -> dist 
ollama-1  | slot launch_slot_: id  0 | task -1 | sampler params: 
ollama-1  | 	repeat_last_n = 64, repeat_penalty = 1.000, frequency_penalty = 0.000, presence_penalty = 0.000
ollama-1  | 	dry_multiplier = 0.000, dry_base = 1.750, dry_allowed_length = 2, dry_penalty_last_n = 64
ollama-1  | 	top_k = 40, top_p = 0.900, min_p = 0.000, xtc_probability = 0.000, xtc_threshold = 0.100, typical_p = 1.000, top_n_sigma = -1.000, temp = 0.000
ollama-1  | 	mirostat = 0, mirostat_lr = 0.100, mirostat_ent = 5.000, adaptive_target = -1.000, adaptive_decay = 0.900
ollama-1  | slot launch_slot_: id  0 | task 11280 | processing task, is_child = 0
ollama-1  | slot   operator(): id  0 | task 11280 | new prompt, n_ctx_slot = 4096, n_keep = 4, task.n_tokens = 686
ollama-1  | slot   operator(): id  0 | task 11280 | cached n_tokens = 379, memory_seq_rm [379, end)
ollama-1  | slot init_sampler: id  0 | task 11280 | init sampler, took 0.06 ms, tokens: text = 686, total = 686
ollama-1  | [GIN] 2026/10/08 - 04:32:51 | 200 |      27.359µs |       127.0.0.1 | HEAD     "/"
ollama-1  | [GIN] 2026/10/08 - 04:32:51 | 200 |    1.440142ms |       127.0.0.1 | GET      "/api/tags"
ollama-1  | slot print_timing: id  0 | task 11280 | prompt eval time =    2288.54 ms /   307 tokens (    7.45 ms per token,   134.15 tokens per second)
ollama-1  | slot print_timing: id  0 | task 11280 |        eval time =     282.04 ms /     9 tokens (   35.25 ms per token,    28.37 tokens per second)
ollama-1  | slot print_timing: id  0 | task 11280 |       total time =    2570.57 ms /   316 tokens
ollama-1  | slot print_timing: id  0 | task 11280 |    graphs reused =       8099
ollama-1  | slot      release: id  0 | task 11280 | stop processing: n_tokens = 694, truncated = 0
ollama-1  | srv  update_slots: all slots are idle
ollama-1  | [GIN] 2026/10/08 - 04:32:52 | 200 |          1m2s |      172.21.0.4 | POST     "/api/generate"
ollama-1  | srv  server_strea: conv_id= (empty=1)
ollama-1  | slot get_availabl: id  0 | task -1 |  - checking sim = 0.729 (379/520) > 0.100
ollama-1  | slot get_availabl: id  0 | task -1 | selected slot by LCP similarity, f_sim_best = 0.729 (> 0.100 thold), f_keep = 0.546
ollama-1  | slot launch_slot_: id  0 | task -1 | sampler chain: logits -> ?penalties -> ?dry -> ?top-n-sigma -> top-k -> ?typical -> top-p -> ?min-p -> ?xtc -> temp-ext -> dist 
ollama-1  | slot launch_slot_: id  0 | task -1 | sampler params: 
ollama-1  | 	repeat_last_n = 64, repeat_penalty = 1.000, frequency_penalty = 0.000, presence_penalty = 0.000
ollama-1  | 	dry_multiplier = 0.000, dry_base = 1.750, dry_allowed_length = 2, dry_penalty_last_n = 64
ollama-1  | 	top_k = 40, top_p = 0.900, min_p = 0.000, xtc_probability = 0.000, xtc_threshold = 0.100, typical_p = 1.000, top_n_sigma = -1.000, temp = 0.000
ollama-1  | 	mirostat = 0, mirostat_lr = 0.100, mirostat_ent = 5.000, adaptive_target = -1.000, adaptive_decay = 0.900
ollama-1  | slot launch_slot_: id  0 | task 11290 | processing task, is_child = 0
ollama-1  | slot   operator(): id  0 | task 11290 | new prompt, n_ctx_slot = 4096, n_keep = 4, task.n_tokens = 520
ollama-1  | slot   operator(): id  0 | task 11290 | cached n_tokens = 379, memory_seq_rm [379, end)
ollama-1  | slot init_sampler: id  0 | task 11290 | init sampler, took 0.04 ms, tokens: text = 520, total = 520
ollama-1  | slot print_timing: id  0 | task 11290 | prompt eval time =    1077.93 ms /   141 tokens (    7.64 ms per token,   130.81 tokens per second)
ollama-1  | slot print_timing: id  0 | task 11290 |        eval time =     280.89 ms /     9 tokens (   35.11 ms per token,    28.48 tokens per second)
ollama-1  | slot print_timing: id  0 | task 11290 |       total time =    1358.82 ms /   150 tokens
ollama-1  | slot print_timing: id  0 | task 11290 |    graphs reused =       8106
ollama-1  | slot      release: id  0 | task 11290 | stop processing: n_tokens = 528, truncated = 0
ollama-1  | srv  update_slots: all slots are idle
ollama-1  | [GIN] 2026/10/08 - 04:32:54 | 200 |          1m0s |      172.21.0.4 | POST     "/api/generate"
ollama-1  | srv  server_strea: conv_id= (empty=1)
ollama-1  | slot get_availabl: id  0 | task -1 |  - checking sim = 0.790 (379/480) > 0.100
ollama-1  | slot get_availabl: id  0 | task -1 | selected slot by LCP similarity, f_sim_best = 0.790 (> 0.100 thold), f_keep = 0.718
ollama-1  | slot launch_slot_: id  0 | task -1 | sampler chain: logits -> ?penalties -> ?dry -> ?top-n-sigma -> top-k -> ?typical -> top-p -> ?min-p -> ?xtc -> temp-ext -> dist 
ollama-1  | slot launch_slot_: id  0 | task -1 | sampler params: 
ollama-1  | 	repeat_last_n = 64, repeat_penalty = 1.000, frequency_penalty = 0.000, presence_penalty = 0.000
ollama-1  | 	dry_multiplier = 0.000, dry_base = 1.750, dry_allowed_length = 2, dry_penalty_last_n = 64
ollama-1  | 	top_k = 40, top_p = 0.900, min_p = 0.000, xtc_probability = 0.000, xtc_threshold = 0.100, typical_p = 1.000, top_n_sigma = -1.000, temp = 0.000
ollama-1  | 	mirostat = 0, mirostat_lr = 0.100, mirostat_ent = 5.000, adaptive_target = -1.000, adaptive_decay = 0.900
ollama-1  | slot launch_slot_: id  0 | task 11300 | processing task, is_child = 0
ollama-1  | slot   operator(): id  0 | task 11300 | new prompt, n_ctx_slot = 4096, n_keep = 4, task.n_tokens = 480
ollama-1  | slot   operator(): id  0 | task 11300 | cached n_tokens = 379, memory_seq_rm [379, end)
ollama-1  | slot init_sampler: id  0 | task 11300 | init sampler, took 0.06 ms, tokens: text = 480, total = 480
ollama-1  | slot print_timing: id  0 | task 11300 | prompt eval time =     765.00 ms /   101 tokens (    7.57 ms per token,   132.03 tokens per second)
ollama-1  | slot print_timing: id  0 | task 11300 |        eval time =     273.17 ms /     9 tokens (   34.15 ms per token,    29.29 tokens per second)
ollama-1  | slot print_timing: id  0 | task 11300 |       total time =    1038.17 ms /   110 tokens
ollama-1  | slot print_timing: id  0 | task 11300 |    graphs reused =       8113
ollama-1  | slot      release: id  0 | task 11300 | stop processing: n_tokens = 488, truncated = 0
ollama-1  | srv  update_slots: all slots are idle
ollama-1  | [GIN] 2026/10/08 - 04:32:55 | 200 |          1m0s |      172.21.0.4 | POST     "/api/generate"
ollama-1  | srv  server_strea: conv_id= (empty=1)
ollama-1  | slot get_availabl: id  0 | task -1 |  - checking sim = 0.630 (379/602) > 0.100
ollama-1  | slot get_availabl: id  0 | task -1 | selected slot by LCP similarity, f_sim_best = 0.630 (> 0.100 thold), f_keep = 0.777
ollama-1  | slot launch_slot_: id  0 | task -1 | sampler chain: logits -> ?penalties -> ?dry -> ?top-n-sigma -> top-k -> ?typical -> top-p -> ?min-p -> ?xtc -> temp-ext -> dist 
ollama-1  | slot launch_slot_: id  0 | task -1 | sampler params: 
ollama-1  | 	repeat_last_n = 64, repeat_penalty = 1.000, frequency_penalty = 0.000, presence_penalty = 0.000
ollama-1  | 	dry_multiplier = 0.000, dry_base = 1.750, dry_allowed_length = 2, dry_penalty_last_n = 64
ollama-1  | 	top_k = 40, top_p = 0.900, min_p = 0.000, xtc_probability = 0.000, xtc_threshold = 0.100, typical_p = 1.000, top_n_sigma = -1.000, temp = 0.000
ollama-1  | 	mirostat = 0, mirostat_lr = 0.100, mirostat_ent = 5.000, adaptive_target = -1.000, adaptive_decay = 0.900
ollama-1  | slot launch_slot_: id  0 | task 11310 | processing task, is_child = 0
ollama-1  | slot   operator(): id  0 | task 11310 | new prompt, n_ctx_slot = 4096, n_keep = 4, task.n_tokens = 602
ollama-1  | slot   operator(): id  0 | task 11310 | cached n_tokens = 379, memory_seq_rm [379, end)
ollama-1  | slot init_sampler: id  0 | task 11310 | init sampler, took 0.05 ms, tokens: text = 602, total = 602
ollama-1  | slot print_timing: id  0 | task 11310 | prompt eval time =    1666.80 ms /   223 tokens (    7.47 ms per token,   133.79 tokens per second)
ollama-1  | slot print_timing: id  0 | task 11310 |        eval time =     359.94 ms /    11 tokens (   35.99 ms per token,    27.78 tokens per second)
ollama-1  | slot print_timing: id  0 | task 11310 |       total time =    2026.74 ms /   234 tokens
ollama-1  | slot print_timing: id  0 | task 11310 |    graphs reused =       8122
ollama-1  | slot      release: id  0 | task 11310 | stop processing: n_tokens = 612, truncated = 0
ollama-1  | srv  update_slots: all slots are idle
ollama-1  | [GIN] 2026/10/08 - 04:32:57 | 200 |          1m1s |      172.21.0.4 | POST     "/api/generate"
ollama-1  | srv  server_strea: conv_id= (empty=1)
ollama-1  | slot get_availabl: id  0 | task -1 |  - checking sim = 0.492 (379/771) > 0.100
ollama-1  | slot get_availabl: id  0 | task -1 | selected slot by LCP similarity, f_sim_best = 0.492 (> 0.100 thold), f_keep = 0.619
ollama-1  | slot launch_slot_: id  0 | task -1 | sampler chain: logits -> ?penalties -> ?dry -> ?top-n-sigma -> top-k -> ?typical -> top-p -> ?min-p -> ?xtc -> temp-ext -> dist 
ollama-1  | slot launch_slot_: id  0 | task -1 | sampler params: 
ollama-1  | 	repeat_last_n = 64, repeat_penalty = 1.000, frequency_penalty = 0.000, presence_penalty = 0.000
ollama-1  | 	dry_multiplier = 0.000, dry_base = 1.750, dry_allowed_length = 2, dry_penalty_last_n = 64
ollama-1  | 	top_k = 40, top_p = 0.900, min_p = 0.000, xtc_probability = 0.000, xtc_threshold = 0.100, typical_p = 1.000, top_n_sigma = -1.000, temp = 0.000
ollama-1  | 	mirostat = 0, mirostat_lr = 0.100, mirostat_ent = 5.000, adaptive_target = -1.000, adaptive_decay = 0.900
ollama-1  | slot launch_slot_: id  0 | task 11322 | processing task, is_child = 0
ollama-1  | slot   operator(): id  0 | task 11322 | new prompt, n_ctx_slot = 4096, n_keep = 4, task.n_tokens = 771
ollama-1  | slot   operator(): id  0 | task 11322 | cached n_tokens = 379, memory_seq_rm [379, end)
ollama-1  | slot init_sampler: id  0 | task 11322 | init sampler, took 0.07 ms, tokens: text = 771, total = 771
ollama-1  | slot print_timing: id  0 | task 11322 | prompt eval time =    2877.87 ms /   392 tokens (    7.34 ms per token,   136.21 tokens per second)
ollama-1  | slot print_timing: id  0 | task 11322 |        eval time =     317.55 ms /     9 tokens (   39.69 ms per token,    25.19 tokens per second)
ollama-1  | slot print_timing: id  0 | task 11322 |       total time =    3195.42 ms /   401 tokens
ollama-1  | slot print_timing: id  0 | task 11322 |    graphs reused =       8129
ollama-1  | slot      release: id  0 | task 11322 | stop processing: n_tokens = 779, truncated = 0
ollama-1  | srv  update_slots: all slots are idle
ollama-1  | [GIN] 2026/10/08 - 04:33:00 | 200 |          1m1s |      172.21.0.4 | POST     "/api/generate"
ollama-1  | srv  server_strea: conv_id= (empty=1)
ollama-1  | slot get_availabl: id  0 | task -1 |  - checking sim = 0.501 (379/756) > 0.100
ollama-1  | slot get_availabl: id  0 | task -1 | selected slot by LCP similarity, f_sim_best = 0.501 (> 0.100 thold), f_keep = 0.487
ollama-1  | srv  get_availabl: updating prompt cache
ollama-1  | srv   prompt_save:  - saving prompt with length 779, total state size = 292.135 MiB (draft: 0.000 MiB)
ollama-1  | srv          load:  - looking for better prompt, base f_keep = 0.487, f_sim = 0.501
ollama-1  | srv          load:    - prompt with length     764, lcp =     379, f_keep = 0.496, f_sim = 0.501
ollama-1  | srv          load:    - prompt with length     774, lcp =     379, f_keep = 0.490, f_sim = 0.501
ollama-1  | srv          load:    - prompt with length     873, lcp =     379, f_keep = 0.434, f_sim = 0.501
ollama-1  | srv          load:    - prompt with length     827, lcp =     379, f_keep = 0.458, f_sim = 0.501
ollama-1  | srv          load:    - prompt with length     836, lcp =     379, f_keep = 0.453, f_sim = 0.501
ollama-1  | srv          load:    - prompt with length     796, lcp =     379, f_keep = 0.476, f_sim = 0.501
ollama-1  | srv          load:    - prompt with length     789, lcp =     379, f_keep = 0.480, f_sim = 0.501
ollama-1  | srv          load:    - prompt with length     890, lcp =     379, f_keep = 0.426, f_sim = 0.501
ollama-1  | srv          load:    - prompt with length     771, lcp =     379, f_keep = 0.492, f_sim = 0.501
ollama-1  | srv          load:    - prompt with length     904, lcp =     379, f_keep = 0.419, f_sim = 0.501
ollama-1  | srv          load:    - prompt with length     900, lcp =     379, f_keep = 0.421, f_sim = 0.501
ollama-1  | srv          load:    - prompt with length     774, lcp =     379, f_keep = 0.490, f_sim = 0.501
ollama-1  | srv          load:    - prompt with length     840, lcp =     379, f_keep = 0.451, f_sim = 0.501
ollama-1  | srv          load:    - prompt with length     770, lcp =     379, f_keep = 0.492, f_sim = 0.501
ollama-1  | srv          load:    - prompt with length     846, lcp =     379, f_keep = 0.448, f_sim = 0.501
ollama-1  | srv          load:    - prompt with length     827, lcp =     379, f_keep = 0.458, f_sim = 0.501
ollama-1  | srv          load:    - prompt with length     888, lcp =     379, f_keep = 0.427, f_sim = 0.501
ollama-1  | srv          load:    - prompt with length     942, lcp =     379, f_keep = 0.402, f_sim = 0.501
ollama-1  | srv          load:    - prompt with length     835, lcp =     379, f_keep = 0.454, f_sim = 0.501
ollama-1  | srv          load:    - prompt with length     835, lcp =     379, f_keep = 0.454, f_sim = 0.501
ollama-1  | srv          load:    - prompt with length     837, lcp =     379, f_keep = 0.453, f_sim = 0.501
ollama-1  | srv          load:    - prompt with length     810, lcp =     379, f_keep = 0.468, f_sim = 0.501
ollama-1  | srv          load:    - prompt with length     893, lcp =     379, f_keep = 0.424, f_sim = 0.501
ollama-1  | srv          load:    - prompt with length    1243, lcp =     379, f_keep = 0.305, f_sim = 0.501
ollama-1  | srv          load:    - prompt with length     779, lcp =     379, f_keep = 0.487, f_sim = 0.501
ollama-1  | srv        update:  - cache state: 25 prompts, 7966.387 MiB (limits: 8192.000 MiB, 4096 tokens, 21844 est)
ollama-1  | srv        update:    - prompt 0x39544a40:     764 tokens, checkpoints:  0,   286.509 MiB
ollama-1  | srv        update:    - prompt 0x39541bb0:     774 tokens, checkpoints:  0,   290.260 MiB
ollama-1  | srv        update:    - prompt 0x39530080:     873 tokens, checkpoints:  0,   327.386 MiB
ollama-1  | srv        update:    - prompt 0x3990f8f0:     827 tokens, checkpoints:  0,   310.135 MiB
ollama-1  | srv        update:    - prompt 0x39541d10:     836 tokens, checkpoints:  0,   313.510 MiB
ollama-1  | srv        update:    - prompt 0x39541c60:     796 tokens, checkpoints:  0,   298.510 MiB
ollama-1  | srv        update:    - prompt 0x3bd03820:     789 tokens, checkpoints:  0,   295.885 MiB
ollama-1  | srv        update:    - prompt 0x3bd03980:     890 tokens, checkpoints:  0,   333.761 MiB
ollama-1  | srv        update:    - prompt 0x3bd1ec30:     771 tokens, checkpoints:  0,   289.135 MiB
ollama-1  | srv        update:    - prompt 0x39521940:     904 tokens, checkpoints:  0,   339.011 MiB
ollama-1  | srv        update:    - prompt 0x39903680:     900 tokens, checkpoints:  0,   337.511 MiB
ollama-1  | srv        update:    - prompt 0x3bd27a40:     774 tokens, checkpoints:  0,   290.260 MiB
ollama-1  | srv        update:    - prompt 0x3bcf25a0:     840 tokens, checkpoints:  0,   315.010 MiB
ollama-1  | srv        update:    - prompt 0x3bd306b0:     770 tokens, checkpoints:  0,   288.760 MiB
ollama-1  | srv        update:    - prompt 0x3bcf1110:     846 tokens, checkpoints:  0,   317.260 MiB
ollama-1  | srv        update:    - prompt 0x39536010:     827 tokens, checkpoints:  0,   310.135 MiB
ollama-1  | srv        update:    - prompt 0x3bd30760:     888 tokens, checkpoints:  0,   333.011 MiB
ollama-1  | srv        update:    - prompt 0x3beb80b0:     942 tokens, checkpoints:  0,   353.262 MiB
ollama-1  | srv        update:    - prompt 0x3bedb310:     835 tokens, checkpoints:  0,   313.135 MiB
ollama-1  | srv        update:    - prompt 0x39532a60:     835 tokens, checkpoints:  0,   313.135 MiB
ollama-1  | srv        update:    - prompt 0x3bcf2440:     837 tokens, checkpoints:  0,   313.885 MiB
ollama-1  | srv        update:    - prompt 0x3bd038d0:     810 tokens, checkpoints:  0,   303.760 MiB
ollama-1  | srv        update:    - prompt 0x3bd05200:     893 tokens, checkpoints:  0,   334.886 MiB
ollama-1  | srv        update:    - prompt 0x3952d930:    1243 tokens, checkpoints:  0,   466.140 MiB
ollama-1  | srv        update:    - prompt 0x3bd080a0:     779 tokens, checkpoints:  0,   292.135 MiB
ollama-1  | srv  get_availabl: prompt cache update took 165.71 ms
ollama-1  | slot launch_slot_: id  0 | task -1 | sampler chain: logits -> ?penalties -> ?dry -> ?top-n-sigma -> top-k -> ?typical -> top-p -> ?min-p -> ?xtc -> temp-ext -> dist 
ollama-1  | slot launch_slot_: id  0 | task -1 | sampler params: 
ollama-1  | 	repeat_last_n = 64, repeat_penalty = 1.000, frequency_penalty = 0.000, presence_penalty = 0.000
ollama-1  | 	dry_multiplier = 0.000, dry_base = 1.750, dry_allowed_length = 2, dry_penalty_last_n = 64
ollama-1  | 	top_k = 40, top_p = 0.900, min_p = 0.000, xtc_probability = 0.000, xtc_threshold = 0.100, typical_p = 1.000, top_n_sigma = -1.000, temp = 0.000
ollama-1  | 	mirostat = 0, mirostat_lr = 0.100, mirostat_ent = 5.000, adaptive_target = -1.000, adaptive_decay = 0.900
ollama-1  | slot launch_slot_: id  0 | task 11332 | processing task, is_child = 0
ollama-1  | slot   operator(): id  0 | task 11332 | new prompt, n_ctx_slot = 4096, n_keep = 4, task.n_tokens = 756
ollama-1  | slot   operator(): id  0 | task 11332 | cached n_tokens = 379, memory_seq_rm [379, end)
ollama-1  | slot init_sampler: id  0 | task 11332 | init sampler, took 0.07 ms, tokens: text = 756, total = 756
ollama-1  | [GIN] 2026/10/08 - 04:33:01 | 200 |      36.624µs |       127.0.0.1 | HEAD     "/"
ollama-1  | [GIN] 2026/10/08 - 04:33:01 | 200 |    1.312985ms |       127.0.0.1 | GET      "/api/tags"
ollama-1  | slot print_timing: id  0 | task 11332 | prompt eval time =    2738.97 ms /   377 tokens (    7.27 ms per token,   137.64 tokens per second)
ollama-1  | slot print_timing: id  0 | task 11332 |        eval time =     358.75 ms /    11 tokens (   35.88 ms per token,    27.87 tokens per second)
ollama-1  | slot print_timing: id  0 | task 11332 |       total time =    3097.73 ms /   388 tokens
ollama-1  | slot print_timing: id  0 | task 11332 |    graphs reused =       8138
ollama-1  | slot      release: id  0 | task 11332 | stop processing: n_tokens = 766, truncated = 0
ollama-1  | srv  update_slots: all slots are idle
ollama-1  | [GIN] 2026/10/08 - 04:33:03 | 200 |          1m3s |      172.21.0.4 | POST     "/api/generate"
ollama-1  | srv  server_strea: conv_id= (empty=1)
ollama-1  | slot get_availabl: id  0 | task -1 |  - checking sim = 0.535 (379/709) > 0.100
ollama-1  | slot get_availabl: id  0 | task -1 | selected slot by LCP similarity, f_sim_best = 0.535 (> 0.100 thold), f_keep = 0.495
ollama-1  | srv  get_availabl: updating prompt cache
ollama-1  | srv   prompt_save:  - saving prompt with length 766, total state size = 287.260 MiB (draft: 0.000 MiB)
ollama-1  | srv         alloc:  - making room for prompt cache entry, removing oldest entry (size = 286.509 MiB)
ollama-1  | srv          load:  - looking for better prompt, base f_keep = 0.495, f_sim = 0.535
ollama-1  | srv          load:    - prompt with length     774, lcp =     379, f_keep = 0.490, f_sim = 0.535
ollama-1  | srv          load:    - prompt with length     873, lcp =     379, f_keep = 0.434, f_sim = 0.535
ollama-1  | srv          load:    - prompt with length     827, lcp =     379, f_keep = 0.458, f_sim = 0.535
ollama-1  | srv          load:    - prompt with length     836, lcp =     379, f_keep = 0.453, f_sim = 0.535
ollama-1  | srv          load:    - prompt with length     796, lcp =     379, f_keep = 0.476, f_sim = 0.535
ollama-1  | srv          load:    - prompt with length     789, lcp =     379, f_keep = 0.480, f_sim = 0.535
ollama-1  | srv          load:    - prompt with length     890, lcp =     379, f_keep = 0.426, f_sim = 0.535
ollama-1  | srv          load:    - prompt with length     771, lcp =     379, f_keep = 0.492, f_sim = 0.535
ollama-1  | srv          load:    - prompt with length     904, lcp =     379, f_keep = 0.419, f_sim = 0.535
ollama-1  | srv          load:    - prompt with length     900, lcp =     379, f_keep = 0.421, f_sim = 0.535
ollama-1  | srv          load:    - prompt with length     774, lcp =     379, f_keep = 0.490, f_sim = 0.535
ollama-1  | srv          load:    - prompt with length     840, lcp =     379, f_keep = 0.451, f_sim = 0.535
ollama-1  | srv          load:    - prompt with length     770, lcp =     379, f_keep = 0.492, f_sim = 0.535
ollama-1  | srv          load:    - prompt with length     846, lcp =     379, f_keep = 0.448, f_sim = 0.535
ollama-1  | srv          load:    - prompt with length     827, lcp =     379, f_keep = 0.458, f_sim = 0.535
ollama-1  | srv          load:    - prompt with length     888, lcp =     379, f_keep = 0.427, f_sim = 0.535
ollama-1  | srv          load:    - prompt with length     942, lcp =     379, f_keep = 0.402, f_sim = 0.535
ollama-1  | srv          load:    - prompt with length     835, lcp =     379, f_keep = 0.454, f_sim = 0.535
ollama-1  | srv          load:    - prompt with length     835, lcp =     379, f_keep = 0.454, f_sim = 0.535
ollama-1  | srv          load:    - prompt with length     837, lcp =     379, f_keep = 0.453, f_sim = 0.535
ollama-1  | srv          load:    - prompt with length     810, lcp =     379, f_keep = 0.468, f_sim = 0.535
ollama-1  | srv          load:    - prompt with length     893, lcp =     379, f_keep = 0.424, f_sim = 0.535
ollama-1  | srv          load:    - prompt with length    1243, lcp =     379, f_keep = 0.305, f_sim = 0.535
ollama-1  | srv          load:    - prompt with length     779, lcp =     379, f_keep = 0.487, f_sim = 0.535
ollama-1  | srv          load:    - prompt with length     766, lcp =     379, f_keep = 0.495, f_sim = 0.535
ollama-1  | srv        update:  - cache state: 25 prompts, 7967.137 MiB (limits: 8192.000 MiB, 4096 tokens, 21844 est)
ollama-1  | srv        update:    - prompt 0x39541bb0:     774 tokens, checkpoints:  0,   290.260 MiB
ollama-1  | srv        update:    - prompt 0x39530080:     873 tokens, checkpoints:  0,   327.386 MiB
ollama-1  | srv        update:    - prompt 0x3990f8f0:     827 tokens, checkpoints:  0,   310.135 MiB
ollama-1  | srv        update:    - prompt 0x39541d10:     836 tokens, checkpoints:  0,   313.510 MiB
ollama-1  | srv        update:    - prompt 0x39541c60:     796 tokens, checkpoints:  0,   298.510 MiB
ollama-1  | srv        update:    - prompt 0x3bd03820:     789 tokens, checkpoints:  0,   295.885 MiB
ollama-1  | srv        update:    - prompt 0x3bd03980:     890 tokens, checkpoints:  0,   333.761 MiB
ollama-1  | srv        update:    - prompt 0x3bd1ec30:     771 tokens, checkpoints:  0,   289.135 MiB
ollama-1  | srv        update:    - prompt 0x39521940:     904 tokens, checkpoints:  0,   339.011 MiB
ollama-1  | srv        update:    - prompt 0x39903680:     900 tokens, checkpoints:  0,   337.511 MiB
ollama-1  | srv        update:    - prompt 0x3bd27a40:     774 tokens, checkpoints:  0,   290.260 MiB
ollama-1  | srv        update:    - prompt 0x3bcf25a0:     840 tokens, checkpoints:  0,   315.010 MiB
ollama-1  | srv        update:    - prompt 0x3bd306b0:     770 tokens, checkpoints:  0,   288.760 MiB
ollama-1  | srv        update:    - prompt 0x3bcf1110:     846 tokens, checkpoints:  0,   317.260 MiB
ollama-1  | srv        update:    - prompt 0x39536010:     827 tokens, checkpoints:  0,   310.135 MiB
ollama-1  | srv        update:    - prompt 0x3bd30760:     888 tokens, checkpoints:  0,   333.011 MiB
ollama-1  | srv        update:    - prompt 0x3beb80b0:     942 tokens, checkpoints:  0,   353.262 MiB
ollama-1  | srv        update:    - prompt 0x3bedb310:     835 tokens, checkpoints:  0,   313.135 MiB
ollama-1  | srv        update:    - prompt 0x39532a60:     835 tokens, checkpoints:  0,   313.135 MiB
ollama-1  | srv        update:    - prompt 0x3bcf2440:     837 tokens, checkpoints:  0,   313.885 MiB
ollama-1  | srv        update:    - prompt 0x3bd038d0:     810 tokens, checkpoints:  0,   303.760 MiB
ollama-1  | srv        update:    - prompt 0x3bd05200:     893 tokens, checkpoints:  0,   334.886 MiB
ollama-1  | srv        update:    - prompt 0x3952d930:    1243 tokens, checkpoints:  0,   466.140 MiB
ollama-1  | srv        update:    - prompt 0x3bd080a0:     779 tokens, checkpoints:  0,   292.135 MiB
ollama-1  | srv        update:    - prompt 0x39544a40:     766 tokens, checkpoints:  0,   287.260 MiB
ollama-1  | srv  get_availabl: prompt cache update took 131.27 ms
ollama-1  | slot launch_slot_: id  0 | task -1 | sampler chain: logits -> ?penalties -> ?dry -> ?top-n-sigma -> top-k -> ?typical -> top-p -> ?min-p -> ?xtc -> temp-ext -> dist 
ollama-1  | slot launch_slot_: id  0 | task -1 | sampler params: 
ollama-1  | 	repeat_last_n = 64, repeat_penalty = 1.000, frequency_penalty = 0.000, presence_penalty = 0.000
ollama-1  | 	dry_multiplier = 0.000, dry_base = 1.750, dry_allowed_length = 2, dry_penalty_last_n = 64
ollama-1  | 	top_k = 40, top_p = 0.900, min_p = 0.000, xtc_probability = 0.000, xtc_threshold = 0.100, typical_p = 1.000, top_n_sigma = -1.000, temp = 0.000
ollama-1  | 	mirostat = 0, mirostat_lr = 0.100, mirostat_ent = 5.000, adaptive_target = -1.000, adaptive_decay = 0.900
ollama-1  | slot launch_slot_: id  0 | task 11344 | processing task, is_child = 0
ollama-1  | slot   operator(): id  0 | task 11344 | new prompt, n_ctx_slot = 4096, n_keep = 4, task.n_tokens = 709
ollama-1  | slot   operator(): id  0 | task 11344 | cached n_tokens = 379, memory_seq_rm [379, end)
ollama-1  | slot init_sampler: id  0 | task 11344 | init sampler, took 0.06 ms, tokens: text = 709, total = 709
ollama-1  | slot print_timing: id  0 | task 11344 | prompt eval time =    2400.39 ms /   330 tokens (    7.27 ms per token,   137.48 tokens per second)
ollama-1  | slot print_timing: id  0 | task 11344 |        eval time =     369.38 ms /    11 tokens (   36.94 ms per token,    27.07 tokens per second)
ollama-1  | slot print_timing: id  0 | task 11344 |       total time =    2769.77 ms /   341 tokens
ollama-1  | slot print_timing: id  0 | task 11344 |    graphs reused =       8147
ollama-1  | slot      release: id  0 | task 11344 | stop processing: n_tokens = 719, truncated = 0
ollama-1  | srv  update_slots: all slots are idle
ollama-1  | [GIN] 2026/10/08 - 04:33:06 | 200 |          1m5s |      172.21.0.4 | POST     "/api/generate"
ollama-1  | srv  server_strea: conv_id= (empty=1)
ollama-1  | slot get_availabl: id  0 | task -1 |  - checking sim = 0.750 (379/505) > 0.100
ollama-1  | slot get_availabl: id  0 | task -1 | selected slot by LCP similarity, f_sim_best = 0.750 (> 0.100 thold), f_keep = 0.527
ollama-1  | slot launch_slot_: id  0 | task -1 | sampler chain: logits -> ?penalties -> ?dry -> ?top-n-sigma -> top-k -> ?typical -> top-p -> ?min-p -> ?xtc -> temp-ext -> dist 
ollama-1  | slot launch_slot_: id  0 | task -1 | sampler params: 
ollama-1  | 	repeat_last_n = 64, repeat_penalty = 1.000, frequency_penalty = 0.000, presence_penalty = 0.000
ollama-1  | 	dry_multiplier = 0.000, dry_base = 1.750, dry_allowed_length = 2, dry_penalty_last_n = 64
ollama-1  | 	top_k = 40, top_p = 0.900, min_p = 0.000, xtc_probability = 0.000, xtc_threshold = 0.100, typical_p = 1.000, top_n_sigma = -1.000, temp = 0.000
ollama-1  | 	mirostat = 0, mirostat_lr = 0.100, mirostat_ent = 5.000, adaptive_target = -1.000, adaptive_decay = 0.900
ollama-1  | slot launch_slot_: id  0 | task 11356 | processing task, is_child = 0
ollama-1  | slot   operator(): id  0 | task 11356 | new prompt, n_ctx_slot = 4096, n_keep = 4, task.n_tokens = 505
ollama-1  | slot   operator(): id  0 | task 11356 | cached n_tokens = 379, memory_seq_rm [379, end)
ollama-1  | slot init_sampler: id  0 | task 11356 | init sampler, took 0.04 ms, tokens: text = 505, total = 505
ollama-1  | slot print_timing: id  0 | task 11356 | prompt eval time =     904.14 ms /   126 tokens (    7.18 ms per token,   139.36 tokens per second)
ollama-1  | slot print_timing: id  0 | task 11356 |        eval time =     345.10 ms /    11 tokens (   34.51 ms per token,    28.98 tokens per second)
ollama-1  | slot print_timing: id  0 | task 11356 |       total time =    1249.25 ms /   137 tokens
ollama-1  | slot print_timing: id  0 | task 11356 |    graphs reused =       8155
ollama-1  | slot      release: id  0 | task 11356 | stop processing: n_tokens = 515, truncated = 0
ollama-1  | srv  update_slots: all slots are idle
ollama-1  | [GIN] 2026/10/08 - 04:33:07 | 200 |          1m5s |      172.21.0.4 | POST     "/api/generate"
ollama-1  | srv  server_strea: conv_id= (empty=1)
ollama-1  | slot get_availabl: id  0 | task -1 |  - checking sim = 0.704 (379/538) > 0.100
ollama-1  | slot get_availabl: id  0 | task -1 | selected slot by LCP similarity, f_sim_best = 0.704 (> 0.100 thold), f_keep = 0.736
ollama-1  | slot launch_slot_: id  0 | task -1 | sampler chain: logits -> ?penalties -> ?dry -> ?top-n-sigma -> top-k -> ?typical -> top-p -> ?min-p -> ?xtc -> temp-ext -> dist 
ollama-1  | slot launch_slot_: id  0 | task -1 | sampler params: 
ollama-1  | 	repeat_last_n = 64, repeat_penalty = 1.000, frequency_penalty = 0.000, presence_penalty = 0.000
ollama-1  | 	dry_multiplier = 0.000, dry_base = 1.750, dry_allowed_length = 2, dry_penalty_last_n = 64
ollama-1  | 	top_k = 40, top_p = 0.900, min_p = 0.000, xtc_probability = 0.000, xtc_threshold = 0.100, typical_p = 1.000, top_n_sigma = -1.000, temp = 0.000
ollama-1  | 	mirostat = 0, mirostat_lr = 0.100, mirostat_ent = 5.000, adaptive_target = -1.000, adaptive_decay = 0.900
ollama-1  | slot launch_slot_: id  0 | task 11368 | processing task, is_child = 0
ollama-1  | slot   operator(): id  0 | task 11368 | new prompt, n_ctx_slot = 4096, n_keep = 4, task.n_tokens = 538
ollama-1  | slot   operator(): id  0 | task 11368 | cached n_tokens = 379, memory_seq_rm [379, end)
ollama-1  | slot init_sampler: id  0 | task 11368 | init sampler, took 0.06 ms, tokens: text = 538, total = 538
ollama-1  | slot print_timing: id  0 | task 11368 | prompt eval time =    1221.55 ms /   159 tokens (    7.68 ms per token,   130.16 tokens per second)
ollama-1  | slot print_timing: id  0 | task 11368 |        eval time =     351.00 ms /    11 tokens (   35.10 ms per token,    28.49 tokens per second)
ollama-1  | slot print_timing: id  0 | task 11368 |       total time =    1572.55 ms /   170 tokens
ollama-1  | slot print_timing: id  0 | task 11368 |    graphs reused =       8164
ollama-1  | slot      release: id  0 | task 11368 | stop processing: n_tokens = 548, truncated = 0
ollama-1  | srv  update_slots: all slots are idle
ollama-1  | [GIN] 2026/10/08 - 04:33:09 | 200 |          1m4s |      172.21.0.4 | POST     "/api/generate"
ollama-1  | srv  server_strea: conv_id= (empty=1)
ollama-1  | slot get_availabl: id  0 | task -1 |  - checking sim = 0.721 (379/526) > 0.100
ollama-1  | slot get_availabl: id  0 | task -1 | selected slot by LCP similarity, f_sim_best = 0.721 (> 0.100 thold), f_keep = 0.692
ollama-1  | slot launch_slot_: id  0 | task -1 | sampler chain: logits -> ?penalties -> ?dry -> ?top-n-sigma -> top-k -> ?typical -> top-p -> ?min-p -> ?xtc -> temp-ext -> dist 
ollama-1  | slot launch_slot_: id  0 | task -1 | sampler params: 
ollama-1  | 	repeat_last_n = 64, repeat_penalty = 1.000, frequency_penalty = 0.000, presence_penalty = 0.000
ollama-1  | 	dry_multiplier = 0.000, dry_base = 1.750, dry_allowed_length = 2, dry_penalty_last_n = 64
ollama-1  | 	top_k = 40, top_p = 0.900, min_p = 0.000, xtc_probability = 0.000, xtc_threshold = 0.100, typical_p = 1.000, top_n_sigma = -1.000, temp = 0.000
ollama-1  | 	mirostat = 0, mirostat_lr = 0.100, mirostat_ent = 5.000, adaptive_target = -1.000, adaptive_decay = 0.900
ollama-1  | slot launch_slot_: id  0 | task 11380 | processing task, is_child = 0
ollama-1  | slot   operator(): id  0 | task 11380 | new prompt, n_ctx_slot = 4096, n_keep = 4, task.n_tokens = 526
ollama-1  | slot   operator(): id  0 | task 11380 | cached n_tokens = 379, memory_seq_rm [379, end)
ollama-1  | slot init_sampler: id  0 | task 11380 | init sampler, took 0.06 ms, tokens: text = 526, total = 526
ollama-1  | slot print_timing: id  0 | task 11380 | prompt eval time =    1107.09 ms /   147 tokens (    7.53 ms per token,   132.78 tokens per second)
ollama-1  | slot print_timing: id  0 | task 11380 |        eval time =     367.07 ms /    11 tokens (   36.71 ms per token,    27.24 tokens per second)
ollama-1  | slot print_timing: id  0 | task 11380 |       total time =    1474.16 ms /   158 tokens
ollama-1  | slot print_timing: id  0 | task 11380 |    graphs reused =       8173
ollama-1  | slot      release: id  0 | task 11380 | stop processing: n_tokens = 536, truncated = 0
ollama-1  | srv  update_slots: all slots are idle
ollama-1  | [GIN] 2026/10/08 - 04:33:10 | 200 |          1m3s |      172.21.0.4 | POST     "/api/generate"
ollama-1  | srv  server_strea: conv_id= (empty=1)
ollama-1  | slot get_availabl: id  0 | task -1 |  - checking sim = 0.471 (379/805) > 0.100
ollama-1  | slot get_availabl: id  0 | task -1 | selected slot by LCP similarity, f_sim_best = 0.471 (> 0.100 thold), f_keep = 0.707
ollama-1  | slot launch_slot_: id  0 | task -1 | sampler chain: logits -> ?penalties -> ?dry -> ?top-n-sigma -> top-k -> ?typical -> top-p -> ?min-p -> ?xtc -> temp-ext -> dist 
ollama-1  | slot launch_slot_: id  0 | task -1 | sampler params: 
ollama-1  | 	repeat_last_n = 64, repeat_penalty = 1.000, frequency_penalty = 0.000, presence_penalty = 0.000
ollama-1  | 	dry_multiplier = 0.000, dry_base = 1.750, dry_allowed_length = 2, dry_penalty_last_n = 64
ollama-1  | 	top_k = 40, top_p = 0.900, min_p = 0.000, xtc_probability = 0.000, xtc_threshold = 0.100, typical_p = 1.000, top_n_sigma = -1.000, temp = 0.000
ollama-1  | 	mirostat = 0, mirostat_lr = 0.100, mirostat_ent = 5.000, adaptive_target = -1.000, adaptive_decay = 0.900
ollama-1  | slot launch_slot_: id  0 | task 11392 | processing task, is_child = 0
ollama-1  | slot   operator(): id  0 | task 11392 | new prompt, n_ctx_slot = 4096, n_keep = 4, task.n_tokens = 805
ollama-1  | slot   operator(): id  0 | task 11392 | cached n_tokens = 379, memory_seq_rm [379, end)
ollama-1  | slot init_sampler: id  0 | task 11392 | init sampler, took 0.10 ms, tokens: text = 805, total = 805
ollama-1  | [GIN] 2026/10/08 - 04:33:11 | 200 |      29.751µs |       127.0.0.1 | HEAD     "/"
ollama-1  | [GIN] 2026/10/08 - 04:33:11 | 200 |    1.371177ms |       127.0.0.1 | GET      "/api/tags"
ollama-1  | slot print_timing: id  0 | task 11392 | prompt eval time =    3157.17 ms /   426 tokens (    7.41 ms per token,   134.93 tokens per second)
ollama-1  | slot print_timing: id  0 | task 11392 |        eval time =     296.81 ms /     9 tokens (   37.10 ms per token,    26.95 tokens per second)
ollama-1  | slot print_timing: id  0 | task 11392 |       total time =    3453.98 ms /   435 tokens
ollama-1  | slot print_timing: id  0 | task 11392 |    graphs reused =       8180
ollama-1  | slot      release: id  0 | task 11392 | stop processing: n_tokens = 813, truncated = 0
ollama-1  | srv  update_slots: all slots are idle
ollama-1  | [GIN] 2026/10/08 - 04:33:14 | 200 |          1m5s |      172.21.0.4 | POST     "/api/generate"
ollama-1  | srv  server_strea: conv_id= (empty=1)
ollama-1  | slot get_availabl: id  0 | task -1 |  - checking sim = 0.520 (379/729) > 0.100
ollama-1  | slot get_availabl: id  0 | task -1 | selected slot by LCP similarity, f_sim_best = 0.520 (> 0.100 thold), f_keep = 0.466
ollama-1  | srv  get_availabl: updating prompt cache
ollama-1  | srv   prompt_save:  - saving prompt with length 813, total state size = 304.885 MiB (draft: 0.000 MiB)
ollama-1  | srv         alloc:  - making room for prompt cache entry, removing oldest entry (size = 290.260 MiB)
ollama-1  | srv          load:  - looking for better prompt, base f_keep = 0.466, f_sim = 0.520
ollama-1  | srv          load:    - prompt with length     873, lcp =     384, f_keep = 0.440, f_sim = 0.527
ollama-1  | srv          load:    - prompt with length     827, lcp =     379, f_keep = 0.458, f_sim = 0.520
ollama-1  | srv          load:    - prompt with length     836, lcp =     379, f_keep = 0.453, f_sim = 0.520
ollama-1  | srv          load:    - prompt with length     796, lcp =     379, f_keep = 0.476, f_sim = 0.520
ollama-1  | srv          load:    - prompt with length     789, lcp =     379, f_keep = 0.480, f_sim = 0.520
ollama-1  | srv          load:    - prompt with length     890, lcp =     379, f_keep = 0.426, f_sim = 0.520
ollama-1  | srv          load:    - prompt with length     771, lcp =     379, f_keep = 0.492, f_sim = 0.520
ollama-1  | srv          load:    - prompt with length     904, lcp =     379, f_keep = 0.419, f_sim = 0.520
ollama-1  | srv          load:    - prompt with length     900, lcp =     379, f_keep = 0.421, f_sim = 0.520
ollama-1  | srv          load:    - prompt with length     774, lcp =     379, f_keep = 0.490, f_sim = 0.520
ollama-1  | srv          load:    - prompt with length     840, lcp =     379, f_keep = 0.451, f_sim = 0.520
ollama-1  | srv          load:    - prompt with length     770, lcp =     379, f_keep = 0.492, f_sim = 0.520
ollama-1  | srv          load:    - prompt with length     846, lcp =     379, f_keep = 0.448, f_sim = 0.520
ollama-1  | srv          load:    - prompt with length     827, lcp =     379, f_keep = 0.458, f_sim = 0.520
ollama-1  | srv          load:    - prompt with length     888, lcp =     379, f_keep = 0.427, f_sim = 0.520
ollama-1  | srv          load:    - prompt with length     942, lcp =     379, f_keep = 0.402, f_sim = 0.520
ollama-1  | srv          load:    - prompt with length     835, lcp =     379, f_keep = 0.454, f_sim = 0.520
ollama-1  | srv          load:    - prompt with length     835, lcp =     379, f_keep = 0.454, f_sim = 0.520
ollama-1  | srv          load:    - prompt with length     837, lcp =     379, f_keep = 0.453, f_sim = 0.520
ollama-1  | srv          load:    - prompt with length     810, lcp =     379, f_keep = 0.468, f_sim = 0.520
ollama-1  | srv          load:    - prompt with length     893, lcp =     379, f_keep = 0.424, f_sim = 0.520
ollama-1  | srv          load:    - prompt with length    1243, lcp =     379, f_keep = 0.305, f_sim = 0.520
ollama-1  | srv          load:    - prompt with length     779, lcp =     379, f_keep = 0.487, f_sim = 0.520
ollama-1  | srv          load:    - prompt with length     766, lcp =     379, f_keep = 0.495, f_sim = 0.520
ollama-1  | srv          load:    - prompt with length     813, lcp =     379, f_keep = 0.466, f_sim = 0.520
ollama-1  | srv        update:  - cache state: 25 prompts, 7981.762 MiB (limits: 8192.000 MiB, 4096 tokens, 21844 est)
ollama-1  | srv        update:    - prompt 0x39530080:     873 tokens, checkpoints:  0,   327.386 MiB
ollama-1  | srv        update:    - prompt 0x3990f8f0:     827 tokens, checkpoints:  0,   310.135 MiB
ollama-1  | srv        update:    - prompt 0x39541d10:     836 tokens, checkpoints:  0,   313.510 MiB
ollama-1  | srv        update:    - prompt 0x39541c60:     796 tokens, checkpoints:  0,   298.510 MiB
ollama-1  | srv        update:    - prompt 0x3bd03820:     789 tokens, checkpoints:  0,   295.885 MiB
ollama-1  | srv        update:    - prompt 0x3bd03980:     890 tokens, checkpoints:  0,   333.761 MiB
ollama-1  | srv        update:    - prompt 0x3bd1ec30:     771 tokens, checkpoints:  0,   289.135 MiB
ollama-1  | srv        update:    - prompt 0x39521940:     904 tokens, checkpoints:  0,   339.011 MiB
ollama-1  | srv        update:    - prompt 0x39903680:     900 tokens, checkpoints:  0,   337.511 MiB
ollama-1  | srv        update:    - prompt 0x3bd27a40:     774 tokens, checkpoints:  0,   290.260 MiB
ollama-1  | srv        update:    - prompt 0x3bcf25a0:     840 tokens, checkpoints:  0,   315.010 MiB
ollama-1  | srv        update:    - prompt 0x3bd306b0:     770 tokens, checkpoints:  0,   288.760 MiB
ollama-1  | srv        update:    - prompt 0x3bcf1110:     846 tokens, checkpoints:  0,   317.260 MiB
ollama-1  | srv        update:    - prompt 0x39536010:     827 tokens, checkpoints:  0,   310.135 MiB
ollama-1  | srv        update:    - prompt 0x3bd30760:     888 tokens, checkpoints:  0,   333.011 MiB
ollama-1  | srv        update:    - prompt 0x3beb80b0:     942 tokens, checkpoints:  0,   353.262 MiB
ollama-1  | srv        update:    - prompt 0x3bedb310:     835 tokens, checkpoints:  0,   313.135 MiB
ollama-1  | srv        update:    - prompt 0x39532a60:     835 tokens, checkpoints:  0,   313.135 MiB
ollama-1  | srv        update:    - prompt 0x3bcf2440:     837 tokens, checkpoints:  0,   313.885 MiB
ollama-1  | srv        update:    - prompt 0x3bd038d0:     810 tokens, checkpoints:  0,   303.760 MiB
ollama-1  | srv        update:    - prompt 0x3bd05200:     893 tokens, checkpoints:  0,   334.886 MiB
ollama-1  | srv        update:    - prompt 0x3952d930:    1243 tokens, checkpoints:  0,   466.140 MiB
ollama-1  | srv        update:    - prompt 0x3bd080a0:     779 tokens, checkpoints:  0,   292.135 MiB
ollama-1  | srv        update:    - prompt 0x39544a40:     766 tokens, checkpoints:  0,   287.260 MiB
ollama-1  | srv        update:    - prompt 0x39541bb0:     813 tokens, checkpoints:  0,   304.885 MiB
ollama-1  | srv  get_availabl: prompt cache update took 156.33 ms
ollama-1  | slot launch_slot_: id  0 | task -1 | sampler chain: logits -> ?penalties -> ?dry -> ?top-n-sigma -> top-k -> ?typical -> top-p -> ?min-p -> ?xtc -> temp-ext -> dist 
ollama-1  | slot launch_slot_: id  0 | task -1 | sampler params: 
ollama-1  | 	repeat_last_n = 64, repeat_penalty = 1.000, frequency_penalty = 0.000, presence_penalty = 0.000
ollama-1  | 	dry_multiplier = 0.000, dry_base = 1.750, dry_allowed_length = 2, dry_penalty_last_n = 64
ollama-1  | 	top_k = 40, top_p = 0.900, min_p = 0.000, xtc_probability = 0.000, xtc_threshold = 0.100, typical_p = 1.000, top_n_sigma = -1.000, temp = 0.000
ollama-1  | 	mirostat = 0, mirostat_lr = 0.100, mirostat_ent = 5.000, adaptive_target = -1.000, adaptive_decay = 0.900
ollama-1  | slot launch_slot_: id  0 | task 11402 | processing task, is_child = 0
ollama-1  | slot   operator(): id  0 | task 11402 | new prompt, n_ctx_slot = 4096, n_keep = 4, task.n_tokens = 729
ollama-1  | slot   operator(): id  0 | task 11402 | cached n_tokens = 379, memory_seq_rm [379, end)
ollama-1  | slot init_sampler: id  0 | task 11402 | init sampler, took 0.06 ms, tokens: text = 729, total = 729
ollama-1  | slot print_timing: id  0 | task 11402 | prompt eval time =    2584.74 ms /   350 tokens (    7.38 ms per token,   135.41 tokens per second)
ollama-1  | slot print_timing: id  0 | task 11402 |        eval time =     282.35 ms /     9 tokens (   35.29 ms per token,    28.33 tokens per second)
ollama-1  | slot print_timing: id  0 | task 11402 |       total time =    2867.09 ms /   359 tokens
ollama-1  | slot print_timing: id  0 | task 11402 |    graphs reused =       8187
ollama-1  | slot      release: id  0 | task 11402 | stop processing: n_tokens = 737, truncated = 0
ollama-1  | srv  update_slots: all slots are idle
ollama-1  | [GIN] 2026/10/08 - 04:33:19 | 200 |          1m6s |      172.21.0.4 | POST     "/api/generate"
ollama-1  | srv  server_strea: conv_id= (empty=1)
ollama-1  | slot get_availabl: id  0 | task -1 |  - checking sim = 0.695 (379/545) > 0.100
ollama-1  | slot get_availabl: id  0 | task -1 | selected slot by LCP similarity, f_sim_best = 0.695 (> 0.100 thold), f_keep = 0.514
ollama-1  | slot launch_slot_: id  0 | task -1 | sampler chain: logits -> ?penalties -> ?dry -> ?top-n-sigma -> top-k -> ?typical -> top-p -> ?min-p -> ?xtc -> temp-ext -> dist 
ollama-1  | slot launch_slot_: id  0 | task -1 | sampler params: 
ollama-1  | 	repeat_last_n = 64, repeat_penalty = 1.000, frequency_penalty = 0.000, presence_penalty = 0.000
ollama-1  | 	dry_multiplier = 0.000, dry_base = 1.750, dry_allowed_length = 2, dry_penalty_last_n = 64
ollama-1  | 	top_k = 40, top_p = 0.900, min_p = 0.000, xtc_probability = 0.000, xtc_threshold = 0.100, typical_p = 1.000, top_n_sigma = -1.000, temp = 0.000
ollama-1  | 	mirostat = 0, mirostat_lr = 0.100, mirostat_ent = 5.000, adaptive_target = -1.000, adaptive_decay = 0.900
ollama-1  | slot launch_slot_: id  0 | task 11412 | processing task, is_child = 0
ollama-1  | slot   operator(): id  0 | task 11412 | new prompt, n_ctx_slot = 4096, n_keep = 4, task.n_tokens = 545
ollama-1  | slot   operator(): id  0 | task 11412 | cached n_tokens = 379, memory_seq_rm [379, end)
ollama-1  | slot init_sampler: id  0 | task 11412 | init sampler, took 0.04 ms, tokens: text = 545, total = 545
ollama-1  | slot print_timing: id  0 | task 11412 | prompt eval time =    1243.74 ms /   166 tokens (    7.49 ms per token,   133.47 tokens per second)
ollama-1  | slot print_timing: id  0 | task 11412 |        eval time =     273.48 ms /     9 tokens (   34.19 ms per token,    29.25 tokens per second)
ollama-1  | slot print_timing: id  0 | task 11412 |       total time =    1517.22 ms /   175 tokens
ollama-1  | slot print_timing: id  0 | task 11412 |    graphs reused =       8194
ollama-1  | slot      release: id  0 | task 11412 | stop processing: n_tokens = 553, truncated = 0
ollama-1  | srv  update_slots: all slots are idle
ollama-1  | [GIN] 2026/10/08 - 04:33:20 | 200 |          1m7s |      172.21.0.4 | POST     "/api/generate"
ollama-1  | srv  server_strea: conv_id= (empty=1)
ollama-1  | slot get_availabl: id  0 | task -1 |  - checking sim = 0.666 (379/569) > 0.100
ollama-1  | slot get_availabl: id  0 | task -1 | selected slot by LCP similarity, f_sim_best = 0.666 (> 0.100 thold), f_keep = 0.685
ollama-1  | slot launch_slot_: id  0 | task -1 | sampler chain: logits -> ?penalties -> ?dry -> ?top-n-sigma -> top-k -> ?typical -> top-p -> ?min-p -> ?xtc -> temp-ext -> dist 
ollama-1  | slot launch_slot_: id  0 | task -1 | sampler params: 
ollama-1  | 	repeat_last_n = 64, repeat_penalty = 1.000, frequency_penalty = 0.000, presence_penalty = 0.000
ollama-1  | 	dry_multiplier = 0.000, dry_base = 1.750, dry_allowed_length = 2, dry_penalty_last_n = 64
ollama-1  | 	top_k = 40, top_p = 0.900, min_p = 0.000, xtc_probability = 0.000, xtc_threshold = 0.100, typical_p = 1.000, top_n_sigma = -1.000, temp = 0.000
ollama-1  | 	mirostat = 0, mirostat_lr = 0.100, mirostat_ent = 5.000, adaptive_target = -1.000, adaptive_decay = 0.900
ollama-1  | slot launch_slot_: id  0 | task 11422 | processing task, is_child = 0
ollama-1  | slot   operator(): id  0 | task 11422 | new prompt, n_ctx_slot = 4096, n_keep = 4, task.n_tokens = 569
ollama-1  | slot   operator(): id  0 | task 11422 | cached n_tokens = 379, memory_seq_rm [379, end)
ollama-1  | slot init_sampler: id  0 | task 11422 | init sampler, took 0.06 ms, tokens: text = 569, total = 569
ollama-1  | slot print_timing: id  0 | task 11422 | prompt eval time =    1418.29 ms /   190 tokens (    7.46 ms per token,   133.96 tokens per second)
ollama-1  | slot print_timing: id  0 | task 11422 |        eval time =     274.61 ms /     9 tokens (   34.33 ms per token,    29.13 tokens per second)
ollama-1  | slot print_timing: id  0 | task 11422 |       total time =    1692.90 ms /   199 tokens
ollama-1  | slot print_timing: id  0 | task 11422 |    graphs reused =       8201
ollama-1  | slot      release: id  0 | task 11422 | stop processing: n_tokens = 577, truncated = 0
ollama-1  | srv  update_slots: all slots are idle
ollama-1  | [GIN] 2026/10/08 - 04:33:22 | 200 |          1m6s |      172.21.0.4 | POST     "/api/generate"
ollama-1  | srv  server_strea: conv_id= (empty=1)
ollama-1  | slot get_availabl: id  0 | task -1 |  - checking sim = 0.657 (379/577) > 0.100
ollama-1  | slot get_availabl: id  0 | task -1 | selected slot by LCP similarity, f_sim_best = 0.657 (> 0.100 thold), f_keep = 0.657
ollama-1  | slot launch_slot_: id  0 | task -1 | sampler chain: logits -> ?penalties -> ?dry -> ?top-n-sigma -> top-k -> ?typical -> top-p -> ?min-p -> ?xtc -> temp-ext -> dist 
ollama-1  | slot launch_slot_: id  0 | task -1 | sampler params: 
ollama-1  | 	repeat_last_n = 64, repeat_penalty = 1.000, frequency_penalty = 0.000, presence_penalty = 0.000
ollama-1  | 	dry_multiplier = 0.000, dry_base = 1.750, dry_allowed_length = 2, dry_penalty_last_n = 64
ollama-1  | 	top_k = 40, top_p = 0.900, min_p = 0.000, xtc_probability = 0.000, xtc_threshold = 0.100, typical_p = 1.000, top_n_sigma = -1.000, temp = 0.000
ollama-1  | 	mirostat = 0, mirostat_lr = 0.100, mirostat_ent = 5.000, adaptive_target = -1.000, adaptive_decay = 0.900
ollama-1  | slot launch_slot_: id  0 | task 11432 | processing task, is_child = 0
ollama-1  | slot   operator(): id  0 | task 11432 | new prompt, n_ctx_slot = 4096, n_keep = 4, task.n_tokens = 577
ollama-1  | slot   operator(): id  0 | task 11432 | cached n_tokens = 379, memory_seq_rm [379, end)
ollama-1  | slot init_sampler: id  0 | task 11432 | init sampler, took 0.05 ms, tokens: text = 577, total = 577
ollama-1  | [GIN] 2026/10/08 - 04:33:22 | 200 |      22.619µs |       127.0.0.1 | HEAD     "/"
ollama-1  | [GIN] 2026/10/08 - 04:33:22 | 200 |    1.277897ms |       127.0.0.1 | GET      "/api/tags"
ollama-1  | slot print_timing: id  0 | task 11432 | prompt eval time =    1454.80 ms /   198 tokens (    7.35 ms per token,   136.10 tokens per second)
ollama-1  | slot print_timing: id  0 | task 11432 |        eval time =     276.18 ms /     9 tokens (   34.52 ms per token,    28.97 tokens per second)
ollama-1  | slot print_timing: id  0 | task 11432 |       total time =    1730.97 ms /   207 tokens
ollama-1  | slot print_timing: id  0 | task 11432 |    graphs reused =       8208
ollama-1  | slot      release: id  0 | task 11432 | stop processing: n_tokens = 585, truncated = 0
ollama-1  | srv  update_slots: all slots are idle
ollama-1  | [GIN] 2026/10/08 - 04:33:23 | 200 |          1m7s |      172.21.0.4 | POST     "/api/generate"
ollama-1  | srv  server_strea: conv_id= (empty=1)
ollama-1  | slot get_availabl: id  0 | task -1 |  - checking sim = 0.688 (379/551) > 0.100
ollama-1  | slot get_availabl: id  0 | task -1 | selected slot by LCP similarity, f_sim_best = 0.688 (> 0.100 thold), f_keep = 0.648
ollama-1  | slot launch_slot_: id  0 | task -1 | sampler chain: logits -> ?penalties -> ?dry -> ?top-n-sigma -> top-k -> ?typical -> top-p -> ?min-p -> ?xtc -> temp-ext -> dist 
ollama-1  | slot launch_slot_: id  0 | task -1 | sampler params: 
ollama-1  | 	repeat_last_n = 64, repeat_penalty = 1.000, frequency_penalty = 0.000, presence_penalty = 0.000
ollama-1  | 	dry_multiplier = 0.000, dry_base = 1.750, dry_allowed_length = 2, dry_penalty_last_n = 64
ollama-1  | 	top_k = 40, top_p = 0.900, min_p = 0.000, xtc_probability = 0.000, xtc_threshold = 0.100, typical_p = 1.000, top_n_sigma = -1.000, temp = 0.000
ollama-1  | 	mirostat = 0, mirostat_lr = 0.100, mirostat_ent = 5.000, adaptive_target = -1.000, adaptive_decay = 0.900
ollama-1  | slot launch_slot_: id  0 | task 11442 | processing task, is_child = 0
ollama-1  | slot   operator(): id  0 | task 11442 | new prompt, n_ctx_slot = 4096, n_keep = 4, task.n_tokens = 551
ollama-1  | slot   operator(): id  0 | task 11442 | cached n_tokens = 379, memory_seq_rm [379, end)
ollama-1  | slot init_sampler: id  0 | task 11442 | init sampler, took 0.04 ms, tokens: text = 551, total = 551
ollama-1  | slot print_timing: id  0 | task 11442 | prompt eval time =    1309.76 ms /   172 tokens (    7.61 ms per token,   131.32 tokens per second)
ollama-1  | slot print_timing: id  0 | task 11442 |        eval time =     288.27 ms /     9 tokens (   36.03 ms per token,    27.75 tokens per second)
ollama-1  | slot print_timing: id  0 | task 11442 |       total time =    1598.03 ms /   181 tokens
ollama-1  | slot print_timing: id  0 | task 11442 |    graphs reused =       8215
ollama-1  | slot      release: id  0 | task 11442 | stop processing: n_tokens = 559, truncated = 0
ollama-1  | srv  update_slots: all slots are idle
ollama-1  | [GIN] 2026/10/08 - 04:33:25 | 200 |          1m4s |      172.21.0.4 | POST     "/api/generate"
ollama-1  | srv  server_strea: conv_id= (empty=1)
ollama-1  | slot get_availabl: id  0 | task -1 |  - checking sim = 0.557 (379/681) > 0.100
ollama-1  | slot get_availabl: id  0 | task -1 | selected slot by LCP similarity, f_sim_best = 0.557 (> 0.100 thold), f_keep = 0.678
ollama-1  | slot launch_slot_: id  0 | task -1 | sampler chain: logits -> ?penalties -> ?dry -> ?top-n-sigma -> top-k -> ?typical -> top-p -> ?min-p -> ?xtc -> temp-ext -> dist 
ollama-1  | slot launch_slot_: id  0 | task -1 | sampler params: 
ollama-1  | 	repeat_last_n = 64, repeat_penalty = 1.000, frequency_penalty = 0.000, presence_penalty = 0.000
ollama-1  | 	dry_multiplier = 0.000, dry_base = 1.750, dry_allowed_length = 2, dry_penalty_last_n = 64
ollama-1  | 	top_k = 40, top_p = 0.900, min_p = 0.000, xtc_probability = 0.000, xtc_threshold = 0.100, typical_p = 1.000, top_n_sigma = -1.000, temp = 0.000
ollama-1  | 	mirostat = 0, mirostat_lr = 0.100, mirostat_ent = 5.000, adaptive_target = -1.000, adaptive_decay = 0.900
ollama-1  | slot launch_slot_: id  0 | task 11452 | processing task, is_child = 0
ollama-1  | slot   operator(): id  0 | task 11452 | new prompt, n_ctx_slot = 4096, n_keep = 4, task.n_tokens = 681
ollama-1  | slot   operator(): id  0 | task 11452 | cached n_tokens = 379, memory_seq_rm [379, end)
ollama-1  | slot init_sampler: id  0 | task 11452 | init sampler, took 0.06 ms, tokens: text = 681, total = 681
ollama-1  | slot print_timing: id  0 | task 11452 | prompt eval time =    2259.43 ms /   302 tokens (    7.48 ms per token,   133.66 tokens per second)
ollama-1  | slot print_timing: id  0 | task 11452 |        eval time =     281.23 ms /     9 tokens (   35.15 ms per token,    28.45 tokens per second)
ollama-1  | slot print_timing: id  0 | task 11452 |       total time =    2540.66 ms /   311 tokens
ollama-1  | slot print_timing: id  0 | task 11452 |    graphs reused =       8222
ollama-1  | slot      release: id  0 | task 11452 | stop processing: n_tokens = 689, truncated = 0
ollama-1  | srv  update_slots: all slots are idle
ollama-1  | [GIN] 2026/10/08 - 04:33:28 | 200 |          1m7s |      172.21.0.4 | POST     "/api/generate"
ollama-1  | srv  server_strea: conv_id= (empty=1)
ollama-1  | slot get_availabl: id  0 | task -1 |  - checking sim = 0.803 (380/473) > 0.100
ollama-1  | slot get_availabl: id  0 | task -1 | selected slot by LCP similarity, f_sim_best = 0.803 (> 0.100 thold), f_keep = 0.552
ollama-1  | slot launch_slot_: id  0 | task -1 | sampler chain: logits -> ?penalties -> ?dry -> ?top-n-sigma -> top-k -> ?typical -> top-p -> ?min-p -> ?xtc -> temp-ext -> dist 
ollama-1  | slot launch_slot_: id  0 | task -1 | sampler params: 
ollama-1  | 	repeat_last_n = 64, repeat_penalty = 1.000, frequency_penalty = 0.000, presence_penalty = 0.000
ollama-1  | 	dry_multiplier = 0.000, dry_base = 1.750, dry_allowed_length = 2, dry_penalty_last_n = 64
ollama-1  | 	top_k = 40, top_p = 0.900, min_p = 0.000, xtc_probability = 0.000, xtc_threshold = 0.100, typical_p = 1.000, top_n_sigma = -1.000, temp = 0.000
ollama-1  | 	mirostat = 0, mirostat_lr = 0.100, mirostat_ent = 5.000, adaptive_target = -1.000, adaptive_decay = 0.900
ollama-1  | slot launch_slot_: id  0 | task 11462 | processing task, is_child = 0
ollama-1  | slot   operator(): id  0 | task 11462 | new prompt, n_ctx_slot = 4096, n_keep = 4, task.n_tokens = 473
ollama-1  | slot   operator(): id  0 | task 11462 | cached n_tokens = 380, memory_seq_rm [380, end)
ollama-1  | slot init_sampler: id  0 | task 11462 | init sampler, took 0.04 ms, tokens: text = 473, total = 473
ollama-1  | slot print_timing: id  0 | task 11462 | prompt eval time =     717.36 ms /    93 tokens (    7.71 ms per token,   129.64 tokens per second)
ollama-1  | slot print_timing: id  0 | task 11462 |        eval time =     265.60 ms /     9 tokens (   33.20 ms per token,    30.12 tokens per second)
ollama-1  | slot print_timing: id  0 | task 11462 |       total time =     982.95 ms /   102 tokens
ollama-1  | slot print_timing: id  0 | task 11462 |    graphs reused =       8229
ollama-1  | slot      release: id  0 | task 11462 | stop processing: n_tokens = 481, truncated = 0
ollama-1  | srv  update_slots: all slots are idle
ollama-1  | [GIN] 2026/10/08 - 04:33:29 | 200 |          1m8s |      172.21.0.4 | POST     "/api/generate"
ollama-1  | srv  server_strea: conv_id= (empty=1)
ollama-1  | slot get_availabl: id  0 | task -1 |  - checking sim = 0.721 (379/526) > 0.100
ollama-1  | slot get_availabl: id  0 | task -1 | selected slot by LCP similarity, f_sim_best = 0.721 (> 0.100 thold), f_keep = 0.788
ollama-1  | slot launch_slot_: id  0 | task -1 | sampler chain: logits -> ?penalties -> ?dry -> ?top-n-sigma -> top-k -> ?typical -> top-p -> ?min-p -> ?xtc -> temp-ext -> dist 
ollama-1  | slot launch_slot_: id  0 | task -1 | sampler params: 
ollama-1  | 	repeat_last_n = 64, repeat_penalty = 1.000, frequency_penalty = 0.000, presence_penalty = 0.000
ollama-1  | 	dry_multiplier = 0.000, dry_base = 1.750, dry_allowed_length = 2, dry_penalty_last_n = 64
ollama-1  | 	top_k = 40, top_p = 0.900, min_p = 0.000, xtc_probability = 0.000, xtc_threshold = 0.100, typical_p = 1.000, top_n_sigma = -1.000, temp = 0.000
ollama-1  | 	mirostat = 0, mirostat_lr = 0.100, mirostat_ent = 5.000, adaptive_target = -1.000, adaptive_decay = 0.900
ollama-1  | slot launch_slot_: id  0 | task 11472 | processing task, is_child = 0
ollama-1  | slot   operator(): id  0 | task 11472 | new prompt, n_ctx_slot = 4096, n_keep = 4, task.n_tokens = 526
ollama-1  | slot   operator(): id  0 | task 11472 | cached n_tokens = 379, memory_seq_rm [379, end)
ollama-1  | slot init_sampler: id  0 | task 11472 | init sampler, took 0.04 ms, tokens: text = 526, total = 526
ollama-1  | slot print_timing: id  0 | task 11472 | prompt eval time =    1129.62 ms /   147 tokens (    7.68 ms per token,   130.13 tokens per second)
ollama-1  | slot print_timing: id  0 | task 11472 |        eval time =     305.78 ms /    10 tokens (   33.98 ms per token,    29.43 tokens per second)
ollama-1  | slot print_timing: id  0 | task 11472 |       total time =    1435.40 ms /   157 tokens
ollama-1  | slot print_timing: id  0 | task 11472 |    graphs reused =       8237
ollama-1  | slot      release: id  0 | task 11472 | stop processing: n_tokens = 535, truncated = 0
ollama-1  | srv  update_slots: all slots are idle
ollama-1  | [GIN] 2026/10/08 - 04:33:30 | 200 |          1m9s |      172.21.0.4 | POST     "/api/generate"
ollama-1  | srv  server_strea: conv_id= (empty=1)
ollama-1  | slot get_availabl: id  0 | task -1 |  - checking sim = 0.610 (379/621) > 0.100
ollama-1  | slot get_availabl: id  0 | task -1 | selected slot by LCP similarity, f_sim_best = 0.610 (> 0.100 thold), f_keep = 0.708
ollama-1  | slot launch_slot_: id  0 | task -1 | sampler chain: logits -> ?penalties -> ?dry -> ?top-n-sigma -> top-k -> ?typical -> top-p -> ?min-p -> ?xtc -> temp-ext -> dist 
ollama-1  | slot launch_slot_: id  0 | task -1 | sampler params: 
ollama-1  | 	repeat_last_n = 64, repeat_penalty = 1.000, frequency_penalty = 0.000, presence_penalty = 0.000
ollama-1  | 	dry_multiplier = 0.000, dry_base = 1.750, dry_allowed_length = 2, dry_penalty_last_n = 64
ollama-1  | 	top_k = 40, top_p = 0.900, min_p = 0.000, xtc_probability = 0.000, xtc_threshold = 0.100, typical_p = 1.000, top_n_sigma = -1.000, temp = 0.000
ollama-1  | 	mirostat = 0, mirostat_lr = 0.100, mirostat_ent = 5.000, adaptive_target = -1.000, adaptive_decay = 0.900
ollama-1  | slot launch_slot_: id  0 | task 11483 | processing task, is_child = 0
ollama-1  | slot   operator(): id  0 | task 11483 | new prompt, n_ctx_slot = 4096, n_keep = 4, task.n_tokens = 621
ollama-1  | slot   operator(): id  0 | task 11483 | cached n_tokens = 379, memory_seq_rm [379, end)
ollama-1  | slot init_sampler: id  0 | task 11483 | init sampler, took 0.07 ms, tokens: text = 621, total = 621
ollama-1  | slot print_timing: id  0 | task 11483 | prompt eval time =    1769.22 ms /   242 tokens (    7.31 ms per token,   136.78 tokens per second)
ollama-1  | slot print_timing: id  0 | task 11483 |        eval time =     322.31 ms /    10 tokens (   35.81 ms per token,    27.92 tokens per second)
ollama-1  | slot print_timing: id  0 | task 11483 |       total time =    2091.53 ms /   252 tokens
ollama-1  | slot print_timing: id  0 | task 11483 |    graphs reused =       8245
ollama-1  | slot      release: id  0 | task 11483 | stop processing: n_tokens = 630, truncated = 0
ollama-1  | srv  update_slots: all slots are idle
ollama-1  | [GIN] 2026/10/08 - 04:33:32 | 200 |          1m8s |      172.21.0.4 | POST     "/api/generate"
ollama-1  | srv  server_strea: conv_id= (empty=1)
ollama-1  | slot get_availabl: id  0 | task -1 |  - checking sim = 0.796 (379/476) > 0.100
ollama-1  | slot get_availabl: id  0 | task -1 | selected slot by LCP similarity, f_sim_best = 0.796 (> 0.100 thold), f_keep = 0.602
ollama-1  | slot launch_slot_: id  0 | task -1 | sampler chain: logits -> ?penalties -> ?dry -> ?top-n-sigma -> top-k -> ?typical -> top-p -> ?min-p -> ?xtc -> temp-ext -> dist 
ollama-1  | slot launch_slot_: id  0 | task -1 | sampler params: 
ollama-1  | 	repeat_last_n = 64, repeat_penalty = 1.000, frequency_penalty = 0.000, presence_penalty = 0.000
ollama-1  | 	dry_multiplier = 0.000, dry_base = 1.750, dry_allowed_length = 2, dry_penalty_last_n = 64
ollama-1  | 	top_k = 40, top_p = 0.900, min_p = 0.000, xtc_probability = 0.000, xtc_threshold = 0.100, typical_p = 1.000, top_n_sigma = -1.000, temp = 0.000
ollama-1  | 	mirostat = 0, mirostat_lr = 0.100, mirostat_ent = 5.000, adaptive_target = -1.000, adaptive_decay = 0.900
ollama-1  | slot launch_slot_: id  0 | task 11494 | processing task, is_child = 0
ollama-1  | slot   operator(): id  0 | task 11494 | new prompt, n_ctx_slot = 4096, n_keep = 4, task.n_tokens = 476
ollama-1  | slot   operator(): id  0 | task 11494 | cached n_tokens = 379, memory_seq_rm [379, end)
ollama-1  | slot init_sampler: id  0 | task 11494 | init sampler, took 0.04 ms, tokens: text = 476, total = 476
ollama-1  | [GIN] 2026/10/08 - 04:33:32 | 200 |      27.258µs |       127.0.0.1 | HEAD     "/"
ollama-1  | [GIN] 2026/10/08 - 04:33:32 | 200 |     1.28292ms |       127.0.0.1 | GET      "/api/tags"
ollama-1  | slot print_timing: id  0 | task 11494 | prompt eval time =     745.75 ms /    97 tokens (    7.69 ms per token,   130.07 tokens per second)
ollama-1  | slot print_timing: id  0 | task 11494 |        eval time =     339.24 ms /    11 tokens (   33.92 ms per token,    29.48 tokens per second)
ollama-1  | slot print_timing: id  0 | task 11494 |       total time =    1084.98 ms /   108 tokens
ollama-1  | slot print_timing: id  0 | task 11494 |    graphs reused =       8254
ollama-1  | slot      release: id  0 | task 11494 | stop processing: n_tokens = 486, truncated = 0
ollama-1  | srv  update_slots: all slots are idle
ollama-1  | [GIN] 2026/10/08 - 04:33:33 | 200 |          1m7s |      172.21.0.4 | POST     "/api/generate"
ollama-1  | srv  server_strea: conv_id= (empty=1)
ollama-1  | slot get_availabl: id  0 | task -1 |  - checking sim = 0.557 (379/681) > 0.100
ollama-1  | slot get_availabl: id  0 | task -1 | selected slot by LCP similarity, f_sim_best = 0.557 (> 0.100 thold), f_keep = 0.780
ollama-1  | slot launch_slot_: id  0 | task -1 | sampler chain: logits -> ?penalties -> ?dry -> ?top-n-sigma -> top-k -> ?typical -> top-p -> ?min-p -> ?xtc -> temp-ext -> dist 
ollama-1  | slot launch_slot_: id  0 | task -1 | sampler params: 
ollama-1  | 	repeat_last_n = 64, repeat_penalty = 1.000, frequency_penalty = 0.000, presence_penalty = 0.000
ollama-1  | 	dry_multiplier = 0.000, dry_base = 1.750, dry_allowed_length = 2, dry_penalty_last_n = 64
ollama-1  | 	top_k = 40, top_p = 0.900, min_p = 0.000, xtc_probability = 0.000, xtc_threshold = 0.100, typical_p = 1.000, top_n_sigma = -1.000, temp = 0.000
ollama-1  | 	mirostat = 0, mirostat_lr = 0.100, mirostat_ent = 5.000, adaptive_target = -1.000, adaptive_decay = 0.900
ollama-1  | slot launch_slot_: id  0 | task 11506 | processing task, is_child = 0
ollama-1  | slot   operator(): id  0 | task 11506 | new prompt, n_ctx_slot = 4096, n_keep = 4, task.n_tokens = 681
ollama-1  | slot   operator(): id  0 | task 11506 | cached n_tokens = 379, memory_seq_rm [379, end)
ollama-1  | slot init_sampler: id  0 | task 11506 | init sampler, took 0.05 ms, tokens: text = 681, total = 681
ollama-1  | slot print_timing: id  0 | task 11506 | prompt eval time =    2224.69 ms /   302 tokens (    7.37 ms per token,   135.75 tokens per second)
ollama-1  | slot print_timing: id  0 | task 11506 |        eval time =     350.34 ms /    11 tokens (   35.03 ms per token,    28.54 tokens per second)
ollama-1  | slot print_timing: id  0 | task 11506 |       total time =    2575.04 ms /   313 tokens
ollama-1  | slot print_timing: id  0 | task 11506 |    graphs reused =       8263
ollama-1  | slot      release: id  0 | task 11506 | stop processing: n_tokens = 691, truncated = 0
ollama-1  | srv  update_slots: all slots are idle
ollama-1  | [GIN] 2026/10/08 - 04:33:36 | 200 |          1m1s |      172.21.0.4 | POST     "/api/generate"
ollama-1  | srv  server_strea: conv_id= (empty=1)
ollama-1  | slot get_availabl: id  0 | task -1 |  - checking sim = 0.672 (379/564) > 0.100
ollama-1  | slot get_availabl: id  0 | task -1 | selected slot by LCP similarity, f_sim_best = 0.672 (> 0.100 thold), f_keep = 0.548
ollama-1  | slot launch_slot_: id  0 | task -1 | sampler chain: logits -> ?penalties -> ?dry -> ?top-n-sigma -> top-k -> ?typical -> top-p -> ?min-p -> ?xtc -> temp-ext -> dist 
ollama-1  | slot launch_slot_: id  0 | task -1 | sampler params: 
ollama-1  | 	repeat_last_n = 64, repeat_penalty = 1.000, frequency_penalty = 0.000, presence_penalty = 0.000
ollama-1  | 	dry_multiplier = 0.000, dry_base = 1.750, dry_allowed_length = 2, dry_penalty_last_n = 64
ollama-1  | 	top_k = 40, top_p = 0.900, min_p = 0.000, xtc_probability = 0.000, xtc_threshold = 0.100, typical_p = 1.000, top_n_sigma = -1.000, temp = 0.000
ollama-1  | 	mirostat = 0, mirostat_lr = 0.100, mirostat_ent = 5.000, adaptive_target = -1.000, adaptive_decay = 0.900
ollama-1  | slot launch_slot_: id  0 | task 11518 | processing task, is_child = 0
ollama-1  | slot   operator(): id  0 | task 11518 | new prompt, n_ctx_slot = 4096, n_keep = 4, task.n_tokens = 564
ollama-1  | slot   operator(): id  0 | task 11518 | cached n_tokens = 379, memory_seq_rm [379, end)
ollama-1  | slot init_sampler: id  0 | task 11518 | init sampler, took 0.06 ms, tokens: text = 564, total = 564
ollama-1  | slot print_timing: id  0 | task 11518 | prompt eval time =    1392.48 ms /   185 tokens (    7.53 ms per token,   132.86 tokens per second)
ollama-1  | slot print_timing: id  0 | task 11518 |        eval time =     291.52 ms /     9 tokens (   36.44 ms per token,    27.44 tokens per second)
ollama-1  | slot print_timing: id  0 | task 11518 |       total time =    1684.00 ms /   194 tokens
ollama-1  | slot print_timing: id  0 | task 11518 |    graphs reused =       8270
ollama-1  | slot      release: id  0 | task 11518 | stop processing: n_tokens = 572, truncated = 0
ollama-1  | srv  update_slots: all slots are idle
ollama-1  | [GIN] 2026/10/08 - 04:33:38 | 200 |          1m2s |      172.21.0.4 | POST     "/api/generate"
ollama-1  | srv  server_strea: conv_id= (empty=1)
ollama-1  | slot get_availabl: id  0 | task -1 |  - checking sim = 0.766 (379/495) > 0.100
ollama-1  | slot get_availabl: id  0 | task -1 | selected slot by LCP similarity, f_sim_best = 0.766 (> 0.100 thold), f_keep = 0.663
ollama-1  | slot launch_slot_: id  0 | task -1 | sampler chain: logits -> ?penalties -> ?dry -> ?top-n-sigma -> top-k -> ?typical -> top-p -> ?min-p -> ?xtc -> temp-ext -> dist 
ollama-1  | slot launch_slot_: id  0 | task -1 | sampler params: 
ollama-1  | 	repeat_last_n = 64, repeat_penalty = 1.000, frequency_penalty = 0.000, presence_penalty = 0.000
ollama-1  | 	dry_multiplier = 0.000, dry_base = 1.750, dry_allowed_length = 2, dry_penalty_last_n = 64
ollama-1  | 	top_k = 40, top_p = 0.900, min_p = 0.000, xtc_probability = 0.000, xtc_threshold = 0.100, typical_p = 1.000, top_n_sigma = -1.000, temp = 0.000
ollama-1  | 	mirostat = 0, mirostat_lr = 0.100, mirostat_ent = 5.000, adaptive_target = -1.000, adaptive_decay = 0.900
ollama-1  | slot launch_slot_: id  0 | task 11528 | processing task, is_child = 0
ollama-1  | slot   operator(): id  0 | task 11528 | new prompt, n_ctx_slot = 4096, n_keep = 4, task.n_tokens = 495
ollama-1  | slot   operator(): id  0 | task 11528 | cached n_tokens = 379, memory_seq_rm [379, end)
ollama-1  | slot init_sampler: id  0 | task 11528 | init sampler, took 0.04 ms, tokens: text = 495, total = 495
ollama-1  | slot print_timing: id  0 | task 11528 | prompt eval time =     850.70 ms /   116 tokens (    7.33 ms per token,   136.36 tokens per second)
ollama-1  | slot print_timing: id  0 | task 11528 |        eval time =     263.90 ms /     9 tokens (   32.99 ms per token,    30.31 tokens per second)
ollama-1  | slot print_timing: id  0 | task 11528 |       total time =    1114.60 ms /   125 tokens
ollama-1  | slot print_timing: id  0 | task 11528 |    graphs reused =       8277
ollama-1  | slot      release: id  0 | task 11528 | stop processing: n_tokens = 503, truncated = 0
ollama-1  | srv  update_slots: all slots are idle
ollama-1  | [GIN] 2026/10/08 - 04:33:39 | 200 |          1m3s |      172.21.0.4 | POST     "/api/generate"
ollama-1  | srv  server_strea: conv_id= (empty=1)
ollama-1  | slot get_availabl: id  0 | task -1 |  - checking sim = 0.574 (379/660) > 0.100
ollama-1  | slot get_availabl: id  0 | task -1 | selected slot by LCP similarity, f_sim_best = 0.574 (> 0.100 thold), f_keep = 0.753
ollama-1  | slot launch_slot_: id  0 | task -1 | sampler chain: logits -> ?penalties -> ?dry -> ?top-n-sigma -> top-k -> ?typical -> top-p -> ?min-p -> ?xtc -> temp-ext -> dist 
ollama-1  | slot launch_slot_: id  0 | task -1 | sampler params: 
ollama-1  | 	repeat_last_n = 64, repeat_penalty = 1.000, frequency_penalty = 0.000, presence_penalty = 0.000
ollama-1  | 	dry_multiplier = 0.000, dry_base = 1.750, dry_allowed_length = 2, dry_penalty_last_n = 64
ollama-1  | 	top_k = 40, top_p = 0.900, min_p = 0.000, xtc_probability = 0.000, xtc_threshold = 0.100, typical_p = 1.000, top_n_sigma = -1.000, temp = 0.000
ollama-1  | 	mirostat = 0, mirostat_lr = 0.100, mirostat_ent = 5.000, adaptive_target = -1.000, adaptive_decay = 0.900
ollama-1  | slot launch_slot_: id  0 | task 11538 | processing task, is_child = 0
ollama-1  | slot   operator(): id  0 | task 11538 | new prompt, n_ctx_slot = 4096, n_keep = 4, task.n_tokens = 660
ollama-1  | slot   operator(): id  0 | task 11538 | cached n_tokens = 379, memory_seq_rm [379, end)
ollama-1  | slot init_sampler: id  0 | task 11538 | init sampler, took 0.07 ms, tokens: text = 660, total = 660
ollama-1  | slot print_timing: id  0 | task 11538 | prompt eval time =    2086.65 ms /   281 tokens (    7.43 ms per token,   134.67 tokens per second)
ollama-1  | slot print_timing: id  0 | task 11538 |        eval time =     357.15 ms /    11 tokens (   35.71 ms per token,    28.00 tokens per second)
ollama-1  | slot print_timing: id  0 | task 11538 |       total time =    2443.79 ms /   292 tokens
ollama-1  | slot print_timing: id  0 | task 11538 |    graphs reused =       8286
ollama-1  | slot      release: id  0 | task 11538 | stop processing: n_tokens = 670, truncated = 0
ollama-1  | srv  update_slots: all slots are idle
ollama-1  | [GIN] 2026/10/08 - 04:33:41 | 200 |          1m3s |      172.21.0.4 | POST     "/api/generate"
ollama-1  | srv  server_strea: conv_id= (empty=1)
ollama-1  | slot get_availabl: id  0 | task -1 |  - checking sim = 0.521 (379/727) > 0.100
ollama-1  | slot get_availabl: id  0 | task -1 | selected slot by LCP similarity, f_sim_best = 0.521 (> 0.100 thold), f_keep = 0.566
ollama-1  | slot launch_slot_: id  0 | task -1 | sampler chain: logits -> ?penalties -> ?dry -> ?top-n-sigma -> top-k -> ?typical -> top-p -> ?min-p -> ?xtc -> temp-ext -> dist 
ollama-1  | slot launch_slot_: id  0 | task -1 | sampler params: 
ollama-1  | 	repeat_last_n = 64, repeat_penalty = 1.000, frequency_penalty = 0.000, presence_penalty = 0.000
ollama-1  | 	dry_multiplier = 0.000, dry_base = 1.750, dry_allowed_length = 2, dry_penalty_last_n = 64
ollama-1  | 	top_k = 40, top_p = 0.900, min_p = 0.000, xtc_probability = 0.000, xtc_threshold = 0.100, typical_p = 1.000, top_n_sigma = -1.000, temp = 0.000
ollama-1  | 	mirostat = 0, mirostat_lr = 0.100, mirostat_ent = 5.000, adaptive_target = -1.000, adaptive_decay = 0.900
ollama-1  | slot launch_slot_: id  0 | task 11550 | processing task, is_child = 0
ollama-1  | slot   operator(): id  0 | task 11550 | new prompt, n_ctx_slot = 4096, n_keep = 4, task.n_tokens = 727
ollama-1  | slot   operator(): id  0 | task 11550 | cached n_tokens = 379, memory_seq_rm [379, end)
ollama-1  | slot init_sampler: id  0 | task 11550 | init sampler, took 0.06 ms, tokens: text = 727, total = 727
ollama-1  | [GIN] 2026/10/08 - 04:33:43 | 200 |      26.818µs |       127.0.0.1 | HEAD     "/"
ollama-1  | [GIN] 2026/10/08 - 04:33:43 | 200 |    2.111047ms |       127.0.0.1 | GET      "/api/tags"
ollama-1  | slot print_timing: id  0 | task 11550 | prompt eval time =    2532.03 ms /   348 tokens (    7.28 ms per token,   137.44 tokens per second)
ollama-1  | slot print_timing: id  0 | task 11550 |        eval time =     287.04 ms /     9 tokens (   35.88 ms per token,    27.87 tokens per second)
ollama-1  | slot print_timing: id  0 | task 11550 |       total time =    2819.07 ms /   357 tokens
ollama-1  | slot print_timing: id  0 | task 11550 |    graphs reused =       8293
ollama-1  | slot      release: id  0 | task 11550 | stop processing: n_tokens = 735, truncated = 0
ollama-1  | srv  update_slots: all slots are idle
ollama-1  | [GIN] 2026/10/08 - 04:33:44 | 200 |          1m4s |      172.21.0.4 | POST     "/api/generate"
ollama-1  | srv  server_strea: conv_id= (empty=1)
ollama-1  | slot get_availabl: id  0 | task -1 |  - checking sim = 0.589 (379/644) > 0.100
ollama-1  | slot get_availabl: id  0 | task -1 | selected slot by LCP similarity, f_sim_best = 0.589 (> 0.100 thold), f_keep = 0.516
ollama-1  | slot launch_slot_: id  0 | task -1 | sampler chain: logits -> ?penalties -> ?dry -> ?top-n-sigma -> top-k -> ?typical -> top-p -> ?min-p -> ?xtc -> temp-ext -> dist 
ollama-1  | slot launch_slot_: id  0 | task -1 | sampler params: 
ollama-1  | 	repeat_last_n = 64, repeat_penalty = 1.000, frequency_penalty = 0.000, presence_penalty = 0.000
ollama-1  | 	dry_multiplier = 0.000, dry_base = 1.750, dry_allowed_length = 2, dry_penalty_last_n = 64
ollama-1  | 	top_k = 40, top_p = 0.900, min_p = 0.000, xtc_probability = 0.000, xtc_threshold = 0.100, typical_p = 1.000, top_n_sigma = -1.000, temp = 0.000
ollama-1  | 	mirostat = 0, mirostat_lr = 0.100, mirostat_ent = 5.000, adaptive_target = -1.000, adaptive_decay = 0.900
ollama-1  | slot launch_slot_: id  0 | task 11560 | processing task, is_child = 0
ollama-1  | slot   operator(): id  0 | task 11560 | new prompt, n_ctx_slot = 4096, n_keep = 4, task.n_tokens = 644
ollama-1  | slot   operator(): id  0 | task 11560 | cached n_tokens = 379, memory_seq_rm [379, end)
ollama-1  | slot init_sampler: id  0 | task 11560 | init sampler, took 0.07 ms, tokens: text = 644, total = 644
ollama-1  | slot print_timing: id  0 | task 11560 | prompt eval time =    1997.40 ms /   265 tokens (    7.54 ms per token,   132.67 tokens per second)
ollama-1  | slot print_timing: id  0 | task 11560 |        eval time =     278.76 ms /     9 tokens (   34.85 ms per token,    28.70 tokens per second)
ollama-1  | slot print_timing: id  0 | task 11560 |       total time =    2276.16 ms /   274 tokens
ollama-1  | slot print_timing: id  0 | task 11560 |    graphs reused =       8300
ollama-1  | slot      release: id  0 | task 11560 | stop processing: n_tokens = 652, truncated = 0
ollama-1  | srv  update_slots: all slots are idle
ollama-1  | [GIN] 2026/10/08 - 04:33:46 | 200 |          1m2s |      172.21.0.4 | POST     "/api/generate"
ollama-1  | srv  server_strea: conv_id= (empty=1)
ollama-1  | slot get_availabl: id  0 | task -1 |  - checking sim = 0.605 (379/626) > 0.100
ollama-1  | slot get_availabl: id  0 | task -1 | selected slot by LCP similarity, f_sim_best = 0.605 (> 0.100 thold), f_keep = 0.581
ollama-1  | slot launch_slot_: id  0 | task -1 | sampler chain: logits -> ?penalties -> ?dry -> ?top-n-sigma -> top-k -> ?typical -> top-p -> ?min-p -> ?xtc -> temp-ext -> dist 
ollama-1  | slot launch_slot_: id  0 | task -1 | sampler params: 
ollama-1  | 	repeat_last_n = 64, repeat_penalty = 1.000, frequency_penalty = 0.000, presence_penalty = 0.000
ollama-1  | 	dry_multiplier = 0.000, dry_base = 1.750, dry_allowed_length = 2, dry_penalty_last_n = 64
ollama-1  | 	top_k = 40, top_p = 0.900, min_p = 0.000, xtc_probability = 0.000, xtc_threshold = 0.100, typical_p = 1.000, top_n_sigma = -1.000, temp = 0.000
ollama-1  | 	mirostat = 0, mirostat_lr = 0.100, mirostat_ent = 5.000, adaptive_target = -1.000, adaptive_decay = 0.900
ollama-1  | slot launch_slot_: id  0 | task 11570 | processing task, is_child = 0
ollama-1  | slot   operator(): id  0 | task 11570 | new prompt, n_ctx_slot = 4096, n_keep = 4, task.n_tokens = 626
ollama-1  | slot   operator(): id  0 | task 11570 | cached n_tokens = 379, memory_seq_rm [379, end)
ollama-1  | slot init_sampler: id  0 | task 11570 | init sampler, took 0.07 ms, tokens: text = 626, total = 626
ollama-1  | slot print_timing: id  0 | task 11570 | prompt eval time =    1822.38 ms /   247 tokens (    7.38 ms per token,   135.54 tokens per second)
ollama-1  | slot print_timing: id  0 | task 11570 |        eval time =     282.53 ms /     9 tokens (   35.32 ms per token,    28.32 tokens per second)
ollama-1  | slot print_timing: id  0 | task 11570 |       total time =    2104.91 ms /   256 tokens
ollama-1  | slot print_timing: id  0 | task 11570 |    graphs reused =       8307
ollama-1  | slot      release: id  0 | task 11570 | stop processing: n_tokens = 634, truncated = 0
ollama-1  | srv  update_slots: all slots are idle
ollama-1  | [GIN] 2026/10/08 - 04:33:50 | 200 |          1m2s |      172.21.0.4 | POST     "/api/generate"
ollama-1  | srv  server_strea: conv_id= (empty=1)
ollama-1  | slot get_availabl: id  0 | task -1 |  - checking sim = 0.767 (379/494) > 0.100
ollama-1  | slot get_availabl: id  0 | task -1 | selected slot by LCP similarity, f_sim_best = 0.767 (> 0.100 thold), f_keep = 0.598
ollama-1  | slot launch_slot_: id  0 | task -1 | sampler chain: logits -> ?penalties -> ?dry -> ?top-n-sigma -> top-k -> ?typical -> top-p -> ?min-p -> ?xtc -> temp-ext -> dist 
ollama-1  | slot launch_slot_: id  0 | task -1 | sampler params: 
ollama-1  | 	repeat_last_n = 64, repeat_penalty = 1.000, frequency_penalty = 0.000, presence_penalty = 0.000
ollama-1  | 	dry_multiplier = 0.000, dry_base = 1.750, dry_allowed_length = 2, dry_penalty_last_n = 64
ollama-1  | 	top_k = 40, top_p = 0.900, min_p = 0.000, xtc_probability = 0.000, xtc_threshold = 0.100, typical_p = 1.000, top_n_sigma = -1.000, temp = 0.000
ollama-1  | 	mirostat = 0, mirostat_lr = 0.100, mirostat_ent = 5.000, adaptive_target = -1.000, adaptive_decay = 0.900
ollama-1  | slot launch_slot_: id  0 | task 11580 | processing task, is_child = 0
ollama-1  | slot   operator(): id  0 | task 11580 | new prompt, n_ctx_slot = 4096, n_keep = 4, task.n_tokens = 494
ollama-1  | slot   operator(): id  0 | task 11580 | cached n_tokens = 379, memory_seq_rm [379, end)
ollama-1  | slot init_sampler: id  0 | task 11580 | init sampler, took 0.06 ms, tokens: text = 494, total = 494
ollama-1  | slot print_timing: id  0 | task 11580 | prompt eval time =     872.44 ms /   115 tokens (    7.59 ms per token,   131.81 tokens per second)
ollama-1  | slot print_timing: id  0 | task 11580 |        eval time =     268.01 ms /     9 tokens (   33.50 ms per token,    29.85 tokens per second)
ollama-1  | slot print_timing: id  0 | task 11580 |       total time =    1140.45 ms /   124 tokens
ollama-1  | slot print_timing: id  0 | task 11580 |    graphs reused =       8314
ollama-1  | slot      release: id  0 | task 11580 | stop processing: n_tokens = 502, truncated = 0
ollama-1  | srv  update_slots: all slots are idle
ollama-1  | [GIN] 2026/10/08 - 04:33:51 | 200 | 59.910920299s |      172.21.0.4 | POST     "/api/generate"
ollama-1  | srv  server_strea: conv_id= (empty=1)
ollama-1  | slot get_availabl: id  0 | task -1 |  - checking sim = 0.715 (379/530) > 0.100
ollama-1  | slot get_availabl: id  0 | task -1 | selected slot by LCP similarity, f_sim_best = 0.715 (> 0.100 thold), f_keep = 0.755
ollama-1  | slot launch_slot_: id  0 | task -1 | sampler chain: logits -> ?penalties -> ?dry -> ?top-n-sigma -> top-k -> ?typical -> top-p -> ?min-p -> ?xtc -> temp-ext -> dist 
ollama-1  | slot launch_slot_: id  0 | task -1 | sampler params: 
ollama-1  | 	repeat_last_n = 64, repeat_penalty = 1.000, frequency_penalty = 0.000, presence_penalty = 0.000
ollama-1  | 	dry_multiplier = 0.000, dry_base = 1.750, dry_allowed_length = 2, dry_penalty_last_n = 64
ollama-1  | 	top_k = 40, top_p = 0.900, min_p = 0.000, xtc_probability = 0.000, xtc_threshold = 0.100, typical_p = 1.000, top_n_sigma = -1.000, temp = 0.000
ollama-1  | 	mirostat = 0, mirostat_lr = 0.100, mirostat_ent = 5.000, adaptive_target = -1.000, adaptive_decay = 0.900
ollama-1  | slot launch_slot_: id  0 | task 11590 | processing task, is_child = 0
ollama-1  | slot   operator(): id  0 | task 11590 | new prompt, n_ctx_slot = 4096, n_keep = 4, task.n_tokens = 530
ollama-1  | slot   operator(): id  0 | task 11590 | cached n_tokens = 379, memory_seq_rm [379, end)
ollama-1  | slot init_sampler: id  0 | task 11590 | init sampler, took 0.04 ms, tokens: text = 530, total = 530
ollama-1  | slot print_timing: id  0 | task 11590 | prompt eval time =    1167.57 ms /   151 tokens (    7.73 ms per token,   129.33 tokens per second)
ollama-1  | slot print_timing: id  0 | task 11590 |        eval time =     340.91 ms /    11 tokens (   34.09 ms per token,    29.33 tokens per second)
ollama-1  | slot print_timing: id  0 | task 11590 |       total time =    1508.49 ms /   162 tokens
ollama-1  | slot print_timing: id  0 | task 11590 |    graphs reused =       8323
ollama-1  | slot      release: id  0 | task 11590 | stop processing: n_tokens = 540, truncated = 0
ollama-1  | srv  update_slots: all slots are idle
ollama-1  | [GIN] 2026/10/08 - 04:33:52 | 200 |          1m0s |      172.21.0.4 | POST     "/api/generate"
ollama-1  | srv  server_strea: conv_id= (empty=1)
ollama-1  | slot get_availabl: id  0 | task -1 |  - checking sim = 0.798 (380/476) > 0.100
ollama-1  | slot get_availabl: id  0 | task -1 | selected slot by LCP similarity, f_sim_best = 0.798 (> 0.100 thold), f_keep = 0.704
ollama-1  | slot launch_slot_: id  0 | task -1 | sampler chain: logits -> ?penalties -> ?dry -> ?top-n-sigma -> top-k -> ?typical -> top-p -> ?min-p -> ?xtc -> temp-ext -> dist 
ollama-1  | slot launch_slot_: id  0 | task -1 | sampler params: 
ollama-1  | 	repeat_last_n = 64, repeat_penalty = 1.000, frequency_penalty = 0.000, presence_penalty = 0.000
ollama-1  | 	dry_multiplier = 0.000, dry_base = 1.750, dry_allowed_length = 2, dry_penalty_last_n = 64
ollama-1  | 	top_k = 40, top_p = 0.900, min_p = 0.000, xtc_probability = 0.000, xtc_threshold = 0.100, typical_p = 1.000, top_n_sigma = -1.000, temp = 0.000
ollama-1  | 	mirostat = 0, mirostat_lr = 0.100, mirostat_ent = 5.000, adaptive_target = -1.000, adaptive_decay = 0.900
ollama-1  | slot launch_slot_: id  0 | task 11602 | processing task, is_child = 0
ollama-1  | slot   operator(): id  0 | task 11602 | new prompt, n_ctx_slot = 4096, n_keep = 4, task.n_tokens = 476
ollama-1  | slot   operator(): id  0 | task 11602 | cached n_tokens = 380, memory_seq_rm [380, end)
ollama-1  | slot init_sampler: id  0 | task 11602 | init sampler, took 0.05 ms, tokens: text = 476, total = 476
ollama-1  | slot print_timing: id  0 | task 11602 | prompt eval time =     706.96 ms /    96 tokens (    7.36 ms per token,   135.79 tokens per second)
ollama-1  | slot print_timing: id  0 | task 11602 |        eval time =     333.54 ms /    11 tokens (   33.35 ms per token,    29.98 tokens per second)
ollama-1  | slot print_timing: id  0 | task 11602 |       total time =    1040.50 ms /   107 tokens
ollama-1  | slot print_timing: id  0 | task 11602 |    graphs reused =       8332
ollama-1  | slot      release: id  0 | task 11602 | stop processing: n_tokens = 486, truncated = 0
ollama-1  | srv  update_slots: all slots are idle
ollama-1  | [GIN] 2026/10/08 - 04:33:54 | 200 |  57.53996191s |      172.21.0.4 | POST     "/api/generate"
ollama-1  | srv  server_strea: conv_id= (empty=1)
ollama-1  | slot get_availabl: id  0 | task -1 |  - checking sim = 0.819 (380/464) > 0.100
ollama-1  | slot get_availabl: id  0 | task -1 | selected slot by LCP similarity, f_sim_best = 0.819 (> 0.100 thold), f_keep = 0.782
ollama-1  | slot launch_slot_: id  0 | task -1 | sampler chain: logits -> ?penalties -> ?dry -> ?top-n-sigma -> top-k -> ?typical -> top-p -> ?min-p -> ?xtc -> temp-ext -> dist 
ollama-1  | slot launch_slot_: id  0 | task -1 | sampler params: 
ollama-1  | 	repeat_last_n = 64, repeat_penalty = 1.000, frequency_penalty = 0.000, presence_penalty = 0.000
ollama-1  | 	dry_multiplier = 0.000, dry_base = 1.750, dry_allowed_length = 2, dry_penalty_last_n = 64
ollama-1  | 	top_k = 40, top_p = 0.900, min_p = 0.000, xtc_probability = 0.000, xtc_threshold = 0.100, typical_p = 1.000, top_n_sigma = -1.000, temp = 0.000
ollama-1  | 	mirostat = 0, mirostat_lr = 0.100, mirostat_ent = 5.000, adaptive_target = -1.000, adaptive_decay = 0.900
ollama-1  | slot launch_slot_: id  0 | task 11614 | processing task, is_child = 0
ollama-1  | slot   operator(): id  0 | task 11614 | new prompt, n_ctx_slot = 4096, n_keep = 4, task.n_tokens = 464
ollama-1  | slot   operator(): id  0 | task 11614 | cached n_tokens = 380, memory_seq_rm [380, end)
ollama-1  | slot init_sampler: id  0 | task 11614 | init sampler, took 0.06 ms, tokens: text = 464, total = 464
ollama-1  | [GIN] 2026/10/08 - 04:33:54 | 200 |      28.249µs |       127.0.0.1 | HEAD     "/"
ollama-1  | [GIN] 2026/10/08 - 04:33:54 | 200 |    1.313149ms |       127.0.0.1 | GET      "/api/tags"
ollama-1  | slot print_timing: id  0 | task 11614 | prompt eval time =     637.18 ms /    84 tokens (    7.59 ms per token,   131.83 tokens per second)
ollama-1  | slot print_timing: id  0 | task 11614 |        eval time =     271.78 ms /     9 tokens (   33.97 ms per token,    29.44 tokens per second)
ollama-1  | slot print_timing: id  0 | task 11614 |       total time =     908.96 ms /    93 tokens
ollama-1  | slot print_timing: id  0 | task 11614 |    graphs reused =       8339
ollama-1  | slot      release: id  0 | task 11614 | stop processing: n_tokens = 472, truncated = 0
ollama-1  | srv  update_slots: all slots are idle
ollama-1  | [GIN] 2026/10/08 - 04:33:54 | 200 | 54.482033351s |      172.21.0.4 | POST     "/api/generate"
ollama-1  | srv  server_strea: conv_id= (empty=1)
ollama-1  | slot get_availabl: id  0 | task -1 |  - checking sim = 0.583 (380/652) > 0.100
ollama-1  | slot get_availabl: id  0 | task -1 | selected slot by LCP similarity, f_sim_best = 0.583 (> 0.100 thold), f_keep = 0.805
ollama-1  | slot launch_slot_: id  0 | task -1 | sampler chain: logits -> ?penalties -> ?dry -> ?top-n-sigma -> top-k -> ?typical -> top-p -> ?min-p -> ?xtc -> temp-ext -> dist 
ollama-1  | slot launch_slot_: id  0 | task -1 | sampler params: 
ollama-1  | 	repeat_last_n = 64, repeat_penalty = 1.000, frequency_penalty = 0.000, presence_penalty = 0.000
ollama-1  | 	dry_multiplier = 0.000, dry_base = 1.750, dry_allowed_length = 2, dry_penalty_last_n = 64
ollama-1  | 	top_k = 40, top_p = 0.900, min_p = 0.000, xtc_probability = 0.000, xtc_threshold = 0.100, typical_p = 1.000, top_n_sigma = -1.000, temp = 0.000
ollama-1  | 	mirostat = 0, mirostat_lr = 0.100, mirostat_ent = 5.000, adaptive_target = -1.000, adaptive_decay = 0.900
ollama-1  | slot launch_slot_: id  0 | task 11624 | processing task, is_child = 0
ollama-1  | slot   operator(): id  0 | task 11624 | new prompt, n_ctx_slot = 4096, n_keep = 4, task.n_tokens = 652
ollama-1  | slot   operator(): id  0 | task 11624 | cached n_tokens = 380, memory_seq_rm [380, end)
ollama-1  | slot init_sampler: id  0 | task 11624 | init sampler, took 0.07 ms, tokens: text = 652, total = 652
ollama-1  | slot print_timing: id  0 | task 11624 | prompt eval time =    2038.78 ms /   272 tokens (    7.50 ms per token,   133.41 tokens per second)
ollama-1  | slot print_timing: id  0 | task 11624 |        eval time =     373.97 ms /    11 tokens (   37.40 ms per token,    26.74 tokens per second)
ollama-1  | slot print_timing: id  0 | task 11624 |       total time =    2412.75 ms /   283 tokens
ollama-1  | slot print_timing: id  0 | task 11624 |    graphs reused =       8348
ollama-1  | slot      release: id  0 | task 11624 | stop processing: n_tokens = 662, truncated = 0
ollama-1  | srv  update_slots: all slots are idle
ollama-1  | [GIN] 2026/10/08 - 04:33:57 | 200 | 53.295311027s |      172.21.0.4 | POST     "/api/generate"
ollama-1  | srv  server_strea: conv_id= (empty=1)
ollama-1  | slot get_availabl: id  0 | task -1 |  - checking sim = 0.695 (380/547) > 0.100
ollama-1  | slot get_availabl: id  0 | task -1 | selected slot by LCP similarity, f_sim_best = 0.695 (> 0.100 thold), f_keep = 0.574
ollama-1  | slot launch_slot_: id  0 | task -1 | sampler chain: logits -> ?penalties -> ?dry -> ?top-n-sigma -> top-k -> ?typical -> top-p -> ?min-p -> ?xtc -> temp-ext -> dist 
ollama-1  | slot launch_slot_: id  0 | task -1 | sampler params: 
ollama-1  | 	repeat_last_n = 64, repeat_penalty = 1.000, frequency_penalty = 0.000, presence_penalty = 0.000
ollama-1  | 	dry_multiplier = 0.000, dry_base = 1.750, dry_allowed_length = 2, dry_penalty_last_n = 64
ollama-1  | 	top_k = 40, top_p = 0.900, min_p = 0.000, xtc_probability = 0.000, xtc_threshold = 0.100, typical_p = 1.000, top_n_sigma = -1.000, temp = 0.000
ollama-1  | 	mirostat = 0, mirostat_lr = 0.100, mirostat_ent = 5.000, adaptive_target = -1.000, adaptive_decay = 0.900
ollama-1  | slot launch_slot_: id  0 | task 11636 | processing task, is_child = 0
ollama-1  | slot   operator(): id  0 | task 11636 | new prompt, n_ctx_slot = 4096, n_keep = 4, task.n_tokens = 547
ollama-1  | slot   operator(): id  0 | task 11636 | cached n_tokens = 380, memory_seq_rm [380, end)
ollama-1  | slot init_sampler: id  0 | task 11636 | init sampler, took 0.06 ms, tokens: text = 547, total = 547
ollama-1  | slot print_timing: id  0 | task 11636 | prompt eval time =    1276.89 ms /   167 tokens (    7.65 ms per token,   130.79 tokens per second)
ollama-1  | slot print_timing: id  0 | task 11636 |        eval time =     275.68 ms /     9 tokens (   34.46 ms per token,    29.02 tokens per second)
ollama-1  | slot print_timing: id  0 | task 11636 |       total time =    1552.57 ms /   176 tokens
ollama-1  | slot print_timing: id  0 | task 11636 |    graphs reused =       8355
ollama-1  | slot      release: id  0 | task 11636 | stop processing: n_tokens = 555, truncated = 0
ollama-1  | srv  update_slots: all slots are idle
ollama-1  | [GIN] 2026/10/08 - 04:33:58 | 200 | 53.808592081s |      172.21.0.4 | POST     "/api/generate"
ollama-1  | srv  server_strea: conv_id= (empty=1)
ollama-1  | slot get_availabl: id  0 | task -1 |  - checking sim = 0.734 (380/518) > 0.100
ollama-1  | slot get_availabl: id  0 | task -1 | selected slot by LCP similarity, f_sim_best = 0.734 (> 0.100 thold), f_keep = 0.685
ollama-1  | slot launch_slot_: id  0 | task -1 | sampler chain: logits -> ?penalties -> ?dry -> ?top-n-sigma -> top-k -> ?typical -> top-p -> ?min-p -> ?xtc -> temp-ext -> dist 
ollama-1  | slot launch_slot_: id  0 | task -1 | sampler params: 
ollama-1  | 	repeat_last_n = 64, repeat_penalty = 1.000, frequency_penalty = 0.000, presence_penalty = 0.000
ollama-1  | 	dry_multiplier = 0.000, dry_base = 1.750, dry_allowed_length = 2, dry_penalty_last_n = 64
ollama-1  | 	top_k = 40, top_p = 0.900, min_p = 0.000, xtc_probability = 0.000, xtc_threshold = 0.100, typical_p = 1.000, top_n_sigma = -1.000, temp = 0.000
ollama-1  | 	mirostat = 0, mirostat_lr = 0.100, mirostat_ent = 5.000, adaptive_target = -1.000, adaptive_decay = 0.900
ollama-1  | slot launch_slot_: id  0 | task 11646 | processing task, is_child = 0
ollama-1  | slot   operator(): id  0 | task 11646 | new prompt, n_ctx_slot = 4096, n_keep = 4, task.n_tokens = 518
ollama-1  | slot   operator(): id  0 | task 11646 | cached n_tokens = 380, memory_seq_rm [380, end)
ollama-1  | slot init_sampler: id  0 | task 11646 | init sampler, took 0.06 ms, tokens: text = 518, total = 518
ollama-1  | slot print_timing: id  0 | task 11646 | prompt eval time =    1056.55 ms /   138 tokens (    7.66 ms per token,   130.61 tokens per second)
ollama-1  | slot print_timing: id  0 | task 11646 |        eval time =     271.65 ms /     9 tokens (   33.96 ms per token,    29.45 tokens per second)
ollama-1  | slot print_timing: id  0 | task 11646 |       total time =    1328.21 ms /   147 tokens
ollama-1  | slot print_timing: id  0 | task 11646 |    graphs reused =       8362
ollama-1  | slot      release: id  0 | task 11646 | stop processing: n_tokens = 526, truncated = 0
ollama-1  | srv  update_slots: all slots are idle
ollama-1  | [GIN] 2026/10/08 - 04:34:00 | 200 | 51.097284653s |      172.21.0.4 | POST     "/api/generate"
ollama-1  | srv  server_strea: conv_id= (empty=1)
ollama-1  | slot get_availabl: id  0 | task -1 |  - checking sim = 0.462 (379/821) > 0.100
ollama-1  | slot get_availabl: id  0 | task -1 | selected slot by LCP similarity, f_sim_best = 0.462 (> 0.100 thold), f_keep = 0.721
ollama-1  | slot launch_slot_: id  0 | task -1 | sampler chain: logits -> ?penalties -> ?dry -> ?top-n-sigma -> top-k -> ?typical -> top-p -> ?min-p -> ?xtc -> temp-ext -> dist 
ollama-1  | slot launch_slot_: id  0 | task -1 | sampler params: 
ollama-1  | 	repeat_last_n = 64, repeat_penalty = 1.000, frequency_penalty = 0.000, presence_penalty = 0.000
ollama-1  | 	dry_multiplier = 0.000, dry_base = 1.750, dry_allowed_length = 2, dry_penalty_last_n = 64
ollama-1  | 	top_k = 40, top_p = 0.900, min_p = 0.000, xtc_probability = 0.000, xtc_threshold = 0.100, typical_p = 1.000, top_n_sigma = -1.000, temp = 0.000
ollama-1  | 	mirostat = 0, mirostat_lr = 0.100, mirostat_ent = 5.000, adaptive_target = -1.000, adaptive_decay = 0.900
ollama-1  | slot launch_slot_: id  0 | task 11656 | processing task, is_child = 0
ollama-1  | slot   operator(): id  0 | task 11656 | new prompt, n_ctx_slot = 4096, n_keep = 4, task.n_tokens = 821
ollama-1  | slot   operator(): id  0 | task 11656 | cached n_tokens = 379, memory_seq_rm [379, end)
ollama-1  | slot init_sampler: id  0 | task 11656 | init sampler, took 0.06 ms, tokens: text = 821, total = 821
ollama-1  | slot print_timing: id  0 | task 11656 | prompt eval time =    3242.78 ms /   442 tokens (    7.34 ms per token,   136.30 tokens per second)
ollama-1  | slot print_timing: id  0 | task 11656 |        eval time =     325.88 ms /    10 tokens (   36.21 ms per token,    27.62 tokens per second)
ollama-1  | slot print_timing: id  0 | task 11656 |       total time =    3568.66 ms /   452 tokens
ollama-1  | slot print_timing: id  0 | task 11656 |    graphs reused =       8370
ollama-1  | slot      release: id  0 | task 11656 | stop processing: n_tokens = 830, truncated = 0
ollama-1  | srv  update_slots: all slots are idle
ollama-1  | [GIN] 2026/10/08 - 04:34:03 | 200 | 51.425366622s |      172.21.0.4 | POST     "/api/generate"
ollama-1  | srv  server_strea: conv_id= (empty=1)
ollama-1  | slot get_availabl: id  0 | task -1 |  - checking sim = 0.783 (379/484) > 0.100
ollama-1  | slot get_availabl: id  0 | task -1 | selected slot by LCP similarity, f_sim_best = 0.783 (> 0.100 thold), f_keep = 0.457
ollama-1  | srv  get_availabl: updating prompt cache
ollama-1  | srv   prompt_save:  - saving prompt with length 830, total state size = 311.260 MiB (draft: 0.000 MiB)
ollama-1  | srv         alloc:  - making room for prompt cache entry, removing oldest entry (size = 327.386 MiB)
ollama-1  | srv          load:  - looking for better prompt, base f_keep = 0.457, f_sim = 0.783
ollama-1  | srv          load:    - prompt with length     827, lcp =     379, f_keep = 0.458, f_sim = 0.783
ollama-1  | srv          load:    - prompt with length     836, lcp =     379, f_keep = 0.453, f_sim = 0.783
ollama-1  | srv          load:    - prompt with length     796, lcp =     379, f_keep = 0.476, f_sim = 0.783
ollama-1  | srv          load:    - prompt with length     789, lcp =     379, f_keep = 0.480, f_sim = 0.783
ollama-1  | srv          load:    - prompt with length     890, lcp =     379, f_keep = 0.426, f_sim = 0.783
ollama-1  | srv          load:    - prompt with length     771, lcp =     379, f_keep = 0.492, f_sim = 0.783
ollama-1  | srv          load:    - prompt with length     904, lcp =     379, f_keep = 0.419, f_sim = 0.783
ollama-1  | srv          load:    - prompt with length     900, lcp =     379, f_keep = 0.421, f_sim = 0.783
ollama-1  | srv          load:    - prompt with length     774, lcp =     379, f_keep = 0.490, f_sim = 0.783
ollama-1  | srv          load:    - prompt with length     840, lcp =     379, f_keep = 0.451, f_sim = 0.783
ollama-1  | srv          load:    - prompt with length     770, lcp =     379, f_keep = 0.492, f_sim = 0.783
ollama-1  | srv          load:    - prompt with length     846, lcp =     379, f_keep = 0.448, f_sim = 0.783
ollama-1  | srv          load:    - prompt with length     827, lcp =     379, f_keep = 0.458, f_sim = 0.783
ollama-1  | srv          load:    - prompt with length     888, lcp =     379, f_keep = 0.427, f_sim = 0.783
ollama-1  | srv          load:    - prompt with length     942, lcp =     379, f_keep = 0.402, f_sim = 0.783
ollama-1  | srv          load:    - prompt with length     835, lcp =     379, f_keep = 0.454, f_sim = 0.783
ollama-1  | srv          load:    - prompt with length     835, lcp =     379, f_keep = 0.454, f_sim = 0.783
ollama-1  | srv          load:    - prompt with length     837, lcp =     379, f_keep = 0.453, f_sim = 0.783
ollama-1  | srv          load:    - prompt with length     810, lcp =     379, f_keep = 0.468, f_sim = 0.783
ollama-1  | srv          load:    - prompt with length     893, lcp =     379, f_keep = 0.424, f_sim = 0.783
ollama-1  | srv          load:    - prompt with length    1243, lcp =     379, f_keep = 0.305, f_sim = 0.783
ollama-1  | srv          load:    - prompt with length     779, lcp =     379, f_keep = 0.487, f_sim = 0.783
ollama-1  | srv          load:    - prompt with length     766, lcp =     379, f_keep = 0.495, f_sim = 0.783
ollama-1  | srv          load:    - prompt with length     813, lcp =     379, f_keep = 0.466, f_sim = 0.783
ollama-1  | srv          load:    - prompt with length     830, lcp =     379, f_keep = 0.457, f_sim = 0.783
ollama-1  | srv        update:  - cache state: 25 prompts, 7965.637 MiB (limits: 8192.000 MiB, 4096 tokens, 21844 est)
ollama-1  | srv        update:    - prompt 0x3990f8f0:     827 tokens, checkpoints:  0,   310.135 MiB
ollama-1  | srv        update:    - prompt 0x39541d10:     836 tokens, checkpoints:  0,   313.510 MiB
ollama-1  | srv        update:    - prompt 0x39541c60:     796 tokens, checkpoints:  0,   298.510 MiB
ollama-1  | srv        update:    - prompt 0x3bd03820:     789 tokens, checkpoints:  0,   295.885 MiB
ollama-1  | srv        update:    - prompt 0x3bd03980:     890 tokens, checkpoints:  0,   333.761 MiB
ollama-1  | srv        update:    - prompt 0x3bd1ec30:     771 tokens, checkpoints:  0,   289.135 MiB
ollama-1  | srv        update:    - prompt 0x39521940:     904 tokens, checkpoints:  0,   339.011 MiB
ollama-1  | srv        update:    - prompt 0x39903680:     900 tokens, checkpoints:  0,   337.511 MiB
ollama-1  | srv        update:    - prompt 0x3bd27a40:     774 tokens, checkpoints:  0,   290.260 MiB
ollama-1  | srv        update:    - prompt 0x3bcf25a0:     840 tokens, checkpoints:  0,   315.010 MiB
ollama-1  | srv        update:    - prompt 0x3bd306b0:     770 tokens, checkpoints:  0,   288.760 MiB
ollama-1  | srv        update:    - prompt 0x3bcf1110:     846 tokens, checkpoints:  0,   317.260 MiB
ollama-1  | srv        update:    - prompt 0x39536010:     827 tokens, checkpoints:  0,   310.135 MiB
ollama-1  | srv        update:    - prompt 0x3bd30760:     888 tokens, checkpoints:  0,   333.011 MiB
ollama-1  | srv        update:    - prompt 0x3beb80b0:     942 tokens, checkpoints:  0,   353.262 MiB
ollama-1  | srv        update:    - prompt 0x3bedb310:     835 tokens, checkpoints:  0,   313.135 MiB
ollama-1  | srv        update:    - prompt 0x39532a60:     835 tokens, checkpoints:  0,   313.135 MiB
ollama-1  | srv        update:    - prompt 0x3bcf2440:     837 tokens, checkpoints:  0,   313.885 MiB
ollama-1  | srv        update:    - prompt 0x3bd038d0:     810 tokens, checkpoints:  0,   303.760 MiB
ollama-1  | srv        update:    - prompt 0x3bd05200:     893 tokens, checkpoints:  0,   334.886 MiB
ollama-1  | srv        update:    - prompt 0x3952d930:    1243 tokens, checkpoints:  0,   466.140 MiB
ollama-1  | srv        update:    - prompt 0x3bd080a0:     779 tokens, checkpoints:  0,   292.135 MiB
ollama-1  | srv        update:    - prompt 0x39544a40:     766 tokens, checkpoints:  0,   287.260 MiB
ollama-1  | srv        update:    - prompt 0x39541bb0:     813 tokens, checkpoints:  0,   304.885 MiB
ollama-1  | srv        update:    - prompt 0x39530080:     830 tokens, checkpoints:  0,   311.260 MiB
ollama-1  | srv  get_availabl: prompt cache update took 138.62 ms
ollama-1  | slot launch_slot_: id  0 | task -1 | sampler chain: logits -> ?penalties -> ?dry -> ?top-n-sigma -> top-k -> ?typical -> top-p -> ?min-p -> ?xtc -> temp-ext -> dist 
ollama-1  | slot launch_slot_: id  0 | task -1 | sampler params: 
ollama-1  | 	repeat_last_n = 64, repeat_penalty = 1.000, frequency_penalty = 0.000, presence_penalty = 0.000
ollama-1  | 	dry_multiplier = 0.000, dry_base = 1.750, dry_allowed_length = 2, dry_penalty_last_n = 64
ollama-1  | 	top_k = 40, top_p = 0.900, min_p = 0.000, xtc_probability = 0.000, xtc_threshold = 0.100, typical_p = 1.000, top_n_sigma = -1.000, temp = 0.000
ollama-1  | 	mirostat = 0, mirostat_lr = 0.100, mirostat_ent = 5.000, adaptive_target = -1.000, adaptive_decay = 0.900
ollama-1  | slot launch_slot_: id  0 | task 11667 | processing task, is_child = 0
ollama-1  | slot   operator(): id  0 | task 11667 | new prompt, n_ctx_slot = 4096, n_keep = 4, task.n_tokens = 484
ollama-1  | slot   operator(): id  0 | task 11667 | cached n_tokens = 379, memory_seq_rm [379, end)
ollama-1  | slot init_sampler: id  0 | task 11667 | init sampler, took 0.04 ms, tokens: text = 484, total = 484
ollama-1  | [GIN] 2026/10/08 - 04:34:04 | 200 |      31.695µs |       127.0.0.1 | HEAD     "/"
ollama-1  | [GIN] 2026/10/08 - 04:34:04 | 200 |     1.34829ms |       127.0.0.1 | GET      "/api/tags"
ollama-1  | slot print_timing: id  0 | task 11667 | prompt eval time =     817.44 ms /   105 tokens (    7.79 ms per token,   128.45 tokens per second)
ollama-1  | slot print_timing: id  0 | task 11667 |        eval time =     268.78 ms /     9 tokens (   33.60 ms per token,    29.76 tokens per second)
ollama-1  | slot print_timing: id  0 | task 11667 |       total time =    1086.22 ms /   114 tokens
ollama-1  | slot print_timing: id  0 | task 11667 |    graphs reused =       8377
ollama-1  | slot      release: id  0 | task 11667 | stop processing: n_tokens = 492, truncated = 0
ollama-1  | srv  update_slots: all slots are idle
ollama-1  | [GIN] 2026/10/08 - 04:34:05 | 200 | 52.617814985s |      172.21.0.4 | POST     "/api/generate"
ollama-1  | srv  server_strea: conv_id= (empty=1)
ollama-1  | slot get_availabl: id  0 | task -1 |  - checking sim = 0.664 (379/571) > 0.100
ollama-1  | slot get_availabl: id  0 | task -1 | selected slot by LCP similarity, f_sim_best = 0.664 (> 0.100 thold), f_keep = 0.770
ollama-1  | slot launch_slot_: id  0 | task -1 | sampler chain: logits -> ?penalties -> ?dry -> ?top-n-sigma -> top-k -> ?typical -> top-p -> ?min-p -> ?xtc -> temp-ext -> dist 
ollama-1  | slot launch_slot_: id  0 | task -1 | sampler params: 
ollama-1  | 	repeat_last_n = 64, repeat_penalty = 1.000, frequency_penalty = 0.000, presence_penalty = 0.000
ollama-1  | 	dry_multiplier = 0.000, dry_base = 1.750, dry_allowed_length = 2, dry_penalty_last_n = 64
ollama-1  | 	top_k = 40, top_p = 0.900, min_p = 0.000, xtc_probability = 0.000, xtc_threshold = 0.100, typical_p = 1.000, top_n_sigma = -1.000, temp = 0.000
ollama-1  | 	mirostat = 0, mirostat_lr = 0.100, mirostat_ent = 5.000, adaptive_target = -1.000, adaptive_decay = 0.900
ollama-1  | slot launch_slot_: id  0 | task 11677 | processing task, is_child = 0
ollama-1  | slot   operator(): id  0 | task 11677 | new prompt, n_ctx_slot = 4096, n_keep = 4, task.n_tokens = 571
ollama-1  | slot   operator(): id  0 | task 11677 | cached n_tokens = 379, memory_seq_rm [379, end)
ollama-1  | slot init_sampler: id  0 | task 11677 | init sampler, took 0.12 ms, tokens: text = 571, total = 571
ollama-1  | slot print_timing: id  0 | task 11677 | prompt eval time =    1412.63 ms /   192 tokens (    7.36 ms per token,   135.92 tokens per second)
ollama-1  | slot print_timing: id  0 | task 11677 |        eval time =     291.07 ms /     9 tokens (   36.38 ms per token,    27.48 tokens per second)
ollama-1  | slot print_timing: id  0 | task 11677 |       total time =    1703.71 ms /   201 tokens
ollama-1  | slot print_timing: id  0 | task 11677 |    graphs reused =       8384
ollama-1  | slot      release: id  0 | task 11677 | stop processing: n_tokens = 579, truncated = 0
ollama-1  | srv  update_slots: all slots are idle
ollama-1  | [GIN] 2026/10/08 - 04:34:06 | 200 |  54.32214532s |      172.21.0.4 | POST     "/api/generate"
ollama-1  | srv  server_strea: conv_id= (empty=1)
ollama-1  | slot get_availabl: id  0 | task -1 |  - checking sim = 0.830 (380/458) > 0.100
ollama-1  | slot get_availabl: id  0 | task -1 | selected slot by LCP similarity, f_sim_best = 0.830 (> 0.100 thold), f_keep = 0.656
ollama-1  | slot launch_slot_: id  0 | task -1 | sampler chain: logits -> ?penalties -> ?dry -> ?top-n-sigma -> top-k -> ?typical -> top-p -> ?min-p -> ?xtc -> temp-ext -> dist 
ollama-1  | slot launch_slot_: id  0 | task -1 | sampler params: 
ollama-1  | 	repeat_last_n = 64, repeat_penalty = 1.000, frequency_penalty = 0.000, presence_penalty = 0.000
ollama-1  | 	dry_multiplier = 0.000, dry_base = 1.750, dry_allowed_length = 2, dry_penalty_last_n = 64
ollama-1  | 	top_k = 40, top_p = 0.900, min_p = 0.000, xtc_probability = 0.000, xtc_threshold = 0.100, typical_p = 1.000, top_n_sigma = -1.000, temp = 0.000
ollama-1  | 	mirostat = 0, mirostat_lr = 0.100, mirostat_ent = 5.000, adaptive_target = -1.000, adaptive_decay = 0.900
ollama-1  | slot launch_slot_: id  0 | task 11687 | processing task, is_child = 0
ollama-1  | slot   operator(): id  0 | task 11687 | new prompt, n_ctx_slot = 4096, n_keep = 4, task.n_tokens = 458
ollama-1  | slot   operator(): id  0 | task 11687 | cached n_tokens = 380, memory_seq_rm [380, end)
ollama-1  | slot init_sampler: id  0 | task 11687 | init sampler, took 0.05 ms, tokens: text = 458, total = 458
ollama-1  | slot print_timing: id  0 | task 11687 | prompt eval time =     615.15 ms /    78 tokens (    7.89 ms per token,   126.80 tokens per second)
ollama-1  | slot print_timing: id  0 | task 11687 |        eval time =     264.94 ms /     9 tokens (   33.12 ms per token,    30.20 tokens per second)
ollama-1  | slot print_timing: id  0 | task 11687 |       total time =     880.08 ms /    87 tokens
ollama-1  | slot print_timing: id  0 | task 11687 |    graphs reused =       8391
ollama-1  | slot      release: id  0 | task 11687 | stop processing: n_tokens = 466, truncated = 0
ollama-1  | srv  update_slots: all slots are idle
ollama-1  | [GIN] 2026/10/08 - 04:34:07 | 200 | 46.199656584s |      172.21.0.4 | POST     "/api/generate"
ollama-1  | srv  server_strea: conv_id= (empty=1)
ollama-1  | slot get_availabl: id  0 | task -1 |  - checking sim = 0.813 (379/466) > 0.100
ollama-1  | slot get_availabl: id  0 | task -1 | selected slot by LCP similarity, f_sim_best = 0.813 (> 0.100 thold), f_keep = 0.813
ollama-1  | slot launch_slot_: id  0 | task -1 | sampler chain: logits -> ?penalties -> ?dry -> ?top-n-sigma -> top-k -> ?typical -> top-p -> ?min-p -> ?xtc -> temp-ext -> dist 
ollama-1  | slot launch_slot_: id  0 | task -1 | sampler params: 
ollama-1  | 	repeat_last_n = 64, repeat_penalty = 1.000, frequency_penalty = 0.000, presence_penalty = 0.000
ollama-1  | 	dry_multiplier = 0.000, dry_base = 1.750, dry_allowed_length = 2, dry_penalty_last_n = 64
ollama-1  | 	top_k = 40, top_p = 0.900, min_p = 0.000, xtc_probability = 0.000, xtc_threshold = 0.100, typical_p = 1.000, top_n_sigma = -1.000, temp = 0.000
ollama-1  | 	mirostat = 0, mirostat_lr = 0.100, mirostat_ent = 5.000, adaptive_target = -1.000, adaptive_decay = 0.900
ollama-1  | slot launch_slot_: id  0 | task 11697 | processing task, is_child = 0
ollama-1  | slot   operator(): id  0 | task 11697 | new prompt, n_ctx_slot = 4096, n_keep = 4, task.n_tokens = 466
ollama-1  | slot   operator(): id  0 | task 11697 | cached n_tokens = 379, memory_seq_rm [379, end)
ollama-1  | slot init_sampler: id  0 | task 11697 | init sampler, took 0.05 ms, tokens: text = 466, total = 466
ollama-1  | slot print_timing: id  0 | task 11697 | prompt eval time =     684.94 ms /    87 tokens (    7.87 ms per token,   127.02 tokens per second)
ollama-1  | slot print_timing: id  0 | task 11697 |        eval time =     298.86 ms /    10 tokens (   33.21 ms per token,    30.11 tokens per second)
ollama-1  | slot print_timing: id  0 | task 11697 |       total time =     983.80 ms /    97 tokens
ollama-1  | slot print_timing: id  0 | task 11697 |    graphs reused =       8399
ollama-1  | slot      release: id  0 | task 11697 | stop processing: n_tokens = 475, truncated = 0
ollama-1  | srv  update_slots: all slots are idle
ollama-1  | [GIN] 2026/10/08 - 04:34:08 | 200 | 45.272703866s |      172.21.0.4 | POST     "/api/generate"
ollama-1  | srv  server_strea: conv_id= (empty=1)
ollama-1  | slot get_availabl: id  0 | task -1 |  - checking sim = 0.638 (379/594) > 0.100
ollama-1  | slot get_availabl: id  0 | task -1 | selected slot by LCP similarity, f_sim_best = 0.638 (> 0.100 thold), f_keep = 0.798
ollama-1  | slot launch_slot_: id  0 | task -1 | sampler chain: logits -> ?penalties -> ?dry -> ?top-n-sigma -> top-k -> ?typical -> top-p -> ?min-p -> ?xtc -> temp-ext -> dist 
ollama-1  | slot launch_slot_: id  0 | task -1 | sampler params: 
ollama-1  | 	repeat_last_n = 64, repeat_penalty = 1.000, frequency_penalty = 0.000, presence_penalty = 0.000
ollama-1  | 	dry_multiplier = 0.000, dry_base = 1.750, dry_allowed_length = 2, dry_penalty_last_n = 64
ollama-1  | 	top_k = 40, top_p = 0.900, min_p = 0.000, xtc_probability = 0.000, xtc_threshold = 0.100, typical_p = 1.000, top_n_sigma = -1.000, temp = 0.000
ollama-1  | 	mirostat = 0, mirostat_lr = 0.100, mirostat_ent = 5.000, adaptive_target = -1.000, adaptive_decay = 0.900
ollama-1  | slot launch_slot_: id  0 | task 11708 | processing task, is_child = 0
ollama-1  | slot   operator(): id  0 | task 11708 | new prompt, n_ctx_slot = 4096, n_keep = 4, task.n_tokens = 594
ollama-1  | slot   operator(): id  0 | task 11708 | cached n_tokens = 379, memory_seq_rm [379, end)
ollama-1  | slot init_sampler: id  0 | task 11708 | init sampler, took 0.08 ms, tokens: text = 594, total = 594
ollama-1  | slot print_timing: id  0 | task 11708 | prompt eval time =    1605.92 ms /   215 tokens (    7.47 ms per token,   133.88 tokens per second)
ollama-1  | slot print_timing: id  0 | task 11708 |        eval time =     303.64 ms /    10 tokens (   33.74 ms per token,    29.64 tokens per second)
ollama-1  | slot print_timing: id  0 | task 11708 |       total time =    1909.57 ms /   225 tokens
ollama-1  | slot print_timing: id  0 | task 11708 |    graphs reused =       8407
ollama-1  | slot      release: id  0 | task 11708 | stop processing: n_tokens = 603, truncated = 0
ollama-1  | srv  update_slots: all slots are idle
ollama-1  | [GIN] 2026/10/08 - 04:34:10 | 200 | 47.145104643s |      172.21.0.4 | POST     "/api/generate"
ollama-1  | srv  server_strea: conv_id= (empty=1)
ollama-1  | slot get_availabl: id  0 | task -1 |  - checking sim = 0.506 (379/749) > 0.100
ollama-1  | slot get_availabl: id  0 | task -1 | selected slot by LCP similarity, f_sim_best = 0.506 (> 0.100 thold), f_keep = 0.629
ollama-1  | slot launch_slot_: id  0 | task -1 | sampler chain: logits -> ?penalties -> ?dry -> ?top-n-sigma -> top-k -> ?typical -> top-p -> ?min-p -> ?xtc -> temp-ext -> dist 
ollama-1  | slot launch_slot_: id  0 | task -1 | sampler params: 
ollama-1  | 	repeat_last_n = 64, repeat_penalty = 1.000, frequency_penalty = 0.000, presence_penalty = 0.000
ollama-1  | 	dry_multiplier = 0.000, dry_base = 1.750, dry_allowed_length = 2, dry_penalty_last_n = 64
ollama-1  | 	top_k = 40, top_p = 0.900, min_p = 0.000, xtc_probability = 0.000, xtc_threshold = 0.100, typical_p = 1.000, top_n_sigma = -1.000, temp = 0.000
ollama-1  | 	mirostat = 0, mirostat_lr = 0.100, mirostat_ent = 5.000, adaptive_target = -1.000, adaptive_decay = 0.900
ollama-1  | slot launch_slot_: id  0 | task 11719 | processing task, is_child = 0
ollama-1  | slot   operator(): id  0 | task 11719 | new prompt, n_ctx_slot = 4096, n_keep = 4, task.n_tokens = 749
ollama-1  | slot   operator(): id  0 | task 11719 | cached n_tokens = 379, memory_seq_rm [379, end)
ollama-1  | slot init_sampler: id  0 | task 11719 | init sampler, took 0.06 ms, tokens: text = 749, total = 749
ollama-1  | slot print_timing: id  0 | task 11719 | prompt eval time =    2653.97 ms /   370 tokens (    7.17 ms per token,   139.41 tokens per second)
ollama-1  | slot print_timing: id  0 | task 11719 |        eval time =     280.64 ms /     9 tokens (   35.08 ms per token,    28.51 tokens per second)
ollama-1  | slot print_timing: id  0 | task 11719 |       total time =    2934.61 ms /   379 tokens
ollama-1  | slot print_timing: id  0 | task 11719 |    graphs reused =       8414
ollama-1  | slot      release: id  0 | task 11719 | stop processing: n_tokens = 757, truncated = 0
ollama-1  | srv  update_slots: all slots are idle
ollama-1  | [GIN] 2026/10/08 - 04:34:13 | 200 | 47.557060704s |      172.21.0.4 | POST     "/api/generate"
ollama-1  | srv  server_strea: conv_id= (empty=1)
ollama-1  | slot get_availabl: id  0 | task -1 |  - checking sim = 0.630 (379/602) > 0.100
ollama-1  | slot get_availabl: id  0 | task -1 | selected slot by LCP similarity, f_sim_best = 0.630 (> 0.100 thold), f_keep = 0.501
ollama-1  | slot launch_slot_: id  0 | task -1 | sampler chain: logits -> ?penalties -> ?dry -> ?top-n-sigma -> top-k -> ?typical -> top-p -> ?min-p -> ?xtc -> temp-ext -> dist 
ollama-1  | slot launch_slot_: id  0 | task -1 | sampler params: 
ollama-1  | 	repeat_last_n = 64, repeat_penalty = 1.000, frequency_penalty = 0.000, presence_penalty = 0.000
ollama-1  | 	dry_multiplier = 0.000, dry_base = 1.750, dry_allowed_length = 2, dry_penalty_last_n = 64
ollama-1  | 	top_k = 40, top_p = 0.900, min_p = 0.000, xtc_probability = 0.000, xtc_threshold = 0.100, typical_p = 1.000, top_n_sigma = -1.000, temp = 0.000
ollama-1  | 	mirostat = 0, mirostat_lr = 0.100, mirostat_ent = 5.000, adaptive_target = -1.000, adaptive_decay = 0.900
ollama-1  | slot launch_slot_: id  0 | task 11729 | processing task, is_child = 0
ollama-1  | slot   operator(): id  0 | task 11729 | new prompt, n_ctx_slot = 4096, n_keep = 4, task.n_tokens = 602
ollama-1  | slot   operator(): id  0 | task 11729 | cached n_tokens = 379, memory_seq_rm [379, end)
ollama-1  | slot init_sampler: id  0 | task 11729 | init sampler, took 0.11 ms, tokens: text = 602, total = 602
ollama-1  | [GIN] 2026/10/08 - 04:34:14 | 200 |      31.609µs |       127.0.0.1 | HEAD     "/"
ollama-1  | [GIN] 2026/10/08 - 04:34:14 | 200 |    1.344832ms |       127.0.0.1 | GET      "/api/tags"
ollama-1  | slot print_timing: id  0 | task 11729 | prompt eval time =    1726.21 ms /   223 tokens (    7.74 ms per token,   129.18 tokens per second)
ollama-1  | slot print_timing: id  0 | task 11729 |        eval time =     277.36 ms /     9 tokens (   34.67 ms per token,    28.84 tokens per second)
ollama-1  | slot print_timing: id  0 | task 11729 |       total time =    2003.57 ms /   232 tokens
ollama-1  | slot print_timing: id  0 | task 11729 |    graphs reused =       8421
ollama-1  | slot      release: id  0 | task 11729 | stop processing: n_tokens = 610, truncated = 0
ollama-1  | srv  update_slots: all slots are idle
ollama-1  | [GIN] 2026/10/08 - 04:34:15 | 200 | 48.202819066s |      172.21.0.4 | POST     "/api/generate"
ollama-1  | srv  server_strea: conv_id= (empty=1)
ollama-1  | slot get_availabl: id  0 | task -1 |  - checking sim = 0.740 (379/512) > 0.100
ollama-1  | slot get_availabl: id  0 | task -1 | selected slot by LCP similarity, f_sim_best = 0.740 (> 0.100 thold), f_keep = 0.621
ollama-1  | slot launch_slot_: id  0 | task -1 | sampler chain: logits -> ?penalties -> ?dry -> ?top-n-sigma -> top-k -> ?typical -> top-p -> ?min-p -> ?xtc -> temp-ext -> dist 
ollama-1  | slot launch_slot_: id  0 | task -1 | sampler params: 
ollama-1  | 	repeat_last_n = 64, repeat_penalty = 1.000, frequency_penalty = 0.000, presence_penalty = 0.000
ollama-1  | 	dry_multiplier = 0.000, dry_base = 1.750, dry_allowed_length = 2, dry_penalty_last_n = 64
ollama-1  | 	top_k = 40, top_p = 0.900, min_p = 0.000, xtc_probability = 0.000, xtc_threshold = 0.100, typical_p = 1.000, top_n_sigma = -1.000, temp = 0.000
ollama-1  | 	mirostat = 0, mirostat_lr = 0.100, mirostat_ent = 5.000, adaptive_target = -1.000, adaptive_decay = 0.900
ollama-1  | slot launch_slot_: id  0 | task 11739 | processing task, is_child = 0
ollama-1  | slot   operator(): id  0 | task 11739 | new prompt, n_ctx_slot = 4096, n_keep = 4, task.n_tokens = 512
ollama-1  | slot   operator(): id  0 | task 11739 | cached n_tokens = 379, memory_seq_rm [379, end)
ollama-1  | slot init_sampler: id  0 | task 11739 | init sampler, took 0.04 ms, tokens: text = 512, total = 512
ollama-1  | slot print_timing: id  0 | task 11739 | prompt eval time =     999.14 ms /   133 tokens (    7.51 ms per token,   133.12 tokens per second)
ollama-1  | slot print_timing: id  0 | task 11739 |        eval time =     355.99 ms /    11 tokens (   35.60 ms per token,    28.09 tokens per second)
ollama-1  | slot print_timing: id  0 | task 11739 |       total time =    1355.13 ms /   144 tokens
ollama-1  | slot print_timing: id  0 | task 11739 |    graphs reused =       8430
ollama-1  | slot      release: id  0 | task 11739 | stop processing: n_tokens = 522, truncated = 0
ollama-1  | srv  update_slots: all slots are idle
ollama-1  | [GIN] 2026/10/08 - 04:34:16 | 200 | 48.024465451s |      172.21.0.4 | POST     "/api/generate"
ollama-1  | srv  server_strea: conv_id= (empty=1)
ollama-1  | slot get_availabl: id  0 | task -1 |  - checking sim = 0.659 (379/575) > 0.100
ollama-1  | slot get_availabl: id  0 | task -1 | selected slot by LCP similarity, f_sim_best = 0.659 (> 0.100 thold), f_keep = 0.726
ollama-1  | slot launch_slot_: id  0 | task -1 | sampler chain: logits -> ?penalties -> ?dry -> ?top-n-sigma -> top-k -> ?typical -> top-p -> ?min-p -> ?xtc -> temp-ext -> dist 
ollama-1  | slot launch_slot_: id  0 | task -1 | sampler params: 
ollama-1  | 	repeat_last_n = 64, repeat_penalty = 1.000, frequency_penalty = 0.000, presence_penalty = 0.000
ollama-1  | 	dry_multiplier = 0.000, dry_base = 1.750, dry_allowed_length = 2, dry_penalty_last_n = 64
ollama-1  | 	top_k = 40, top_p = 0.900, min_p = 0.000, xtc_probability = 0.000, xtc_threshold = 0.100, typical_p = 1.000, top_n_sigma = -1.000, temp = 0.000
ollama-1  | 	mirostat = 0, mirostat_lr = 0.100, mirostat_ent = 5.000, adaptive_target = -1.000, adaptive_decay = 0.900
ollama-1  | slot launch_slot_: id  0 | task 11751 | processing task, is_child = 0
ollama-1  | slot   operator(): id  0 | task 11751 | new prompt, n_ctx_slot = 4096, n_keep = 4, task.n_tokens = 575
ollama-1  | slot   operator(): id  0 | task 11751 | cached n_tokens = 379, memory_seq_rm [379, end)
ollama-1  | slot init_sampler: id  0 | task 11751 | init sampler, took 0.04 ms, tokens: text = 575, total = 575
ollama-1  | slot print_timing: id  0 | task 11751 | prompt eval time =    1472.60 ms /   196 tokens (    7.51 ms per token,   133.10 tokens per second)
ollama-1  | slot print_timing: id  0 | task 11751 |        eval time =     313.27 ms /    10 tokens (   34.81 ms per token,    28.73 tokens per second)
ollama-1  | slot print_timing: id  0 | task 11751 |       total time =    1785.87 ms /   206 tokens
ollama-1  | slot print_timing: id  0 | task 11751 |    graphs reused =       8438
ollama-1  | slot      release: id  0 | task 11751 | stop processing: n_tokens = 584, truncated = 0
ollama-1  | srv  update_slots: all slots are idle
ollama-1  | [GIN] 2026/10/08 - 04:34:18 | 200 | 46.613630174s |      172.21.0.4 | POST     "/api/generate"
ollama-1  | srv  server_strea: conv_id= (empty=1)
ollama-1  | slot get_availabl: id  0 | task -1 |  - checking sim = 0.594 (379/638) > 0.100
ollama-1  | slot get_availabl: id  0 | task -1 | selected slot by LCP similarity, f_sim_best = 0.594 (> 0.100 thold), f_keep = 0.649
ollama-1  | slot launch_slot_: id  0 | task -1 | sampler chain: logits -> ?penalties -> ?dry -> ?top-n-sigma -> top-k -> ?typical -> top-p -> ?min-p -> ?xtc -> temp-ext -> dist 
ollama-1  | slot launch_slot_: id  0 | task -1 | sampler params: 
ollama-1  | 	repeat_last_n = 64, repeat_penalty = 1.000, frequency_penalty = 0.000, presence_penalty = 0.000
ollama-1  | 	dry_multiplier = 0.000, dry_base = 1.750, dry_allowed_length = 2, dry_penalty_last_n = 64
ollama-1  | 	top_k = 40, top_p = 0.900, min_p = 0.000, xtc_probability = 0.000, xtc_threshold = 0.100, typical_p = 1.000, top_n_sigma = -1.000, temp = 0.000
ollama-1  | 	mirostat = 0, mirostat_lr = 0.100, mirostat_ent = 5.000, adaptive_target = -1.000, adaptive_decay = 0.900
ollama-1  | slot launch_slot_: id  0 | task 11762 | processing task, is_child = 0
ollama-1  | slot   operator(): id  0 | task 11762 | new prompt, n_ctx_slot = 4096, n_keep = 4, task.n_tokens = 638
ollama-1  | slot   operator(): id  0 | task 11762 | cached n_tokens = 379, memory_seq_rm [379, end)
ollama-1  | slot init_sampler: id  0 | task 11762 | init sampler, took 0.05 ms, tokens: text = 638, total = 638
ollama-1  | slot print_timing: id  0 | task 11762 | prompt eval time =    1917.27 ms /   259 tokens (    7.40 ms per token,   135.09 tokens per second)
ollama-1  | slot print_timing: id  0 | task 11762 |        eval time =     280.08 ms /     9 tokens (   35.01 ms per token,    28.56 tokens per second)
ollama-1  | slot print_timing: id  0 | task 11762 |       total time =    2197.35 ms /   268 tokens
ollama-1  | slot print_timing: id  0 | task 11762 |    graphs reused =       8445
ollama-1  | slot      release: id  0 | task 11762 | stop processing: n_tokens = 646, truncated = 0
ollama-1  | srv  update_slots: all slots are idle
ollama-1  | [GIN] 2026/10/08 - 04:34:22 | 200 | 44.010749435s |      172.21.0.4 | POST     "/api/generate"
ollama-1  | srv  server_strea: conv_id= (empty=1)
ollama-1  | slot get_availabl: id  0 | task -1 |  - checking sim = 0.846 (379/448) > 0.100
ollama-1  | slot get_availabl: id  0 | task -1 | selected slot by LCP similarity, f_sim_best = 0.846 (> 0.100 thold), f_keep = 0.587
ollama-1  | slot launch_slot_: id  0 | task -1 | sampler chain: logits -> ?penalties -> ?dry -> ?top-n-sigma -> top-k -> ?typical -> top-p -> ?min-p -> ?xtc -> temp-ext -> dist 
ollama-1  | slot launch_slot_: id  0 | task -1 | sampler params: 
ollama-1  | 	repeat_last_n = 64, repeat_penalty = 1.000, frequency_penalty = 0.000, presence_penalty = 0.000
ollama-1  | 	dry_multiplier = 0.000, dry_base = 1.750, dry_allowed_length = 2, dry_penalty_last_n = 64
ollama-1  | 	top_k = 40, top_p = 0.900, min_p = 0.000, xtc_probability = 0.000, xtc_threshold = 0.100, typical_p = 1.000, top_n_sigma = -1.000, temp = 0.000
ollama-1  | 	mirostat = 0, mirostat_lr = 0.100, mirostat_ent = 5.000, adaptive_target = -1.000, adaptive_decay = 0.900
ollama-1  | slot launch_slot_: id  0 | task 11772 | processing task, is_child = 0
ollama-1  | slot   operator(): id  0 | task 11772 | new prompt, n_ctx_slot = 4096, n_keep = 4, task.n_tokens = 448
ollama-1  | slot   operator(): id  0 | task 11772 | cached n_tokens = 379, memory_seq_rm [379, end)
ollama-1  | slot init_sampler: id  0 | task 11772 | init sampler, took 0.05 ms, tokens: text = 448, total = 448
ollama-1  | slot print_timing: id  0 | task 11772 | prompt eval time =     541.32 ms /    69 tokens (    7.85 ms per token,   127.47 tokens per second)
ollama-1  | slot print_timing: id  0 | task 11772 |        eval time =     315.11 ms /    10 tokens (   35.01 ms per token,    28.56 tokens per second)
ollama-1  | slot print_timing: id  0 | task 11772 |       total time =     856.43 ms /    79 tokens
ollama-1  | slot print_timing: id  0 | task 11772 |    graphs reused =       8453
ollama-1  | slot      release: id  0 | task 11772 | stop processing: n_tokens = 457, truncated = 0
ollama-1  | srv  update_slots: all slots are idle
ollama-1  | [GIN] 2026/10/08 - 04:34:23 | 200 | 41.961815773s |      172.21.0.4 | POST     "/api/generate"
ollama-1  | srv  server_strea: conv_id= (empty=1)
ollama-1  | slot get_availabl: id  0 | task -1 |  - checking sim = 0.603 (379/629) > 0.100
ollama-1  | slot get_availabl: id  0 | task -1 | selected slot by LCP similarity, f_sim_best = 0.603 (> 0.100 thold), f_keep = 0.829
ollama-1  | slot launch_slot_: id  0 | task -1 | sampler chain: logits -> ?penalties -> ?dry -> ?top-n-sigma -> top-k -> ?typical -> top-p -> ?min-p -> ?xtc -> temp-ext -> dist 
ollama-1  | slot launch_slot_: id  0 | task -1 | sampler params: 
ollama-1  | 	repeat_last_n = 64, repeat_penalty = 1.000, frequency_penalty = 0.000, presence_penalty = 0.000
ollama-1  | 	dry_multiplier = 0.000, dry_base = 1.750, dry_allowed_length = 2, dry_penalty_last_n = 64
ollama-1  | 	top_k = 40, top_p = 0.900, min_p = 0.000, xtc_probability = 0.000, xtc_threshold = 0.100, typical_p = 1.000, top_n_sigma = -1.000, temp = 0.000
ollama-1  | 	mirostat = 0, mirostat_lr = 0.100, mirostat_ent = 5.000, adaptive_target = -1.000, adaptive_decay = 0.900
ollama-1  | slot launch_slot_: id  0 | task 11783 | processing task, is_child = 0
ollama-1  | slot   operator(): id  0 | task 11783 | new prompt, n_ctx_slot = 4096, n_keep = 4, task.n_tokens = 629
ollama-1  | slot   operator(): id  0 | task 11783 | cached n_tokens = 379, memory_seq_rm [379, end)
ollama-1  | slot init_sampler: id  0 | task 11783 | init sampler, took 0.07 ms, tokens: text = 629, total = 629
ollama-1  | slot print_timing: id  0 | task 11783 | prompt eval time =    1805.26 ms /   250 tokens (    7.22 ms per token,   138.48 tokens per second)
ollama-1  | slot print_timing: id  0 | task 11783 |        eval time =     299.17 ms /     9 tokens (   37.40 ms per token,    26.74 tokens per second)
ollama-1  | slot print_timing: id  0 | task 11783 |       total time =    2104.43 ms /   259 tokens
ollama-1  | slot print_timing: id  0 | task 11783 |    graphs reused =       8460
ollama-1  | slot      release: id  0 | task 11783 | stop processing: n_tokens = 637, truncated = 0
ollama-1  | srv  update_slots: all slots are idle
ollama-1  | [GIN] 2026/10/08 - 04:34:25 | 200 | 42.820475742s |      172.21.0.4 | POST     "/api/generate"
ollama-1  | srv  server_strea: conv_id= (empty=1)
ollama-1  | slot get_availabl: id  0 | task -1 |  - checking sim = 0.667 (380/570) > 0.100
ollama-1  | slot get_availabl: id  0 | task -1 | selected slot by LCP similarity, f_sim_best = 0.667 (> 0.100 thold), f_keep = 0.597
ollama-1  | slot launch_slot_: id  0 | task -1 | sampler chain: logits -> ?penalties -> ?dry -> ?top-n-sigma -> top-k -> ?typical -> top-p -> ?min-p -> ?xtc -> temp-ext -> dist 
ollama-1  | slot launch_slot_: id  0 | task -1 | sampler params: 
ollama-1  | 	repeat_last_n = 64, repeat_penalty = 1.000, frequency_penalty = 0.000, presence_penalty = 0.000
ollama-1  | 	dry_multiplier = 0.000, dry_base = 1.750, dry_allowed_length = 2, dry_penalty_last_n = 64
ollama-1  | 	top_k = 40, top_p = 0.900, min_p = 0.000, xtc_probability = 0.000, xtc_threshold = 0.100, typical_p = 1.000, top_n_sigma = -1.000, temp = 0.000
ollama-1  | 	mirostat = 0, mirostat_lr = 0.100, mirostat_ent = 5.000, adaptive_target = -1.000, adaptive_decay = 0.900
ollama-1  | slot launch_slot_: id  0 | task 11793 | processing task, is_child = 0
ollama-1  | slot   operator(): id  0 | task 11793 | new prompt, n_ctx_slot = 4096, n_keep = 4, task.n_tokens = 570
ollama-1  | slot   operator(): id  0 | task 11793 | cached n_tokens = 380, memory_seq_rm [380, end)
ollama-1  | slot init_sampler: id  0 | task 11793 | init sampler, took 0.06 ms, tokens: text = 570, total = 570
ollama-1  | [GIN] 2026/10/08 - 04:34:26 | 200 |      27.251µs |       127.0.0.1 | HEAD     "/"
ollama-1  | [GIN] 2026/10/08 - 04:34:26 | 200 |    1.324842ms |       127.0.0.1 | GET      "/api/tags"
ollama-1  | slot print_timing: id  0 | task 11793 | prompt eval time =    1425.68 ms /   190 tokens (    7.50 ms per token,   133.27 tokens per second)
ollama-1  | slot print_timing: id  0 | task 11793 |        eval time =     314.20 ms /    10 tokens (   34.91 ms per token,    28.64 tokens per second)
ollama-1  | slot print_timing: id  0 | task 11793 |       total time =    1739.88 ms /   200 tokens
ollama-1  | slot print_timing: id  0 | task 11793 |    graphs reused =       8468
ollama-1  | slot      release: id  0 | task 11793 | stop processing: n_tokens = 579, truncated = 0
ollama-1  | srv  update_slots: all slots are idle
ollama-1  | [GIN] 2026/10/08 - 04:34:27 | 200 | 42.986453785s |      172.21.0.4 | POST     "/api/generate"
ollama-1  | srv  server_strea: conv_id= (empty=1)
ollama-1  | slot get_availabl: id  0 | task -1 |  - checking sim = 0.465 (379/815) > 0.100
ollama-1  | slot get_availabl: id  0 | task -1 | selected slot by LCP similarity, f_sim_best = 0.465 (> 0.100 thold), f_keep = 0.655
ollama-1  | slot launch_slot_: id  0 | task -1 | sampler chain: logits -> ?penalties -> ?dry -> ?top-n-sigma -> top-k -> ?typical -> top-p -> ?min-p -> ?xtc -> temp-ext -> dist 
ollama-1  | slot launch_slot_: id  0 | task -1 | sampler params: 
ollama-1  | 	repeat_last_n = 64, repeat_penalty = 1.000, frequency_penalty = 0.000, presence_penalty = 0.000
ollama-1  | 	dry_multiplier = 0.000, dry_base = 1.750, dry_allowed_length = 2, dry_penalty_last_n = 64
ollama-1  | 	top_k = 40, top_p = 0.900, min_p = 0.000, xtc_probability = 0.000, xtc_threshold = 0.100, typical_p = 1.000, top_n_sigma = -1.000, temp = 0.000
ollama-1  | 	mirostat = 0, mirostat_lr = 0.100, mirostat_ent = 5.000, adaptive_target = -1.000, adaptive_decay = 0.900
ollama-1  | slot launch_slot_: id  0 | task 11804 | processing task, is_child = 0
ollama-1  | slot   operator(): id  0 | task 11804 | new prompt, n_ctx_slot = 4096, n_keep = 4, task.n_tokens = 815
ollama-1  | slot   operator(): id  0 | task 11804 | cached n_tokens = 379, memory_seq_rm [379, end)
ollama-1  | slot init_sampler: id  0 | task 11804 | init sampler, took 0.06 ms, tokens: text = 815, total = 815
ollama-1  | slot print_timing: id  0 | task 11804 | prompt eval time =    3211.18 ms /   436 tokens (    7.37 ms per token,   135.78 tokens per second)
ollama-1  | slot print_timing: id  0 | task 11804 |        eval time =     293.25 ms /     9 tokens (   36.66 ms per token,    27.28 tokens per second)
ollama-1  | slot print_timing: id  0 | task 11804 |       total time =    3504.43 ms /   445 tokens
ollama-1  | slot print_timing: id  0 | task 11804 |    graphs reused =       8475
ollama-1  | slot      release: id  0 | task 11804 | stop processing: n_tokens = 823, truncated = 0
ollama-1  | srv  update_slots: all slots are idle
ollama-1  | [GIN] 2026/10/08 - 04:34:30 | 200 | 46.445073882s |      172.21.0.4 | POST     "/api/generate"
ollama-1  | srv  server_strea: conv_id= (empty=1)
ollama-1  | slot get_availabl: id  0 | task -1 |  - checking sim = 0.501 (379/756) > 0.100
ollama-1  | slot get_availabl: id  0 | task -1 | selected slot by LCP similarity, f_sim_best = 0.501 (> 0.100 thold), f_keep = 0.461
ollama-1  | srv  get_availabl: updating prompt cache
ollama-1  | srv   prompt_save:  - saving prompt with length 823, total state size = 308.635 MiB (draft: 0.000 MiB)
ollama-1  | srv         alloc:  - making room for prompt cache entry, removing oldest entry (size = 310.135 MiB)
ollama-1  | srv          load:  - looking for better prompt, base f_keep = 0.461, f_sim = 0.501
ollama-1  | srv          load:    - prompt with length     836, lcp =     379, f_keep = 0.453, f_sim = 0.501
ollama-1  | srv          load:    - prompt with length     796, lcp =     379, f_keep = 0.476, f_sim = 0.501
ollama-1  | srv          load:    - prompt with length     789, lcp =     379, f_keep = 0.480, f_sim = 0.501
ollama-1  | srv          load:    - prompt with length     890, lcp =     379, f_keep = 0.426, f_sim = 0.501
ollama-1  | srv          load:    - prompt with length     771, lcp =     379, f_keep = 0.492, f_sim = 0.501
ollama-1  | srv          load:    - prompt with length     904, lcp =     379, f_keep = 0.419, f_sim = 0.501
ollama-1  | srv          load:    - prompt with length     900, lcp =     379, f_keep = 0.421, f_sim = 0.501
ollama-1  | srv          load:    - prompt with length     774, lcp =     379, f_keep = 0.490, f_sim = 0.501
ollama-1  | srv          load:    - prompt with length     840, lcp =     379, f_keep = 0.451, f_sim = 0.501
ollama-1  | srv          load:    - prompt with length     770, lcp =     379, f_keep = 0.492, f_sim = 0.501
ollama-1  | srv          load:    - prompt with length     846, lcp =     379, f_keep = 0.448, f_sim = 0.501
ollama-1  | srv          load:    - prompt with length     827, lcp =     379, f_keep = 0.458, f_sim = 0.501
ollama-1  | srv          load:    - prompt with length     888, lcp =     379, f_keep = 0.427, f_sim = 0.501
ollama-1  | srv          load:    - prompt with length     942, lcp =     379, f_keep = 0.402, f_sim = 0.501
ollama-1  | srv          load:    - prompt with length     835, lcp =     379, f_keep = 0.454, f_sim = 0.501
ollama-1  | srv          load:    - prompt with length     835, lcp =     379, f_keep = 0.454, f_sim = 0.501
ollama-1  | srv          load:    - prompt with length     837, lcp =     379, f_keep = 0.453, f_sim = 0.501
ollama-1  | srv          load:    - prompt with length     810, lcp =     379, f_keep = 0.468, f_sim = 0.501
ollama-1  | srv          load:    - prompt with length     893, lcp =     379, f_keep = 0.424, f_sim = 0.501
ollama-1  | srv          load:    - prompt with length    1243, lcp =     379, f_keep = 0.305, f_sim = 0.501
ollama-1  | srv          load:    - prompt with length     779, lcp =     379, f_keep = 0.487, f_sim = 0.501
ollama-1  | srv          load:    - prompt with length     766, lcp =     379, f_keep = 0.495, f_sim = 0.501
ollama-1  | srv          load:    - prompt with length     813, lcp =     379, f_keep = 0.466, f_sim = 0.501
ollama-1  | srv          load:    - prompt with length     830, lcp =     379, f_keep = 0.457, f_sim = 0.501
ollama-1  | srv          load:    - prompt with length     823, lcp =     379, f_keep = 0.461, f_sim = 0.501
ollama-1  | srv        update:  - cache state: 25 prompts, 7964.137 MiB (limits: 8192.000 MiB, 4096 tokens, 21844 est)
ollama-1  | srv        update:    - prompt 0x39541d10:     836 tokens, checkpoints:  0,   313.510 MiB
ollama-1  | srv        update:    - prompt 0x39541c60:     796 tokens, checkpoints:  0,   298.510 MiB
ollama-1  | srv        update:    - prompt 0x3bd03820:     789 tokens, checkpoints:  0,   295.885 MiB
ollama-1  | srv        update:    - prompt 0x3bd03980:     890 tokens, checkpoints:  0,   333.761 MiB
ollama-1  | srv        update:    - prompt 0x3bd1ec30:     771 tokens, checkpoints:  0,   289.135 MiB
ollama-1  | srv        update:    - prompt 0x39521940:     904 tokens, checkpoints:  0,   339.011 MiB
ollama-1  | srv        update:    - prompt 0x39903680:     900 tokens, checkpoints:  0,   337.511 MiB
ollama-1  | srv        update:    - prompt 0x3bd27a40:     774 tokens, checkpoints:  0,   290.260 MiB
ollama-1  | srv        update:    - prompt 0x3bcf25a0:     840 tokens, checkpoints:  0,   315.010 MiB
ollama-1  | srv        update:    - prompt 0x3bd306b0:     770 tokens, checkpoints:  0,   288.760 MiB
ollama-1  | srv        update:    - prompt 0x3bcf1110:     846 tokens, checkpoints:  0,   317.260 MiB
ollama-1  | srv        update:    - prompt 0x39536010:     827 tokens, checkpoints:  0,   310.135 MiB
ollama-1  | srv        update:    - prompt 0x3bd30760:     888 tokens, checkpoints:  0,   333.011 MiB
ollama-1  | srv        update:    - prompt 0x3beb80b0:     942 tokens, checkpoints:  0,   353.262 MiB
ollama-1  | srv        update:    - prompt 0x3bedb310:     835 tokens, checkpoints:  0,   313.135 MiB
ollama-1  | srv        update:    - prompt 0x39532a60:     835 tokens, checkpoints:  0,   313.135 MiB
ollama-1  | srv        update:    - prompt 0x3bcf2440:     837 tokens, checkpoints:  0,   313.885 MiB
ollama-1  | srv        update:    - prompt 0x3bd038d0:     810 tokens, checkpoints:  0,   303.760 MiB
ollama-1  | srv        update:    - prompt 0x3bd05200:     893 tokens, checkpoints:  0,   334.886 MiB
ollama-1  | srv        update:    - prompt 0x3952d930:    1243 tokens, checkpoints:  0,   466.140 MiB
ollama-1  | srv        update:    - prompt 0x3bd080a0:     779 tokens, checkpoints:  0,   292.135 MiB
ollama-1  | srv        update:    - prompt 0x39544a40:     766 tokens, checkpoints:  0,   287.260 MiB
ollama-1  | srv        update:    - prompt 0x39541bb0:     813 tokens, checkpoints:  0,   304.885 MiB
ollama-1  | srv        update:    - prompt 0x39530080:     830 tokens, checkpoints:  0,   311.260 MiB
ollama-1  | srv        update:    - prompt 0x3990f8f0:     823 tokens, checkpoints:  0,   308.635 MiB
ollama-1  | srv  get_availabl: prompt cache update took 133.32 ms
ollama-1  | slot launch_slot_: id  0 | task -1 | sampler chain: logits -> ?penalties -> ?dry -> ?top-n-sigma -> top-k -> ?typical -> top-p -> ?min-p -> ?xtc -> temp-ext -> dist 
ollama-1  | slot launch_slot_: id  0 | task -1 | sampler params: 
ollama-1  | 	repeat_last_n = 64, repeat_penalty = 1.000, frequency_penalty = 0.000, presence_penalty = 0.000
ollama-1  | 	dry_multiplier = 0.000, dry_base = 1.750, dry_allowed_length = 2, dry_penalty_last_n = 64
ollama-1  | 	top_k = 40, top_p = 0.900, min_p = 0.000, xtc_probability = 0.000, xtc_threshold = 0.100, typical_p = 1.000, top_n_sigma = -1.000, temp = 0.000
ollama-1  | 	mirostat = 0, mirostat_lr = 0.100, mirostat_ent = 5.000, adaptive_target = -1.000, adaptive_decay = 0.900
ollama-1  | slot launch_slot_: id  0 | task 11814 | processing task, is_child = 0
ollama-1  | slot   operator(): id  0 | task 11814 | new prompt, n_ctx_slot = 4096, n_keep = 4, task.n_tokens = 756
ollama-1  | slot   operator(): id  0 | task 11814 | cached n_tokens = 379, memory_seq_rm [379, end)
ollama-1  | slot init_sampler: id  0 | task 11814 | init sampler, took 0.06 ms, tokens: text = 756, total = 756
ollama-1  | slot print_timing: id  0 | task 11814 | prompt eval time =    2772.76 ms /   377 tokens (    7.35 ms per token,   135.97 tokens per second)
ollama-1  | slot print_timing: id  0 | task 11814 |        eval time =     276.48 ms /     9 tokens (   34.56 ms per token,    28.94 tokens per second)
ollama-1  | slot print_timing: id  0 | task 11814 |       total time =    3049.25 ms /   386 tokens
ollama-1  | slot print_timing: id  0 | task 11814 |    graphs reused =       8482
ollama-1  | slot      release: id  0 | task 11814 | stop processing: n_tokens = 764, truncated = 0
ollama-1  | srv  update_slots: all slots are idle
ollama-1  | [GIN] 2026/10/08 - 04:34:33 | 200 | 46.286271281s |      172.21.0.4 | POST     "/api/generate"
ollama-1  | srv  server_strea: conv_id= (empty=1)
ollama-1  | slot get_availabl: id  0 | task -1 |  - checking sim = 0.722 (379/525) > 0.100
ollama-1  | slot get_availabl: id  0 | task -1 | selected slot by LCP similarity, f_sim_best = 0.722 (> 0.100 thold), f_keep = 0.496
ollama-1  | srv  get_availabl: updating prompt cache
ollama-1  | srv   prompt_save:  - saving prompt with length 764, total state size = 286.509 MiB (draft: 0.000 MiB)
ollama-1  | srv         alloc:  - making room for prompt cache entry, removing oldest entry (size = 313.510 MiB)
ollama-1  | srv          load:  - looking for better prompt, base f_keep = 0.496, f_sim = 0.722
ollama-1  | srv          load:    - prompt with length     796, lcp =     379, f_keep = 0.476, f_sim = 0.722
ollama-1  | srv          load:    - prompt with length     789, lcp =     379, f_keep = 0.480, f_sim = 0.722
ollama-1  | srv          load:    - prompt with length     890, lcp =     379, f_keep = 0.426, f_sim = 0.722
ollama-1  | srv          load:    - prompt with length     771, lcp =     380, f_keep = 0.493, f_sim = 0.724
ollama-1  | srv          load:    - prompt with length     904, lcp =     380, f_keep = 0.420, f_sim = 0.724
ollama-1  | srv          load:    - prompt with length     900, lcp =     379, f_keep = 0.421, f_sim = 0.722
ollama-1  | srv          load:    - prompt with length     774, lcp =     380, f_keep = 0.491, f_sim = 0.724
ollama-1  | srv          load:    - prompt with length     840, lcp =     379, f_keep = 0.451, f_sim = 0.722
ollama-1  | srv          load:    - prompt with length     770, lcp =     380, f_keep = 0.494, f_sim = 0.724
ollama-1  | srv          load:    - prompt with length     846, lcp =     380, f_keep = 0.449, f_sim = 0.724
ollama-1  | srv          load:    - prompt with length     827, lcp =     379, f_keep = 0.458, f_sim = 0.722
ollama-1  | srv          load:    - prompt with length     888, lcp =     380, f_keep = 0.428, f_sim = 0.724
ollama-1  | srv          load:    - prompt with length     942, lcp =     379, f_keep = 0.402, f_sim = 0.722
ollama-1  | srv          load:    - prompt with length     835, lcp =     380, f_keep = 0.455, f_sim = 0.724
ollama-1  | srv          load:    - prompt with length     835, lcp =     379, f_keep = 0.454, f_sim = 0.722
ollama-1  | srv          load:    - prompt with length     837, lcp =     379, f_keep = 0.453, f_sim = 0.722
ollama-1  | srv          load:    - prompt with length     810, lcp =     380, f_keep = 0.469, f_sim = 0.724
ollama-1  | srv          load:    - prompt with length     893, lcp =     380, f_keep = 0.426, f_sim = 0.724
ollama-1  | srv          load:    - prompt with length    1243, lcp =     379, f_keep = 0.305, f_sim = 0.722
ollama-1  | srv          load:    - prompt with length     779, lcp =     379, f_keep = 0.487, f_sim = 0.722
ollama-1  | srv          load:    - prompt with length     766, lcp =     379, f_keep = 0.495, f_sim = 0.722
ollama-1  | srv          load:    - prompt with length     813, lcp =     379, f_keep = 0.466, f_sim = 0.722
ollama-1  | srv          load:    - prompt with length     830, lcp =     379, f_keep = 0.457, f_sim = 0.722
ollama-1  | srv          load:    - prompt with length     823, lcp =     379, f_keep = 0.461, f_sim = 0.722
ollama-1  | srv          load:    - prompt with length     764, lcp =     379, f_keep = 0.496, f_sim = 0.722
ollama-1  | srv        update:  - cache state: 25 prompts, 7937.136 MiB (limits: 8192.000 MiB, 4096 tokens, 21844 est)
ollama-1  | srv        update:    - prompt 0x39541c60:     796 tokens, checkpoints:  0,   298.510 MiB
ollama-1  | srv        update:    - prompt 0x3bd03820:     789 tokens, checkpoints:  0,   295.885 MiB
ollama-1  | srv        update:    - prompt 0x3bd03980:     890 tokens, checkpoints:  0,   333.761 MiB
ollama-1  | srv        update:    - prompt 0x3bd1ec30:     771 tokens, checkpoints:  0,   289.135 MiB
ollama-1  | srv        update:    - prompt 0x39521940:     904 tokens, checkpoints:  0,   339.011 MiB
ollama-1  | srv        update:    - prompt 0x39903680:     900 tokens, checkpoints:  0,   337.511 MiB
ollama-1  | srv        update:    - prompt 0x3bd27a40:     774 tokens, checkpoints:  0,   290.260 MiB
ollama-1  | srv        update:    - prompt 0x3bcf25a0:     840 tokens, checkpoints:  0,   315.010 MiB
ollama-1  | srv        update:    - prompt 0x3bd306b0:     770 tokens, checkpoints:  0,   288.760 MiB
ollama-1  | srv        update:    - prompt 0x3bcf1110:     846 tokens, checkpoints:  0,   317.260 MiB
ollama-1  | srv        update:    - prompt 0x39536010:     827 tokens, checkpoints:  0,   310.135 MiB
ollama-1  | srv        update:    - prompt 0x3bd30760:     888 tokens, checkpoints:  0,   333.011 MiB
ollama-1  | srv        update:    - prompt 0x3beb80b0:     942 tokens, checkpoints:  0,   353.262 MiB
ollama-1  | srv        update:    - prompt 0x3bedb310:     835 tokens, checkpoints:  0,   313.135 MiB
ollama-1  | srv        update:    - prompt 0x39532a60:     835 tokens, checkpoints:  0,   313.135 MiB
ollama-1  | srv        update:    - prompt 0x3bcf2440:     837 tokens, checkpoints:  0,   313.885 MiB
ollama-1  | srv        update:    - prompt 0x3bd038d0:     810 tokens, checkpoints:  0,   303.760 MiB
ollama-1  | srv        update:    - prompt 0x3bd05200:     893 tokens, checkpoints:  0,   334.886 MiB
ollama-1  | srv        update:    - prompt 0x3952d930:    1243 tokens, checkpoints:  0,   466.140 MiB
ollama-1  | srv        update:    - prompt 0x3bd080a0:     779 tokens, checkpoints:  0,   292.135 MiB
ollama-1  | srv        update:    - prompt 0x39544a40:     766 tokens, checkpoints:  0,   287.260 MiB
ollama-1  | srv        update:    - prompt 0x39541bb0:     813 tokens, checkpoints:  0,   304.885 MiB
ollama-1  | srv        update:    - prompt 0x39530080:     830 tokens, checkpoints:  0,   311.260 MiB
ollama-1  | srv        update:    - prompt 0x3990f8f0:     823 tokens, checkpoints:  0,   308.635 MiB
ollama-1  | srv        update:    - prompt 0x39541d10:     764 tokens, checkpoints:  0,   286.509 MiB
ollama-1  | srv  get_availabl: prompt cache update took 128.38 ms
ollama-1  | slot launch_slot_: id  0 | task -1 | sampler chain: logits -> ?penalties -> ?dry -> ?top-n-sigma -> top-k -> ?typical -> top-p -> ?min-p -> ?xtc -> temp-ext -> dist 
ollama-1  | slot launch_slot_: id  0 | task -1 | sampler params: 
ollama-1  | 	repeat_last_n = 64, repeat_penalty = 1.000, frequency_penalty = 0.000, presence_penalty = 0.000
ollama-1  | 	dry_multiplier = 0.000, dry_base = 1.750, dry_allowed_length = 2, dry_penalty_last_n = 64
ollama-1  | 	top_k = 40, top_p = 0.900, min_p = 0.000, xtc_probability = 0.000, xtc_threshold = 0.100, typical_p = 1.000, top_n_sigma = -1.000, temp = 0.000
ollama-1  | 	mirostat = 0, mirostat_lr = 0.100, mirostat_ent = 5.000, adaptive_target = -1.000, adaptive_decay = 0.900
ollama-1  | slot launch_slot_: id  0 | task 11824 | processing task, is_child = 0
ollama-1  | slot   operator(): id  0 | task 11824 | new prompt, n_ctx_slot = 4096, n_keep = 4, task.n_tokens = 525
ollama-1  | slot   operator(): id  0 | task 11824 | cached n_tokens = 379, memory_seq_rm [379, end)
ollama-1  | slot init_sampler: id  0 | task 11824 | init sampler, took 0.04 ms, tokens: text = 525, total = 525
ollama-1  | slot print_timing: id  0 | task 11824 | prompt eval time =    1115.82 ms /   146 tokens (    7.64 ms per token,   130.85 tokens per second)
ollama-1  | slot print_timing: id  0 | task 11824 |        eval time =     270.73 ms /     9 tokens (   33.84 ms per token,    29.55 tokens per second)
ollama-1  | slot print_timing: id  0 | task 11824 |       total time =    1386.55 ms /   155 tokens
ollama-1  | slot print_timing: id  0 | task 11824 |    graphs reused =       8489
ollama-1  | slot      release: id  0 | task 11824 | stop processing: n_tokens = 533, truncated = 0
ollama-1  | srv  update_slots: all slots are idle
ollama-1  | [GIN] 2026/10/08 - 04:34:35 | 200 | 43.237968793s |      172.21.0.4 | POST     "/api/generate"
ollama-1  | srv  server_strea: conv_id= (empty=1)
ollama-1  | slot get_availabl: id  0 | task -1 |  - checking sim = 0.479 (379/792) > 0.100
ollama-1  | slot get_availabl: id  0 | task -1 | selected slot by LCP similarity, f_sim_best = 0.479 (> 0.100 thold), f_keep = 0.711
ollama-1  | slot launch_slot_: id  0 | task -1 | sampler chain: logits -> ?penalties -> ?dry -> ?top-n-sigma -> top-k -> ?typical -> top-p -> ?min-p -> ?xtc -> temp-ext -> dist 
ollama-1  | slot launch_slot_: id  0 | task -1 | sampler params: 
ollama-1  | 	repeat_last_n = 64, repeat_penalty = 1.000, frequency_penalty = 0.000, presence_penalty = 0.000
ollama-1  | 	dry_multiplier = 0.000, dry_base = 1.750, dry_allowed_length = 2, dry_penalty_last_n = 64
ollama-1  | 	top_k = 40, top_p = 0.900, min_p = 0.000, xtc_probability = 0.000, xtc_threshold = 0.100, typical_p = 1.000, top_n_sigma = -1.000, temp = 0.000
ollama-1  | 	mirostat = 0, mirostat_lr = 0.100, mirostat_ent = 5.000, adaptive_target = -1.000, adaptive_decay = 0.900
ollama-1  | slot launch_slot_: id  0 | task 11834 | processing task, is_child = 0
ollama-1  | slot   operator(): id  0 | task 11834 | new prompt, n_ctx_slot = 4096, n_keep = 4, task.n_tokens = 792
ollama-1  | slot   operator(): id  0 | task 11834 | cached n_tokens = 379, memory_seq_rm [379, end)
ollama-1  | slot init_sampler: id  0 | task 11834 | init sampler, took 0.08 ms, tokens: text = 792, total = 792
ollama-1  | [GIN] 2026/10/08 - 04:34:36 | 200 |      29.978µs |       127.0.0.1 | HEAD     "/"
ollama-1  | [GIN] 2026/10/08 - 04:34:36 | 200 |    1.517623ms |       127.0.0.1 | GET      "/api/tags"
ollama-1  | slot print_timing: id  0 | task 11834 | prompt eval time =    3022.60 ms /   413 tokens (    7.32 ms per token,   136.64 tokens per second)
ollama-1  | slot print_timing: id  0 | task 11834 |        eval time =     329.50 ms /    10 tokens (   36.61 ms per token,    27.31 tokens per second)
ollama-1  | slot print_timing: id  0 | task 11834 |       total time =    3352.10 ms /   423 tokens
ollama-1  | slot print_timing: id  0 | task 11834 |    graphs reused =       8497
ollama-1  | slot      release: id  0 | task 11834 | stop processing: n_tokens = 801, truncated = 0
ollama-1  | srv  update_slots: all slots are idle
ollama-1  | [GIN] 2026/10/08 - 04:34:38 | 200 | 45.074088784s |      172.21.0.4 | POST     "/api/generate"
ollama-1  | srv  server_strea: conv_id= (empty=1)
ollama-1  | slot get_availabl: id  0 | task -1 |  - checking sim = 0.772 (379/491) > 0.100
ollama-1  | slot get_availabl: id  0 | task -1 | selected slot by LCP similarity, f_sim_best = 0.772 (> 0.100 thold), f_keep = 0.473
ollama-1  | srv  get_availabl: updating prompt cache
ollama-1  | srv   prompt_save:  - saving prompt with length 801, total state size = 300.385 MiB (draft: 0.000 MiB)
ollama-1  | srv         alloc:  - making room for prompt cache entry, removing oldest entry (size = 298.510 MiB)
ollama-1  | srv          load:  - looking for better prompt, base f_keep = 0.473, f_sim = 0.772
ollama-1  | srv          load:    - prompt with length     789, lcp =     379, f_keep = 0.480, f_sim = 0.772
ollama-1  | srv          load:    - prompt with length     890, lcp =     379, f_keep = 0.426, f_sim = 0.772
ollama-1  | srv          load:    - prompt with length     771, lcp =     380, f_keep = 0.493, f_sim = 0.774
ollama-1  | srv          load:    - prompt with length     904, lcp =     380, f_keep = 0.420, f_sim = 0.774
ollama-1  | srv          load:    - prompt with length     900, lcp =     379, f_keep = 0.421, f_sim = 0.772
ollama-1  | srv          load:    - prompt with length     774, lcp =     380, f_keep = 0.491, f_sim = 0.774
ollama-1  | srv          load:    - prompt with length     840, lcp =     379, f_keep = 0.451, f_sim = 0.772
ollama-1  | srv          load:    - prompt with length     770, lcp =     380, f_keep = 0.494, f_sim = 0.774
ollama-1  | srv          load:    - prompt with length     846, lcp =     380, f_keep = 0.449, f_sim = 0.774
ollama-1  | srv          load:    - prompt with length     827, lcp =     379, f_keep = 0.458, f_sim = 0.772
ollama-1  | srv          load:    - prompt with length     888, lcp =     380, f_keep = 0.428, f_sim = 0.774
ollama-1  | srv          load:    - prompt with length     942, lcp =     379, f_keep = 0.402, f_sim = 0.772
ollama-1  | srv          load:    - prompt with length     835, lcp =     380, f_keep = 0.455, f_sim = 0.774
ollama-1  | srv          load:    - prompt with length     835, lcp =     379, f_keep = 0.454, f_sim = 0.772
ollama-1  | srv          load:    - prompt with length     837, lcp =     379, f_keep = 0.453, f_sim = 0.772
ollama-1  | srv          load:    - prompt with length     810, lcp =     380, f_keep = 0.469, f_sim = 0.774
ollama-1  | srv          load:    - prompt with length     893, lcp =     380, f_keep = 0.426, f_sim = 0.774
ollama-1  | srv          load:    - prompt with length    1243, lcp =     379, f_keep = 0.305, f_sim = 0.772
ollama-1  | srv          load:    - prompt with length     779, lcp =     379, f_keep = 0.487, f_sim = 0.772
ollama-1  | srv          load:    - prompt with length     766, lcp =     379, f_keep = 0.495, f_sim = 0.772
ollama-1  | srv          load:    - prompt with length     813, lcp =     379, f_keep = 0.466, f_sim = 0.772
ollama-1  | srv          load:    - prompt with length     830, lcp =     379, f_keep = 0.457, f_sim = 0.772
ollama-1  | srv          load:    - prompt with length     823, lcp =     379, f_keep = 0.461, f_sim = 0.772
ollama-1  | srv          load:    - prompt with length     764, lcp =     379, f_keep = 0.496, f_sim = 0.772
ollama-1  | srv          load:    - prompt with length     801, lcp =     379, f_keep = 0.473, f_sim = 0.772
ollama-1  | srv          load:  - found better prompt with f_keep = 0.493, f_sim = 0.774
ollama-1  | srv        update:  - cache state: 24 prompts, 7649.877 MiB (limits: 8192.000 MiB, 4096 tokens, 21844 est)
ollama-1  | srv        update:    - prompt 0x3bd03820:     789 tokens, checkpoints:  0,   295.885 MiB
ollama-1  | srv        update:    - prompt 0x3bd03980:     890 tokens, checkpoints:  0,   333.761 MiB
ollama-1  | srv        update:    - prompt 0x39521940:     904 tokens, checkpoints:  0,   339.011 MiB
ollama-1  | srv        update:    - prompt 0x39903680:     900 tokens, checkpoints:  0,   337.511 MiB
ollama-1  | srv        update:    - prompt 0x3bd27a40:     774 tokens, checkpoints:  0,   290.260 MiB
ollama-1  | srv        update:    - prompt 0x3bcf25a0:     840 tokens, checkpoints:  0,   315.010 MiB
ollama-1  | srv        update:    - prompt 0x3bd306b0:     770 tokens, checkpoints:  0,   288.760 MiB
ollama-1  | srv        update:    - prompt 0x3bcf1110:     846 tokens, checkpoints:  0,   317.260 MiB
ollama-1  | srv        update:    - prompt 0x39536010:     827 tokens, checkpoints:  0,   310.135 MiB
ollama-1  | srv        update:    - prompt 0x3bd30760:     888 tokens, checkpoints:  0,   333.011 MiB
ollama-1  | srv        update:    - prompt 0x3beb80b0:     942 tokens, checkpoints:  0,   353.262 MiB
ollama-1  | srv        update:    - prompt 0x3bedb310:     835 tokens, checkpoints:  0,   313.135 MiB
ollama-1  | srv        update:    - prompt 0x39532a60:     835 tokens, checkpoints:  0,   313.135 MiB
ollama-1  | srv        update:    - prompt 0x3bcf2440:     837 tokens, checkpoints:  0,   313.885 MiB
ollama-1  | srv        update:    - prompt 0x3bd038d0:     810 tokens, checkpoints:  0,   303.760 MiB
ollama-1  | srv        update:    - prompt 0x3bd05200:     893 tokens, checkpoints:  0,   334.886 MiB
ollama-1  | srv        update:    - prompt 0x3952d930:    1243 tokens, checkpoints:  0,   466.140 MiB
ollama-1  | srv        update:    - prompt 0x3bd080a0:     779 tokens, checkpoints:  0,   292.135 MiB
ollama-1  | srv        update:    - prompt 0x39544a40:     766 tokens, checkpoints:  0,   287.260 MiB
ollama-1  | srv        update:    - prompt 0x39541bb0:     813 tokens, checkpoints:  0,   304.885 MiB
ollama-1  | srv        update:    - prompt 0x39530080:     830 tokens, checkpoints:  0,   311.260 MiB
ollama-1  | srv        update:    - prompt 0x3990f8f0:     823 tokens, checkpoints:  0,   308.635 MiB
ollama-1  | srv        update:    - prompt 0x39541d10:     764 tokens, checkpoints:  0,   286.509 MiB
ollama-1  | srv        update:    - prompt 0x39541c60:     801 tokens, checkpoints:  0,   300.385 MiB
ollama-1  | srv  get_availabl: prompt cache update took 241.69 ms
ollama-1  | slot launch_slot_: id  0 | task -1 | sampler chain: logits -> ?penalties -> ?dry -> ?top-n-sigma -> top-k -> ?typical -> top-p -> ?min-p -> ?xtc -> temp-ext -> dist 
ollama-1  | slot launch_slot_: id  0 | task -1 | sampler params: 
ollama-1  | 	repeat_last_n = 64, repeat_penalty = 1.000, frequency_penalty = 0.000, presence_penalty = 0.000
ollama-1  | 	dry_multiplier = 0.000, dry_base = 1.750, dry_allowed_length = 2, dry_penalty_last_n = 64
ollama-1  | 	top_k = 40, top_p = 0.900, min_p = 0.000, xtc_probability = 0.000, xtc_threshold = 0.100, typical_p = 1.000, top_n_sigma = -1.000, temp = 0.000
ollama-1  | 	mirostat = 0, mirostat_lr = 0.100, mirostat_ent = 5.000, adaptive_target = -1.000, adaptive_decay = 0.900
ollama-1  | slot launch_slot_: id  0 | task 11845 | processing task, is_child = 0
ollama-1  | slot   operator(): id  0 | task 11845 | new prompt, n_ctx_slot = 4096, n_keep = 4, task.n_tokens = 491
ollama-1  | slot   operator(): id  0 | task 11845 | cached n_tokens = 380, memory_seq_rm [380, end)
ollama-1  | slot init_sampler: id  0 | task 11845 | init sampler, took 0.03 ms, tokens: text = 491, total = 491
ollama-1  | slot print_timing: id  0 | task 11845 | prompt eval time =     846.83 ms /   111 tokens (    7.63 ms per token,   131.08 tokens per second)
ollama-1  | slot print_timing: id  0 | task 11845 |        eval time =     265.10 ms /     9 tokens (   33.14 ms per token,    30.18 tokens per second)
ollama-1  | slot print_timing: id  0 | task 11845 |       total time =    1111.93 ms /   120 tokens
ollama-1  | slot print_timing: id  0 | task 11845 |    graphs reused =       8504
ollama-1  | slot      release: id  0 | task 11845 | stop processing: n_tokens = 499, truncated = 0
ollama-1  | srv  update_slots: all slots are idle
ollama-1  | [GIN] 2026/10/08 - 04:34:40 | 200 | 44.733735251s |      172.21.0.4 | POST     "/api/generate"
ollama-1  | srv  server_strea: conv_id= (empty=1)
ollama-1  | slot get_availabl: id  0 | task -1 |  - checking sim = 0.745 (379/509) > 0.100
ollama-1  | slot get_availabl: id  0 | task -1 | selected slot by LCP similarity, f_sim_best = 0.745 (> 0.100 thold), f_keep = 0.760
ollama-1  | slot launch_slot_: id  0 | task -1 | sampler chain: logits -> ?penalties -> ?dry -> ?top-n-sigma -> top-k -> ?typical -> top-p -> ?min-p -> ?xtc -> temp-ext -> dist 
ollama-1  | slot launch_slot_: id  0 | task -1 | sampler params: 
ollama-1  | 	repeat_last_n = 64, repeat_penalty = 1.000, frequency_penalty = 0.000, presence_penalty = 0.000
ollama-1  | 	dry_multiplier = 0.000, dry_base = 1.750, dry_allowed_length = 2, dry_penalty_last_n = 64
ollama-1  | 	top_k = 40, top_p = 0.900, min_p = 0.000, xtc_probability = 0.000, xtc_threshold = 0.100, typical_p = 1.000, top_n_sigma = -1.000, temp = 0.000
ollama-1  | 	mirostat = 0, mirostat_lr = 0.100, mirostat_ent = 5.000, adaptive_target = -1.000, adaptive_decay = 0.900
ollama-1  | slot launch_slot_: id  0 | task 11855 | processing task, is_child = 0
ollama-1  | slot   operator(): id  0 | task 11855 | new prompt, n_ctx_slot = 4096, n_keep = 4, task.n_tokens = 509
ollama-1  | slot   operator(): id  0 | task 11855 | cached n_tokens = 379, memory_seq_rm [379, end)
ollama-1  | slot init_sampler: id  0 | task 11855 | init sampler, took 0.04 ms, tokens: text = 509, total = 509
ollama-1  | slot print_timing: id  0 | task 11855 | prompt eval time =     947.97 ms /   130 tokens (    7.29 ms per token,   137.14 tokens per second)
ollama-1  | slot print_timing: id  0 | task 11855 |        eval time =     335.79 ms /    11 tokens (   33.58 ms per token,    29.78 tokens per second)
ollama-1  | slot print_timing: id  0 | task 11855 |       total time =    1283.76 ms /   141 tokens
ollama-1  | slot print_timing: id  0 | task 11855 |    graphs reused =       8512
ollama-1  | slot      release: id  0 | task 11855 | stop processing: n_tokens = 519, truncated = 0
ollama-1  | srv  update_slots: all slots are idle
ollama-1  | [GIN] 2026/10/08 - 04:34:41 | 200 | 44.287064074s |      172.21.0.4 | POST     "/api/generate"
ollama-1  | srv  server_strea: conv_id= (empty=1)
ollama-1  | slot get_availabl: id  0 | task -1 |  - checking sim = 0.828 (379/458) > 0.100
ollama-1  | slot get_availabl: id  0 | task -1 | selected slot by LCP similarity, f_sim_best = 0.828 (> 0.100 thold), f_keep = 0.730
ollama-1  | slot launch_slot_: id  0 | task -1 | sampler chain: logits -> ?penalties -> ?dry -> ?top-n-sigma -> top-k -> ?typical -> top-p -> ?min-p -> ?xtc -> temp-ext -> dist 
ollama-1  | slot launch_slot_: id  0 | task -1 | sampler params: 
ollama-1  | 	repeat_last_n = 64, repeat_penalty = 1.000, frequency_penalty = 0.000, presence_penalty = 0.000
ollama-1  | 	dry_multiplier = 0.000, dry_base = 1.750, dry_allowed_length = 2, dry_penalty_last_n = 64
ollama-1  | 	top_k = 40, top_p = 0.900, min_p = 0.000, xtc_probability = 0.000, xtc_threshold = 0.100, typical_p = 1.000, top_n_sigma = -1.000, temp = 0.000
ollama-1  | 	mirostat = 0, mirostat_lr = 0.100, mirostat_ent = 5.000, adaptive_target = -1.000, adaptive_decay = 0.900
ollama-1  | slot launch_slot_: id  0 | task 11867 | processing task, is_child = 0
ollama-1  | slot   operator(): id  0 | task 11867 | new prompt, n_ctx_slot = 4096, n_keep = 4, task.n_tokens = 458
ollama-1  | slot   operator(): id  0 | task 11867 | cached n_tokens = 379, memory_seq_rm [379, end)
ollama-1  | slot init_sampler: id  0 | task 11867 | init sampler, took 0.05 ms, tokens: text = 458, total = 458
ollama-1  | slot print_timing: id  0 | task 11867 | prompt eval time =     651.57 ms /    79 tokens (    8.25 ms per token,   121.25 tokens per second)
ollama-1  | slot print_timing: id  0 | task 11867 |        eval time =     267.42 ms /     9 tokens (   33.43 ms per token,    29.92 tokens per second)
ollama-1  | slot print_timing: id  0 | task 11867 |       total time =     918.98 ms /    88 tokens
ollama-1  | slot print_timing: id  0 | task 11867 |    graphs reused =       8519
ollama-1  | slot      release: id  0 | task 11867 | stop processing: n_tokens = 466, truncated = 0
ollama-1  | srv  update_slots: all slots are idle
ollama-1  | [GIN] 2026/10/08 - 04:34:42 | 200 |  43.60651645s |      172.21.0.4 | POST     "/api/generate"
ollama-1  | srv  server_strea: conv_id= (empty=1)
ollama-1  | slot get_availabl: id  0 | task -1 |  - checking sim = 0.690 (379/549) > 0.100
ollama-1  | slot get_availabl: id  0 | task -1 | selected slot by LCP similarity, f_sim_best = 0.690 (> 0.100 thold), f_keep = 0.813
ollama-1  | slot launch_slot_: id  0 | task -1 | sampler chain: logits -> ?penalties -> ?dry -> ?top-n-sigma -> top-k -> ?typical -> top-p -> ?min-p -> ?xtc -> temp-ext -> dist 
ollama-1  | slot launch_slot_: id  0 | task -1 | sampler params: 
ollama-1  | 	repeat_last_n = 64, repeat_penalty = 1.000, frequency_penalty = 0.000, presence_penalty = 0.000
ollama-1  | 	dry_multiplier = 0.000, dry_base = 1.750, dry_allowed_length = 2, dry_penalty_last_n = 64
ollama-1  | 	top_k = 40, top_p = 0.900, min_p = 0.000, xtc_probability = 0.000, xtc_threshold = 0.100, typical_p = 1.000, top_n_sigma = -1.000, temp = 0.000
ollama-1  | 	mirostat = 0, mirostat_lr = 0.100, mirostat_ent = 5.000, adaptive_target = -1.000, adaptive_decay = 0.900
ollama-1  | slot launch_slot_: id  0 | task 11877 | processing task, is_child = 0
ollama-1  | slot   operator(): id  0 | task 11877 | new prompt, n_ctx_slot = 4096, n_keep = 4, task.n_tokens = 549
ollama-1  | slot   operator(): id  0 | task 11877 | cached n_tokens = 379, memory_seq_rm [379, end)
ollama-1  | slot init_sampler: id  0 | task 11877 | init sampler, took 0.06 ms, tokens: text = 549, total = 549
ollama-1  | slot print_timing: id  0 | task 11877 | prompt eval time =    1261.06 ms /   170 tokens (    7.42 ms per token,   134.81 tokens per second)
ollama-1  | slot print_timing: id  0 | task 11877 |        eval time =     286.40 ms /     9 tokens (   35.80 ms per token,    27.93 tokens per second)
ollama-1  | slot print_timing: id  0 | task 11877 |       total time =    1547.46 ms /   179 tokens
ollama-1  | slot print_timing: id  0 | task 11877 |    graphs reused =       8526
ollama-1  | slot      release: id  0 | task 11877 | stop processing: n_tokens = 557, truncated = 0
ollama-1  | srv  update_slots: all slots are idle
ollama-1  | [GIN] 2026/10/08 - 04:34:43 | 200 | 42.612141242s |      172.21.0.4 | POST     "/api/generate"
ollama-1  | srv  server_strea: conv_id= (empty=1)
ollama-1  | slot get_availabl: id  0 | task -1 |  - checking sim = 0.842 (379/450) > 0.100
ollama-1  | slot get_availabl: id  0 | task -1 | selected slot by LCP similarity, f_sim_best = 0.842 (> 0.100 thold), f_keep = 0.680
ollama-1  | slot launch_slot_: id  0 | task -1 | sampler chain: logits -> ?penalties -> ?dry -> ?top-n-sigma -> top-k -> ?typical -> top-p -> ?min-p -> ?xtc -> temp-ext -> dist 
ollama-1  | slot launch_slot_: id  0 | task -1 | sampler params: 
ollama-1  | 	repeat_last_n = 64, repeat_penalty = 1.000, frequency_penalty = 0.000, presence_penalty = 0.000
ollama-1  | 	dry_multiplier = 0.000, dry_base = 1.750, dry_allowed_length = 2, dry_penalty_last_n = 64
ollama-1  | 	top_k = 40, top_p = 0.900, min_p = 0.000, xtc_probability = 0.000, xtc_threshold = 0.100, typical_p = 1.000, top_n_sigma = -1.000, temp = 0.000
ollama-1  | 	mirostat = 0, mirostat_lr = 0.100, mirostat_ent = 5.000, adaptive_target = -1.000, adaptive_decay = 0.900
ollama-1  | slot launch_slot_: id  0 | task 11887 | processing task, is_child = 0
ollama-1  | slot   operator(): id  0 | task 11887 | new prompt, n_ctx_slot = 4096, n_keep = 4, task.n_tokens = 450
ollama-1  | slot   operator(): id  0 | task 11887 | cached n_tokens = 379, memory_seq_rm [379, end)
ollama-1  | slot init_sampler: id  0 | task 11887 | init sampler, took 0.04 ms, tokens: text = 450, total = 450
ollama-1  | slot print_timing: id  0 | task 11887 | prompt eval time =     582.96 ms /    71 tokens (    8.21 ms per token,   121.79 tokens per second)
ollama-1  | slot print_timing: id  0 | task 11887 |        eval time =     262.32 ms /     9 tokens (   32.79 ms per token,    30.50 tokens per second)
ollama-1  | slot print_timing: id  0 | task 11887 |       total time =     845.28 ms /    80 tokens
ollama-1  | slot print_timing: id  0 | task 11887 |    graphs reused =       8533
ollama-1  | slot      release: id  0 | task 11887 | stop processing: n_tokens = 458, truncated = 0
ollama-1  | srv  update_slots: all slots are idle
ollama-1  | [GIN] 2026/10/08 - 04:34:44 | 200 | 42.475406118s |      172.21.0.4 | POST     "/api/generate"
ollama-1  | srv  server_strea: conv_id= (empty=1)
ollama-1  | slot get_availabl: id  0 | task -1 |  - checking sim = 0.767 (379/494) > 0.100
ollama-1  | slot get_availabl: id  0 | task -1 | selected slot by LCP similarity, f_sim_best = 0.767 (> 0.100 thold), f_keep = 0.828
ollama-1  | slot launch_slot_: id  0 | task -1 | sampler chain: logits -> ?penalties -> ?dry -> ?top-n-sigma -> top-k -> ?typical -> top-p -> ?min-p -> ?xtc -> temp-ext -> dist 
ollama-1  | slot launch_slot_: id  0 | task -1 | sampler params: 
ollama-1  | 	repeat_last_n = 64, repeat_penalty = 1.000, frequency_penalty = 0.000, presence_penalty = 0.000
ollama-1  | 	dry_multiplier = 0.000, dry_base = 1.750, dry_allowed_length = 2, dry_penalty_last_n = 64
ollama-1  | 	top_k = 40, top_p = 0.900, min_p = 0.000, xtc_probability = 0.000, xtc_threshold = 0.100, typical_p = 1.000, top_n_sigma = -1.000, temp = 0.000
ollama-1  | 	mirostat = 0, mirostat_lr = 0.100, mirostat_ent = 5.000, adaptive_target = -1.000, adaptive_decay = 0.900
ollama-1  | slot launch_slot_: id  0 | task 11897 | processing task, is_child = 0
ollama-1  | slot   operator(): id  0 | task 11897 | new prompt, n_ctx_slot = 4096, n_keep = 4, task.n_tokens = 494
ollama-1  | slot   operator(): id  0 | task 11897 | cached n_tokens = 379, memory_seq_rm [379, end)
ollama-1  | slot init_sampler: id  0 | task 11897 | init sampler, took 0.04 ms, tokens: text = 494, total = 494
ollama-1  | slot print_timing: id  0 | task 11897 | prompt eval time =     867.88 ms /   115 tokens (    7.55 ms per token,   132.51 tokens per second)
ollama-1  | slot print_timing: id  0 | task 11897 |        eval time =     334.52 ms /    11 tokens (   33.45 ms per token,    29.89 tokens per second)
ollama-1  | slot print_timing: id  0 | task 11897 |       total time =    1202.40 ms /   126 tokens
ollama-1  | slot print_timing: id  0 | task 11897 |    graphs reused =       8542
ollama-1  | slot      release: id  0 | task 11897 | stop processing: n_tokens = 504, truncated = 0
ollama-1  | srv  update_slots: all slots are idle
ollama-1  | [GIN] 2026/10/08 - 04:34:45 | 200 | 42.241784878s |      172.21.0.4 | POST     "/api/generate"
ollama-1  | srv  server_strea: conv_id= (empty=1)
ollama-1  | slot get_availabl: id  0 | task -1 |  - checking sim = 0.854 (380/445) > 0.100
ollama-1  | slot get_availabl: id  0 | task -1 | selected slot by LCP similarity, f_sim_best = 0.854 (> 0.100 thold), f_keep = 0.754
ollama-1  | slot launch_slot_: id  0 | task -1 | sampler chain: logits -> ?penalties -> ?dry -> ?top-n-sigma -> top-k -> ?typical -> top-p -> ?min-p -> ?xtc -> temp-ext -> dist 
ollama-1  | slot launch_slot_: id  0 | task -1 | sampler params: 
ollama-1  | 	repeat_last_n = 64, repeat_penalty = 1.000, frequency_penalty = 0.000, presence_penalty = 0.000
ollama-1  | 	dry_multiplier = 0.000, dry_base = 1.750, dry_allowed_length = 2, dry_penalty_last_n = 64
ollama-1  | 	top_k = 40, top_p = 0.900, min_p = 0.000, xtc_probability = 0.000, xtc_threshold = 0.100, typical_p = 1.000, top_n_sigma = -1.000, temp = 0.000
ollama-1  | 	mirostat = 0, mirostat_lr = 0.100, mirostat_ent = 5.000, adaptive_target = -1.000, adaptive_decay = 0.900
ollama-1  | slot launch_slot_: id  0 | task 11909 | processing task, is_child = 0
ollama-1  | slot   operator(): id  0 | task 11909 | new prompt, n_ctx_slot = 4096, n_keep = 4, task.n_tokens = 445
ollama-1  | slot   operator(): id  0 | task 11909 | cached n_tokens = 380, memory_seq_rm [380, end)
ollama-1  | slot init_sampler: id  0 | task 11909 | init sampler, took 0.05 ms, tokens: text = 445, total = 445
ollama-1  | slot print_timing: id  0 | task 11909 | prompt eval time =     506.67 ms /    65 tokens (    7.79 ms per token,   128.29 tokens per second)
ollama-1  | slot print_timing: id  0 | task 11909 |        eval time =     271.75 ms /     9 tokens (   33.97 ms per token,    29.44 tokens per second)
ollama-1  | slot print_timing: id  0 | task 11909 |       total time =     778.41 ms /    74 tokens
ollama-1  | slot print_timing: id  0 | task 11909 |    graphs reused =       8549
ollama-1  | slot      release: id  0 | task 11909 | stop processing: n_tokens = 453, truncated = 0
ollama-1  | srv  update_slots: all slots are idle
ollama-1  | [GIN] 2026/10/08 - 04:34:46 | 200 | 40.927829739s |      172.21.0.4 | POST     "/api/generate"
ollama-1  | srv  server_strea: conv_id= (empty=1)
ollama-1  | slot get_availabl: id  0 | task -1 |  - checking sim = 0.769 (380/494) > 0.100
ollama-1  | slot get_availabl: id  0 | task -1 | selected slot by LCP similarity, f_sim_best = 0.769 (> 0.100 thold), f_keep = 0.839
ollama-1  | slot launch_slot_: id  0 | task -1 | sampler chain: logits -> ?penalties -> ?dry -> ?top-n-sigma -> top-k -> ?typical -> top-p -> ?min-p -> ?xtc -> temp-ext -> dist 
ollama-1  | slot launch_slot_: id  0 | task -1 | sampler params: 
ollama-1  | 	repeat_last_n = 64, repeat_penalty = 1.000, frequency_penalty = 0.000, presence_penalty = 0.000
ollama-1  | 	dry_multiplier = 0.000, dry_base = 1.750, dry_allowed_length = 2, dry_penalty_last_n = 64
ollama-1  | 	top_k = 40, top_p = 0.900, min_p = 0.000, xtc_probability = 0.000, xtc_threshold = 0.100, typical_p = 1.000, top_n_sigma = -1.000, temp = 0.000
ollama-1  | 	mirostat = 0, mirostat_lr = 0.100, mirostat_ent = 5.000, adaptive_target = -1.000, adaptive_decay = 0.900
ollama-1  | slot launch_slot_: id  0 | task 11919 | processing task, is_child = 0
ollama-1  | slot   operator(): id  0 | task 11919 | new prompt, n_ctx_slot = 4096, n_keep = 4, task.n_tokens = 494
ollama-1  | slot   operator(): id  0 | task 11919 | cached n_tokens = 380, memory_seq_rm [380, end)
ollama-1  | slot init_sampler: id  0 | task 11919 | init sampler, took 0.06 ms, tokens: text = 494, total = 494
ollama-1  | [GIN] 2026/10/08 - 04:34:46 | 200 |      29.757µs |       127.0.0.1 | HEAD     "/"
ollama-1  | [GIN] 2026/10/08 - 04:34:46 | 200 |    1.509118ms |       127.0.0.1 | GET      "/api/tags"
ollama-1  | slot print_timing: id  0 | task 11919 | prompt eval time =     840.44 ms /   114 tokens (    7.37 ms per token,   135.64 tokens per second)
ollama-1  | slot print_timing: id  0 | task 11919 |        eval time =     260.30 ms /     9 tokens (   32.54 ms per token,    30.73 tokens per second)
ollama-1  | slot print_timing: id  0 | task 11919 |       total time =    1100.74 ms /   123 tokens
ollama-1  | slot print_timing: id  0 | task 11919 |    graphs reused =       8556
ollama-1  | slot      release: id  0 | task 11919 | stop processing: n_tokens = 502, truncated = 0
ollama-1  | srv  update_slots: all slots are idle
ollama-1  | [GIN] 2026/10/08 - 04:34:47 | 200 | 40.943731272s |      172.21.0.4 | POST     "/api/generate"
ollama-1  | srv  server_strea: conv_id= (empty=1)
ollama-1  | slot get_availabl: id  0 | task -1 |  - checking sim = 0.589 (379/643) > 0.100
ollama-1  | slot get_availabl: id  0 | task -1 | selected slot by LCP similarity, f_sim_best = 0.589 (> 0.100 thold), f_keep = 0.755
ollama-1  | slot launch_slot_: id  0 | task -1 | sampler chain: logits -> ?penalties -> ?dry -> ?top-n-sigma -> top-k -> ?typical -> top-p -> ?min-p -> ?xtc -> temp-ext -> dist 
ollama-1  | slot launch_slot_: id  0 | task -1 | sampler params: 
ollama-1  | 	repeat_last_n = 64, repeat_penalty = 1.000, frequency_penalty = 0.000, presence_penalty = 0.000
ollama-1  | 	dry_multiplier = 0.000, dry_base = 1.750, dry_allowed_length = 2, dry_penalty_last_n = 64
ollama-1  | 	top_k = 40, top_p = 0.900, min_p = 0.000, xtc_probability = 0.000, xtc_threshold = 0.100, typical_p = 1.000, top_n_sigma = -1.000, temp = 0.000
ollama-1  | 	mirostat = 0, mirostat_lr = 0.100, mirostat_ent = 5.000, adaptive_target = -1.000, adaptive_decay = 0.900
ollama-1  | slot launch_slot_: id  0 | task 11929 | processing task, is_child = 0
ollama-1  | slot   operator(): id  0 | task 11929 | new prompt, n_ctx_slot = 4096, n_keep = 4, task.n_tokens = 643
ollama-1  | slot   operator(): id  0 | task 11929 | cached n_tokens = 379, memory_seq_rm [379, end)
ollama-1  | slot init_sampler: id  0 | task 11929 | init sampler, took 0.06 ms, tokens: text = 643, total = 643
ollama-1  | slot print_timing: id  0 | task 11929 | prompt eval time =    1973.56 ms /   264 tokens (    7.48 ms per token,   133.77 tokens per second)
ollama-1  | slot print_timing: id  0 | task 11929 |        eval time =     273.38 ms /     9 tokens (   34.17 ms per token,    29.26 tokens per second)
ollama-1  | slot print_timing: id  0 | task 11929 |       total time =    2246.94 ms /   273 tokens
ollama-1  | slot print_timing: id  0 | task 11929 |    graphs reused =       8563
ollama-1  | slot      release: id  0 | task 11929 | stop processing: n_tokens = 651, truncated = 0
ollama-1  | srv  update_slots: all slots are idle
ollama-1  | [GIN] 2026/10/08 - 04:34:50 | 200 | 40.615318364s |      172.21.0.4 | POST     "/api/generate"
ollama-1  | srv  server_strea: conv_id= (empty=1)
ollama-1  | slot get_availabl: id  0 | task -1 |  - checking sim = 0.734 (379/516) > 0.100
ollama-1  | slot get_availabl: id  0 | task -1 | selected slot by LCP similarity, f_sim_best = 0.734 (> 0.100 thold), f_keep = 0.582
ollama-1  | slot launch_slot_: id  0 | task -1 | sampler chain: logits -> ?penalties -> ?dry -> ?top-n-sigma -> top-k -> ?typical -> top-p -> ?min-p -> ?xtc -> temp-ext -> dist 
ollama-1  | slot launch_slot_: id  0 | task -1 | sampler params: 
ollama-1  | 	repeat_last_n = 64, repeat_penalty = 1.000, frequency_penalty = 0.000, presence_penalty = 0.000
ollama-1  | 	dry_multiplier = 0.000, dry_base = 1.750, dry_allowed_length = 2, dry_penalty_last_n = 64
ollama-1  | 	top_k = 40, top_p = 0.900, min_p = 0.000, xtc_probability = 0.000, xtc_threshold = 0.100, typical_p = 1.000, top_n_sigma = -1.000, temp = 0.000
ollama-1  | 	mirostat = 0, mirostat_lr = 0.100, mirostat_ent = 5.000, adaptive_target = -1.000, adaptive_decay = 0.900
ollama-1  | slot launch_slot_: id  0 | task 11939 | processing task, is_child = 0
ollama-1  | slot   operator(): id  0 | task 11939 | new prompt, n_ctx_slot = 4096, n_keep = 4, task.n_tokens = 516
ollama-1  | slot   operator(): id  0 | task 11939 | cached n_tokens = 379, memory_seq_rm [379, end)
ollama-1  | slot init_sampler: id  0 | task 11939 | init sampler, took 0.06 ms, tokens: text = 516, total = 516
ollama-1  | slot print_timing: id  0 | task 11939 | prompt eval time =    1040.53 ms /   137 tokens (    7.60 ms per token,   131.66 tokens per second)
ollama-1  | slot print_timing: id  0 | task 11939 |        eval time =     312.11 ms /    10 tokens (   34.68 ms per token,    28.84 tokens per second)
ollama-1  | slot print_timing: id  0 | task 11939 |       total time =    1352.64 ms /   147 tokens
ollama-1  | slot print_timing: id  0 | task 11939 |    graphs reused =       8571
ollama-1  | slot      release: id  0 | task 11939 | stop processing: n_tokens = 525, truncated = 0
ollama-1  | srv  update_slots: all slots are idle
ollama-1  | [GIN] 2026/10/08 - 04:34:52 | 200 | 40.283475234s |      172.21.0.4 | POST     "/api/generate"
ollama-1  | srv  server_strea: conv_id= (empty=1)
ollama-1  | slot get_availabl: id  0 | task -1 |  - checking sim = 0.706 (379/537) > 0.100
ollama-1  | slot get_availabl: id  0 | task -1 | selected slot by LCP similarity, f_sim_best = 0.706 (> 0.100 thold), f_keep = 0.722
ollama-1  | slot launch_slot_: id  0 | task -1 | sampler chain: logits -> ?penalties -> ?dry -> ?top-n-sigma -> top-k -> ?typical -> top-p -> ?min-p -> ?xtc -> temp-ext -> dist 
ollama-1  | slot launch_slot_: id  0 | task -1 | sampler params: 
ollama-1  | 	repeat_last_n = 64, repeat_penalty = 1.000, frequency_penalty = 0.000, presence_penalty = 0.000
ollama-1  | 	dry_multiplier = 0.000, dry_base = 1.750, dry_allowed_length = 2, dry_penalty_last_n = 64
ollama-1  | 	top_k = 40, top_p = 0.900, min_p = 0.000, xtc_probability = 0.000, xtc_threshold = 0.100, typical_p = 1.000, top_n_sigma = -1.000, temp = 0.000
ollama-1  | 	mirostat = 0, mirostat_lr = 0.100, mirostat_ent = 5.000, adaptive_target = -1.000, adaptive_decay = 0.900
ollama-1  | slot launch_slot_: id  0 | task 11950 | processing task, is_child = 0
ollama-1  | slot   operator(): id  0 | task 11950 | new prompt, n_ctx_slot = 4096, n_keep = 4, task.n_tokens = 537
ollama-1  | slot   operator(): id  0 | task 11950 | cached n_tokens = 379, memory_seq_rm [379, end)
ollama-1  | slot init_sampler: id  0 | task 11950 | init sampler, took 0.08 ms, tokens: text = 537, total = 537
ollama-1  | slot print_timing: id  0 | task 11950 | prompt eval time =    1181.67 ms /   158 tokens (    7.48 ms per token,   133.71 tokens per second)
ollama-1  | slot print_timing: id  0 | task 11950 |        eval time =     279.26 ms /     9 tokens (   34.91 ms per token,    28.65 tokens per second)
ollama-1  | slot print_timing: id  0 | task 11950 |       total time =    1460.93 ms /   167 tokens
ollama-1  | slot print_timing: id  0 | task 11950 |    graphs reused =       8578
ollama-1  | slot      release: id  0 | task 11950 | stop processing: n_tokens = 545, truncated = 0
ollama-1  | srv  update_slots: all slots are idle
ollama-1  | [GIN] 2026/10/08 - 04:34:54 | 200 |  40.63045012s |      172.21.0.4 | POST     "/api/generate"
ollama-1  | srv  server_strea: conv_id= (empty=1)
ollama-1  | slot get_availabl: id  0 | task -1 |  - checking sim = 0.688 (379/551) > 0.100
ollama-1  | slot get_availabl: id  0 | task -1 | selected slot by LCP similarity, f_sim_best = 0.688 (> 0.100 thold), f_keep = 0.695
ollama-1  | slot launch_slot_: id  0 | task -1 | sampler chain: logits -> ?penalties -> ?dry -> ?top-n-sigma -> top-k -> ?typical -> top-p -> ?min-p -> ?xtc -> temp-ext -> dist 
ollama-1  | slot launch_slot_: id  0 | task -1 | sampler params: 
ollama-1  | 	repeat_last_n = 64, repeat_penalty = 1.000, frequency_penalty = 0.000, presence_penalty = 0.000
ollama-1  | 	dry_multiplier = 0.000, dry_base = 1.750, dry_allowed_length = 2, dry_penalty_last_n = 64
ollama-1  | 	top_k = 40, top_p = 0.900, min_p = 0.000, xtc_probability = 0.000, xtc_threshold = 0.100, typical_p = 1.000, top_n_sigma = -1.000, temp = 0.000
ollama-1  | 	mirostat = 0, mirostat_lr = 0.100, mirostat_ent = 5.000, adaptive_target = -1.000, adaptive_decay = 0.900
ollama-1  | slot launch_slot_: id  0 | task 11960 | processing task, is_child = 0
ollama-1  | slot   operator(): id  0 | task 11960 | new prompt, n_ctx_slot = 4096, n_keep = 4, task.n_tokens = 551
ollama-1  | slot   operator(): id  0 | task 11960 | cached n_tokens = 379, memory_seq_rm [379, end)
ollama-1  | slot init_sampler: id  0 | task 11960 | init sampler, took 0.04 ms, tokens: text = 551, total = 551
ollama-1  | slot print_timing: id  0 | task 11960 | prompt eval time =    1300.59 ms /   172 tokens (    7.56 ms per token,   132.25 tokens per second)
ollama-1  | slot print_timing: id  0 | task 11960 |        eval time =     270.38 ms /     9 tokens (   33.80 ms per token,    29.59 tokens per second)
ollama-1  | slot print_timing: id  0 | task 11960 |       total time =    1570.97 ms /   181 tokens
ollama-1  | slot print_timing: id  0 | task 11960 |    graphs reused =       8585
ollama-1  | slot      release: id  0 | task 11960 | stop processing: n_tokens = 559, truncated = 0
ollama-1  | srv  update_slots: all slots are idle
ollama-1  | [GIN] 2026/10/08 - 04:34:55 | 200 | 39.756831758s |      172.21.0.4 | POST     "/api/generate"
ollama-1  | srv  server_strea: conv_id= (empty=1)
ollama-1  | slot get_availabl: id  0 | task -1 |  - checking sim = 0.777 (379/488) > 0.100
ollama-1  | slot get_availabl: id  0 | task -1 | selected slot by LCP similarity, f_sim_best = 0.777 (> 0.100 thold), f_keep = 0.678
ollama-1  | slot launch_slot_: id  0 | task -1 | sampler chain: logits -> ?penalties -> ?dry -> ?top-n-sigma -> top-k -> ?typical -> top-p -> ?min-p -> ?xtc -> temp-ext -> dist 
ollama-1  | slot launch_slot_: id  0 | task -1 | sampler params: 
ollama-1  | 	repeat_last_n = 64, repeat_penalty = 1.000, frequency_penalty = 0.000, presence_penalty = 0.000
ollama-1  | 	dry_multiplier = 0.000, dry_base = 1.750, dry_allowed_length = 2, dry_penalty_last_n = 64
ollama-1  | 	top_k = 40, top_p = 0.900, min_p = 0.000, xtc_probability = 0.000, xtc_threshold = 0.100, typical_p = 1.000, top_n_sigma = -1.000, temp = 0.000
ollama-1  | 	mirostat = 0, mirostat_lr = 0.100, mirostat_ent = 5.000, adaptive_target = -1.000, adaptive_decay = 0.900
ollama-1  | slot launch_slot_: id  0 | task 11970 | processing task, is_child = 0
ollama-1  | slot   operator(): id  0 | task 11970 | new prompt, n_ctx_slot = 4096, n_keep = 4, task.n_tokens = 488
ollama-1  | slot   operator(): id  0 | task 11970 | cached n_tokens = 379, memory_seq_rm [379, end)
ollama-1  | slot init_sampler: id  0 | task 11970 | init sampler, took 0.04 ms, tokens: text = 488, total = 488
ollama-1  | slot print_timing: id  0 | task 11970 | prompt eval time =     839.77 ms /   109 tokens (    7.70 ms per token,   129.80 tokens per second)
ollama-1  | slot print_timing: id  0 | task 11970 |        eval time =     272.06 ms /     9 tokens (   34.01 ms per token,    29.41 tokens per second)
ollama-1  | slot print_timing: id  0 | task 11970 |       total time =    1111.82 ms /   118 tokens
ollama-1  | slot print_timing: id  0 | task 11970 |    graphs reused =       8592
ollama-1  | slot      release: id  0 | task 11970 | stop processing: n_tokens = 496, truncated = 0
ollama-1  | srv  update_slots: all slots are idle
ollama-1  | [GIN] 2026/10/08 - 04:34:57 | 200 | 38.040664939s |      172.21.0.4 | POST     "/api/generate"
ollama-1  | srv  server_strea: conv_id= (empty=1)
ollama-1  | slot get_availabl: id  0 | task -1 |  - checking sim = 0.639 (379/593) > 0.100
ollama-1  | slot get_availabl: id  0 | task -1 | selected slot by LCP similarity, f_sim_best = 0.639 (> 0.100 thold), f_keep = 0.764
ollama-1  | slot launch_slot_: id  0 | task -1 | sampler chain: logits -> ?penalties -> ?dry -> ?top-n-sigma -> top-k -> ?typical -> top-p -> ?min-p -> ?xtc -> temp-ext -> dist 
ollama-1  | slot launch_slot_: id  0 | task -1 | sampler params: 
ollama-1  | 	repeat_last_n = 64, repeat_penalty = 1.000, frequency_penalty = 0.000, presence_penalty = 0.000
ollama-1  | 	dry_multiplier = 0.000, dry_base = 1.750, dry_allowed_length = 2, dry_penalty_last_n = 64
ollama-1  | 	top_k = 40, top_p = 0.900, min_p = 0.000, xtc_probability = 0.000, xtc_threshold = 0.100, typical_p = 1.000, top_n_sigma = -1.000, temp = 0.000
ollama-1  | 	mirostat = 0, mirostat_lr = 0.100, mirostat_ent = 5.000, adaptive_target = -1.000, adaptive_decay = 0.900
ollama-1  | slot launch_slot_: id  0 | task 11980 | processing task, is_child = 0
ollama-1  | slot   operator(): id  0 | task 11980 | new prompt, n_ctx_slot = 4096, n_keep = 4, task.n_tokens = 593
ollama-1  | slot   operator(): id  0 | task 11980 | cached n_tokens = 379, memory_seq_rm [379, end)
ollama-1  | slot init_sampler: id  0 | task 11980 | init sampler, took 0.09 ms, tokens: text = 593, total = 593
ollama-1  | [GIN] 2026/10/08 - 04:34:58 | 200 |       29.59µs |       127.0.0.1 | HEAD     "/"
ollama-1  | [GIN] 2026/10/08 - 04:34:58 | 200 |    1.389464ms |       127.0.0.1 | GET      "/api/tags"
ollama-1  | slot print_timing: id  0 | task 11980 | prompt eval time =    1594.11 ms /   214 tokens (    7.45 ms per token,   134.24 tokens per second)
ollama-1  | slot print_timing: id  0 | task 11980 |        eval time =     344.77 ms /    11 tokens (   34.48 ms per token,    29.01 tokens per second)
ollama-1  | slot print_timing: id  0 | task 11980 |       total time =    1938.88 ms /   225 tokens
ollama-1  | slot print_timing: id  0 | task 11980 |    graphs reused =       8601
ollama-1  | slot      release: id  0 | task 11980 | stop processing: n_tokens = 603, truncated = 0
ollama-1  | srv  update_slots: all slots are idle
ollama-1  | [GIN] 2026/10/08 - 04:34:59 | 200 | 37.709391587s |      172.21.0.4 | POST     "/api/generate"
ollama-1  | srv  server_strea: conv_id= (empty=1)
ollama-1  | slot get_availabl: id  0 | task -1 |  - checking sim = 0.668 (381/570) > 0.100
ollama-1  | slot get_availabl: id  0 | task -1 | selected slot by LCP similarity, f_sim_best = 0.668 (> 0.100 thold), f_keep = 0.632
ollama-1  | slot launch_slot_: id  0 | task -1 | sampler chain: logits -> ?penalties -> ?dry -> ?top-n-sigma -> top-k -> ?typical -> top-p -> ?min-p -> ?xtc -> temp-ext -> dist 
ollama-1  | slot launch_slot_: id  0 | task -1 | sampler params: 
ollama-1  | 	repeat_last_n = 64, repeat_penalty = 1.000, frequency_penalty = 0.000, presence_penalty = 0.000
ollama-1  | 	dry_multiplier = 0.000, dry_base = 1.750, dry_allowed_length = 2, dry_penalty_last_n = 64
ollama-1  | 	top_k = 40, top_p = 0.900, min_p = 0.000, xtc_probability = 0.000, xtc_threshold = 0.100, typical_p = 1.000, top_n_sigma = -1.000, temp = 0.000
ollama-1  | 	mirostat = 0, mirostat_lr = 0.100, mirostat_ent = 5.000, adaptive_target = -1.000, adaptive_decay = 0.900
ollama-1  | slot launch_slot_: id  0 | task 11992 | processing task, is_child = 0
ollama-1  | slot   operator(): id  0 | task 11992 | new prompt, n_ctx_slot = 4096, n_keep = 4, task.n_tokens = 570
ollama-1  | slot   operator(): id  0 | task 11992 | cached n_tokens = 381, memory_seq_rm [381, end)
ollama-1  | slot init_sampler: id  0 | task 11992 | init sampler, took 0.04 ms, tokens: text = 570, total = 570
ollama-1  | slot print_timing: id  0 | task 11992 | prompt eval time =    1422.55 ms /   189 tokens (    7.53 ms per token,   132.86 tokens per second)
ollama-1  | slot print_timing: id  0 | task 11992 |        eval time =     356.30 ms /    11 tokens (   35.63 ms per token,    28.07 tokens per second)
ollama-1  | slot print_timing: id  0 | task 11992 |       total time =    1778.85 ms /   200 tokens
ollama-1  | slot print_timing: id  0 | task 11992 |    graphs reused =       8610
ollama-1  | slot      release: id  0 | task 11992 | stop processing: n_tokens = 580, truncated = 0
ollama-1  | srv  update_slots: all slots are idle
ollama-1  | [GIN] 2026/10/08 - 04:35:00 | 200 | 37.384282853s |      172.21.0.4 | POST     "/api/generate"
ollama-1  | srv  server_strea: conv_id= (empty=1)
ollama-1  | slot get_availabl: id  0 | task -1 |  - checking sim = 0.715 (379/530) > 0.100
ollama-1  | slot get_availabl: id  0 | task -1 | selected slot by LCP similarity, f_sim_best = 0.715 (> 0.100 thold), f_keep = 0.653
ollama-1  | slot launch_slot_: id  0 | task -1 | sampler chain: logits -> ?penalties -> ?dry -> ?top-n-sigma -> top-k -> ?typical -> top-p -> ?min-p -> ?xtc -> temp-ext -> dist 
ollama-1  | slot launch_slot_: id  0 | task -1 | sampler params: 
ollama-1  | 	repeat_last_n = 64, repeat_penalty = 1.000, frequency_penalty = 0.000, presence_penalty = 0.000
ollama-1  | 	dry_multiplier = 0.000, dry_base = 1.750, dry_allowed_length = 2, dry_penalty_last_n = 64
ollama-1  | 	top_k = 40, top_p = 0.900, min_p = 0.000, xtc_probability = 0.000, xtc_threshold = 0.100, typical_p = 1.000, top_n_sigma = -1.000, temp = 0.000
ollama-1  | 	mirostat = 0, mirostat_lr = 0.100, mirostat_ent = 5.000, adaptive_target = -1.000, adaptive_decay = 0.900
ollama-1  | slot launch_slot_: id  0 | task 12004 | processing task, is_child = 0
ollama-1  | slot   operator(): id  0 | task 12004 | new prompt, n_ctx_slot = 4096, n_keep = 4, task.n_tokens = 530
ollama-1  | slot   operator(): id  0 | task 12004 | cached n_tokens = 379, memory_seq_rm [379, end)
ollama-1  | slot init_sampler: id  0 | task 12004 | init sampler, took 0.04 ms, tokens: text = 530, total = 530
ollama-1  | slot print_timing: id  0 | task 12004 | prompt eval time =    1141.44 ms /   151 tokens (    7.56 ms per token,   132.29 tokens per second)
ollama-1  | slot print_timing: id  0 | task 12004 |        eval time =     270.56 ms /     9 tokens (   33.82 ms per token,    29.57 tokens per second)
ollama-1  | slot print_timing: id  0 | task 12004 |       total time =    1412.00 ms /   160 tokens
ollama-1  | slot print_timing: id  0 | task 12004 |    graphs reused =       8617
ollama-1  | slot      release: id  0 | task 12004 | stop processing: n_tokens = 538, truncated = 0
ollama-1  | srv  update_slots: all slots are idle
ollama-1  | [GIN] 2026/10/08 - 04:35:02 | 200 | 37.656527696s |      172.21.0.4 | POST     "/api/generate"
ollama-1  | srv  server_strea: conv_id= (empty=1)
ollama-1  | slot get_availabl: id  0 | task -1 |  - checking sim = 0.693 (379/547) > 0.100
ollama-1  | slot get_availabl: id  0 | task -1 | selected slot by LCP similarity, f_sim_best = 0.693 (> 0.100 thold), f_keep = 0.704
ollama-1  | slot launch_slot_: id  0 | task -1 | sampler chain: logits -> ?penalties -> ?dry -> ?top-n-sigma -> top-k -> ?typical -> top-p -> ?min-p -> ?xtc -> temp-ext -> dist 
ollama-1  | slot launch_slot_: id  0 | task -1 | sampler params: 
ollama-1  | 	repeat_last_n = 64, repeat_penalty = 1.000, frequency_penalty = 0.000, presence_penalty = 0.000
ollama-1  | 	dry_multiplier = 0.000, dry_base = 1.750, dry_allowed_length = 2, dry_penalty_last_n = 64
ollama-1  | 	top_k = 40, top_p = 0.900, min_p = 0.000, xtc_probability = 0.000, xtc_threshold = 0.100, typical_p = 1.000, top_n_sigma = -1.000, temp = 0.000
ollama-1  | 	mirostat = 0, mirostat_lr = 0.100, mirostat_ent = 5.000, adaptive_target = -1.000, adaptive_decay = 0.900
ollama-1  | slot launch_slot_: id  0 | task 12014 | processing task, is_child = 0
ollama-1  | slot   operator(): id  0 | task 12014 | new prompt, n_ctx_slot = 4096, n_keep = 4, task.n_tokens = 547
ollama-1  | slot   operator(): id  0 | task 12014 | cached n_tokens = 379, memory_seq_rm [379, end)
ollama-1  | slot init_sampler: id  0 | task 12014 | init sampler, took 0.05 ms, tokens: text = 547, total = 547
ollama-1  | slot print_timing: id  0 | task 12014 | prompt eval time =    1273.84 ms /   168 tokens (    7.58 ms per token,   131.88 tokens per second)
ollama-1  | slot print_timing: id  0 | task 12014 |        eval time =     339.56 ms /    11 tokens (   33.96 ms per token,    29.45 tokens per second)
ollama-1  | slot print_timing: id  0 | task 12014 |       total time =    1613.41 ms /   179 tokens
ollama-1  | slot print_timing: id  0 | task 12014 |    graphs reused =       8626
ollama-1  | slot      release: id  0 | task 12014 | stop processing: n_tokens = 557, truncated = 0
ollama-1  | srv  update_slots: all slots are idle
ollama-1  | [GIN] 2026/10/08 - 04:35:03 | 200 | 37.762042377s |      172.21.0.4 | POST     "/api/generate"
ollama-1  | srv  server_strea: conv_id= (empty=1)
ollama-1  | slot get_availabl: id  0 | task -1 |  - checking sim = 0.859 (379/441) > 0.100
ollama-1  | slot get_availabl: id  0 | task -1 | selected slot by LCP similarity, f_sim_best = 0.859 (> 0.100 thold), f_keep = 0.680
ollama-1  | slot launch_slot_: id  0 | task -1 | sampler chain: logits -> ?penalties -> ?dry -> ?top-n-sigma -> top-k -> ?typical -> top-p -> ?min-p -> ?xtc -> temp-ext -> dist 
ollama-1  | slot launch_slot_: id  0 | task -1 | sampler params: 
ollama-1  | 	repeat_last_n = 64, repeat_penalty = 1.000, frequency_penalty = 0.000, presence_penalty = 0.000
ollama-1  | 	dry_multiplier = 0.000, dry_base = 1.750, dry_allowed_length = 2, dry_penalty_last_n = 64
ollama-1  | 	top_k = 40, top_p = 0.900, min_p = 0.000, xtc_probability = 0.000, xtc_threshold = 0.100, typical_p = 1.000, top_n_sigma = -1.000, temp = 0.000
ollama-1  | 	mirostat = 0, mirostat_lr = 0.100, mirostat_ent = 5.000, adaptive_target = -1.000, adaptive_decay = 0.900
ollama-1  | slot launch_slot_: id  0 | task 12026 | processing task, is_child = 0
ollama-1  | slot   operator(): id  0 | task 12026 | new prompt, n_ctx_slot = 4096, n_keep = 4, task.n_tokens = 441
ollama-1  | slot   operator(): id  0 | task 12026 | cached n_tokens = 379, memory_seq_rm [379, end)
ollama-1  | slot init_sampler: id  0 | task 12026 | init sampler, took 0.05 ms, tokens: text = 441, total = 441
ollama-1  | slot print_timing: id  0 | task 12026 | prompt eval time =     522.94 ms /    62 tokens (    8.43 ms per token,   118.56 tokens per second)
ollama-1  | slot print_timing: id  0 | task 12026 |        eval time =     272.20 ms /     9 tokens (   34.03 ms per token,    29.39 tokens per second)
ollama-1  | slot print_timing: id  0 | task 12026 |       total time =     795.15 ms /    71 tokens
ollama-1  | slot print_timing: id  0 | task 12026 |    graphs reused =       8633
ollama-1  | slot      release: id  0 | task 12026 | stop processing: n_tokens = 449, truncated = 0
ollama-1  | srv  update_slots: all slots are idle
ollama-1  | [GIN] 2026/10/08 - 04:35:04 | 200 | 37.517181773s |      172.21.0.4 | POST     "/api/generate"
ollama-1  | srv  server_strea: conv_id= (empty=1)
ollama-1  | slot get_availabl: id  0 | task -1 |  - checking sim = 0.552 (379/687) > 0.100
ollama-1  | slot get_availabl: id  0 | task -1 | selected slot by LCP similarity, f_sim_best = 0.552 (> 0.100 thold), f_keep = 0.844
ollama-1  | slot launch_slot_: id  0 | task -1 | sampler chain: logits -> ?penalties -> ?dry -> ?top-n-sigma -> top-k -> ?typical -> top-p -> ?min-p -> ?xtc -> temp-ext -> dist 
ollama-1  | slot launch_slot_: id  0 | task -1 | sampler params: 
ollama-1  | 	repeat_last_n = 64, repeat_penalty = 1.000, frequency_penalty = 0.000, presence_penalty = 0.000
ollama-1  | 	dry_multiplier = 0.000, dry_base = 1.750, dry_allowed_length = 2, dry_penalty_last_n = 64
ollama-1  | 	top_k = 40, top_p = 0.900, min_p = 0.000, xtc_probability = 0.000, xtc_threshold = 0.100, typical_p = 1.000, top_n_sigma = -1.000, temp = 0.000
ollama-1  | 	mirostat = 0, mirostat_lr = 0.100, mirostat_ent = 5.000, adaptive_target = -1.000, adaptive_decay = 0.900
ollama-1  | slot launch_slot_: id  0 | task 12036 | processing task, is_child = 0
ollama-1  | slot   operator(): id  0 | task 12036 | new prompt, n_ctx_slot = 4096, n_keep = 4, task.n_tokens = 687
ollama-1  | slot   operator(): id  0 | task 12036 | cached n_tokens = 379, memory_seq_rm [379, end)
ollama-1  | slot init_sampler: id  0 | task 12036 | init sampler, took 0.08 ms, tokens: text = 687, total = 687
ollama-1  | slot print_timing: id  0 | task 12036 | prompt eval time =    2226.67 ms /   308 tokens (    7.23 ms per token,   138.32 tokens per second)
ollama-1  | slot print_timing: id  0 | task 12036 |        eval time =     355.11 ms /    11 tokens (   35.51 ms per token,    28.16 tokens per second)
ollama-1  | slot print_timing: id  0 | task 12036 |       total time =    2581.78 ms /   319 tokens
ollama-1  | slot print_timing: id  0 | task 12036 |    graphs reused =       8642
ollama-1  | slot      release: id  0 | task 12036 | stop processing: n_tokens = 697, truncated = 0
ollama-1  | srv  update_slots: all slots are idle
ollama-1  | [GIN] 2026/10/08 - 04:35:07 | 200 | 39.192081481s |      172.21.0.4 | POST     "/api/generate"
ollama-1  | srv  server_strea: conv_id= (empty=1)
ollama-1  | slot get_availabl: id  0 | task -1 |  - checking sim = 0.703 (379/539) > 0.100
ollama-1  | slot get_availabl: id  0 | task -1 | selected slot by LCP similarity, f_sim_best = 0.703 (> 0.100 thold), f_keep = 0.544
ollama-1  | slot launch_slot_: id  0 | task -1 | sampler chain: logits -> ?penalties -> ?dry -> ?top-n-sigma -> top-k -> ?typical -> top-p -> ?min-p -> ?xtc -> temp-ext -> dist 
ollama-1  | slot launch_slot_: id  0 | task -1 | sampler params: 
ollama-1  | 	repeat_last_n = 64, repeat_penalty = 1.000, frequency_penalty = 0.000, presence_penalty = 0.000
ollama-1  | 	dry_multiplier = 0.000, dry_base = 1.750, dry_allowed_length = 2, dry_penalty_last_n = 64
ollama-1  | 	top_k = 40, top_p = 0.900, min_p = 0.000, xtc_probability = 0.000, xtc_threshold = 0.100, typical_p = 1.000, top_n_sigma = -1.000, temp = 0.000
ollama-1  | 	mirostat = 0, mirostat_lr = 0.100, mirostat_ent = 5.000, adaptive_target = -1.000, adaptive_decay = 0.900
ollama-1  | slot launch_slot_: id  0 | task 12048 | processing task, is_child = 0
ollama-1  | slot   operator(): id  0 | task 12048 | new prompt, n_ctx_slot = 4096, n_keep = 4, task.n_tokens = 539
ollama-1  | slot   operator(): id  0 | task 12048 | cached n_tokens = 379, memory_seq_rm [379, end)
ollama-1  | slot init_sampler: id  0 | task 12048 | init sampler, took 0.06 ms, tokens: text = 539, total = 539
ollama-1  | [GIN] 2026/10/08 - 04:35:08 | 200 |      19.095µs |       127.0.0.1 | HEAD     "/"
ollama-1  | [GIN] 2026/10/08 - 04:35:08 | 200 |    3.073466ms |       127.0.0.1 | GET      "/api/tags"
ollama-1  | slot print_timing: id  0 | task 12048 | prompt eval time =    1204.27 ms /   160 tokens (    7.53 ms per token,   132.86 tokens per second)
ollama-1  | slot print_timing: id  0 | task 12048 |        eval time =     354.21 ms /    11 tokens (   35.42 ms per token,    28.23 tokens per second)
ollama-1  | slot print_timing: id  0 | task 12048 |       total time =    1558.48 ms /   171 tokens
ollama-1  | slot print_timing: id  0 | task 12048 |    graphs reused =       8651
ollama-1  | slot      release: id  0 | task 12048 | stop processing: n_tokens = 549, truncated = 0
ollama-1  | srv  update_slots: all slots are idle
ollama-1  | [GIN] 2026/10/08 - 04:35:08 | 200 | 38.335954681s |      172.21.0.4 | POST     "/api/generate"
ollama-1  | srv  server_strea: conv_id= (empty=1)
ollama-1  | slot get_availabl: id  0 | task -1 |  - checking sim = 0.837 (379/453) > 0.100
ollama-1  | slot get_availabl: id  0 | task -1 | selected slot by LCP similarity, f_sim_best = 0.837 (> 0.100 thold), f_keep = 0.690
ollama-1  | slot launch_slot_: id  0 | task -1 | sampler chain: logits -> ?penalties -> ?dry -> ?top-n-sigma -> top-k -> ?typical -> top-p -> ?min-p -> ?xtc -> temp-ext -> dist 
ollama-1  | slot launch_slot_: id  0 | task -1 | sampler params: 
ollama-1  | 	repeat_last_n = 64, repeat_penalty = 1.000, frequency_penalty = 0.000, presence_penalty = 0.000
ollama-1  | 	dry_multiplier = 0.000, dry_base = 1.750, dry_allowed_length = 2, dry_penalty_last_n = 64
ollama-1  | 	top_k = 40, top_p = 0.900, min_p = 0.000, xtc_probability = 0.000, xtc_threshold = 0.100, typical_p = 1.000, top_n_sigma = -1.000, temp = 0.000
ollama-1  | 	mirostat = 0, mirostat_lr = 0.100, mirostat_ent = 5.000, adaptive_target = -1.000, adaptive_decay = 0.900
ollama-1  | slot launch_slot_: id  0 | task 12060 | processing task, is_child = 0
ollama-1  | slot   operator(): id  0 | task 12060 | new prompt, n_ctx_slot = 4096, n_keep = 4, task.n_tokens = 453
ollama-1  | slot   operator(): id  0 | task 12060 | cached n_tokens = 379, memory_seq_rm [379, end)
ollama-1  | slot init_sampler: id  0 | task 12060 | init sampler, took 0.05 ms, tokens: text = 453, total = 453
ollama-1  | slot print_timing: id  0 | task 12060 | prompt eval time =     583.58 ms /    74 tokens (    7.89 ms per token,   126.80 tokens per second)
ollama-1  | slot print_timing: id  0 | task 12060 |        eval time =     258.30 ms /     9 tokens (   32.29 ms per token,    30.97 tokens per second)
ollama-1  | slot print_timing: id  0 | task 12060 |       total time =     841.88 ms /    83 tokens
ollama-1  | slot print_timing: id  0 | task 12060 |    graphs reused =       8658
ollama-1  | slot      release: id  0 | task 12060 | stop processing: n_tokens = 461, truncated = 0
ollama-1  | srv  update_slots: all slots are idle
ollama-1  | [GIN] 2026/10/08 - 04:35:09 | 200 | 37.624455627s |      172.21.0.4 | POST     "/api/generate"
ollama-1  | srv  server_strea: conv_id= (empty=1)
ollama-1  | slot get_availabl: id  0 | task -1 |  - checking sim = 0.786 (379/482) > 0.100
ollama-1  | slot get_availabl: id  0 | task -1 | selected slot by LCP similarity, f_sim_best = 0.786 (> 0.100 thold), f_keep = 0.822
ollama-1  | slot launch_slot_: id  0 | task -1 | sampler chain: logits -> ?penalties -> ?dry -> ?top-n-sigma -> top-k -> ?typical -> top-p -> ?min-p -> ?xtc -> temp-ext -> dist 
ollama-1  | slot launch_slot_: id  0 | task -1 | sampler params: 
ollama-1  | 	repeat_last_n = 64, repeat_penalty = 1.000, frequency_penalty = 0.000, presence_penalty = 0.000
ollama-1  | 	dry_multiplier = 0.000, dry_base = 1.750, dry_allowed_length = 2, dry_penalty_last_n = 64
ollama-1  | 	top_k = 40, top_p = 0.900, min_p = 0.000, xtc_probability = 0.000, xtc_threshold = 0.100, typical_p = 1.000, top_n_sigma = -1.000, temp = 0.000
ollama-1  | 	mirostat = 0, mirostat_lr = 0.100, mirostat_ent = 5.000, adaptive_target = -1.000, adaptive_decay = 0.900
ollama-1  | slot launch_slot_: id  0 | task 12070 | processing task, is_child = 0
ollama-1  | slot   operator(): id  0 | task 12070 | new prompt, n_ctx_slot = 4096, n_keep = 4, task.n_tokens = 482
ollama-1  | slot   operator(): id  0 | task 12070 | cached n_tokens = 379, memory_seq_rm [379, end)
ollama-1  | slot init_sampler: id  0 | task 12070 | init sampler, took 0.05 ms, tokens: text = 482, total = 482
ollama-1  | slot print_timing: id  0 | task 12070 | prompt eval time =     797.51 ms /   103 tokens (    7.74 ms per token,   129.15 tokens per second)
ollama-1  | slot print_timing: id  0 | task 12070 |        eval time =     262.02 ms /     9 tokens (   32.75 ms per token,    30.53 tokens per second)
ollama-1  | slot print_timing: id  0 | task 12070 |       total time =    1059.53 ms /   112 tokens
ollama-1  | slot print_timing: id  0 | task 12070 |    graphs reused =       8665
ollama-1  | slot      release: id  0 | task 12070 | stop processing: n_tokens = 490, truncated = 0
ollama-1  | srv  update_slots: all slots are idle
ollama-1  | [GIN] 2026/10/08 - 04:35:10 | 200 | 37.356282465s |      172.21.0.4 | POST     "/api/generate"
ollama-1  | srv  server_strea: conv_id= (empty=1)
ollama-1  | slot get_availabl: id  0 | task -1 |  - checking sim = 0.734 (379/516) > 0.100
ollama-1  | slot get_availabl: id  0 | task -1 | selected slot by LCP similarity, f_sim_best = 0.734 (> 0.100 thold), f_keep = 0.773
ollama-1  | slot launch_slot_: id  0 | task -1 | sampler chain: logits -> ?penalties -> ?dry -> ?top-n-sigma -> top-k -> ?typical -> top-p -> ?min-p -> ?xtc -> temp-ext -> dist 
ollama-1  | slot launch_slot_: id  0 | task -1 | sampler params: 
ollama-1  | 	repeat_last_n = 64, repeat_penalty = 1.000, frequency_penalty = 0.000, presence_penalty = 0.000
ollama-1  | 	dry_multiplier = 0.000, dry_base = 1.750, dry_allowed_length = 2, dry_penalty_last_n = 64
ollama-1  | 	top_k = 40, top_p = 0.900, min_p = 0.000, xtc_probability = 0.000, xtc_threshold = 0.100, typical_p = 1.000, top_n_sigma = -1.000, temp = 0.000
ollama-1  | 	mirostat = 0, mirostat_lr = 0.100, mirostat_ent = 5.000, adaptive_target = -1.000, adaptive_decay = 0.900
ollama-1  | slot launch_slot_: id  0 | task 12080 | processing task, is_child = 0
ollama-1  | slot   operator(): id  0 | task 12080 | new prompt, n_ctx_slot = 4096, n_keep = 4, task.n_tokens = 516
ollama-1  | slot   operator(): id  0 | task 12080 | cached n_tokens = 379, memory_seq_rm [379, end)
ollama-1  | slot init_sampler: id  0 | task 12080 | init sampler, took 0.06 ms, tokens: text = 516, total = 516
ollama-1  | slot print_timing: id  0 | task 12080 | prompt eval time =    1039.69 ms /   137 tokens (    7.59 ms per token,   131.77 tokens per second)
ollama-1  | slot print_timing: id  0 | task 12080 |        eval time =     348.38 ms /    11 tokens (   34.84 ms per token,    28.70 tokens per second)
ollama-1  | slot print_timing: id  0 | task 12080 |       total time =    1388.07 ms /   148 tokens
ollama-1  | slot print_timing: id  0 | task 12080 |    graphs reused =       8674
ollama-1  | slot      release: id  0 | task 12080 | stop processing: n_tokens = 526, truncated = 0
ollama-1  | srv  update_slots: all slots are idle
ollama-1  | [GIN] 2026/10/08 - 04:35:12 | 200 | 35.055941698s |      172.21.0.4 | POST     "/api/generate"
ollama-1  | srv  server_strea: conv_id= (empty=1)
ollama-1  | slot get_availabl: id  0 | task -1 |  - checking sim = 0.443 (379/855) > 0.100
ollama-1  | slot get_availabl: id  0 | task -1 | selected slot by LCP similarity, f_sim_best = 0.443 (> 0.100 thold), f_keep = 0.721
ollama-1  | slot launch_slot_: id  0 | task -1 | sampler chain: logits -> ?penalties -> ?dry -> ?top-n-sigma -> top-k -> ?typical -> top-p -> ?min-p -> ?xtc -> temp-ext -> dist 
ollama-1  | slot launch_slot_: id  0 | task -1 | sampler params: 
ollama-1  | 	repeat_last_n = 64, repeat_penalty = 1.000, frequency_penalty = 0.000, presence_penalty = 0.000
ollama-1  | 	dry_multiplier = 0.000, dry_base = 1.750, dry_allowed_length = 2, dry_penalty_last_n = 64
ollama-1  | 	top_k = 40, top_p = 0.900, min_p = 0.000, xtc_probability = 0.000, xtc_threshold = 0.100, typical_p = 1.000, top_n_sigma = -1.000, temp = 0.000
ollama-1  | 	mirostat = 0, mirostat_lr = 0.100, mirostat_ent = 5.000, adaptive_target = -1.000, adaptive_decay = 0.900
ollama-1  | slot launch_slot_: id  0 | task 12092 | processing task, is_child = 0
ollama-1  | slot   operator(): id  0 | task 12092 | new prompt, n_ctx_slot = 4096, n_keep = 4, task.n_tokens = 855
ollama-1  | slot   operator(): id  0 | task 12092 | cached n_tokens = 379, memory_seq_rm [379, end)
ollama-1  | slot init_sampler: id  0 | task 12092 | init sampler, took 0.07 ms, tokens: text = 855, total = 855
ollama-1  | slot print_timing: id  0 | task 12092 | prompt eval time =    3468.08 ms /   476 tokens (    7.29 ms per token,   137.25 tokens per second)
ollama-1  | slot print_timing: id  0 | task 12092 |        eval time =     294.76 ms /     9 tokens (   36.85 ms per token,    27.14 tokens per second)
ollama-1  | slot print_timing: id  0 | task 12092 |       total time =    3762.84 ms /   485 tokens
ollama-1  | slot print_timing: id  0 | task 12092 |    graphs reused =       8681
ollama-1  | slot      release: id  0 | task 12092 | stop processing: n_tokens = 863, truncated = 0
ollama-1  | srv  update_slots: all slots are idle
ollama-1  | [GIN] 2026/10/08 - 04:35:15 | 200 | 38.824213839s |      172.21.0.4 | POST     "/api/generate"
ollama-1  | srv  server_strea: conv_id= (empty=1)
ollama-1  | slot get_availabl: id  0 | task -1 |  - checking sim = 0.575 (379/659) > 0.100
ollama-1  | slot get_availabl: id  0 | task -1 | selected slot by LCP similarity, f_sim_best = 0.575 (> 0.100 thold), f_keep = 0.439
ollama-1  | srv  get_availabl: updating prompt cache
ollama-1  | srv   prompt_save:  - saving prompt with length 863, total state size = 323.636 MiB (draft: 0.000 MiB)
ollama-1  | srv          load:  - looking for better prompt, base f_keep = 0.439, f_sim = 0.575
ollama-1  | srv          load:    - prompt with length     789, lcp =     379, f_keep = 0.480, f_sim = 0.575
ollama-1  | srv          load:    - prompt with length     890, lcp =     379, f_keep = 0.426, f_sim = 0.575
ollama-1  | srv          load:    - prompt with length     904, lcp =     380, f_keep = 0.420, f_sim = 0.577
ollama-1  | srv          load:    - prompt with length     900, lcp =     379, f_keep = 0.421, f_sim = 0.575
ollama-1  | srv          load:    - prompt with length     774, lcp =     380, f_keep = 0.491, f_sim = 0.577
ollama-1  | srv          load:    - prompt with length     840, lcp =     379, f_keep = 0.451, f_sim = 0.575
ollama-1  | srv          load:    - prompt with length     770, lcp =     380, f_keep = 0.494, f_sim = 0.577
ollama-1  | srv          load:    - prompt with length     846, lcp =     380, f_keep = 0.449, f_sim = 0.577
ollama-1  | srv          load:    - prompt with length     827, lcp =     379, f_keep = 0.458, f_sim = 0.575
ollama-1  | srv          load:    - prompt with length     888, lcp =     380, f_keep = 0.428, f_sim = 0.577
ollama-1  | srv          load:    - prompt with length     942, lcp =     379, f_keep = 0.402, f_sim = 0.575
ollama-1  | srv          load:    - prompt with length     835, lcp =     380, f_keep = 0.455, f_sim = 0.577
ollama-1  | srv          load:    - prompt with length     835, lcp =     379, f_keep = 0.454, f_sim = 0.575
ollama-1  | srv          load:    - prompt with length     837, lcp =     379, f_keep = 0.453, f_sim = 0.575
ollama-1  | srv          load:    - prompt with length     810, lcp =     380, f_keep = 0.469, f_sim = 0.577
ollama-1  | srv          load:    - prompt with length     893, lcp =     380, f_keep = 0.426, f_sim = 0.577
ollama-1  | srv          load:    - prompt with length    1243, lcp =     379, f_keep = 0.305, f_sim = 0.575
ollama-1  | srv          load:    - prompt with length     779, lcp =     379, f_keep = 0.487, f_sim = 0.575
ollama-1  | srv          load:    - prompt with length     766, lcp =     379, f_keep = 0.495, f_sim = 0.575
ollama-1  | srv          load:    - prompt with length     813, lcp =     379, f_keep = 0.466, f_sim = 0.575
ollama-1  | srv          load:    - prompt with length     830, lcp =     379, f_keep = 0.457, f_sim = 0.575
ollama-1  | srv          load:    - prompt with length     823, lcp =     379, f_keep = 0.461, f_sim = 0.575
ollama-1  | srv          load:    - prompt with length     764, lcp =     379, f_keep = 0.496, f_sim = 0.575
ollama-1  | srv          load:    - prompt with length     801, lcp =     379, f_keep = 0.473, f_sim = 0.575
ollama-1  | srv          load:    - prompt with length     863, lcp =     379, f_keep = 0.439, f_sim = 0.575
ollama-1  | srv          load:  - found better prompt with f_keep = 0.491, f_sim = 0.577
ollama-1  | srv        update:  - cache state: 24 prompts, 7683.253 MiB (limits: 8192.000 MiB, 4096 tokens, 21844 est)
ollama-1  | srv        update:    - prompt 0x3bd03820:     789 tokens, checkpoints:  0,   295.885 MiB
ollama-1  | srv        update:    - prompt 0x3bd03980:     890 tokens, checkpoints:  0,   333.761 MiB
ollama-1  | srv        update:    - prompt 0x39521940:     904 tokens, checkpoints:  0,   339.011 MiB
ollama-1  | srv        update:    - prompt 0x39903680:     900 tokens, checkpoints:  0,   337.511 MiB
ollama-1  | srv        update:    - prompt 0x3bcf25a0:     840 tokens, checkpoints:  0,   315.010 MiB
ollama-1  | srv        update:    - prompt 0x3bd306b0:     770 tokens, checkpoints:  0,   288.760 MiB
ollama-1  | srv        update:    - prompt 0x3bcf1110:     846 tokens, checkpoints:  0,   317.260 MiB
ollama-1  | srv        update:    - prompt 0x39536010:     827 tokens, checkpoints:  0,   310.135 MiB
ollama-1  | srv        update:    - prompt 0x3bd30760:     888 tokens, checkpoints:  0,   333.011 MiB
ollama-1  | srv        update:    - prompt 0x3beb80b0:     942 tokens, checkpoints:  0,   353.262 MiB
ollama-1  | srv        update:    - prompt 0x3bedb310:     835 tokens, checkpoints:  0,   313.135 MiB
ollama-1  | srv        update:    - prompt 0x39532a60:     835 tokens, checkpoints:  0,   313.135 MiB
ollama-1  | srv        update:    - prompt 0x3bcf2440:     837 tokens, checkpoints:  0,   313.885 MiB
ollama-1  | srv        update:    - prompt 0x3bd038d0:     810 tokens, checkpoints:  0,   303.760 MiB
ollama-1  | srv        update:    - prompt 0x3bd05200:     893 tokens, checkpoints:  0,   334.886 MiB
ollama-1  | srv        update:    - prompt 0x3952d930:    1243 tokens, checkpoints:  0,   466.140 MiB
ollama-1  | srv        update:    - prompt 0x3bd080a0:     779 tokens, checkpoints:  0,   292.135 MiB
ollama-1  | srv        update:    - prompt 0x39544a40:     766 tokens, checkpoints:  0,   287.260 MiB
ollama-1  | srv        update:    - prompt 0x39541bb0:     813 tokens, checkpoints:  0,   304.885 MiB
ollama-1  | srv        update:    - prompt 0x39530080:     830 tokens, checkpoints:  0,   311.260 MiB
ollama-1  | srv        update:    - prompt 0x3990f8f0:     823 tokens, checkpoints:  0,   308.635 MiB
ollama-1  | srv        update:    - prompt 0x39541d10:     764 tokens, checkpoints:  0,   286.509 MiB
ollama-1  | srv        update:    - prompt 0x39541c60:     801 tokens, checkpoints:  0,   300.385 MiB
ollama-1  | srv        update:    - prompt 0x3bd1ec30:     863 tokens, checkpoints:  0,   323.636 MiB
ollama-1  | srv  get_availabl: prompt cache update took 214.08 ms
ollama-1  | slot launch_slot_: id  0 | task -1 | sampler chain: logits -> ?penalties -> ?dry -> ?top-n-sigma -> top-k -> ?typical -> top-p -> ?min-p -> ?xtc -> temp-ext -> dist 
ollama-1  | slot launch_slot_: id  0 | task -1 | sampler params: 
ollama-1  | 	repeat_last_n = 64, repeat_penalty = 1.000, frequency_penalty = 0.000, presence_penalty = 0.000
ollama-1  | 	dry_multiplier = 0.000, dry_base = 1.750, dry_allowed_length = 2, dry_penalty_last_n = 64
ollama-1  | 	top_k = 40, top_p = 0.900, min_p = 0.000, xtc_probability = 0.000, xtc_threshold = 0.100, typical_p = 1.000, top_n_sigma = -1.000, temp = 0.000
ollama-1  | 	mirostat = 0, mirostat_lr = 0.100, mirostat_ent = 5.000, adaptive_target = -1.000, adaptive_decay = 0.900
ollama-1  | slot launch_slot_: id  0 | task 12102 | processing task, is_child = 0
ollama-1  | slot   operator(): id  0 | task 12102 | new prompt, n_ctx_slot = 4096, n_keep = 4, task.n_tokens = 659
ollama-1  | slot   operator(): id  0 | task 12102 | cached n_tokens = 380, memory_seq_rm [380, end)
ollama-1  | slot init_sampler: id  0 | task 12102 | init sampler, took 0.06 ms, tokens: text = 659, total = 659
ollama-1  | slot print_timing: id  0 | task 12102 | prompt eval time =    2091.76 ms /   279 tokens (    7.50 ms per token,   133.38 tokens per second)
ollama-1  | slot print_timing: id  0 | task 12102 |        eval time =     290.23 ms /     9 tokens (   36.28 ms per token,    27.56 tokens per second)
ollama-1  | slot print_timing: id  0 | task 12102 |       total time =    2382.00 ms /   288 tokens
ollama-1  | slot print_timing: id  0 | task 12102 |    graphs reused =       8688
ollama-1  | slot      release: id  0 | task 12102 | stop processing: n_tokens = 667, truncated = 0
ollama-1  | srv  update_slots: all slots are idle
ollama-1  | [GIN] 2026/10/08 - 04:35:18 | 200 | 41.425416099s |      172.21.0.4 | POST     "/api/generate"
ollama-1  | srv  server_strea: conv_id= (empty=1)
ollama-1  | slot get_availabl: id  0 | task -1 |  - checking sim = 0.552 (379/687) > 0.100
ollama-1  | slot get_availabl: id  0 | task -1 | selected slot by LCP similarity, f_sim_best = 0.552 (> 0.100 thold), f_keep = 0.568
ollama-1  | slot launch_slot_: id  0 | task -1 | sampler chain: logits -> ?penalties -> ?dry -> ?top-n-sigma -> top-k -> ?typical -> top-p -> ?min-p -> ?xtc -> temp-ext -> dist 
ollama-1  | slot launch_slot_: id  0 | task -1 | sampler params: 
ollama-1  | 	repeat_last_n = 64, repeat_penalty = 1.000, frequency_penalty = 0.000, presence_penalty = 0.000
ollama-1  | 	dry_multiplier = 0.000, dry_base = 1.750, dry_allowed_length = 2, dry_penalty_last_n = 64
ollama-1  | 	top_k = 40, top_p = 0.900, min_p = 0.000, xtc_probability = 0.000, xtc_threshold = 0.100, typical_p = 1.000, top_n_sigma = -1.000, temp = 0.000
ollama-1  | 	mirostat = 0, mirostat_lr = 0.100, mirostat_ent = 5.000, adaptive_target = -1.000, adaptive_decay = 0.900
ollama-1  | slot launch_slot_: id  0 | task 12112 | processing task, is_child = 0
ollama-1  | slot   operator(): id  0 | task 12112 | new prompt, n_ctx_slot = 4096, n_keep = 4, task.n_tokens = 687
ollama-1  | slot   operator(): id  0 | task 12112 | cached n_tokens = 379, memory_seq_rm [379, end)
ollama-1  | slot init_sampler: id  0 | task 12112 | init sampler, took 0.05 ms, tokens: text = 687, total = 687
ollama-1  | [GIN] 2026/10/08 - 04:35:18 | 200 |      29.594µs |       127.0.0.1 | HEAD     "/"
ollama-1  | [GIN] 2026/10/08 - 04:35:18 | 200 |    1.315801ms |       127.0.0.1 | GET      "/api/tags"
ollama-1  | slot print_timing: id  0 | task 12112 | prompt eval time =    2317.84 ms /   308 tokens (    7.53 ms per token,   132.88 tokens per second)
ollama-1  | slot print_timing: id  0 | task 12112 |        eval time =     376.67 ms /    11 tokens (   37.67 ms per token,    26.55 tokens per second)
ollama-1  | slot print_timing: id  0 | task 12112 |       total time =    2694.51 ms /   319 tokens
ollama-1  | slot print_timing: id  0 | task 12112 |    graphs reused =       8697
ollama-1  | slot      release: id  0 | task 12112 | stop processing: n_tokens = 697, truncated = 0
ollama-1  | srv  update_slots: all slots are idle
ollama-1  | [GIN] 2026/10/08 - 04:35:21 | 200 | 44.128588843s |      172.21.0.4 | POST     "/api/generate"
ollama-1  | srv  server_strea: conv_id= (empty=1)
ollama-1  | slot get_availabl: id  0 | task -1 |  - checking sim = 0.803 (379/472) > 0.100
ollama-1  | slot get_availabl: id  0 | task -1 | selected slot by LCP similarity, f_sim_best = 0.803 (> 0.100 thold), f_keep = 0.544
ollama-1  | slot launch_slot_: id  0 | task -1 | sampler chain: logits -> ?penalties -> ?dry -> ?top-n-sigma -> top-k -> ?typical -> top-p -> ?min-p -> ?xtc -> temp-ext -> dist 
ollama-1  | slot launch_slot_: id  0 | task -1 | sampler params: 
ollama-1  | 	repeat_last_n = 64, repeat_penalty = 1.000, frequency_penalty = 0.000, presence_penalty = 0.000
ollama-1  | 	dry_multiplier = 0.000, dry_base = 1.750, dry_allowed_length = 2, dry_penalty_last_n = 64
ollama-1  | 	top_k = 40, top_p = 0.900, min_p = 0.000, xtc_probability = 0.000, xtc_threshold = 0.100, typical_p = 1.000, top_n_sigma = -1.000, temp = 0.000
ollama-1  | 	mirostat = 0, mirostat_lr = 0.100, mirostat_ent = 5.000, adaptive_target = -1.000, adaptive_decay = 0.900
ollama-1  | slot launch_slot_: id  0 | task 12124 | processing task, is_child = 0
ollama-1  | slot   operator(): id  0 | task 12124 | new prompt, n_ctx_slot = 4096, n_keep = 4, task.n_tokens = 472
ollama-1  | slot   operator(): id  0 | task 12124 | cached n_tokens = 379, memory_seq_rm [379, end)
ollama-1  | slot init_sampler: id  0 | task 12124 | init sampler, took 0.04 ms, tokens: text = 472, total = 472
ollama-1  | slot print_timing: id  0 | task 12124 | prompt eval time =     729.27 ms /    93 tokens (    7.84 ms per token,   127.53 tokens per second)
ollama-1  | slot print_timing: id  0 | task 12124 |        eval time =     266.64 ms /     9 tokens (   33.33 ms per token,    30.00 tokens per second)
ollama-1  | slot print_timing: id  0 | task 12124 |       total time =     995.91 ms /   102 tokens
ollama-1  | slot print_timing: id  0 | task 12124 |    graphs reused =       8704
ollama-1  | slot      release: id  0 | task 12124 | stop processing: n_tokens = 480, truncated = 0
ollama-1  | srv  update_slots: all slots are idle
ollama-1  | [GIN] 2026/10/08 - 04:35:22 | 200 |  45.11853203s |      172.21.0.4 | POST     "/api/generate"
ollama-1  | srv  server_strea: conv_id= (empty=1)
ollama-1  | slot get_availabl: id  0 | task -1 |  - checking sim = 0.857 (379/442) > 0.100
ollama-1  | slot get_availabl: id  0 | task -1 | selected slot by LCP similarity, f_sim_best = 0.857 (> 0.100 thold), f_keep = 0.790
ollama-1  | slot launch_slot_: id  0 | task -1 | sampler chain: logits -> ?penalties -> ?dry -> ?top-n-sigma -> top-k -> ?typical -> top-p -> ?min-p -> ?xtc -> temp-ext -> dist 
ollama-1  | slot launch_slot_: id  0 | task -1 | sampler params: 
ollama-1  | 	repeat_last_n = 64, repeat_penalty = 1.000, frequency_penalty = 0.000, presence_penalty = 0.000
ollama-1  | 	dry_multiplier = 0.000, dry_base = 1.750, dry_allowed_length = 2, dry_penalty_last_n = 64
ollama-1  | 	top_k = 40, top_p = 0.900, min_p = 0.000, xtc_probability = 0.000, xtc_threshold = 0.100, typical_p = 1.000, top_n_sigma = -1.000, temp = 0.000
ollama-1  | 	mirostat = 0, mirostat_lr = 0.100, mirostat_ent = 5.000, adaptive_target = -1.000, adaptive_decay = 0.900
ollama-1  | slot launch_slot_: id  0 | task 12134 | processing task, is_child = 0
ollama-1  | slot   operator(): id  0 | task 12134 | new prompt, n_ctx_slot = 4096, n_keep = 4, task.n_tokens = 442
ollama-1  | slot   operator(): id  0 | task 12134 | cached n_tokens = 379, memory_seq_rm [379, end)
ollama-1  | slot init_sampler: id  0 | task 12134 | init sampler, took 0.04 ms, tokens: text = 442, total = 442
ollama-1  | slot print_timing: id  0 | task 12134 | prompt eval time =     542.61 ms /    63 tokens (    8.61 ms per token,   116.11 tokens per second)
ollama-1  | slot print_timing: id  0 | task 12134 |        eval time =     266.50 ms /     9 tokens (   33.31 ms per token,    30.02 tokens per second)
ollama-1  | slot print_timing: id  0 | task 12134 |       total time =     809.11 ms /    72 tokens
ollama-1  | slot print_timing: id  0 | task 12134 |    graphs reused =       8711
ollama-1  | slot      release: id  0 | task 12134 | stop processing: n_tokens = 450, truncated = 0
ollama-1  | srv  update_slots: all slots are idle
ollama-1  | [GIN] 2026/10/08 - 04:35:24 | 200 |   45.9281378s |      172.21.0.4 | POST     "/api/generate"
ollama-1  | srv  server_strea: conv_id= (empty=1)
ollama-1  | slot get_availabl: id  0 | task -1 |  - checking sim = 0.579 (379/655) > 0.100
ollama-1  | slot get_availabl: id  0 | task -1 | selected slot by LCP similarity, f_sim_best = 0.579 (> 0.100 thold), f_keep = 0.842
ollama-1  | slot launch_slot_: id  0 | task -1 | sampler chain: logits -> ?penalties -> ?dry -> ?top-n-sigma -> top-k -> ?typical -> top-p -> ?min-p -> ?xtc -> temp-ext -> dist 
ollama-1  | slot launch_slot_: id  0 | task -1 | sampler params: 
ollama-1  | 	repeat_last_n = 64, repeat_penalty = 1.000, frequency_penalty = 0.000, presence_penalty = 0.000
ollama-1  | 	dry_multiplier = 0.000, dry_base = 1.750, dry_allowed_length = 2, dry_penalty_last_n = 64
ollama-1  | 	top_k = 40, top_p = 0.900, min_p = 0.000, xtc_probability = 0.000, xtc_threshold = 0.100, typical_p = 1.000, top_n_sigma = -1.000, temp = 0.000
ollama-1  | 	mirostat = 0, mirostat_lr = 0.100, mirostat_ent = 5.000, adaptive_target = -1.000, adaptive_decay = 0.900
ollama-1  | slot launch_slot_: id  0 | task 12144 | processing task, is_child = 0
ollama-1  | slot   operator(): id  0 | task 12144 | new prompt, n_ctx_slot = 4096, n_keep = 4, task.n_tokens = 655
ollama-1  | slot   operator(): id  0 | task 12144 | cached n_tokens = 379, memory_seq_rm [379, end)
ollama-1  | slot init_sampler: id  0 | task 12144 | init sampler, took 0.07 ms, tokens: text = 655, total = 655
ollama-1  | slot print_timing: id  0 | task 12144 | prompt eval time =    2049.21 ms /   276 tokens (    7.42 ms per token,   134.69 tokens per second)
ollama-1  | slot print_timing: id  0 | task 12144 |        eval time =     363.78 ms /    11 tokens (   36.38 ms per token,    27.49 tokens per second)
ollama-1  | slot print_timing: id  0 | task 12144 |       total time =    2412.99 ms /   287 tokens
ollama-1  | slot print_timing: id  0 | task 12144 |    graphs reused =       8720
ollama-1  | slot      release: id  0 | task 12144 | stop processing: n_tokens = 665, truncated = 0
ollama-1  | srv  update_slots: all slots are idle
ollama-1  | [GIN] 2026/10/08 - 04:35:26 | 200 | 48.344847226s |      172.21.0.4 | POST     "/api/generate"
ollama-1  | srv  server_strea: conv_id= (empty=1)
ollama-1  | slot get_availabl: id  0 | task -1 |  - checking sim = 0.721 (379/526) > 0.100
ollama-1  | slot get_availabl: id  0 | task -1 | selected slot by LCP similarity, f_sim_best = 0.721 (> 0.100 thold), f_keep = 0.570
ollama-1  | slot launch_slot_: id  0 | task -1 | sampler chain: logits -> ?penalties -> ?dry -> ?top-n-sigma -> top-k -> ?typical -> top-p -> ?min-p -> ?xtc -> temp-ext -> dist 
ollama-1  | slot launch_slot_: id  0 | task -1 | sampler params: 
ollama-1  | 	repeat_last_n = 64, repeat_penalty = 1.000, frequency_penalty = 0.000, presence_penalty = 0.000
ollama-1  | 	dry_multiplier = 0.000, dry_base = 1.750, dry_allowed_length = 2, dry_penalty_last_n = 64
ollama-1  | 	top_k = 40, top_p = 0.900, min_p = 0.000, xtc_probability = 0.000, xtc_threshold = 0.100, typical_p = 1.000, top_n_sigma = -1.000, temp = 0.000
ollama-1  | 	mirostat = 0, mirostat_lr = 0.100, mirostat_ent = 5.000, adaptive_target = -1.000, adaptive_decay = 0.900
ollama-1  | slot launch_slot_: id  0 | task 12156 | processing task, is_child = 0
ollama-1  | slot   operator(): id  0 | task 12156 | new prompt, n_ctx_slot = 4096, n_keep = 4, task.n_tokens = 526
ollama-1  | slot   operator(): id  0 | task 12156 | cached n_tokens = 379, memory_seq_rm [379, end)
ollama-1  | slot init_sampler: id  0 | task 12156 | init sampler, took 0.04 ms, tokens: text = 526, total = 526
ollama-1  | slot print_timing: id  0 | task 12156 | prompt eval time =    1137.72 ms /   147 tokens (    7.74 ms per token,   129.21 tokens per second)
ollama-1  | slot print_timing: id  0 | task 12156 |        eval time =     316.81 ms /     9 tokens (   39.60 ms per token,    25.25 tokens per second)
ollama-1  | slot print_timing: id  0 | task 12156 |       total time =    1454.53 ms /   156 tokens
ollama-1  | slot print_timing: id  0 | task 12156 |    graphs reused =       8727
ollama-1  | slot      release: id  0 | task 12156 | stop processing: n_tokens = 534, truncated = 0
ollama-1  | srv  update_slots: all slots are idle
ollama-1  | [GIN] 2026/10/08 - 04:35:28 | 200 | 49.807090195s |      172.21.0.4 | POST     "/api/generate"
ollama-1  | srv  server_strea: conv_id= (empty=1)
ollama-1  | slot get_availabl: id  0 | task -1 |  - checking sim = 0.852 (379/445) > 0.100
ollama-1  | slot get_availabl: id  0 | task -1 | selected slot by LCP similarity, f_sim_best = 0.852 (> 0.100 thold), f_keep = 0.710
ollama-1  | slot launch_slot_: id  0 | task -1 | sampler chain: logits -> ?penalties -> ?dry -> ?top-n-sigma -> top-k -> ?typical -> top-p -> ?min-p -> ?xtc -> temp-ext -> dist 
ollama-1  | slot launch_slot_: id  0 | task -1 | sampler params: 
ollama-1  | 	repeat_last_n = 64, repeat_penalty = 1.000, frequency_penalty = 0.000, presence_penalty = 0.000
ollama-1  | 	dry_multiplier = 0.000, dry_base = 1.750, dry_allowed_length = 2, dry_penalty_last_n = 64
ollama-1  | 	top_k = 40, top_p = 0.900, min_p = 0.000, xtc_probability = 0.000, xtc_threshold = 0.100, typical_p = 1.000, top_n_sigma = -1.000, temp = 0.000
ollama-1  | 	mirostat = 0, mirostat_lr = 0.100, mirostat_ent = 5.000, adaptive_target = -1.000, adaptive_decay = 0.900
ollama-1  | slot launch_slot_: id  0 | task 12166 | processing task, is_child = 0
ollama-1  | slot   operator(): id  0 | task 12166 | new prompt, n_ctx_slot = 4096, n_keep = 4, task.n_tokens = 445
ollama-1  | slot   operator(): id  0 | task 12166 | cached n_tokens = 379, memory_seq_rm [379, end)
ollama-1  | slot init_sampler: id  0 | task 12166 | init sampler, took 0.06 ms, tokens: text = 445, total = 445
ollama-1  | slot print_timing: id  0 | task 12166 | prompt eval time =     502.40 ms /    66 tokens (    7.61 ms per token,   131.37 tokens per second)
ollama-1  | slot print_timing: id  0 | task 12166 |        eval time =     285.14 ms /     9 tokens (   35.64 ms per token,    28.06 tokens per second)
ollama-1  | slot print_timing: id  0 | task 12166 |       total time =     787.54 ms /    75 tokens
ollama-1  | slot print_timing: id  0 | task 12166 |    graphs reused =       8734
ollama-1  | slot      release: id  0 | task 12166 | stop processing: n_tokens = 453, truncated = 0
ollama-1  | srv  update_slots: all slots are idle
ollama-1  | [GIN] 2026/10/08 - 04:35:29 | 200 | 50.576795562s |      172.21.0.4 | POST     "/api/generate"
ollama-1  | srv  server_strea: conv_id= (empty=1)
ollama-1  | slot get_availabl: id  0 | task -1 |  - checking sim = 0.444 (379/854) > 0.100
ollama-1  | slot get_availabl: id  0 | task -1 | selected slot by LCP similarity, f_sim_best = 0.444 (> 0.100 thold), f_keep = 0.837
ollama-1  | slot launch_slot_: id  0 | task -1 | sampler chain: logits -> ?penalties -> ?dry -> ?top-n-sigma -> top-k -> ?typical -> top-p -> ?min-p -> ?xtc -> temp-ext -> dist 
ollama-1  | slot launch_slot_: id  0 | task -1 | sampler params: 
ollama-1  | 	repeat_last_n = 64, repeat_penalty = 1.000, frequency_penalty = 0.000, presence_penalty = 0.000
ollama-1  | 	dry_multiplier = 0.000, dry_base = 1.750, dry_allowed_length = 2, dry_penalty_last_n = 64
ollama-1  | 	top_k = 40, top_p = 0.900, min_p = 0.000, xtc_probability = 0.000, xtc_threshold = 0.100, typical_p = 1.000, top_n_sigma = -1.000, temp = 0.000
ollama-1  | 	mirostat = 0, mirostat_lr = 0.100, mirostat_ent = 5.000, adaptive_target = -1.000, adaptive_decay = 0.900
ollama-1  | slot launch_slot_: id  0 | task 12176 | processing task, is_child = 0
ollama-1  | slot   operator(): id  0 | task 12176 | new prompt, n_ctx_slot = 4096, n_keep = 4, task.n_tokens = 854
ollama-1  | slot   operator(): id  0 | task 12176 | cached n_tokens = 379, memory_seq_rm [379, end)
ollama-1  | slot init_sampler: id  0 | task 12176 | init sampler, took 0.12 ms, tokens: text = 854, total = 854
ollama-1  | [GIN] 2026/10/08 - 04:35:30 | 200 |      56.285µs |       127.0.0.1 | HEAD     "/"
ollama-1  | [GIN] 2026/10/08 - 04:35:30 | 200 |    1.649303ms |       127.0.0.1 | GET      "/api/tags"
ollama-1  | slot print_timing: id  0 | task 12176 | prompt eval time =    3500.95 ms /   475 tokens (    7.37 ms per token,   135.68 tokens per second)
ollama-1  | slot print_timing: id  0 | task 12176 |        eval time =     292.04 ms /     9 tokens (   36.51 ms per token,    27.39 tokens per second)
ollama-1  | slot print_timing: id  0 | task 12176 |       total time =    3792.99 ms /   484 tokens
ollama-1  | slot print_timing: id  0 | task 12176 |    graphs reused =       8741
ollama-1  | slot      release: id  0 | task 12176 | stop processing: n_tokens = 862, truncated = 0
ollama-1  | srv  update_slots: all slots are idle
ollama-1  | [GIN] 2026/10/08 - 04:35:33 | 200 | 54.377851412s |      172.21.0.4 | POST     "/api/generate"
ollama-1  | srv  server_strea: conv_id= (empty=1)
ollama-1  | slot get_availabl: id  0 | task -1 |  - checking sim = 0.500 (379/758) > 0.100
ollama-1  | slot get_availabl: id  0 | task -1 | selected slot by LCP similarity, f_sim_best = 0.500 (> 0.100 thold), f_keep = 0.440
ollama-1  | srv  get_availabl: updating prompt cache
ollama-1  | srv   prompt_save:  - saving prompt with length 862, total state size = 323.261 MiB (draft: 0.000 MiB)
ollama-1  | srv          load:  - looking for better prompt, base f_keep = 0.440, f_sim = 0.500
ollama-1  | srv          load:    - prompt with length     789, lcp =     379, f_keep = 0.480, f_sim = 0.500
ollama-1  | srv          load:    - prompt with length     890, lcp =     379, f_keep = 0.426, f_sim = 0.500
ollama-1  | srv          load:    - prompt with length     904, lcp =     379, f_keep = 0.419, f_sim = 0.500
ollama-1  | srv          load:    - prompt with length     900, lcp =     379, f_keep = 0.421, f_sim = 0.500
ollama-1  | srv          load:    - prompt with length     840, lcp =     379, f_keep = 0.451, f_sim = 0.500
ollama-1  | srv          load:    - prompt with length     770, lcp =     379, f_keep = 0.492, f_sim = 0.500
ollama-1  | srv          load:    - prompt with length     846, lcp =     379, f_keep = 0.448, f_sim = 0.500
ollama-1  | srv          load:    - prompt with length     827, lcp =     379, f_keep = 0.458, f_sim = 0.500
ollama-1  | srv          load:    - prompt with length     888, lcp =     379, f_keep = 0.427, f_sim = 0.500
ollama-1  | srv          load:    - prompt with length     942, lcp =     379, f_keep = 0.402, f_sim = 0.500
ollama-1  | srv          load:    - prompt with length     835, lcp =     379, f_keep = 0.454, f_sim = 0.500
ollama-1  | srv          load:    - prompt with length     835, lcp =     379, f_keep = 0.454, f_sim = 0.500
ollama-1  | srv          load:    - prompt with length     837, lcp =     379, f_keep = 0.453, f_sim = 0.500
ollama-1  | srv          load:    - prompt with length     810, lcp =     379, f_keep = 0.468, f_sim = 0.500
ollama-1  | srv          load:    - prompt with length     893, lcp =     379, f_keep = 0.424, f_sim = 0.500
ollama-1  | srv          load:    - prompt with length    1243, lcp =     379, f_keep = 0.305, f_sim = 0.500
ollama-1  | srv          load:    - prompt with length     779, lcp =     379, f_keep = 0.487, f_sim = 0.500
ollama-1  | srv          load:    - prompt with length     766, lcp =     379, f_keep = 0.495, f_sim = 0.500
ollama-1  | srv          load:    - prompt with length     813, lcp =     379, f_keep = 0.466, f_sim = 0.500
ollama-1  | srv          load:    - prompt with length     830, lcp =     379, f_keep = 0.457, f_sim = 0.500
ollama-1  | srv          load:    - prompt with length     823, lcp =     379, f_keep = 0.461, f_sim = 0.500
ollama-1  | srv          load:    - prompt with length     764, lcp =     379, f_keep = 0.496, f_sim = 0.500
ollama-1  | srv          load:    - prompt with length     801, lcp =     379, f_keep = 0.473, f_sim = 0.500
ollama-1  | srv          load:    - prompt with length     863, lcp =     379, f_keep = 0.439, f_sim = 0.500
ollama-1  | srv          load:    - prompt with length     862, lcp =     379, f_keep = 0.440, f_sim = 0.500
ollama-1  | srv        update:  - cache state: 25 prompts, 8006.513 MiB (limits: 8192.000 MiB, 4096 tokens, 21844 est)
ollama-1  | srv        update:    - prompt 0x3bd03820:     789 tokens, checkpoints:  0,   295.885 MiB
ollama-1  | srv        update:    - prompt 0x3bd03980:     890 tokens, checkpoints:  0,   333.761 MiB
ollama-1  | srv        update:    - prompt 0x39521940:     904 tokens, checkpoints:  0,   339.011 MiB
ollama-1  | srv        update:    - prompt 0x39903680:     900 tokens, checkpoints:  0,   337.511 MiB
ollama-1  | srv        update:    - prompt 0x3bcf25a0:     840 tokens, checkpoints:  0,   315.010 MiB
ollama-1  | srv        update:    - prompt 0x3bd306b0:     770 tokens, checkpoints:  0,   288.760 MiB
ollama-1  | srv        update:    - prompt 0x3bcf1110:     846 tokens, checkpoints:  0,   317.260 MiB
ollama-1  | srv        update:    - prompt 0x39536010:     827 tokens, checkpoints:  0,   310.135 MiB
ollama-1  | srv        update:    - prompt 0x3bd30760:     888 tokens, checkpoints:  0,   333.011 MiB
ollama-1  | srv        update:    - prompt 0x3beb80b0:     942 tokens, checkpoints:  0,   353.262 MiB
ollama-1  | srv        update:    - prompt 0x3bedb310:     835 tokens, checkpoints:  0,   313.135 MiB
ollama-1  | srv        update:    - prompt 0x39532a60:     835 tokens, checkpoints:  0,   313.135 MiB
ollama-1  | srv        update:    - prompt 0x3bcf2440:     837 tokens, checkpoints:  0,   313.885 MiB
ollama-1  | srv        update:    - prompt 0x3bd038d0:     810 tokens, checkpoints:  0,   303.760 MiB
ollama-1  | srv        update:    - prompt 0x3bd05200:     893 tokens, checkpoints:  0,   334.886 MiB
ollama-1  | srv        update:    - prompt 0x3952d930:    1243 tokens, checkpoints:  0,   466.140 MiB
ollama-1  | srv        update:    - prompt 0x3bd080a0:     779 tokens, checkpoints:  0,   292.135 MiB
ollama-1  | srv        update:    - prompt 0x39544a40:     766 tokens, checkpoints:  0,   287.260 MiB
ollama-1  | srv        update:    - prompt 0x39541bb0:     813 tokens, checkpoints:  0,   304.885 MiB
ollama-1  | srv        update:    - prompt 0x39530080:     830 tokens, checkpoints:  0,   311.260 MiB
ollama-1  | srv        update:    - prompt 0x3990f8f0:     823 tokens, checkpoints:  0,   308.635 MiB
ollama-1  | srv        update:    - prompt 0x39541d10:     764 tokens, checkpoints:  0,   286.509 MiB
ollama-1  | srv        update:    - prompt 0x39541c60:     801 tokens, checkpoints:  0,   300.385 MiB
ollama-1  | srv        update:    - prompt 0x3bd1ec30:     863 tokens, checkpoints:  0,   323.636 MiB
ollama-1  | srv        update:    - prompt 0x3bd27a40:     862 tokens, checkpoints:  0,   323.261 MiB
ollama-1  | srv  get_availabl: prompt cache update took 171.96 ms
ollama-1  | slot launch_slot_: id  0 | task -1 | sampler chain: logits -> ?penalties -> ?dry -> ?top-n-sigma -> top-k -> ?typical -> top-p -> ?min-p -> ?xtc -> temp-ext -> dist 
ollama-1  | slot launch_slot_: id  0 | task -1 | sampler params: 
ollama-1  | 	repeat_last_n = 64, repeat_penalty = 1.000, frequency_penalty = 0.000, presence_penalty = 0.000
ollama-1  | 	dry_multiplier = 0.000, dry_base = 1.750, dry_allowed_length = 2, dry_penalty_last_n = 64
ollama-1  | 	top_k = 40, top_p = 0.900, min_p = 0.000, xtc_probability = 0.000, xtc_threshold = 0.100, typical_p = 1.000, top_n_sigma = -1.000, temp = 0.000
ollama-1  | 	mirostat = 0, mirostat_lr = 0.100, mirostat_ent = 5.000, adaptive_target = -1.000, adaptive_decay = 0.900
ollama-1  | slot launch_slot_: id  0 | task 12186 | processing task, is_child = 0
ollama-1  | slot   operator(): id  0 | task 12186 | new prompt, n_ctx_slot = 4096, n_keep = 4, task.n_tokens = 758
ollama-1  | slot   operator(): id  0 | task 12186 | cached n_tokens = 379, memory_seq_rm [379, end)
ollama-1  | slot init_sampler: id  0 | task 12186 | init sampler, took 0.08 ms, tokens: text = 758, total = 758
ollama-1  | slot print_timing: id  0 | task 12186 | prompt eval time =    2786.76 ms /   379 tokens (    7.35 ms per token,   136.00 tokens per second)
ollama-1  | slot print_timing: id  0 | task 12186 |        eval time =     327.91 ms /    10 tokens (   36.43 ms per token,    27.45 tokens per second)
ollama-1  | slot print_timing: id  0 | task 12186 |       total time =    3114.66 ms /   389 tokens
ollama-1  | slot print_timing: id  0 | task 12186 |    graphs reused =       8749
ollama-1  | slot      release: id  0 | task 12186 | stop processing: n_tokens = 767, truncated = 0
ollama-1  | srv  update_slots: all slots are idle
ollama-1  | [GIN] 2026/10/08 - 04:35:36 | 200 |  57.66404853s |      172.21.0.4 | POST     "/api/generate"
ollama-1  | srv  server_strea: conv_id= (empty=1)
ollama-1  | slot get_availabl: id  0 | task -1 |  - checking sim = 0.618 (379/613) > 0.100
ollama-1  | slot get_availabl: id  0 | task -1 | selected slot by LCP similarity, f_sim_best = 0.618 (> 0.100 thold), f_keep = 0.494
ollama-1  | srv  get_availabl: updating prompt cache
ollama-1  | srv   prompt_save:  - saving prompt with length 767, total state size = 287.635 MiB (draft: 0.000 MiB)
ollama-1  | srv         alloc:  - making room for prompt cache entry, removing oldest entry (size = 295.885 MiB)
ollama-1  | srv          load:  - looking for better prompt, base f_keep = 0.494, f_sim = 0.618
ollama-1  | srv          load:    - prompt with length     890, lcp =     379, f_keep = 0.426, f_sim = 0.618
ollama-1  | srv          load:    - prompt with length     904, lcp =     379, f_keep = 0.419, f_sim = 0.618
ollama-1  | srv          load:    - prompt with length     900, lcp =     379, f_keep = 0.421, f_sim = 0.618
ollama-1  | srv          load:    - prompt with length     840, lcp =     379, f_keep = 0.451, f_sim = 0.618
ollama-1  | srv          load:    - prompt with length     770, lcp =     379, f_keep = 0.492, f_sim = 0.618
ollama-1  | srv          load:    - prompt with length     846, lcp =     379, f_keep = 0.448, f_sim = 0.618
ollama-1  | srv          load:    - prompt with length     827, lcp =     379, f_keep = 0.458, f_sim = 0.618
ollama-1  | srv          load:    - prompt with length     888, lcp =     379, f_keep = 0.427, f_sim = 0.618
ollama-1  | srv          load:    - prompt with length     942, lcp =     379, f_keep = 0.402, f_sim = 0.618
ollama-1  | srv          load:    - prompt with length     835, lcp =     379, f_keep = 0.454, f_sim = 0.618
ollama-1  | srv          load:    - prompt with length     835, lcp =     379, f_keep = 0.454, f_sim = 0.618
ollama-1  | srv          load:    - prompt with length     837, lcp =     379, f_keep = 0.453, f_sim = 0.618
ollama-1  | srv          load:    - prompt with length     810, lcp =     379, f_keep = 0.468, f_sim = 0.618
ollama-1  | srv          load:    - prompt with length     893, lcp =     379, f_keep = 0.424, f_sim = 0.618
ollama-1  | srv          load:    - prompt with length    1243, lcp =     379, f_keep = 0.305, f_sim = 0.618
ollama-1  | srv          load:    - prompt with length     779, lcp =     379, f_keep = 0.487, f_sim = 0.618
ollama-1  | srv          load:    - prompt with length     766, lcp =     379, f_keep = 0.495, f_sim = 0.618
ollama-1  | srv          load:    - prompt with length     813, lcp =     379, f_keep = 0.466, f_sim = 0.618
ollama-1  | srv          load:    - prompt with length     830, lcp =     379, f_keep = 0.457, f_sim = 0.618
ollama-1  | srv          load:    - prompt with length     823, lcp =     379, f_keep = 0.461, f_sim = 0.618
ollama-1  | srv          load:    - prompt with length     764, lcp =     379, f_keep = 0.496, f_sim = 0.618
ollama-1  | srv          load:    - prompt with length     801, lcp =     379, f_keep = 0.473, f_sim = 0.618
ollama-1  | srv          load:    - prompt with length     863, lcp =     379, f_keep = 0.439, f_sim = 0.618
ollama-1  | srv          load:    - prompt with length     862, lcp =     379, f_keep = 0.440, f_sim = 0.618
ollama-1  | srv          load:    - prompt with length     767, lcp =     379, f_keep = 0.494, f_sim = 0.618
ollama-1  | srv        update:  - cache state: 25 prompts, 7998.263 MiB (limits: 8192.000 MiB, 4096 tokens, 21844 est)
ollama-1  | srv        update:    - prompt 0x3bd03980:     890 tokens, checkpoints:  0,   333.761 MiB
ollama-1  | srv        update:    - prompt 0x39521940:     904 tokens, checkpoints:  0,   339.011 MiB
ollama-1  | srv        update:    - prompt 0x39903680:     900 tokens, checkpoints:  0,   337.511 MiB
ollama-1  | srv        update:    - prompt 0x3bcf25a0:     840 tokens, checkpoints:  0,   315.010 MiB
ollama-1  | srv        update:    - prompt 0x3bd306b0:     770 tokens, checkpoints:  0,   288.760 MiB
ollama-1  | srv        update:    - prompt 0x3bcf1110:     846 tokens, checkpoints:  0,   317.260 MiB
ollama-1  | srv        update:    - prompt 0x39536010:     827 tokens, checkpoints:  0,   310.135 MiB
ollama-1  | srv        update:    - prompt 0x3bd30760:     888 tokens, checkpoints:  0,   333.011 MiB
ollama-1  | srv        update:    - prompt 0x3beb80b0:     942 tokens, checkpoints:  0,   353.262 MiB
ollama-1  | srv        update:    - prompt 0x3bedb310:     835 tokens, checkpoints:  0,   313.135 MiB
ollama-1  | srv        update:    - prompt 0x39532a60:     835 tokens, checkpoints:  0,   313.135 MiB
ollama-1  | srv        update:    - prompt 0x3bcf2440:     837 tokens, checkpoints:  0,   313.885 MiB
ollama-1  | srv        update:    - prompt 0x3bd038d0:     810 tokens, checkpoints:  0,   303.760 MiB
ollama-1  | srv        update:    - prompt 0x3bd05200:     893 tokens, checkpoints:  0,   334.886 MiB
ollama-1  | srv        update:    - prompt 0x3952d930:    1243 tokens, checkpoints:  0,   466.140 MiB
ollama-1  | srv        update:    - prompt 0x3bd080a0:     779 tokens, checkpoints:  0,   292.135 MiB
ollama-1  | srv        update:    - prompt 0x39544a40:     766 tokens, checkpoints:  0,   287.260 MiB
ollama-1  | srv        update:    - prompt 0x39541bb0:     813 tokens, checkpoints:  0,   304.885 MiB
ollama-1  | srv        update:    - prompt 0x39530080:     830 tokens, checkpoints:  0,   311.260 MiB
ollama-1  | srv        update:    - prompt 0x3990f8f0:     823 tokens, checkpoints:  0,   308.635 MiB
ollama-1  | srv        update:    - prompt 0x39541d10:     764 tokens, checkpoints:  0,   286.509 MiB
ollama-1  | srv        update:    - prompt 0x39541c60:     801 tokens, checkpoints:  0,   300.385 MiB
ollama-1  | srv        update:    - prompt 0x3bd1ec30:     863 tokens, checkpoints:  0,   323.636 MiB
ollama-1  | srv        update:    - prompt 0x3bd27a40:     862 tokens, checkpoints:  0,   323.261 MiB
ollama-1  | srv        update:    - prompt 0x3bd03820:     767 tokens, checkpoints:  0,   287.635 MiB
ollama-1  | srv  get_availabl: prompt cache update took 125.67 ms
ollama-1  | slot launch_slot_: id  0 | task -1 | sampler chain: logits -> ?penalties -> ?dry -> ?top-n-sigma -> top-k -> ?typical -> top-p -> ?min-p -> ?xtc -> temp-ext -> dist 
ollama-1  | slot launch_slot_: id  0 | task -1 | sampler params: 
ollama-1  | 	repeat_last_n = 64, repeat_penalty = 1.000, frequency_penalty = 0.000, presence_penalty = 0.000
ollama-1  | 	dry_multiplier = 0.000, dry_base = 1.750, dry_allowed_length = 2, dry_penalty_last_n = 64
ollama-1  | 	top_k = 40, top_p = 0.900, min_p = 0.000, xtc_probability = 0.000, xtc_threshold = 0.100, typical_p = 1.000, top_n_sigma = -1.000, temp = 0.000
ollama-1  | 	mirostat = 0, mirostat_lr = 0.100, mirostat_ent = 5.000, adaptive_target = -1.000, adaptive_decay = 0.900
ollama-1  | slot launch_slot_: id  0 | task 12197 | processing task, is_child = 0
ollama-1  | slot   operator(): id  0 | task 12197 | new prompt, n_ctx_slot = 4096, n_keep = 4, task.n_tokens = 613
ollama-1  | slot   operator(): id  0 | task 12197 | cached n_tokens = 379, memory_seq_rm [379, end)
ollama-1  | slot init_sampler: id  0 | task 12197 | init sampler, took 0.04 ms, tokens: text = 613, total = 613
ollama-1  | slot print_timing: id  0 | task 12197 | prompt eval time =    1720.75 ms /   234 tokens (    7.35 ms per token,   135.99 tokens per second)
ollama-1  | slot print_timing: id  0 | task 12197 |        eval time =     290.95 ms /     9 tokens (   36.37 ms per token,    27.50 tokens per second)
ollama-1  | slot print_timing: id  0 | task 12197 |       total time =    2011.70 ms /   243 tokens
ollama-1  | slot print_timing: id  0 | task 12197 |    graphs reused =       8756
ollama-1  | slot      release: id  0 | task 12197 | stop processing: n_tokens = 621, truncated = 0
ollama-1  | srv  update_slots: all slots are idle
ollama-1  | [GIN] 2026/10/08 - 04:35:38 | 200 |  59.80052107s |      172.21.0.4 | POST     "/api/generate"
ollama-1  | srv  server_strea: conv_id= (empty=1)
ollama-1  | slot get_availabl: id  0 | task -1 |  - checking sim = 0.565 (379/671) > 0.100
ollama-1  | slot get_availabl: id  0 | task -1 | selected slot by LCP similarity, f_sim_best = 0.565 (> 0.100 thold), f_keep = 0.610
ollama-1  | slot launch_slot_: id  0 | task -1 | sampler chain: logits -> ?penalties -> ?dry -> ?top-n-sigma -> top-k -> ?typical -> top-p -> ?min-p -> ?xtc -> temp-ext -> dist 
ollama-1  | slot launch_slot_: id  0 | task -1 | sampler params: 
ollama-1  | 	repeat_last_n = 64, repeat_penalty = 1.000, frequency_penalty = 0.000, presence_penalty = 0.000
ollama-1  | 	dry_multiplier = 0.000, dry_base = 1.750, dry_allowed_length = 2, dry_penalty_last_n = 64
ollama-1  | 	top_k = 40, top_p = 0.900, min_p = 0.000, xtc_probability = 0.000, xtc_threshold = 0.100, typical_p = 1.000, top_n_sigma = -1.000, temp = 0.000
ollama-1  | 	mirostat = 0, mirostat_lr = 0.100, mirostat_ent = 5.000, adaptive_target = -1.000, adaptive_decay = 0.900
ollama-1  | slot launch_slot_: id  0 | task 12207 | processing task, is_child = 0
ollama-1  | slot   operator(): id  0 | task 12207 | new prompt, n_ctx_slot = 4096, n_keep = 4, task.n_tokens = 671
ollama-1  | slot   operator(): id  0 | task 12207 | cached n_tokens = 379, memory_seq_rm [379, end)
ollama-1  | slot init_sampler: id  0 | task 12207 | init sampler, took 0.07 ms, tokens: text = 671, total = 671
ollama-1  | [GIN] 2026/10/08 - 04:35:40 | 200 |      24.637µs |       127.0.0.1 | HEAD     "/"
ollama-1  | [GIN] 2026/10/08 - 04:35:40 | 200 |    1.179655ms |       127.0.0.1 | GET      "/api/tags"
ollama-1  | slot print_timing: id  0 | task 12207 | prompt eval time =    2144.52 ms /   292 tokens (    7.34 ms per token,   136.16 tokens per second)
ollama-1  | slot print_timing: id  0 | task 12207 |        eval time =     317.05 ms /    10 tokens (   35.23 ms per token,    28.39 tokens per second)
ollama-1  | slot print_timing: id  0 | task 12207 |       total time =    2461.56 ms /   302 tokens
ollama-1  | slot print_timing: id  0 | task 12207 |    graphs reused =       8764
ollama-1  | slot      release: id  0 | task 12207 | stop processing: n_tokens = 680, truncated = 0
ollama-1  | srv  update_slots: all slots are idle
ollama-1  | [GIN] 2026/10/08 - 04:35:40 | 200 |          1m2s |      172.21.0.4 | POST     "/api/generate"
ollama-1  | srv  server_strea: conv_id= (empty=1)
ollama-1  | slot get_availabl: id  0 | task -1 |  - checking sim = 0.664 (379/571) > 0.100
ollama-1  | slot get_availabl: id  0 | task -1 | selected slot by LCP similarity, f_sim_best = 0.664 (> 0.100 thold), f_keep = 0.557
ollama-1  | slot launch_slot_: id  0 | task -1 | sampler chain: logits -> ?penalties -> ?dry -> ?top-n-sigma -> top-k -> ?typical -> top-p -> ?min-p -> ?xtc -> temp-ext -> dist 
ollama-1  | slot launch_slot_: id  0 | task -1 | sampler params: 
ollama-1  | 	repeat_last_n = 64, repeat_penalty = 1.000, frequency_penalty = 0.000, presence_penalty = 0.000
ollama-1  | 	dry_multiplier = 0.000, dry_base = 1.750, dry_allowed_length = 2, dry_penalty_last_n = 64
ollama-1  | 	top_k = 40, top_p = 0.900, min_p = 0.000, xtc_probability = 0.000, xtc_threshold = 0.100, typical_p = 1.000, top_n_sigma = -1.000, temp = 0.000
ollama-1  | 	mirostat = 0, mirostat_lr = 0.100, mirostat_ent = 5.000, adaptive_target = -1.000, adaptive_decay = 0.900
ollama-1  | slot launch_slot_: id  0 | task 12218 | processing task, is_child = 0
ollama-1  | slot   operator(): id  0 | task 12218 | new prompt, n_ctx_slot = 4096, n_keep = 4, task.n_tokens = 571
ollama-1  | slot   operator(): id  0 | task 12218 | cached n_tokens = 379, memory_seq_rm [379, end)
ollama-1  | slot init_sampler: id  0 | task 12218 | init sampler, took 0.06 ms, tokens: text = 571, total = 571
ollama-1  | slot print_timing: id  0 | task 12218 | prompt eval time =    1434.99 ms /   192 tokens (    7.47 ms per token,   133.80 tokens per second)
ollama-1  | slot print_timing: id  0 | task 12218 |        eval time =     280.31 ms /     9 tokens (   35.04 ms per token,    28.54 tokens per second)
ollama-1  | slot print_timing: id  0 | task 12218 |       total time =    1715.30 ms /   201 tokens
ollama-1  | slot print_timing: id  0 | task 12218 |    graphs reused =       8771
ollama-1  | slot      release: id  0 | task 12218 | stop processing: n_tokens = 579, truncated = 0
ollama-1  | srv  update_slots: all slots are idle
ollama-1  | [GIN] 2026/10/08 - 04:35:42 | 200 |          1m3s |      172.21.0.4 | POST     "/api/generate"
ollama-1  | srv  server_strea: conv_id= (empty=1)
ollama-1  | slot get_availabl: id  0 | task -1 |  - checking sim = 0.657 (379/577) > 0.100
ollama-1  | slot get_availabl: id  0 | task -1 | selected slot by LCP similarity, f_sim_best = 0.657 (> 0.100 thold), f_keep = 0.655
ollama-1  | slot launch_slot_: id  0 | task -1 | sampler chain: logits -> ?penalties -> ?dry -> ?top-n-sigma -> top-k -> ?typical -> top-p -> ?min-p -> ?xtc -> temp-ext -> dist 
ollama-1  | slot launch_slot_: id  0 | task -1 | sampler params: 
ollama-1  | 	repeat_last_n = 64, repeat_penalty = 1.000, frequency_penalty = 0.000, presence_penalty = 0.000
ollama-1  | 	dry_multiplier = 0.000, dry_base = 1.750, dry_allowed_length = 2, dry_penalty_last_n = 64
ollama-1  | 	top_k = 40, top_p = 0.900, min_p = 0.000, xtc_probability = 0.000, xtc_threshold = 0.100, typical_p = 1.000, top_n_sigma = -1.000, temp = 0.000
ollama-1  | 	mirostat = 0, mirostat_lr = 0.100, mirostat_ent = 5.000, adaptive_target = -1.000, adaptive_decay = 0.900
ollama-1  | slot launch_slot_: id  0 | task 12228 | processing task, is_child = 0
ollama-1  | slot   operator(): id  0 | task 12228 | new prompt, n_ctx_slot = 4096, n_keep = 4, task.n_tokens = 577
ollama-1  | slot   operator(): id  0 | task 12228 | cached n_tokens = 379, memory_seq_rm [379, end)
ollama-1  | slot init_sampler: id  0 | task 12228 | init sampler, took 0.04 ms, tokens: text = 577, total = 577
ollama-1  | slot print_timing: id  0 | task 12228 | prompt eval time =    1467.44 ms /   198 tokens (    7.41 ms per token,   134.93 tokens per second)
ollama-1  | slot print_timing: id  0 | task 12228 |        eval time =     328.96 ms /    10 tokens (   36.55 ms per token,    27.36 tokens per second)
ollama-1  | slot print_timing: id  0 | task 12228 |       total time =    1796.40 ms /   208 tokens
ollama-1  | slot print_timing: id  0 | task 12228 |    graphs reused =       8779
ollama-1  | slot      release: id  0 | task 12228 | stop processing: n_tokens = 586, truncated = 0
ollama-1  | srv  update_slots: all slots are idle
ollama-1  | [GIN] 2026/10/08 - 04:35:44 | 200 |          1m5s |      172.21.0.4 | POST     "/api/generate"
ollama-1  | srv  server_strea: conv_id= (empty=1)
ollama-1  | slot get_availabl: id  0 | task -1 |  - checking sim = 0.622 (379/609) > 0.100
ollama-1  | slot get_availabl: id  0 | task -1 | selected slot by LCP similarity, f_sim_best = 0.622 (> 0.100 thold), f_keep = 0.647
ollama-1  | slot launch_slot_: id  0 | task -1 | sampler chain: logits -> ?penalties -> ?dry -> ?top-n-sigma -> top-k -> ?typical -> top-p -> ?min-p -> ?xtc -> temp-ext -> dist 
ollama-1  | slot launch_slot_: id  0 | task -1 | sampler params: 
ollama-1  | 	repeat_last_n = 64, repeat_penalty = 1.000, frequency_penalty = 0.000, presence_penalty = 0.000
ollama-1  | 	dry_multiplier = 0.000, dry_base = 1.750, dry_allowed_length = 2, dry_penalty_last_n = 64
ollama-1  | 	top_k = 40, top_p = 0.900, min_p = 0.000, xtc_probability = 0.000, xtc_threshold = 0.100, typical_p = 1.000, top_n_sigma = -1.000, temp = 0.000
ollama-1  | 	mirostat = 0, mirostat_lr = 0.100, mirostat_ent = 5.000, adaptive_target = -1.000, adaptive_decay = 0.900
ollama-1  | slot launch_slot_: id  0 | task 12239 | processing task, is_child = 0
ollama-1  | slot   operator(): id  0 | task 12239 | new prompt, n_ctx_slot = 4096, n_keep = 4, task.n_tokens = 609
ollama-1  | slot   operator(): id  0 | task 12239 | cached n_tokens = 379, memory_seq_rm [379, end)
ollama-1  | slot init_sampler: id  0 | task 12239 | init sampler, took 0.06 ms, tokens: text = 609, total = 609
ollama-1  | slot print_timing: id  0 | task 12239 | prompt eval time =    1701.59 ms /   230 tokens (    7.40 ms per token,   135.17 tokens per second)
ollama-1  | slot print_timing: id  0 | task 12239 |        eval time =     292.31 ms /     9 tokens (   36.54 ms per token,    27.37 tokens per second)
ollama-1  | slot print_timing: id  0 | task 12239 |       total time =    1993.89 ms /   239 tokens
ollama-1  | slot print_timing: id  0 | task 12239 |    graphs reused =       8786
ollama-1  | slot      release: id  0 | task 12239 | stop processing: n_tokens = 617, truncated = 0
ollama-1  | srv  update_slots: all slots are idle
ollama-1  | [GIN] 2026/10/08 - 04:35:46 | 200 |          1m7s |      172.21.0.4 | POST     "/api/generate"
ollama-1  | srv  server_strea: conv_id= (empty=1)
ollama-1  | slot get_availabl: id  0 | task -1 |  - checking sim = 0.815 (379/465) > 0.100
ollama-1  | slot get_availabl: id  0 | task -1 | selected slot by LCP similarity, f_sim_best = 0.815 (> 0.100 thold), f_keep = 0.614
ollama-1  | slot launch_slot_: id  0 | task -1 | sampler chain: logits -> ?penalties -> ?dry -> ?top-n-sigma -> top-k -> ?typical -> top-p -> ?min-p -> ?xtc -> temp-ext -> dist 
ollama-1  | slot launch_slot_: id  0 | task -1 | sampler params: 
ollama-1  | 	repeat_last_n = 64, repeat_penalty = 1.000, frequency_penalty = 0.000, presence_penalty = 0.000
ollama-1  | 	dry_multiplier = 0.000, dry_base = 1.750, dry_allowed_length = 2, dry_penalty_last_n = 64
ollama-1  | 	top_k = 40, top_p = 0.900, min_p = 0.000, xtc_probability = 0.000, xtc_threshold = 0.100, typical_p = 1.000, top_n_sigma = -1.000, temp = 0.000
ollama-1  | 	mirostat = 0, mirostat_lr = 0.100, mirostat_ent = 5.000, adaptive_target = -1.000, adaptive_decay = 0.900
ollama-1  | slot launch_slot_: id  0 | task 12249 | processing task, is_child = 0
ollama-1  | slot   operator(): id  0 | task 12249 | new prompt, n_ctx_slot = 4096, n_keep = 4, task.n_tokens = 465
ollama-1  | slot   operator(): id  0 | task 12249 | cached n_tokens = 379, memory_seq_rm [379, end)
ollama-1  | slot init_sampler: id  0 | task 12249 | init sampler, took 0.04 ms, tokens: text = 465, total = 465
ollama-1  | slot print_timing: id  0 | task 12249 | prompt eval time =     659.09 ms /    86 tokens (    7.66 ms per token,   130.48 tokens per second)
ollama-1  | slot print_timing: id  0 | task 12249 |        eval time =     273.37 ms /     9 tokens (   34.17 ms per token,    29.26 tokens per second)
ollama-1  | slot print_timing: id  0 | task 12249 |       total time =     932.46 ms /    95 tokens
ollama-1  | slot print_timing: id  0 | task 12249 |    graphs reused =       8793
ollama-1  | slot      release: id  0 | task 12249 | stop processing: n_tokens = 473, truncated = 0
ollama-1  | srv  update_slots: all slots are idle
ollama-1  | [GIN] 2026/10/08 - 04:35:47 | 200 |  48.89247109s |      172.21.0.4 | POST     "/api/generate"
ollama-1  | srv  server_strea: conv_id= (empty=1)
ollama-1  | slot get_availabl: id  0 | task -1 |  - checking sim = 0.817 (379/464) > 0.100
ollama-1  | slot get_availabl: id  0 | task -1 | selected slot by LCP similarity, f_sim_best = 0.817 (> 0.100 thold), f_keep = 0.801
ollama-1  | slot launch_slot_: id  0 | task -1 | sampler chain: logits -> ?penalties -> ?dry -> ?top-n-sigma -> top-k -> ?typical -> top-p -> ?min-p -> ?xtc -> temp-ext -> dist 
ollama-1  | slot launch_slot_: id  0 | task -1 | sampler params: 
ollama-1  | 	repeat_last_n = 64, repeat_penalty = 1.000, frequency_penalty = 0.000, presence_penalty = 0.000
ollama-1  | 	dry_multiplier = 0.000, dry_base = 1.750, dry_allowed_length = 2, dry_penalty_last_n = 64
ollama-1  | 	top_k = 40, top_p = 0.900, min_p = 0.000, xtc_probability = 0.000, xtc_threshold = 0.100, typical_p = 1.000, top_n_sigma = -1.000, temp = 0.000
ollama-1  | 	mirostat = 0, mirostat_lr = 0.100, mirostat_ent = 5.000, adaptive_target = -1.000, adaptive_decay = 0.900
ollama-1  | slot launch_slot_: id  0 | task 12259 | processing task, is_child = 0
ollama-1  | slot   operator(): id  0 | task 12259 | new prompt, n_ctx_slot = 4096, n_keep = 4, task.n_tokens = 464
ollama-1  | slot   operator(): id  0 | task 12259 | cached n_tokens = 379, memory_seq_rm [379, end)
ollama-1  | slot init_sampler: id  0 | task 12259 | init sampler, took 0.04 ms, tokens: text = 464, total = 464
ollama-1  | slot print_timing: id  0 | task 12259 | prompt eval time =     672.02 ms /    85 tokens (    7.91 ms per token,   126.48 tokens per second)
ollama-1  | slot print_timing: id  0 | task 12259 |        eval time =     343.01 ms /    11 tokens (   34.30 ms per token,    29.15 tokens per second)
ollama-1  | slot print_timing: id  0 | task 12259 |       total time =    1015.03 ms /    96 tokens
ollama-1  | slot print_timing: id  0 | task 12259 |    graphs reused =       8802
ollama-1  | slot      release: id  0 | task 12259 | stop processing: n_tokens = 474, truncated = 0
ollama-1  | srv  update_slots: all slots are idle
ollama-1  | [GIN] 2026/10/08 - 04:35:48 | 200 | 36.588755667s |      172.21.0.4 | POST     "/api/generate"
ollama-1  | srv  server_strea: conv_id= (empty=1)
ollama-1  | slot get_availabl: id  0 | task -1 |  - checking sim = 0.764 (379/496) > 0.100
ollama-1  | slot get_availabl: id  0 | task -1 | selected slot by LCP similarity, f_sim_best = 0.764 (> 0.100 thold), f_keep = 0.800
ollama-1  | slot launch_slot_: id  0 | task -1 | sampler chain: logits -> ?penalties -> ?dry -> ?top-n-sigma -> top-k -> ?typical -> top-p -> ?min-p -> ?xtc -> temp-ext -> dist 
ollama-1  | slot launch_slot_: id  0 | task -1 | sampler params: 
ollama-1  | 	repeat_last_n = 64, repeat_penalty = 1.000, frequency_penalty = 0.000, presence_penalty = 0.000
ollama-1  | 	dry_multiplier = 0.000, dry_base = 1.750, dry_allowed_length = 2, dry_penalty_last_n = 64
ollama-1  | 	top_k = 40, top_p = 0.900, min_p = 0.000, xtc_probability = 0.000, xtc_threshold = 0.100, typical_p = 1.000, top_n_sigma = -1.000, temp = 0.000
ollama-1  | 	mirostat = 0, mirostat_lr = 0.100, mirostat_ent = 5.000, adaptive_target = -1.000, adaptive_decay = 0.900
ollama-1  | slot launch_slot_: id  0 | task 12271 | processing task, is_child = 0
ollama-1  | slot   operator(): id  0 | task 12271 | new prompt, n_ctx_slot = 4096, n_keep = 4, task.n_tokens = 496
ollama-1  | slot   operator(): id  0 | task 12271 | cached n_tokens = 379, memory_seq_rm [379, end)
ollama-1  | slot init_sampler: id  0 | task 12271 | init sampler, took 0.05 ms, tokens: text = 496, total = 496
ollama-1  | slot print_timing: id  0 | task 12271 | prompt eval time =     893.12 ms /   117 tokens (    7.63 ms per token,   131.00 tokens per second)
ollama-1  | slot print_timing: id  0 | task 12271 |        eval time =     268.86 ms /     9 tokens (   33.61 ms per token,    29.76 tokens per second)
ollama-1  | slot print_timing: id  0 | task 12271 |       total time =    1161.98 ms /   126 tokens
ollama-1  | slot print_timing: id  0 | task 12271 |    graphs reused =       8809
ollama-1  | slot      release: id  0 | task 12271 | stop processing: n_tokens = 504, truncated = 0
ollama-1  | srv  update_slots: all slots are idle
ollama-1  | [GIN] 2026/10/08 - 04:35:49 | 200 | 36.396127346s |      172.21.0.4 | POST     "/api/generate"
ollama-1  | srv  server_strea: conv_id= (empty=1)
ollama-1  | slot get_availabl: id  0 | task -1 |  - checking sim = 0.616 (380/617) > 0.100
ollama-1  | slot get_availabl: id  0 | task -1 | selected slot by LCP similarity, f_sim_best = 0.616 (> 0.100 thold), f_keep = 0.754
ollama-1  | slot launch_slot_: id  0 | task -1 | sampler chain: logits -> ?penalties -> ?dry -> ?top-n-sigma -> top-k -> ?typical -> top-p -> ?min-p -> ?xtc -> temp-ext -> dist 
ollama-1  | slot launch_slot_: id  0 | task -1 | sampler params: 
ollama-1  | 	repeat_last_n = 64, repeat_penalty = 1.000, frequency_penalty = 0.000, presence_penalty = 0.000
ollama-1  | 	dry_multiplier = 0.000, dry_base = 1.750, dry_allowed_length = 2, dry_penalty_last_n = 64
ollama-1  | 	top_k = 40, top_p = 0.900, min_p = 0.000, xtc_probability = 0.000, xtc_threshold = 0.100, typical_p = 1.000, top_n_sigma = -1.000, temp = 0.000
ollama-1  | 	mirostat = 0, mirostat_lr = 0.100, mirostat_ent = 5.000, adaptive_target = -1.000, adaptive_decay = 0.900
ollama-1  | slot launch_slot_: id  0 | task 12281 | processing task, is_child = 0
ollama-1  | slot   operator(): id  0 | task 12281 | new prompt, n_ctx_slot = 4096, n_keep = 4, task.n_tokens = 617
ollama-1  | slot   operator(): id  0 | task 12281 | cached n_tokens = 380, memory_seq_rm [380, end)
ollama-1  | slot init_sampler: id  0 | task 12281 | init sampler, took 0.07 ms, tokens: text = 617, total = 617
ollama-1  | [GIN] 2026/10/08 - 04:35:50 | 200 |      30.888µs |       127.0.0.1 | HEAD     "/"
ollama-1  | [GIN] 2026/10/08 - 04:35:50 | 200 |     824.717µs |       127.0.0.1 | GET      "/api/tags"
ollama-1  | slot print_timing: id  0 | task 12281 | prompt eval time =    1761.94 ms /   237 tokens (    7.43 ms per token,   134.51 tokens per second)
ollama-1  | slot print_timing: id  0 | task 12281 |        eval time =     345.79 ms /    11 tokens (   34.58 ms per token,    28.92 tokens per second)
ollama-1  | slot print_timing: id  0 | task 12281 |       total time =    2107.73 ms /   248 tokens
ollama-1  | slot print_timing: id  0 | task 12281 |    graphs reused =       8818
ollama-1  | slot      release: id  0 | task 12281 | stop processing: n_tokens = 627, truncated = 0
ollama-1  | srv  update_slots: all slots are idle
ollama-1  | [GIN] 2026/10/08 - 04:35:51 | 200 | 37.223436847s |      172.21.0.4 | POST     "/api/generate"
ollama-1  | srv  server_strea: conv_id= (empty=1)
ollama-1  | slot get_availabl: id  0 | task -1 |  - checking sim = 0.623 (379/608) > 0.100
ollama-1  | slot get_availabl: id  0 | task -1 | selected slot by LCP similarity, f_sim_best = 0.623 (> 0.100 thold), f_keep = 0.604
ollama-1  | slot launch_slot_: id  0 | task -1 | sampler chain: logits -> ?penalties -> ?dry -> ?top-n-sigma -> top-k -> ?typical -> top-p -> ?min-p -> ?xtc -> temp-ext -> dist 
ollama-1  | slot launch_slot_: id  0 | task -1 | sampler params: 
ollama-1  | 	repeat_last_n = 64, repeat_penalty = 1.000, frequency_penalty = 0.000, presence_penalty = 0.000
ollama-1  | 	dry_multiplier = 0.000, dry_base = 1.750, dry_allowed_length = 2, dry_penalty_last_n = 64
ollama-1  | 	top_k = 40, top_p = 0.900, min_p = 0.000, xtc_probability = 0.000, xtc_threshold = 0.100, typical_p = 1.000, top_n_sigma = -1.000, temp = 0.000
ollama-1  | 	mirostat = 0, mirostat_lr = 0.100, mirostat_ent = 5.000, adaptive_target = -1.000, adaptive_decay = 0.900
ollama-1  | slot launch_slot_: id  0 | task 12293 | processing task, is_child = 0
ollama-1  | slot   operator(): id  0 | task 12293 | new prompt, n_ctx_slot = 4096, n_keep = 4, task.n_tokens = 608
ollama-1  | slot   operator(): id  0 | task 12293 | cached n_tokens = 379, memory_seq_rm [379, end)
ollama-1  | slot init_sampler: id  0 | task 12293 | init sampler, took 0.05 ms, tokens: text = 608, total = 608
ollama-1  | slot print_timing: id  0 | task 12293 | prompt eval time =    1731.67 ms /   229 tokens (    7.56 ms per token,   132.24 tokens per second)
ollama-1  | slot print_timing: id  0 | task 12293 |        eval time =     290.66 ms /     9 tokens (   36.33 ms per token,    27.52 tokens per second)
ollama-1  | slot print_timing: id  0 | task 12293 |       total time =    2022.33 ms /   238 tokens
ollama-1  | slot print_timing: id  0 | task 12293 |    graphs reused =       8825
ollama-1  | slot      release: id  0 | task 12293 | stop processing: n_tokens = 616, truncated = 0
ollama-1  | srv  update_slots: all slots are idle
ollama-1  | [GIN] 2026/10/08 - 04:35:54 | 200 |  38.32607743s |      172.21.0.4 | POST     "/api/generate"
ollama-1  | srv  server_strea: conv_id= (empty=1)
ollama-1  | slot get_availabl: id  0 | task -1 |  - checking sim = 0.539 (379/703) > 0.100
ollama-1  | slot get_availabl: id  0 | task -1 | selected slot by LCP similarity, f_sim_best = 0.539 (> 0.100 thold), f_keep = 0.615
ollama-1  | slot launch_slot_: id  0 | task -1 | sampler chain: logits -> ?penalties -> ?dry -> ?top-n-sigma -> top-k -> ?typical -> top-p -> ?min-p -> ?xtc -> temp-ext -> dist 
ollama-1  | slot launch_slot_: id  0 | task -1 | sampler params: 
ollama-1  | 	repeat_last_n = 64, repeat_penalty = 1.000, frequency_penalty = 0.000, presence_penalty = 0.000
ollama-1  | 	dry_multiplier = 0.000, dry_base = 1.750, dry_allowed_length = 2, dry_penalty_last_n = 64
ollama-1  | 	top_k = 40, top_p = 0.900, min_p = 0.000, xtc_probability = 0.000, xtc_threshold = 0.100, typical_p = 1.000, top_n_sigma = -1.000, temp = 0.000
ollama-1  | 	mirostat = 0, mirostat_lr = 0.100, mirostat_ent = 5.000, adaptive_target = -1.000, adaptive_decay = 0.900
ollama-1  | slot launch_slot_: id  0 | task 12303 | processing task, is_child = 0
ollama-1  | slot   operator(): id  0 | task 12303 | new prompt, n_ctx_slot = 4096, n_keep = 4, task.n_tokens = 703
ollama-1  | slot   operator(): id  0 | task 12303 | cached n_tokens = 379, memory_seq_rm [379, end)
ollama-1  | slot init_sampler: id  0 | task 12303 | init sampler, took 0.09 ms, tokens: text = 703, total = 703
ollama-1  | slot print_timing: id  0 | task 12303 | prompt eval time =    2389.51 ms /   324 tokens (    7.38 ms per token,   135.59 tokens per second)
ollama-1  | slot print_timing: id  0 | task 12303 |        eval time =     286.47 ms /     9 tokens (   35.81 ms per token,    27.93 tokens per second)
ollama-1  | slot print_timing: id  0 | task 12303 |       total time =    2675.97 ms /   333 tokens
ollama-1  | slot print_timing: id  0 | task 12303 |    graphs reused =       8832
ollama-1  | slot      release: id  0 | task 12303 | stop processing: n_tokens = 711, truncated = 0
ollama-1  | srv  update_slots: all slots are idle
ollama-1  | [GIN] 2026/10/08 - 04:35:57 | 200 | 39.456750466s |      172.21.0.4 | POST     "/api/generate"
ollama-1  | srv  server_strea: conv_id= (empty=1)
ollama-1  | slot get_availabl: id  0 | task -1 |  - checking sim = 0.823 (380/462) > 0.100
ollama-1  | slot get_availabl: id  0 | task -1 | selected slot by LCP similarity, f_sim_best = 0.823 (> 0.100 thold), f_keep = 0.534
ollama-1  | slot launch_slot_: id  0 | task -1 | sampler chain: logits -> ?penalties -> ?dry -> ?top-n-sigma -> top-k -> ?typical -> top-p -> ?min-p -> ?xtc -> temp-ext -> dist 
ollama-1  | slot launch_slot_: id  0 | task -1 | sampler params: 
ollama-1  | 	repeat_last_n = 64, repeat_penalty = 1.000, frequency_penalty = 0.000, presence_penalty = 0.000
ollama-1  | 	dry_multiplier = 0.000, dry_base = 1.750, dry_allowed_length = 2, dry_penalty_last_n = 64
ollama-1  | 	top_k = 40, top_p = 0.900, min_p = 0.000, xtc_probability = 0.000, xtc_threshold = 0.100, typical_p = 1.000, top_n_sigma = -1.000, temp = 0.000
ollama-1  | 	mirostat = 0, mirostat_lr = 0.100, mirostat_ent = 5.000, adaptive_target = -1.000, adaptive_decay = 0.900
ollama-1  | slot launch_slot_: id  0 | task 12313 | processing task, is_child = 0
ollama-1  | slot   operator(): id  0 | task 12313 | new prompt, n_ctx_slot = 4096, n_keep = 4, task.n_tokens = 462
ollama-1  | slot   operator(): id  0 | task 12313 | cached n_tokens = 380, memory_seq_rm [380, end)
ollama-1  | slot init_sampler: id  0 | task 12313 | init sampler, took 0.04 ms, tokens: text = 462, total = 462
ollama-1  | slot print_timing: id  0 | task 12313 | prompt eval time =     613.98 ms /    82 tokens (    7.49 ms per token,   133.56 tokens per second)
ollama-1  | slot print_timing: id  0 | task 12313 |        eval time =     269.29 ms /     9 tokens (   33.66 ms per token,    29.71 tokens per second)
ollama-1  | slot print_timing: id  0 | task 12313 |       total time =     883.27 ms /    91 tokens
ollama-1  | slot print_timing: id  0 | task 12313 |    graphs reused =       8839
ollama-1  | slot      release: id  0 | task 12313 | stop processing: n_tokens = 470, truncated = 0
ollama-1  | srv  update_slots: all slots are idle
ollama-1  | [GIN] 2026/10/08 - 04:35:58 | 200 | 39.493750565s |      172.21.0.4 | POST     "/api/generate"
ollama-1  | srv  server_strea: conv_id= (empty=1)
ollama-1  | slot get_availabl: id  0 | task -1 |  - checking sim = 0.602 (379/630) > 0.100
ollama-1  | slot get_availabl: id  0 | task -1 | selected slot by LCP similarity, f_sim_best = 0.602 (> 0.100 thold), f_keep = 0.806
ollama-1  | slot launch_slot_: id  0 | task -1 | sampler chain: logits -> ?penalties -> ?dry -> ?top-n-sigma -> top-k -> ?typical -> top-p -> ?min-p -> ?xtc -> temp-ext -> dist 
ollama-1  | slot launch_slot_: id  0 | task -1 | sampler params: 
ollama-1  | 	repeat_last_n = 64, repeat_penalty = 1.000, frequency_penalty = 0.000, presence_penalty = 0.000
ollama-1  | 	dry_multiplier = 0.000, dry_base = 1.750, dry_allowed_length = 2, dry_penalty_last_n = 64
ollama-1  | 	top_k = 40, top_p = 0.900, min_p = 0.000, xtc_probability = 0.000, xtc_threshold = 0.100, typical_p = 1.000, top_n_sigma = -1.000, temp = 0.000
ollama-1  | 	mirostat = 0, mirostat_lr = 0.100, mirostat_ent = 5.000, adaptive_target = -1.000, adaptive_decay = 0.900
ollama-1  | slot launch_slot_: id  0 | task 12323 | processing task, is_child = 0
ollama-1  | slot   operator(): id  0 | task 12323 | new prompt, n_ctx_slot = 4096, n_keep = 4, task.n_tokens = 630
ollama-1  | slot   operator(): id  0 | task 12323 | cached n_tokens = 379, memory_seq_rm [379, end)
ollama-1  | slot init_sampler: id  0 | task 12323 | init sampler, took 0.07 ms, tokens: text = 630, total = 630
ollama-1  | slot print_timing: id  0 | task 12323 | prompt eval time =    1855.92 ms /   251 tokens (    7.39 ms per token,   135.24 tokens per second)
ollama-1  | slot print_timing: id  0 | task 12323 |        eval time =     351.95 ms /    11 tokens (   35.19 ms per token,    28.41 tokens per second)
ollama-1  | slot print_timing: id  0 | task 12323 |       total time =    2207.86 ms /   262 tokens
ollama-1  | slot print_timing: id  0 | task 12323 |    graphs reused =       8848
ollama-1  | slot      release: id  0 | task 12323 | stop processing: n_tokens = 640, truncated = 0
ollama-1  | srv  update_slots: all slots are idle
ollama-1  | [GIN] 2026/10/08 - 04:36:01 | 200 | 40.501100419s |      172.21.0.4 | POST     "/api/generate"
ollama-1  | srv  server_strea: conv_id= (empty=1)
ollama-1  | slot get_availabl: id  0 | task -1 |  - checking sim = 0.565 (379/671) > 0.100
ollama-1  | slot get_availabl: id  0 | task -1 | selected slot by LCP similarity, f_sim_best = 0.565 (> 0.100 thold), f_keep = 0.592
ollama-1  | slot launch_slot_: id  0 | task -1 | sampler chain: logits -> ?penalties -> ?dry -> ?top-n-sigma -> top-k -> ?typical -> top-p -> ?min-p -> ?xtc -> temp-ext -> dist 
ollama-1  | slot launch_slot_: id  0 | task -1 | sampler params: 
ollama-1  | 	repeat_last_n = 64, repeat_penalty = 1.000, frequency_penalty = 0.000, presence_penalty = 0.000
ollama-1  | 	dry_multiplier = 0.000, dry_base = 1.750, dry_allowed_length = 2, dry_penalty_last_n = 64
ollama-1  | 	top_k = 40, top_p = 0.900, min_p = 0.000, xtc_probability = 0.000, xtc_threshold = 0.100, typical_p = 1.000, top_n_sigma = -1.000, temp = 0.000
ollama-1  | 	mirostat = 0, mirostat_lr = 0.100, mirostat_ent = 5.000, adaptive_target = -1.000, adaptive_decay = 0.900
ollama-1  | slot launch_slot_: id  0 | task 12335 | processing task, is_child = 0
ollama-1  | slot   operator(): id  0 | task 12335 | new prompt, n_ctx_slot = 4096, n_keep = 4, task.n_tokens = 671
ollama-1  | slot   operator(): id  0 | task 12335 | cached n_tokens = 379, memory_seq_rm [379, end)
ollama-1  | slot init_sampler: id  0 | task 12335 | init sampler, took 0.05 ms, tokens: text = 671, total = 671
ollama-1  | [GIN] 2026/10/08 - 04:36:02 | 200 |      30.979µs |       127.0.0.1 | HEAD     "/"
ollama-1  | [GIN] 2026/10/08 - 04:36:02 | 200 |    1.394329ms |       127.0.0.1 | GET      "/api/tags"
ollama-1  | slot print_timing: id  0 | task 12335 | prompt eval time =    2144.15 ms /   292 tokens (    7.34 ms per token,   136.18 tokens per second)
ollama-1  | slot print_timing: id  0 | task 12335 |        eval time =     352.12 ms /    11 tokens (   35.21 ms per token,    28.40 tokens per second)
ollama-1  | slot print_timing: id  0 | task 12335 |       total time =    2496.27 ms /   303 tokens
ollama-1  | slot print_timing: id  0 | task 12335 |    graphs reused =       8857
ollama-1  | slot      release: id  0 | task 12335 | stop processing: n_tokens = 681, truncated = 0
ollama-1  | srv  update_slots: all slots are idle
ollama-1  | [GIN] 2026/10/08 - 04:36:03 | 200 | 42.220173887s |      172.21.0.4 | POST     "/api/generate"
ollama-1  | srv  server_strea: conv_id= (empty=1)
ollama-1  | slot get_availabl: id  0 | task -1 |  - checking sim = 0.718 (379/528) > 0.100
ollama-1  | slot get_availabl: id  0 | task -1 | selected slot by LCP similarity, f_sim_best = 0.718 (> 0.100 thold), f_keep = 0.557
ollama-1  | slot launch_slot_: id  0 | task -1 | sampler chain: logits -> ?penalties -> ?dry -> ?top-n-sigma -> top-k -> ?typical -> top-p -> ?min-p -> ?xtc -> temp-ext -> dist 
ollama-1  | slot launch_slot_: id  0 | task -1 | sampler params: 
ollama-1  | 	repeat_last_n = 64, repeat_penalty = 1.000, frequency_penalty = 0.000, presence_penalty = 0.000
ollama-1  | 	dry_multiplier = 0.000, dry_base = 1.750, dry_allowed_length = 2, dry_penalty_last_n = 64
ollama-1  | 	top_k = 40, top_p = 0.900, min_p = 0.000, xtc_probability = 0.000, xtc_threshold = 0.100, typical_p = 1.000, top_n_sigma = -1.000, temp = 0.000
ollama-1  | 	mirostat = 0, mirostat_lr = 0.100, mirostat_ent = 5.000, adaptive_target = -1.000, adaptive_decay = 0.900
ollama-1  | slot launch_slot_: id  0 | task 12347 | processing task, is_child = 0
ollama-1  | slot   operator(): id  0 | task 12347 | new prompt, n_ctx_slot = 4096, n_keep = 4, task.n_tokens = 528
ollama-1  | slot   operator(): id  0 | task 12347 | cached n_tokens = 379, memory_seq_rm [379, end)
ollama-1  | slot init_sampler: id  0 | task 12347 | init sampler, took 0.04 ms, tokens: text = 528, total = 528
ollama-1  | slot print_timing: id  0 | task 12347 | prompt eval time =    1124.17 ms /   149 tokens (    7.54 ms per token,   132.54 tokens per second)
ollama-1  | slot print_timing: id  0 | task 12347 |        eval time =     371.30 ms /    11 tokens (   37.13 ms per token,    26.93 tokens per second)
ollama-1  | slot print_timing: id  0 | task 12347 |       total time =    1495.47 ms /   160 tokens
ollama-1  | slot print_timing: id  0 | task 12347 |    graphs reused =       8866
ollama-1  | slot      release: id  0 | task 12347 | stop processing: n_tokens = 538, truncated = 0
ollama-1  | srv  update_slots: all slots are idle
ollama-1  | [GIN] 2026/10/08 - 04:36:05 | 200 | 42.614616663s |      172.21.0.4 | POST     "/api/generate"
ollama-1  | srv  server_strea: conv_id= (empty=1)
ollama-1  | slot get_availabl: id  0 | task -1 |  - checking sim = 0.537 (379/706) > 0.100
ollama-1  | slot get_availabl: id  0 | task -1 | selected slot by LCP similarity, f_sim_best = 0.537 (> 0.100 thold), f_keep = 0.704
ollama-1  | slot launch_slot_: id  0 | task -1 | sampler chain: logits -> ?penalties -> ?dry -> ?top-n-sigma -> top-k -> ?typical -> top-p -> ?min-p -> ?xtc -> temp-ext -> dist 
ollama-1  | slot launch_slot_: id  0 | task -1 | sampler params: 
ollama-1  | 	repeat_last_n = 64, repeat_penalty = 1.000, frequency_penalty = 0.000, presence_penalty = 0.000
ollama-1  | 	dry_multiplier = 0.000, dry_base = 1.750, dry_allowed_length = 2, dry_penalty_last_n = 64
ollama-1  | 	top_k = 40, top_p = 0.900, min_p = 0.000, xtc_probability = 0.000, xtc_threshold = 0.100, typical_p = 1.000, top_n_sigma = -1.000, temp = 0.000
ollama-1  | 	mirostat = 0, mirostat_lr = 0.100, mirostat_ent = 5.000, adaptive_target = -1.000, adaptive_decay = 0.900
ollama-1  | slot launch_slot_: id  0 | task 12359 | processing task, is_child = 0
ollama-1  | slot   operator(): id  0 | task 12359 | new prompt, n_ctx_slot = 4096, n_keep = 4, task.n_tokens = 706
ollama-1  | slot   operator(): id  0 | task 12359 | cached n_tokens = 379, memory_seq_rm [379, end)
ollama-1  | slot init_sampler: id  0 | task 12359 | init sampler, took 0.08 ms, tokens: text = 706, total = 706
ollama-1  | slot print_timing: id  0 | task 12359 | prompt eval time =    2401.29 ms /   327 tokens (    7.34 ms per token,   136.18 tokens per second)
ollama-1  | slot print_timing: id  0 | task 12359 |        eval time =     286.64 ms /     9 tokens (   35.83 ms per token,    27.91 tokens per second)
ollama-1  | slot print_timing: id  0 | task 12359 |       total time =    2687.93 ms /   336 tokens
ollama-1  | slot print_timing: id  0 | task 12359 |    graphs reused =       8873
ollama-1  | slot      release: id  0 | task 12359 | stop processing: n_tokens = 714, truncated = 0
ollama-1  | srv  update_slots: all slots are idle
ollama-1  | [GIN] 2026/10/08 - 04:36:07 | 200 | 43.055796997s |      172.21.0.4 | POST     "/api/generate"
ollama-1  | srv  server_strea: conv_id= (empty=1)
ollama-1  | slot get_availabl: id  0 | task -1 |  - checking sim = 0.752 (379/504) > 0.100
ollama-1  | slot get_availabl: id  0 | task -1 | selected slot by LCP similarity, f_sim_best = 0.752 (> 0.100 thold), f_keep = 0.531
ollama-1  | slot launch_slot_: id  0 | task -1 | sampler chain: logits -> ?penalties -> ?dry -> ?top-n-sigma -> top-k -> ?typical -> top-p -> ?min-p -> ?xtc -> temp-ext -> dist 
ollama-1  | slot launch_slot_: id  0 | task -1 | sampler params: 
ollama-1  | 	repeat_last_n = 64, repeat_penalty = 1.000, frequency_penalty = 0.000, presence_penalty = 0.000
ollama-1  | 	dry_multiplier = 0.000, dry_base = 1.750, dry_allowed_length = 2, dry_penalty_last_n = 64
ollama-1  | 	top_k = 40, top_p = 0.900, min_p = 0.000, xtc_probability = 0.000, xtc_threshold = 0.100, typical_p = 1.000, top_n_sigma = -1.000, temp = 0.000
ollama-1  | 	mirostat = 0, mirostat_lr = 0.100, mirostat_ent = 5.000, adaptive_target = -1.000, adaptive_decay = 0.900
ollama-1  | slot launch_slot_: id  0 | task 12369 | processing task, is_child = 0
ollama-1  | slot   operator(): id  0 | task 12369 | new prompt, n_ctx_slot = 4096, n_keep = 4, task.n_tokens = 504
ollama-1  | slot   operator(): id  0 | task 12369 | cached n_tokens = 379, memory_seq_rm [379, end)
ollama-1  | slot init_sampler: id  0 | task 12369 | init sampler, took 0.06 ms, tokens: text = 504, total = 504
ollama-1  | slot print_timing: id  0 | task 12369 | prompt eval time =     945.19 ms /   125 tokens (    7.56 ms per token,   132.25 tokens per second)
ollama-1  | slot print_timing: id  0 | task 12369 |        eval time =     272.42 ms /     9 tokens (   34.05 ms per token,    29.37 tokens per second)
ollama-1  | slot print_timing: id  0 | task 12369 |       total time =    1217.61 ms /   134 tokens
ollama-1  | slot print_timing: id  0 | task 12369 |    graphs reused =       8880
ollama-1  | slot      release: id  0 | task 12369 | stop processing: n_tokens = 512, truncated = 0
ollama-1  | srv  update_slots: all slots are idle
ollama-1  | [GIN] 2026/10/08 - 04:36:08 | 200 | 42.920920046s |      172.21.0.4 | POST     "/api/generate"
ollama-1  | srv  server_strea: conv_id= (empty=1)
ollama-1  | slot get_availabl: id  0 | task -1 |  - checking sim = 0.607 (379/624) > 0.100
ollama-1  | slot get_availabl: id  0 | task -1 | selected slot by LCP similarity, f_sim_best = 0.607 (> 0.100 thold), f_keep = 0.740
ollama-1  | slot launch_slot_: id  0 | task -1 | sampler chain: logits -> ?penalties -> ?dry -> ?top-n-sigma -> top-k -> ?typical -> top-p -> ?min-p -> ?xtc -> temp-ext -> dist 
ollama-1  | slot launch_slot_: id  0 | task -1 | sampler params: 
ollama-1  | 	repeat_last_n = 64, repeat_penalty = 1.000, frequency_penalty = 0.000, presence_penalty = 0.000
ollama-1  | 	dry_multiplier = 0.000, dry_base = 1.750, dry_allowed_length = 2, dry_penalty_last_n = 64
ollama-1  | 	top_k = 40, top_p = 0.900, min_p = 0.000, xtc_probability = 0.000, xtc_threshold = 0.100, typical_p = 1.000, top_n_sigma = -1.000, temp = 0.000
ollama-1  | 	mirostat = 0, mirostat_lr = 0.100, mirostat_ent = 5.000, adaptive_target = -1.000, adaptive_decay = 0.900
ollama-1  | slot launch_slot_: id  0 | task 12379 | processing task, is_child = 0
ollama-1  | slot   operator(): id  0 | task 12379 | new prompt, n_ctx_slot = 4096, n_keep = 4, task.n_tokens = 624
ollama-1  | slot   operator(): id  0 | task 12379 | cached n_tokens = 379, memory_seq_rm [379, end)
ollama-1  | slot init_sampler: id  0 | task 12379 | init sampler, took 0.05 ms, tokens: text = 624, total = 624
ollama-1  | slot print_timing: id  0 | task 12379 | prompt eval time =    1817.73 ms /   245 tokens (    7.42 ms per token,   134.78 tokens per second)
ollama-1  | slot print_timing: id  0 | task 12379 |        eval time =     280.18 ms /     9 tokens (   35.02 ms per token,    28.55 tokens per second)
ollama-1  | slot print_timing: id  0 | task 12379 |       total time =    2097.91 ms /   254 tokens
ollama-1  | slot print_timing: id  0 | task 12379 |    graphs reused =       8887
ollama-1  | slot      release: id  0 | task 12379 | stop processing: n_tokens = 632, truncated = 0
ollama-1  | srv  update_slots: all slots are idle
ollama-1  | [GIN] 2026/10/08 - 04:36:11 | 200 | 43.558800682s |      172.21.0.4 | POST     "/api/generate"
ollama-1  | srv  server_strea: conv_id= (empty=1)
ollama-1  | slot get_availabl: id  0 | task -1 |  - checking sim = 0.803 (379/472) > 0.100
ollama-1  | slot get_availabl: id  0 | task -1 | selected slot by LCP similarity, f_sim_best = 0.803 (> 0.100 thold), f_keep = 0.600
ollama-1  | slot launch_slot_: id  0 | task -1 | sampler chain: logits -> ?penalties -> ?dry -> ?top-n-sigma -> top-k -> ?typical -> top-p -> ?min-p -> ?xtc -> temp-ext -> dist 
ollama-1  | slot launch_slot_: id  0 | task -1 | sampler params: 
ollama-1  | 	repeat_last_n = 64, repeat_penalty = 1.000, frequency_penalty = 0.000, presence_penalty = 0.000
ollama-1  | 	dry_multiplier = 0.000, dry_base = 1.750, dry_allowed_length = 2, dry_penalty_last_n = 64
ollama-1  | 	top_k = 40, top_p = 0.900, min_p = 0.000, xtc_probability = 0.000, xtc_threshold = 0.100, typical_p = 1.000, top_n_sigma = -1.000, temp = 0.000
ollama-1  | 	mirostat = 0, mirostat_lr = 0.100, mirostat_ent = 5.000, adaptive_target = -1.000, adaptive_decay = 0.900
ollama-1  | slot launch_slot_: id  0 | task 12389 | processing task, is_child = 0
ollama-1  | slot   operator(): id  0 | task 12389 | new prompt, n_ctx_slot = 4096, n_keep = 4, task.n_tokens = 472
ollama-1  | slot   operator(): id  0 | task 12389 | cached n_tokens = 379, memory_seq_rm [379, end)
ollama-1  | slot init_sampler: id  0 | task 12389 | init sampler, took 0.04 ms, tokens: text = 472, total = 472
ollama-1  | slot print_timing: id  0 | task 12389 | prompt eval time =     720.99 ms /    93 tokens (    7.75 ms per token,   128.99 tokens per second)
ollama-1  | slot print_timing: id  0 | task 12389 |        eval time =     260.68 ms /     9 tokens (   32.59 ms per token,    30.69 tokens per second)
ollama-1  | slot print_timing: id  0 | task 12389 |       total time =     981.67 ms /   102 tokens
ollama-1  | slot print_timing: id  0 | task 12389 |    graphs reused =       8894
ollama-1  | slot      release: id  0 | task 12389 | stop processing: n_tokens = 480, truncated = 0
ollama-1  | srv  update_slots: all slots are idle
ollama-1  | [GIN] 2026/10/08 - 04:36:12 | 200 | 42.969466265s |      172.21.0.4 | POST     "/api/generate"
ollama-1  | srv  server_strea: conv_id= (empty=1)
ollama-1  | slot get_availabl: id  0 | task -1 |  - checking sim = 0.564 (379/672) > 0.100
ollama-1  | slot get_availabl: id  0 | task -1 | selected slot by LCP similarity, f_sim_best = 0.564 (> 0.100 thold), f_keep = 0.790
ollama-1  | slot launch_slot_: id  0 | task -1 | sampler chain: logits -> ?penalties -> ?dry -> ?top-n-sigma -> top-k -> ?typical -> top-p -> ?min-p -> ?xtc -> temp-ext -> dist 
ollama-1  | slot launch_slot_: id  0 | task -1 | sampler params: 
ollama-1  | 	repeat_last_n = 64, repeat_penalty = 1.000, frequency_penalty = 0.000, presence_penalty = 0.000
ollama-1  | 	dry_multiplier = 0.000, dry_base = 1.750, dry_allowed_length = 2, dry_penalty_last_n = 64
ollama-1  | 	top_k = 40, top_p = 0.900, min_p = 0.000, xtc_probability = 0.000, xtc_threshold = 0.100, typical_p = 1.000, top_n_sigma = -1.000, temp = 0.000
ollama-1  | 	mirostat = 0, mirostat_lr = 0.100, mirostat_ent = 5.000, adaptive_target = -1.000, adaptive_decay = 0.900
ollama-1  | slot launch_slot_: id  0 | task 12399 | processing task, is_child = 0
ollama-1  | slot   operator(): id  0 | task 12399 | new prompt, n_ctx_slot = 4096, n_keep = 4, task.n_tokens = 672
ollama-1  | slot   operator(): id  0 | task 12399 | cached n_tokens = 379, memory_seq_rm [379, end)
ollama-1  | slot init_sampler: id  0 | task 12399 | init sampler, took 0.07 ms, tokens: text = 672, total = 672
ollama-1  | [GIN] 2026/10/08 - 04:36:12 | 200 |      26.107µs |       127.0.0.1 | HEAD     "/"
ollama-1  | [GIN] 2026/10/08 - 04:36:12 | 200 |    1.356716ms |       127.0.0.1 | GET      "/api/tags"
ollama-1  | slot print_timing: id  0 | task 12399 | prompt eval time =    2172.26 ms /   293 tokens (    7.41 ms per token,   134.88 tokens per second)
ollama-1  | slot print_timing: id  0 | task 12399 |        eval time =     346.56 ms /    10 tokens (   38.51 ms per token,    25.97 tokens per second)
ollama-1  | slot print_timing: id  0 | task 12399 |       total time =    2518.81 ms /   303 tokens
ollama-1  | slot print_timing: id  0 | task 12399 |    graphs reused =       8902
ollama-1  | slot      release: id  0 | task 12399 | stop processing: n_tokens = 681, truncated = 0
ollama-1  | srv  update_slots: all slots are idle
ollama-1  | [GIN] 2026/10/08 - 04:36:14 | 200 | 44.377351959s |      172.21.0.4 | POST     "/api/generate"
ollama-1  | srv  server_strea: conv_id= (empty=1)
ollama-1  | slot get_availabl: id  0 | task -1 |  - checking sim = 0.571 (379/664) > 0.100
ollama-1  | slot get_availabl: id  0 | task -1 | selected slot by LCP similarity, f_sim_best = 0.571 (> 0.100 thold), f_keep = 0.557
ollama-1  | slot launch_slot_: id  0 | task -1 | sampler chain: logits -> ?penalties -> ?dry -> ?top-n-sigma -> top-k -> ?typical -> top-p -> ?min-p -> ?xtc -> temp-ext -> dist 
ollama-1  | slot launch_slot_: id  0 | task -1 | sampler params: 
ollama-1  | 	repeat_last_n = 64, repeat_penalty = 1.000, frequency_penalty = 0.000, presence_penalty = 0.000
ollama-1  | 	dry_multiplier = 0.000, dry_base = 1.750, dry_allowed_length = 2, dry_penalty_last_n = 64
ollama-1  | 	top_k = 40, top_p = 0.900, min_p = 0.000, xtc_probability = 0.000, xtc_threshold = 0.100, typical_p = 1.000, top_n_sigma = -1.000, temp = 0.000
ollama-1  | 	mirostat = 0, mirostat_lr = 0.100, mirostat_ent = 5.000, adaptive_target = -1.000, adaptive_decay = 0.900
ollama-1  | slot launch_slot_: id  0 | task 12410 | processing task, is_child = 0
ollama-1  | slot   operator(): id  0 | task 12410 | new prompt, n_ctx_slot = 4096, n_keep = 4, task.n_tokens = 664
ollama-1  | slot   operator(): id  0 | task 12410 | cached n_tokens = 379, memory_seq_rm [379, end)
ollama-1  | slot init_sampler: id  0 | task 12410 | init sampler, took 0.05 ms, tokens: text = 664, total = 664
ollama-1  | slot print_timing: id  0 | task 12410 | prompt eval time =    2131.94 ms /   285 tokens (    7.48 ms per token,   133.68 tokens per second)
ollama-1  | slot print_timing: id  0 | task 12410 |        eval time =     354.40 ms /    11 tokens (   35.44 ms per token,    28.22 tokens per second)
ollama-1  | slot print_timing: id  0 | task 12410 |       total time =    2486.34 ms /   296 tokens
ollama-1  | slot print_timing: id  0 | task 12410 |    graphs reused =       8911
ollama-1  | slot      release: id  0 | task 12410 | stop processing: n_tokens = 674, truncated = 0
ollama-1  | srv  update_slots: all slots are idle
ollama-1  | [GIN] 2026/10/08 - 04:36:17 | 200 | 44.925131216s |      172.21.0.4 | POST     "/api/generate"
ollama-1  | srv  server_strea: conv_id= (empty=1)
ollama-1  | slot get_availabl: id  0 | task -1 |  - checking sim = 0.567 (379/669) > 0.100
ollama-1  | slot get_availabl: id  0 | task -1 | selected slot by LCP similarity, f_sim_best = 0.567 (> 0.100 thold), f_keep = 0.562
ollama-1  | slot launch_slot_: id  0 | task -1 | sampler chain: logits -> ?penalties -> ?dry -> ?top-n-sigma -> top-k -> ?typical -> top-p -> ?min-p -> ?xtc -> temp-ext -> dist 
ollama-1  | slot launch_slot_: id  0 | task -1 | sampler params: 
ollama-1  | 	repeat_last_n = 64, repeat_penalty = 1.000, frequency_penalty = 0.000, presence_penalty = 0.000
ollama-1  | 	dry_multiplier = 0.000, dry_base = 1.750, dry_allowed_length = 2, dry_penalty_last_n = 64
ollama-1  | 	top_k = 40, top_p = 0.900, min_p = 0.000, xtc_probability = 0.000, xtc_threshold = 0.100, typical_p = 1.000, top_n_sigma = -1.000, temp = 0.000
ollama-1  | 	mirostat = 0, mirostat_lr = 0.100, mirostat_ent = 5.000, adaptive_target = -1.000, adaptive_decay = 0.900
ollama-1  | slot launch_slot_: id  0 | task 12422 | processing task, is_child = 0
ollama-1  | slot   operator(): id  0 | task 12422 | new prompt, n_ctx_slot = 4096, n_keep = 4, task.n_tokens = 669
ollama-1  | slot   operator(): id  0 | task 12422 | cached n_tokens = 379, memory_seq_rm [379, end)
ollama-1  | slot init_sampler: id  0 | task 12422 | init sampler, took 0.05 ms, tokens: text = 669, total = 669
ollama-1  | slot print_timing: id  0 | task 12422 | prompt eval time =    2133.86 ms /   290 tokens (    7.36 ms per token,   135.90 tokens per second)
ollama-1  | slot print_timing: id  0 | task 12422 |        eval time =     277.77 ms /     9 tokens (   34.72 ms per token,    28.80 tokens per second)
ollama-1  | slot print_timing: id  0 | task 12422 |       total time =    2411.64 ms /   299 tokens
ollama-1  | slot print_timing: id  0 | task 12422 |    graphs reused =       8918
ollama-1  | slot      release: id  0 | task 12422 | stop processing: n_tokens = 677, truncated = 0
ollama-1  | srv  update_slots: all slots are idle
ollama-1  | [GIN] 2026/10/08 - 04:36:19 | 200 | 45.559288275s |      172.21.0.4 | POST     "/api/generate"
ollama-1  | srv  server_strea: conv_id= (empty=1)
ollama-1  | slot get_availabl: id  0 | task -1 |  - checking sim = 0.620 (380/613) > 0.100
ollama-1  | slot get_availabl: id  0 | task -1 | selected slot by LCP similarity, f_sim_best = 0.620 (> 0.100 thold), f_keep = 0.561
ollama-1  | slot launch_slot_: id  0 | task -1 | sampler chain: logits -> ?penalties -> ?dry -> ?top-n-sigma -> top-k -> ?typical -> top-p -> ?min-p -> ?xtc -> temp-ext -> dist 
ollama-1  | slot launch_slot_: id  0 | task -1 | sampler params: 
ollama-1  | 	repeat_last_n = 64, repeat_penalty = 1.000, frequency_penalty = 0.000, presence_penalty = 0.000
ollama-1  | 	dry_multiplier = 0.000, dry_base = 1.750, dry_allowed_length = 2, dry_penalty_last_n = 64
ollama-1  | 	top_k = 40, top_p = 0.900, min_p = 0.000, xtc_probability = 0.000, xtc_threshold = 0.100, typical_p = 1.000, top_n_sigma = -1.000, temp = 0.000
ollama-1  | 	mirostat = 0, mirostat_lr = 0.100, mirostat_ent = 5.000, adaptive_target = -1.000, adaptive_decay = 0.900
ollama-1  | slot launch_slot_: id  0 | task 12432 | processing task, is_child = 0
ollama-1  | slot   operator(): id  0 | task 12432 | new prompt, n_ctx_slot = 4096, n_keep = 4, task.n_tokens = 613
ollama-1  | slot   operator(): id  0 | task 12432 | cached n_tokens = 380, memory_seq_rm [380, end)
ollama-1  | slot init_sampler: id  0 | task 12432 | init sampler, took 0.07 ms, tokens: text = 613, total = 613
ollama-1  | slot print_timing: id  0 | task 12432 | prompt eval time =    1727.81 ms /   233 tokens (    7.42 ms per token,   134.85 tokens per second)
ollama-1  | slot print_timing: id  0 | task 12432 |        eval time =     280.22 ms /     9 tokens (   35.03 ms per token,    28.55 tokens per second)
ollama-1  | slot print_timing: id  0 | task 12432 |       total time =    2008.03 ms /   242 tokens
ollama-1  | slot print_timing: id  0 | task 12432 |    graphs reused =       8925
ollama-1  | slot      release: id  0 | task 12432 | stop processing: n_tokens = 621, truncated = 0
ollama-1  | srv  update_slots: all slots are idle
ollama-1  | [GIN] 2026/10/08 - 04:36:21 | 200 | 46.155159711s |      172.21.0.4 | POST     "/api/generate"
ollama-1  | srv  server_strea: conv_id= (empty=1)
ollama-1  | slot get_availabl: id  0 | task -1 |  - checking sim = 0.633 (380/600) > 0.100
ollama-1  | slot get_availabl: id  0 | task -1 | selected slot by LCP similarity, f_sim_best = 0.633 (> 0.100 thold), f_keep = 0.612
ollama-1  | slot launch_slot_: id  0 | task -1 | sampler chain: logits -> ?penalties -> ?dry -> ?top-n-sigma -> top-k -> ?typical -> top-p -> ?min-p -> ?xtc -> temp-ext -> dist 
ollama-1  | slot launch_slot_: id  0 | task -1 | sampler params: 
ollama-1  | 	repeat_last_n = 64, repeat_penalty = 1.000, frequency_penalty = 0.000, presence_penalty = 0.000
ollama-1  | 	dry_multiplier = 0.000, dry_base = 1.750, dry_allowed_length = 2, dry_penalty_last_n = 64
ollama-1  | 	top_k = 40, top_p = 0.900, min_p = 0.000, xtc_probability = 0.000, xtc_threshold = 0.100, typical_p = 1.000, top_n_sigma = -1.000, temp = 0.000
ollama-1  | 	mirostat = 0, mirostat_lr = 0.100, mirostat_ent = 5.000, adaptive_target = -1.000, adaptive_decay = 0.900
ollama-1  | slot launch_slot_: id  0 | task 12442 | processing task, is_child = 0
ollama-1  | slot   operator(): id  0 | task 12442 | new prompt, n_ctx_slot = 4096, n_keep = 4, task.n_tokens = 600
ollama-1  | slot   operator(): id  0 | task 12442 | cached n_tokens = 380, memory_seq_rm [380, end)
ollama-1  | slot init_sampler: id  0 | task 12442 | init sampler, took 0.04 ms, tokens: text = 600, total = 600
ollama-1  | [GIN] 2026/10/08 - 04:36:22 | 200 |      28.017µs |       127.0.0.1 | HEAD     "/"
ollama-1  | [GIN] 2026/10/08 - 04:36:22 | 200 |    1.434463ms |       127.0.0.1 | GET      "/api/tags"
ollama-1  | slot print_timing: id  0 | task 12442 | prompt eval time =    1622.85 ms /   220 tokens (    7.38 ms per token,   135.56 tokens per second)
ollama-1  | slot print_timing: id  0 | task 12442 |        eval time =     315.86 ms /    10 tokens (   35.10 ms per token,    28.49 tokens per second)
ollama-1  | slot print_timing: id  0 | task 12442 |       total time =    1938.71 ms /   230 tokens
ollama-1  | slot print_timing: id  0 | task 12442 |    graphs reused =       8933
ollama-1  | slot      release: id  0 | task 12442 | stop processing: n_tokens = 609, truncated = 0
ollama-1  | srv  update_slots: all slots are idle
ollama-1  | [GIN] 2026/10/08 - 04:36:23 | 200 | 46.480115956s |      172.21.0.4 | POST     "/api/generate"
ollama-1  | srv  server_strea: conv_id= (empty=1)
ollama-1  | slot get_availabl: id  0 | task -1 |  - checking sim = 0.653 (379/580) > 0.100
ollama-1  | slot get_availabl: id  0 | task -1 | selected slot by LCP similarity, f_sim_best = 0.653 (> 0.100 thold), f_keep = 0.622
ollama-1  | slot launch_slot_: id  0 | task -1 | sampler chain: logits -> ?penalties -> ?dry -> ?top-n-sigma -> top-k -> ?typical -> top-p -> ?min-p -> ?xtc -> temp-ext -> dist 
ollama-1  | slot launch_slot_: id  0 | task -1 | sampler params: 
ollama-1  | 	repeat_last_n = 64, repeat_penalty = 1.000, frequency_penalty = 0.000, presence_penalty = 0.000
ollama-1  | 	dry_multiplier = 0.000, dry_base = 1.750, dry_allowed_length = 2, dry_penalty_last_n = 64
ollama-1  | 	top_k = 40, top_p = 0.900, min_p = 0.000, xtc_probability = 0.000, xtc_threshold = 0.100, typical_p = 1.000, top_n_sigma = -1.000, temp = 0.000
ollama-1  | 	mirostat = 0, mirostat_lr = 0.100, mirostat_ent = 5.000, adaptive_target = -1.000, adaptive_decay = 0.900
ollama-1  | slot launch_slot_: id  0 | task 12453 | processing task, is_child = 0
ollama-1  | slot   operator(): id  0 | task 12453 | new prompt, n_ctx_slot = 4096, n_keep = 4, task.n_tokens = 580
ollama-1  | slot   operator(): id  0 | task 12453 | cached n_tokens = 379, memory_seq_rm [379, end)
ollama-1  | slot init_sampler: id  0 | task 12453 | init sampler, took 0.04 ms, tokens: text = 580, total = 580
ollama-1  | slot print_timing: id  0 | task 12453 | prompt eval time =    1536.85 ms /   201 tokens (    7.65 ms per token,   130.79 tokens per second)
ollama-1  | slot print_timing: id  0 | task 12453 |        eval time =     349.51 ms /    11 tokens (   34.95 ms per token,    28.61 tokens per second)
ollama-1  | slot print_timing: id  0 | task 12453 |       total time =    1886.36 ms /   212 tokens
ollama-1  | slot print_timing: id  0 | task 12453 |    graphs reused =       8942
ollama-1  | slot      release: id  0 | task 12453 | stop processing: n_tokens = 590, truncated = 0
ollama-1  | srv  update_slots: all slots are idle
ollama-1  | [GIN] 2026/10/08 - 04:36:26 | 200 | 47.570893796s |      172.21.0.4 | POST     "/api/generate"
ollama-1  | srv  server_strea: conv_id= (empty=1)
ollama-1  | slot get_availabl: id  0 | task -1 |  - checking sim = 0.822 (379/461) > 0.100
ollama-1  | slot get_availabl: id  0 | task -1 | selected slot by LCP similarity, f_sim_best = 0.822 (> 0.100 thold), f_keep = 0.642
ollama-1  | slot launch_slot_: id  0 | task -1 | sampler chain: logits -> ?penalties -> ?dry -> ?top-n-sigma -> top-k -> ?typical -> top-p -> ?min-p -> ?xtc -> temp-ext -> dist 
ollama-1  | slot launch_slot_: id  0 | task -1 | sampler params: 
ollama-1  | 	repeat_last_n = 64, repeat_penalty = 1.000, frequency_penalty = 0.000, presence_penalty = 0.000
ollama-1  | 	dry_multiplier = 0.000, dry_base = 1.750, dry_allowed_length = 2, dry_penalty_last_n = 64
ollama-1  | 	top_k = 40, top_p = 0.900, min_p = 0.000, xtc_probability = 0.000, xtc_threshold = 0.100, typical_p = 1.000, top_n_sigma = -1.000, temp = 0.000
ollama-1  | 	mirostat = 0, mirostat_lr = 0.100, mirostat_ent = 5.000, adaptive_target = -1.000, adaptive_decay = 0.900
ollama-1  | slot launch_slot_: id  0 | task 12465 | processing task, is_child = 0
ollama-1  | slot   operator(): id  0 | task 12465 | new prompt, n_ctx_slot = 4096, n_keep = 4, task.n_tokens = 461
ollama-1  | slot   operator(): id  0 | task 12465 | cached n_tokens = 379, memory_seq_rm [379, end)
ollama-1  | slot init_sampler: id  0 | task 12465 | init sampler, took 0.04 ms, tokens: text = 461, total = 461
ollama-1  | slot print_timing: id  0 | task 12465 | prompt eval time =     632.98 ms /    82 tokens (    7.72 ms per token,   129.55 tokens per second)
ollama-1  | slot print_timing: id  0 | task 12465 |        eval time =     274.79 ms /     9 tokens (   34.35 ms per token,    29.11 tokens per second)
ollama-1  | slot print_timing: id  0 | task 12465 |       total time =     907.77 ms /    91 tokens
ollama-1  | slot print_timing: id  0 | task 12465 |    graphs reused =       8949
ollama-1  | slot      release: id  0 | task 12465 | stop processing: n_tokens = 469, truncated = 0
ollama-1  | srv  update_slots: all slots are idle
ollama-1  | [GIN] 2026/10/08 - 04:36:27 | 200 | 45.895281163s |      172.21.0.4 | POST     "/api/generate"
ollama-1  | srv  server_strea: conv_id= (empty=1)
ollama-1  | slot get_availabl: id  0 | task -1 |  - checking sim = 0.707 (379/536) > 0.100
ollama-1  | slot get_availabl: id  0 | task -1 | selected slot by LCP similarity, f_sim_best = 0.707 (> 0.100 thold), f_keep = 0.808
ollama-1  | slot launch_slot_: id  0 | task -1 | sampler chain: logits -> ?penalties -> ?dry -> ?top-n-sigma -> top-k -> ?typical -> top-p -> ?min-p -> ?xtc -> temp-ext -> dist 
ollama-1  | slot launch_slot_: id  0 | task -1 | sampler params: 
ollama-1  | 	repeat_last_n = 64, repeat_penalty = 1.000, frequency_penalty = 0.000, presence_penalty = 0.000
ollama-1  | 	dry_multiplier = 0.000, dry_base = 1.750, dry_allowed_length = 2, dry_penalty_last_n = 64
ollama-1  | 	top_k = 40, top_p = 0.900, min_p = 0.000, xtc_probability = 0.000, xtc_threshold = 0.100, typical_p = 1.000, top_n_sigma = -1.000, temp = 0.000
ollama-1  | 	mirostat = 0, mirostat_lr = 0.100, mirostat_ent = 5.000, adaptive_target = -1.000, adaptive_decay = 0.900
ollama-1  | slot launch_slot_: id  0 | task 12475 | processing task, is_child = 0
ollama-1  | slot   operator(): id  0 | task 12475 | new prompt, n_ctx_slot = 4096, n_keep = 4, task.n_tokens = 536
ollama-1  | slot   operator(): id  0 | task 12475 | cached n_tokens = 379, memory_seq_rm [379, end)
ollama-1  | slot init_sampler: id  0 | task 12475 | init sampler, took 0.04 ms, tokens: text = 536, total = 536
ollama-1  | slot print_timing: id  0 | task 12475 | prompt eval time =    1213.15 ms /   157 tokens (    7.73 ms per token,   129.42 tokens per second)
ollama-1  | slot print_timing: id  0 | task 12475 |        eval time =     276.60 ms /     9 tokens (   34.58 ms per token,    28.92 tokens per second)
ollama-1  | slot print_timing: id  0 | task 12475 |       total time =    1489.76 ms /   166 tokens
ollama-1  | slot print_timing: id  0 | task 12475 |    graphs reused =       8956
ollama-1  | slot      release: id  0 | task 12475 | stop processing: n_tokens = 544, truncated = 0
ollama-1  | srv  update_slots: all slots are idle
ollama-1  | [GIN] 2026/10/08 - 04:36:29 | 200 | 45.825923366s |      172.21.0.4 | POST     "/api/generate"
ollama-1  | srv  server_strea: conv_id= (empty=1)
ollama-1  | slot get_availabl: id  0 | task -1 |  - checking sim = 0.788 (379/481) > 0.100
ollama-1  | slot get_availabl: id  0 | task -1 | selected slot by LCP similarity, f_sim_best = 0.788 (> 0.100 thold), f_keep = 0.697
ollama-1  | slot launch_slot_: id  0 | task -1 | sampler chain: logits -> ?penalties -> ?dry -> ?top-n-sigma -> top-k -> ?typical -> top-p -> ?min-p -> ?xtc -> temp-ext -> dist 
ollama-1  | slot launch_slot_: id  0 | task -1 | sampler params: 
ollama-1  | 	repeat_last_n = 64, repeat_penalty = 1.000, frequency_penalty = 0.000, presence_penalty = 0.000
ollama-1  | 	dry_multiplier = 0.000, dry_base = 1.750, dry_allowed_length = 2, dry_penalty_last_n = 64
ollama-1  | 	top_k = 40, top_p = 0.900, min_p = 0.000, xtc_probability = 0.000, xtc_threshold = 0.100, typical_p = 1.000, top_n_sigma = -1.000, temp = 0.000
ollama-1  | 	mirostat = 0, mirostat_lr = 0.100, mirostat_ent = 5.000, adaptive_target = -1.000, adaptive_decay = 0.900
ollama-1  | slot launch_slot_: id  0 | task 12485 | processing task, is_child = 0
ollama-1  | slot   operator(): id  0 | task 12485 | new prompt, n_ctx_slot = 4096, n_keep = 4, task.n_tokens = 481
ollama-1  | slot   operator(): id  0 | task 12485 | cached n_tokens = 379, memory_seq_rm [379, end)
ollama-1  | slot init_sampler: id  0 | task 12485 | init sampler, took 0.05 ms, tokens: text = 481, total = 481
ollama-1  | slot print_timing: id  0 | task 12485 | prompt eval time =     764.97 ms /   102 tokens (    7.50 ms per token,   133.34 tokens per second)
ollama-1  | slot print_timing: id  0 | task 12485 |        eval time =     347.60 ms /    11 tokens (   34.76 ms per token,    28.77 tokens per second)
ollama-1  | slot print_timing: id  0 | task 12485 |       total time =    1112.57 ms /   113 tokens
ollama-1  | slot print_timing: id  0 | task 12485 |    graphs reused =       8965
ollama-1  | slot      release: id  0 | task 12485 | stop processing: n_tokens = 491, truncated = 0
ollama-1  | srv  update_slots: all slots are idle
ollama-1  | [GIN] 2026/10/08 - 04:36:30 | 200 | 46.098391939s |      172.21.0.4 | POST     "/api/generate"
ollama-1  | srv  server_strea: conv_id= (empty=1)
ollama-1  | slot get_availabl: id  0 | task -1 |  - checking sim = 0.707 (379/536) > 0.100
ollama-1  | slot get_availabl: id  0 | task -1 | selected slot by LCP similarity, f_sim_best = 0.707 (> 0.100 thold), f_keep = 0.772
ollama-1  | slot launch_slot_: id  0 | task -1 | sampler chain: logits -> ?penalties -> ?dry -> ?top-n-sigma -> top-k -> ?typical -> top-p -> ?min-p -> ?xtc -> temp-ext -> dist 
ollama-1  | slot launch_slot_: id  0 | task -1 | sampler params: 
ollama-1  | 	repeat_last_n = 64, repeat_penalty = 1.000, frequency_penalty = 0.000, presence_penalty = 0.000
ollama-1  | 	dry_multiplier = 0.000, dry_base = 1.750, dry_allowed_length = 2, dry_penalty_last_n = 64
ollama-1  | 	top_k = 40, top_p = 0.900, min_p = 0.000, xtc_probability = 0.000, xtc_threshold = 0.100, typical_p = 1.000, top_n_sigma = -1.000, temp = 0.000
ollama-1  | 	mirostat = 0, mirostat_lr = 0.100, mirostat_ent = 5.000, adaptive_target = -1.000, adaptive_decay = 0.900
ollama-1  | slot launch_slot_: id  0 | task 12497 | processing task, is_child = 0
ollama-1  | slot   operator(): id  0 | task 12497 | new prompt, n_ctx_slot = 4096, n_keep = 4, task.n_tokens = 536
ollama-1  | slot   operator(): id  0 | task 12497 | cached n_tokens = 379, memory_seq_rm [379, end)
ollama-1  | slot init_sampler: id  0 | task 12497 | init sampler, took 0.04 ms, tokens: text = 536, total = 536
ollama-1  | slot print_timing: id  0 | task 12497 | prompt eval time =    1193.72 ms /   157 tokens (    7.60 ms per token,   131.52 tokens per second)
ollama-1  | slot print_timing: id  0 | task 12497 |        eval time =     335.85 ms /    11 tokens (   33.59 ms per token,    29.78 tokens per second)
ollama-1  | slot print_timing: id  0 | task 12497 |       total time =    1529.58 ms /   168 tokens
ollama-1  | slot print_timing: id  0 | task 12497 |    graphs reused =       8974
ollama-1  | slot      release: id  0 | task 12497 | stop processing: n_tokens = 546, truncated = 0
ollama-1  | srv  update_slots: all slots are idle
ollama-1  | [GIN] 2026/10/08 - 04:36:31 | 200 | 46.561884855s |      172.21.0.4 | POST     "/api/generate"
ollama-1  | srv  server_strea: conv_id= (empty=1)
ollama-1  | slot get_availabl: id  0 | task -1 |  - checking sim = 0.632 (379/600) > 0.100
ollama-1  | slot get_availabl: id  0 | task -1 | selected slot by LCP similarity, f_sim_best = 0.632 (> 0.100 thold), f_keep = 0.694
ollama-1  | slot launch_slot_: id  0 | task -1 | sampler chain: logits -> ?penalties -> ?dry -> ?top-n-sigma -> top-k -> ?typical -> top-p -> ?min-p -> ?xtc -> temp-ext -> dist 
ollama-1  | slot launch_slot_: id  0 | task -1 | sampler params: 
ollama-1  | 	repeat_last_n = 64, repeat_penalty = 1.000, frequency_penalty = 0.000, presence_penalty = 0.000
ollama-1  | 	dry_multiplier = 0.000, dry_base = 1.750, dry_allowed_length = 2, dry_penalty_last_n = 64
ollama-1  | 	top_k = 40, top_p = 0.900, min_p = 0.000, xtc_probability = 0.000, xtc_threshold = 0.100, typical_p = 1.000, top_n_sigma = -1.000, temp = 0.000
ollama-1  | 	mirostat = 0, mirostat_lr = 0.100, mirostat_ent = 5.000, adaptive_target = -1.000, adaptive_decay = 0.900
ollama-1  | slot launch_slot_: id  0 | task 12509 | processing task, is_child = 0
ollama-1  | slot   operator(): id  0 | task 12509 | new prompt, n_ctx_slot = 4096, n_keep = 4, task.n_tokens = 600
ollama-1  | slot   operator(): id  0 | task 12509 | cached n_tokens = 379, memory_seq_rm [379, end)
ollama-1  | slot init_sampler: id  0 | task 12509 | init sampler, took 0.05 ms, tokens: text = 600, total = 600
ollama-1  | slot print_timing: id  0 | task 12509 | prompt eval time =    1664.46 ms /   221 tokens (    7.53 ms per token,   132.78 tokens per second)
ollama-1  | slot print_timing: id  0 | task 12509 |        eval time =     279.19 ms /     9 tokens (   34.90 ms per token,    28.65 tokens per second)
ollama-1  | slot print_timing: id  0 | task 12509 |       total time =    1943.65 ms /   230 tokens
ollama-1  | slot print_timing: id  0 | task 12509 |    graphs reused =       8981
ollama-1  | slot      release: id  0 | task 12509 | stop processing: n_tokens = 608, truncated = 0
ollama-1  | srv  update_slots: all slots are idle
ollama-1  | [GIN] 2026/10/08 - 04:36:33 | 200 | 47.124256179s |      172.21.0.4 | POST     "/api/generate"
ollama-1  | srv  server_strea: conv_id= (empty=1)
ollama-1  | slot get_availabl: id  0 | task -1 |  - checking sim = 0.736 (380/516) > 0.100
ollama-1  | slot get_availabl: id  0 | task -1 | selected slot by LCP similarity, f_sim_best = 0.736 (> 0.100 thold), f_keep = 0.625
ollama-1  | slot launch_slot_: id  0 | task -1 | sampler chain: logits -> ?penalties -> ?dry -> ?top-n-sigma -> top-k -> ?typical -> top-p -> ?min-p -> ?xtc -> temp-ext -> dist 
ollama-1  | slot launch_slot_: id  0 | task -1 | sampler params: 
ollama-1  | 	repeat_last_n = 64, repeat_penalty = 1.000, frequency_penalty = 0.000, presence_penalty = 0.000
ollama-1  | 	dry_multiplier = 0.000, dry_base = 1.750, dry_allowed_length = 2, dry_penalty_last_n = 64
ollama-1  | 	top_k = 40, top_p = 0.900, min_p = 0.000, xtc_probability = 0.000, xtc_threshold = 0.100, typical_p = 1.000, top_n_sigma = -1.000, temp = 0.000
ollama-1  | 	mirostat = 0, mirostat_lr = 0.100, mirostat_ent = 5.000, adaptive_target = -1.000, adaptive_decay = 0.900
ollama-1  | slot launch_slot_: id  0 | task 12519 | processing task, is_child = 0
ollama-1  | slot   operator(): id  0 | task 12519 | new prompt, n_ctx_slot = 4096, n_keep = 4, task.n_tokens = 516
ollama-1  | slot   operator(): id  0 | task 12519 | cached n_tokens = 380, memory_seq_rm [380, end)
ollama-1  | slot init_sampler: id  0 | task 12519 | init sampler, took 0.05 ms, tokens: text = 516, total = 516
ollama-1  | [GIN] 2026/10/08 - 04:36:33 | 200 |      27.098µs |       127.0.0.1 | HEAD     "/"
ollama-1  | [GIN] 2026/10/08 - 04:36:33 | 200 |     836.731µs |       127.0.0.1 | GET      "/api/tags"
ollama-1  | slot print_timing: id  0 | task 12519 | prompt eval time =    1054.49 ms /   136 tokens (    7.75 ms per token,   128.97 tokens per second)
ollama-1  | slot print_timing: id  0 | task 12519 |        eval time =     306.98 ms /     9 tokens (   38.37 ms per token,    26.06 tokens per second)
ollama-1  | slot print_timing: id  0 | task 12519 |       total time =    1361.47 ms /   145 tokens
ollama-1  | slot print_timing: id  0 | task 12519 |    graphs reused =       8988
ollama-1  | slot      release: id  0 | task 12519 | stop processing: n_tokens = 524, truncated = 0
ollama-1  | srv  update_slots: all slots are idle
ollama-1  | [GIN] 2026/10/08 - 04:36:35 | 200 | 44.720402207s |      172.21.0.4 | POST     "/api/generate"
ollama-1  | srv  server_strea: conv_id= (empty=1)
ollama-1  | slot get_availabl: id  0 | task -1 |  - checking sim = 0.661 (379/573) > 0.100
ollama-1  | slot get_availabl: id  0 | task -1 | selected slot by LCP similarity, f_sim_best = 0.661 (> 0.100 thold), f_keep = 0.723
ollama-1  | slot launch_slot_: id  0 | task -1 | sampler chain: logits -> ?penalties -> ?dry -> ?top-n-sigma -> top-k -> ?typical -> top-p -> ?min-p -> ?xtc -> temp-ext -> dist 
ollama-1  | slot launch_slot_: id  0 | task -1 | sampler params: 
ollama-1  | 	repeat_last_n = 64, repeat_penalty = 1.000, frequency_penalty = 0.000, presence_penalty = 0.000
ollama-1  | 	dry_multiplier = 0.000, dry_base = 1.750, dry_allowed_length = 2, dry_penalty_last_n = 64
ollama-1  | 	top_k = 40, top_p = 0.900, min_p = 0.000, xtc_probability = 0.000, xtc_threshold = 0.100, typical_p = 1.000, top_n_sigma = -1.000, temp = 0.000
ollama-1  | 	mirostat = 0, mirostat_lr = 0.100, mirostat_ent = 5.000, adaptive_target = -1.000, adaptive_decay = 0.900
ollama-1  | slot launch_slot_: id  0 | task 12529 | processing task, is_child = 0
ollama-1  | slot   operator(): id  0 | task 12529 | new prompt, n_ctx_slot = 4096, n_keep = 4, task.n_tokens = 573
ollama-1  | slot   operator(): id  0 | task 12529 | cached n_tokens = 379, memory_seq_rm [379, end)
ollama-1  | slot init_sampler: id  0 | task 12529 | init sampler, took 0.04 ms, tokens: text = 573, total = 573
ollama-1  | slot print_timing: id  0 | task 12529 | prompt eval time =    1409.97 ms /   194 tokens (    7.27 ms per token,   137.59 tokens per second)
ollama-1  | slot print_timing: id  0 | task 12529 |        eval time =     318.43 ms /    10 tokens (   35.38 ms per token,    28.26 tokens per second)
ollama-1  | slot print_timing: id  0 | task 12529 |       total time =    1728.40 ms /   204 tokens
ollama-1  | slot print_timing: id  0 | task 12529 |    graphs reused =       8996
ollama-1  | slot      release: id  0 | task 12529 | stop processing: n_tokens = 582, truncated = 0
ollama-1  | srv  update_slots: all slots are idle
ollama-1  | [GIN] 2026/10/08 - 04:36:37 | 200 | 43.851227377s |      172.21.0.4 | POST     "/api/generate"
ollama-1  | srv  server_strea: conv_id= (empty=1)
ollama-1  | slot get_availabl: id  0 | task -1 |  - checking sim = 0.580 (379/654) > 0.100
ollama-1  | slot get_availabl: id  0 | task -1 | selected slot by LCP similarity, f_sim_best = 0.580 (> 0.100 thold), f_keep = 0.651
ollama-1  | slot launch_slot_: id  0 | task -1 | sampler chain: logits -> ?penalties -> ?dry -> ?top-n-sigma -> top-k -> ?typical -> top-p -> ?min-p -> ?xtc -> temp-ext -> dist 
ollama-1  | slot launch_slot_: id  0 | task -1 | sampler params: 
ollama-1  | 	repeat_last_n = 64, repeat_penalty = 1.000, frequency_penalty = 0.000, presence_penalty = 0.000
ollama-1  | 	dry_multiplier = 0.000, dry_base = 1.750, dry_allowed_length = 2, dry_penalty_last_n = 64
ollama-1  | 	top_k = 40, top_p = 0.900, min_p = 0.000, xtc_probability = 0.000, xtc_threshold = 0.100, typical_p = 1.000, top_n_sigma = -1.000, temp = 0.000
ollama-1  | 	mirostat = 0, mirostat_lr = 0.100, mirostat_ent = 5.000, adaptive_target = -1.000, adaptive_decay = 0.900
ollama-1  | slot launch_slot_: id  0 | task 12540 | processing task, is_child = 0
ollama-1  | slot   operator(): id  0 | task 12540 | new prompt, n_ctx_slot = 4096, n_keep = 4, task.n_tokens = 654
ollama-1  | slot   operator(): id  0 | task 12540 | cached n_tokens = 379, memory_seq_rm [379, end)
ollama-1  | slot init_sampler: id  0 | task 12540 | init sampler, took 0.05 ms, tokens: text = 654, total = 654
ollama-1  | slot print_timing: id  0 | task 12540 | prompt eval time =    2037.52 ms /   275 tokens (    7.41 ms per token,   134.97 tokens per second)
ollama-1  | slot print_timing: id  0 | task 12540 |        eval time =     277.23 ms /     9 tokens (   34.65 ms per token,    28.86 tokens per second)
ollama-1  | slot print_timing: id  0 | task 12540 |       total time =    2314.74 ms /   284 tokens
ollama-1  | slot print_timing: id  0 | task 12540 |    graphs reused =       9003
ollama-1  | slot      release: id  0 | task 12540 | stop processing: n_tokens = 662, truncated = 0
ollama-1  | srv  update_slots: all slots are idle
ollama-1  | [GIN] 2026/10/08 - 04:36:39 | 200 | 43.471110158s |      172.21.0.4 | POST     "/api/generate"
ollama-1  | srv  server_strea: conv_id= (empty=1)
ollama-1  | slot get_availabl: id  0 | task -1 |  - checking sim = 0.664 (379/571) > 0.100
ollama-1  | slot get_availabl: id  0 | task -1 | selected slot by LCP similarity, f_sim_best = 0.664 (> 0.100 thold), f_keep = 0.573
ollama-1  | slot launch_slot_: id  0 | task -1 | sampler chain: logits -> ?penalties -> ?dry -> ?top-n-sigma -> top-k -> ?typical -> top-p -> ?min-p -> ?xtc -> temp-ext -> dist 
ollama-1  | slot launch_slot_: id  0 | task -1 | sampler params: 
ollama-1  | 	repeat_last_n = 64, repeat_penalty = 1.000, frequency_penalty = 0.000, presence_penalty = 0.000
ollama-1  | 	dry_multiplier = 0.000, dry_base = 1.750, dry_allowed_length = 2, dry_penalty_last_n = 64
ollama-1  | 	top_k = 40, top_p = 0.900, min_p = 0.000, xtc_probability = 0.000, xtc_threshold = 0.100, typical_p = 1.000, top_n_sigma = -1.000, temp = 0.000
ollama-1  | 	mirostat = 0, mirostat_lr = 0.100, mirostat_ent = 5.000, adaptive_target = -1.000, adaptive_decay = 0.900
ollama-1  | slot launch_slot_: id  0 | task 12550 | processing task, is_child = 0
ollama-1  | slot   operator(): id  0 | task 12550 | new prompt, n_ctx_slot = 4096, n_keep = 4, task.n_tokens = 571
ollama-1  | slot   operator(): id  0 | task 12550 | cached n_tokens = 379, memory_seq_rm [379, end)
ollama-1  | slot init_sampler: id  0 | task 12550 | init sampler, took 0.05 ms, tokens: text = 571, total = 571
ollama-1  | slot print_timing: id  0 | task 12550 | prompt eval time =    1421.91 ms /   192 tokens (    7.41 ms per token,   135.03 tokens per second)
ollama-1  | slot print_timing: id  0 | task 12550 |        eval time =     269.86 ms /     9 tokens (   33.73 ms per token,    29.64 tokens per second)
ollama-1  | slot print_timing: id  0 | task 12550 |       total time =    1691.78 ms /   201 tokens
ollama-1  | slot print_timing: id  0 | task 12550 |    graphs reused =       9010
ollama-1  | slot      release: id  0 | task 12550 | stop processing: n_tokens = 579, truncated = 0
ollama-1  | srv  update_slots: all slots are idle
ollama-1  | [GIN] 2026/10/08 - 04:36:41 | 200 | 44.167117732s |      172.21.0.4 | POST     "/api/generate"
ollama-1  | srv  server_strea: conv_id= (empty=1)
ollama-1  | slot get_availabl: id  0 | task -1 |  - checking sim = 0.559 (379/678) > 0.100
ollama-1  | slot get_availabl: id  0 | task -1 | selected slot by LCP similarity, f_sim_best = 0.559 (> 0.100 thold), f_keep = 0.655
ollama-1  | slot launch_slot_: id  0 | task -1 | sampler chain: logits -> ?penalties -> ?dry -> ?top-n-sigma -> top-k -> ?typical -> top-p -> ?min-p -> ?xtc -> temp-ext -> dist 
ollama-1  | slot launch_slot_: id  0 | task -1 | sampler params: 
ollama-1  | 	repeat_last_n = 64, repeat_penalty = 1.000, frequency_penalty = 0.000, presence_penalty = 0.000
ollama-1  | 	dry_multiplier = 0.000, dry_base = 1.750, dry_allowed_length = 2, dry_penalty_last_n = 64
ollama-1  | 	top_k = 40, top_p = 0.900, min_p = 0.000, xtc_probability = 0.000, xtc_threshold = 0.100, typical_p = 1.000, top_n_sigma = -1.000, temp = 0.000
ollama-1  | 	mirostat = 0, mirostat_lr = 0.100, mirostat_ent = 5.000, adaptive_target = -1.000, adaptive_decay = 0.900
ollama-1  | slot launch_slot_: id  0 | task 12560 | processing task, is_child = 0
ollama-1  | slot   operator(): id  0 | task 12560 | new prompt, n_ctx_slot = 4096, n_keep = 4, task.n_tokens = 678
ollama-1  | slot   operator(): id  0 | task 12560 | cached n_tokens = 379, memory_seq_rm [379, end)
ollama-1  | slot init_sampler: id  0 | task 12560 | init sampler, took 0.14 ms, tokens: text = 678, total = 678
ollama-1  | slot print_timing: id  0 | task 12560 | prompt eval time =    2228.30 ms /   299 tokens (    7.45 ms per token,   134.18 tokens per second)
ollama-1  | slot print_timing: id  0 | task 12560 |        eval time =     318.61 ms /    10 tokens (   35.40 ms per token,    28.25 tokens per second)
ollama-1  | slot print_timing: id  0 | task 12560 |       total time =    2546.92 ms /   309 tokens
ollama-1  | slot print_timing: id  0 | task 12560 |    graphs reused =       9018
ollama-1  | slot      release: id  0 | task 12560 | stop processing: n_tokens = 687, truncated = 0
ollama-1  | srv  update_slots: all slots are idle
ollama-1  | [GIN] 2026/10/08 - 04:36:43 | 200 | 45.906517136s |      172.21.0.4 | POST     "/api/generate"
ollama-1  | srv  server_strea: conv_id= (empty=1)
ollama-1  | slot get_availabl: id  0 | task -1 |  - checking sim = 0.798 (379/475) > 0.100
ollama-1  | slot get_availabl: id  0 | task -1 | selected slot by LCP similarity, f_sim_best = 0.798 (> 0.100 thold), f_keep = 0.552
ollama-1  | slot launch_slot_: id  0 | task -1 | sampler chain: logits -> ?penalties -> ?dry -> ?top-n-sigma -> top-k -> ?typical -> top-p -> ?min-p -> ?xtc -> temp-ext -> dist 
ollama-1  | slot launch_slot_: id  0 | task -1 | sampler params: 
ollama-1  | 	repeat_last_n = 64, repeat_penalty = 1.000, frequency_penalty = 0.000, presence_penalty = 0.000
ollama-1  | 	dry_multiplier = 0.000, dry_base = 1.750, dry_allowed_length = 2, dry_penalty_last_n = 64
ollama-1  | 	top_k = 40, top_p = 0.900, min_p = 0.000, xtc_probability = 0.000, xtc_threshold = 0.100, typical_p = 1.000, top_n_sigma = -1.000, temp = 0.000
ollama-1  | 	mirostat = 0, mirostat_lr = 0.100, mirostat_ent = 5.000, adaptive_target = -1.000, adaptive_decay = 0.900
ollama-1  | slot launch_slot_: id  0 | task 12571 | processing task, is_child = 0
ollama-1  | slot   operator(): id  0 | task 12571 | new prompt, n_ctx_slot = 4096, n_keep = 4, task.n_tokens = 475
ollama-1  | slot   operator(): id  0 | task 12571 | cached n_tokens = 379, memory_seq_rm [379, end)
ollama-1  | slot init_sampler: id  0 | task 12571 | init sampler, took 0.05 ms, tokens: text = 475, total = 475
ollama-1  | [GIN] 2026/10/08 - 04:36:44 | 200 |      28.355µs |       127.0.0.1 | HEAD     "/"
ollama-1  | [GIN] 2026/10/08 - 04:36:44 | 200 |    1.274123ms |       127.0.0.1 | GET      "/api/tags"
ollama-1  | slot print_timing: id  0 | task 12571 | prompt eval time =     697.04 ms /    96 tokens (    7.26 ms per token,   137.73 tokens per second)
ollama-1  | slot print_timing: id  0 | task 12571 |        eval time =     276.77 ms /     9 tokens (   34.60 ms per token,    28.90 tokens per second)
ollama-1  | slot print_timing: id  0 | task 12571 |       total time =     973.81 ms /   105 tokens
ollama-1  | slot print_timing: id  0 | task 12571 |    graphs reused =       9025
ollama-1  | slot      release: id  0 | task 12571 | stop processing: n_tokens = 483, truncated = 0
ollama-1  | srv  update_slots: all slots are idle
ollama-1  | [GIN] 2026/10/08 - 04:36:44 | 200 | 44.467823393s |      172.21.0.4 | POST     "/api/generate"
ollama-1  | srv  server_strea: conv_id= (empty=1)
ollama-1  | slot get_availabl: id  0 | task -1 |  - checking sim = 0.658 (379/576) > 0.100
ollama-1  | slot get_availabl: id  0 | task -1 | selected slot by LCP similarity, f_sim_best = 0.658 (> 0.100 thold), f_keep = 0.785
ollama-1  | slot launch_slot_: id  0 | task -1 | sampler chain: logits -> ?penalties -> ?dry -> ?top-n-sigma -> top-k -> ?typical -> top-p -> ?min-p -> ?xtc -> temp-ext -> dist 
ollama-1  | slot launch_slot_: id  0 | task -1 | sampler params: 
ollama-1  | 	repeat_last_n = 64, repeat_penalty = 1.000, frequency_penalty = 0.000, presence_penalty = 0.000
ollama-1  | 	dry_multiplier = 0.000, dry_base = 1.750, dry_allowed_length = 2, dry_penalty_last_n = 64
ollama-1  | 	top_k = 40, top_p = 0.900, min_p = 0.000, xtc_probability = 0.000, xtc_threshold = 0.100, typical_p = 1.000, top_n_sigma = -1.000, temp = 0.000
ollama-1  | 	mirostat = 0, mirostat_lr = 0.100, mirostat_ent = 5.000, adaptive_target = -1.000, adaptive_decay = 0.900
ollama-1  | slot launch_slot_: id  0 | task 12581 | processing task, is_child = 0
ollama-1  | slot   operator(): id  0 | task 12581 | new prompt, n_ctx_slot = 4096, n_keep = 4, task.n_tokens = 576
ollama-1  | slot   operator(): id  0 | task 12581 | cached n_tokens = 379, memory_seq_rm [379, end)
ollama-1  | slot init_sampler: id  0 | task 12581 | init sampler, took 0.06 ms, tokens: text = 576, total = 576
ollama-1  | slot print_timing: id  0 | task 12581 | prompt eval time =    1484.28 ms /   197 tokens (    7.53 ms per token,   132.72 tokens per second)
ollama-1  | slot print_timing: id  0 | task 12581 |        eval time =     345.85 ms /    11 tokens (   34.58 ms per token,    28.91 tokens per second)
ollama-1  | slot print_timing: id  0 | task 12581 |       total time =    1830.13 ms /   208 tokens
ollama-1  | slot print_timing: id  0 | task 12581 |    graphs reused =       9034
ollama-1  | slot      release: id  0 | task 12581 | stop processing: n_tokens = 586, truncated = 0
ollama-1  | srv  update_slots: all slots are idle
ollama-1  | [GIN] 2026/10/08 - 04:36:46 | 200 | 44.842586333s |      172.21.0.4 | POST     "/api/generate"
ollama-1  | srv  server_strea: conv_id= (empty=1)
ollama-1  | slot get_availabl: id  0 | task -1 |  - checking sim = 0.677 (381/563) > 0.100
ollama-1  | slot get_availabl: id  0 | task -1 | selected slot by LCP similarity, f_sim_best = 0.677 (> 0.100 thold), f_keep = 0.650
ollama-1  | slot launch_slot_: id  0 | task -1 | sampler chain: logits -> ?penalties -> ?dry -> ?top-n-sigma -> top-k -> ?typical -> top-p -> ?min-p -> ?xtc -> temp-ext -> dist 
ollama-1  | slot launch_slot_: id  0 | task -1 | sampler params: 
ollama-1  | 	repeat_last_n = 64, repeat_penalty = 1.000, frequency_penalty = 0.000, presence_penalty = 0.000
ollama-1  | 	dry_multiplier = 0.000, dry_base = 1.750, dry_allowed_length = 2, dry_penalty_last_n = 64
ollama-1  | 	top_k = 40, top_p = 0.900, min_p = 0.000, xtc_probability = 0.000, xtc_threshold = 0.100, typical_p = 1.000, top_n_sigma = -1.000, temp = 0.000
ollama-1  | 	mirostat = 0, mirostat_lr = 0.100, mirostat_ent = 5.000, adaptive_target = -1.000, adaptive_decay = 0.900
ollama-1  | slot launch_slot_: id  0 | task 12593 | processing task, is_child = 0
ollama-1  | slot   operator(): id  0 | task 12593 | new prompt, n_ctx_slot = 4096, n_keep = 4, task.n_tokens = 563
ollama-1  | slot   operator(): id  0 | task 12593 | cached n_tokens = 381, memory_seq_rm [381, end)
ollama-1  | slot init_sampler: id  0 | task 12593 | init sampler, took 0.04 ms, tokens: text = 563, total = 563
ollama-1  | slot print_timing: id  0 | task 12593 | prompt eval time =    1349.60 ms /   182 tokens (    7.42 ms per token,   134.85 tokens per second)
ollama-1  | slot print_timing: id  0 | task 12593 |        eval time =     345.46 ms /    11 tokens (   34.55 ms per token,    28.95 tokens per second)
ollama-1  | slot print_timing: id  0 | task 12593 |       total time =    1695.06 ms /   193 tokens
ollama-1  | slot print_timing: id  0 | task 12593 |    graphs reused =       9043
ollama-1  | slot      release: id  0 | task 12593 | stop processing: n_tokens = 573, truncated = 0
ollama-1  | srv  update_slots: all slots are idle
ollama-1  | [GIN] 2026/10/08 - 04:36:48 | 200 | 45.748331391s |      172.21.0.4 | POST     "/api/generate"
ollama-1  | srv  server_strea: conv_id= (empty=1)
ollama-1  | slot get_availabl: id  0 | task -1 |  - checking sim = 0.553 (380/687) > 0.100
ollama-1  | slot get_availabl: id  0 | task -1 | selected slot by LCP similarity, f_sim_best = 0.553 (> 0.100 thold), f_keep = 0.663
ollama-1  | slot launch_slot_: id  0 | task -1 | sampler chain: logits -> ?penalties -> ?dry -> ?top-n-sigma -> top-k -> ?typical -> top-p -> ?min-p -> ?xtc -> temp-ext -> dist 
ollama-1  | slot launch_slot_: id  0 | task -1 | sampler params: 
ollama-1  | 	repeat_last_n = 64, repeat_penalty = 1.000, frequency_penalty = 0.000, presence_penalty = 0.000
ollama-1  | 	dry_multiplier = 0.000, dry_base = 1.750, dry_allowed_length = 2, dry_penalty_last_n = 64
ollama-1  | 	top_k = 40, top_p = 0.900, min_p = 0.000, xtc_probability = 0.000, xtc_threshold = 0.100, typical_p = 1.000, top_n_sigma = -1.000, temp = 0.000
ollama-1  | 	mirostat = 0, mirostat_lr = 0.100, mirostat_ent = 5.000, adaptive_target = -1.000, adaptive_decay = 0.900
ollama-1  | slot launch_slot_: id  0 | task 12605 | processing task, is_child = 0
ollama-1  | slot   operator(): id  0 | task 12605 | new prompt, n_ctx_slot = 4096, n_keep = 4, task.n_tokens = 687
ollama-1  | slot   operator(): id  0 | task 12605 | cached n_tokens = 380, memory_seq_rm [380, end)
ollama-1  | slot init_sampler: id  0 | task 12605 | init sampler, took 0.05 ms, tokens: text = 687, total = 687
ollama-1  | slot print_timing: id  0 | task 12605 | prompt eval time =    2282.30 ms /   307 tokens (    7.43 ms per token,   134.51 tokens per second)
ollama-1  | slot print_timing: id  0 | task 12605 |        eval time =     344.79 ms /    11 tokens (   34.48 ms per token,    29.00 tokens per second)
ollama-1  | slot print_timing: id  0 | task 12605 |       total time =    2627.09 ms /   318 tokens
ollama-1  | slot print_timing: id  0 | task 12605 |    graphs reused =       9052
ollama-1  | slot      release: id  0 | task 12605 | stop processing: n_tokens = 697, truncated = 0
ollama-1  | srv  update_slots: all slots are idle
ollama-1  | [GIN] 2026/10/08 - 04:36:50 | 200 | 44.581535845s |      172.21.0.4 | POST     "/api/generate"
ollama-1  | srv  server_strea: conv_id= (empty=1)
ollama-1  | slot get_availabl: id  0 | task -1 |  - checking sim = 0.728 (380/522) > 0.100
ollama-1  | slot get_availabl: id  0 | task -1 | selected slot by LCP similarity, f_sim_best = 0.728 (> 0.100 thold), f_keep = 0.545
ollama-1  | slot launch_slot_: id  0 | task -1 | sampler chain: logits -> ?penalties -> ?dry -> ?top-n-sigma -> top-k -> ?typical -> top-p -> ?min-p -> ?xtc -> temp-ext -> dist 
ollama-1  | slot launch_slot_: id  0 | task -1 | sampler params: 
ollama-1  | 	repeat_last_n = 64, repeat_penalty = 1.000, frequency_penalty = 0.000, presence_penalty = 0.000
ollama-1  | 	dry_multiplier = 0.000, dry_base = 1.750, dry_allowed_length = 2, dry_penalty_last_n = 64
ollama-1  | 	top_k = 40, top_p = 0.900, min_p = 0.000, xtc_probability = 0.000, xtc_threshold = 0.100, typical_p = 1.000, top_n_sigma = -1.000, temp = 0.000
ollama-1  | 	mirostat = 0, mirostat_lr = 0.100, mirostat_ent = 5.000, adaptive_target = -1.000, adaptive_decay = 0.900
ollama-1  | slot launch_slot_: id  0 | task 12617 | processing task, is_child = 0
ollama-1  | slot   operator(): id  0 | task 12617 | new prompt, n_ctx_slot = 4096, n_keep = 4, task.n_tokens = 522
ollama-1  | slot   operator(): id  0 | task 12617 | cached n_tokens = 380, memory_seq_rm [380, end)
ollama-1  | slot init_sampler: id  0 | task 12617 | init sampler, took 0.04 ms, tokens: text = 522, total = 522
ollama-1  | slot print_timing: id  0 | task 12617 | prompt eval time =    1077.33 ms /   142 tokens (    7.59 ms per token,   131.81 tokens per second)
ollama-1  | slot print_timing: id  0 | task 12617 |        eval time =     269.77 ms /     9 tokens (   33.72 ms per token,    29.66 tokens per second)
ollama-1  | slot print_timing: id  0 | task 12617 |       total time =    1347.10 ms /   151 tokens
ollama-1  | slot print_timing: id  0 | task 12617 |    graphs reused =       9059
ollama-1  | slot      release: id  0 | task 12617 | stop processing: n_tokens = 530, truncated = 0
ollama-1  | srv  update_slots: all slots are idle
ollama-1  | [GIN] 2026/10/08 - 04:36:52 | 200 | 42.632901736s |      172.21.0.4 | POST     "/api/generate"
ollama-1  | srv  server_strea: conv_id= (empty=1)
ollama-1  | slot get_availabl: id  0 | task -1 |  - checking sim = 0.651 (379/582) > 0.100
ollama-1  | slot get_availabl: id  0 | task -1 | selected slot by LCP similarity, f_sim_best = 0.651 (> 0.100 thold), f_keep = 0.715
ollama-1  | slot launch_slot_: id  0 | task -1 | sampler chain: logits -> ?penalties -> ?dry -> ?top-n-sigma -> top-k -> ?typical -> top-p -> ?min-p -> ?xtc -> temp-ext -> dist 
ollama-1  | slot launch_slot_: id  0 | task -1 | sampler params: 
ollama-1  | 	repeat_last_n = 64, repeat_penalty = 1.000, frequency_penalty = 0.000, presence_penalty = 0.000
ollama-1  | 	dry_multiplier = 0.000, dry_base = 1.750, dry_allowed_length = 2, dry_penalty_last_n = 64
ollama-1  | 	top_k = 40, top_p = 0.900, min_p = 0.000, xtc_probability = 0.000, xtc_threshold = 0.100, typical_p = 1.000, top_n_sigma = -1.000, temp = 0.000
ollama-1  | 	mirostat = 0, mirostat_lr = 0.100, mirostat_ent = 5.000, adaptive_target = -1.000, adaptive_decay = 0.900
ollama-1  | slot launch_slot_: id  0 | task 12627 | processing task, is_child = 0
ollama-1  | slot   operator(): id  0 | task 12627 | new prompt, n_ctx_slot = 4096, n_keep = 4, task.n_tokens = 582
ollama-1  | slot   operator(): id  0 | task 12627 | cached n_tokens = 379, memory_seq_rm [379, end)
ollama-1  | slot init_sampler: id  0 | task 12627 | init sampler, took 0.05 ms, tokens: text = 582, total = 582
ollama-1  | slot print_timing: id  0 | task 12627 | prompt eval time =    1530.28 ms /   203 tokens (    7.54 ms per token,   132.66 tokens per second)
ollama-1  | slot print_timing: id  0 | task 12627 |        eval time =     348.54 ms /    11 tokens (   34.85 ms per token,    28.69 tokens per second)
ollama-1  | slot print_timing: id  0 | task 12627 |       total time =    1878.82 ms /   214 tokens
ollama-1  | slot print_timing: id  0 | task 12627 |    graphs reused =       9068
ollama-1  | slot      release: id  0 | task 12627 | stop processing: n_tokens = 592, truncated = 0
ollama-1  | srv  update_slots: all slots are idle
ollama-1  | [GIN] 2026/10/08 - 04:36:53 | 200 | 42.380684249s |      172.21.0.4 | POST     "/api/generate"
ollama-1  | srv  server_strea: conv_id= (empty=1)
ollama-1  | slot get_availabl: id  0 | task -1 |  - checking sim = 0.694 (379/546) > 0.100
ollama-1  | slot get_availabl: id  0 | task -1 | selected slot by LCP similarity, f_sim_best = 0.694 (> 0.100 thold), f_keep = 0.640
ollama-1  | slot launch_slot_: id  0 | task -1 | sampler chain: logits -> ?penalties -> ?dry -> ?top-n-sigma -> top-k -> ?typical -> top-p -> ?min-p -> ?xtc -> temp-ext -> dist 
ollama-1  | slot launch_slot_: id  0 | task -1 | sampler params: 
ollama-1  | 	repeat_last_n = 64, repeat_penalty = 1.000, frequency_penalty = 0.000, presence_penalty = 0.000
ollama-1  | 	dry_multiplier = 0.000, dry_base = 1.750, dry_allowed_length = 2, dry_penalty_last_n = 64
ollama-1  | 	top_k = 40, top_p = 0.900, min_p = 0.000, xtc_probability = 0.000, xtc_threshold = 0.100, typical_p = 1.000, top_n_sigma = -1.000, temp = 0.000
ollama-1  | 	mirostat = 0, mirostat_lr = 0.100, mirostat_ent = 5.000, adaptive_target = -1.000, adaptive_decay = 0.900
ollama-1  | slot launch_slot_: id  0 | task 12639 | processing task, is_child = 0
ollama-1  | slot   operator(): id  0 | task 12639 | new prompt, n_ctx_slot = 4096, n_keep = 4, task.n_tokens = 546
ollama-1  | slot   operator(): id  0 | task 12639 | cached n_tokens = 379, memory_seq_rm [379, end)
ollama-1  | slot init_sampler: id  0 | task 12639 | init sampler, took 0.06 ms, tokens: text = 546, total = 546
ollama-1  | [GIN] 2026/10/08 - 04:36:54 | 200 |      27.772µs |       127.0.0.1 | HEAD     "/"
ollama-1  | [GIN] 2026/10/08 - 04:36:54 | 200 |    1.329333ms |       127.0.0.1 | GET      "/api/tags"
ollama-1  | slot print_timing: id  0 | task 12639 | prompt eval time =    1286.38 ms /   167 tokens (    7.70 ms per token,   129.82 tokens per second)
ollama-1  | slot print_timing: id  0 | task 12639 |        eval time =     275.76 ms /     9 tokens (   34.47 ms per token,    29.01 tokens per second)
ollama-1  | slot print_timing: id  0 | task 12639 |       total time =    1562.14 ms /   176 tokens
ollama-1  | slot print_timing: id  0 | task 12639 |    graphs reused =       9075
ollama-1  | slot      release: id  0 | task 12639 | stop processing: n_tokens = 554, truncated = 0
ollama-1  | srv  update_slots: all slots are idle
ollama-1  | [GIN] 2026/10/08 - 04:36:55 | 200 | 41.483391663s |      172.21.0.4 | POST     "/api/generate"
ollama-1  | srv  server_strea: conv_id= (empty=1)
ollama-1  | slot get_availabl: id  0 | task -1 |  - checking sim = 0.593 (379/639) > 0.100
ollama-1  | slot get_availabl: id  0 | task -1 | selected slot by LCP similarity, f_sim_best = 0.593 (> 0.100 thold), f_keep = 0.684
ollama-1  | slot launch_slot_: id  0 | task -1 | sampler chain: logits -> ?penalties -> ?dry -> ?top-n-sigma -> top-k -> ?typical -> top-p -> ?min-p -> ?xtc -> temp-ext -> dist 
ollama-1  | slot launch_slot_: id  0 | task -1 | sampler params: 
ollama-1  | 	repeat_last_n = 64, repeat_penalty = 1.000, frequency_penalty = 0.000, presence_penalty = 0.000
ollama-1  | 	dry_multiplier = 0.000, dry_base = 1.750, dry_allowed_length = 2, dry_penalty_last_n = 64
ollama-1  | 	top_k = 40, top_p = 0.900, min_p = 0.000, xtc_probability = 0.000, xtc_threshold = 0.100, typical_p = 1.000, top_n_sigma = -1.000, temp = 0.000
ollama-1  | 	mirostat = 0, mirostat_lr = 0.100, mirostat_ent = 5.000, adaptive_target = -1.000, adaptive_decay = 0.900
ollama-1  | slot launch_slot_: id  0 | task 12649 | processing task, is_child = 0
ollama-1  | slot   operator(): id  0 | task 12649 | new prompt, n_ctx_slot = 4096, n_keep = 4, task.n_tokens = 639
ollama-1  | slot   operator(): id  0 | task 12649 | cached n_tokens = 379, memory_seq_rm [379, end)
ollama-1  | slot init_sampler: id  0 | task 12649 | init sampler, took 0.05 ms, tokens: text = 639, total = 639
ollama-1  | slot print_timing: id  0 | task 12649 | prompt eval time =    1927.11 ms /   260 tokens (    7.41 ms per token,   134.92 tokens per second)
ollama-1  | slot print_timing: id  0 | task 12649 |        eval time =     353.22 ms /    11 tokens (   35.32 ms per token,    28.31 tokens per second)
ollama-1  | slot print_timing: id  0 | task 12649 |       total time =    2280.33 ms /   271 tokens
ollama-1  | slot print_timing: id  0 | task 12649 |    graphs reused =       9084
ollama-1  | slot      release: id  0 | task 12649 | stop processing: n_tokens = 649, truncated = 0
ollama-1  | srv  update_slots: all slots are idle
ollama-1  | [GIN] 2026/10/08 - 04:36:59 | 200 | 42.045416257s |      172.21.0.4 | POST     "/api/generate"
ollama-1  | srv  server_strea: conv_id= (empty=1)
ollama-1  | slot get_availabl: id  0 | task -1 |  - checking sim = 0.518 (379/731) > 0.100
ollama-1  | slot get_availabl: id  0 | task -1 | selected slot by LCP similarity, f_sim_best = 0.518 (> 0.100 thold), f_keep = 0.584
ollama-1  | slot launch_slot_: id  0 | task -1 | sampler chain: logits -> ?penalties -> ?dry -> ?top-n-sigma -> top-k -> ?typical -> top-p -> ?min-p -> ?xtc -> temp-ext -> dist 
ollama-1  | slot launch_slot_: id  0 | task -1 | sampler params: 
ollama-1  | 	repeat_last_n = 64, repeat_penalty = 1.000, frequency_penalty = 0.000, presence_penalty = 0.000
ollama-1  | 	dry_multiplier = 0.000, dry_base = 1.750, dry_allowed_length = 2, dry_penalty_last_n = 64
ollama-1  | 	top_k = 40, top_p = 0.900, min_p = 0.000, xtc_probability = 0.000, xtc_threshold = 0.100, typical_p = 1.000, top_n_sigma = -1.000, temp = 0.000
ollama-1  | 	mirostat = 0, mirostat_lr = 0.100, mirostat_ent = 5.000, adaptive_target = -1.000, adaptive_decay = 0.900
ollama-1  | slot launch_slot_: id  0 | task 12661 | processing task, is_child = 0
ollama-1  | slot   operator(): id  0 | task 12661 | new prompt, n_ctx_slot = 4096, n_keep = 4, task.n_tokens = 731
ollama-1  | slot   operator(): id  0 | task 12661 | cached n_tokens = 379, memory_seq_rm [379, end)
ollama-1  | slot init_sampler: id  0 | task 12661 | init sampler, took 0.09 ms, tokens: text = 731, total = 731
ollama-1  | slot print_timing: id  0 | task 12661 | prompt eval time =    2545.63 ms /   352 tokens (    7.23 ms per token,   138.28 tokens per second)
ollama-1  | slot print_timing: id  0 | task 12661 |        eval time =     318.72 ms /    10 tokens (   35.41 ms per token,    28.24 tokens per second)
ollama-1  | slot print_timing: id  0 | task 12661 |       total time =    2864.35 ms /   362 tokens
ollama-1  | slot print_timing: id  0 | task 12661 |    graphs reused =       9092
ollama-1  | slot      release: id  0 | task 12661 | stop processing: n_tokens = 740, truncated = 0
ollama-1  | srv  update_slots: all slots are idle
ollama-1  | [GIN] 2026/10/08 - 04:37:02 | 200 | 43.116315676s |      172.21.0.4 | POST     "/api/generate"
ollama-1  | srv  server_strea: conv_id= (empty=1)
ollama-1  | slot get_availabl: id  0 | task -1 |  - checking sim = 0.495 (379/766) > 0.100
ollama-1  | slot get_availabl: id  0 | task -1 | selected slot by LCP similarity, f_sim_best = 0.495 (> 0.100 thold), f_keep = 0.512
ollama-1  | slot launch_slot_: id  0 | task -1 | sampler chain: logits -> ?penalties -> ?dry -> ?top-n-sigma -> top-k -> ?typical -> top-p -> ?min-p -> ?xtc -> temp-ext -> dist 
ollama-1  | slot launch_slot_: id  0 | task -1 | sampler params: 
ollama-1  | 	repeat_last_n = 64, repeat_penalty = 1.000, frequency_penalty = 0.000, presence_penalty = 0.000
ollama-1  | 	dry_multiplier = 0.000, dry_base = 1.750, dry_allowed_length = 2, dry_penalty_last_n = 64
ollama-1  | 	top_k = 40, top_p = 0.900, min_p = 0.000, xtc_probability = 0.000, xtc_threshold = 0.100, typical_p = 1.000, top_n_sigma = -1.000, temp = 0.000
ollama-1  | 	mirostat = 0, mirostat_lr = 0.100, mirostat_ent = 5.000, adaptive_target = -1.000, adaptive_decay = 0.900
ollama-1  | slot launch_slot_: id  0 | task 12672 | processing task, is_child = 0
ollama-1  | slot   operator(): id  0 | task 12672 | new prompt, n_ctx_slot = 4096, n_keep = 4, task.n_tokens = 766
ollama-1  | slot   operator(): id  0 | task 12672 | cached n_tokens = 379, memory_seq_rm [379, end)
ollama-1  | slot init_sampler: id  0 | task 12672 | init sampler, took 0.08 ms, tokens: text = 766, total = 766
ollama-1  | slot print_timing: id  0 | task 12672 | prompt eval time =    2851.15 ms /   387 tokens (    7.37 ms per token,   135.73 tokens per second)
ollama-1  | slot print_timing: id  0 | task 12672 |        eval time =     305.00 ms /     9 tokens (   38.12 ms per token,    26.23 tokens per second)
ollama-1  | slot print_timing: id  0 | task 12672 |       total time =    3156.15 ms /   396 tokens
ollama-1  | slot print_timing: id  0 | task 12672 |    graphs reused =       9098
ollama-1  | slot      release: id  0 | task 12672 | stop processing: n_tokens = 774, truncated = 0
ollama-1  | srv  update_slots: all slots are idle
ollama-1  | [GIN] 2026/10/08 - 04:37:05 | 200 | 44.277600012s |      172.21.0.4 | POST     "/api/generate"
ollama-1  | srv  server_strea: conv_id= (empty=1)
ollama-1  | slot get_availabl: id  0 | task -1 |  - checking sim = 0.772 (379/491) > 0.100
ollama-1  | slot get_availabl: id  0 | task -1 | selected slot by LCP similarity, f_sim_best = 0.772 (> 0.100 thold), f_keep = 0.490
ollama-1  | srv  get_availabl: updating prompt cache
ollama-1  | srv   prompt_save:  - saving prompt with length 774, total state size = 290.260 MiB (draft: 0.000 MiB)
ollama-1  | srv         alloc:  - making room for prompt cache entry, removing oldest entry (size = 333.761 MiB)
ollama-1  | srv          load:  - looking for better prompt, base f_keep = 0.490, f_sim = 0.772
ollama-1  | srv          load:    - prompt with length     904, lcp =     379, f_keep = 0.419, f_sim = 0.772
ollama-1  | srv          load:    - prompt with length     900, lcp =     379, f_keep = 0.421, f_sim = 0.772
ollama-1  | srv          load:    - prompt with length     840, lcp =     379, f_keep = 0.451, f_sim = 0.772
ollama-1  | srv          load:    - prompt with length     770, lcp =     379, f_keep = 0.492, f_sim = 0.772
ollama-1  | srv          load:    - prompt with length     846, lcp =     379, f_keep = 0.448, f_sim = 0.772
ollama-1  | srv          load:    - prompt with length     827, lcp =     379, f_keep = 0.458, f_sim = 0.772
ollama-1  | srv          load:    - prompt with length     888, lcp =     379, f_keep = 0.427, f_sim = 0.772
ollama-1  | srv          load:    - prompt with length     942, lcp =     379, f_keep = 0.402, f_sim = 0.772
ollama-1  | srv          load:    - prompt with length     835, lcp =     379, f_keep = 0.454, f_sim = 0.772
ollama-1  | srv          load:    - prompt with length     835, lcp =     379, f_keep = 0.454, f_sim = 0.772
ollama-1  | srv          load:    - prompt with length     837, lcp =     379, f_keep = 0.453, f_sim = 0.772
ollama-1  | srv          load:    - prompt with length     810, lcp =     379, f_keep = 0.468, f_sim = 0.772
ollama-1  | srv          load:    - prompt with length     893, lcp =     379, f_keep = 0.424, f_sim = 0.772
ollama-1  | srv          load:    - prompt with length    1243, lcp =     379, f_keep = 0.305, f_sim = 0.772
ollama-1  | srv          load:    - prompt with length     779, lcp =     379, f_keep = 0.487, f_sim = 0.772
ollama-1  | srv          load:    - prompt with length     766, lcp =     379, f_keep = 0.495, f_sim = 0.772
ollama-1  | srv          load:    - prompt with length     813, lcp =     379, f_keep = 0.466, f_sim = 0.772
ollama-1  | srv          load:    - prompt with length     830, lcp =     379, f_keep = 0.457, f_sim = 0.772
ollama-1  | srv          load:    - prompt with length     823, lcp =     379, f_keep = 0.461, f_sim = 0.772
ollama-1  | srv          load:    - prompt with length     764, lcp =     379, f_keep = 0.496, f_sim = 0.772
ollama-1  | srv          load:    - prompt with length     801, lcp =     379, f_keep = 0.473, f_sim = 0.772
ollama-1  | srv          load:    - prompt with length     863, lcp =     379, f_keep = 0.439, f_sim = 0.772
ollama-1  | srv          load:    - prompt with length     862, lcp =     379, f_keep = 0.440, f_sim = 0.772
ollama-1  | srv          load:    - prompt with length     767, lcp =     379, f_keep = 0.494, f_sim = 0.772
ollama-1  | srv          load:    - prompt with length     774, lcp =     379, f_keep = 0.490, f_sim = 0.772
ollama-1  | srv        update:  - cache state: 25 prompts, 7954.762 MiB (limits: 8192.000 MiB, 4096 tokens, 21844 est)
ollama-1  | srv        update:    - prompt 0x39521940:     904 tokens, checkpoints:  0,   339.011 MiB
ollama-1  | srv        update:    - prompt 0x39903680:     900 tokens, checkpoints:  0,   337.511 MiB
ollama-1  | srv        update:    - prompt 0x3bcf25a0:     840 tokens, checkpoints:  0,   315.010 MiB
ollama-1  | srv        update:    - prompt 0x3bd306b0:     770 tokens, checkpoints:  0,   288.760 MiB
ollama-1  | srv        update:    - prompt 0x3bcf1110:     846 tokens, checkpoints:  0,   317.260 MiB
ollama-1  | srv        update:    - prompt 0x39536010:     827 tokens, checkpoints:  0,   310.135 MiB
ollama-1  | srv        update:    - prompt 0x3bd30760:     888 tokens, checkpoints:  0,   333.011 MiB
ollama-1  | srv        update:    - prompt 0x3beb80b0:     942 tokens, checkpoints:  0,   353.262 MiB
ollama-1  | srv        update:    - prompt 0x3bedb310:     835 tokens, checkpoints:  0,   313.135 MiB
ollama-1  | srv        update:    - prompt 0x39532a60:     835 tokens, checkpoints:  0,   313.135 MiB
ollama-1  | srv        update:    - prompt 0x3bcf2440:     837 tokens, checkpoints:  0,   313.885 MiB
ollama-1  | srv        update:    - prompt 0x3bd038d0:     810 tokens, checkpoints:  0,   303.760 MiB
ollama-1  | srv        update:    - prompt 0x3bd05200:     893 tokens, checkpoints:  0,   334.886 MiB
ollama-1  | srv        update:    - prompt 0x3952d930:    1243 tokens, checkpoints:  0,   466.140 MiB
ollama-1  | srv        update:    - prompt 0x3bd080a0:     779 tokens, checkpoints:  0,   292.135 MiB
ollama-1  | srv        update:    - prompt 0x39544a40:     766 tokens, checkpoints:  0,   287.260 MiB
ollama-1  | srv        update:    - prompt 0x39541bb0:     813 tokens, checkpoints:  0,   304.885 MiB
ollama-1  | srv        update:    - prompt 0x39530080:     830 tokens, checkpoints:  0,   311.260 MiB
ollama-1  | srv        update:    - prompt 0x3990f8f0:     823 tokens, checkpoints:  0,   308.635 MiB
ollama-1  | srv        update:    - prompt 0x39541d10:     764 tokens, checkpoints:  0,   286.509 MiB
ollama-1  | srv        update:    - prompt 0x39541c60:     801 tokens, checkpoints:  0,   300.385 MiB
ollama-1  | srv        update:    - prompt 0x3bd1ec30:     863 tokens, checkpoints:  0,   323.636 MiB
ollama-1  | srv        update:    - prompt 0x3bd27a40:     862 tokens, checkpoints:  0,   323.261 MiB
ollama-1  | srv        update:    - prompt 0x3bd03820:     767 tokens, checkpoints:  0,   287.635 MiB
ollama-1  | srv        update:    - prompt 0x3bd03980:     774 tokens, checkpoints:  0,   290.260 MiB
ollama-1  | srv  get_availabl: prompt cache update took 131.21 ms
ollama-1  | slot launch_slot_: id  0 | task -1 | sampler chain: logits -> ?penalties -> ?dry -> ?top-n-sigma -> top-k -> ?typical -> top-p -> ?min-p -> ?xtc -> temp-ext -> dist 
ollama-1  | slot launch_slot_: id  0 | task -1 | sampler params: 
ollama-1  | 	repeat_last_n = 64, repeat_penalty = 1.000, frequency_penalty = 0.000, presence_penalty = 0.000
ollama-1  | 	dry_multiplier = 0.000, dry_base = 1.750, dry_allowed_length = 2, dry_penalty_last_n = 64
ollama-1  | 	top_k = 40, top_p = 0.900, min_p = 0.000, xtc_probability = 0.000, xtc_threshold = 0.100, typical_p = 1.000, top_n_sigma = -1.000, temp = 0.000
ollama-1  | 	mirostat = 0, mirostat_lr = 0.100, mirostat_ent = 5.000, adaptive_target = -1.000, adaptive_decay = 0.900
ollama-1  | slot launch_slot_: id  0 | task 12682 | processing task, is_child = 0
ollama-1  | slot   operator(): id  0 | task 12682 | new prompt, n_ctx_slot = 4096, n_keep = 4, task.n_tokens = 491
ollama-1  | slot   operator(): id  0 | task 12682 | cached n_tokens = 379, memory_seq_rm [379, end)
ollama-1  | slot init_sampler: id  0 | task 12682 | init sampler, took 0.04 ms, tokens: text = 491, total = 491
ollama-1  | [GIN] 2026/10/08 - 04:37:05 | 200 |       26.39µs |       127.0.0.1 | HEAD     "/"
ollama-1  | [GIN] 2026/10/08 - 04:37:05 | 200 |    1.464407ms |       127.0.0.1 | GET      "/api/tags"
ollama-1  | slot print_timing: id  0 | task 12682 | prompt eval time =     819.11 ms /   112 tokens (    7.31 ms per token,   136.73 tokens per second)
ollama-1  | slot print_timing: id  0 | task 12682 |        eval time =     270.81 ms /     9 tokens (   33.85 ms per token,    29.54 tokens per second)
ollama-1  | slot print_timing: id  0 | task 12682 |       total time =    1089.93 ms /   121 tokens
ollama-1  | slot print_timing: id  0 | task 12682 |    graphs reused =       9105
ollama-1  | slot      release: id  0 | task 12682 | stop processing: n_tokens = 499, truncated = 0
ollama-1  | srv  update_slots: all slots are idle
ollama-1  | [GIN] 2026/10/08 - 04:37:06 | 200 | 44.566197908s |      172.21.0.4 | POST     "/api/generate"
ollama-1  | srv  server_strea: conv_id= (empty=1)
ollama-1  | slot get_availabl: id  0 | task -1 |  - checking sim = 0.584 (379/649) > 0.100
ollama-1  | slot get_availabl: id  0 | task -1 | selected slot by LCP similarity, f_sim_best = 0.584 (> 0.100 thold), f_keep = 0.760
ollama-1  | slot launch_slot_: id  0 | task -1 | sampler chain: logits -> ?penalties -> ?dry -> ?top-n-sigma -> top-k -> ?typical -> top-p -> ?min-p -> ?xtc -> temp-ext -> dist 
ollama-1  | slot launch_slot_: id  0 | task -1 | sampler params: 
ollama-1  | 	repeat_last_n = 64, repeat_penalty = 1.000, frequency_penalty = 0.000, presence_penalty = 0.000
ollama-1  | 	dry_multiplier = 0.000, dry_base = 1.750, dry_allowed_length = 2, dry_penalty_last_n = 64
ollama-1  | 	top_k = 40, top_p = 0.900, min_p = 0.000, xtc_probability = 0.000, xtc_threshold = 0.100, typical_p = 1.000, top_n_sigma = -1.000, temp = 0.000
ollama-1  | 	mirostat = 0, mirostat_lr = 0.100, mirostat_ent = 5.000, adaptive_target = -1.000, adaptive_decay = 0.900
ollama-1  | slot launch_slot_: id  0 | task 12692 | processing task, is_child = 0
ollama-1  | slot   operator(): id  0 | task 12692 | new prompt, n_ctx_slot = 4096, n_keep = 4, task.n_tokens = 649
ollama-1  | slot   operator(): id  0 | task 12692 | cached n_tokens = 379, memory_seq_rm [379, end)
ollama-1  | slot init_sampler: id  0 | task 12692 | init sampler, took 0.05 ms, tokens: text = 649, total = 649
ollama-1  | slot print_timing: id  0 | task 12692 | prompt eval time =    2017.73 ms /   270 tokens (    7.47 ms per token,   133.81 tokens per second)
ollama-1  | slot print_timing: id  0 | task 12692 |        eval time =     280.13 ms /     9 tokens (   35.02 ms per token,    28.56 tokens per second)
ollama-1  | slot print_timing: id  0 | task 12692 |       total time =    2297.86 ms /   279 tokens
ollama-1  | slot print_timing: id  0 | task 12692 |    graphs reused =       9112
ollama-1  | slot      release: id  0 | task 12692 | stop processing: n_tokens = 657, truncated = 0
ollama-1  | srv  update_slots: all slots are idle
ollama-1  | [GIN] 2026/10/08 - 04:37:08 | 200 | 45.850300548s |      172.21.0.4 | POST     "/api/generate"
ollama-1  | srv  server_strea: conv_id= (empty=1)
ollama-1  | slot get_availabl: id  0 | task -1 |  - checking sim = 0.677 (379/560) > 0.100
ollama-1  | slot get_availabl: id  0 | task -1 | selected slot by LCP similarity, f_sim_best = 0.677 (> 0.100 thold), f_keep = 0.577
ollama-1  | slot launch_slot_: id  0 | task -1 | sampler chain: logits -> ?penalties -> ?dry -> ?top-n-sigma -> top-k -> ?typical -> top-p -> ?min-p -> ?xtc -> temp-ext -> dist 
ollama-1  | slot launch_slot_: id  0 | task -1 | sampler params: 
ollama-1  | 	repeat_last_n = 64, repeat_penalty = 1.000, frequency_penalty = 0.000, presence_penalty = 0.000
ollama-1  | 	dry_multiplier = 0.000, dry_base = 1.750, dry_allowed_length = 2, dry_penalty_last_n = 64
ollama-1  | 	top_k = 40, top_p = 0.900, min_p = 0.000, xtc_probability = 0.000, xtc_threshold = 0.100, typical_p = 1.000, top_n_sigma = -1.000, temp = 0.000
ollama-1  | 	mirostat = 0, mirostat_lr = 0.100, mirostat_ent = 5.000, adaptive_target = -1.000, adaptive_decay = 0.900
ollama-1  | slot launch_slot_: id  0 | task 12702 | processing task, is_child = 0
ollama-1  | slot   operator(): id  0 | task 12702 | new prompt, n_ctx_slot = 4096, n_keep = 4, task.n_tokens = 560
ollama-1  | slot   operator(): id  0 | task 12702 | cached n_tokens = 379, memory_seq_rm [379, end)
ollama-1  | slot init_sampler: id  0 | task 12702 | init sampler, took 0.04 ms, tokens: text = 560, total = 560
ollama-1  | slot print_timing: id  0 | task 12702 | prompt eval time =    1355.13 ms /   181 tokens (    7.49 ms per token,   133.57 tokens per second)
ollama-1  | slot print_timing: id  0 | task 12702 |        eval time =     338.80 ms /    11 tokens (   33.88 ms per token,    29.52 tokens per second)
ollama-1  | slot print_timing: id  0 | task 12702 |       total time =    1693.93 ms /   192 tokens
ollama-1  | slot print_timing: id  0 | task 12702 |    graphs reused =       9121
ollama-1  | slot      release: id  0 | task 12702 | stop processing: n_tokens = 570, truncated = 0
ollama-1  | srv  update_slots: all slots are idle
ollama-1  | [GIN] 2026/10/08 - 04:37:10 | 200 | 46.379986527s |      172.21.0.4 | POST     "/api/generate"
ollama-1  | srv  server_strea: conv_id= (empty=1)
ollama-1  | slot get_availabl: id  0 | task -1 |  - checking sim = 0.622 (379/609) > 0.100
ollama-1  | slot get_availabl: id  0 | task -1 | selected slot by LCP similarity, f_sim_best = 0.622 (> 0.100 thold), f_keep = 0.665
ollama-1  | slot launch_slot_: id  0 | task -1 | sampler chain: logits -> ?penalties -> ?dry -> ?top-n-sigma -> top-k -> ?typical -> top-p -> ?min-p -> ?xtc -> temp-ext -> dist 
ollama-1  | slot launch_slot_: id  0 | task -1 | sampler params: 
ollama-1  | 	repeat_last_n = 64, repeat_penalty = 1.000, frequency_penalty = 0.000, presence_penalty = 0.000
ollama-1  | 	dry_multiplier = 0.000, dry_base = 1.750, dry_allowed_length = 2, dry_penalty_last_n = 64
ollama-1  | 	top_k = 40, top_p = 0.900, min_p = 0.000, xtc_probability = 0.000, xtc_threshold = 0.100, typical_p = 1.000, top_n_sigma = -1.000, temp = 0.000
ollama-1  | 	mirostat = 0, mirostat_lr = 0.100, mirostat_ent = 5.000, adaptive_target = -1.000, adaptive_decay = 0.900
ollama-1  | slot launch_slot_: id  0 | task 12714 | processing task, is_child = 0
ollama-1  | slot   operator(): id  0 | task 12714 | new prompt, n_ctx_slot = 4096, n_keep = 4, task.n_tokens = 609
ollama-1  | slot   operator(): id  0 | task 12714 | cached n_tokens = 379, memory_seq_rm [379, end)
ollama-1  | slot init_sampler: id  0 | task 12714 | init sampler, took 0.07 ms, tokens: text = 609, total = 609
ollama-1  | slot print_timing: id  0 | task 12714 | prompt eval time =    1673.65 ms /   230 tokens (    7.28 ms per token,   137.42 tokens per second)
ollama-1  | slot print_timing: id  0 | task 12714 |        eval time =     343.04 ms /    11 tokens (   34.30 ms per token,    29.15 tokens per second)
ollama-1  | slot print_timing: id  0 | task 12714 |       total time =    2016.70 ms /   241 tokens
ollama-1  | slot print_timing: id  0 | task 12714 |    graphs reused =       9130
ollama-1  | slot      release: id  0 | task 12714 | stop processing: n_tokens = 619, truncated = 0
ollama-1  | srv  update_slots: all slots are idle
ollama-1  | [GIN] 2026/10/08 - 04:37:12 | 200 | 46.291135804s |      172.21.0.4 | POST     "/api/generate"
ollama-1  | srv  server_strea: conv_id= (empty=1)
ollama-1  | slot get_availabl: id  0 | task -1 |  - checking sim = 0.682 (379/556) > 0.100
ollama-1  | slot get_availabl: id  0 | task -1 | selected slot by LCP similarity, f_sim_best = 0.682 (> 0.100 thold), f_keep = 0.612
ollama-1  | slot launch_slot_: id  0 | task -1 | sampler chain: logits -> ?penalties -> ?dry -> ?top-n-sigma -> top-k -> ?typical -> top-p -> ?min-p -> ?xtc -> temp-ext -> dist 
ollama-1  | slot launch_slot_: id  0 | task -1 | sampler params: 
ollama-1  | 	repeat_last_n = 64, repeat_penalty = 1.000, frequency_penalty = 0.000, presence_penalty = 0.000
ollama-1  | 	dry_multiplier = 0.000, dry_base = 1.750, dry_allowed_length = 2, dry_penalty_last_n = 64
ollama-1  | 	top_k = 40, top_p = 0.900, min_p = 0.000, xtc_probability = 0.000, xtc_threshold = 0.100, typical_p = 1.000, top_n_sigma = -1.000, temp = 0.000
ollama-1  | 	mirostat = 0, mirostat_lr = 0.100, mirostat_ent = 5.000, adaptive_target = -1.000, adaptive_decay = 0.900
ollama-1  | slot launch_slot_: id  0 | task 12726 | processing task, is_child = 0
ollama-1  | slot   operator(): id  0 | task 12726 | new prompt, n_ctx_slot = 4096, n_keep = 4, task.n_tokens = 556
ollama-1  | slot   operator(): id  0 | task 12726 | cached n_tokens = 379, memory_seq_rm [379, end)
ollama-1  | slot init_sampler: id  0 | task 12726 | init sampler, took 0.06 ms, tokens: text = 556, total = 556
ollama-1  | slot print_timing: id  0 | task 12726 | prompt eval time =    1333.98 ms /   177 tokens (    7.54 ms per token,   132.69 tokens per second)
ollama-1  | slot print_timing: id  0 | task 12726 |        eval time =     349.16 ms /    11 tokens (   34.92 ms per token,    28.64 tokens per second)
ollama-1  | slot print_timing: id  0 | task 12726 |       total time =    1683.14 ms /   188 tokens
ollama-1  | slot print_timing: id  0 | task 12726 |    graphs reused =       9139
ollama-1  | slot      release: id  0 | task 12726 | stop processing: n_tokens = 566, truncated = 0
ollama-1  | srv  update_slots: all slots are idle
ollama-1  | [GIN] 2026/10/08 - 04:37:14 | 200 | 45.953139848s |      172.21.0.4 | POST     "/api/generate"
ollama-1  | srv  server_strea: conv_id= (empty=1)
ollama-1  | slot get_availabl: id  0 | task -1 |  - checking sim = 0.671 (379/565) > 0.100
ollama-1  | slot get_availabl: id  0 | task -1 | selected slot by LCP similarity, f_sim_best = 0.671 (> 0.100 thold), f_keep = 0.670
ollama-1  | slot launch_slot_: id  0 | task -1 | sampler chain: logits -> ?penalties -> ?dry -> ?top-n-sigma -> top-k -> ?typical -> top-p -> ?min-p -> ?xtc -> temp-ext -> dist 
ollama-1  | slot launch_slot_: id  0 | task -1 | sampler params: 
ollama-1  | 	repeat_last_n = 64, repeat_penalty = 1.000, frequency_penalty = 0.000, presence_penalty = 0.000
ollama-1  | 	dry_multiplier = 0.000, dry_base = 1.750, dry_allowed_length = 2, dry_penalty_last_n = 64
ollama-1  | 	top_k = 40, top_p = 0.900, min_p = 0.000, xtc_probability = 0.000, xtc_threshold = 0.100, typical_p = 1.000, top_n_sigma = -1.000, temp = 0.000
ollama-1  | 	mirostat = 0, mirostat_lr = 0.100, mirostat_ent = 5.000, adaptive_target = -1.000, adaptive_decay = 0.900
ollama-1  | slot launch_slot_: id  0 | task 12738 | processing task, is_child = 0
ollama-1  | slot   operator(): id  0 | task 12738 | new prompt, n_ctx_slot = 4096, n_keep = 4, task.n_tokens = 565
ollama-1  | slot   operator(): id  0 | task 12738 | cached n_tokens = 379, memory_seq_rm [379, end)
ollama-1  | slot init_sampler: id  0 | task 12738 | init sampler, took 0.04 ms, tokens: text = 565, total = 565
ollama-1  | [GIN] 2026/10/08 - 04:37:15 | 200 |      50.154µs |       127.0.0.1 | HEAD     "/"
ollama-1  | [GIN] 2026/10/08 - 04:37:15 | 200 |     953.776µs |       127.0.0.1 | GET      "/api/tags"
ollama-1  | slot print_timing: id  0 | task 12738 | prompt eval time =    1403.21 ms /   186 tokens (    7.54 ms per token,   132.55 tokens per second)
ollama-1  | slot print_timing: id  0 | task 12738 |        eval time =     362.10 ms /    11 tokens (   36.21 ms per token,    27.62 tokens per second)
ollama-1  | slot print_timing: id  0 | task 12738 |       total time =    1765.31 ms /   197 tokens
ollama-1  | slot print_timing: id  0 | task 12738 |    graphs reused =       9148
ollama-1  | slot      release: id  0 | task 12738 | stop processing: n_tokens = 575, truncated = 0
ollama-1  | srv  update_slots: all slots are idle
ollama-1  | [GIN] 2026/10/08 - 04:37:16 | 200 |  45.03545578s |      172.21.0.4 | POST     "/api/generate"
ollama-1  | srv  server_strea: conv_id= (empty=1)
ollama-1  | slot get_availabl: id  0 | task -1 |  - checking sim = 0.565 (379/671) > 0.100
ollama-1  | slot get_availabl: id  0 | task -1 | selected slot by LCP similarity, f_sim_best = 0.565 (> 0.100 thold), f_keep = 0.659
ollama-1  | slot launch_slot_: id  0 | task -1 | sampler chain: logits -> ?penalties -> ?dry -> ?top-n-sigma -> top-k -> ?typical -> top-p -> ?min-p -> ?xtc -> temp-ext -> dist 
ollama-1  | slot launch_slot_: id  0 | task -1 | sampler params: 
ollama-1  | 	repeat_last_n = 64, repeat_penalty = 1.000, frequency_penalty = 0.000, presence_penalty = 0.000
ollama-1  | 	dry_multiplier = 0.000, dry_base = 1.750, dry_allowed_length = 2, dry_penalty_last_n = 64
ollama-1  | 	top_k = 40, top_p = 0.900, min_p = 0.000, xtc_probability = 0.000, xtc_threshold = 0.100, typical_p = 1.000, top_n_sigma = -1.000, temp = 0.000
ollama-1  | 	mirostat = 0, mirostat_lr = 0.100, mirostat_ent = 5.000, adaptive_target = -1.000, adaptive_decay = 0.900
ollama-1  | slot launch_slot_: id  0 | task 12750 | processing task, is_child = 0
ollama-1  | slot   operator(): id  0 | task 12750 | new prompt, n_ctx_slot = 4096, n_keep = 4, task.n_tokens = 671
ollama-1  | slot   operator(): id  0 | task 12750 | cached n_tokens = 379, memory_seq_rm [379, end)
ollama-1  | slot init_sampler: id  0 | task 12750 | init sampler, took 0.07 ms, tokens: text = 671, total = 671
ollama-1  | slot print_timing: id  0 | task 12750 | prompt eval time =    2127.38 ms /   292 tokens (    7.29 ms per token,   137.26 tokens per second)
ollama-1  | slot print_timing: id  0 | task 12750 |        eval time =     277.20 ms /     9 tokens (   34.65 ms per token,    28.86 tokens per second)
ollama-1  | slot print_timing: id  0 | task 12750 |       total time =    2404.58 ms /   301 tokens
ollama-1  | slot print_timing: id  0 | task 12750 |    graphs reused =       9155
ollama-1  | slot      release: id  0 | task 12750 | stop processing: n_tokens = 679, truncated = 0
ollama-1  | srv  update_slots: all slots are idle
ollama-1  | [GIN] 2026/10/08 - 04:37:18 | 200 | 46.563867396s |      172.21.0.4 | POST     "/api/generate"
ollama-1  | srv  server_strea: conv_id= (empty=1)
ollama-1  | slot get_availabl: id  0 | task -1 |  - checking sim = 0.540 (379/702) > 0.100
ollama-1  | slot get_availabl: id  0 | task -1 | selected slot by LCP similarity, f_sim_best = 0.540 (> 0.100 thold), f_keep = 0.558
ollama-1  | slot launch_slot_: id  0 | task -1 | sampler chain: logits -> ?penalties -> ?dry -> ?top-n-sigma -> top-k -> ?typical -> top-p -> ?min-p -> ?xtc -> temp-ext -> dist 
ollama-1  | slot launch_slot_: id  0 | task -1 | sampler params: 
ollama-1  | 	repeat_last_n = 64, repeat_penalty = 1.000, frequency_penalty = 0.000, presence_penalty = 0.000
ollama-1  | 	dry_multiplier = 0.000, dry_base = 1.750, dry_allowed_length = 2, dry_penalty_last_n = 64
ollama-1  | 	top_k = 40, top_p = 0.900, min_p = 0.000, xtc_probability = 0.000, xtc_threshold = 0.100, typical_p = 1.000, top_n_sigma = -1.000, temp = 0.000
ollama-1  | 	mirostat = 0, mirostat_lr = 0.100, mirostat_ent = 5.000, adaptive_target = -1.000, adaptive_decay = 0.900
ollama-1  | slot launch_slot_: id  0 | task 12760 | processing task, is_child = 0
ollama-1  | slot   operator(): id  0 | task 12760 | new prompt, n_ctx_slot = 4096, n_keep = 4, task.n_tokens = 702
ollama-1  | slot   operator(): id  0 | task 12760 | cached n_tokens = 379, memory_seq_rm [379, end)
ollama-1  | slot init_sampler: id  0 | task 12760 | init sampler, took 0.08 ms, tokens: text = 702, total = 702
ollama-1  | slot print_timing: id  0 | task 12760 | prompt eval time =    2422.27 ms /   323 tokens (    7.50 ms per token,   133.35 tokens per second)
ollama-1  | slot print_timing: id  0 | task 12760 |        eval time =     288.59 ms /     9 tokens (   36.07 ms per token,    27.72 tokens per second)
ollama-1  | slot print_timing: id  0 | task 12760 |       total time =    2710.85 ms /   332 tokens
ollama-1  | slot print_timing: id  0 | task 12760 |    graphs reused =       9162
ollama-1  | slot      release: id  0 | task 12760 | stop processing: n_tokens = 710, truncated = 0
ollama-1  | srv  update_slots: all slots are idle
ollama-1  | [GIN] 2026/10/08 - 04:37:21 | 200 | 47.067845487s |      172.21.0.4 | POST     "/api/generate"
ollama-1  | srv  server_strea: conv_id= (empty=1)
ollama-1  | slot get_availabl: id  0 | task -1 |  - checking sim = 0.714 (380/532) > 0.100
ollama-1  | slot get_availabl: id  0 | task -1 | selected slot by LCP similarity, f_sim_best = 0.714 (> 0.100 thold), f_keep = 0.535
ollama-1  | slot launch_slot_: id  0 | task -1 | sampler chain: logits -> ?penalties -> ?dry -> ?top-n-sigma -> top-k -> ?typical -> top-p -> ?min-p -> ?xtc -> temp-ext -> dist 
ollama-1  | slot launch_slot_: id  0 | task -1 | sampler params: 
ollama-1  | 	repeat_last_n = 64, repeat_penalty = 1.000, frequency_penalty = 0.000, presence_penalty = 0.000
ollama-1  | 	dry_multiplier = 0.000, dry_base = 1.750, dry_allowed_length = 2, dry_penalty_last_n = 64
ollama-1  | 	top_k = 40, top_p = 0.900, min_p = 0.000, xtc_probability = 0.000, xtc_threshold = 0.100, typical_p = 1.000, top_n_sigma = -1.000, temp = 0.000
ollama-1  | 	mirostat = 0, mirostat_lr = 0.100, mirostat_ent = 5.000, adaptive_target = -1.000, adaptive_decay = 0.900
ollama-1  | slot launch_slot_: id  0 | task 12770 | processing task, is_child = 0
ollama-1  | slot   operator(): id  0 | task 12770 | new prompt, n_ctx_slot = 4096, n_keep = 4, task.n_tokens = 532
ollama-1  | slot   operator(): id  0 | task 12770 | cached n_tokens = 380, memory_seq_rm [380, end)
ollama-1  | slot init_sampler: id  0 | task 12770 | init sampler, took 0.06 ms, tokens: text = 532, total = 532
ollama-1  | slot print_timing: id  0 | task 12770 | prompt eval time =    1135.71 ms /   152 tokens (    7.47 ms per token,   133.84 tokens per second)
ollama-1  | slot print_timing: id  0 | task 12770 |        eval time =     343.80 ms /    11 tokens (   34.38 ms per token,    29.09 tokens per second)
ollama-1  | slot print_timing: id  0 | task 12770 |       total time =    1479.50 ms /   163 tokens
ollama-1  | slot print_timing: id  0 | task 12770 |    graphs reused =       9171
ollama-1  | slot      release: id  0 | task 12770 | stop processing: n_tokens = 542, truncated = 0
ollama-1  | srv  update_slots: all slots are idle
ollama-1  | [GIN] 2026/10/08 - 04:37:22 | 200 | 46.051725243s |      172.21.0.4 | POST     "/api/generate"
ollama-1  | srv  server_strea: conv_id= (empty=1)
ollama-1  | slot get_availabl: id  0 | task -1 |  - checking sim = 0.805 (379/471) > 0.100
ollama-1  | slot get_availabl: id  0 | task -1 | selected slot by LCP similarity, f_sim_best = 0.805 (> 0.100 thold), f_keep = 0.699
ollama-1  | slot launch_slot_: id  0 | task -1 | sampler chain: logits -> ?penalties -> ?dry -> ?top-n-sigma -> top-k -> ?typical -> top-p -> ?min-p -> ?xtc -> temp-ext -> dist 
ollama-1  | slot launch_slot_: id  0 | task -1 | sampler params: 
ollama-1  | 	repeat_last_n = 64, repeat_penalty = 1.000, frequency_penalty = 0.000, presence_penalty = 0.000
ollama-1  | 	dry_multiplier = 0.000, dry_base = 1.750, dry_allowed_length = 2, dry_penalty_last_n = 64
ollama-1  | 	top_k = 40, top_p = 0.900, min_p = 0.000, xtc_probability = 0.000, xtc_threshold = 0.100, typical_p = 1.000, top_n_sigma = -1.000, temp = 0.000
ollama-1  | 	mirostat = 0, mirostat_lr = 0.100, mirostat_ent = 5.000, adaptive_target = -1.000, adaptive_decay = 0.900
ollama-1  | slot launch_slot_: id  0 | task 12782 | processing task, is_child = 0
ollama-1  | slot   operator(): id  0 | task 12782 | new prompt, n_ctx_slot = 4096, n_keep = 4, task.n_tokens = 471
ollama-1  | slot   operator(): id  0 | task 12782 | cached n_tokens = 379, memory_seq_rm [379, end)
ollama-1  | slot init_sampler: id  0 | task 12782 | init sampler, took 0.05 ms, tokens: text = 471, total = 471
ollama-1  | slot print_timing: id  0 | task 12782 | prompt eval time =     684.61 ms /    92 tokens (    7.44 ms per token,   134.38 tokens per second)
ollama-1  | slot print_timing: id  0 | task 12782 |        eval time =     265.11 ms /     9 tokens (   33.14 ms per token,    30.18 tokens per second)
ollama-1  | slot print_timing: id  0 | task 12782 |       total time =     949.72 ms /   101 tokens
ollama-1  | slot print_timing: id  0 | task 12782 |    graphs reused =       9178
ollama-1  | slot      release: id  0 | task 12782 | stop processing: n_tokens = 479, truncated = 0
ollama-1  | srv  update_slots: all slots are idle
ollama-1  | [GIN] 2026/10/08 - 04:37:23 | 200 | 45.503537766s |      172.21.0.4 | POST     "/api/generate"
ollama-1  | srv  server_strea: conv_id= (empty=1)
ollama-1  | slot get_availabl: id  0 | task -1 |  - checking sim = 0.716 (379/529) > 0.100
ollama-1  | slot get_availabl: id  0 | task -1 | selected slot by LCP similarity, f_sim_best = 0.716 (> 0.100 thold), f_keep = 0.791
ollama-1  | slot launch_slot_: id  0 | task -1 | sampler chain: logits -> ?penalties -> ?dry -> ?top-n-sigma -> top-k -> ?typical -> top-p -> ?min-p -> ?xtc -> temp-ext -> dist 
ollama-1  | slot launch_slot_: id  0 | task -1 | sampler params: 
ollama-1  | 	repeat_last_n = 64, repeat_penalty = 1.000, frequency_penalty = 0.000, presence_penalty = 0.000
ollama-1  | 	dry_multiplier = 0.000, dry_base = 1.750, dry_allowed_length = 2, dry_penalty_last_n = 64
ollama-1  | 	top_k = 40, top_p = 0.900, min_p = 0.000, xtc_probability = 0.000, xtc_threshold = 0.100, typical_p = 1.000, top_n_sigma = -1.000, temp = 0.000
ollama-1  | 	mirostat = 0, mirostat_lr = 0.100, mirostat_ent = 5.000, adaptive_target = -1.000, adaptive_decay = 0.900
ollama-1  | slot launch_slot_: id  0 | task 12792 | processing task, is_child = 0
ollama-1  | slot   operator(): id  0 | task 12792 | new prompt, n_ctx_slot = 4096, n_keep = 4, task.n_tokens = 529
ollama-1  | slot   operator(): id  0 | task 12792 | cached n_tokens = 379, memory_seq_rm [379, end)
ollama-1  | slot init_sampler: id  0 | task 12792 | init sampler, took 0.04 ms, tokens: text = 529, total = 529
ollama-1  | slot print_timing: id  0 | task 12792 | prompt eval time =    1132.50 ms /   150 tokens (    7.55 ms per token,   132.45 tokens per second)
ollama-1  | slot print_timing: id  0 | task 12792 |        eval time =     285.30 ms /     9 tokens (   35.66 ms per token,    28.04 tokens per second)
ollama-1  | slot print_timing: id  0 | task 12792 |       total time =    1417.80 ms /   159 tokens
ollama-1  | slot print_timing: id  0 | task 12792 |    graphs reused =       9185
ollama-1  | slot      release: id  0 | task 12792 | stop processing: n_tokens = 537, truncated = 0
ollama-1  | srv  update_slots: all slots are idle
ollama-1  | [GIN] 2026/10/08 - 04:37:25 | 200 | 46.879827002s |      172.21.0.4 | POST     "/api/generate"
ollama-1  | srv  server_strea: conv_id= (empty=1)
ollama-1  | slot get_availabl: id  0 | task -1 |  - checking sim = 0.622 (379/609) > 0.100
ollama-1  | slot get_availabl: id  0 | task -1 | selected slot by LCP similarity, f_sim_best = 0.622 (> 0.100 thold), f_keep = 0.706
ollama-1  | slot launch_slot_: id  0 | task -1 | sampler chain: logits -> ?penalties -> ?dry -> ?top-n-sigma -> top-k -> ?typical -> top-p -> ?min-p -> ?xtc -> temp-ext -> dist 
ollama-1  | slot launch_slot_: id  0 | task -1 | sampler params: 
ollama-1  | 	repeat_last_n = 64, repeat_penalty = 1.000, frequency_penalty = 0.000, presence_penalty = 0.000
ollama-1  | 	dry_multiplier = 0.000, dry_base = 1.750, dry_allowed_length = 2, dry_penalty_last_n = 64
ollama-1  | 	top_k = 40, top_p = 0.900, min_p = 0.000, xtc_probability = 0.000, xtc_threshold = 0.100, typical_p = 1.000, top_n_sigma = -1.000, temp = 0.000
ollama-1  | 	mirostat = 0, mirostat_lr = 0.100, mirostat_ent = 5.000, adaptive_target = -1.000, adaptive_decay = 0.900
ollama-1  | slot launch_slot_: id  0 | task 12802 | processing task, is_child = 0
ollama-1  | slot   operator(): id  0 | task 12802 | new prompt, n_ctx_slot = 4096, n_keep = 4, task.n_tokens = 609
ollama-1  | slot   operator(): id  0 | task 12802 | cached n_tokens = 379, memory_seq_rm [379, end)
ollama-1  | slot init_sampler: id  0 | task 12802 | init sampler, took 0.07 ms, tokens: text = 609, total = 609
ollama-1  | [GIN] 2026/10/08 - 04:37:26 | 200 |      28.992µs |       127.0.0.1 | HEAD     "/"
ollama-1  | [GIN] 2026/10/08 - 04:37:26 | 200 |    1.311245ms |       127.0.0.1 | GET      "/api/tags"
ollama-1  | slot print_timing: id  0 | task 12802 | prompt eval time =    1694.75 ms /   230 tokens (    7.37 ms per token,   135.71 tokens per second)
ollama-1  | slot print_timing: id  0 | task 12802 |        eval time =     321.29 ms /    10 tokens (   35.70 ms per token,    28.01 tokens per second)
ollama-1  | slot print_timing: id  0 | task 12802 |       total time =    2016.03 ms /   240 tokens
ollama-1  | slot print_timing: id  0 | task 12802 |    graphs reused =       9193
ollama-1  | slot      release: id  0 | task 12802 | stop processing: n_tokens = 618, truncated = 0
ollama-1  | srv  update_slots: all slots are idle
ollama-1  | [GIN] 2026/10/08 - 04:37:27 | 200 | 46.595084634s |      172.21.0.4 | POST     "/api/generate"
ollama-1  | srv  server_strea: conv_id= (empty=1)
ollama-1  | slot get_availabl: id  0 | task -1 |  - checking sim = 0.620 (379/611) > 0.100
ollama-1  | slot get_availabl: id  0 | task -1 | selected slot by LCP similarity, f_sim_best = 0.620 (> 0.100 thold), f_keep = 0.613
ollama-1  | slot launch_slot_: id  0 | task -1 | sampler chain: logits -> ?penalties -> ?dry -> ?top-n-sigma -> top-k -> ?typical -> top-p -> ?min-p -> ?xtc -> temp-ext -> dist 
ollama-1  | slot launch_slot_: id  0 | task -1 | sampler params: 
ollama-1  | 	repeat_last_n = 64, repeat_penalty = 1.000, frequency_penalty = 0.000, presence_penalty = 0.000
ollama-1  | 	dry_multiplier = 0.000, dry_base = 1.750, dry_allowed_length = 2, dry_penalty_last_n = 64
ollama-1  | 	top_k = 40, top_p = 0.900, min_p = 0.000, xtc_probability = 0.000, xtc_threshold = 0.100, typical_p = 1.000, top_n_sigma = -1.000, temp = 0.000
ollama-1  | 	mirostat = 0, mirostat_lr = 0.100, mirostat_ent = 5.000, adaptive_target = -1.000, adaptive_decay = 0.900
ollama-1  | slot launch_slot_: id  0 | task 12813 | processing task, is_child = 0
ollama-1  | slot   operator(): id  0 | task 12813 | new prompt, n_ctx_slot = 4096, n_keep = 4, task.n_tokens = 611
ollama-1  | slot   operator(): id  0 | task 12813 | cached n_tokens = 379, memory_seq_rm [379, end)
ollama-1  | slot init_sampler: id  0 | task 12813 | init sampler, took 0.07 ms, tokens: text = 611, total = 611
ollama-1  | slot print_timing: id  0 | task 12813 | prompt eval time =    1671.45 ms /   232 tokens (    7.20 ms per token,   138.80 tokens per second)
ollama-1  | slot print_timing: id  0 | task 12813 |        eval time =     312.60 ms /    10 tokens (   34.73 ms per token,    28.79 tokens per second)
ollama-1  | slot print_timing: id  0 | task 12813 |       total time =    1984.05 ms /   242 tokens
ollama-1  | slot print_timing: id  0 | task 12813 |    graphs reused =       9201
ollama-1  | slot      release: id  0 | task 12813 | stop processing: n_tokens = 620, truncated = 0
ollama-1  | srv  update_slots: all slots are idle
ollama-1  | [GIN] 2026/10/08 - 04:37:30 | 200 | 46.477904012s |      172.21.0.4 | POST     "/api/generate"
ollama-1  | srv  server_strea: conv_id= (empty=1)
ollama-1  | slot get_availabl: id  0 | task -1 |  - checking sim = 0.541 (379/701) > 0.100
ollama-1  | slot get_availabl: id  0 | task -1 | selected slot by LCP similarity, f_sim_best = 0.541 (> 0.100 thold), f_keep = 0.611
ollama-1  | slot launch_slot_: id  0 | task -1 | sampler chain: logits -> ?penalties -> ?dry -> ?top-n-sigma -> top-k -> ?typical -> top-p -> ?min-p -> ?xtc -> temp-ext -> dist 
ollama-1  | slot launch_slot_: id  0 | task -1 | sampler params: 
ollama-1  | 	repeat_last_n = 64, repeat_penalty = 1.000, frequency_penalty = 0.000, presence_penalty = 0.000
ollama-1  | 	dry_multiplier = 0.000, dry_base = 1.750, dry_allowed_length = 2, dry_penalty_last_n = 64
ollama-1  | 	top_k = 40, top_p = 0.900, min_p = 0.000, xtc_probability = 0.000, xtc_threshold = 0.100, typical_p = 1.000, top_n_sigma = -1.000, temp = 0.000
ollama-1  | 	mirostat = 0, mirostat_lr = 0.100, mirostat_ent = 5.000, adaptive_target = -1.000, adaptive_decay = 0.900
ollama-1  | slot launch_slot_: id  0 | task 12824 | processing task, is_child = 0
ollama-1  | slot   operator(): id  0 | task 12824 | new prompt, n_ctx_slot = 4096, n_keep = 4, task.n_tokens = 701
ollama-1  | slot   operator(): id  0 | task 12824 | cached n_tokens = 379, memory_seq_rm [379, end)
ollama-1  | slot init_sampler: id  0 | task 12824 | init sampler, took 0.06 ms, tokens: text = 701, total = 701
ollama-1  | slot print_timing: id  0 | task 12824 | prompt eval time =    2318.68 ms /   322 tokens (    7.20 ms per token,   138.87 tokens per second)
ollama-1  | slot print_timing: id  0 | task 12824 |        eval time =     349.60 ms /    11 tokens (   34.96 ms per token,    28.60 tokens per second)
ollama-1  | slot print_timing: id  0 | task 12824 |       total time =    2668.28 ms /   333 tokens
ollama-1  | slot print_timing: id  0 | task 12824 |    graphs reused =       9210
ollama-1  | slot      release: id  0 | task 12824 | stop processing: n_tokens = 711, truncated = 0
ollama-1  | srv  update_slots: all slots are idle
ollama-1  | [GIN] 2026/10/08 - 04:37:33 | 200 | 46.607364915s |      172.21.0.4 | POST     "/api/generate"
ollama-1  | srv  server_strea: conv_id= (empty=1)
ollama-1  | slot get_availabl: id  0 | task -1 |  - checking sim = 0.552 (379/686) > 0.100
ollama-1  | slot get_availabl: id  0 | task -1 | selected slot by LCP similarity, f_sim_best = 0.552 (> 0.100 thold), f_keep = 0.533
ollama-1  | slot launch_slot_: id  0 | task -1 | sampler chain: logits -> ?penalties -> ?dry -> ?top-n-sigma -> top-k -> ?typical -> top-p -> ?min-p -> ?xtc -> temp-ext -> dist 
ollama-1  | slot launch_slot_: id  0 | task -1 | sampler params: 
ollama-1  | 	repeat_last_n = 64, repeat_penalty = 1.000, frequency_penalty = 0.000, presence_penalty = 0.000
ollama-1  | 	dry_multiplier = 0.000, dry_base = 1.750, dry_allowed_length = 2, dry_penalty_last_n = 64
ollama-1  | 	top_k = 40, top_p = 0.900, min_p = 0.000, xtc_probability = 0.000, xtc_threshold = 0.100, typical_p = 1.000, top_n_sigma = -1.000, temp = 0.000
ollama-1  | 	mirostat = 0, mirostat_lr = 0.100, mirostat_ent = 5.000, adaptive_target = -1.000, adaptive_decay = 0.900
ollama-1  | slot launch_slot_: id  0 | task 12836 | processing task, is_child = 0
ollama-1  | slot   operator(): id  0 | task 12836 | new prompt, n_ctx_slot = 4096, n_keep = 4, task.n_tokens = 686
ollama-1  | slot   operator(): id  0 | task 12836 | cached n_tokens = 379, memory_seq_rm [379, end)
ollama-1  | slot init_sampler: id  0 | task 12836 | init sampler, took 0.06 ms, tokens: text = 686, total = 686
ollama-1  | slot print_timing: id  0 | task 12836 | prompt eval time =    2248.16 ms /   307 tokens (    7.32 ms per token,   136.56 tokens per second)
ollama-1  | slot print_timing: id  0 | task 12836 |        eval time =     349.42 ms /    11 tokens (   34.94 ms per token,    28.62 tokens per second)
ollama-1  | slot print_timing: id  0 | task 12836 |       total time =    2597.59 ms /   318 tokens
ollama-1  | slot print_timing: id  0 | task 12836 |    graphs reused =       9219
ollama-1  | slot      release: id  0 | task 12836 | stop processing: n_tokens = 696, truncated = 0
ollama-1  | srv  update_slots: all slots are idle
ollama-1  | [GIN] 2026/10/08 - 04:37:35 | 200 | 46.681103104s |      172.21.0.4 | POST     "/api/generate"
ollama-1  | srv  server_strea: conv_id= (empty=1)
ollama-1  | slot get_availabl: id  0 | task -1 |  - checking sim = 0.800 (380/475) > 0.100
ollama-1  | slot get_availabl: id  0 | task -1 | selected slot by LCP similarity, f_sim_best = 0.800 (> 0.100 thold), f_keep = 0.546
ollama-1  | slot launch_slot_: id  0 | task -1 | sampler chain: logits -> ?penalties -> ?dry -> ?top-n-sigma -> top-k -> ?typical -> top-p -> ?min-p -> ?xtc -> temp-ext -> dist 
ollama-1  | slot launch_slot_: id  0 | task -1 | sampler params: 
ollama-1  | 	repeat_last_n = 64, repeat_penalty = 1.000, frequency_penalty = 0.000, presence_penalty = 0.000
ollama-1  | 	dry_multiplier = 0.000, dry_base = 1.750, dry_allowed_length = 2, dry_penalty_last_n = 64
ollama-1  | 	top_k = 40, top_p = 0.900, min_p = 0.000, xtc_probability = 0.000, xtc_threshold = 0.100, typical_p = 1.000, top_n_sigma = -1.000, temp = 0.000
ollama-1  | 	mirostat = 0, mirostat_lr = 0.100, mirostat_ent = 5.000, adaptive_target = -1.000, adaptive_decay = 0.900
ollama-1  | slot launch_slot_: id  0 | task 12848 | processing task, is_child = 0
ollama-1  | slot   operator(): id  0 | task 12848 | new prompt, n_ctx_slot = 4096, n_keep = 4, task.n_tokens = 475
ollama-1  | slot   operator(): id  0 | task 12848 | cached n_tokens = 380, memory_seq_rm [380, end)
ollama-1  | slot init_sampler: id  0 | task 12848 | init sampler, took 0.04 ms, tokens: text = 475, total = 475
ollama-1  | slot print_timing: id  0 | task 12848 | prompt eval time =     749.46 ms /    95 tokens (    7.89 ms per token,   126.76 tokens per second)
ollama-1  | slot print_timing: id  0 | task 12848 |        eval time =     265.40 ms /     9 tokens (   33.17 ms per token,    30.14 tokens per second)
ollama-1  | slot print_timing: id  0 | task 12848 |       total time =    1014.86 ms /   104 tokens
ollama-1  | slot print_timing: id  0 | task 12848 |    graphs reused =       9226
ollama-1  | slot      release: id  0 | task 12848 | stop processing: n_tokens = 483, truncated = 0
ollama-1  | srv  update_slots: all slots are idle
ollama-1  | [GIN] 2026/10/08 - 04:37:36 | 200 | 45.214047259s |      172.21.0.4 | POST     "/api/generate"
ollama-1  | srv  server_strea: conv_id= (empty=1)
ollama-1  | slot get_availabl: id  0 | task -1 |  - checking sim = 0.844 (380/450) > 0.100
ollama-1  | slot get_availabl: id  0 | task -1 | selected slot by LCP similarity, f_sim_best = 0.844 (> 0.100 thold), f_keep = 0.787
ollama-1  | slot launch_slot_: id  0 | task -1 | sampler chain: logits -> ?penalties -> ?dry -> ?top-n-sigma -> top-k -> ?typical -> top-p -> ?min-p -> ?xtc -> temp-ext -> dist 
ollama-1  | slot launch_slot_: id  0 | task -1 | sampler params: 
ollama-1  | 	repeat_last_n = 64, repeat_penalty = 1.000, frequency_penalty = 0.000, presence_penalty = 0.000
ollama-1  | 	dry_multiplier = 0.000, dry_base = 1.750, dry_allowed_length = 2, dry_penalty_last_n = 64
ollama-1  | 	top_k = 40, top_p = 0.900, min_p = 0.000, xtc_probability = 0.000, xtc_threshold = 0.100, typical_p = 1.000, top_n_sigma = -1.000, temp = 0.000
ollama-1  | 	mirostat = 0, mirostat_lr = 0.100, mirostat_ent = 5.000, adaptive_target = -1.000, adaptive_decay = 0.900
ollama-1  | slot launch_slot_: id  0 | task 12858 | processing task, is_child = 0
ollama-1  | slot   operator(): id  0 | task 12858 | new prompt, n_ctx_slot = 4096, n_keep = 4, task.n_tokens = 450
ollama-1  | slot   operator(): id  0 | task 12858 | cached n_tokens = 380, memory_seq_rm [380, end)
ollama-1  | slot init_sampler: id  0 | task 12858 | init sampler, took 0.04 ms, tokens: text = 450, total = 450
ollama-1  | [GIN] 2026/10/08 - 04:37:37 | 200 |      30.107µs |       127.0.0.1 | HEAD     "/"
ollama-1  | [GIN] 2026/10/08 - 04:37:37 | 200 |    1.335326ms |       127.0.0.1 | GET      "/api/tags"
ollama-1  | slot print_timing: id  0 | task 12858 | prompt eval time =     553.98 ms /    70 tokens (    7.91 ms per token,   126.36 tokens per second)
ollama-1  | slot print_timing: id  0 | task 12858 |        eval time =     273.34 ms /     9 tokens (   34.17 ms per token,    29.27 tokens per second)
ollama-1  | slot print_timing: id  0 | task 12858 |       total time =     827.32 ms /    79 tokens
ollama-1  | slot print_timing: id  0 | task 12858 |    graphs reused =       9233
ollama-1  | slot      release: id  0 | task 12858 | stop processing: n_tokens = 458, truncated = 0
ollama-1  | srv  update_slots: all slots are idle
ollama-1  | [GIN] 2026/10/08 - 04:37:37 | 200 | 43.627513412s |      172.21.0.4 | POST     "/api/generate"
ollama-1  | srv  server_strea: conv_id= (empty=1)
ollama-1  | slot get_availabl: id  0 | task -1 |  - checking sim = 0.439 (379/864) > 0.100
ollama-1  | slot get_availabl: id  0 | task -1 | selected slot by LCP similarity, f_sim_best = 0.439 (> 0.100 thold), f_keep = 0.828
ollama-1  | slot launch_slot_: id  0 | task -1 | sampler chain: logits -> ?penalties -> ?dry -> ?top-n-sigma -> top-k -> ?typical -> top-p -> ?min-p -> ?xtc -> temp-ext -> dist 
ollama-1  | slot launch_slot_: id  0 | task -1 | sampler params: 
ollama-1  | 	repeat_last_n = 64, repeat_penalty = 1.000, frequency_penalty = 0.000, presence_penalty = 0.000
ollama-1  | 	dry_multiplier = 0.000, dry_base = 1.750, dry_allowed_length = 2, dry_penalty_last_n = 64
ollama-1  | 	top_k = 40, top_p = 0.900, min_p = 0.000, xtc_probability = 0.000, xtc_threshold = 0.100, typical_p = 1.000, top_n_sigma = -1.000, temp = 0.000
ollama-1  | 	mirostat = 0, mirostat_lr = 0.100, mirostat_ent = 5.000, adaptive_target = -1.000, adaptive_decay = 0.900
ollama-1  | slot launch_slot_: id  0 | task 12868 | processing task, is_child = 0
ollama-1  | slot   operator(): id  0 | task 12868 | new prompt, n_ctx_slot = 4096, n_keep = 4, task.n_tokens = 864
ollama-1  | slot   operator(): id  0 | task 12868 | cached n_tokens = 379, memory_seq_rm [379, end)
ollama-1  | slot init_sampler: id  0 | task 12868 | init sampler, took 0.07 ms, tokens: text = 864, total = 864
ollama-1  | slot print_timing: id  0 | task 12868 | prompt eval time =    3561.03 ms /   485 tokens (    7.34 ms per token,   136.20 tokens per second)
ollama-1  | slot print_timing: id  0 | task 12868 |        eval time =     326.22 ms /    10 tokens (   36.25 ms per token,    27.59 tokens per second)
ollama-1  | slot print_timing: id  0 | task 12868 |       total time =    3887.25 ms /   495 tokens
ollama-1  | slot print_timing: id  0 | task 12868 |    graphs reused =       9241
ollama-1  | slot      release: id  0 | task 12868 | stop processing: n_tokens = 873, truncated = 0
ollama-1  | srv  update_slots: all slots are idle
ollama-1  | [GIN] 2026/10/08 - 04:37:41 | 200 | 45.506608052s |      172.21.0.4 | POST     "/api/generate"
ollama-1  | srv  server_strea: conv_id= (empty=1)
ollama-1  | slot get_availabl: id  0 | task -1 |  - checking sim = 0.704 (379/538) > 0.100
ollama-1  | slot get_availabl: id  0 | task -1 | selected slot by LCP similarity, f_sim_best = 0.704 (> 0.100 thold), f_keep = 0.434
ollama-1  | srv  get_availabl: updating prompt cache
ollama-1  | srv   prompt_save:  - saving prompt with length 873, total state size = 327.386 MiB (draft: 0.000 MiB)
ollama-1  | srv         alloc:  - making room for prompt cache entry, removing oldest entry (size = 339.011 MiB)
ollama-1  | srv          load:  - looking for better prompt, base f_keep = 0.434, f_sim = 0.704
ollama-1  | srv          load:    - prompt with length     900, lcp =     379, f_keep = 0.421, f_sim = 0.704
ollama-1  | srv          load:    - prompt with length     840, lcp =     379, f_keep = 0.451, f_sim = 0.704
ollama-1  | srv          load:    - prompt with length     770, lcp =     380, f_keep = 0.494, f_sim = 0.706
ollama-1  | srv          load:    - prompt with length     846, lcp =     380, f_keep = 0.449, f_sim = 0.706
ollama-1  | srv          load:    - prompt with length     827, lcp =     379, f_keep = 0.458, f_sim = 0.704
ollama-1  | srv          load:    - prompt with length     888, lcp =     380, f_keep = 0.428, f_sim = 0.706
ollama-1  | srv          load:    - prompt with length     942, lcp =     379, f_keep = 0.402, f_sim = 0.704
ollama-1  | srv          load:    - prompt with length     835, lcp =     380, f_keep = 0.455, f_sim = 0.706
ollama-1  | srv          load:    - prompt with length     835, lcp =     379, f_keep = 0.454, f_sim = 0.704
ollama-1  | srv          load:    - prompt with length     837, lcp =     379, f_keep = 0.453, f_sim = 0.704
ollama-1  | srv          load:    - prompt with length     810, lcp =     381, f_keep = 0.470, f_sim = 0.708
ollama-1  | srv          load:    - prompt with length     893, lcp =     380, f_keep = 0.426, f_sim = 0.706
ollama-1  | srv          load:    - prompt with length    1243, lcp =     379, f_keep = 0.305, f_sim = 0.704
ollama-1  | srv          load:    - prompt with length     779, lcp =     379, f_keep = 0.487, f_sim = 0.704
ollama-1  | srv          load:    - prompt with length     766, lcp =     379, f_keep = 0.495, f_sim = 0.704
ollama-1  | srv          load:    - prompt with length     813, lcp =     379, f_keep = 0.466, f_sim = 0.704
ollama-1  | srv          load:    - prompt with length     830, lcp =     379, f_keep = 0.457, f_sim = 0.704
ollama-1  | srv          load:    - prompt with length     823, lcp =     379, f_keep = 0.461, f_sim = 0.704
ollama-1  | srv          load:    - prompt with length     764, lcp =     379, f_keep = 0.496, f_sim = 0.704
ollama-1  | srv          load:    - prompt with length     801, lcp =     379, f_keep = 0.473, f_sim = 0.704
ollama-1  | srv          load:    - prompt with length     863, lcp =     379, f_keep = 0.439, f_sim = 0.704
ollama-1  | srv          load:    - prompt with length     862, lcp =     379, f_keep = 0.440, f_sim = 0.704
ollama-1  | srv          load:    - prompt with length     767, lcp =     379, f_keep = 0.494, f_sim = 0.704
ollama-1  | srv          load:    - prompt with length     774, lcp =     380, f_keep = 0.491, f_sim = 0.706
ollama-1  | srv          load:    - prompt with length     873, lcp =     379, f_keep = 0.434, f_sim = 0.704
ollama-1  | srv          load:  - found better prompt with f_keep = 0.494, f_sim = 0.706
ollama-1  | srv        update:  - cache state: 24 prompts, 7654.377 MiB (limits: 8192.000 MiB, 4096 tokens, 21844 est)
ollama-1  | srv        update:    - prompt 0x39903680:     900 tokens, checkpoints:  0,   337.511 MiB
ollama-1  | srv        update:    - prompt 0x3bcf25a0:     840 tokens, checkpoints:  0,   315.010 MiB
ollama-1  | srv        update:    - prompt 0x3bcf1110:     846 tokens, checkpoints:  0,   317.260 MiB
ollama-1  | srv        update:    - prompt 0x39536010:     827 tokens, checkpoints:  0,   310.135 MiB
ollama-1  | srv        update:    - prompt 0x3bd30760:     888 tokens, checkpoints:  0,   333.011 MiB
ollama-1  | srv        update:    - prompt 0x3beb80b0:     942 tokens, checkpoints:  0,   353.262 MiB
ollama-1  | srv        update:    - prompt 0x3bedb310:     835 tokens, checkpoints:  0,   313.135 MiB
ollama-1  | srv        update:    - prompt 0x39532a60:     835 tokens, checkpoints:  0,   313.135 MiB
ollama-1  | srv        update:    - prompt 0x3bcf2440:     837 tokens, checkpoints:  0,   313.885 MiB
ollama-1  | srv        update:    - prompt 0x3bd038d0:     810 tokens, checkpoints:  0,   303.760 MiB
ollama-1  | srv        update:    - prompt 0x3bd05200:     893 tokens, checkpoints:  0,   334.886 MiB
ollama-1  | srv        update:    - prompt 0x3952d930:    1243 tokens, checkpoints:  0,   466.140 MiB
ollama-1  | srv        update:    - prompt 0x3bd080a0:     779 tokens, checkpoints:  0,   292.135 MiB
ollama-1  | srv        update:    - prompt 0x39544a40:     766 tokens, checkpoints:  0,   287.260 MiB
ollama-1  | srv        update:    - prompt 0x39541bb0:     813 tokens, checkpoints:  0,   304.885 MiB
ollama-1  | srv        update:    - prompt 0x39530080:     830 tokens, checkpoints:  0,   311.260 MiB
ollama-1  | srv        update:    - prompt 0x3990f8f0:     823 tokens, checkpoints:  0,   308.635 MiB
ollama-1  | srv        update:    - prompt 0x39541d10:     764 tokens, checkpoints:  0,   286.509 MiB
ollama-1  | srv        update:    - prompt 0x39541c60:     801 tokens, checkpoints:  0,   300.385 MiB
ollama-1  | srv        update:    - prompt 0x3bd1ec30:     863 tokens, checkpoints:  0,   323.636 MiB
ollama-1  | srv        update:    - prompt 0x3bd27a40:     862 tokens, checkpoints:  0,   323.261 MiB
ollama-1  | srv        update:    - prompt 0x3bd03820:     767 tokens, checkpoints:  0,   287.635 MiB
ollama-1  | srv        update:    - prompt 0x3bd03980:     774 tokens, checkpoints:  0,   290.260 MiB
ollama-1  | srv        update:    - prompt 0x39521940:     873 tokens, checkpoints:  0,   327.386 MiB
ollama-1  | srv  get_availabl: prompt cache update took 179.22 ms
ollama-1  | slot launch_slot_: id  0 | task -1 | sampler chain: logits -> ?penalties -> ?dry -> ?top-n-sigma -> top-k -> ?typical -> top-p -> ?min-p -> ?xtc -> temp-ext -> dist 
ollama-1  | slot launch_slot_: id  0 | task -1 | sampler params: 
ollama-1  | 	repeat_last_n = 64, repeat_penalty = 1.000, frequency_penalty = 0.000, presence_penalty = 0.000
ollama-1  | 	dry_multiplier = 0.000, dry_base = 1.750, dry_allowed_length = 2, dry_penalty_last_n = 64
ollama-1  | 	top_k = 40, top_p = 0.900, min_p = 0.000, xtc_probability = 0.000, xtc_threshold = 0.100, typical_p = 1.000, top_n_sigma = -1.000, temp = 0.000
ollama-1  | 	mirostat = 0, mirostat_lr = 0.100, mirostat_ent = 5.000, adaptive_target = -1.000, adaptive_decay = 0.900
ollama-1  | slot launch_slot_: id  0 | task 12879 | processing task, is_child = 0
ollama-1  | slot   operator(): id  0 | task 12879 | new prompt, n_ctx_slot = 4096, n_keep = 4, task.n_tokens = 538
ollama-1  | slot   operator(): id  0 | task 12879 | cached n_tokens = 380, memory_seq_rm [380, end)
ollama-1  | slot init_sampler: id  0 | task 12879 | init sampler, took 0.04 ms, tokens: text = 538, total = 538
ollama-1  | slot print_timing: id  0 | task 12879 | prompt eval time =    1215.24 ms /   158 tokens (    7.69 ms per token,   130.02 tokens per second)
ollama-1  | slot print_timing: id  0 | task 12879 |        eval time =     341.06 ms /    11 tokens (   34.11 ms per token,    29.32 tokens per second)
ollama-1  | slot print_timing: id  0 | task 12879 |       total time =    1556.30 ms /   169 tokens
ollama-1  | slot print_timing: id  0 | task 12879 |    graphs reused =       9250
ollama-1  | slot      release: id  0 | task 12879 | stop processing: n_tokens = 548, truncated = 0
ollama-1  | srv  update_slots: all slots are idle
ollama-1  | [GIN] 2026/10/08 - 04:37:43 | 200 | 45.305748966s |      172.21.0.4 | POST     "/api/generate"
ollama-1  | srv  server_strea: conv_id= (empty=1)
ollama-1  | slot get_availabl: id  0 | task -1 |  - checking sim = 0.646 (379/587) > 0.100
ollama-1  | slot get_availabl: id  0 | task -1 | selected slot by LCP similarity, f_sim_best = 0.646 (> 0.100 thold), f_keep = 0.692
ollama-1  | slot launch_slot_: id  0 | task -1 | sampler chain: logits -> ?penalties -> ?dry -> ?top-n-sigma -> top-k -> ?typical -> top-p -> ?min-p -> ?xtc -> temp-ext -> dist 
ollama-1  | slot launch_slot_: id  0 | task -1 | sampler params: 
ollama-1  | 	repeat_last_n = 64, repeat_penalty = 1.000, frequency_penalty = 0.000, presence_penalty = 0.000
ollama-1  | 	dry_multiplier = 0.000, dry_base = 1.750, dry_allowed_length = 2, dry_penalty_last_n = 64
ollama-1  | 	top_k = 40, top_p = 0.900, min_p = 0.000, xtc_probability = 0.000, xtc_threshold = 0.100, typical_p = 1.000, top_n_sigma = -1.000, temp = 0.000
ollama-1  | 	mirostat = 0, mirostat_lr = 0.100, mirostat_ent = 5.000, adaptive_target = -1.000, adaptive_decay = 0.900
ollama-1  | slot launch_slot_: id  0 | task 12891 | processing task, is_child = 0
ollama-1  | slot   operator(): id  0 | task 12891 | new prompt, n_ctx_slot = 4096, n_keep = 4, task.n_tokens = 587
ollama-1  | slot   operator(): id  0 | task 12891 | cached n_tokens = 379, memory_seq_rm [379, end)
ollama-1  | slot init_sampler: id  0 | task 12891 | init sampler, took 0.05 ms, tokens: text = 587, total = 587
ollama-1  | slot print_timing: id  0 | task 12891 | prompt eval time =    1544.23 ms /   208 tokens (    7.42 ms per token,   134.69 tokens per second)
ollama-1  | slot print_timing: id  0 | task 12891 |        eval time =     300.56 ms /     9 tokens (   37.57 ms per token,    26.62 tokens per second)
ollama-1  | slot print_timing: id  0 | task 12891 |       total time =    1844.79 ms /   217 tokens
ollama-1  | slot print_timing: id  0 | task 12891 |    graphs reused =       9257
ollama-1  | slot      release: id  0 | task 12891 | stop processing: n_tokens = 595, truncated = 0
ollama-1  | srv  update_slots: all slots are idle
ollama-1  | [GIN] 2026/10/08 - 04:37:45 | 200 | 45.263711935s |      172.21.0.4 | POST     "/api/generate"
ollama-1  | srv  server_strea: conv_id= (empty=1)
ollama-1  | slot get_availabl: id  0 | task -1 |  - checking sim = 0.532 (379/713) > 0.100
ollama-1  | slot get_availabl: id  0 | task -1 | selected slot by LCP similarity, f_sim_best = 0.532 (> 0.100 thold), f_keep = 0.637
ollama-1  | slot launch_slot_: id  0 | task -1 | sampler chain: logits -> ?penalties -> ?dry -> ?top-n-sigma -> top-k -> ?typical -> top-p -> ?min-p -> ?xtc -> temp-ext -> dist 
ollama-1  | slot launch_slot_: id  0 | task -1 | sampler params: 
ollama-1  | 	repeat_last_n = 64, repeat_penalty = 1.000, frequency_penalty = 0.000, presence_penalty = 0.000
ollama-1  | 	dry_multiplier = 0.000, dry_base = 1.750, dry_allowed_length = 2, dry_penalty_last_n = 64
ollama-1  | 	top_k = 40, top_p = 0.900, min_p = 0.000, xtc_probability = 0.000, xtc_threshold = 0.100, typical_p = 1.000, top_n_sigma = -1.000, temp = 0.000
ollama-1  | 	mirostat = 0, mirostat_lr = 0.100, mirostat_ent = 5.000, adaptive_target = -1.000, adaptive_decay = 0.900
ollama-1  | slot launch_slot_: id  0 | task 12901 | processing task, is_child = 0
ollama-1  | slot   operator(): id  0 | task 12901 | new prompt, n_ctx_slot = 4096, n_keep = 4, task.n_tokens = 713
ollama-1  | slot   operator(): id  0 | task 12901 | cached n_tokens = 379, memory_seq_rm [379, end)
ollama-1  | slot init_sampler: id  0 | task 12901 | init sampler, took 0.08 ms, tokens: text = 713, total = 713
ollama-1  | [GIN] 2026/10/08 - 04:37:47 | 200 |      38.606µs |       127.0.0.1 | HEAD     "/"
ollama-1  | [GIN] 2026/10/08 - 04:37:47 | 200 |    2.577336ms |       127.0.0.1 | GET      "/api/tags"
ollama-1  | slot print_timing: id  0 | task 12901 | prompt eval time =    2463.15 ms /   334 tokens (    7.37 ms per token,   135.60 tokens per second)
ollama-1  | slot print_timing: id  0 | task 12901 |        eval time =     286.05 ms /     9 tokens (   35.76 ms per token,    27.97 tokens per second)
ollama-1  | slot print_timing: id  0 | task 12901 |       total time =    2749.20 ms /   343 tokens
ollama-1  | slot print_timing: id  0 | task 12901 |    graphs reused =       9264
ollama-1  | slot      release: id  0 | task 12901 | stop processing: n_tokens = 721, truncated = 0
ollama-1  | srv  update_slots: all slots are idle
ollama-1  | [GIN] 2026/10/08 - 04:37:48 | 200 | 47.107706299s |      172.21.0.4 | POST     "/api/generate"
ollama-1  | srv  server_strea: conv_id= (empty=1)
ollama-1  | slot get_availabl: id  0 | task -1 |  - checking sim = 0.824 (379/460) > 0.100
ollama-1  | slot get_availabl: id  0 | task -1 | selected slot by LCP similarity, f_sim_best = 0.824 (> 0.100 thold), f_keep = 0.526
ollama-1  | slot launch_slot_: id  0 | task -1 | sampler chain: logits -> ?penalties -> ?dry -> ?top-n-sigma -> top-k -> ?typical -> top-p -> ?min-p -> ?xtc -> temp-ext -> dist 
ollama-1  | slot launch_slot_: id  0 | task -1 | sampler params: 
ollama-1  | 	repeat_last_n = 64, repeat_penalty = 1.000, frequency_penalty = 0.000, presence_penalty = 0.000
ollama-1  | 	dry_multiplier = 0.000, dry_base = 1.750, dry_allowed_length = 2, dry_penalty_last_n = 64
ollama-1  | 	top_k = 40, top_p = 0.900, min_p = 0.000, xtc_probability = 0.000, xtc_threshold = 0.100, typical_p = 1.000, top_n_sigma = -1.000, temp = 0.000
ollama-1  | 	mirostat = 0, mirostat_lr = 0.100, mirostat_ent = 5.000, adaptive_target = -1.000, adaptive_decay = 0.900
ollama-1  | slot launch_slot_: id  0 | task 12911 | processing task, is_child = 0
ollama-1  | slot   operator(): id  0 | task 12911 | new prompt, n_ctx_slot = 4096, n_keep = 4, task.n_tokens = 460
ollama-1  | slot   operator(): id  0 | task 12911 | cached n_tokens = 379, memory_seq_rm [379, end)
ollama-1  | slot init_sampler: id  0 | task 12911 | init sampler, took 0.03 ms, tokens: text = 460, total = 460
ollama-1  | slot print_timing: id  0 | task 12911 | prompt eval time =     630.11 ms /    81 tokens (    7.78 ms per token,   128.55 tokens per second)
ollama-1  | slot print_timing: id  0 | task 12911 |        eval time =     335.11 ms /    11 tokens (   33.51 ms per token,    29.84 tokens per second)
ollama-1  | slot print_timing: id  0 | task 12911 |       total time =     965.22 ms /    92 tokens
ollama-1  | slot print_timing: id  0 | task 12911 |    graphs reused =       9273
ollama-1  | slot      release: id  0 | task 12911 | stop processing: n_tokens = 470, truncated = 0
ollama-1  | srv  update_slots: all slots are idle
ollama-1  | [GIN] 2026/10/08 - 04:37:49 | 200 | 46.582866346s |      172.21.0.4 | POST     "/api/generate"
ollama-1  | srv  server_strea: conv_id= (empty=1)
ollama-1  | slot get_availabl: id  0 | task -1 |  - checking sim = 0.517 (379/733) > 0.100
ollama-1  | slot get_availabl: id  0 | task -1 | selected slot by LCP similarity, f_sim_best = 0.517 (> 0.100 thold), f_keep = 0.806
ollama-1  | slot launch_slot_: id  0 | task -1 | sampler chain: logits -> ?penalties -> ?dry -> ?top-n-sigma -> top-k -> ?typical -> top-p -> ?min-p -> ?xtc -> temp-ext -> dist 
ollama-1  | slot launch_slot_: id  0 | task -1 | sampler params: 
ollama-1  | 	repeat_last_n = 64, repeat_penalty = 1.000, frequency_penalty = 0.000, presence_penalty = 0.000
ollama-1  | 	dry_multiplier = 0.000, dry_base = 1.750, dry_allowed_length = 2, dry_penalty_last_n = 64
ollama-1  | 	top_k = 40, top_p = 0.900, min_p = 0.000, xtc_probability = 0.000, xtc_threshold = 0.100, typical_p = 1.000, top_n_sigma = -1.000, temp = 0.000
ollama-1  | 	mirostat = 0, mirostat_lr = 0.100, mirostat_ent = 5.000, adaptive_target = -1.000, adaptive_decay = 0.900
ollama-1  | slot launch_slot_: id  0 | task 12923 | processing task, is_child = 0
ollama-1  | slot   operator(): id  0 | task 12923 | new prompt, n_ctx_slot = 4096, n_keep = 4, task.n_tokens = 733
ollama-1  | slot   operator(): id  0 | task 12923 | cached n_tokens = 379, memory_seq_rm [379, end)
ollama-1  | slot init_sampler: id  0 | task 12923 | init sampler, took 0.08 ms, tokens: text = 733, total = 733
ollama-1  | slot print_timing: id  0 | task 12923 | prompt eval time =    2580.86 ms /   354 tokens (    7.29 ms per token,   137.16 tokens per second)
ollama-1  | slot print_timing: id  0 | task 12923 |        eval time =     286.49 ms /     9 tokens (   35.81 ms per token,    27.92 tokens per second)
ollama-1  | slot print_timing: id  0 | task 12923 |       total time =    2867.36 ms /   363 tokens
ollama-1  | slot print_timing: id  0 | task 12923 |    graphs reused =       9280
ollama-1  | slot      release: id  0 | task 12923 | stop processing: n_tokens = 741, truncated = 0
ollama-1  | srv  update_slots: all slots are idle
ollama-1  | [GIN] 2026/10/08 - 04:37:51 | 200 | 48.338734894s |      172.21.0.4 | POST     "/api/generate"
ollama-1  | srv  server_strea: conv_id= (empty=1)
ollama-1  | slot get_availabl: id  0 | task -1 |  - checking sim = 0.714 (379/531) > 0.100
ollama-1  | slot get_availabl: id  0 | task -1 | selected slot by LCP similarity, f_sim_best = 0.714 (> 0.100 thold), f_keep = 0.511
ollama-1  | slot launch_slot_: id  0 | task -1 | sampler chain: logits -> ?penalties -> ?dry -> ?top-n-sigma -> top-k -> ?typical -> top-p -> ?min-p -> ?xtc -> temp-ext -> dist 
ollama-1  | slot launch_slot_: id  0 | task -1 | sampler params: 
ollama-1  | 	repeat_last_n = 64, repeat_penalty = 1.000, frequency_penalty = 0.000, presence_penalty = 0.000
ollama-1  | 	dry_multiplier = 0.000, dry_base = 1.750, dry_allowed_length = 2, dry_penalty_last_n = 64
ollama-1  | 	top_k = 40, top_p = 0.900, min_p = 0.000, xtc_probability = 0.000, xtc_threshold = 0.100, typical_p = 1.000, top_n_sigma = -1.000, temp = 0.000
ollama-1  | 	mirostat = 0, mirostat_lr = 0.100, mirostat_ent = 5.000, adaptive_target = -1.000, adaptive_decay = 0.900
ollama-1  | slot launch_slot_: id  0 | task 12933 | processing task, is_child = 0
ollama-1  | slot   operator(): id  0 | task 12933 | new prompt, n_ctx_slot = 4096, n_keep = 4, task.n_tokens = 531
ollama-1  | slot   operator(): id  0 | task 12933 | cached n_tokens = 379, memory_seq_rm [379, end)
ollama-1  | slot init_sampler: id  0 | task 12933 | init sampler, took 0.04 ms, tokens: text = 531, total = 531
ollama-1  | slot print_timing: id  0 | task 12933 | prompt eval time =    1147.03 ms /   152 tokens (    7.55 ms per token,   132.52 tokens per second)
ollama-1  | slot print_timing: id  0 | task 12933 |        eval time =     268.64 ms /     9 tokens (   33.58 ms per token,    29.78 tokens per second)
ollama-1  | slot print_timing: id  0 | task 12933 |       total time =    1415.67 ms /   161 tokens
ollama-1  | slot print_timing: id  0 | task 12933 |    graphs reused =       9287
ollama-1  | slot      release: id  0 | task 12933 | stop processing: n_tokens = 539, truncated = 0
ollama-1  | srv  update_slots: all slots are idle
ollama-1  | [GIN] 2026/10/08 - 04:37:53 | 200 | 48.225116447s |      172.21.0.4 | POST     "/api/generate"
ollama-1  | srv  server_strea: conv_id= (empty=1)
ollama-1  | slot get_availabl: id  0 | task -1 |  - checking sim = 0.698 (379/543) > 0.100
ollama-1  | slot get_availabl: id  0 | task -1 | selected slot by LCP similarity, f_sim_best = 0.698 (> 0.100 thold), f_keep = 0.703
ollama-1  | slot launch_slot_: id  0 | task -1 | sampler chain: logits -> ?penalties -> ?dry -> ?top-n-sigma -> top-k -> ?typical -> top-p -> ?min-p -> ?xtc -> temp-ext -> dist 
ollama-1  | slot launch_slot_: id  0 | task -1 | sampler params: 
ollama-1  | 	repeat_last_n = 64, repeat_penalty = 1.000, frequency_penalty = 0.000, presence_penalty = 0.000
ollama-1  | 	dry_multiplier = 0.000, dry_base = 1.750, dry_allowed_length = 2, dry_penalty_last_n = 64
ollama-1  | 	top_k = 40, top_p = 0.900, min_p = 0.000, xtc_probability = 0.000, xtc_threshold = 0.100, typical_p = 1.000, top_n_sigma = -1.000, temp = 0.000
ollama-1  | 	mirostat = 0, mirostat_lr = 0.100, mirostat_ent = 5.000, adaptive_target = -1.000, adaptive_decay = 0.900
ollama-1  | slot launch_slot_: id  0 | task 12943 | processing task, is_child = 0
ollama-1  | slot   operator(): id  0 | task 12943 | new prompt, n_ctx_slot = 4096, n_keep = 4, task.n_tokens = 543
ollama-1  | slot   operator(): id  0 | task 12943 | cached n_tokens = 379, memory_seq_rm [379, end)
ollama-1  | slot init_sampler: id  0 | task 12943 | init sampler, took 0.05 ms, tokens: text = 543, total = 543
ollama-1  | slot print_timing: id  0 | task 12943 | prompt eval time =    1208.78 ms /   164 tokens (    7.37 ms per token,   135.67 tokens per second)
ollama-1  | slot print_timing: id  0 | task 12943 |        eval time =     341.32 ms /    11 tokens (   34.13 ms per token,    29.30 tokens per second)
ollama-1  | slot print_timing: id  0 | task 12943 |       total time =    1550.10 ms /   175 tokens
ollama-1  | slot print_timing: id  0 | task 12943 |    graphs reused =       9296
ollama-1  | slot      release: id  0 | task 12943 | stop processing: n_tokens = 553, truncated = 0
ollama-1  | srv  update_slots: all slots are idle
ollama-1  | [GIN] 2026/10/08 - 04:37:54 | 200 |   47.8319419s |      172.21.0.4 | POST     "/api/generate"
ollama-1  | srv  server_strea: conv_id= (empty=1)
ollama-1  | slot get_availabl: id  0 | task -1 |  - checking sim = 0.683 (379/555) > 0.100
ollama-1  | slot get_availabl: id  0 | task -1 | selected slot by LCP similarity, f_sim_best = 0.683 (> 0.100 thold), f_keep = 0.685
ollama-1  | slot launch_slot_: id  0 | task -1 | sampler chain: logits -> ?penalties -> ?dry -> ?top-n-sigma -> top-k -> ?typical -> top-p -> ?min-p -> ?xtc -> temp-ext -> dist 
ollama-1  | slot launch_slot_: id  0 | task -1 | sampler params: 
ollama-1  | 	repeat_last_n = 64, repeat_penalty = 1.000, frequency_penalty = 0.000, presence_penalty = 0.000
ollama-1  | 	dry_multiplier = 0.000, dry_base = 1.750, dry_allowed_length = 2, dry_penalty_last_n = 64
ollama-1  | 	top_k = 40, top_p = 0.900, min_p = 0.000, xtc_probability = 0.000, xtc_threshold = 0.100, typical_p = 1.000, top_n_sigma = -1.000, temp = 0.000
ollama-1  | 	mirostat = 0, mirostat_lr = 0.100, mirostat_ent = 5.000, adaptive_target = -1.000, adaptive_decay = 0.900
ollama-1  | slot launch_slot_: id  0 | task 12955 | processing task, is_child = 0
ollama-1  | slot   operator(): id  0 | task 12955 | new prompt, n_ctx_slot = 4096, n_keep = 4, task.n_tokens = 555
ollama-1  | slot   operator(): id  0 | task 12955 | cached n_tokens = 379, memory_seq_rm [379, end)
ollama-1  | slot init_sampler: id  0 | task 12955 | init sampler, took 0.06 ms, tokens: text = 555, total = 555
ollama-1  | slot print_timing: id  0 | task 12955 | prompt eval time =    1315.46 ms /   176 tokens (    7.47 ms per token,   133.79 tokens per second)
ollama-1  | slot print_timing: id  0 | task 12955 |        eval time =     283.30 ms /     9 tokens (   35.41 ms per token,    28.24 tokens per second)
ollama-1  | slot print_timing: id  0 | task 12955 |       total time =    1598.76 ms /   185 tokens
ollama-1  | slot print_timing: id  0 | task 12955 |    graphs reused =       9303
ollama-1  | slot      release: id  0 | task 12955 | stop processing: n_tokens = 563, truncated = 0
ollama-1  | srv  update_slots: all slots are idle
ollama-1  | [GIN] 2026/10/08 - 04:37:56 | 200 | 48.063273196s |      172.21.0.4 | POST     "/api/generate"
ollama-1  | srv  server_strea: conv_id= (empty=1)
ollama-1  | slot get_availabl: id  0 | task -1 |  - checking sim = 0.781 (379/485) > 0.100
ollama-1  | slot get_availabl: id  0 | task -1 | selected slot by LCP similarity, f_sim_best = 0.781 (> 0.100 thold), f_keep = 0.673
ollama-1  | slot launch_slot_: id  0 | task -1 | sampler chain: logits -> ?penalties -> ?dry -> ?top-n-sigma -> top-k -> ?typical -> top-p -> ?min-p -> ?xtc -> temp-ext -> dist 
ollama-1  | slot launch_slot_: id  0 | task -1 | sampler params: 
ollama-1  | 	repeat_last_n = 64, repeat_penalty = 1.000, frequency_penalty = 0.000, presence_penalty = 0.000
ollama-1  | 	dry_multiplier = 0.000, dry_base = 1.750, dry_allowed_length = 2, dry_penalty_last_n = 64
ollama-1  | 	top_k = 40, top_p = 0.900, min_p = 0.000, xtc_probability = 0.000, xtc_threshold = 0.100, typical_p = 1.000, top_n_sigma = -1.000, temp = 0.000
ollama-1  | 	mirostat = 0, mirostat_lr = 0.100, mirostat_ent = 5.000, adaptive_target = -1.000, adaptive_decay = 0.900
ollama-1  | slot launch_slot_: id  0 | task 12965 | processing task, is_child = 0
ollama-1  | slot   operator(): id  0 | task 12965 | new prompt, n_ctx_slot = 4096, n_keep = 4, task.n_tokens = 485
ollama-1  | slot   operator(): id  0 | task 12965 | cached n_tokens = 379, memory_seq_rm [379, end)
ollama-1  | slot init_sampler: id  0 | task 12965 | init sampler, took 0.06 ms, tokens: text = 485, total = 485
ollama-1  | slot print_timing: id  0 | task 12965 | prompt eval time =     790.19 ms /   106 tokens (    7.45 ms per token,   134.14 tokens per second)
ollama-1  | slot print_timing: id  0 | task 12965 |        eval time =     276.68 ms /     9 tokens (   34.59 ms per token,    28.91 tokens per second)
ollama-1  | slot print_timing: id  0 | task 12965 |       total time =    1066.88 ms /   115 tokens
ollama-1  | slot print_timing: id  0 | task 12965 |    graphs reused =       9310
ollama-1  | slot      release: id  0 | task 12965 | stop processing: n_tokens = 493, truncated = 0
ollama-1  | srv  update_slots: all slots are idle
ollama-1  | [GIN] 2026/10/08 - 04:37:57 | 200 | 47.408543911s |      172.21.0.4 | POST     "/api/generate"
ollama-1  | srv  server_strea: conv_id= (empty=1)
ollama-1  | slot get_availabl: id  0 | task -1 |  - checking sim = 0.694 (379/546) > 0.100
ollama-1  | slot get_availabl: id  0 | task -1 | selected slot by LCP similarity, f_sim_best = 0.694 (> 0.100 thold), f_keep = 0.769
ollama-1  | slot launch_slot_: id  0 | task -1 | sampler chain: logits -> ?penalties -> ?dry -> ?top-n-sigma -> top-k -> ?typical -> top-p -> ?min-p -> ?xtc -> temp-ext -> dist 
ollama-1  | slot launch_slot_: id  0 | task -1 | sampler params: 
ollama-1  | 	repeat_last_n = 64, repeat_penalty = 1.000, frequency_penalty = 0.000, presence_penalty = 0.000
ollama-1  | 	dry_multiplier = 0.000, dry_base = 1.750, dry_allowed_length = 2, dry_penalty_last_n = 64
ollama-1  | 	top_k = 40, top_p = 0.900, min_p = 0.000, xtc_probability = 0.000, xtc_threshold = 0.100, typical_p = 1.000, top_n_sigma = -1.000, temp = 0.000
ollama-1  | 	mirostat = 0, mirostat_lr = 0.100, mirostat_ent = 5.000, adaptive_target = -1.000, adaptive_decay = 0.900
ollama-1  | slot launch_slot_: id  0 | task 12975 | processing task, is_child = 0
ollama-1  | slot   operator(): id  0 | task 12975 | new prompt, n_ctx_slot = 4096, n_keep = 4, task.n_tokens = 546
ollama-1  | slot   operator(): id  0 | task 12975 | cached n_tokens = 379, memory_seq_rm [379, end)
ollama-1  | slot init_sampler: id  0 | task 12975 | init sampler, took 0.04 ms, tokens: text = 546, total = 546
ollama-1  | [GIN] 2026/10/08 - 04:37:57 | 200 |       33.25µs |       127.0.0.1 | HEAD     "/"
ollama-1  | [GIN] 2026/10/08 - 04:37:57 | 200 |    1.399929ms |       127.0.0.1 | GET      "/api/tags"
ollama-1  | slot print_timing: id  0 | task 12975 | prompt eval time =    1271.99 ms /   167 tokens (    7.62 ms per token,   131.29 tokens per second)
ollama-1  | slot print_timing: id  0 | task 12975 |        eval time =     341.79 ms /    11 tokens (   34.18 ms per token,    29.26 tokens per second)
ollama-1  | slot print_timing: id  0 | task 12975 |       total time =    1613.78 ms /   178 tokens
ollama-1  | slot print_timing: id  0 | task 12975 |    graphs reused =       9319
ollama-1  | slot      release: id  0 | task 12975 | stop processing: n_tokens = 556, truncated = 0
ollama-1  | srv  update_slots: all slots are idle
ollama-1  | [GIN] 2026/10/08 - 04:37:59 | 200 | 46.719012126s |      172.21.0.4 | POST     "/api/generate"
ollama-1  | srv  server_strea: conv_id= (empty=1)
ollama-1  | slot get_availabl: id  0 | task -1 |  - checking sim = 0.621 (379/610) > 0.100
ollama-1  | slot get_availabl: id  0 | task -1 | selected slot by LCP similarity, f_sim_best = 0.621 (> 0.100 thold), f_keep = 0.682
ollama-1  | slot launch_slot_: id  0 | task -1 | sampler chain: logits -> ?penalties -> ?dry -> ?top-n-sigma -> top-k -> ?typical -> top-p -> ?min-p -> ?xtc -> temp-ext -> dist 
ollama-1  | slot launch_slot_: id  0 | task -1 | sampler params: 
ollama-1  | 	repeat_last_n = 64, repeat_penalty = 1.000, frequency_penalty = 0.000, presence_penalty = 0.000
ollama-1  | 	dry_multiplier = 0.000, dry_base = 1.750, dry_allowed_length = 2, dry_penalty_last_n = 64
ollama-1  | 	top_k = 40, top_p = 0.900, min_p = 0.000, xtc_probability = 0.000, xtc_threshold = 0.100, typical_p = 1.000, top_n_sigma = -1.000, temp = 0.000
ollama-1  | 	mirostat = 0, mirostat_lr = 0.100, mirostat_ent = 5.000, adaptive_target = -1.000, adaptive_decay = 0.900
ollama-1  | slot launch_slot_: id  0 | task 12987 | processing task, is_child = 0
ollama-1  | slot   operator(): id  0 | task 12987 | new prompt, n_ctx_slot = 4096, n_keep = 4, task.n_tokens = 610
ollama-1  | slot   operator(): id  0 | task 12987 | cached n_tokens = 379, memory_seq_rm [379, end)
ollama-1  | slot init_sampler: id  0 | task 12987 | init sampler, took 0.05 ms, tokens: text = 610, total = 610
ollama-1  | slot print_timing: id  0 | task 12987 | prompt eval time =    1682.67 ms /   231 tokens (    7.28 ms per token,   137.28 tokens per second)
ollama-1  | slot print_timing: id  0 | task 12987 |        eval time =     345.36 ms /    11 tokens (   34.54 ms per token,    28.96 tokens per second)
ollama-1  | slot print_timing: id  0 | task 12987 |       total time =    2028.02 ms /   242 tokens
ollama-1  | slot print_timing: id  0 | task 12987 |    graphs reused =       9328
ollama-1  | slot      release: id  0 | task 12987 | stop processing: n_tokens = 620, truncated = 0
ollama-1  | srv  update_slots: all slots are idle
ollama-1  | [GIN] 2026/10/08 - 04:38:02 | 200 | 47.054695406s |      172.21.0.4 | POST     "/api/generate"
ollama-1  | srv  server_strea: conv_id= (empty=1)
ollama-1  | slot get_availabl: id  0 | task -1 |  - checking sim = 0.721 (379/526) > 0.100
ollama-1  | slot get_availabl: id  0 | task -1 | selected slot by LCP similarity, f_sim_best = 0.721 (> 0.100 thold), f_keep = 0.611
ollama-1  | slot launch_slot_: id  0 | task -1 | sampler chain: logits -> ?penalties -> ?dry -> ?top-n-sigma -> top-k -> ?typical -> top-p -> ?min-p -> ?xtc -> temp-ext -> dist 
ollama-1  | slot launch_slot_: id  0 | task -1 | sampler params: 
ollama-1  | 	repeat_last_n = 64, repeat_penalty = 1.000, frequency_penalty = 0.000, presence_penalty = 0.000
ollama-1  | 	dry_multiplier = 0.000, dry_base = 1.750, dry_allowed_length = 2, dry_penalty_last_n = 64
ollama-1  | 	top_k = 40, top_p = 0.900, min_p = 0.000, xtc_probability = 0.000, xtc_threshold = 0.100, typical_p = 1.000, top_n_sigma = -1.000, temp = 0.000
ollama-1  | 	mirostat = 0, mirostat_lr = 0.100, mirostat_ent = 5.000, adaptive_target = -1.000, adaptive_decay = 0.900
ollama-1  | slot launch_slot_: id  0 | task 12999 | processing task, is_child = 0
ollama-1  | slot   operator(): id  0 | task 12999 | new prompt, n_ctx_slot = 4096, n_keep = 4, task.n_tokens = 526
ollama-1  | slot   operator(): id  0 | task 12999 | cached n_tokens = 379, memory_seq_rm [379, end)
ollama-1  | slot init_sampler: id  0 | task 12999 | init sampler, took 0.04 ms, tokens: text = 526, total = 526
ollama-1  | slot print_timing: id  0 | task 12999 | prompt eval time =    1120.37 ms /   147 tokens (    7.62 ms per token,   131.21 tokens per second)
ollama-1  | slot print_timing: id  0 | task 12999 |        eval time =     272.51 ms /     9 tokens (   34.06 ms per token,    29.36 tokens per second)
ollama-1  | slot print_timing: id  0 | task 12999 |       total time =    1392.88 ms /   156 tokens
ollama-1  | slot print_timing: id  0 | task 12999 |    graphs reused =       9335
ollama-1  | slot      release: id  0 | task 12999 | stop processing: n_tokens = 534, truncated = 0
ollama-1  | srv  update_slots: all slots are idle
ollama-1  | [GIN] 2026/10/08 - 04:38:04 | 200 | 45.898077915s |      172.21.0.4 | POST     "/api/generate"
ollama-1  | srv  server_strea: conv_id= (empty=1)
ollama-1  | slot get_availabl: id  0 | task -1 |  - checking sim = 0.819 (379/463) > 0.100
ollama-1  | slot get_availabl: id  0 | task -1 | selected slot by LCP similarity, f_sim_best = 0.819 (> 0.100 thold), f_keep = 0.710
ollama-1  | slot launch_slot_: id  0 | task -1 | sampler chain: logits -> ?penalties -> ?dry -> ?top-n-sigma -> top-k -> ?typical -> top-p -> ?min-p -> ?xtc -> temp-ext -> dist 
ollama-1  | slot launch_slot_: id  0 | task -1 | sampler params: 
ollama-1  | 	repeat_last_n = 64, repeat_penalty = 1.000, frequency_penalty = 0.000, presence_penalty = 0.000
ollama-1  | 	dry_multiplier = 0.000, dry_base = 1.750, dry_allowed_length = 2, dry_penalty_last_n = 64
ollama-1  | 	top_k = 40, top_p = 0.900, min_p = 0.000, xtc_probability = 0.000, xtc_threshold = 0.100, typical_p = 1.000, top_n_sigma = -1.000, temp = 0.000
ollama-1  | 	mirostat = 0, mirostat_lr = 0.100, mirostat_ent = 5.000, adaptive_target = -1.000, adaptive_decay = 0.900
ollama-1  | slot launch_slot_: id  0 | task 13009 | processing task, is_child = 0
ollama-1  | slot   operator(): id  0 | task 13009 | new prompt, n_ctx_slot = 4096, n_keep = 4, task.n_tokens = 463
ollama-1  | slot   operator(): id  0 | task 13009 | cached n_tokens = 379, memory_seq_rm [379, end)
ollama-1  | slot init_sampler: id  0 | task 13009 | init sampler, took 0.04 ms, tokens: text = 463, total = 463
ollama-1  | slot print_timing: id  0 | task 13009 | prompt eval time =     620.41 ms /    84 tokens (    7.39 ms per token,   135.39 tokens per second)
ollama-1  | slot print_timing: id  0 | task 13009 |        eval time =     342.58 ms /    11 tokens (   34.26 ms per token,    29.19 tokens per second)
ollama-1  | slot print_timing: id  0 | task 13009 |       total time =     963.00 ms /    95 tokens
ollama-1  | slot print_timing: id  0 | task 13009 |    graphs reused =       9344
ollama-1  | slot      release: id  0 | task 13009 | stop processing: n_tokens = 473, truncated = 0
ollama-1  | srv  update_slots: all slots are idle
ollama-1  | [GIN] 2026/10/08 - 04:38:05 | 200 | 46.820317267s |      172.21.0.4 | POST     "/api/generate"
ollama-1  | srv  server_strea: conv_id= (empty=1)
ollama-1  | slot get_availabl: id  0 | task -1 |  - checking sim = 0.547 (379/693) > 0.100
ollama-1  | slot get_availabl: id  0 | task -1 | selected slot by LCP similarity, f_sim_best = 0.547 (> 0.100 thold), f_keep = 0.801
ollama-1  | slot launch_slot_: id  0 | task -1 | sampler chain: logits -> ?penalties -> ?dry -> ?top-n-sigma -> top-k -> ?typical -> top-p -> ?min-p -> ?xtc -> temp-ext -> dist 
ollama-1  | slot launch_slot_: id  0 | task -1 | sampler params: 
ollama-1  | 	repeat_last_n = 64, repeat_penalty = 1.000, frequency_penalty = 0.000, presence_penalty = 0.000
ollama-1  | 	dry_multiplier = 0.000, dry_base = 1.750, dry_allowed_length = 2, dry_penalty_last_n = 64
ollama-1  | 	top_k = 40, top_p = 0.900, min_p = 0.000, xtc_probability = 0.000, xtc_threshold = 0.100, typical_p = 1.000, top_n_sigma = -1.000, temp = 0.000
ollama-1  | 	mirostat = 0, mirostat_lr = 0.100, mirostat_ent = 5.000, adaptive_target = -1.000, adaptive_decay = 0.900
ollama-1  | slot launch_slot_: id  0 | task 13021 | processing task, is_child = 0
ollama-1  | slot   operator(): id  0 | task 13021 | new prompt, n_ctx_slot = 4096, n_keep = 4, task.n_tokens = 693
ollama-1  | slot   operator(): id  0 | task 13021 | cached n_tokens = 379, memory_seq_rm [379, end)
ollama-1  | slot init_sampler: id  0 | task 13021 | init sampler, took 0.08 ms, tokens: text = 693, total = 693
ollama-1  | slot print_timing: id  0 | task 13021 | prompt eval time =    2309.84 ms /   314 tokens (    7.36 ms per token,   135.94 tokens per second)
ollama-1  | slot print_timing: id  0 | task 13021 |        eval time =     283.32 ms /     9 tokens (   35.41 ms per token,    28.24 tokens per second)
ollama-1  | slot print_timing: id  0 | task 13021 |       total time =    2593.16 ms /   323 tokens
ollama-1  | slot print_timing: id  0 | task 13021 |    graphs reused =       9351
ollama-1  | slot      release: id  0 | task 13021 | stop processing: n_tokens = 701, truncated = 0
ollama-1  | srv  update_slots: all slots are idle
ollama-1  | [GIN] 2026/10/08 - 04:38:07 | 200 | 48.224589808s |      172.21.0.4 | POST     "/api/generate"
ollama-1  | srv  server_strea: conv_id= (empty=1)
ollama-1  | slot get_availabl: id  0 | task -1 |  - checking sim = 0.852 (379/445) > 0.100
ollama-1  | slot get_availabl: id  0 | task -1 | selected slot by LCP similarity, f_sim_best = 0.852 (> 0.100 thold), f_keep = 0.541
ollama-1  | slot launch_slot_: id  0 | task -1 | sampler chain: logits -> ?penalties -> ?dry -> ?top-n-sigma -> top-k -> ?typical -> top-p -> ?min-p -> ?xtc -> temp-ext -> dist 
ollama-1  | slot launch_slot_: id  0 | task -1 | sampler params: 
ollama-1  | 	repeat_last_n = 64, repeat_penalty = 1.000, frequency_penalty = 0.000, presence_penalty = 0.000
ollama-1  | 	dry_multiplier = 0.000, dry_base = 1.750, dry_allowed_length = 2, dry_penalty_last_n = 64
ollama-1  | 	top_k = 40, top_p = 0.900, min_p = 0.000, xtc_probability = 0.000, xtc_threshold = 0.100, typical_p = 1.000, top_n_sigma = -1.000, temp = 0.000
ollama-1  | 	mirostat = 0, mirostat_lr = 0.100, mirostat_ent = 5.000, adaptive_target = -1.000, adaptive_decay = 0.900
ollama-1  | slot launch_slot_: id  0 | task 13031 | processing task, is_child = 0
ollama-1  | slot   operator(): id  0 | task 13031 | new prompt, n_ctx_slot = 4096, n_keep = 4, task.n_tokens = 445
ollama-1  | slot   operator(): id  0 | task 13031 | cached n_tokens = 379, memory_seq_rm [379, end)
ollama-1  | slot init_sampler: id  0 | task 13031 | init sampler, took 0.03 ms, tokens: text = 445, total = 445
ollama-1  | slot print_timing: id  0 | task 13031 | prompt eval time =     518.86 ms /    66 tokens (    7.86 ms per token,   127.20 tokens per second)
ollama-1  | slot print_timing: id  0 | task 13031 |        eval time =     276.02 ms /     9 tokens (   34.50 ms per token,    28.98 tokens per second)
ollama-1  | slot print_timing: id  0 | task 13031 |       total time =     794.88 ms /    75 tokens
ollama-1  | slot print_timing: id  0 | task 13031 |    graphs reused =       9358
ollama-1  | slot      release: id  0 | task 13031 | stop processing: n_tokens = 453, truncated = 0
ollama-1  | srv  update_slots: all slots are idle
ollama-1  | [GIN] 2026/10/08 - 04:38:08 | 200 | 47.324951512s |      172.21.0.4 | POST     "/api/generate"
ollama-1  | srv  server_strea: conv_id= (empty=1)
ollama-1  | slot get_availabl: id  0 | task -1 |  - checking sim = 0.680 (379/557) > 0.100
ollama-1  | slot get_availabl: id  0 | task -1 | selected slot by LCP similarity, f_sim_best = 0.680 (> 0.100 thold), f_keep = 0.837
ollama-1  | slot launch_slot_: id  0 | task -1 | sampler chain: logits -> ?penalties -> ?dry -> ?top-n-sigma -> top-k -> ?typical -> top-p -> ?min-p -> ?xtc -> temp-ext -> dist 
ollama-1  | slot launch_slot_: id  0 | task -1 | sampler params: 
ollama-1  | 	repeat_last_n = 64, repeat_penalty = 1.000, frequency_penalty = 0.000, presence_penalty = 0.000
ollama-1  | 	dry_multiplier = 0.000, dry_base = 1.750, dry_allowed_length = 2, dry_penalty_last_n = 64
ollama-1  | 	top_k = 40, top_p = 0.900, min_p = 0.000, xtc_probability = 0.000, xtc_threshold = 0.100, typical_p = 1.000, top_n_sigma = -1.000, temp = 0.000
ollama-1  | 	mirostat = 0, mirostat_lr = 0.100, mirostat_ent = 5.000, adaptive_target = -1.000, adaptive_decay = 0.900
ollama-1  | slot launch_slot_: id  0 | task 13041 | processing task, is_child = 0
ollama-1  | slot   operator(): id  0 | task 13041 | new prompt, n_ctx_slot = 4096, n_keep = 4, task.n_tokens = 557
ollama-1  | slot   operator(): id  0 | task 13041 | cached n_tokens = 379, memory_seq_rm [379, end)
ollama-1  | slot init_sampler: id  0 | task 13041 | init sampler, took 0.04 ms, tokens: text = 557, total = 557
ollama-1  | [GIN] 2026/10/08 - 04:38:09 | 200 |      27.871µs |       127.0.0.1 | HEAD     "/"
ollama-1  | [GIN] 2026/10/08 - 04:38:09 | 200 |    1.414366ms |       127.0.0.1 | GET      "/api/tags"
ollama-1  | slot print_timing: id  0 | task 13041 | prompt eval time =    1330.88 ms /   178 tokens (    7.48 ms per token,   133.75 tokens per second)
ollama-1  | slot print_timing: id  0 | task 13041 |        eval time =     346.09 ms /    11 tokens (   34.61 ms per token,    28.89 tokens per second)
ollama-1  | slot print_timing: id  0 | task 13041 |       total time =    1676.98 ms /   189 tokens
ollama-1  | slot print_timing: id  0 | task 13041 |    graphs reused =       9367
ollama-1  | slot      release: id  0 | task 13041 | stop processing: n_tokens = 567, truncated = 0
ollama-1  | srv  update_slots: all slots are idle
ollama-1  | [GIN] 2026/10/08 - 04:38:10 | 200 |   44.8028111s |      172.21.0.4 | POST     "/api/generate"
ollama-1  | srv  server_strea: conv_id= (empty=1)
ollama-1  | slot get_availabl: id  0 | task -1 |  - checking sim = 0.706 (379/537) > 0.100
ollama-1  | slot get_availabl: id  0 | task -1 | selected slot by LCP similarity, f_sim_best = 0.706 (> 0.100 thold), f_keep = 0.668
ollama-1  | slot launch_slot_: id  0 | task -1 | sampler chain: logits -> ?penalties -> ?dry -> ?top-n-sigma -> top-k -> ?typical -> top-p -> ?min-p -> ?xtc -> temp-ext -> dist 
ollama-1  | slot launch_slot_: id  0 | task -1 | sampler params: 
ollama-1  | 	repeat_last_n = 64, repeat_penalty = 1.000, frequency_penalty = 0.000, presence_penalty = 0.000
ollama-1  | 	dry_multiplier = 0.000, dry_base = 1.750, dry_allowed_length = 2, dry_penalty_last_n = 64
ollama-1  | 	top_k = 40, top_p = 0.900, min_p = 0.000, xtc_probability = 0.000, xtc_threshold = 0.100, typical_p = 1.000, top_n_sigma = -1.000, temp = 0.000
ollama-1  | 	mirostat = 0, mirostat_lr = 0.100, mirostat_ent = 5.000, adaptive_target = -1.000, adaptive_decay = 0.900
ollama-1  | slot launch_slot_: id  0 | task 13053 | processing task, is_child = 0
ollama-1  | slot   operator(): id  0 | task 13053 | new prompt, n_ctx_slot = 4096, n_keep = 4, task.n_tokens = 537
ollama-1  | slot   operator(): id  0 | task 13053 | cached n_tokens = 379, memory_seq_rm [379, end)
ollama-1  | slot init_sampler: id  0 | task 13053 | init sampler, took 0.04 ms, tokens: text = 537, total = 537
ollama-1  | slot print_timing: id  0 | task 13053 | prompt eval time =    1183.71 ms /   158 tokens (    7.49 ms per token,   133.48 tokens per second)
ollama-1  | slot print_timing: id  0 | task 13053 |        eval time =     276.81 ms /     9 tokens (   34.60 ms per token,    28.90 tokens per second)
ollama-1  | slot print_timing: id  0 | task 13053 |       total time =    1460.52 ms /   167 tokens
ollama-1  | slot print_timing: id  0 | task 13053 |    graphs reused =       9374
ollama-1  | slot      release: id  0 | task 13053 | stop processing: n_tokens = 545, truncated = 0
ollama-1  | srv  update_slots: all slots are idle
ollama-1  | [GIN] 2026/10/08 - 04:38:11 | 200 | 44.913272771s |      172.21.0.4 | POST     "/api/generate"
ollama-1  | srv  server_strea: conv_id= (empty=1)
ollama-1  | slot get_availabl: id  0 | task -1 |  - checking sim = 0.579 (379/655) > 0.100
ollama-1  | slot get_availabl: id  0 | task -1 | selected slot by LCP similarity, f_sim_best = 0.579 (> 0.100 thold), f_keep = 0.695
ollama-1  | slot launch_slot_: id  0 | task -1 | sampler chain: logits -> ?penalties -> ?dry -> ?top-n-sigma -> top-k -> ?typical -> top-p -> ?min-p -> ?xtc -> temp-ext -> dist 
ollama-1  | slot launch_slot_: id  0 | task -1 | sampler params: 
ollama-1  | 	repeat_last_n = 64, repeat_penalty = 1.000, frequency_penalty = 0.000, presence_penalty = 0.000
ollama-1  | 	dry_multiplier = 0.000, dry_base = 1.750, dry_allowed_length = 2, dry_penalty_last_n = 64
ollama-1  | 	top_k = 40, top_p = 0.900, min_p = 0.000, xtc_probability = 0.000, xtc_threshold = 0.100, typical_p = 1.000, top_n_sigma = -1.000, temp = 0.000
ollama-1  | 	mirostat = 0, mirostat_lr = 0.100, mirostat_ent = 5.000, adaptive_target = -1.000, adaptive_decay = 0.900
ollama-1  | slot launch_slot_: id  0 | task 13063 | processing task, is_child = 0
ollama-1  | slot   operator(): id  0 | task 13063 | new prompt, n_ctx_slot = 4096, n_keep = 4, task.n_tokens = 655
ollama-1  | slot   operator(): id  0 | task 13063 | cached n_tokens = 379, memory_seq_rm [379, end)
ollama-1  | slot init_sampler: id  0 | task 13063 | init sampler, took 0.05 ms, tokens: text = 655, total = 655
ollama-1  | slot print_timing: id  0 | task 13063 | prompt eval time =    2039.59 ms /   276 tokens (    7.39 ms per token,   135.32 tokens per second)
ollama-1  | slot print_timing: id  0 | task 13063 |        eval time =     296.87 ms /     9 tokens (   37.11 ms per token,    26.95 tokens per second)
ollama-1  | slot print_timing: id  0 | task 13063 |       total time =    2336.45 ms /   285 tokens
ollama-1  | slot print_timing: id  0 | task 13063 |    graphs reused =       9381
ollama-1  | slot      release: id  0 | task 13063 | stop processing: n_tokens = 663, truncated = 0
ollama-1  | srv  update_slots: all slots are idle
ollama-1  | [GIN] 2026/10/08 - 04:38:14 | 200 | 45.373884409s |      172.21.0.4 | POST     "/api/generate"
ollama-1  | srv  server_strea: conv_id= (empty=1)
ollama-1  | slot get_availabl: id  0 | task -1 |  - checking sim = 0.578 (379/656) > 0.100
ollama-1  | slot get_availabl: id  0 | task -1 | selected slot by LCP similarity, f_sim_best = 0.578 (> 0.100 thold), f_keep = 0.572
ollama-1  | slot launch_slot_: id  0 | task -1 | sampler chain: logits -> ?penalties -> ?dry -> ?top-n-sigma -> top-k -> ?typical -> top-p -> ?min-p -> ?xtc -> temp-ext -> dist 
ollama-1  | slot launch_slot_: id  0 | task -1 | sampler params: 
ollama-1  | 	repeat_last_n = 64, repeat_penalty = 1.000, frequency_penalty = 0.000, presence_penalty = 0.000
ollama-1  | 	dry_multiplier = 0.000, dry_base = 1.750, dry_allowed_length = 2, dry_penalty_last_n = 64
ollama-1  | 	top_k = 40, top_p = 0.900, min_p = 0.000, xtc_probability = 0.000, xtc_threshold = 0.100, typical_p = 1.000, top_n_sigma = -1.000, temp = 0.000
ollama-1  | 	mirostat = 0, mirostat_lr = 0.100, mirostat_ent = 5.000, adaptive_target = -1.000, adaptive_decay = 0.900
ollama-1  | slot launch_slot_: id  0 | task 13073 | processing task, is_child = 0
ollama-1  | slot   operator(): id  0 | task 13073 | new prompt, n_ctx_slot = 4096, n_keep = 4, task.n_tokens = 656
ollama-1  | slot   operator(): id  0 | task 13073 | cached n_tokens = 379, memory_seq_rm [379, end)
ollama-1  | slot init_sampler: id  0 | task 13073 | init sampler, took 0.05 ms, tokens: text = 656, total = 656
ollama-1  | slot print_timing: id  0 | task 13073 | prompt eval time =    2062.89 ms /   277 tokens (    7.45 ms per token,   134.28 tokens per second)
ollama-1  | slot print_timing: id  0 | task 13073 |        eval time =     359.79 ms /    11 tokens (   35.98 ms per token,    27.79 tokens per second)
ollama-1  | slot print_timing: id  0 | task 13073 |       total time =    2422.68 ms /   288 tokens
ollama-1  | slot print_timing: id  0 | task 13073 |    graphs reused =       9390
ollama-1  | slot      release: id  0 | task 13073 | stop processing: n_tokens = 666, truncated = 0
ollama-1  | srv  update_slots: all slots are idle
ollama-1  | [GIN] 2026/10/08 - 04:38:16 | 200 | 46.234583949s |      172.21.0.4 | POST     "/api/generate"
ollama-1  | srv  server_strea: conv_id= (empty=1)
ollama-1  | slot get_availabl: id  0 | task -1 |  - checking sim = 0.678 (379/559) > 0.100
ollama-1  | slot get_availabl: id  0 | task -1 | selected slot by LCP similarity, f_sim_best = 0.678 (> 0.100 thold), f_keep = 0.569
ollama-1  | slot launch_slot_: id  0 | task -1 | sampler chain: logits -> ?penalties -> ?dry -> ?top-n-sigma -> top-k -> ?typical -> top-p -> ?min-p -> ?xtc -> temp-ext -> dist 
ollama-1  | slot launch_slot_: id  0 | task -1 | sampler params: 
ollama-1  | 	repeat_last_n = 64, repeat_penalty = 1.000, frequency_penalty = 0.000, presence_penalty = 0.000
ollama-1  | 	dry_multiplier = 0.000, dry_base = 1.750, dry_allowed_length = 2, dry_penalty_last_n = 64
ollama-1  | 	top_k = 40, top_p = 0.900, min_p = 0.000, xtc_probability = 0.000, xtc_threshold = 0.100, typical_p = 1.000, top_n_sigma = -1.000, temp = 0.000
ollama-1  | 	mirostat = 0, mirostat_lr = 0.100, mirostat_ent = 5.000, adaptive_target = -1.000, adaptive_decay = 0.900
ollama-1  | slot launch_slot_: id  0 | task 13085 | processing task, is_child = 0
ollama-1  | slot   operator(): id  0 | task 13085 | new prompt, n_ctx_slot = 4096, n_keep = 4, task.n_tokens = 559
ollama-1  | slot   operator(): id  0 | task 13085 | cached n_tokens = 379, memory_seq_rm [379, end)
ollama-1  | slot init_sampler: id  0 | task 13085 | init sampler, took 0.06 ms, tokens: text = 559, total = 559
ollama-1  | slot print_timing: id  0 | task 13085 | prompt eval time =    1341.32 ms /   180 tokens (    7.45 ms per token,   134.20 tokens per second)
ollama-1  | slot print_timing: id  0 | task 13085 |        eval time =     359.23 ms /    11 tokens (   35.92 ms per token,    27.84 tokens per second)
ollama-1  | slot print_timing: id  0 | task 13085 |       total time =    1700.55 ms /   191 tokens
ollama-1  | slot print_timing: id  0 | task 13085 |    graphs reused =       9399
ollama-1  | slot      release: id  0 | task 13085 | stop processing: n_tokens = 569, truncated = 0
ollama-1  | srv  update_slots: all slots are idle
ollama-1  | [GIN] 2026/10/08 - 04:38:18 | 200 | 45.655042098s |      172.21.0.4 | POST     "/api/generate"
ollama-1  | srv  server_strea: conv_id= (empty=1)
ollama-1  | slot get_availabl: id  0 | task -1 |  - checking sim = 0.629 (379/603) > 0.100
ollama-1  | slot get_availabl: id  0 | task -1 | selected slot by LCP similarity, f_sim_best = 0.629 (> 0.100 thold), f_keep = 0.666
ollama-1  | slot launch_slot_: id  0 | task -1 | sampler chain: logits -> ?penalties -> ?dry -> ?top-n-sigma -> top-k -> ?typical -> top-p -> ?min-p -> ?xtc -> temp-ext -> dist 
ollama-1  | slot launch_slot_: id  0 | task -1 | sampler params: 
ollama-1  | 	repeat_last_n = 64, repeat_penalty = 1.000, frequency_penalty = 0.000, presence_penalty = 0.000
ollama-1  | 	dry_multiplier = 0.000, dry_base = 1.750, dry_allowed_length = 2, dry_penalty_last_n = 64
ollama-1  | 	top_k = 40, top_p = 0.900, min_p = 0.000, xtc_probability = 0.000, xtc_threshold = 0.100, typical_p = 1.000, top_n_sigma = -1.000, temp = 0.000
ollama-1  | 	mirostat = 0, mirostat_lr = 0.100, mirostat_ent = 5.000, adaptive_target = -1.000, adaptive_decay = 0.900
ollama-1  | slot launch_slot_: id  0 | task 13097 | processing task, is_child = 0
ollama-1  | slot   operator(): id  0 | task 13097 | new prompt, n_ctx_slot = 4096, n_keep = 4, task.n_tokens = 603
ollama-1  | slot   operator(): id  0 | task 13097 | cached n_tokens = 379, memory_seq_rm [379, end)
ollama-1  | slot init_sampler: id  0 | task 13097 | init sampler, took 0.05 ms, tokens: text = 603, total = 603
ollama-1  | [GIN] 2026/10/08 - 04:38:19 | 200 |      28.922µs |       127.0.0.1 | HEAD     "/"
ollama-1  | [GIN] 2026/10/08 - 04:38:19 | 200 |    1.284989ms |       127.0.0.1 | GET      "/api/tags"
ollama-1  | [GIN] 2026/10/08 - 04:38:20 | 200 |      61.125µs |      172.21.0.1 | GET      "/api/ps"
ollama-1  | slot print_timing: id  0 | task 13097 | prompt eval time =    1648.74 ms /   224 tokens (    7.36 ms per token,   135.86 tokens per second)
ollama-1  | slot print_timing: id  0 | task 13097 |        eval time =     320.65 ms /    10 tokens (   35.63 ms per token,    28.07 tokens per second)
ollama-1  | slot print_timing: id  0 | task 13097 |       total time =    1969.39 ms /   234 tokens
ollama-1  | slot print_timing: id  0 | task 13097 |    graphs reused =       9407
ollama-1  | slot      release: id  0 | task 13097 | stop processing: n_tokens = 612, truncated = 0
ollama-1  | srv  update_slots: all slots are idle
ollama-1  | [GIN] 2026/10/08 - 04:38:20 | 200 | 44.760195279s |      172.21.0.4 | POST     "/api/generate"
ollama-1  | srv  server_strea: conv_id= (empty=1)
ollama-1  | slot get_availabl: id  0 | task -1 |  - checking sim = 0.760 (379/499) > 0.100
ollama-1  | slot get_availabl: id  0 | task -1 | selected slot by LCP similarity, f_sim_best = 0.760 (> 0.100 thold), f_keep = 0.619
ollama-1  | slot launch_slot_: id  0 | task -1 | sampler chain: logits -> ?penalties -> ?dry -> ?top-n-sigma -> top-k -> ?typical -> top-p -> ?min-p -> ?xtc -> temp-ext -> dist 
ollama-1  | slot launch_slot_: id  0 | task -1 | sampler params: 
ollama-1  | 	repeat_last_n = 64, repeat_penalty = 1.000, frequency_penalty = 0.000, presence_penalty = 0.000
ollama-1  | 	dry_multiplier = 0.000, dry_base = 1.750, dry_allowed_length = 2, dry_penalty_last_n = 64
ollama-1  | 	top_k = 40, top_p = 0.900, min_p = 0.000, xtc_probability = 0.000, xtc_threshold = 0.100, typical_p = 1.000, top_n_sigma = -1.000, temp = 0.000
ollama-1  | 	mirostat = 0, mirostat_lr = 0.100, mirostat_ent = 5.000, adaptive_target = -1.000, adaptive_decay = 0.900
ollama-1  | slot launch_slot_: id  0 | task 13108 | processing task, is_child = 0
ollama-1  | slot   operator(): id  0 | task 13108 | new prompt, n_ctx_slot = 4096, n_keep = 4, task.n_tokens = 499
ollama-1  | slot   operator(): id  0 | task 13108 | cached n_tokens = 379, memory_seq_rm [379, end)
ollama-1  | slot init_sampler: id  0 | task 13108 | init sampler, took 0.04 ms, tokens: text = 499, total = 499
ollama-1  | [GIN] 2026/10/08 - 04:38:20 | 200 |      26.384µs |       127.0.0.1 | HEAD     "/"
ollama-1  | [GIN] 2026/10/08 - 04:38:20 | 200 |       26.32µs |       127.0.0.1 | GET      "/api/ps"
ollama-1  | slot print_timing: id  0 | task 13108 | prompt eval time =     895.58 ms /   120 tokens (    7.46 ms per token,   133.99 tokens per second)
ollama-1  | slot print_timing: id  0 | task 13108 |        eval time =     263.82 ms /     9 tokens (   32.98 ms per token,    30.32 tokens per second)
ollama-1  | slot print_timing: id  0 | task 13108 |       total time =    1159.40 ms /   129 tokens
ollama-1  | slot print_timing: id  0 | task 13108 |    graphs reused =       9414
ollama-1  | slot      release: id  0 | task 13108 | stop processing: n_tokens = 507, truncated = 0
ollama-1  | srv  update_slots: all slots are idle
ollama-1  | [GIN] 2026/10/08 - 04:38:21 | 200 | 42.763073643s |      172.21.0.4 | POST     "/api/generate"
ollama-1  | srv  server_strea: conv_id= (empty=1)
ollama-1  | slot get_availabl: id  0 | task -1 |  - checking sim = 0.655 (379/579) > 0.100
ollama-1  | slot get_availabl: id  0 | task -1 | selected slot by LCP similarity, f_sim_best = 0.655 (> 0.100 thold), f_keep = 0.748
ollama-1  | slot launch_slot_: id  0 | task -1 | sampler chain: logits -> ?penalties -> ?dry -> ?top-n-sigma -> top-k -> ?typical -> top-p -> ?min-p -> ?xtc -> temp-ext -> dist 
ollama-1  | slot launch_slot_: id  0 | task -1 | sampler params: 
ollama-1  | 	repeat_last_n = 64, repeat_penalty = 1.000, frequency_penalty = 0.000, presence_penalty = 0.000
ollama-1  | 	dry_multiplier = 0.000, dry_base = 1.750, dry_allowed_length = 2, dry_penalty_last_n = 64
ollama-1  | 	top_k = 40, top_p = 0.900, min_p = 0.000, xtc_probability = 0.000, xtc_threshold = 0.100, typical_p = 1.000, top_n_sigma = -1.000, temp = 0.000
ollama-1  | 	mirostat = 0, mirostat_lr = 0.100, mirostat_ent = 5.000, adaptive_target = -1.000, adaptive_decay = 0.900
ollama-1  | slot launch_slot_: id  0 | task 13118 | processing task, is_child = 0
ollama-1  | slot   operator(): id  0 | task 13118 | new prompt, n_ctx_slot = 4096, n_keep = 4, task.n_tokens = 579
ollama-1  | slot   operator(): id  0 | task 13118 | cached n_tokens = 379, memory_seq_rm [379, end)
ollama-1  | slot init_sampler: id  0 | task 13118 | init sampler, took 0.05 ms, tokens: text = 579, total = 579
ollama-1  | time=2026-10-08T04:38:21.760Z level=INFO source=llama_server.go:1633 msg="aborting completion request due to client closing the connection"
ollama-1  | time=2026-10-08T04:38:21.760Z level=INFO source=llama_server.go:1633 msg="aborting completion request due to client closing the connection"
ollama-1  | time=2026-10-08T04:38:21.760Z level=INFO source=llama_server.go:1633 msg="aborting completion request due to client closing the connection"
ollama-1  | time=2026-10-08T04:38:21.760Z level=INFO source=llama_server.go:1633 msg="aborting completion request due to client closing the connection"
ollama-1  | time=2026-10-08T04:38:21.761Z level=INFO source=llama_server.go:1633 msg="aborting completion request due to client closing the connection"
ollama-1  | time=2026-10-08T04:38:21.761Z level=INFO source=llama_server.go:1633 msg="aborting completion request due to client closing the connection"
ollama-1  | [GIN] 2026/10/08 - 04:38:21 | 500 | 14.757849448s |      172.21.0.4 | POST     "/api/generate"
ollama-1  | [GIN] 2026/10/08 - 04:38:21 | 500 | 21.513188431s |      172.21.0.4 | POST     "/api/generate"
ollama-1  | [GIN] 2026/10/08 - 04:38:21 | 500 | 16.847203592s |      172.21.0.4 | POST     "/api/generate"
ollama-1  | [GIN] 2026/10/08 - 04:38:21 | 500 | 16.767534892s |      172.21.0.4 | POST     "/api/generate"
ollama-1  | [GIN] 2026/10/08 - 04:38:21 | 500 |  4.867485106s |      172.21.0.4 | POST     "/api/generate"
ollama-1  | time=2026-10-08T04:38:21.761Z level=INFO source=llama_server.go:1633 msg="aborting completion request due to client closing the connection"
ollama-1  | time=2026-10-08T04:38:21.761Z level=INFO source=llama_server.go:1633 msg="aborting completion request due to client closing the connection"
ollama-1  | time=2026-10-08T04:38:21.761Z level=INFO source=llama_server.go:1633 msg="aborting completion request due to client closing the connection"
ollama-1  | time=2026-10-08T04:38:21.761Z level=INFO source=llama_server.go:1633 msg="aborting completion request due to client closing the connection"
ollama-1  | time=2026-10-08T04:38:21.761Z level=INFO source=llama_server.go:1633 msg="aborting completion request due to client closing the connection"
ollama-1  | time=2026-10-08T04:38:21.761Z level=INFO source=llama_server.go:1633 msg="aborting completion request due to client closing the connection"
ollama-1  | time=2026-10-08T04:38:21.761Z level=INFO source=llama_server.go:1633 msg="aborting completion request due to client closing the connection"
ollama-1  | time=2026-10-08T04:38:21.761Z level=INFO source=llama_server.go:1633 msg="aborting completion request due to client closing the connection"
ollama-1  | time=2026-10-08T04:38:21.761Z level=INFO source=llama_server.go:1633 msg="aborting completion request due to client closing the connection"
ollama-1  | time=2026-10-08T04:38:21.761Z level=INFO source=llama_server.go:1633 msg="aborting completion request due to client closing the connection"
ollama-1  | time=2026-10-08T04:38:21.761Z level=INFO source=llama_server.go:1633 msg="aborting completion request due to client closing the connection"
ollama-1  | time=2026-10-08T04:38:21.761Z level=INFO source=llama_server.go:1633 msg="aborting completion request due to client closing the connection"
ollama-1  | time=2026-10-08T04:38:21.761Z level=INFO source=llama_server.go:1633 msg="aborting completion request due to client closing the connection"
ollama-1  | time=2026-10-08T04:38:21.761Z level=INFO source=llama_server.go:1633 msg="aborting completion request due to client closing the connection"
ollama-1  | [GIN] 2026/10/08 - 04:38:21 | 500 | 38.008613099s |      172.21.0.4 | POST     "/api/generate"
ollama-1  | [GIN] 2026/10/08 - 04:38:21 | 500 | 32.526352626s |      172.21.0.4 | POST     "/api/generate"
ollama-1  | [GIN] 2026/10/08 - 04:38:21 | 500 | 35.985337335s |      172.21.0.4 | POST     "/api/generate"
ollama-1  | [GIN] 2026/10/08 - 04:38:21 | 500 | 27.397891833s |      172.21.0.4 | POST     "/api/generate"
ollama-1  | [GIN] 2026/10/08 - 04:38:21 | 500 | 25.912522501s |      172.21.0.4 | POST     "/api/generate"
ollama-1  | [GIN] 2026/10/08 - 04:38:21 | 500 | 24.957596005s |      172.21.0.4 | POST     "/api/generate"
ollama-1  | [GIN] 2026/10/08 - 04:38:21 | 500 | 13.924690479s |      172.21.0.4 | POST     "/api/generate"
ollama-1  | [GIN] 2026/10/08 - 04:38:21 | 500 |  2.715481537s |      172.21.0.4 | POST     "/api/generate"
ollama-1  | [GIN] 2026/10/08 - 04:38:21 | 500 | 23.534524139s |      172.21.0.4 | POST     "/api/generate"
ollama-1  | [GIN] 2026/10/08 - 04:38:21 | 500 | 34.295900368s |      172.21.0.4 | POST     "/api/generate"
ollama-1  | [GIN] 2026/10/08 - 04:38:21 | 500 | 30.111959925s |      172.21.0.4 | POST     "/api/generate"
ollama-1  | [GIN] 2026/10/08 - 04:38:21 | 500 | 42.010650571s |      172.21.0.4 | POST     "/api/generate"
ollama-1  | [GIN] 2026/10/08 - 04:38:21 | 500 |  6.761624572s |      172.21.0.4 | POST     "/api/generate"
ollama-1  | [GIN] 2026/10/08 - 04:38:21 | 500 |  4.910238781s |      172.21.0.4 | POST     "/api/generate"
ollama-1  | [GIN] 2026/10/08 - 04:38:21 | 500 |  8.496906452s |      172.21.0.4 | POST     "/api/generate"
ollama-1  | [GIN] 2026/10/08 - 04:38:21 | 500 | 39.706452027s |      172.21.0.4 | POST     "/api/generate"
ollama-1  | [GIN] 2026/10/08 - 04:38:21 | 500 | 19.524500833s |      172.21.0.4 | POST     "/api/generate"
ollama-1  | srv          stop: cancel task, id_task = 13118
ollama-1  | slot      release: id  0 | task 13118 | stop processing: n_tokens = 579, truncated = 0
ollama-1  | srv  update_slots: all slots are idle
