ollama-1  | [GIN] 2026/10/07 - 10:02:50 | 200 |      26.762µs |      172.18.0.1 | GET      "/api/version"
ollama-1  | srv  server_strea: conv_id= (empty=1)
ollama-1  | slot get_availabl: id  0 | task -1 |  - checking sim = 0.810 (329/406) > 0.100
ollama-1  | slot get_availabl: id  0 | task -1 | selected slot by LCP similarity, f_sim_best = 0.810 (> 0.100 thold), f_keep = 0.892
ollama-1  | slot launch_slot_: id  0 | task -1 | sampler chain: logits -> ?penalties -> ?dry -> ?top-n-sigma -> top-k -> ?typical -> top-p -> ?min-p -> ?xtc -> temp-ext -> dist 
ollama-1  | slot launch_slot_: id  0 | task -1 | sampler params: 
ollama-1  | 	repeat_last_n = 64, repeat_penalty = 1.000, frequency_penalty = 0.000, presence_penalty = 0.000
ollama-1  | 	dry_multiplier = 0.000, dry_base = 1.750, dry_allowed_length = 2, dry_penalty_last_n = 64
ollama-1  | 	top_k = 40, top_p = 0.900, min_p = 0.000, xtc_probability = 0.000, xtc_threshold = 0.100, typical_p = 1.000, top_n_sigma = -1.000, temp = 0.000
ollama-1  | 	mirostat = 0, mirostat_lr = 0.100, mirostat_ent = 5.000, adaptive_target = -1.000, adaptive_decay = 0.900
ollama-1  | slot launch_slot_: id  0 | task 3399 | processing task, is_child = 0
ollama-1  | slot   operator(): id  0 | task 3399 | new prompt, n_ctx_slot = 4096, n_keep = 4, task.n_tokens = 406
ollama-1  | slot   operator(): id  0 | task 3399 | cached n_tokens = 329, memory_seq_rm [329, end)
ollama-1  | slot init_sampler: id  0 | task 3399 | init sampler, took 0.04 ms, tokens: text = 406, total = 406
ollama-1  | slot print_timing: id  0 | task 3399 | prompt eval time =     829.17 ms /    77 tokens (   10.77 ms per token,    92.86 tokens per second)
ollama-1  | slot print_timing: id  0 | task 3399 |        eval time =     346.81 ms /     8 tokens (   49.54 ms per token,    20.18 tokens per second)
ollama-1  | slot print_timing: id  0 | task 3399 |       total time =    1175.98 ms /    85 tokens
ollama-1  | slot print_timing: id  0 | task 3399 |    graphs reused =       2350
ollama-1  | slot      release: id  0 | task 3399 | stop processing: n_tokens = 413, truncated = 0
ollama-1  | srv  update_slots: all slots are idle
ollama-1  | [GIN] 2026/10/07 - 10:02:52 | 200 |   1.18391609s |      172.18.0.4 | POST     "/api/generate"
ollama-1  | srv  server_strea: conv_id= (empty=1)
ollama-1  | slot get_availabl: id  0 | task -1 |  - checking sim = 0.837 (328/392) > 0.100
ollama-1  | slot get_availabl: id  0 | task -1 | selected slot by LCP similarity, f_sim_best = 0.837 (> 0.100 thold), f_keep = 0.794
ollama-1  | slot launch_slot_: id  0 | task -1 | sampler chain: logits -> ?penalties -> ?dry -> ?top-n-sigma -> top-k -> ?typical -> top-p -> ?min-p -> ?xtc -> temp-ext -> dist 
ollama-1  | slot launch_slot_: id  0 | task -1 | sampler params: 
ollama-1  | 	repeat_last_n = 64, repeat_penalty = 1.000, frequency_penalty = 0.000, presence_penalty = 0.000
ollama-1  | 	dry_multiplier = 0.000, dry_base = 1.750, dry_allowed_length = 2, dry_penalty_last_n = 64
ollama-1  | 	top_k = 40, top_p = 0.900, min_p = 0.000, xtc_probability = 0.000, xtc_threshold = 0.100, typical_p = 1.000, top_n_sigma = -1.000, temp = 0.000
ollama-1  | 	mirostat = 0, mirostat_lr = 0.100, mirostat_ent = 5.000, adaptive_target = -1.000, adaptive_decay = 0.900
ollama-1  | slot launch_slot_: id  0 | task 3408 | processing task, is_child = 0
ollama-1  | slot   operator(): id  0 | task 3408 | new prompt, n_ctx_slot = 4096, n_keep = 4, task.n_tokens = 392
ollama-1  | slot   operator(): id  0 | task 3408 | cached n_tokens = 328, memory_seq_rm [328, end)
ollama-1  | slot init_sampler: id  0 | task 3408 | init sampler, took 0.06 ms, tokens: text = 392, total = 392
ollama-1  | slot print_timing: id  0 | task 3408 | prompt eval time =     641.03 ms /    64 tokens (   10.02 ms per token,    99.84 tokens per second)
ollama-1  | slot print_timing: id  0 | task 3408 |        eval time =     351.57 ms /     8 tokens (   50.22 ms per token,    19.91 tokens per second)
ollama-1  | slot print_timing: id  0 | task 3408 |       total time =     992.60 ms /    72 tokens
ollama-1  | slot print_timing: id  0 | task 3408 |    graphs reused =       2356
ollama-1  | slot      release: id  0 | task 3408 | stop processing: n_tokens = 399, truncated = 0
ollama-1  | srv  update_slots: all slots are idle
ollama-1  | [GIN] 2026/10/07 - 10:02:53 | 200 |  1.000388866s |      172.18.0.4 | POST     "/api/generate"
ollama-1  | srv  server_strea: conv_id= (empty=1)
ollama-1  | slot get_availabl: id  0 | task -1 |  - checking sim = 0.567 (328/578) > 0.100
ollama-1  | slot get_availabl: id  0 | task -1 | selected slot by LCP similarity, f_sim_best = 0.567 (> 0.100 thold), f_keep = 0.822
ollama-1  | slot launch_slot_: id  0 | task -1 | sampler chain: logits -> ?penalties -> ?dry -> ?top-n-sigma -> top-k -> ?typical -> top-p -> ?min-p -> ?xtc -> temp-ext -> dist 
ollama-1  | slot launch_slot_: id  0 | task -1 | sampler params: 
ollama-1  | 	repeat_last_n = 64, repeat_penalty = 1.000, frequency_penalty = 0.000, presence_penalty = 0.000
ollama-1  | 	dry_multiplier = 0.000, dry_base = 1.750, dry_allowed_length = 2, dry_penalty_last_n = 64
ollama-1  | 	top_k = 40, top_p = 0.900, min_p = 0.000, xtc_probability = 0.000, xtc_threshold = 0.100, typical_p = 1.000, top_n_sigma = -1.000, temp = 0.000
ollama-1  | 	mirostat = 0, mirostat_lr = 0.100, mirostat_ent = 5.000, adaptive_target = -1.000, adaptive_decay = 0.900
ollama-1  | slot launch_slot_: id  0 | task 3417 | processing task, is_child = 0
ollama-1  | slot   operator(): id  0 | task 3417 | new prompt, n_ctx_slot = 4096, n_keep = 4, task.n_tokens = 578
ollama-1  | slot   operator(): id  0 | task 3417 | cached n_tokens = 328, memory_seq_rm [328, end)
ollama-1  | slot init_sampler: id  0 | task 3417 | init sampler, took 0.09 ms, tokens: text = 578, total = 578
ollama-1  | slot print_timing: id  0 | task 3417 | prompt eval time =    2750.22 ms /   250 tokens (   11.00 ms per token,    90.90 tokens per second)
ollama-1  | slot print_timing: id  0 | task 3417 |        eval time =     454.33 ms /     9 tokens (   56.79 ms per token,    17.61 tokens per second)
ollama-1  | slot print_timing: id  0 | task 3417 |       total time =    3204.54 ms /   259 tokens
ollama-1  | slot print_timing: id  0 | task 3417 |    graphs reused =       2363
ollama-1  | slot      release: id  0 | task 3417 | stop processing: n_tokens = 586, truncated = 0
ollama-1  | srv  update_slots: all slots are idle
ollama-1  | [GIN] 2026/10/07 - 10:02:56 | 200 |   3.21330294s |      172.18.0.4 | POST     "/api/generate"
ollama-1  | srv  server_strea: conv_id= (empty=1)
ollama-1  | slot get_availabl: id  0 | task -1 |  - checking sim = 0.583 (328/563) > 0.100
ollama-1  | slot get_availabl: id  0 | task -1 | selected slot by LCP similarity, f_sim_best = 0.583 (> 0.100 thold), f_keep = 0.560
ollama-1  | slot launch_slot_: id  0 | task -1 | sampler chain: logits -> ?penalties -> ?dry -> ?top-n-sigma -> top-k -> ?typical -> top-p -> ?min-p -> ?xtc -> temp-ext -> dist 
ollama-1  | slot launch_slot_: id  0 | task -1 | sampler params: 
ollama-1  | 	repeat_last_n = 64, repeat_penalty = 1.000, frequency_penalty = 0.000, presence_penalty = 0.000
ollama-1  | 	dry_multiplier = 0.000, dry_base = 1.750, dry_allowed_length = 2, dry_penalty_last_n = 64
ollama-1  | 	top_k = 40, top_p = 0.900, min_p = 0.000, xtc_probability = 0.000, xtc_threshold = 0.100, typical_p = 1.000, top_n_sigma = -1.000, temp = 0.000
ollama-1  | 	mirostat = 0, mirostat_lr = 0.100, mirostat_ent = 5.000, adaptive_target = -1.000, adaptive_decay = 0.900
ollama-1  | slot launch_slot_: id  0 | task 3427 | processing task, is_child = 0
ollama-1  | slot   operator(): id  0 | task 3427 | new prompt, n_ctx_slot = 4096, n_keep = 4, task.n_tokens = 563
ollama-1  | slot   operator(): id  0 | task 3427 | cached n_tokens = 328, memory_seq_rm [328, end)
ollama-1  | slot init_sampler: id  0 | task 3427 | init sampler, took 0.08 ms, tokens: text = 563, total = 563
ollama-1  | [GIN] 2026/10/07 - 10:02:57 | 200 |      38.198µs |       127.0.0.1 | HEAD     "/"
ollama-1  | [GIN] 2026/10/07 - 10:02:57 | 200 |    3.852824ms |       127.0.0.1 | GET      "/api/tags"
ollama-1  | slot print_timing: id  0 | task 3427 | prompt eval time =    2567.41 ms /   235 tokens (   10.93 ms per token,    91.53 tokens per second)
ollama-1  | slot print_timing: id  0 | task 3427 |        eval time =     413.05 ms /     9 tokens (   51.63 ms per token,    19.37 tokens per second)
ollama-1  | slot print_timing: id  0 | task 3427 |       total time =    2980.45 ms /   244 tokens
ollama-1  | slot print_timing: id  0 | task 3427 |    graphs reused =       2370
ollama-1  | slot      release: id  0 | task 3427 | stop processing: n_tokens = 571, truncated = 0
ollama-1  | srv  update_slots: all slots are idle
ollama-1  | [GIN] 2026/10/07 - 10:02:59 | 200 |  2.988735691s |      172.18.0.4 | POST     "/api/generate"
ollama-1  | srv  server_strea: conv_id= (empty=1)
ollama-1  | slot get_availabl: id  0 | task -1 |  - checking sim = 0.511 (330/646) > 0.100
ollama-1  | slot get_availabl: id  0 | task -1 | selected slot by LCP similarity, f_sim_best = 0.511 (> 0.100 thold), f_keep = 0.578
ollama-1  | slot launch_slot_: id  0 | task -1 | sampler chain: logits -> ?penalties -> ?dry -> ?top-n-sigma -> top-k -> ?typical -> top-p -> ?min-p -> ?xtc -> temp-ext -> dist 
ollama-1  | slot launch_slot_: id  0 | task -1 | sampler params: 
ollama-1  | 	repeat_last_n = 64, repeat_penalty = 1.000, frequency_penalty = 0.000, presence_penalty = 0.000
ollama-1  | 	dry_multiplier = 0.000, dry_base = 1.750, dry_allowed_length = 2, dry_penalty_last_n = 64
ollama-1  | 	top_k = 40, top_p = 0.900, min_p = 0.000, xtc_probability = 0.000, xtc_threshold = 0.100, typical_p = 1.000, top_n_sigma = -1.000, temp = 0.000
ollama-1  | 	mirostat = 0, mirostat_lr = 0.100, mirostat_ent = 5.000, adaptive_target = -1.000, adaptive_decay = 0.900
ollama-1  | slot launch_slot_: id  0 | task 3437 | processing task, is_child = 0
ollama-1  | slot   operator(): id  0 | task 3437 | new prompt, n_ctx_slot = 4096, n_keep = 4, task.n_tokens = 646
ollama-1  | slot   operator(): id  0 | task 3437 | cached n_tokens = 330, memory_seq_rm [330, end)
ollama-1  | slot init_sampler: id  0 | task 3437 | init sampler, took 0.09 ms, tokens: text = 646, total = 646
ollama-1  | slot print_timing: id  0 | task 3437 | prompt eval time =    3079.29 ms /   316 tokens (    9.74 ms per token,   102.62 tokens per second)
ollama-1  | slot print_timing: id  0 | task 3437 |        eval time =     366.59 ms /     8 tokens (   52.37 ms per token,    19.09 tokens per second)
ollama-1  | slot print_timing: id  0 | task 3437 |       total time =    3445.88 ms /   324 tokens
ollama-1  | slot print_timing: id  0 | task 3437 |    graphs reused =       2376
ollama-1  | slot      release: id  0 | task 3437 | stop processing: n_tokens = 653, truncated = 0
ollama-1  | srv  update_slots: all slots are idle
ollama-1  | [GIN] 2026/10/07 - 10:03:03 | 200 |  3.452647671s |      172.18.0.4 | POST     "/api/generate"
ollama-1  | srv  server_strea: conv_id= (empty=1)
ollama-1  | slot get_availabl: id  0 | task -1 |  - checking sim = 0.787 (328/417) > 0.100
ollama-1  | slot get_availabl: id  0 | task -1 | selected slot by LCP similarity, f_sim_best = 0.787 (> 0.100 thold), f_keep = 0.502
ollama-1  | slot launch_slot_: id  0 | task -1 | sampler chain: logits -> ?penalties -> ?dry -> ?top-n-sigma -> top-k -> ?typical -> top-p -> ?min-p -> ?xtc -> temp-ext -> dist 
ollama-1  | slot launch_slot_: id  0 | task -1 | sampler params: 
ollama-1  | 	repeat_last_n = 64, repeat_penalty = 1.000, frequency_penalty = 0.000, presence_penalty = 0.000
ollama-1  | 	dry_multiplier = 0.000, dry_base = 1.750, dry_allowed_length = 2, dry_penalty_last_n = 64
ollama-1  | 	top_k = 40, top_p = 0.900, min_p = 0.000, xtc_probability = 0.000, xtc_threshold = 0.100, typical_p = 1.000, top_n_sigma = -1.000, temp = 0.000
ollama-1  | 	mirostat = 0, mirostat_lr = 0.100, mirostat_ent = 5.000, adaptive_target = -1.000, adaptive_decay = 0.900
ollama-1  | slot launch_slot_: id  0 | task 3446 | processing task, is_child = 0
ollama-1  | slot   operator(): id  0 | task 3446 | new prompt, n_ctx_slot = 4096, n_keep = 4, task.n_tokens = 417
ollama-1  | slot   operator(): id  0 | task 3446 | cached n_tokens = 328, memory_seq_rm [328, end)
ollama-1  | slot init_sampler: id  0 | task 3446 | init sampler, took 0.06 ms, tokens: text = 417, total = 417
ollama-1  | slot print_timing: id  0 | task 3446 | prompt eval time =     984.44 ms /    89 tokens (   11.06 ms per token,    90.41 tokens per second)
ollama-1  | slot print_timing: id  0 | task 3446 |        eval time =     435.76 ms /     9 tokens (   54.47 ms per token,    18.36 tokens per second)
ollama-1  | slot print_timing: id  0 | task 3446 |       total time =    1420.20 ms /    98 tokens
ollama-1  | slot print_timing: id  0 | task 3446 |    graphs reused =       2383
ollama-1  | slot      release: id  0 | task 3446 | stop processing: n_tokens = 425, truncated = 0
ollama-1  | srv  update_slots: all slots are idle
ollama-1  | [GIN] 2026/10/07 - 10:03:04 | 200 |   1.42715648s |      172.18.0.4 | POST     "/api/generate"
ollama-1  | srv  server_strea: conv_id= (empty=1)
ollama-1  | slot get_availabl: id  0 | task -1 |  - checking sim = 0.646 (328/508) > 0.100
ollama-1  | slot get_availabl: id  0 | task -1 | selected slot by LCP similarity, f_sim_best = 0.646 (> 0.100 thold), f_keep = 0.772
ollama-1  | slot launch_slot_: id  0 | task -1 | sampler chain: logits -> ?penalties -> ?dry -> ?top-n-sigma -> top-k -> ?typical -> top-p -> ?min-p -> ?xtc -> temp-ext -> dist 
ollama-1  | slot launch_slot_: id  0 | task -1 | sampler params: 
ollama-1  | 	repeat_last_n = 64, repeat_penalty = 1.000, frequency_penalty = 0.000, presence_penalty = 0.000
ollama-1  | 	dry_multiplier = 0.000, dry_base = 1.750, dry_allowed_length = 2, dry_penalty_last_n = 64
ollama-1  | 	top_k = 40, top_p = 0.900, min_p = 0.000, xtc_probability = 0.000, xtc_threshold = 0.100, typical_p = 1.000, top_n_sigma = -1.000, temp = 0.000
ollama-1  | 	mirostat = 0, mirostat_lr = 0.100, mirostat_ent = 5.000, adaptive_target = -1.000, adaptive_decay = 0.900
ollama-1  | slot launch_slot_: id  0 | task 3456 | processing task, is_child = 0
ollama-1  | slot   operator(): id  0 | task 3456 | new prompt, n_ctx_slot = 4096, n_keep = 4, task.n_tokens = 508
ollama-1  | slot   operator(): id  0 | task 3456 | cached n_tokens = 328, memory_seq_rm [328, end)
ollama-1  | slot init_sampler: id  0 | task 3456 | init sampler, took 0.07 ms, tokens: text = 508, total = 508
ollama-1  | slot print_timing: id  0 | task 3456 | prompt eval time =    1789.24 ms /   180 tokens (    9.94 ms per token,   100.60 tokens per second)
ollama-1  | slot print_timing: id  0 | task 3456 |        eval time =     368.07 ms /     8 tokens (   52.58 ms per token,    19.02 tokens per second)
ollama-1  | slot print_timing: id  0 | task 3456 |       total time =    2157.31 ms /   188 tokens
ollama-1  | slot print_timing: id  0 | task 3456 |    graphs reused =       2388
ollama-1  | slot      release: id  0 | task 3456 | stop processing: n_tokens = 515, truncated = 0
ollama-1  | srv  update_slots: all slots are idle
ollama-1  | [GIN] 2026/10/07 - 10:03:06 | 200 |  2.164372814s |      172.18.0.4 | POST     "/api/generate"
ollama-1  | srv  server_strea: conv_id= (empty=1)
ollama-1  | slot get_availabl: id  0 | task -1 |  - checking sim = 0.828 (328/396) > 0.100
ollama-1  | slot get_availabl: id  0 | task -1 | selected slot by LCP similarity, f_sim_best = 0.828 (> 0.100 thold), f_keep = 0.637
ollama-1  | slot launch_slot_: id  0 | task -1 | sampler chain: logits -> ?penalties -> ?dry -> ?top-n-sigma -> top-k -> ?typical -> top-p -> ?min-p -> ?xtc -> temp-ext -> dist 
ollama-1  | slot launch_slot_: id  0 | task -1 | sampler params: 
ollama-1  | 	repeat_last_n = 64, repeat_penalty = 1.000, frequency_penalty = 0.000, presence_penalty = 0.000
ollama-1  | 	dry_multiplier = 0.000, dry_base = 1.750, dry_allowed_length = 2, dry_penalty_last_n = 64
ollama-1  | 	top_k = 40, top_p = 0.900, min_p = 0.000, xtc_probability = 0.000, xtc_threshold = 0.100, typical_p = 1.000, top_n_sigma = -1.000, temp = 0.000
ollama-1  | 	mirostat = 0, mirostat_lr = 0.100, mirostat_ent = 5.000, adaptive_target = -1.000, adaptive_decay = 0.900
ollama-1  | slot launch_slot_: id  0 | task 3465 | processing task, is_child = 0
ollama-1  | slot   operator(): id  0 | task 3465 | new prompt, n_ctx_slot = 4096, n_keep = 4, task.n_tokens = 396
ollama-1  | slot   operator(): id  0 | task 3465 | cached n_tokens = 328, memory_seq_rm [328, end)
ollama-1  | slot init_sampler: id  0 | task 3465 | init sampler, took 0.05 ms, tokens: text = 396, total = 396
ollama-1  | [GIN] 2026/10/07 - 10:03:07 | 200 |      46.977µs |       127.0.0.1 | HEAD     "/"
ollama-1  | [GIN] 2026/10/07 - 10:03:07 | 200 |    4.801849ms |       127.0.0.1 | GET      "/api/tags"
ollama-1  | slot print_timing: id  0 | task 3465 | prompt eval time =     703.70 ms /    68 tokens (   10.35 ms per token,    96.63 tokens per second)
ollama-1  | slot print_timing: id  0 | task 3465 |        eval time =     427.57 ms /     8 tokens (   61.08 ms per token,    16.37 tokens per second)
ollama-1  | slot print_timing: id  0 | task 3465 |       total time =    1131.26 ms /    76 tokens
ollama-1  | slot print_timing: id  0 | task 3465 |    graphs reused =       2394
ollama-1  | slot      release: id  0 | task 3465 | stop processing: n_tokens = 403, truncated = 0
ollama-1  | srv  update_slots: all slots are idle
ollama-1  | [GIN] 2026/10/07 - 10:03:08 | 200 |  1.137493743s |      172.18.0.4 | POST     "/api/generate"
ollama-1  | srv  server_strea: conv_id= (empty=1)
ollama-1  | slot get_availabl: id  0 | task -1 |  - checking sim = 0.521 (328/629) > 0.100
ollama-1  | slot get_availabl: id  0 | task -1 | selected slot by LCP similarity, f_sim_best = 0.521 (> 0.100 thold), f_keep = 0.814
ollama-1  | slot launch_slot_: id  0 | task -1 | sampler chain: logits -> ?penalties -> ?dry -> ?top-n-sigma -> top-k -> ?typical -> top-p -> ?min-p -> ?xtc -> temp-ext -> dist 
ollama-1  | slot launch_slot_: id  0 | task -1 | sampler params: 
ollama-1  | 	repeat_last_n = 64, repeat_penalty = 1.000, frequency_penalty = 0.000, presence_penalty = 0.000
ollama-1  | 	dry_multiplier = 0.000, dry_base = 1.750, dry_allowed_length = 2, dry_penalty_last_n = 64
ollama-1  | 	top_k = 40, top_p = 0.900, min_p = 0.000, xtc_probability = 0.000, xtc_threshold = 0.100, typical_p = 1.000, top_n_sigma = -1.000, temp = 0.000
ollama-1  | 	mirostat = 0, mirostat_lr = 0.100, mirostat_ent = 5.000, adaptive_target = -1.000, adaptive_decay = 0.900
ollama-1  | slot launch_slot_: id  0 | task 3474 | processing task, is_child = 0
ollama-1  | slot   operator(): id  0 | task 3474 | new prompt, n_ctx_slot = 4096, n_keep = 4, task.n_tokens = 629
ollama-1  | slot   operator(): id  0 | task 3474 | cached n_tokens = 328, memory_seq_rm [328, end)
ollama-1  | slot init_sampler: id  0 | task 3474 | init sampler, took 0.09 ms, tokens: text = 629, total = 629
ollama-1  | slot print_timing: id  0 | task 3474 | prompt eval time =    3266.44 ms /   301 tokens (   10.85 ms per token,    92.15 tokens per second)
ollama-1  | slot print_timing: id  0 | task 3474 |        eval time =     473.30 ms /     9 tokens (   59.16 ms per token,    16.90 tokens per second)
ollama-1  | slot print_timing: id  0 | task 3474 |       total time =    3739.74 ms /   310 tokens
ollama-1  | slot print_timing: id  0 | task 3474 |    graphs reused =       2401
ollama-1  | slot      release: id  0 | task 3474 | stop processing: n_tokens = 637, truncated = 0
ollama-1  | srv  update_slots: all slots are idle
ollama-1  | [GIN] 2026/10/07 - 10:03:11 | 200 |  3.747346134s |      172.18.0.4 | POST     "/api/generate"
ollama-1  | srv  server_strea: conv_id= (empty=1)
ollama-1  | slot get_availabl: id  0 | task -1 |  - checking sim = 0.509 (328/644) > 0.100
ollama-1  | slot get_availabl: id  0 | task -1 | selected slot by LCP similarity, f_sim_best = 0.509 (> 0.100 thold), f_keep = 0.515
ollama-1  | slot launch_slot_: id  0 | task -1 | sampler chain: logits -> ?penalties -> ?dry -> ?top-n-sigma -> top-k -> ?typical -> top-p -> ?min-p -> ?xtc -> temp-ext -> dist 
ollama-1  | slot launch_slot_: id  0 | task -1 | sampler params: 
ollama-1  | 	repeat_last_n = 64, repeat_penalty = 1.000, frequency_penalty = 0.000, presence_penalty = 0.000
ollama-1  | 	dry_multiplier = 0.000, dry_base = 1.750, dry_allowed_length = 2, dry_penalty_last_n = 64
ollama-1  | 	top_k = 40, top_p = 0.900, min_p = 0.000, xtc_probability = 0.000, xtc_threshold = 0.100, typical_p = 1.000, top_n_sigma = -1.000, temp = 0.000
ollama-1  | 	mirostat = 0, mirostat_lr = 0.100, mirostat_ent = 5.000, adaptive_target = -1.000, adaptive_decay = 0.900
ollama-1  | slot launch_slot_: id  0 | task 3484 | processing task, is_child = 0
ollama-1  | slot   operator(): id  0 | task 3484 | new prompt, n_ctx_slot = 4096, n_keep = 4, task.n_tokens = 644
ollama-1  | slot   operator(): id  0 | task 3484 | cached n_tokens = 328, memory_seq_rm [328, end)
ollama-1  | slot init_sampler: id  0 | task 3484 | init sampler, took 0.09 ms, tokens: text = 644, total = 644
ollama-1  | slot print_timing: id  0 | task 3484 | prompt eval time =    3359.65 ms /   316 tokens (   10.63 ms per token,    94.06 tokens per second)
ollama-1  | slot print_timing: id  0 | task 3484 |        eval time =     430.08 ms /     8 tokens (   61.44 ms per token,    16.28 tokens per second)
ollama-1  | slot print_timing: id  0 | task 3484 |       total time =    3789.73 ms /   324 tokens
ollama-1  | slot print_timing: id  0 | task 3484 |    graphs reused =       2407
ollama-1  | slot      release: id  0 | task 3484 | stop processing: n_tokens = 651, truncated = 0
ollama-1  | srv  update_slots: all slots are idle
ollama-1  | [GIN] 2026/10/07 - 10:03:15 | 200 |  3.799056885s |      172.18.0.4 | POST     "/api/generate"
ollama-1  | srv  server_strea: conv_id= (empty=1)
ollama-1  | slot get_availabl: id  0 | task -1 |  - checking sim = 0.676 (328/485) > 0.100
ollama-1  | slot get_availabl: id  0 | task -1 | selected slot by LCP similarity, f_sim_best = 0.676 (> 0.100 thold), f_keep = 0.504
ollama-1  | slot launch_slot_: id  0 | task -1 | sampler chain: logits -> ?penalties -> ?dry -> ?top-n-sigma -> top-k -> ?typical -> top-p -> ?min-p -> ?xtc -> temp-ext -> dist 
ollama-1  | slot launch_slot_: id  0 | task -1 | sampler params: 
ollama-1  | 	repeat_last_n = 64, repeat_penalty = 1.000, frequency_penalty = 0.000, presence_penalty = 0.000
ollama-1  | 	dry_multiplier = 0.000, dry_base = 1.750, dry_allowed_length = 2, dry_penalty_last_n = 64
ollama-1  | 	top_k = 40, top_p = 0.900, min_p = 0.000, xtc_probability = 0.000, xtc_threshold = 0.100, typical_p = 1.000, top_n_sigma = -1.000, temp = 0.000
ollama-1  | 	mirostat = 0, mirostat_lr = 0.100, mirostat_ent = 5.000, adaptive_target = -1.000, adaptive_decay = 0.900
ollama-1  | slot launch_slot_: id  0 | task 3493 | processing task, is_child = 0
ollama-1  | slot   operator(): id  0 | task 3493 | new prompt, n_ctx_slot = 4096, n_keep = 4, task.n_tokens = 485
ollama-1  | slot   operator(): id  0 | task 3493 | cached n_tokens = 328, memory_seq_rm [328, end)
ollama-1  | slot init_sampler: id  0 | task 3493 | init sampler, took 0.09 ms, tokens: text = 485, total = 485
ollama-1  | slot print_timing: id  0 | task 3493 | prompt eval time =    1722.94 ms /   157 tokens (   10.97 ms per token,    91.12 tokens per second)
ollama-1  | slot print_timing: id  0 | task 3493 |        eval time =     351.87 ms /     8 tokens (   50.27 ms per token,    19.89 tokens per second)
ollama-1  | slot print_timing: id  0 | task 3493 |       total time =    2074.81 ms /   165 tokens
ollama-1  | slot print_timing: id  0 | task 3493 |    graphs reused =       2413
ollama-1  | slot      release: id  0 | task 3493 | stop processing: n_tokens = 492, truncated = 0
ollama-1  | srv  update_slots: all slots are idle
ollama-1  | [GIN] 2026/10/07 - 10:03:17 | 200 |  2.084354849s |      172.18.0.4 | POST     "/api/generate"
ollama-1  | srv  server_strea: conv_id= (empty=1)
ollama-1  | slot get_availabl: id  0 | task -1 |  - checking sim = 0.542 (328/605) > 0.100
ollama-1  | slot get_availabl: id  0 | task -1 | selected slot by LCP similarity, f_sim_best = 0.542 (> 0.100 thold), f_keep = 0.667
ollama-1  | slot launch_slot_: id  0 | task -1 | sampler chain: logits -> ?penalties -> ?dry -> ?top-n-sigma -> top-k -> ?typical -> top-p -> ?min-p -> ?xtc -> temp-ext -> dist 
ollama-1  | slot launch_slot_: id  0 | task -1 | sampler params: 
ollama-1  | 	repeat_last_n = 64, repeat_penalty = 1.000, frequency_penalty = 0.000, presence_penalty = 0.000
ollama-1  | 	dry_multiplier = 0.000, dry_base = 1.750, dry_allowed_length = 2, dry_penalty_last_n = 64
ollama-1  | 	top_k = 40, top_p = 0.900, min_p = 0.000, xtc_probability = 0.000, xtc_threshold = 0.100, typical_p = 1.000, top_n_sigma = -1.000, temp = 0.000
ollama-1  | 	mirostat = 0, mirostat_lr = 0.100, mirostat_ent = 5.000, adaptive_target = -1.000, adaptive_decay = 0.900
ollama-1  | slot launch_slot_: id  0 | task 3502 | processing task, is_child = 0
ollama-1  | slot   operator(): id  0 | task 3502 | new prompt, n_ctx_slot = 4096, n_keep = 4, task.n_tokens = 605
ollama-1  | slot   operator(): id  0 | task 3502 | cached n_tokens = 328, memory_seq_rm [328, end)
ollama-1  | slot init_sampler: id  0 | task 3502 | init sampler, took 0.10 ms, tokens: text = 605, total = 605
ollama-1  | [GIN] 2026/10/07 - 10:03:17 | 200 |       33.25µs |       127.0.0.1 | HEAD     "/"
ollama-1  | [GIN] 2026/10/07 - 10:03:17 | 200 |    3.190267ms |       127.0.0.1 | GET      "/api/tags"
ollama-1  | slot print_timing: id  0 | task 3502 | prompt eval time =    2902.99 ms /   277 tokens (   10.48 ms per token,    95.42 tokens per second)
ollama-1  | slot print_timing: id  0 | task 3502 |        eval time =     413.85 ms /     8 tokens (   59.12 ms per token,    16.91 tokens per second)
ollama-1  | slot print_timing: id  0 | task 3502 |       total time =    3316.84 ms /   285 tokens
ollama-1  | slot print_timing: id  0 | task 3502 |    graphs reused =       2419
ollama-1  | slot      release: id  0 | task 3502 | stop processing: n_tokens = 612, truncated = 0
ollama-1  | srv  update_slots: all slots are idle
ollama-1  | [GIN] 2026/10/07 - 10:03:21 | 200 |  3.325628491s |      172.18.0.4 | POST     "/api/generate"
ollama-1  | srv  server_strea: conv_id= (empty=1)
ollama-1  | slot get_availabl: id  0 | task -1 |  - checking sim = 0.659 (329/499) > 0.100
ollama-1  | slot get_availabl: id  0 | task -1 | selected slot by LCP similarity, f_sim_best = 0.659 (> 0.100 thold), f_keep = 0.538
ollama-1  | slot launch_slot_: id  0 | task -1 | sampler chain: logits -> ?penalties -> ?dry -> ?top-n-sigma -> top-k -> ?typical -> top-p -> ?min-p -> ?xtc -> temp-ext -> dist 
ollama-1  | slot launch_slot_: id  0 | task -1 | sampler params: 
ollama-1  | 	repeat_last_n = 64, repeat_penalty = 1.000, frequency_penalty = 0.000, presence_penalty = 0.000
ollama-1  | 	dry_multiplier = 0.000, dry_base = 1.750, dry_allowed_length = 2, dry_penalty_last_n = 64
ollama-1  | 	top_k = 40, top_p = 0.900, min_p = 0.000, xtc_probability = 0.000, xtc_threshold = 0.100, typical_p = 1.000, top_n_sigma = -1.000, temp = 0.000
ollama-1  | 	mirostat = 0, mirostat_lr = 0.100, mirostat_ent = 5.000, adaptive_target = -1.000, adaptive_decay = 0.900
ollama-1  | slot launch_slot_: id  0 | task 3511 | processing task, is_child = 0
ollama-1  | slot   operator(): id  0 | task 3511 | new prompt, n_ctx_slot = 4096, n_keep = 4, task.n_tokens = 499
ollama-1  | slot   operator(): id  0 | task 3511 | cached n_tokens = 329, memory_seq_rm [329, end)
ollama-1  | slot init_sampler: id  0 | task 3511 | init sampler, took 0.09 ms, tokens: text = 499, total = 499
ollama-1  | slot print_timing: id  0 | task 3511 | prompt eval time =    1769.38 ms /   170 tokens (   10.41 ms per token,    96.08 tokens per second)
ollama-1  | slot print_timing: id  0 | task 3511 |        eval time =     350.34 ms /     8 tokens (   50.05 ms per token,    19.98 tokens per second)
ollama-1  | slot print_timing: id  0 | task 3511 |       total time =    2119.72 ms /   178 tokens
ollama-1  | slot print_timing: id  0 | task 3511 |    graphs reused =       2425
ollama-1  | slot      release: id  0 | task 3511 | stop processing: n_tokens = 506, truncated = 0
ollama-1  | srv  update_slots: all slots are idle
ollama-1  | [GIN] 2026/10/07 - 10:03:23 | 200 |  2.128434359s |      172.18.0.4 | POST     "/api/generate"
ollama-1  | srv  server_strea: conv_id= (empty=1)
ollama-1  | slot get_availabl: id  0 | task -1 |  - checking sim = 0.774 (328/424) > 0.100
ollama-1  | slot get_availabl: id  0 | task -1 | selected slot by LCP similarity, f_sim_best = 0.774 (> 0.100 thold), f_keep = 0.648
ollama-1  | slot launch_slot_: id  0 | task -1 | sampler chain: logits -> ?penalties -> ?dry -> ?top-n-sigma -> top-k -> ?typical -> top-p -> ?min-p -> ?xtc -> temp-ext -> dist 
ollama-1  | slot launch_slot_: id  0 | task -1 | sampler params: 
ollama-1  | 	repeat_last_n = 64, repeat_penalty = 1.000, frequency_penalty = 0.000, presence_penalty = 0.000
ollama-1  | 	dry_multiplier = 0.000, dry_base = 1.750, dry_allowed_length = 2, dry_penalty_last_n = 64
ollama-1  | 	top_k = 40, top_p = 0.900, min_p = 0.000, xtc_probability = 0.000, xtc_threshold = 0.100, typical_p = 1.000, top_n_sigma = -1.000, temp = 0.000
ollama-1  | 	mirostat = 0, mirostat_lr = 0.100, mirostat_ent = 5.000, adaptive_target = -1.000, adaptive_decay = 0.900
ollama-1  | slot launch_slot_: id  0 | task 3520 | processing task, is_child = 0
ollama-1  | slot   operator(): id  0 | task 3520 | new prompt, n_ctx_slot = 4096, n_keep = 4, task.n_tokens = 424
ollama-1  | slot   operator(): id  0 | task 3520 | cached n_tokens = 328, memory_seq_rm [328, end)
ollama-1  | slot init_sampler: id  0 | task 3520 | init sampler, took 0.06 ms, tokens: text = 424, total = 424
ollama-1  | slot print_timing: id  0 | task 3520 | prompt eval time =     981.79 ms /    96 tokens (   10.23 ms per token,    97.78 tokens per second)
ollama-1  | slot print_timing: id  0 | task 3520 |        eval time =     384.52 ms /     9 tokens (   48.07 ms per token,    20.81 tokens per second)
ollama-1  | slot print_timing: id  0 | task 3520 |       total time =    1366.31 ms /   105 tokens
ollama-1  | slot print_timing: id  0 | task 3520 |    graphs reused =       2432
ollama-1  | slot      release: id  0 | task 3520 | stop processing: n_tokens = 432, truncated = 0
ollama-1  | srv  update_slots: all slots are idle
ollama-1  | [GIN] 2026/10/07 - 10:03:24 | 200 |  1.374423512s |      172.18.0.4 | POST     "/api/generate"
ollama-1  | srv  server_strea: conv_id= (empty=1)
ollama-1  | slot get_availabl: id  0 | task -1 |  - checking sim = 0.656 (328/500) > 0.100
ollama-1  | slot get_availabl: id  0 | task -1 | selected slot by LCP similarity, f_sim_best = 0.656 (> 0.100 thold), f_keep = 0.759
ollama-1  | slot launch_slot_: id  0 | task -1 | sampler chain: logits -> ?penalties -> ?dry -> ?top-n-sigma -> top-k -> ?typical -> top-p -> ?min-p -> ?xtc -> temp-ext -> dist 
ollama-1  | slot launch_slot_: id  0 | task -1 | sampler params: 
ollama-1  | 	repeat_last_n = 64, repeat_penalty = 1.000, frequency_penalty = 0.000, presence_penalty = 0.000
ollama-1  | 	dry_multiplier = 0.000, dry_base = 1.750, dry_allowed_length = 2, dry_penalty_last_n = 64
ollama-1  | 	top_k = 40, top_p = 0.900, min_p = 0.000, xtc_probability = 0.000, xtc_threshold = 0.100, typical_p = 1.000, top_n_sigma = -1.000, temp = 0.000
ollama-1  | 	mirostat = 0, mirostat_lr = 0.100, mirostat_ent = 5.000, adaptive_target = -1.000, adaptive_decay = 0.900
ollama-1  | slot launch_slot_: id  0 | task 3530 | processing task, is_child = 0
ollama-1  | slot   operator(): id  0 | task 3530 | new prompt, n_ctx_slot = 4096, n_keep = 4, task.n_tokens = 500
ollama-1  | slot   operator(): id  0 | task 3530 | cached n_tokens = 328, memory_seq_rm [328, end)
ollama-1  | slot init_sampler: id  0 | task 3530 | init sampler, took 0.06 ms, tokens: text = 500, total = 500
ollama-1  | slot print_timing: id  0 | task 3530 | prompt eval time =    1838.41 ms /   172 tokens (   10.69 ms per token,    93.56 tokens per second)
ollama-1  | slot print_timing: id  0 | task 3530 |        eval time =     365.36 ms /     8 tokens (   52.19 ms per token,    19.16 tokens per second)
ollama-1  | slot print_timing: id  0 | task 3530 |       total time =    2203.77 ms /   180 tokens
ollama-1  | slot print_timing: id  0 | task 3530 |    graphs reused =       2438
ollama-1  | slot      release: id  0 | task 3530 | stop processing: n_tokens = 507, truncated = 0
ollama-1  | srv  update_slots: all slots are idle
ollama-1  | [GIN] 2026/10/07 - 10:03:26 | 200 |  2.211081208s |      172.18.0.4 | POST     "/api/generate"
ollama-1  | srv  server_strea: conv_id= (empty=1)
ollama-1  | slot get_availabl: id  0 | task -1 |  - checking sim = 0.765 (328/429) > 0.100
ollama-1  | slot get_availabl: id  0 | task -1 | selected slot by LCP similarity, f_sim_best = 0.765 (> 0.100 thold), f_keep = 0.647
ollama-1  | slot launch_slot_: id  0 | task -1 | sampler chain: logits -> ?penalties -> ?dry -> ?top-n-sigma -> top-k -> ?typical -> top-p -> ?min-p -> ?xtc -> temp-ext -> dist 
ollama-1  | slot launch_slot_: id  0 | task -1 | sampler params: 
ollama-1  | 	repeat_last_n = 64, repeat_penalty = 1.000, frequency_penalty = 0.000, presence_penalty = 0.000
ollama-1  | 	dry_multiplier = 0.000, dry_base = 1.750, dry_allowed_length = 2, dry_penalty_last_n = 64
ollama-1  | 	top_k = 40, top_p = 0.900, min_p = 0.000, xtc_probability = 0.000, xtc_threshold = 0.100, typical_p = 1.000, top_n_sigma = -1.000, temp = 0.000
ollama-1  | 	mirostat = 0, mirostat_lr = 0.100, mirostat_ent = 5.000, adaptive_target = -1.000, adaptive_decay = 0.900
ollama-1  | slot launch_slot_: id  0 | task 3539 | processing task, is_child = 0
ollama-1  | slot   operator(): id  0 | task 3539 | new prompt, n_ctx_slot = 4096, n_keep = 4, task.n_tokens = 429
ollama-1  | slot   operator(): id  0 | task 3539 | cached n_tokens = 328, memory_seq_rm [328, end)
ollama-1  | slot init_sampler: id  0 | task 3539 | init sampler, took 0.07 ms, tokens: text = 429, total = 429
ollama-1  | [GIN] 2026/10/07 - 10:03:27 | 200 |      38.423µs |       127.0.0.1 | HEAD     "/"
ollama-1  | [GIN] 2026/10/07 - 10:03:27 | 200 |    4.247746ms |       127.0.0.1 | GET      "/api/tags"
ollama-1  | slot print_timing: id  0 | task 3539 | prompt eval time =    1216.88 ms /   101 tokens (   12.05 ms per token,    83.00 tokens per second)
ollama-1  | slot print_timing: id  0 | task 3539 |        eval time =     391.41 ms /     8 tokens (   55.92 ms per token,    17.88 tokens per second)
ollama-1  | slot print_timing: id  0 | task 3539 |       total time =    1608.29 ms /   109 tokens
ollama-1  | slot print_timing: id  0 | task 3539 |    graphs reused =       2444
ollama-1  | slot      release: id  0 | task 3539 | stop processing: n_tokens = 436, truncated = 0
ollama-1  | srv  update_slots: all slots are idle
ollama-1  | [GIN] 2026/10/07 - 10:03:28 | 200 |   1.61551386s |      172.18.0.4 | POST     "/api/generate"
ollama-1  | srv  server_strea: conv_id= (empty=1)
ollama-1  | slot get_availabl: id  0 | task -1 |  - checking sim = 0.567 (328/578) > 0.100
ollama-1  | slot get_availabl: id  0 | task -1 | selected slot by LCP similarity, f_sim_best = 0.567 (> 0.100 thold), f_keep = 0.752
ollama-1  | slot launch_slot_: id  0 | task -1 | sampler chain: logits -> ?penalties -> ?dry -> ?top-n-sigma -> top-k -> ?typical -> top-p -> ?min-p -> ?xtc -> temp-ext -> dist 
ollama-1  | slot launch_slot_: id  0 | task -1 | sampler params: 
ollama-1  | 	repeat_last_n = 64, repeat_penalty = 1.000, frequency_penalty = 0.000, presence_penalty = 0.000
ollama-1  | 	dry_multiplier = 0.000, dry_base = 1.750, dry_allowed_length = 2, dry_penalty_last_n = 64
ollama-1  | 	top_k = 40, top_p = 0.900, min_p = 0.000, xtc_probability = 0.000, xtc_threshold = 0.100, typical_p = 1.000, top_n_sigma = -1.000, temp = 0.000
ollama-1  | 	mirostat = 0, mirostat_lr = 0.100, mirostat_ent = 5.000, adaptive_target = -1.000, adaptive_decay = 0.900
ollama-1  | slot launch_slot_: id  0 | task 3548 | processing task, is_child = 0
ollama-1  | slot   operator(): id  0 | task 3548 | new prompt, n_ctx_slot = 4096, n_keep = 4, task.n_tokens = 578
ollama-1  | slot   operator(): id  0 | task 3548 | cached n_tokens = 328, memory_seq_rm [328, end)
ollama-1  | slot init_sampler: id  0 | task 3548 | init sampler, took 0.09 ms, tokens: text = 578, total = 578
ollama-1  | slot print_timing: id  0 | task 3548 | prompt eval time =    2722.16 ms /   250 tokens (   10.89 ms per token,    91.84 tokens per second)
ollama-1  | slot print_timing: id  0 | task 3548 |        eval time =     393.78 ms /     9 tokens (   49.22 ms per token,    20.32 tokens per second)
ollama-1  | slot print_timing: id  0 | task 3548 |       total time =    3115.95 ms /   259 tokens
ollama-1  | slot print_timing: id  0 | task 3548 |    graphs reused =       2451
ollama-1  | slot      release: id  0 | task 3548 | stop processing: n_tokens = 586, truncated = 0
ollama-1  | srv  update_slots: all slots are idle
ollama-1  | [GIN] 2026/10/07 - 10:03:31 | 200 |  3.125944396s |      172.18.0.4 | POST     "/api/generate"
ollama-1  | srv  server_strea: conv_id= (empty=1)
ollama-1  | slot get_availabl: id  0 | task -1 |  - checking sim = 0.613 (328/535) > 0.100
ollama-1  | slot get_availabl: id  0 | task -1 | selected slot by LCP similarity, f_sim_best = 0.613 (> 0.100 thold), f_keep = 0.560
ollama-1  | slot launch_slot_: id  0 | task -1 | sampler chain: logits -> ?penalties -> ?dry -> ?top-n-sigma -> top-k -> ?typical -> top-p -> ?min-p -> ?xtc -> temp-ext -> dist 
ollama-1  | slot launch_slot_: id  0 | task -1 | sampler params: 
ollama-1  | 	repeat_last_n = 64, repeat_penalty = 1.000, frequency_penalty = 0.000, presence_penalty = 0.000
ollama-1  | 	dry_multiplier = 0.000, dry_base = 1.750, dry_allowed_length = 2, dry_penalty_last_n = 64
ollama-1  | 	top_k = 40, top_p = 0.900, min_p = 0.000, xtc_probability = 0.000, xtc_threshold = 0.100, typical_p = 1.000, top_n_sigma = -1.000, temp = 0.000
ollama-1  | 	mirostat = 0, mirostat_lr = 0.100, mirostat_ent = 5.000, adaptive_target = -1.000, adaptive_decay = 0.900
ollama-1  | slot launch_slot_: id  0 | task 3558 | processing task, is_child = 0
ollama-1  | slot   operator(): id  0 | task 3558 | new prompt, n_ctx_slot = 4096, n_keep = 4, task.n_tokens = 535
ollama-1  | slot   operator(): id  0 | task 3558 | cached n_tokens = 328, memory_seq_rm [328, end)
ollama-1  | slot init_sampler: id  0 | task 3558 | init sampler, took 0.09 ms, tokens: text = 535, total = 535
ollama-1  | slot print_timing: id  0 | task 3558 | prompt eval time =    2172.66 ms /   207 tokens (   10.50 ms per token,    95.27 tokens per second)
ollama-1  | slot print_timing: id  0 | task 3558 |        eval time =     355.92 ms /     8 tokens (   50.85 ms per token,    19.67 tokens per second)
ollama-1  | slot print_timing: id  0 | task 3558 |       total time =    2528.58 ms /   215 tokens
ollama-1  | slot print_timing: id  0 | task 3558 |    graphs reused =       2457
ollama-1  | slot      release: id  0 | task 3558 | stop processing: n_tokens = 542, truncated = 0
ollama-1  | srv  update_slots: all slots are idle
ollama-1  | [GIN] 2026/10/07 - 10:03:34 | 200 |   2.53632336s |      172.18.0.4 | POST     "/api/generate"
ollama-1  | srv  server_strea: conv_id= (empty=1)
ollama-1  | slot get_availabl: id  0 | task -1 |  - checking sim = 0.523 (329/629) > 0.100
ollama-1  | slot get_availabl: id  0 | task -1 | selected slot by LCP similarity, f_sim_best = 0.523 (> 0.100 thold), f_keep = 0.607
ollama-1  | slot launch_slot_: id  0 | task -1 | sampler chain: logits -> ?penalties -> ?dry -> ?top-n-sigma -> top-k -> ?typical -> top-p -> ?min-p -> ?xtc -> temp-ext -> dist 
ollama-1  | slot launch_slot_: id  0 | task -1 | sampler params: 
ollama-1  | 	repeat_last_n = 64, repeat_penalty = 1.000, frequency_penalty = 0.000, presence_penalty = 0.000
ollama-1  | 	dry_multiplier = 0.000, dry_base = 1.750, dry_allowed_length = 2, dry_penalty_last_n = 64
ollama-1  | 	top_k = 40, top_p = 0.900, min_p = 0.000, xtc_probability = 0.000, xtc_threshold = 0.100, typical_p = 1.000, top_n_sigma = -1.000, temp = 0.000
ollama-1  | 	mirostat = 0, mirostat_lr = 0.100, mirostat_ent = 5.000, adaptive_target = -1.000, adaptive_decay = 0.900
ollama-1  | slot launch_slot_: id  0 | task 3567 | processing task, is_child = 0
ollama-1  | slot   operator(): id  0 | task 3567 | new prompt, n_ctx_slot = 4096, n_keep = 4, task.n_tokens = 629
ollama-1  | slot   operator(): id  0 | task 3567 | cached n_tokens = 329, memory_seq_rm [329, end)
ollama-1  | slot init_sampler: id  0 | task 3567 | init sampler, took 0.11 ms, tokens: text = 629, total = 629
ollama-1  | slot print_timing: id  0 | task 3567 | prompt eval time =    2989.62 ms /   300 tokens (    9.97 ms per token,   100.35 tokens per second)
ollama-1  | slot print_timing: id  0 | task 3567 |        eval time =     369.76 ms /     8 tokens (   52.82 ms per token,    18.93 tokens per second)
ollama-1  | slot print_timing: id  0 | task 3567 |       total time =    3359.38 ms /   308 tokens
ollama-1  | slot print_timing: id  0 | task 3567 |    graphs reused =       2463
ollama-1  | slot      release: id  0 | task 3567 | stop processing: n_tokens = 636, truncated = 0
ollama-1  | srv  update_slots: all slots are idle
ollama-1  | [GIN] 2026/10/07 - 10:03:37 | 200 |  3.367367633s |      172.18.0.4 | POST     "/api/generate"
ollama-1  | srv  server_strea: conv_id= (empty=1)
ollama-1  | slot get_availabl: id  0 | task -1 |  - checking sim = 0.549 (328/597) > 0.100
ollama-1  | slot get_availabl: id  0 | task -1 | selected slot by LCP similarity, f_sim_best = 0.549 (> 0.100 thold), f_keep = 0.516
ollama-1  | slot launch_slot_: id  0 | task -1 | sampler chain: logits -> ?penalties -> ?dry -> ?top-n-sigma -> top-k -> ?typical -> top-p -> ?min-p -> ?xtc -> temp-ext -> dist 
ollama-1  | slot launch_slot_: id  0 | task -1 | sampler params: 
ollama-1  | 	repeat_last_n = 64, repeat_penalty = 1.000, frequency_penalty = 0.000, presence_penalty = 0.000
ollama-1  | 	dry_multiplier = 0.000, dry_base = 1.750, dry_allowed_length = 2, dry_penalty_last_n = 64
ollama-1  | 	top_k = 40, top_p = 0.900, min_p = 0.000, xtc_probability = 0.000, xtc_threshold = 0.100, typical_p = 1.000, top_n_sigma = -1.000, temp = 0.000
ollama-1  | 	mirostat = 0, mirostat_lr = 0.100, mirostat_ent = 5.000, adaptive_target = -1.000, adaptive_decay = 0.900
ollama-1  | slot launch_slot_: id  0 | task 3576 | processing task, is_child = 0
ollama-1  | slot   operator(): id  0 | task 3576 | new prompt, n_ctx_slot = 4096, n_keep = 4, task.n_tokens = 597
ollama-1  | slot   operator(): id  0 | task 3576 | cached n_tokens = 328, memory_seq_rm [328, end)
ollama-1  | slot init_sampler: id  0 | task 3576 | init sampler, took 0.09 ms, tokens: text = 597, total = 597
ollama-1  | [GIN] 2026/10/07 - 10:03:38 | 200 |       36.14µs |       127.0.0.1 | HEAD     "/"
ollama-1  | [GIN] 2026/10/07 - 10:03:38 | 200 |    3.521086ms |       127.0.0.1 | GET      "/api/tags"
ollama-1  | slot print_timing: id  0 | task 3576 | prompt eval time =    2779.48 ms /   269 tokens (   10.33 ms per token,    96.78 tokens per second)
ollama-1  | slot print_timing: id  0 | task 3576 |        eval time =     513.87 ms /     9 tokens (   64.23 ms per token,    15.57 tokens per second)
ollama-1  | slot print_timing: id  0 | task 3576 |       total time =    3293.34 ms /   278 tokens
ollama-1  | slot print_timing: id  0 | task 3576 |    graphs reused =       2470
ollama-1  | slot      release: id  0 | task 3576 | stop processing: n_tokens = 605, truncated = 0
ollama-1  | srv  update_slots: all slots are idle
ollama-1  | [GIN] 2026/10/07 - 10:03:41 | 200 |  3.301046826s |      172.18.0.4 | POST     "/api/generate"
ollama-1  | srv  server_strea: conv_id= (empty=1)
ollama-1  | slot get_availabl: id  0 | task -1 |  - checking sim = 0.549 (328/597) > 0.100
ollama-1  | slot get_availabl: id  0 | task -1 | selected slot by LCP similarity, f_sim_best = 0.549 (> 0.100 thold), f_keep = 0.542
ollama-1  | slot launch_slot_: id  0 | task -1 | sampler chain: logits -> ?penalties -> ?dry -> ?top-n-sigma -> top-k -> ?typical -> top-p -> ?min-p -> ?xtc -> temp-ext -> dist 
ollama-1  | slot launch_slot_: id  0 | task -1 | sampler params: 
ollama-1  | 	repeat_last_n = 64, repeat_penalty = 1.000, frequency_penalty = 0.000, presence_penalty = 0.000
ollama-1  | 	dry_multiplier = 0.000, dry_base = 1.750, dry_allowed_length = 2, dry_penalty_last_n = 64
ollama-1  | 	top_k = 40, top_p = 0.900, min_p = 0.000, xtc_probability = 0.000, xtc_threshold = 0.100, typical_p = 1.000, top_n_sigma = -1.000, temp = 0.000
ollama-1  | 	mirostat = 0, mirostat_lr = 0.100, mirostat_ent = 5.000, adaptive_target = -1.000, adaptive_decay = 0.900
ollama-1  | slot launch_slot_: id  0 | task 3586 | processing task, is_child = 0
ollama-1  | slot   operator(): id  0 | task 3586 | new prompt, n_ctx_slot = 4096, n_keep = 4, task.n_tokens = 597
ollama-1  | slot   operator(): id  0 | task 3586 | cached n_tokens = 328, memory_seq_rm [328, end)
ollama-1  | slot init_sampler: id  0 | task 3586 | init sampler, took 0.10 ms, tokens: text = 597, total = 597
ollama-1  | slot print_timing: id  0 | task 3586 | prompt eval time =    2955.47 ms /   269 tokens (   10.99 ms per token,    91.02 tokens per second)
ollama-1  | slot print_timing: id  0 | task 3586 |        eval time =     398.49 ms /     8 tokens (   56.93 ms per token,    17.57 tokens per second)
ollama-1  | slot print_timing: id  0 | task 3586 |       total time =    3353.96 ms /   277 tokens
ollama-1  | slot print_timing: id  0 | task 3586 |    graphs reused =       2476
ollama-1  | slot      release: id  0 | task 3586 | stop processing: n_tokens = 604, truncated = 0
ollama-1  | srv  update_slots: all slots are idle
ollama-1  | [GIN] 2026/10/07 - 10:03:44 | 200 |  3.362094881s |      172.18.0.4 | POST     "/api/generate"
ollama-1  | srv  server_strea: conv_id= (empty=1)
ollama-1  | slot get_availabl: id  0 | task -1 |  - checking sim = 0.605 (328/542) > 0.100
ollama-1  | slot get_availabl: id  0 | task -1 | selected slot by LCP similarity, f_sim_best = 0.605 (> 0.100 thold), f_keep = 0.543
ollama-1  | slot launch_slot_: id  0 | task -1 | sampler chain: logits -> ?penalties -> ?dry -> ?top-n-sigma -> top-k -> ?typical -> top-p -> ?min-p -> ?xtc -> temp-ext -> dist 
ollama-1  | slot launch_slot_: id  0 | task -1 | sampler params: 
ollama-1  | 	repeat_last_n = 64, repeat_penalty = 1.000, frequency_penalty = 0.000, presence_penalty = 0.000
ollama-1  | 	dry_multiplier = 0.000, dry_base = 1.750, dry_allowed_length = 2, dry_penalty_last_n = 64
ollama-1  | 	top_k = 40, top_p = 0.900, min_p = 0.000, xtc_probability = 0.000, xtc_threshold = 0.100, typical_p = 1.000, top_n_sigma = -1.000, temp = 0.000
ollama-1  | 	mirostat = 0, mirostat_lr = 0.100, mirostat_ent = 5.000, adaptive_target = -1.000, adaptive_decay = 0.900
ollama-1  | slot launch_slot_: id  0 | task 3595 | processing task, is_child = 0
ollama-1  | slot   operator(): id  0 | task 3595 | new prompt, n_ctx_slot = 4096, n_keep = 4, task.n_tokens = 542
ollama-1  | slot   operator(): id  0 | task 3595 | cached n_tokens = 328, memory_seq_rm [328, end)
ollama-1  | slot init_sampler: id  0 | task 3595 | init sampler, took 0.09 ms, tokens: text = 542, total = 542
ollama-1  | slot print_timing: id  0 | task 3595 | prompt eval time =    2477.02 ms /   214 tokens (   11.57 ms per token,    86.39 tokens per second)
ollama-1  | slot print_timing: id  0 | task 3595 |        eval time =     480.26 ms /     9 tokens (   60.03 ms per token,    16.66 tokens per second)
ollama-1  | slot print_timing: id  0 | task 3595 |       total time =    2957.29 ms /   223 tokens
ollama-1  | slot print_timing: id  0 | task 3595 |    graphs reused =       2483
ollama-1  | slot      release: id  0 | task 3595 | stop processing: n_tokens = 550, truncated = 0
ollama-1  | srv  update_slots: all slots are idle
ollama-1  | [GIN] 2026/10/07 - 10:03:47 | 200 |   2.96651533s |      172.18.0.4 | POST     "/api/generate"
ollama-1  | srv  server_strea: conv_id= (empty=1)
ollama-1  | slot get_availabl: id  0 | task -1 |  - checking sim = 0.818 (328/401) > 0.100
ollama-1  | slot get_availabl: id  0 | task -1 | selected slot by LCP similarity, f_sim_best = 0.818 (> 0.100 thold), f_keep = 0.596
ollama-1  | slot launch_slot_: id  0 | task -1 | sampler chain: logits -> ?penalties -> ?dry -> ?top-n-sigma -> top-k -> ?typical -> top-p -> ?min-p -> ?xtc -> temp-ext -> dist 
ollama-1  | slot launch_slot_: id  0 | task -1 | sampler params: 
ollama-1  | 	repeat_last_n = 64, repeat_penalty = 1.000, frequency_penalty = 0.000, presence_penalty = 0.000
ollama-1  | 	dry_multiplier = 0.000, dry_base = 1.750, dry_allowed_length = 2, dry_penalty_last_n = 64
ollama-1  | 	top_k = 40, top_p = 0.900, min_p = 0.000, xtc_probability = 0.000, xtc_threshold = 0.100, typical_p = 1.000, top_n_sigma = -1.000, temp = 0.000
ollama-1  | 	mirostat = 0, mirostat_lr = 0.100, mirostat_ent = 5.000, adaptive_target = -1.000, adaptive_decay = 0.900
ollama-1  | slot launch_slot_: id  0 | task 3605 | processing task, is_child = 0
ollama-1  | slot   operator(): id  0 | task 3605 | new prompt, n_ctx_slot = 4096, n_keep = 4, task.n_tokens = 401
ollama-1  | slot   operator(): id  0 | task 3605 | cached n_tokens = 328, memory_seq_rm [328, end)
ollama-1  | slot init_sampler: id  0 | task 3605 | init sampler, took 0.06 ms, tokens: text = 401, total = 401
ollama-1  | [GIN] 2026/10/07 - 10:03:48 | 200 |     108.426µs |       127.0.0.1 | HEAD     "/"
ollama-1  | [GIN] 2026/10/07 - 10:03:48 | 200 |    2.305478ms |       127.0.0.1 | GET      "/api/tags"
ollama-1  | slot print_timing: id  0 | task 3605 | prompt eval time =     843.89 ms /    73 tokens (   11.56 ms per token,    86.50 tokens per second)
ollama-1  | slot print_timing: id  0 | task 3605 |        eval time =     397.21 ms /     8 tokens (   56.74 ms per token,    17.62 tokens per second)
ollama-1  | slot print_timing: id  0 | task 3605 |       total time =    1241.11 ms /    81 tokens
ollama-1  | slot print_timing: id  0 | task 3605 |    graphs reused =       2489
ollama-1  | slot      release: id  0 | task 3605 | stop processing: n_tokens = 408, truncated = 0
ollama-1  | srv  update_slots: all slots are idle
ollama-1  | [GIN] 2026/10/07 - 10:03:48 | 200 |  1.249553445s |      172.18.0.4 | POST     "/api/generate"
ollama-1  | srv  server_strea: conv_id= (empty=1)
ollama-1  | slot get_availabl: id  0 | task -1 |  - checking sim = 0.660 (328/497) > 0.100
ollama-1  | slot get_availabl: id  0 | task -1 | selected slot by LCP similarity, f_sim_best = 0.660 (> 0.100 thold), f_keep = 0.804
ollama-1  | slot launch_slot_: id  0 | task -1 | sampler chain: logits -> ?penalties -> ?dry -> ?top-n-sigma -> top-k -> ?typical -> top-p -> ?min-p -> ?xtc -> temp-ext -> dist 
ollama-1  | slot launch_slot_: id  0 | task -1 | sampler params: 
ollama-1  | 	repeat_last_n = 64, repeat_penalty = 1.000, frequency_penalty = 0.000, presence_penalty = 0.000
ollama-1  | 	dry_multiplier = 0.000, dry_base = 1.750, dry_allowed_length = 2, dry_penalty_last_n = 64
ollama-1  | 	top_k = 40, top_p = 0.900, min_p = 0.000, xtc_probability = 0.000, xtc_threshold = 0.100, typical_p = 1.000, top_n_sigma = -1.000, temp = 0.000
ollama-1  | 	mirostat = 0, mirostat_lr = 0.100, mirostat_ent = 5.000, adaptive_target = -1.000, adaptive_decay = 0.900
ollama-1  | slot launch_slot_: id  0 | task 3614 | processing task, is_child = 0
ollama-1  | slot   operator(): id  0 | task 3614 | new prompt, n_ctx_slot = 4096, n_keep = 4, task.n_tokens = 497
ollama-1  | slot   operator(): id  0 | task 3614 | cached n_tokens = 328, memory_seq_rm [328, end)
ollama-1  | slot init_sampler: id  0 | task 3614 | init sampler, took 0.07 ms, tokens: text = 497, total = 497
ollama-1  | slot print_timing: id  0 | task 3614 | prompt eval time =    1804.39 ms /   169 tokens (   10.68 ms per token,    93.66 tokens per second)
ollama-1  | slot print_timing: id  0 | task 3614 |        eval time =     402.78 ms /     8 tokens (   57.54 ms per token,    17.38 tokens per second)
ollama-1  | slot print_timing: id  0 | task 3614 |       total time =    2207.16 ms /   177 tokens
ollama-1  | slot print_timing: id  0 | task 3614 |    graphs reused =       2495
ollama-1  | slot      release: id  0 | task 3614 | stop processing: n_tokens = 504, truncated = 0
ollama-1  | srv  update_slots: all slots are idle
ollama-1  | [GIN] 2026/10/07 - 10:03:51 | 200 |   2.21905716s |      172.18.0.4 | POST     "/api/generate"
ollama-1  | srv  server_strea: conv_id= (empty=1)
ollama-1  | slot get_availabl: id  0 | task -1 |  - checking sim = 0.711 (328/461) > 0.100
ollama-1  | slot get_availabl: id  0 | task -1 | selected slot by LCP similarity, f_sim_best = 0.711 (> 0.100 thold), f_keep = 0.651
ollama-1  | slot launch_slot_: id  0 | task -1 | sampler chain: logits -> ?penalties -> ?dry -> ?top-n-sigma -> top-k -> ?typical -> top-p -> ?min-p -> ?xtc -> temp-ext -> dist 
ollama-1  | slot launch_slot_: id  0 | task -1 | sampler params: 
ollama-1  | 	repeat_last_n = 64, repeat_penalty = 1.000, frequency_penalty = 0.000, presence_penalty = 0.000
ollama-1  | 	dry_multiplier = 0.000, dry_base = 1.750, dry_allowed_length = 2, dry_penalty_last_n = 64
ollama-1  | 	top_k = 40, top_p = 0.900, min_p = 0.000, xtc_probability = 0.000, xtc_threshold = 0.100, typical_p = 1.000, top_n_sigma = -1.000, temp = 0.000
ollama-1  | 	mirostat = 0, mirostat_lr = 0.100, mirostat_ent = 5.000, adaptive_target = -1.000, adaptive_decay = 0.900
ollama-1  | slot launch_slot_: id  0 | task 3623 | processing task, is_child = 0
ollama-1  | slot   operator(): id  0 | task 3623 | new prompt, n_ctx_slot = 4096, n_keep = 4, task.n_tokens = 461
ollama-1  | slot   operator(): id  0 | task 3623 | cached n_tokens = 328, memory_seq_rm [328, end)
ollama-1  | slot init_sampler: id  0 | task 3623 | init sampler, took 0.07 ms, tokens: text = 461, total = 461
ollama-1  | slot print_timing: id  0 | task 3623 | prompt eval time =    1426.38 ms /   133 tokens (   10.72 ms per token,    93.24 tokens per second)
ollama-1  | slot print_timing: id  0 | task 3623 |        eval time =     355.86 ms /     8 tokens (   50.84 ms per token,    19.67 tokens per second)
ollama-1  | slot print_timing: id  0 | task 3623 |       total time =    1782.24 ms /   141 tokens
ollama-1  | slot print_timing: id  0 | task 3623 |    graphs reused =       2501
ollama-1  | slot      release: id  0 | task 3623 | stop processing: n_tokens = 468, truncated = 0
ollama-1  | srv  update_slots: all slots are idle
ollama-1  | [GIN] 2026/10/07 - 10:03:52 | 200 |  1.790246671s |      172.18.0.4 | POST     "/api/generate"
ollama-1  | srv  server_strea: conv_id= (empty=1)
ollama-1  | slot get_availabl: id  0 | task -1 |  - checking sim = 0.777 (328/422) > 0.100
ollama-1  | slot get_availabl: id  0 | task -1 | selected slot by LCP similarity, f_sim_best = 0.777 (> 0.100 thold), f_keep = 0.701
ollama-1  | slot launch_slot_: id  0 | task -1 | sampler chain: logits -> ?penalties -> ?dry -> ?top-n-sigma -> top-k -> ?typical -> top-p -> ?min-p -> ?xtc -> temp-ext -> dist 
ollama-1  | slot launch_slot_: id  0 | task -1 | sampler params: 
ollama-1  | 	repeat_last_n = 64, repeat_penalty = 1.000, frequency_penalty = 0.000, presence_penalty = 0.000
ollama-1  | 	dry_multiplier = 0.000, dry_base = 1.750, dry_allowed_length = 2, dry_penalty_last_n = 64
ollama-1  | 	top_k = 40, top_p = 0.900, min_p = 0.000, xtc_probability = 0.000, xtc_threshold = 0.100, typical_p = 1.000, top_n_sigma = -1.000, temp = 0.000
ollama-1  | 	mirostat = 0, mirostat_lr = 0.100, mirostat_ent = 5.000, adaptive_target = -1.000, adaptive_decay = 0.900
ollama-1  | slot launch_slot_: id  0 | task 3632 | processing task, is_child = 0
ollama-1  | slot   operator(): id  0 | task 3632 | new prompt, n_ctx_slot = 4096, n_keep = 4, task.n_tokens = 422
ollama-1  | slot   operator(): id  0 | task 3632 | cached n_tokens = 328, memory_seq_rm [328, end)
ollama-1  | slot init_sampler: id  0 | task 3632 | init sampler, took 0.06 ms, tokens: text = 422, total = 422
ollama-1  | slot print_timing: id  0 | task 3632 | prompt eval time =    1036.75 ms /    94 tokens (   11.03 ms per token,    90.67 tokens per second)
ollama-1  | slot print_timing: id  0 | task 3632 |        eval time =     409.85 ms /     9 tokens (   51.23 ms per token,    19.52 tokens per second)
ollama-1  | slot print_timing: id  0 | task 3632 |       total time =    1446.60 ms /   103 tokens
ollama-1  | slot print_timing: id  0 | task 3632 |    graphs reused =       2508
ollama-1  | slot      release: id  0 | task 3632 | stop processing: n_tokens = 430, truncated = 0
ollama-1  | srv  update_slots: all slots are idle
ollama-1  | [GIN] 2026/10/07 - 10:03:54 | 200 |  1.453924402s |      172.18.0.4 | POST     "/api/generate"
ollama-1  | srv  server_strea: conv_id= (empty=1)
ollama-1  | slot get_availabl: id  0 | task -1 |  - checking sim = 0.547 (328/600) > 0.100
ollama-1  | slot get_availabl: id  0 | task -1 | selected slot by LCP similarity, f_sim_best = 0.547 (> 0.100 thold), f_keep = 0.763
ollama-1  | slot launch_slot_: id  0 | task -1 | sampler chain: logits -> ?penalties -> ?dry -> ?top-n-sigma -> top-k -> ?typical -> top-p -> ?min-p -> ?xtc -> temp-ext -> dist 
ollama-1  | slot launch_slot_: id  0 | task -1 | sampler params: 
ollama-1  | 	repeat_last_n = 64, repeat_penalty = 1.000, frequency_penalty = 0.000, presence_penalty = 0.000
ollama-1  | 	dry_multiplier = 0.000, dry_base = 1.750, dry_allowed_length = 2, dry_penalty_last_n = 64
ollama-1  | 	top_k = 40, top_p = 0.900, min_p = 0.000, xtc_probability = 0.000, xtc_threshold = 0.100, typical_p = 1.000, top_n_sigma = -1.000, temp = 0.000
ollama-1  | 	mirostat = 0, mirostat_lr = 0.100, mirostat_ent = 5.000, adaptive_target = -1.000, adaptive_decay = 0.900
ollama-1  | slot launch_slot_: id  0 | task 3642 | processing task, is_child = 0
ollama-1  | slot   operator(): id  0 | task 3642 | new prompt, n_ctx_slot = 4096, n_keep = 4, task.n_tokens = 600
ollama-1  | slot   operator(): id  0 | task 3642 | cached n_tokens = 328, memory_seq_rm [328, end)
ollama-1  | slot init_sampler: id  0 | task 3642 | init sampler, took 0.09 ms, tokens: text = 600, total = 600
ollama-1  | slot print_timing: id  0 | task 3642 | prompt eval time =    2836.86 ms /   272 tokens (   10.43 ms per token,    95.88 tokens per second)
ollama-1  | slot print_timing: id  0 | task 3642 |        eval time =     346.36 ms /     8 tokens (   49.48 ms per token,    20.21 tokens per second)
ollama-1  | slot print_timing: id  0 | task 3642 |       total time =    3183.22 ms /   280 tokens
ollama-1  | slot print_timing: id  0 | task 3642 |    graphs reused =       2514
ollama-1  | slot      release: id  0 | task 3642 | stop processing: n_tokens = 607, truncated = 0
ollama-1  | srv  update_slots: all slots are idle
ollama-1  | [GIN] 2026/10/07 - 10:03:57 | 200 |  3.190775622s |      172.18.0.4 | POST     "/api/generate"
ollama-1  | srv  server_strea: conv_id= (empty=1)
ollama-1  | slot get_availabl: id  0 | task -1 |  - checking sim = 0.584 (328/562) > 0.100
ollama-1  | slot get_availabl: id  0 | task -1 | selected slot by LCP similarity, f_sim_best = 0.584 (> 0.100 thold), f_keep = 0.540
ollama-1  | slot launch_slot_: id  0 | task -1 | sampler chain: logits -> ?penalties -> ?dry -> ?top-n-sigma -> top-k -> ?typical -> top-p -> ?min-p -> ?xtc -> temp-ext -> dist 
ollama-1  | slot launch_slot_: id  0 | task -1 | sampler params: 
ollama-1  | 	repeat_last_n = 64, repeat_penalty = 1.000, frequency_penalty = 0.000, presence_penalty = 0.000
ollama-1  | 	dry_multiplier = 0.000, dry_base = 1.750, dry_allowed_length = 2, dry_penalty_last_n = 64
ollama-1  | 	top_k = 40, top_p = 0.900, min_p = 0.000, xtc_probability = 0.000, xtc_threshold = 0.100, typical_p = 1.000, top_n_sigma = -1.000, temp = 0.000
ollama-1  | 	mirostat = 0, mirostat_lr = 0.100, mirostat_ent = 5.000, adaptive_target = -1.000, adaptive_decay = 0.900
ollama-1  | slot launch_slot_: id  0 | task 3651 | processing task, is_child = 0
ollama-1  | slot   operator(): id  0 | task 3651 | new prompt, n_ctx_slot = 4096, n_keep = 4, task.n_tokens = 562
ollama-1  | slot   operator(): id  0 | task 3651 | cached n_tokens = 328, memory_seq_rm [328, end)
ollama-1  | slot init_sampler: id  0 | task 3651 | init sampler, took 0.08 ms, tokens: text = 562, total = 562
ollama-1  | [GIN] 2026/10/07 - 10:03:58 | 200 |       39.66µs |       127.0.0.1 | HEAD     "/"
ollama-1  | [GIN] 2026/10/07 - 10:03:58 | 200 |     2.69166ms |       127.0.0.1 | GET      "/api/tags"
ollama-1  | slot print_timing: id  0 | task 3651 | prompt eval time =    2700.21 ms /   234 tokens (   11.54 ms per token,    86.66 tokens per second)
ollama-1  | slot print_timing: id  0 | task 3651 |        eval time =     538.54 ms /    10 tokens (   59.84 ms per token,    16.71 tokens per second)
ollama-1  | slot print_timing: id  0 | task 3651 |       total time =    3238.75 ms /   244 tokens
ollama-1  | slot print_timing: id  0 | task 3651 |    graphs reused =       2522
ollama-1  | slot      release: id  0 | task 3651 | stop processing: n_tokens = 571, truncated = 0
ollama-1  | srv  update_slots: all slots are idle
ollama-1  | [GIN] 2026/10/07 - 10:04:00 | 200 |   3.25482524s |      172.18.0.4 | POST     "/api/generate"
ollama-1  | srv  server_strea: conv_id= (empty=1)
ollama-1  | slot get_availabl: id  0 | task -1 |  - checking sim = 0.610 (328/538) > 0.100
ollama-1  | slot get_availabl: id  0 | task -1 | selected slot by LCP similarity, f_sim_best = 0.610 (> 0.100 thold), f_keep = 0.574
ollama-1  | slot launch_slot_: id  0 | task -1 | sampler chain: logits -> ?penalties -> ?dry -> ?top-n-sigma -> top-k -> ?typical -> top-p -> ?min-p -> ?xtc -> temp-ext -> dist 
ollama-1  | slot launch_slot_: id  0 | task -1 | sampler params: 
ollama-1  | 	repeat_last_n = 64, repeat_penalty = 1.000, frequency_penalty = 0.000, presence_penalty = 0.000
ollama-1  | 	dry_multiplier = 0.000, dry_base = 1.750, dry_allowed_length = 2, dry_penalty_last_n = 64
ollama-1  | 	top_k = 40, top_p = 0.900, min_p = 0.000, xtc_probability = 0.000, xtc_threshold = 0.100, typical_p = 1.000, top_n_sigma = -1.000, temp = 0.000
ollama-1  | 	mirostat = 0, mirostat_lr = 0.100, mirostat_ent = 5.000, adaptive_target = -1.000, adaptive_decay = 0.900
ollama-1  | slot launch_slot_: id  0 | task 3662 | processing task, is_child = 0
ollama-1  | slot   operator(): id  0 | task 3662 | new prompt, n_ctx_slot = 4096, n_keep = 4, task.n_tokens = 538
ollama-1  | slot   operator(): id  0 | task 3662 | cached n_tokens = 328, memory_seq_rm [328, end)
ollama-1  | slot init_sampler: id  0 | task 3662 | init sampler, took 0.09 ms, tokens: text = 538, total = 538
ollama-1  | slot print_timing: id  0 | task 3662 | prompt eval time =    2329.96 ms /   210 tokens (   11.10 ms per token,    90.13 tokens per second)
ollama-1  | slot print_timing: id  0 | task 3662 |        eval time =     420.26 ms /     9 tokens (   52.53 ms per token,    19.04 tokens per second)
ollama-1  | slot print_timing: id  0 | task 3662 |       total time =    2750.22 ms /   219 tokens
ollama-1  | slot print_timing: id  0 | task 3662 |    graphs reused =       2529
ollama-1  | slot      release: id  0 | task 3662 | stop processing: n_tokens = 546, truncated = 0
ollama-1  | srv  update_slots: all slots are idle
ollama-1  | [GIN] 2026/10/07 - 10:04:03 | 200 |   2.76062486s |      172.18.0.4 | POST     "/api/generate"
ollama-1  | srv  server_strea: conv_id= (empty=1)
ollama-1  | slot get_availabl: id  0 | task -1 |  - checking sim = 0.558 (328/588) > 0.100
ollama-1  | slot get_availabl: id  0 | task -1 | selected slot by LCP similarity, f_sim_best = 0.558 (> 0.100 thold), f_keep = 0.601
ollama-1  | slot launch_slot_: id  0 | task -1 | sampler chain: logits -> ?penalties -> ?dry -> ?top-n-sigma -> top-k -> ?typical -> top-p -> ?min-p -> ?xtc -> temp-ext -> dist 
ollama-1  | slot launch_slot_: id  0 | task -1 | sampler params: 
ollama-1  | 	repeat_last_n = 64, repeat_penalty = 1.000, frequency_penalty = 0.000, presence_penalty = 0.000
ollama-1  | 	dry_multiplier = 0.000, dry_base = 1.750, dry_allowed_length = 2, dry_penalty_last_n = 64
ollama-1  | 	top_k = 40, top_p = 0.900, min_p = 0.000, xtc_probability = 0.000, xtc_threshold = 0.100, typical_p = 1.000, top_n_sigma = -1.000, temp = 0.000
ollama-1  | 	mirostat = 0, mirostat_lr = 0.100, mirostat_ent = 5.000, adaptive_target = -1.000, adaptive_decay = 0.900
ollama-1  | slot launch_slot_: id  0 | task 3672 | processing task, is_child = 0
ollama-1  | slot   operator(): id  0 | task 3672 | new prompt, n_ctx_slot = 4096, n_keep = 4, task.n_tokens = 588
ollama-1  | slot   operator(): id  0 | task 3672 | cached n_tokens = 328, memory_seq_rm [328, end)
ollama-1  | slot init_sampler: id  0 | task 3672 | init sampler, took 0.10 ms, tokens: text = 588, total = 588
ollama-1  | slot print_timing: id  0 | task 3672 | prompt eval time =    2612.47 ms /   260 tokens (   10.05 ms per token,    99.52 tokens per second)
ollama-1  | slot print_timing: id  0 | task 3672 |        eval time =     462.57 ms /    10 tokens (   51.40 ms per token,    19.46 tokens per second)
ollama-1  | slot print_timing: id  0 | task 3672 |       total time =    3075.04 ms /   270 tokens
ollama-1  | slot print_timing: id  0 | task 3672 |    graphs reused =       2537
ollama-1  | slot      release: id  0 | task 3672 | stop processing: n_tokens = 597, truncated = 0
ollama-1  | srv  update_slots: all slots are idle
ollama-1  | [GIN] 2026/10/07 - 10:04:06 | 200 |  3.084644143s |      172.18.0.4 | POST     "/api/generate"
ollama-1  | srv  server_strea: conv_id= (empty=1)
ollama-1  | slot get_availabl: id  0 | task -1 |  - checking sim = 0.613 (328/535) > 0.100
ollama-1  | slot get_availabl: id  0 | task -1 | selected slot by LCP similarity, f_sim_best = 0.613 (> 0.100 thold), f_keep = 0.549
ollama-1  | slot launch_slot_: id  0 | task -1 | sampler chain: logits -> ?penalties -> ?dry -> ?top-n-sigma -> top-k -> ?typical -> top-p -> ?min-p -> ?xtc -> temp-ext -> dist 
ollama-1  | slot launch_slot_: id  0 | task -1 | sampler params: 
ollama-1  | 	repeat_last_n = 64, repeat_penalty = 1.000, frequency_penalty = 0.000, presence_penalty = 0.000
ollama-1  | 	dry_multiplier = 0.000, dry_base = 1.750, dry_allowed_length = 2, dry_penalty_last_n = 64
ollama-1  | 	top_k = 40, top_p = 0.900, min_p = 0.000, xtc_probability = 0.000, xtc_threshold = 0.100, typical_p = 1.000, top_n_sigma = -1.000, temp = 0.000
ollama-1  | 	mirostat = 0, mirostat_lr = 0.100, mirostat_ent = 5.000, adaptive_target = -1.000, adaptive_decay = 0.900
ollama-1  | slot launch_slot_: id  0 | task 3683 | processing task, is_child = 0
ollama-1  | slot   operator(): id  0 | task 3683 | new prompt, n_ctx_slot = 4096, n_keep = 4, task.n_tokens = 535
ollama-1  | slot   operator(): id  0 | task 3683 | cached n_tokens = 328, memory_seq_rm [328, end)
ollama-1  | slot init_sampler: id  0 | task 3683 | init sampler, took 0.09 ms, tokens: text = 535, total = 535
ollama-1  | [GIN] 2026/10/07 - 10:04:08 | 200 |      29.852µs |       127.0.0.1 | HEAD     "/"
ollama-1  | [GIN] 2026/10/07 - 10:04:08 | 200 |    2.911525ms |       127.0.0.1 | GET      "/api/tags"
ollama-1  | slot print_timing: id  0 | task 3683 | prompt eval time =    2258.18 ms /   207 tokens (   10.91 ms per token,    91.67 tokens per second)
ollama-1  | slot print_timing: id  0 | task 3683 |        eval time =     379.79 ms /     9 tokens (   47.47 ms per token,    21.06 tokens per second)
ollama-1  | slot print_timing: id  0 | task 3683 |       total time =    2637.96 ms /   216 tokens
ollama-1  | slot print_timing: id  0 | task 3683 |    graphs reused =       2544
ollama-1  | slot      release: id  0 | task 3683 | stop processing: n_tokens = 543, truncated = 0
ollama-1  | srv  update_slots: all slots are idle
ollama-1  | [GIN] 2026/10/07 - 10:04:09 | 200 |  2.645965641s |      172.18.0.4 | POST     "/api/generate"
ollama-1  | srv  server_strea: conv_id= (empty=1)
ollama-1  | slot get_availabl: id  0 | task -1 |  - checking sim = 0.477 (328/687) > 0.100
ollama-1  | slot get_availabl: id  0 | task -1 | selected slot by LCP similarity, f_sim_best = 0.477 (> 0.100 thold), f_keep = 0.604
ollama-1  | slot launch_slot_: id  0 | task -1 | sampler chain: logits -> ?penalties -> ?dry -> ?top-n-sigma -> top-k -> ?typical -> top-p -> ?min-p -> ?xtc -> temp-ext -> dist 
ollama-1  | slot launch_slot_: id  0 | task -1 | sampler params: 
ollama-1  | 	repeat_last_n = 64, repeat_penalty = 1.000, frequency_penalty = 0.000, presence_penalty = 0.000
ollama-1  | 	dry_multiplier = 0.000, dry_base = 1.750, dry_allowed_length = 2, dry_penalty_last_n = 64
ollama-1  | 	top_k = 40, top_p = 0.900, min_p = 0.000, xtc_probability = 0.000, xtc_threshold = 0.100, typical_p = 1.000, top_n_sigma = -1.000, temp = 0.000
ollama-1  | 	mirostat = 0, mirostat_lr = 0.100, mirostat_ent = 5.000, adaptive_target = -1.000, adaptive_decay = 0.900
ollama-1  | slot launch_slot_: id  0 | task 3693 | processing task, is_child = 0
ollama-1  | slot   operator(): id  0 | task 3693 | new prompt, n_ctx_slot = 4096, n_keep = 4, task.n_tokens = 687
ollama-1  | slot   operator(): id  0 | task 3693 | cached n_tokens = 328, memory_seq_rm [328, end)
ollama-1  | slot init_sampler: id  0 | task 3693 | init sampler, took 0.10 ms, tokens: text = 687, total = 687
ollama-1  | slot print_timing: id  0 | task 3693 | prompt eval time =    3772.41 ms /   359 tokens (   10.51 ms per token,    95.16 tokens per second)
ollama-1  | slot print_timing: id  0 | task 3693 |        eval time =     389.87 ms /     8 tokens (   55.70 ms per token,    17.95 tokens per second)
ollama-1  | slot print_timing: id  0 | task 3693 |       total time =    4162.28 ms /   367 tokens
ollama-1  | slot print_timing: id  0 | task 3693 |    graphs reused =       2550
ollama-1  | slot      release: id  0 | task 3693 | stop processing: n_tokens = 694, truncated = 0
ollama-1  | srv  update_slots: all slots are idle
ollama-1  | [GIN] 2026/10/07 - 10:04:13 | 200 |  4.170062738s |      172.18.0.4 | POST     "/api/generate"
ollama-1  | srv  server_strea: conv_id= (empty=1)
ollama-1  | slot get_availabl: id  0 | task -1 |  - checking sim = 0.726 (328/452) > 0.100
ollama-1  | slot get_availabl: id  0 | task -1 | selected slot by LCP similarity, f_sim_best = 0.726 (> 0.100 thold), f_keep = 0.473
ollama-1  | srv  get_availabl: updating prompt cache
ollama-1  | srv   prompt_save:  - saving prompt with length 694, total state size = 21.696 MiB (draft: 0.000 MiB)
ollama-1  | srv         alloc:  - prompt is already in the cache, skipping
ollama-1  | srv          load:  - looking for better prompt, base f_keep = 0.473, f_sim = 0.726
ollama-1  | srv          load:    - prompt with length     694, lcp =     328, f_keep = 0.473, f_sim = 0.726
ollama-1  | srv          load:    - prompt with length     710, lcp =     328, f_keep = 0.462, f_sim = 0.726
ollama-1  | srv          load:    - prompt with length     785, lcp =     328, f_keep = 0.418, f_sim = 0.726
ollama-1  | srv          load:    - prompt with length     691, lcp =     328, f_keep = 0.475, f_sim = 0.726
ollama-1  | srv          load:    - prompt with length     702, lcp =     328, f_keep = 0.467, f_sim = 0.726
ollama-1  | srv          load:    - prompt with length     702, lcp =     328, f_keep = 0.467, f_sim = 0.726
ollama-1  | srv          load:    - prompt with length     668, lcp =     328, f_keep = 0.491, f_sim = 0.726
ollama-1  | srv          load:    - prompt with length     723, lcp =     328, f_keep = 0.454, f_sim = 0.726
ollama-1  | srv          load:    - prompt with length     787, lcp =     328, f_keep = 0.417, f_sim = 0.726
ollama-1  | srv          load:    - prompt with length     658, lcp =     328, f_keep = 0.498, f_sim = 0.726
ollama-1  | srv          load:    - prompt with length     757, lcp =     328, f_keep = 0.433, f_sim = 0.726
ollama-1  | srv          load:    - prompt with length     679, lcp =     328, f_keep = 0.483, f_sim = 0.726
ollama-1  | srv          load:    - prompt with length     795, lcp =     328, f_keep = 0.413, f_sim = 0.726
ollama-1  | srv          load:    - prompt with length     733, lcp =     329, f_keep = 0.449, f_sim = 0.728
ollama-1  | srv          load:    - prompt with length     697, lcp =     328, f_keep = 0.471, f_sim = 0.726
ollama-1  | srv          load:    - prompt with length     776, lcp =     328, f_keep = 0.423, f_sim = 0.726
ollama-1  | srv          load:    - prompt with length     693, lcp =     328, f_keep = 0.473, f_sim = 0.726
ollama-1  | srv          load:    - prompt with length     677, lcp =     329, f_keep = 0.486, f_sim = 0.728
ollama-1  | srv          load:    - prompt with length     689, lcp =     328, f_keep = 0.476, f_sim = 0.726
ollama-1  | srv          load:    - prompt with length     674, lcp =     328, f_keep = 0.487, f_sim = 0.726
ollama-1  | srv          load:    - prompt with length     657, lcp =     329, f_keep = 0.501, f_sim = 0.728
ollama-1  | srv          load:    - prompt with length     737, lcp =     329, f_keep = 0.446, f_sim = 0.728
ollama-1  | srv          load:    - prompt with length     736, lcp =     329, f_keep = 0.447, f_sim = 0.728
ollama-1  | srv          load:    - prompt with length     762, lcp =     328, f_keep = 0.430, f_sim = 0.726
ollama-1  | srv          load:  - found better prompt with f_keep = 0.486, f_sim = 0.728
ollama-1  | srv        update:  - cache state: 23 prompts, 515.979 MiB (limits: 8192.000 MiB, 4096 tokens, 262043 est)
ollama-1  | srv        update:    - prompt 0x2eeca960:     694 tokens, checkpoints:  0,    21.696 MiB
ollama-1  | srv        update:    - prompt 0x2e281e30:     710 tokens, checkpoints:  0,    22.196 MiB
ollama-1  | srv        update:    - prompt 0x2e282b20:     785 tokens, checkpoints:  0,    24.541 MiB
ollama-1  | srv        update:    - prompt 0x30ad8180:     691 tokens, checkpoints:  0,    21.602 MiB
ollama-1  | srv        update:    - prompt 0x2c5e6580:     702 tokens, checkpoints:  0,    21.946 MiB
ollama-1  | srv        update:    - prompt 0x30c0b130:     702 tokens, checkpoints:  0,    21.946 MiB
ollama-1  | srv        update:    - prompt 0x2c53b6f0:     668 tokens, checkpoints:  0,    20.883 MiB
ollama-1  | srv        update:    - prompt 0x2e2885c0:     723 tokens, checkpoints:  0,    22.602 MiB
ollama-1  | srv        update:    - prompt 0x2deaf160:     787 tokens, checkpoints:  0,    24.603 MiB
ollama-1  | srv        update:    - prompt 0x2c60efe0:     658 tokens, checkpoints:  0,    20.570 MiB
ollama-1  | srv        update:    - prompt 0x2c5d0c60:     757 tokens, checkpoints:  0,    23.665 MiB
ollama-1  | srv        update:    - prompt 0x2c5acbf0:     679 tokens, checkpoints:  0,    21.227 MiB
ollama-1  | srv        update:    - prompt 0x30b99130:     795 tokens, checkpoints:  0,    24.853 MiB
ollama-1  | srv        update:    - prompt 0x2c5bc910:     733 tokens, checkpoints:  0,    22.915 MiB
ollama-1  | srv        update:    - prompt 0x30b99080:     697 tokens, checkpoints:  0,    21.790 MiB
ollama-1  | srv        update:    - prompt 0x2e280050:     776 tokens, checkpoints:  0,    24.259 MiB
ollama-1  | srv        update:    - prompt 0x30c22850:     693 tokens, checkpoints:  0,    21.665 MiB
ollama-1  | srv        update:    - prompt 0x30b86c70:     689 tokens, checkpoints:  0,    21.540 MiB
ollama-1  | srv        update:    - prompt 0x30ae3f70:     674 tokens, checkpoints:  0,    21.071 MiB
ollama-1  | srv        update:    - prompt 0x30aa79f0:     657 tokens, checkpoints:  0,    20.539 MiB
ollama-1  | srv        update:    - prompt 0x39752f10:     737 tokens, checkpoints:  0,    23.040 MiB
ollama-1  | srv        update:    - prompt 0x2de98930:     736 tokens, checkpoints:  0,    23.009 MiB
ollama-1  | srv        update:    - prompt 0x2e283510:     762 tokens, checkpoints:  0,    23.822 MiB
ollama-1  | srv  get_availabl: prompt cache update took 4.26 ms
ollama-1  | slot launch_slot_: id  0 | task -1 | sampler chain: logits -> ?penalties -> ?dry -> ?top-n-sigma -> top-k -> ?typical -> top-p -> ?min-p -> ?xtc -> temp-ext -> dist 
ollama-1  | slot launch_slot_: id  0 | task -1 | sampler params: 
ollama-1  | 	repeat_last_n = 64, repeat_penalty = 1.000, frequency_penalty = 0.000, presence_penalty = 0.000
ollama-1  | 	dry_multiplier = 0.000, dry_base = 1.750, dry_allowed_length = 2, dry_penalty_last_n = 64
ollama-1  | 	top_k = 40, top_p = 0.900, min_p = 0.000, xtc_probability = 0.000, xtc_threshold = 0.100, typical_p = 1.000, top_n_sigma = -1.000, temp = 0.000
ollama-1  | 	mirostat = 0, mirostat_lr = 0.100, mirostat_ent = 5.000, adaptive_target = -1.000, adaptive_decay = 0.900
ollama-1  | slot launch_slot_: id  0 | task 3702 | processing task, is_child = 0
ollama-1  | slot   operator(): id  0 | task 3702 | new prompt, n_ctx_slot = 4096, n_keep = 4, task.n_tokens = 452
ollama-1  | slot   operator(): id  0 | task 3702 | cached n_tokens = 329, memory_seq_rm [329, end)
ollama-1  | slot init_sampler: id  0 | task 3702 | init sampler, took 0.08 ms, tokens: text = 452, total = 452
ollama-1  | slot print_timing: id  0 | task 3702 | prompt eval time =    1399.53 ms /   123 tokens (   11.38 ms per token,    87.89 tokens per second)
ollama-1  | slot print_timing: id  0 | task 3702 |        eval time =     405.73 ms /     8 tokens (   57.96 ms per token,    17.25 tokens per second)
ollama-1  | slot print_timing: id  0 | task 3702 |       total time =    1805.26 ms /   131 tokens
ollama-1  | slot print_timing: id  0 | task 3702 |    graphs reused =       2556
ollama-1  | slot      release: id  0 | task 3702 | stop processing: n_tokens = 459, truncated = 0
ollama-1  | srv  update_slots: all slots are idle
ollama-1  | [GIN] 2026/10/07 - 10:04:15 | 200 |  1.817965425s |      172.18.0.4 | POST     "/api/generate"
ollama-1  | srv  server_strea: conv_id= (empty=1)
ollama-1  | slot get_availabl: id  0 | task -1 |  - checking sim = 0.816 (329/403) > 0.100
ollama-1  | slot get_availabl: id  0 | task -1 | selected slot by LCP similarity, f_sim_best = 0.816 (> 0.100 thold), f_keep = 0.717
ollama-1  | slot launch_slot_: id  0 | task -1 | sampler chain: logits -> ?penalties -> ?dry -> ?top-n-sigma -> top-k -> ?typical -> top-p -> ?min-p -> ?xtc -> temp-ext -> dist 
ollama-1  | slot launch_slot_: id  0 | task -1 | sampler params: 
ollama-1  | 	repeat_last_n = 64, repeat_penalty = 1.000, frequency_penalty = 0.000, presence_penalty = 0.000
ollama-1  | 	dry_multiplier = 0.000, dry_base = 1.750, dry_allowed_length = 2, dry_penalty_last_n = 64
ollama-1  | 	top_k = 40, top_p = 0.900, min_p = 0.000, xtc_probability = 0.000, xtc_threshold = 0.100, typical_p = 1.000, top_n_sigma = -1.000, temp = 0.000
ollama-1  | 	mirostat = 0, mirostat_lr = 0.100, mirostat_ent = 5.000, adaptive_target = -1.000, adaptive_decay = 0.900
ollama-1  | slot launch_slot_: id  0 | task 3711 | processing task, is_child = 0
ollama-1  | slot   operator(): id  0 | task 3711 | new prompt, n_ctx_slot = 4096, n_keep = 4, task.n_tokens = 403
ollama-1  | slot   operator(): id  0 | task 3711 | cached n_tokens = 329, memory_seq_rm [329, end)
ollama-1  | slot init_sampler: id  0 | task 3711 | init sampler, took 0.07 ms, tokens: text = 403, total = 403
ollama-1  | slot print_timing: id  0 | task 3711 | prompt eval time =     884.49 ms /    74 tokens (   11.95 ms per token,    83.66 tokens per second)
ollama-1  | slot print_timing: id  0 | task 3711 |        eval time =     463.32 ms /     9 tokens (   57.91 ms per token,    17.27 tokens per second)
ollama-1  | slot print_timing: id  0 | task 3711 |       total time =    1347.81 ms /    83 tokens
ollama-1  | slot print_timing: id  0 | task 3711 |    graphs reused =       2563
ollama-1  | slot      release: id  0 | task 3711 | stop processing: n_tokens = 411, truncated = 0
ollama-1  | srv  update_slots: all slots are idle
ollama-1  | [GIN] 2026/10/07 - 10:04:16 | 200 |  1.356837367s |      172.18.0.4 | POST     "/api/generate"
ollama-1  | srv  server_strea: conv_id= (empty=1)
ollama-1  | slot get_availabl: id  0 | task -1 |  - checking sim = 0.577 (328/568) > 0.100
ollama-1  | slot get_availabl: id  0 | task -1 | selected slot by LCP similarity, f_sim_best = 0.577 (> 0.100 thold), f_keep = 0.798
ollama-1  | slot launch_slot_: id  0 | task -1 | sampler chain: logits -> ?penalties -> ?dry -> ?top-n-sigma -> top-k -> ?typical -> top-p -> ?min-p -> ?xtc -> temp-ext -> dist 
ollama-1  | slot launch_slot_: id  0 | task -1 | sampler params: 
ollama-1  | 	repeat_last_n = 64, repeat_penalty = 1.000, frequency_penalty = 0.000, presence_penalty = 0.000
ollama-1  | 	dry_multiplier = 0.000, dry_base = 1.750, dry_allowed_length = 2, dry_penalty_last_n = 64
ollama-1  | 	top_k = 40, top_p = 0.900, min_p = 0.000, xtc_probability = 0.000, xtc_threshold = 0.100, typical_p = 1.000, top_n_sigma = -1.000, temp = 0.000
ollama-1  | 	mirostat = 0, mirostat_lr = 0.100, mirostat_ent = 5.000, adaptive_target = -1.000, adaptive_decay = 0.900
ollama-1  | slot launch_slot_: id  0 | task 3721 | processing task, is_child = 0
ollama-1  | slot   operator(): id  0 | task 3721 | new prompt, n_ctx_slot = 4096, n_keep = 4, task.n_tokens = 568
ollama-1  | slot   operator(): id  0 | task 3721 | cached n_tokens = 328, memory_seq_rm [328, end)
ollama-1  | slot init_sampler: id  0 | task 3721 | init sampler, took 0.09 ms, tokens: text = 568, total = 568
ollama-1  | [GIN] 2026/10/07 - 10:04:18 | 200 |      34.838µs |       127.0.0.1 | HEAD     "/"
ollama-1  | [GIN] 2026/10/07 - 10:04:18 | 200 |    5.031518ms |       127.0.0.1 | GET      "/api/tags"
ollama-1  | slot print_timing: id  0 | task 3721 | prompt eval time =    2634.07 ms /   240 tokens (   10.98 ms per token,    91.11 tokens per second)
ollama-1  | slot print_timing: id  0 | task 3721 |        eval time =     371.76 ms /     8 tokens (   53.11 ms per token,    18.83 tokens per second)
ollama-1  | slot print_timing: id  0 | task 3721 |       total time =    3005.84 ms /   248 tokens
ollama-1  | slot print_timing: id  0 | task 3721 |    graphs reused =       2569
ollama-1  | slot      release: id  0 | task 3721 | stop processing: n_tokens = 575, truncated = 0
ollama-1  | srv  update_slots: all slots are idle
ollama-1  | [GIN] 2026/10/07 - 10:04:19 | 200 |   3.01422621s |      172.18.0.4 | POST     "/api/generate"
ollama-1  | srv  server_strea: conv_id= (empty=1)
ollama-1  | slot get_availabl: id  0 | task -1 |  - checking sim = 0.465 (328/705) > 0.100
ollama-1  | slot get_availabl: id  0 | task -1 | selected slot by LCP similarity, f_sim_best = 0.465 (> 0.100 thold), f_keep = 0.570
ollama-1  | slot launch_slot_: id  0 | task -1 | sampler chain: logits -> ?penalties -> ?dry -> ?top-n-sigma -> top-k -> ?typical -> top-p -> ?min-p -> ?xtc -> temp-ext -> dist 
ollama-1  | slot launch_slot_: id  0 | task -1 | sampler params: 
ollama-1  | 	repeat_last_n = 64, repeat_penalty = 1.000, frequency_penalty = 0.000, presence_penalty = 0.000
ollama-1  | 	dry_multiplier = 0.000, dry_base = 1.750, dry_allowed_length = 2, dry_penalty_last_n = 64
ollama-1  | 	top_k = 40, top_p = 0.900, min_p = 0.000, xtc_probability = 0.000, xtc_threshold = 0.100, typical_p = 1.000, top_n_sigma = -1.000, temp = 0.000
ollama-1  | 	mirostat = 0, mirostat_lr = 0.100, mirostat_ent = 5.000, adaptive_target = -1.000, adaptive_decay = 0.900
ollama-1  | slot launch_slot_: id  0 | task 3730 | processing task, is_child = 0
ollama-1  | slot   operator(): id  0 | task 3730 | new prompt, n_ctx_slot = 4096, n_keep = 4, task.n_tokens = 705
ollama-1  | slot   operator(): id  0 | task 3730 | cached n_tokens = 328, memory_seq_rm [328, end)
ollama-1  | slot init_sampler: id  0 | task 3730 | init sampler, took 0.12 ms, tokens: text = 705, total = 705
ollama-1  | slot print_timing: id  0 | task 3730 | prompt eval time =    3810.04 ms /   377 tokens (   10.11 ms per token,    98.95 tokens per second)
ollama-1  | slot print_timing: id  0 | task 3730 |        eval time =     477.31 ms /     8 tokens (   68.19 ms per token,    14.67 tokens per second)
ollama-1  | slot print_timing: id  0 | task 3730 |       total time =    4287.35 ms /   385 tokens
ollama-1  | slot print_timing: id  0 | task 3730 |    graphs reused =       2575
ollama-1  | slot      release: id  0 | task 3730 | stop processing: n_tokens = 712, truncated = 0
ollama-1  | srv  update_slots: all slots are idle
ollama-1  | [GIN] 2026/10/07 - 10:04:24 | 200 |  4.295020339s |      172.18.0.4 | POST     "/api/generate"
ollama-1  | srv  server_strea: conv_id= (empty=1)
ollama-1  | slot get_availabl: id  0 | task -1 |  - checking sim = 0.476 (328/689) > 0.100
ollama-1  | slot get_availabl: id  0 | task -1 | selected slot by LCP similarity, f_sim_best = 0.476 (> 0.100 thold), f_keep = 0.461
ollama-1  | srv  get_availabl: updating prompt cache
ollama-1  | srv   prompt_save:  - saving prompt with length 712, total state size = 22.259 MiB (draft: 0.000 MiB)
ollama-1  | srv          load:  - looking for better prompt, base f_keep = 0.461, f_sim = 0.476
ollama-1  | srv          load:    - prompt with length     694, lcp =     328, f_keep = 0.473, f_sim = 0.476
ollama-1  | srv          load:    - prompt with length     710, lcp =     328, f_keep = 0.462, f_sim = 0.476
ollama-1  | srv          load:    - prompt with length     785, lcp =     328, f_keep = 0.418, f_sim = 0.476
ollama-1  | srv          load:    - prompt with length     691, lcp =     328, f_keep = 0.475, f_sim = 0.476
ollama-1  | srv          load:    - prompt with length     702, lcp =     328, f_keep = 0.467, f_sim = 0.476
ollama-1  | srv          load:    - prompt with length     702, lcp =     328, f_keep = 0.467, f_sim = 0.476
ollama-1  | srv          load:    - prompt with length     668, lcp =     328, f_keep = 0.491, f_sim = 0.476
ollama-1  | srv          load:    - prompt with length     723, lcp =     328, f_keep = 0.454, f_sim = 0.476
ollama-1  | srv          load:    - prompt with length     787, lcp =     328, f_keep = 0.417, f_sim = 0.476
ollama-1  | srv          load:    - prompt with length     658, lcp =     328, f_keep = 0.498, f_sim = 0.476
ollama-1  | srv          load:    - prompt with length     757, lcp =     328, f_keep = 0.433, f_sim = 0.476
ollama-1  | srv          load:    - prompt with length     679, lcp =     328, f_keep = 0.483, f_sim = 0.476
ollama-1  | srv          load:    - prompt with length     795, lcp =     328, f_keep = 0.413, f_sim = 0.476
ollama-1  | srv          load:    - prompt with length     733, lcp =     328, f_keep = 0.447, f_sim = 0.476
ollama-1  | srv          load:    - prompt with length     697, lcp =     689, f_keep = 0.989, f_sim = 1.000
ollama-1  | srv          load:    - prompt with length     776, lcp =     328, f_keep = 0.423, f_sim = 0.476
ollama-1  | srv          load:    - prompt with length     693, lcp =     328, f_keep = 0.473, f_sim = 0.476
ollama-1  | srv          load:    - prompt with length     689, lcp =     328, f_keep = 0.476, f_sim = 0.476
ollama-1  | srv          load:    - prompt with length     674, lcp =     328, f_keep = 0.487, f_sim = 0.476
ollama-1  | srv          load:    - prompt with length     657, lcp =     328, f_keep = 0.499, f_sim = 0.476
ollama-1  | srv          load:    - prompt with length     737, lcp =     328, f_keep = 0.445, f_sim = 0.476
ollama-1  | srv          load:    - prompt with length     736, lcp =     328, f_keep = 0.446, f_sim = 0.476
ollama-1  | srv          load:    - prompt with length     762, lcp =     328, f_keep = 0.430, f_sim = 0.476
ollama-1  | srv          load:    - prompt with length     712, lcp =     328, f_keep = 0.461, f_sim = 0.476
ollama-1  | srv          load:  - found better prompt with f_keep = 0.989, f_sim = 1.000
ollama-1  | srv        update:  - cache state: 23 prompts, 516.448 MiB (limits: 8192.000 MiB, 4096 tokens, 262043 est)
ollama-1  | srv        update:    - prompt 0x2eeca960:     694 tokens, checkpoints:  0,    21.696 MiB
ollama-1  | srv        update:    - prompt 0x2e281e30:     710 tokens, checkpoints:  0,    22.196 MiB
ollama-1  | srv        update:    - prompt 0x2e282b20:     785 tokens, checkpoints:  0,    24.541 MiB
ollama-1  | srv        update:    - prompt 0x30ad8180:     691 tokens, checkpoints:  0,    21.602 MiB
ollama-1  | srv        update:    - prompt 0x2c5e6580:     702 tokens, checkpoints:  0,    21.946 MiB
ollama-1  | srv        update:    - prompt 0x30c0b130:     702 tokens, checkpoints:  0,    21.946 MiB
ollama-1  | srv        update:    - prompt 0x2c53b6f0:     668 tokens, checkpoints:  0,    20.883 MiB
ollama-1  | srv        update:    - prompt 0x2e2885c0:     723 tokens, checkpoints:  0,    22.602 MiB
ollama-1  | srv        update:    - prompt 0x2deaf160:     787 tokens, checkpoints:  0,    24.603 MiB
ollama-1  | srv        update:    - prompt 0x2c60efe0:     658 tokens, checkpoints:  0,    20.570 MiB
ollama-1  | srv        update:    - prompt 0x2c5d0c60:     757 tokens, checkpoints:  0,    23.665 MiB
ollama-1  | srv        update:    - prompt 0x2c5acbf0:     679 tokens, checkpoints:  0,    21.227 MiB
ollama-1  | srv        update:    - prompt 0x30b99130:     795 tokens, checkpoints:  0,    24.853 MiB
ollama-1  | srv        update:    - prompt 0x2c5bc910:     733 tokens, checkpoints:  0,    22.915 MiB
ollama-1  | srv        update:    - prompt 0x2e280050:     776 tokens, checkpoints:  0,    24.259 MiB
ollama-1  | srv        update:    - prompt 0x30c22850:     693 tokens, checkpoints:  0,    21.665 MiB
ollama-1  | srv        update:    - prompt 0x30b86c70:     689 tokens, checkpoints:  0,    21.540 MiB
ollama-1  | srv        update:    - prompt 0x30ae3f70:     674 tokens, checkpoints:  0,    21.071 MiB
ollama-1  | srv        update:    - prompt 0x30aa79f0:     657 tokens, checkpoints:  0,    20.539 MiB
ollama-1  | srv        update:    - prompt 0x39752f10:     737 tokens, checkpoints:  0,    23.040 MiB
ollama-1  | srv        update:    - prompt 0x2de98930:     736 tokens, checkpoints:  0,    23.009 MiB
ollama-1  | srv        update:    - prompt 0x2e283510:     762 tokens, checkpoints:  0,    23.822 MiB
ollama-1  | srv        update:    - prompt 0x309ddc70:     712 tokens, checkpoints:  0,    22.259 MiB
ollama-1  | srv  get_availabl: prompt cache update took 10.44 ms
ollama-1  | slot launch_slot_: id  0 | task -1 | sampler chain: logits -> ?penalties -> ?dry -> ?top-n-sigma -> top-k -> ?typical -> top-p -> ?min-p -> ?xtc -> temp-ext -> dist 
ollama-1  | slot launch_slot_: id  0 | task -1 | sampler params: 
ollama-1  | 	repeat_last_n = 64, repeat_penalty = 1.000, frequency_penalty = 0.000, presence_penalty = 0.000
ollama-1  | 	dry_multiplier = 0.000, dry_base = 1.750, dry_allowed_length = 2, dry_penalty_last_n = 64
ollama-1  | 	top_k = 40, top_p = 0.900, min_p = 0.000, xtc_probability = 0.000, xtc_threshold = 0.100, typical_p = 1.000, top_n_sigma = -1.000, temp = 0.000
ollama-1  | 	mirostat = 0, mirostat_lr = 0.100, mirostat_ent = 5.000, adaptive_target = -1.000, adaptive_decay = 0.900
ollama-1  | slot launch_slot_: id  0 | task 3739 | processing task, is_child = 0
ollama-1  | slot   operator(): id  0 | task 3739 | new prompt, n_ctx_slot = 4096, n_keep = 4, task.n_tokens = 689
ollama-1  | slot   operator(): id  0 | task 3739 | need to evaluate at least 1 token for each active slot (n_past = 689, task.n_tokens() = 689)
ollama-1  | slot   operator(): id  0 | task 3739 | n_past was set to 688
ollama-1  | slot   operator(): id  0 | task 3739 | cached n_tokens = 688, memory_seq_rm [688, end)
ollama-1  | slot init_sampler: id  0 | task 3739 | init sampler, took 0.09 ms, tokens: text = 689, total = 689
ollama-1  | slot print_timing: id  0 | task 3739 | prompt eval time =      52.38 ms /     1 tokens (   52.38 ms per token,    19.09 tokens per second)
ollama-1  | slot print_timing: id  0 | task 3739 |        eval time =     427.70 ms /     9 tokens (   53.46 ms per token,    18.70 tokens per second)
ollama-1  | slot print_timing: id  0 | task 3739 |       total time =     480.08 ms /    10 tokens
ollama-1  | slot print_timing: id  0 | task 3739 |    graphs reused =       2584
ollama-1  | slot      release: id  0 | task 3739 | stop processing: n_tokens = 697, truncated = 0
ollama-1  | srv  update_slots: all slots are idle
ollama-1  | [GIN] 2026/10/07 - 10:04:24 | 200 |  498.304449ms |      172.18.0.4 | POST     "/api/generate"
ollama-1  | srv  server_strea: conv_id= (empty=1)
ollama-1  | slot get_availabl: id  0 | task -1 |  - checking sim = 0.427 (328/768) > 0.100
ollama-1  | slot get_availabl: id  0 | task -1 | selected slot by LCP similarity, f_sim_best = 0.427 (> 0.100 thold), f_keep = 0.471
ollama-1  | srv  get_availabl: updating prompt cache
ollama-1  | srv   prompt_save:  - saving prompt with length 697, total state size = 21.790 MiB (draft: 0.000 MiB)
ollama-1  | srv          load:  - looking for better prompt, base f_keep = 0.471, f_sim = 0.427
ollama-1  | srv          load:    - prompt with length     694, lcp =     328, f_keep = 0.473, f_sim = 0.427
ollama-1  | srv          load:    - prompt with length     710, lcp =     328, f_keep = 0.462, f_sim = 0.427
ollama-1  | srv          load:    - prompt with length     785, lcp =     328, f_keep = 0.418, f_sim = 0.427
ollama-1  | srv          load:    - prompt with length     691, lcp =     328, f_keep = 0.475, f_sim = 0.427
ollama-1  | srv          load:    - prompt with length     702, lcp =     328, f_keep = 0.467, f_sim = 0.427
ollama-1  | srv          load:    - prompt with length     702, lcp =     328, f_keep = 0.467, f_sim = 0.427
ollama-1  | srv          load:    - prompt with length     668, lcp =     328, f_keep = 0.491, f_sim = 0.427
ollama-1  | srv          load:    - prompt with length     723, lcp =     329, f_keep = 0.455, f_sim = 0.428
ollama-1  | srv          load:    - prompt with length     787, lcp =     328, f_keep = 0.417, f_sim = 0.427
ollama-1  | srv          load:    - prompt with length     658, lcp =     329, f_keep = 0.500, f_sim = 0.428
ollama-1  | srv          load:    - prompt with length     757, lcp =     328, f_keep = 0.433, f_sim = 0.427
ollama-1  | srv          load:    - prompt with length     679, lcp =     328, f_keep = 0.483, f_sim = 0.427
ollama-1  | srv          load:    - prompt with length     795, lcp =     328, f_keep = 0.413, f_sim = 0.427
ollama-1  | srv          load:    - prompt with length     733, lcp =     328, f_keep = 0.447, f_sim = 0.427
ollama-1  | srv          load:    - prompt with length     776, lcp =     768, f_keep = 0.990, f_sim = 1.000
ollama-1  | srv          load:    - prompt with length     693, lcp =     328, f_keep = 0.473, f_sim = 0.427
ollama-1  | srv          load:    - prompt with length     689, lcp =     328, f_keep = 0.476, f_sim = 0.427
ollama-1  | srv          load:    - prompt with length     674, lcp =     328, f_keep = 0.487, f_sim = 0.427
ollama-1  | srv          load:    - prompt with length     657, lcp =     328, f_keep = 0.499, f_sim = 0.427
ollama-1  | srv          load:    - prompt with length     737, lcp =     328, f_keep = 0.445, f_sim = 0.427
ollama-1  | srv          load:    - prompt with length     736, lcp =     328, f_keep = 0.446, f_sim = 0.427
ollama-1  | srv          load:    - prompt with length     762, lcp =     328, f_keep = 0.430, f_sim = 0.427
ollama-1  | srv          load:    - prompt with length     712, lcp =     328, f_keep = 0.461, f_sim = 0.427
ollama-1  | srv          load:    - prompt with length     697, lcp =     328, f_keep = 0.471, f_sim = 0.427
ollama-1  | srv          load:  - found better prompt with f_keep = 0.990, f_sim = 1.000
ollama-1  | srv        update:  - cache state: 23 prompts, 513.978 MiB (limits: 8192.000 MiB, 4096 tokens, 262043 est)
ollama-1  | srv        update:    - prompt 0x2eeca960:     694 tokens, checkpoints:  0,    21.696 MiB
ollama-1  | srv        update:    - prompt 0x2e281e30:     710 tokens, checkpoints:  0,    22.196 MiB
ollama-1  | srv        update:    - prompt 0x2e282b20:     785 tokens, checkpoints:  0,    24.541 MiB
ollama-1  | srv        update:    - prompt 0x30ad8180:     691 tokens, checkpoints:  0,    21.602 MiB
ollama-1  | srv        update:    - prompt 0x2c5e6580:     702 tokens, checkpoints:  0,    21.946 MiB
ollama-1  | srv        update:    - prompt 0x30c0b130:     702 tokens, checkpoints:  0,    21.946 MiB
ollama-1  | srv        update:    - prompt 0x2c53b6f0:     668 tokens, checkpoints:  0,    20.883 MiB
ollama-1  | srv        update:    - prompt 0x2e2885c0:     723 tokens, checkpoints:  0,    22.602 MiB
ollama-1  | srv        update:    - prompt 0x2deaf160:     787 tokens, checkpoints:  0,    24.603 MiB
ollama-1  | srv        update:    - prompt 0x2c60efe0:     658 tokens, checkpoints:  0,    20.570 MiB
ollama-1  | srv        update:    - prompt 0x2c5d0c60:     757 tokens, checkpoints:  0,    23.665 MiB
ollama-1  | srv        update:    - prompt 0x2c5acbf0:     679 tokens, checkpoints:  0,    21.227 MiB
ollama-1  | srv        update:    - prompt 0x30b99130:     795 tokens, checkpoints:  0,    24.853 MiB
ollama-1  | srv        update:    - prompt 0x2c5bc910:     733 tokens, checkpoints:  0,    22.915 MiB
ollama-1  | srv        update:    - prompt 0x30c22850:     693 tokens, checkpoints:  0,    21.665 MiB
ollama-1  | srv        update:    - prompt 0x30b86c70:     689 tokens, checkpoints:  0,    21.540 MiB
ollama-1  | srv        update:    - prompt 0x30ae3f70:     674 tokens, checkpoints:  0,    21.071 MiB
ollama-1  | srv        update:    - prompt 0x30aa79f0:     657 tokens, checkpoints:  0,    20.539 MiB
ollama-1  | srv        update:    - prompt 0x39752f10:     737 tokens, checkpoints:  0,    23.040 MiB
ollama-1  | srv        update:    - prompt 0x2de98930:     736 tokens, checkpoints:  0,    23.009 MiB
ollama-1  | srv        update:    - prompt 0x2e283510:     762 tokens, checkpoints:  0,    23.822 MiB
ollama-1  | srv        update:    - prompt 0x309ddc70:     712 tokens, checkpoints:  0,    22.259 MiB
ollama-1  | srv        update:    - prompt 0x30b99080:     697 tokens, checkpoints:  0,    21.790 MiB
ollama-1  | srv  get_availabl: prompt cache update took 10.39 ms
ollama-1  | slot launch_slot_: id  0 | task -1 | sampler chain: logits -> ?penalties -> ?dry -> ?top-n-sigma -> top-k -> ?typical -> top-p -> ?min-p -> ?xtc -> temp-ext -> dist 
ollama-1  | slot launch_slot_: id  0 | task -1 | sampler params: 
ollama-1  | 	repeat_last_n = 64, repeat_penalty = 1.000, frequency_penalty = 0.000, presence_penalty = 0.000
ollama-1  | 	dry_multiplier = 0.000, dry_base = 1.750, dry_allowed_length = 2, dry_penalty_last_n = 64
ollama-1  | 	top_k = 40, top_p = 0.900, min_p = 0.000, xtc_probability = 0.000, xtc_threshold = 0.100, typical_p = 1.000, top_n_sigma = -1.000, temp = 0.000
ollama-1  | 	mirostat = 0, mirostat_lr = 0.100, mirostat_ent = 5.000, adaptive_target = -1.000, adaptive_decay = 0.900
ollama-1  | slot launch_slot_: id  0 | task 3749 | processing task, is_child = 0
ollama-1  | slot   operator(): id  0 | task 3749 | new prompt, n_ctx_slot = 4096, n_keep = 4, task.n_tokens = 768
ollama-1  | slot   operator(): id  0 | task 3749 | need to evaluate at least 1 token for each active slot (n_past = 768, task.n_tokens() = 768)
ollama-1  | slot   operator(): id  0 | task 3749 | n_past was set to 767
ollama-1  | slot   operator(): id  0 | task 3749 | cached n_tokens = 767, memory_seq_rm [767, end)
ollama-1  | slot init_sampler: id  0 | task 3749 | init sampler, took 0.11 ms, tokens: text = 768, total = 768
ollama-1  | slot print_timing: id  0 | task 3749 | prompt eval time =      53.70 ms /     1 tokens (   53.70 ms per token,    18.62 tokens per second)
ollama-1  | slot print_timing: id  0 | task 3749 |        eval time =     409.27 ms /     9 tokens (   51.16 ms per token,    19.55 tokens per second)
ollama-1  | slot print_timing: id  0 | task 3749 |       total time =     462.96 ms /    10 tokens
ollama-1  | slot print_timing: id  0 | task 3749 |    graphs reused =       2592
ollama-1  | slot      release: id  0 | task 3749 | stop processing: n_tokens = 776, truncated = 0
ollama-1  | srv  update_slots: all slots are idle
ollama-1  | [GIN] 2026/10/07 - 10:04:25 | 200 |  481.704708ms |      172.18.0.4 | POST     "/api/generate"
ollama-1  | srv  server_strea: conv_id= (empty=1)
ollama-1  | slot get_availabl: id  0 | task -1 |  - checking sim = 0.534 (328/614) > 0.100
ollama-1  | slot get_availabl: id  0 | task -1 | selected slot by LCP similarity, f_sim_best = 0.534 (> 0.100 thold), f_keep = 0.423
ollama-1  | srv  get_availabl: updating prompt cache
ollama-1  | srv   prompt_save:  - saving prompt with length 776, total state size = 24.259 MiB (draft: 0.000 MiB)
ollama-1  | srv          load:  - looking for better prompt, base f_keep = 0.423, f_sim = 0.534
ollama-1  | srv          load:    - prompt with length     694, lcp =     328, f_keep = 0.473, f_sim = 0.534
ollama-1  | srv          load:    - prompt with length     710, lcp =     328, f_keep = 0.462, f_sim = 0.534
ollama-1  | srv          load:    - prompt with length     785, lcp =     328, f_keep = 0.418, f_sim = 0.534
ollama-1  | srv          load:    - prompt with length     691, lcp =     328, f_keep = 0.475, f_sim = 0.534
ollama-1  | srv          load:    - prompt with length     702, lcp =     328, f_keep = 0.467, f_sim = 0.534
ollama-1  | srv          load:    - prompt with length     702, lcp =     328, f_keep = 0.467, f_sim = 0.534
ollama-1  | srv          load:    - prompt with length     668, lcp =     328, f_keep = 0.491, f_sim = 0.534
ollama-1  | srv          load:    - prompt with length     723, lcp =     328, f_keep = 0.454, f_sim = 0.534
ollama-1  | srv          load:    - prompt with length     787, lcp =     328, f_keep = 0.417, f_sim = 0.534
ollama-1  | srv          load:    - prompt with length     658, lcp =     328, f_keep = 0.498, f_sim = 0.534
ollama-1  | srv          load:    - prompt with length     757, lcp =     328, f_keep = 0.433, f_sim = 0.534
ollama-1  | srv          load:    - prompt with length     679, lcp =     328, f_keep = 0.483, f_sim = 0.534
ollama-1  | srv          load:    - prompt with length     795, lcp =     328, f_keep = 0.413, f_sim = 0.534
ollama-1  | srv          load:    - prompt with length     733, lcp =     329, f_keep = 0.449, f_sim = 0.536
ollama-1  | srv          load:    - prompt with length     693, lcp =     328, f_keep = 0.473, f_sim = 0.534
ollama-1  | srv          load:    - prompt with length     689, lcp =     328, f_keep = 0.476, f_sim = 0.534
ollama-1  | srv          load:    - prompt with length     674, lcp =     328, f_keep = 0.487, f_sim = 0.534
ollama-1  | srv          load:    - prompt with length     657, lcp =     329, f_keep = 0.501, f_sim = 0.536
ollama-1  | srv          load:    - prompt with length     737, lcp =     329, f_keep = 0.446, f_sim = 0.536
ollama-1  | srv          load:    - prompt with length     736, lcp =     329, f_keep = 0.447, f_sim = 0.536
ollama-1  | srv          load:    - prompt with length     762, lcp =     328, f_keep = 0.430, f_sim = 0.534
ollama-1  | srv          load:    - prompt with length     712, lcp =     328, f_keep = 0.461, f_sim = 0.534
ollama-1  | srv          load:    - prompt with length     697, lcp =     328, f_keep = 0.471, f_sim = 0.534
ollama-1  | srv          load:    - prompt with length     776, lcp =     328, f_keep = 0.423, f_sim = 0.534
ollama-1  | srv          load:  - found better prompt with f_keep = 0.449, f_sim = 0.536
ollama-1  | srv        update:  - cache state: 23 prompts, 515.323 MiB (limits: 8192.000 MiB, 4096 tokens, 262043 est)
ollama-1  | srv        update:    - prompt 0x2eeca960:     694 tokens, checkpoints:  0,    21.696 MiB
ollama-1  | srv        update:    - prompt 0x2e281e30:     710 tokens, checkpoints:  0,    22.196 MiB
ollama-1  | srv        update:    - prompt 0x2e282b20:     785 tokens, checkpoints:  0,    24.541 MiB
ollama-1  | srv        update:    - prompt 0x30ad8180:     691 tokens, checkpoints:  0,    21.602 MiB
ollama-1  | srv        update:    - prompt 0x2c5e6580:     702 tokens, checkpoints:  0,    21.946 MiB
ollama-1  | srv        update:    - prompt 0x30c0b130:     702 tokens, checkpoints:  0,    21.946 MiB
ollama-1  | srv        update:    - prompt 0x2c53b6f0:     668 tokens, checkpoints:  0,    20.883 MiB
ollama-1  | srv        update:    - prompt 0x2e2885c0:     723 tokens, checkpoints:  0,    22.602 MiB
ollama-1  | srv        update:    - prompt 0x2deaf160:     787 tokens, checkpoints:  0,    24.603 MiB
ollama-1  | srv        update:    - prompt 0x2c60efe0:     658 tokens, checkpoints:  0,    20.570 MiB
ollama-1  | srv        update:    - prompt 0x2c5d0c60:     757 tokens, checkpoints:  0,    23.665 MiB
ollama-1  | srv        update:    - prompt 0x2c5acbf0:     679 tokens, checkpoints:  0,    21.227 MiB
ollama-1  | srv        update:    - prompt 0x30b99130:     795 tokens, checkpoints:  0,    24.853 MiB
ollama-1  | srv        update:    - prompt 0x30c22850:     693 tokens, checkpoints:  0,    21.665 MiB
ollama-1  | srv        update:    - prompt 0x30b86c70:     689 tokens, checkpoints:  0,    21.540 MiB
ollama-1  | srv        update:    - prompt 0x30ae3f70:     674 tokens, checkpoints:  0,    21.071 MiB
ollama-1  | srv        update:    - prompt 0x30aa79f0:     657 tokens, checkpoints:  0,    20.539 MiB
ollama-1  | srv        update:    - prompt 0x39752f10:     737 tokens, checkpoints:  0,    23.040 MiB
ollama-1  | srv        update:    - prompt 0x2de98930:     736 tokens, checkpoints:  0,    23.009 MiB
ollama-1  | srv        update:    - prompt 0x2e283510:     762 tokens, checkpoints:  0,    23.822 MiB
ollama-1  | srv        update:    - prompt 0x309ddc70:     712 tokens, checkpoints:  0,    22.259 MiB
ollama-1  | srv        update:    - prompt 0x30b99080:     697 tokens, checkpoints:  0,    21.790 MiB
ollama-1  | srv        update:    - prompt 0x2e280050:     776 tokens, checkpoints:  0,    24.259 MiB
ollama-1  | srv  get_availabl: prompt cache update took 35.56 ms
ollama-1  | slot launch_slot_: id  0 | task -1 | sampler chain: logits -> ?penalties -> ?dry -> ?top-n-sigma -> top-k -> ?typical -> top-p -> ?min-p -> ?xtc -> temp-ext -> dist 
ollama-1  | slot launch_slot_: id  0 | task -1 | sampler params: 
ollama-1  | 	repeat_last_n = 64, repeat_penalty = 1.000, frequency_penalty = 0.000, presence_penalty = 0.000
ollama-1  | 	dry_multiplier = 0.000, dry_base = 1.750, dry_allowed_length = 2, dry_penalty_last_n = 64
ollama-1  | 	top_k = 40, top_p = 0.900, min_p = 0.000, xtc_probability = 0.000, xtc_threshold = 0.100, typical_p = 1.000, top_n_sigma = -1.000, temp = 0.000
ollama-1  | 	mirostat = 0, mirostat_lr = 0.100, mirostat_ent = 5.000, adaptive_target = -1.000, adaptive_decay = 0.900
ollama-1  | slot launch_slot_: id  0 | task 3759 | processing task, is_child = 0
ollama-1  | slot   operator(): id  0 | task 3759 | new prompt, n_ctx_slot = 4096, n_keep = 4, task.n_tokens = 614
ollama-1  | slot   operator(): id  0 | task 3759 | cached n_tokens = 329, memory_seq_rm [329, end)
ollama-1  | slot init_sampler: id  0 | task 3759 | init sampler, took 0.08 ms, tokens: text = 614, total = 614
ollama-1  | [GIN] 2026/10/07 - 10:04:28 | 200 |      60.565µs |       127.0.0.1 | HEAD     "/"
ollama-1  | [GIN] 2026/10/07 - 10:04:28 | 200 |    7.163792ms |       127.0.0.1 | GET      "/api/tags"
ollama-1  | slot print_timing: id  0 | task 3759 | prompt eval time =    4496.15 ms /   285 tokens (   15.78 ms per token,    63.39 tokens per second)
ollama-1  | slot print_timing: id  0 | task 3759 |        eval time =     870.58 ms /     9 tokens (  108.82 ms per token,     9.19 tokens per second)
ollama-1  | slot print_timing: id  0 | task 3759 |       total time =    5366.73 ms /   294 tokens
ollama-1  | slot print_timing: id  0 | task 3759 |    graphs reused =       2599
ollama-1  | slot      release: id  0 | task 3759 | stop processing: n_tokens = 622, truncated = 0
ollama-1  | srv  update_slots: all slots are idle
ollama-1  | [GIN] 2026/10/07 - 10:04:30 | 200 |  5.418318581s |      172.18.0.4 | POST     "/api/generate"
ollama-1  | srv  server_strea: conv_id= (empty=1)
ollama-1  | slot get_availabl: id  0 | task -1 |  - checking sim = 0.765 (329/430) > 0.100
ollama-1  | slot get_availabl: id  0 | task -1 | selected slot by LCP similarity, f_sim_best = 0.765 (> 0.100 thold), f_keep = 0.529
ollama-1  | slot launch_slot_: id  0 | task -1 | sampler chain: logits -> ?penalties -> ?dry -> ?top-n-sigma -> top-k -> ?typical -> top-p -> ?min-p -> ?xtc -> temp-ext -> dist 
ollama-1  | slot launch_slot_: id  0 | task -1 | sampler params: 
ollama-1  | 	repeat_last_n = 64, repeat_penalty = 1.000, frequency_penalty = 0.000, presence_penalty = 0.000
ollama-1  | 	dry_multiplier = 0.000, dry_base = 1.750, dry_allowed_length = 2, dry_penalty_last_n = 64
ollama-1  | 	top_k = 40, top_p = 0.900, min_p = 0.000, xtc_probability = 0.000, xtc_threshold = 0.100, typical_p = 1.000, top_n_sigma = -1.000, temp = 0.000
ollama-1  | 	mirostat = 0, mirostat_lr = 0.100, mirostat_ent = 5.000, adaptive_target = -1.000, adaptive_decay = 0.900
ollama-1  | slot launch_slot_: id  0 | task 3769 | processing task, is_child = 0
ollama-1  | slot   operator(): id  0 | task 3769 | new prompt, n_ctx_slot = 4096, n_keep = 4, task.n_tokens = 430
ollama-1  | slot   operator(): id  0 | task 3769 | cached n_tokens = 329, memory_seq_rm [329, end)
ollama-1  | slot init_sampler: id  0 | task 3769 | init sampler, took 0.15 ms, tokens: text = 430, total = 430
ollama-1  | slot print_timing: id  0 | task 3769 | prompt eval time =    2210.09 ms /   101 tokens (   21.88 ms per token,    45.70 tokens per second)
ollama-1  | slot print_timing: id  0 | task 3769 |        eval time =     770.80 ms /     9 tokens (   96.35 ms per token,    10.38 tokens per second)
ollama-1  | slot print_timing: id  0 | task 3769 |       total time =    2980.89 ms /   110 tokens
ollama-1  | slot print_timing: id  0 | task 3769 |    graphs reused =       2606
ollama-1  | slot      release: id  0 | task 3769 | stop processing: n_tokens = 438, truncated = 0
ollama-1  | srv  update_slots: all slots are idle
ollama-1  | [GIN] 2026/10/07 - 10:04:33 | 200 |  2.996766748s |      172.18.0.4 | POST     "/api/generate"
ollama-1  | srv  server_strea: conv_id= (empty=1)
ollama-1  | slot get_availabl: id  0 | task -1 |  - checking sim = 0.830 (328/395) > 0.100
ollama-1  | slot get_availabl: id  0 | task -1 | selected slot by LCP similarity, f_sim_best = 0.830 (> 0.100 thold), f_keep = 0.749
ollama-1  | slot launch_slot_: id  0 | task -1 | sampler chain: logits -> ?penalties -> ?dry -> ?top-n-sigma -> top-k -> ?typical -> top-p -> ?min-p -> ?xtc -> temp-ext -> dist 
ollama-1  | slot launch_slot_: id  0 | task -1 | sampler params: 
ollama-1  | 	repeat_last_n = 64, repeat_penalty = 1.000, frequency_penalty = 0.000, presence_penalty = 0.000
ollama-1  | 	dry_multiplier = 0.000, dry_base = 1.750, dry_allowed_length = 2, dry_penalty_last_n = 64
ollama-1  | 	top_k = 40, top_p = 0.900, min_p = 0.000, xtc_probability = 0.000, xtc_threshold = 0.100, typical_p = 1.000, top_n_sigma = -1.000, temp = 0.000
ollama-1  | 	mirostat = 0, mirostat_lr = 0.100, mirostat_ent = 5.000, adaptive_target = -1.000, adaptive_decay = 0.900
ollama-1  | slot launch_slot_: id  0 | task 3779 | processing task, is_child = 0
ollama-1  | slot   operator(): id  0 | task 3779 | new prompt, n_ctx_slot = 4096, n_keep = 4, task.n_tokens = 395
ollama-1  | slot   operator(): id  0 | task 3779 | cached n_tokens = 328, memory_seq_rm [328, end)
ollama-1  | slot init_sampler: id  0 | task 3779 | init sampler, took 0.08 ms, tokens: text = 395, total = 395
ollama-1  | slot print_timing: id  0 | task 3779 | prompt eval time =    1689.76 ms /    67 tokens (   25.22 ms per token,    39.65 tokens per second)
ollama-1  | slot print_timing: id  0 | task 3779 |        eval time =     603.42 ms /     9 tokens (   75.43 ms per token,    13.26 tokens per second)
ollama-1  | slot print_timing: id  0 | task 3779 |       total time =    2293.18 ms /    76 tokens
ollama-1  | slot print_timing: id  0 | task 3779 |    graphs reused =       2613
ollama-1  | slot      release: id  0 | task 3779 | stop processing: n_tokens = 403, truncated = 0
ollama-1  | srv  update_slots: all slots are idle
ollama-1  | [GIN] 2026/10/07 - 10:04:36 | 200 |  2.303794539s |      172.18.0.4 | POST     "/api/generate"
ollama-1  | srv  server_strea: conv_id= (empty=1)
ollama-1  | slot get_availabl: id  0 | task -1 |  - checking sim = 0.740 (328/443) > 0.100
ollama-1  | slot get_availabl: id  0 | task -1 | selected slot by LCP similarity, f_sim_best = 0.740 (> 0.100 thold), f_keep = 0.814
ollama-1  | slot launch_slot_: id  0 | task -1 | sampler chain: logits -> ?penalties -> ?dry -> ?top-n-sigma -> top-k -> ?typical -> top-p -> ?min-p -> ?xtc -> temp-ext -> dist 
ollama-1  | slot launch_slot_: id  0 | task -1 | sampler params: 
ollama-1  | 	repeat_last_n = 64, repeat_penalty = 1.000, frequency_penalty = 0.000, presence_penalty = 0.000
ollama-1  | 	dry_multiplier = 0.000, dry_base = 1.750, dry_allowed_length = 2, dry_penalty_last_n = 64
ollama-1  | 	top_k = 40, top_p = 0.900, min_p = 0.000, xtc_probability = 0.000, xtc_threshold = 0.100, typical_p = 1.000, top_n_sigma = -1.000, temp = 0.000
ollama-1  | 	mirostat = 0, mirostat_lr = 0.100, mirostat_ent = 5.000, adaptive_target = -1.000, adaptive_decay = 0.900
ollama-1  | slot launch_slot_: id  0 | task 3789 | processing task, is_child = 0
ollama-1  | slot   operator(): id  0 | task 3789 | new prompt, n_ctx_slot = 4096, n_keep = 4, task.n_tokens = 443
ollama-1  | slot   operator(): id  0 | task 3789 | cached n_tokens = 328, memory_seq_rm [328, end)
ollama-1  | slot init_sampler: id  0 | task 3789 | init sampler, took 0.20 ms, tokens: text = 443, total = 443
ollama-1  | [GIN] 2026/10/07 - 10:04:38 | 200 |     116.322µs |       127.0.0.1 | HEAD     "/"
ollama-1  | [GIN] 2026/10/07 - 10:04:38 | 200 |    4.541505ms |       127.0.0.1 | GET      "/api/tags"
ollama-1  | slot print_timing: id  0 | task 3789 | prompt eval time =    2330.31 ms /   115 tokens (   20.26 ms per token,    49.35 tokens per second)
ollama-1  | slot print_timing: id  0 | task 3789 |        eval time =     634.65 ms /     8 tokens (   90.66 ms per token,    11.03 tokens per second)
ollama-1  | slot print_timing: id  0 | task 3789 |       total time =    2964.96 ms /   123 tokens
ollama-1  | slot print_timing: id  0 | task 3789 |    graphs reused =       2619
ollama-1  | slot      release: id  0 | task 3789 | stop processing: n_tokens = 450, truncated = 0
ollama-1  | srv  update_slots: all slots are idle
ollama-1  | [GIN] 2026/10/07 - 10:04:39 | 200 |  2.987757248s |      172.18.0.4 | POST     "/api/generate"
ollama-1  | srv  server_strea: conv_id= (empty=1)
ollama-1  | slot get_availabl: id  0 | task -1 |  - checking sim = 0.467 (328/702) > 0.100
ollama-1  | slot get_availabl: id  0 | task -1 | selected slot by LCP similarity, f_sim_best = 0.467 (> 0.100 thold), f_keep = 0.729
ollama-1  | slot launch_slot_: id  0 | task -1 | sampler chain: logits -> ?penalties -> ?dry -> ?top-n-sigma -> top-k -> ?typical -> top-p -> ?min-p -> ?xtc -> temp-ext -> dist 
ollama-1  | slot launch_slot_: id  0 | task -1 | sampler params: 
ollama-1  | 	repeat_last_n = 64, repeat_penalty = 1.000, frequency_penalty = 0.000, presence_penalty = 0.000
ollama-1  | 	dry_multiplier = 0.000, dry_base = 1.750, dry_allowed_length = 2, dry_penalty_last_n = 64
ollama-1  | 	top_k = 40, top_p = 0.900, min_p = 0.000, xtc_probability = 0.000, xtc_threshold = 0.100, typical_p = 1.000, top_n_sigma = -1.000, temp = 0.000
ollama-1  | 	mirostat = 0, mirostat_lr = 0.100, mirostat_ent = 5.000, adaptive_target = -1.000, adaptive_decay = 0.900
ollama-1  | slot launch_slot_: id  0 | task 3798 | processing task, is_child = 0
ollama-1  | slot   operator(): id  0 | task 3798 | new prompt, n_ctx_slot = 4096, n_keep = 4, task.n_tokens = 702
ollama-1  | slot   operator(): id  0 | task 3798 | cached n_tokens = 328, memory_seq_rm [328, end)
ollama-1  | slot init_sampler: id  0 | task 3798 | init sampler, took 0.28 ms, tokens: text = 702, total = 702
ollama-1  | slot print_timing: id  0 | task 3798 | prompt eval time =    6375.01 ms /   374 tokens (   17.05 ms per token,    58.67 tokens per second)
ollama-1  | slot print_timing: id  0 | task 3798 |        eval time =     659.89 ms /     9 tokens (   82.49 ms per token,    12.12 tokens per second)
ollama-1  | slot print_timing: id  0 | task 3798 |       total time =    7034.90 ms /   383 tokens
ollama-1  | slot print_timing: id  0 | task 3798 |    graphs reused =       2626
ollama-1  | slot      release: id  0 | task 3798 | stop processing: n_tokens = 710, truncated = 0
ollama-1  | srv  update_slots: all slots are idle
ollama-1  | [GIN] 2026/10/07 - 10:04:46 | 200 |  7.058594515s |      172.18.0.4 | POST     "/api/generate"
ollama-1  | srv  server_strea: conv_id= (empty=1)
ollama-1  | slot get_availabl: id  0 | task -1 |  - checking sim = 0.739 (328/444) > 0.100
ollama-1  | slot get_availabl: id  0 | task -1 | selected slot by LCP similarity, f_sim_best = 0.739 (> 0.100 thold), f_keep = 0.462
ollama-1  | srv  get_availabl: updating prompt cache
ollama-1  | srv   prompt_save:  - saving prompt with length 710, total state size = 22.196 MiB (draft: 0.000 MiB)
ollama-1  | srv         alloc:  - prompt is already in the cache, skipping
ollama-1  | srv          load:  - looking for better prompt, base f_keep = 0.462, f_sim = 0.739
ollama-1  | srv          load:    - prompt with length     694, lcp =     328, f_keep = 0.473, f_sim = 0.739
ollama-1  | srv          load:    - prompt with length     710, lcp =     328, f_keep = 0.462, f_sim = 0.739
ollama-1  | srv          load:    - prompt with length     785, lcp =     328, f_keep = 0.418, f_sim = 0.739
ollama-1  | srv          load:    - prompt with length     691, lcp =     328, f_keep = 0.475, f_sim = 0.739
ollama-1  | srv          load:    - prompt with length     702, lcp =     328, f_keep = 0.467, f_sim = 0.739
ollama-1  | srv          load:    - prompt with length     702, lcp =     328, f_keep = 0.467, f_sim = 0.739
ollama-1  | srv          load:    - prompt with length     668, lcp =     328, f_keep = 0.491, f_sim = 0.739
ollama-1  | srv          load:    - prompt with length     723, lcp =     328, f_keep = 0.454, f_sim = 0.739
ollama-1  | srv          load:    - prompt with length     787, lcp =     328, f_keep = 0.417, f_sim = 0.739
ollama-1  | srv          load:    - prompt with length     658, lcp =     328, f_keep = 0.498, f_sim = 0.739
ollama-1  | srv          load:    - prompt with length     757, lcp =     328, f_keep = 0.433, f_sim = 0.739
ollama-1  | srv          load:    - prompt with length     679, lcp =     328, f_keep = 0.483, f_sim = 0.739
ollama-1  | srv          load:    - prompt with length     795, lcp =     328, f_keep = 0.413, f_sim = 0.739
ollama-1  | srv          load:    - prompt with length     693, lcp =     328, f_keep = 0.473, f_sim = 0.739
ollama-1  | srv          load:    - prompt with length     689, lcp =     328, f_keep = 0.476, f_sim = 0.739
ollama-1  | srv          load:    - prompt with length     674, lcp =     328, f_keep = 0.487, f_sim = 0.739
ollama-1  | srv          load:    - prompt with length     657, lcp =     328, f_keep = 0.499, f_sim = 0.739
ollama-1  | srv          load:    - prompt with length     737, lcp =     328, f_keep = 0.445, f_sim = 0.739
ollama-1  | srv          load:    - prompt with length     736, lcp =     328, f_keep = 0.446, f_sim = 0.739
ollama-1  | srv          load:    - prompt with length     762, lcp =     328, f_keep = 0.430, f_sim = 0.739
ollama-1  | srv          load:    - prompt with length     712, lcp =     328, f_keep = 0.461, f_sim = 0.739
ollama-1  | srv          load:    - prompt with length     697, lcp =     328, f_keep = 0.471, f_sim = 0.739
ollama-1  | srv          load:    - prompt with length     776, lcp =     328, f_keep = 0.423, f_sim = 0.739
ollama-1  | srv        update:  - cache state: 23 prompts, 515.323 MiB (limits: 8192.000 MiB, 4096 tokens, 262043 est)
ollama-1  | srv        update:    - prompt 0x2eeca960:     694 tokens, checkpoints:  0,    21.696 MiB
ollama-1  | srv        update:    - prompt 0x2e281e30:     710 tokens, checkpoints:  0,    22.196 MiB
ollama-1  | srv        update:    - prompt 0x2e282b20:     785 tokens, checkpoints:  0,    24.541 MiB
ollama-1  | srv        update:    - prompt 0x30ad8180:     691 tokens, checkpoints:  0,    21.602 MiB
ollama-1  | srv        update:    - prompt 0x2c5e6580:     702 tokens, checkpoints:  0,    21.946 MiB
ollama-1  | srv        update:    - prompt 0x30c0b130:     702 tokens, checkpoints:  0,    21.946 MiB
ollama-1  | srv        update:    - prompt 0x2c53b6f0:     668 tokens, checkpoints:  0,    20.883 MiB
ollama-1  | srv        update:    - prompt 0x2e2885c0:     723 tokens, checkpoints:  0,    22.602 MiB
ollama-1  | srv        update:    - prompt 0x2deaf160:     787 tokens, checkpoints:  0,    24.603 MiB
ollama-1  | srv        update:    - prompt 0x2c60efe0:     658 tokens, checkpoints:  0,    20.570 MiB
ollama-1  | srv        update:    - prompt 0x2c5d0c60:     757 tokens, checkpoints:  0,    23.665 MiB
ollama-1  | srv        update:    - prompt 0x2c5acbf0:     679 tokens, checkpoints:  0,    21.227 MiB
ollama-1  | srv        update:    - prompt 0x30b99130:     795 tokens, checkpoints:  0,    24.853 MiB
ollama-1  | srv        update:    - prompt 0x30c22850:     693 tokens, checkpoints:  0,    21.665 MiB
ollama-1  | srv        update:    - prompt 0x30b86c70:     689 tokens, checkpoints:  0,    21.540 MiB
ollama-1  | srv        update:    - prompt 0x30ae3f70:     674 tokens, checkpoints:  0,    21.071 MiB
ollama-1  | srv        update:    - prompt 0x30aa79f0:     657 tokens, checkpoints:  0,    20.539 MiB
ollama-1  | srv        update:    - prompt 0x39752f10:     737 tokens, checkpoints:  0,    23.040 MiB
ollama-1  | srv        update:    - prompt 0x2de98930:     736 tokens, checkpoints:  0,    23.009 MiB
ollama-1  | srv        update:    - prompt 0x2e283510:     762 tokens, checkpoints:  0,    23.822 MiB
ollama-1  | srv        update:    - prompt 0x309ddc70:     712 tokens, checkpoints:  0,    22.259 MiB
ollama-1  | srv        update:    - prompt 0x30b99080:     697 tokens, checkpoints:  0,    21.790 MiB
ollama-1  | srv        update:    - prompt 0x2e280050:     776 tokens, checkpoints:  0,    24.259 MiB
ollama-1  | srv  get_availabl: prompt cache update took 0.27 ms
ollama-1  | slot launch_slot_: id  0 | task -1 | sampler chain: logits -> ?penalties -> ?dry -> ?top-n-sigma -> top-k -> ?typical -> top-p -> ?min-p -> ?xtc -> temp-ext -> dist 
ollama-1  | slot launch_slot_: id  0 | task -1 | sampler params: 
ollama-1  | 	repeat_last_n = 64, repeat_penalty = 1.000, frequency_penalty = 0.000, presence_penalty = 0.000
ollama-1  | 	dry_multiplier = 0.000, dry_base = 1.750, dry_allowed_length = 2, dry_penalty_last_n = 64
ollama-1  | 	top_k = 40, top_p = 0.900, min_p = 0.000, xtc_probability = 0.000, xtc_threshold = 0.100, typical_p = 1.000, top_n_sigma = -1.000, temp = 0.000
ollama-1  | 	mirostat = 0, mirostat_lr = 0.100, mirostat_ent = 5.000, adaptive_target = -1.000, adaptive_decay = 0.900
ollama-1  | slot launch_slot_: id  0 | task 3808 | processing task, is_child = 0
ollama-1  | slot   operator(): id  0 | task 3808 | new prompt, n_ctx_slot = 4096, n_keep = 4, task.n_tokens = 444
ollama-1  | slot   operator(): id  0 | task 3808 | cached n_tokens = 328, memory_seq_rm [328, end)
ollama-1  | slot init_sampler: id  0 | task 3808 | init sampler, took 0.14 ms, tokens: text = 444, total = 444
ollama-1  | [GIN] 2026/10/07 - 10:04:48 | 200 |      54.489µs |       127.0.0.1 | HEAD     "/"
ollama-1  | [GIN] 2026/10/07 - 10:04:48 | 200 |    5.494077ms |       127.0.0.1 | GET      "/api/tags"
ollama-1  | slot print_timing: id  0 | task 3808 | prompt eval time =    2268.24 ms /   116 tokens (   19.55 ms per token,    51.14 tokens per second)
ollama-1  | slot print_timing: id  0 | task 3808 |        eval time =     691.83 ms /     8 tokens (   98.83 ms per token,    10.12 tokens per second)
ollama-1  | slot print_timing: id  0 | task 3808 |       total time =    2960.07 ms /   124 tokens
ollama-1  | slot print_timing: id  0 | task 3808 |    graphs reused =       2632
ollama-1  | slot      release: id  0 | task 3808 | stop processing: n_tokens = 451, truncated = 0
ollama-1  | srv  update_slots: all slots are idle
ollama-1  | [GIN] 2026/10/07 - 10:04:49 | 200 |  2.978535533s |      172.18.0.4 | POST     "/api/generate"
ollama-1  | srv  server_strea: conv_id= (empty=1)
ollama-1  | slot get_availabl: id  0 | task -1 |  - checking sim = 0.644 (328/509) > 0.100
ollama-1  | slot get_availabl: id  0 | task -1 | selected slot by LCP similarity, f_sim_best = 0.644 (> 0.100 thold), f_keep = 0.727
ollama-1  | slot launch_slot_: id  0 | task -1 | sampler chain: logits -> ?penalties -> ?dry -> ?top-n-sigma -> top-k -> ?typical -> top-p -> ?min-p -> ?xtc -> temp-ext -> dist 
ollama-1  | slot launch_slot_: id  0 | task -1 | sampler params: 
ollama-1  | 	repeat_last_n = 64, repeat_penalty = 1.000, frequency_penalty = 0.000, presence_penalty = 0.000
ollama-1  | 	dry_multiplier = 0.000, dry_base = 1.750, dry_allowed_length = 2, dry_penalty_last_n = 64
ollama-1  | 	top_k = 40, top_p = 0.900, min_p = 0.000, xtc_probability = 0.000, xtc_threshold = 0.100, typical_p = 1.000, top_n_sigma = -1.000, temp = 0.000
ollama-1  | 	mirostat = 0, mirostat_lr = 0.100, mirostat_ent = 5.000, adaptive_target = -1.000, adaptive_decay = 0.900
ollama-1  | slot launch_slot_: id  0 | task 3817 | processing task, is_child = 0
ollama-1  | slot   operator(): id  0 | task 3817 | new prompt, n_ctx_slot = 4096, n_keep = 4, task.n_tokens = 509
ollama-1  | slot   operator(): id  0 | task 3817 | cached n_tokens = 328, memory_seq_rm [328, end)
ollama-1  | slot init_sampler: id  0 | task 3817 | init sampler, took 0.19 ms, tokens: text = 509, total = 509
ollama-1  | slot print_timing: id  0 | task 3817 | prompt eval time =    3493.07 ms /   181 tokens (   19.30 ms per token,    51.82 tokens per second)
ollama-1  | slot print_timing: id  0 | task 3817 |        eval time =     597.51 ms /     9 tokens (   74.69 ms per token,    13.39 tokens per second)
ollama-1  | slot print_timing: id  0 | task 3817 |       total time =    4090.59 ms /   190 tokens
ollama-1  | slot print_timing: id  0 | task 3817 |    graphs reused =       2638
ollama-1  | slot      release: id  0 | task 3817 | stop processing: n_tokens = 517, truncated = 0
ollama-1  | srv  update_slots: all slots are idle
ollama-1  | [GIN] 2026/10/07 - 10:04:53 | 200 |  4.106696436s |      172.18.0.4 | POST     "/api/generate"
ollama-1  | srv  server_strea: conv_id= (empty=1)
ollama-1  | slot get_availabl: id  0 | task -1 |  - checking sim = 0.833 (329/395) > 0.100
ollama-1  | slot get_availabl: id  0 | task -1 | selected slot by LCP similarity, f_sim_best = 0.833 (> 0.100 thold), f_keep = 0.636
ollama-1  | slot launch_slot_: id  0 | task -1 | sampler chain: logits -> ?penalties -> ?dry -> ?top-n-sigma -> top-k -> ?typical -> top-p -> ?min-p -> ?xtc -> temp-ext -> dist 
ollama-1  | slot launch_slot_: id  0 | task -1 | sampler params: 
ollama-1  | 	repeat_last_n = 64, repeat_penalty = 1.000, frequency_penalty = 0.000, presence_penalty = 0.000
ollama-1  | 	dry_multiplier = 0.000, dry_base = 1.750, dry_allowed_length = 2, dry_penalty_last_n = 64
ollama-1  | 	top_k = 40, top_p = 0.900, min_p = 0.000, xtc_probability = 0.000, xtc_threshold = 0.100, typical_p = 1.000, top_n_sigma = -1.000, temp = 0.000
ollama-1  | 	mirostat = 0, mirostat_lr = 0.100, mirostat_ent = 5.000, adaptive_target = -1.000, adaptive_decay = 0.900
ollama-1  | slot launch_slot_: id  0 | task 3827 | processing task, is_child = 0
ollama-1  | slot   operator(): id  0 | task 3827 | new prompt, n_ctx_slot = 4096, n_keep = 4, task.n_tokens = 395
ollama-1  | slot   operator(): id  0 | task 3827 | cached n_tokens = 329, memory_seq_rm [329, end)
ollama-1  | slot init_sampler: id  0 | task 3827 | init sampler, took 0.13 ms, tokens: text = 395, total = 395
ollama-1  | slot print_timing: id  0 | task 3827 | prompt eval time =    1380.04 ms /    66 tokens (   20.91 ms per token,    47.82 tokens per second)
ollama-1  | slot print_timing: id  0 | task 3827 |        eval time =     463.77 ms /     8 tokens (   66.25 ms per token,    15.09 tokens per second)
ollama-1  | slot print_timing: id  0 | task 3827 |       total time =    1843.82 ms /    74 tokens
ollama-1  | slot print_timing: id  0 | task 3827 |    graphs reused =       2644
ollama-1  | slot      release: id  0 | task 3827 | stop processing: n_tokens = 402, truncated = 0
ollama-1  | srv  update_slots: all slots are idle
ollama-1  | [GIN] 2026/10/07 - 10:04:55 | 200 |  1.858043427s |      172.18.0.4 | POST     "/api/generate"
ollama-1  | srv  server_strea: conv_id= (empty=1)
ollama-1  | slot get_availabl: id  0 | task -1 |  - checking sim = 0.664 (328/494) > 0.100
ollama-1  | slot get_availabl: id  0 | task -1 | selected slot by LCP similarity, f_sim_best = 0.664 (> 0.100 thold), f_keep = 0.816
ollama-1  | slot launch_slot_: id  0 | task -1 | sampler chain: logits -> ?penalties -> ?dry -> ?top-n-sigma -> top-k -> ?typical -> top-p -> ?min-p -> ?xtc -> temp-ext -> dist 
ollama-1  | slot launch_slot_: id  0 | task -1 | sampler params: 
ollama-1  | 	repeat_last_n = 64, repeat_penalty = 1.000, frequency_penalty = 0.000, presence_penalty = 0.000
ollama-1  | 	dry_multiplier = 0.000, dry_base = 1.750, dry_allowed_length = 2, dry_penalty_last_n = 64
ollama-1  | 	top_k = 40, top_p = 0.900, min_p = 0.000, xtc_probability = 0.000, xtc_threshold = 0.100, typical_p = 1.000, top_n_sigma = -1.000, temp = 0.000
ollama-1  | 	mirostat = 0, mirostat_lr = 0.100, mirostat_ent = 5.000, adaptive_target = -1.000, adaptive_decay = 0.900
ollama-1  | slot launch_slot_: id  0 | task 3836 | processing task, is_child = 0
ollama-1  | slot   operator(): id  0 | task 3836 | new prompt, n_ctx_slot = 4096, n_keep = 4, task.n_tokens = 494
ollama-1  | slot   operator(): id  0 | task 3836 | cached n_tokens = 328, memory_seq_rm [328, end)
ollama-1  | slot init_sampler: id  0 | task 3836 | init sampler, took 0.13 ms, tokens: text = 494, total = 494
ollama-1  | slot print_timing: id  0 | task 3836 | prompt eval time =    2697.74 ms /   166 tokens (   16.25 ms per token,    61.53 tokens per second)
ollama-1  | slot print_timing: id  0 | task 3836 |        eval time =     397.08 ms /     8 tokens (   56.73 ms per token,    17.63 tokens per second)
ollama-1  | slot print_timing: id  0 | task 3836 |       total time =    3094.82 ms /   174 tokens
ollama-1  | slot print_timing: id  0 | task 3836 |    graphs reused =       2650
ollama-1  | slot      release: id  0 | task 3836 | stop processing: n_tokens = 501, truncated = 0
ollama-1  | srv  update_slots: all slots are idle
ollama-1  | [GIN] 2026/10/07 - 10:04:58 | 200 |  3.106427495s |      172.18.0.4 | POST     "/api/generate"
ollama-1  | srv  server_strea: conv_id= (empty=1)
ollama-1  | slot get_availabl: id  0 | task -1 |  - checking sim = 0.588 (328/558) > 0.100
ollama-1  | slot get_availabl: id  0 | task -1 | selected slot by LCP similarity, f_sim_best = 0.588 (> 0.100 thold), f_keep = 0.655
ollama-1  | slot launch_slot_: id  0 | task -1 | sampler chain: logits -> ?penalties -> ?dry -> ?top-n-sigma -> top-k -> ?typical -> top-p -> ?min-p -> ?xtc -> temp-ext -> dist 
ollama-1  | slot launch_slot_: id  0 | task -1 | sampler params: 
ollama-1  | 	repeat_last_n = 64, repeat_penalty = 1.000, frequency_penalty = 0.000, presence_penalty = 0.000
ollama-1  | 	dry_multiplier = 0.000, dry_base = 1.750, dry_allowed_length = 2, dry_penalty_last_n = 64
ollama-1  | 	top_k = 40, top_p = 0.900, min_p = 0.000, xtc_probability = 0.000, xtc_threshold = 0.100, typical_p = 1.000, top_n_sigma = -1.000, temp = 0.000
ollama-1  | 	mirostat = 0, mirostat_lr = 0.100, mirostat_ent = 5.000, adaptive_target = -1.000, adaptive_decay = 0.900
ollama-1  | slot launch_slot_: id  0 | task 3845 | processing task, is_child = 0
ollama-1  | slot   operator(): id  0 | task 3845 | new prompt, n_ctx_slot = 4096, n_keep = 4, task.n_tokens = 558
ollama-1  | slot   operator(): id  0 | task 3845 | cached n_tokens = 328, memory_seq_rm [328, end)
ollama-1  | slot init_sampler: id  0 | task 3845 | init sampler, took 0.14 ms, tokens: text = 558, total = 558
ollama-1  | [GIN] 2026/10/07 - 10:04:59 | 200 |       49.22µs |       127.0.0.1 | HEAD     "/"
ollama-1  | [GIN] 2026/10/07 - 10:04:59 | 200 |    5.133378ms |       127.0.0.1 | GET      "/api/tags"
ollama-1  | slot print_timing: id  0 | task 3845 | prompt eval time =    4901.28 ms /   230 tokens (   21.31 ms per token,    46.93 tokens per second)
ollama-1  | slot print_timing: id  0 | task 3845 |        eval time =     743.58 ms /    10 tokens (   82.62 ms per token,    12.10 tokens per second)
ollama-1  | slot print_timing: id  0 | task 3845 |       total time =    5644.86 ms /   240 tokens
ollama-1  | slot print_timing: id  0 | task 3845 |    graphs reused =       2658
ollama-1  | slot      release: id  0 | task 3845 | stop processing: n_tokens = 567, truncated = 0
ollama-1  | srv  update_slots: all slots are idle
ollama-1  | [GIN] 2026/10/07 - 10:05:04 | 200 |  5.658666954s |      172.18.0.4 | POST     "/api/generate"
ollama-1  | srv  server_strea: conv_id= (empty=1)
ollama-1  | slot get_availabl: id  0 | task -1 |  - checking sim = 0.680 (329/484) > 0.100
ollama-1  | slot get_availabl: id  0 | task -1 | selected slot by LCP similarity, f_sim_best = 0.680 (> 0.100 thold), f_keep = 0.580
ollama-1  | slot launch_slot_: id  0 | task -1 | sampler chain: logits -> ?penalties -> ?dry -> ?top-n-sigma -> top-k -> ?typical -> top-p -> ?min-p -> ?xtc -> temp-ext -> dist 
ollama-1  | slot launch_slot_: id  0 | task -1 | sampler params: 
ollama-1  | 	repeat_last_n = 64, repeat_penalty = 1.000, frequency_penalty = 0.000, presence_penalty = 0.000
ollama-1  | 	dry_multiplier = 0.000, dry_base = 1.750, dry_allowed_length = 2, dry_penalty_last_n = 64
ollama-1  | 	top_k = 40, top_p = 0.900, min_p = 0.000, xtc_probability = 0.000, xtc_threshold = 0.100, typical_p = 1.000, top_n_sigma = -1.000, temp = 0.000
ollama-1  | 	mirostat = 0, mirostat_lr = 0.100, mirostat_ent = 5.000, adaptive_target = -1.000, adaptive_decay = 0.900
ollama-1  | slot launch_slot_: id  0 | task 3856 | processing task, is_child = 0
ollama-1  | slot   operator(): id  0 | task 3856 | new prompt, n_ctx_slot = 4096, n_keep = 4, task.n_tokens = 484
ollama-1  | slot   operator(): id  0 | task 3856 | cached n_tokens = 329, memory_seq_rm [329, end)
ollama-1  | slot init_sampler: id  0 | task 3856 | init sampler, took 0.21 ms, tokens: text = 484, total = 484
ollama-1  | slot print_timing: id  0 | task 3856 | prompt eval time =    3180.12 ms /   155 tokens (   20.52 ms per token,    48.74 tokens per second)
ollama-1  | slot print_timing: id  0 | task 3856 |        eval time =     586.42 ms /     9 tokens (   73.30 ms per token,    13.64 tokens per second)
ollama-1  | slot print_timing: id  0 | task 3856 |       total time =    3766.54 ms /   164 tokens
ollama-1  | slot print_timing: id  0 | task 3856 |    graphs reused =       2665
ollama-1  | slot      release: id  0 | task 3856 | stop processing: n_tokens = 492, truncated = 0
ollama-1  | srv  update_slots: all slots are idle
ollama-1  | [GIN] 2026/10/07 - 10:05:08 | 200 |  3.782389587s |      172.18.0.4 | POST     "/api/generate"
ollama-1  | srv  server_strea: conv_id= (empty=1)
ollama-1  | slot get_availabl: id  0 | task -1 |  - checking sim = 0.569 (328/576) > 0.100
ollama-1  | slot get_availabl: id  0 | task -1 | selected slot by LCP similarity, f_sim_best = 0.569 (> 0.100 thold), f_keep = 0.667
ollama-1  | slot launch_slot_: id  0 | task -1 | sampler chain: logits -> ?penalties -> ?dry -> ?top-n-sigma -> top-k -> ?typical -> top-p -> ?min-p -> ?xtc -> temp-ext -> dist 
ollama-1  | slot launch_slot_: id  0 | task -1 | sampler params: 
ollama-1  | 	repeat_last_n = 64, repeat_penalty = 1.000, frequency_penalty = 0.000, presence_penalty = 0.000
ollama-1  | 	dry_multiplier = 0.000, dry_base = 1.750, dry_allowed_length = 2, dry_penalty_last_n = 64
ollama-1  | 	top_k = 40, top_p = 0.900, min_p = 0.000, xtc_probability = 0.000, xtc_threshold = 0.100, typical_p = 1.000, top_n_sigma = -1.000, temp = 0.000
ollama-1  | 	mirostat = 0, mirostat_lr = 0.100, mirostat_ent = 5.000, adaptive_target = -1.000, adaptive_decay = 0.900
ollama-1  | slot launch_slot_: id  0 | task 3866 | processing task, is_child = 0
ollama-1  | slot   operator(): id  0 | task 3866 | new prompt, n_ctx_slot = 4096, n_keep = 4, task.n_tokens = 576
ollama-1  | slot   operator(): id  0 | task 3866 | cached n_tokens = 328, memory_seq_rm [328, end)
ollama-1  | slot init_sampler: id  0 | task 3866 | init sampler, took 0.20 ms, tokens: text = 576, total = 576
ollama-1  | [GIN] 2026/10/07 - 10:05:09 | 200 |       52.37µs |       127.0.0.1 | HEAD     "/"
ollama-1  | [GIN] 2026/10/07 - 10:05:09 | 200 |    4.358233ms |       127.0.0.1 | GET      "/api/tags"
ollama-1  | slot print_timing: id  0 | task 3866 | prompt eval time =    4611.52 ms /   248 tokens (   18.59 ms per token,    53.78 tokens per second)
ollama-1  | slot print_timing: id  0 | task 3866 |        eval time =     587.42 ms /     9 tokens (   73.43 ms per token,    13.62 tokens per second)
ollama-1  | slot print_timing: id  0 | task 3866 |       total time =    5198.94 ms /   257 tokens
ollama-1  | slot print_timing: id  0 | task 3866 |    graphs reused =       2672
ollama-1  | slot      release: id  0 | task 3866 | stop processing: n_tokens = 584, truncated = 0
ollama-1  | srv  update_slots: all slots are idle
ollama-1  | [GIN] 2026/10/07 - 10:05:13 | 200 |  5.214109104s |      172.18.0.4 | POST     "/api/generate"
ollama-1  | srv  server_strea: conv_id= (empty=1)
ollama-1  | slot get_availabl: id  0 | task -1 |  - checking sim = 0.631 (328/520) > 0.100
ollama-1  | slot get_availabl: id  0 | task -1 | selected slot by LCP similarity, f_sim_best = 0.631 (> 0.100 thold), f_keep = 0.562
ollama-1  | slot launch_slot_: id  0 | task -1 | sampler chain: logits -> ?penalties -> ?dry -> ?top-n-sigma -> top-k -> ?typical -> top-p -> ?min-p -> ?xtc -> temp-ext -> dist 
ollama-1  | slot launch_slot_: id  0 | task -1 | sampler params: 
ollama-1  | 	repeat_last_n = 64, repeat_penalty = 1.000, frequency_penalty = 0.000, presence_penalty = 0.000
ollama-1  | 	dry_multiplier = 0.000, dry_base = 1.750, dry_allowed_length = 2, dry_penalty_last_n = 64
ollama-1  | 	top_k = 40, top_p = 0.900, min_p = 0.000, xtc_probability = 0.000, xtc_threshold = 0.100, typical_p = 1.000, top_n_sigma = -1.000, temp = 0.000
ollama-1  | 	mirostat = 0, mirostat_lr = 0.100, mirostat_ent = 5.000, adaptive_target = -1.000, adaptive_decay = 0.900
ollama-1  | slot launch_slot_: id  0 | task 3876 | processing task, is_child = 0
ollama-1  | slot   operator(): id  0 | task 3876 | new prompt, n_ctx_slot = 4096, n_keep = 4, task.n_tokens = 520
ollama-1  | slot   operator(): id  0 | task 3876 | cached n_tokens = 328, memory_seq_rm [328, end)
ollama-1  | slot init_sampler: id  0 | task 3876 | init sampler, took 0.16 ms, tokens: text = 520, total = 520
ollama-1  | slot print_timing: id  0 | task 3876 | prompt eval time =    2054.08 ms /   192 tokens (   10.70 ms per token,    93.47 tokens per second)
ollama-1  | slot print_timing: id  0 | task 3876 |        eval time =     407.99 ms /     9 tokens (   51.00 ms per token,    19.61 tokens per second)
ollama-1  | slot print_timing: id  0 | task 3876 |       total time =    2462.07 ms /   201 tokens
ollama-1  | slot print_timing: id  0 | task 3876 |    graphs reused =       2679
ollama-1  | slot      release: id  0 | task 3876 | stop processing: n_tokens = 528, truncated = 0
ollama-1  | srv  update_slots: all slots are idle
ollama-1  | [GIN] 2026/10/07 - 10:05:15 | 200 |  2.473449502s |      172.18.0.4 | POST     "/api/generate"
ollama-1  | srv  server_strea: conv_id= (empty=1)
ollama-1  | slot get_availabl: id  0 | task -1 |  - checking sim = 0.691 (328/475) > 0.100
ollama-1  | slot get_availabl: id  0 | task -1 | selected slot by LCP similarity, f_sim_best = 0.691 (> 0.100 thold), f_keep = 0.621
ollama-1  | slot launch_slot_: id  0 | task -1 | sampler chain: logits -> ?penalties -> ?dry -> ?top-n-sigma -> top-k -> ?typical -> top-p -> ?min-p -> ?xtc -> temp-ext -> dist 
ollama-1  | slot launch_slot_: id  0 | task -1 | sampler params: 
ollama-1  | 	repeat_last_n = 64, repeat_penalty = 1.000, frequency_penalty = 0.000, presence_penalty = 0.000
ollama-1  | 	dry_multiplier = 0.000, dry_base = 1.750, dry_allowed_length = 2, dry_penalty_last_n = 64
ollama-1  | 	top_k = 40, top_p = 0.900, min_p = 0.000, xtc_probability = 0.000, xtc_threshold = 0.100, typical_p = 1.000, top_n_sigma = -1.000, temp = 0.000
ollama-1  | 	mirostat = 0, mirostat_lr = 0.100, mirostat_ent = 5.000, adaptive_target = -1.000, adaptive_decay = 0.900
ollama-1  | slot launch_slot_: id  0 | task 3886 | processing task, is_child = 0
ollama-1  | slot   operator(): id  0 | task 3886 | new prompt, n_ctx_slot = 4096, n_keep = 4, task.n_tokens = 475
ollama-1  | slot   operator(): id  0 | task 3886 | cached n_tokens = 328, memory_seq_rm [328, end)
ollama-1  | slot init_sampler: id  0 | task 3886 | init sampler, took 0.07 ms, tokens: text = 475, total = 475
ollama-1  | slot print_timing: id  0 | task 3886 | prompt eval time =    1518.30 ms /   147 tokens (   10.33 ms per token,    96.82 tokens per second)
ollama-1  | slot print_timing: id  0 | task 3886 |        eval time =     364.65 ms /     8 tokens (   52.09 ms per token,    19.20 tokens per second)
ollama-1  | slot print_timing: id  0 | task 3886 |       total time =    1882.96 ms /   155 tokens
ollama-1  | slot print_timing: id  0 | task 3886 |    graphs reused =       2685
ollama-1  | slot      release: id  0 | task 3886 | stop processing: n_tokens = 482, truncated = 0
ollama-1  | srv  update_slots: all slots are idle
ollama-1  | [GIN] 2026/10/07 - 10:05:17 | 200 |  1.891806104s |      172.18.0.4 | POST     "/api/generate"
ollama-1  | srv  server_strea: conv_id= (empty=1)
ollama-1  | slot get_availabl: id  0 | task -1 |  - checking sim = 0.544 (328/603) > 0.100
ollama-1  | slot get_availabl: id  0 | task -1 | selected slot by LCP similarity, f_sim_best = 0.544 (> 0.100 thold), f_keep = 0.680
ollama-1  | slot launch_slot_: id  0 | task -1 | sampler chain: logits -> ?penalties -> ?dry -> ?top-n-sigma -> top-k -> ?typical -> top-p -> ?min-p -> ?xtc -> temp-ext -> dist 
ollama-1  | slot launch_slot_: id  0 | task -1 | sampler params: 
ollama-1  | 	repeat_last_n = 64, repeat_penalty = 1.000, frequency_penalty = 0.000, presence_penalty = 0.000
ollama-1  | 	dry_multiplier = 0.000, dry_base = 1.750, dry_allowed_length = 2, dry_penalty_last_n = 64
ollama-1  | 	top_k = 40, top_p = 0.900, min_p = 0.000, xtc_probability = 0.000, xtc_threshold = 0.100, typical_p = 1.000, top_n_sigma = -1.000, temp = 0.000
ollama-1  | 	mirostat = 0, mirostat_lr = 0.100, mirostat_ent = 5.000, adaptive_target = -1.000, adaptive_decay = 0.900
ollama-1  | slot launch_slot_: id  0 | task 3895 | processing task, is_child = 0
ollama-1  | slot   operator(): id  0 | task 3895 | new prompt, n_ctx_slot = 4096, n_keep = 4, task.n_tokens = 603
ollama-1  | slot   operator(): id  0 | task 3895 | cached n_tokens = 328, memory_seq_rm [328, end)
ollama-1  | slot init_sampler: id  0 | task 3895 | init sampler, took 0.10 ms, tokens: text = 603, total = 603
ollama-1  | [GIN] 2026/10/07 - 10:05:19 | 200 |       38.01µs |       127.0.0.1 | HEAD     "/"
ollama-1  | [GIN] 2026/10/07 - 10:05:19 | 200 |    2.683608ms |       127.0.0.1 | GET      "/api/tags"
ollama-1  | slot print_timing: id  0 | task 3895 | prompt eval time =    3118.33 ms /   275 tokens (   11.34 ms per token,    88.19 tokens per second)
ollama-1  | slot print_timing: id  0 | task 3895 |        eval time =     420.43 ms /     8 tokens (   60.06 ms per token,    16.65 tokens per second)
ollama-1  | slot print_timing: id  0 | task 3895 |       total time =    3538.76 ms /   283 tokens
ollama-1  | slot print_timing: id  0 | task 3895 |    graphs reused =       2691
ollama-1  | slot      release: id  0 | task 3895 | stop processing: n_tokens = 610, truncated = 0
ollama-1  | srv  update_slots: all slots are idle
ollama-1  | [GIN] 2026/10/07 - 10:05:21 | 200 |  3.548550317s |      172.18.0.4 | POST     "/api/generate"
ollama-1  | srv  server_strea: conv_id= (empty=1)
ollama-1  | slot get_availabl: id  0 | task -1 |  - checking sim = 0.538 (328/610) > 0.100
ollama-1  | slot get_availabl: id  0 | task -1 | selected slot by LCP similarity, f_sim_best = 0.538 (> 0.100 thold), f_keep = 0.538
ollama-1  | slot launch_slot_: id  0 | task -1 | sampler chain: logits -> ?penalties -> ?dry -> ?top-n-sigma -> top-k -> ?typical -> top-p -> ?min-p -> ?xtc -> temp-ext -> dist 
ollama-1  | slot launch_slot_: id  0 | task -1 | sampler params: 
ollama-1  | 	repeat_last_n = 64, repeat_penalty = 1.000, frequency_penalty = 0.000, presence_penalty = 0.000
ollama-1  | 	dry_multiplier = 0.000, dry_base = 1.750, dry_allowed_length = 2, dry_penalty_last_n = 64
ollama-1  | 	top_k = 40, top_p = 0.900, min_p = 0.000, xtc_probability = 0.000, xtc_threshold = 0.100, typical_p = 1.000, top_n_sigma = -1.000, temp = 0.000
ollama-1  | 	mirostat = 0, mirostat_lr = 0.100, mirostat_ent = 5.000, adaptive_target = -1.000, adaptive_decay = 0.900
ollama-1  | slot launch_slot_: id  0 | task 3904 | processing task, is_child = 0
ollama-1  | slot   operator(): id  0 | task 3904 | new prompt, n_ctx_slot = 4096, n_keep = 4, task.n_tokens = 610
ollama-1  | slot   operator(): id  0 | task 3904 | cached n_tokens = 328, memory_seq_rm [328, end)
ollama-1  | slot init_sampler: id  0 | task 3904 | init sampler, took 0.10 ms, tokens: text = 610, total = 610
ollama-1  | slot print_timing: id  0 | task 3904 | prompt eval time =    2975.31 ms /   282 tokens (   10.55 ms per token,    94.78 tokens per second)
ollama-1  | slot print_timing: id  0 | task 3904 |        eval time =     402.06 ms /     8 tokens (   57.44 ms per token,    17.41 tokens per second)
ollama-1  | slot print_timing: id  0 | task 3904 |       total time =    3377.37 ms /   290 tokens
ollama-1  | slot print_timing: id  0 | task 3904 |    graphs reused =       2697
ollama-1  | slot      release: id  0 | task 3904 | stop processing: n_tokens = 617, truncated = 0
ollama-1  | srv  update_slots: all slots are idle
ollama-1  | [GIN] 2026/10/07 - 10:05:24 | 200 |  3.386745744s |      172.18.0.4 | POST     "/api/generate"
ollama-1  | srv  server_strea: conv_id= (empty=1)
ollama-1  | slot get_availabl: id  0 | task -1 |  - checking sim = 0.422 (328/778) > 0.100
ollama-1  | slot get_availabl: id  0 | task -1 | selected slot by LCP similarity, f_sim_best = 0.422 (> 0.100 thold), f_keep = 0.532
ollama-1  | slot launch_slot_: id  0 | task -1 | sampler chain: logits -> ?penalties -> ?dry -> ?top-n-sigma -> top-k -> ?typical -> top-p -> ?min-p -> ?xtc -> temp-ext -> dist 
ollama-1  | slot launch_slot_: id  0 | task -1 | sampler params: 
ollama-1  | 	repeat_last_n = 64, repeat_penalty = 1.000, frequency_penalty = 0.000, presence_penalty = 0.000
ollama-1  | 	dry_multiplier = 0.000, dry_base = 1.750, dry_allowed_length = 2, dry_penalty_last_n = 64
ollama-1  | 	top_k = 40, top_p = 0.900, min_p = 0.000, xtc_probability = 0.000, xtc_threshold = 0.100, typical_p = 1.000, top_n_sigma = -1.000, temp = 0.000
ollama-1  | 	mirostat = 0, mirostat_lr = 0.100, mirostat_ent = 5.000, adaptive_target = -1.000, adaptive_decay = 0.900
ollama-1  | slot launch_slot_: id  0 | task 3913 | processing task, is_child = 0
ollama-1  | slot   operator(): id  0 | task 3913 | new prompt, n_ctx_slot = 4096, n_keep = 4, task.n_tokens = 778
ollama-1  | slot   operator(): id  0 | task 3913 | cached n_tokens = 328, memory_seq_rm [328, end)
ollama-1  | slot init_sampler: id  0 | task 3913 | init sampler, took 0.13 ms, tokens: text = 778, total = 778
ollama-1  | [GIN] 2026/10/07 - 10:05:29 | 200 |      27.643µs |       127.0.0.1 | HEAD     "/"
ollama-1  | [GIN] 2026/10/07 - 10:05:29 | 200 |    3.523978ms |       127.0.0.1 | GET      "/api/tags"
ollama-1  | slot print_timing: id  0 | task 3913 | prompt eval time =    4485.56 ms /   450 tokens (    9.97 ms per token,   100.32 tokens per second)
ollama-1  | slot print_timing: id  0 | task 3913 |        eval time =     382.72 ms /     8 tokens (   54.67 ms per token,    18.29 tokens per second)
ollama-1  | slot print_timing: id  0 | task 3913 |       total time =    4868.28 ms /   458 tokens
ollama-1  | slot print_timing: id  0 | task 3913 |    graphs reused =       2703
ollama-1  | slot      release: id  0 | task 3913 | stop processing: n_tokens = 785, truncated = 0
ollama-1  | srv  update_slots: all slots are idle
ollama-1  | [GIN] 2026/10/07 - 10:05:29 | 200 |  4.878227445s |      172.18.0.4 | POST     "/api/generate"
ollama-1  | srv  server_strea: conv_id= (empty=1)
ollama-1  | slot get_availabl: id  0 | task -1 |  - checking sim = 0.716 (328/458) > 0.100
ollama-1  | slot get_availabl: id  0 | task -1 | selected slot by LCP similarity, f_sim_best = 0.716 (> 0.100 thold), f_keep = 0.418
ollama-1  | srv  get_availabl: updating prompt cache
ollama-1  | srv   prompt_save:  - saving prompt with length 785, total state size = 24.541 MiB (draft: 0.000 MiB)
ollama-1  | srv         alloc:  - prompt is already in the cache, skipping
ollama-1  | srv          load:  - looking for better prompt, base f_keep = 0.418, f_sim = 0.716
ollama-1  | srv          load:    - prompt with length     694, lcp =     328, f_keep = 0.473, f_sim = 0.716
ollama-1  | srv          load:    - prompt with length     710, lcp =     328, f_keep = 0.462, f_sim = 0.716
ollama-1  | srv          load:    - prompt with length     785, lcp =     328, f_keep = 0.418, f_sim = 0.716
ollama-1  | srv          load:    - prompt with length     691, lcp =     328, f_keep = 0.475, f_sim = 0.716
ollama-1  | srv          load:    - prompt with length     702, lcp =     328, f_keep = 0.467, f_sim = 0.716
ollama-1  | srv          load:    - prompt with length     702, lcp =     328, f_keep = 0.467, f_sim = 0.716
ollama-1  | srv          load:    - prompt with length     668, lcp =     328, f_keep = 0.491, f_sim = 0.716
ollama-1  | srv          load:    - prompt with length     723, lcp =     328, f_keep = 0.454, f_sim = 0.716
ollama-1  | srv          load:    - prompt with length     787, lcp =     328, f_keep = 0.417, f_sim = 0.716
ollama-1  | srv          load:    - prompt with length     658, lcp =     328, f_keep = 0.498, f_sim = 0.716
ollama-1  | srv          load:    - prompt with length     757, lcp =     328, f_keep = 0.433, f_sim = 0.716
ollama-1  | srv          load:    - prompt with length     679, lcp =     328, f_keep = 0.483, f_sim = 0.716
ollama-1  | srv          load:    - prompt with length     795, lcp =     328, f_keep = 0.413, f_sim = 0.716
ollama-1  | srv          load:    - prompt with length     693, lcp =     328, f_keep = 0.473, f_sim = 0.716
ollama-1  | srv          load:    - prompt with length     689, lcp =     328, f_keep = 0.476, f_sim = 0.716
ollama-1  | srv          load:    - prompt with length     674, lcp =     328, f_keep = 0.487, f_sim = 0.716
ollama-1  | srv          load:    - prompt with length     657, lcp =     328, f_keep = 0.499, f_sim = 0.716
ollama-1  | srv          load:    - prompt with length     737, lcp =     328, f_keep = 0.445, f_sim = 0.716
ollama-1  | srv          load:    - prompt with length     736, lcp =     328, f_keep = 0.446, f_sim = 0.716
ollama-1  | srv          load:    - prompt with length     762, lcp =     328, f_keep = 0.430, f_sim = 0.716
ollama-1  | srv          load:    - prompt with length     712, lcp =     328, f_keep = 0.461, f_sim = 0.716
ollama-1  | srv          load:    - prompt with length     697, lcp =     328, f_keep = 0.471, f_sim = 0.716
ollama-1  | srv          load:    - prompt with length     776, lcp =     328, f_keep = 0.423, f_sim = 0.716
ollama-1  | srv        update:  - cache state: 23 prompts, 515.323 MiB (limits: 8192.000 MiB, 4096 tokens, 262043 est)
ollama-1  | srv        update:    - prompt 0x2eeca960:     694 tokens, checkpoints:  0,    21.696 MiB
ollama-1  | srv        update:    - prompt 0x2e281e30:     710 tokens, checkpoints:  0,    22.196 MiB
ollama-1  | srv        update:    - prompt 0x2e282b20:     785 tokens, checkpoints:  0,    24.541 MiB
ollama-1  | srv        update:    - prompt 0x30ad8180:     691 tokens, checkpoints:  0,    21.602 MiB
ollama-1  | srv        update:    - prompt 0x2c5e6580:     702 tokens, checkpoints:  0,    21.946 MiB
ollama-1  | srv        update:    - prompt 0x30c0b130:     702 tokens, checkpoints:  0,    21.946 MiB
ollama-1  | srv        update:    - prompt 0x2c53b6f0:     668 tokens, checkpoints:  0,    20.883 MiB
ollama-1  | srv        update:    - prompt 0x2e2885c0:     723 tokens, checkpoints:  0,    22.602 MiB
ollama-1  | srv        update:    - prompt 0x2deaf160:     787 tokens, checkpoints:  0,    24.603 MiB
ollama-1  | srv        update:    - prompt 0x2c60efe0:     658 tokens, checkpoints:  0,    20.570 MiB
ollama-1  | srv        update:    - prompt 0x2c5d0c60:     757 tokens, checkpoints:  0,    23.665 MiB
ollama-1  | srv        update:    - prompt 0x2c5acbf0:     679 tokens, checkpoints:  0,    21.227 MiB
ollama-1  | srv        update:    - prompt 0x30b99130:     795 tokens, checkpoints:  0,    24.853 MiB
ollama-1  | srv        update:    - prompt 0x30c22850:     693 tokens, checkpoints:  0,    21.665 MiB
ollama-1  | srv        update:    - prompt 0x30b86c70:     689 tokens, checkpoints:  0,    21.540 MiB
ollama-1  | srv        update:    - prompt 0x30ae3f70:     674 tokens, checkpoints:  0,    21.071 MiB
ollama-1  | srv        update:    - prompt 0x30aa79f0:     657 tokens, checkpoints:  0,    20.539 MiB
ollama-1  | srv        update:    - prompt 0x39752f10:     737 tokens, checkpoints:  0,    23.040 MiB
ollama-1  | srv        update:    - prompt 0x2de98930:     736 tokens, checkpoints:  0,    23.009 MiB
ollama-1  | srv        update:    - prompt 0x2e283510:     762 tokens, checkpoints:  0,    23.822 MiB
ollama-1  | srv        update:    - prompt 0x309ddc70:     712 tokens, checkpoints:  0,    22.259 MiB
ollama-1  | srv        update:    - prompt 0x30b99080:     697 tokens, checkpoints:  0,    21.790 MiB
ollama-1  | srv        update:    - prompt 0x2e280050:     776 tokens, checkpoints:  0,    24.259 MiB
ollama-1  | srv  get_availabl: prompt cache update took 0.20 ms
ollama-1  | slot launch_slot_: id  0 | task -1 | sampler chain: logits -> ?penalties -> ?dry -> ?top-n-sigma -> top-k -> ?typical -> top-p -> ?min-p -> ?xtc -> temp-ext -> dist 
ollama-1  | slot launch_slot_: id  0 | task -1 | sampler params: 
ollama-1  | 	repeat_last_n = 64, repeat_penalty = 1.000, frequency_penalty = 0.000, presence_penalty = 0.000
ollama-1  | 	dry_multiplier = 0.000, dry_base = 1.750, dry_allowed_length = 2, dry_penalty_last_n = 64
ollama-1  | 	top_k = 40, top_p = 0.900, min_p = 0.000, xtc_probability = 0.000, xtc_threshold = 0.100, typical_p = 1.000, top_n_sigma = -1.000, temp = 0.000
ollama-1  | 	mirostat = 0, mirostat_lr = 0.100, mirostat_ent = 5.000, adaptive_target = -1.000, adaptive_decay = 0.900
ollama-1  | slot launch_slot_: id  0 | task 3922 | processing task, is_child = 0
ollama-1  | slot   operator(): id  0 | task 3922 | new prompt, n_ctx_slot = 4096, n_keep = 4, task.n_tokens = 458
ollama-1  | slot   operator(): id  0 | task 3922 | cached n_tokens = 328, memory_seq_rm [328, end)
ollama-1  | slot init_sampler: id  0 | task 3922 | init sampler, took 0.09 ms, tokens: text = 458, total = 458
ollama-1  | slot print_timing: id  0 | task 3922 | prompt eval time =    1374.45 ms /   130 tokens (   10.57 ms per token,    94.58 tokens per second)
ollama-1  | slot print_timing: id  0 | task 3922 |        eval time =     351.89 ms /     8 tokens (   50.27 ms per token,    19.89 tokens per second)
ollama-1  | slot print_timing: id  0 | task 3922 |       total time =    1726.34 ms /   138 tokens
ollama-1  | slot print_timing: id  0 | task 3922 |    graphs reused =       2709
ollama-1  | slot      release: id  0 | task 3922 | stop processing: n_tokens = 465, truncated = 0
ollama-1  | srv  update_slots: all slots are idle
ollama-1  | [GIN] 2026/10/07 - 10:05:31 | 200 |  1.733737103s |      172.18.0.4 | POST     "/api/generate"
ollama-1  | srv  server_strea: conv_id= (empty=1)
ollama-1  | slot get_availabl: id  0 | task -1 |  - checking sim = 0.620 (328/529) > 0.100
ollama-1  | slot get_availabl: id  0 | task -1 | selected slot by LCP similarity, f_sim_best = 0.620 (> 0.100 thold), f_keep = 0.705
ollama-1  | slot launch_slot_: id  0 | task -1 | sampler chain: logits -> ?penalties -> ?dry -> ?top-n-sigma -> top-k -> ?typical -> top-p -> ?min-p -> ?xtc -> temp-ext -> dist 
ollama-1  | slot launch_slot_: id  0 | task -1 | sampler params: 
ollama-1  | 	repeat_last_n = 64, repeat_penalty = 1.000, frequency_penalty = 0.000, presence_penalty = 0.000
ollama-1  | 	dry_multiplier = 0.000, dry_base = 1.750, dry_allowed_length = 2, dry_penalty_last_n = 64
ollama-1  | 	top_k = 40, top_p = 0.900, min_p = 0.000, xtc_probability = 0.000, xtc_threshold = 0.100, typical_p = 1.000, top_n_sigma = -1.000, temp = 0.000
ollama-1  | 	mirostat = 0, mirostat_lr = 0.100, mirostat_ent = 5.000, adaptive_target = -1.000, adaptive_decay = 0.900
ollama-1  | slot launch_slot_: id  0 | task 3931 | processing task, is_child = 0
ollama-1  | slot   operator(): id  0 | task 3931 | new prompt, n_ctx_slot = 4096, n_keep = 4, task.n_tokens = 529
ollama-1  | slot   operator(): id  0 | task 3931 | cached n_tokens = 328, memory_seq_rm [328, end)
ollama-1  | slot init_sampler: id  0 | task 3931 | init sampler, took 0.07 ms, tokens: text = 529, total = 529
ollama-1  | slot print_timing: id  0 | task 3931 | prompt eval time =    2035.82 ms /   201 tokens (   10.13 ms per token,    98.73 tokens per second)
ollama-1  | slot print_timing: id  0 | task 3931 |        eval time =     438.01 ms /     9 tokens (   54.75 ms per token,    18.26 tokens per second)
ollama-1  | slot print_timing: id  0 | task 3931 |       total time =    2473.84 ms /   210 tokens
ollama-1  | slot print_timing: id  0 | task 3931 |    graphs reused =       2716
ollama-1  | slot      release: id  0 | task 3931 | stop processing: n_tokens = 537, truncated = 0
ollama-1  | srv  update_slots: all slots are idle
ollama-1  | [GIN] 2026/10/07 - 10:05:34 | 200 |  2.481012051s |      172.18.0.4 | POST     "/api/generate"
ollama-1  | srv  server_strea: conv_id= (empty=1)
ollama-1  | slot get_availabl: id  0 | task -1 |  - checking sim = 0.480 (328/684) > 0.100
ollama-1  | slot get_availabl: id  0 | task -1 | selected slot by LCP similarity, f_sim_best = 0.480 (> 0.100 thold), f_keep = 0.611
ollama-1  | slot launch_slot_: id  0 | task -1 | sampler chain: logits -> ?penalties -> ?dry -> ?top-n-sigma -> top-k -> ?typical -> top-p -> ?min-p -> ?xtc -> temp-ext -> dist 
ollama-1  | slot launch_slot_: id  0 | task -1 | sampler params: 
ollama-1  | 	repeat_last_n = 64, repeat_penalty = 1.000, frequency_penalty = 0.000, presence_penalty = 0.000
ollama-1  | 	dry_multiplier = 0.000, dry_base = 1.750, dry_allowed_length = 2, dry_penalty_last_n = 64
ollama-1  | 	top_k = 40, top_p = 0.900, min_p = 0.000, xtc_probability = 0.000, xtc_threshold = 0.100, typical_p = 1.000, top_n_sigma = -1.000, temp = 0.000
ollama-1  | 	mirostat = 0, mirostat_lr = 0.100, mirostat_ent = 5.000, adaptive_target = -1.000, adaptive_decay = 0.900
ollama-1  | slot launch_slot_: id  0 | task 3941 | processing task, is_child = 0
ollama-1  | slot   operator(): id  0 | task 3941 | new prompt, n_ctx_slot = 4096, n_keep = 4, task.n_tokens = 684
ollama-1  | slot   operator(): id  0 | task 3941 | cached n_tokens = 328, memory_seq_rm [328, end)
ollama-1  | slot init_sampler: id  0 | task 3941 | init sampler, took 0.12 ms, tokens: text = 684, total = 684
ollama-1  | slot print_timing: id  0 | task 3941 | prompt eval time =    3860.18 ms /   356 tokens (   10.84 ms per token,    92.22 tokens per second)
ollama-1  | slot print_timing: id  0 | task 3941 |        eval time =     381.52 ms /     8 tokens (   54.50 ms per token,    18.35 tokens per second)
ollama-1  | slot print_timing: id  0 | task 3941 |       total time =    4241.70 ms /   364 tokens
ollama-1  | slot print_timing: id  0 | task 3941 |    graphs reused =       2722
ollama-1  | slot      release: id  0 | task 3941 | stop processing: n_tokens = 691, truncated = 0
ollama-1  | srv  update_slots: all slots are idle
ollama-1  | [GIN] 2026/10/07 - 10:05:38 | 200 |  4.250572844s |      172.18.0.4 | POST     "/api/generate"
ollama-1  | srv  server_strea: conv_id= (empty=1)
ollama-1  | slot get_availabl: id  0 | task -1 |  - checking sim = 0.711 (328/461) > 0.100
ollama-1  | slot get_availabl: id  0 | task -1 | selected slot by LCP similarity, f_sim_best = 0.711 (> 0.100 thold), f_keep = 0.475
ollama-1  | srv  get_availabl: updating prompt cache
ollama-1  | srv   prompt_save:  - saving prompt with length 691, total state size = 21.602 MiB (draft: 0.000 MiB)
ollama-1  | srv         alloc:  - prompt is already in the cache, skipping
ollama-1  | srv          load:  - looking for better prompt, base f_keep = 0.475, f_sim = 0.711
ollama-1  | srv          load:    - prompt with length     694, lcp =     328, f_keep = 0.473, f_sim = 0.711
ollama-1  | srv          load:    - prompt with length     710, lcp =     328, f_keep = 0.462, f_sim = 0.711
ollama-1  | srv          load:    - prompt with length     785, lcp =     329, f_keep = 0.419, f_sim = 0.714
ollama-1  | srv          load:    - prompt with length     691, lcp =     328, f_keep = 0.475, f_sim = 0.711
ollama-1  | srv          load:    - prompt with length     702, lcp =     328, f_keep = 0.467, f_sim = 0.711
ollama-1  | srv          load:    - prompt with length     702, lcp =     328, f_keep = 0.467, f_sim = 0.711
ollama-1  | srv          load:    - prompt with length     668, lcp =     328, f_keep = 0.491, f_sim = 0.711
ollama-1  | srv          load:    - prompt with length     723, lcp =     328, f_keep = 0.454, f_sim = 0.711
ollama-1  | srv          load:    - prompt with length     787, lcp =     328, f_keep = 0.417, f_sim = 0.711
ollama-1  | srv          load:    - prompt with length     658, lcp =     328, f_keep = 0.498, f_sim = 0.711
ollama-1  | srv          load:    - prompt with length     757, lcp =     328, f_keep = 0.433, f_sim = 0.711
ollama-1  | srv          load:    - prompt with length     679, lcp =     328, f_keep = 0.483, f_sim = 0.711
ollama-1  | srv          load:    - prompt with length     795, lcp =     328, f_keep = 0.413, f_sim = 0.711
ollama-1  | srv          load:    - prompt with length     693, lcp =     328, f_keep = 0.473, f_sim = 0.711
ollama-1  | srv          load:    - prompt with length     689, lcp =     328, f_keep = 0.476, f_sim = 0.711
ollama-1  | srv          load:    - prompt with length     674, lcp =     328, f_keep = 0.487, f_sim = 0.711
ollama-1  | srv          load:    - prompt with length     657, lcp =     328, f_keep = 0.499, f_sim = 0.711
ollama-1  | srv          load:    - prompt with length     737, lcp =     328, f_keep = 0.445, f_sim = 0.711
ollama-1  | srv          load:    - prompt with length     736, lcp =     328, f_keep = 0.446, f_sim = 0.711
ollama-1  | srv          load:    - prompt with length     762, lcp =     329, f_keep = 0.432, f_sim = 0.714
ollama-1  | srv          load:    - prompt with length     712, lcp =     328, f_keep = 0.461, f_sim = 0.711
ollama-1  | srv          load:    - prompt with length     697, lcp =     328, f_keep = 0.471, f_sim = 0.711
ollama-1  | srv          load:    - prompt with length     776, lcp =     328, f_keep = 0.423, f_sim = 0.711
ollama-1  | srv        update:  - cache state: 23 prompts, 515.323 MiB (limits: 8192.000 MiB, 4096 tokens, 262043 est)
ollama-1  | srv        update:    - prompt 0x2eeca960:     694 tokens, checkpoints:  0,    21.696 MiB
ollama-1  | srv        update:    - prompt 0x2e281e30:     710 tokens, checkpoints:  0,    22.196 MiB
ollama-1  | srv        update:    - prompt 0x2e282b20:     785 tokens, checkpoints:  0,    24.541 MiB
ollama-1  | srv        update:    - prompt 0x30ad8180:     691 tokens, checkpoints:  0,    21.602 MiB
ollama-1  | srv        update:    - prompt 0x2c5e6580:     702 tokens, checkpoints:  0,    21.946 MiB
ollama-1  | srv        update:    - prompt 0x30c0b130:     702 tokens, checkpoints:  0,    21.946 MiB
ollama-1  | srv        update:    - prompt 0x2c53b6f0:     668 tokens, checkpoints:  0,    20.883 MiB
ollama-1  | srv        update:    - prompt 0x2e2885c0:     723 tokens, checkpoints:  0,    22.602 MiB
ollama-1  | srv        update:    - prompt 0x2deaf160:     787 tokens, checkpoints:  0,    24.603 MiB
ollama-1  | srv        update:    - prompt 0x2c60efe0:     658 tokens, checkpoints:  0,    20.570 MiB
ollama-1  | srv        update:    - prompt 0x2c5d0c60:     757 tokens, checkpoints:  0,    23.665 MiB
ollama-1  | srv        update:    - prompt 0x2c5acbf0:     679 tokens, checkpoints:  0,    21.227 MiB
ollama-1  | srv        update:    - prompt 0x30b99130:     795 tokens, checkpoints:  0,    24.853 MiB
ollama-1  | srv        update:    - prompt 0x30c22850:     693 tokens, checkpoints:  0,    21.665 MiB
ollama-1  | srv        update:    - prompt 0x30b86c70:     689 tokens, checkpoints:  0,    21.540 MiB
ollama-1  | srv        update:    - prompt 0x30ae3f70:     674 tokens, checkpoints:  0,    21.071 MiB
ollama-1  | srv        update:    - prompt 0x30aa79f0:     657 tokens, checkpoints:  0,    20.539 MiB
ollama-1  | srv        update:    - prompt 0x39752f10:     737 tokens, checkpoints:  0,    23.040 MiB
ollama-1  | srv        update:    - prompt 0x2de98930:     736 tokens, checkpoints:  0,    23.009 MiB
ollama-1  | srv        update:    - prompt 0x2e283510:     762 tokens, checkpoints:  0,    23.822 MiB
ollama-1  | srv        update:    - prompt 0x309ddc70:     712 tokens, checkpoints:  0,    22.259 MiB
ollama-1  | srv        update:    - prompt 0x30b99080:     697 tokens, checkpoints:  0,    21.790 MiB
ollama-1  | srv        update:    - prompt 0x2e280050:     776 tokens, checkpoints:  0,    24.259 MiB
ollama-1  | srv  get_availabl: prompt cache update took 0.13 ms
ollama-1  | slot launch_slot_: id  0 | task -1 | sampler chain: logits -> ?penalties -> ?dry -> ?top-n-sigma -> top-k -> ?typical -> top-p -> ?min-p -> ?xtc -> temp-ext -> dist 
ollama-1  | slot launch_slot_: id  0 | task -1 | sampler params: 
ollama-1  | 	repeat_last_n = 64, repeat_penalty = 1.000, frequency_penalty = 0.000, presence_penalty = 0.000
ollama-1  | 	dry_multiplier = 0.000, dry_base = 1.750, dry_allowed_length = 2, dry_penalty_last_n = 64
ollama-1  | 	top_k = 40, top_p = 0.900, min_p = 0.000, xtc_probability = 0.000, xtc_threshold = 0.100, typical_p = 1.000, top_n_sigma = -1.000, temp = 0.000
ollama-1  | 	mirostat = 0, mirostat_lr = 0.100, mirostat_ent = 5.000, adaptive_target = -1.000, adaptive_decay = 0.900
ollama-1  | slot launch_slot_: id  0 | task 3950 | processing task, is_child = 0
ollama-1  | slot   operator(): id  0 | task 3950 | new prompt, n_ctx_slot = 4096, n_keep = 4, task.n_tokens = 461
ollama-1  | slot   operator(): id  0 | task 3950 | cached n_tokens = 328, memory_seq_rm [328, end)
ollama-1  | slot init_sampler: id  0 | task 3950 | init sampler, took 0.07 ms, tokens: text = 461, total = 461
ollama-1  | [GIN] 2026/10/07 - 10:05:39 | 200 |      29.154µs |       127.0.0.1 | HEAD     "/"
ollama-1  | [GIN] 2026/10/07 - 10:05:39 | 200 |   15.672458ms |       127.0.0.1 | GET      "/api/tags"
ollama-1  | slot print_timing: id  0 | task 3950 | prompt eval time =    1455.48 ms /   133 tokens (   10.94 ms per token,    91.38 tokens per second)
ollama-1  | slot print_timing: id  0 | task 3950 |        eval time =     355.68 ms /     8 tokens (   50.81 ms per token,    19.68 tokens per second)
ollama-1  | slot print_timing: id  0 | task 3950 |       total time =    1811.16 ms /   141 tokens
ollama-1  | slot print_timing: id  0 | task 3950 |    graphs reused =       2728
ollama-1  | slot      release: id  0 | task 3950 | stop processing: n_tokens = 468, truncated = 0
ollama-1  | srv  update_slots: all slots are idle
ollama-1  | [GIN] 2026/10/07 - 10:05:40 | 200 |   1.81832826s |      172.18.0.4 | POST     "/api/generate"
ollama-1  | srv  server_strea: conv_id= (empty=1)
ollama-1  | slot get_availabl: id  0 | task -1 |  - checking sim = 0.683 (328/480) > 0.100
ollama-1  | slot get_availabl: id  0 | task -1 | selected slot by LCP similarity, f_sim_best = 0.683 (> 0.100 thold), f_keep = 0.701
ollama-1  | slot launch_slot_: id  0 | task -1 | sampler chain: logits -> ?penalties -> ?dry -> ?top-n-sigma -> top-k -> ?typical -> top-p -> ?min-p -> ?xtc -> temp-ext -> dist 
ollama-1  | slot launch_slot_: id  0 | task -1 | sampler params: 
ollama-1  | 	repeat_last_n = 64, repeat_penalty = 1.000, frequency_penalty = 0.000, presence_penalty = 0.000
ollama-1  | 	dry_multiplier = 0.000, dry_base = 1.750, dry_allowed_length = 2, dry_penalty_last_n = 64
ollama-1  | 	top_k = 40, top_p = 0.900, min_p = 0.000, xtc_probability = 0.000, xtc_threshold = 0.100, typical_p = 1.000, top_n_sigma = -1.000, temp = 0.000
ollama-1  | 	mirostat = 0, mirostat_lr = 0.100, mirostat_ent = 5.000, adaptive_target = -1.000, adaptive_decay = 0.900
ollama-1  | slot launch_slot_: id  0 | task 3959 | processing task, is_child = 0
ollama-1  | slot   operator(): id  0 | task 3959 | new prompt, n_ctx_slot = 4096, n_keep = 4, task.n_tokens = 480
ollama-1  | slot   operator(): id  0 | task 3959 | cached n_tokens = 328, memory_seq_rm [328, end)
ollama-1  | slot init_sampler: id  0 | task 3959 | init sampler, took 0.07 ms, tokens: text = 480, total = 480
ollama-1  | slot print_timing: id  0 | task 3959 | prompt eval time =    1663.38 ms /   152 tokens (   10.94 ms per token,    91.38 tokens per second)
ollama-1  | slot print_timing: id  0 | task 3959 |        eval time =     458.29 ms /     9 tokens (   57.29 ms per token,    17.46 tokens per second)
ollama-1  | slot print_timing: id  0 | task 3959 |       total time =    2121.67 ms /   161 tokens
ollama-1  | slot print_timing: id  0 | task 3959 |    graphs reused =       2735
ollama-1  | slot      release: id  0 | task 3959 | stop processing: n_tokens = 488, truncated = 0
ollama-1  | srv  update_slots: all slots are idle
ollama-1  | [GIN] 2026/10/07 - 10:05:42 | 200 |  2.128802542s |      172.18.0.4 | POST     "/api/generate"
ollama-1  | srv  server_strea: conv_id= (empty=1)
ollama-1  | slot get_availabl: id  0 | task -1 |  - checking sim = 0.555 (328/591) > 0.100
ollama-1  | slot get_availabl: id  0 | task -1 | selected slot by LCP similarity, f_sim_best = 0.555 (> 0.100 thold), f_keep = 0.672
ollama-1  | slot launch_slot_: id  0 | task -1 | sampler chain: logits -> ?penalties -> ?dry -> ?top-n-sigma -> top-k -> ?typical -> top-p -> ?min-p -> ?xtc -> temp-ext -> dist 
ollama-1  | slot launch_slot_: id  0 | task -1 | sampler params: 
ollama-1  | 	repeat_last_n = 64, repeat_penalty = 1.000, frequency_penalty = 0.000, presence_penalty = 0.000
ollama-1  | 	dry_multiplier = 0.000, dry_base = 1.750, dry_allowed_length = 2, dry_penalty_last_n = 64
ollama-1  | 	top_k = 40, top_p = 0.900, min_p = 0.000, xtc_probability = 0.000, xtc_threshold = 0.100, typical_p = 1.000, top_n_sigma = -1.000, temp = 0.000
ollama-1  | 	mirostat = 0, mirostat_lr = 0.100, mirostat_ent = 5.000, adaptive_target = -1.000, adaptive_decay = 0.900
ollama-1  | slot launch_slot_: id  0 | task 3969 | processing task, is_child = 0
ollama-1  | slot   operator(): id  0 | task 3969 | new prompt, n_ctx_slot = 4096, n_keep = 4, task.n_tokens = 591
ollama-1  | slot   operator(): id  0 | task 3969 | cached n_tokens = 328, memory_seq_rm [328, end)
ollama-1  | slot init_sampler: id  0 | task 3969 | init sampler, took 0.08 ms, tokens: text = 591, total = 591
ollama-1  | slot print_timing: id  0 | task 3969 | prompt eval time =    2815.32 ms /   263 tokens (   10.70 ms per token,    93.42 tokens per second)
ollama-1  | slot print_timing: id  0 | task 3969 |        eval time =     432.14 ms /     9 tokens (   54.02 ms per token,    18.51 tokens per second)
ollama-1  | slot print_timing: id  0 | task 3969 |       total time =    3247.46 ms /   272 tokens
ollama-1  | slot print_timing: id  0 | task 3969 |    graphs reused =       2742
ollama-1  | slot      release: id  0 | task 3969 | stop processing: n_tokens = 599, truncated = 0
ollama-1  | srv  update_slots: all slots are idle
ollama-1  | [GIN] 2026/10/07 - 10:05:45 | 200 |  3.256047039s |      172.18.0.4 | POST     "/api/generate"
ollama-1  | srv  server_strea: conv_id= (empty=1)
ollama-1  | slot get_availabl: id  0 | task -1 |  - checking sim = 0.534 (328/614) > 0.100
ollama-1  | slot get_availabl: id  0 | task -1 | selected slot by LCP similarity, f_sim_best = 0.534 (> 0.100 thold), f_keep = 0.548
ollama-1  | slot launch_slot_: id  0 | task -1 | sampler chain: logits -> ?penalties -> ?dry -> ?top-n-sigma -> top-k -> ?typical -> top-p -> ?min-p -> ?xtc -> temp-ext -> dist 
ollama-1  | slot launch_slot_: id  0 | task -1 | sampler params: 
ollama-1  | 	repeat_last_n = 64, repeat_penalty = 1.000, frequency_penalty = 0.000, presence_penalty = 0.000
ollama-1  | 	dry_multiplier = 0.000, dry_base = 1.750, dry_allowed_length = 2, dry_penalty_last_n = 64
ollama-1  | 	top_k = 40, top_p = 0.900, min_p = 0.000, xtc_probability = 0.000, xtc_threshold = 0.100, typical_p = 1.000, top_n_sigma = -1.000, temp = 0.000
ollama-1  | 	mirostat = 0, mirostat_lr = 0.100, mirostat_ent = 5.000, adaptive_target = -1.000, adaptive_decay = 0.900
ollama-1  | slot launch_slot_: id  0 | task 3979 | processing task, is_child = 0
ollama-1  | slot   operator(): id  0 | task 3979 | new prompt, n_ctx_slot = 4096, n_keep = 4, task.n_tokens = 614
ollama-1  | slot   operator(): id  0 | task 3979 | cached n_tokens = 328, memory_seq_rm [328, end)
ollama-1  | slot init_sampler: id  0 | task 3979 | init sampler, took 0.10 ms, tokens: text = 614, total = 614
ollama-1  | slot print_timing: id  0 | task 3979 | prompt eval time =    2997.79 ms /   286 tokens (   10.48 ms per token,    95.40 tokens per second)
ollama-1  | slot print_timing: id  0 | task 3979 |        eval time =     479.68 ms /     9 tokens (   59.96 ms per token,    16.68 tokens per second)
ollama-1  | slot print_timing: id  0 | task 3979 |       total time =    3477.47 ms /   295 tokens
ollama-1  | slot print_timing: id  0 | task 3979 |    graphs reused =       2749
ollama-1  | slot      release: id  0 | task 3979 | stop processing: n_tokens = 622, truncated = 0
ollama-1  | srv  update_slots: all slots are idle
ollama-1  | [GIN] 2026/10/07 - 10:05:49 | 200 |  3.486345732s |      172.18.0.4 | POST     "/api/generate"
ollama-1  | srv  server_strea: conv_id= (empty=1)
ollama-1  | slot get_availabl: id  0 | task -1 |  - checking sim = 0.705 (328/465) > 0.100
ollama-1  | slot get_availabl: id  0 | task -1 | selected slot by LCP similarity, f_sim_best = 0.705 (> 0.100 thold), f_keep = 0.527
ollama-1  | slot launch_slot_: id  0 | task -1 | sampler chain: logits -> ?penalties -> ?dry -> ?top-n-sigma -> top-k -> ?typical -> top-p -> ?min-p -> ?xtc -> temp-ext -> dist 
ollama-1  | slot launch_slot_: id  0 | task -1 | sampler params: 
ollama-1  | 	repeat_last_n = 64, repeat_penalty = 1.000, frequency_penalty = 0.000, presence_penalty = 0.000
ollama-1  | 	dry_multiplier = 0.000, dry_base = 1.750, dry_allowed_length = 2, dry_penalty_last_n = 64
ollama-1  | 	top_k = 40, top_p = 0.900, min_p = 0.000, xtc_probability = 0.000, xtc_threshold = 0.100, typical_p = 1.000, top_n_sigma = -1.000, temp = 0.000
ollama-1  | 	mirostat = 0, mirostat_lr = 0.100, mirostat_ent = 5.000, adaptive_target = -1.000, adaptive_decay = 0.900
ollama-1  | slot launch_slot_: id  0 | task 3989 | processing task, is_child = 0
ollama-1  | slot   operator(): id  0 | task 3989 | new prompt, n_ctx_slot = 4096, n_keep = 4, task.n_tokens = 465
ollama-1  | slot   operator(): id  0 | task 3989 | cached n_tokens = 328, memory_seq_rm [328, end)
ollama-1  | slot init_sampler: id  0 | task 3989 | init sampler, took 0.09 ms, tokens: text = 465, total = 465
ollama-1  | [GIN] 2026/10/07 - 10:05:49 | 200 |      37.217µs |       127.0.0.1 | HEAD     "/"
ollama-1  | [GIN] 2026/10/07 - 10:05:49 | 200 |    6.666037ms |       127.0.0.1 | GET      "/api/tags"
ollama-1  | slot print_timing: id  0 | task 3989 | prompt eval time =    1844.58 ms /   137 tokens (   13.46 ms per token,    74.27 tokens per second)
ollama-1  | slot print_timing: id  0 | task 3989 |        eval time =     578.54 ms /     9 tokens (   72.32 ms per token,    13.83 tokens per second)
ollama-1  | slot print_timing: id  0 | task 3989 |       total time =    2423.12 ms /   146 tokens
ollama-1  | slot print_timing: id  0 | task 3989 |    graphs reused =       2756
ollama-1  | slot      release: id  0 | task 3989 | stop processing: n_tokens = 473, truncated = 0
ollama-1  | srv  update_slots: all slots are idle
ollama-1  | [GIN] 2026/10/07 - 10:05:51 | 200 |  2.440011338s |      172.18.0.4 | POST     "/api/generate"
ollama-1  | srv  server_strea: conv_id= (empty=1)
ollama-1  | slot get_availabl: id  0 | task -1 |  - checking sim = 0.695 (328/472) > 0.100
ollama-1  | slot get_availabl: id  0 | task -1 | selected slot by LCP similarity, f_sim_best = 0.695 (> 0.100 thold), f_keep = 0.693
ollama-1  | slot launch_slot_: id  0 | task -1 | sampler chain: logits -> ?penalties -> ?dry -> ?top-n-sigma -> top-k -> ?typical -> top-p -> ?min-p -> ?xtc -> temp-ext -> dist 
ollama-1  | slot launch_slot_: id  0 | task -1 | sampler params: 
ollama-1  | 	repeat_last_n = 64, repeat_penalty = 1.000, frequency_penalty = 0.000, presence_penalty = 0.000
ollama-1  | 	dry_multiplier = 0.000, dry_base = 1.750, dry_allowed_length = 2, dry_penalty_last_n = 64
ollama-1  | 	top_k = 40, top_p = 0.900, min_p = 0.000, xtc_probability = 0.000, xtc_threshold = 0.100, typical_p = 1.000, top_n_sigma = -1.000, temp = 0.000
ollama-1  | 	mirostat = 0, mirostat_lr = 0.100, mirostat_ent = 5.000, adaptive_target = -1.000, adaptive_decay = 0.900
ollama-1  | slot launch_slot_: id  0 | task 3999 | processing task, is_child = 0
ollama-1  | slot   operator(): id  0 | task 3999 | new prompt, n_ctx_slot = 4096, n_keep = 4, task.n_tokens = 472
ollama-1  | slot   operator(): id  0 | task 3999 | cached n_tokens = 328, memory_seq_rm [328, end)
ollama-1  | slot init_sampler: id  0 | task 3999 | init sampler, took 0.09 ms, tokens: text = 472, total = 472
ollama-1  | slot print_timing: id  0 | task 3999 | prompt eval time =    2091.47 ms /   144 tokens (   14.52 ms per token,    68.85 tokens per second)
ollama-1  | slot print_timing: id  0 | task 3999 |        eval time =     511.69 ms /     8 tokens (   73.10 ms per token,    13.68 tokens per second)
ollama-1  | slot print_timing: id  0 | task 3999 |       total time =    2603.17 ms /   152 tokens
ollama-1  | slot print_timing: id  0 | task 3999 |    graphs reused =       2762
ollama-1  | slot      release: id  0 | task 3999 | stop processing: n_tokens = 479, truncated = 0
ollama-1  | srv  update_slots: all slots are idle
ollama-1  | [GIN] 2026/10/07 - 10:05:54 | 200 |  2.612895962s |      172.18.0.4 | POST     "/api/generate"
ollama-1  | srv  server_strea: conv_id= (empty=1)
ollama-1  | slot get_availabl: id  0 | task -1 |  - checking sim = 0.512 (328/641) > 0.100
ollama-1  | slot get_availabl: id  0 | task -1 | selected slot by LCP similarity, f_sim_best = 0.512 (> 0.100 thold), f_keep = 0.685
ollama-1  | slot launch_slot_: id  0 | task -1 | sampler chain: logits -> ?penalties -> ?dry -> ?top-n-sigma -> top-k -> ?typical -> top-p -> ?min-p -> ?xtc -> temp-ext -> dist 
ollama-1  | slot launch_slot_: id  0 | task -1 | sampler params: 
ollama-1  | 	repeat_last_n = 64, repeat_penalty = 1.000, frequency_penalty = 0.000, presence_penalty = 0.000
ollama-1  | 	dry_multiplier = 0.000, dry_base = 1.750, dry_allowed_length = 2, dry_penalty_last_n = 64
ollama-1  | 	top_k = 40, top_p = 0.900, min_p = 0.000, xtc_probability = 0.000, xtc_threshold = 0.100, typical_p = 1.000, top_n_sigma = -1.000, temp = 0.000
ollama-1  | 	mirostat = 0, mirostat_lr = 0.100, mirostat_ent = 5.000, adaptive_target = -1.000, adaptive_decay = 0.900
ollama-1  | slot launch_slot_: id  0 | task 4008 | processing task, is_child = 0
ollama-1  | slot   operator(): id  0 | task 4008 | new prompt, n_ctx_slot = 4096, n_keep = 4, task.n_tokens = 641
ollama-1  | slot   operator(): id  0 | task 4008 | cached n_tokens = 328, memory_seq_rm [328, end)
ollama-1  | slot init_sampler: id  0 | task 4008 | init sampler, took 0.13 ms, tokens: text = 641, total = 641
ollama-1  | slot print_timing: id  0 | task 4008 | prompt eval time =    3723.78 ms /   313 tokens (   11.90 ms per token,    84.05 tokens per second)
ollama-1  | slot print_timing: id  0 | task 4008 |        eval time =     476.64 ms /     9 tokens (   59.58 ms per token,    16.78 tokens per second)
ollama-1  | slot print_timing: id  0 | task 4008 |       total time =    4200.43 ms /   322 tokens
ollama-1  | slot print_timing: id  0 | task 4008 |    graphs reused =       2769
ollama-1  | slot      release: id  0 | task 4008 | stop processing: n_tokens = 649, truncated = 0
ollama-1  | srv  update_slots: all slots are idle
ollama-1  | [GIN] 2026/10/07 - 10:05:58 | 200 |  4.210479959s |      172.18.0.4 | POST     "/api/generate"
ollama-1  | srv  server_strea: conv_id= (empty=1)
ollama-1  | slot get_availabl: id  0 | task -1 |  - checking sim = 0.604 (328/543) > 0.100
ollama-1  | slot get_availabl: id  0 | task -1 | selected slot by LCP similarity, f_sim_best = 0.604 (> 0.100 thold), f_keep = 0.505
ollama-1  | slot launch_slot_: id  0 | task -1 | sampler chain: logits -> ?penalties -> ?dry -> ?top-n-sigma -> top-k -> ?typical -> top-p -> ?min-p -> ?xtc -> temp-ext -> dist 
ollama-1  | slot launch_slot_: id  0 | task -1 | sampler params: 
ollama-1  | 	repeat_last_n = 64, repeat_penalty = 1.000, frequency_penalty = 0.000, presence_penalty = 0.000
ollama-1  | 	dry_multiplier = 0.000, dry_base = 1.750, dry_allowed_length = 2, dry_penalty_last_n = 64
ollama-1  | 	top_k = 40, top_p = 0.900, min_p = 0.000, xtc_probability = 0.000, xtc_threshold = 0.100, typical_p = 1.000, top_n_sigma = -1.000, temp = 0.000
ollama-1  | 	mirostat = 0, mirostat_lr = 0.100, mirostat_ent = 5.000, adaptive_target = -1.000, adaptive_decay = 0.900
ollama-1  | slot launch_slot_: id  0 | task 4018 | processing task, is_child = 0
ollama-1  | slot   operator(): id  0 | task 4018 | new prompt, n_ctx_slot = 4096, n_keep = 4, task.n_tokens = 543
ollama-1  | slot   operator(): id  0 | task 4018 | cached n_tokens = 328, memory_seq_rm [328, end)
ollama-1  | slot init_sampler: id  0 | task 4018 | init sampler, took 0.09 ms, tokens: text = 543, total = 543
ollama-1  | [GIN] 2026/10/07 - 10:05:59 | 200 |      36.831µs |       127.0.0.1 | HEAD     "/"
ollama-1  | [GIN] 2026/10/07 - 10:05:59 | 200 |    2.712315ms |       127.0.0.1 | GET      "/api/tags"
ollama-1  | slot print_timing: id  0 | task 4018 | prompt eval time =    2655.51 ms /   215 tokens (   12.35 ms per token,    80.96 tokens per second)
ollama-1  | slot print_timing: id  0 | task 4018 |        eval time =     459.23 ms /     9 tokens (   57.40 ms per token,    17.42 tokens per second)
ollama-1  | slot print_timing: id  0 | task 4018 |       total time =    3114.74 ms /   224 tokens
ollama-1  | slot print_timing: id  0 | task 4018 |    graphs reused =       2776
ollama-1  | slot      release: id  0 | task 4018 | stop processing: n_tokens = 551, truncated = 0
ollama-1  | srv  update_slots: all slots are idle
ollama-1  | [GIN] 2026/10/07 - 10:06:01 | 200 |  3.124943731s |      172.18.0.4 | POST     "/api/generate"
ollama-1  | srv  server_strea: conv_id= (empty=1)
ollama-1  | slot get_availabl: id  0 | task -1 |  - checking sim = 0.537 (328/611) > 0.100
ollama-1  | slot get_availabl: id  0 | task -1 | selected slot by LCP similarity, f_sim_best = 0.537 (> 0.100 thold), f_keep = 0.595
ollama-1  | slot launch_slot_: id  0 | task -1 | sampler chain: logits -> ?penalties -> ?dry -> ?top-n-sigma -> top-k -> ?typical -> top-p -> ?min-p -> ?xtc -> temp-ext -> dist 
ollama-1  | slot launch_slot_: id  0 | task -1 | sampler params: 
ollama-1  | 	repeat_last_n = 64, repeat_penalty = 1.000, frequency_penalty = 0.000, presence_penalty = 0.000
ollama-1  | 	dry_multiplier = 0.000, dry_base = 1.750, dry_allowed_length = 2, dry_penalty_last_n = 64
ollama-1  | 	top_k = 40, top_p = 0.900, min_p = 0.000, xtc_probability = 0.000, xtc_threshold = 0.100, typical_p = 1.000, top_n_sigma = -1.000, temp = 0.000
ollama-1  | 	mirostat = 0, mirostat_lr = 0.100, mirostat_ent = 5.000, adaptive_target = -1.000, adaptive_decay = 0.900
ollama-1  | slot launch_slot_: id  0 | task 4028 | processing task, is_child = 0
ollama-1  | slot   operator(): id  0 | task 4028 | new prompt, n_ctx_slot = 4096, n_keep = 4, task.n_tokens = 611
ollama-1  | slot   operator(): id  0 | task 4028 | cached n_tokens = 328, memory_seq_rm [328, end)
ollama-1  | slot init_sampler: id  0 | task 4028 | init sampler, took 0.10 ms, tokens: text = 611, total = 611
ollama-1  | slot print_timing: id  0 | task 4028 | prompt eval time =    3455.15 ms /   283 tokens (   12.21 ms per token,    81.91 tokens per second)
ollama-1  | slot print_timing: id  0 | task 4028 |        eval time =     433.32 ms /     9 tokens (   54.17 ms per token,    18.46 tokens per second)
ollama-1  | slot print_timing: id  0 | task 4028 |       total time =    3888.47 ms /   292 tokens
ollama-1  | slot print_timing: id  0 | task 4028 |    graphs reused =       2783
ollama-1  | slot      release: id  0 | task 4028 | stop processing: n_tokens = 619, truncated = 0
ollama-1  | srv  update_slots: all slots are idle
ollama-1  | [GIN] 2026/10/07 - 10:06:05 | 200 |   3.89824005s |      172.18.0.4 | POST     "/api/generate"
ollama-1  | srv  server_strea: conv_id= (empty=1)
ollama-1  | slot get_availabl: id  0 | task -1 |  - checking sim = 0.586 (328/560) > 0.100
ollama-1  | slot get_availabl: id  0 | task -1 | selected slot by LCP similarity, f_sim_best = 0.586 (> 0.100 thold), f_keep = 0.530
ollama-1  | slot launch_slot_: id  0 | task -1 | sampler chain: logits -> ?penalties -> ?dry -> ?top-n-sigma -> top-k -> ?typical -> top-p -> ?min-p -> ?xtc -> temp-ext -> dist 
ollama-1  | slot launch_slot_: id  0 | task -1 | sampler params: 
ollama-1  | 	repeat_last_n = 64, repeat_penalty = 1.000, frequency_penalty = 0.000, presence_penalty = 0.000
ollama-1  | 	dry_multiplier = 0.000, dry_base = 1.750, dry_allowed_length = 2, dry_penalty_last_n = 64
ollama-1  | 	top_k = 40, top_p = 0.900, min_p = 0.000, xtc_probability = 0.000, xtc_threshold = 0.100, typical_p = 1.000, top_n_sigma = -1.000, temp = 0.000
ollama-1  | 	mirostat = 0, mirostat_lr = 0.100, mirostat_ent = 5.000, adaptive_target = -1.000, adaptive_decay = 0.900
ollama-1  | slot launch_slot_: id  0 | task 4038 | processing task, is_child = 0
ollama-1  | slot   operator(): id  0 | task 4038 | new prompt, n_ctx_slot = 4096, n_keep = 4, task.n_tokens = 560
ollama-1  | slot   operator(): id  0 | task 4038 | cached n_tokens = 328, memory_seq_rm [328, end)
ollama-1  | slot init_sampler: id  0 | task 4038 | init sampler, took 0.09 ms, tokens: text = 560, total = 560
ollama-1  | slot print_timing: id  0 | task 4038 | prompt eval time =    2856.60 ms /   232 tokens (   12.31 ms per token,    81.22 tokens per second)
ollama-1  | slot print_timing: id  0 | task 4038 |        eval time =     553.89 ms /     8 tokens (   79.13 ms per token,    12.64 tokens per second)
ollama-1  | slot print_timing: id  0 | task 4038 |       total time =    3410.50 ms /   240 tokens
ollama-1  | slot print_timing: id  0 | task 4038 |    graphs reused =       2789
ollama-1  | slot      release: id  0 | task 4038 | stop processing: n_tokens = 567, truncated = 0
ollama-1  | srv  update_slots: all slots are idle
ollama-1  | [GIN] 2026/10/07 - 10:06:09 | 200 |  3.420300182s |      172.18.0.4 | POST     "/api/generate"
ollama-1  | srv  server_strea: conv_id= (empty=1)
ollama-1  | slot get_availabl: id  0 | task -1 |  - checking sim = 0.468 (328/701) > 0.100
ollama-1  | slot get_availabl: id  0 | task -1 | selected slot by LCP similarity, f_sim_best = 0.468 (> 0.100 thold), f_keep = 0.578
ollama-1  | slot launch_slot_: id  0 | task -1 | sampler chain: logits -> ?penalties -> ?dry -> ?top-n-sigma -> top-k -> ?typical -> top-p -> ?min-p -> ?xtc -> temp-ext -> dist 
ollama-1  | slot launch_slot_: id  0 | task -1 | sampler params: 
ollama-1  | 	repeat_last_n = 64, repeat_penalty = 1.000, frequency_penalty = 0.000, presence_penalty = 0.000
ollama-1  | 	dry_multiplier = 0.000, dry_base = 1.750, dry_allowed_length = 2, dry_penalty_last_n = 64
ollama-1  | 	top_k = 40, top_p = 0.900, min_p = 0.000, xtc_probability = 0.000, xtc_threshold = 0.100, typical_p = 1.000, top_n_sigma = -1.000, temp = 0.000
ollama-1  | 	mirostat = 0, mirostat_lr = 0.100, mirostat_ent = 5.000, adaptive_target = -1.000, adaptive_decay = 0.900
ollama-1  | slot launch_slot_: id  0 | task 4047 | processing task, is_child = 0
ollama-1  | slot   operator(): id  0 | task 4047 | new prompt, n_ctx_slot = 4096, n_keep = 4, task.n_tokens = 701
ollama-1  | slot   operator(): id  0 | task 4047 | cached n_tokens = 328, memory_seq_rm [328, end)
ollama-1  | slot init_sampler: id  0 | task 4047 | init sampler, took 0.12 ms, tokens: text = 701, total = 701
ollama-1  | [GIN] 2026/10/07 - 10:06:09 | 200 |      106.48µs |       127.0.0.1 | HEAD     "/"
ollama-1  | [GIN] 2026/10/07 - 10:06:09 | 200 |    2.951366ms |       127.0.0.1 | GET      "/api/tags"
ollama-1  | slot print_timing: id  0 | task 4047 | prompt eval time =    4470.19 ms /   373 tokens (   11.98 ms per token,    83.44 tokens per second)
ollama-1  | slot print_timing: id  0 | task 4047 |        eval time =     442.47 ms /     8 tokens (   63.21 ms per token,    15.82 tokens per second)
ollama-1  | slot print_timing: id  0 | task 4047 |       total time =    4912.67 ms /   381 tokens
ollama-1  | slot print_timing: id  0 | task 4047 |    graphs reused =       2795
ollama-1  | slot      release: id  0 | task 4047 | stop processing: n_tokens = 708, truncated = 0
ollama-1  | srv  update_slots: all slots are idle
ollama-1  | [GIN] 2026/10/07 - 10:06:14 | 200 |  4.926517422s |      172.18.0.4 | POST     "/api/generate"
ollama-1  | srv  server_strea: conv_id= (empty=1)
ollama-1  | slot get_availabl: id  0 | task -1 |  - checking sim = 0.718 (328/457) > 0.100
ollama-1  | slot get_availabl: id  0 | task -1 | selected slot by LCP similarity, f_sim_best = 0.718 (> 0.100 thold), f_keep = 0.463
ollama-1  | srv  get_availabl: updating prompt cache
ollama-1  | srv   prompt_save:  - saving prompt with length 708, total state size = 22.133 MiB (draft: 0.000 MiB)
ollama-1  | srv          load:  - looking for better prompt, base f_keep = 0.463, f_sim = 0.718
ollama-1  | srv          load:    - prompt with length     694, lcp =     328, f_keep = 0.473, f_sim = 0.718
ollama-1  | srv          load:    - prompt with length     710, lcp =     328, f_keep = 0.462, f_sim = 0.718
ollama-1  | srv          load:    - prompt with length     785, lcp =     328, f_keep = 0.418, f_sim = 0.718
ollama-1  | srv          load:    - prompt with length     691, lcp =     328, f_keep = 0.475, f_sim = 0.718
ollama-1  | srv          load:    - prompt with length     702, lcp =     328, f_keep = 0.467, f_sim = 0.718
ollama-1  | srv          load:    - prompt with length     702, lcp =     328, f_keep = 0.467, f_sim = 0.718
ollama-1  | srv          load:    - prompt with length     668, lcp =     328, f_keep = 0.491, f_sim = 0.718
ollama-1  | srv          load:    - prompt with length     723, lcp =     328, f_keep = 0.454, f_sim = 0.718
ollama-1  | srv          load:    - prompt with length     787, lcp =     328, f_keep = 0.417, f_sim = 0.718
ollama-1  | srv          load:    - prompt with length     658, lcp =     328, f_keep = 0.498, f_sim = 0.718
ollama-1  | srv          load:    - prompt with length     757, lcp =     328, f_keep = 0.433, f_sim = 0.718
ollama-1  | srv          load:    - prompt with length     679, lcp =     328, f_keep = 0.483, f_sim = 0.718
ollama-1  | srv          load:    - prompt with length     795, lcp =     328, f_keep = 0.413, f_sim = 0.718
ollama-1  | srv          load:    - prompt with length     693, lcp =     328, f_keep = 0.473, f_sim = 0.718
ollama-1  | srv          load:    - prompt with length     689, lcp =     328, f_keep = 0.476, f_sim = 0.718
ollama-1  | srv          load:    - prompt with length     674, lcp =     328, f_keep = 0.487, f_sim = 0.718
ollama-1  | srv          load:    - prompt with length     657, lcp =     329, f_keep = 0.501, f_sim = 0.720
ollama-1  | srv          load:    - prompt with length     737, lcp =     329, f_keep = 0.446, f_sim = 0.720
ollama-1  | srv          load:    - prompt with length     736, lcp =     329, f_keep = 0.447, f_sim = 0.720
ollama-1  | srv          load:    - prompt with length     762, lcp =     328, f_keep = 0.430, f_sim = 0.718
ollama-1  | srv          load:    - prompt with length     712, lcp =     328, f_keep = 0.461, f_sim = 0.718
ollama-1  | srv          load:    - prompt with length     697, lcp =     328, f_keep = 0.471, f_sim = 0.718
ollama-1  | srv          load:    - prompt with length     776, lcp =     328, f_keep = 0.423, f_sim = 0.718
ollama-1  | srv          load:    - prompt with length     708, lcp =     328, f_keep = 0.463, f_sim = 0.718
ollama-1  | srv          load:  - found better prompt with f_keep = 0.501, f_sim = 0.720
ollama-1  | srv        update:  - cache state: 23 prompts, 516.917 MiB (limits: 8192.000 MiB, 4096 tokens, 262043 est)
ollama-1  | srv        update:    - prompt 0x2eeca960:     694 tokens, checkpoints:  0,    21.696 MiB
ollama-1  | srv        update:    - prompt 0x2e281e30:     710 tokens, checkpoints:  0,    22.196 MiB
ollama-1  | srv        update:    - prompt 0x2e282b20:     785 tokens, checkpoints:  0,    24.541 MiB
ollama-1  | srv        update:    - prompt 0x30ad8180:     691 tokens, checkpoints:  0,    21.602 MiB
ollama-1  | srv        update:    - prompt 0x2c5e6580:     702 tokens, checkpoints:  0,    21.946 MiB
ollama-1  | srv        update:    - prompt 0x30c0b130:     702 tokens, checkpoints:  0,    21.946 MiB
ollama-1  | srv        update:    - prompt 0x2c53b6f0:     668 tokens, checkpoints:  0,    20.883 MiB
ollama-1  | srv        update:    - prompt 0x2e2885c0:     723 tokens, checkpoints:  0,    22.602 MiB
ollama-1  | srv        update:    - prompt 0x2deaf160:     787 tokens, checkpoints:  0,    24.603 MiB
ollama-1  | srv        update:    - prompt 0x2c60efe0:     658 tokens, checkpoints:  0,    20.570 MiB
ollama-1  | srv        update:    - prompt 0x2c5d0c60:     757 tokens, checkpoints:  0,    23.665 MiB
ollama-1  | srv        update:    - prompt 0x2c5acbf0:     679 tokens, checkpoints:  0,    21.227 MiB
ollama-1  | srv        update:    - prompt 0x30b99130:     795 tokens, checkpoints:  0,    24.853 MiB
ollama-1  | srv        update:    - prompt 0x30c22850:     693 tokens, checkpoints:  0,    21.665 MiB
ollama-1  | srv        update:    - prompt 0x30b86c70:     689 tokens, checkpoints:  0,    21.540 MiB
ollama-1  | srv        update:    - prompt 0x30ae3f70:     674 tokens, checkpoints:  0,    21.071 MiB
ollama-1  | srv        update:    - prompt 0x39752f10:     737 tokens, checkpoints:  0,    23.040 MiB
ollama-1  | srv        update:    - prompt 0x2de98930:     736 tokens, checkpoints:  0,    23.009 MiB
ollama-1  | srv        update:    - prompt 0x2e283510:     762 tokens, checkpoints:  0,    23.822 MiB
ollama-1  | srv        update:    - prompt 0x309ddc70:     712 tokens, checkpoints:  0,    22.259 MiB
ollama-1  | srv        update:    - prompt 0x30b99080:     697 tokens, checkpoints:  0,    21.790 MiB
ollama-1  | srv        update:    - prompt 0x2e280050:     776 tokens, checkpoints:  0,    24.259 MiB
ollama-1  | srv        update:    - prompt 0x2c4bb840:     708 tokens, checkpoints:  0,    22.133 MiB
ollama-1  | srv  get_availabl: prompt cache update took 24.68 ms
ollama-1  | slot launch_slot_: id  0 | task -1 | sampler chain: logits -> ?penalties -> ?dry -> ?top-n-sigma -> top-k -> ?typical -> top-p -> ?min-p -> ?xtc -> temp-ext -> dist 
ollama-1  | slot launch_slot_: id  0 | task -1 | sampler params: 
ollama-1  | 	repeat_last_n = 64, repeat_penalty = 1.000, frequency_penalty = 0.000, presence_penalty = 0.000
ollama-1  | 	dry_multiplier = 0.000, dry_base = 1.750, dry_allowed_length = 2, dry_penalty_last_n = 64
ollama-1  | 	top_k = 40, top_p = 0.900, min_p = 0.000, xtc_probability = 0.000, xtc_threshold = 0.100, typical_p = 1.000, top_n_sigma = -1.000, temp = 0.000
ollama-1  | 	mirostat = 0, mirostat_lr = 0.100, mirostat_ent = 5.000, adaptive_target = -1.000, adaptive_decay = 0.900
ollama-1  | slot launch_slot_: id  0 | task 4056 | processing task, is_child = 0
ollama-1  | slot   operator(): id  0 | task 4056 | new prompt, n_ctx_slot = 4096, n_keep = 4, task.n_tokens = 457
ollama-1  | slot   operator(): id  0 | task 4056 | cached n_tokens = 329, memory_seq_rm [329, end)
ollama-1  | slot init_sampler: id  0 | task 4056 | init sampler, took 0.07 ms, tokens: text = 457, total = 457
ollama-1  | slot print_timing: id  0 | task 4056 | prompt eval time =    1490.38 ms /   128 tokens (   11.64 ms per token,    85.88 tokens per second)
ollama-1  | slot print_timing: id  0 | task 4056 |        eval time =     479.38 ms /     9 tokens (   59.92 ms per token,    16.69 tokens per second)
ollama-1  | slot print_timing: id  0 | task 4056 |       total time =    1969.76 ms /   137 tokens
ollama-1  | slot print_timing: id  0 | task 4056 |    graphs reused =       2802
ollama-1  | slot      release: id  0 | task 4056 | stop processing: n_tokens = 465, truncated = 0
ollama-1  | srv  update_slots: all slots are idle
ollama-1  | [GIN] 2026/10/07 - 10:06:16 | 200 |  2.003208596s |      172.18.0.4 | POST     "/api/generate"
ollama-1  | srv  server_strea: conv_id= (empty=1)
ollama-1  | slot get_availabl: id  0 | task -1 |  - checking sim = 0.472 (328/695) > 0.100
ollama-1  | slot get_availabl: id  0 | task -1 | selected slot by LCP similarity, f_sim_best = 0.472 (> 0.100 thold), f_keep = 0.705
ollama-1  | slot launch_slot_: id  0 | task -1 | sampler chain: logits -> ?penalties -> ?dry -> ?top-n-sigma -> top-k -> ?typical -> top-p -> ?min-p -> ?xtc -> temp-ext -> dist 
ollama-1  | slot launch_slot_: id  0 | task -1 | sampler params: 
ollama-1  | 	repeat_last_n = 64, repeat_penalty = 1.000, frequency_penalty = 0.000, presence_penalty = 0.000
ollama-1  | 	dry_multiplier = 0.000, dry_base = 1.750, dry_allowed_length = 2, dry_penalty_last_n = 64
ollama-1  | 	top_k = 40, top_p = 0.900, min_p = 0.000, xtc_probability = 0.000, xtc_threshold = 0.100, typical_p = 1.000, top_n_sigma = -1.000, temp = 0.000
ollama-1  | 	mirostat = 0, mirostat_lr = 0.100, mirostat_ent = 5.000, adaptive_target = -1.000, adaptive_decay = 0.900
ollama-1  | slot launch_slot_: id  0 | task 4066 | processing task, is_child = 0
ollama-1  | slot   operator(): id  0 | task 4066 | new prompt, n_ctx_slot = 4096, n_keep = 4, task.n_tokens = 695
ollama-1  | slot   operator(): id  0 | task 4066 | cached n_tokens = 328, memory_seq_rm [328, end)
ollama-1  | slot init_sampler: id  0 | task 4066 | init sampler, took 0.12 ms, tokens: text = 695, total = 695
ollama-1  | [GIN] 2026/10/07 - 10:06:19 | 200 |     101.543µs |       127.0.0.1 | HEAD     "/"
ollama-1  | [GIN] 2026/10/07 - 10:06:19 | 200 |     5.66709ms |       127.0.0.1 | GET      "/api/tags"
ollama-1  | slot print_timing: id  0 | task 4066 | prompt eval time =    4333.54 ms /   367 tokens (   11.81 ms per token,    84.69 tokens per second)
ollama-1  | slot print_timing: id  0 | task 4066 |        eval time =     453.04 ms /     8 tokens (   64.72 ms per token,    15.45 tokens per second)
ollama-1  | slot print_timing: id  0 | task 4066 |       total time =    4786.58 ms /   375 tokens
ollama-1  | slot print_timing: id  0 | task 4066 |    graphs reused =       2808
ollama-1  | slot      release: id  0 | task 4066 | stop processing: n_tokens = 702, truncated = 0
ollama-1  | srv  update_slots: all slots are idle
ollama-1  | [GIN] 2026/10/07 - 10:06:20 | 200 |  4.795497197s |      172.18.0.4 | POST     "/api/generate"
ollama-1  | srv  server_strea: conv_id= (empty=1)
ollama-1  | slot get_availabl: id  0 | task -1 |  - checking sim = 0.663 (328/495) > 0.100
ollama-1  | slot get_availabl: id  0 | task -1 | selected slot by LCP similarity, f_sim_best = 0.663 (> 0.100 thold), f_keep = 0.467
ollama-1  | srv  get_availabl: updating prompt cache
ollama-1  | srv   prompt_save:  - saving prompt with length 702, total state size = 21.946 MiB (draft: 0.000 MiB)
ollama-1  | srv         alloc:  - prompt is already in the cache, skipping
ollama-1  | srv          load:  - looking for better prompt, base f_keep = 0.467, f_sim = 0.663
ollama-1  | srv          load:    - prompt with length     694, lcp =     328, f_keep = 0.473, f_sim = 0.663
ollama-1  | srv          load:    - prompt with length     710, lcp =     328, f_keep = 0.462, f_sim = 0.663
ollama-1  | srv          load:    - prompt with length     785, lcp =     328, f_keep = 0.418, f_sim = 0.663
ollama-1  | srv          load:    - prompt with length     691, lcp =     328, f_keep = 0.475, f_sim = 0.663
ollama-1  | srv          load:    - prompt with length     702, lcp =     328, f_keep = 0.467, f_sim = 0.663
ollama-1  | srv          load:    - prompt with length     702, lcp =     328, f_keep = 0.467, f_sim = 0.663
ollama-1  | srv          load:    - prompt with length     668, lcp =     328, f_keep = 0.491, f_sim = 0.663
ollama-1  | srv          load:    - prompt with length     723, lcp =     328, f_keep = 0.454, f_sim = 0.663
ollama-1  | srv          load:    - prompt with length     787, lcp =     328, f_keep = 0.417, f_sim = 0.663
ollama-1  | srv          load:    - prompt with length     658, lcp =     328, f_keep = 0.498, f_sim = 0.663
ollama-1  | srv          load:    - prompt with length     757, lcp =     328, f_keep = 0.433, f_sim = 0.663
ollama-1  | srv          load:    - prompt with length     679, lcp =     328, f_keep = 0.483, f_sim = 0.663
ollama-1  | srv          load:    - prompt with length     795, lcp =     328, f_keep = 0.413, f_sim = 0.663
ollama-1  | srv          load:    - prompt with length     693, lcp =     328, f_keep = 0.473, f_sim = 0.663
ollama-1  | srv          load:    - prompt with length     689, lcp =     328, f_keep = 0.476, f_sim = 0.663
ollama-1  | srv          load:    - prompt with length     674, lcp =     328, f_keep = 0.487, f_sim = 0.663
ollama-1  | srv          load:    - prompt with length     737, lcp =     329, f_keep = 0.446, f_sim = 0.665
ollama-1  | srv          load:    - prompt with length     736, lcp =     329, f_keep = 0.447, f_sim = 0.665
ollama-1  | srv          load:    - prompt with length     762, lcp =     328, f_keep = 0.430, f_sim = 0.663
ollama-1  | srv          load:    - prompt with length     712, lcp =     328, f_keep = 0.461, f_sim = 0.663
ollama-1  | srv          load:    - prompt with length     697, lcp =     328, f_keep = 0.471, f_sim = 0.663
ollama-1  | srv          load:    - prompt with length     776, lcp =     328, f_keep = 0.423, f_sim = 0.663
ollama-1  | srv          load:    - prompt with length     708, lcp =     328, f_keep = 0.463, f_sim = 0.663
ollama-1  | srv        update:  - cache state: 23 prompts, 516.917 MiB (limits: 8192.000 MiB, 4096 tokens, 262043 est)
ollama-1  | srv        update:    - prompt 0x2eeca960:     694 tokens, checkpoints:  0,    21.696 MiB
ollama-1  | srv        update:    - prompt 0x2e281e30:     710 tokens, checkpoints:  0,    22.196 MiB
ollama-1  | srv        update:    - prompt 0x2e282b20:     785 tokens, checkpoints:  0,    24.541 MiB
ollama-1  | srv        update:    - prompt 0x30ad8180:     691 tokens, checkpoints:  0,    21.602 MiB
ollama-1  | srv        update:    - prompt 0x2c5e6580:     702 tokens, checkpoints:  0,    21.946 MiB
ollama-1  | srv        update:    - prompt 0x30c0b130:     702 tokens, checkpoints:  0,    21.946 MiB
ollama-1  | srv        update:    - prompt 0x2c53b6f0:     668 tokens, checkpoints:  0,    20.883 MiB
ollama-1  | srv        update:    - prompt 0x2e2885c0:     723 tokens, checkpoints:  0,    22.602 MiB
ollama-1  | srv        update:    - prompt 0x2deaf160:     787 tokens, checkpoints:  0,    24.603 MiB
ollama-1  | srv        update:    - prompt 0x2c60efe0:     658 tokens, checkpoints:  0,    20.570 MiB
ollama-1  | srv        update:    - prompt 0x2c5d0c60:     757 tokens, checkpoints:  0,    23.665 MiB
ollama-1  | srv        update:    - prompt 0x2c5acbf0:     679 tokens, checkpoints:  0,    21.227 MiB
ollama-1  | srv        update:    - prompt 0x30b99130:     795 tokens, checkpoints:  0,    24.853 MiB
ollama-1  | srv        update:    - prompt 0x30c22850:     693 tokens, checkpoints:  0,    21.665 MiB
ollama-1  | srv        update:    - prompt 0x30b86c70:     689 tokens, checkpoints:  0,    21.540 MiB
ollama-1  | srv        update:    - prompt 0x30ae3f70:     674 tokens, checkpoints:  0,    21.071 MiB
ollama-1  | srv        update:    - prompt 0x39752f10:     737 tokens, checkpoints:  0,    23.040 MiB
ollama-1  | srv        update:    - prompt 0x2de98930:     736 tokens, checkpoints:  0,    23.009 MiB
ollama-1  | srv        update:    - prompt 0x2e283510:     762 tokens, checkpoints:  0,    23.822 MiB
ollama-1  | srv        update:    - prompt 0x309ddc70:     712 tokens, checkpoints:  0,    22.259 MiB
ollama-1  | srv        update:    - prompt 0x30b99080:     697 tokens, checkpoints:  0,    21.790 MiB
ollama-1  | srv        update:    - prompt 0x2e280050:     776 tokens, checkpoints:  0,    24.259 MiB
ollama-1  | srv        update:    - prompt 0x2c4bb840:     708 tokens, checkpoints:  0,    22.133 MiB
ollama-1  | srv  get_availabl: prompt cache update took 0.17 ms
ollama-1  | slot launch_slot_: id  0 | task -1 | sampler chain: logits -> ?penalties -> ?dry -> ?top-n-sigma -> top-k -> ?typical -> top-p -> ?min-p -> ?xtc -> temp-ext -> dist 
ollama-1  | slot launch_slot_: id  0 | task -1 | sampler params: 
ollama-1  | 	repeat_last_n = 64, repeat_penalty = 1.000, frequency_penalty = 0.000, presence_penalty = 0.000
ollama-1  | 	dry_multiplier = 0.000, dry_base = 1.750, dry_allowed_length = 2, dry_penalty_last_n = 64
ollama-1  | 	top_k = 40, top_p = 0.900, min_p = 0.000, xtc_probability = 0.000, xtc_threshold = 0.100, typical_p = 1.000, top_n_sigma = -1.000, temp = 0.000
ollama-1  | 	mirostat = 0, mirostat_lr = 0.100, mirostat_ent = 5.000, adaptive_target = -1.000, adaptive_decay = 0.900
ollama-1  | slot launch_slot_: id  0 | task 4075 | processing task, is_child = 0
ollama-1  | slot   operator(): id  0 | task 4075 | new prompt, n_ctx_slot = 4096, n_keep = 4, task.n_tokens = 495
ollama-1  | slot   operator(): id  0 | task 4075 | cached n_tokens = 328, memory_seq_rm [328, end)
ollama-1  | slot init_sampler: id  0 | task 4075 | init sampler, took 0.09 ms, tokens: text = 495, total = 495
ollama-1  | slot print_timing: id  0 | task 4075 | prompt eval time =    2149.61 ms /   167 tokens (   12.87 ms per token,    77.69 tokens per second)
ollama-1  | slot print_timing: id  0 | task 4075 |        eval time =     466.60 ms /     8 tokens (   66.66 ms per token,    15.00 tokens per second)
ollama-1  | slot print_timing: id  0 | task 4075 |       total time =    2616.22 ms /   175 tokens
ollama-1  | slot print_timing: id  0 | task 4075 |    graphs reused =       2814
ollama-1  | slot      release: id  0 | task 4075 | stop processing: n_tokens = 502, truncated = 0
ollama-1  | srv  update_slots: all slots are idle
ollama-1  | [GIN] 2026/10/07 - 10:06:23 | 200 |  2.627788526s |      172.18.0.4 | POST     "/api/generate"
ollama-1  | srv  server_strea: conv_id= (empty=1)
ollama-1  | slot get_availabl: id  0 | task -1 |  - checking sim = 0.724 (328/453) > 0.100
ollama-1  | slot get_availabl: id  0 | task -1 | selected slot by LCP similarity, f_sim_best = 0.724 (> 0.100 thold), f_keep = 0.653
ollama-1  | slot launch_slot_: id  0 | task -1 | sampler chain: logits -> ?penalties -> ?dry -> ?top-n-sigma -> top-k -> ?typical -> top-p -> ?min-p -> ?xtc -> temp-ext -> dist 
ollama-1  | slot launch_slot_: id  0 | task -1 | sampler params: 
ollama-1  | 	repeat_last_n = 64, repeat_penalty = 1.000, frequency_penalty = 0.000, presence_penalty = 0.000
ollama-1  | 	dry_multiplier = 0.000, dry_base = 1.750, dry_allowed_length = 2, dry_penalty_last_n = 64
ollama-1  | 	top_k = 40, top_p = 0.900, min_p = 0.000, xtc_probability = 0.000, xtc_threshold = 0.100, typical_p = 1.000, top_n_sigma = -1.000, temp = 0.000
ollama-1  | 	mirostat = 0, mirostat_lr = 0.100, mirostat_ent = 5.000, adaptive_target = -1.000, adaptive_decay = 0.900
ollama-1  | slot launch_slot_: id  0 | task 4084 | processing task, is_child = 0
ollama-1  | slot   operator(): id  0 | task 4084 | new prompt, n_ctx_slot = 4096, n_keep = 4, task.n_tokens = 453
ollama-1  | slot   operator(): id  0 | task 4084 | cached n_tokens = 328, memory_seq_rm [328, end)
ollama-1  | slot init_sampler: id  0 | task 4084 | init sampler, took 0.08 ms, tokens: text = 453, total = 453
ollama-1  | slot print_timing: id  0 | task 4084 | prompt eval time =    1612.97 ms /   125 tokens (   12.90 ms per token,    77.50 tokens per second)
ollama-1  | slot print_timing: id  0 | task 4084 |        eval time =     467.30 ms /     8 tokens (   66.76 ms per token,    14.98 tokens per second)
ollama-1  | slot print_timing: id  0 | task 4084 |       total time =    2080.27 ms /   133 tokens
ollama-1  | slot print_timing: id  0 | task 4084 |    graphs reused =       2820
ollama-1  | slot      release: id  0 | task 4084 | stop processing: n_tokens = 460, truncated = 0
ollama-1  | srv  update_slots: all slots are idle
ollama-1  | [GIN] 2026/10/07 - 10:06:25 | 200 |  2.089304016s |      172.18.0.4 | POST     "/api/generate"
ollama-1  | srv  server_strea: conv_id= (empty=1)
ollama-1  | slot get_availabl: id  0 | task -1 |  - checking sim = 0.472 (328/695) > 0.100
ollama-1  | slot get_availabl: id  0 | task -1 | selected slot by LCP similarity, f_sim_best = 0.472 (> 0.100 thold), f_keep = 0.713
ollama-1  | slot launch_slot_: id  0 | task -1 | sampler chain: logits -> ?penalties -> ?dry -> ?top-n-sigma -> top-k -> ?typical -> top-p -> ?min-p -> ?xtc -> temp-ext -> dist 
ollama-1  | slot launch_slot_: id  0 | task -1 | sampler params: 
ollama-1  | 	repeat_last_n = 64, repeat_penalty = 1.000, frequency_penalty = 0.000, presence_penalty = 0.000
ollama-1  | 	dry_multiplier = 0.000, dry_base = 1.750, dry_allowed_length = 2, dry_penalty_last_n = 64
ollama-1  | 	top_k = 40, top_p = 0.900, min_p = 0.000, xtc_probability = 0.000, xtc_threshold = 0.100, typical_p = 1.000, top_n_sigma = -1.000, temp = 0.000
ollama-1  | 	mirostat = 0, mirostat_lr = 0.100, mirostat_ent = 5.000, adaptive_target = -1.000, adaptive_decay = 0.900
ollama-1  | slot launch_slot_: id  0 | task 4093 | processing task, is_child = 0
ollama-1  | slot   operator(): id  0 | task 4093 | new prompt, n_ctx_slot = 4096, n_keep = 4, task.n_tokens = 695
ollama-1  | slot   operator(): id  0 | task 4093 | cached n_tokens = 328, memory_seq_rm [328, end)
ollama-1  | slot init_sampler: id  0 | task 4093 | init sampler, took 0.12 ms, tokens: text = 695, total = 695
ollama-1  | [GIN] 2026/10/07 - 10:06:29 | 200 |      48.476µs |       127.0.0.1 | HEAD     "/"
ollama-1  | [GIN] 2026/10/07 - 10:06:29 | 200 |    5.213948ms |       127.0.0.1 | GET      "/api/tags"
ollama-1  | slot print_timing: id  0 | task 4093 | prompt eval time =    4162.21 ms /   367 tokens (   11.34 ms per token,    88.17 tokens per second)
ollama-1  | slot print_timing: id  0 | task 4093 |        eval time =     388.96 ms /     8 tokens (   55.57 ms per token,    18.00 tokens per second)
ollama-1  | slot print_timing: id  0 | task 4093 |       total time =    4551.18 ms /   375 tokens
ollama-1  | slot print_timing: id  0 | task 4093 |    graphs reused =       2826
ollama-1  | slot      release: id  0 | task 4093 | stop processing: n_tokens = 702, truncated = 0
ollama-1  | srv  update_slots: all slots are idle
ollama-1  | [GIN] 2026/10/07 - 10:06:30 | 200 |   4.56068594s |      172.18.0.4 | POST     "/api/generate"
ollama-1  | srv  server_strea: conv_id= (empty=1)
ollama-1  | slot get_availabl: id  0 | task -1 |  - checking sim = 0.661 (329/498) > 0.100
ollama-1  | slot get_availabl: id  0 | task -1 | selected slot by LCP similarity, f_sim_best = 0.661 (> 0.100 thold), f_keep = 0.469
ollama-1  | srv  get_availabl: updating prompt cache
ollama-1  | srv   prompt_save:  - saving prompt with length 702, total state size = 21.946 MiB (draft: 0.000 MiB)
ollama-1  | srv         alloc:  - prompt is already in the cache, skipping
ollama-1  | srv          load:  - looking for better prompt, base f_keep = 0.469, f_sim = 0.661
ollama-1  | srv          load:    - prompt with length     694, lcp =     328, f_keep = 0.473, f_sim = 0.659
ollama-1  | srv          load:    - prompt with length     710, lcp =     328, f_keep = 0.462, f_sim = 0.659
ollama-1  | srv          load:    - prompt with length     785, lcp =     328, f_keep = 0.418, f_sim = 0.659
ollama-1  | srv          load:    - prompt with length     691, lcp =     328, f_keep = 0.475, f_sim = 0.659
ollama-1  | srv          load:    - prompt with length     702, lcp =     328, f_keep = 0.467, f_sim = 0.659
ollama-1  | srv          load:    - prompt with length     702, lcp =     329, f_keep = 0.469, f_sim = 0.661
ollama-1  | srv          load:    - prompt with length     668, lcp =     328, f_keep = 0.491, f_sim = 0.659
ollama-1  | srv          load:    - prompt with length     723, lcp =     328, f_keep = 0.454, f_sim = 0.659
ollama-1  | srv          load:    - prompt with length     787, lcp =     328, f_keep = 0.417, f_sim = 0.659
ollama-1  | srv          load:    - prompt with length     658, lcp =     328, f_keep = 0.498, f_sim = 0.659
ollama-1  | srv          load:    - prompt with length     757, lcp =     333, f_keep = 0.440, f_sim = 0.669
ollama-1  | srv          load:    - prompt with length     679, lcp =     328, f_keep = 0.483, f_sim = 0.659
ollama-1  | srv          load:    - prompt with length     795, lcp =     328, f_keep = 0.413, f_sim = 0.659
ollama-1  | srv          load:    - prompt with length     693, lcp =     328, f_keep = 0.473, f_sim = 0.659
ollama-1  | srv          load:    - prompt with length     689, lcp =     328, f_keep = 0.476, f_sim = 0.659
ollama-1  | srv          load:    - prompt with length     674, lcp =     328, f_keep = 0.487, f_sim = 0.659
ollama-1  | srv          load:    - prompt with length     737, lcp =     328, f_keep = 0.445, f_sim = 0.659
ollama-1  | srv          load:    - prompt with length     736, lcp =     328, f_keep = 0.446, f_sim = 0.659
ollama-1  | srv          load:    - prompt with length     762, lcp =     328, f_keep = 0.430, f_sim = 0.659
ollama-1  | srv          load:    - prompt with length     712, lcp =     328, f_keep = 0.461, f_sim = 0.659
ollama-1  | srv          load:    - prompt with length     697, lcp =     328, f_keep = 0.471, f_sim = 0.659
ollama-1  | srv          load:    - prompt with length     776, lcp =     328, f_keep = 0.423, f_sim = 0.659
ollama-1  | srv          load:    - prompt with length     708, lcp =     333, f_keep = 0.470, f_sim = 0.669
ollama-1  | srv          load:  - found better prompt with f_keep = 0.470, f_sim = 0.669
ollama-1  | srv        update:  - cache state: 22 prompts, 494.783 MiB (limits: 8192.000 MiB, 4096 tokens, 262043 est)
ollama-1  | srv        update:    - prompt 0x2eeca960:     694 tokens, checkpoints:  0,    21.696 MiB
ollama-1  | srv        update:    - prompt 0x2e281e30:     710 tokens, checkpoints:  0,    22.196 MiB
ollama-1  | srv        update:    - prompt 0x2e282b20:     785 tokens, checkpoints:  0,    24.541 MiB
ollama-1  | srv        update:    - prompt 0x30ad8180:     691 tokens, checkpoints:  0,    21.602 MiB
ollama-1  | srv        update:    - prompt 0x2c5e6580:     702 tokens, checkpoints:  0,    21.946 MiB
ollama-1  | srv        update:    - prompt 0x30c0b130:     702 tokens, checkpoints:  0,    21.946 MiB
ollama-1  | srv        update:    - prompt 0x2c53b6f0:     668 tokens, checkpoints:  0,    20.883 MiB
ollama-1  | srv        update:    - prompt 0x2e2885c0:     723 tokens, checkpoints:  0,    22.602 MiB
ollama-1  | srv        update:    - prompt 0x2deaf160:     787 tokens, checkpoints:  0,    24.603 MiB
ollama-1  | srv        update:    - prompt 0x2c60efe0:     658 tokens, checkpoints:  0,    20.570 MiB
ollama-1  | srv        update:    - prompt 0x2c5d0c60:     757 tokens, checkpoints:  0,    23.665 MiB
ollama-1  | srv        update:    - prompt 0x2c5acbf0:     679 tokens, checkpoints:  0,    21.227 MiB
ollama-1  | srv        update:    - prompt 0x30b99130:     795 tokens, checkpoints:  0,    24.853 MiB
ollama-1  | srv        update:    - prompt 0x30c22850:     693 tokens, checkpoints:  0,    21.665 MiB
ollama-1  | srv        update:    - prompt 0x30b86c70:     689 tokens, checkpoints:  0,    21.540 MiB
ollama-1  | srv        update:    - prompt 0x30ae3f70:     674 tokens, checkpoints:  0,    21.071 MiB
ollama-1  | srv        update:    - prompt 0x39752f10:     737 tokens, checkpoints:  0,    23.040 MiB
ollama-1  | srv        update:    - prompt 0x2de98930:     736 tokens, checkpoints:  0,    23.009 MiB
ollama-1  | srv        update:    - prompt 0x2e283510:     762 tokens, checkpoints:  0,    23.822 MiB
ollama-1  | srv        update:    - prompt 0x309ddc70:     712 tokens, checkpoints:  0,    22.259 MiB
ollama-1  | srv        update:    - prompt 0x30b99080:     697 tokens, checkpoints:  0,    21.790 MiB
ollama-1  | srv        update:    - prompt 0x2e280050:     776 tokens, checkpoints:  0,    24.259 MiB
ollama-1  | srv  get_availabl: prompt cache update took 3.23 ms
ollama-1  | slot launch_slot_: id  0 | task -1 | sampler chain: logits -> ?penalties -> ?dry -> ?top-n-sigma -> top-k -> ?typical -> top-p -> ?min-p -> ?xtc -> temp-ext -> dist 
ollama-1  | slot launch_slot_: id  0 | task -1 | sampler params: 
ollama-1  | 	repeat_last_n = 64, repeat_penalty = 1.000, frequency_penalty = 0.000, presence_penalty = 0.000
ollama-1  | 	dry_multiplier = 0.000, dry_base = 1.750, dry_allowed_length = 2, dry_penalty_last_n = 64
ollama-1  | 	top_k = 40, top_p = 0.900, min_p = 0.000, xtc_probability = 0.000, xtc_threshold = 0.100, typical_p = 1.000, top_n_sigma = -1.000, temp = 0.000
ollama-1  | 	mirostat = 0, mirostat_lr = 0.100, mirostat_ent = 5.000, adaptive_target = -1.000, adaptive_decay = 0.900
ollama-1  | slot launch_slot_: id  0 | task 4102 | processing task, is_child = 0
ollama-1  | slot   operator(): id  0 | task 4102 | new prompt, n_ctx_slot = 4096, n_keep = 4, task.n_tokens = 498
ollama-1  | slot   operator(): id  0 | task 4102 | cached n_tokens = 333, memory_seq_rm [333, end)
ollama-1  | slot init_sampler: id  0 | task 4102 | init sampler, took 0.07 ms, tokens: text = 498, total = 498
ollama-1  | slot print_timing: id  0 | task 4102 | prompt eval time =    1711.04 ms /   165 tokens (   10.37 ms per token,    96.43 tokens per second)
ollama-1  | slot print_timing: id  0 | task 4102 |        eval time =     418.41 ms /     9 tokens (   52.30 ms per token,    19.12 tokens per second)
ollama-1  | slot print_timing: id  0 | task 4102 |       total time =    2129.45 ms /   174 tokens
ollama-1  | slot print_timing: id  0 | task 4102 |    graphs reused =       2833
ollama-1  | slot      release: id  0 | task 4102 | stop processing: n_tokens = 506, truncated = 0
ollama-1  | srv  update_slots: all slots are idle
ollama-1  | [GIN] 2026/10/07 - 10:06:32 | 200 |  2.140513786s |      172.18.0.4 | POST     "/api/generate"
ollama-1  | srv  server_strea: conv_id= (empty=1)
ollama-1  | slot get_availabl: id  0 | task -1 |  - checking sim = 0.496 (328/661) > 0.100
ollama-1  | slot get_availabl: id  0 | task -1 | selected slot by LCP similarity, f_sim_best = 0.496 (> 0.100 thold), f_keep = 0.648
ollama-1  | slot launch_slot_: id  0 | task -1 | sampler chain: logits -> ?penalties -> ?dry -> ?top-n-sigma -> top-k -> ?typical -> top-p -> ?min-p -> ?xtc -> temp-ext -> dist 
ollama-1  | slot launch_slot_: id  0 | task -1 | sampler params: 
ollama-1  | 	repeat_last_n = 64, repeat_penalty = 1.000, frequency_penalty = 0.000, presence_penalty = 0.000
ollama-1  | 	dry_multiplier = 0.000, dry_base = 1.750, dry_allowed_length = 2, dry_penalty_last_n = 64
ollama-1  | 	top_k = 40, top_p = 0.900, min_p = 0.000, xtc_probability = 0.000, xtc_threshold = 0.100, typical_p = 1.000, top_n_sigma = -1.000, temp = 0.000
ollama-1  | 	mirostat = 0, mirostat_lr = 0.100, mirostat_ent = 5.000, adaptive_target = -1.000, adaptive_decay = 0.900
ollama-1  | slot launch_slot_: id  0 | task 4112 | processing task, is_child = 0
ollama-1  | slot   operator(): id  0 | task 4112 | new prompt, n_ctx_slot = 4096, n_keep = 4, task.n_tokens = 661
ollama-1  | slot   operator(): id  0 | task 4112 | cached n_tokens = 328, memory_seq_rm [328, end)
ollama-1  | slot init_sampler: id  0 | task 4112 | init sampler, took 0.09 ms, tokens: text = 661, total = 661
ollama-1  | slot print_timing: id  0 | task 4112 | prompt eval time =    3582.90 ms /   333 tokens (   10.76 ms per token,    92.94 tokens per second)
ollama-1  | slot print_timing: id  0 | task 4112 |        eval time =     445.45 ms /     8 tokens (   63.64 ms per token,    15.71 tokens per second)
ollama-1  | slot print_timing: id  0 | task 4112 |       total time =    4028.35 ms /   341 tokens
ollama-1  | slot print_timing: id  0 | task 4112 |    graphs reused =       2839
ollama-1  | slot      release: id  0 | task 4112 | stop processing: n_tokens = 668, truncated = 0
ollama-1  | srv  update_slots: all slots are idle
ollama-1  | [GIN] 2026/10/07 - 10:06:36 | 200 |  4.036893802s |      172.18.0.4 | POST     "/api/generate"
ollama-1  | srv  server_strea: conv_id= (empty=1)
ollama-1  | slot get_availabl: id  0 | task -1 |  - checking sim = 0.480 (328/684) > 0.100
ollama-1  | slot get_availabl: id  0 | task -1 | selected slot by LCP similarity, f_sim_best = 0.480 (> 0.100 thold), f_keep = 0.491
ollama-1  | srv  get_availabl: updating prompt cache
ollama-1  | srv   prompt_save:  - saving prompt with length 668, total state size = 20.883 MiB (draft: 0.000 MiB)
ollama-1  | srv         alloc:  - prompt is already in the cache, skipping
ollama-1  | srv          load:  - looking for better prompt, base f_keep = 0.491, f_sim = 0.480
ollama-1  | srv          load:    - prompt with length     694, lcp =     328, f_keep = 0.473, f_sim = 0.480
ollama-1  | srv          load:    - prompt with length     710, lcp =     328, f_keep = 0.462, f_sim = 0.480
ollama-1  | srv          load:    - prompt with length     785, lcp =     328, f_keep = 0.418, f_sim = 0.480
ollama-1  | srv          load:    - prompt with length     691, lcp =     328, f_keep = 0.475, f_sim = 0.480
ollama-1  | srv          load:    - prompt with length     702, lcp =     328, f_keep = 0.467, f_sim = 0.480
ollama-1  | srv          load:    - prompt with length     702, lcp =     328, f_keep = 0.467, f_sim = 0.480
ollama-1  | srv          load:    - prompt with length     668, lcp =     328, f_keep = 0.491, f_sim = 0.480
ollama-1  | srv          load:    - prompt with length     723, lcp =     328, f_keep = 0.454, f_sim = 0.480
ollama-1  | srv          load:    - prompt with length     787, lcp =     328, f_keep = 0.417, f_sim = 0.480
ollama-1  | srv          load:    - prompt with length     658, lcp =     328, f_keep = 0.498, f_sim = 0.480
ollama-1  | srv          load:    - prompt with length     757, lcp =     328, f_keep = 0.433, f_sim = 0.480
ollama-1  | srv          load:    - prompt with length     679, lcp =     328, f_keep = 0.483, f_sim = 0.480
ollama-1  | srv          load:    - prompt with length     795, lcp =     328, f_keep = 0.413, f_sim = 0.480
ollama-1  | srv          load:    - prompt with length     693, lcp =     684, f_keep = 0.987, f_sim = 1.000
ollama-1  | srv          load:    - prompt with length     689, lcp =     328, f_keep = 0.476, f_sim = 0.480
ollama-1  | srv          load:    - prompt with length     674, lcp =     328, f_keep = 0.487, f_sim = 0.480
ollama-1  | srv          load:    - prompt with length     737, lcp =     328, f_keep = 0.445, f_sim = 0.480
ollama-1  | srv          load:    - prompt with length     736, lcp =     328, f_keep = 0.446, f_sim = 0.480
ollama-1  | srv          load:    - prompt with length     762, lcp =     328, f_keep = 0.430, f_sim = 0.480
ollama-1  | srv          load:    - prompt with length     712, lcp =     328, f_keep = 0.461, f_sim = 0.480
ollama-1  | srv          load:    - prompt with length     697, lcp =     328, f_keep = 0.471, f_sim = 0.480
ollama-1  | srv          load:    - prompt with length     776, lcp =     328, f_keep = 0.423, f_sim = 0.480
ollama-1  | srv          load:  - found better prompt with f_keep = 0.987, f_sim = 1.000
ollama-1  | srv        update:  - cache state: 21 prompts, 473.119 MiB (limits: 8192.000 MiB, 4096 tokens, 262043 est)
ollama-1  | srv        update:    - prompt 0x2eeca960:     694 tokens, checkpoints:  0,    21.696 MiB
ollama-1  | srv        update:    - prompt 0x2e281e30:     710 tokens, checkpoints:  0,    22.196 MiB
ollama-1  | srv        update:    - prompt 0x2e282b20:     785 tokens, checkpoints:  0,    24.541 MiB
ollama-1  | srv        update:    - prompt 0x30ad8180:     691 tokens, checkpoints:  0,    21.602 MiB
ollama-1  | srv        update:    - prompt 0x2c5e6580:     702 tokens, checkpoints:  0,    21.946 MiB
ollama-1  | srv        update:    - prompt 0x30c0b130:     702 tokens, checkpoints:  0,    21.946 MiB
ollama-1  | srv        update:    - prompt 0x2c53b6f0:     668 tokens, checkpoints:  0,    20.883 MiB
ollama-1  | srv        update:    - prompt 0x2e2885c0:     723 tokens, checkpoints:  0,    22.602 MiB
ollama-1  | srv        update:    - prompt 0x2deaf160:     787 tokens, checkpoints:  0,    24.603 MiB
ollama-1  | srv        update:    - prompt 0x2c60efe0:     658 tokens, checkpoints:  0,    20.570 MiB
ollama-1  | srv        update:    - prompt 0x2c5d0c60:     757 tokens, checkpoints:  0,    23.665 MiB
ollama-1  | srv        update:    - prompt 0x2c5acbf0:     679 tokens, checkpoints:  0,    21.227 MiB
ollama-1  | srv        update:    - prompt 0x30b99130:     795 tokens, checkpoints:  0,    24.853 MiB
ollama-1  | srv        update:    - prompt 0x30b86c70:     689 tokens, checkpoints:  0,    21.540 MiB
ollama-1  | srv        update:    - prompt 0x30ae3f70:     674 tokens, checkpoints:  0,    21.071 MiB
ollama-1  | srv        update:    - prompt 0x39752f10:     737 tokens, checkpoints:  0,    23.040 MiB
ollama-1  | srv        update:    - prompt 0x2de98930:     736 tokens, checkpoints:  0,    23.009 MiB
ollama-1  | srv        update:    - prompt 0x2e283510:     762 tokens, checkpoints:  0,    23.822 MiB
ollama-1  | srv        update:    - prompt 0x309ddc70:     712 tokens, checkpoints:  0,    22.259 MiB
ollama-1  | srv        update:    - prompt 0x30b99080:     697 tokens, checkpoints:  0,    21.790 MiB
ollama-1  | srv        update:    - prompt 0x2e280050:     776 tokens, checkpoints:  0,    24.259 MiB
ollama-1  | srv  get_availabl: prompt cache update took 4.55 ms
ollama-1  | slot launch_slot_: id  0 | task -1 | sampler chain: logits -> ?penalties -> ?dry -> ?top-n-sigma -> top-k -> ?typical -> top-p -> ?min-p -> ?xtc -> temp-ext -> dist 
ollama-1  | slot launch_slot_: id  0 | task -1 | sampler params: 
ollama-1  | 	repeat_last_n = 64, repeat_penalty = 1.000, frequency_penalty = 0.000, presence_penalty = 0.000
ollama-1  | 	dry_multiplier = 0.000, dry_base = 1.750, dry_allowed_length = 2, dry_penalty_last_n = 64
ollama-1  | 	top_k = 40, top_p = 0.900, min_p = 0.000, xtc_probability = 0.000, xtc_threshold = 0.100, typical_p = 1.000, top_n_sigma = -1.000, temp = 0.000
ollama-1  | 	mirostat = 0, mirostat_lr = 0.100, mirostat_ent = 5.000, adaptive_target = -1.000, adaptive_decay = 0.900
ollama-1  | slot launch_slot_: id  0 | task 4121 | processing task, is_child = 0
ollama-1  | slot   operator(): id  0 | task 4121 | new prompt, n_ctx_slot = 4096, n_keep = 4, task.n_tokens = 684
ollama-1  | slot   operator(): id  0 | task 4121 | need to evaluate at least 1 token for each active slot (n_past = 684, task.n_tokens() = 684)
ollama-1  | slot   operator(): id  0 | task 4121 | n_past was set to 683
ollama-1  | slot   operator(): id  0 | task 4121 | cached n_tokens = 683, memory_seq_rm [683, end)
ollama-1  | slot init_sampler: id  0 | task 4121 | init sampler, took 0.09 ms, tokens: text = 684, total = 684
ollama-1  | slot print_timing: id  0 | task 4121 | prompt eval time =      48.15 ms /     1 tokens (   48.15 ms per token,    20.77 tokens per second)
ollama-1  | slot print_timing: id  0 | task 4121 |        eval time =     465.48 ms /    10 tokens (   51.72 ms per token,    19.34 tokens per second)
ollama-1  | slot print_timing: id  0 | task 4121 |       total time =     513.63 ms /    11 tokens
ollama-1  | slot print_timing: id  0 | task 4121 |    graphs reused =       2849
ollama-1  | slot      release: id  0 | task 4121 | stop processing: n_tokens = 693, truncated = 0
ollama-1  | srv  update_slots: all slots are idle
ollama-1  | [GIN] 2026/10/07 - 10:06:37 | 200 |    526.9711ms |      172.18.0.4 | POST     "/api/generate"
ollama-1  | srv  server_strea: conv_id= (empty=1)
ollama-1  | slot get_availabl: id  0 | task -1 |  - checking sim = 0.515 (328/637) > 0.100
ollama-1  | slot get_availabl: id  0 | task -1 | selected slot by LCP similarity, f_sim_best = 0.515 (> 0.100 thold), f_keep = 0.473
ollama-1  | srv  get_availabl: updating prompt cache
ollama-1  | srv   prompt_save:  - saving prompt with length 693, total state size = 21.665 MiB (draft: 0.000 MiB)
ollama-1  | srv          load:  - looking for better prompt, base f_keep = 0.473, f_sim = 0.515
ollama-1  | srv          load:    - prompt with length     694, lcp =     328, f_keep = 0.473, f_sim = 0.515
ollama-1  | srv          load:    - prompt with length     710, lcp =     328, f_keep = 0.462, f_sim = 0.515
ollama-1  | srv          load:    - prompt with length     785, lcp =     328, f_keep = 0.418, f_sim = 0.515
ollama-1  | srv          load:    - prompt with length     691, lcp =     328, f_keep = 0.475, f_sim = 0.515
ollama-1  | srv          load:    - prompt with length     702, lcp =     328, f_keep = 0.467, f_sim = 0.515
ollama-1  | srv          load:    - prompt with length     702, lcp =     328, f_keep = 0.467, f_sim = 0.515
ollama-1  | srv          load:    - prompt with length     668, lcp =     328, f_keep = 0.491, f_sim = 0.515
ollama-1  | srv          load:    - prompt with length     723, lcp =     328, f_keep = 0.454, f_sim = 0.515
ollama-1  | srv          load:    - prompt with length     787, lcp =     328, f_keep = 0.417, f_sim = 0.515
ollama-1  | srv          load:    - prompt with length     658, lcp =     328, f_keep = 0.498, f_sim = 0.515
ollama-1  | srv          load:    - prompt with length     757, lcp =     328, f_keep = 0.433, f_sim = 0.515
ollama-1  | srv          load:    - prompt with length     679, lcp =     328, f_keep = 0.483, f_sim = 0.515
ollama-1  | srv          load:    - prompt with length     795, lcp =     328, f_keep = 0.413, f_sim = 0.515
ollama-1  | srv          load:    - prompt with length     689, lcp =     328, f_keep = 0.476, f_sim = 0.515
ollama-1  | srv          load:    - prompt with length     674, lcp =     329, f_keep = 0.488, f_sim = 0.516
ollama-1  | srv          load:    - prompt with length     737, lcp =     328, f_keep = 0.445, f_sim = 0.515
ollama-1  | srv          load:    - prompt with length     736, lcp =     328, f_keep = 0.446, f_sim = 0.515
ollama-1  | srv          load:    - prompt with length     762, lcp =     328, f_keep = 0.430, f_sim = 0.515
ollama-1  | srv          load:    - prompt with length     712, lcp =     328, f_keep = 0.461, f_sim = 0.515
ollama-1  | srv          load:    - prompt with length     697, lcp =     328, f_keep = 0.471, f_sim = 0.515
ollama-1  | srv          load:    - prompt with length     776, lcp =     328, f_keep = 0.423, f_sim = 0.515
ollama-1  | srv          load:    - prompt with length     693, lcp =     328, f_keep = 0.473, f_sim = 0.515
ollama-1  | srv          load:  - found better prompt with f_keep = 0.488, f_sim = 0.516
ollama-1  | srv        update:  - cache state: 21 prompts, 473.713 MiB (limits: 8192.000 MiB, 4096 tokens, 262043 est)
ollama-1  | srv        update:    - prompt 0x2eeca960:     694 tokens, checkpoints:  0,    21.696 MiB
ollama-1  | srv        update:    - prompt 0x2e281e30:     710 tokens, checkpoints:  0,    22.196 MiB
ollama-1  | srv        update:    - prompt 0x2e282b20:     785 tokens, checkpoints:  0,    24.541 MiB
ollama-1  | srv        update:    - prompt 0x30ad8180:     691 tokens, checkpoints:  0,    21.602 MiB
ollama-1  | srv        update:    - prompt 0x2c5e6580:     702 tokens, checkpoints:  0,    21.946 MiB
ollama-1  | srv        update:    - prompt 0x30c0b130:     702 tokens, checkpoints:  0,    21.946 MiB
ollama-1  | srv        update:    - prompt 0x2c53b6f0:     668 tokens, checkpoints:  0,    20.883 MiB
ollama-1  | srv        update:    - prompt 0x2e2885c0:     723 tokens, checkpoints:  0,    22.602 MiB
ollama-1  | srv        update:    - prompt 0x2deaf160:     787 tokens, checkpoints:  0,    24.603 MiB
ollama-1  | srv        update:    - prompt 0x2c60efe0:     658 tokens, checkpoints:  0,    20.570 MiB
ollama-1  | srv        update:    - prompt 0x2c5d0c60:     757 tokens, checkpoints:  0,    23.665 MiB
ollama-1  | srv        update:    - prompt 0x2c5acbf0:     679 tokens, checkpoints:  0,    21.227 MiB
ollama-1  | srv        update:    - prompt 0x30b99130:     795 tokens, checkpoints:  0,    24.853 MiB
ollama-1  | srv        update:    - prompt 0x30b86c70:     689 tokens, checkpoints:  0,    21.540 MiB
ollama-1  | srv        update:    - prompt 0x39752f10:     737 tokens, checkpoints:  0,    23.040 MiB
ollama-1  | srv        update:    - prompt 0x2de98930:     736 tokens, checkpoints:  0,    23.009 MiB
ollama-1  | srv        update:    - prompt 0x2e283510:     762 tokens, checkpoints:  0,    23.822 MiB
ollama-1  | srv        update:    - prompt 0x309ddc70:     712 tokens, checkpoints:  0,    22.259 MiB
ollama-1  | srv        update:    - prompt 0x30b99080:     697 tokens, checkpoints:  0,    21.790 MiB
ollama-1  | srv        update:    - prompt 0x2e280050:     776 tokens, checkpoints:  0,    24.259 MiB
ollama-1  | srv        update:    - prompt 0x30aa79f0:     693 tokens, checkpoints:  0,    21.665 MiB
ollama-1  | srv  get_availabl: prompt cache update took 9.06 ms
ollama-1  | slot launch_slot_: id  0 | task -1 | sampler chain: logits -> ?penalties -> ?dry -> ?top-n-sigma -> top-k -> ?typical -> top-p -> ?min-p -> ?xtc -> temp-ext -> dist 
ollama-1  | slot launch_slot_: id  0 | task -1 | sampler params: 
ollama-1  | 	repeat_last_n = 64, repeat_penalty = 1.000, frequency_penalty = 0.000, presence_penalty = 0.000
ollama-1  | 	dry_multiplier = 0.000, dry_base = 1.750, dry_allowed_length = 2, dry_penalty_last_n = 64
ollama-1  | 	top_k = 40, top_p = 0.900, min_p = 0.000, xtc_probability = 0.000, xtc_threshold = 0.100, typical_p = 1.000, top_n_sigma = -1.000, temp = 0.000
ollama-1  | 	mirostat = 0, mirostat_lr = 0.100, mirostat_ent = 5.000, adaptive_target = -1.000, adaptive_decay = 0.900
ollama-1  | slot launch_slot_: id  0 | task 4132 | processing task, is_child = 0
ollama-1  | slot   operator(): id  0 | task 4132 | new prompt, n_ctx_slot = 4096, n_keep = 4, task.n_tokens = 637
ollama-1  | slot   operator(): id  0 | task 4132 | cached n_tokens = 329, memory_seq_rm [329, end)
ollama-1  | slot init_sampler: id  0 | task 4132 | init sampler, took 0.19 ms, tokens: text = 637, total = 637
ollama-1  | [GIN] 2026/10/07 - 10:06:39 | 200 |        41.5µs |       127.0.0.1 | HEAD     "/"
ollama-1  | [GIN] 2026/10/07 - 10:06:39 | 200 |    5.051667ms |       127.0.0.1 | GET      "/api/tags"
ollama-1  | slot print_timing: id  0 | task 4132 | prompt eval time =    3339.32 ms /   308 tokens (   10.84 ms per token,    92.23 tokens per second)
ollama-1  | slot print_timing: id  0 | task 4132 |        eval time =     454.36 ms /     9 tokens (   56.79 ms per token,    17.61 tokens per second)
ollama-1  | slot print_timing: id  0 | task 4132 |       total time =    3793.68 ms /   317 tokens
ollama-1  | slot print_timing: id  0 | task 4132 |    graphs reused =       2856
ollama-1  | slot      release: id  0 | task 4132 | stop processing: n_tokens = 645, truncated = 0
ollama-1  | srv  update_slots: all slots are idle
ollama-1  | [GIN] 2026/10/07 - 10:06:40 | 200 |  3.810781617s |      172.18.0.4 | POST     "/api/generate"
ollama-1  | srv  server_strea: conv_id= (empty=1)
ollama-1  | slot get_availabl: id  0 | task -1 |  - checking sim = 0.459 (328/715) > 0.100
ollama-1  | slot get_availabl: id  0 | task -1 | selected slot by LCP similarity, f_sim_best = 0.459 (> 0.100 thold), f_keep = 0.509
ollama-1  | slot launch_slot_: id  0 | task -1 | sampler chain: logits -> ?penalties -> ?dry -> ?top-n-sigma -> top-k -> ?typical -> top-p -> ?min-p -> ?xtc -> temp-ext -> dist 
ollama-1  | slot launch_slot_: id  0 | task -1 | sampler params: 
ollama-1  | 	repeat_last_n = 64, repeat_penalty = 1.000, frequency_penalty = 0.000, presence_penalty = 0.000
ollama-1  | 	dry_multiplier = 0.000, dry_base = 1.750, dry_allowed_length = 2, dry_penalty_last_n = 64
ollama-1  | 	top_k = 40, top_p = 0.900, min_p = 0.000, xtc_probability = 0.000, xtc_threshold = 0.100, typical_p = 1.000, top_n_sigma = -1.000, temp = 0.000
ollama-1  | 	mirostat = 0, mirostat_lr = 0.100, mirostat_ent = 5.000, adaptive_target = -1.000, adaptive_decay = 0.900
ollama-1  | slot launch_slot_: id  0 | task 4142 | processing task, is_child = 0
ollama-1  | slot   operator(): id  0 | task 4142 | new prompt, n_ctx_slot = 4096, n_keep = 4, task.n_tokens = 715
ollama-1  | slot   operator(): id  0 | task 4142 | cached n_tokens = 328, memory_seq_rm [328, end)
ollama-1  | slot init_sampler: id  0 | task 4142 | init sampler, took 0.53 ms, tokens: text = 715, total = 715
ollama-1  | slot print_timing: id  0 | task 4142 | prompt eval time =    4308.16 ms /   387 tokens (   11.13 ms per token,    89.83 tokens per second)
ollama-1  | slot print_timing: id  0 | task 4142 |        eval time =     409.45 ms /     9 tokens (   51.18 ms per token,    19.54 tokens per second)
ollama-1  | slot print_timing: id  0 | task 4142 |       total time =    4717.61 ms /   396 tokens
ollama-1  | slot print_timing: id  0 | task 4142 |    graphs reused =       2863
ollama-1  | slot      release: id  0 | task 4142 | stop processing: n_tokens = 723, truncated = 0
ollama-1  | srv  update_slots: all slots are idle
ollama-1  | [GIN] 2026/10/07 - 10:06:45 | 200 |  4.729285471s |      172.18.0.4 | POST     "/api/generate"
ollama-1  | srv  server_strea: conv_id= (empty=1)
ollama-1  | slot get_availabl: id  0 | task -1 |  - checking sim = 0.676 (328/485) > 0.100
ollama-1  | slot get_availabl: id  0 | task -1 | selected slot by LCP similarity, f_sim_best = 0.676 (> 0.100 thold), f_keep = 0.454
ollama-1  | srv  get_availabl: updating prompt cache
ollama-1  | srv   prompt_save:  - saving prompt with length 723, total state size = 22.602 MiB (draft: 0.000 MiB)
ollama-1  | srv         alloc:  - prompt is already in the cache, skipping
ollama-1  | srv          load:  - looking for better prompt, base f_keep = 0.454, f_sim = 0.676
ollama-1  | srv          load:    - prompt with length     694, lcp =     328, f_keep = 0.473, f_sim = 0.676
ollama-1  | srv          load:    - prompt with length     710, lcp =     328, f_keep = 0.462, f_sim = 0.676
ollama-1  | srv          load:    - prompt with length     785, lcp =     328, f_keep = 0.418, f_sim = 0.676
ollama-1  | srv          load:    - prompt with length     691, lcp =     328, f_keep = 0.475, f_sim = 0.676
ollama-1  | srv          load:    - prompt with length     702, lcp =     328, f_keep = 0.467, f_sim = 0.676
ollama-1  | srv          load:    - prompt with length     702, lcp =     328, f_keep = 0.467, f_sim = 0.676
ollama-1  | srv          load:    - prompt with length     668, lcp =     328, f_keep = 0.491, f_sim = 0.676
ollama-1  | srv          load:    - prompt with length     723, lcp =     328, f_keep = 0.454, f_sim = 0.676
ollama-1  | srv          load:    - prompt with length     787, lcp =     328, f_keep = 0.417, f_sim = 0.676
ollama-1  | srv          load:    - prompt with length     658, lcp =     328, f_keep = 0.498, f_sim = 0.676
ollama-1  | srv          load:    - prompt with length     757, lcp =     328, f_keep = 0.433, f_sim = 0.676
ollama-1  | srv          load:    - prompt with length     679, lcp =     328, f_keep = 0.483, f_sim = 0.676
ollama-1  | srv          load:    - prompt with length     795, lcp =     328, f_keep = 0.413, f_sim = 0.676
ollama-1  | srv          load:    - prompt with length     689, lcp =     328, f_keep = 0.476, f_sim = 0.676
ollama-1  | srv          load:    - prompt with length     737, lcp =     329, f_keep = 0.446, f_sim = 0.678
ollama-1  | srv          load:    - prompt with length     736, lcp =     329, f_keep = 0.447, f_sim = 0.678
ollama-1  | srv          load:    - prompt with length     762, lcp =     328, f_keep = 0.430, f_sim = 0.676
ollama-1  | srv          load:    - prompt with length     712, lcp =     328, f_keep = 0.461, f_sim = 0.676
ollama-1  | srv          load:    - prompt with length     697, lcp =     328, f_keep = 0.471, f_sim = 0.676
ollama-1  | srv          load:    - prompt with length     776, lcp =     328, f_keep = 0.423, f_sim = 0.676
ollama-1  | srv          load:    - prompt with length     693, lcp =     328, f_keep = 0.473, f_sim = 0.676
ollama-1  | srv        update:  - cache state: 21 prompts, 473.713 MiB (limits: 8192.000 MiB, 4096 tokens, 262043 est)
ollama-1  | srv        update:    - prompt 0x2eeca960:     694 tokens, checkpoints:  0,    21.696 MiB
ollama-1  | srv        update:    - prompt 0x2e281e30:     710 tokens, checkpoints:  0,    22.196 MiB
ollama-1  | srv        update:    - prompt 0x2e282b20:     785 tokens, checkpoints:  0,    24.541 MiB
ollama-1  | srv        update:    - prompt 0x30ad8180:     691 tokens, checkpoints:  0,    21.602 MiB
ollama-1  | srv        update:    - prompt 0x2c5e6580:     702 tokens, checkpoints:  0,    21.946 MiB
ollama-1  | srv        update:    - prompt 0x30c0b130:     702 tokens, checkpoints:  0,    21.946 MiB
ollama-1  | srv        update:    - prompt 0x2c53b6f0:     668 tokens, checkpoints:  0,    20.883 MiB
ollama-1  | srv        update:    - prompt 0x2e2885c0:     723 tokens, checkpoints:  0,    22.602 MiB
ollama-1  | srv        update:    - prompt 0x2deaf160:     787 tokens, checkpoints:  0,    24.603 MiB
ollama-1  | srv        update:    - prompt 0x2c60efe0:     658 tokens, checkpoints:  0,    20.570 MiB
ollama-1  | srv        update:    - prompt 0x2c5d0c60:     757 tokens, checkpoints:  0,    23.665 MiB
ollama-1  | srv        update:    - prompt 0x2c5acbf0:     679 tokens, checkpoints:  0,    21.227 MiB
ollama-1  | srv        update:    - prompt 0x30b99130:     795 tokens, checkpoints:  0,    24.853 MiB
ollama-1  | srv        update:    - prompt 0x30b86c70:     689 tokens, checkpoints:  0,    21.540 MiB
ollama-1  | srv        update:    - prompt 0x39752f10:     737 tokens, checkpoints:  0,    23.040 MiB
ollama-1  | srv        update:    - prompt 0x2de98930:     736 tokens, checkpoints:  0,    23.009 MiB
ollama-1  | srv        update:    - prompt 0x2e283510:     762 tokens, checkpoints:  0,    23.822 MiB
ollama-1  | srv        update:    - prompt 0x309ddc70:     712 tokens, checkpoints:  0,    22.259 MiB
ollama-1  | srv        update:    - prompt 0x30b99080:     697 tokens, checkpoints:  0,    21.790 MiB
ollama-1  | srv        update:    - prompt 0x2e280050:     776 tokens, checkpoints:  0,    24.259 MiB
ollama-1  | srv        update:    - prompt 0x30aa79f0:     693 tokens, checkpoints:  0,    21.665 MiB
ollama-1  | srv  get_availabl: prompt cache update took 0.14 ms
ollama-1  | slot launch_slot_: id  0 | task -1 | sampler chain: logits -> ?penalties -> ?dry -> ?top-n-sigma -> top-k -> ?typical -> top-p -> ?min-p -> ?xtc -> temp-ext -> dist 
ollama-1  | slot launch_slot_: id  0 | task -1 | sampler params: 
ollama-1  | 	repeat_last_n = 64, repeat_penalty = 1.000, frequency_penalty = 0.000, presence_penalty = 0.000
ollama-1  | 	dry_multiplier = 0.000, dry_base = 1.750, dry_allowed_length = 2, dry_penalty_last_n = 64
ollama-1  | 	top_k = 40, top_p = 0.900, min_p = 0.000, xtc_probability = 0.000, xtc_threshold = 0.100, typical_p = 1.000, top_n_sigma = -1.000, temp = 0.000
ollama-1  | 	mirostat = 0, mirostat_lr = 0.100, mirostat_ent = 5.000, adaptive_target = -1.000, adaptive_decay = 0.900
ollama-1  | slot launch_slot_: id  0 | task 4152 | processing task, is_child = 0
ollama-1  | slot   operator(): id  0 | task 4152 | new prompt, n_ctx_slot = 4096, n_keep = 4, task.n_tokens = 485
ollama-1  | slot   operator(): id  0 | task 4152 | cached n_tokens = 328, memory_seq_rm [328, end)
ollama-1  | slot init_sampler: id  0 | task 4152 | init sampler, took 0.09 ms, tokens: text = 485, total = 485
ollama-1  | slot print_timing: id  0 | task 4152 | prompt eval time =    1604.22 ms /   157 tokens (   10.22 ms per token,    97.87 tokens per second)
ollama-1  | slot print_timing: id  0 | task 4152 |        eval time =     349.50 ms /     8 tokens (   49.93 ms per token,    20.03 tokens per second)
ollama-1  | slot print_timing: id  0 | task 4152 |       total time =    1953.72 ms /   165 tokens
ollama-1  | slot print_timing: id  0 | task 4152 |    graphs reused =       2869
ollama-1  | slot      release: id  0 | task 4152 | stop processing: n_tokens = 492, truncated = 0
ollama-1  | srv  update_slots: all slots are idle
ollama-1  | [GIN] 2026/10/07 - 10:06:47 | 200 |  1.960952212s |      172.18.0.4 | POST     "/api/generate"
ollama-1  | srv  server_strea: conv_id= (empty=1)
ollama-1  | slot get_availabl: id  0 | task -1 |  - checking sim = 0.731 (328/449) > 0.100
ollama-1  | slot get_availabl: id  0 | task -1 | selected slot by LCP similarity, f_sim_best = 0.731 (> 0.100 thold), f_keep = 0.667
ollama-1  | slot launch_slot_: id  0 | task -1 | sampler chain: logits -> ?penalties -> ?dry -> ?top-n-sigma -> top-k -> ?typical -> top-p -> ?min-p -> ?xtc -> temp-ext -> dist 
ollama-1  | slot launch_slot_: id  0 | task -1 | sampler params: 
ollama-1  | 	repeat_last_n = 64, repeat_penalty = 1.000, frequency_penalty = 0.000, presence_penalty = 0.000
ollama-1  | 	dry_multiplier = 0.000, dry_base = 1.750, dry_allowed_length = 2, dry_penalty_last_n = 64
ollama-1  | 	top_k = 40, top_p = 0.900, min_p = 0.000, xtc_probability = 0.000, xtc_threshold = 0.100, typical_p = 1.000, top_n_sigma = -1.000, temp = 0.000
ollama-1  | 	mirostat = 0, mirostat_lr = 0.100, mirostat_ent = 5.000, adaptive_target = -1.000, adaptive_decay = 0.900
ollama-1  | slot launch_slot_: id  0 | task 4161 | processing task, is_child = 0
ollama-1  | slot   operator(): id  0 | task 4161 | new prompt, n_ctx_slot = 4096, n_keep = 4, task.n_tokens = 449
ollama-1  | slot   operator(): id  0 | task 4161 | cached n_tokens = 328, memory_seq_rm [328, end)
ollama-1  | slot init_sampler: id  0 | task 4161 | init sampler, took 0.07 ms, tokens: text = 449, total = 449
ollama-1  | slot print_timing: id  0 | task 4161 | prompt eval time =    1399.64 ms /   121 tokens (   11.57 ms per token,    86.45 tokens per second)
ollama-1  | slot print_timing: id  0 | task 4161 |        eval time =     382.90 ms /     8 tokens (   54.70 ms per token,    18.28 tokens per second)
ollama-1  | slot print_timing: id  0 | task 4161 |       total time =    1782.55 ms /   129 tokens
ollama-1  | slot print_timing: id  0 | task 4161 |    graphs reused =       2875
ollama-1  | slot      release: id  0 | task 4161 | stop processing: n_tokens = 456, truncated = 0
ollama-1  | srv  update_slots: all slots are idle
ollama-1  | [GIN] 2026/10/07 - 10:06:49 | 200 |  1.793397488s |      172.18.0.4 | POST     "/api/generate"
ollama-1  | srv  server_strea: conv_id= (empty=1)
ollama-1  | slot get_availabl: id  0 | task -1 |  - checking sim = 0.593 (328/553) > 0.100
ollama-1  | slot get_availabl: id  0 | task -1 | selected slot by LCP similarity, f_sim_best = 0.593 (> 0.100 thold), f_keep = 0.719
ollama-1  | slot launch_slot_: id  0 | task -1 | sampler chain: logits -> ?penalties -> ?dry -> ?top-n-sigma -> top-k -> ?typical -> top-p -> ?min-p -> ?xtc -> temp-ext -> dist 
ollama-1  | slot launch_slot_: id  0 | task -1 | sampler params: 
ollama-1  | 	repeat_last_n = 64, repeat_penalty = 1.000, frequency_penalty = 0.000, presence_penalty = 0.000
ollama-1  | 	dry_multiplier = 0.000, dry_base = 1.750, dry_allowed_length = 2, dry_penalty_last_n = 64
ollama-1  | 	top_k = 40, top_p = 0.900, min_p = 0.000, xtc_probability = 0.000, xtc_threshold = 0.100, typical_p = 1.000, top_n_sigma = -1.000, temp = 0.000
ollama-1  | 	mirostat = 0, mirostat_lr = 0.100, mirostat_ent = 5.000, adaptive_target = -1.000, adaptive_decay = 0.900
ollama-1  | slot launch_slot_: id  0 | task 4170 | processing task, is_child = 0
ollama-1  | slot   operator(): id  0 | task 4170 | new prompt, n_ctx_slot = 4096, n_keep = 4, task.n_tokens = 553
ollama-1  | slot   operator(): id  0 | task 4170 | cached n_tokens = 328, memory_seq_rm [328, end)
ollama-1  | slot init_sampler: id  0 | task 4170 | init sampler, took 0.09 ms, tokens: text = 553, total = 553
ollama-1  | [GIN] 2026/10/07 - 10:06:50 | 200 |      31.777µs |       127.0.0.1 | HEAD     "/"
ollama-1  | [GIN] 2026/10/07 - 10:06:50 | 200 |     2.04386ms |       127.0.0.1 | GET      "/api/tags"
ollama-1  | slot print_timing: id  0 | task 4170 | prompt eval time =    2441.30 ms /   225 tokens (   10.85 ms per token,    92.16 tokens per second)
ollama-1  | slot print_timing: id  0 | task 4170 |        eval time =     458.56 ms /    10 tokens (   50.95 ms per token,    19.63 tokens per second)
ollama-1  | slot print_timing: id  0 | task 4170 |       total time =    2899.87 ms /   235 tokens
ollama-1  | slot print_timing: id  0 | task 4170 |    graphs reused =       2883
ollama-1  | slot      release: id  0 | task 4170 | stop processing: n_tokens = 562, truncated = 0
ollama-1  | srv  update_slots: all slots are idle
ollama-1  | [GIN] 2026/10/07 - 10:06:52 | 200 |  2.909501964s |      172.18.0.4 | POST     "/api/generate"
ollama-1  | srv  server_strea: conv_id= (empty=1)
ollama-1  | slot get_availabl: id  0 | task -1 |  - checking sim = 0.761 (328/431) > 0.100
ollama-1  | slot get_availabl: id  0 | task -1 | selected slot by LCP similarity, f_sim_best = 0.761 (> 0.100 thold), f_keep = 0.584
ollama-1  | slot launch_slot_: id  0 | task -1 | sampler chain: logits -> ?penalties -> ?dry -> ?top-n-sigma -> top-k -> ?typical -> top-p -> ?min-p -> ?xtc -> temp-ext -> dist 
ollama-1  | slot launch_slot_: id  0 | task -1 | sampler params: 
ollama-1  | 	repeat_last_n = 64, repeat_penalty = 1.000, frequency_penalty = 0.000, presence_penalty = 0.000
ollama-1  | 	dry_multiplier = 0.000, dry_base = 1.750, dry_allowed_length = 2, dry_penalty_last_n = 64
ollama-1  | 	top_k = 40, top_p = 0.900, min_p = 0.000, xtc_probability = 0.000, xtc_threshold = 0.100, typical_p = 1.000, top_n_sigma = -1.000, temp = 0.000
ollama-1  | 	mirostat = 0, mirostat_lr = 0.100, mirostat_ent = 5.000, adaptive_target = -1.000, adaptive_decay = 0.900
ollama-1  | slot launch_slot_: id  0 | task 4181 | processing task, is_child = 0
ollama-1  | slot   operator(): id  0 | task 4181 | new prompt, n_ctx_slot = 4096, n_keep = 4, task.n_tokens = 431
ollama-1  | slot   operator(): id  0 | task 4181 | cached n_tokens = 328, memory_seq_rm [328, end)
ollama-1  | slot init_sampler: id  0 | task 4181 | init sampler, took 0.07 ms, tokens: text = 431, total = 431
ollama-1  | slot print_timing: id  0 | task 4181 | prompt eval time =    1120.27 ms /   103 tokens (   10.88 ms per token,    91.94 tokens per second)
ollama-1  | slot print_timing: id  0 | task 4181 |        eval time =     398.96 ms /     8 tokens (   56.99 ms per token,    17.55 tokens per second)
ollama-1  | slot print_timing: id  0 | task 4181 |       total time =    1519.23 ms /   111 tokens
ollama-1  | slot print_timing: id  0 | task 4181 |    graphs reused =       2889
ollama-1  | slot      release: id  0 | task 4181 | stop processing: n_tokens = 438, truncated = 0
ollama-1  | srv  update_slots: all slots are idle
ollama-1  | [GIN] 2026/10/07 - 10:06:54 | 200 |  1.528385747s |      172.18.0.4 | POST     "/api/generate"
ollama-1  | srv  server_strea: conv_id= (empty=1)
ollama-1  | slot get_availabl: id  0 | task -1 |  - checking sim = 0.852 (328/385) > 0.100
ollama-1  | slot get_availabl: id  0 | task -1 | selected slot by LCP similarity, f_sim_best = 0.852 (> 0.100 thold), f_keep = 0.749
ollama-1  | slot launch_slot_: id  0 | task -1 | sampler chain: logits -> ?penalties -> ?dry -> ?top-n-sigma -> top-k -> ?typical -> top-p -> ?min-p -> ?xtc -> temp-ext -> dist 
ollama-1  | slot launch_slot_: id  0 | task -1 | sampler params: 
ollama-1  | 	repeat_last_n = 64, repeat_penalty = 1.000, frequency_penalty = 0.000, presence_penalty = 0.000
ollama-1  | 	dry_multiplier = 0.000, dry_base = 1.750, dry_allowed_length = 2, dry_penalty_last_n = 64
ollama-1  | 	top_k = 40, top_p = 0.900, min_p = 0.000, xtc_probability = 0.000, xtc_threshold = 0.100, typical_p = 1.000, top_n_sigma = -1.000, temp = 0.000
ollama-1  | 	mirostat = 0, mirostat_lr = 0.100, mirostat_ent = 5.000, adaptive_target = -1.000, adaptive_decay = 0.900
ollama-1  | slot launch_slot_: id  0 | task 4190 | processing task, is_child = 0
ollama-1  | slot   operator(): id  0 | task 4190 | new prompt, n_ctx_slot = 4096, n_keep = 4, task.n_tokens = 385
ollama-1  | slot   operator(): id  0 | task 4190 | cached n_tokens = 328, memory_seq_rm [328, end)
ollama-1  | slot init_sampler: id  0 | task 4190 | init sampler, took 0.10 ms, tokens: text = 385, total = 385
ollama-1  | slot print_timing: id  0 | task 4190 | prompt eval time =     799.92 ms /    57 tokens (   14.03 ms per token,    71.26 tokens per second)
ollama-1  | slot print_timing: id  0 | task 4190 |        eval time =     401.03 ms /     8 tokens (   57.29 ms per token,    17.46 tokens per second)
ollama-1  | slot print_timing: id  0 | task 4190 |       total time =    1200.95 ms /    65 tokens
ollama-1  | slot print_timing: id  0 | task 4190 |    graphs reused =       2895
ollama-1  | slot      release: id  0 | task 4190 | stop processing: n_tokens = 392, truncated = 0
ollama-1  | srv  update_slots: all slots are idle
ollama-1  | [GIN] 2026/10/07 - 10:06:55 | 200 |  1.209362535s |      172.18.0.4 | POST     "/api/generate"
ollama-1  | srv  server_strea: conv_id= (empty=1)
ollama-1  | slot get_availabl: id  0 | task -1 |  - checking sim = 0.572 (328/573) > 0.100
ollama-1  | slot get_availabl: id  0 | task -1 | selected slot by LCP similarity, f_sim_best = 0.572 (> 0.100 thold), f_keep = 0.837
ollama-1  | slot launch_slot_: id  0 | task -1 | sampler chain: logits -> ?penalties -> ?dry -> ?top-n-sigma -> top-k -> ?typical -> top-p -> ?min-p -> ?xtc -> temp-ext -> dist 
ollama-1  | slot launch_slot_: id  0 | task -1 | sampler params: 
ollama-1  | 	repeat_last_n = 64, repeat_penalty = 1.000, frequency_penalty = 0.000, presence_penalty = 0.000
ollama-1  | 	dry_multiplier = 0.000, dry_base = 1.750, dry_allowed_length = 2, dry_penalty_last_n = 64
ollama-1  | 	top_k = 40, top_p = 0.900, min_p = 0.000, xtc_probability = 0.000, xtc_threshold = 0.100, typical_p = 1.000, top_n_sigma = -1.000, temp = 0.000
ollama-1  | 	mirostat = 0, mirostat_lr = 0.100, mirostat_ent = 5.000, adaptive_target = -1.000, adaptive_decay = 0.900
ollama-1  | slot launch_slot_: id  0 | task 4199 | processing task, is_child = 0
ollama-1  | slot   operator(): id  0 | task 4199 | new prompt, n_ctx_slot = 4096, n_keep = 4, task.n_tokens = 573
ollama-1  | slot   operator(): id  0 | task 4199 | cached n_tokens = 328, memory_seq_rm [328, end)
ollama-1  | slot init_sampler: id  0 | task 4199 | init sampler, took 0.09 ms, tokens: text = 573, total = 573
ollama-1  | slot print_timing: id  0 | task 4199 | prompt eval time =    2837.25 ms /   245 tokens (   11.58 ms per token,    86.35 tokens per second)
ollama-1  | slot print_timing: id  0 | task 4199 |        eval time =     428.15 ms /     9 tokens (   53.52 ms per token,    18.69 tokens per second)
ollama-1  | slot print_timing: id  0 | task 4199 |       total time =    3265.40 ms /   254 tokens
ollama-1  | slot print_timing: id  0 | task 4199 |    graphs reused =       2902
ollama-1  | slot      release: id  0 | task 4199 | stop processing: n_tokens = 581, truncated = 0
ollama-1  | srv  update_slots: all slots are idle
ollama-1  | [GIN] 2026/10/07 - 10:06:58 | 200 |  3.276489318s |      172.18.0.4 | POST     "/api/generate"
ollama-1  | srv  server_strea: conv_id= (empty=1)
ollama-1  | slot get_availabl: id  0 | task -1 |  - checking sim = 0.421 (328/779) > 0.100
ollama-1  | slot get_availabl: id  0 | task -1 | selected slot by LCP similarity, f_sim_best = 0.421 (> 0.100 thold), f_keep = 0.565
ollama-1  | slot launch_slot_: id  0 | task -1 | sampler chain: logits -> ?penalties -> ?dry -> ?top-n-sigma -> top-k -> ?typical -> top-p -> ?min-p -> ?xtc -> temp-ext -> dist 
ollama-1  | slot launch_slot_: id  0 | task -1 | sampler params: 
ollama-1  | 	repeat_last_n = 64, repeat_penalty = 1.000, frequency_penalty = 0.000, presence_penalty = 0.000
ollama-1  | 	dry_multiplier = 0.000, dry_base = 1.750, dry_allowed_length = 2, dry_penalty_last_n = 64
ollama-1  | 	top_k = 40, top_p = 0.900, min_p = 0.000, xtc_probability = 0.000, xtc_threshold = 0.100, typical_p = 1.000, top_n_sigma = -1.000, temp = 0.000
ollama-1  | 	mirostat = 0, mirostat_lr = 0.100, mirostat_ent = 5.000, adaptive_target = -1.000, adaptive_decay = 0.900
ollama-1  | slot launch_slot_: id  0 | task 4209 | processing task, is_child = 0
ollama-1  | slot   operator(): id  0 | task 4209 | new prompt, n_ctx_slot = 4096, n_keep = 4, task.n_tokens = 779
ollama-1  | slot   operator(): id  0 | task 4209 | cached n_tokens = 328, memory_seq_rm [328, end)
ollama-1  | slot init_sampler: id  0 | task 4209 | init sampler, took 0.13 ms, tokens: text = 779, total = 779
ollama-1  | [GIN] 2026/10/07 - 10:07:00 | 200 |      33.117µs |       127.0.0.1 | HEAD     "/"
ollama-1  | [GIN] 2026/10/07 - 10:07:00 | 200 |    2.349907ms |       127.0.0.1 | GET      "/api/tags"
ollama-1  | slot print_timing: id  0 | task 4209 | prompt eval time =    4874.99 ms /   451 tokens (   10.81 ms per token,    92.51 tokens per second)
ollama-1  | slot print_timing: id  0 | task 4209 |        eval time =     469.89 ms /     9 tokens (   58.74 ms per token,    17.03 tokens per second)
ollama-1  | slot print_timing: id  0 | task 4209 |       total time =    5344.89 ms /   460 tokens
ollama-1  | slot print_timing: id  0 | task 4209 |    graphs reused =       2909
ollama-1  | slot      release: id  0 | task 4209 | stop processing: n_tokens = 787, truncated = 0
ollama-1  | srv  update_slots: all slots are idle
ollama-1  | [GIN] 2026/10/07 - 10:07:03 | 200 |  5.353329098s |      172.18.0.4 | POST     "/api/generate"
ollama-1  | srv  server_strea: conv_id= (empty=1)
ollama-1  | slot get_availabl: id  0 | task -1 |  - checking sim = 0.788 (328/416) > 0.100
ollama-1  | slot get_availabl: id  0 | task -1 | selected slot by LCP similarity, f_sim_best = 0.788 (> 0.100 thold), f_keep = 0.417
ollama-1  | srv  get_availabl: updating prompt cache
ollama-1  | srv   prompt_save:  - saving prompt with length 787, total state size = 24.603 MiB (draft: 0.000 MiB)
ollama-1  | srv         alloc:  - prompt is already in the cache, skipping
ollama-1  | srv          load:  - looking for better prompt, base f_keep = 0.417, f_sim = 0.788
ollama-1  | srv          load:    - prompt with length     694, lcp =     328, f_keep = 0.473, f_sim = 0.788
ollama-1  | srv          load:    - prompt with length     710, lcp =     328, f_keep = 0.462, f_sim = 0.788
ollama-1  | srv          load:    - prompt with length     785, lcp =     328, f_keep = 0.418, f_sim = 0.788
ollama-1  | srv          load:    - prompt with length     691, lcp =     328, f_keep = 0.475, f_sim = 0.788
ollama-1  | srv          load:    - prompt with length     702, lcp =     328, f_keep = 0.467, f_sim = 0.788
ollama-1  | srv          load:    - prompt with length     702, lcp =     328, f_keep = 0.467, f_sim = 0.788
ollama-1  | srv          load:    - prompt with length     668, lcp =     328, f_keep = 0.491, f_sim = 0.788
ollama-1  | srv          load:    - prompt with length     723, lcp =     328, f_keep = 0.454, f_sim = 0.788
ollama-1  | srv          load:    - prompt with length     787, lcp =     328, f_keep = 0.417, f_sim = 0.788
ollama-1  | srv          load:    - prompt with length     658, lcp =     328, f_keep = 0.498, f_sim = 0.788
ollama-1  | srv          load:    - prompt with length     757, lcp =     328, f_keep = 0.433, f_sim = 0.788
ollama-1  | srv          load:    - prompt with length     679, lcp =     328, f_keep = 0.483, f_sim = 0.788
ollama-1  | srv          load:    - prompt with length     795, lcp =     328, f_keep = 0.413, f_sim = 0.788
ollama-1  | srv          load:    - prompt with length     689, lcp =     328, f_keep = 0.476, f_sim = 0.788
ollama-1  | srv          load:    - prompt with length     737, lcp =     328, f_keep = 0.445, f_sim = 0.788
ollama-1  | srv          load:    - prompt with length     736, lcp =     328, f_keep = 0.446, f_sim = 0.788
ollama-1  | srv          load:    - prompt with length     762, lcp =     328, f_keep = 0.430, f_sim = 0.788
ollama-1  | srv          load:    - prompt with length     712, lcp =     328, f_keep = 0.461, f_sim = 0.788
ollama-1  | srv          load:    - prompt with length     697, lcp =     328, f_keep = 0.471, f_sim = 0.788
ollama-1  | srv          load:    - prompt with length     776, lcp =     328, f_keep = 0.423, f_sim = 0.788
ollama-1  | srv          load:    - prompt with length     693, lcp =     328, f_keep = 0.473, f_sim = 0.788
ollama-1  | srv        update:  - cache state: 21 prompts, 473.713 MiB (limits: 8192.000 MiB, 4096 tokens, 262043 est)
ollama-1  | srv        update:    - prompt 0x2eeca960:     694 tokens, checkpoints:  0,    21.696 MiB
ollama-1  | srv        update:    - prompt 0x2e281e30:     710 tokens, checkpoints:  0,    22.196 MiB
ollama-1  | srv        update:    - prompt 0x2e282b20:     785 tokens, checkpoints:  0,    24.541 MiB
ollama-1  | srv        update:    - prompt 0x30ad8180:     691 tokens, checkpoints:  0,    21.602 MiB
ollama-1  | srv        update:    - prompt 0x2c5e6580:     702 tokens, checkpoints:  0,    21.946 MiB
ollama-1  | srv        update:    - prompt 0x30c0b130:     702 tokens, checkpoints:  0,    21.946 MiB
ollama-1  | srv        update:    - prompt 0x2c53b6f0:     668 tokens, checkpoints:  0,    20.883 MiB
ollama-1  | srv        update:    - prompt 0x2e2885c0:     723 tokens, checkpoints:  0,    22.602 MiB
ollama-1  | srv        update:    - prompt 0x2deaf160:     787 tokens, checkpoints:  0,    24.603 MiB
ollama-1  | srv        update:    - prompt 0x2c60efe0:     658 tokens, checkpoints:  0,    20.570 MiB
ollama-1  | srv        update:    - prompt 0x2c5d0c60:     757 tokens, checkpoints:  0,    23.665 MiB
ollama-1  | srv        update:    - prompt 0x2c5acbf0:     679 tokens, checkpoints:  0,    21.227 MiB
ollama-1  | srv        update:    - prompt 0x30b99130:     795 tokens, checkpoints:  0,    24.853 MiB
ollama-1  | srv        update:    - prompt 0x30b86c70:     689 tokens, checkpoints:  0,    21.540 MiB
ollama-1  | srv        update:    - prompt 0x39752f10:     737 tokens, checkpoints:  0,    23.040 MiB
ollama-1  | srv        update:    - prompt 0x2de98930:     736 tokens, checkpoints:  0,    23.009 MiB
ollama-1  | srv        update:    - prompt 0x2e283510:     762 tokens, checkpoints:  0,    23.822 MiB
ollama-1  | srv        update:    - prompt 0x309ddc70:     712 tokens, checkpoints:  0,    22.259 MiB
ollama-1  | srv        update:    - prompt 0x30b99080:     697 tokens, checkpoints:  0,    21.790 MiB
ollama-1  | srv        update:    - prompt 0x2e280050:     776 tokens, checkpoints:  0,    24.259 MiB
ollama-1  | srv        update:    - prompt 0x30aa79f0:     693 tokens, checkpoints:  0,    21.665 MiB
ollama-1  | srv  get_availabl: prompt cache update took 0.25 ms
ollama-1  | slot launch_slot_: id  0 | task -1 | sampler chain: logits -> ?penalties -> ?dry -> ?top-n-sigma -> top-k -> ?typical -> top-p -> ?min-p -> ?xtc -> temp-ext -> dist 
ollama-1  | slot launch_slot_: id  0 | task -1 | sampler params: 
ollama-1  | 	repeat_last_n = 64, repeat_penalty = 1.000, frequency_penalty = 0.000, presence_penalty = 0.000
ollama-1  | 	dry_multiplier = 0.000, dry_base = 1.750, dry_allowed_length = 2, dry_penalty_last_n = 64
ollama-1  | 	top_k = 40, top_p = 0.900, min_p = 0.000, xtc_probability = 0.000, xtc_threshold = 0.100, typical_p = 1.000, top_n_sigma = -1.000, temp = 0.000
ollama-1  | 	mirostat = 0, mirostat_lr = 0.100, mirostat_ent = 5.000, adaptive_target = -1.000, adaptive_decay = 0.900
ollama-1  | slot launch_slot_: id  0 | task 4219 | processing task, is_child = 0
ollama-1  | slot   operator(): id  0 | task 4219 | new prompt, n_ctx_slot = 4096, n_keep = 4, task.n_tokens = 416
ollama-1  | slot   operator(): id  0 | task 4219 | cached n_tokens = 328, memory_seq_rm [328, end)
ollama-1  | slot init_sampler: id  0 | task 4219 | init sampler, took 0.06 ms, tokens: text = 416, total = 416
ollama-1  | slot print_timing: id  0 | task 4219 | prompt eval time =     970.09 ms /    88 tokens (   11.02 ms per token,    90.71 tokens per second)
ollama-1  | slot print_timing: id  0 | task 4219 |        eval time =     411.54 ms /     9 tokens (   51.44 ms per token,    19.44 tokens per second)
ollama-1  | slot print_timing: id  0 | task 4219 |       total time =    1381.62 ms /    97 tokens
ollama-1  | slot print_timing: id  0 | task 4219 |    graphs reused =       2916
ollama-1  | slot      release: id  0 | task 4219 | stop processing: n_tokens = 424, truncated = 0
ollama-1  | srv  update_slots: all slots are idle
ollama-1  | [GIN] 2026/10/07 - 10:07:05 | 200 |  1.390370971s |      172.18.0.4 | POST     "/api/generate"
ollama-1  | srv  server_strea: conv_id= (empty=1)
ollama-1  | slot get_availabl: id  0 | task -1 |  - checking sim = 0.549 (328/597) > 0.100
ollama-1  | slot get_availabl: id  0 | task -1 | selected slot by LCP similarity, f_sim_best = 0.549 (> 0.100 thold), f_keep = 0.774
ollama-1  | slot launch_slot_: id  0 | task -1 | sampler chain: logits -> ?penalties -> ?dry -> ?top-n-sigma -> top-k -> ?typical -> top-p -> ?min-p -> ?xtc -> temp-ext -> dist 
ollama-1  | slot launch_slot_: id  0 | task -1 | sampler params: 
ollama-1  | 	repeat_last_n = 64, repeat_penalty = 1.000, frequency_penalty = 0.000, presence_penalty = 0.000
ollama-1  | 	dry_multiplier = 0.000, dry_base = 1.750, dry_allowed_length = 2, dry_penalty_last_n = 64
ollama-1  | 	top_k = 40, top_p = 0.900, min_p = 0.000, xtc_probability = 0.000, xtc_threshold = 0.100, typical_p = 1.000, top_n_sigma = -1.000, temp = 0.000
ollama-1  | 	mirostat = 0, mirostat_lr = 0.100, mirostat_ent = 5.000, adaptive_target = -1.000, adaptive_decay = 0.900
ollama-1  | slot launch_slot_: id  0 | task 4229 | processing task, is_child = 0
ollama-1  | slot   operator(): id  0 | task 4229 | new prompt, n_ctx_slot = 4096, n_keep = 4, task.n_tokens = 597
ollama-1  | slot   operator(): id  0 | task 4229 | cached n_tokens = 328, memory_seq_rm [328, end)
ollama-1  | slot init_sampler: id  0 | task 4229 | init sampler, took 0.09 ms, tokens: text = 597, total = 597
ollama-1  | slot print_timing: id  0 | task 4229 | prompt eval time =    2728.62 ms /   269 tokens (   10.14 ms per token,    98.58 tokens per second)
ollama-1  | slot print_timing: id  0 | task 4229 |        eval time =     433.02 ms /     9 tokens (   54.13 ms per token,    18.47 tokens per second)
ollama-1  | slot print_timing: id  0 | task 4229 |       total time =    3161.64 ms /   278 tokens
ollama-1  | slot print_timing: id  0 | task 4229 |    graphs reused =       2923
ollama-1  | slot      release: id  0 | task 4229 | stop processing: n_tokens = 605, truncated = 0
ollama-1  | srv  update_slots: all slots are idle
ollama-1  | [GIN] 2026/10/07 - 10:07:08 | 200 |  3.169370653s |      172.18.0.4 | POST     "/api/generate"
ollama-1  | srv  server_strea: conv_id= (empty=1)
ollama-1  | slot get_availabl: id  0 | task -1 |  - checking sim = 0.577 (328/568) > 0.100
ollama-1  | slot get_availabl: id  0 | task -1 | selected slot by LCP similarity, f_sim_best = 0.577 (> 0.100 thold), f_keep = 0.542
ollama-1  | slot launch_slot_: id  0 | task -1 | sampler chain: logits -> ?penalties -> ?dry -> ?top-n-sigma -> top-k -> ?typical -> top-p -> ?min-p -> ?xtc -> temp-ext -> dist 
ollama-1  | slot launch_slot_: id  0 | task -1 | sampler params: 
ollama-1  | 	repeat_last_n = 64, repeat_penalty = 1.000, frequency_penalty = 0.000, presence_penalty = 0.000
ollama-1  | 	dry_multiplier = 0.000, dry_base = 1.750, dry_allowed_length = 2, dry_penalty_last_n = 64
ollama-1  | 	top_k = 40, top_p = 0.900, min_p = 0.000, xtc_probability = 0.000, xtc_threshold = 0.100, typical_p = 1.000, top_n_sigma = -1.000, temp = 0.000
ollama-1  | 	mirostat = 0, mirostat_lr = 0.100, mirostat_ent = 5.000, adaptive_target = -1.000, adaptive_decay = 0.900
ollama-1  | slot launch_slot_: id  0 | task 4239 | processing task, is_child = 0
ollama-1  | slot   operator(): id  0 | task 4239 | new prompt, n_ctx_slot = 4096, n_keep = 4, task.n_tokens = 568
ollama-1  | slot   operator(): id  0 | task 4239 | cached n_tokens = 328, memory_seq_rm [328, end)
ollama-1  | slot init_sampler: id  0 | task 4239 | init sampler, took 0.08 ms, tokens: text = 568, total = 568
ollama-1  | [GIN] 2026/10/07 - 10:07:10 | 200 |      40.481µs |       127.0.0.1 | HEAD     "/"
ollama-1  | [GIN] 2026/10/07 - 10:07:10 | 200 |    2.473411ms |       127.0.0.1 | GET      "/api/tags"
ollama-1  | slot print_timing: id  0 | task 4239 | prompt eval time =    2700.32 ms /   240 tokens (   11.25 ms per token,    88.88 tokens per second)
ollama-1  | slot print_timing: id  0 | task 4239 |        eval time =     460.10 ms /     9 tokens (   57.51 ms per token,    17.39 tokens per second)
ollama-1  | slot print_timing: id  0 | task 4239 |       total time =    3160.41 ms /   249 tokens
ollama-1  | slot print_timing: id  0 | task 4239 |    graphs reused =       2930
ollama-1  | slot      release: id  0 | task 4239 | stop processing: n_tokens = 576, truncated = 0
ollama-1  | srv  update_slots: all slots are idle
ollama-1  | [GIN] 2026/10/07 - 10:07:11 | 200 |  3.169027328s |      172.18.0.4 | POST     "/api/generate"
ollama-1  | srv  server_strea: conv_id= (empty=1)
ollama-1  | slot get_availabl: id  0 | task -1 |  - checking sim = 0.693 (328/473) > 0.100
ollama-1  | slot get_availabl: id  0 | task -1 | selected slot by LCP similarity, f_sim_best = 0.693 (> 0.100 thold), f_keep = 0.569
ollama-1  | slot launch_slot_: id  0 | task -1 | sampler chain: logits -> ?penalties -> ?dry -> ?top-n-sigma -> top-k -> ?typical -> top-p -> ?min-p -> ?xtc -> temp-ext -> dist 
ollama-1  | slot launch_slot_: id  0 | task -1 | sampler params: 
ollama-1  | 	repeat_last_n = 64, repeat_penalty = 1.000, frequency_penalty = 0.000, presence_penalty = 0.000
ollama-1  | 	dry_multiplier = 0.000, dry_base = 1.750, dry_allowed_length = 2, dry_penalty_last_n = 64
ollama-1  | 	top_k = 40, top_p = 0.900, min_p = 0.000, xtc_probability = 0.000, xtc_threshold = 0.100, typical_p = 1.000, top_n_sigma = -1.000, temp = 0.000
ollama-1  | 	mirostat = 0, mirostat_lr = 0.100, mirostat_ent = 5.000, adaptive_target = -1.000, adaptive_decay = 0.900
ollama-1  | slot launch_slot_: id  0 | task 4249 | processing task, is_child = 0
ollama-1  | slot   operator(): id  0 | task 4249 | new prompt, n_ctx_slot = 4096, n_keep = 4, task.n_tokens = 473
ollama-1  | slot   operator(): id  0 | task 4249 | cached n_tokens = 328, memory_seq_rm [328, end)
ollama-1  | slot init_sampler: id  0 | task 4249 | init sampler, took 0.08 ms, tokens: text = 473, total = 473
ollama-1  | slot print_timing: id  0 | task 4249 | prompt eval time =    1702.52 ms /   145 tokens (   11.74 ms per token,    85.17 tokens per second)
ollama-1  | slot print_timing: id  0 | task 4249 |        eval time =     401.14 ms /     8 tokens (   57.31 ms per token,    17.45 tokens per second)
ollama-1  | slot print_timing: id  0 | task 4249 |       total time =    2103.66 ms /   153 tokens
ollama-1  | slot print_timing: id  0 | task 4249 |    graphs reused =       2936
ollama-1  | slot      release: id  0 | task 4249 | stop processing: n_tokens = 480, truncated = 0
ollama-1  | srv  update_slots: all slots are idle
ollama-1  | [GIN] 2026/10/07 - 10:07:13 | 200 |  2.113731269s |      172.18.0.4 | POST     "/api/generate"
ollama-1  | srv  server_strea: conv_id= (empty=1)
ollama-1  | slot get_availabl: id  0 | task -1 |  - checking sim = 0.727 (328/451) > 0.100
ollama-1  | slot get_availabl: id  0 | task -1 | selected slot by LCP similarity, f_sim_best = 0.727 (> 0.100 thold), f_keep = 0.683
ollama-1  | slot launch_slot_: id  0 | task -1 | sampler chain: logits -> ?penalties -> ?dry -> ?top-n-sigma -> top-k -> ?typical -> top-p -> ?min-p -> ?xtc -> temp-ext -> dist 
ollama-1  | slot launch_slot_: id  0 | task -1 | sampler params: 
ollama-1  | 	repeat_last_n = 64, repeat_penalty = 1.000, frequency_penalty = 0.000, presence_penalty = 0.000
ollama-1  | 	dry_multiplier = 0.000, dry_base = 1.750, dry_allowed_length = 2, dry_penalty_last_n = 64
ollama-1  | 	top_k = 40, top_p = 0.900, min_p = 0.000, xtc_probability = 0.000, xtc_threshold = 0.100, typical_p = 1.000, top_n_sigma = -1.000, temp = 0.000
ollama-1  | 	mirostat = 0, mirostat_lr = 0.100, mirostat_ent = 5.000, adaptive_target = -1.000, adaptive_decay = 0.900
ollama-1  | slot launch_slot_: id  0 | task 4258 | processing task, is_child = 0
ollama-1  | slot   operator(): id  0 | task 4258 | new prompt, n_ctx_slot = 4096, n_keep = 4, task.n_tokens = 451
ollama-1  | slot   operator(): id  0 | task 4258 | cached n_tokens = 328, memory_seq_rm [328, end)
ollama-1  | slot init_sampler: id  0 | task 4258 | init sampler, took 0.07 ms, tokens: text = 451, total = 451
ollama-1  | slot print_timing: id  0 | task 4258 | prompt eval time =    1375.04 ms /   123 tokens (   11.18 ms per token,    89.45 tokens per second)
ollama-1  | slot print_timing: id  0 | task 4258 |        eval time =     385.18 ms /     9 tokens (   48.15 ms per token,    20.77 tokens per second)
ollama-1  | slot print_timing: id  0 | task 4258 |       total time =    1760.21 ms /   132 tokens
ollama-1  | slot print_timing: id  0 | task 4258 |    graphs reused =       2943
ollama-1  | slot      release: id  0 | task 4258 | stop processing: n_tokens = 459, truncated = 0
ollama-1  | srv  update_slots: all slots are idle
ollama-1  | [GIN] 2026/10/07 - 10:07:15 | 200 |  1.769420171s |      172.18.0.4 | POST     "/api/generate"
ollama-1  | srv  server_strea: conv_id= (empty=1)
ollama-1  | slot get_availabl: id  0 | task -1 |  - checking sim = 0.678 (328/484) > 0.100
ollama-1  | slot get_availabl: id  0 | task -1 | selected slot by LCP similarity, f_sim_best = 0.678 (> 0.100 thold), f_keep = 0.715
ollama-1  | slot launch_slot_: id  0 | task -1 | sampler chain: logits -> ?penalties -> ?dry -> ?top-n-sigma -> top-k -> ?typical -> top-p -> ?min-p -> ?xtc -> temp-ext -> dist 
ollama-1  | slot launch_slot_: id  0 | task -1 | sampler params: 
ollama-1  | 	repeat_last_n = 64, repeat_penalty = 1.000, frequency_penalty = 0.000, presence_penalty = 0.000
ollama-1  | 	dry_multiplier = 0.000, dry_base = 1.750, dry_allowed_length = 2, dry_penalty_last_n = 64
ollama-1  | 	top_k = 40, top_p = 0.900, min_p = 0.000, xtc_probability = 0.000, xtc_threshold = 0.100, typical_p = 1.000, top_n_sigma = -1.000, temp = 0.000
ollama-1  | 	mirostat = 0, mirostat_lr = 0.100, mirostat_ent = 5.000, adaptive_target = -1.000, adaptive_decay = 0.900
ollama-1  | slot launch_slot_: id  0 | task 4268 | processing task, is_child = 0
ollama-1  | slot   operator(): id  0 | task 4268 | new prompt, n_ctx_slot = 4096, n_keep = 4, task.n_tokens = 484
ollama-1  | slot   operator(): id  0 | task 4268 | cached n_tokens = 328, memory_seq_rm [328, end)
ollama-1  | slot init_sampler: id  0 | task 4268 | init sampler, took 0.11 ms, tokens: text = 484, total = 484
ollama-1  | slot print_timing: id  0 | task 4268 | prompt eval time =    1668.32 ms /   156 tokens (   10.69 ms per token,    93.51 tokens per second)
ollama-1  | slot print_timing: id  0 | task 4268 |        eval time =     393.23 ms /     9 tokens (   49.15 ms per token,    20.34 tokens per second)
ollama-1  | slot print_timing: id  0 | task 4268 |       total time =    2061.55 ms /   165 tokens
ollama-1  | slot print_timing: id  0 | task 4268 |    graphs reused =       2950
ollama-1  | slot      release: id  0 | task 4268 | stop processing: n_tokens = 492, truncated = 0
ollama-1  | srv  update_slots: all slots are idle
ollama-1  | [GIN] 2026/10/07 - 10:07:17 | 200 |    2.0689974s |      172.18.0.4 | POST     "/api/generate"
ollama-1  | srv  server_strea: conv_id= (empty=1)
ollama-1  | slot get_availabl: id  0 | task -1 |  - checking sim = 0.787 (328/417) > 0.100
ollama-1  | slot get_availabl: id  0 | task -1 | selected slot by LCP similarity, f_sim_best = 0.787 (> 0.100 thold), f_keep = 0.667
ollama-1  | slot launch_slot_: id  0 | task -1 | sampler chain: logits -> ?penalties -> ?dry -> ?top-n-sigma -> top-k -> ?typical -> top-p -> ?min-p -> ?xtc -> temp-ext -> dist 
ollama-1  | slot launch_slot_: id  0 | task -1 | sampler params: 
ollama-1  | 	repeat_last_n = 64, repeat_penalty = 1.000, frequency_penalty = 0.000, presence_penalty = 0.000
ollama-1  | 	dry_multiplier = 0.000, dry_base = 1.750, dry_allowed_length = 2, dry_penalty_last_n = 64
ollama-1  | 	top_k = 40, top_p = 0.900, min_p = 0.000, xtc_probability = 0.000, xtc_threshold = 0.100, typical_p = 1.000, top_n_sigma = -1.000, temp = 0.000
ollama-1  | 	mirostat = 0, mirostat_lr = 0.100, mirostat_ent = 5.000, adaptive_target = -1.000, adaptive_decay = 0.900
ollama-1  | slot launch_slot_: id  0 | task 4278 | processing task, is_child = 0
ollama-1  | slot   operator(): id  0 | task 4278 | new prompt, n_ctx_slot = 4096, n_keep = 4, task.n_tokens = 417
ollama-1  | slot   operator(): id  0 | task 4278 | cached n_tokens = 328, memory_seq_rm [328, end)
ollama-1  | slot init_sampler: id  0 | task 4278 | init sampler, took 0.06 ms, tokens: text = 417, total = 417
ollama-1  | [GIN] 2026/10/07 - 10:07:20 | 200 |      32.643µs |       127.0.0.1 | HEAD     "/"
ollama-1  | [GIN] 2026/10/07 - 10:07:20 | 200 |     4.60068ms |       127.0.0.1 | GET      "/api/tags"
ollama-1  | slot print_timing: id  0 | task 4278 | prompt eval time =    2506.35 ms /    89 tokens (   28.16 ms per token,    35.51 tokens per second)
ollama-1  | slot print_timing: id  0 | task 4278 |        eval time =     387.10 ms /     9 tokens (   48.39 ms per token,    20.67 tokens per second)
ollama-1  | slot print_timing: id  0 | task 4278 |       total time =    2893.44 ms /    98 tokens
ollama-1  | slot print_timing: id  0 | task 4278 |    graphs reused =       2957
ollama-1  | slot      release: id  0 | task 4278 | stop processing: n_tokens = 425, truncated = 0
ollama-1  | srv  update_slots: all slots are idle
ollama-1  | [GIN] 2026/10/07 - 10:07:20 | 200 |  2.900131048s |      172.18.0.4 | POST     "/api/generate"
ollama-1  | srv  server_strea: conv_id= (empty=1)
ollama-1  | slot get_availabl: id  0 | task -1 |  - checking sim = 0.660 (328/497) > 0.100
ollama-1  | slot get_availabl: id  0 | task -1 | selected slot by LCP similarity, f_sim_best = 0.660 (> 0.100 thold), f_keep = 0.772
ollama-1  | slot launch_slot_: id  0 | task -1 | sampler chain: logits -> ?penalties -> ?dry -> ?top-n-sigma -> top-k -> ?typical -> top-p -> ?min-p -> ?xtc -> temp-ext -> dist 
ollama-1  | slot launch_slot_: id  0 | task -1 | sampler params: 
ollama-1  | 	repeat_last_n = 64, repeat_penalty = 1.000, frequency_penalty = 0.000, presence_penalty = 0.000
ollama-1  | 	dry_multiplier = 0.000, dry_base = 1.750, dry_allowed_length = 2, dry_penalty_last_n = 64
ollama-1  | 	top_k = 40, top_p = 0.900, min_p = 0.000, xtc_probability = 0.000, xtc_threshold = 0.100, typical_p = 1.000, top_n_sigma = -1.000, temp = 0.000
ollama-1  | 	mirostat = 0, mirostat_lr = 0.100, mirostat_ent = 5.000, adaptive_target = -1.000, adaptive_decay = 0.900
ollama-1  | slot launch_slot_: id  0 | task 4288 | processing task, is_child = 0
ollama-1  | slot   operator(): id  0 | task 4288 | new prompt, n_ctx_slot = 4096, n_keep = 4, task.n_tokens = 497
ollama-1  | slot   operator(): id  0 | task 4288 | cached n_tokens = 328, memory_seq_rm [328, end)
ollama-1  | slot init_sampler: id  0 | task 4288 | init sampler, took 0.06 ms, tokens: text = 497, total = 497
ollama-1  | slot print_timing: id  0 | task 4288 | prompt eval time =    1782.28 ms /   169 tokens (   10.55 ms per token,    94.82 tokens per second)
ollama-1  | slot print_timing: id  0 | task 4288 |        eval time =     391.01 ms /     9 tokens (   48.88 ms per token,    20.46 tokens per second)
ollama-1  | slot print_timing: id  0 | task 4288 |       total time =    2173.29 ms /   178 tokens
ollama-1  | slot print_timing: id  0 | task 4288 |    graphs reused =       2964
ollama-1  | slot      release: id  0 | task 4288 | stop processing: n_tokens = 505, truncated = 0
ollama-1  | srv  update_slots: all slots are idle
ollama-1  | [GIN] 2026/10/07 - 10:07:22 | 200 |  2.179943223s |      172.18.0.4 | POST     "/api/generate"
ollama-1  | srv  server_strea: conv_id= (empty=1)
ollama-1  | slot get_availabl: id  0 | task -1 |  - checking sim = 0.515 (329/639) > 0.100
ollama-1  | slot get_availabl: id  0 | task -1 | selected slot by LCP similarity, f_sim_best = 0.515 (> 0.100 thold), f_keep = 0.651
ollama-1  | slot launch_slot_: id  0 | task -1 | sampler chain: logits -> ?penalties -> ?dry -> ?top-n-sigma -> top-k -> ?typical -> top-p -> ?min-p -> ?xtc -> temp-ext -> dist 
ollama-1  | slot launch_slot_: id  0 | task -1 | sampler params: 
ollama-1  | 	repeat_last_n = 64, repeat_penalty = 1.000, frequency_penalty = 0.000, presence_penalty = 0.000
ollama-1  | 	dry_multiplier = 0.000, dry_base = 1.750, dry_allowed_length = 2, dry_penalty_last_n = 64
ollama-1  | 	top_k = 40, top_p = 0.900, min_p = 0.000, xtc_probability = 0.000, xtc_threshold = 0.100, typical_p = 1.000, top_n_sigma = -1.000, temp = 0.000
ollama-1  | 	mirostat = 0, mirostat_lr = 0.100, mirostat_ent = 5.000, adaptive_target = -1.000, adaptive_decay = 0.900
ollama-1  | slot launch_slot_: id  0 | task 4298 | processing task, is_child = 0
ollama-1  | slot   operator(): id  0 | task 4298 | new prompt, n_ctx_slot = 4096, n_keep = 4, task.n_tokens = 639
ollama-1  | slot   operator(): id  0 | task 4298 | cached n_tokens = 329, memory_seq_rm [329, end)
ollama-1  | slot init_sampler: id  0 | task 4298 | init sampler, took 0.07 ms, tokens: text = 639, total = 639
ollama-1  | slot print_timing: id  0 | task 4298 | prompt eval time =    3151.75 ms /   310 tokens (   10.17 ms per token,    98.36 tokens per second)
ollama-1  | slot print_timing: id  0 | task 4298 |        eval time =     377.81 ms /     8 tokens (   53.97 ms per token,    18.53 tokens per second)
ollama-1  | slot print_timing: id  0 | task 4298 |       total time =    3529.56 ms /   318 tokens
ollama-1  | slot print_timing: id  0 | task 4298 |    graphs reused =       2970
ollama-1  | slot      release: id  0 | task 4298 | stop processing: n_tokens = 646, truncated = 0
ollama-1  | srv  update_slots: all slots are idle
ollama-1  | [GIN] 2026/10/07 - 10:07:26 | 200 |  3.536742128s |      172.18.0.4 | POST     "/api/generate"
ollama-1  | srv  server_strea: conv_id= (empty=1)
ollama-1  | slot get_availabl: id  0 | task -1 |  - checking sim = 0.672 (328/488) > 0.100
ollama-1  | slot get_availabl: id  0 | task -1 | selected slot by LCP similarity, f_sim_best = 0.672 (> 0.100 thold), f_keep = 0.508
ollama-1  | slot launch_slot_: id  0 | task -1 | sampler chain: logits -> ?penalties -> ?dry -> ?top-n-sigma -> top-k -> ?typical -> top-p -> ?min-p -> ?xtc -> temp-ext -> dist 
ollama-1  | slot launch_slot_: id  0 | task -1 | sampler params: 
ollama-1  | 	repeat_last_n = 64, repeat_penalty = 1.000, frequency_penalty = 0.000, presence_penalty = 0.000
ollama-1  | 	dry_multiplier = 0.000, dry_base = 1.750, dry_allowed_length = 2, dry_penalty_last_n = 64
ollama-1  | 	top_k = 40, top_p = 0.900, min_p = 0.000, xtc_probability = 0.000, xtc_threshold = 0.100, typical_p = 1.000, top_n_sigma = -1.000, temp = 0.000
ollama-1  | 	mirostat = 0, mirostat_lr = 0.100, mirostat_ent = 5.000, adaptive_target = -1.000, adaptive_decay = 0.900
ollama-1  | slot launch_slot_: id  0 | task 4307 | processing task, is_child = 0
ollama-1  | slot   operator(): id  0 | task 4307 | new prompt, n_ctx_slot = 4096, n_keep = 4, task.n_tokens = 488
ollama-1  | slot   operator(): id  0 | task 4307 | cached n_tokens = 328, memory_seq_rm [328, end)
ollama-1  | slot init_sampler: id  0 | task 4307 | init sampler, took 0.08 ms, tokens: text = 488, total = 488
ollama-1  | slot print_timing: id  0 | task 4307 | prompt eval time =    1812.99 ms /   160 tokens (   11.33 ms per token,    88.25 tokens per second)
ollama-1  | slot print_timing: id  0 | task 4307 |        eval time =     420.23 ms /     9 tokens (   52.53 ms per token,    19.04 tokens per second)
ollama-1  | slot print_timing: id  0 | task 4307 |       total time =    2233.22 ms /   169 tokens
ollama-1  | slot print_timing: id  0 | task 4307 |    graphs reused =       2977
ollama-1  | slot      release: id  0 | task 4307 | stop processing: n_tokens = 496, truncated = 0
ollama-1  | srv  update_slots: all slots are idle
ollama-1  | [GIN] 2026/10/07 - 10:07:28 | 200 |  2.241099123s |      172.18.0.4 | POST     "/api/generate"
ollama-1  | srv  server_strea: conv_id= (empty=1)
ollama-1  | slot get_availabl: id  0 | task -1 |  - checking sim = 0.505 (328/650) > 0.100
ollama-1  | slot get_availabl: id  0 | task -1 | selected slot by LCP similarity, f_sim_best = 0.505 (> 0.100 thold), f_keep = 0.661
ollama-1  | slot launch_slot_: id  0 | task -1 | sampler chain: logits -> ?penalties -> ?dry -> ?top-n-sigma -> top-k -> ?typical -> top-p -> ?min-p -> ?xtc -> temp-ext -> dist 
ollama-1  | slot launch_slot_: id  0 | task -1 | sampler params: 
ollama-1  | 	repeat_last_n = 64, repeat_penalty = 1.000, frequency_penalty = 0.000, presence_penalty = 0.000
ollama-1  | 	dry_multiplier = 0.000, dry_base = 1.750, dry_allowed_length = 2, dry_penalty_last_n = 64
ollama-1  | 	top_k = 40, top_p = 0.900, min_p = 0.000, xtc_probability = 0.000, xtc_threshold = 0.100, typical_p = 1.000, top_n_sigma = -1.000, temp = 0.000
ollama-1  | 	mirostat = 0, mirostat_lr = 0.100, mirostat_ent = 5.000, adaptive_target = -1.000, adaptive_decay = 0.900
ollama-1  | slot launch_slot_: id  0 | task 4317 | processing task, is_child = 0
ollama-1  | slot   operator(): id  0 | task 4317 | new prompt, n_ctx_slot = 4096, n_keep = 4, task.n_tokens = 650
ollama-1  | slot   operator(): id  0 | task 4317 | cached n_tokens = 328, memory_seq_rm [328, end)
ollama-1  | slot init_sampler: id  0 | task 4317 | init sampler, took 0.10 ms, tokens: text = 650, total = 650
ollama-1  | [GIN] 2026/10/07 - 10:07:30 | 200 |      34.142µs |       127.0.0.1 | HEAD     "/"
ollama-1  | [GIN] 2026/10/07 - 10:07:30 | 200 |    7.525491ms |       127.0.0.1 | GET      "/api/tags"
ollama-1  | slot print_timing: id  0 | task 4317 | prompt eval time =    3530.19 ms /   322 tokens (   10.96 ms per token,    91.21 tokens per second)
ollama-1  | slot print_timing: id  0 | task 4317 |        eval time =     391.54 ms /     9 tokens (   48.94 ms per token,    20.43 tokens per second)
ollama-1  | slot print_timing: id  0 | task 4317 |       total time =    3921.74 ms /   331 tokens
ollama-1  | slot print_timing: id  0 | task 4317 |    graphs reused =       2984
ollama-1  | slot      release: id  0 | task 4317 | stop processing: n_tokens = 658, truncated = 0
ollama-1  | srv  update_slots: all slots are idle
ollama-1  | [GIN] 2026/10/07 - 10:07:32 | 200 |  3.930542654s |      172.18.0.4 | POST     "/api/generate"
ollama-1  | srv  server_strea: conv_id= (empty=1)
ollama-1  | slot get_availabl: id  0 | task -1 |  - checking sim = 0.642 (328/511) > 0.100
ollama-1  | slot get_availabl: id  0 | task -1 | selected slot by LCP similarity, f_sim_best = 0.642 (> 0.100 thold), f_keep = 0.498
ollama-1  | srv  get_availabl: updating prompt cache
ollama-1  | srv   prompt_save:  - saving prompt with length 658, total state size = 20.570 MiB (draft: 0.000 MiB)
ollama-1  | srv         alloc:  - prompt is already in the cache, skipping
ollama-1  | srv          load:  - looking for better prompt, base f_keep = 0.498, f_sim = 0.642
ollama-1  | srv          load:    - prompt with length     694, lcp =     328, f_keep = 0.473, f_sim = 0.642
ollama-1  | srv          load:    - prompt with length     710, lcp =     328, f_keep = 0.462, f_sim = 0.642
ollama-1  | srv          load:    - prompt with length     785, lcp =     328, f_keep = 0.418, f_sim = 0.642
ollama-1  | srv          load:    - prompt with length     691, lcp =     328, f_keep = 0.475, f_sim = 0.642
ollama-1  | srv          load:    - prompt with length     702, lcp =     328, f_keep = 0.467, f_sim = 0.642
ollama-1  | srv          load:    - prompt with length     702, lcp =     328, f_keep = 0.467, f_sim = 0.642
ollama-1  | srv          load:    - prompt with length     668, lcp =     328, f_keep = 0.491, f_sim = 0.642
ollama-1  | srv          load:    - prompt with length     723, lcp =     328, f_keep = 0.454, f_sim = 0.642
ollama-1  | srv          load:    - prompt with length     787, lcp =     328, f_keep = 0.417, f_sim = 0.642
ollama-1  | srv          load:    - prompt with length     658, lcp =     328, f_keep = 0.498, f_sim = 0.642
ollama-1  | srv          load:    - prompt with length     757, lcp =     328, f_keep = 0.433, f_sim = 0.642
ollama-1  | srv          load:    - prompt with length     679, lcp =     328, f_keep = 0.483, f_sim = 0.642
ollama-1  | srv          load:    - prompt with length     795, lcp =     328, f_keep = 0.413, f_sim = 0.642
ollama-1  | srv          load:    - prompt with length     689, lcp =     328, f_keep = 0.476, f_sim = 0.642
ollama-1  | srv          load:    - prompt with length     737, lcp =     328, f_keep = 0.445, f_sim = 0.642
ollama-1  | srv          load:    - prompt with length     736, lcp =     328, f_keep = 0.446, f_sim = 0.642
ollama-1  | srv          load:    - prompt with length     762, lcp =     328, f_keep = 0.430, f_sim = 0.642
ollama-1  | srv          load:    - prompt with length     712, lcp =     328, f_keep = 0.461, f_sim = 0.642
ollama-1  | srv          load:    - prompt with length     697, lcp =     328, f_keep = 0.471, f_sim = 0.642
ollama-1  | srv          load:    - prompt with length     776, lcp =     328, f_keep = 0.423, f_sim = 0.642
ollama-1  | srv          load:    - prompt with length     693, lcp =     328, f_keep = 0.473, f_sim = 0.642
ollama-1  | srv        update:  - cache state: 21 prompts, 473.713 MiB (limits: 8192.000 MiB, 4096 tokens, 262043 est)
ollama-1  | srv        update:    - prompt 0x2eeca960:     694 tokens, checkpoints:  0,    21.696 MiB
ollama-1  | srv        update:    - prompt 0x2e281e30:     710 tokens, checkpoints:  0,    22.196 MiB
ollama-1  | srv        update:    - prompt 0x2e282b20:     785 tokens, checkpoints:  0,    24.541 MiB
ollama-1  | srv        update:    - prompt 0x30ad8180:     691 tokens, checkpoints:  0,    21.602 MiB
ollama-1  | srv        update:    - prompt 0x2c5e6580:     702 tokens, checkpoints:  0,    21.946 MiB
ollama-1  | srv        update:    - prompt 0x30c0b130:     702 tokens, checkpoints:  0,    21.946 MiB
ollama-1  | srv        update:    - prompt 0x2c53b6f0:     668 tokens, checkpoints:  0,    20.883 MiB
ollama-1  | srv        update:    - prompt 0x2e2885c0:     723 tokens, checkpoints:  0,    22.602 MiB
ollama-1  | srv        update:    - prompt 0x2deaf160:     787 tokens, checkpoints:  0,    24.603 MiB
ollama-1  | srv        update:    - prompt 0x2c60efe0:     658 tokens, checkpoints:  0,    20.570 MiB
ollama-1  | srv        update:    - prompt 0x2c5d0c60:     757 tokens, checkpoints:  0,    23.665 MiB
ollama-1  | srv        update:    - prompt 0x2c5acbf0:     679 tokens, checkpoints:  0,    21.227 MiB
ollama-1  | srv        update:    - prompt 0x30b99130:     795 tokens, checkpoints:  0,    24.853 MiB
ollama-1  | srv        update:    - prompt 0x30b86c70:     689 tokens, checkpoints:  0,    21.540 MiB
ollama-1  | srv        update:    - prompt 0x39752f10:     737 tokens, checkpoints:  0,    23.040 MiB
ollama-1  | srv        update:    - prompt 0x2de98930:     736 tokens, checkpoints:  0,    23.009 MiB
ollama-1  | srv        update:    - prompt 0x2e283510:     762 tokens, checkpoints:  0,    23.822 MiB
ollama-1  | srv        update:    - prompt 0x309ddc70:     712 tokens, checkpoints:  0,    22.259 MiB
ollama-1  | srv        update:    - prompt 0x30b99080:     697 tokens, checkpoints:  0,    21.790 MiB
ollama-1  | srv        update:    - prompt 0x2e280050:     776 tokens, checkpoints:  0,    24.259 MiB
ollama-1  | srv        update:    - prompt 0x30aa79f0:     693 tokens, checkpoints:  0,    21.665 MiB
ollama-1  | srv  get_availabl: prompt cache update took 0.10 ms
ollama-1  | slot launch_slot_: id  0 | task -1 | sampler chain: logits -> ?penalties -> ?dry -> ?top-n-sigma -> top-k -> ?typical -> top-p -> ?min-p -> ?xtc -> temp-ext -> dist 
ollama-1  | slot launch_slot_: id  0 | task -1 | sampler params: 
ollama-1  | 	repeat_last_n = 64, repeat_penalty = 1.000, frequency_penalty = 0.000, presence_penalty = 0.000
ollama-1  | 	dry_multiplier = 0.000, dry_base = 1.750, dry_allowed_length = 2, dry_penalty_last_n = 64
ollama-1  | 	top_k = 40, top_p = 0.900, min_p = 0.000, xtc_probability = 0.000, xtc_threshold = 0.100, typical_p = 1.000, top_n_sigma = -1.000, temp = 0.000
ollama-1  | 	mirostat = 0, mirostat_lr = 0.100, mirostat_ent = 5.000, adaptive_target = -1.000, adaptive_decay = 0.900
ollama-1  | slot launch_slot_: id  0 | task 4327 | processing task, is_child = 0
ollama-1  | slot   operator(): id  0 | task 4327 | new prompt, n_ctx_slot = 4096, n_keep = 4, task.n_tokens = 511
ollama-1  | slot   operator(): id  0 | task 4327 | cached n_tokens = 328, memory_seq_rm [328, end)
ollama-1  | slot init_sampler: id  0 | task 4327 | init sampler, took 0.05 ms, tokens: text = 511, total = 511
ollama-1  | slot print_timing: id  0 | task 4327 | prompt eval time =    1922.79 ms /   183 tokens (   10.51 ms per token,    95.17 tokens per second)
ollama-1  | slot print_timing: id  0 | task 4327 |        eval time =     435.97 ms /     9 tokens (   54.50 ms per token,    18.35 tokens per second)
ollama-1  | slot print_timing: id  0 | task 4327 |       total time =    2358.76 ms /   192 tokens
ollama-1  | slot print_timing: id  0 | task 4327 |    graphs reused =       2990
ollama-1  | slot      release: id  0 | task 4327 | stop processing: n_tokens = 519, truncated = 0
ollama-1  | srv  update_slots: all slots are idle
ollama-1  | [GIN] 2026/10/07 - 10:07:35 | 200 |  2.367389743s |      172.18.0.4 | POST     "/api/generate"
ollama-1  | srv  server_strea: conv_id= (empty=1)
ollama-1  | slot get_availabl: id  0 | task -1 |  - checking sim = 0.511 (328/642) > 0.100
ollama-1  | slot get_availabl: id  0 | task -1 | selected slot by LCP similarity, f_sim_best = 0.511 (> 0.100 thold), f_keep = 0.632
ollama-1  | slot launch_slot_: id  0 | task -1 | sampler chain: logits -> ?penalties -> ?dry -> ?top-n-sigma -> top-k -> ?typical -> top-p -> ?min-p -> ?xtc -> temp-ext -> dist 
ollama-1  | slot launch_slot_: id  0 | task -1 | sampler params: 
ollama-1  | 	repeat_last_n = 64, repeat_penalty = 1.000, frequency_penalty = 0.000, presence_penalty = 0.000
ollama-1  | 	dry_multiplier = 0.000, dry_base = 1.750, dry_allowed_length = 2, dry_penalty_last_n = 64
ollama-1  | 	top_k = 40, top_p = 0.900, min_p = 0.000, xtc_probability = 0.000, xtc_threshold = 0.100, typical_p = 1.000, top_n_sigma = -1.000, temp = 0.000
ollama-1  | 	mirostat = 0, mirostat_lr = 0.100, mirostat_ent = 5.000, adaptive_target = -1.000, adaptive_decay = 0.900
ollama-1  | slot launch_slot_: id  0 | task 4337 | processing task, is_child = 0
ollama-1  | slot   operator(): id  0 | task 4337 | new prompt, n_ctx_slot = 4096, n_keep = 4, task.n_tokens = 642
ollama-1  | slot   operator(): id  0 | task 4337 | cached n_tokens = 328, memory_seq_rm [328, end)
ollama-1  | slot init_sampler: id  0 | task 4337 | init sampler, took 0.09 ms, tokens: text = 642, total = 642
ollama-1  | slot print_timing: id  0 | task 4337 | prompt eval time =    3195.09 ms /   314 tokens (   10.18 ms per token,    98.28 tokens per second)
ollama-1  | slot print_timing: id  0 | task 4337 |        eval time =     469.37 ms /     8 tokens (   67.05 ms per token,    14.91 tokens per second)
ollama-1  | slot print_timing: id  0 | task 4337 |       total time =    3664.45 ms /   322 tokens
ollama-1  | slot print_timing: id  0 | task 4337 |    graphs reused =       2996
ollama-1  | slot      release: id  0 | task 4337 | stop processing: n_tokens = 649, truncated = 0
ollama-1  | srv  update_slots: all slots are idle
ollama-1  | [GIN] 2026/10/07 - 10:07:38 | 200 |  3.672495186s |      172.18.0.4 | POST     "/api/generate"
ollama-1  | srv  server_strea: conv_id= (empty=1)
ollama-1  | slot get_availabl: id  0 | task -1 |  - checking sim = 0.843 (328/389) > 0.100
ollama-1  | slot get_availabl: id  0 | task -1 | selected slot by LCP similarity, f_sim_best = 0.843 (> 0.100 thold), f_keep = 0.505
ollama-1  | slot launch_slot_: id  0 | task -1 | sampler chain: logits -> ?penalties -> ?dry -> ?top-n-sigma -> top-k -> ?typical -> top-p -> ?min-p -> ?xtc -> temp-ext -> dist 
ollama-1  | slot launch_slot_: id  0 | task -1 | sampler params: 
ollama-1  | 	repeat_last_n = 64, repeat_penalty = 1.000, frequency_penalty = 0.000, presence_penalty = 0.000
ollama-1  | 	dry_multiplier = 0.000, dry_base = 1.750, dry_allowed_length = 2, dry_penalty_last_n = 64
ollama-1  | 	top_k = 40, top_p = 0.900, min_p = 0.000, xtc_probability = 0.000, xtc_threshold = 0.100, typical_p = 1.000, top_n_sigma = -1.000, temp = 0.000
ollama-1  | 	mirostat = 0, mirostat_lr = 0.100, mirostat_ent = 5.000, adaptive_target = -1.000, adaptive_decay = 0.900
ollama-1  | slot launch_slot_: id  0 | task 4346 | processing task, is_child = 0
ollama-1  | slot   operator(): id  0 | task 4346 | new prompt, n_ctx_slot = 4096, n_keep = 4, task.n_tokens = 389
ollama-1  | slot   operator(): id  0 | task 4346 | cached n_tokens = 328, memory_seq_rm [328, end)
ollama-1  | slot init_sampler: id  0 | task 4346 | init sampler, took 0.09 ms, tokens: text = 389, total = 389
ollama-1  | slot print_timing: id  0 | task 4346 | prompt eval time =     894.98 ms /    61 tokens (   14.67 ms per token,    68.16 tokens per second)
ollama-1  | slot print_timing: id  0 | task 4346 |        eval time =     462.46 ms /     9 tokens (   57.81 ms per token,    17.30 tokens per second)
ollama-1  | slot print_timing: id  0 | task 4346 |       total time =    1357.44 ms /    70 tokens
ollama-1  | slot print_timing: id  0 | task 4346 |    graphs reused =       3003
ollama-1  | slot      release: id  0 | task 4346 | stop processing: n_tokens = 397, truncated = 0
ollama-1  | srv  update_slots: all slots are idle
ollama-1  | [GIN] 2026/10/07 - 10:07:40 | 200 |   1.36616085s |      172.18.0.4 | POST     "/api/generate"
ollama-1  | srv  server_strea: conv_id= (empty=1)
ollama-1  | slot get_availabl: id  0 | task -1 |  - checking sim = 0.636 (328/516) > 0.100
ollama-1  | slot get_availabl: id  0 | task -1 | selected slot by LCP similarity, f_sim_best = 0.636 (> 0.100 thold), f_keep = 0.826
ollama-1  | slot launch_slot_: id  0 | task -1 | sampler chain: logits -> ?penalties -> ?dry -> ?top-n-sigma -> top-k -> ?typical -> top-p -> ?min-p -> ?xtc -> temp-ext -> dist 
ollama-1  | slot launch_slot_: id  0 | task -1 | sampler params: 
ollama-1  | 	repeat_last_n = 64, repeat_penalty = 1.000, frequency_penalty = 0.000, presence_penalty = 0.000
ollama-1  | 	dry_multiplier = 0.000, dry_base = 1.750, dry_allowed_length = 2, dry_penalty_last_n = 64
ollama-1  | 	top_k = 40, top_p = 0.900, min_p = 0.000, xtc_probability = 0.000, xtc_threshold = 0.100, typical_p = 1.000, top_n_sigma = -1.000, temp = 0.000
ollama-1  | 	mirostat = 0, mirostat_lr = 0.100, mirostat_ent = 5.000, adaptive_target = -1.000, adaptive_decay = 0.900
ollama-1  | slot launch_slot_: id  0 | task 4356 | processing task, is_child = 0
ollama-1  | slot   operator(): id  0 | task 4356 | new prompt, n_ctx_slot = 4096, n_keep = 4, task.n_tokens = 516
ollama-1  | slot   operator(): id  0 | task 4356 | cached n_tokens = 328, memory_seq_rm [328, end)
ollama-1  | slot init_sampler: id  0 | task 4356 | init sampler, took 0.08 ms, tokens: text = 516, total = 516
ollama-1  | [GIN] 2026/10/07 - 10:07:40 | 200 |      39.864µs |       127.0.0.1 | HEAD     "/"
ollama-1  | [GIN] 2026/10/07 - 10:07:40 | 200 |     2.41864ms |       127.0.0.1 | GET      "/api/tags"
ollama-1  | slot print_timing: id  0 | task 4356 | prompt eval time =    2104.72 ms /   188 tokens (   11.20 ms per token,    89.32 tokens per second)
ollama-1  | slot print_timing: id  0 | task 4356 |        eval time =     492.27 ms /     9 tokens (   61.53 ms per token,    16.25 tokens per second)
ollama-1  | slot print_timing: id  0 | task 4356 |       total time =    2597.00 ms /   197 tokens
ollama-1  | slot print_timing: id  0 | task 4356 |    graphs reused =       3010
ollama-1  | slot      release: id  0 | task 4356 | stop processing: n_tokens = 524, truncated = 0
ollama-1  | srv  update_slots: all slots are idle
ollama-1  | [GIN] 2026/10/07 - 10:07:42 | 200 |  2.606193631s |      172.18.0.4 | POST     "/api/generate"
ollama-1  | srv  server_strea: conv_id= (empty=1)
ollama-1  | slot get_availabl: id  0 | task -1 |  - checking sim = 0.605 (328/542) > 0.100
ollama-1  | slot get_availabl: id  0 | task -1 | selected slot by LCP similarity, f_sim_best = 0.605 (> 0.100 thold), f_keep = 0.626
ollama-1  | slot launch_slot_: id  0 | task -1 | sampler chain: logits -> ?penalties -> ?dry -> ?top-n-sigma -> top-k -> ?typical -> top-p -> ?min-p -> ?xtc -> temp-ext -> dist 
ollama-1  | slot launch_slot_: id  0 | task -1 | sampler params: 
ollama-1  | 	repeat_last_n = 64, repeat_penalty = 1.000, frequency_penalty = 0.000, presence_penalty = 0.000
ollama-1  | 	dry_multiplier = 0.000, dry_base = 1.750, dry_allowed_length = 2, dry_penalty_last_n = 64
ollama-1  | 	top_k = 40, top_p = 0.900, min_p = 0.000, xtc_probability = 0.000, xtc_threshold = 0.100, typical_p = 1.000, top_n_sigma = -1.000, temp = 0.000
ollama-1  | 	mirostat = 0, mirostat_lr = 0.100, mirostat_ent = 5.000, adaptive_target = -1.000, adaptive_decay = 0.900
ollama-1  | slot launch_slot_: id  0 | task 4366 | processing task, is_child = 0
ollama-1  | slot   operator(): id  0 | task 4366 | new prompt, n_ctx_slot = 4096, n_keep = 4, task.n_tokens = 542
ollama-1  | slot   operator(): id  0 | task 4366 | cached n_tokens = 328, memory_seq_rm [328, end)
ollama-1  | slot init_sampler: id  0 | task 4366 | init sampler, took 0.09 ms, tokens: text = 542, total = 542
ollama-1  | slot print_timing: id  0 | task 4366 | prompt eval time =    2538.28 ms /   214 tokens (   11.86 ms per token,    84.31 tokens per second)
ollama-1  | slot print_timing: id  0 | task 4366 |        eval time =     409.08 ms /     8 tokens (   58.44 ms per token,    17.11 tokens per second)
ollama-1  | slot print_timing: id  0 | task 4366 |       total time =    2947.36 ms /   222 tokens
ollama-1  | slot print_timing: id  0 | task 4366 |    graphs reused =       3016
ollama-1  | slot      release: id  0 | task 4366 | stop processing: n_tokens = 549, truncated = 0
ollama-1  | srv  update_slots: all slots are idle
ollama-1  | [GIN] 2026/10/07 - 10:07:45 | 200 |  2.955210341s |      172.18.0.4 | POST     "/api/generate"
ollama-1  | srv  server_strea: conv_id= (empty=1)
ollama-1  | slot get_availabl: id  0 | task -1 |  - checking sim = 0.585 (328/561) > 0.100
ollama-1  | slot get_availabl: id  0 | task -1 | selected slot by LCP similarity, f_sim_best = 0.585 (> 0.100 thold), f_keep = 0.597
ollama-1  | slot launch_slot_: id  0 | task -1 | sampler chain: logits -> ?penalties -> ?dry -> ?top-n-sigma -> top-k -> ?typical -> top-p -> ?min-p -> ?xtc -> temp-ext -> dist 
ollama-1  | slot launch_slot_: id  0 | task -1 | sampler params: 
ollama-1  | 	repeat_last_n = 64, repeat_penalty = 1.000, frequency_penalty = 0.000, presence_penalty = 0.000
ollama-1  | 	dry_multiplier = 0.000, dry_base = 1.750, dry_allowed_length = 2, dry_penalty_last_n = 64
ollama-1  | 	top_k = 40, top_p = 0.900, min_p = 0.000, xtc_probability = 0.000, xtc_threshold = 0.100, typical_p = 1.000, top_n_sigma = -1.000, temp = 0.000
ollama-1  | 	mirostat = 0, mirostat_lr = 0.100, mirostat_ent = 5.000, adaptive_target = -1.000, adaptive_decay = 0.900
ollama-1  | slot launch_slot_: id  0 | task 4375 | processing task, is_child = 0
ollama-1  | slot   operator(): id  0 | task 4375 | new prompt, n_ctx_slot = 4096, n_keep = 4, task.n_tokens = 561
ollama-1  | slot   operator(): id  0 | task 4375 | cached n_tokens = 328, memory_seq_rm [328, end)
ollama-1  | slot init_sampler: id  0 | task 4375 | init sampler, took 0.09 ms, tokens: text = 561, total = 561
ollama-1  | slot print_timing: id  0 | task 4375 | prompt eval time =    2456.53 ms /   233 tokens (   10.54 ms per token,    94.85 tokens per second)
ollama-1  | slot print_timing: id  0 | task 4375 |        eval time =     448.79 ms /     9 tokens (   56.10 ms per token,    17.83 tokens per second)
ollama-1  | slot print_timing: id  0 | task 4375 |       total time =    2905.32 ms /   242 tokens
ollama-1  | slot print_timing: id  0 | task 4375 |    graphs reused =       3023
ollama-1  | slot      release: id  0 | task 4375 | stop processing: n_tokens = 569, truncated = 0
ollama-1  | srv  update_slots: all slots are idle
ollama-1  | [GIN] 2026/10/07 - 10:07:48 | 200 |  2.914905592s |      172.18.0.4 | POST     "/api/generate"
ollama-1  | srv  server_strea: conv_id= (empty=1)
ollama-1  | slot get_availabl: id  0 | task -1 |  - checking sim = 0.555 (328/591) > 0.100
ollama-1  | slot get_availabl: id  0 | task -1 | selected slot by LCP similarity, f_sim_best = 0.555 (> 0.100 thold), f_keep = 0.576
ollama-1  | slot launch_slot_: id  0 | task -1 | sampler chain: logits -> ?penalties -> ?dry -> ?top-n-sigma -> top-k -> ?typical -> top-p -> ?min-p -> ?xtc -> temp-ext -> dist 
ollama-1  | slot launch_slot_: id  0 | task -1 | sampler params: 
ollama-1  | 	repeat_last_n = 64, repeat_penalty = 1.000, frequency_penalty = 0.000, presence_penalty = 0.000
ollama-1  | 	dry_multiplier = 0.000, dry_base = 1.750, dry_allowed_length = 2, dry_penalty_last_n = 64
ollama-1  | 	top_k = 40, top_p = 0.900, min_p = 0.000, xtc_probability = 0.000, xtc_threshold = 0.100, typical_p = 1.000, top_n_sigma = -1.000, temp = 0.000
ollama-1  | 	mirostat = 0, mirostat_lr = 0.100, mirostat_ent = 5.000, adaptive_target = -1.000, adaptive_decay = 0.900
ollama-1  | slot launch_slot_: id  0 | task 4385 | processing task, is_child = 0
ollama-1  | slot   operator(): id  0 | task 4385 | new prompt, n_ctx_slot = 4096, n_keep = 4, task.n_tokens = 591
ollama-1  | slot   operator(): id  0 | task 4385 | cached n_tokens = 328, memory_seq_rm [328, end)
ollama-1  | slot init_sampler: id  0 | task 4385 | init sampler, took 0.11 ms, tokens: text = 591, total = 591
ollama-1  | [GIN] 2026/10/07 - 10:07:50 | 200 |      45.675µs |       127.0.0.1 | HEAD     "/"
ollama-1  | [GIN] 2026/10/07 - 10:07:50 | 200 |    2.486756ms |       127.0.0.1 | GET      "/api/tags"
ollama-1  | slot print_timing: id  0 | task 4385 | prompt eval time =    2682.74 ms /   263 tokens (   10.20 ms per token,    98.03 tokens per second)
ollama-1  | slot print_timing: id  0 | task 4385 |        eval time =     340.11 ms /     8 tokens (   48.59 ms per token,    20.58 tokens per second)
ollama-1  | slot print_timing: id  0 | task 4385 |       total time =    3022.85 ms /   271 tokens
ollama-1  | slot print_timing: id  0 | task 4385 |    graphs reused =       3029
ollama-1  | slot      release: id  0 | task 4385 | stop processing: n_tokens = 598, truncated = 0
ollama-1  | srv  update_slots: all slots are idle
ollama-1  | [GIN] 2026/10/07 - 10:07:51 | 200 |  3.031358603s |      172.18.0.4 | POST     "/api/generate"
ollama-1  | srv  server_strea: conv_id= (empty=1)
ollama-1  | slot get_availabl: id  0 | task -1 |  - checking sim = 0.754 (328/435) > 0.100
ollama-1  | slot get_availabl: id  0 | task -1 | selected slot by LCP similarity, f_sim_best = 0.754 (> 0.100 thold), f_keep = 0.548
ollama-1  | slot launch_slot_: id  0 | task -1 | sampler chain: logits -> ?penalties -> ?dry -> ?top-n-sigma -> top-k -> ?typical -> top-p -> ?min-p -> ?xtc -> temp-ext -> dist 
ollama-1  | slot launch_slot_: id  0 | task -1 | sampler params: 
ollama-1  | 	repeat_last_n = 64, repeat_penalty = 1.000, frequency_penalty = 0.000, presence_penalty = 0.000
ollama-1  | 	dry_multiplier = 0.000, dry_base = 1.750, dry_allowed_length = 2, dry_penalty_last_n = 64
ollama-1  | 	top_k = 40, top_p = 0.900, min_p = 0.000, xtc_probability = 0.000, xtc_threshold = 0.100, typical_p = 1.000, top_n_sigma = -1.000, temp = 0.000
ollama-1  | 	mirostat = 0, mirostat_lr = 0.100, mirostat_ent = 5.000, adaptive_target = -1.000, adaptive_decay = 0.900
ollama-1  | slot launch_slot_: id  0 | task 4394 | processing task, is_child = 0
ollama-1  | slot   operator(): id  0 | task 4394 | new prompt, n_ctx_slot = 4096, n_keep = 4, task.n_tokens = 435
ollama-1  | slot   operator(): id  0 | task 4394 | cached n_tokens = 328, memory_seq_rm [328, end)
ollama-1  | slot init_sampler: id  0 | task 4394 | init sampler, took 0.07 ms, tokens: text = 435, total = 435
ollama-1  | slot print_timing: id  0 | task 4394 | prompt eval time =    1124.16 ms /   107 tokens (   10.51 ms per token,    95.18 tokens per second)
ollama-1  | slot print_timing: id  0 | task 4394 |        eval time =     400.51 ms /     9 tokens (   50.06 ms per token,    19.97 tokens per second)
ollama-1  | slot print_timing: id  0 | task 4394 |       total time =    1524.66 ms /   116 tokens
ollama-1  | slot print_timing: id  0 | task 4394 |    graphs reused =       3036
ollama-1  | slot      release: id  0 | task 4394 | stop processing: n_tokens = 443, truncated = 0
ollama-1  | srv  update_slots: all slots are idle
ollama-1  | [GIN] 2026/10/07 - 10:07:53 | 200 |  1.533182289s |      172.18.0.4 | POST     "/api/generate"
ollama-1  | srv  server_strea: conv_id= (empty=1)
ollama-1  | slot get_availabl: id  0 | task -1 |  - checking sim = 0.721 (328/455) > 0.100
ollama-1  | slot get_availabl: id  0 | task -1 | selected slot by LCP similarity, f_sim_best = 0.721 (> 0.100 thold), f_keep = 0.740
ollama-1  | slot launch_slot_: id  0 | task -1 | sampler chain: logits -> ?penalties -> ?dry -> ?top-n-sigma -> top-k -> ?typical -> top-p -> ?min-p -> ?xtc -> temp-ext -> dist 
ollama-1  | slot launch_slot_: id  0 | task -1 | sampler params: 
ollama-1  | 	repeat_last_n = 64, repeat_penalty = 1.000, frequency_penalty = 0.000, presence_penalty = 0.000
ollama-1  | 	dry_multiplier = 0.000, dry_base = 1.750, dry_allowed_length = 2, dry_penalty_last_n = 64
ollama-1  | 	top_k = 40, top_p = 0.900, min_p = 0.000, xtc_probability = 0.000, xtc_threshold = 0.100, typical_p = 1.000, top_n_sigma = -1.000, temp = 0.000
ollama-1  | 	mirostat = 0, mirostat_lr = 0.100, mirostat_ent = 5.000, adaptive_target = -1.000, adaptive_decay = 0.900
ollama-1  | slot launch_slot_: id  0 | task 4404 | processing task, is_child = 0
ollama-1  | slot   operator(): id  0 | task 4404 | new prompt, n_ctx_slot = 4096, n_keep = 4, task.n_tokens = 455
ollama-1  | slot   operator(): id  0 | task 4404 | cached n_tokens = 328, memory_seq_rm [328, end)
ollama-1  | slot init_sampler: id  0 | task 4404 | init sampler, took 0.09 ms, tokens: text = 455, total = 455
ollama-1  | slot print_timing: id  0 | task 4404 | prompt eval time =    1330.31 ms /   127 tokens (   10.47 ms per token,    95.47 tokens per second)
ollama-1  | slot print_timing: id  0 | task 4404 |        eval time =     382.24 ms /     8 tokens (   54.61 ms per token,    18.31 tokens per second)
ollama-1  | slot print_timing: id  0 | task 4404 |       total time =    1712.54 ms /   135 tokens
ollama-1  | slot print_timing: id  0 | task 4404 |    graphs reused =       3042
ollama-1  | slot      release: id  0 | task 4404 | stop processing: n_tokens = 462, truncated = 0
ollama-1  | srv  update_slots: all slots are idle
ollama-1  | [GIN] 2026/10/07 - 10:07:55 | 200 |   1.72107262s |      172.18.0.4 | POST     "/api/generate"
ollama-1  | srv  server_strea: conv_id= (empty=1)
ollama-1  | slot get_availabl: id  0 | task -1 |  - checking sim = 0.814 (328/403) > 0.100
ollama-1  | slot get_availabl: id  0 | task -1 | selected slot by LCP similarity, f_sim_best = 0.814 (> 0.100 thold), f_keep = 0.710
ollama-1  | slot launch_slot_: id  0 | task -1 | sampler chain: logits -> ?penalties -> ?dry -> ?top-n-sigma -> top-k -> ?typical -> top-p -> ?min-p -> ?xtc -> temp-ext -> dist 
ollama-1  | slot launch_slot_: id  0 | task -1 | sampler params: 
ollama-1  | 	repeat_last_n = 64, repeat_penalty = 1.000, frequency_penalty = 0.000, presence_penalty = 0.000
ollama-1  | 	dry_multiplier = 0.000, dry_base = 1.750, dry_allowed_length = 2, dry_penalty_last_n = 64
ollama-1  | 	top_k = 40, top_p = 0.900, min_p = 0.000, xtc_probability = 0.000, xtc_threshold = 0.100, typical_p = 1.000, top_n_sigma = -1.000, temp = 0.000
ollama-1  | 	mirostat = 0, mirostat_lr = 0.100, mirostat_ent = 5.000, adaptive_target = -1.000, adaptive_decay = 0.900
ollama-1  | slot launch_slot_: id  0 | task 4413 | processing task, is_child = 0
ollama-1  | slot   operator(): id  0 | task 4413 | new prompt, n_ctx_slot = 4096, n_keep = 4, task.n_tokens = 403
ollama-1  | slot   operator(): id  0 | task 4413 | cached n_tokens = 328, memory_seq_rm [328, end)
ollama-1  | slot init_sampler: id  0 | task 4413 | init sampler, took 0.06 ms, tokens: text = 403, total = 403
ollama-1  | slot print_timing: id  0 | task 4413 | prompt eval time =    1016.05 ms /    75 tokens (   13.55 ms per token,    73.82 tokens per second)
ollama-1  | slot print_timing: id  0 | task 4413 |        eval time =     590.46 ms /     9 tokens (   73.81 ms per token,    13.55 tokens per second)
ollama-1  | slot print_timing: id  0 | task 4413 |       total time =    1606.51 ms /    84 tokens
ollama-1  | slot print_timing: id  0 | task 4413 |    graphs reused =       3049
ollama-1  | slot      release: id  0 | task 4413 | stop processing: n_tokens = 411, truncated = 0
ollama-1  | srv  update_slots: all slots are idle
ollama-1  | [GIN] 2026/10/07 - 10:07:56 | 200 |  1.617465271s |      172.18.0.4 | POST     "/api/generate"
ollama-1  | srv  server_strea: conv_id= (empty=1)
ollama-1  | slot get_availabl: id  0 | task -1 |  - checking sim = 0.710 (328/462) > 0.100
ollama-1  | slot get_availabl: id  0 | task -1 | selected slot by LCP similarity, f_sim_best = 0.710 (> 0.100 thold), f_keep = 0.798
ollama-1  | slot launch_slot_: id  0 | task -1 | sampler chain: logits -> ?penalties -> ?dry -> ?top-n-sigma -> top-k -> ?typical -> top-p -> ?min-p -> ?xtc -> temp-ext -> dist 
ollama-1  | slot launch_slot_: id  0 | task -1 | sampler params: 
ollama-1  | 	repeat_last_n = 64, repeat_penalty = 1.000, frequency_penalty = 0.000, presence_penalty = 0.000
ollama-1  | 	dry_multiplier = 0.000, dry_base = 1.750, dry_allowed_length = 2, dry_penalty_last_n = 64
ollama-1  | 	top_k = 40, top_p = 0.900, min_p = 0.000, xtc_probability = 0.000, xtc_threshold = 0.100, typical_p = 1.000, top_n_sigma = -1.000, temp = 0.000
ollama-1  | 	mirostat = 0, mirostat_lr = 0.100, mirostat_ent = 5.000, adaptive_target = -1.000, adaptive_decay = 0.900
ollama-1  | slot launch_slot_: id  0 | task 4423 | processing task, is_child = 0
ollama-1  | slot   operator(): id  0 | task 4423 | new prompt, n_ctx_slot = 4096, n_keep = 4, task.n_tokens = 462
ollama-1  | slot   operator(): id  0 | task 4423 | cached n_tokens = 328, memory_seq_rm [328, end)
ollama-1  | slot init_sampler: id  0 | task 4423 | init sampler, took 0.13 ms, tokens: text = 462, total = 462
ollama-1  | [GIN] 2026/10/07 - 10:08:00 | 200 |      65.779µs |       127.0.0.1 | HEAD     "/"
ollama-1  | [GIN] 2026/10/07 - 10:08:00 | 200 |    7.494955ms |       127.0.0.1 | GET      "/api/tags"
ollama-1  | slot print_timing: id  0 | task 4423 | prompt eval time =    3951.81 ms /   134 tokens (   29.49 ms per token,    33.91 tokens per second)
ollama-1  | slot print_timing: id  0 | task 4423 |        eval time =     910.31 ms /     9 tokens (  113.79 ms per token,     8.79 tokens per second)
ollama-1  | slot print_timing: id  0 | task 4423 |       total time =    4862.12 ms /   143 tokens
ollama-1  | slot print_timing: id  0 | task 4423 |    graphs reused =       3056
ollama-1  | slot      release: id  0 | task 4423 | stop processing: n_tokens = 470, truncated = 0
ollama-1  | srv  update_slots: all slots are idle
ollama-1  | [GIN] 2026/10/07 - 10:08:01 | 200 |  4.876289599s |      172.18.0.4 | POST     "/api/generate"
ollama-1  | srv  server_strea: conv_id= (empty=1)
ollama-1  | slot get_availabl: id  0 | task -1 |  - checking sim = 0.509 (328/644) > 0.100
ollama-1  | slot get_availabl: id  0 | task -1 | selected slot by LCP similarity, f_sim_best = 0.509 (> 0.100 thold), f_keep = 0.698
ollama-1  | slot launch_slot_: id  0 | task -1 | sampler chain: logits -> ?penalties -> ?dry -> ?top-n-sigma -> top-k -> ?typical -> top-p -> ?min-p -> ?xtc -> temp-ext -> dist 
ollama-1  | slot launch_slot_: id  0 | task -1 | sampler params: 
ollama-1  | 	repeat_last_n = 64, repeat_penalty = 1.000, frequency_penalty = 0.000, presence_penalty = 0.000
ollama-1  | 	dry_multiplier = 0.000, dry_base = 1.750, dry_allowed_length = 2, dry_penalty_last_n = 64
ollama-1  | 	top_k = 40, top_p = 0.900, min_p = 0.000, xtc_probability = 0.000, xtc_threshold = 0.100, typical_p = 1.000, top_n_sigma = -1.000, temp = 0.000
ollama-1  | 	mirostat = 0, mirostat_lr = 0.100, mirostat_ent = 5.000, adaptive_target = -1.000, adaptive_decay = 0.900
ollama-1  | slot launch_slot_: id  0 | task 4433 | processing task, is_child = 0
ollama-1  | slot   operator(): id  0 | task 4433 | new prompt, n_ctx_slot = 4096, n_keep = 4, task.n_tokens = 644
ollama-1  | slot   operator(): id  0 | task 4433 | cached n_tokens = 328, memory_seq_rm [328, end)
ollama-1  | slot init_sampler: id  0 | task 4433 | init sampler, took 0.20 ms, tokens: text = 644, total = 644
ollama-1  | slot print_timing: id  0 | task 4433 | prompt eval time =    6766.36 ms /   316 tokens (   21.41 ms per token,    46.70 tokens per second)
ollama-1  | slot print_timing: id  0 | task 4433 |        eval time =     914.00 ms /     9 tokens (  114.25 ms per token,     8.75 tokens per second)
ollama-1  | slot print_timing: id  0 | task 4433 |       total time =    7680.36 ms /   325 tokens
ollama-1  | slot print_timing: id  0 | task 4433 |    graphs reused =       3063
ollama-1  | slot      release: id  0 | task 4433 | stop processing: n_tokens = 652, truncated = 0
ollama-1  | srv  update_slots: all slots are idle
ollama-1  | [GIN] 2026/10/07 - 10:08:09 | 200 |    7.6994289s |      172.18.0.4 | POST     "/api/generate"
ollama-1  | srv  server_strea: conv_id= (empty=1)
ollama-1  | slot get_availabl: id  0 | task -1 |  - checking sim = 0.816 (328/402) > 0.100
ollama-1  | slot get_availabl: id  0 | task -1 | selected slot by LCP similarity, f_sim_best = 0.816 (> 0.100 thold), f_keep = 0.503
ollama-1  | slot launch_slot_: id  0 | task -1 | sampler chain: logits -> ?penalties -> ?dry -> ?top-n-sigma -> top-k -> ?typical -> top-p -> ?min-p -> ?xtc -> temp-ext -> dist 
ollama-1  | slot launch_slot_: id  0 | task -1 | sampler params: 
ollama-1  | 	repeat_last_n = 64, repeat_penalty = 1.000, frequency_penalty = 0.000, presence_penalty = 0.000
ollama-1  | 	dry_multiplier = 0.000, dry_base = 1.750, dry_allowed_length = 2, dry_penalty_last_n = 64
ollama-1  | 	top_k = 40, top_p = 0.900, min_p = 0.000, xtc_probability = 0.000, xtc_threshold = 0.100, typical_p = 1.000, top_n_sigma = -1.000, temp = 0.000
ollama-1  | 	mirostat = 0, mirostat_lr = 0.100, mirostat_ent = 5.000, adaptive_target = -1.000, adaptive_decay = 0.900
ollama-1  | slot launch_slot_: id  0 | task 4443 | processing task, is_child = 0
ollama-1  | slot   operator(): id  0 | task 4443 | new prompt, n_ctx_slot = 4096, n_keep = 4, task.n_tokens = 402
ollama-1  | slot   operator(): id  0 | task 4443 | cached n_tokens = 328, memory_seq_rm [328, end)
ollama-1  | slot init_sampler: id  0 | task 4443 | init sampler, took 0.12 ms, tokens: text = 402, total = 402
ollama-1  | [GIN] 2026/10/07 - 10:08:10 | 200 |      55.621µs |       127.0.0.1 | HEAD     "/"
ollama-1  | [GIN] 2026/10/07 - 10:08:10 | 200 |    5.712673ms |       127.0.0.1 | GET      "/api/tags"
ollama-1  | slot print_timing: id  0 | task 4443 | prompt eval time =    2361.16 ms /    74 tokens (   31.91 ms per token,    31.34 tokens per second)
ollama-1  | slot print_timing: id  0 | task 4443 |        eval time =     589.16 ms /     8 tokens (   84.17 ms per token,    11.88 tokens per second)
ollama-1  | slot print_timing: id  0 | task 4443 |       total time =    2950.32 ms /    82 tokens
ollama-1  | slot print_timing: id  0 | task 4443 |    graphs reused =       3069
ollama-1  | slot      release: id  0 | task 4443 | stop processing: n_tokens = 409, truncated = 0
ollama-1  | srv  update_slots: all slots are idle
ollama-1  | [GIN] 2026/10/07 - 10:08:12 | 200 |  2.965296454s |      172.18.0.4 | POST     "/api/generate"
ollama-1  | srv  server_strea: conv_id= (empty=1)
ollama-1  | slot get_availabl: id  0 | task -1 |  - checking sim = 0.591 (328/555) > 0.100
ollama-1  | slot get_availabl: id  0 | task -1 | selected slot by LCP similarity, f_sim_best = 0.591 (> 0.100 thold), f_keep = 0.802
ollama-1  | slot launch_slot_: id  0 | task -1 | sampler chain: logits -> ?penalties -> ?dry -> ?top-n-sigma -> top-k -> ?typical -> top-p -> ?min-p -> ?xtc -> temp-ext -> dist 
ollama-1  | slot launch_slot_: id  0 | task -1 | sampler params: 
ollama-1  | 	repeat_last_n = 64, repeat_penalty = 1.000, frequency_penalty = 0.000, presence_penalty = 0.000
ollama-1  | 	dry_multiplier = 0.000, dry_base = 1.750, dry_allowed_length = 2, dry_penalty_last_n = 64
ollama-1  | 	top_k = 40, top_p = 0.900, min_p = 0.000, xtc_probability = 0.000, xtc_threshold = 0.100, typical_p = 1.000, top_n_sigma = -1.000, temp = 0.000
ollama-1  | 	mirostat = 0, mirostat_lr = 0.100, mirostat_ent = 5.000, adaptive_target = -1.000, adaptive_decay = 0.900
ollama-1  | slot launch_slot_: id  0 | task 4452 | processing task, is_child = 0
ollama-1  | slot   operator(): id  0 | task 4452 | new prompt, n_ctx_slot = 4096, n_keep = 4, task.n_tokens = 555
ollama-1  | slot   operator(): id  0 | task 4452 | cached n_tokens = 328, memory_seq_rm [328, end)
ollama-1  | slot init_sampler: id  0 | task 4452 | init sampler, took 0.19 ms, tokens: text = 555, total = 555
ollama-1  | [GIN] 2026/10/07 - 10:08:21 | 200 |     243.808µs |       127.0.0.1 | HEAD     "/"
ollama-1  | [GIN] 2026/10/07 - 10:08:21 | 200 |   16.525623ms |       127.0.0.1 | GET      "/api/tags"
ollama-1  | slot print_timing: id  0 | task 4452 | prompt eval time =    7692.26 ms /   227 tokens (   33.89 ms per token,    29.51 tokens per second)
ollama-1  | slot print_timing: id  0 | task 4452 |        eval time =    1095.80 ms /     8 tokens (  156.54 ms per token,     6.39 tokens per second)
ollama-1  | slot print_timing: id  0 | task 4452 |       total time =    8788.06 ms /   235 tokens
ollama-1  | slot print_timing: id  0 | task 4452 |    graphs reused =       3075
ollama-1  | slot      release: id  0 | task 4452 | stop processing: n_tokens = 562, truncated = 0
ollama-1  | srv  update_slots: all slots are idle
ollama-1  | [GIN] 2026/10/07 - 10:08:21 | 200 |  8.806675789s |      172.18.0.4 | POST     "/api/generate"
ollama-1  | srv  server_strea: conv_id= (empty=1)
ollama-1  | slot get_availabl: id  0 | task -1 |  - checking sim = 0.841 (329/391) > 0.100
ollama-1  | slot get_availabl: id  0 | task -1 | selected slot by LCP similarity, f_sim_best = 0.841 (> 0.100 thold), f_keep = 0.585
ollama-1  | slot launch_slot_: id  0 | task -1 | sampler chain: logits -> ?penalties -> ?dry -> ?top-n-sigma -> top-k -> ?typical -> top-p -> ?min-p -> ?xtc -> temp-ext -> dist 
ollama-1  | slot launch_slot_: id  0 | task -1 | sampler params: 
ollama-1  | 	repeat_last_n = 64, repeat_penalty = 1.000, frequency_penalty = 0.000, presence_penalty = 0.000
ollama-1  | 	dry_multiplier = 0.000, dry_base = 1.750, dry_allowed_length = 2, dry_penalty_last_n = 64
ollama-1  | 	top_k = 40, top_p = 0.900, min_p = 0.000, xtc_probability = 0.000, xtc_threshold = 0.100, typical_p = 1.000, top_n_sigma = -1.000, temp = 0.000
ollama-1  | 	mirostat = 0, mirostat_lr = 0.100, mirostat_ent = 5.000, adaptive_target = -1.000, adaptive_decay = 0.900
ollama-1  | slot launch_slot_: id  0 | task 4461 | processing task, is_child = 0
ollama-1  | slot   operator(): id  0 | task 4461 | new prompt, n_ctx_slot = 4096, n_keep = 4, task.n_tokens = 391
ollama-1  | slot   operator(): id  0 | task 4461 | cached n_tokens = 329, memory_seq_rm [329, end)
ollama-1  | slot init_sampler: id  0 | task 4461 | init sampler, took 0.13 ms, tokens: text = 391, total = 391
ollama-1  | slot print_timing: id  0 | task 4461 | prompt eval time =    1879.25 ms /    62 tokens (   30.31 ms per token,    32.99 tokens per second)
ollama-1  | slot print_timing: id  0 | task 4461 |        eval time =     840.23 ms /    10 tokens (   93.36 ms per token,    10.71 tokens per second)
ollama-1  | slot print_timing: id  0 | task 4461 |       total time =    2719.48 ms /    72 tokens
ollama-1  | slot print_timing: id  0 | task 4461 |    graphs reused =       3083
ollama-1  | slot      release: id  0 | task 4461 | stop processing: n_tokens = 400, truncated = 0
ollama-1  | srv  update_slots: all slots are idle
ollama-1  | [GIN] 2026/10/07 - 10:08:24 | 200 |  2.738459422s |      172.18.0.4 | POST     "/api/generate"
ollama-1  | srv  server_strea: conv_id= (empty=1)
ollama-1  | slot get_availabl: id  0 | task -1 |  - checking sim = 0.692 (328/474) > 0.100
ollama-1  | slot get_availabl: id  0 | task -1 | selected slot by LCP similarity, f_sim_best = 0.692 (> 0.100 thold), f_keep = 0.820
ollama-1  | slot launch_slot_: id  0 | task -1 | sampler chain: logits -> ?penalties -> ?dry -> ?top-n-sigma -> top-k -> ?typical -> top-p -> ?min-p -> ?xtc -> temp-ext -> dist 
ollama-1  | slot launch_slot_: id  0 | task -1 | sampler params: 
ollama-1  | 	repeat_last_n = 64, repeat_penalty = 1.000, frequency_penalty = 0.000, presence_penalty = 0.000
ollama-1  | 	dry_multiplier = 0.000, dry_base = 1.750, dry_allowed_length = 2, dry_penalty_last_n = 64
ollama-1  | 	top_k = 40, top_p = 0.900, min_p = 0.000, xtc_probability = 0.000, xtc_threshold = 0.100, typical_p = 1.000, top_n_sigma = -1.000, temp = 0.000
ollama-1  | 	mirostat = 0, mirostat_lr = 0.100, mirostat_ent = 5.000, adaptive_target = -1.000, adaptive_decay = 0.900
ollama-1  | slot launch_slot_: id  0 | task 4472 | processing task, is_child = 0
ollama-1  | slot   operator(): id  0 | task 4472 | new prompt, n_ctx_slot = 4096, n_keep = 4, task.n_tokens = 474
ollama-1  | slot   operator(): id  0 | task 4472 | cached n_tokens = 328, memory_seq_rm [328, end)
ollama-1  | slot init_sampler: id  0 | task 4472 | init sampler, took 0.16 ms, tokens: text = 474, total = 474
ollama-1  | slot print_timing: id  0 | task 4472 | prompt eval time =    3798.85 ms /   146 tokens (   26.02 ms per token,    38.43 tokens per second)
ollama-1  | slot print_timing: id  0 | task 4472 |        eval time =     567.47 ms /     8 tokens (   81.07 ms per token,    12.34 tokens per second)
ollama-1  | slot print_timing: id  0 | task 4472 |       total time =    4366.32 ms /   154 tokens
ollama-1  | slot print_timing: id  0 | task 4472 |    graphs reused =       3089
ollama-1  | slot      release: id  0 | task 4472 | stop processing: n_tokens = 481, truncated = 0
ollama-1  | srv  update_slots: all slots are idle
ollama-1  | [GIN] 2026/10/07 - 10:08:28 | 200 |  4.380074996s |      172.18.0.4 | POST     "/api/generate"
ollama-1  | srv  server_strea: conv_id= (empty=1)
ollama-1  | slot get_availabl: id  0 | task -1 |  - checking sim = 0.713 (328/460) > 0.100
ollama-1  | slot get_availabl: id  0 | task -1 | selected slot by LCP similarity, f_sim_best = 0.713 (> 0.100 thold), f_keep = 0.682
ollama-1  | slot launch_slot_: id  0 | task -1 | sampler chain: logits -> ?penalties -> ?dry -> ?top-n-sigma -> top-k -> ?typical -> top-p -> ?min-p -> ?xtc -> temp-ext -> dist 
ollama-1  | slot launch_slot_: id  0 | task -1 | sampler params: 
ollama-1  | 	repeat_last_n = 64, repeat_penalty = 1.000, frequency_penalty = 0.000, presence_penalty = 0.000
ollama-1  | 	dry_multiplier = 0.000, dry_base = 1.750, dry_allowed_length = 2, dry_penalty_last_n = 64
ollama-1  | 	top_k = 40, top_p = 0.900, min_p = 0.000, xtc_probability = 0.000, xtc_threshold = 0.100, typical_p = 1.000, top_n_sigma = -1.000, temp = 0.000
ollama-1  | 	mirostat = 0, mirostat_lr = 0.100, mirostat_ent = 5.000, adaptive_target = -1.000, adaptive_decay = 0.900
ollama-1  | slot launch_slot_: id  0 | task 4481 | processing task, is_child = 0
ollama-1  | slot   operator(): id  0 | task 4481 | new prompt, n_ctx_slot = 4096, n_keep = 4, task.n_tokens = 460
ollama-1  | slot   operator(): id  0 | task 4481 | cached n_tokens = 328, memory_seq_rm [328, end)
ollama-1  | slot init_sampler: id  0 | task 4481 | init sampler, took 0.15 ms, tokens: text = 460, total = 460
ollama-1  | [GIN] 2026/10/07 - 10:08:31 | 200 |      81.737µs |       127.0.0.1 | HEAD     "/"
ollama-1  | [GIN] 2026/10/07 - 10:08:31 | 200 |   15.817696ms |       127.0.0.1 | GET      "/api/tags"
ollama-1  | slot print_timing: id  0 | task 4481 | prompt eval time =    7378.91 ms /   132 tokens (   55.90 ms per token,    17.89 tokens per second)
ollama-1  | slot print_timing: id  0 | task 4481 |        eval time =    4028.99 ms /     9 tokens (  503.62 ms per token,     1.99 tokens per second)
ollama-1  | slot print_timing: id  0 | task 4481 |       total time =   11407.89 ms /   141 tokens
ollama-1  | slot print_timing: id  0 | task 4481 |    graphs reused =       3096
ollama-1  | slot      release: id  0 | task 4481 | stop processing: n_tokens = 468, truncated = 0
ollama-1  | srv  update_slots: all slots are idle
ollama-1  | [GIN] 2026/10/07 - 10:08:40 | 200 | 11.502522307s |      172.18.0.4 | POST     "/api/generate"
ollama-1  | srv  server_strea: conv_id= (empty=1)
ollama-1  | slot get_availabl: id  0 | task -1 |  - checking sim = 0.683 (328/480) > 0.100
ollama-1  | slot get_availabl: id  0 | task -1 | selected slot by LCP similarity, f_sim_best = 0.683 (> 0.100 thold), f_keep = 0.701
ollama-1  | slot launch_slot_: id  0 | task -1 | sampler chain: logits -> ?penalties -> ?dry -> ?top-n-sigma -> top-k -> ?typical -> top-p -> ?min-p -> ?xtc -> temp-ext -> dist 
ollama-1  | slot launch_slot_: id  0 | task -1 | sampler params: 
ollama-1  | 	repeat_last_n = 64, repeat_penalty = 1.000, frequency_penalty = 0.000, presence_penalty = 0.000
ollama-1  | 	dry_multiplier = 0.000, dry_base = 1.750, dry_allowed_length = 2, dry_penalty_last_n = 64
ollama-1  | 	top_k = 40, top_p = 0.900, min_p = 0.000, xtc_probability = 0.000, xtc_threshold = 0.100, typical_p = 1.000, top_n_sigma = -1.000, temp = 0.000
ollama-1  | 	mirostat = 0, mirostat_lr = 0.100, mirostat_ent = 5.000, adaptive_target = -1.000, adaptive_decay = 0.900
ollama-1  | slot launch_slot_: id  0 | task 4491 | processing task, is_child = 0
ollama-1  | slot   operator(): id  0 | task 4491 | new prompt, n_ctx_slot = 4096, n_keep = 4, task.n_tokens = 480
ollama-1  | slot   operator(): id  0 | task 4491 | cached n_tokens = 328, memory_seq_rm [328, end)
ollama-1  | slot init_sampler: id  0 | task 4491 | init sampler, took 0.14 ms, tokens: text = 480, total = 480
ollama-1  | [GIN] 2026/10/07 - 10:08:42 | 200 |      79.057µs |       127.0.0.1 | HEAD     "/"
ollama-1  | [GIN] 2026/10/07 - 10:08:42 | 200 |    3.518324ms |       127.0.0.1 | GET      "/api/tags"
ollama-1  | slot print_timing: id  0 | task 4491 | prompt eval time =    5274.50 ms /   152 tokens (   34.70 ms per token,    28.82 tokens per second)
ollama-1  | slot print_timing: id  0 | task 4491 |        eval time =    2100.46 ms /     9 tokens (  262.56 ms per token,     3.81 tokens per second)
ollama-1  | slot print_timing: id  0 | task 4491 |       total time =    7374.96 ms /   161 tokens
ollama-1  | slot print_timing: id  0 | task 4491 |    graphs reused =       3103
ollama-1  | slot      release: id  0 | task 4491 | stop processing: n_tokens = 488, truncated = 0
ollama-1  | srv  update_slots: all slots are idle
ollama-1  | [GIN] 2026/10/07 - 10:08:48 | 200 |  7.391891678s |      172.18.0.4 | POST     "/api/generate"
ollama-1  | srv  server_strea: conv_id= (empty=1)
ollama-1  | slot get_availabl: id  0 | task -1 |  - checking sim = 0.770 (328/426) > 0.100
ollama-1  | slot get_availabl: id  0 | task -1 | selected slot by LCP similarity, f_sim_best = 0.770 (> 0.100 thold), f_keep = 0.672
ollama-1  | slot launch_slot_: id  0 | task -1 | sampler chain: logits -> ?penalties -> ?dry -> ?top-n-sigma -> top-k -> ?typical -> top-p -> ?min-p -> ?xtc -> temp-ext -> dist 
ollama-1  | slot launch_slot_: id  0 | task -1 | sampler params: 
ollama-1  | 	repeat_last_n = 64, repeat_penalty = 1.000, frequency_penalty = 0.000, presence_penalty = 0.000
ollama-1  | 	dry_multiplier = 0.000, dry_base = 1.750, dry_allowed_length = 2, dry_penalty_last_n = 64
ollama-1  | 	top_k = 40, top_p = 0.900, min_p = 0.000, xtc_probability = 0.000, xtc_threshold = 0.100, typical_p = 1.000, top_n_sigma = -1.000, temp = 0.000
ollama-1  | 	mirostat = 0, mirostat_lr = 0.100, mirostat_ent = 5.000, adaptive_target = -1.000, adaptive_decay = 0.900
ollama-1  | slot launch_slot_: id  0 | task 4501 | processing task, is_child = 0
ollama-1  | slot   operator(): id  0 | task 4501 | new prompt, n_ctx_slot = 4096, n_keep = 4, task.n_tokens = 426
ollama-1  | slot   operator(): id  0 | task 4501 | cached n_tokens = 328, memory_seq_rm [328, end)
ollama-1  | slot init_sampler: id  0 | task 4501 | init sampler, took 0.08 ms, tokens: text = 426, total = 426
ollama-1  | [GIN] 2026/10/07 - 10:08:52 | 200 |      41.103µs |       127.0.0.1 | HEAD     "/"
ollama-1  | [GIN] 2026/10/07 - 10:08:52 | 200 |    2.694071ms |       127.0.0.1 | GET      "/api/tags"
ollama-1  | slot print_timing: id  0 | task 4501 | prompt eval time =    4819.88 ms /    98 tokens (   49.18 ms per token,    20.33 tokens per second)
ollama-1  | slot print_timing: id  0 | task 4501 |        eval time =    4797.08 ms /     8 tokens (  685.30 ms per token,     1.46 tokens per second)
ollama-1  | slot print_timing: id  0 | task 4501 |       total time =    9616.96 ms /   106 tokens
ollama-1  | slot print_timing: id  0 | task 4501 |    graphs reused =       3109
ollama-1  | slot      release: id  0 | task 4501 | stop processing: n_tokens = 433, truncated = 0
ollama-1  | srv  update_slots: all slots are idle
ollama-1  | [GIN] 2026/10/07 - 10:08:58 | 200 |  9.625448976s |      172.18.0.4 | POST     "/api/generate"
ollama-1  | srv  server_strea: conv_id= (empty=1)
ollama-1  | slot get_availabl: id  0 | task -1 |  - checking sim = 0.526 (328/624) > 0.100
ollama-1  | slot get_availabl: id  0 | task -1 | selected slot by LCP similarity, f_sim_best = 0.526 (> 0.100 thold), f_keep = 0.758
ollama-1  | slot launch_slot_: id  0 | task -1 | sampler chain: logits -> ?penalties -> ?dry -> ?top-n-sigma -> top-k -> ?typical -> top-p -> ?min-p -> ?xtc -> temp-ext -> dist 
ollama-1  | slot launch_slot_: id  0 | task -1 | sampler params: 
ollama-1  | 	repeat_last_n = 64, repeat_penalty = 1.000, frequency_penalty = 0.000, presence_penalty = 0.000
ollama-1  | 	dry_multiplier = 0.000, dry_base = 1.750, dry_allowed_length = 2, dry_penalty_last_n = 64
ollama-1  | 	top_k = 40, top_p = 0.900, min_p = 0.000, xtc_probability = 0.000, xtc_threshold = 0.100, typical_p = 1.000, top_n_sigma = -1.000, temp = 0.000
ollama-1  | 	mirostat = 0, mirostat_lr = 0.100, mirostat_ent = 5.000, adaptive_target = -1.000, adaptive_decay = 0.900
ollama-1  | slot launch_slot_: id  0 | task 4510 | processing task, is_child = 0
ollama-1  | slot   operator(): id  0 | task 4510 | new prompt, n_ctx_slot = 4096, n_keep = 4, task.n_tokens = 624
ollama-1  | slot   operator(): id  0 | task 4510 | cached n_tokens = 328, memory_seq_rm [328, end)
ollama-1  | slot init_sampler: id  0 | task 4510 | init sampler, took 0.09 ms, tokens: text = 624, total = 624
ollama-1  | [GIN] 2026/10/07 - 10:09:02 | 200 |      64.151µs |       127.0.0.1 | HEAD     "/"
ollama-1  | [GIN] 2026/10/07 - 10:09:02 | 200 |    2.668843ms |       127.0.0.1 | GET      "/api/tags"
ollama-1  | [GIN] 2026/10/07 - 10:09:12 | 200 |      36.901µs |       127.0.0.1 | HEAD     "/"
ollama-1  | [GIN] 2026/10/07 - 10:09:12 | 200 |    2.216112ms |       127.0.0.1 | GET      "/api/tags"
ollama-1  | slot print_timing: id  0 | task 4510 | prompt eval time =   10789.03 ms /   296 tokens (   36.45 ms per token,    27.44 tokens per second)
ollama-1  | slot print_timing: id  0 | task 4510 |        eval time =    6228.20 ms /     9 tokens (  778.53 ms per token,     1.28 tokens per second)
ollama-1  | slot print_timing: id  0 | task 4510 |       total time =   17017.24 ms /   305 tokens
ollama-1  | slot print_timing: id  0 | task 4510 |    graphs reused =       3116
ollama-1  | slot      release: id  0 | task 4510 | stop processing: n_tokens = 632, truncated = 0
ollama-1  | srv  update_slots: all slots are idle
ollama-1  | [GIN] 2026/10/07 - 10:09:15 | 200 | 17.071267225s |      172.18.0.4 | POST     "/api/generate"
ollama-1  | srv  server_strea: conv_id= (empty=1)
ollama-1  | slot get_availabl: id  0 | task -1 |  - checking sim = 0.634 (328/517) > 0.100
ollama-1  | slot get_availabl: id  0 | task -1 | selected slot by LCP similarity, f_sim_best = 0.634 (> 0.100 thold), f_keep = 0.519
ollama-1  | slot launch_slot_: id  0 | task -1 | sampler chain: logits -> ?penalties -> ?dry -> ?top-n-sigma -> top-k -> ?typical -> top-p -> ?min-p -> ?xtc -> temp-ext -> dist 
ollama-1  | slot launch_slot_: id  0 | task -1 | sampler params: 
ollama-1  | 	repeat_last_n = 64, repeat_penalty = 1.000, frequency_penalty = 0.000, presence_penalty = 0.000
ollama-1  | 	dry_multiplier = 0.000, dry_base = 1.750, dry_allowed_length = 2, dry_penalty_last_n = 64
ollama-1  | 	top_k = 40, top_p = 0.900, min_p = 0.000, xtc_probability = 0.000, xtc_threshold = 0.100, typical_p = 1.000, top_n_sigma = -1.000, temp = 0.000
ollama-1  | 	mirostat = 0, mirostat_lr = 0.100, mirostat_ent = 5.000, adaptive_target = -1.000, adaptive_decay = 0.900
ollama-1  | slot launch_slot_: id  0 | task 4520 | processing task, is_child = 0
ollama-1  | slot   operator(): id  0 | task 4520 | new prompt, n_ctx_slot = 4096, n_keep = 4, task.n_tokens = 517
ollama-1  | slot   operator(): id  0 | task 4520 | cached n_tokens = 328, memory_seq_rm [328, end)
ollama-1  | slot init_sampler: id  0 | task 4520 | init sampler, took 0.09 ms, tokens: text = 517, total = 517
ollama-1  | [GIN] 2026/10/07 - 10:09:23 | 200 |      48.558µs |       127.0.0.1 | HEAD     "/"
ollama-1  | [GIN] 2026/10/07 - 10:09:23 | 200 |    4.140727ms |       127.0.0.1 | GET      "/api/tags"
ollama-1  | slot print_timing: id  0 | task 4520 | prompt eval time =    5849.82 ms /   189 tokens (   30.95 ms per token,    32.31 tokens per second)
ollama-1  | slot print_timing: id  0 | task 4520 |        eval time =    1594.23 ms /     9 tokens (  199.28 ms per token,     5.02 tokens per second)
ollama-1  | slot print_timing: id  0 | task 4520 |       total time =    7444.05 ms /   198 tokens
ollama-1  | slot print_timing: id  0 | task 4520 |    graphs reused =       3123
ollama-1  | slot      release: id  0 | task 4520 | stop processing: n_tokens = 525, truncated = 0
ollama-1  | srv  update_slots: all slots are idle
ollama-1  | [GIN] 2026/10/07 - 10:09:23 | 200 |  7.458583916s |      172.18.0.4 | POST     "/api/generate"
ollama-1  | srv  server_strea: conv_id= (empty=1)
ollama-1  | slot get_availabl: id  0 | task -1 |  - checking sim = 0.493 (329/668) > 0.100
ollama-1  | slot get_availabl: id  0 | task -1 | selected slot by LCP similarity, f_sim_best = 0.493 (> 0.100 thold), f_keep = 0.627
ollama-1  | slot launch_slot_: id  0 | task -1 | sampler chain: logits -> ?penalties -> ?dry -> ?top-n-sigma -> top-k -> ?typical -> top-p -> ?min-p -> ?xtc -> temp-ext -> dist 
ollama-1  | slot launch_slot_: id  0 | task -1 | sampler params: 
ollama-1  | 	repeat_last_n = 64, repeat_penalty = 1.000, frequency_penalty = 0.000, presence_penalty = 0.000
ollama-1  | 	dry_multiplier = 0.000, dry_base = 1.750, dry_allowed_length = 2, dry_penalty_last_n = 64
ollama-1  | 	top_k = 40, top_p = 0.900, min_p = 0.000, xtc_probability = 0.000, xtc_threshold = 0.100, typical_p = 1.000, top_n_sigma = -1.000, temp = 0.000
ollama-1  | 	mirostat = 0, mirostat_lr = 0.100, mirostat_ent = 5.000, adaptive_target = -1.000, adaptive_decay = 0.900
ollama-1  | slot launch_slot_: id  0 | task 4530 | processing task, is_child = 0
ollama-1  | slot   operator(): id  0 | task 4530 | new prompt, n_ctx_slot = 4096, n_keep = 4, task.n_tokens = 668
ollama-1  | slot   operator(): id  0 | task 4530 | cached n_tokens = 329, memory_seq_rm [329, end)
ollama-1  | slot init_sampler: id  0 | task 4530 | init sampler, took 0.11 ms, tokens: text = 668, total = 668
ollama-1  | slot print_timing: id  0 | task 4530 | prompt eval time =    7144.82 ms /   339 tokens (   21.08 ms per token,    47.45 tokens per second)
ollama-1  | slot print_timing: id  0 | task 4530 |        eval time =    1171.74 ms /    10 tokens (  130.19 ms per token,     7.68 tokens per second)
ollama-1  | slot print_timing: id  0 | task 4530 |       total time =    8316.56 ms /   349 tokens
ollama-1  | slot print_timing: id  0 | task 4530 |    graphs reused =       3131
ollama-1  | slot      release: id  0 | task 4530 | stop processing: n_tokens = 677, truncated = 0
ollama-1  | srv  update_slots: all slots are idle
ollama-1  | [GIN] 2026/10/07 - 10:09:31 | 200 |  8.327584672s |      172.18.0.4 | POST     "/api/generate"
ollama-1  | srv  server_strea: conv_id= (empty=1)
ollama-1  | slot get_availabl: id  0 | task -1 |  - checking sim = 0.482 (328/681) > 0.100
ollama-1  | slot get_availabl: id  0 | task -1 | selected slot by LCP similarity, f_sim_best = 0.482 (> 0.100 thold), f_keep = 0.484
ollama-1  | srv  get_availabl: updating prompt cache
ollama-1  | srv   prompt_save:  - saving prompt with length 677, total state size = 21.164 MiB (draft: 0.000 MiB)
ollama-1  | srv          load:  - looking for better prompt, base f_keep = 0.484, f_sim = 0.482
ollama-1  | srv          load:    - prompt with length     694, lcp =     328, f_keep = 0.473, f_sim = 0.482
ollama-1  | srv          load:    - prompt with length     710, lcp =     328, f_keep = 0.462, f_sim = 0.482
ollama-1  | srv          load:    - prompt with length     785, lcp =     328, f_keep = 0.418, f_sim = 0.482
ollama-1  | srv          load:    - prompt with length     691, lcp =     328, f_keep = 0.475, f_sim = 0.482
ollama-1  | srv          load:    - prompt with length     702, lcp =     328, f_keep = 0.467, f_sim = 0.482
ollama-1  | srv          load:    - prompt with length     702, lcp =     328, f_keep = 0.467, f_sim = 0.482
ollama-1  | srv          load:    - prompt with length     668, lcp =     328, f_keep = 0.491, f_sim = 0.482
ollama-1  | srv          load:    - prompt with length     723, lcp =     328, f_keep = 0.454, f_sim = 0.482
ollama-1  | srv          load:    - prompt with length     787, lcp =     328, f_keep = 0.417, f_sim = 0.482
ollama-1  | srv          load:    - prompt with length     658, lcp =     328, f_keep = 0.498, f_sim = 0.482
ollama-1  | srv          load:    - prompt with length     757, lcp =     328, f_keep = 0.433, f_sim = 0.482
ollama-1  | srv          load:    - prompt with length     679, lcp =     328, f_keep = 0.483, f_sim = 0.482
ollama-1  | srv          load:    - prompt with length     795, lcp =     328, f_keep = 0.413, f_sim = 0.482
ollama-1  | srv          load:    - prompt with length     689, lcp =     681, f_keep = 0.988, f_sim = 1.000
ollama-1  | srv          load:    - prompt with length     737, lcp =     328, f_keep = 0.445, f_sim = 0.482
ollama-1  | srv          load:    - prompt with length     736, lcp =     328, f_keep = 0.446, f_sim = 0.482
ollama-1  | srv          load:    - prompt with length     762, lcp =     328, f_keep = 0.430, f_sim = 0.482
ollama-1  | srv          load:    - prompt with length     712, lcp =     328, f_keep = 0.461, f_sim = 0.482
ollama-1  | srv          load:    - prompt with length     697, lcp =     328, f_keep = 0.471, f_sim = 0.482
ollama-1  | srv          load:    - prompt with length     776, lcp =     328, f_keep = 0.423, f_sim = 0.482
ollama-1  | srv          load:    - prompt with length     693, lcp =     328, f_keep = 0.473, f_sim = 0.482
ollama-1  | srv          load:    - prompt with length     677, lcp =     328, f_keep = 0.484, f_sim = 0.482
ollama-1  | srv          load:  - found better prompt with f_keep = 0.988, f_sim = 1.000
ollama-1  | srv        update:  - cache state: 21 prompts, 473.338 MiB (limits: 8192.000 MiB, 4096 tokens, 262043 est)
ollama-1  | srv        update:    - prompt 0x2eeca960:     694 tokens, checkpoints:  0,    21.696 MiB
ollama-1  | srv        update:    - prompt 0x2e281e30:     710 tokens, checkpoints:  0,    22.196 MiB
ollama-1  | srv        update:    - prompt 0x2e282b20:     785 tokens, checkpoints:  0,    24.541 MiB
ollama-1  | srv        update:    - prompt 0x30ad8180:     691 tokens, checkpoints:  0,    21.602 MiB
ollama-1  | srv        update:    - prompt 0x2c5e6580:     702 tokens, checkpoints:  0,    21.946 MiB
ollama-1  | srv        update:    - prompt 0x30c0b130:     702 tokens, checkpoints:  0,    21.946 MiB
ollama-1  | srv        update:    - prompt 0x2c53b6f0:     668 tokens, checkpoints:  0,    20.883 MiB
ollama-1  | srv        update:    - prompt 0x2e2885c0:     723 tokens, checkpoints:  0,    22.602 MiB
ollama-1  | srv        update:    - prompt 0x2deaf160:     787 tokens, checkpoints:  0,    24.603 MiB
ollama-1  | srv        update:    - prompt 0x2c60efe0:     658 tokens, checkpoints:  0,    20.570 MiB
ollama-1  | srv        update:    - prompt 0x2c5d0c60:     757 tokens, checkpoints:  0,    23.665 MiB
ollama-1  | srv        update:    - prompt 0x2c5acbf0:     679 tokens, checkpoints:  0,    21.227 MiB
ollama-1  | srv        update:    - prompt 0x30b99130:     795 tokens, checkpoints:  0,    24.853 MiB
ollama-1  | srv        update:    - prompt 0x39752f10:     737 tokens, checkpoints:  0,    23.040 MiB
ollama-1  | srv        update:    - prompt 0x2de98930:     736 tokens, checkpoints:  0,    23.009 MiB
ollama-1  | srv        update:    - prompt 0x2e283510:     762 tokens, checkpoints:  0,    23.822 MiB
ollama-1  | srv        update:    - prompt 0x309ddc70:     712 tokens, checkpoints:  0,    22.259 MiB
ollama-1  | srv        update:    - prompt 0x30b99080:     697 tokens, checkpoints:  0,    21.790 MiB
ollama-1  | srv        update:    - prompt 0x2e280050:     776 tokens, checkpoints:  0,    24.259 MiB
ollama-1  | srv        update:    - prompt 0x30aa79f0:     693 tokens, checkpoints:  0,    21.665 MiB
ollama-1  | srv        update:    - prompt 0x30babb80:     677 tokens, checkpoints:  0,    21.164 MiB
ollama-1  | srv  get_availabl: prompt cache update took 21.16 ms
ollama-1  | slot launch_slot_: id  0 | task -1 | sampler chain: logits -> ?penalties -> ?dry -> ?top-n-sigma -> top-k -> ?typical -> top-p -> ?min-p -> ?xtc -> temp-ext -> dist 
ollama-1  | slot launch_slot_: id  0 | task -1 | sampler params: 
ollama-1  | 	repeat_last_n = 64, repeat_penalty = 1.000, frequency_penalty = 0.000, presence_penalty = 0.000
ollama-1  | 	dry_multiplier = 0.000, dry_base = 1.750, dry_allowed_length = 2, dry_penalty_last_n = 64
ollama-1  | 	top_k = 40, top_p = 0.900, min_p = 0.000, xtc_probability = 0.000, xtc_threshold = 0.100, typical_p = 1.000, top_n_sigma = -1.000, temp = 0.000
ollama-1  | 	mirostat = 0, mirostat_lr = 0.100, mirostat_ent = 5.000, adaptive_target = -1.000, adaptive_decay = 0.900
ollama-1  | slot launch_slot_: id  0 | task 4541 | processing task, is_child = 0
ollama-1  | slot   operator(): id  0 | task 4541 | new prompt, n_ctx_slot = 4096, n_keep = 4, task.n_tokens = 681
ollama-1  | slot   operator(): id  0 | task 4541 | need to evaluate at least 1 token for each active slot (n_past = 681, task.n_tokens() = 681)
ollama-1  | slot   operator(): id  0 | task 4541 | n_past was set to 680
ollama-1  | slot   operator(): id  0 | task 4541 | cached n_tokens = 680, memory_seq_rm [680, end)
ollama-1  | slot init_sampler: id  0 | task 4541 | init sampler, took 0.13 ms, tokens: text = 681, total = 681
ollama-1  | slot print_timing: id  0 | task 4541 | prompt eval time =      85.58 ms /     1 tokens (   85.58 ms per token,    11.69 tokens per second)
ollama-1  | slot print_timing: id  0 | task 4541 |        eval time =     696.12 ms /     9 tokens (   87.02 ms per token,    11.49 tokens per second)
ollama-1  | slot print_timing: id  0 | task 4541 |       total time =     781.70 ms /    10 tokens
ollama-1  | slot print_timing: id  0 | task 4541 |    graphs reused =       3140
ollama-1  | slot      release: id  0 | task 4541 | stop processing: n_tokens = 689, truncated = 0
ollama-1  | srv  update_slots: all slots are idle
ollama-1  | [GIN] 2026/10/07 - 10:09:32 | 200 |  828.025212ms |      172.18.0.4 | POST     "/api/generate"
ollama-1  | srv  server_strea: conv_id= (empty=1)
ollama-1  | slot get_availabl: id  0 | task -1 |  - checking sim = 0.595 (328/551) > 0.100
ollama-1  | slot get_availabl: id  0 | task -1 | selected slot by LCP similarity, f_sim_best = 0.595 (> 0.100 thold), f_keep = 0.476
ollama-1  | srv  get_availabl: updating prompt cache
ollama-1  | srv   prompt_save:  - saving prompt with length 689, total state size = 21.540 MiB (draft: 0.000 MiB)
ollama-1  | srv          load:  - looking for better prompt, base f_keep = 0.476, f_sim = 0.595
ollama-1  | srv          load:    - prompt with length     694, lcp =     328, f_keep = 0.473, f_sim = 0.595
ollama-1  | srv          load:    - prompt with length     710, lcp =     328, f_keep = 0.462, f_sim = 0.595
ollama-1  | srv          load:    - prompt with length     785, lcp =     328, f_keep = 0.418, f_sim = 0.595
ollama-1  | srv          load:    - prompt with length     691, lcp =     328, f_keep = 0.475, f_sim = 0.595
ollama-1  | srv          load:    - prompt with length     702, lcp =     328, f_keep = 0.467, f_sim = 0.595
ollama-1  | srv          load:    - prompt with length     702, lcp =     328, f_keep = 0.467, f_sim = 0.595
ollama-1  | srv          load:    - prompt with length     668, lcp =     328, f_keep = 0.491, f_sim = 0.595
ollama-1  | srv          load:    - prompt with length     723, lcp =     328, f_keep = 0.454, f_sim = 0.595
ollama-1  | srv          load:    - prompt with length     787, lcp =     328, f_keep = 0.417, f_sim = 0.595
ollama-1  | srv          load:    - prompt with length     658, lcp =     328, f_keep = 0.498, f_sim = 0.595
ollama-1  | srv          load:    - prompt with length     757, lcp =     328, f_keep = 0.433, f_sim = 0.595
ollama-1  | srv          load:    - prompt with length     679, lcp =     328, f_keep = 0.483, f_sim = 0.595
ollama-1  | srv          load:    - prompt with length     795, lcp =     328, f_keep = 0.413, f_sim = 0.595
ollama-1  | srv          load:    - prompt with length     737, lcp =     328, f_keep = 0.445, f_sim = 0.595
ollama-1  | srv          load:    - prompt with length     736, lcp =     328, f_keep = 0.446, f_sim = 0.595
ollama-1  | srv          load:    - prompt with length     762, lcp =     328, f_keep = 0.430, f_sim = 0.595
ollama-1  | srv          load:    - prompt with length     712, lcp =     328, f_keep = 0.461, f_sim = 0.595
ollama-1  | srv          load:    - prompt with length     697, lcp =     328, f_keep = 0.471, f_sim = 0.595
ollama-1  | srv          load:    - prompt with length     776, lcp =     328, f_keep = 0.423, f_sim = 0.595
ollama-1  | srv          load:    - prompt with length     693, lcp =     328, f_keep = 0.473, f_sim = 0.595
ollama-1  | srv          load:    - prompt with length     677, lcp =     328, f_keep = 0.484, f_sim = 0.595
ollama-1  | srv          load:    - prompt with length     689, lcp =     328, f_keep = 0.476, f_sim = 0.595
ollama-1  | srv        update:  - cache state: 22 prompts, 494.877 MiB (limits: 8192.000 MiB, 4096 tokens, 262043 est)
ollama-1  | srv        update:    - prompt 0x2eeca960:     694 tokens, checkpoints:  0,    21.696 MiB
ollama-1  | srv        update:    - prompt 0x2e281e30:     710 tokens, checkpoints:  0,    22.196 MiB
ollama-1  | srv        update:    - prompt 0x2e282b20:     785 tokens, checkpoints:  0,    24.541 MiB
ollama-1  | srv        update:    - prompt 0x30ad8180:     691 tokens, checkpoints:  0,    21.602 MiB
ollama-1  | srv        update:    - prompt 0x2c5e6580:     702 tokens, checkpoints:  0,    21.946 MiB
ollama-1  | srv        update:    - prompt 0x30c0b130:     702 tokens, checkpoints:  0,    21.946 MiB
ollama-1  | srv        update:    - prompt 0x2c53b6f0:     668 tokens, checkpoints:  0,    20.883 MiB
ollama-1  | srv        update:    - prompt 0x2e2885c0:     723 tokens, checkpoints:  0,    22.602 MiB
ollama-1  | srv        update:    - prompt 0x2deaf160:     787 tokens, checkpoints:  0,    24.603 MiB
ollama-1  | srv        update:    - prompt 0x2c60efe0:     658 tokens, checkpoints:  0,    20.570 MiB
ollama-1  | srv        update:    - prompt 0x2c5d0c60:     757 tokens, checkpoints:  0,    23.665 MiB
ollama-1  | srv        update:    - prompt 0x2c5acbf0:     679 tokens, checkpoints:  0,    21.227 MiB
ollama-1  | srv        update:    - prompt 0x30b99130:     795 tokens, checkpoints:  0,    24.853 MiB
ollama-1  | srv        update:    - prompt 0x39752f10:     737 tokens, checkpoints:  0,    23.040 MiB
ollama-1  | srv        update:    - prompt 0x2de98930:     736 tokens, checkpoints:  0,    23.009 MiB
ollama-1  | srv        update:    - prompt 0x2e283510:     762 tokens, checkpoints:  0,    23.822 MiB
ollama-1  | srv        update:    - prompt 0x309ddc70:     712 tokens, checkpoints:  0,    22.259 MiB
ollama-1  | srv        update:    - prompt 0x30b99080:     697 tokens, checkpoints:  0,    21.790 MiB
ollama-1  | srv        update:    - prompt 0x2e280050:     776 tokens, checkpoints:  0,    24.259 MiB
ollama-1  | srv        update:    - prompt 0x30aa79f0:     693 tokens, checkpoints:  0,    21.665 MiB
ollama-1  | srv        update:    - prompt 0x30babb80:     677 tokens, checkpoints:  0,    21.164 MiB
ollama-1  | srv        update:    - prompt 0x309ddbc0:     689 tokens, checkpoints:  0,    21.540 MiB
ollama-1  | srv  get_availabl: prompt cache update took 4.96 ms
ollama-1  | slot launch_slot_: id  0 | task -1 | sampler chain: logits -> ?penalties -> ?dry -> ?top-n-sigma -> top-k -> ?typical -> top-p -> ?min-p -> ?xtc -> temp-ext -> dist 
ollama-1  | slot launch_slot_: id  0 | task -1 | sampler params: 
ollama-1  | 	repeat_last_n = 64, repeat_penalty = 1.000, frequency_penalty = 0.000, presence_penalty = 0.000
ollama-1  | 	dry_multiplier = 0.000, dry_base = 1.750, dry_allowed_length = 2, dry_penalty_last_n = 64
ollama-1  | 	top_k = 40, top_p = 0.900, min_p = 0.000, xtc_probability = 0.000, xtc_threshold = 0.100, typical_p = 1.000, top_n_sigma = -1.000, temp = 0.000
ollama-1  | 	mirostat = 0, mirostat_lr = 0.100, mirostat_ent = 5.000, adaptive_target = -1.000, adaptive_decay = 0.900
ollama-1  | slot launch_slot_: id  0 | task 4551 | processing task, is_child = 0
ollama-1  | slot   operator(): id  0 | task 4551 | new prompt, n_ctx_slot = 4096, n_keep = 4, task.n_tokens = 551
ollama-1  | slot   operator(): id  0 | task 4551 | cached n_tokens = 328, memory_seq_rm [328, end)
ollama-1  | slot init_sampler: id  0 | task 4551 | init sampler, took 0.08 ms, tokens: text = 551, total = 551
ollama-1  | [GIN] 2026/10/07 - 10:09:33 | 200 |      39.056µs |       127.0.0.1 | HEAD     "/"
ollama-1  | [GIN] 2026/10/07 - 10:09:33 | 200 |    4.126819ms |       127.0.0.1 | GET      "/api/tags"
ollama-1  | slot print_timing: id  0 | task 4551 | prompt eval time =    3275.90 ms /   223 tokens (   14.69 ms per token,    68.07 tokens per second)
ollama-1  | slot print_timing: id  0 | task 4551 |        eval time =     675.28 ms /    10 tokens (   75.03 ms per token,    13.33 tokens per second)
ollama-1  | slot print_timing: id  0 | task 4551 |       total time =    3951.18 ms /   233 tokens
ollama-1  | slot print_timing: id  0 | task 4551 |    graphs reused =       3148
ollama-1  | slot      release: id  0 | task 4551 | stop processing: n_tokens = 560, truncated = 0
ollama-1  | srv  update_slots: all slots are idle
ollama-1  | [GIN] 2026/10/07 - 10:09:36 | 200 |   3.96694038s |      172.18.0.4 | POST     "/api/generate"
ollama-1  | srv  server_strea: conv_id= (empty=1)
ollama-1  | slot get_availabl: id  0 | task -1 |  - checking sim = 0.438 (328/749) > 0.100
ollama-1  | slot get_availabl: id  0 | task -1 | selected slot by LCP similarity, f_sim_best = 0.438 (> 0.100 thold), f_keep = 0.586
ollama-1  | slot launch_slot_: id  0 | task -1 | sampler chain: logits -> ?penalties -> ?dry -> ?top-n-sigma -> top-k -> ?typical -> top-p -> ?min-p -> ?xtc -> temp-ext -> dist 
ollama-1  | slot launch_slot_: id  0 | task -1 | sampler params: 
ollama-1  | 	repeat_last_n = 64, repeat_penalty = 1.000, frequency_penalty = 0.000, presence_penalty = 0.000
ollama-1  | 	dry_multiplier = 0.000, dry_base = 1.750, dry_allowed_length = 2, dry_penalty_last_n = 64
ollama-1  | 	top_k = 40, top_p = 0.900, min_p = 0.000, xtc_probability = 0.000, xtc_threshold = 0.100, typical_p = 1.000, top_n_sigma = -1.000, temp = 0.000
ollama-1  | 	mirostat = 0, mirostat_lr = 0.100, mirostat_ent = 5.000, adaptive_target = -1.000, adaptive_decay = 0.900
ollama-1  | slot launch_slot_: id  0 | task 4562 | processing task, is_child = 0
ollama-1  | slot   operator(): id  0 | task 4562 | new prompt, n_ctx_slot = 4096, n_keep = 4, task.n_tokens = 749
ollama-1  | slot   operator(): id  0 | task 4562 | cached n_tokens = 328, memory_seq_rm [328, end)
ollama-1  | slot init_sampler: id  0 | task 4562 | init sampler, took 0.11 ms, tokens: text = 749, total = 749
ollama-1  | [GIN] 2026/10/07 - 10:09:43 | 200 |      50.042µs |       127.0.0.1 | HEAD     "/"
ollama-1  | [GIN] 2026/10/07 - 10:09:43 | 200 |    2.704164ms |       127.0.0.1 | GET      "/api/tags"
ollama-1  | slot print_timing: id  0 | task 4562 | prompt eval time =    5847.34 ms /   421 tokens (   13.89 ms per token,    72.00 tokens per second)
ollama-1  | slot print_timing: id  0 | task 4562 |        eval time =     500.21 ms /     9 tokens (   62.53 ms per token,    15.99 tokens per second)
ollama-1  | slot print_timing: id  0 | task 4562 |       total time =    6347.55 ms /   430 tokens
ollama-1  | slot print_timing: id  0 | task 4562 |    graphs reused =       3155
ollama-1  | slot      release: id  0 | task 4562 | stop processing: n_tokens = 757, truncated = 0
ollama-1  | srv  update_slots: all slots are idle
ollama-1  | [GIN] 2026/10/07 - 10:09:43 | 200 |  6.358143764s |      172.18.0.4 | POST     "/api/generate"
ollama-1  | srv  server_strea: conv_id= (empty=1)
ollama-1  | slot get_availabl: id  0 | task -1 |  - checking sim = 0.830 (328/395) > 0.100
ollama-1  | slot get_availabl: id  0 | task -1 | selected slot by LCP similarity, f_sim_best = 0.830 (> 0.100 thold), f_keep = 0.433
ollama-1  | srv  get_availabl: updating prompt cache
ollama-1  | srv   prompt_save:  - saving prompt with length 757, total state size = 23.665 MiB (draft: 0.000 MiB)
ollama-1  | srv         alloc:  - prompt is already in the cache, skipping
ollama-1  | srv          load:  - looking for better prompt, base f_keep = 0.433, f_sim = 0.830
ollama-1  | srv          load:    - prompt with length     694, lcp =     328, f_keep = 0.473, f_sim = 0.830
ollama-1  | srv          load:    - prompt with length     710, lcp =     328, f_keep = 0.462, f_sim = 0.830
ollama-1  | srv          load:    - prompt with length     785, lcp =     328, f_keep = 0.418, f_sim = 0.830
ollama-1  | srv          load:    - prompt with length     691, lcp =     328, f_keep = 0.475, f_sim = 0.830
ollama-1  | srv          load:    - prompt with length     702, lcp =     328, f_keep = 0.467, f_sim = 0.830
ollama-1  | srv          load:    - prompt with length     702, lcp =     328, f_keep = 0.467, f_sim = 0.830
ollama-1  | srv          load:    - prompt with length     668, lcp =     328, f_keep = 0.491, f_sim = 0.830
ollama-1  | srv          load:    - prompt with length     723, lcp =     328, f_keep = 0.454, f_sim = 0.830
ollama-1  | srv          load:    - prompt with length     787, lcp =     328, f_keep = 0.417, f_sim = 0.830
ollama-1  | srv          load:    - prompt with length     658, lcp =     328, f_keep = 0.498, f_sim = 0.830
ollama-1  | srv          load:    - prompt with length     757, lcp =     328, f_keep = 0.433, f_sim = 0.830
ollama-1  | srv          load:    - prompt with length     679, lcp =     328, f_keep = 0.483, f_sim = 0.830
ollama-1  | srv          load:    - prompt with length     795, lcp =     328, f_keep = 0.413, f_sim = 0.830
ollama-1  | srv          load:    - prompt with length     737, lcp =     329, f_keep = 0.446, f_sim = 0.833
ollama-1  | srv          load:    - prompt with length     736, lcp =     329, f_keep = 0.447, f_sim = 0.833
ollama-1  | srv          load:    - prompt with length     762, lcp =     328, f_keep = 0.430, f_sim = 0.830
ollama-1  | srv          load:    - prompt with length     712, lcp =     328, f_keep = 0.461, f_sim = 0.830
ollama-1  | srv          load:    - prompt with length     697, lcp =     328, f_keep = 0.471, f_sim = 0.830
ollama-1  | srv          load:    - prompt with length     776, lcp =     328, f_keep = 0.423, f_sim = 0.830
ollama-1  | srv          load:    - prompt with length     693, lcp =     328, f_keep = 0.473, f_sim = 0.830
ollama-1  | srv          load:    - prompt with length     677, lcp =     329, f_keep = 0.486, f_sim = 0.833
ollama-1  | srv          load:    - prompt with length     689, lcp =     328, f_keep = 0.476, f_sim = 0.830
ollama-1  | srv          load:  - found better prompt with f_keep = 0.446, f_sim = 0.833
ollama-1  | srv        update:  - cache state: 21 prompts, 471.837 MiB (limits: 8192.000 MiB, 4096 tokens, 262043 est)
ollama-1  | srv        update:    - prompt 0x2eeca960:     694 tokens, checkpoints:  0,    21.696 MiB
ollama-1  | srv        update:    - prompt 0x2e281e30:     710 tokens, checkpoints:  0,    22.196 MiB
ollama-1  | srv        update:    - prompt 0x2e282b20:     785 tokens, checkpoints:  0,    24.541 MiB
ollama-1  | srv        update:    - prompt 0x30ad8180:     691 tokens, checkpoints:  0,    21.602 MiB
ollama-1  | srv        update:    - prompt 0x2c5e6580:     702 tokens, checkpoints:  0,    21.946 MiB
ollama-1  | srv        update:    - prompt 0x30c0b130:     702 tokens, checkpoints:  0,    21.946 MiB
ollama-1  | srv        update:    - prompt 0x2c53b6f0:     668 tokens, checkpoints:  0,    20.883 MiB
ollama-1  | srv        update:    - prompt 0x2e2885c0:     723 tokens, checkpoints:  0,    22.602 MiB
ollama-1  | srv        update:    - prompt 0x2deaf160:     787 tokens, checkpoints:  0,    24.603 MiB
ollama-1  | srv        update:    - prompt 0x2c60efe0:     658 tokens, checkpoints:  0,    20.570 MiB
ollama-1  | srv        update:    - prompt 0x2c5d0c60:     757 tokens, checkpoints:  0,    23.665 MiB
ollama-1  | srv        update:    - prompt 0x2c5acbf0:     679 tokens, checkpoints:  0,    21.227 MiB
ollama-1  | srv        update:    - prompt 0x30b99130:     795 tokens, checkpoints:  0,    24.853 MiB
ollama-1  | srv        update:    - prompt 0x2de98930:     736 tokens, checkpoints:  0,    23.009 MiB
ollama-1  | srv        update:    - prompt 0x2e283510:     762 tokens, checkpoints:  0,    23.822 MiB
ollama-1  | srv        update:    - prompt 0x309ddc70:     712 tokens, checkpoints:  0,    22.259 MiB
ollama-1  | srv        update:    - prompt 0x30b99080:     697 tokens, checkpoints:  0,    21.790 MiB
ollama-1  | srv        update:    - prompt 0x2e280050:     776 tokens, checkpoints:  0,    24.259 MiB
ollama-1  | srv        update:    - prompt 0x30aa79f0:     693 tokens, checkpoints:  0,    21.665 MiB
ollama-1  | srv        update:    - prompt 0x30babb80:     677 tokens, checkpoints:  0,    21.164 MiB
ollama-1  | srv        update:    - prompt 0x309ddbc0:     689 tokens, checkpoints:  0,    21.540 MiB
ollama-1  | srv  get_availabl: prompt cache update took 6.79 ms
ollama-1  | slot launch_slot_: id  0 | task -1 | sampler chain: logits -> ?penalties -> ?dry -> ?top-n-sigma -> top-k -> ?typical -> top-p -> ?min-p -> ?xtc -> temp-ext -> dist 
ollama-1  | slot launch_slot_: id  0 | task -1 | sampler params: 
ollama-1  | 	repeat_last_n = 64, repeat_penalty = 1.000, frequency_penalty = 0.000, presence_penalty = 0.000
ollama-1  | 	dry_multiplier = 0.000, dry_base = 1.750, dry_allowed_length = 2, dry_penalty_last_n = 64
ollama-1  | 	top_k = 40, top_p = 0.900, min_p = 0.000, xtc_probability = 0.000, xtc_threshold = 0.100, typical_p = 1.000, top_n_sigma = -1.000, temp = 0.000
ollama-1  | 	mirostat = 0, mirostat_lr = 0.100, mirostat_ent = 5.000, adaptive_target = -1.000, adaptive_decay = 0.900
ollama-1  | slot launch_slot_: id  0 | task 4572 | processing task, is_child = 0
ollama-1  | slot   operator(): id  0 | task 4572 | new prompt, n_ctx_slot = 4096, n_keep = 4, task.n_tokens = 395
ollama-1  | slot   operator(): id  0 | task 4572 | cached n_tokens = 329, memory_seq_rm [329, end)
ollama-1  | slot init_sampler: id  0 | task 4572 | init sampler, took 0.08 ms, tokens: text = 395, total = 395
ollama-1  | slot print_timing: id  0 | task 4572 | prompt eval time =     810.70 ms /    66 tokens (   12.28 ms per token,    81.41 tokens per second)
ollama-1  | slot print_timing: id  0 | task 4572 |        eval time =     596.40 ms /     9 tokens (   74.55 ms per token,    13.41 tokens per second)
ollama-1  | slot print_timing: id  0 | task 4572 |       total time =    1407.10 ms /    75 tokens
ollama-1  | slot print_timing: id  0 | task 4572 |    graphs reused =       3162
ollama-1  | slot      release: id  0 | task 4572 | stop processing: n_tokens = 403, truncated = 0
ollama-1  | srv  update_slots: all slots are idle
ollama-1  | [GIN] 2026/10/07 - 10:09:44 | 200 |  1.423386825s |      172.18.0.4 | POST     "/api/generate"
ollama-1  | srv  server_strea: conv_id= (empty=1)
ollama-1  | slot get_availabl: id  0 | task -1 |  - checking sim = 0.718 (329/458) > 0.100
ollama-1  | slot get_availabl: id  0 | task -1 | selected slot by LCP similarity, f_sim_best = 0.718 (> 0.100 thold), f_keep = 0.816
ollama-1  | slot launch_slot_: id  0 | task -1 | sampler chain: logits -> ?penalties -> ?dry -> ?top-n-sigma -> top-k -> ?typical -> top-p -> ?min-p -> ?xtc -> temp-ext -> dist 
ollama-1  | slot launch_slot_: id  0 | task -1 | sampler params: 
ollama-1  | 	repeat_last_n = 64, repeat_penalty = 1.000, frequency_penalty = 0.000, presence_penalty = 0.000
ollama-1  | 	dry_multiplier = 0.000, dry_base = 1.750, dry_allowed_length = 2, dry_penalty_last_n = 64
ollama-1  | 	top_k = 40, top_p = 0.900, min_p = 0.000, xtc_probability = 0.000, xtc_threshold = 0.100, typical_p = 1.000, top_n_sigma = -1.000, temp = 0.000
ollama-1  | 	mirostat = 0, mirostat_lr = 0.100, mirostat_ent = 5.000, adaptive_target = -1.000, adaptive_decay = 0.900
ollama-1  | slot launch_slot_: id  0 | task 4582 | processing task, is_child = 0
ollama-1  | slot   operator(): id  0 | task 4582 | new prompt, n_ctx_slot = 4096, n_keep = 4, task.n_tokens = 458
ollama-1  | slot   operator(): id  0 | task 4582 | cached n_tokens = 329, memory_seq_rm [329, end)
ollama-1  | slot init_sampler: id  0 | task 4582 | init sampler, took 0.08 ms, tokens: text = 458, total = 458
ollama-1  | slot print_timing: id  0 | task 4582 | prompt eval time =    1714.31 ms /   129 tokens (   13.29 ms per token,    75.25 tokens per second)
ollama-1  | slot print_timing: id  0 | task 4582 |        eval time =     525.26 ms /     9 tokens (   65.66 ms per token,    15.23 tokens per second)
ollama-1  | slot print_timing: id  0 | task 4582 |       total time =    2239.57 ms /   138 tokens
ollama-1  | slot print_timing: id  0 | task 4582 |    graphs reused =       3169
ollama-1  | slot      release: id  0 | task 4582 | stop processing: n_tokens = 466, truncated = 0
ollama-1  | srv  update_slots: all slots are idle
ollama-1  | [GIN] 2026/10/07 - 10:09:46 | 200 |   2.24930386s |      172.18.0.4 | POST     "/api/generate"
ollama-1  | srv  server_strea: conv_id= (empty=1)
ollama-1  | slot get_availabl: id  0 | task -1 |  - checking sim = 0.719 (328/456) > 0.100
ollama-1  | slot get_availabl: id  0 | task -1 | selected slot by LCP similarity, f_sim_best = 0.719 (> 0.100 thold), f_keep = 0.704
ollama-1  | slot launch_slot_: id  0 | task -1 | sampler chain: logits -> ?penalties -> ?dry -> ?top-n-sigma -> top-k -> ?typical -> top-p -> ?min-p -> ?xtc -> temp-ext -> dist 
ollama-1  | slot launch_slot_: id  0 | task -1 | sampler params: 
ollama-1  | 	repeat_last_n = 64, repeat_penalty = 1.000, frequency_penalty = 0.000, presence_penalty = 0.000
ollama-1  | 	dry_multiplier = 0.000, dry_base = 1.750, dry_allowed_length = 2, dry_penalty_last_n = 64
ollama-1  | 	top_k = 40, top_p = 0.900, min_p = 0.000, xtc_probability = 0.000, xtc_threshold = 0.100, typical_p = 1.000, top_n_sigma = -1.000, temp = 0.000
ollama-1  | 	mirostat = 0, mirostat_lr = 0.100, mirostat_ent = 5.000, adaptive_target = -1.000, adaptive_decay = 0.900
ollama-1  | slot launch_slot_: id  0 | task 4592 | processing task, is_child = 0
ollama-1  | slot   operator(): id  0 | task 4592 | new prompt, n_ctx_slot = 4096, n_keep = 4, task.n_tokens = 456
ollama-1  | slot   operator(): id  0 | task 4592 | cached n_tokens = 328, memory_seq_rm [328, end)
ollama-1  | slot init_sampler: id  0 | task 4592 | init sampler, took 0.07 ms, tokens: text = 456, total = 456
ollama-1  | slot print_timing: id  0 | task 4592 | prompt eval time =    1424.21 ms /   128 tokens (   11.13 ms per token,    89.87 tokens per second)
ollama-1  | slot print_timing: id  0 | task 4592 |        eval time =     415.21 ms /     9 tokens (   51.90 ms per token,    19.27 tokens per second)
ollama-1  | slot print_timing: id  0 | task 4592 |       total time =    1839.42 ms /   137 tokens
ollama-1  | slot print_timing: id  0 | task 4592 |    graphs reused =       3176
ollama-1  | slot      release: id  0 | task 4592 | stop processing: n_tokens = 464, truncated = 0
ollama-1  | srv  update_slots: all slots are idle
ollama-1  | [GIN] 2026/10/07 - 10:09:48 | 200 |   1.84879373s |      172.18.0.4 | POST     "/api/generate"
ollama-1  | srv  server_strea: conv_id= (empty=1)
ollama-1  | slot get_availabl: id  0 | task -1 |  - checking sim = 0.779 (328/421) > 0.100
ollama-1  | slot get_availabl: id  0 | task -1 | selected slot by LCP similarity, f_sim_best = 0.779 (> 0.100 thold), f_keep = 0.707
ollama-1  | slot launch_slot_: id  0 | task -1 | sampler chain: logits -> ?penalties -> ?dry -> ?top-n-sigma -> top-k -> ?typical -> top-p -> ?min-p -> ?xtc -> temp-ext -> dist 
ollama-1  | slot launch_slot_: id  0 | task -1 | sampler params: 
ollama-1  | 	repeat_last_n = 64, repeat_penalty = 1.000, frequency_penalty = 0.000, presence_penalty = 0.000
ollama-1  | 	dry_multiplier = 0.000, dry_base = 1.750, dry_allowed_length = 2, dry_penalty_last_n = 64
ollama-1  | 	top_k = 40, top_p = 0.900, min_p = 0.000, xtc_probability = 0.000, xtc_threshold = 0.100, typical_p = 1.000, top_n_sigma = -1.000, temp = 0.000
ollama-1  | 	mirostat = 0, mirostat_lr = 0.100, mirostat_ent = 5.000, adaptive_target = -1.000, adaptive_decay = 0.900
ollama-1  | slot launch_slot_: id  0 | task 4602 | processing task, is_child = 0
ollama-1  | slot   operator(): id  0 | task 4602 | new prompt, n_ctx_slot = 4096, n_keep = 4, task.n_tokens = 421
ollama-1  | slot   operator(): id  0 | task 4602 | cached n_tokens = 328, memory_seq_rm [328, end)
ollama-1  | slot init_sampler: id  0 | task 4602 | init sampler, took 0.07 ms, tokens: text = 421, total = 421
ollama-1  | slot print_timing: id  0 | task 4602 | prompt eval time =    1149.92 ms /    93 tokens (   12.36 ms per token,    80.87 tokens per second)
ollama-1  | slot print_timing: id  0 | task 4602 |        eval time =     485.06 ms /     9 tokens (   60.63 ms per token,    16.49 tokens per second)
ollama-1  | slot print_timing: id  0 | task 4602 |       total time =    1634.98 ms /   102 tokens
ollama-1  | slot print_timing: id  0 | task 4602 |    graphs reused =       3183
ollama-1  | slot      release: id  0 | task 4602 | stop processing: n_tokens = 429, truncated = 0
ollama-1  | srv  update_slots: all slots are idle
ollama-1  | [GIN] 2026/10/07 - 10:09:50 | 200 |  1.644316087s |      172.18.0.4 | POST     "/api/generate"
ollama-1  | srv  server_strea: conv_id= (empty=1)
ollama-1  | slot get_availabl: id  0 | task -1 |  - checking sim = 0.493 (328/665) > 0.100
ollama-1  | slot get_availabl: id  0 | task -1 | selected slot by LCP similarity, f_sim_best = 0.493 (> 0.100 thold), f_keep = 0.765
ollama-1  | slot launch_slot_: id  0 | task -1 | sampler chain: logits -> ?penalties -> ?dry -> ?top-n-sigma -> top-k -> ?typical -> top-p -> ?min-p -> ?xtc -> temp-ext -> dist 
ollama-1  | slot launch_slot_: id  0 | task -1 | sampler params: 
ollama-1  | 	repeat_last_n = 64, repeat_penalty = 1.000, frequency_penalty = 0.000, presence_penalty = 0.000
ollama-1  | 	dry_multiplier = 0.000, dry_base = 1.750, dry_allowed_length = 2, dry_penalty_last_n = 64
ollama-1  | 	top_k = 40, top_p = 0.900, min_p = 0.000, xtc_probability = 0.000, xtc_threshold = 0.100, typical_p = 1.000, top_n_sigma = -1.000, temp = 0.000
ollama-1  | 	mirostat = 0, mirostat_lr = 0.100, mirostat_ent = 5.000, adaptive_target = -1.000, adaptive_decay = 0.900
ollama-1  | slot launch_slot_: id  0 | task 4612 | processing task, is_child = 0
ollama-1  | slot   operator(): id  0 | task 4612 | new prompt, n_ctx_slot = 4096, n_keep = 4, task.n_tokens = 665
ollama-1  | slot   operator(): id  0 | task 4612 | cached n_tokens = 328, memory_seq_rm [328, end)
ollama-1  | slot init_sampler: id  0 | task 4612 | init sampler, took 0.11 ms, tokens: text = 665, total = 665
ollama-1  | [GIN] 2026/10/07 - 10:09:53 | 200 |      42.616µs |       127.0.0.1 | HEAD     "/"
ollama-1  | [GIN] 2026/10/07 - 10:09:53 | 200 |    3.028415ms |       127.0.0.1 | GET      "/api/tags"
ollama-1  | slot print_timing: id  0 | task 4612 | prompt eval time =    4612.84 ms /   337 tokens (   13.69 ms per token,    73.06 tokens per second)
ollama-1  | slot print_timing: id  0 | task 4612 |        eval time =     689.19 ms /    10 tokens (   76.58 ms per token,    13.06 tokens per second)
ollama-1  | slot print_timing: id  0 | task 4612 |       total time =    5302.03 ms /   347 tokens
ollama-1  | slot print_timing: id  0 | task 4612 |    graphs reused =       3191
ollama-1  | slot      release: id  0 | task 4612 | stop processing: n_tokens = 674, truncated = 0
ollama-1  | srv  update_slots: all slots are idle
ollama-1  | [GIN] 2026/10/07 - 10:09:55 | 200 |  5.312785024s |      172.18.0.4 | POST     "/api/generate"
ollama-1  | srv  server_strea: conv_id= (empty=1)
ollama-1  | slot get_availabl: id  0 | task -1 |  - checking sim = 0.718 (328/457) > 0.100
ollama-1  | slot get_availabl: id  0 | task -1 | selected slot by LCP similarity, f_sim_best = 0.718 (> 0.100 thold), f_keep = 0.487
ollama-1  | srv  get_availabl: updating prompt cache
ollama-1  | srv   prompt_save:  - saving prompt with length 674, total state size = 21.071 MiB (draft: 0.000 MiB)
ollama-1  | srv          load:  - looking for better prompt, base f_keep = 0.487, f_sim = 0.718
ollama-1  | srv          load:    - prompt with length     694, lcp =     328, f_keep = 0.473, f_sim = 0.718
ollama-1  | srv          load:    - prompt with length     710, lcp =     328, f_keep = 0.462, f_sim = 0.718
ollama-1  | srv          load:    - prompt with length     785, lcp =     329, f_keep = 0.419, f_sim = 0.720
ollama-1  | srv          load:    - prompt with length     691, lcp =     328, f_keep = 0.475, f_sim = 0.718
ollama-1  | srv          load:    - prompt with length     702, lcp =     328, f_keep = 0.467, f_sim = 0.718
ollama-1  | srv          load:    - prompt with length     702, lcp =     328, f_keep = 0.467, f_sim = 0.718
ollama-1  | srv          load:    - prompt with length     668, lcp =     328, f_keep = 0.491, f_sim = 0.718
ollama-1  | srv          load:    - prompt with length     723, lcp =     328, f_keep = 0.454, f_sim = 0.718
ollama-1  | srv          load:    - prompt with length     787, lcp =     328, f_keep = 0.417, f_sim = 0.718
ollama-1  | srv          load:    - prompt with length     658, lcp =     328, f_keep = 0.498, f_sim = 0.718
ollama-1  | srv          load:    - prompt with length     757, lcp =     328, f_keep = 0.433, f_sim = 0.718
ollama-1  | srv          load:    - prompt with length     679, lcp =     328, f_keep = 0.483, f_sim = 0.718
ollama-1  | srv          load:    - prompt with length     795, lcp =     328, f_keep = 0.413, f_sim = 0.718
ollama-1  | srv          load:    - prompt with length     736, lcp =     328, f_keep = 0.446, f_sim = 0.718
ollama-1  | srv          load:    - prompt with length     762, lcp =     329, f_keep = 0.432, f_sim = 0.720
ollama-1  | srv          load:    - prompt with length     712, lcp =     328, f_keep = 0.461, f_sim = 0.718
ollama-1  | srv          load:    - prompt with length     697, lcp =     328, f_keep = 0.471, f_sim = 0.718
ollama-1  | srv          load:    - prompt with length     776, lcp =     328, f_keep = 0.423, f_sim = 0.718
ollama-1  | srv          load:    - prompt with length     693, lcp =     328, f_keep = 0.473, f_sim = 0.718
ollama-1  | srv          load:    - prompt with length     677, lcp =     328, f_keep = 0.484, f_sim = 0.718
ollama-1  | srv          load:    - prompt with length     689, lcp =     328, f_keep = 0.476, f_sim = 0.718
ollama-1  | srv          load:    - prompt with length     674, lcp =     328, f_keep = 0.487, f_sim = 0.718
ollama-1  | srv        update:  - cache state: 22 prompts, 492.908 MiB (limits: 8192.000 MiB, 4096 tokens, 262043 est)
ollama-1  | srv        update:    - prompt 0x2eeca960:     694 tokens, checkpoints:  0,    21.696 MiB
ollama-1  | srv        update:    - prompt 0x2e281e30:     710 tokens, checkpoints:  0,    22.196 MiB
ollama-1  | srv        update:    - prompt 0x2e282b20:     785 tokens, checkpoints:  0,    24.541 MiB
ollama-1  | srv        update:    - prompt 0x30ad8180:     691 tokens, checkpoints:  0,    21.602 MiB
ollama-1  | srv        update:    - prompt 0x2c5e6580:     702 tokens, checkpoints:  0,    21.946 MiB
ollama-1  | srv        update:    - prompt 0x30c0b130:     702 tokens, checkpoints:  0,    21.946 MiB
ollama-1  | srv        update:    - prompt 0x2c53b6f0:     668 tokens, checkpoints:  0,    20.883 MiB
ollama-1  | srv        update:    - prompt 0x2e2885c0:     723 tokens, checkpoints:  0,    22.602 MiB
ollama-1  | srv        update:    - prompt 0x2deaf160:     787 tokens, checkpoints:  0,    24.603 MiB
ollama-1  | srv        update:    - prompt 0x2c60efe0:     658 tokens, checkpoints:  0,    20.570 MiB
ollama-1  | srv        update:    - prompt 0x2c5d0c60:     757 tokens, checkpoints:  0,    23.665 MiB
ollama-1  | srv        update:    - prompt 0x2c5acbf0:     679 tokens, checkpoints:  0,    21.227 MiB
ollama-1  | srv        update:    - prompt 0x30b99130:     795 tokens, checkpoints:  0,    24.853 MiB
ollama-1  | srv        update:    - prompt 0x2de98930:     736 tokens, checkpoints:  0,    23.009 MiB
ollama-1  | srv        update:    - prompt 0x2e283510:     762 tokens, checkpoints:  0,    23.822 MiB
ollama-1  | srv        update:    - prompt 0x309ddc70:     712 tokens, checkpoints:  0,    22.259 MiB
ollama-1  | srv        update:    - prompt 0x30b99080:     697 tokens, checkpoints:  0,    21.790 MiB
ollama-1  | srv        update:    - prompt 0x2e280050:     776 tokens, checkpoints:  0,    24.259 MiB
ollama-1  | srv        update:    - prompt 0x30aa79f0:     693 tokens, checkpoints:  0,    21.665 MiB
ollama-1  | srv        update:    - prompt 0x30babb80:     677 tokens, checkpoints:  0,    21.164 MiB
ollama-1  | srv        update:    - prompt 0x309ddbc0:     689 tokens, checkpoints:  0,    21.540 MiB
ollama-1  | srv        update:    - prompt 0x30a513f0:     674 tokens, checkpoints:  0,    21.071 MiB
ollama-1  | srv  get_availabl: prompt cache update took 5.53 ms
ollama-1  | slot launch_slot_: id  0 | task -1 | sampler chain: logits -> ?penalties -> ?dry -> ?top-n-sigma -> top-k -> ?typical -> top-p -> ?min-p -> ?xtc -> temp-ext -> dist 
ollama-1  | slot launch_slot_: id  0 | task -1 | sampler params: 
ollama-1  | 	repeat_last_n = 64, repeat_penalty = 1.000, frequency_penalty = 0.000, presence_penalty = 0.000
ollama-1  | 	dry_multiplier = 0.000, dry_base = 1.750, dry_allowed_length = 2, dry_penalty_last_n = 64
ollama-1  | 	top_k = 40, top_p = 0.900, min_p = 0.000, xtc_probability = 0.000, xtc_threshold = 0.100, typical_p = 1.000, top_n_sigma = -1.000, temp = 0.000
ollama-1  | 	mirostat = 0, mirostat_lr = 0.100, mirostat_ent = 5.000, adaptive_target = -1.000, adaptive_decay = 0.900
ollama-1  | slot launch_slot_: id  0 | task 4623 | processing task, is_child = 0
ollama-1  | slot   operator(): id  0 | task 4623 | new prompt, n_ctx_slot = 4096, n_keep = 4, task.n_tokens = 457
ollama-1  | slot   operator(): id  0 | task 4623 | cached n_tokens = 328, memory_seq_rm [328, end)
ollama-1  | slot init_sampler: id  0 | task 4623 | init sampler, took 0.09 ms, tokens: text = 457, total = 457
ollama-1  | slot print_timing: id  0 | task 4623 | prompt eval time =    1546.39 ms /   129 tokens (   11.99 ms per token,    83.42 tokens per second)
ollama-1  | slot print_timing: id  0 | task 4623 |        eval time =     552.95 ms /     8 tokens (   78.99 ms per token,    12.66 tokens per second)
ollama-1  | slot print_timing: id  0 | task 4623 |       total time =    2099.34 ms /   137 tokens
ollama-1  | slot print_timing: id  0 | task 4623 |    graphs reused =       3197
ollama-1  | slot      release: id  0 | task 4623 | stop processing: n_tokens = 464, truncated = 0
ollama-1  | srv  update_slots: all slots are idle
ollama-1  | [GIN] 2026/10/07 - 10:09:58 | 200 |  2.112972057s |      172.18.0.4 | POST     "/api/generate"
ollama-1  | srv  server_strea: conv_id= (empty=1)
ollama-1  | slot get_availabl: id  0 | task -1 |  - checking sim = 0.628 (328/522) > 0.100
ollama-1  | slot get_availabl: id  0 | task -1 | selected slot by LCP similarity, f_sim_best = 0.628 (> 0.100 thold), f_keep = 0.707
ollama-1  | slot launch_slot_: id  0 | task -1 | sampler chain: logits -> ?penalties -> ?dry -> ?top-n-sigma -> top-k -> ?typical -> top-p -> ?min-p -> ?xtc -> temp-ext -> dist 
ollama-1  | slot launch_slot_: id  0 | task -1 | sampler params: 
ollama-1  | 	repeat_last_n = 64, repeat_penalty = 1.000, frequency_penalty = 0.000, presence_penalty = 0.000
ollama-1  | 	dry_multiplier = 0.000, dry_base = 1.750, dry_allowed_length = 2, dry_penalty_last_n = 64
ollama-1  | 	top_k = 40, top_p = 0.900, min_p = 0.000, xtc_probability = 0.000, xtc_threshold = 0.100, typical_p = 1.000, top_n_sigma = -1.000, temp = 0.000
ollama-1  | 	mirostat = 0, mirostat_lr = 0.100, mirostat_ent = 5.000, adaptive_target = -1.000, adaptive_decay = 0.900
ollama-1  | slot launch_slot_: id  0 | task 4632 | processing task, is_child = 0
ollama-1  | slot   operator(): id  0 | task 4632 | new prompt, n_ctx_slot = 4096, n_keep = 4, task.n_tokens = 522
ollama-1  | slot   operator(): id  0 | task 4632 | cached n_tokens = 328, memory_seq_rm [328, end)
ollama-1  | slot init_sampler: id  0 | task 4632 | init sampler, took 0.08 ms, tokens: text = 522, total = 522
ollama-1  | slot print_timing: id  0 | task 4632 | prompt eval time =    2801.98 ms /   194 tokens (   14.44 ms per token,    69.24 tokens per second)
ollama-1  | slot print_timing: id  0 | task 4632 |        eval time =     548.99 ms /     9 tokens (   68.62 ms per token,    14.57 tokens per second)
ollama-1  | slot print_timing: id  0 | task 4632 |       total time =    3350.97 ms /   203 tokens
ollama-1  | slot print_timing: id  0 | task 4632 |    graphs reused =       3204
ollama-1  | slot      release: id  0 | task 4632 | stop processing: n_tokens = 530, truncated = 0
ollama-1  | srv  update_slots: all slots are idle
ollama-1  | [GIN] 2026/10/07 - 10:10:01 | 200 |  3.360447661s |      172.18.0.4 | POST     "/api/generate"
ollama-1  | srv  server_strea: conv_id= (empty=1)
ollama-1  | slot get_availabl: id  0 | task -1 |  - checking sim = 0.685 (328/479) > 0.100
ollama-1  | slot get_availabl: id  0 | task -1 | selected slot by LCP similarity, f_sim_best = 0.685 (> 0.100 thold), f_keep = 0.619
ollama-1  | slot launch_slot_: id  0 | task -1 | sampler chain: logits -> ?penalties -> ?dry -> ?top-n-sigma -> top-k -> ?typical -> top-p -> ?min-p -> ?xtc -> temp-ext -> dist 
ollama-1  | slot launch_slot_: id  0 | task -1 | sampler params: 
ollama-1  | 	repeat_last_n = 64, repeat_penalty = 1.000, frequency_penalty = 0.000, presence_penalty = 0.000
ollama-1  | 	dry_multiplier = 0.000, dry_base = 1.750, dry_allowed_length = 2, dry_penalty_last_n = 64
ollama-1  | 	top_k = 40, top_p = 0.900, min_p = 0.000, xtc_probability = 0.000, xtc_threshold = 0.100, typical_p = 1.000, top_n_sigma = -1.000, temp = 0.000
ollama-1  | 	mirostat = 0, mirostat_lr = 0.100, mirostat_ent = 5.000, adaptive_target = -1.000, adaptive_decay = 0.900
ollama-1  | slot launch_slot_: id  0 | task 4642 | processing task, is_child = 0
ollama-1  | slot   operator(): id  0 | task 4642 | new prompt, n_ctx_slot = 4096, n_keep = 4, task.n_tokens = 479
ollama-1  | slot   operator(): id  0 | task 4642 | cached n_tokens = 328, memory_seq_rm [328, end)
ollama-1  | slot init_sampler: id  0 | task 4642 | init sampler, took 0.08 ms, tokens: text = 479, total = 479
ollama-1  | [GIN] 2026/10/07 - 10:10:03 | 200 |      34.329µs |       127.0.0.1 | HEAD     "/"
ollama-1  | [GIN] 2026/10/07 - 10:10:03 | 200 |    3.831083ms |       127.0.0.1 | GET      "/api/tags"
ollama-1  | slot print_timing: id  0 | task 4642 | prompt eval time =    2180.63 ms /   151 tokens (   14.44 ms per token,    69.25 tokens per second)
ollama-1  | slot print_timing: id  0 | task 4642 |        eval time =     430.50 ms /     9 tokens (   53.81 ms per token,    18.58 tokens per second)
ollama-1  | slot print_timing: id  0 | task 4642 |       total time =    2611.13 ms /   160 tokens
ollama-1  | slot print_timing: id  0 | task 4642 |    graphs reused =       3211
ollama-1  | slot      release: id  0 | task 4642 | stop processing: n_tokens = 487, truncated = 0
ollama-1  | srv  update_slots: all slots are idle
ollama-1  | [GIN] 2026/10/07 - 10:10:04 | 200 |  2.619409747s |      172.18.0.4 | POST     "/api/generate"
ollama-1  | srv  server_strea: conv_id= (empty=1)
ollama-1  | slot get_availabl: id  0 | task -1 |  - checking sim = 0.732 (330/451) > 0.100
ollama-1  | slot get_availabl: id  0 | task -1 | selected slot by LCP similarity, f_sim_best = 0.732 (> 0.100 thold), f_keep = 0.678
ollama-1  | slot launch_slot_: id  0 | task -1 | sampler chain: logits -> ?penalties -> ?dry -> ?top-n-sigma -> top-k -> ?typical -> top-p -> ?min-p -> ?xtc -> temp-ext -> dist 
ollama-1  | slot launch_slot_: id  0 | task -1 | sampler params: 
ollama-1  | 	repeat_last_n = 64, repeat_penalty = 1.000, frequency_penalty = 0.000, presence_penalty = 0.000
ollama-1  | 	dry_multiplier = 0.000, dry_base = 1.750, dry_allowed_length = 2, dry_penalty_last_n = 64
ollama-1  | 	top_k = 40, top_p = 0.900, min_p = 0.000, xtc_probability = 0.000, xtc_threshold = 0.100, typical_p = 1.000, top_n_sigma = -1.000, temp = 0.000
ollama-1  | 	mirostat = 0, mirostat_lr = 0.100, mirostat_ent = 5.000, adaptive_target = -1.000, adaptive_decay = 0.900
ollama-1  | slot launch_slot_: id  0 | task 4652 | processing task, is_child = 0
ollama-1  | slot   operator(): id  0 | task 4652 | new prompt, n_ctx_slot = 4096, n_keep = 4, task.n_tokens = 451
ollama-1  | slot   operator(): id  0 | task 4652 | cached n_tokens = 330, memory_seq_rm [330, end)
ollama-1  | slot init_sampler: id  0 | task 4652 | init sampler, took 0.07 ms, tokens: text = 451, total = 451
ollama-1  | slot print_timing: id  0 | task 4652 | prompt eval time =    1725.46 ms /   121 tokens (   14.26 ms per token,    70.13 tokens per second)
ollama-1  | slot print_timing: id  0 | task 4652 |        eval time =     593.77 ms /    10 tokens (   65.97 ms per token,    15.16 tokens per second)
ollama-1  | slot print_timing: id  0 | task 4652 |       total time =    2319.23 ms /   131 tokens
ollama-1  | slot print_timing: id  0 | task 4652 |    graphs reused =       3219
ollama-1  | slot      release: id  0 | task 4652 | stop processing: n_tokens = 460, truncated = 0
ollama-1  | srv  update_slots: all slots are idle
ollama-1  | [GIN] 2026/10/07 - 10:10:06 | 200 |  2.327907046s |      172.18.0.4 | POST     "/api/generate"
ollama-1  | srv  server_strea: conv_id= (empty=1)
ollama-1  | slot get_availabl: id  0 | task -1 |  - checking sim = 0.723 (329/455) > 0.100
ollama-1  | slot get_availabl: id  0 | task -1 | selected slot by LCP similarity, f_sim_best = 0.723 (> 0.100 thold), f_keep = 0.715
ollama-1  | slot launch_slot_: id  0 | task -1 | sampler chain: logits -> ?penalties -> ?dry -> ?top-n-sigma -> top-k -> ?typical -> top-p -> ?min-p -> ?xtc -> temp-ext -> dist 
ollama-1  | slot launch_slot_: id  0 | task -1 | sampler params: 
ollama-1  | 	repeat_last_n = 64, repeat_penalty = 1.000, frequency_penalty = 0.000, presence_penalty = 0.000
ollama-1  | 	dry_multiplier = 0.000, dry_base = 1.750, dry_allowed_length = 2, dry_penalty_last_n = 64
ollama-1  | 	top_k = 40, top_p = 0.900, min_p = 0.000, xtc_probability = 0.000, xtc_threshold = 0.100, typical_p = 1.000, top_n_sigma = -1.000, temp = 0.000
ollama-1  | 	mirostat = 0, mirostat_lr = 0.100, mirostat_ent = 5.000, adaptive_target = -1.000, adaptive_decay = 0.900
ollama-1  | slot launch_slot_: id  0 | task 4663 | processing task, is_child = 0
ollama-1  | slot   operator(): id  0 | task 4663 | new prompt, n_ctx_slot = 4096, n_keep = 4, task.n_tokens = 455
ollama-1  | slot   operator(): id  0 | task 4663 | cached n_tokens = 329, memory_seq_rm [329, end)
ollama-1  | slot init_sampler: id  0 | task 4663 | init sampler, took 0.07 ms, tokens: text = 455, total = 455
ollama-1  | slot print_timing: id  0 | task 4663 | prompt eval time =    1566.03 ms /   126 tokens (   12.43 ms per token,    80.46 tokens per second)
ollama-1  | slot print_timing: id  0 | task 4663 |        eval time =     485.52 ms /     9 tokens (   60.69 ms per token,    16.48 tokens per second)
ollama-1  | slot print_timing: id  0 | task 4663 |       total time =    2051.55 ms /   135 tokens
ollama-1  | slot print_timing: id  0 | task 4663 |    graphs reused =       3226
ollama-1  | slot      release: id  0 | task 4663 | stop processing: n_tokens = 463, truncated = 0
ollama-1  | srv  update_slots: all slots are idle
ollama-1  | [GIN] 2026/10/07 - 10:10:08 | 200 |  2.060419227s |      172.18.0.4 | POST     "/api/generate"
ollama-1  | srv  server_strea: conv_id= (empty=1)
ollama-1  | slot get_availabl: id  0 | task -1 |  - checking sim = 0.816 (328/402) > 0.100
ollama-1  | slot get_availabl: id  0 | task -1 | selected slot by LCP similarity, f_sim_best = 0.816 (> 0.100 thold), f_keep = 0.708
ollama-1  | slot launch_slot_: id  0 | task -1 | sampler chain: logits -> ?penalties -> ?dry -> ?top-n-sigma -> top-k -> ?typical -> top-p -> ?min-p -> ?xtc -> temp-ext -> dist 
ollama-1  | slot launch_slot_: id  0 | task -1 | sampler params: 
ollama-1  | 	repeat_last_n = 64, repeat_penalty = 1.000, frequency_penalty = 0.000, presence_penalty = 0.000
ollama-1  | 	dry_multiplier = 0.000, dry_base = 1.750, dry_allowed_length = 2, dry_penalty_last_n = 64
ollama-1  | 	top_k = 40, top_p = 0.900, min_p = 0.000, xtc_probability = 0.000, xtc_threshold = 0.100, typical_p = 1.000, top_n_sigma = -1.000, temp = 0.000
ollama-1  | 	mirostat = 0, mirostat_lr = 0.100, mirostat_ent = 5.000, adaptive_target = -1.000, adaptive_decay = 0.900
ollama-1  | slot launch_slot_: id  0 | task 4673 | processing task, is_child = 0
ollama-1  | slot   operator(): id  0 | task 4673 | new prompt, n_ctx_slot = 4096, n_keep = 4, task.n_tokens = 402
ollama-1  | slot   operator(): id  0 | task 4673 | cached n_tokens = 328, memory_seq_rm [328, end)
ollama-1  | slot init_sampler: id  0 | task 4673 | init sampler, took 0.07 ms, tokens: text = 402, total = 402
ollama-1  | slot print_timing: id  0 | task 4673 | prompt eval time =     971.88 ms /    74 tokens (   13.13 ms per token,    76.14 tokens per second)
ollama-1  | slot print_timing: id  0 | task 4673 |        eval time =     544.45 ms /     9 tokens (   68.06 ms per token,    14.69 tokens per second)
ollama-1  | slot print_timing: id  0 | task 4673 |       total time =    1516.34 ms /    83 tokens
ollama-1  | slot print_timing: id  0 | task 4673 |    graphs reused =       3233
ollama-1  | slot      release: id  0 | task 4673 | stop processing: n_tokens = 410, truncated = 0
ollama-1  | srv  update_slots: all slots are idle
ollama-1  | [GIN] 2026/10/07 - 10:10:10 | 200 |  1.525992352s |      172.18.0.4 | POST     "/api/generate"
ollama-1  | srv  server_strea: conv_id= (empty=1)
ollama-1  | slot get_availabl: id  0 | task -1 |  - checking sim = 0.837 (328/392) > 0.100
ollama-1  | slot get_availabl: id  0 | task -1 | selected slot by LCP similarity, f_sim_best = 0.837 (> 0.100 thold), f_keep = 0.800
ollama-1  | slot launch_slot_: id  0 | task -1 | sampler chain: logits -> ?penalties -> ?dry -> ?top-n-sigma -> top-k -> ?typical -> top-p -> ?min-p -> ?xtc -> temp-ext -> dist 
ollama-1  | slot launch_slot_: id  0 | task -1 | sampler params: 
ollama-1  | 	repeat_last_n = 64, repeat_penalty = 1.000, frequency_penalty = 0.000, presence_penalty = 0.000
ollama-1  | 	dry_multiplier = 0.000, dry_base = 1.750, dry_allowed_length = 2, dry_penalty_last_n = 64
ollama-1  | 	top_k = 40, top_p = 0.900, min_p = 0.000, xtc_probability = 0.000, xtc_threshold = 0.100, typical_p = 1.000, top_n_sigma = -1.000, temp = 0.000
ollama-1  | 	mirostat = 0, mirostat_lr = 0.100, mirostat_ent = 5.000, adaptive_target = -1.000, adaptive_decay = 0.900
ollama-1  | slot launch_slot_: id  0 | task 4683 | processing task, is_child = 0
ollama-1  | slot   operator(): id  0 | task 4683 | new prompt, n_ctx_slot = 4096, n_keep = 4, task.n_tokens = 392
ollama-1  | slot   operator(): id  0 | task 4683 | cached n_tokens = 328, memory_seq_rm [328, end)
ollama-1  | slot init_sampler: id  0 | task 4683 | init sampler, took 0.06 ms, tokens: text = 392, total = 392
ollama-1  | slot print_timing: id  0 | task 4683 | prompt eval time =     747.24 ms /    64 tokens (   11.68 ms per token,    85.65 tokens per second)
ollama-1  | slot print_timing: id  0 | task 4683 |        eval time =     476.26 ms /     8 tokens (   68.04 ms per token,    14.70 tokens per second)
ollama-1  | slot print_timing: id  0 | task 4683 |       total time =    1223.50 ms /    72 tokens
ollama-1  | slot print_timing: id  0 | task 4683 |    graphs reused =       3239
ollama-1  | slot      release: id  0 | task 4683 | stop processing: n_tokens = 399, truncated = 0
ollama-1  | srv  update_slots: all slots are idle
ollama-1  | [GIN] 2026/10/07 - 10:10:11 | 200 |  1.232597875s |      172.18.0.4 | POST     "/api/generate"
ollama-1  | srv  server_strea: conv_id= (empty=1)
ollama-1  | slot get_availabl: id  0 | task -1 |  - checking sim = 0.488 (328/672) > 0.100
ollama-1  | slot get_availabl: id  0 | task -1 | selected slot by LCP similarity, f_sim_best = 0.488 (> 0.100 thold), f_keep = 0.822
ollama-1  | slot launch_slot_: id  0 | task -1 | sampler chain: logits -> ?penalties -> ?dry -> ?top-n-sigma -> top-k -> ?typical -> top-p -> ?min-p -> ?xtc -> temp-ext -> dist 
ollama-1  | slot launch_slot_: id  0 | task -1 | sampler params: 
ollama-1  | 	repeat_last_n = 64, repeat_penalty = 1.000, frequency_penalty = 0.000, presence_penalty = 0.000
ollama-1  | 	dry_multiplier = 0.000, dry_base = 1.750, dry_allowed_length = 2, dry_penalty_last_n = 64
ollama-1  | 	top_k = 40, top_p = 0.900, min_p = 0.000, xtc_probability = 0.000, xtc_threshold = 0.100, typical_p = 1.000, top_n_sigma = -1.000, temp = 0.000
ollama-1  | 	mirostat = 0, mirostat_lr = 0.100, mirostat_ent = 5.000, adaptive_target = -1.000, adaptive_decay = 0.900
ollama-1  | slot launch_slot_: id  0 | task 4692 | processing task, is_child = 0
ollama-1  | slot   operator(): id  0 | task 4692 | new prompt, n_ctx_slot = 4096, n_keep = 4, task.n_tokens = 672
ollama-1  | slot   operator(): id  0 | task 4692 | cached n_tokens = 328, memory_seq_rm [328, end)
ollama-1  | slot init_sampler: id  0 | task 4692 | init sampler, took 0.12 ms, tokens: text = 672, total = 672
ollama-1  | [GIN] 2026/10/07 - 10:10:13 | 200 |      40.377µs |       127.0.0.1 | HEAD     "/"
ollama-1  | [GIN] 2026/10/07 - 10:10:13 | 200 |    2.715772ms |       127.0.0.1 | GET      "/api/tags"
ollama-1  | slot print_timing: id  0 | task 4692 | prompt eval time =    4928.96 ms /   344 tokens (   14.33 ms per token,    69.79 tokens per second)
ollama-1  | slot print_timing: id  0 | task 4692 |        eval time =     391.68 ms /     8 tokens (   55.95 ms per token,    17.87 tokens per second)
ollama-1  | slot print_timing: id  0 | task 4692 |       total time =    5320.64 ms /   352 tokens
ollama-1  | slot print_timing: id  0 | task 4692 |    graphs reused =       3245
ollama-1  | slot      release: id  0 | task 4692 | stop processing: n_tokens = 679, truncated = 0
ollama-1  | srv  update_slots: all slots are idle
ollama-1  | [GIN] 2026/10/07 - 10:10:16 | 200 |    5.3324904s |      172.18.0.4 | POST     "/api/generate"
ollama-1  | srv  server_strea: conv_id= (empty=1)
ollama-1  | slot get_availabl: id  0 | task -1 |  - checking sim = 0.787 (328/417) > 0.100
ollama-1  | slot get_availabl: id  0 | task -1 | selected slot by LCP similarity, f_sim_best = 0.787 (> 0.100 thold), f_keep = 0.483
ollama-1  | srv  get_availabl: updating prompt cache
ollama-1  | srv   prompt_save:  - saving prompt with length 679, total state size = 21.227 MiB (draft: 0.000 MiB)
ollama-1  | srv         alloc:  - prompt is already in the cache, skipping
ollama-1  | srv          load:  - looking for better prompt, base f_keep = 0.483, f_sim = 0.787
ollama-1  | srv          load:    - prompt with length     694, lcp =     328, f_keep = 0.473, f_sim = 0.787
ollama-1  | srv          load:    - prompt with length     710, lcp =     328, f_keep = 0.462, f_sim = 0.787
ollama-1  | srv          load:    - prompt with length     785, lcp =     328, f_keep = 0.418, f_sim = 0.787
ollama-1  | srv          load:    - prompt with length     691, lcp =     328, f_keep = 0.475, f_sim = 0.787
ollama-1  | srv          load:    - prompt with length     702, lcp =     328, f_keep = 0.467, f_sim = 0.787
ollama-1  | srv          load:    - prompt with length     702, lcp =     328, f_keep = 0.467, f_sim = 0.787
ollama-1  | srv          load:    - prompt with length     668, lcp =     328, f_keep = 0.491, f_sim = 0.787
ollama-1  | srv          load:    - prompt with length     723, lcp =     328, f_keep = 0.454, f_sim = 0.787
ollama-1  | srv          load:    - prompt with length     787, lcp =     328, f_keep = 0.417, f_sim = 0.787
ollama-1  | srv          load:    - prompt with length     658, lcp =     328, f_keep = 0.498, f_sim = 0.787
ollama-1  | srv          load:    - prompt with length     757, lcp =     328, f_keep = 0.433, f_sim = 0.787
ollama-1  | srv          load:    - prompt with length     679, lcp =     328, f_keep = 0.483, f_sim = 0.787
ollama-1  | srv          load:    - prompt with length     795, lcp =     328, f_keep = 0.413, f_sim = 0.787
ollama-1  | srv          load:    - prompt with length     736, lcp =     328, f_keep = 0.446, f_sim = 0.787
ollama-1  | srv          load:    - prompt with length     762, lcp =     328, f_keep = 0.430, f_sim = 0.787
ollama-1  | srv          load:    - prompt with length     712, lcp =     328, f_keep = 0.461, f_sim = 0.787
ollama-1  | srv          load:    - prompt with length     697, lcp =     328, f_keep = 0.471, f_sim = 0.787
ollama-1  | srv          load:    - prompt with length     776, lcp =     328, f_keep = 0.423, f_sim = 0.787
ollama-1  | srv          load:    - prompt with length     693, lcp =     328, f_keep = 0.473, f_sim = 0.787
ollama-1  | srv          load:    - prompt with length     677, lcp =     328, f_keep = 0.484, f_sim = 0.787
ollama-1  | srv          load:    - prompt with length     689, lcp =     328, f_keep = 0.476, f_sim = 0.787
ollama-1  | srv          load:    - prompt with length     674, lcp =     328, f_keep = 0.487, f_sim = 0.787
ollama-1  | srv        update:  - cache state: 22 prompts, 492.908 MiB (limits: 8192.000 MiB, 4096 tokens, 262043 est)
ollama-1  | srv        update:    - prompt 0x2eeca960:     694 tokens, checkpoints:  0,    21.696 MiB
ollama-1  | srv        update:    - prompt 0x2e281e30:     710 tokens, checkpoints:  0,    22.196 MiB
ollama-1  | srv        update:    - prompt 0x2e282b20:     785 tokens, checkpoints:  0,    24.541 MiB
ollama-1  | srv        update:    - prompt 0x30ad8180:     691 tokens, checkpoints:  0,    21.602 MiB
ollama-1  | srv        update:    - prompt 0x2c5e6580:     702 tokens, checkpoints:  0,    21.946 MiB
ollama-1  | srv        update:    - prompt 0x30c0b130:     702 tokens, checkpoints:  0,    21.946 MiB
ollama-1  | srv        update:    - prompt 0x2c53b6f0:     668 tokens, checkpoints:  0,    20.883 MiB
ollama-1  | srv        update:    - prompt 0x2e2885c0:     723 tokens, checkpoints:  0,    22.602 MiB
ollama-1  | srv        update:    - prompt 0x2deaf160:     787 tokens, checkpoints:  0,    24.603 MiB
ollama-1  | srv        update:    - prompt 0x2c60efe0:     658 tokens, checkpoints:  0,    20.570 MiB
ollama-1  | srv        update:    - prompt 0x2c5d0c60:     757 tokens, checkpoints:  0,    23.665 MiB
ollama-1  | srv        update:    - prompt 0x2c5acbf0:     679 tokens, checkpoints:  0,    21.227 MiB
ollama-1  | srv        update:    - prompt 0x30b99130:     795 tokens, checkpoints:  0,    24.853 MiB
ollama-1  | srv        update:    - prompt 0x2de98930:     736 tokens, checkpoints:  0,    23.009 MiB
ollama-1  | srv        update:    - prompt 0x2e283510:     762 tokens, checkpoints:  0,    23.822 MiB
ollama-1  | srv        update:    - prompt 0x309ddc70:     712 tokens, checkpoints:  0,    22.259 MiB
ollama-1  | srv        update:    - prompt 0x30b99080:     697 tokens, checkpoints:  0,    21.790 MiB
ollama-1  | srv        update:    - prompt 0x2e280050:     776 tokens, checkpoints:  0,    24.259 MiB
ollama-1  | srv        update:    - prompt 0x30aa79f0:     693 tokens, checkpoints:  0,    21.665 MiB
ollama-1  | srv        update:    - prompt 0x30babb80:     677 tokens, checkpoints:  0,    21.164 MiB
ollama-1  | srv        update:    - prompt 0x309ddbc0:     689 tokens, checkpoints:  0,    21.540 MiB
ollama-1  | srv        update:    - prompt 0x30a513f0:     674 tokens, checkpoints:  0,    21.071 MiB
ollama-1  | srv  get_availabl: prompt cache update took 0.08 ms
ollama-1  | slot launch_slot_: id  0 | task -1 | sampler chain: logits -> ?penalties -> ?dry -> ?top-n-sigma -> top-k -> ?typical -> top-p -> ?min-p -> ?xtc -> temp-ext -> dist 
ollama-1  | slot launch_slot_: id  0 | task -1 | sampler params: 
ollama-1  | 	repeat_last_n = 64, repeat_penalty = 1.000, frequency_penalty = 0.000, presence_penalty = 0.000
ollama-1  | 	dry_multiplier = 0.000, dry_base = 1.750, dry_allowed_length = 2, dry_penalty_last_n = 64
ollama-1  | 	top_k = 40, top_p = 0.900, min_p = 0.000, xtc_probability = 0.000, xtc_threshold = 0.100, typical_p = 1.000, top_n_sigma = -1.000, temp = 0.000
ollama-1  | 	mirostat = 0, mirostat_lr = 0.100, mirostat_ent = 5.000, adaptive_target = -1.000, adaptive_decay = 0.900
ollama-1  | slot launch_slot_: id  0 | task 4701 | processing task, is_child = 0
ollama-1  | slot   operator(): id  0 | task 4701 | new prompt, n_ctx_slot = 4096, n_keep = 4, task.n_tokens = 417
ollama-1  | slot   operator(): id  0 | task 4701 | cached n_tokens = 328, memory_seq_rm [328, end)
ollama-1  | slot init_sampler: id  0 | task 4701 | init sampler, took 0.07 ms, tokens: text = 417, total = 417
ollama-1  | slot print_timing: id  0 | task 4701 | prompt eval time =     972.07 ms /    89 tokens (   10.92 ms per token,    91.56 tokens per second)
ollama-1  | slot print_timing: id  0 | task 4701 |        eval time =     392.56 ms /     8 tokens (   56.08 ms per token,    17.83 tokens per second)
ollama-1  | slot print_timing: id  0 | task 4701 |       total time =    1364.63 ms /    97 tokens
ollama-1  | slot print_timing: id  0 | task 4701 |    graphs reused =       3251
ollama-1  | slot      release: id  0 | task 4701 | stop processing: n_tokens = 424, truncated = 0
ollama-1  | srv  update_slots: all slots are idle
ollama-1  | [GIN] 2026/10/07 - 10:10:18 | 200 |   1.37134253s |      172.18.0.4 | POST     "/api/generate"
ollama-1  | srv  server_strea: conv_id= (empty=1)
ollama-1  | slot get_availabl: id  0 | task -1 |  - checking sim = 0.637 (328/515) > 0.100
ollama-1  | slot get_availabl: id  0 | task -1 | selected slot by LCP similarity, f_sim_best = 0.637 (> 0.100 thold), f_keep = 0.774
ollama-1  | slot launch_slot_: id  0 | task -1 | sampler chain: logits -> ?penalties -> ?dry -> ?top-n-sigma -> top-k -> ?typical -> top-p -> ?min-p -> ?xtc -> temp-ext -> dist 
ollama-1  | slot launch_slot_: id  0 | task -1 | sampler params: 
ollama-1  | 	repeat_last_n = 64, repeat_penalty = 1.000, frequency_penalty = 0.000, presence_penalty = 0.000
ollama-1  | 	dry_multiplier = 0.000, dry_base = 1.750, dry_allowed_length = 2, dry_penalty_last_n = 64
ollama-1  | 	top_k = 40, top_p = 0.900, min_p = 0.000, xtc_probability = 0.000, xtc_threshold = 0.100, typical_p = 1.000, top_n_sigma = -1.000, temp = 0.000
ollama-1  | 	mirostat = 0, mirostat_lr = 0.100, mirostat_ent = 5.000, adaptive_target = -1.000, adaptive_decay = 0.900
ollama-1  | slot launch_slot_: id  0 | task 4710 | processing task, is_child = 0
ollama-1  | slot   operator(): id  0 | task 4710 | new prompt, n_ctx_slot = 4096, n_keep = 4, task.n_tokens = 515
ollama-1  | slot   operator(): id  0 | task 4710 | cached n_tokens = 328, memory_seq_rm [328, end)
ollama-1  | slot init_sampler: id  0 | task 4710 | init sampler, took 0.08 ms, tokens: text = 515, total = 515
ollama-1  | slot print_timing: id  0 | task 4710 | prompt eval time =    2001.98 ms /   187 tokens (   10.71 ms per token,    93.41 tokens per second)
ollama-1  | slot print_timing: id  0 | task 4710 |        eval time =     387.15 ms /     8 tokens (   55.31 ms per token,    18.08 tokens per second)
ollama-1  | slot print_timing: id  0 | task 4710 |       total time =    2389.14 ms /   195 tokens
ollama-1  | slot print_timing: id  0 | task 4710 |    graphs reused =       3257
ollama-1  | slot      release: id  0 | task 4710 | stop processing: n_tokens = 522, truncated = 0
ollama-1  | srv  update_slots: all slots are idle
ollama-1  | [GIN] 2026/10/07 - 10:10:20 | 200 |  2.396515981s |      172.18.0.4 | POST     "/api/generate"
ollama-1  | srv  server_strea: conv_id= (empty=1)
ollama-1  | slot get_availabl: id  0 | task -1 |  - checking sim = 0.756 (328/434) > 0.100
ollama-1  | slot get_availabl: id  0 | task -1 | selected slot by LCP similarity, f_sim_best = 0.756 (> 0.100 thold), f_keep = 0.628
ollama-1  | slot launch_slot_: id  0 | task -1 | sampler chain: logits -> ?penalties -> ?dry -> ?top-n-sigma -> top-k -> ?typical -> top-p -> ?min-p -> ?xtc -> temp-ext -> dist 
ollama-1  | slot launch_slot_: id  0 | task -1 | sampler params: 
ollama-1  | 	repeat_last_n = 64, repeat_penalty = 1.000, frequency_penalty = 0.000, presence_penalty = 0.000
ollama-1  | 	dry_multiplier = 0.000, dry_base = 1.750, dry_allowed_length = 2, dry_penalty_last_n = 64
ollama-1  | 	top_k = 40, top_p = 0.900, min_p = 0.000, xtc_probability = 0.000, xtc_threshold = 0.100, typical_p = 1.000, top_n_sigma = -1.000, temp = 0.000
ollama-1  | 	mirostat = 0, mirostat_lr = 0.100, mirostat_ent = 5.000, adaptive_target = -1.000, adaptive_decay = 0.900
ollama-1  | slot launch_slot_: id  0 | task 4719 | processing task, is_child = 0
ollama-1  | slot   operator(): id  0 | task 4719 | new prompt, n_ctx_slot = 4096, n_keep = 4, task.n_tokens = 434
ollama-1  | slot   operator(): id  0 | task 4719 | cached n_tokens = 328, memory_seq_rm [328, end)
ollama-1  | slot init_sampler: id  0 | task 4719 | init sampler, took 0.06 ms, tokens: text = 434, total = 434
ollama-1  | slot print_timing: id  0 | task 4719 | prompt eval time =    1138.33 ms /   106 tokens (   10.74 ms per token,    93.12 tokens per second)
ollama-1  | slot print_timing: id  0 | task 4719 |        eval time =     503.54 ms /     8 tokens (   71.93 ms per token,    13.90 tokens per second)
ollama-1  | slot print_timing: id  0 | task 4719 |       total time =    1641.87 ms /   114 tokens
ollama-1  | slot print_timing: id  0 | task 4719 |    graphs reused =       3263
ollama-1  | slot      release: id  0 | task 4719 | stop processing: n_tokens = 441, truncated = 0
ollama-1  | srv  update_slots: all slots are idle
ollama-1  | [GIN] 2026/10/07 - 10:10:22 | 200 |  1.648897047s |      172.18.0.4 | POST     "/api/generate"
ollama-1  | srv  server_strea: conv_id= (empty=1)
ollama-1  | slot get_availabl: id  0 | task -1 |  - checking sim = 0.732 (328/448) > 0.100
ollama-1  | slot get_availabl: id  0 | task -1 | selected slot by LCP similarity, f_sim_best = 0.732 (> 0.100 thold), f_keep = 0.744
ollama-1  | slot launch_slot_: id  0 | task -1 | sampler chain: logits -> ?penalties -> ?dry -> ?top-n-sigma -> top-k -> ?typical -> top-p -> ?min-p -> ?xtc -> temp-ext -> dist 
ollama-1  | slot launch_slot_: id  0 | task -1 | sampler params: 
ollama-1  | 	repeat_last_n = 64, repeat_penalty = 1.000, frequency_penalty = 0.000, presence_penalty = 0.000
ollama-1  | 	dry_multiplier = 0.000, dry_base = 1.750, dry_allowed_length = 2, dry_penalty_last_n = 64
ollama-1  | 	top_k = 40, top_p = 0.900, min_p = 0.000, xtc_probability = 0.000, xtc_threshold = 0.100, typical_p = 1.000, top_n_sigma = -1.000, temp = 0.000
ollama-1  | 	mirostat = 0, mirostat_lr = 0.100, mirostat_ent = 5.000, adaptive_target = -1.000, adaptive_decay = 0.900
ollama-1  | slot launch_slot_: id  0 | task 4728 | processing task, is_child = 0
ollama-1  | slot   operator(): id  0 | task 4728 | new prompt, n_ctx_slot = 4096, n_keep = 4, task.n_tokens = 448
ollama-1  | slot   operator(): id  0 | task 4728 | cached n_tokens = 328, memory_seq_rm [328, end)
ollama-1  | slot init_sampler: id  0 | task 4728 | init sampler, took 0.07 ms, tokens: text = 448, total = 448
ollama-1  | [GIN] 2026/10/07 - 10:10:23 | 200 |      47.073µs |       127.0.0.1 | HEAD     "/"
ollama-1  | [GIN] 2026/10/07 - 10:10:23 | 200 |    2.815335ms |       127.0.0.1 | GET      "/api/tags"
ollama-1  | slot print_timing: id  0 | task 4728 | prompt eval time =    1422.14 ms /   120 tokens (   11.85 ms per token,    84.38 tokens per second)
ollama-1  | slot print_timing: id  0 | task 4728 |        eval time =     600.53 ms /    10 tokens (   66.73 ms per token,    14.99 tokens per second)
ollama-1  | slot print_timing: id  0 | task 4728 |       total time =    2022.67 ms /   130 tokens
ollama-1  | slot print_timing: id  0 | task 4728 |    graphs reused =       3271
ollama-1  | slot      release: id  0 | task 4728 | stop processing: n_tokens = 457, truncated = 0
ollama-1  | srv  update_slots: all slots are idle
ollama-1  | [GIN] 2026/10/07 - 10:10:24 | 200 |  2.040946226s |      172.18.0.4 | POST     "/api/generate"
ollama-1  | srv  server_strea: conv_id= (empty=1)
ollama-1  | slot get_availabl: id  0 | task -1 |  - checking sim = 0.508 (330/650) > 0.100
ollama-1  | slot get_availabl: id  0 | task -1 | selected slot by LCP similarity, f_sim_best = 0.508 (> 0.100 thold), f_keep = 0.722
ollama-1  | slot launch_slot_: id  0 | task -1 | sampler chain: logits -> ?penalties -> ?dry -> ?top-n-sigma -> top-k -> ?typical -> top-p -> ?min-p -> ?xtc -> temp-ext -> dist 
ollama-1  | slot launch_slot_: id  0 | task -1 | sampler params: 
ollama-1  | 	repeat_last_n = 64, repeat_penalty = 1.000, frequency_penalty = 0.000, presence_penalty = 0.000
ollama-1  | 	dry_multiplier = 0.000, dry_base = 1.750, dry_allowed_length = 2, dry_penalty_last_n = 64
ollama-1  | 	top_k = 40, top_p = 0.900, min_p = 0.000, xtc_probability = 0.000, xtc_threshold = 0.100, typical_p = 1.000, top_n_sigma = -1.000, temp = 0.000
ollama-1  | 	mirostat = 0, mirostat_lr = 0.100, mirostat_ent = 5.000, adaptive_target = -1.000, adaptive_decay = 0.900
ollama-1  | slot launch_slot_: id  0 | task 4739 | processing task, is_child = 0
ollama-1  | slot   operator(): id  0 | task 4739 | new prompt, n_ctx_slot = 4096, n_keep = 4, task.n_tokens = 650
ollama-1  | slot   operator(): id  0 | task 4739 | cached n_tokens = 330, memory_seq_rm [330, end)
ollama-1  | slot init_sampler: id  0 | task 4739 | init sampler, took 0.12 ms, tokens: text = 650, total = 650
ollama-1  | slot print_timing: id  0 | task 4739 | prompt eval time =    4734.93 ms /   320 tokens (   14.80 ms per token,    67.58 tokens per second)
ollama-1  | slot print_timing: id  0 | task 4739 |        eval time =     389.73 ms /     8 tokens (   55.68 ms per token,    17.96 tokens per second)
ollama-1  | slot print_timing: id  0 | task 4739 |       total time =    5124.66 ms /   328 tokens
ollama-1  | slot print_timing: id  0 | task 4739 |    graphs reused =       3277
ollama-1  | slot      release: id  0 | task 4739 | stop processing: n_tokens = 657, truncated = 0
ollama-1  | srv  update_slots: all slots are idle
ollama-1  | [GIN] 2026/10/07 - 10:10:29 | 200 |  5.134890124s |      172.18.0.4 | POST     "/api/generate"
ollama-1  | srv  server_strea: conv_id= (empty=1)
ollama-1  | slot get_availabl: id  0 | task -1 |  - checking sim = 0.516 (328/636) > 0.100
ollama-1  | slot get_availabl: id  0 | task -1 | selected slot by LCP similarity, f_sim_best = 0.516 (> 0.100 thold), f_keep = 0.499
ollama-1  | srv  get_availabl: updating prompt cache
ollama-1  | srv   prompt_save:  - saving prompt with length 657, total state size = 20.539 MiB (draft: 0.000 MiB)
ollama-1  | srv          load:  - looking for better prompt, base f_keep = 0.499, f_sim = 0.516
ollama-1  | srv          load:    - prompt with length     694, lcp =     328, f_keep = 0.473, f_sim = 0.516
ollama-1  | srv          load:    - prompt with length     710, lcp =     328, f_keep = 0.462, f_sim = 0.516
ollama-1  | srv          load:    - prompt with length     785, lcp =     328, f_keep = 0.418, f_sim = 0.516
ollama-1  | srv          load:    - prompt with length     691, lcp =     328, f_keep = 0.475, f_sim = 0.516
ollama-1  | srv          load:    - prompt with length     702, lcp =     328, f_keep = 0.467, f_sim = 0.516
ollama-1  | srv          load:    - prompt with length     702, lcp =     328, f_keep = 0.467, f_sim = 0.516
ollama-1  | srv          load:    - prompt with length     668, lcp =     328, f_keep = 0.491, f_sim = 0.516
ollama-1  | srv          load:    - prompt with length     723, lcp =     328, f_keep = 0.454, f_sim = 0.516
ollama-1  | srv          load:    - prompt with length     787, lcp =     328, f_keep = 0.417, f_sim = 0.516
ollama-1  | srv          load:    - prompt with length     658, lcp =     328, f_keep = 0.498, f_sim = 0.516
ollama-1  | srv          load:    - prompt with length     757, lcp =     328, f_keep = 0.433, f_sim = 0.516
ollama-1  | srv          load:    - prompt with length     679, lcp =     328, f_keep = 0.483, f_sim = 0.516
ollama-1  | srv          load:    - prompt with length     795, lcp =     328, f_keep = 0.413, f_sim = 0.516
ollama-1  | srv          load:    - prompt with length     736, lcp =     328, f_keep = 0.446, f_sim = 0.516
ollama-1  | srv          load:    - prompt with length     762, lcp =     328, f_keep = 0.430, f_sim = 0.516
ollama-1  | srv          load:    - prompt with length     712, lcp =     328, f_keep = 0.461, f_sim = 0.516
ollama-1  | srv          load:    - prompt with length     697, lcp =     328, f_keep = 0.471, f_sim = 0.516
ollama-1  | srv          load:    - prompt with length     776, lcp =     328, f_keep = 0.423, f_sim = 0.516
ollama-1  | srv          load:    - prompt with length     693, lcp =     328, f_keep = 0.473, f_sim = 0.516
ollama-1  | srv          load:    - prompt with length     677, lcp =     328, f_keep = 0.484, f_sim = 0.516
ollama-1  | srv          load:    - prompt with length     689, lcp =     328, f_keep = 0.476, f_sim = 0.516
ollama-1  | srv          load:    - prompt with length     674, lcp =     328, f_keep = 0.487, f_sim = 0.516
ollama-1  | srv          load:    - prompt with length     657, lcp =     328, f_keep = 0.499, f_sim = 0.516
ollama-1  | srv        update:  - cache state: 23 prompts, 513.447 MiB (limits: 8192.000 MiB, 4096 tokens, 262043 est)
ollama-1  | srv        update:    - prompt 0x2eeca960:     694 tokens, checkpoints:  0,    21.696 MiB
ollama-1  | srv        update:    - prompt 0x2e281e30:     710 tokens, checkpoints:  0,    22.196 MiB
ollama-1  | srv        update:    - prompt 0x2e282b20:     785 tokens, checkpoints:  0,    24.541 MiB
ollama-1  | srv        update:    - prompt 0x30ad8180:     691 tokens, checkpoints:  0,    21.602 MiB
ollama-1  | srv        update:    - prompt 0x2c5e6580:     702 tokens, checkpoints:  0,    21.946 MiB
ollama-1  | srv        update:    - prompt 0x30c0b130:     702 tokens, checkpoints:  0,    21.946 MiB
ollama-1  | srv        update:    - prompt 0x2c53b6f0:     668 tokens, checkpoints:  0,    20.883 MiB
ollama-1  | srv        update:    - prompt 0x2e2885c0:     723 tokens, checkpoints:  0,    22.602 MiB
ollama-1  | srv        update:    - prompt 0x2deaf160:     787 tokens, checkpoints:  0,    24.603 MiB
ollama-1  | srv        update:    - prompt 0x2c60efe0:     658 tokens, checkpoints:  0,    20.570 MiB
ollama-1  | srv        update:    - prompt 0x2c5d0c60:     757 tokens, checkpoints:  0,    23.665 MiB
ollama-1  | srv        update:    - prompt 0x2c5acbf0:     679 tokens, checkpoints:  0,    21.227 MiB
ollama-1  | srv        update:    - prompt 0x30b99130:     795 tokens, checkpoints:  0,    24.853 MiB
ollama-1  | srv        update:    - prompt 0x2de98930:     736 tokens, checkpoints:  0,    23.009 MiB
ollama-1  | srv        update:    - prompt 0x2e283510:     762 tokens, checkpoints:  0,    23.822 MiB
ollama-1  | srv        update:    - prompt 0x309ddc70:     712 tokens, checkpoints:  0,    22.259 MiB
ollama-1  | srv        update:    - prompt 0x30b99080:     697 tokens, checkpoints:  0,    21.790 MiB
ollama-1  | srv        update:    - prompt 0x2e280050:     776 tokens, checkpoints:  0,    24.259 MiB
ollama-1  | srv        update:    - prompt 0x30aa79f0:     693 tokens, checkpoints:  0,    21.665 MiB
ollama-1  | srv        update:    - prompt 0x30babb80:     677 tokens, checkpoints:  0,    21.164 MiB
ollama-1  | srv        update:    - prompt 0x309ddbc0:     689 tokens, checkpoints:  0,    21.540 MiB
ollama-1  | srv        update:    - prompt 0x30a513f0:     674 tokens, checkpoints:  0,    21.071 MiB
ollama-1  | srv        update:    - prompt 0x30a74410:     657 tokens, checkpoints:  0,    20.539 MiB
ollama-1  | srv  get_availabl: prompt cache update took 5.34 ms
ollama-1  | slot launch_slot_: id  0 | task -1 | sampler chain: logits -> ?penalties -> ?dry -> ?top-n-sigma -> top-k -> ?typical -> top-p -> ?min-p -> ?xtc -> temp-ext -> dist 
ollama-1  | slot launch_slot_: id  0 | task -1 | sampler params: 
ollama-1  | 	repeat_last_n = 64, repeat_penalty = 1.000, frequency_penalty = 0.000, presence_penalty = 0.000
ollama-1  | 	dry_multiplier = 0.000, dry_base = 1.750, dry_allowed_length = 2, dry_penalty_last_n = 64
ollama-1  | 	top_k = 40, top_p = 0.900, min_p = 0.000, xtc_probability = 0.000, xtc_threshold = 0.100, typical_p = 1.000, top_n_sigma = -1.000, temp = 0.000
ollama-1  | 	mirostat = 0, mirostat_lr = 0.100, mirostat_ent = 5.000, adaptive_target = -1.000, adaptive_decay = 0.900
ollama-1  | slot launch_slot_: id  0 | task 4748 | processing task, is_child = 0
ollama-1  | slot   operator(): id  0 | task 4748 | new prompt, n_ctx_slot = 4096, n_keep = 4, task.n_tokens = 636
ollama-1  | slot   operator(): id  0 | task 4748 | cached n_tokens = 328, memory_seq_rm [328, end)
ollama-1  | slot init_sampler: id  0 | task 4748 | init sampler, took 0.12 ms, tokens: text = 636, total = 636
ollama-1  | slot print_timing: id  0 | task 4748 | prompt eval time =    3130.15 ms /   308 tokens (   10.16 ms per token,    98.40 tokens per second)
ollama-1  | slot print_timing: id  0 | task 4748 |        eval time =     534.58 ms /    10 tokens (   59.40 ms per token,    16.84 tokens per second)
ollama-1  | slot print_timing: id  0 | task 4748 |       total time =    3664.73 ms /   318 tokens
ollama-1  | slot print_timing: id  0 | task 4748 |    graphs reused =       3285
ollama-1  | slot      release: id  0 | task 4748 | stop processing: n_tokens = 645, truncated = 0
ollama-1  | srv  update_slots: all slots are idle
ollama-1  | [GIN] 2026/10/07 - 10:10:33 | 200 |  3.679619266s |      172.18.0.4 | POST     "/api/generate"
ollama-1  | srv  server_strea: conv_id= (empty=1)
ollama-1  | slot get_availabl: id  0 | task -1 |  - checking sim = 0.601 (328/546) > 0.100
ollama-1  | slot get_availabl: id  0 | task -1 | selected slot by LCP similarity, f_sim_best = 0.601 (> 0.100 thold), f_keep = 0.509
ollama-1  | slot launch_slot_: id  0 | task -1 | sampler chain: logits -> ?penalties -> ?dry -> ?top-n-sigma -> top-k -> ?typical -> top-p -> ?min-p -> ?xtc -> temp-ext -> dist 
ollama-1  | slot launch_slot_: id  0 | task -1 | sampler params: 
ollama-1  | 	repeat_last_n = 64, repeat_penalty = 1.000, frequency_penalty = 0.000, presence_penalty = 0.000
ollama-1  | 	dry_multiplier = 0.000, dry_base = 1.750, dry_allowed_length = 2, dry_penalty_last_n = 64
ollama-1  | 	top_k = 40, top_p = 0.900, min_p = 0.000, xtc_probability = 0.000, xtc_threshold = 0.100, typical_p = 1.000, top_n_sigma = -1.000, temp = 0.000
ollama-1  | 	mirostat = 0, mirostat_lr = 0.100, mirostat_ent = 5.000, adaptive_target = -1.000, adaptive_decay = 0.900
ollama-1  | slot launch_slot_: id  0 | task 4759 | processing task, is_child = 0
ollama-1  | slot   operator(): id  0 | task 4759 | new prompt, n_ctx_slot = 4096, n_keep = 4, task.n_tokens = 546
ollama-1  | slot   operator(): id  0 | task 4759 | cached n_tokens = 328, memory_seq_rm [328, end)
ollama-1  | slot init_sampler: id  0 | task 4759 | init sampler, took 0.09 ms, tokens: text = 546, total = 546
ollama-1  | [GIN] 2026/10/07 - 10:10:33 | 200 |      40.875µs |       127.0.0.1 | HEAD     "/"
ollama-1  | [GIN] 2026/10/07 - 10:10:33 | 200 |    2.449669ms |       127.0.0.1 | GET      "/api/tags"
ollama-1  | slot print_timing: id  0 | task 4759 | prompt eval time =    2527.24 ms /   218 tokens (   11.59 ms per token,    86.26 tokens per second)
ollama-1  | slot print_timing: id  0 | task 4759 |        eval time =     414.40 ms /     9 tokens (   51.80 ms per token,    19.30 tokens per second)
ollama-1  | slot print_timing: id  0 | task 4759 |       total time =    2941.64 ms /   227 tokens
ollama-1  | slot print_timing: id  0 | task 4759 |    graphs reused =       3292
ollama-1  | slot      release: id  0 | task 4759 | stop processing: n_tokens = 554, truncated = 0
ollama-1  | srv  update_slots: all slots are idle
ollama-1  | [GIN] 2026/10/07 - 10:10:36 | 200 |  2.950339949s |      172.18.0.4 | POST     "/api/generate"
ollama-1  | srv  server_strea: conv_id= (empty=1)
ollama-1  | slot get_availabl: id  0 | task -1 |  - checking sim = 0.449 (328/730) > 0.100
ollama-1  | slot get_availabl: id  0 | task -1 | selected slot by LCP similarity, f_sim_best = 0.449 (> 0.100 thold), f_keep = 0.592
ollama-1  | slot launch_slot_: id  0 | task -1 | sampler chain: logits -> ?penalties -> ?dry -> ?top-n-sigma -> top-k -> ?typical -> top-p -> ?min-p -> ?xtc -> temp-ext -> dist 
ollama-1  | slot launch_slot_: id  0 | task -1 | sampler params: 
ollama-1  | 	repeat_last_n = 64, repeat_penalty = 1.000, frequency_penalty = 0.000, presence_penalty = 0.000
ollama-1  | 	dry_multiplier = 0.000, dry_base = 1.750, dry_allowed_length = 2, dry_penalty_last_n = 64
ollama-1  | 	top_k = 40, top_p = 0.900, min_p = 0.000, xtc_probability = 0.000, xtc_threshold = 0.100, typical_p = 1.000, top_n_sigma = -1.000, temp = 0.000
ollama-1  | 	mirostat = 0, mirostat_lr = 0.100, mirostat_ent = 5.000, adaptive_target = -1.000, adaptive_decay = 0.900
ollama-1  | slot launch_slot_: id  0 | task 4769 | processing task, is_child = 0
ollama-1  | slot   operator(): id  0 | task 4769 | new prompt, n_ctx_slot = 4096, n_keep = 4, task.n_tokens = 730
ollama-1  | slot   operator(): id  0 | task 4769 | cached n_tokens = 328, memory_seq_rm [328, end)
ollama-1  | slot init_sampler: id  0 | task 4769 | init sampler, took 0.11 ms, tokens: text = 730, total = 730
ollama-1  | slot print_timing: id  0 | task 4769 | prompt eval time =    4583.58 ms /   402 tokens (   11.40 ms per token,    87.70 tokens per second)
ollama-1  | slot print_timing: id  0 | task 4769 |        eval time =     464.67 ms /     8 tokens (   66.38 ms per token,    15.06 tokens per second)
ollama-1  | slot print_timing: id  0 | task 4769 |       total time =    5048.25 ms /   410 tokens
ollama-1  | slot print_timing: id  0 | task 4769 |    graphs reused =       3298
ollama-1  | slot      release: id  0 | task 4769 | stop processing: n_tokens = 737, truncated = 0
ollama-1  | srv  update_slots: all slots are idle
ollama-1  | [GIN] 2026/10/07 - 10:10:41 | 200 |  5.056499312s |      172.18.0.4 | POST     "/api/generate"
ollama-1  | srv  server_strea: conv_id= (empty=1)
ollama-1  | slot get_availabl: id  0 | task -1 |  - checking sim = 0.719 (328/456) > 0.100
ollama-1  | slot get_availabl: id  0 | task -1 | selected slot by LCP similarity, f_sim_best = 0.719 (> 0.100 thold), f_keep = 0.445
ollama-1  | srv  get_availabl: updating prompt cache
ollama-1  | srv   prompt_save:  - saving prompt with length 737, total state size = 23.040 MiB (draft: 0.000 MiB)
ollama-1  | srv          load:  - looking for better prompt, base f_keep = 0.445, f_sim = 0.719
ollama-1  | srv          load:    - prompt with length     694, lcp =     328, f_keep = 0.473, f_sim = 0.719
ollama-1  | srv          load:    - prompt with length     710, lcp =     328, f_keep = 0.462, f_sim = 0.719
ollama-1  | srv          load:    - prompt with length     785, lcp =     328, f_keep = 0.418, f_sim = 0.719
ollama-1  | srv          load:    - prompt with length     691, lcp =     328, f_keep = 0.475, f_sim = 0.719
ollama-1  | srv          load:    - prompt with length     702, lcp =     328, f_keep = 0.467, f_sim = 0.719
ollama-1  | srv          load:    - prompt with length     702, lcp =     328, f_keep = 0.467, f_sim = 0.719
ollama-1  | srv          load:    - prompt with length     668, lcp =     328, f_keep = 0.491, f_sim = 0.719
ollama-1  | srv          load:    - prompt with length     723, lcp =     328, f_keep = 0.454, f_sim = 0.719
ollama-1  | srv          load:    - prompt with length     787, lcp =     328, f_keep = 0.417, f_sim = 0.719
ollama-1  | srv          load:    - prompt with length     658, lcp =     328, f_keep = 0.498, f_sim = 0.719
ollama-1  | srv          load:    - prompt with length     757, lcp =     328, f_keep = 0.433, f_sim = 0.719
ollama-1  | srv          load:    - prompt with length     679, lcp =     328, f_keep = 0.483, f_sim = 0.719
ollama-1  | srv          load:    - prompt with length     795, lcp =     328, f_keep = 0.413, f_sim = 0.719
ollama-1  | srv          load:    - prompt with length     736, lcp =     328, f_keep = 0.446, f_sim = 0.719
ollama-1  | srv          load:    - prompt with length     762, lcp =     328, f_keep = 0.430, f_sim = 0.719
ollama-1  | srv          load:    - prompt with length     712, lcp =     328, f_keep = 0.461, f_sim = 0.719
ollama-1  | srv          load:    - prompt with length     697, lcp =     328, f_keep = 0.471, f_sim = 0.719
ollama-1  | srv          load:    - prompt with length     776, lcp =     328, f_keep = 0.423, f_sim = 0.719
ollama-1  | srv          load:    - prompt with length     693, lcp =     328, f_keep = 0.473, f_sim = 0.719
ollama-1  | srv          load:    - prompt with length     677, lcp =     328, f_keep = 0.484, f_sim = 0.719
ollama-1  | srv          load:    - prompt with length     689, lcp =     328, f_keep = 0.476, f_sim = 0.719
ollama-1  | srv          load:    - prompt with length     674, lcp =     328, f_keep = 0.487, f_sim = 0.719
ollama-1  | srv          load:    - prompt with length     657, lcp =     328, f_keep = 0.499, f_sim = 0.719
ollama-1  | srv          load:    - prompt with length     737, lcp =     328, f_keep = 0.445, f_sim = 0.719
ollama-1  | srv        update:  - cache state: 24 prompts, 536.487 MiB (limits: 8192.000 MiB, 4096 tokens, 262043 est)
ollama-1  | srv        update:    - prompt 0x2eeca960:     694 tokens, checkpoints:  0,    21.696 MiB
ollama-1  | srv        update:    - prompt 0x2e281e30:     710 tokens, checkpoints:  0,    22.196 MiB
ollama-1  | srv        update:    - prompt 0x2e282b20:     785 tokens, checkpoints:  0,    24.541 MiB
ollama-1  | srv        update:    - prompt 0x30ad8180:     691 tokens, checkpoints:  0,    21.602 MiB
ollama-1  | srv        update:    - prompt 0x2c5e6580:     702 tokens, checkpoints:  0,    21.946 MiB
ollama-1  | srv        update:    - prompt 0x30c0b130:     702 tokens, checkpoints:  0,    21.946 MiB
ollama-1  | srv        update:    - prompt 0x2c53b6f0:     668 tokens, checkpoints:  0,    20.883 MiB
ollama-1  | srv        update:    - prompt 0x2e2885c0:     723 tokens, checkpoints:  0,    22.602 MiB
ollama-1  | srv        update:    - prompt 0x2deaf160:     787 tokens, checkpoints:  0,    24.603 MiB
ollama-1  | srv        update:    - prompt 0x2c60efe0:     658 tokens, checkpoints:  0,    20.570 MiB
ollama-1  | srv        update:    - prompt 0x2c5d0c60:     757 tokens, checkpoints:  0,    23.665 MiB
ollama-1  | srv        update:    - prompt 0x2c5acbf0:     679 tokens, checkpoints:  0,    21.227 MiB
ollama-1  | srv        update:    - prompt 0x30b99130:     795 tokens, checkpoints:  0,    24.853 MiB
ollama-1  | srv        update:    - prompt 0x2de98930:     736 tokens, checkpoints:  0,    23.009 MiB
ollama-1  | srv        update:    - prompt 0x2e283510:     762 tokens, checkpoints:  0,    23.822 MiB
ollama-1  | srv        update:    - prompt 0x309ddc70:     712 tokens, checkpoints:  0,    22.259 MiB
ollama-1  | srv        update:    - prompt 0x30b99080:     697 tokens, checkpoints:  0,    21.790 MiB
ollama-1  | srv        update:    - prompt 0x2e280050:     776 tokens, checkpoints:  0,    24.259 MiB
ollama-1  | srv        update:    - prompt 0x30aa79f0:     693 tokens, checkpoints:  0,    21.665 MiB
ollama-1  | srv        update:    - prompt 0x30babb80:     677 tokens, checkpoints:  0,    21.164 MiB
ollama-1  | srv        update:    - prompt 0x309ddbc0:     689 tokens, checkpoints:  0,    21.540 MiB
ollama-1  | srv        update:    - prompt 0x30a513f0:     674 tokens, checkpoints:  0,    21.071 MiB
ollama-1  | srv        update:    - prompt 0x30a74410:     657 tokens, checkpoints:  0,    20.539 MiB
ollama-1  | srv        update:    - prompt 0x30a9fa10:     737 tokens, checkpoints:  0,    23.040 MiB
ollama-1  | srv  get_availabl: prompt cache update took 5.25 ms
ollama-1  | slot launch_slot_: id  0 | task -1 | sampler chain: logits -> ?penalties -> ?dry -> ?top-n-sigma -> top-k -> ?typical -> top-p -> ?min-p -> ?xtc -> temp-ext -> dist 
ollama-1  | slot launch_slot_: id  0 | task -1 | sampler params: 
ollama-1  | 	repeat_last_n = 64, repeat_penalty = 1.000, frequency_penalty = 0.000, presence_penalty = 0.000
ollama-1  | 	dry_multiplier = 0.000, dry_base = 1.750, dry_allowed_length = 2, dry_penalty_last_n = 64
ollama-1  | 	top_k = 40, top_p = 0.900, min_p = 0.000, xtc_probability = 0.000, xtc_threshold = 0.100, typical_p = 1.000, top_n_sigma = -1.000, temp = 0.000
ollama-1  | 	mirostat = 0, mirostat_lr = 0.100, mirostat_ent = 5.000, adaptive_target = -1.000, adaptive_decay = 0.900
ollama-1  | slot launch_slot_: id  0 | task 4778 | processing task, is_child = 0
ollama-1  | slot   operator(): id  0 | task 4778 | new prompt, n_ctx_slot = 4096, n_keep = 4, task.n_tokens = 456
ollama-1  | slot   operator(): id  0 | task 4778 | cached n_tokens = 328, memory_seq_rm [328, end)
ollama-1  | slot init_sampler: id  0 | task 4778 | init sampler, took 0.07 ms, tokens: text = 456, total = 456
ollama-1  | [GIN] 2026/10/07 - 10:10:44 | 200 |      41.915µs |       127.0.0.1 | HEAD     "/"
ollama-1  | [GIN] 2026/10/07 - 10:10:44 | 200 |    2.186988ms |       127.0.0.1 | GET      "/api/tags"
ollama-1  | slot print_timing: id  0 | task 4778 | prompt eval time =    2426.75 ms /   128 tokens (   18.96 ms per token,    52.75 tokens per second)
ollama-1  | slot print_timing: id  0 | task 4778 |        eval time =    1149.69 ms /    10 tokens (  127.74 ms per token,     7.83 tokens per second)
ollama-1  | slot print_timing: id  0 | task 4778 |       total time =    3576.44 ms /   138 tokens
ollama-1  | slot print_timing: id  0 | task 4778 |    graphs reused =       3306
ollama-1  | slot      release: id  0 | task 4778 | stop processing: n_tokens = 465, truncated = 0
ollama-1  | srv  update_slots: all slots are idle
ollama-1  | [GIN] 2026/10/07 - 10:10:44 | 200 |  3.590258413s |      172.18.0.4 | POST     "/api/generate"
ollama-1  | srv  server_strea: conv_id= (empty=1)
ollama-1  | slot get_availabl: id  0 | task -1 |  - checking sim = 0.763 (328/430) > 0.100
ollama-1  | slot get_availabl: id  0 | task -1 | selected slot by LCP similarity, f_sim_best = 0.763 (> 0.100 thold), f_keep = 0.705
ollama-1  | slot launch_slot_: id  0 | task -1 | sampler chain: logits -> ?penalties -> ?dry -> ?top-n-sigma -> top-k -> ?typical -> top-p -> ?min-p -> ?xtc -> temp-ext -> dist 
ollama-1  | slot launch_slot_: id  0 | task -1 | sampler params: 
ollama-1  | 	repeat_last_n = 64, repeat_penalty = 1.000, frequency_penalty = 0.000, presence_penalty = 0.000
ollama-1  | 	dry_multiplier = 0.000, dry_base = 1.750, dry_allowed_length = 2, dry_penalty_last_n = 64
ollama-1  | 	top_k = 40, top_p = 0.900, min_p = 0.000, xtc_probability = 0.000, xtc_threshold = 0.100, typical_p = 1.000, top_n_sigma = -1.000, temp = 0.000
ollama-1  | 	mirostat = 0, mirostat_lr = 0.100, mirostat_ent = 5.000, adaptive_target = -1.000, adaptive_decay = 0.900
ollama-1  | slot launch_slot_: id  0 | task 4789 | processing task, is_child = 0
ollama-1  | slot   operator(): id  0 | task 4789 | new prompt, n_ctx_slot = 4096, n_keep = 4, task.n_tokens = 430
ollama-1  | slot   operator(): id  0 | task 4789 | cached n_tokens = 328, memory_seq_rm [328, end)
ollama-1  | slot init_sampler: id  0 | task 4789 | init sampler, took 0.08 ms, tokens: text = 430, total = 430
ollama-1  | slot print_timing: id  0 | task 4789 | prompt eval time =    1711.90 ms /   102 tokens (   16.78 ms per token,    59.58 tokens per second)
ollama-1  | slot print_timing: id  0 | task 4789 |        eval time =     844.95 ms /     9 tokens (  105.62 ms per token,     9.47 tokens per second)
ollama-1  | slot print_timing: id  0 | task 4789 |       total time =    2556.86 ms /   111 tokens
ollama-1  | slot print_timing: id  0 | task 4789 |    graphs reused =       3313
ollama-1  | slot      release: id  0 | task 4789 | stop processing: n_tokens = 438, truncated = 0
ollama-1  | srv  update_slots: all slots are idle
ollama-1  | [GIN] 2026/10/07 - 10:10:47 | 200 |  2.564816441s |      172.18.0.4 | POST     "/api/generate"
ollama-1  | srv  server_strea: conv_id= (empty=1)
ollama-1  | slot get_availabl: id  0 | task -1 |  - checking sim = 0.744 (328/441) > 0.100
ollama-1  | slot get_availabl: id  0 | task -1 | selected slot by LCP similarity, f_sim_best = 0.744 (> 0.100 thold), f_keep = 0.749
ollama-1  | slot launch_slot_: id  0 | task -1 | sampler chain: logits -> ?penalties -> ?dry -> ?top-n-sigma -> top-k -> ?typical -> top-p -> ?min-p -> ?xtc -> temp-ext -> dist 
ollama-1  | slot launch_slot_: id  0 | task -1 | sampler params: 
ollama-1  | 	repeat_last_n = 64, repeat_penalty = 1.000, frequency_penalty = 0.000, presence_penalty = 0.000
ollama-1  | 	dry_multiplier = 0.000, dry_base = 1.750, dry_allowed_length = 2, dry_penalty_last_n = 64
ollama-1  | 	top_k = 40, top_p = 0.900, min_p = 0.000, xtc_probability = 0.000, xtc_threshold = 0.100, typical_p = 1.000, top_n_sigma = -1.000, temp = 0.000
ollama-1  | 	mirostat = 0, mirostat_lr = 0.100, mirostat_ent = 5.000, adaptive_target = -1.000, adaptive_decay = 0.900
ollama-1  | slot launch_slot_: id  0 | task 4799 | processing task, is_child = 0
ollama-1  | slot   operator(): id  0 | task 4799 | new prompt, n_ctx_slot = 4096, n_keep = 4, task.n_tokens = 441
ollama-1  | slot   operator(): id  0 | task 4799 | cached n_tokens = 328, memory_seq_rm [328, end)
ollama-1  | slot init_sampler: id  0 | task 4799 | init sampler, took 0.07 ms, tokens: text = 441, total = 441
ollama-1  | slot print_timing: id  0 | task 4799 | prompt eval time =    2621.28 ms /   113 tokens (   23.20 ms per token,    43.11 tokens per second)
ollama-1  | slot print_timing: id  0 | task 4799 |        eval time =     489.13 ms /     9 tokens (   61.14 ms per token,    16.36 tokens per second)
ollama-1  | slot print_timing: id  0 | task 4799 |       total time =    3110.41 ms /   122 tokens
ollama-1  | slot print_timing: id  0 | task 4799 |    graphs reused =       3320
ollama-1  | slot      release: id  0 | task 4799 | stop processing: n_tokens = 449, truncated = 0
ollama-1  | srv  update_slots: all slots are idle
ollama-1  | [GIN] 2026/10/07 - 10:10:50 | 200 |  3.120753585s |      172.18.0.4 | POST     "/api/generate"
ollama-1  | srv  server_strea: conv_id= (empty=1)
ollama-1  | slot get_availabl: id  0 | task -1 |  - checking sim = 0.510 (328/643) > 0.100
ollama-1  | slot get_availabl: id  0 | task -1 | selected slot by LCP similarity, f_sim_best = 0.510 (> 0.100 thold), f_keep = 0.731
ollama-1  | slot launch_slot_: id  0 | task -1 | sampler chain: logits -> ?penalties -> ?dry -> ?top-n-sigma -> top-k -> ?typical -> top-p -> ?min-p -> ?xtc -> temp-ext -> dist 
ollama-1  | slot launch_slot_: id  0 | task -1 | sampler params: 
ollama-1  | 	repeat_last_n = 64, repeat_penalty = 1.000, frequency_penalty = 0.000, presence_penalty = 0.000
ollama-1  | 	dry_multiplier = 0.000, dry_base = 1.750, dry_allowed_length = 2, dry_penalty_last_n = 64
ollama-1  | 	top_k = 40, top_p = 0.900, min_p = 0.000, xtc_probability = 0.000, xtc_threshold = 0.100, typical_p = 1.000, top_n_sigma = -1.000, temp = 0.000
ollama-1  | 	mirostat = 0, mirostat_lr = 0.100, mirostat_ent = 5.000, adaptive_target = -1.000, adaptive_decay = 0.900
ollama-1  | slot launch_slot_: id  0 | task 4809 | processing task, is_child = 0
ollama-1  | slot   operator(): id  0 | task 4809 | new prompt, n_ctx_slot = 4096, n_keep = 4, task.n_tokens = 643
ollama-1  | slot   operator(): id  0 | task 4809 | cached n_tokens = 328, memory_seq_rm [328, end)
ollama-1  | slot init_sampler: id  0 | task 4809 | init sampler, took 0.12 ms, tokens: text = 643, total = 643
ollama-1  | [GIN] 2026/10/07 - 10:10:54 | 200 |        50.3µs |       127.0.0.1 | HEAD     "/"
ollama-1  | [GIN] 2026/10/07 - 10:10:54 | 200 |     2.94307ms |       127.0.0.1 | GET      "/api/tags"
ollama-1  | slot print_timing: id  0 | task 4809 | prompt eval time =    4815.39 ms /   315 tokens (   15.29 ms per token,    65.42 tokens per second)
ollama-1  | slot print_timing: id  0 | task 4809 |        eval time =     589.24 ms /     9 tokens (   73.66 ms per token,    13.58 tokens per second)
ollama-1  | slot print_timing: id  0 | task 4809 |       total time =    5404.63 ms /   324 tokens
ollama-1  | slot print_timing: id  0 | task 4809 |    graphs reused =       3327
ollama-1  | slot      release: id  0 | task 4809 | stop processing: n_tokens = 651, truncated = 0
ollama-1  | srv  update_slots: all slots are idle
ollama-1  | [GIN] 2026/10/07 - 10:10:56 | 200 |  5.415636116s |      172.18.0.4 | POST     "/api/generate"
ollama-1  | srv  server_strea: conv_id= (empty=1)
ollama-1  | slot get_availabl: id  0 | task -1 |  - checking sim = 0.731 (329/450) > 0.100
ollama-1  | slot get_availabl: id  0 | task -1 | selected slot by LCP similarity, f_sim_best = 0.731 (> 0.100 thold), f_keep = 0.505
ollama-1  | slot launch_slot_: id  0 | task -1 | sampler chain: logits -> ?penalties -> ?dry -> ?top-n-sigma -> top-k -> ?typical -> top-p -> ?min-p -> ?xtc -> temp-ext -> dist 
ollama-1  | slot launch_slot_: id  0 | task -1 | sampler params: 
ollama-1  | 	repeat_last_n = 64, repeat_penalty = 1.000, frequency_penalty = 0.000, presence_penalty = 0.000
ollama-1  | 	dry_multiplier = 0.000, dry_base = 1.750, dry_allowed_length = 2, dry_penalty_last_n = 64
ollama-1  | 	top_k = 40, top_p = 0.900, min_p = 0.000, xtc_probability = 0.000, xtc_threshold = 0.100, typical_p = 1.000, top_n_sigma = -1.000, temp = 0.000
ollama-1  | 	mirostat = 0, mirostat_lr = 0.100, mirostat_ent = 5.000, adaptive_target = -1.000, adaptive_decay = 0.900
ollama-1  | slot launch_slot_: id  0 | task 4819 | processing task, is_child = 0
ollama-1  | slot   operator(): id  0 | task 4819 | new prompt, n_ctx_slot = 4096, n_keep = 4, task.n_tokens = 450
ollama-1  | slot   operator(): id  0 | task 4819 | cached n_tokens = 329, memory_seq_rm [329, end)
ollama-1  | slot init_sampler: id  0 | task 4819 | init sampler, took 0.11 ms, tokens: text = 450, total = 450
ollama-1  | slot print_timing: id  0 | task 4819 | prompt eval time =    1622.96 ms /   121 tokens (   13.41 ms per token,    74.56 tokens per second)
ollama-1  | slot print_timing: id  0 | task 4819 |        eval time =     600.19 ms /     8 tokens (   85.74 ms per token,    11.66 tokens per second)
ollama-1  | slot print_timing: id  0 | task 4819 |       total time =    2223.15 ms /   129 tokens
ollama-1  | slot print_timing: id  0 | task 4819 |    graphs reused =       3333
ollama-1  | slot      release: id  0 | task 4819 | stop processing: n_tokens = 457, truncated = 0
ollama-1  | srv  update_slots: all slots are idle
ollama-1  | [GIN] 2026/10/07 - 10:10:58 | 200 |  2.231981944s |      172.18.0.4 | POST     "/api/generate"
ollama-1  | srv  server_strea: conv_id= (empty=1)
ollama-1  | slot get_availabl: id  0 | task -1 |  - checking sim = 0.872 (328/376) > 0.100
ollama-1  | slot get_availabl: id  0 | task -1 | selected slot by LCP similarity, f_sim_best = 0.872 (> 0.100 thold), f_keep = 0.718
ollama-1  | slot launch_slot_: id  0 | task -1 | sampler chain: logits -> ?penalties -> ?dry -> ?top-n-sigma -> top-k -> ?typical -> top-p -> ?min-p -> ?xtc -> temp-ext -> dist 
ollama-1  | slot launch_slot_: id  0 | task -1 | sampler params: 
ollama-1  | 	repeat_last_n = 64, repeat_penalty = 1.000, frequency_penalty = 0.000, presence_penalty = 0.000
ollama-1  | 	dry_multiplier = 0.000, dry_base = 1.750, dry_allowed_length = 2, dry_penalty_last_n = 64
ollama-1  | 	top_k = 40, top_p = 0.900, min_p = 0.000, xtc_probability = 0.000, xtc_threshold = 0.100, typical_p = 1.000, top_n_sigma = -1.000, temp = 0.000
ollama-1  | 	mirostat = 0, mirostat_lr = 0.100, mirostat_ent = 5.000, adaptive_target = -1.000, adaptive_decay = 0.900
ollama-1  | slot launch_slot_: id  0 | task 4828 | processing task, is_child = 0
ollama-1  | slot   operator(): id  0 | task 4828 | new prompt, n_ctx_slot = 4096, n_keep = 4, task.n_tokens = 376
ollama-1  | slot   operator(): id  0 | task 4828 | cached n_tokens = 328, memory_seq_rm [328, end)
ollama-1  | slot init_sampler: id  0 | task 4828 | init sampler, took 0.07 ms, tokens: text = 376, total = 376
ollama-1  | slot print_timing: id  0 | task 4828 | prompt eval time =     670.80 ms /    48 tokens (   13.98 ms per token,    71.56 tokens per second)
ollama-1  | slot print_timing: id  0 | task 4828 |        eval time =     761.11 ms /     8 tokens (  108.73 ms per token,     9.20 tokens per second)
ollama-1  | slot print_timing: id  0 | task 4828 |       total time =    1431.91 ms /    56 tokens
ollama-1  | slot print_timing: id  0 | task 4828 |    graphs reused =       3339
ollama-1  | slot      release: id  0 | task 4828 | stop processing: n_tokens = 383, truncated = 0
ollama-1  | srv  update_slots: all slots are idle
ollama-1  | [GIN] 2026/10/07 - 10:10:59 | 200 |  1.442314374s |      172.18.0.4 | POST     "/api/generate"
ollama-1  | srv  server_strea: conv_id= (empty=1)
ollama-1  | slot get_availabl: id  0 | task -1 |  - checking sim = 0.768 (328/427) > 0.100
ollama-1  | slot get_availabl: id  0 | task -1 | selected slot by LCP similarity, f_sim_best = 0.768 (> 0.100 thold), f_keep = 0.856
ollama-1  | slot launch_slot_: id  0 | task -1 | sampler chain: logits -> ?penalties -> ?dry -> ?top-n-sigma -> top-k -> ?typical -> top-p -> ?min-p -> ?xtc -> temp-ext -> dist 
ollama-1  | slot launch_slot_: id  0 | task -1 | sampler params: 
ollama-1  | 	repeat_last_n = 64, repeat_penalty = 1.000, frequency_penalty = 0.000, presence_penalty = 0.000
ollama-1  | 	dry_multiplier = 0.000, dry_base = 1.750, dry_allowed_length = 2, dry_penalty_last_n = 64
ollama-1  | 	top_k = 40, top_p = 0.900, min_p = 0.000, xtc_probability = 0.000, xtc_threshold = 0.100, typical_p = 1.000, top_n_sigma = -1.000, temp = 0.000
ollama-1  | 	mirostat = 0, mirostat_lr = 0.100, mirostat_ent = 5.000, adaptive_target = -1.000, adaptive_decay = 0.900
ollama-1  | slot launch_slot_: id  0 | task 4837 | processing task, is_child = 0
ollama-1  | slot   operator(): id  0 | task 4837 | new prompt, n_ctx_slot = 4096, n_keep = 4, task.n_tokens = 427
ollama-1  | slot   operator(): id  0 | task 4837 | cached n_tokens = 328, memory_seq_rm [328, end)
ollama-1  | slot init_sampler: id  0 | task 4837 | init sampler, took 0.08 ms, tokens: text = 427, total = 427
ollama-1  | slot print_timing: id  0 | task 4837 | prompt eval time =    1320.54 ms /    99 tokens (   13.34 ms per token,    74.97 tokens per second)
ollama-1  | slot print_timing: id  0 | task 4837 |        eval time =     622.41 ms /     9 tokens (   77.80 ms per token,    12.85 tokens per second)
ollama-1  | slot print_timing: id  0 | task 4837 |       total time =    1942.96 ms /   108 tokens
ollama-1  | slot print_timing: id  0 | task 4837 |    graphs reused =       3346
ollama-1  | slot      release: id  0 | task 4837 | stop processing: n_tokens = 435, truncated = 0
ollama-1  | srv  update_slots: all slots are idle
ollama-1  | [GIN] 2026/10/07 - 10:11:01 | 200 |  1.952374523s |      172.18.0.4 | POST     "/api/generate"
ollama-1  | srv  server_strea: conv_id= (empty=1)
ollama-1  | slot get_availabl: id  0 | task -1 |  - checking sim = 0.783 (329/420) > 0.100
ollama-1  | slot get_availabl: id  0 | task -1 | selected slot by LCP similarity, f_sim_best = 0.783 (> 0.100 thold), f_keep = 0.756
ollama-1  | slot launch_slot_: id  0 | task -1 | sampler chain: logits -> ?penalties -> ?dry -> ?top-n-sigma -> top-k -> ?typical -> top-p -> ?min-p -> ?xtc -> temp-ext -> dist 
ollama-1  | slot launch_slot_: id  0 | task -1 | sampler params: 
ollama-1  | 	repeat_last_n = 64, repeat_penalty = 1.000, frequency_penalty = 0.000, presence_penalty = 0.000
ollama-1  | 	dry_multiplier = 0.000, dry_base = 1.750, dry_allowed_length = 2, dry_penalty_last_n = 64
ollama-1  | 	top_k = 40, top_p = 0.900, min_p = 0.000, xtc_probability = 0.000, xtc_threshold = 0.100, typical_p = 1.000, top_n_sigma = -1.000, temp = 0.000
ollama-1  | 	mirostat = 0, mirostat_lr = 0.100, mirostat_ent = 5.000, adaptive_target = -1.000, adaptive_decay = 0.900
ollama-1  | slot launch_slot_: id  0 | task 4847 | processing task, is_child = 0
ollama-1  | slot   operator(): id  0 | task 4847 | new prompt, n_ctx_slot = 4096, n_keep = 4, task.n_tokens = 420
ollama-1  | slot   operator(): id  0 | task 4847 | cached n_tokens = 329, memory_seq_rm [329, end)
ollama-1  | slot init_sampler: id  0 | task 4847 | init sampler, took 0.06 ms, tokens: text = 420, total = 420
ollama-1  | slot print_timing: id  0 | task 4847 | prompt eval time =    1173.64 ms /    91 tokens (   12.90 ms per token,    77.54 tokens per second)
ollama-1  | slot print_timing: id  0 | task 4847 |        eval time =     549.29 ms /     9 tokens (   68.66 ms per token,    14.56 tokens per second)
ollama-1  | slot print_timing: id  0 | task 4847 |       total time =    1722.94 ms /   100 tokens
ollama-1  | slot print_timing: id  0 | task 4847 |    graphs reused =       3353
ollama-1  | slot      release: id  0 | task 4847 | stop processing: n_tokens = 428, truncated = 0
ollama-1  | srv  update_slots: all slots are idle
ollama-1  | [GIN] 2026/10/07 - 10:11:03 | 200 |  1.733524891s |      172.18.0.4 | POST     "/api/generate"
ollama-1  | srv  server_strea: conv_id= (empty=1)
ollama-1  | slot get_availabl: id  0 | task -1 |  - checking sim = 0.676 (329/487) > 0.100
ollama-1  | slot get_availabl: id  0 | task -1 | selected slot by LCP similarity, f_sim_best = 0.676 (> 0.100 thold), f_keep = 0.769
ollama-1  | slot launch_slot_: id  0 | task -1 | sampler chain: logits -> ?penalties -> ?dry -> ?top-n-sigma -> top-k -> ?typical -> top-p -> ?min-p -> ?xtc -> temp-ext -> dist 
ollama-1  | slot launch_slot_: id  0 | task -1 | sampler params: 
ollama-1  | 	repeat_last_n = 64, repeat_penalty = 1.000, frequency_penalty = 0.000, presence_penalty = 0.000
ollama-1  | 	dry_multiplier = 0.000, dry_base = 1.750, dry_allowed_length = 2, dry_penalty_last_n = 64
ollama-1  | 	top_k = 40, top_p = 0.900, min_p = 0.000, xtc_probability = 0.000, xtc_threshold = 0.100, typical_p = 1.000, top_n_sigma = -1.000, temp = 0.000
ollama-1  | 	mirostat = 0, mirostat_lr = 0.100, mirostat_ent = 5.000, adaptive_target = -1.000, adaptive_decay = 0.900
ollama-1  | slot launch_slot_: id  0 | task 4857 | processing task, is_child = 0
ollama-1  | slot   operator(): id  0 | task 4857 | new prompt, n_ctx_slot = 4096, n_keep = 4, task.n_tokens = 487
ollama-1  | slot   operator(): id  0 | task 4857 | cached n_tokens = 329, memory_seq_rm [329, end)
ollama-1  | slot init_sampler: id  0 | task 4857 | init sampler, took 0.08 ms, tokens: text = 487, total = 487
ollama-1  | [GIN] 2026/10/07 - 10:11:04 | 200 |      37.304µs |       127.0.0.1 | HEAD     "/"
ollama-1  | [GIN] 2026/10/07 - 10:11:04 | 200 |    2.834554ms |       127.0.0.1 | GET      "/api/tags"
ollama-1  | slot print_timing: id  0 | task 4857 | prompt eval time =    2222.36 ms /   158 tokens (   14.07 ms per token,    71.10 tokens per second)
ollama-1  | slot print_timing: id  0 | task 4857 |        eval time =     471.89 ms /     8 tokens (   67.41 ms per token,    14.83 tokens per second)
ollama-1  | slot print_timing: id  0 | task 4857 |       total time =    2694.26 ms /   166 tokens
ollama-1  | slot print_timing: id  0 | task 4857 |    graphs reused =       3359
ollama-1  | slot      release: id  0 | task 4857 | stop processing: n_tokens = 494, truncated = 0
ollama-1  | srv  update_slots: all slots are idle
ollama-1  | [GIN] 2026/10/07 - 10:11:06 | 200 |  2.703054953s |      172.18.0.4 | POST     "/api/generate"
ollama-1  | srv  server_strea: conv_id= (empty=1)
ollama-1  | slot get_availabl: id  0 | task -1 |  - checking sim = 0.824 (328/398) > 0.100
ollama-1  | slot get_availabl: id  0 | task -1 | selected slot by LCP similarity, f_sim_best = 0.824 (> 0.100 thold), f_keep = 0.664
ollama-1  | slot launch_slot_: id  0 | task -1 | sampler chain: logits -> ?penalties -> ?dry -> ?top-n-sigma -> top-k -> ?typical -> top-p -> ?min-p -> ?xtc -> temp-ext -> dist 
ollama-1  | slot launch_slot_: id  0 | task -1 | sampler params: 
ollama-1  | 	repeat_last_n = 64, repeat_penalty = 1.000, frequency_penalty = 0.000, presence_penalty = 0.000
ollama-1  | 	dry_multiplier = 0.000, dry_base = 1.750, dry_allowed_length = 2, dry_penalty_last_n = 64
ollama-1  | 	top_k = 40, top_p = 0.900, min_p = 0.000, xtc_probability = 0.000, xtc_threshold = 0.100, typical_p = 1.000, top_n_sigma = -1.000, temp = 0.000
ollama-1  | 	mirostat = 0, mirostat_lr = 0.100, mirostat_ent = 5.000, adaptive_target = -1.000, adaptive_decay = 0.900
ollama-1  | slot launch_slot_: id  0 | task 4866 | processing task, is_child = 0
ollama-1  | slot   operator(): id  0 | task 4866 | new prompt, n_ctx_slot = 4096, n_keep = 4, task.n_tokens = 398
ollama-1  | slot   operator(): id  0 | task 4866 | cached n_tokens = 328, memory_seq_rm [328, end)
ollama-1  | slot init_sampler: id  0 | task 4866 | init sampler, took 0.06 ms, tokens: text = 398, total = 398
ollama-1  | slot print_timing: id  0 | task 4866 | prompt eval time =    1019.56 ms /    70 tokens (   14.57 ms per token,    68.66 tokens per second)
ollama-1  | slot print_timing: id  0 | task 4866 |        eval time =     717.78 ms /     8 tokens (  102.54 ms per token,     9.75 tokens per second)
ollama-1  | slot print_timing: id  0 | task 4866 |       total time =    1737.33 ms /    78 tokens
ollama-1  | slot print_timing: id  0 | task 4866 |    graphs reused =       3365
ollama-1  | slot      release: id  0 | task 4866 | stop processing: n_tokens = 405, truncated = 0
ollama-1  | srv  update_slots: all slots are idle
ollama-1  | [GIN] 2026/10/07 - 10:11:08 | 200 |  1.745646224s |      172.18.0.4 | POST     "/api/generate"
ollama-1  | srv  server_strea: conv_id= (empty=1)
ollama-1  | slot get_availabl: id  0 | task -1 |  - checking sim = 0.451 (328/727) > 0.100
ollama-1  | slot get_availabl: id  0 | task -1 | selected slot by LCP similarity, f_sim_best = 0.451 (> 0.100 thold), f_keep = 0.810
ollama-1  | slot launch_slot_: id  0 | task -1 | sampler chain: logits -> ?penalties -> ?dry -> ?top-n-sigma -> top-k -> ?typical -> top-p -> ?min-p -> ?xtc -> temp-ext -> dist 
ollama-1  | slot launch_slot_: id  0 | task -1 | sampler params: 
ollama-1  | 	repeat_last_n = 64, repeat_penalty = 1.000, frequency_penalty = 0.000, presence_penalty = 0.000
ollama-1  | 	dry_multiplier = 0.000, dry_base = 1.750, dry_allowed_length = 2, dry_penalty_last_n = 64
ollama-1  | 	top_k = 40, top_p = 0.900, min_p = 0.000, xtc_probability = 0.000, xtc_threshold = 0.100, typical_p = 1.000, top_n_sigma = -1.000, temp = 0.000
ollama-1  | 	mirostat = 0, mirostat_lr = 0.100, mirostat_ent = 5.000, adaptive_target = -1.000, adaptive_decay = 0.900
ollama-1  | slot launch_slot_: id  0 | task 4875 | processing task, is_child = 0
ollama-1  | slot   operator(): id  0 | task 4875 | new prompt, n_ctx_slot = 4096, n_keep = 4, task.n_tokens = 727
ollama-1  | slot   operator(): id  0 | task 4875 | cached n_tokens = 328, memory_seq_rm [328, end)
ollama-1  | slot init_sampler: id  0 | task 4875 | init sampler, took 0.13 ms, tokens: text = 727, total = 727
ollama-1  | slot print_timing: id  0 | task 4875 | prompt eval time =    4767.85 ms /   399 tokens (   11.95 ms per token,    83.69 tokens per second)
ollama-1  | slot print_timing: id  0 | task 4875 |        eval time =     610.15 ms /    10 tokens (   67.79 ms per token,    14.75 tokens per second)
ollama-1  | slot print_timing: id  0 | task 4875 |       total time =    5378.00 ms /   409 tokens
ollama-1  | slot print_timing: id  0 | task 4875 |    graphs reused =       3373
ollama-1  | slot      release: id  0 | task 4875 | stop processing: n_tokens = 736, truncated = 0
ollama-1  | srv  update_slots: all slots are idle
ollama-1  | [GIN] 2026/10/07 - 10:11:13 | 200 |  5.390295218s |      172.18.0.4 | POST     "/api/generate"
ollama-1  | srv  server_strea: conv_id= (empty=1)
ollama-1  | slot get_availabl: id  0 | task -1 |  - checking sim = 0.435 (328/754) > 0.100
ollama-1  | slot get_availabl: id  0 | task -1 | selected slot by LCP similarity, f_sim_best = 0.435 (> 0.100 thold), f_keep = 0.446
ollama-1  | srv  get_availabl: updating prompt cache
ollama-1  | srv   prompt_save:  - saving prompt with length 736, total state size = 23.009 MiB (draft: 0.000 MiB)
ollama-1  | srv         alloc:  - prompt is already in the cache, skipping
ollama-1  | srv          load:  - looking for better prompt, base f_keep = 0.446, f_sim = 0.435
ollama-1  | srv          load:    - prompt with length     694, lcp =     328, f_keep = 0.473, f_sim = 0.435
ollama-1  | srv          load:    - prompt with length     710, lcp =     328, f_keep = 0.462, f_sim = 0.435
ollama-1  | srv          load:    - prompt with length     785, lcp =     329, f_keep = 0.419, f_sim = 0.436
ollama-1  | srv          load:    - prompt with length     691, lcp =     328, f_keep = 0.475, f_sim = 0.435
ollama-1  | srv          load:    - prompt with length     702, lcp =     328, f_keep = 0.467, f_sim = 0.435
ollama-1  | srv          load:    - prompt with length     702, lcp =     328, f_keep = 0.467, f_sim = 0.435
ollama-1  | srv          load:    - prompt with length     668, lcp =     328, f_keep = 0.491, f_sim = 0.435
ollama-1  | srv          load:    - prompt with length     723, lcp =     328, f_keep = 0.454, f_sim = 0.435
ollama-1  | srv          load:    - prompt with length     787, lcp =     328, f_keep = 0.417, f_sim = 0.435
ollama-1  | srv          load:    - prompt with length     658, lcp =     328, f_keep = 0.498, f_sim = 0.435
ollama-1  | srv          load:    - prompt with length     757, lcp =     328, f_keep = 0.433, f_sim = 0.435
ollama-1  | srv          load:    - prompt with length     679, lcp =     328, f_keep = 0.483, f_sim = 0.435
ollama-1  | srv          load:    - prompt with length     795, lcp =     328, f_keep = 0.413, f_sim = 0.435
ollama-1  | srv          load:    - prompt with length     736, lcp =     328, f_keep = 0.446, f_sim = 0.435
ollama-1  | srv          load:    - prompt with length     762, lcp =     754, f_keep = 0.990, f_sim = 1.000
ollama-1  | srv          load:    - prompt with length     712, lcp =     328, f_keep = 0.461, f_sim = 0.435
ollama-1  | srv          load:    - prompt with length     697, lcp =     328, f_keep = 0.471, f_sim = 0.435
ollama-1  | srv          load:    - prompt with length     776, lcp =     328, f_keep = 0.423, f_sim = 0.435
ollama-1  | srv          load:    - prompt with length     693, lcp =     328, f_keep = 0.473, f_sim = 0.435
ollama-1  | srv          load:    - prompt with length     677, lcp =     328, f_keep = 0.484, f_sim = 0.435
ollama-1  | srv          load:    - prompt with length     689, lcp =     328, f_keep = 0.476, f_sim = 0.435
ollama-1  | srv          load:    - prompt with length     674, lcp =     328, f_keep = 0.487, f_sim = 0.435
ollama-1  | srv          load:    - prompt with length     657, lcp =     328, f_keep = 0.499, f_sim = 0.435
ollama-1  | srv          load:    - prompt with length     737, lcp =     328, f_keep = 0.445, f_sim = 0.435
ollama-1  | srv          load:  - found better prompt with f_keep = 0.990, f_sim = 1.000
ollama-1  | srv        update:  - cache state: 23 prompts, 512.665 MiB (limits: 8192.000 MiB, 4096 tokens, 262043 est)
ollama-1  | srv        update:    - prompt 0x2eeca960:     694 tokens, checkpoints:  0,    21.696 MiB
ollama-1  | srv        update:    - prompt 0x2e281e30:     710 tokens, checkpoints:  0,    22.196 MiB
ollama-1  | srv        update:    - prompt 0x2e282b20:     785 tokens, checkpoints:  0,    24.541 MiB
ollama-1  | srv        update:    - prompt 0x30ad8180:     691 tokens, checkpoints:  0,    21.602 MiB
ollama-1  | srv        update:    - prompt 0x2c5e6580:     702 tokens, checkpoints:  0,    21.946 MiB
ollama-1  | srv        update:    - prompt 0x30c0b130:     702 tokens, checkpoints:  0,    21.946 MiB
ollama-1  | srv        update:    - prompt 0x2c53b6f0:     668 tokens, checkpoints:  0,    20.883 MiB
ollama-1  | srv        update:    - prompt 0x2e2885c0:     723 tokens, checkpoints:  0,    22.602 MiB
ollama-1  | srv        update:    - prompt 0x2deaf160:     787 tokens, checkpoints:  0,    24.603 MiB
ollama-1  | srv        update:    - prompt 0x2c60efe0:     658 tokens, checkpoints:  0,    20.570 MiB
ollama-1  | srv        update:    - prompt 0x2c5d0c60:     757 tokens, checkpoints:  0,    23.665 MiB
ollama-1  | srv        update:    - prompt 0x2c5acbf0:     679 tokens, checkpoints:  0,    21.227 MiB
ollama-1  | srv        update:    - prompt 0x30b99130:     795 tokens, checkpoints:  0,    24.853 MiB
ollama-1  | srv        update:    - prompt 0x2de98930:     736 tokens, checkpoints:  0,    23.009 MiB
ollama-1  | srv        update:    - prompt 0x309ddc70:     712 tokens, checkpoints:  0,    22.259 MiB
ollama-1  | srv        update:    - prompt 0x30b99080:     697 tokens, checkpoints:  0,    21.790 MiB
ollama-1  | srv        update:    - prompt 0x2e280050:     776 tokens, checkpoints:  0,    24.259 MiB
ollama-1  | srv        update:    - prompt 0x30aa79f0:     693 tokens, checkpoints:  0,    21.665 MiB
ollama-1  | srv        update:    - prompt 0x30babb80:     677 tokens, checkpoints:  0,    21.164 MiB
ollama-1  | srv        update:    - prompt 0x309ddbc0:     689 tokens, checkpoints:  0,    21.540 MiB
ollama-1  | srv        update:    - prompt 0x30a513f0:     674 tokens, checkpoints:  0,    21.071 MiB
ollama-1  | srv        update:    - prompt 0x30a74410:     657 tokens, checkpoints:  0,    20.539 MiB
ollama-1  | srv        update:    - prompt 0x30a9fa10:     737 tokens, checkpoints:  0,    23.040 MiB
ollama-1  | srv  get_availabl: prompt cache update took 22.44 ms
ollama-1  | slot launch_slot_: id  0 | task -1 | sampler chain: logits -> ?penalties -> ?dry -> ?top-n-sigma -> top-k -> ?typical -> top-p -> ?min-p -> ?xtc -> temp-ext -> dist 
ollama-1  | slot launch_slot_: id  0 | task -1 | sampler params: 
ollama-1  | 	repeat_last_n = 64, repeat_penalty = 1.000, frequency_penalty = 0.000, presence_penalty = 0.000
ollama-1  | 	dry_multiplier = 0.000, dry_base = 1.750, dry_allowed_length = 2, dry_penalty_last_n = 64
ollama-1  | 	top_k = 40, top_p = 0.900, min_p = 0.000, xtc_probability = 0.000, xtc_threshold = 0.100, typical_p = 1.000, top_n_sigma = -1.000, temp = 0.000
ollama-1  | 	mirostat = 0, mirostat_lr = 0.100, mirostat_ent = 5.000, adaptive_target = -1.000, adaptive_decay = 0.900
ollama-1  | slot launch_slot_: id  0 | task 4886 | processing task, is_child = 0
ollama-1  | slot   operator(): id  0 | task 4886 | new prompt, n_ctx_slot = 4096, n_keep = 4, task.n_tokens = 754
ollama-1  | slot   operator(): id  0 | task 4886 | need to evaluate at least 1 token for each active slot (n_past = 754, task.n_tokens() = 754)
ollama-1  | slot   operator(): id  0 | task 4886 | n_past was set to 753
ollama-1  | slot   operator(): id  0 | task 4886 | cached n_tokens = 753, memory_seq_rm [753, end)
ollama-1  | slot init_sampler: id  0 | task 4886 | init sampler, took 0.12 ms, tokens: text = 754, total = 754
ollama-1  | [GIN] 2026/10/07 - 10:11:14 | 200 |      34.326µs |       127.0.0.1 | HEAD     "/"
ollama-1  | [GIN] 2026/10/07 - 10:11:14 | 200 |    3.393894ms |       127.0.0.1 | GET      "/api/tags"
ollama-1  | slot print_timing: id  0 | task 4886 | prompt eval time =      79.43 ms /     1 tokens (   79.43 ms per token,    12.59 tokens per second)
ollama-1  | slot print_timing: id  0 | task 4886 |        eval time =     734.57 ms /     9 tokens (   91.82 ms per token,    10.89 tokens per second)
ollama-1  | slot print_timing: id  0 | task 4886 |       total time =     814.01 ms /    10 tokens
ollama-1  | slot print_timing: id  0 | task 4886 |    graphs reused =       3382
ollama-1  | slot      release: id  0 | task 4886 | stop processing: n_tokens = 762, truncated = 0
ollama-1  | srv  update_slots: all slots are idle
ollama-1  | [GIN] 2026/10/07 - 10:11:14 | 200 |  846.786671ms |      172.18.0.4 | POST     "/api/generate"
ollama-1  | srv  server_strea: conv_id= (empty=1)
ollama-1  | slot get_availabl: id  0 | task -1 |  - checking sim = 0.631 (328/520) > 0.100
ollama-1  | slot get_availabl: id  0 | task -1 | selected slot by LCP similarity, f_sim_best = 0.631 (> 0.100 thold), f_keep = 0.430
ollama-1  | srv  get_availabl: updating prompt cache
ollama-1  | srv   prompt_save:  - saving prompt with length 762, total state size = 23.822 MiB (draft: 0.000 MiB)
ollama-1  | srv          load:  - looking for better prompt, base f_keep = 0.430, f_sim = 0.631
ollama-1  | srv          load:    - prompt with length     694, lcp =     328, f_keep = 0.473, f_sim = 0.631
ollama-1  | srv          load:    - prompt with length     710, lcp =     328, f_keep = 0.462, f_sim = 0.631
ollama-1  | srv          load:    - prompt with length     785, lcp =     328, f_keep = 0.418, f_sim = 0.631
ollama-1  | srv          load:    - prompt with length     691, lcp =     328, f_keep = 0.475, f_sim = 0.631
ollama-1  | srv          load:    - prompt with length     702, lcp =     328, f_keep = 0.467, f_sim = 0.631
ollama-1  | srv          load:    - prompt with length     702, lcp =     328, f_keep = 0.467, f_sim = 0.631
ollama-1  | srv          load:    - prompt with length     668, lcp =     328, f_keep = 0.491, f_sim = 0.631
ollama-1  | srv          load:    - prompt with length     723, lcp =     328, f_keep = 0.454, f_sim = 0.631
ollama-1  | srv          load:    - prompt with length     787, lcp =     328, f_keep = 0.417, f_sim = 0.631
ollama-1  | srv          load:    - prompt with length     658, lcp =     328, f_keep = 0.498, f_sim = 0.631
ollama-1  | srv          load:    - prompt with length     757, lcp =     328, f_keep = 0.433, f_sim = 0.631
ollama-1  | srv          load:    - prompt with length     679, lcp =     328, f_keep = 0.483, f_sim = 0.631
ollama-1  | srv          load:    - prompt with length     795, lcp =     328, f_keep = 0.413, f_sim = 0.631
ollama-1  | srv          load:    - prompt with length     736, lcp =     328, f_keep = 0.446, f_sim = 0.631
ollama-1  | srv          load:    - prompt with length     712, lcp =     332, f_keep = 0.466, f_sim = 0.638
ollama-1  | srv          load:    - prompt with length     697, lcp =     328, f_keep = 0.471, f_sim = 0.631
ollama-1  | srv          load:    - prompt with length     776, lcp =     328, f_keep = 0.423, f_sim = 0.631
ollama-1  | srv          load:    - prompt with length     693, lcp =     328, f_keep = 0.473, f_sim = 0.631
ollama-1  | srv          load:    - prompt with length     677, lcp =     328, f_keep = 0.484, f_sim = 0.631
ollama-1  | srv          load:    - prompt with length     689, lcp =     328, f_keep = 0.476, f_sim = 0.631
ollama-1  | srv          load:    - prompt with length     674, lcp =     328, f_keep = 0.487, f_sim = 0.631
ollama-1  | srv          load:    - prompt with length     657, lcp =     328, f_keep = 0.499, f_sim = 0.631
ollama-1  | srv          load:    - prompt with length     737, lcp =     328, f_keep = 0.445, f_sim = 0.631
ollama-1  | srv          load:    - prompt with length     762, lcp =     328, f_keep = 0.430, f_sim = 0.631
ollama-1  | srv          load:  - found better prompt with f_keep = 0.466, f_sim = 0.638
ollama-1  | srv        update:  - cache state: 23 prompts, 514.228 MiB (limits: 8192.000 MiB, 4096 tokens, 262043 est)
ollama-1  | srv        update:    - prompt 0x2eeca960:     694 tokens, checkpoints:  0,    21.696 MiB
ollama-1  | srv        update:    - prompt 0x2e281e30:     710 tokens, checkpoints:  0,    22.196 MiB
ollama-1  | srv        update:    - prompt 0x2e282b20:     785 tokens, checkpoints:  0,    24.541 MiB
ollama-1  | srv        update:    - prompt 0x30ad8180:     691 tokens, checkpoints:  0,    21.602 MiB
ollama-1  | srv        update:    - prompt 0x2c5e6580:     702 tokens, checkpoints:  0,    21.946 MiB
ollama-1  | srv        update:    - prompt 0x30c0b130:     702 tokens, checkpoints:  0,    21.946 MiB
ollama-1  | srv        update:    - prompt 0x2c53b6f0:     668 tokens, checkpoints:  0,    20.883 MiB
ollama-1  | srv        update:    - prompt 0x2e2885c0:     723 tokens, checkpoints:  0,    22.602 MiB
ollama-1  | srv        update:    - prompt 0x2deaf160:     787 tokens, checkpoints:  0,    24.603 MiB
ollama-1  | srv        update:    - prompt 0x2c60efe0:     658 tokens, checkpoints:  0,    20.570 MiB
ollama-1  | srv        update:    - prompt 0x2c5d0c60:     757 tokens, checkpoints:  0,    23.665 MiB
ollama-1  | srv        update:    - prompt 0x2c5acbf0:     679 tokens, checkpoints:  0,    21.227 MiB
ollama-1  | srv        update:    - prompt 0x30b99130:     795 tokens, checkpoints:  0,    24.853 MiB
ollama-1  | srv        update:    - prompt 0x2de98930:     736 tokens, checkpoints:  0,    23.009 MiB
ollama-1  | srv        update:    - prompt 0x30b99080:     697 tokens, checkpoints:  0,    21.790 MiB
ollama-1  | srv        update:    - prompt 0x2e280050:     776 tokens, checkpoints:  0,    24.259 MiB
ollama-1  | srv        update:    - prompt 0x30aa79f0:     693 tokens, checkpoints:  0,    21.665 MiB
ollama-1  | srv        update:    - prompt 0x30babb80:     677 tokens, checkpoints:  0,    21.164 MiB
ollama-1  | srv        update:    - prompt 0x309ddbc0:     689 tokens, checkpoints:  0,    21.540 MiB
ollama-1  | srv        update:    - prompt 0x30a513f0:     674 tokens, checkpoints:  0,    21.071 MiB
ollama-1  | srv        update:    - prompt 0x30a74410:     657 tokens, checkpoints:  0,    20.539 MiB
ollama-1  | srv        update:    - prompt 0x30a9fa10:     737 tokens, checkpoints:  0,    23.040 MiB
ollama-1  | srv        update:    - prompt 0x30b86c70:     762 tokens, checkpoints:  0,    23.822 MiB
ollama-1  | srv  get_availabl: prompt cache update took 14.28 ms
ollama-1  | slot launch_slot_: id  0 | task -1 | sampler chain: logits -> ?penalties -> ?dry -> ?top-n-sigma -> top-k -> ?typical -> top-p -> ?min-p -> ?xtc -> temp-ext -> dist 
ollama-1  | slot launch_slot_: id  0 | task -1 | sampler params: 
ollama-1  | 	repeat_last_n = 64, repeat_penalty = 1.000, frequency_penalty = 0.000, presence_penalty = 0.000
ollama-1  | 	dry_multiplier = 0.000, dry_base = 1.750, dry_allowed_length = 2, dry_penalty_last_n = 64
ollama-1  | 	top_k = 40, top_p = 0.900, min_p = 0.000, xtc_probability = 0.000, xtc_threshold = 0.100, typical_p = 1.000, top_n_sigma = -1.000, temp = 0.000
ollama-1  | 	mirostat = 0, mirostat_lr = 0.100, mirostat_ent = 5.000, adaptive_target = -1.000, adaptive_decay = 0.900
ollama-1  | slot launch_slot_: id  0 | task 4896 | processing task, is_child = 0
ollama-1  | slot   operator(): id  0 | task 4896 | new prompt, n_ctx_slot = 4096, n_keep = 4, task.n_tokens = 520
ollama-1  | slot   operator(): id  0 | task 4896 | cached n_tokens = 332, memory_seq_rm [332, end)
ollama-1  | slot init_sampler: id  0 | task 4896 | init sampler, took 0.21 ms, tokens: text = 520, total = 520
ollama-1  | slot print_timing: id  0 | task 4896 | prompt eval time =    2508.41 ms /   188 tokens (   13.34 ms per token,    74.95 tokens per second)
ollama-1  | slot print_timing: id  0 | task 4896 |        eval time =     619.92 ms /     9 tokens (   77.49 ms per token,    12.90 tokens per second)
ollama-1  | slot print_timing: id  0 | task 4896 |       total time =    3128.33 ms /   197 tokens
ollama-1  | slot print_timing: id  0 | task 4896 |    graphs reused =       3389
ollama-1  | slot      release: id  0 | task 4896 | stop processing: n_tokens = 528, truncated = 0
ollama-1  | srv  update_slots: all slots are idle
ollama-1  | [GIN] 2026/10/07 - 10:11:17 | 200 |  3.153838419s |      172.18.0.4 | POST     "/api/generate"
ollama-1  | srv  server_strea: conv_id= (empty=1)
ollama-1  | slot get_availabl: id  0 | task -1 |  - checking sim = 0.539 (328/609) > 0.100
ollama-1  | slot get_availabl: id  0 | task -1 | selected slot by LCP similarity, f_sim_best = 0.539 (> 0.100 thold), f_keep = 0.621
ollama-1  | slot launch_slot_: id  0 | task -1 | sampler chain: logits -> ?penalties -> ?dry -> ?top-n-sigma -> top-k -> ?typical -> top-p -> ?min-p -> ?xtc -> temp-ext -> dist 
ollama-1  | slot launch_slot_: id  0 | task -1 | sampler params: 
ollama-1  | 	repeat_last_n = 64, repeat_penalty = 1.000, frequency_penalty = 0.000, presence_penalty = 0.000
ollama-1  | 	dry_multiplier = 0.000, dry_base = 1.750, dry_allowed_length = 2, dry_penalty_last_n = 64
ollama-1  | 	top_k = 40, top_p = 0.900, min_p = 0.000, xtc_probability = 0.000, xtc_threshold = 0.100, typical_p = 1.000, top_n_sigma = -1.000, temp = 0.000
ollama-1  | 	mirostat = 0, mirostat_lr = 0.100, mirostat_ent = 5.000, adaptive_target = -1.000, adaptive_decay = 0.900
ollama-1  | slot launch_slot_: id  0 | task 4906 | processing task, is_child = 0
ollama-1  | slot   operator(): id  0 | task 4906 | new prompt, n_ctx_slot = 4096, n_keep = 4, task.n_tokens = 609
ollama-1  | slot   operator(): id  0 | task 4906 | cached n_tokens = 328, memory_seq_rm [328, end)
ollama-1  | slot init_sampler: id  0 | task 4906 | init sampler, took 0.11 ms, tokens: text = 609, total = 609
ollama-1  | slot print_timing: id  0 | task 4906 | prompt eval time =    3009.86 ms /   281 tokens (   10.71 ms per token,    93.36 tokens per second)
ollama-1  | slot print_timing: id  0 | task 4906 |        eval time =     480.60 ms /     8 tokens (   68.66 ms per token,    14.57 tokens per second)
ollama-1  | slot print_timing: id  0 | task 4906 |       total time =    3490.47 ms /   289 tokens
ollama-1  | slot print_timing: id  0 | task 4906 |    graphs reused =       3395
ollama-1  | slot      release: id  0 | task 4906 | stop processing: n_tokens = 616, truncated = 0
ollama-1  | srv  update_slots: all slots are idle
ollama-1  | [GIN] 2026/10/07 - 10:11:21 | 200 |   3.49887651s |      172.18.0.4 | POST     "/api/generate"
ollama-1  | srv  server_strea: conv_id= (empty=1)
ollama-1  | slot get_availabl: id  0 | task -1 |  - checking sim = 0.535 (328/613) > 0.100
ollama-1  | slot get_availabl: id  0 | task -1 | selected slot by LCP similarity, f_sim_best = 0.535 (> 0.100 thold), f_keep = 0.532
ollama-1  | slot launch_slot_: id  0 | task -1 | sampler chain: logits -> ?penalties -> ?dry -> ?top-n-sigma -> top-k -> ?typical -> top-p -> ?min-p -> ?xtc -> temp-ext -> dist 
ollama-1  | slot launch_slot_: id  0 | task -1 | sampler params: 
ollama-1  | 	repeat_last_n = 64, repeat_penalty = 1.000, frequency_penalty = 0.000, presence_penalty = 0.000
ollama-1  | 	dry_multiplier = 0.000, dry_base = 1.750, dry_allowed_length = 2, dry_penalty_last_n = 64
ollama-1  | 	top_k = 40, top_p = 0.900, min_p = 0.000, xtc_probability = 0.000, xtc_threshold = 0.100, typical_p = 1.000, top_n_sigma = -1.000, temp = 0.000
ollama-1  | 	mirostat = 0, mirostat_lr = 0.100, mirostat_ent = 5.000, adaptive_target = -1.000, adaptive_decay = 0.900
ollama-1  | slot launch_slot_: id  0 | task 4915 | processing task, is_child = 0
ollama-1  | slot   operator(): id  0 | task 4915 | new prompt, n_ctx_slot = 4096, n_keep = 4, task.n_tokens = 613
ollama-1  | slot   operator(): id  0 | task 4915 | cached n_tokens = 328, memory_seq_rm [328, end)
ollama-1  | slot init_sampler: id  0 | task 4915 | init sampler, took 0.10 ms, tokens: text = 613, total = 613
ollama-1  | [GIN] 2026/10/07 - 10:11:24 | 200 |      41.312µs |       127.0.0.1 | HEAD     "/"
ollama-1  | [GIN] 2026/10/07 - 10:11:24 | 200 |    2.851177ms |       127.0.0.1 | GET      "/api/tags"
ollama-1  | slot print_timing: id  0 | task 4915 | prompt eval time =    3209.89 ms /   285 tokens (   11.26 ms per token,    88.79 tokens per second)
ollama-1  | slot print_timing: id  0 | task 4915 |        eval time =     728.13 ms /    10 tokens (   80.90 ms per token,    12.36 tokens per second)
ollama-1  | slot print_timing: id  0 | task 4915 |       total time =    3938.02 ms /   295 tokens
ollama-1  | slot print_timing: id  0 | task 4915 |    graphs reused =       3403
ollama-1  | slot      release: id  0 | task 4915 | stop processing: n_tokens = 622, truncated = 0
ollama-1  | srv  update_slots: all slots are idle
ollama-1  | [GIN] 2026/10/07 - 10:11:25 | 200 |  3.947618825s |      172.18.0.4 | POST     "/api/generate"
ollama-1  | srv  server_strea: conv_id= (empty=1)
ollama-1  | slot get_availabl: id  0 | task -1 |  - checking sim = 0.661 (328/496) > 0.100
ollama-1  | slot get_availabl: id  0 | task -1 | selected slot by LCP similarity, f_sim_best = 0.661 (> 0.100 thold), f_keep = 0.527
ollama-1  | slot launch_slot_: id  0 | task -1 | sampler chain: logits -> ?penalties -> ?dry -> ?top-n-sigma -> top-k -> ?typical -> top-p -> ?min-p -> ?xtc -> temp-ext -> dist 
ollama-1  | slot launch_slot_: id  0 | task -1 | sampler params: 
ollama-1  | 	repeat_last_n = 64, repeat_penalty = 1.000, frequency_penalty = 0.000, presence_penalty = 0.000
ollama-1  | 	dry_multiplier = 0.000, dry_base = 1.750, dry_allowed_length = 2, dry_penalty_last_n = 64
ollama-1  | 	top_k = 40, top_p = 0.900, min_p = 0.000, xtc_probability = 0.000, xtc_threshold = 0.100, typical_p = 1.000, top_n_sigma = -1.000, temp = 0.000
ollama-1  | 	mirostat = 0, mirostat_lr = 0.100, mirostat_ent = 5.000, adaptive_target = -1.000, adaptive_decay = 0.900
ollama-1  | slot launch_slot_: id  0 | task 4926 | processing task, is_child = 0
ollama-1  | slot   operator(): id  0 | task 4926 | new prompt, n_ctx_slot = 4096, n_keep = 4, task.n_tokens = 496
ollama-1  | slot   operator(): id  0 | task 4926 | cached n_tokens = 328, memory_seq_rm [328, end)
ollama-1  | slot init_sampler: id  0 | task 4926 | init sampler, took 0.09 ms, tokens: text = 496, total = 496
ollama-1  | slot print_timing: id  0 | task 4926 | prompt eval time =    2429.74 ms /   168 tokens (   14.46 ms per token,    69.14 tokens per second)
ollama-1  | slot print_timing: id  0 | task 4926 |        eval time =     596.86 ms /     8 tokens (   85.27 ms per token,    11.73 tokens per second)
ollama-1  | slot print_timing: id  0 | task 4926 |       total time =    3026.59 ms /   176 tokens
ollama-1  | slot print_timing: id  0 | task 4926 |    graphs reused =       3409
ollama-1  | slot      release: id  0 | task 4926 | stop processing: n_tokens = 503, truncated = 0
ollama-1  | srv  update_slots: all slots are idle
ollama-1  | [GIN] 2026/10/07 - 10:11:28 | 200 |  3.036896392s |      172.18.0.4 | POST     "/api/generate"
ollama-1  | srv  server_strea: conv_id= (empty=1)
ollama-1  | slot get_availabl: id  0 | task -1 |  - checking sim = 0.695 (328/472) > 0.100
ollama-1  | slot get_availabl: id  0 | task -1 | selected slot by LCP similarity, f_sim_best = 0.695 (> 0.100 thold), f_keep = 0.652
ollama-1  | slot launch_slot_: id  0 | task -1 | sampler chain: logits -> ?penalties -> ?dry -> ?top-n-sigma -> top-k -> ?typical -> top-p -> ?min-p -> ?xtc -> temp-ext -> dist 
ollama-1  | slot launch_slot_: id  0 | task -1 | sampler params: 
ollama-1  | 	repeat_last_n = 64, repeat_penalty = 1.000, frequency_penalty = 0.000, presence_penalty = 0.000
ollama-1  | 	dry_multiplier = 0.000, dry_base = 1.750, dry_allowed_length = 2, dry_penalty_last_n = 64
ollama-1  | 	top_k = 40, top_p = 0.900, min_p = 0.000, xtc_probability = 0.000, xtc_threshold = 0.100, typical_p = 1.000, top_n_sigma = -1.000, temp = 0.000
ollama-1  | 	mirostat = 0, mirostat_lr = 0.100, mirostat_ent = 5.000, adaptive_target = -1.000, adaptive_decay = 0.900
ollama-1  | slot launch_slot_: id  0 | task 4935 | processing task, is_child = 0
ollama-1  | slot   operator(): id  0 | task 4935 | new prompt, n_ctx_slot = 4096, n_keep = 4, task.n_tokens = 472
ollama-1  | slot   operator(): id  0 | task 4935 | cached n_tokens = 328, memory_seq_rm [328, end)
ollama-1  | slot init_sampler: id  0 | task 4935 | init sampler, took 0.08 ms, tokens: text = 472, total = 472
ollama-1  | slot print_timing: id  0 | task 4935 | prompt eval time =    3828.28 ms /   144 tokens (   26.59 ms per token,    37.61 tokens per second)
ollama-1  | slot print_timing: id  0 | task 4935 |        eval time =    1246.63 ms /     8 tokens (  178.09 ms per token,     5.62 tokens per second)
ollama-1  | slot print_timing: id  0 | task 4935 |       total time =    5074.91 ms /   152 tokens
ollama-1  | slot print_timing: id  0 | task 4935 |    graphs reused =       3415
ollama-1  | slot      release: id  0 | task 4935 | stop processing: n_tokens = 479, truncated = 0
ollama-1  | srv  update_slots: all slots are idle
ollama-1  | [GIN] 2026/10/07 - 10:11:33 | 200 |  5.087879945s |      172.18.0.4 | POST     "/api/generate"
ollama-1  | srv  server_strea: conv_id= (empty=1)
ollama-1  | slot get_availabl: id  0 | task -1 |  - checking sim = 0.768 (328/427) > 0.100
ollama-1  | slot get_availabl: id  0 | task -1 | selected slot by LCP similarity, f_sim_best = 0.768 (> 0.100 thold), f_keep = 0.685
ollama-1  | slot launch_slot_: id  0 | task -1 | sampler chain: logits -> ?penalties -> ?dry -> ?top-n-sigma -> top-k -> ?typical -> top-p -> ?min-p -> ?xtc -> temp-ext -> dist 
ollama-1  | slot launch_slot_: id  0 | task -1 | sampler params: 
ollama-1  | 	repeat_last_n = 64, repeat_penalty = 1.000, frequency_penalty = 0.000, presence_penalty = 0.000
ollama-1  | 	dry_multiplier = 0.000, dry_base = 1.750, dry_allowed_length = 2, dry_penalty_last_n = 64
ollama-1  | 	top_k = 40, top_p = 0.900, min_p = 0.000, xtc_probability = 0.000, xtc_threshold = 0.100, typical_p = 1.000, top_n_sigma = -1.000, temp = 0.000
ollama-1  | 	mirostat = 0, mirostat_lr = 0.100, mirostat_ent = 5.000, adaptive_target = -1.000, adaptive_decay = 0.900
ollama-1  | slot launch_slot_: id  0 | task 4944 | processing task, is_child = 0
ollama-1  | slot   operator(): id  0 | task 4944 | new prompt, n_ctx_slot = 4096, n_keep = 4, task.n_tokens = 427
ollama-1  | slot   operator(): id  0 | task 4944 | cached n_tokens = 328, memory_seq_rm [328, end)
ollama-1  | slot init_sampler: id  0 | task 4944 | init sampler, took 0.17 ms, tokens: text = 427, total = 427
ollama-1  | [GIN] 2026/10/07 - 10:11:34 | 200 |      99.773µs |       127.0.0.1 | HEAD     "/"
ollama-1  | [GIN] 2026/10/07 - 10:11:34 | 200 |     6.47918ms |       127.0.0.1 | GET      "/api/tags"
ollama-1  | slot print_timing: id  0 | task 4944 | prompt eval time =    2925.78 ms /    99 tokens (   29.55 ms per token,    33.84 tokens per second)
ollama-1  | slot print_timing: id  0 | task 4944 |        eval time =     902.93 ms /     8 tokens (  128.99 ms per token,     7.75 tokens per second)
ollama-1  | slot print_timing: id  0 | task 4944 |       total time =    3828.71 ms /   107 tokens
ollama-1  | slot print_timing: id  0 | task 4944 |    graphs reused =       3421
ollama-1  | slot      release: id  0 | task 4944 | stop processing: n_tokens = 434, truncated = 0
ollama-1  | srv  update_slots: all slots are idle
ollama-1  | [GIN] 2026/10/07 - 10:11:37 | 200 |   3.85327443s |      172.18.0.4 | POST     "/api/generate"
ollama-1  | srv  server_strea: conv_id= (empty=1)
ollama-1  | slot get_availabl: id  0 | task -1 |  - checking sim = 0.524 (329/628) > 0.100
ollama-1  | slot get_availabl: id  0 | task -1 | selected slot by LCP similarity, f_sim_best = 0.524 (> 0.100 thold), f_keep = 0.758
ollama-1  | slot launch_slot_: id  0 | task -1 | sampler chain: logits -> ?penalties -> ?dry -> ?top-n-sigma -> top-k -> ?typical -> top-p -> ?min-p -> ?xtc -> temp-ext -> dist 
ollama-1  | slot launch_slot_: id  0 | task -1 | sampler params: 
ollama-1  | 	repeat_last_n = 64, repeat_penalty = 1.000, frequency_penalty = 0.000, presence_penalty = 0.000
ollama-1  | 	dry_multiplier = 0.000, dry_base = 1.750, dry_allowed_length = 2, dry_penalty_last_n = 64
ollama-1  | 	top_k = 40, top_p = 0.900, min_p = 0.000, xtc_probability = 0.000, xtc_threshold = 0.100, typical_p = 1.000, top_n_sigma = -1.000, temp = 0.000
ollama-1  | 	mirostat = 0, mirostat_lr = 0.100, mirostat_ent = 5.000, adaptive_target = -1.000, adaptive_decay = 0.900
ollama-1  | slot launch_slot_: id  0 | task 4953 | processing task, is_child = 0
ollama-1  | slot   operator(): id  0 | task 4953 | new prompt, n_ctx_slot = 4096, n_keep = 4, task.n_tokens = 628
ollama-1  | slot   operator(): id  0 | task 4953 | cached n_tokens = 329, memory_seq_rm [329, end)
ollama-1  | slot init_sampler: id  0 | task 4953 | init sampler, took 0.25 ms, tokens: text = 628, total = 628
ollama-1  | slot print_timing: id  0 | task 4953 | prompt eval time =    6656.85 ms /   299 tokens (   22.26 ms per token,    44.92 tokens per second)
ollama-1  | slot print_timing: id  0 | task 4953 |        eval time =     666.41 ms /     8 tokens (   95.20 ms per token,    10.50 tokens per second)
ollama-1  | slot print_timing: id  0 | task 4953 |       total time =    7323.26 ms /   307 tokens
ollama-1  | slot print_timing: id  0 | task 4953 |    graphs reused =       3427
ollama-1  | slot      release: id  0 | task 4953 | stop processing: n_tokens = 635, truncated = 0
ollama-1  | srv  update_slots: all slots are idle
ollama-1  | [GIN] 2026/10/07 - 10:11:44 | 200 |  7.339098042s |      172.18.0.4 | POST     "/api/generate"
ollama-1  | [GIN] 2026/10/07 - 10:11:44 | 200 |      51.534µs |       127.0.0.1 | HEAD     "/"
ollama-1  | [GIN] 2026/10/07 - 10:11:44 | 200 |    4.746394ms |       127.0.0.1 | GET      "/api/tags"
ollama-1  | srv  server_strea: conv_id= (empty=1)
ollama-1  | slot get_availabl: id  0 | task -1 |  - checking sim = 0.624 (328/526) > 0.100
ollama-1  | slot get_availabl: id  0 | task -1 | selected slot by LCP similarity, f_sim_best = 0.624 (> 0.100 thold), f_keep = 0.517
ollama-1  | slot launch_slot_: id  0 | task -1 | sampler chain: logits -> ?penalties -> ?dry -> ?top-n-sigma -> top-k -> ?typical -> top-p -> ?min-p -> ?xtc -> temp-ext -> dist 
ollama-1  | slot launch_slot_: id  0 | task -1 | sampler params: 
ollama-1  | 	repeat_last_n = 64, repeat_penalty = 1.000, frequency_penalty = 0.000, presence_penalty = 0.000
ollama-1  | 	dry_multiplier = 0.000, dry_base = 1.750, dry_allowed_length = 2, dry_penalty_last_n = 64
ollama-1  | 	top_k = 40, top_p = 0.900, min_p = 0.000, xtc_probability = 0.000, xtc_threshold = 0.100, typical_p = 1.000, top_n_sigma = -1.000, temp = 0.000
ollama-1  | 	mirostat = 0, mirostat_lr = 0.100, mirostat_ent = 5.000, adaptive_target = -1.000, adaptive_decay = 0.900
ollama-1  | slot launch_slot_: id  0 | task 4962 | processing task, is_child = 0
ollama-1  | slot   operator(): id  0 | task 4962 | new prompt, n_ctx_slot = 4096, n_keep = 4, task.n_tokens = 526
ollama-1  | slot   operator(): id  0 | task 4962 | cached n_tokens = 328, memory_seq_rm [328, end)
ollama-1  | slot init_sampler: id  0 | task 4962 | init sampler, took 0.09 ms, tokens: text = 526, total = 526
ollama-1  | slot print_timing: id  0 | task 4962 | prompt eval time =    2774.34 ms /   198 tokens (   14.01 ms per token,    71.37 tokens per second)
ollama-1  | slot print_timing: id  0 | task 4962 |        eval time =     629.99 ms /     9 tokens (   78.75 ms per token,    12.70 tokens per second)
ollama-1  | slot print_timing: id  0 | task 4962 |       total time =    3404.33 ms /   207 tokens
ollama-1  | slot print_timing: id  0 | task 4962 |    graphs reused =       3434
ollama-1  | slot      release: id  0 | task 4962 | stop processing: n_tokens = 534, truncated = 0
ollama-1  | srv  update_slots: all slots are idle
ollama-1  | [GIN] 2026/10/07 - 10:11:48 | 200 |  3.417479954s |      172.18.0.4 | POST     "/api/generate"
ollama-1  | srv  server_strea: conv_id= (empty=1)
ollama-1  | slot get_availabl: id  0 | task -1 |  - checking sim = 0.417 (328/787) > 0.100
ollama-1  | slot get_availabl: id  0 | task -1 | selected slot by LCP similarity, f_sim_best = 0.417 (> 0.100 thold), f_keep = 0.614
ollama-1  | slot launch_slot_: id  0 | task -1 | sampler chain: logits -> ?penalties -> ?dry -> ?top-n-sigma -> top-k -> ?typical -> top-p -> ?min-p -> ?xtc -> temp-ext -> dist 
ollama-1  | slot launch_slot_: id  0 | task -1 | sampler params: 
ollama-1  | 	repeat_last_n = 64, repeat_penalty = 1.000, frequency_penalty = 0.000, presence_penalty = 0.000
ollama-1  | 	dry_multiplier = 0.000, dry_base = 1.750, dry_allowed_length = 2, dry_penalty_last_n = 64
ollama-1  | 	top_k = 40, top_p = 0.900, min_p = 0.000, xtc_probability = 0.000, xtc_threshold = 0.100, typical_p = 1.000, top_n_sigma = -1.000, temp = 0.000
ollama-1  | 	mirostat = 0, mirostat_lr = 0.100, mirostat_ent = 5.000, adaptive_target = -1.000, adaptive_decay = 0.900
ollama-1  | slot launch_slot_: id  0 | task 4972 | processing task, is_child = 0
ollama-1  | slot   operator(): id  0 | task 4972 | new prompt, n_ctx_slot = 4096, n_keep = 4, task.n_tokens = 787
ollama-1  | slot   operator(): id  0 | task 4972 | cached n_tokens = 328, memory_seq_rm [328, end)
ollama-1  | slot init_sampler: id  0 | task 4972 | init sampler, took 0.14 ms, tokens: text = 787, total = 787
ollama-1  | slot print_timing: id  0 | task 4972 | prompt eval time =    5403.72 ms /   459 tokens (   11.77 ms per token,    84.94 tokens per second)
ollama-1  | slot print_timing: id  0 | task 4972 |        eval time =     565.71 ms /     9 tokens (   70.71 ms per token,    14.14 tokens per second)
ollama-1  | slot print_timing: id  0 | task 4972 |       total time =    5969.43 ms /   468 tokens
ollama-1  | slot print_timing: id  0 | task 4972 |    graphs reused =       3441
ollama-1  | slot      release: id  0 | task 4972 | stop processing: n_tokens = 795, truncated = 0
ollama-1  | srv  update_slots: all slots are idle
ollama-1  | [GIN] 2026/10/07 - 10:11:54 | 200 |  5.981106233s |      172.18.0.4 | POST     "/api/generate"
ollama-1  | srv  server_strea: conv_id= (empty=1)
ollama-1  | slot get_availabl: id  0 | task -1 |  - checking sim = 0.812 (328/404) > 0.100
ollama-1  | slot get_availabl: id  0 | task -1 | selected slot by LCP similarity, f_sim_best = 0.812 (> 0.100 thold), f_keep = 0.413
ollama-1  | srv  get_availabl: updating prompt cache
ollama-1  | srv   prompt_save:  - saving prompt with length 795, total state size = 24.853 MiB (draft: 0.000 MiB)
ollama-1  | srv         alloc:  - prompt is already in the cache, skipping
ollama-1  | srv          load:  - looking for better prompt, base f_keep = 0.413, f_sim = 0.812
ollama-1  | srv          load:    - prompt with length     694, lcp =     328, f_keep = 0.473, f_sim = 0.812
ollama-1  | srv          load:    - prompt with length     710, lcp =     328, f_keep = 0.462, f_sim = 0.812
ollama-1  | srv          load:    - prompt with length     785, lcp =     328, f_keep = 0.418, f_sim = 0.812
ollama-1  | srv          load:    - prompt with length     691, lcp =     328, f_keep = 0.475, f_sim = 0.812
ollama-1  | srv          load:    - prompt with length     702, lcp =     328, f_keep = 0.467, f_sim = 0.812
ollama-1  | srv          load:    - prompt with length     702, lcp =     328, f_keep = 0.467, f_sim = 0.812
ollama-1  | srv          load:    - prompt with length     668, lcp =     328, f_keep = 0.491, f_sim = 0.812
ollama-1  | srv          load:    - prompt with length     723, lcp =     328, f_keep = 0.454, f_sim = 0.812
ollama-1  | srv          load:    - prompt with length     787, lcp =     328, f_keep = 0.417, f_sim = 0.812
ollama-1  | srv          load:    - prompt with length     658, lcp =     328, f_keep = 0.498, f_sim = 0.812
ollama-1  | srv          load:    - prompt with length     757, lcp =     328, f_keep = 0.433, f_sim = 0.812
ollama-1  | srv          load:    - prompt with length     679, lcp =     328, f_keep = 0.483, f_sim = 0.812
ollama-1  | srv          load:    - prompt with length     795, lcp =     328, f_keep = 0.413, f_sim = 0.812
ollama-1  | srv          load:    - prompt with length     736, lcp =     328, f_keep = 0.446, f_sim = 0.812
ollama-1  | srv          load:    - prompt with length     697, lcp =     328, f_keep = 0.471, f_sim = 0.812
ollama-1  | srv          load:    - prompt with length     776, lcp =     328, f_keep = 0.423, f_sim = 0.812
ollama-1  | srv          load:    - prompt with length     693, lcp =     328, f_keep = 0.473, f_sim = 0.812
ollama-1  | srv          load:    - prompt with length     677, lcp =     328, f_keep = 0.484, f_sim = 0.812
ollama-1  | srv          load:    - prompt with length     689, lcp =     328, f_keep = 0.476, f_sim = 0.812
ollama-1  | srv          load:    - prompt with length     674, lcp =     328, f_keep = 0.487, f_sim = 0.812
ollama-1  | srv          load:    - prompt with length     657, lcp =     328, f_keep = 0.499, f_sim = 0.812
ollama-1  | srv          load:    - prompt with length     737, lcp =     328, f_keep = 0.445, f_sim = 0.812
ollama-1  | srv          load:    - prompt with length     762, lcp =     328, f_keep = 0.430, f_sim = 0.812
ollama-1  | srv        update:  - cache state: 23 prompts, 514.228 MiB (limits: 8192.000 MiB, 4096 tokens, 262043 est)
ollama-1  | srv        update:    - prompt 0x2eeca960:     694 tokens, checkpoints:  0,    21.696 MiB
ollama-1  | srv        update:    - prompt 0x2e281e30:     710 tokens, checkpoints:  0,    22.196 MiB
ollama-1  | srv        update:    - prompt 0x2e282b20:     785 tokens, checkpoints:  0,    24.541 MiB
ollama-1  | srv        update:    - prompt 0x30ad8180:     691 tokens, checkpoints:  0,    21.602 MiB
ollama-1  | srv        update:    - prompt 0x2c5e6580:     702 tokens, checkpoints:  0,    21.946 MiB
ollama-1  | srv        update:    - prompt 0x30c0b130:     702 tokens, checkpoints:  0,    21.946 MiB
ollama-1  | srv        update:    - prompt 0x2c53b6f0:     668 tokens, checkpoints:  0,    20.883 MiB
ollama-1  | srv        update:    - prompt 0x2e2885c0:     723 tokens, checkpoints:  0,    22.602 MiB
ollama-1  | srv        update:    - prompt 0x2deaf160:     787 tokens, checkpoints:  0,    24.603 MiB
ollama-1  | srv        update:    - prompt 0x2c60efe0:     658 tokens, checkpoints:  0,    20.570 MiB
ollama-1  | srv        update:    - prompt 0x2c5d0c60:     757 tokens, checkpoints:  0,    23.665 MiB
ollama-1  | srv        update:    - prompt 0x2c5acbf0:     679 tokens, checkpoints:  0,    21.227 MiB
ollama-1  | srv        update:    - prompt 0x30b99130:     795 tokens, checkpoints:  0,    24.853 MiB
ollama-1  | srv        update:    - prompt 0x2de98930:     736 tokens, checkpoints:  0,    23.009 MiB
ollama-1  | srv        update:    - prompt 0x30b99080:     697 tokens, checkpoints:  0,    21.790 MiB
ollama-1  | srv        update:    - prompt 0x2e280050:     776 tokens, checkpoints:  0,    24.259 MiB
ollama-1  | srv        update:    - prompt 0x30aa79f0:     693 tokens, checkpoints:  0,    21.665 MiB
ollama-1  | srv        update:    - prompt 0x30babb80:     677 tokens, checkpoints:  0,    21.164 MiB
ollama-1  | srv        update:    - prompt 0x309ddbc0:     689 tokens, checkpoints:  0,    21.540 MiB
ollama-1  | srv        update:    - prompt 0x30a513f0:     674 tokens, checkpoints:  0,    21.071 MiB
ollama-1  | srv        update:    - prompt 0x30a74410:     657 tokens, checkpoints:  0,    20.539 MiB
ollama-1  | srv        update:    - prompt 0x30a9fa10:     737 tokens, checkpoints:  0,    23.040 MiB
ollama-1  | srv        update:    - prompt 0x30b86c70:     762 tokens, checkpoints:  0,    23.822 MiB
ollama-1  | srv  get_availabl: prompt cache update took 0.21 ms
ollama-1  | slot launch_slot_: id  0 | task -1 | sampler chain: logits -> ?penalties -> ?dry -> ?top-n-sigma -> top-k -> ?typical -> top-p -> ?min-p -> ?xtc -> temp-ext -> dist 
ollama-1  | slot launch_slot_: id  0 | task -1 | sampler params: 
ollama-1  | 	repeat_last_n = 64, repeat_penalty = 1.000, frequency_penalty = 0.000, presence_penalty = 0.000
ollama-1  | 	dry_multiplier = 0.000, dry_base = 1.750, dry_allowed_length = 2, dry_penalty_last_n = 64
ollama-1  | 	top_k = 40, top_p = 0.900, min_p = 0.000, xtc_probability = 0.000, xtc_threshold = 0.100, typical_p = 1.000, top_n_sigma = -1.000, temp = 0.000
ollama-1  | 	mirostat = 0, mirostat_lr = 0.100, mirostat_ent = 5.000, adaptive_target = -1.000, adaptive_decay = 0.900
ollama-1  | slot launch_slot_: id  0 | task 4982 | processing task, is_child = 0
ollama-1  | slot   operator(): id  0 | task 4982 | new prompt, n_ctx_slot = 4096, n_keep = 4, task.n_tokens = 404
ollama-1  | slot   operator(): id  0 | task 4982 | cached n_tokens = 328, memory_seq_rm [328, end)
ollama-1  | slot init_sampler: id  0 | task 4982 | init sampler, took 0.07 ms, tokens: text = 404, total = 404
ollama-1  | [GIN] 2026/10/07 - 10:11:54 | 200 |      25.187µs |       127.0.0.1 | HEAD     "/"
ollama-1  | [GIN] 2026/10/07 - 10:11:54 | 200 |    1.535185ms |       127.0.0.1 | GET      "/api/tags"
ollama-1  | slot print_timing: id  0 | task 4982 | prompt eval time =     880.62 ms /    76 tokens (   11.59 ms per token,    86.30 tokens per second)
ollama-1  | slot print_timing: id  0 | task 4982 |        eval time =     416.76 ms /     8 tokens (   59.54 ms per token,    16.80 tokens per second)
ollama-1  | slot print_timing: id  0 | task 4982 |       total time =    1297.38 ms /    84 tokens
ollama-1  | slot print_timing: id  0 | task 4982 |    graphs reused =       3447
ollama-1  | slot      release: id  0 | task 4982 | stop processing: n_tokens = 411, truncated = 0
ollama-1  | srv  update_slots: all slots are idle
ollama-1  | [GIN] 2026/10/07 - 10:11:55 | 200 |  1.306642153s |      172.18.0.4 | POST     "/api/generate"
ollama-1  | srv  server_strea: conv_id= (empty=1)
ollama-1  | slot get_availabl: id  0 | task -1 |  - checking sim = 0.452 (328/726) > 0.100
ollama-1  | slot get_availabl: id  0 | task -1 | selected slot by LCP similarity, f_sim_best = 0.452 (> 0.100 thold), f_keep = 0.798
ollama-1  | slot launch_slot_: id  0 | task -1 | sampler chain: logits -> ?penalties -> ?dry -> ?top-n-sigma -> top-k -> ?typical -> top-p -> ?min-p -> ?xtc -> temp-ext -> dist 
ollama-1  | slot launch_slot_: id  0 | task -1 | sampler params: 
ollama-1  | 	repeat_last_n = 64, repeat_penalty = 1.000, frequency_penalty = 0.000, presence_penalty = 0.000
ollama-1  | 	dry_multiplier = 0.000, dry_base = 1.750, dry_allowed_length = 2, dry_penalty_last_n = 64
ollama-1  | 	top_k = 40, top_p = 0.900, min_p = 0.000, xtc_probability = 0.000, xtc_threshold = 0.100, typical_p = 1.000, top_n_sigma = -1.000, temp = 0.000
ollama-1  | 	mirostat = 0, mirostat_lr = 0.100, mirostat_ent = 5.000, adaptive_target = -1.000, adaptive_decay = 0.900
ollama-1  | slot launch_slot_: id  0 | task 4991 | processing task, is_child = 0
ollama-1  | slot   operator(): id  0 | task 4991 | new prompt, n_ctx_slot = 4096, n_keep = 4, task.n_tokens = 726
ollama-1  | slot   operator(): id  0 | task 4991 | cached n_tokens = 328, memory_seq_rm [328, end)
ollama-1  | slot init_sampler: id  0 | task 4991 | init sampler, took 0.13 ms, tokens: text = 726, total = 726
ollama-1  | slot print_timing: id  0 | task 4991 | prompt eval time =    5151.24 ms /   398 tokens (   12.94 ms per token,    77.26 tokens per second)
ollama-1  | slot print_timing: id  0 | task 4991 |        eval time =     697.95 ms /     8 tokens (   99.71 ms per token,    10.03 tokens per second)
ollama-1  | slot print_timing: id  0 | task 4991 |       total time =    5849.19 ms /   406 tokens
ollama-1  | slot print_timing: id  0 | task 4991 |    graphs reused =       3453
ollama-1  | slot      release: id  0 | task 4991 | stop processing: n_tokens = 733, truncated = 0
ollama-1  | srv  update_slots: all slots are idle
ollama-1  | [GIN] 2026/10/07 - 10:12:01 | 200 |  5.872753749s |      172.18.0.4 | POST     "/api/generate"
ollama-1  | srv  server_strea: conv_id= (empty=1)
ollama-1  | slot get_availabl: id  0 | task -1 |  - checking sim = 0.556 (330/593) > 0.100
ollama-1  | slot get_availabl: id  0 | task -1 | selected slot by LCP similarity, f_sim_best = 0.556 (> 0.100 thold), f_keep = 0.450
ollama-1  | srv  get_availabl: updating prompt cache
ollama-1  | srv   prompt_save:  - saving prompt with length 733, total state size = 22.915 MiB (draft: 0.000 MiB)
ollama-1  | srv          load:  - looking for better prompt, base f_keep = 0.450, f_sim = 0.556
ollama-1  | srv          load:    - prompt with length     694, lcp =     328, f_keep = 0.473, f_sim = 0.553
ollama-1  | srv          load:    - prompt with length     710, lcp =     328, f_keep = 0.462, f_sim = 0.553
ollama-1  | srv          load:    - prompt with length     785, lcp =     328, f_keep = 0.418, f_sim = 0.553
ollama-1  | srv          load:    - prompt with length     691, lcp =     328, f_keep = 0.475, f_sim = 0.553
ollama-1  | srv          load:    - prompt with length     702, lcp =     328, f_keep = 0.467, f_sim = 0.553
ollama-1  | srv          load:    - prompt with length     702, lcp =     328, f_keep = 0.467, f_sim = 0.553
ollama-1  | srv          load:    - prompt with length     668, lcp =     328, f_keep = 0.491, f_sim = 0.553
ollama-1  | srv          load:    - prompt with length     723, lcp =     328, f_keep = 0.454, f_sim = 0.553
ollama-1  | srv          load:    - prompt with length     787, lcp =     328, f_keep = 0.417, f_sim = 0.553
ollama-1  | srv          load:    - prompt with length     658, lcp =     328, f_keep = 0.498, f_sim = 0.553
ollama-1  | srv          load:    - prompt with length     757, lcp =     328, f_keep = 0.433, f_sim = 0.553
ollama-1  | srv          load:    - prompt with length     679, lcp =     328, f_keep = 0.483, f_sim = 0.553
ollama-1  | srv          load:    - prompt with length     795, lcp =     328, f_keep = 0.413, f_sim = 0.553
ollama-1  | srv          load:    - prompt with length     736, lcp =     330, f_keep = 0.448, f_sim = 0.556
ollama-1  | srv          load:    - prompt with length     697, lcp =     328, f_keep = 0.471, f_sim = 0.553
ollama-1  | srv          load:    - prompt with length     776, lcp =     328, f_keep = 0.423, f_sim = 0.553
ollama-1  | srv          load:    - prompt with length     693, lcp =     328, f_keep = 0.473, f_sim = 0.553
ollama-1  | srv          load:    - prompt with length     677, lcp =     330, f_keep = 0.487, f_sim = 0.556
ollama-1  | srv          load:    - prompt with length     689, lcp =     328, f_keep = 0.476, f_sim = 0.553
ollama-1  | srv          load:    - prompt with length     674, lcp =     328, f_keep = 0.487, f_sim = 0.553
ollama-1  | srv          load:    - prompt with length     657, lcp =     330, f_keep = 0.502, f_sim = 0.556
ollama-1  | srv          load:    - prompt with length     737, lcp =     330, f_keep = 0.448, f_sim = 0.556
ollama-1  | srv          load:    - prompt with length     762, lcp =     328, f_keep = 0.430, f_sim = 0.553
ollama-1  | srv          load:    - prompt with length     733, lcp =     330, f_keep = 0.450, f_sim = 0.556
ollama-1  | srv        update:  - cache state: 24 prompts, 537.143 MiB (limits: 8192.000 MiB, 4096 tokens, 262043 est)
ollama-1  | srv        update:    - prompt 0x2eeca960:     694 tokens, checkpoints:  0,    21.696 MiB
ollama-1  | srv        update:    - prompt 0x2e281e30:     710 tokens, checkpoints:  0,    22.196 MiB
ollama-1  | srv        update:    - prompt 0x2e282b20:     785 tokens, checkpoints:  0,    24.541 MiB
ollama-1  | srv        update:    - prompt 0x30ad8180:     691 tokens, checkpoints:  0,    21.602 MiB
ollama-1  | srv        update:    - prompt 0x2c5e6580:     702 tokens, checkpoints:  0,    21.946 MiB
ollama-1  | srv        update:    - prompt 0x30c0b130:     702 tokens, checkpoints:  0,    21.946 MiB
ollama-1  | srv        update:    - prompt 0x2c53b6f0:     668 tokens, checkpoints:  0,    20.883 MiB
ollama-1  | srv        update:    - prompt 0x2e2885c0:     723 tokens, checkpoints:  0,    22.602 MiB
ollama-1  | srv        update:    - prompt 0x2deaf160:     787 tokens, checkpoints:  0,    24.603 MiB
ollama-1  | srv        update:    - prompt 0x2c60efe0:     658 tokens, checkpoints:  0,    20.570 MiB
ollama-1  | srv        update:    - prompt 0x2c5d0c60:     757 tokens, checkpoints:  0,    23.665 MiB
ollama-1  | srv        update:    - prompt 0x2c5acbf0:     679 tokens, checkpoints:  0,    21.227 MiB
ollama-1  | srv        update:    - prompt 0x30b99130:     795 tokens, checkpoints:  0,    24.853 MiB
ollama-1  | srv        update:    - prompt 0x2de98930:     736 tokens, checkpoints:  0,    23.009 MiB
ollama-1  | srv        update:    - prompt 0x30b99080:     697 tokens, checkpoints:  0,    21.790 MiB
ollama-1  | srv        update:    - prompt 0x2e280050:     776 tokens, checkpoints:  0,    24.259 MiB
ollama-1  | srv        update:    - prompt 0x30aa79f0:     693 tokens, checkpoints:  0,    21.665 MiB
ollama-1  | srv        update:    - prompt 0x30babb80:     677 tokens, checkpoints:  0,    21.164 MiB
ollama-1  | srv        update:    - prompt 0x309ddbc0:     689 tokens, checkpoints:  0,    21.540 MiB
ollama-1  | srv        update:    - prompt 0x30a513f0:     674 tokens, checkpoints:  0,    21.071 MiB
ollama-1  | srv        update:    - prompt 0x30a74410:     657 tokens, checkpoints:  0,    20.539 MiB
ollama-1  | srv        update:    - prompt 0x30a9fa10:     737 tokens, checkpoints:  0,    23.040 MiB
ollama-1  | srv        update:    - prompt 0x30b86c70:     762 tokens, checkpoints:  0,    23.822 MiB
ollama-1  | srv        update:    - prompt 0x30a9d720:     733 tokens, checkpoints:  0,    22.915 MiB
ollama-1  | srv  get_availabl: prompt cache update took 8.30 ms
ollama-1  | slot launch_slot_: id  0 | task -1 | sampler chain: logits -> ?penalties -> ?dry -> ?top-n-sigma -> top-k -> ?typical -> top-p -> ?min-p -> ?xtc -> temp-ext -> dist 
ollama-1  | slot launch_slot_: id  0 | task -1 | sampler params: 
ollama-1  | 	repeat_last_n = 64, repeat_penalty = 1.000, frequency_penalty = 0.000, presence_penalty = 0.000
ollama-1  | 	dry_multiplier = 0.000, dry_base = 1.750, dry_allowed_length = 2, dry_penalty_last_n = 64
ollama-1  | 	top_k = 40, top_p = 0.900, min_p = 0.000, xtc_probability = 0.000, xtc_threshold = 0.100, typical_p = 1.000, top_n_sigma = -1.000, temp = 0.000
ollama-1  | 	mirostat = 0, mirostat_lr = 0.100, mirostat_ent = 5.000, adaptive_target = -1.000, adaptive_decay = 0.900
ollama-1  | slot launch_slot_: id  0 | task 5000 | processing task, is_child = 0
ollama-1  | slot   operator(): id  0 | task 5000 | new prompt, n_ctx_slot = 4096, n_keep = 4, task.n_tokens = 593
ollama-1  | slot   operator(): id  0 | task 5000 | cached n_tokens = 330, memory_seq_rm [330, end)
ollama-1  | slot init_sampler: id  0 | task 5000 | init sampler, took 0.08 ms, tokens: text = 593, total = 593
ollama-1  | [GIN] 2026/10/07 - 10:12:05 | 200 |      42.635µs |       127.0.0.1 | HEAD     "/"
ollama-1  | slot print_timing: id  0 | task 5000 | prompt eval time =    3008.90 ms /   263 tokens (   11.44 ms per token,    87.41 tokens per second)
ollama-1  | slot print_timing: id  0 | task 5000 |        eval time =     418.51 ms /     8 tokens (   59.79 ms per token,    16.73 tokens per second)
ollama-1  | slot print_timing: id  0 | task 5000 |       total time =    3427.41 ms /   271 tokens
ollama-1  | slot print_timing: id  0 | task 5000 |    graphs reused =       3459
ollama-1  | slot      release: id  0 | task 5000 | stop processing: n_tokens = 600, truncated = 0
ollama-1  | srv  update_slots: all slots are idle
ollama-1  | [GIN] 2026/10/07 - 10:12:05 | 200 |    1.881829ms |       127.0.0.1 | GET      "/api/tags"
ollama-1  | [GIN] 2026/10/07 - 10:12:05 | 200 |  3.447665152s |      172.18.0.4 | POST     "/api/generate"
ollama-1  | srv  server_strea: conv_id= (empty=1)
ollama-1  | slot get_availabl: id  0 | task -1 |  - checking sim = 0.711 (328/461) > 0.100
ollama-1  | slot get_availabl: id  0 | task -1 | selected slot by LCP similarity, f_sim_best = 0.711 (> 0.100 thold), f_keep = 0.547
ollama-1  | slot launch_slot_: id  0 | task -1 | sampler chain: logits -> ?penalties -> ?dry -> ?top-n-sigma -> top-k -> ?typical -> top-p -> ?min-p -> ?xtc -> temp-ext -> dist 
ollama-1  | slot launch_slot_: id  0 | task -1 | sampler params: 
ollama-1  | 	repeat_last_n = 64, repeat_penalty = 1.000, frequency_penalty = 0.000, presence_penalty = 0.000
ollama-1  | 	dry_multiplier = 0.000, dry_base = 1.750, dry_allowed_length = 2, dry_penalty_last_n = 64
ollama-1  | 	top_k = 40, top_p = 0.900, min_p = 0.000, xtc_probability = 0.000, xtc_threshold = 0.100, typical_p = 1.000, top_n_sigma = -1.000, temp = 0.000
ollama-1  | 	mirostat = 0, mirostat_lr = 0.100, mirostat_ent = 5.000, adaptive_target = -1.000, adaptive_decay = 0.900
ollama-1  | slot launch_slot_: id  0 | task 5009 | processing task, is_child = 0
ollama-1  | slot   operator(): id  0 | task 5009 | new prompt, n_ctx_slot = 4096, n_keep = 4, task.n_tokens = 461
ollama-1  | slot   operator(): id  0 | task 5009 | cached n_tokens = 328, memory_seq_rm [328, end)
ollama-1  | slot init_sampler: id  0 | task 5009 | init sampler, took 0.10 ms, tokens: text = 461, total = 461
ollama-1  | slot print_timing: id  0 | task 5009 | prompt eval time =    1428.23 ms /   133 tokens (   10.74 ms per token,    93.12 tokens per second)
ollama-1  | slot print_timing: id  0 | task 5009 |        eval time =     379.10 ms /     8 tokens (   54.16 ms per token,    18.46 tokens per second)
ollama-1  | slot print_timing: id  0 | task 5009 |       total time =    1807.34 ms /   141 tokens
ollama-1  | slot print_timing: id  0 | task 5009 |    graphs reused =       3465
ollama-1  | slot      release: id  0 | task 5009 | stop processing: n_tokens = 468, truncated = 0
ollama-1  | srv  update_slots: all slots are idle
ollama-1  | [GIN] 2026/10/07 - 10:12:06 | 200 |   1.81642845s |      172.18.0.4 | POST     "/api/generate"
ollama-1  | srv  server_strea: conv_id= (empty=1)
ollama-1  | slot get_availabl: id  0 | task -1 |  - checking sim = 0.678 (328/484) > 0.100
ollama-1  | slot get_availabl: id  0 | task -1 | selected slot by LCP similarity, f_sim_best = 0.678 (> 0.100 thold), f_keep = 0.701
ollama-1  | slot launch_slot_: id  0 | task -1 | sampler chain: logits -> ?penalties -> ?dry -> ?top-n-sigma -> top-k -> ?typical -> top-p -> ?min-p -> ?xtc -> temp-ext -> dist 
ollama-1  | slot launch_slot_: id  0 | task -1 | sampler params: 
ollama-1  | 	repeat_last_n = 64, repeat_penalty = 1.000, frequency_penalty = 0.000, presence_penalty = 0.000
ollama-1  | 	dry_multiplier = 0.000, dry_base = 1.750, dry_allowed_length = 2, dry_penalty_last_n = 64
ollama-1  | 	top_k = 40, top_p = 0.900, min_p = 0.000, xtc_probability = 0.000, xtc_threshold = 0.100, typical_p = 1.000, top_n_sigma = -1.000, temp = 0.000
ollama-1  | 	mirostat = 0, mirostat_lr = 0.100, mirostat_ent = 5.000, adaptive_target = -1.000, adaptive_decay = 0.900
ollama-1  | slot launch_slot_: id  0 | task 5018 | processing task, is_child = 0
ollama-1  | slot   operator(): id  0 | task 5018 | new prompt, n_ctx_slot = 4096, n_keep = 4, task.n_tokens = 484
ollama-1  | slot   operator(): id  0 | task 5018 | cached n_tokens = 328, memory_seq_rm [328, end)
ollama-1  | slot init_sampler: id  0 | task 5018 | init sampler, took 0.09 ms, tokens: text = 484, total = 484
ollama-1  | slot print_timing: id  0 | task 5018 | prompt eval time =    1786.78 ms /   156 tokens (   11.45 ms per token,    87.31 tokens per second)
ollama-1  | slot print_timing: id  0 | task 5018 |        eval time =     417.36 ms /     9 tokens (   52.17 ms per token,    19.17 tokens per second)
ollama-1  | slot print_timing: id  0 | task 5018 |       total time =    2204.14 ms /   165 tokens
ollama-1  | slot print_timing: id  0 | task 5018 |    graphs reused =       3472
ollama-1  | slot      release: id  0 | task 5018 | stop processing: n_tokens = 492, truncated = 0
ollama-1  | srv  update_slots: all slots are idle
ollama-1  | [GIN] 2026/10/07 - 10:12:09 | 200 |  2.212712641s |      172.18.0.4 | POST     "/api/generate"
ollama-1  | srv  server_strea: conv_id= (empty=1)
ollama-1  | slot get_availabl: id  0 | task -1 |  - checking sim = 0.521 (328/630) > 0.100
ollama-1  | slot get_availabl: id  0 | task -1 | selected slot by LCP similarity, f_sim_best = 0.521 (> 0.100 thold), f_keep = 0.667
ollama-1  | slot launch_slot_: id  0 | task -1 | sampler chain: logits -> ?penalties -> ?dry -> ?top-n-sigma -> top-k -> ?typical -> top-p -> ?min-p -> ?xtc -> temp-ext -> dist 
ollama-1  | slot launch_slot_: id  0 | task -1 | sampler params: 
ollama-1  | 	repeat_last_n = 64, repeat_penalty = 1.000, frequency_penalty = 0.000, presence_penalty = 0.000
ollama-1  | 	dry_multiplier = 0.000, dry_base = 1.750, dry_allowed_length = 2, dry_penalty_last_n = 64
ollama-1  | 	top_k = 40, top_p = 0.900, min_p = 0.000, xtc_probability = 0.000, xtc_threshold = 0.100, typical_p = 1.000, top_n_sigma = -1.000, temp = 0.000
ollama-1  | 	mirostat = 0, mirostat_lr = 0.100, mirostat_ent = 5.000, adaptive_target = -1.000, adaptive_decay = 0.900
ollama-1  | slot launch_slot_: id  0 | task 5028 | processing task, is_child = 0
ollama-1  | slot   operator(): id  0 | task 5028 | new prompt, n_ctx_slot = 4096, n_keep = 4, task.n_tokens = 630
ollama-1  | slot   operator(): id  0 | task 5028 | cached n_tokens = 328, memory_seq_rm [328, end)
ollama-1  | slot init_sampler: id  0 | task 5028 | init sampler, took 0.10 ms, tokens: text = 630, total = 630
ollama-1  | slot print_timing: id  0 | task 5028 | prompt eval time =    3178.08 ms /   302 tokens (   10.52 ms per token,    95.03 tokens per second)
ollama-1  | slot print_timing: id  0 | task 5028 |        eval time =     399.70 ms /     8 tokens (   57.10 ms per token,    17.51 tokens per second)
ollama-1  | slot print_timing: id  0 | task 5028 |       total time =    3577.78 ms /   310 tokens
ollama-1  | slot print_timing: id  0 | task 5028 |    graphs reused =       3478
ollama-1  | slot      release: id  0 | task 5028 | stop processing: n_tokens = 637, truncated = 0
ollama-1  | srv  update_slots: all slots are idle
ollama-1  | [GIN] 2026/10/07 - 10:12:12 | 200 |  3.586524267s |      172.18.0.4 | POST     "/api/generate"
ollama-1  | srv  server_strea: conv_id= (empty=1)
ollama-1  | slot get_availabl: id  0 | task -1 |  - checking sim = 0.526 (328/624) > 0.100
ollama-1  | slot get_availabl: id  0 | task -1 | selected slot by LCP similarity, f_sim_best = 0.526 (> 0.100 thold), f_keep = 0.515
ollama-1  | slot launch_slot_: id  0 | task -1 | sampler chain: logits -> ?penalties -> ?dry -> ?top-n-sigma -> top-k -> ?typical -> top-p -> ?min-p -> ?xtc -> temp-ext -> dist 
ollama-1  | slot launch_slot_: id  0 | task -1 | sampler params: 
ollama-1  | 	repeat_last_n = 64, repeat_penalty = 1.000, frequency_penalty = 0.000, presence_penalty = 0.000
ollama-1  | 	dry_multiplier = 0.000, dry_base = 1.750, dry_allowed_length = 2, dry_penalty_last_n = 64
ollama-1  | 	top_k = 40, top_p = 0.900, min_p = 0.000, xtc_probability = 0.000, xtc_threshold = 0.100, typical_p = 1.000, top_n_sigma = -1.000, temp = 0.000
ollama-1  | 	mirostat = 0, mirostat_lr = 0.100, mirostat_ent = 5.000, adaptive_target = -1.000, adaptive_decay = 0.900
ollama-1  | slot launch_slot_: id  0 | task 5037 | processing task, is_child = 0
ollama-1  | slot   operator(): id  0 | task 5037 | new prompt, n_ctx_slot = 4096, n_keep = 4, task.n_tokens = 624
ollama-1  | slot   operator(): id  0 | task 5037 | cached n_tokens = 328, memory_seq_rm [328, end)
ollama-1  | slot init_sampler: id  0 | task 5037 | init sampler, took 0.09 ms, tokens: text = 624, total = 624
ollama-1  | [GIN] 2026/10/07 - 10:12:15 | 200 |     114.647µs |       127.0.0.1 | HEAD     "/"
ollama-1  | [GIN] 2026/10/07 - 10:12:15 | 200 |    6.167005ms |       127.0.0.1 | GET      "/api/tags"
ollama-1  | slot print_timing: id  0 | task 5037 | prompt eval time =    4827.01 ms /   296 tokens (   16.31 ms per token,    61.32 tokens per second)
ollama-1  | slot print_timing: id  0 | task 5037 |        eval time =    1357.84 ms /     9 tokens (  169.73 ms per token,     5.89 tokens per second)
ollama-1  | slot print_timing: id  0 | task 5037 |       total time =    6184.84 ms /   305 tokens
ollama-1  | slot print_timing: id  0 | task 5037 |    graphs reused =       3485
ollama-1  | slot      release: id  0 | task 5037 | stop processing: n_tokens = 632, truncated = 0
ollama-1  | srv  update_slots: all slots are idle
ollama-1  | [GIN] 2026/10/07 - 10:12:18 | 200 |  6.195060677s |      172.18.0.4 | POST     "/api/generate"
ollama-1  | srv  server_strea: conv_id= (empty=1)
ollama-1  | slot get_availabl: id  0 | task -1 |  - checking sim = 0.639 (328/513) > 0.100
ollama-1  | slot get_availabl: id  0 | task -1 | selected slot by LCP similarity, f_sim_best = 0.639 (> 0.100 thold), f_keep = 0.519
ollama-1  | slot launch_slot_: id  0 | task -1 | sampler chain: logits -> ?penalties -> ?dry -> ?top-n-sigma -> top-k -> ?typical -> top-p -> ?min-p -> ?xtc -> temp-ext -> dist 
ollama-1  | slot launch_slot_: id  0 | task -1 | sampler params: 
ollama-1  | 	repeat_last_n = 64, repeat_penalty = 1.000, frequency_penalty = 0.000, presence_penalty = 0.000
ollama-1  | 	dry_multiplier = 0.000, dry_base = 1.750, dry_allowed_length = 2, dry_penalty_last_n = 64
ollama-1  | 	top_k = 40, top_p = 0.900, min_p = 0.000, xtc_probability = 0.000, xtc_threshold = 0.100, typical_p = 1.000, top_n_sigma = -1.000, temp = 0.000
ollama-1  | 	mirostat = 0, mirostat_lr = 0.100, mirostat_ent = 5.000, adaptive_target = -1.000, adaptive_decay = 0.900
ollama-1  | slot launch_slot_: id  0 | task 5047 | processing task, is_child = 0
ollama-1  | slot   operator(): id  0 | task 5047 | new prompt, n_ctx_slot = 4096, n_keep = 4, task.n_tokens = 513
ollama-1  | slot   operator(): id  0 | task 5047 | cached n_tokens = 328, memory_seq_rm [328, end)
ollama-1  | slot init_sampler: id  0 | task 5047 | init sampler, took 0.08 ms, tokens: text = 513, total = 513
ollama-1  | slot print_timing: id  0 | task 5047 | prompt eval time =    3574.81 ms /   185 tokens (   19.32 ms per token,    51.75 tokens per second)
ollama-1  | slot print_timing: id  0 | task 5047 |        eval time =     912.65 ms /     8 tokens (  130.38 ms per token,     7.67 tokens per second)
ollama-1  | slot print_timing: id  0 | task 5047 |       total time =    4487.46 ms /   193 tokens
ollama-1  | slot print_timing: id  0 | task 5047 |    graphs reused =       3491
ollama-1  | slot      release: id  0 | task 5047 | stop processing: n_tokens = 520, truncated = 0
ollama-1  | srv  update_slots: all slots are idle
ollama-1  | [GIN] 2026/10/07 - 10:12:23 | 200 |   4.49793841s |      172.18.0.4 | POST     "/api/generate"
ollama-1  | srv  server_strea: conv_id= (empty=1)
ollama-1  | slot get_availabl: id  0 | task -1 |  - checking sim = 0.747 (328/439) > 0.100
ollama-1  | slot get_availabl: id  0 | task -1 | selected slot by LCP similarity, f_sim_best = 0.747 (> 0.100 thold), f_keep = 0.631
ollama-1  | slot launch_slot_: id  0 | task -1 | sampler chain: logits -> ?penalties -> ?dry -> ?top-n-sigma -> top-k -> ?typical -> top-p -> ?min-p -> ?xtc -> temp-ext -> dist 
ollama-1  | slot launch_slot_: id  0 | task -1 | sampler params: 
ollama-1  | 	repeat_last_n = 64, repeat_penalty = 1.000, frequency_penalty = 0.000, presence_penalty = 0.000
ollama-1  | 	dry_multiplier = 0.000, dry_base = 1.750, dry_allowed_length = 2, dry_penalty_last_n = 64
ollama-1  | 	top_k = 40, top_p = 0.900, min_p = 0.000, xtc_probability = 0.000, xtc_threshold = 0.100, typical_p = 1.000, top_n_sigma = -1.000, temp = 0.000
ollama-1  | 	mirostat = 0, mirostat_lr = 0.100, mirostat_ent = 5.000, adaptive_target = -1.000, adaptive_decay = 0.900
ollama-1  | slot launch_slot_: id  0 | task 5056 | processing task, is_child = 0
ollama-1  | slot   operator(): id  0 | task 5056 | new prompt, n_ctx_slot = 4096, n_keep = 4, task.n_tokens = 439
ollama-1  | slot   operator(): id  0 | task 5056 | cached n_tokens = 328, memory_seq_rm [328, end)
ollama-1  | slot init_sampler: id  0 | task 5056 | init sampler, took 0.08 ms, tokens: text = 439, total = 439
ollama-1  | [GIN] 2026/10/07 - 10:12:25 | 200 |      37.043µs |       127.0.0.1 | HEAD     "/"
ollama-1  | [GIN] 2026/10/07 - 10:12:25 | 200 |    2.616107ms |       127.0.0.1 | GET      "/api/tags"
ollama-1  | slot print_timing: id  0 | task 5056 | prompt eval time =    1885.45 ms /   111 tokens (   16.99 ms per token,    58.87 tokens per second)
ollama-1  | slot print_timing: id  0 | task 5056 |        eval time =     495.88 ms /     9 tokens (   61.99 ms per token,    16.13 tokens per second)
ollama-1  | slot print_timing: id  0 | task 5056 |       total time =    2381.33 ms /   120 tokens
ollama-1  | slot print_timing: id  0 | task 5056 |    graphs reused =       3498
ollama-1  | slot      release: id  0 | task 5056 | stop processing: n_tokens = 447, truncated = 0
ollama-1  | srv  update_slots: all slots are idle
ollama-1  | [GIN] 2026/10/07 - 10:12:25 | 200 |  2.390767196s |      172.18.0.4 | POST     "/api/generate"
ollama-1  | srv  server_strea: conv_id= (empty=1)
ollama-1  | slot get_availabl: id  0 | task -1 |  - checking sim = 0.617 (328/532) > 0.100
ollama-1  | slot get_availabl: id  0 | task -1 | selected slot by LCP similarity, f_sim_best = 0.617 (> 0.100 thold), f_keep = 0.734
ollama-1  | slot launch_slot_: id  0 | task -1 | sampler chain: logits -> ?penalties -> ?dry -> ?top-n-sigma -> top-k -> ?typical -> top-p -> ?min-p -> ?xtc -> temp-ext -> dist 
ollama-1  | slot launch_slot_: id  0 | task -1 | sampler params: 
ollama-1  | 	repeat_last_n = 64, repeat_penalty = 1.000, frequency_penalty = 0.000, presence_penalty = 0.000
ollama-1  | 	dry_multiplier = 0.000, dry_base = 1.750, dry_allowed_length = 2, dry_penalty_last_n = 64
ollama-1  | 	top_k = 40, top_p = 0.900, min_p = 0.000, xtc_probability = 0.000, xtc_threshold = 0.100, typical_p = 1.000, top_n_sigma = -1.000, temp = 0.000
ollama-1  | 	mirostat = 0, mirostat_lr = 0.100, mirostat_ent = 5.000, adaptive_target = -1.000, adaptive_decay = 0.900
ollama-1  | slot launch_slot_: id  0 | task 5066 | processing task, is_child = 0
ollama-1  | slot   operator(): id  0 | task 5066 | new prompt, n_ctx_slot = 4096, n_keep = 4, task.n_tokens = 532
ollama-1  | slot   operator(): id  0 | task 5066 | cached n_tokens = 328, memory_seq_rm [328, end)
ollama-1  | slot init_sampler: id  0 | task 5066 | init sampler, took 0.09 ms, tokens: text = 532, total = 532
ollama-1  | slot print_timing: id  0 | task 5066 | prompt eval time =    2449.05 ms /   204 tokens (   12.01 ms per token,    83.30 tokens per second)
ollama-1  | slot print_timing: id  0 | task 5066 |        eval time =     614.57 ms /     9 tokens (   76.82 ms per token,    13.02 tokens per second)
ollama-1  | slot print_timing: id  0 | task 5066 |       total time =    3063.62 ms /   213 tokens
ollama-1  | slot print_timing: id  0 | task 5066 |    graphs reused =       3505
ollama-1  | slot      release: id  0 | task 5066 | stop processing: n_tokens = 540, truncated = 0
ollama-1  | srv  update_slots: all slots are idle
ollama-1  | [GIN] 2026/10/07 - 10:12:29 | 200 |  3.072720063s |      172.18.0.4 | POST     "/api/generate"
ollama-1  | srv  server_strea: conv_id= (empty=1)
ollama-1  | slot get_availabl: id  0 | task -1 |  - checking sim = 0.751 (328/437) > 0.100
ollama-1  | slot get_availabl: id  0 | task -1 | selected slot by LCP similarity, f_sim_best = 0.751 (> 0.100 thold), f_keep = 0.607
ollama-1  | slot launch_slot_: id  0 | task -1 | sampler chain: logits -> ?penalties -> ?dry -> ?top-n-sigma -> top-k -> ?typical -> top-p -> ?min-p -> ?xtc -> temp-ext -> dist 
ollama-1  | slot launch_slot_: id  0 | task -1 | sampler params: 
ollama-1  | 	repeat_last_n = 64, repeat_penalty = 1.000, frequency_penalty = 0.000, presence_penalty = 0.000
ollama-1  | 	dry_multiplier = 0.000, dry_base = 1.750, dry_allowed_length = 2, dry_penalty_last_n = 64
ollama-1  | 	top_k = 40, top_p = 0.900, min_p = 0.000, xtc_probability = 0.000, xtc_threshold = 0.100, typical_p = 1.000, top_n_sigma = -1.000, temp = 0.000
ollama-1  | 	mirostat = 0, mirostat_lr = 0.100, mirostat_ent = 5.000, adaptive_target = -1.000, adaptive_decay = 0.900
ollama-1  | slot launch_slot_: id  0 | task 5076 | processing task, is_child = 0
ollama-1  | slot   operator(): id  0 | task 5076 | new prompt, n_ctx_slot = 4096, n_keep = 4, task.n_tokens = 437
ollama-1  | slot   operator(): id  0 | task 5076 | cached n_tokens = 328, memory_seq_rm [328, end)
ollama-1  | slot init_sampler: id  0 | task 5076 | init sampler, took 0.10 ms, tokens: text = 437, total = 437
ollama-1  | slot print_timing: id  0 | task 5076 | prompt eval time =    2171.98 ms /   109 tokens (   19.93 ms per token,    50.18 tokens per second)
ollama-1  | slot print_timing: id  0 | task 5076 |        eval time =    1241.63 ms /     8 tokens (  177.38 ms per token,     5.64 tokens per second)
ollama-1  | slot print_timing: id  0 | task 5076 |       total time =    3413.61 ms /   117 tokens
ollama-1  | slot print_timing: id  0 | task 5076 |    graphs reused =       3511
ollama-1  | slot      release: id  0 | task 5076 | stop processing: n_tokens = 444, truncated = 0
ollama-1  | srv  update_slots: all slots are idle
ollama-1  | [GIN] 2026/10/07 - 10:12:32 | 200 |  3.425241721s |      172.18.0.4 | POST     "/api/generate"
ollama-1  | [GIN] 2026/10/07 - 10:12:34 | 200 |      59.687µs |      172.18.0.1 | GET      "/api/ps"
ollama-1  | [GIN] 2026/10/07 - 10:12:35 | 200 |       32.93µs |       127.0.0.1 | HEAD     "/"
ollama-1  | [GIN] 2026/10/07 - 10:12:35 | 200 |      42.381µs |       127.0.0.1 | GET      "/api/ps"
ollama-1  | [GIN] 2026/10/07 - 10:12:35 | 200 |      25.447µs |       127.0.0.1 | HEAD     "/"
ollama-1  | [GIN] 2026/10/07 - 10:12:35 | 200 |    1.403096ms |       127.0.0.1 | GET      "/api/tags"
