ollama-1  | [GIN] 2026/10/08 - 05:49:53 | 200 |      27.937µs |      172.21.0.1 | GET      "/api/version"
ollama-1  | [GIN] 2026/10/08 - 05:49:55 | 200 |      15.763µs |       127.0.0.1 | HEAD     "/"
ollama-1  | [GIN] 2026/10/08 - 05:49:55 | 200 |     650.669µs |       127.0.0.1 | GET      "/api/tags"
ollama-1  | [GIN] 2026/10/08 - 05:50:05 | 200 |      19.614µs |       127.0.0.1 | HEAD     "/"
ollama-1  | [GIN] 2026/10/08 - 05:50:05 | 200 |     645.128µs |       127.0.0.1 | GET      "/api/tags"
ollama-1  | [GIN] 2026/10/08 - 05:50:15 | 200 |      18.274µs |       127.0.0.1 | HEAD     "/"
ollama-1  | [GIN] 2026/10/08 - 05:50:15 | 200 |     684.894µs |       127.0.0.1 | GET      "/api/tags"
ollama-1  | [GIN] 2026/10/08 - 05:50:27 | 200 |      23.158µs |       127.0.0.1 | HEAD     "/"
ollama-1  | [GIN] 2026/10/08 - 05:50:27 | 200 |    1.369166ms |       127.0.0.1 | GET      "/api/tags"
ollama-1  | srv  server_strea: conv_id= (empty=1)
ollama-1  | slot get_availabl: id  0 | task -1 |  - checking sim = 0.452 (350/774) > 0.100
ollama-1  | slot get_availabl: id  0 | task -1 | selected slot by LCP similarity, f_sim_best = 0.452 (> 0.100 thold), f_keep = 0.895
ollama-1  | slot launch_slot_: id  0 | task -1 | sampler chain: logits -> ?penalties -> ?dry -> ?top-n-sigma -> top-k -> ?typical -> top-p -> ?min-p -> ?xtc -> temp-ext -> dist 
ollama-1  | slot launch_slot_: id  0 | task -1 | sampler params: 
ollama-1  | 	repeat_last_n = 64, repeat_penalty = 1.000, frequency_penalty = 0.000, presence_penalty = 0.000
ollama-1  | 	dry_multiplier = 0.000, dry_base = 1.750, dry_allowed_length = 2, dry_penalty_last_n = 64
ollama-1  | 	top_k = 40, top_p = 0.900, min_p = 0.000, xtc_probability = 0.000, xtc_threshold = 0.100, typical_p = 1.000, top_n_sigma = -1.000, temp = 0.000
ollama-1  | 	mirostat = 0, mirostat_lr = 0.100, mirostat_ent = 5.000, adaptive_target = -1.000, adaptive_decay = 0.900
ollama-1  | slot launch_slot_: id  0 | task 2204 | processing task, is_child = 0
ollama-1  | slot   operator(): id  0 | task 2204 | new prompt, n_ctx_slot = 4096, n_keep = 4, task.n_tokens = 774
ollama-1  | slot   operator(): id  0 | task 2204 | cached n_tokens = 350, memory_seq_rm [350, end)
ollama-1  | slot init_sampler: id  0 | task 2204 | init sampler, took 0.05 ms, tokens: text = 774, total = 774
ollama-1  | slot print_timing: id  0 | task 2204 | prompt eval time =    5573.62 ms /   424 tokens (   13.15 ms per token,    76.07 tokens per second)
ollama-1  | slot print_timing: id  0 | task 2204 |        eval time =     549.22 ms /     9 tokens (   68.65 ms per token,    14.57 tokens per second)
ollama-1  | slot print_timing: id  0 | task 2204 |       total time =    6122.84 ms /   433 tokens
ollama-1  | slot print_timing: id  0 | task 2204 |    graphs reused =       1554
ollama-1  | slot      release: id  0 | task 2204 | stop processing: n_tokens = 782, truncated = 0
ollama-1  | srv  update_slots: all slots are idle
ollama-1  | [GIN] 2026/10/08 - 05:50:36 | 200 |   6.13196558s |      172.21.0.4 | POST     "/api/generate"
ollama-1  | srv  server_strea: conv_id= (empty=1)
ollama-1  | slot get_availabl: id  0 | task -1 |  - checking sim = 0.625 (350/560) > 0.100
ollama-1  | slot get_availabl: id  0 | task -1 | selected slot by LCP similarity, f_sim_best = 0.625 (> 0.100 thold), f_keep = 0.448
ollama-1  | srv  get_availabl: updating prompt cache
ollama-1  | srv   prompt_save:  - saving prompt with length 782, total state size = 97.760 MiB (draft: 0.000 MiB)
ollama-1  | srv         alloc:  - prompt is already in the cache, skipping
ollama-1  | srv          load:  - looking for better prompt, base f_keep = 0.448, f_sim = 0.625
ollama-1  | srv          load:    - prompt with length     782, lcp =     350, f_keep = 0.448, f_sim = 0.625
ollama-1  | srv          load:    - prompt with length     794, lcp =     350, f_keep = 0.441, f_sim = 0.625
ollama-1  | srv          load:    - prompt with length     753, lcp =     350, f_keep = 0.465, f_sim = 0.625
ollama-1  | srv          load:    - prompt with length     730, lcp =     350, f_keep = 0.479, f_sim = 0.625
ollama-1  | srv          load:    - prompt with length     828, lcp =     350, f_keep = 0.423, f_sim = 0.625
ollama-1  | srv          load:    - prompt with length     851, lcp =     351, f_keep = 0.412, f_sim = 0.627
ollama-1  | srv          load:    - prompt with length     844, lcp =     350, f_keep = 0.415, f_sim = 0.625
ollama-1  | srv          load:    - prompt with length     729, lcp =     351, f_keep = 0.481, f_sim = 0.627
ollama-1  | srv          load:    - prompt with length     724, lcp =     351, f_keep = 0.485, f_sim = 0.627
ollama-1  | srv          load:    - prompt with length     846, lcp =     351, f_keep = 0.415, f_sim = 0.627
ollama-1  | srv          load:    - prompt with length     892, lcp =     350, f_keep = 0.392, f_sim = 0.625
ollama-1  | srv          load:    - prompt with length     780, lcp =     351, f_keep = 0.450, f_sim = 0.627
ollama-1  | srv          load:    - prompt with length     730, lcp =     351, f_keep = 0.481, f_sim = 0.627
ollama-1  | srv          load:    - prompt with length     796, lcp =     350, f_keep = 0.440, f_sim = 0.625
ollama-1  | srv          load:    - prompt with length     709, lcp =     350, f_keep = 0.494, f_sim = 0.625
ollama-1  | srv          load:    - prompt with length     800, lcp =     351, f_keep = 0.439, f_sim = 0.627
ollama-1  | srv          load:    - prompt with length     728, lcp =     351, f_keep = 0.482, f_sim = 0.627
ollama-1  | srv          load:    - prompt with length     790, lcp =     350, f_keep = 0.443, f_sim = 0.625
ollama-1  | srv          load:  - found better prompt with f_keep = 0.481, f_sim = 0.627
ollama-1  | srv        update:  - cache state: 17 prompts, 1672.291 MiB (limits: 8192.000 MiB, 4096 tokens, 65529 est)
ollama-1  | srv        update:    - prompt 0x36524940:     782 tokens, checkpoints:  0,    97.760 MiB
ollama-1  | srv        update:    - prompt 0x36524a40:     794 tokens, checkpoints:  0,    99.260 MiB
ollama-1  | srv        update:    - prompt 0x36521d10:     753 tokens, checkpoints:  0,    94.134 MiB
ollama-1  | srv        update:    - prompt 0x36521c60:     730 tokens, checkpoints:  0,    91.259 MiB
ollama-1  | srv        update:    - prompt 0x36521bb0:     828 tokens, checkpoints:  0,   103.510 MiB
ollama-1  | srv        update:    - prompt 0x36537930:     851 tokens, checkpoints:  0,   106.385 MiB
ollama-1  | srv        update:    - prompt 0x3652bd10:     844 tokens, checkpoints:  0,   105.510 MiB
ollama-1  | srv        update:    - prompt 0x37a562a0:     724 tokens, checkpoints:  0,    90.509 MiB
ollama-1  | srv        update:    - prompt 0x3724fc20:     846 tokens, checkpoints:  0,   105.760 MiB
ollama-1  | srv        update:    - prompt 0x3651c680:     892 tokens, checkpoints:  0,   111.511 MiB
ollama-1  | srv        update:    - prompt 0x3715ca80:     780 tokens, checkpoints:  0,    97.510 MiB
ollama-1  | srv        update:    - prompt 0x37b80950:     730 tokens, checkpoints:  0,    91.259 MiB
ollama-1  | srv        update:    - prompt 0x3651cdf0:     796 tokens, checkpoints:  0,    99.510 MiB
ollama-1  | srv        update:    - prompt 0x37264940:     709 tokens, checkpoints:  0,    88.634 MiB
ollama-1  | srv        update:    - prompt 0x36510eb0:     800 tokens, checkpoints:  0,   100.010 MiB
ollama-1  | srv        update:    - prompt 0x36522570:     728 tokens, checkpoints:  0,    91.009 MiB
ollama-1  | srv        update:    - prompt 0x364ffda0:     790 tokens, checkpoints:  0,    98.760 MiB
ollama-1  | srv  get_availabl: prompt cache update took 22.20 ms
ollama-1  | slot launch_slot_: id  0 | task -1 | sampler chain: logits -> ?penalties -> ?dry -> ?top-n-sigma -> top-k -> ?typical -> top-p -> ?min-p -> ?xtc -> temp-ext -> dist 
ollama-1  | slot launch_slot_: id  0 | task -1 | sampler params: 
ollama-1  | 	repeat_last_n = 64, repeat_penalty = 1.000, frequency_penalty = 0.000, presence_penalty = 0.000
ollama-1  | 	dry_multiplier = 0.000, dry_base = 1.750, dry_allowed_length = 2, dry_penalty_last_n = 64
ollama-1  | 	top_k = 40, top_p = 0.900, min_p = 0.000, xtc_probability = 0.000, xtc_threshold = 0.100, typical_p = 1.000, top_n_sigma = -1.000, temp = 0.000
ollama-1  | 	mirostat = 0, mirostat_lr = 0.100, mirostat_ent = 5.000, adaptive_target = -1.000, adaptive_decay = 0.900
ollama-1  | slot launch_slot_: id  0 | task 2214 | processing task, is_child = 0
ollama-1  | slot   operator(): id  0 | task 2214 | new prompt, n_ctx_slot = 4096, n_keep = 4, task.n_tokens = 560
ollama-1  | slot   operator(): id  0 | task 2214 | cached n_tokens = 351, memory_seq_rm [351, end)
ollama-1  | slot init_sampler: id  0 | task 2214 | init sampler, took 0.04 ms, tokens: text = 560, total = 560
ollama-1  | [GIN] 2026/10/08 - 05:50:37 | 200 |      24.627µs |       127.0.0.1 | HEAD     "/"
ollama-1  | [GIN] 2026/10/08 - 05:50:37 | 200 |     824.719µs |       127.0.0.1 | GET      "/api/tags"
ollama-1  | slot print_timing: id  0 | task 2214 | prompt eval time =    2818.79 ms /   209 tokens (   13.49 ms per token,    74.15 tokens per second)
ollama-1  | slot print_timing: id  0 | task 2214 |        eval time =     458.72 ms /     8 tokens (   65.53 ms per token,    15.26 tokens per second)
ollama-1  | slot print_timing: id  0 | task 2214 |       total time =    3277.51 ms /   217 tokens
ollama-1  | slot print_timing: id  0 | task 2214 |    graphs reused =       1560
ollama-1  | slot      release: id  0 | task 2214 | stop processing: n_tokens = 567, truncated = 0
ollama-1  | srv  update_slots: all slots are idle
ollama-1  | [GIN] 2026/10/08 - 05:50:39 | 200 |  8.491027035s |      172.21.0.4 | POST     "/api/generate"
ollama-1  | srv  server_strea: conv_id= (empty=1)
ollama-1  | slot get_availabl: id  0 | task -1 |  - checking sim = 0.792 (350/442) > 0.100
ollama-1  | slot get_availabl: id  0 | task -1 | selected slot by LCP similarity, f_sim_best = 0.792 (> 0.100 thold), f_keep = 0.617
ollama-1  | slot launch_slot_: id  0 | task -1 | sampler chain: logits -> ?penalties -> ?dry -> ?top-n-sigma -> top-k -> ?typical -> top-p -> ?min-p -> ?xtc -> temp-ext -> dist 
ollama-1  | slot launch_slot_: id  0 | task -1 | sampler params: 
ollama-1  | 	repeat_last_n = 64, repeat_penalty = 1.000, frequency_penalty = 0.000, presence_penalty = 0.000
ollama-1  | 	dry_multiplier = 0.000, dry_base = 1.750, dry_allowed_length = 2, dry_penalty_last_n = 64
ollama-1  | 	top_k = 40, top_p = 0.900, min_p = 0.000, xtc_probability = 0.000, xtc_threshold = 0.100, typical_p = 1.000, top_n_sigma = -1.000, temp = 0.000
ollama-1  | 	mirostat = 0, mirostat_lr = 0.100, mirostat_ent = 5.000, adaptive_target = -1.000, adaptive_decay = 0.900
ollama-1  | slot launch_slot_: id  0 | task 2223 | processing task, is_child = 0
ollama-1  | slot   operator(): id  0 | task 2223 | new prompt, n_ctx_slot = 4096, n_keep = 4, task.n_tokens = 442
ollama-1  | slot   operator(): id  0 | task 2223 | cached n_tokens = 350, memory_seq_rm [350, end)
ollama-1  | slot init_sampler: id  0 | task 2223 | init sampler, took 0.05 ms, tokens: text = 442, total = 442
ollama-1  | slot print_timing: id  0 | task 2223 | prompt eval time =    1284.60 ms /    92 tokens (   13.96 ms per token,    71.62 tokens per second)
ollama-1  | slot print_timing: id  0 | task 2223 |        eval time =     524.81 ms /     9 tokens (   65.60 ms per token,    15.24 tokens per second)
ollama-1  | slot print_timing: id  0 | task 2223 |       total time =    1809.41 ms /   101 tokens
ollama-1  | slot print_timing: id  0 | task 2223 |    graphs reused =       1567
ollama-1  | slot      release: id  0 | task 2223 | stop processing: n_tokens = 450, truncated = 0
ollama-1  | srv  update_slots: all slots are idle
ollama-1  | [GIN] 2026/10/08 - 05:50:41 | 200 |  7.703546269s |      172.21.0.4 | POST     "/api/generate"
ollama-1  | srv  server_strea: conv_id= (empty=1)
ollama-1  | slot get_availabl: id  0 | task -1 |  - checking sim = 0.682 (350/513) > 0.100
ollama-1  | slot get_availabl: id  0 | task -1 | selected slot by LCP similarity, f_sim_best = 0.682 (> 0.100 thold), f_keep = 0.778
ollama-1  | slot launch_slot_: id  0 | task -1 | sampler chain: logits -> ?penalties -> ?dry -> ?top-n-sigma -> top-k -> ?typical -> top-p -> ?min-p -> ?xtc -> temp-ext -> dist 
ollama-1  | slot launch_slot_: id  0 | task -1 | sampler params: 
ollama-1  | 	repeat_last_n = 64, repeat_penalty = 1.000, frequency_penalty = 0.000, presence_penalty = 0.000
ollama-1  | 	dry_multiplier = 0.000, dry_base = 1.750, dry_allowed_length = 2, dry_penalty_last_n = 64
ollama-1  | 	top_k = 40, top_p = 0.900, min_p = 0.000, xtc_probability = 0.000, xtc_threshold = 0.100, typical_p = 1.000, top_n_sigma = -1.000, temp = 0.000
ollama-1  | 	mirostat = 0, mirostat_lr = 0.100, mirostat_ent = 5.000, adaptive_target = -1.000, adaptive_decay = 0.900
ollama-1  | slot launch_slot_: id  0 | task 2233 | processing task, is_child = 0
ollama-1  | slot   operator(): id  0 | task 2233 | new prompt, n_ctx_slot = 4096, n_keep = 4, task.n_tokens = 513
ollama-1  | slot   operator(): id  0 | task 2233 | cached n_tokens = 350, memory_seq_rm [350, end)
ollama-1  | slot init_sampler: id  0 | task 2233 | init sampler, took 0.05 ms, tokens: text = 513, total = 513
ollama-1  | slot print_timing: id  0 | task 2233 | prompt eval time =    2232.41 ms /   163 tokens (   13.70 ms per token,    73.02 tokens per second)
ollama-1  | slot print_timing: id  0 | task 2233 |        eval time =     539.96 ms /     9 tokens (   67.50 ms per token,    14.82 tokens per second)
ollama-1  | slot print_timing: id  0 | task 2233 |       total time =    2772.38 ms /   172 tokens
ollama-1  | slot print_timing: id  0 | task 2233 |    graphs reused =       1574
ollama-1  | slot      release: id  0 | task 2233 | stop processing: n_tokens = 521, truncated = 0
ollama-1  | srv  update_slots: all slots are idle
ollama-1  | [GIN] 2026/10/08 - 05:50:44 | 200 |  6.634027163s |      172.21.0.4 | POST     "/api/generate"
ollama-1  | srv  server_strea: conv_id= (empty=1)
ollama-1  | slot get_availabl: id  0 | task -1 |  - checking sim = 0.624 (352/564) > 0.100
ollama-1  | slot get_availabl: id  0 | task -1 | selected slot by LCP similarity, f_sim_best = 0.624 (> 0.100 thold), f_keep = 0.676
ollama-1  | slot launch_slot_: id  0 | task -1 | sampler chain: logits -> ?penalties -> ?dry -> ?top-n-sigma -> top-k -> ?typical -> top-p -> ?min-p -> ?xtc -> temp-ext -> dist 
ollama-1  | slot launch_slot_: id  0 | task -1 | sampler params: 
ollama-1  | 	repeat_last_n = 64, repeat_penalty = 1.000, frequency_penalty = 0.000, presence_penalty = 0.000
ollama-1  | 	dry_multiplier = 0.000, dry_base = 1.750, dry_allowed_length = 2, dry_penalty_last_n = 64
ollama-1  | 	top_k = 40, top_p = 0.900, min_p = 0.000, xtc_probability = 0.000, xtc_threshold = 0.100, typical_p = 1.000, top_n_sigma = -1.000, temp = 0.000
ollama-1  | 	mirostat = 0, mirostat_lr = 0.100, mirostat_ent = 5.000, adaptive_target = -1.000, adaptive_decay = 0.900
ollama-1  | slot launch_slot_: id  0 | task 2243 | processing task, is_child = 0
ollama-1  | slot   operator(): id  0 | task 2243 | new prompt, n_ctx_slot = 4096, n_keep = 4, task.n_tokens = 564
ollama-1  | slot   operator(): id  0 | task 2243 | cached n_tokens = 352, memory_seq_rm [352, end)
ollama-1  | slot init_sampler: id  0 | task 2243 | init sampler, took 0.04 ms, tokens: text = 564, total = 564
ollama-1  | [GIN] 2026/10/08 - 05:50:47 | 200 |       26.15µs |       127.0.0.1 | HEAD     "/"
ollama-1  | [GIN] 2026/10/08 - 05:50:47 | 200 |    1.415604ms |       127.0.0.1 | GET      "/api/tags"
ollama-1  | slot print_timing: id  0 | task 2243 | prompt eval time =    2919.20 ms /   212 tokens (   13.77 ms per token,    72.62 tokens per second)
ollama-1  | slot print_timing: id  0 | task 2243 |        eval time =     535.19 ms /     9 tokens (   66.90 ms per token,    14.95 tokens per second)
ollama-1  | slot print_timing: id  0 | task 2243 |       total time =    3454.38 ms /   221 tokens
ollama-1  | slot print_timing: id  0 | task 2243 |    graphs reused =       1581
ollama-1  | slot      release: id  0 | task 2243 | stop processing: n_tokens = 572, truncated = 0
ollama-1  | srv  update_slots: all slots are idle
ollama-1  | [GIN] 2026/10/08 - 05:50:49 | 200 |  3.463052705s |      172.21.0.4 | POST     "/api/generate"
ollama-1  | srv  server_strea: conv_id= (empty=1)
ollama-1  | slot get_availabl: id  0 | task -1 |  - checking sim = 0.445 (350/786) > 0.100
ollama-1  | slot get_availabl: id  0 | task -1 | selected slot by LCP similarity, f_sim_best = 0.445 (> 0.100 thold), f_keep = 0.612
ollama-1  | slot launch_slot_: id  0 | task -1 | sampler chain: logits -> ?penalties -> ?dry -> ?top-n-sigma -> top-k -> ?typical -> top-p -> ?min-p -> ?xtc -> temp-ext -> dist 
ollama-1  | slot launch_slot_: id  0 | task -1 | sampler params: 
ollama-1  | 	repeat_last_n = 64, repeat_penalty = 1.000, frequency_penalty = 0.000, presence_penalty = 0.000
ollama-1  | 	dry_multiplier = 0.000, dry_base = 1.750, dry_allowed_length = 2, dry_penalty_last_n = 64
ollama-1  | 	top_k = 40, top_p = 0.900, min_p = 0.000, xtc_probability = 0.000, xtc_threshold = 0.100, typical_p = 1.000, top_n_sigma = -1.000, temp = 0.000
ollama-1  | 	mirostat = 0, mirostat_lr = 0.100, mirostat_ent = 5.000, adaptive_target = -1.000, adaptive_decay = 0.900
ollama-1  | slot launch_slot_: id  0 | task 2253 | processing task, is_child = 0
ollama-1  | slot   operator(): id  0 | task 2253 | new prompt, n_ctx_slot = 4096, n_keep = 4, task.n_tokens = 786
ollama-1  | slot   operator(): id  0 | task 2253 | cached n_tokens = 350, memory_seq_rm [350, end)
ollama-1  | slot init_sampler: id  0 | task 2253 | init sampler, took 0.09 ms, tokens: text = 786, total = 786
ollama-1  | slot print_timing: id  0 | task 2253 | prompt eval time =    5957.02 ms /   436 tokens (   13.66 ms per token,    73.19 tokens per second)
ollama-1  | slot print_timing: id  0 | task 2253 |        eval time =     541.09 ms /     9 tokens (   67.64 ms per token,    14.78 tokens per second)
ollama-1  | slot print_timing: id  0 | task 2253 |       total time =    6498.11 ms /   445 tokens
ollama-1  | slot print_timing: id  0 | task 2253 |    graphs reused =       1588
ollama-1  | slot      release: id  0 | task 2253 | stop processing: n_tokens = 794, truncated = 0
ollama-1  | srv  update_slots: all slots are idle
ollama-1  | [GIN] 2026/10/08 - 05:50:58 | 200 |  9.177717354s |      172.21.0.4 | POST     "/api/generate"
ollama-1  | srv  server_strea: conv_id= (empty=1)
ollama-1  | slot get_availabl: id  0 | task -1 |  - checking sim = 0.621 (350/564) > 0.100
ollama-1  | slot get_availabl: id  0 | task -1 | selected slot by LCP similarity, f_sim_best = 0.621 (> 0.100 thold), f_keep = 0.441
ollama-1  | srv  get_availabl: updating prompt cache
ollama-1  | srv   prompt_save:  - saving prompt with length 794, total state size = 99.260 MiB (draft: 0.000 MiB)
ollama-1  | srv         alloc:  - prompt is already in the cache, skipping
ollama-1  | srv          load:  - looking for better prompt, base f_keep = 0.441, f_sim = 0.621
ollama-1  | srv          load:    - prompt with length     782, lcp =     350, f_keep = 0.448, f_sim = 0.621
ollama-1  | srv          load:    - prompt with length     794, lcp =     350, f_keep = 0.441, f_sim = 0.621
ollama-1  | srv          load:    - prompt with length     753, lcp =     350, f_keep = 0.465, f_sim = 0.621
ollama-1  | srv          load:    - prompt with length     730, lcp =     350, f_keep = 0.479, f_sim = 0.621
ollama-1  | srv          load:    - prompt with length     828, lcp =     350, f_keep = 0.423, f_sim = 0.621
ollama-1  | srv          load:    - prompt with length     851, lcp =     350, f_keep = 0.411, f_sim = 0.621
ollama-1  | srv          load:    - prompt with length     844, lcp =     350, f_keep = 0.415, f_sim = 0.621
ollama-1  | srv          load:    - prompt with length     724, lcp =     350, f_keep = 0.483, f_sim = 0.621
ollama-1  | srv          load:    - prompt with length     846, lcp =     350, f_keep = 0.414, f_sim = 0.621
ollama-1  | srv          load:    - prompt with length     892, lcp =     350, f_keep = 0.392, f_sim = 0.621
ollama-1  | srv          load:    - prompt with length     780, lcp =     350, f_keep = 0.449, f_sim = 0.621
ollama-1  | srv          load:    - prompt with length     730, lcp =     350, f_keep = 0.479, f_sim = 0.621
ollama-1  | srv          load:    - prompt with length     796, lcp =     350, f_keep = 0.440, f_sim = 0.621
ollama-1  | srv          load:    - prompt with length     709, lcp =     350, f_keep = 0.494, f_sim = 0.621
ollama-1  | srv          load:    - prompt with length     800, lcp =     350, f_keep = 0.438, f_sim = 0.621
ollama-1  | srv          load:    - prompt with length     728, lcp =     350, f_keep = 0.481, f_sim = 0.621
ollama-1  | srv          load:    - prompt with length     790, lcp =     350, f_keep = 0.443, f_sim = 0.621
ollama-1  | srv        update:  - cache state: 17 prompts, 1672.291 MiB (limits: 8192.000 MiB, 4096 tokens, 65529 est)
ollama-1  | srv        update:    - prompt 0x36524940:     782 tokens, checkpoints:  0,    97.760 MiB
ollama-1  | srv        update:    - prompt 0x36524a40:     794 tokens, checkpoints:  0,    99.260 MiB
ollama-1  | srv        update:    - prompt 0x36521d10:     753 tokens, checkpoints:  0,    94.134 MiB
ollama-1  | srv        update:    - prompt 0x36521c60:     730 tokens, checkpoints:  0,    91.259 MiB
ollama-1  | srv        update:    - prompt 0x36521bb0:     828 tokens, checkpoints:  0,   103.510 MiB
ollama-1  | srv        update:    - prompt 0x36537930:     851 tokens, checkpoints:  0,   106.385 MiB
ollama-1  | srv        update:    - prompt 0x3652bd10:     844 tokens, checkpoints:  0,   105.510 MiB
ollama-1  | srv        update:    - prompt 0x37a562a0:     724 tokens, checkpoints:  0,    90.509 MiB
ollama-1  | srv        update:    - prompt 0x3724fc20:     846 tokens, checkpoints:  0,   105.760 MiB
ollama-1  | srv        update:    - prompt 0x3651c680:     892 tokens, checkpoints:  0,   111.511 MiB
ollama-1  | srv        update:    - prompt 0x3715ca80:     780 tokens, checkpoints:  0,    97.510 MiB
ollama-1  | srv        update:    - prompt 0x37b80950:     730 tokens, checkpoints:  0,    91.259 MiB
ollama-1  | srv        update:    - prompt 0x3651cdf0:     796 tokens, checkpoints:  0,    99.510 MiB
ollama-1  | srv        update:    - prompt 0x37264940:     709 tokens, checkpoints:  0,    88.634 MiB
ollama-1  | srv        update:    - prompt 0x36510eb0:     800 tokens, checkpoints:  0,   100.010 MiB
ollama-1  | srv        update:    - prompt 0x36522570:     728 tokens, checkpoints:  0,    91.009 MiB
ollama-1  | srv        update:    - prompt 0x364ffda0:     790 tokens, checkpoints:  0,    98.760 MiB
ollama-1  | srv  get_availabl: prompt cache update took 0.05 ms
ollama-1  | slot launch_slot_: id  0 | task -1 | sampler chain: logits -> ?penalties -> ?dry -> ?top-n-sigma -> top-k -> ?typical -> top-p -> ?min-p -> ?xtc -> temp-ext -> dist 
ollama-1  | slot launch_slot_: id  0 | task -1 | sampler params: 
ollama-1  | 	repeat_last_n = 64, repeat_penalty = 1.000, frequency_penalty = 0.000, presence_penalty = 0.000
ollama-1  | 	dry_multiplier = 0.000, dry_base = 1.750, dry_allowed_length = 2, dry_penalty_last_n = 64
ollama-1  | 	top_k = 40, top_p = 0.900, min_p = 0.000, xtc_probability = 0.000, xtc_threshold = 0.100, typical_p = 1.000, top_n_sigma = -1.000, temp = 0.000
ollama-1  | 	mirostat = 0, mirostat_lr = 0.100, mirostat_ent = 5.000, adaptive_target = -1.000, adaptive_decay = 0.900
ollama-1  | slot launch_slot_: id  0 | task 2263 | processing task, is_child = 0
ollama-1  | slot   operator(): id  0 | task 2263 | new prompt, n_ctx_slot = 4096, n_keep = 4, task.n_tokens = 564
ollama-1  | slot   operator(): id  0 | task 2263 | cached n_tokens = 350, memory_seq_rm [350, end)
ollama-1  | slot init_sampler: id  0 | task 2263 | init sampler, took 0.04 ms, tokens: text = 564, total = 564
ollama-1  | [GIN] 2026/10/08 - 05:50:59 | 200 |      18.384µs |       127.0.0.1 | HEAD     "/"
ollama-1  | [GIN] 2026/10/08 - 05:50:59 | 200 |    1.014515ms |       127.0.0.1 | GET      "/api/tags"
ollama-1  | slot print_timing: id  0 | task 2263 | prompt eval time =    3026.91 ms /   214 tokens (   14.14 ms per token,    70.70 tokens per second)
ollama-1  | slot print_timing: id  0 | task 2263 |        eval time =     476.79 ms /     8 tokens (   68.11 ms per token,    14.68 tokens per second)
ollama-1  | slot print_timing: id  0 | task 2263 |       total time =    3503.71 ms /   222 tokens
ollama-1  | slot print_timing: id  0 | task 2263 |    graphs reused =       1594
ollama-1  | slot      release: id  0 | task 2263 | stop processing: n_tokens = 571, truncated = 0
ollama-1  | srv  update_slots: all slots are idle
ollama-1  | [GIN] 2026/10/08 - 05:51:01 | 200 | 11.346472543s |      172.21.0.4 | POST     "/api/generate"
ollama-1  | srv  server_strea: conv_id= (empty=1)
ollama-1  | slot get_availabl: id  0 | task -1 |  - checking sim = 0.795 (350/440) > 0.100
ollama-1  | slot get_availabl: id  0 | task -1 | selected slot by LCP similarity, f_sim_best = 0.795 (> 0.100 thold), f_keep = 0.613
ollama-1  | slot launch_slot_: id  0 | task -1 | sampler chain: logits -> ?penalties -> ?dry -> ?top-n-sigma -> top-k -> ?typical -> top-p -> ?min-p -> ?xtc -> temp-ext -> dist 
ollama-1  | slot launch_slot_: id  0 | task -1 | sampler params: 
ollama-1  | 	repeat_last_n = 64, repeat_penalty = 1.000, frequency_penalty = 0.000, presence_penalty = 0.000
ollama-1  | 	dry_multiplier = 0.000, dry_base = 1.750, dry_allowed_length = 2, dry_penalty_last_n = 64
ollama-1  | 	top_k = 40, top_p = 0.900, min_p = 0.000, xtc_probability = 0.000, xtc_threshold = 0.100, typical_p = 1.000, top_n_sigma = -1.000, temp = 0.000
ollama-1  | 	mirostat = 0, mirostat_lr = 0.100, mirostat_ent = 5.000, adaptive_target = -1.000, adaptive_decay = 0.900
ollama-1  | slot launch_slot_: id  0 | task 2272 | processing task, is_child = 0
ollama-1  | slot   operator(): id  0 | task 2272 | new prompt, n_ctx_slot = 4096, n_keep = 4, task.n_tokens = 440
ollama-1  | slot   operator(): id  0 | task 2272 | cached n_tokens = 350, memory_seq_rm [350, end)
ollama-1  | slot init_sampler: id  0 | task 2272 | init sampler, took 0.03 ms, tokens: text = 440, total = 440
ollama-1  | slot print_timing: id  0 | task 2272 | prompt eval time =    1294.74 ms /    90 tokens (   14.39 ms per token,    69.51 tokens per second)
ollama-1  | slot print_timing: id  0 | task 2272 |        eval time =     552.02 ms /     9 tokens (   69.00 ms per token,    14.49 tokens per second)
ollama-1  | slot print_timing: id  0 | task 2272 |       total time =    1846.76 ms /    99 tokens
ollama-1  | slot print_timing: id  0 | task 2272 |    graphs reused =       1601
ollama-1  | slot      release: id  0 | task 2272 | stop processing: n_tokens = 448, truncated = 0
ollama-1  | srv  update_slots: all slots are idle
ollama-1  | [GIN] 2026/10/08 - 05:51:03 | 200 | 10.503552254s |      172.21.0.4 | POST     "/api/generate"
ollama-1  | srv  server_strea: conv_id= (empty=1)
ollama-1  | slot get_availabl: id  0 | task -1 |  - checking sim = 0.781 (350/448) > 0.100
ollama-1  | slot get_availabl: id  0 | task -1 | selected slot by LCP similarity, f_sim_best = 0.781 (> 0.100 thold), f_keep = 0.781
ollama-1  | slot launch_slot_: id  0 | task -1 | sampler chain: logits -> ?penalties -> ?dry -> ?top-n-sigma -> top-k -> ?typical -> top-p -> ?min-p -> ?xtc -> temp-ext -> dist 
ollama-1  | slot launch_slot_: id  0 | task -1 | sampler params: 
ollama-1  | 	repeat_last_n = 64, repeat_penalty = 1.000, frequency_penalty = 0.000, presence_penalty = 0.000
ollama-1  | 	dry_multiplier = 0.000, dry_base = 1.750, dry_allowed_length = 2, dry_penalty_last_n = 64
ollama-1  | 	top_k = 40, top_p = 0.900, min_p = 0.000, xtc_probability = 0.000, xtc_threshold = 0.100, typical_p = 1.000, top_n_sigma = -1.000, temp = 0.000
ollama-1  | 	mirostat = 0, mirostat_lr = 0.100, mirostat_ent = 5.000, adaptive_target = -1.000, adaptive_decay = 0.900
ollama-1  | slot launch_slot_: id  0 | task 2282 | processing task, is_child = 0
ollama-1  | slot   operator(): id  0 | task 2282 | new prompt, n_ctx_slot = 4096, n_keep = 4, task.n_tokens = 448
ollama-1  | slot   operator(): id  0 | task 2282 | cached n_tokens = 350, memory_seq_rm [350, end)
ollama-1  | slot init_sampler: id  0 | task 2282 | init sampler, took 0.05 ms, tokens: text = 448, total = 448
ollama-1  | slot print_timing: id  0 | task 2282 | prompt eval time =    1362.72 ms /    98 tokens (   13.91 ms per token,    71.91 tokens per second)
ollama-1  | slot print_timing: id  0 | task 2282 |        eval time =     600.57 ms /    10 tokens (   66.73 ms per token,    14.99 tokens per second)
ollama-1  | slot print_timing: id  0 | task 2282 |       total time =    1963.30 ms /   108 tokens
ollama-1  | slot print_timing: id  0 | task 2282 |    graphs reused =       1609
ollama-1  | slot      release: id  0 | task 2282 | stop processing: n_tokens = 457, truncated = 0
ollama-1  | srv  update_slots: all slots are idle
ollama-1  | [GIN] 2026/10/08 - 05:51:05 | 200 | 11.846272404s |      172.21.0.4 | POST     "/api/generate"
ollama-1  | srv  server_strea: conv_id= (empty=1)
ollama-1  | slot get_availabl: id  0 | task -1 |  - checking sim = 0.549 (350/637) > 0.100
ollama-1  | slot get_availabl: id  0 | task -1 | selected slot by LCP similarity, f_sim_best = 0.549 (> 0.100 thold), f_keep = 0.766
ollama-1  | slot launch_slot_: id  0 | task -1 | sampler chain: logits -> ?penalties -> ?dry -> ?top-n-sigma -> top-k -> ?typical -> top-p -> ?min-p -> ?xtc -> temp-ext -> dist 
ollama-1  | slot launch_slot_: id  0 | task -1 | sampler params: 
ollama-1  | 	repeat_last_n = 64, repeat_penalty = 1.000, frequency_penalty = 0.000, presence_penalty = 0.000
ollama-1  | 	dry_multiplier = 0.000, dry_base = 1.750, dry_allowed_length = 2, dry_penalty_last_n = 64
ollama-1  | 	top_k = 40, top_p = 0.900, min_p = 0.000, xtc_probability = 0.000, xtc_threshold = 0.100, typical_p = 1.000, top_n_sigma = -1.000, temp = 0.000
ollama-1  | 	mirostat = 0, mirostat_lr = 0.100, mirostat_ent = 5.000, adaptive_target = -1.000, adaptive_decay = 0.900
ollama-1  | slot launch_slot_: id  0 | task 2293 | processing task, is_child = 0
ollama-1  | slot   operator(): id  0 | task 2293 | new prompt, n_ctx_slot = 4096, n_keep = 4, task.n_tokens = 637
ollama-1  | slot   operator(): id  0 | task 2293 | cached n_tokens = 350, memory_seq_rm [350, end)
ollama-1  | slot init_sampler: id  0 | task 2293 | init sampler, took 0.07 ms, tokens: text = 637, total = 637
ollama-1  | [GIN] 2026/10/08 - 05:51:09 | 200 |      29.127µs |       127.0.0.1 | HEAD     "/"
ollama-1  | [GIN] 2026/10/08 - 05:51:09 | 200 |    1.359334ms |       127.0.0.1 | GET      "/api/tags"
ollama-1  | slot print_timing: id  0 | task 2293 | prompt eval time =    4041.67 ms /   287 tokens (   14.08 ms per token,    71.01 tokens per second)
ollama-1  | slot print_timing: id  0 | task 2293 |        eval time =     526.91 ms /     9 tokens (   65.86 ms per token,    15.18 tokens per second)
ollama-1  | slot print_timing: id  0 | task 2293 |       total time =    4568.57 ms /   296 tokens
ollama-1  | slot print_timing: id  0 | task 2293 |    graphs reused =       1616
ollama-1  | slot      release: id  0 | task 2293 | stop processing: n_tokens = 645, truncated = 0
ollama-1  | srv  update_slots: all slots are idle
ollama-1  | [GIN] 2026/10/08 - 05:51:10 | 200 |  9.443873447s |      172.21.0.4 | POST     "/api/generate"
ollama-1  | srv  server_strea: conv_id= (empty=1)
ollama-1  | slot get_availabl: id  0 | task -1 |  - checking sim = 0.470 (350/744) > 0.100
ollama-1  | slot get_availabl: id  0 | task -1 | selected slot by LCP similarity, f_sim_best = 0.470 (> 0.100 thold), f_keep = 0.543
ollama-1  | slot launch_slot_: id  0 | task -1 | sampler chain: logits -> ?penalties -> ?dry -> ?top-n-sigma -> top-k -> ?typical -> top-p -> ?min-p -> ?xtc -> temp-ext -> dist 
ollama-1  | slot launch_slot_: id  0 | task -1 | sampler params: 
ollama-1  | 	repeat_last_n = 64, repeat_penalty = 1.000, frequency_penalty = 0.000, presence_penalty = 0.000
ollama-1  | 	dry_multiplier = 0.000, dry_base = 1.750, dry_allowed_length = 2, dry_penalty_last_n = 64
ollama-1  | 	top_k = 40, top_p = 0.900, min_p = 0.000, xtc_probability = 0.000, xtc_threshold = 0.100, typical_p = 1.000, top_n_sigma = -1.000, temp = 0.000
ollama-1  | 	mirostat = 0, mirostat_lr = 0.100, mirostat_ent = 5.000, adaptive_target = -1.000, adaptive_decay = 0.900
ollama-1  | slot launch_slot_: id  0 | task 2303 | processing task, is_child = 0
ollama-1  | slot   operator(): id  0 | task 2303 | new prompt, n_ctx_slot = 4096, n_keep = 4, task.n_tokens = 744
ollama-1  | slot   operator(): id  0 | task 2303 | cached n_tokens = 350, memory_seq_rm [350, end)
ollama-1  | slot init_sampler: id  0 | task 2303 | init sampler, took 0.06 ms, tokens: text = 744, total = 744
ollama-1  | slot print_timing: id  0 | task 2303 | prompt eval time =    5440.59 ms /   394 tokens (   13.81 ms per token,    72.42 tokens per second)
ollama-1  | slot print_timing: id  0 | task 2303 |        eval time =     598.49 ms /    10 tokens (   66.50 ms per token,    15.04 tokens per second)
ollama-1  | slot print_timing: id  0 | task 2303 |       total time =    6039.08 ms /   404 tokens
ollama-1  | slot print_timing: id  0 | task 2303 |    graphs reused =       1624
ollama-1  | slot      release: id  0 | task 2303 | stop processing: n_tokens = 753, truncated = 0
ollama-1  | srv  update_slots: all slots are idle
ollama-1  | [GIN] 2026/10/08 - 05:51:16 | 200 | 15.291981157s |      172.21.0.4 | POST     "/api/generate"
ollama-1  | srv  server_strea: conv_id= (empty=1)
ollama-1  | slot get_availabl: id  0 | task -1 |  - checking sim = 0.519 (350/674) > 0.100
ollama-1  | slot get_availabl: id  0 | task -1 | selected slot by LCP similarity, f_sim_best = 0.519 (> 0.100 thold), f_keep = 0.465
ollama-1  | srv  get_availabl: updating prompt cache
ollama-1  | srv   prompt_save:  - saving prompt with length 753, total state size = 94.134 MiB (draft: 0.000 MiB)
ollama-1  | srv         alloc:  - prompt is already in the cache, skipping
ollama-1  | srv          load:  - looking for better prompt, base f_keep = 0.465, f_sim = 0.519
ollama-1  | srv          load:    - prompt with length     782, lcp =     350, f_keep = 0.448, f_sim = 0.519
ollama-1  | srv          load:    - prompt with length     794, lcp =     350, f_keep = 0.441, f_sim = 0.519
ollama-1  | srv          load:    - prompt with length     753, lcp =     350, f_keep = 0.465, f_sim = 0.519
ollama-1  | srv          load:    - prompt with length     730, lcp =     350, f_keep = 0.479, f_sim = 0.519
ollama-1  | srv          load:    - prompt with length     828, lcp =     350, f_keep = 0.423, f_sim = 0.519
ollama-1  | srv          load:    - prompt with length     851, lcp =     350, f_keep = 0.411, f_sim = 0.519
ollama-1  | srv          load:    - prompt with length     844, lcp =     350, f_keep = 0.415, f_sim = 0.519
ollama-1  | srv          load:    - prompt with length     724, lcp =     350, f_keep = 0.483, f_sim = 0.519
ollama-1  | srv          load:    - prompt with length     846, lcp =     350, f_keep = 0.414, f_sim = 0.519
ollama-1  | srv          load:    - prompt with length     892, lcp =     350, f_keep = 0.392, f_sim = 0.519
ollama-1  | srv          load:    - prompt with length     780, lcp =     350, f_keep = 0.449, f_sim = 0.519
ollama-1  | srv          load:    - prompt with length     730, lcp =     350, f_keep = 0.479, f_sim = 0.519
ollama-1  | srv          load:    - prompt with length     796, lcp =     350, f_keep = 0.440, f_sim = 0.519
ollama-1  | srv          load:    - prompt with length     709, lcp =     350, f_keep = 0.494, f_sim = 0.519
ollama-1  | srv          load:    - prompt with length     800, lcp =     350, f_keep = 0.438, f_sim = 0.519
ollama-1  | srv          load:    - prompt with length     728, lcp =     350, f_keep = 0.481, f_sim = 0.519
ollama-1  | srv          load:    - prompt with length     790, lcp =     350, f_keep = 0.443, f_sim = 0.519
ollama-1  | srv        update:  - cache state: 17 prompts, 1672.291 MiB (limits: 8192.000 MiB, 4096 tokens, 65529 est)
ollama-1  | srv        update:    - prompt 0x36524940:     782 tokens, checkpoints:  0,    97.760 MiB
ollama-1  | srv        update:    - prompt 0x36524a40:     794 tokens, checkpoints:  0,    99.260 MiB
ollama-1  | srv        update:    - prompt 0x36521d10:     753 tokens, checkpoints:  0,    94.134 MiB
ollama-1  | srv        update:    - prompt 0x36521c60:     730 tokens, checkpoints:  0,    91.259 MiB
ollama-1  | srv        update:    - prompt 0x36521bb0:     828 tokens, checkpoints:  0,   103.510 MiB
ollama-1  | srv        update:    - prompt 0x36537930:     851 tokens, checkpoints:  0,   106.385 MiB
ollama-1  | srv        update:    - prompt 0x3652bd10:     844 tokens, checkpoints:  0,   105.510 MiB
ollama-1  | srv        update:    - prompt 0x37a562a0:     724 tokens, checkpoints:  0,    90.509 MiB
ollama-1  | srv        update:    - prompt 0x3724fc20:     846 tokens, checkpoints:  0,   105.760 MiB
ollama-1  | srv        update:    - prompt 0x3651c680:     892 tokens, checkpoints:  0,   111.511 MiB
ollama-1  | srv        update:    - prompt 0x3715ca80:     780 tokens, checkpoints:  0,    97.510 MiB
ollama-1  | srv        update:    - prompt 0x37b80950:     730 tokens, checkpoints:  0,    91.259 MiB
ollama-1  | srv        update:    - prompt 0x3651cdf0:     796 tokens, checkpoints:  0,    99.510 MiB
ollama-1  | srv        update:    - prompt 0x37264940:     709 tokens, checkpoints:  0,    88.634 MiB
ollama-1  | srv        update:    - prompt 0x36510eb0:     800 tokens, checkpoints:  0,   100.010 MiB
ollama-1  | srv        update:    - prompt 0x36522570:     728 tokens, checkpoints:  0,    91.009 MiB
ollama-1  | srv        update:    - prompt 0x364ffda0:     790 tokens, checkpoints:  0,    98.760 MiB
ollama-1  | srv  get_availabl: prompt cache update took 0.04 ms
ollama-1  | slot launch_slot_: id  0 | task -1 | sampler chain: logits -> ?penalties -> ?dry -> ?top-n-sigma -> top-k -> ?typical -> top-p -> ?min-p -> ?xtc -> temp-ext -> dist 
ollama-1  | slot launch_slot_: id  0 | task -1 | sampler params: 
ollama-1  | 	repeat_last_n = 64, repeat_penalty = 1.000, frequency_penalty = 0.000, presence_penalty = 0.000
ollama-1  | 	dry_multiplier = 0.000, dry_base = 1.750, dry_allowed_length = 2, dry_penalty_last_n = 64
ollama-1  | 	top_k = 40, top_p = 0.900, min_p = 0.000, xtc_probability = 0.000, xtc_threshold = 0.100, typical_p = 1.000, top_n_sigma = -1.000, temp = 0.000
ollama-1  | 	mirostat = 0, mirostat_lr = 0.100, mirostat_ent = 5.000, adaptive_target = -1.000, adaptive_decay = 0.900
ollama-1  | slot launch_slot_: id  0 | task 2314 | processing task, is_child = 0
ollama-1  | slot   operator(): id  0 | task 2314 | new prompt, n_ctx_slot = 4096, n_keep = 4, task.n_tokens = 674
ollama-1  | slot   operator(): id  0 | task 2314 | cached n_tokens = 350, memory_seq_rm [350, end)
ollama-1  | slot init_sampler: id  0 | task 2314 | init sampler, took 0.05 ms, tokens: text = 674, total = 674
ollama-1  | [GIN] 2026/10/08 - 05:51:19 | 200 |      24.617µs |       127.0.0.1 | HEAD     "/"
ollama-1  | [GIN] 2026/10/08 - 05:51:19 | 200 |     862.967µs |       127.0.0.1 | GET      "/api/tags"
ollama-1  | slot print_timing: id  0 | task 2314 | prompt eval time =    4538.39 ms /   324 tokens (   14.01 ms per token,    71.39 tokens per second)
ollama-1  | slot print_timing: id  0 | task 2314 |        eval time =     541.08 ms /     9 tokens (   67.63 ms per token,    14.79 tokens per second)
ollama-1  | slot print_timing: id  0 | task 2314 |       total time =    5079.47 ms /   333 tokens
ollama-1  | slot print_timing: id  0 | task 2314 |    graphs reused =       1631
ollama-1  | slot      release: id  0 | task 2314 | stop processing: n_tokens = 682, truncated = 0
ollama-1  | srv  update_slots: all slots are idle
ollama-1  | [GIN] 2026/10/08 - 05:51:21 | 200 | 20.001350211s |      172.21.0.4 | POST     "/api/generate"
ollama-1  | srv  server_strea: conv_id= (empty=1)
ollama-1  | slot get_availabl: id  0 | task -1 |  - checking sim = 0.719 (350/487) > 0.100
ollama-1  | slot get_availabl: id  0 | task -1 | selected slot by LCP similarity, f_sim_best = 0.719 (> 0.100 thold), f_keep = 0.513
ollama-1  | slot launch_slot_: id  0 | task -1 | sampler chain: logits -> ?penalties -> ?dry -> ?top-n-sigma -> top-k -> ?typical -> top-p -> ?min-p -> ?xtc -> temp-ext -> dist 
ollama-1  | slot launch_slot_: id  0 | task -1 | sampler params: 
ollama-1  | 	repeat_last_n = 64, repeat_penalty = 1.000, frequency_penalty = 0.000, presence_penalty = 0.000
ollama-1  | 	dry_multiplier = 0.000, dry_base = 1.750, dry_allowed_length = 2, dry_penalty_last_n = 64
ollama-1  | 	top_k = 40, top_p = 0.900, min_p = 0.000, xtc_probability = 0.000, xtc_threshold = 0.100, typical_p = 1.000, top_n_sigma = -1.000, temp = 0.000
ollama-1  | 	mirostat = 0, mirostat_lr = 0.100, mirostat_ent = 5.000, adaptive_target = -1.000, adaptive_decay = 0.900
ollama-1  | slot launch_slot_: id  0 | task 2324 | processing task, is_child = 0
ollama-1  | slot   operator(): id  0 | task 2324 | new prompt, n_ctx_slot = 4096, n_keep = 4, task.n_tokens = 487
ollama-1  | slot   operator(): id  0 | task 2324 | cached n_tokens = 350, memory_seq_rm [350, end)
ollama-1  | slot init_sampler: id  0 | task 2324 | init sampler, took 0.05 ms, tokens: text = 487, total = 487
ollama-1  | slot print_timing: id  0 | task 2324 | prompt eval time =    1979.17 ms /   137 tokens (   14.45 ms per token,    69.22 tokens per second)
ollama-1  | slot print_timing: id  0 | task 2324 |        eval time =     525.12 ms /     9 tokens (   65.64 ms per token,    15.23 tokens per second)
ollama-1  | slot print_timing: id  0 | task 2324 |       total time =    2504.29 ms /   146 tokens
ollama-1  | slot print_timing: id  0 | task 2324 |    graphs reused =       1638
ollama-1  | slot      release: id  0 | task 2324 | stop processing: n_tokens = 495, truncated = 0
ollama-1  | srv  update_slots: all slots are idle
ollama-1  | [GIN] 2026/10/08 - 05:51:23 | 200 | 15.072715464s |      172.21.0.4 | POST     "/api/generate"
ollama-1  | srv  server_strea: conv_id= (empty=1)
ollama-1  | slot get_availabl: id  0 | task -1 |  - checking sim = 0.690 (350/507) > 0.100
ollama-1  | slot get_availabl: id  0 | task -1 | selected slot by LCP similarity, f_sim_best = 0.690 (> 0.100 thold), f_keep = 0.707
ollama-1  | slot launch_slot_: id  0 | task -1 | sampler chain: logits -> ?penalties -> ?dry -> ?top-n-sigma -> top-k -> ?typical -> top-p -> ?min-p -> ?xtc -> temp-ext -> dist 
ollama-1  | slot launch_slot_: id  0 | task -1 | sampler params: 
ollama-1  | 	repeat_last_n = 64, repeat_penalty = 1.000, frequency_penalty = 0.000, presence_penalty = 0.000
ollama-1  | 	dry_multiplier = 0.000, dry_base = 1.750, dry_allowed_length = 2, dry_penalty_last_n = 64
ollama-1  | 	top_k = 40, top_p = 0.900, min_p = 0.000, xtc_probability = 0.000, xtc_threshold = 0.100, typical_p = 1.000, top_n_sigma = -1.000, temp = 0.000
ollama-1  | 	mirostat = 0, mirostat_lr = 0.100, mirostat_ent = 5.000, adaptive_target = -1.000, adaptive_decay = 0.900
ollama-1  | slot launch_slot_: id  0 | task 2334 | processing task, is_child = 0
ollama-1  | slot   operator(): id  0 | task 2334 | new prompt, n_ctx_slot = 4096, n_keep = 4, task.n_tokens = 507
ollama-1  | slot   operator(): id  0 | task 2334 | cached n_tokens = 350, memory_seq_rm [350, end)
ollama-1  | slot init_sampler: id  0 | task 2334 | init sampler, took 0.04 ms, tokens: text = 507, total = 507
ollama-1  | slot print_timing: id  0 | task 2334 | prompt eval time =    2265.15 ms /   157 tokens (   14.43 ms per token,    69.31 tokens per second)
ollama-1  | slot print_timing: id  0 | task 2334 |        eval time =     536.64 ms /     9 tokens (   67.08 ms per token,    14.91 tokens per second)
ollama-1  | slot print_timing: id  0 | task 2334 |       total time =    2801.79 ms /   166 tokens
ollama-1  | slot print_timing: id  0 | task 2334 |    graphs reused =       1644
ollama-1  | slot      release: id  0 | task 2334 | stop processing: n_tokens = 515, truncated = 0
ollama-1  | srv  update_slots: all slots are idle
ollama-1  | [GIN] 2026/10/08 - 05:51:26 | 200 | 15.318267409s |      172.21.0.4 | POST     "/api/generate"
ollama-1  | srv  server_strea: conv_id= (empty=1)
ollama-1  | slot get_availabl: id  0 | task -1 |  - checking sim = 0.485 (350/721) > 0.100
ollama-1  | slot get_availabl: id  0 | task -1 | selected slot by LCP similarity, f_sim_best = 0.485 (> 0.100 thold), f_keep = 0.680
ollama-1  | slot launch_slot_: id  0 | task -1 | sampler chain: logits -> ?penalties -> ?dry -> ?top-n-sigma -> top-k -> ?typical -> top-p -> ?min-p -> ?xtc -> temp-ext -> dist 
ollama-1  | slot launch_slot_: id  0 | task -1 | sampler params: 
ollama-1  | 	repeat_last_n = 64, repeat_penalty = 1.000, frequency_penalty = 0.000, presence_penalty = 0.000
ollama-1  | 	dry_multiplier = 0.000, dry_base = 1.750, dry_allowed_length = 2, dry_penalty_last_n = 64
ollama-1  | 	top_k = 40, top_p = 0.900, min_p = 0.000, xtc_probability = 0.000, xtc_threshold = 0.100, typical_p = 1.000, top_n_sigma = -1.000, temp = 0.000
ollama-1  | 	mirostat = 0, mirostat_lr = 0.100, mirostat_ent = 5.000, adaptive_target = -1.000, adaptive_decay = 0.900
ollama-1  | slot launch_slot_: id  0 | task 2344 | processing task, is_child = 0
ollama-1  | slot   operator(): id  0 | task 2344 | new prompt, n_ctx_slot = 4096, n_keep = 4, task.n_tokens = 721
ollama-1  | slot   operator(): id  0 | task 2344 | cached n_tokens = 350, memory_seq_rm [350, end)
ollama-1  | slot init_sampler: id  0 | task 2344 | init sampler, took 0.08 ms, tokens: text = 721, total = 721
ollama-1  | [GIN] 2026/10/08 - 05:51:31 | 200 |      27.232µs |       127.0.0.1 | HEAD     "/"
ollama-1  | [GIN] 2026/10/08 - 05:51:31 | 200 |    2.432403ms |       127.0.0.1 | GET      "/api/tags"
ollama-1  | slot print_timing: id  0 | task 2344 | prompt eval time =    5257.61 ms /   371 tokens (   14.17 ms per token,    70.56 tokens per second)
ollama-1  | slot print_timing: id  0 | task 2344 |        eval time =     604.74 ms /    10 tokens (   67.19 ms per token,    14.88 tokens per second)
ollama-1  | slot print_timing: id  0 | task 2344 |       total time =    5862.35 ms /   381 tokens
ollama-1  | slot print_timing: id  0 | task 2344 |    graphs reused =       1652
ollama-1  | slot      release: id  0 | task 2344 | stop processing: n_tokens = 730, truncated = 0
ollama-1  | srv  update_slots: all slots are idle
ollama-1  | [GIN] 2026/10/08 - 05:51:34 | 200 | 20.463441408s |      172.21.0.4 | POST     "/api/generate"
ollama-1  | srv  server_strea: conv_id= (empty=1)
ollama-1  | slot get_availabl: id  0 | task -1 |  - checking sim = 0.678 (350/516) > 0.100
ollama-1  | slot get_availabl: id  0 | task -1 | selected slot by LCP similarity, f_sim_best = 0.678 (> 0.100 thold), f_keep = 0.479
ollama-1  | srv  get_availabl: updating prompt cache
ollama-1  | srv   prompt_save:  - saving prompt with length 730, total state size = 91.259 MiB (draft: 0.000 MiB)
ollama-1  | srv         alloc:  - prompt is already in the cache, skipping
ollama-1  | srv          load:  - looking for better prompt, base f_keep = 0.479, f_sim = 0.678
ollama-1  | srv          load:    - prompt with length     782, lcp =     350, f_keep = 0.448, f_sim = 0.678
ollama-1  | srv          load:    - prompt with length     794, lcp =     350, f_keep = 0.441, f_sim = 0.678
ollama-1  | srv          load:    - prompt with length     753, lcp =     350, f_keep = 0.465, f_sim = 0.678
ollama-1  | srv          load:    - prompt with length     730, lcp =     350, f_keep = 0.479, f_sim = 0.678
ollama-1  | srv          load:    - prompt with length     828, lcp =     350, f_keep = 0.423, f_sim = 0.678
ollama-1  | srv          load:    - prompt with length     851, lcp =     351, f_keep = 0.412, f_sim = 0.680
ollama-1  | srv          load:    - prompt with length     844, lcp =     350, f_keep = 0.415, f_sim = 0.678
ollama-1  | srv          load:    - prompt with length     724, lcp =     351, f_keep = 0.485, f_sim = 0.680
ollama-1  | srv          load:    - prompt with length     846, lcp =     351, f_keep = 0.415, f_sim = 0.680
ollama-1  | srv          load:    - prompt with length     892, lcp =     350, f_keep = 0.392, f_sim = 0.678
ollama-1  | srv          load:    - prompt with length     780, lcp =     351, f_keep = 0.450, f_sim = 0.680
ollama-1  | srv          load:    - prompt with length     730, lcp =     351, f_keep = 0.481, f_sim = 0.680
ollama-1  | srv          load:    - prompt with length     796, lcp =     350, f_keep = 0.440, f_sim = 0.678
ollama-1  | srv          load:    - prompt with length     709, lcp =     350, f_keep = 0.494, f_sim = 0.678
ollama-1  | srv          load:    - prompt with length     800, lcp =     352, f_keep = 0.440, f_sim = 0.682
ollama-1  | srv          load:    - prompt with length     728, lcp =     352, f_keep = 0.484, f_sim = 0.682
ollama-1  | srv          load:    - prompt with length     790, lcp =     350, f_keep = 0.443, f_sim = 0.678
ollama-1  | srv          load:  - found better prompt with f_keep = 0.485, f_sim = 0.680
ollama-1  | srv        update:  - cache state: 16 prompts, 1581.782 MiB (limits: 8192.000 MiB, 4096 tokens, 65529 est)
ollama-1  | srv        update:    - prompt 0x36524940:     782 tokens, checkpoints:  0,    97.760 MiB
ollama-1  | srv        update:    - prompt 0x36524a40:     794 tokens, checkpoints:  0,    99.260 MiB
ollama-1  | srv        update:    - prompt 0x36521d10:     753 tokens, checkpoints:  0,    94.134 MiB
ollama-1  | srv        update:    - prompt 0x36521c60:     730 tokens, checkpoints:  0,    91.259 MiB
ollama-1  | srv        update:    - prompt 0x36521bb0:     828 tokens, checkpoints:  0,   103.510 MiB
ollama-1  | srv        update:    - prompt 0x36537930:     851 tokens, checkpoints:  0,   106.385 MiB
ollama-1  | srv        update:    - prompt 0x3652bd10:     844 tokens, checkpoints:  0,   105.510 MiB
ollama-1  | srv        update:    - prompt 0x3724fc20:     846 tokens, checkpoints:  0,   105.760 MiB
ollama-1  | srv        update:    - prompt 0x3651c680:     892 tokens, checkpoints:  0,   111.511 MiB
ollama-1  | srv        update:    - prompt 0x3715ca80:     780 tokens, checkpoints:  0,    97.510 MiB
ollama-1  | srv        update:    - prompt 0x37b80950:     730 tokens, checkpoints:  0,    91.259 MiB
ollama-1  | srv        update:    - prompt 0x3651cdf0:     796 tokens, checkpoints:  0,    99.510 MiB
ollama-1  | srv        update:    - prompt 0x37264940:     709 tokens, checkpoints:  0,    88.634 MiB
ollama-1  | srv        update:    - prompt 0x36510eb0:     800 tokens, checkpoints:  0,   100.010 MiB
ollama-1  | srv        update:    - prompt 0x36522570:     728 tokens, checkpoints:  0,    91.009 MiB
ollama-1  | srv        update:    - prompt 0x364ffda0:     790 tokens, checkpoints:  0,    98.760 MiB
ollama-1  | srv  get_availabl: prompt cache update took 16.61 ms
ollama-1  | slot launch_slot_: id  0 | task -1 | sampler chain: logits -> ?penalties -> ?dry -> ?top-n-sigma -> top-k -> ?typical -> top-p -> ?min-p -> ?xtc -> temp-ext -> dist 
ollama-1  | slot launch_slot_: id  0 | task -1 | sampler params: 
ollama-1  | 	repeat_last_n = 64, repeat_penalty = 1.000, frequency_penalty = 0.000, presence_penalty = 0.000
ollama-1  | 	dry_multiplier = 0.000, dry_base = 1.750, dry_allowed_length = 2, dry_penalty_last_n = 64
ollama-1  | 	top_k = 40, top_p = 0.900, min_p = 0.000, xtc_probability = 0.000, xtc_threshold = 0.100, typical_p = 1.000, top_n_sigma = -1.000, temp = 0.000
ollama-1  | 	mirostat = 0, mirostat_lr = 0.100, mirostat_ent = 5.000, adaptive_target = -1.000, adaptive_decay = 0.900
ollama-1  | slot launch_slot_: id  0 | task 2355 | processing task, is_child = 0
ollama-1  | slot   operator(): id  0 | task 2355 | new prompt, n_ctx_slot = 4096, n_keep = 4, task.n_tokens = 516
ollama-1  | slot   operator(): id  0 | task 2355 | cached n_tokens = 351, memory_seq_rm [351, end)
ollama-1  | slot init_sampler: id  0 | task 2355 | init sampler, took 0.04 ms, tokens: text = 516, total = 516
ollama-1  | slot print_timing: id  0 | task 2355 | prompt eval time =    2377.50 ms /   165 tokens (   14.41 ms per token,    69.40 tokens per second)
ollama-1  | slot print_timing: id  0 | task 2355 |        eval time =     525.94 ms /     9 tokens (   65.74 ms per token,    15.21 tokens per second)
ollama-1  | slot print_timing: id  0 | task 2355 |       total time =    2903.44 ms /   174 tokens
ollama-1  | slot print_timing: id  0 | task 2355 |    graphs reused =       1659
ollama-1  | slot      release: id  0 | task 2355 | stop processing: n_tokens = 524, truncated = 0
ollama-1  | srv  update_slots: all slots are idle
ollama-1  | [GIN] 2026/10/08 - 05:51:37 | 200 | 22.947109219s |      172.21.0.4 | POST     "/api/generate"
ollama-1  | srv  server_strea: conv_id= (empty=1)
ollama-1  | slot get_availabl: id  0 | task -1 |  - checking sim = 0.427 (350/819) > 0.100
ollama-1  | slot get_availabl: id  0 | task -1 | selected slot by LCP similarity, f_sim_best = 0.427 (> 0.100 thold), f_keep = 0.668
ollama-1  | slot launch_slot_: id  0 | task -1 | sampler chain: logits -> ?penalties -> ?dry -> ?top-n-sigma -> top-k -> ?typical -> top-p -> ?min-p -> ?xtc -> temp-ext -> dist 
ollama-1  | slot launch_slot_: id  0 | task -1 | sampler params: 
ollama-1  | 	repeat_last_n = 64, repeat_penalty = 1.000, frequency_penalty = 0.000, presence_penalty = 0.000
ollama-1  | 	dry_multiplier = 0.000, dry_base = 1.750, dry_allowed_length = 2, dry_penalty_last_n = 64
ollama-1  | 	top_k = 40, top_p = 0.900, min_p = 0.000, xtc_probability = 0.000, xtc_threshold = 0.100, typical_p = 1.000, top_n_sigma = -1.000, temp = 0.000
ollama-1  | 	mirostat = 0, mirostat_lr = 0.100, mirostat_ent = 5.000, adaptive_target = -1.000, adaptive_decay = 0.900
ollama-1  | slot launch_slot_: id  0 | task 2365 | processing task, is_child = 0
ollama-1  | slot   operator(): id  0 | task 2365 | new prompt, n_ctx_slot = 4096, n_keep = 4, task.n_tokens = 819
ollama-1  | slot   operator(): id  0 | task 2365 | cached n_tokens = 350, memory_seq_rm [350, end)
ollama-1  | slot init_sampler: id  0 | task 2365 | init sampler, took 0.08 ms, tokens: text = 819, total = 819
ollama-1  | [GIN] 2026/10/08 - 05:51:41 | 200 |      26.615µs |       127.0.0.1 | HEAD     "/"
ollama-1  | [GIN] 2026/10/08 - 05:51:41 | 200 |    1.232895ms |       127.0.0.1 | GET      "/api/tags"
ollama-1  | slot print_timing: id  0 | task 2365 | prompt eval time =    6617.47 ms /   469 tokens (   14.11 ms per token,    70.87 tokens per second)
ollama-1  | slot print_timing: id  0 | task 2365 |        eval time =     613.76 ms /    10 tokens (   68.20 ms per token,    14.66 tokens per second)
ollama-1  | slot print_timing: id  0 | task 2365 |       total time =    7231.23 ms /   479 tokens
ollama-1  | slot print_timing: id  0 | task 2365 |    graphs reused =       1667
ollama-1  | slot      release: id  0 | task 2365 | stop processing: n_tokens = 828, truncated = 0
ollama-1  | srv  update_slots: all slots are idle
ollama-1  | [GIN] 2026/10/08 - 05:51:44 | 200 | 26.364140741s |      172.21.0.4 | POST     "/api/generate"
ollama-1  | srv  server_strea: conv_id= (empty=1)
ollama-1  | slot get_availabl: id  0 | task -1 |  - checking sim = 0.781 (350/448) > 0.100
ollama-1  | slot get_availabl: id  0 | task -1 | selected slot by LCP similarity, f_sim_best = 0.781 (> 0.100 thold), f_keep = 0.423
ollama-1  | srv  get_availabl: updating prompt cache
ollama-1  | srv   prompt_save:  - saving prompt with length 828, total state size = 103.510 MiB (draft: 0.000 MiB)
ollama-1  | srv         alloc:  - prompt is already in the cache, skipping
ollama-1  | srv          load:  - looking for better prompt, base f_keep = 0.423, f_sim = 0.781
ollama-1  | srv          load:    - prompt with length     782, lcp =     350, f_keep = 0.448, f_sim = 0.781
ollama-1  | srv          load:    - prompt with length     794, lcp =     350, f_keep = 0.441, f_sim = 0.781
ollama-1  | srv          load:    - prompt with length     753, lcp =     350, f_keep = 0.465, f_sim = 0.781
ollama-1  | srv          load:    - prompt with length     730, lcp =     350, f_keep = 0.479, f_sim = 0.781
ollama-1  | srv          load:    - prompt with length     828, lcp =     350, f_keep = 0.423, f_sim = 0.781
ollama-1  | srv          load:    - prompt with length     851, lcp =     350, f_keep = 0.411, f_sim = 0.781
ollama-1  | srv          load:    - prompt with length     844, lcp =     350, f_keep = 0.415, f_sim = 0.781
ollama-1  | srv          load:    - prompt with length     846, lcp =     350, f_keep = 0.414, f_sim = 0.781
ollama-1  | srv          load:    - prompt with length     892, lcp =     350, f_keep = 0.392, f_sim = 0.781
ollama-1  | srv          load:    - prompt with length     780, lcp =     350, f_keep = 0.449, f_sim = 0.781
ollama-1  | srv          load:    - prompt with length     730, lcp =     350, f_keep = 0.479, f_sim = 0.781
ollama-1  | srv          load:    - prompt with length     796, lcp =     350, f_keep = 0.440, f_sim = 0.781
ollama-1  | srv          load:    - prompt with length     709, lcp =     350, f_keep = 0.494, f_sim = 0.781
ollama-1  | srv          load:    - prompt with length     800, lcp =     350, f_keep = 0.438, f_sim = 0.781
ollama-1  | srv          load:    - prompt with length     728, lcp =     350, f_keep = 0.481, f_sim = 0.781
ollama-1  | srv          load:    - prompt with length     790, lcp =     350, f_keep = 0.443, f_sim = 0.781
ollama-1  | srv        update:  - cache state: 16 prompts, 1581.782 MiB (limits: 8192.000 MiB, 4096 tokens, 65529 est)
ollama-1  | srv        update:    - prompt 0x36524940:     782 tokens, checkpoints:  0,    97.760 MiB
ollama-1  | srv        update:    - prompt 0x36524a40:     794 tokens, checkpoints:  0,    99.260 MiB
ollama-1  | srv        update:    - prompt 0x36521d10:     753 tokens, checkpoints:  0,    94.134 MiB
ollama-1  | srv        update:    - prompt 0x36521c60:     730 tokens, checkpoints:  0,    91.259 MiB
ollama-1  | srv        update:    - prompt 0x36521bb0:     828 tokens, checkpoints:  0,   103.510 MiB
ollama-1  | srv        update:    - prompt 0x36537930:     851 tokens, checkpoints:  0,   106.385 MiB
ollama-1  | srv        update:    - prompt 0x3652bd10:     844 tokens, checkpoints:  0,   105.510 MiB
ollama-1  | srv        update:    - prompt 0x3724fc20:     846 tokens, checkpoints:  0,   105.760 MiB
ollama-1  | srv        update:    - prompt 0x3651c680:     892 tokens, checkpoints:  0,   111.511 MiB
ollama-1  | srv        update:    - prompt 0x3715ca80:     780 tokens, checkpoints:  0,    97.510 MiB
ollama-1  | srv        update:    - prompt 0x37b80950:     730 tokens, checkpoints:  0,    91.259 MiB
ollama-1  | srv        update:    - prompt 0x3651cdf0:     796 tokens, checkpoints:  0,    99.510 MiB
ollama-1  | srv        update:    - prompt 0x37264940:     709 tokens, checkpoints:  0,    88.634 MiB
ollama-1  | srv        update:    - prompt 0x36510eb0:     800 tokens, checkpoints:  0,   100.010 MiB
ollama-1  | srv        update:    - prompt 0x36522570:     728 tokens, checkpoints:  0,    91.009 MiB
ollama-1  | srv        update:    - prompt 0x364ffda0:     790 tokens, checkpoints:  0,    98.760 MiB
ollama-1  | srv  get_availabl: prompt cache update took 0.14 ms
ollama-1  | slot launch_slot_: id  0 | task -1 | sampler chain: logits -> ?penalties -> ?dry -> ?top-n-sigma -> top-k -> ?typical -> top-p -> ?min-p -> ?xtc -> temp-ext -> dist 
ollama-1  | slot launch_slot_: id  0 | task -1 | sampler params: 
ollama-1  | 	repeat_last_n = 64, repeat_penalty = 1.000, frequency_penalty = 0.000, presence_penalty = 0.000
ollama-1  | 	dry_multiplier = 0.000, dry_base = 1.750, dry_allowed_length = 2, dry_penalty_last_n = 64
ollama-1  | 	top_k = 40, top_p = 0.900, min_p = 0.000, xtc_probability = 0.000, xtc_threshold = 0.100, typical_p = 1.000, top_n_sigma = -1.000, temp = 0.000
ollama-1  | 	mirostat = 0, mirostat_lr = 0.100, mirostat_ent = 5.000, adaptive_target = -1.000, adaptive_decay = 0.900
ollama-1  | slot launch_slot_: id  0 | task 2376 | processing task, is_child = 0
ollama-1  | slot   operator(): id  0 | task 2376 | new prompt, n_ctx_slot = 4096, n_keep = 4, task.n_tokens = 448
ollama-1  | slot   operator(): id  0 | task 2376 | cached n_tokens = 350, memory_seq_rm [350, end)
ollama-1  | slot init_sampler: id  0 | task 2376 | init sampler, took 0.05 ms, tokens: text = 448, total = 448
ollama-1  | slot print_timing: id  0 | task 2376 | prompt eval time =    1347.69 ms /    98 tokens (   13.75 ms per token,    72.72 tokens per second)
ollama-1  | slot print_timing: id  0 | task 2376 |        eval time =     538.59 ms /     9 tokens (   67.32 ms per token,    14.85 tokens per second)
ollama-1  | slot print_timing: id  0 | task 2376 |       total time =    1886.28 ms /   107 tokens
ollama-1  | slot print_timing: id  0 | task 2376 |    graphs reused =       1674
ollama-1  | slot      release: id  0 | task 2376 | stop processing: n_tokens = 456, truncated = 0
ollama-1  | srv  update_slots: all slots are idle
ollama-1  | [GIN] 2026/10/08 - 05:51:46 | 200 | 26.941768703s |      172.21.0.4 | POST     "/api/generate"
ollama-1  | srv  server_strea: conv_id= (empty=1)
ollama-1  | slot get_availabl: id  0 | task -1 |  - checking sim = 0.643 (350/544) > 0.100
ollama-1  | slot get_availabl: id  0 | task -1 | selected slot by LCP similarity, f_sim_best = 0.643 (> 0.100 thold), f_keep = 0.768
ollama-1  | slot launch_slot_: id  0 | task -1 | sampler chain: logits -> ?penalties -> ?dry -> ?top-n-sigma -> top-k -> ?typical -> top-p -> ?min-p -> ?xtc -> temp-ext -> dist 
ollama-1  | slot launch_slot_: id  0 | task -1 | sampler params: 
ollama-1  | 	repeat_last_n = 64, repeat_penalty = 1.000, frequency_penalty = 0.000, presence_penalty = 0.000
ollama-1  | 	dry_multiplier = 0.000, dry_base = 1.750, dry_allowed_length = 2, dry_penalty_last_n = 64
ollama-1  | 	top_k = 40, top_p = 0.900, min_p = 0.000, xtc_probability = 0.000, xtc_threshold = 0.100, typical_p = 1.000, top_n_sigma = -1.000, temp = 0.000
ollama-1  | 	mirostat = 0, mirostat_lr = 0.100, mirostat_ent = 5.000, adaptive_target = -1.000, adaptive_decay = 0.900
ollama-1  | slot launch_slot_: id  0 | task 2386 | processing task, is_child = 0
ollama-1  | slot   operator(): id  0 | task 2386 | new prompt, n_ctx_slot = 4096, n_keep = 4, task.n_tokens = 544
ollama-1  | slot   operator(): id  0 | task 2386 | cached n_tokens = 350, memory_seq_rm [350, end)
ollama-1  | slot init_sampler: id  0 | task 2386 | init sampler, took 0.06 ms, tokens: text = 544, total = 544
ollama-1  | slot print_timing: id  0 | task 2386 | prompt eval time =    2764.86 ms /   194 tokens (   14.25 ms per token,    70.17 tokens per second)
ollama-1  | slot print_timing: id  0 | task 2386 |        eval time =     540.26 ms /     9 tokens (   67.53 ms per token,    14.81 tokens per second)
ollama-1  | slot print_timing: id  0 | task 2386 |       total time =    3305.12 ms /   203 tokens
ollama-1  | slot print_timing: id  0 | task 2386 |    graphs reused =       1681
ollama-1  | slot      release: id  0 | task 2386 | stop processing: n_tokens = 552, truncated = 0
ollama-1  | srv  update_slots: all slots are idle
ollama-1  | [GIN] 2026/10/08 - 05:51:49 | 200 | 28.686573609s |      172.21.0.4 | POST     "/api/generate"
ollama-1  | srv  server_strea: conv_id= (empty=1)
ollama-1  | slot get_availabl: id  0 | task -1 |  - checking sim = 0.663 (350/528) > 0.100
ollama-1  | slot get_availabl: id  0 | task -1 | selected slot by LCP similarity, f_sim_best = 0.663 (> 0.100 thold), f_keep = 0.634
ollama-1  | slot launch_slot_: id  0 | task -1 | sampler chain: logits -> ?penalties -> ?dry -> ?top-n-sigma -> top-k -> ?typical -> top-p -> ?min-p -> ?xtc -> temp-ext -> dist 
ollama-1  | slot launch_slot_: id  0 | task -1 | sampler params: 
ollama-1  | 	repeat_last_n = 64, repeat_penalty = 1.000, frequency_penalty = 0.000, presence_penalty = 0.000
ollama-1  | 	dry_multiplier = 0.000, dry_base = 1.750, dry_allowed_length = 2, dry_penalty_last_n = 64
ollama-1  | 	top_k = 40, top_p = 0.900, min_p = 0.000, xtc_probability = 0.000, xtc_threshold = 0.100, typical_p = 1.000, top_n_sigma = -1.000, temp = 0.000
ollama-1  | 	mirostat = 0, mirostat_lr = 0.100, mirostat_ent = 5.000, adaptive_target = -1.000, adaptive_decay = 0.900
ollama-1  | slot launch_slot_: id  0 | task 2396 | processing task, is_child = 0
ollama-1  | slot   operator(): id  0 | task 2396 | new prompt, n_ctx_slot = 4096, n_keep = 4, task.n_tokens = 528
ollama-1  | slot   operator(): id  0 | task 2396 | cached n_tokens = 350, memory_seq_rm [350, end)
ollama-1  | slot init_sampler: id  0 | task 2396 | init sampler, took 0.04 ms, tokens: text = 528, total = 528
ollama-1  | [GIN] 2026/10/08 - 05:51:51 | 200 |      20.176µs |       127.0.0.1 | HEAD     "/"
ollama-1  | [GIN] 2026/10/08 - 05:51:51 | 200 |    1.390575ms |       127.0.0.1 | GET      "/api/tags"
ollama-1  | slot print_timing: id  0 | task 2396 | prompt eval time =    2492.66 ms /   178 tokens (   14.00 ms per token,    71.41 tokens per second)
ollama-1  | slot print_timing: id  0 | task 2396 |        eval time =     543.31 ms /     9 tokens (   67.91 ms per token,    14.72 tokens per second)
ollama-1  | slot print_timing: id  0 | task 2396 |       total time =    3035.96 ms /   187 tokens
ollama-1  | slot print_timing: id  0 | task 2396 |    graphs reused =       1688
ollama-1  | slot      release: id  0 | task 2396 | stop processing: n_tokens = 536, truncated = 0
ollama-1  | srv  update_slots: all slots are idle
ollama-1  | [GIN] 2026/10/08 - 05:51:52 | 200 | 27.891532694s |      172.21.0.4 | POST     "/api/generate"
ollama-1  | srv  server_strea: conv_id= (empty=1)
ollama-1  | slot get_availabl: id  0 | task -1 |  - checking sim = 0.648 (350/540) > 0.100
ollama-1  | slot get_availabl: id  0 | task -1 | selected slot by LCP similarity, f_sim_best = 0.648 (> 0.100 thold), f_keep = 0.653
ollama-1  | slot launch_slot_: id  0 | task -1 | sampler chain: logits -> ?penalties -> ?dry -> ?top-n-sigma -> top-k -> ?typical -> top-p -> ?min-p -> ?xtc -> temp-ext -> dist 
ollama-1  | slot launch_slot_: id  0 | task -1 | sampler params: 
ollama-1  | 	repeat_last_n = 64, repeat_penalty = 1.000, frequency_penalty = 0.000, presence_penalty = 0.000
ollama-1  | 	dry_multiplier = 0.000, dry_base = 1.750, dry_allowed_length = 2, dry_penalty_last_n = 64
ollama-1  | 	top_k = 40, top_p = 0.900, min_p = 0.000, xtc_probability = 0.000, xtc_threshold = 0.100, typical_p = 1.000, top_n_sigma = -1.000, temp = 0.000
ollama-1  | 	mirostat = 0, mirostat_lr = 0.100, mirostat_ent = 5.000, adaptive_target = -1.000, adaptive_decay = 0.900
ollama-1  | slot launch_slot_: id  0 | task 2406 | processing task, is_child = 0
ollama-1  | slot   operator(): id  0 | task 2406 | new prompt, n_ctx_slot = 4096, n_keep = 4, task.n_tokens = 540
ollama-1  | slot   operator(): id  0 | task 2406 | cached n_tokens = 350, memory_seq_rm [350, end)
ollama-1  | slot init_sampler: id  0 | task 2406 | init sampler, took 0.06 ms, tokens: text = 540, total = 540
ollama-1  | slot print_timing: id  0 | task 2406 | prompt eval time =    2740.82 ms /   190 tokens (   14.43 ms per token,    69.32 tokens per second)
ollama-1  | slot print_timing: id  0 | task 2406 |        eval time =     642.00 ms /    10 tokens (   71.33 ms per token,    14.02 tokens per second)
ollama-1  | slot print_timing: id  0 | task 2406 |       total time =    3382.81 ms /   200 tokens
ollama-1  | slot print_timing: id  0 | task 2406 |    graphs reused =       1696
ollama-1  | slot      release: id  0 | task 2406 | stop processing: n_tokens = 549, truncated = 0
ollama-1  | srv  update_slots: all slots are idle
ollama-1  | [GIN] 2026/10/08 - 05:51:56 | 200 | 29.258762748s |      172.21.0.4 | POST     "/api/generate"
ollama-1  | srv  server_strea: conv_id= (empty=1)
ollama-1  | slot get_availabl: id  0 | task -1 |  - checking sim = 0.820 (350/427) > 0.100
ollama-1  | slot get_availabl: id  0 | task -1 | selected slot by LCP similarity, f_sim_best = 0.820 (> 0.100 thold), f_keep = 0.638
ollama-1  | slot launch_slot_: id  0 | task -1 | sampler chain: logits -> ?penalties -> ?dry -> ?top-n-sigma -> top-k -> ?typical -> top-p -> ?min-p -> ?xtc -> temp-ext -> dist 
ollama-1  | slot launch_slot_: id  0 | task -1 | sampler params: 
ollama-1  | 	repeat_last_n = 64, repeat_penalty = 1.000, frequency_penalty = 0.000, presence_penalty = 0.000
ollama-1  | 	dry_multiplier = 0.000, dry_base = 1.750, dry_allowed_length = 2, dry_penalty_last_n = 64
ollama-1  | 	top_k = 40, top_p = 0.900, min_p = 0.000, xtc_probability = 0.000, xtc_threshold = 0.100, typical_p = 1.000, top_n_sigma = -1.000, temp = 0.000
ollama-1  | 	mirostat = 0, mirostat_lr = 0.100, mirostat_ent = 5.000, adaptive_target = -1.000, adaptive_decay = 0.900
ollama-1  | slot launch_slot_: id  0 | task 2417 | processing task, is_child = 0
ollama-1  | slot   operator(): id  0 | task 2417 | new prompt, n_ctx_slot = 4096, n_keep = 4, task.n_tokens = 427
ollama-1  | slot   operator(): id  0 | task 2417 | cached n_tokens = 350, memory_seq_rm [350, end)
ollama-1  | slot init_sampler: id  0 | task 2417 | init sampler, took 0.05 ms, tokens: text = 427, total = 427
ollama-1  | slot print_timing: id  0 | task 2417 | prompt eval time =    1181.88 ms /    77 tokens (   15.35 ms per token,    65.15 tokens per second)
ollama-1  | slot print_timing: id  0 | task 2417 |        eval time =     595.05 ms /     8 tokens (   85.01 ms per token,    11.76 tokens per second)
ollama-1  | slot print_timing: id  0 | task 2417 |       total time =    1776.93 ms /    85 tokens
ollama-1  | slot print_timing: id  0 | task 2417 |    graphs reused =       1702
ollama-1  | slot      release: id  0 | task 2417 | stop processing: n_tokens = 434, truncated = 0
ollama-1  | srv  update_slots: all slots are idle
ollama-1  | [GIN] 2026/10/08 - 05:51:57 | 200 | 27.513732021s |      172.21.0.4 | POST     "/api/generate"
ollama-1  | srv  server_strea: conv_id= (empty=1)
ollama-1  | slot get_availabl: id  0 | task -1 |  - checking sim = 0.485 (351/723) > 0.100
ollama-1  | slot get_availabl: id  0 | task -1 | selected slot by LCP similarity, f_sim_best = 0.485 (> 0.100 thold), f_keep = 0.809
ollama-1  | slot launch_slot_: id  0 | task -1 | sampler chain: logits -> ?penalties -> ?dry -> ?top-n-sigma -> top-k -> ?typical -> top-p -> ?min-p -> ?xtc -> temp-ext -> dist 
ollama-1  | slot launch_slot_: id  0 | task -1 | sampler params: 
ollama-1  | 	repeat_last_n = 64, repeat_penalty = 1.000, frequency_penalty = 0.000, presence_penalty = 0.000
ollama-1  | 	dry_multiplier = 0.000, dry_base = 1.750, dry_allowed_length = 2, dry_penalty_last_n = 64
ollama-1  | 	top_k = 40, top_p = 0.900, min_p = 0.000, xtc_probability = 0.000, xtc_threshold = 0.100, typical_p = 1.000, top_n_sigma = -1.000, temp = 0.000
ollama-1  | 	mirostat = 0, mirostat_lr = 0.100, mirostat_ent = 5.000, adaptive_target = -1.000, adaptive_decay = 0.900
ollama-1  | slot launch_slot_: id  0 | task 2426 | processing task, is_child = 0
ollama-1  | slot   operator(): id  0 | task 2426 | new prompt, n_ctx_slot = 4096, n_keep = 4, task.n_tokens = 723
ollama-1  | slot   operator(): id  0 | task 2426 | cached n_tokens = 351, memory_seq_rm [351, end)
ollama-1  | slot init_sampler: id  0 | task 2426 | init sampler, took 0.08 ms, tokens: text = 723, total = 723
ollama-1  | [GIN] 2026/10/08 - 05:52:03 | 200 |      32.356µs |       127.0.0.1 | HEAD     "/"
ollama-1  | [GIN] 2026/10/08 - 05:52:03 | 200 |    1.654112ms |       127.0.0.1 | GET      "/api/tags"
ollama-1  | slot print_timing: id  0 | task 2426 | prompt eval time =    5300.20 ms /   372 tokens (   14.25 ms per token,    70.19 tokens per second)
ollama-1  | slot print_timing: id  0 | task 2426 |        eval time =     506.28 ms /     8 tokens (   72.33 ms per token,    13.83 tokens per second)
ollama-1  | slot print_timing: id  0 | task 2426 |       total time =    5806.48 ms /   380 tokens
ollama-1  | slot print_timing: id  0 | task 2426 |    graphs reused =       1708
ollama-1  | slot      release: id  0 | task 2426 | stop processing: n_tokens = 730, truncated = 0
ollama-1  | srv  update_slots: all slots are idle
ollama-1  | [GIN] 2026/10/08 - 05:52:05 | 200 | 23.797160769s |      172.21.0.4 | POST     "/api/generate"
ollama-1  | srv  server_strea: conv_id= (empty=1)
ollama-1  | slot get_availabl: id  0 | task -1 |  - checking sim = 0.529 (350/662) > 0.100
ollama-1  | slot get_availabl: id  0 | task -1 | selected slot by LCP similarity, f_sim_best = 0.529 (> 0.100 thold), f_keep = 0.479
ollama-1  | srv  get_availabl: updating prompt cache
ollama-1  | srv   prompt_save:  - saving prompt with length 730, total state size = 91.259 MiB (draft: 0.000 MiB)
ollama-1  | srv         alloc:  - prompt is already in the cache, skipping
ollama-1  | srv          load:  - looking for better prompt, base f_keep = 0.479, f_sim = 0.529
ollama-1  | srv          load:    - prompt with length     782, lcp =     350, f_keep = 0.448, f_sim = 0.529
ollama-1  | srv          load:    - prompt with length     794, lcp =     351, f_keep = 0.442, f_sim = 0.530
ollama-1  | srv          load:    - prompt with length     753, lcp =     350, f_keep = 0.465, f_sim = 0.529
ollama-1  | srv          load:    - prompt with length     730, lcp =     350, f_keep = 0.479, f_sim = 0.529
ollama-1  | srv          load:    - prompt with length     828, lcp =     350, f_keep = 0.423, f_sim = 0.529
ollama-1  | srv          load:    - prompt with length     851, lcp =     350, f_keep = 0.411, f_sim = 0.529
ollama-1  | srv          load:    - prompt with length     844, lcp =     350, f_keep = 0.415, f_sim = 0.529
ollama-1  | srv          load:    - prompt with length     846, lcp =     350, f_keep = 0.414, f_sim = 0.529
ollama-1  | srv          load:    - prompt with length     892, lcp =     350, f_keep = 0.392, f_sim = 0.529
ollama-1  | srv          load:    - prompt with length     780, lcp =     350, f_keep = 0.449, f_sim = 0.529
ollama-1  | srv          load:    - prompt with length     730, lcp =     350, f_keep = 0.479, f_sim = 0.529
ollama-1  | srv          load:    - prompt with length     796, lcp =     350, f_keep = 0.440, f_sim = 0.529
ollama-1  | srv          load:    - prompt with length     709, lcp =     350, f_keep = 0.494, f_sim = 0.529
ollama-1  | srv          load:    - prompt with length     800, lcp =     350, f_keep = 0.438, f_sim = 0.529
ollama-1  | srv          load:    - prompt with length     728, lcp =     350, f_keep = 0.481, f_sim = 0.529
ollama-1  | srv          load:    - prompt with length     790, lcp =     350, f_keep = 0.443, f_sim = 0.529
ollama-1  | srv        update:  - cache state: 16 prompts, 1581.782 MiB (limits: 8192.000 MiB, 4096 tokens, 65529 est)
ollama-1  | srv        update:    - prompt 0x36524940:     782 tokens, checkpoints:  0,    97.760 MiB
ollama-1  | srv        update:    - prompt 0x36524a40:     794 tokens, checkpoints:  0,    99.260 MiB
ollama-1  | srv        update:    - prompt 0x36521d10:     753 tokens, checkpoints:  0,    94.134 MiB
ollama-1  | srv        update:    - prompt 0x36521c60:     730 tokens, checkpoints:  0,    91.259 MiB
ollama-1  | srv        update:    - prompt 0x36521bb0:     828 tokens, checkpoints:  0,   103.510 MiB
ollama-1  | srv        update:    - prompt 0x36537930:     851 tokens, checkpoints:  0,   106.385 MiB
ollama-1  | srv        update:    - prompt 0x3652bd10:     844 tokens, checkpoints:  0,   105.510 MiB
ollama-1  | srv        update:    - prompt 0x3724fc20:     846 tokens, checkpoints:  0,   105.760 MiB
ollama-1  | srv        update:    - prompt 0x3651c680:     892 tokens, checkpoints:  0,   111.511 MiB
ollama-1  | srv        update:    - prompt 0x3715ca80:     780 tokens, checkpoints:  0,    97.510 MiB
ollama-1  | srv        update:    - prompt 0x37b80950:     730 tokens, checkpoints:  0,    91.259 MiB
ollama-1  | srv        update:    - prompt 0x3651cdf0:     796 tokens, checkpoints:  0,    99.510 MiB
ollama-1  | srv        update:    - prompt 0x37264940:     709 tokens, checkpoints:  0,    88.634 MiB
ollama-1  | srv        update:    - prompt 0x36510eb0:     800 tokens, checkpoints:  0,   100.010 MiB
ollama-1  | srv        update:    - prompt 0x36522570:     728 tokens, checkpoints:  0,    91.009 MiB
ollama-1  | srv        update:    - prompt 0x364ffda0:     790 tokens, checkpoints:  0,    98.760 MiB
ollama-1  | srv  get_availabl: prompt cache update took 0.07 ms
ollama-1  | slot launch_slot_: id  0 | task -1 | sampler chain: logits -> ?penalties -> ?dry -> ?top-n-sigma -> top-k -> ?typical -> top-p -> ?min-p -> ?xtc -> temp-ext -> dist 
ollama-1  | slot launch_slot_: id  0 | task -1 | sampler params: 
ollama-1  | 	repeat_last_n = 64, repeat_penalty = 1.000, frequency_penalty = 0.000, presence_penalty = 0.000
ollama-1  | 	dry_multiplier = 0.000, dry_base = 1.750, dry_allowed_length = 2, dry_penalty_last_n = 64
ollama-1  | 	top_k = 40, top_p = 0.900, min_p = 0.000, xtc_probability = 0.000, xtc_threshold = 0.100, typical_p = 1.000, top_n_sigma = -1.000, temp = 0.000
ollama-1  | 	mirostat = 0, mirostat_lr = 0.100, mirostat_ent = 5.000, adaptive_target = -1.000, adaptive_decay = 0.900
ollama-1  | slot launch_slot_: id  0 | task 2435 | processing task, is_child = 0
ollama-1  | slot   operator(): id  0 | task 2435 | new prompt, n_ctx_slot = 4096, n_keep = 4, task.n_tokens = 662
ollama-1  | slot   operator(): id  0 | task 2435 | cached n_tokens = 350, memory_seq_rm [350, end)
ollama-1  | slot init_sampler: id  0 | task 2435 | init sampler, took 0.07 ms, tokens: text = 662, total = 662
ollama-1  | slot print_timing: id  0 | task 2435 | prompt eval time =    4734.91 ms /   312 tokens (   15.18 ms per token,    65.89 tokens per second)
ollama-1  | slot print_timing: id  0 | task 2435 |        eval time =     678.66 ms /    10 tokens (   75.41 ms per token,    13.26 tokens per second)
ollama-1  | slot print_timing: id  0 | task 2435 |       total time =    5413.58 ms /   322 tokens
ollama-1  | slot print_timing: id  0 | task 2435 |    graphs reused =       1716
ollama-1  | slot      release: id  0 | task 2435 | stop processing: n_tokens = 671, truncated = 0
ollama-1  | srv  update_slots: all slots are idle
ollama-1  | [GIN] 2026/10/08 - 05:52:10 | 200 | 28.005900443s |      172.21.0.4 | POST     "/api/generate"
ollama-1  | srv  server_strea: conv_id= (empty=1)
ollama-1  | slot get_availabl: id  0 | task -1 |  - checking sim = 0.566 (350/618) > 0.100
ollama-1  | slot get_availabl: id  0 | task -1 | selected slot by LCP similarity, f_sim_best = 0.566 (> 0.100 thold), f_keep = 0.522
ollama-1  | slot launch_slot_: id  0 | task -1 | sampler chain: logits -> ?penalties -> ?dry -> ?top-n-sigma -> top-k -> ?typical -> top-p -> ?min-p -> ?xtc -> temp-ext -> dist 
ollama-1  | slot launch_slot_: id  0 | task -1 | sampler params: 
ollama-1  | 	repeat_last_n = 64, repeat_penalty = 1.000, frequency_penalty = 0.000, presence_penalty = 0.000
ollama-1  | 	dry_multiplier = 0.000, dry_base = 1.750, dry_allowed_length = 2, dry_penalty_last_n = 64
ollama-1  | 	top_k = 40, top_p = 0.900, min_p = 0.000, xtc_probability = 0.000, xtc_threshold = 0.100, typical_p = 1.000, top_n_sigma = -1.000, temp = 0.000
ollama-1  | 	mirostat = 0, mirostat_lr = 0.100, mirostat_ent = 5.000, adaptive_target = -1.000, adaptive_decay = 0.900
ollama-1  | slot launch_slot_: id  0 | task 2446 | processing task, is_child = 0
ollama-1  | slot   operator(): id  0 | task 2446 | new prompt, n_ctx_slot = 4096, n_keep = 4, task.n_tokens = 618
ollama-1  | slot   operator(): id  0 | task 2446 | cached n_tokens = 350, memory_seq_rm [350, end)
ollama-1  | slot init_sampler: id  0 | task 2446 | init sampler, took 0.07 ms, tokens: text = 618, total = 618
ollama-1  | [GIN] 2026/10/08 - 05:52:13 | 200 |      20.847µs |       127.0.0.1 | HEAD     "/"
ollama-1  | [GIN] 2026/10/08 - 05:52:13 | 200 |     829.048µs |       127.0.0.1 | GET      "/api/tags"
ollama-1  | slot print_timing: id  0 | task 2446 | prompt eval time =    3993.39 ms /   268 tokens (   14.90 ms per token,    67.11 tokens per second)
ollama-1  | slot print_timing: id  0 | task 2446 |        eval time =     631.78 ms /     9 tokens (   78.97 ms per token,    12.66 tokens per second)
ollama-1  | slot print_timing: id  0 | task 2446 |       total time =    4625.17 ms /   277 tokens
ollama-1  | slot print_timing: id  0 | task 2446 |    graphs reused =       1723
ollama-1  | slot      release: id  0 | task 2446 | stop processing: n_tokens = 626, truncated = 0
ollama-1  | srv  update_slots: all slots are idle
ollama-1  | [GIN] 2026/10/08 - 05:52:15 | 200 | 30.814880098s |      172.21.0.4 | POST     "/api/generate"
ollama-1  | srv  server_strea: conv_id= (empty=1)
ollama-1  | slot get_availabl: id  0 | task -1 |  - checking sim = 0.781 (350/448) > 0.100
ollama-1  | slot get_availabl: id  0 | task -1 | selected slot by LCP similarity, f_sim_best = 0.781 (> 0.100 thold), f_keep = 0.559
ollama-1  | slot launch_slot_: id  0 | task -1 | sampler chain: logits -> ?penalties -> ?dry -> ?top-n-sigma -> top-k -> ?typical -> top-p -> ?min-p -> ?xtc -> temp-ext -> dist 
ollama-1  | slot launch_slot_: id  0 | task -1 | sampler params: 
ollama-1  | 	repeat_last_n = 64, repeat_penalty = 1.000, frequency_penalty = 0.000, presence_penalty = 0.000
ollama-1  | 	dry_multiplier = 0.000, dry_base = 1.750, dry_allowed_length = 2, dry_penalty_last_n = 64
ollama-1  | 	top_k = 40, top_p = 0.900, min_p = 0.000, xtc_probability = 0.000, xtc_threshold = 0.100, typical_p = 1.000, top_n_sigma = -1.000, temp = 0.000
ollama-1  | 	mirostat = 0, mirostat_lr = 0.100, mirostat_ent = 5.000, adaptive_target = -1.000, adaptive_decay = 0.900
ollama-1  | slot launch_slot_: id  0 | task 2456 | processing task, is_child = 0
ollama-1  | slot   operator(): id  0 | task 2456 | new prompt, n_ctx_slot = 4096, n_keep = 4, task.n_tokens = 448
ollama-1  | slot   operator(): id  0 | task 2456 | cached n_tokens = 350, memory_seq_rm [350, end)
ollama-1  | slot init_sampler: id  0 | task 2456 | init sampler, took 0.04 ms, tokens: text = 448, total = 448
ollama-1  | slot print_timing: id  0 | task 2456 | prompt eval time =    1455.99 ms /    98 tokens (   14.86 ms per token,    67.31 tokens per second)
ollama-1  | slot print_timing: id  0 | task 2456 |        eval time =     524.25 ms /     8 tokens (   74.89 ms per token,    13.35 tokens per second)
ollama-1  | slot print_timing: id  0 | task 2456 |       total time =    1980.23 ms /   106 tokens
ollama-1  | slot print_timing: id  0 | task 2456 |    graphs reused =       1729
ollama-1  | slot      release: id  0 | task 2456 | stop processing: n_tokens = 455, truncated = 0
ollama-1  | srv  update_slots: all slots are idle
ollama-1  | [GIN] 2026/10/08 - 05:52:17 | 200 | 32.698342023s |      172.21.0.4 | POST     "/api/generate"
ollama-1  | srv  server_strea: conv_id= (empty=1)
ollama-1  | slot get_availabl: id  0 | task -1 |  - checking sim = 0.680 (350/515) > 0.100
ollama-1  | slot get_availabl: id  0 | task -1 | selected slot by LCP similarity, f_sim_best = 0.680 (> 0.100 thold), f_keep = 0.769
ollama-1  | slot launch_slot_: id  0 | task -1 | sampler chain: logits -> ?penalties -> ?dry -> ?top-n-sigma -> top-k -> ?typical -> top-p -> ?min-p -> ?xtc -> temp-ext -> dist 
ollama-1  | slot launch_slot_: id  0 | task -1 | sampler params: 
ollama-1  | 	repeat_last_n = 64, repeat_penalty = 1.000, frequency_penalty = 0.000, presence_penalty = 0.000
ollama-1  | 	dry_multiplier = 0.000, dry_base = 1.750, dry_allowed_length = 2, dry_penalty_last_n = 64
ollama-1  | 	top_k = 40, top_p = 0.900, min_p = 0.000, xtc_probability = 0.000, xtc_threshold = 0.100, typical_p = 1.000, top_n_sigma = -1.000, temp = 0.000
ollama-1  | 	mirostat = 0, mirostat_lr = 0.100, mirostat_ent = 5.000, adaptive_target = -1.000, adaptive_decay = 0.900
ollama-1  | slot launch_slot_: id  0 | task 2465 | processing task, is_child = 0
ollama-1  | slot   operator(): id  0 | task 2465 | new prompt, n_ctx_slot = 4096, n_keep = 4, task.n_tokens = 515
ollama-1  | slot   operator(): id  0 | task 2465 | cached n_tokens = 350, memory_seq_rm [350, end)
ollama-1  | slot init_sampler: id  0 | task 2465 | init sampler, took 0.04 ms, tokens: text = 515, total = 515
ollama-1  | slot print_timing: id  0 | task 2465 | prompt eval time =    2519.37 ms /   165 tokens (   15.27 ms per token,    65.49 tokens per second)
ollama-1  | slot print_timing: id  0 | task 2465 |        eval time =     691.88 ms /     9 tokens (   86.48 ms per token,    11.56 tokens per second)
ollama-1  | slot print_timing: id  0 | task 2465 |       total time =    3211.24 ms /   174 tokens
ollama-1  | slot print_timing: id  0 | task 2465 |    graphs reused =       1736
ollama-1  | slot      release: id  0 | task 2465 | stop processing: n_tokens = 523, truncated = 0
ollama-1  | srv  update_slots: all slots are idle
ollama-1  | [GIN] 2026/10/08 - 05:52:20 | 200 | 34.568271842s |      172.21.0.4 | POST     "/api/generate"
ollama-1  | srv  server_strea: conv_id= (empty=1)
ollama-1  | slot get_availabl: id  0 | task -1 |  - checking sim = 0.839 (350/417) > 0.100
ollama-1  | slot get_availabl: id  0 | task -1 | selected slot by LCP similarity, f_sim_best = 0.839 (> 0.100 thold), f_keep = 0.669
ollama-1  | slot launch_slot_: id  0 | task -1 | sampler chain: logits -> ?penalties -> ?dry -> ?top-n-sigma -> top-k -> ?typical -> top-p -> ?min-p -> ?xtc -> temp-ext -> dist 
ollama-1  | slot launch_slot_: id  0 | task -1 | sampler params: 
ollama-1  | 	repeat_last_n = 64, repeat_penalty = 1.000, frequency_penalty = 0.000, presence_penalty = 0.000
ollama-1  | 	dry_multiplier = 0.000, dry_base = 1.750, dry_allowed_length = 2, dry_penalty_last_n = 64
ollama-1  | 	top_k = 40, top_p = 0.900, min_p = 0.000, xtc_probability = 0.000, xtc_threshold = 0.100, typical_p = 1.000, top_n_sigma = -1.000, temp = 0.000
ollama-1  | 	mirostat = 0, mirostat_lr = 0.100, mirostat_ent = 5.000, adaptive_target = -1.000, adaptive_decay = 0.900
ollama-1  | slot launch_slot_: id  0 | task 2475 | processing task, is_child = 0
ollama-1  | slot   operator(): id  0 | task 2475 | new prompt, n_ctx_slot = 4096, n_keep = 4, task.n_tokens = 417
ollama-1  | slot   operator(): id  0 | task 2475 | cached n_tokens = 350, memory_seq_rm [350, end)
ollama-1  | slot init_sampler: id  0 | task 2475 | init sampler, took 0.05 ms, tokens: text = 417, total = 417
ollama-1  | slot print_timing: id  0 | task 2475 | prompt eval time =    1037.66 ms /    67 tokens (   15.49 ms per token,    64.57 tokens per second)
ollama-1  | slot print_timing: id  0 | task 2475 |        eval time =     734.34 ms /     9 tokens (   91.79 ms per token,    10.89 tokens per second)
ollama-1  | slot print_timing: id  0 | task 2475 |       total time =    1772.00 ms /    76 tokens
ollama-1  | slot print_timing: id  0 | task 2475 |    graphs reused =       1743
ollama-1  | slot      release: id  0 | task 2475 | stop processing: n_tokens = 425, truncated = 0
ollama-1  | srv  update_slots: all slots are idle
ollama-1  | [GIN] 2026/10/08 - 05:52:22 | 200 | 35.928110864s |      172.21.0.4 | POST     "/api/generate"
ollama-1  | srv  server_strea: conv_id= (empty=1)
ollama-1  | slot get_availabl: id  0 | task -1 |  - checking sim = 0.839 (350/417) > 0.100
ollama-1  | slot get_availabl: id  0 | task -1 | selected slot by LCP similarity, f_sim_best = 0.839 (> 0.100 thold), f_keep = 0.824
ollama-1  | slot launch_slot_: id  0 | task -1 | sampler chain: logits -> ?penalties -> ?dry -> ?top-n-sigma -> top-k -> ?typical -> top-p -> ?min-p -> ?xtc -> temp-ext -> dist 
ollama-1  | slot launch_slot_: id  0 | task -1 | sampler params: 
ollama-1  | 	repeat_last_n = 64, repeat_penalty = 1.000, frequency_penalty = 0.000, presence_penalty = 0.000
ollama-1  | 	dry_multiplier = 0.000, dry_base = 1.750, dry_allowed_length = 2, dry_penalty_last_n = 64
ollama-1  | 	top_k = 40, top_p = 0.900, min_p = 0.000, xtc_probability = 0.000, xtc_threshold = 0.100, typical_p = 1.000, top_n_sigma = -1.000, temp = 0.000
ollama-1  | 	mirostat = 0, mirostat_lr = 0.100, mirostat_ent = 5.000, adaptive_target = -1.000, adaptive_decay = 0.900
ollama-1  | slot launch_slot_: id  0 | task 2485 | processing task, is_child = 0
ollama-1  | slot   operator(): id  0 | task 2485 | new prompt, n_ctx_slot = 4096, n_keep = 4, task.n_tokens = 417
ollama-1  | slot   operator(): id  0 | task 2485 | cached n_tokens = 350, memory_seq_rm [350, end)
ollama-1  | slot init_sampler: id  0 | task 2485 | init sampler, took 0.03 ms, tokens: text = 417, total = 417
ollama-1  | [GIN] 2026/10/08 - 05:52:23 | 200 |      42.376µs |       127.0.0.1 | HEAD     "/"
ollama-1  | [GIN] 2026/10/08 - 05:52:23 | 200 |     1.65986ms |       127.0.0.1 | GET      "/api/tags"
ollama-1  | slot print_timing: id  0 | task 2485 | prompt eval time =    1079.35 ms /    67 tokens (   16.11 ms per token,    62.07 tokens per second)
ollama-1  | slot print_timing: id  0 | task 2485 |        eval time =     648.16 ms /    10 tokens (   72.02 ms per token,    13.89 tokens per second)
ollama-1  | slot print_timing: id  0 | task 2485 |       total time =    1727.51 ms /    77 tokens
ollama-1  | slot print_timing: id  0 | task 2485 |    graphs reused =       1751
ollama-1  | slot      release: id  0 | task 2485 | stop processing: n_tokens = 426, truncated = 0
ollama-1  | srv  update_slots: all slots are idle
ollama-1  | [GIN] 2026/10/08 - 05:52:24 | 200 | 35.552199787s |      172.21.0.4 | POST     "/api/generate"
ollama-1  | srv  server_strea: conv_id= (empty=1)
ollama-1  | slot get_availabl: id  0 | task -1 |  - checking sim = 0.742 (350/472) > 0.100
ollama-1  | slot get_availabl: id  0 | task -1 | selected slot by LCP similarity, f_sim_best = 0.742 (> 0.100 thold), f_keep = 0.822
ollama-1  | slot launch_slot_: id  0 | task -1 | sampler chain: logits -> ?penalties -> ?dry -> ?top-n-sigma -> top-k -> ?typical -> top-p -> ?min-p -> ?xtc -> temp-ext -> dist 
ollama-1  | slot launch_slot_: id  0 | task -1 | sampler params: 
ollama-1  | 	repeat_last_n = 64, repeat_penalty = 1.000, frequency_penalty = 0.000, presence_penalty = 0.000
ollama-1  | 	dry_multiplier = 0.000, dry_base = 1.750, dry_allowed_length = 2, dry_penalty_last_n = 64
ollama-1  | 	top_k = 40, top_p = 0.900, min_p = 0.000, xtc_probability = 0.000, xtc_threshold = 0.100, typical_p = 1.000, top_n_sigma = -1.000, temp = 0.000
ollama-1  | 	mirostat = 0, mirostat_lr = 0.100, mirostat_ent = 5.000, adaptive_target = -1.000, adaptive_decay = 0.900
ollama-1  | slot launch_slot_: id  0 | task 2496 | processing task, is_child = 0
ollama-1  | slot   operator(): id  0 | task 2496 | new prompt, n_ctx_slot = 4096, n_keep = 4, task.n_tokens = 472
ollama-1  | slot   operator(): id  0 | task 2496 | cached n_tokens = 350, memory_seq_rm [350, end)
ollama-1  | slot init_sampler: id  0 | task 2496 | init sampler, took 0.05 ms, tokens: text = 472, total = 472
ollama-1  | slot print_timing: id  0 | task 2496 | prompt eval time =    1908.79 ms /   122 tokens (   15.65 ms per token,    63.91 tokens per second)
ollama-1  | slot print_timing: id  0 | task 2496 |        eval time =     501.05 ms /     8 tokens (   71.58 ms per token,    13.97 tokens per second)
ollama-1  | slot print_timing: id  0 | task 2496 |       total time =    2409.84 ms /   130 tokens
ollama-1  | slot print_timing: id  0 | task 2496 |    graphs reused =       1757
ollama-1  | slot      release: id  0 | task 2496 | stop processing: n_tokens = 479, truncated = 0
ollama-1  | srv  update_slots: all slots are idle
ollama-1  | [GIN] 2026/10/08 - 05:52:26 | 200 | 32.673149374s |      172.21.0.4 | POST     "/api/generate"
ollama-1  | srv  server_strea: conv_id= (empty=1)
ollama-1  | slot get_availabl: id  0 | task -1 |  - checking sim = 0.812 (350/431) > 0.100
ollama-1  | slot get_availabl: id  0 | task -1 | selected slot by LCP similarity, f_sim_best = 0.812 (> 0.100 thold), f_keep = 0.731
ollama-1  | slot launch_slot_: id  0 | task -1 | sampler chain: logits -> ?penalties -> ?dry -> ?top-n-sigma -> top-k -> ?typical -> top-p -> ?min-p -> ?xtc -> temp-ext -> dist 
ollama-1  | slot launch_slot_: id  0 | task -1 | sampler params: 
ollama-1  | 	repeat_last_n = 64, repeat_penalty = 1.000, frequency_penalty = 0.000, presence_penalty = 0.000
ollama-1  | 	dry_multiplier = 0.000, dry_base = 1.750, dry_allowed_length = 2, dry_penalty_last_n = 64
ollama-1  | 	top_k = 40, top_p = 0.900, min_p = 0.000, xtc_probability = 0.000, xtc_threshold = 0.100, typical_p = 1.000, top_n_sigma = -1.000, temp = 0.000
ollama-1  | 	mirostat = 0, mirostat_lr = 0.100, mirostat_ent = 5.000, adaptive_target = -1.000, adaptive_decay = 0.900
ollama-1  | slot launch_slot_: id  0 | task 2505 | processing task, is_child = 0
ollama-1  | slot   operator(): id  0 | task 2505 | new prompt, n_ctx_slot = 4096, n_keep = 4, task.n_tokens = 431
ollama-1  | slot   operator(): id  0 | task 2505 | cached n_tokens = 350, memory_seq_rm [350, end)
ollama-1  | slot init_sampler: id  0 | task 2505 | init sampler, took 0.04 ms, tokens: text = 431, total = 431
ollama-1  | slot print_timing: id  0 | task 2505 | prompt eval time =    1266.07 ms /    81 tokens (   15.63 ms per token,    63.98 tokens per second)
ollama-1  | slot print_timing: id  0 | task 2505 |        eval time =     567.21 ms /     9 tokens (   70.90 ms per token,    14.10 tokens per second)
ollama-1  | slot print_timing: id  0 | task 2505 |       total time =    1833.29 ms /    90 tokens
ollama-1  | slot print_timing: id  0 | task 2505 |    graphs reused =       1764
ollama-1  | slot      release: id  0 | task 2505 | stop processing: n_tokens = 439, truncated = 0
ollama-1  | srv  update_slots: all slots are idle
ollama-1  | [GIN] 2026/10/08 - 05:52:28 | 200 | 34.198336993s |      172.21.0.4 | POST     "/api/generate"
ollama-1  | srv  server_strea: conv_id= (empty=1)
ollama-1  | slot get_availabl: id  0 | task -1 |  - checking sim = 0.798 (351/440) > 0.100
ollama-1  | slot get_availabl: id  0 | task -1 | selected slot by LCP similarity, f_sim_best = 0.798 (> 0.100 thold), f_keep = 0.800
ollama-1  | slot launch_slot_: id  0 | task -1 | sampler chain: logits -> ?penalties -> ?dry -> ?top-n-sigma -> top-k -> ?typical -> top-p -> ?min-p -> ?xtc -> temp-ext -> dist 
ollama-1  | slot launch_slot_: id  0 | task -1 | sampler params: 
ollama-1  | 	repeat_last_n = 64, repeat_penalty = 1.000, frequency_penalty = 0.000, presence_penalty = 0.000
ollama-1  | 	dry_multiplier = 0.000, dry_base = 1.750, dry_allowed_length = 2, dry_penalty_last_n = 64
ollama-1  | 	top_k = 40, top_p = 0.900, min_p = 0.000, xtc_probability = 0.000, xtc_threshold = 0.100, typical_p = 1.000, top_n_sigma = -1.000, temp = 0.000
ollama-1  | 	mirostat = 0, mirostat_lr = 0.100, mirostat_ent = 5.000, adaptive_target = -1.000, adaptive_decay = 0.900
ollama-1  | slot launch_slot_: id  0 | task 2515 | processing task, is_child = 0
ollama-1  | slot   operator(): id  0 | task 2515 | new prompt, n_ctx_slot = 4096, n_keep = 4, task.n_tokens = 440
ollama-1  | slot   operator(): id  0 | task 2515 | cached n_tokens = 351, memory_seq_rm [351, end)
ollama-1  | slot init_sampler: id  0 | task 2515 | init sampler, took 0.04 ms, tokens: text = 440, total = 440
ollama-1  | slot print_timing: id  0 | task 2515 | prompt eval time =    1426.08 ms /    89 tokens (   16.02 ms per token,    62.41 tokens per second)
ollama-1  | slot print_timing: id  0 | task 2515 |        eval time =     700.82 ms /    11 tokens (   70.08 ms per token,    14.27 tokens per second)
ollama-1  | slot print_timing: id  0 | task 2515 |       total time =    2126.90 ms /   100 tokens
ollama-1  | slot print_timing: id  0 | task 2515 |    graphs reused =       1773
ollama-1  | slot      release: id  0 | task 2515 | stop processing: n_tokens = 450, truncated = 0
ollama-1  | srv  update_slots: all slots are idle
ollama-1  | [GIN] 2026/10/08 - 05:52:32 | 200 |  35.64555456s |      172.21.0.4 | POST     "/api/generate"
ollama-1  | srv  server_strea: conv_id= (empty=1)
ollama-1  | slot get_availabl: id  0 | task -1 |  - checking sim = 0.761 (350/460) > 0.100
ollama-1  | slot get_availabl: id  0 | task -1 | selected slot by LCP similarity, f_sim_best = 0.761 (> 0.100 thold), f_keep = 0.778
ollama-1  | slot launch_slot_: id  0 | task -1 | sampler chain: logits -> ?penalties -> ?dry -> ?top-n-sigma -> top-k -> ?typical -> top-p -> ?min-p -> ?xtc -> temp-ext -> dist 
ollama-1  | slot launch_slot_: id  0 | task -1 | sampler params: 
ollama-1  | 	repeat_last_n = 64, repeat_penalty = 1.000, frequency_penalty = 0.000, presence_penalty = 0.000
ollama-1  | 	dry_multiplier = 0.000, dry_base = 1.750, dry_allowed_length = 2, dry_penalty_last_n = 64
ollama-1  | 	top_k = 40, top_p = 0.900, min_p = 0.000, xtc_probability = 0.000, xtc_threshold = 0.100, typical_p = 1.000, top_n_sigma = -1.000, temp = 0.000
ollama-1  | 	mirostat = 0, mirostat_lr = 0.100, mirostat_ent = 5.000, adaptive_target = -1.000, adaptive_decay = 0.900
ollama-1  | slot launch_slot_: id  0 | task 2527 | processing task, is_child = 0
ollama-1  | slot   operator(): id  0 | task 2527 | new prompt, n_ctx_slot = 4096, n_keep = 4, task.n_tokens = 460
ollama-1  | slot   operator(): id  0 | task 2527 | cached n_tokens = 350, memory_seq_rm [350, end)
ollama-1  | slot init_sampler: id  0 | task 2527 | init sampler, took 0.04 ms, tokens: text = 460, total = 460
ollama-1  | slot print_timing: id  0 | task 2527 | prompt eval time =    1701.25 ms /   110 tokens (   15.47 ms per token,    64.66 tokens per second)
ollama-1  | slot print_timing: id  0 | task 2527 |        eval time =     630.48 ms /     9 tokens (   78.81 ms per token,    12.69 tokens per second)
ollama-1  | slot print_timing: id  0 | task 2527 |       total time =    2331.74 ms /   119 tokens
ollama-1  | slot print_timing: id  0 | task 2527 |    graphs reused =       1780
ollama-1  | slot      release: id  0 | task 2527 | stop processing: n_tokens = 468, truncated = 0
ollama-1  | srv  update_slots: all slots are idle
ollama-1  | [GIN] 2026/10/08 - 05:52:34 | 200 | 31.147068391s |      172.21.0.4 | POST     "/api/generate"
ollama-1  | srv  server_strea: conv_id= (empty=1)
ollama-1  | slot get_availabl: id  0 | task -1 |  - checking sim = 0.682 (350/513) > 0.100
ollama-1  | slot get_availabl: id  0 | task -1 | selected slot by LCP similarity, f_sim_best = 0.682 (> 0.100 thold), f_keep = 0.748
ollama-1  | slot launch_slot_: id  0 | task -1 | sampler chain: logits -> ?penalties -> ?dry -> ?top-n-sigma -> top-k -> ?typical -> top-p -> ?min-p -> ?xtc -> temp-ext -> dist 
ollama-1  | slot launch_slot_: id  0 | task -1 | sampler params: 
ollama-1  | 	repeat_last_n = 64, repeat_penalty = 1.000, frequency_penalty = 0.000, presence_penalty = 0.000
ollama-1  | 	dry_multiplier = 0.000, dry_base = 1.750, dry_allowed_length = 2, dry_penalty_last_n = 64
ollama-1  | 	top_k = 40, top_p = 0.900, min_p = 0.000, xtc_probability = 0.000, xtc_threshold = 0.100, typical_p = 1.000, top_n_sigma = -1.000, temp = 0.000
ollama-1  | 	mirostat = 0, mirostat_lr = 0.100, mirostat_ent = 5.000, adaptive_target = -1.000, adaptive_decay = 0.900
ollama-1  | slot launch_slot_: id  0 | task 2537 | processing task, is_child = 0
ollama-1  | slot   operator(): id  0 | task 2537 | new prompt, n_ctx_slot = 4096, n_keep = 4, task.n_tokens = 513
ollama-1  | slot   operator(): id  0 | task 2537 | cached n_tokens = 350, memory_seq_rm [350, end)
ollama-1  | slot init_sampler: id  0 | task 2537 | init sampler, took 0.06 ms, tokens: text = 513, total = 513
ollama-1  | [GIN] 2026/10/08 - 05:52:35 | 200 |      30.261µs |       127.0.0.1 | HEAD     "/"
ollama-1  | [GIN] 2026/10/08 - 05:52:35 | 200 |     995.917µs |       127.0.0.1 | GET      "/api/tags"
ollama-1  | slot print_timing: id  0 | task 2537 | prompt eval time =    2520.45 ms /   163 tokens (   15.46 ms per token,    64.67 tokens per second)
ollama-1  | slot print_timing: id  0 | task 2537 |        eval time =     604.38 ms /     9 tokens (   75.55 ms per token,    13.24 tokens per second)
ollama-1  | slot print_timing: id  0 | task 2537 |       total time =    3124.84 ms /   172 tokens
ollama-1  | slot print_timing: id  0 | task 2537 |    graphs reused =       1787
ollama-1  | slot      release: id  0 | task 2537 | stop processing: n_tokens = 521, truncated = 0
ollama-1  | srv  update_slots: all slots are idle
ollama-1  | [GIN] 2026/10/08 - 05:52:37 | 200 | 33.796525412s |      172.21.0.4 | POST     "/api/generate"
ollama-1  | srv  server_strea: conv_id= (empty=1)
ollama-1  | slot get_availabl: id  0 | task -1 |  - checking sim = 0.688 (350/509) > 0.100
ollama-1  | slot get_availabl: id  0 | task -1 | selected slot by LCP similarity, f_sim_best = 0.688 (> 0.100 thold), f_keep = 0.672
ollama-1  | slot launch_slot_: id  0 | task -1 | sampler chain: logits -> ?penalties -> ?dry -> ?top-n-sigma -> top-k -> ?typical -> top-p -> ?min-p -> ?xtc -> temp-ext -> dist 
ollama-1  | slot launch_slot_: id  0 | task -1 | sampler params: 
ollama-1  | 	repeat_last_n = 64, repeat_penalty = 1.000, frequency_penalty = 0.000, presence_penalty = 0.000
ollama-1  | 	dry_multiplier = 0.000, dry_base = 1.750, dry_allowed_length = 2, dry_penalty_last_n = 64
ollama-1  | 	top_k = 40, top_p = 0.900, min_p = 0.000, xtc_probability = 0.000, xtc_threshold = 0.100, typical_p = 1.000, top_n_sigma = -1.000, temp = 0.000
ollama-1  | 	mirostat = 0, mirostat_lr = 0.100, mirostat_ent = 5.000, adaptive_target = -1.000, adaptive_decay = 0.900
ollama-1  | slot launch_slot_: id  0 | task 2547 | processing task, is_child = 0
ollama-1  | slot   operator(): id  0 | task 2547 | new prompt, n_ctx_slot = 4096, n_keep = 4, task.n_tokens = 509
ollama-1  | slot   operator(): id  0 | task 2547 | cached n_tokens = 350, memory_seq_rm [350, end)
ollama-1  | slot init_sampler: id  0 | task 2547 | init sampler, took 0.04 ms, tokens: text = 509, total = 509
ollama-1  | slot print_timing: id  0 | task 2547 | prompt eval time =    2432.57 ms /   159 tokens (   15.30 ms per token,    65.36 tokens per second)
ollama-1  | slot print_timing: id  0 | task 2547 |        eval time =     545.47 ms /     9 tokens (   68.18 ms per token,    14.67 tokens per second)
ollama-1  | slot print_timing: id  0 | task 2547 |       total time =    2978.03 ms /   168 tokens
ollama-1  | slot print_timing: id  0 | task 2547 |    graphs reused =       1793
ollama-1  | slot      release: id  0 | task 2547 | stop processing: n_tokens = 517, truncated = 0
ollama-1  | srv  update_slots: all slots are idle
ollama-1  | [GIN] 2026/10/08 - 05:52:40 | 200 | 35.343215446s |      172.21.0.4 | POST     "/api/generate"
ollama-1  | srv  server_strea: conv_id= (empty=1)
ollama-1  | slot get_availabl: id  0 | task -1 |  - checking sim = 0.415 (350/844) > 0.100
ollama-1  | slot get_availabl: id  0 | task -1 | selected slot by LCP similarity, f_sim_best = 0.415 (> 0.100 thold), f_keep = 0.677
ollama-1  | slot launch_slot_: id  0 | task -1 | sampler chain: logits -> ?penalties -> ?dry -> ?top-n-sigma -> top-k -> ?typical -> top-p -> ?min-p -> ?xtc -> temp-ext -> dist 
ollama-1  | slot launch_slot_: id  0 | task -1 | sampler params: 
ollama-1  | 	repeat_last_n = 64, repeat_penalty = 1.000, frequency_penalty = 0.000, presence_penalty = 0.000
ollama-1  | 	dry_multiplier = 0.000, dry_base = 1.750, dry_allowed_length = 2, dry_penalty_last_n = 64
ollama-1  | 	top_k = 40, top_p = 0.900, min_p = 0.000, xtc_probability = 0.000, xtc_threshold = 0.100, typical_p = 1.000, top_n_sigma = -1.000, temp = 0.000
ollama-1  | 	mirostat = 0, mirostat_lr = 0.100, mirostat_ent = 5.000, adaptive_target = -1.000, adaptive_decay = 0.900
ollama-1  | slot launch_slot_: id  0 | task 2557 | processing task, is_child = 0
ollama-1  | slot   operator(): id  0 | task 2557 | new prompt, n_ctx_slot = 4096, n_keep = 4, task.n_tokens = 844
ollama-1  | slot   operator(): id  0 | task 2557 | cached n_tokens = 350, memory_seq_rm [350, end)
ollama-1  | slot init_sampler: id  0 | task 2557 | init sampler, took 0.09 ms, tokens: text = 844, total = 844
ollama-1  | [GIN] 2026/10/08 - 05:52:45 | 200 |      28.073µs |       127.0.0.1 | HEAD     "/"
ollama-1  | [GIN] 2026/10/08 - 05:52:45 | 200 |     939.959µs |       127.0.0.1 | GET      "/api/tags"
ollama-1  | slot print_timing: id  0 | task 2557 | prompt eval time =    7058.44 ms /   494 tokens (   14.29 ms per token,    69.99 tokens per second)
ollama-1  | slot print_timing: id  0 | task 2557 |        eval time =     511.38 ms /     8 tokens (   73.05 ms per token,    13.69 tokens per second)
ollama-1  | slot print_timing: id  0 | task 2557 |       total time =    7569.82 ms /   502 tokens
ollama-1  | slot print_timing: id  0 | task 2557 |    graphs reused =       1799
ollama-1  | slot      release: id  0 | task 2557 | stop processing: n_tokens = 851, truncated = 0
ollama-1  | srv  update_slots: all slots are idle
ollama-1  | [GIN] 2026/10/08 - 05:52:48 | 200 | 42.764185807s |      172.21.0.4 | POST     "/api/generate"
ollama-1  | srv  server_strea: conv_id= (empty=1)
ollama-1  | slot get_availabl: id  0 | task -1 |  - checking sim = 0.801 (351/438) > 0.100
ollama-1  | slot get_availabl: id  0 | task -1 | selected slot by LCP similarity, f_sim_best = 0.801 (> 0.100 thold), f_keep = 0.412
ollama-1  | srv  get_availabl: updating prompt cache
ollama-1  | srv   prompt_save:  - saving prompt with length 851, total state size = 106.385 MiB (draft: 0.000 MiB)
ollama-1  | srv         alloc:  - prompt is already in the cache, skipping
ollama-1  | srv          load:  - looking for better prompt, base f_keep = 0.412, f_sim = 0.801
ollama-1  | srv          load:    - prompt with length     782, lcp =     350, f_keep = 0.448, f_sim = 0.799
ollama-1  | srv          load:    - prompt with length     794, lcp =     350, f_keep = 0.441, f_sim = 0.799
ollama-1  | srv          load:    - prompt with length     753, lcp =     350, f_keep = 0.465, f_sim = 0.799
ollama-1  | srv          load:    - prompt with length     730, lcp =     350, f_keep = 0.479, f_sim = 0.799
ollama-1  | srv          load:    - prompt with length     828, lcp =     350, f_keep = 0.423, f_sim = 0.799
ollama-1  | srv          load:    - prompt with length     851, lcp =     351, f_keep = 0.412, f_sim = 0.801
ollama-1  | srv          load:    - prompt with length     844, lcp =     350, f_keep = 0.415, f_sim = 0.799
ollama-1  | srv          load:    - prompt with length     846, lcp =     351, f_keep = 0.415, f_sim = 0.801
ollama-1  | srv          load:    - prompt with length     892, lcp =     350, f_keep = 0.392, f_sim = 0.799
ollama-1  | srv          load:    - prompt with length     780, lcp =     351, f_keep = 0.450, f_sim = 0.801
ollama-1  | srv          load:    - prompt with length     730, lcp =     351, f_keep = 0.481, f_sim = 0.801
ollama-1  | srv          load:    - prompt with length     796, lcp =     350, f_keep = 0.440, f_sim = 0.799
ollama-1  | srv          load:    - prompt with length     709, lcp =     350, f_keep = 0.494, f_sim = 0.799
ollama-1  | srv          load:    - prompt with length     800, lcp =     352, f_keep = 0.440, f_sim = 0.804
ollama-1  | srv          load:    - prompt with length     728, lcp =     352, f_keep = 0.484, f_sim = 0.804
ollama-1  | srv          load:    - prompt with length     790, lcp =     350, f_keep = 0.443, f_sim = 0.799
ollama-1  | srv          load:  - found better prompt with f_keep = 0.440, f_sim = 0.804
ollama-1  | srv        update:  - cache state: 15 prompts, 1481.772 MiB (limits: 8192.000 MiB, 4096 tokens, 65529 est)
ollama-1  | srv        update:    - prompt 0x36524940:     782 tokens, checkpoints:  0,    97.760 MiB
ollama-1  | srv        update:    - prompt 0x36524a40:     794 tokens, checkpoints:  0,    99.260 MiB
ollama-1  | srv        update:    - prompt 0x36521d10:     753 tokens, checkpoints:  0,    94.134 MiB
ollama-1  | srv        update:    - prompt 0x36521c60:     730 tokens, checkpoints:  0,    91.259 MiB
ollama-1  | srv        update:    - prompt 0x36521bb0:     828 tokens, checkpoints:  0,   103.510 MiB
ollama-1  | srv        update:    - prompt 0x36537930:     851 tokens, checkpoints:  0,   106.385 MiB
ollama-1  | srv        update:    - prompt 0x3652bd10:     844 tokens, checkpoints:  0,   105.510 MiB
ollama-1  | srv        update:    - prompt 0x3724fc20:     846 tokens, checkpoints:  0,   105.760 MiB
ollama-1  | srv        update:    - prompt 0x3651c680:     892 tokens, checkpoints:  0,   111.511 MiB
ollama-1  | srv        update:    - prompt 0x3715ca80:     780 tokens, checkpoints:  0,    97.510 MiB
ollama-1  | srv        update:    - prompt 0x37b80950:     730 tokens, checkpoints:  0,    91.259 MiB
ollama-1  | srv        update:    - prompt 0x3651cdf0:     796 tokens, checkpoints:  0,    99.510 MiB
ollama-1  | srv        update:    - prompt 0x37264940:     709 tokens, checkpoints:  0,    88.634 MiB
ollama-1  | srv        update:    - prompt 0x36522570:     728 tokens, checkpoints:  0,    91.009 MiB
ollama-1  | srv        update:    - prompt 0x364ffda0:     790 tokens, checkpoints:  0,    98.760 MiB
ollama-1  | srv  get_availabl: prompt cache update took 18.52 ms
ollama-1  | slot launch_slot_: id  0 | task -1 | sampler chain: logits -> ?penalties -> ?dry -> ?top-n-sigma -> top-k -> ?typical -> top-p -> ?min-p -> ?xtc -> temp-ext -> dist 
ollama-1  | slot launch_slot_: id  0 | task -1 | sampler params: 
ollama-1  | 	repeat_last_n = 64, repeat_penalty = 1.000, frequency_penalty = 0.000, presence_penalty = 0.000
ollama-1  | 	dry_multiplier = 0.000, dry_base = 1.750, dry_allowed_length = 2, dry_penalty_last_n = 64
ollama-1  | 	top_k = 40, top_p = 0.900, min_p = 0.000, xtc_probability = 0.000, xtc_threshold = 0.100, typical_p = 1.000, top_n_sigma = -1.000, temp = 0.000
ollama-1  | 	mirostat = 0, mirostat_lr = 0.100, mirostat_ent = 5.000, adaptive_target = -1.000, adaptive_decay = 0.900
ollama-1  | slot launch_slot_: id  0 | task 2566 | processing task, is_child = 0
ollama-1  | slot   operator(): id  0 | task 2566 | new prompt, n_ctx_slot = 4096, n_keep = 4, task.n_tokens = 438
ollama-1  | slot   operator(): id  0 | task 2566 | cached n_tokens = 352, memory_seq_rm [352, end)
ollama-1  | slot init_sampler: id  0 | task 2566 | init sampler, took 0.04 ms, tokens: text = 438, total = 438
ollama-1  | slot print_timing: id  0 | task 2566 | prompt eval time =    1247.59 ms /    86 tokens (   14.51 ms per token,    68.93 tokens per second)
ollama-1  | slot print_timing: id  0 | task 2566 |        eval time =     601.27 ms /    10 tokens (   66.81 ms per token,    14.97 tokens per second)
ollama-1  | slot print_timing: id  0 | task 2566 |       total time =    1848.86 ms /    96 tokens
ollama-1  | slot print_timing: id  0 | task 2566 |    graphs reused =       1807
ollama-1  | slot      release: id  0 | task 2566 | stop processing: n_tokens = 447, truncated = 0
ollama-1  | srv  update_slots: all slots are idle
ollama-1  | [GIN] 2026/10/08 - 05:52:50 | 200 | 40.308087077s |      172.21.0.4 | POST     "/api/generate"
ollama-1  | srv  server_strea: conv_id= (empty=1)
ollama-1  | slot get_availabl: id  0 | task -1 |  - checking sim = 0.693 (352/508) > 0.100
ollama-1  | slot get_availabl: id  0 | task -1 | selected slot by LCP similarity, f_sim_best = 0.693 (> 0.100 thold), f_keep = 0.787
ollama-1  | slot launch_slot_: id  0 | task -1 | sampler chain: logits -> ?penalties -> ?dry -> ?top-n-sigma -> top-k -> ?typical -> top-p -> ?min-p -> ?xtc -> temp-ext -> dist 
ollama-1  | slot launch_slot_: id  0 | task -1 | sampler params: 
ollama-1  | 	repeat_last_n = 64, repeat_penalty = 1.000, frequency_penalty = 0.000, presence_penalty = 0.000
ollama-1  | 	dry_multiplier = 0.000, dry_base = 1.750, dry_allowed_length = 2, dry_penalty_last_n = 64
ollama-1  | 	top_k = 40, top_p = 0.900, min_p = 0.000, xtc_probability = 0.000, xtc_threshold = 0.100, typical_p = 1.000, top_n_sigma = -1.000, temp = 0.000
ollama-1  | 	mirostat = 0, mirostat_lr = 0.100, mirostat_ent = 5.000, adaptive_target = -1.000, adaptive_decay = 0.900
ollama-1  | slot launch_slot_: id  0 | task 2577 | processing task, is_child = 0
ollama-1  | slot   operator(): id  0 | task 2577 | new prompt, n_ctx_slot = 4096, n_keep = 4, task.n_tokens = 508
ollama-1  | slot   operator(): id  0 | task 2577 | cached n_tokens = 352, memory_seq_rm [352, end)
ollama-1  | slot init_sampler: id  0 | task 2577 | init sampler, took 0.04 ms, tokens: text = 508, total = 508
ollama-1  | slot print_timing: id  0 | task 2577 | prompt eval time =    2266.68 ms /   156 tokens (   14.53 ms per token,    68.82 tokens per second)
ollama-1  | slot print_timing: id  0 | task 2577 |        eval time =     605.68 ms /    10 tokens (   67.30 ms per token,    14.86 tokens per second)
ollama-1  | slot print_timing: id  0 | task 2577 |       total time =    2872.36 ms /   166 tokens
ollama-1  | slot print_timing: id  0 | task 2577 |    graphs reused =       1814
ollama-1  | slot      release: id  0 | task 2577 | stop processing: n_tokens = 517, truncated = 0
ollama-1  | srv  update_slots: all slots are idle
ollama-1  | [GIN] 2026/10/08 - 05:52:53 | 200 | 33.264486632s |      172.21.0.4 | POST     "/api/generate"
ollama-1  | srv  server_strea: conv_id= (empty=1)
ollama-1  | slot get_availabl: id  0 | task -1 |  - checking sim = 0.886 (351/396) > 0.100
ollama-1  | slot get_availabl: id  0 | task -1 | selected slot by LCP similarity, f_sim_best = 0.886 (> 0.100 thold), f_keep = 0.679
ollama-1  | slot launch_slot_: id  0 | task -1 | sampler chain: logits -> ?penalties -> ?dry -> ?top-n-sigma -> top-k -> ?typical -> top-p -> ?min-p -> ?xtc -> temp-ext -> dist 
ollama-1  | slot launch_slot_: id  0 | task -1 | sampler params: 
ollama-1  | 	repeat_last_n = 64, repeat_penalty = 1.000, frequency_penalty = 0.000, presence_penalty = 0.000
ollama-1  | 	dry_multiplier = 0.000, dry_base = 1.750, dry_allowed_length = 2, dry_penalty_last_n = 64
ollama-1  | 	top_k = 40, top_p = 0.900, min_p = 0.000, xtc_probability = 0.000, xtc_threshold = 0.100, typical_p = 1.000, top_n_sigma = -1.000, temp = 0.000
ollama-1  | 	mirostat = 0, mirostat_lr = 0.100, mirostat_ent = 5.000, adaptive_target = -1.000, adaptive_decay = 0.900
ollama-1  | slot launch_slot_: id  0 | task 2588 | processing task, is_child = 0
ollama-1  | slot   operator(): id  0 | task 2588 | new prompt, n_ctx_slot = 4096, n_keep = 4, task.n_tokens = 396
ollama-1  | slot   operator(): id  0 | task 2588 | cached n_tokens = 351, memory_seq_rm [351, end)
ollama-1  | slot init_sampler: id  0 | task 2588 | init sampler, took 0.04 ms, tokens: text = 396, total = 396
ollama-1  | slot print_timing: id  0 | task 2588 | prompt eval time =     750.00 ms /    45 tokens (   16.67 ms per token,    60.00 tokens per second)
ollama-1  | slot print_timing: id  0 | task 2588 |        eval time =     535.39 ms /     9 tokens (   66.92 ms per token,    14.94 tokens per second)
ollama-1  | slot print_timing: id  0 | task 2588 |       total time =    1285.39 ms /    54 tokens
ollama-1  | slot print_timing: id  0 | task 2588 |    graphs reused =       1821
ollama-1  | slot      release: id  0 | task 2588 | stop processing: n_tokens = 404, truncated = 0
ollama-1  | srv  update_slots: all slots are idle
ollama-1  | [GIN] 2026/10/08 - 05:52:54 | 200 | 33.858685853s |      172.21.0.4 | POST     "/api/generate"
ollama-1  | srv  server_strea: conv_id= (empty=1)
ollama-1  | slot get_availabl: id  0 | task -1 |  - checking sim = 0.419 (350/836) > 0.100
ollama-1  | slot get_availabl: id  0 | task -1 | selected slot by LCP similarity, f_sim_best = 0.419 (> 0.100 thold), f_keep = 0.866
ollama-1  | slot launch_slot_: id  0 | task -1 | sampler chain: logits -> ?penalties -> ?dry -> ?top-n-sigma -> top-k -> ?typical -> top-p -> ?min-p -> ?xtc -> temp-ext -> dist 
ollama-1  | slot launch_slot_: id  0 | task -1 | sampler params: 
ollama-1  | 	repeat_last_n = 64, repeat_penalty = 1.000, frequency_penalty = 0.000, presence_penalty = 0.000
ollama-1  | 	dry_multiplier = 0.000, dry_base = 1.750, dry_allowed_length = 2, dry_penalty_last_n = 64
ollama-1  | 	top_k = 40, top_p = 0.900, min_p = 0.000, xtc_probability = 0.000, xtc_threshold = 0.100, typical_p = 1.000, top_n_sigma = -1.000, temp = 0.000
ollama-1  | 	mirostat = 0, mirostat_lr = 0.100, mirostat_ent = 5.000, adaptive_target = -1.000, adaptive_decay = 0.900
ollama-1  | slot launch_slot_: id  0 | task 2598 | processing task, is_child = 0
ollama-1  | slot   operator(): id  0 | task 2598 | new prompt, n_ctx_slot = 4096, n_keep = 4, task.n_tokens = 836
ollama-1  | slot   operator(): id  0 | task 2598 | cached n_tokens = 350, memory_seq_rm [350, end)
ollama-1  | slot init_sampler: id  0 | task 2598 | init sampler, took 0.09 ms, tokens: text = 836, total = 836
ollama-1  | [GIN] 2026/10/08 - 05:52:55 | 200 |      30.489µs |       127.0.0.1 | HEAD     "/"
ollama-1  | [GIN] 2026/10/08 - 05:52:55 | 200 |    1.238032ms |       127.0.0.1 | GET      "/api/tags"
ollama-1  | slot print_timing: id  0 | task 2598 | prompt eval time =    6910.13 ms /   486 tokens (   14.22 ms per token,    70.33 tokens per second)
ollama-1  | slot print_timing: id  0 | task 2598 |        eval time =     552.83 ms /     9 tokens (   69.10 ms per token,    14.47 tokens per second)
ollama-1  | slot print_timing: id  0 | task 2598 |       total time =    7462.96 ms /   495 tokens
ollama-1  | slot print_timing: id  0 | task 2598 |    graphs reused =       1828
ollama-1  | slot      release: id  0 | task 2598 | stop processing: n_tokens = 844, truncated = 0
ollama-1  | srv  update_slots: all slots are idle
ollama-1  | [GIN] 2026/10/08 - 05:53:01 | 200 |  33.16874309s |      172.21.0.4 | POST     "/api/generate"
ollama-1  | srv  server_strea: conv_id= (empty=1)
ollama-1  | slot get_availabl: id  0 | task -1 |  - checking sim = 0.613 (350/571) > 0.100
ollama-1  | slot get_availabl: id  0 | task -1 | selected slot by LCP similarity, f_sim_best = 0.613 (> 0.100 thold), f_keep = 0.415
ollama-1  | srv  get_availabl: updating prompt cache
ollama-1  | srv   prompt_save:  - saving prompt with length 844, total state size = 105.510 MiB (draft: 0.000 MiB)
ollama-1  | srv         alloc:  - prompt is already in the cache, skipping
ollama-1  | srv          load:  - looking for better prompt, base f_keep = 0.415, f_sim = 0.613
ollama-1  | srv          load:    - prompt with length     782, lcp =     350, f_keep = 0.448, f_sim = 0.613
ollama-1  | srv          load:    - prompt with length     794, lcp =     350, f_keep = 0.441, f_sim = 0.613
ollama-1  | srv          load:    - prompt with length     753, lcp =     350, f_keep = 0.465, f_sim = 0.613
ollama-1  | srv          load:    - prompt with length     730, lcp =     350, f_keep = 0.479, f_sim = 0.613
ollama-1  | srv          load:    - prompt with length     828, lcp =     350, f_keep = 0.423, f_sim = 0.613
ollama-1  | srv          load:    - prompt with length     851, lcp =     350, f_keep = 0.411, f_sim = 0.613
ollama-1  | srv          load:    - prompt with length     844, lcp =     350, f_keep = 0.415, f_sim = 0.613
ollama-1  | srv          load:    - prompt with length     846, lcp =     350, f_keep = 0.414, f_sim = 0.613
ollama-1  | srv          load:    - prompt with length     892, lcp =     350, f_keep = 0.392, f_sim = 0.613
ollama-1  | srv          load:    - prompt with length     780, lcp =     350, f_keep = 0.449, f_sim = 0.613
ollama-1  | srv          load:    - prompt with length     730, lcp =     350, f_keep = 0.479, f_sim = 0.613
ollama-1  | srv          load:    - prompt with length     796, lcp =     350, f_keep = 0.440, f_sim = 0.613
ollama-1  | srv          load:    - prompt with length     709, lcp =     350, f_keep = 0.494, f_sim = 0.613
ollama-1  | srv          load:    - prompt with length     728, lcp =     350, f_keep = 0.481, f_sim = 0.613
ollama-1  | srv          load:    - prompt with length     790, lcp =     350, f_keep = 0.443, f_sim = 0.613
ollama-1  | srv        update:  - cache state: 15 prompts, 1481.772 MiB (limits: 8192.000 MiB, 4096 tokens, 65529 est)
ollama-1  | srv        update:    - prompt 0x36524940:     782 tokens, checkpoints:  0,    97.760 MiB
ollama-1  | srv        update:    - prompt 0x36524a40:     794 tokens, checkpoints:  0,    99.260 MiB
ollama-1  | srv        update:    - prompt 0x36521d10:     753 tokens, checkpoints:  0,    94.134 MiB
ollama-1  | srv        update:    - prompt 0x36521c60:     730 tokens, checkpoints:  0,    91.259 MiB
ollama-1  | srv        update:    - prompt 0x36521bb0:     828 tokens, checkpoints:  0,   103.510 MiB
ollama-1  | srv        update:    - prompt 0x36537930:     851 tokens, checkpoints:  0,   106.385 MiB
ollama-1  | srv        update:    - prompt 0x3652bd10:     844 tokens, checkpoints:  0,   105.510 MiB
ollama-1  | srv        update:    - prompt 0x3724fc20:     846 tokens, checkpoints:  0,   105.760 MiB
ollama-1  | srv        update:    - prompt 0x3651c680:     892 tokens, checkpoints:  0,   111.511 MiB
ollama-1  | srv        update:    - prompt 0x3715ca80:     780 tokens, checkpoints:  0,    97.510 MiB
ollama-1  | srv        update:    - prompt 0x37b80950:     730 tokens, checkpoints:  0,    91.259 MiB
ollama-1  | srv        update:    - prompt 0x3651cdf0:     796 tokens, checkpoints:  0,    99.510 MiB
ollama-1  | srv        update:    - prompt 0x37264940:     709 tokens, checkpoints:  0,    88.634 MiB
ollama-1  | srv        update:    - prompt 0x36522570:     728 tokens, checkpoints:  0,    91.009 MiB
ollama-1  | srv        update:    - prompt 0x364ffda0:     790 tokens, checkpoints:  0,    98.760 MiB
ollama-1  | srv  get_availabl: prompt cache update took 0.04 ms
ollama-1  | slot launch_slot_: id  0 | task -1 | sampler chain: logits -> ?penalties -> ?dry -> ?top-n-sigma -> top-k -> ?typical -> top-p -> ?min-p -> ?xtc -> temp-ext -> dist 
ollama-1  | slot launch_slot_: id  0 | task -1 | sampler params: 
ollama-1  | 	repeat_last_n = 64, repeat_penalty = 1.000, frequency_penalty = 0.000, presence_penalty = 0.000
ollama-1  | 	dry_multiplier = 0.000, dry_base = 1.750, dry_allowed_length = 2, dry_penalty_last_n = 64
ollama-1  | 	top_k = 40, top_p = 0.900, min_p = 0.000, xtc_probability = 0.000, xtc_threshold = 0.100, typical_p = 1.000, top_n_sigma = -1.000, temp = 0.000
ollama-1  | 	mirostat = 0, mirostat_lr = 0.100, mirostat_ent = 5.000, adaptive_target = -1.000, adaptive_decay = 0.900
ollama-1  | slot launch_slot_: id  0 | task 2608 | processing task, is_child = 0
ollama-1  | slot   operator(): id  0 | task 2608 | new prompt, n_ctx_slot = 4096, n_keep = 4, task.n_tokens = 571
ollama-1  | slot   operator(): id  0 | task 2608 | cached n_tokens = 350, memory_seq_rm [350, end)
ollama-1  | slot init_sampler: id  0 | task 2608 | init sampler, took 0.04 ms, tokens: text = 571, total = 571
ollama-1  | slot print_timing: id  0 | task 2608 | prompt eval time =    3215.11 ms /   221 tokens (   14.55 ms per token,    68.74 tokens per second)
ollama-1  | slot print_timing: id  0 | task 2608 |        eval time =     542.27 ms /     9 tokens (   67.78 ms per token,    14.75 tokens per second)
ollama-1  | slot print_timing: id  0 | task 2608 |       total time =    3757.38 ms /   230 tokens
ollama-1  | slot print_timing: id  0 | task 2608 |    graphs reused =       1835
ollama-1  | slot      release: id  0 | task 2608 | stop processing: n_tokens = 579, truncated = 0
ollama-1  | srv  update_slots: all slots are idle
ollama-1  | [GIN] 2026/10/08 - 05:53:07 | 200 |  35.66754004s |      172.21.0.4 | POST     "/api/generate"
ollama-1  | srv  server_strea: conv_id= (empty=1)
ollama-1  | slot get_availabl: id  0 | task -1 |  - checking sim = 0.544 (350/643) > 0.100
ollama-1  | slot get_availabl: id  0 | task -1 | selected slot by LCP similarity, f_sim_best = 0.544 (> 0.100 thold), f_keep = 0.604
ollama-1  | slot launch_slot_: id  0 | task -1 | sampler chain: logits -> ?penalties -> ?dry -> ?top-n-sigma -> top-k -> ?typical -> top-p -> ?min-p -> ?xtc -> temp-ext -> dist 
ollama-1  | slot launch_slot_: id  0 | task -1 | sampler params: 
ollama-1  | 	repeat_last_n = 64, repeat_penalty = 1.000, frequency_penalty = 0.000, presence_penalty = 0.000
ollama-1  | 	dry_multiplier = 0.000, dry_base = 1.750, dry_allowed_length = 2, dry_penalty_last_n = 64
ollama-1  | 	top_k = 40, top_p = 0.900, min_p = 0.000, xtc_probability = 0.000, xtc_threshold = 0.100, typical_p = 1.000, top_n_sigma = -1.000, temp = 0.000
ollama-1  | 	mirostat = 0, mirostat_lr = 0.100, mirostat_ent = 5.000, adaptive_target = -1.000, adaptive_decay = 0.900
ollama-1  | slot launch_slot_: id  0 | task 2618 | processing task, is_child = 0
ollama-1  | slot   operator(): id  0 | task 2618 | new prompt, n_ctx_slot = 4096, n_keep = 4, task.n_tokens = 643
ollama-1  | slot   operator(): id  0 | task 2618 | cached n_tokens = 350, memory_seq_rm [350, end)
ollama-1  | slot init_sampler: id  0 | task 2618 | init sampler, took 0.05 ms, tokens: text = 643, total = 643
ollama-1  | [GIN] 2026/10/08 - 05:53:07 | 200 |      30.761µs |       127.0.0.1 | HEAD     "/"
ollama-1  | [GIN] 2026/10/08 - 05:53:07 | 200 |     920.402µs |       127.0.0.1 | GET      "/api/tags"
ollama-1  | slot print_timing: id  0 | task 2618 | prompt eval time =    4199.70 ms /   293 tokens (   14.33 ms per token,    69.77 tokens per second)
ollama-1  | slot print_timing: id  0 | task 2618 |        eval time =     541.50 ms /     9 tokens (   67.69 ms per token,    14.77 tokens per second)
ollama-1  | slot print_timing: id  0 | task 2618 |       total time =    4741.20 ms /   302 tokens
ollama-1  | slot print_timing: id  0 | task 2618 |    graphs reused =       1842
ollama-1  | slot      release: id  0 | task 2618 | stop processing: n_tokens = 651, truncated = 0
ollama-1  | srv  update_slots: all slots are idle
ollama-1  | [GIN] 2026/10/08 - 05:53:12 | 200 | 37.651896014s |      172.21.0.4 | POST     "/api/generate"
ollama-1  | srv  server_strea: conv_id= (empty=1)
ollama-1  | slot get_availabl: id  0 | task -1 |  - checking sim = 0.545 (350/642) > 0.100
ollama-1  | slot get_availabl: id  0 | task -1 | selected slot by LCP similarity, f_sim_best = 0.545 (> 0.100 thold), f_keep = 0.538
ollama-1  | slot launch_slot_: id  0 | task -1 | sampler chain: logits -> ?penalties -> ?dry -> ?top-n-sigma -> top-k -> ?typical -> top-p -> ?min-p -> ?xtc -> temp-ext -> dist 
ollama-1  | slot launch_slot_: id  0 | task -1 | sampler params: 
ollama-1  | 	repeat_last_n = 64, repeat_penalty = 1.000, frequency_penalty = 0.000, presence_penalty = 0.000
ollama-1  | 	dry_multiplier = 0.000, dry_base = 1.750, dry_allowed_length = 2, dry_penalty_last_n = 64
ollama-1  | 	top_k = 40, top_p = 0.900, min_p = 0.000, xtc_probability = 0.000, xtc_threshold = 0.100, typical_p = 1.000, top_n_sigma = -1.000, temp = 0.000
ollama-1  | 	mirostat = 0, mirostat_lr = 0.100, mirostat_ent = 5.000, adaptive_target = -1.000, adaptive_decay = 0.900
ollama-1  | slot launch_slot_: id  0 | task 2628 | processing task, is_child = 0
ollama-1  | slot   operator(): id  0 | task 2628 | new prompt, n_ctx_slot = 4096, n_keep = 4, task.n_tokens = 642
ollama-1  | slot   operator(): id  0 | task 2628 | cached n_tokens = 350, memory_seq_rm [350, end)
ollama-1  | slot init_sampler: id  0 | task 2628 | init sampler, took 0.05 ms, tokens: text = 642, total = 642
ollama-1  | slot print_timing: id  0 | task 2628 | prompt eval time =    4091.95 ms /   292 tokens (   14.01 ms per token,    71.36 tokens per second)
ollama-1  | slot print_timing: id  0 | task 2628 |        eval time =     534.45 ms /     9 tokens (   66.81 ms per token,    14.97 tokens per second)
ollama-1  | slot print_timing: id  0 | task 2628 |       total time =    4626.40 ms /   301 tokens
ollama-1  | slot print_timing: id  0 | task 2628 |    graphs reused =       1849
ollama-1  | slot      release: id  0 | task 2628 | stop processing: n_tokens = 650, truncated = 0
ollama-1  | srv  update_slots: all slots are idle
ollama-1  | [GIN] 2026/10/08 - 05:53:16 | 200 | 37.622917376s |      172.21.0.4 | POST     "/api/generate"
ollama-1  | srv  server_strea: conv_id= (empty=1)
ollama-1  | slot get_availabl: id  0 | task -1 |  - checking sim = 0.532 (350/658) > 0.100
ollama-1  | slot get_availabl: id  0 | task -1 | selected slot by LCP similarity, f_sim_best = 0.532 (> 0.100 thold), f_keep = 0.538
ollama-1  | slot launch_slot_: id  0 | task -1 | sampler chain: logits -> ?penalties -> ?dry -> ?top-n-sigma -> top-k -> ?typical -> top-p -> ?min-p -> ?xtc -> temp-ext -> dist 
ollama-1  | slot launch_slot_: id  0 | task -1 | sampler params: 
ollama-1  | 	repeat_last_n = 64, repeat_penalty = 1.000, frequency_penalty = 0.000, presence_penalty = 0.000
ollama-1  | 	dry_multiplier = 0.000, dry_base = 1.750, dry_allowed_length = 2, dry_penalty_last_n = 64
ollama-1  | 	top_k = 40, top_p = 0.900, min_p = 0.000, xtc_probability = 0.000, xtc_threshold = 0.100, typical_p = 1.000, top_n_sigma = -1.000, temp = 0.000
ollama-1  | 	mirostat = 0, mirostat_lr = 0.100, mirostat_ent = 5.000, adaptive_target = -1.000, adaptive_decay = 0.900
ollama-1  | slot launch_slot_: id  0 | task 2638 | processing task, is_child = 0
ollama-1  | slot   operator(): id  0 | task 2638 | new prompt, n_ctx_slot = 4096, n_keep = 4, task.n_tokens = 658
ollama-1  | slot   operator(): id  0 | task 2638 | cached n_tokens = 350, memory_seq_rm [350, end)
ollama-1  | slot init_sampler: id  0 | task 2638 | init sampler, took 0.05 ms, tokens: text = 658, total = 658
ollama-1  | [GIN] 2026/10/08 - 05:53:17 | 200 |      51.656µs |       127.0.0.1 | HEAD     "/"
ollama-1  | [GIN] 2026/10/08 - 05:53:17 | 200 |     2.42209ms |       127.0.0.1 | GET      "/api/tags"
ollama-1  | slot print_timing: id  0 | task 2638 | prompt eval time =    4378.92 ms /   308 tokens (   14.22 ms per token,    70.34 tokens per second)
ollama-1  | slot print_timing: id  0 | task 2638 |        eval time =     537.44 ms /     9 tokens (   67.18 ms per token,    14.89 tokens per second)
ollama-1  | slot print_timing: id  0 | task 2638 |       total time =    4916.36 ms /   317 tokens
ollama-1  | slot print_timing: id  0 | task 2638 |    graphs reused =       1856
ollama-1  | slot      release: id  0 | task 2638 | stop processing: n_tokens = 666, truncated = 0
ollama-1  | srv  update_slots: all slots are idle
ollama-1  | [GIN] 2026/10/08 - 05:53:21 | 200 | 42.032447604s |      172.21.0.4 | POST     "/api/generate"
ollama-1  | srv  server_strea: conv_id= (empty=1)
ollama-1  | slot get_availabl: id  0 | task -1 |  - checking sim = 0.563 (350/622) > 0.100
ollama-1  | slot get_availabl: id  0 | task -1 | selected slot by LCP similarity, f_sim_best = 0.563 (> 0.100 thold), f_keep = 0.526
ollama-1  | slot launch_slot_: id  0 | task -1 | sampler chain: logits -> ?penalties -> ?dry -> ?top-n-sigma -> top-k -> ?typical -> top-p -> ?min-p -> ?xtc -> temp-ext -> dist 
ollama-1  | slot launch_slot_: id  0 | task -1 | sampler params: 
ollama-1  | 	repeat_last_n = 64, repeat_penalty = 1.000, frequency_penalty = 0.000, presence_penalty = 0.000
ollama-1  | 	dry_multiplier = 0.000, dry_base = 1.750, dry_allowed_length = 2, dry_penalty_last_n = 64
ollama-1  | 	top_k = 40, top_p = 0.900, min_p = 0.000, xtc_probability = 0.000, xtc_threshold = 0.100, typical_p = 1.000, top_n_sigma = -1.000, temp = 0.000
ollama-1  | 	mirostat = 0, mirostat_lr = 0.100, mirostat_ent = 5.000, adaptive_target = -1.000, adaptive_decay = 0.900
ollama-1  | slot launch_slot_: id  0 | task 2648 | processing task, is_child = 0
ollama-1  | slot   operator(): id  0 | task 2648 | new prompt, n_ctx_slot = 4096, n_keep = 4, task.n_tokens = 622
ollama-1  | slot   operator(): id  0 | task 2648 | cached n_tokens = 350, memory_seq_rm [350, end)
ollama-1  | slot init_sampler: id  0 | task 2648 | init sampler, took 0.07 ms, tokens: text = 622, total = 622
ollama-1  | slot print_timing: id  0 | task 2648 | prompt eval time =    3806.28 ms /   272 tokens (   13.99 ms per token,    71.46 tokens per second)
ollama-1  | slot print_timing: id  0 | task 2648 |        eval time =     536.09 ms /     9 tokens (   67.01 ms per token,    14.92 tokens per second)
ollama-1  | slot print_timing: id  0 | task 2648 |       total time =    4342.37 ms /   281 tokens
ollama-1  | slot print_timing: id  0 | task 2648 |    graphs reused =       1863
ollama-1  | slot      release: id  0 | task 2648 | stop processing: n_tokens = 630, truncated = 0
ollama-1  | srv  update_slots: all slots are idle
ollama-1  | [GIN] 2026/10/08 - 05:53:26 | 200 | 44.420982625s |      172.21.0.4 | POST     "/api/generate"
ollama-1  | srv  server_strea: conv_id= (empty=1)
ollama-1  | slot get_availabl: id  0 | task -1 |  - checking sim = 0.612 (350/572) > 0.100
ollama-1  | slot get_availabl: id  0 | task -1 | selected slot by LCP similarity, f_sim_best = 0.612 (> 0.100 thold), f_keep = 0.556
ollama-1  | slot launch_slot_: id  0 | task -1 | sampler chain: logits -> ?penalties -> ?dry -> ?top-n-sigma -> top-k -> ?typical -> top-p -> ?min-p -> ?xtc -> temp-ext -> dist 
ollama-1  | slot launch_slot_: id  0 | task -1 | sampler params: 
ollama-1  | 	repeat_last_n = 64, repeat_penalty = 1.000, frequency_penalty = 0.000, presence_penalty = 0.000
ollama-1  | 	dry_multiplier = 0.000, dry_base = 1.750, dry_allowed_length = 2, dry_penalty_last_n = 64
ollama-1  | 	top_k = 40, top_p = 0.900, min_p = 0.000, xtc_probability = 0.000, xtc_threshold = 0.100, typical_p = 1.000, top_n_sigma = -1.000, temp = 0.000
ollama-1  | 	mirostat = 0, mirostat_lr = 0.100, mirostat_ent = 5.000, adaptive_target = -1.000, adaptive_decay = 0.900
ollama-1  | slot launch_slot_: id  0 | task 2658 | processing task, is_child = 0
ollama-1  | slot   operator(): id  0 | task 2658 | new prompt, n_ctx_slot = 4096, n_keep = 4, task.n_tokens = 572
ollama-1  | slot   operator(): id  0 | task 2658 | cached n_tokens = 350, memory_seq_rm [350, end)
ollama-1  | slot init_sampler: id  0 | task 2658 | init sampler, took 0.06 ms, tokens: text = 572, total = 572
ollama-1  | [GIN] 2026/10/08 - 05:53:27 | 200 |      28.023µs |       127.0.0.1 | HEAD     "/"
ollama-1  | [GIN] 2026/10/08 - 05:53:27 | 200 |    1.609234ms |       127.0.0.1 | GET      "/api/tags"
ollama-1  | slot print_timing: id  0 | task 2658 | prompt eval time =    3182.61 ms /   222 tokens (   14.34 ms per token,    69.75 tokens per second)
ollama-1  | slot print_timing: id  0 | task 2658 |        eval time =     612.18 ms /    10 tokens (   68.02 ms per token,    14.70 tokens per second)
ollama-1  | slot print_timing: id  0 | task 2658 |       total time =    3794.78 ms /   232 tokens
ollama-1  | slot print_timing: id  0 | task 2658 |    graphs reused =       1871
ollama-1  | slot      release: id  0 | task 2658 | stop processing: n_tokens = 581, truncated = 0
ollama-1  | srv  update_slots: all slots are idle
ollama-1  | [GIN] 2026/10/08 - 05:53:30 | 200 | 45.214233892s |      172.21.0.4 | POST     "/api/generate"
ollama-1  | srv  server_strea: conv_id= (empty=1)
ollama-1  | slot get_availabl: id  0 | task -1 |  - checking sim = 0.801 (350/437) > 0.100
ollama-1  | slot get_availabl: id  0 | task -1 | selected slot by LCP similarity, f_sim_best = 0.801 (> 0.100 thold), f_keep = 0.602
ollama-1  | slot launch_slot_: id  0 | task -1 | sampler chain: logits -> ?penalties -> ?dry -> ?top-n-sigma -> top-k -> ?typical -> top-p -> ?min-p -> ?xtc -> temp-ext -> dist 
ollama-1  | slot launch_slot_: id  0 | task -1 | sampler params: 
ollama-1  | 	repeat_last_n = 64, repeat_penalty = 1.000, frequency_penalty = 0.000, presence_penalty = 0.000
ollama-1  | 	dry_multiplier = 0.000, dry_base = 1.750, dry_allowed_length = 2, dry_penalty_last_n = 64
ollama-1  | 	top_k = 40, top_p = 0.900, min_p = 0.000, xtc_probability = 0.000, xtc_threshold = 0.100, typical_p = 1.000, top_n_sigma = -1.000, temp = 0.000
ollama-1  | 	mirostat = 0, mirostat_lr = 0.100, mirostat_ent = 5.000, adaptive_target = -1.000, adaptive_decay = 0.900
ollama-1  | slot launch_slot_: id  0 | task 2669 | processing task, is_child = 0
ollama-1  | slot   operator(): id  0 | task 2669 | new prompt, n_ctx_slot = 4096, n_keep = 4, task.n_tokens = 437
ollama-1  | slot   operator(): id  0 | task 2669 | cached n_tokens = 350, memory_seq_rm [350, end)
ollama-1  | slot init_sampler: id  0 | task 2669 | init sampler, took 0.05 ms, tokens: text = 437, total = 437
ollama-1  | slot print_timing: id  0 | task 2669 | prompt eval time =    1329.29 ms /    87 tokens (   15.28 ms per token,    65.45 tokens per second)
ollama-1  | slot print_timing: id  0 | task 2669 |        eval time =     466.48 ms /     8 tokens (   66.64 ms per token,    15.01 tokens per second)
ollama-1  | slot print_timing: id  0 | task 2669 |       total time =    1795.76 ms /    95 tokens
ollama-1  | slot print_timing: id  0 | task 2669 |    graphs reused =       1877
ollama-1  | slot      release: id  0 | task 2669 | stop processing: n_tokens = 444, truncated = 0
ollama-1  | srv  update_slots: all slots are idle
ollama-1  | [GIN] 2026/10/08 - 05:53:31 | 200 | 46.458010743s |      172.21.0.4 | POST     "/api/generate"
ollama-1  | srv  server_strea: conv_id= (empty=1)
ollama-1  | slot get_availabl: id  0 | task -1 |  - checking sim = 0.487 (351/721) > 0.100
ollama-1  | slot get_availabl: id  0 | task -1 | selected slot by LCP similarity, f_sim_best = 0.487 (> 0.100 thold), f_keep = 0.791
ollama-1  | slot launch_slot_: id  0 | task -1 | sampler chain: logits -> ?penalties -> ?dry -> ?top-n-sigma -> top-k -> ?typical -> top-p -> ?min-p -> ?xtc -> temp-ext -> dist 
ollama-1  | slot launch_slot_: id  0 | task -1 | sampler params: 
ollama-1  | 	repeat_last_n = 64, repeat_penalty = 1.000, frequency_penalty = 0.000, presence_penalty = 0.000
ollama-1  | 	dry_multiplier = 0.000, dry_base = 1.750, dry_allowed_length = 2, dry_penalty_last_n = 64
ollama-1  | 	top_k = 40, top_p = 0.900, min_p = 0.000, xtc_probability = 0.000, xtc_threshold = 0.100, typical_p = 1.000, top_n_sigma = -1.000, temp = 0.000
ollama-1  | 	mirostat = 0, mirostat_lr = 0.100, mirostat_ent = 5.000, adaptive_target = -1.000, adaptive_decay = 0.900
ollama-1  | slot launch_slot_: id  0 | task 2678 | processing task, is_child = 0
ollama-1  | slot   operator(): id  0 | task 2678 | new prompt, n_ctx_slot = 4096, n_keep = 4, task.n_tokens = 721
ollama-1  | slot   operator(): id  0 | task 2678 | cached n_tokens = 351, memory_seq_rm [351, end)
ollama-1  | slot init_sampler: id  0 | task 2678 | init sampler, took 0.08 ms, tokens: text = 721, total = 721
ollama-1  | slot print_timing: id  0 | task 2678 | prompt eval time =    5178.87 ms /   370 tokens (   14.00 ms per token,    71.44 tokens per second)
ollama-1  | slot print_timing: id  0 | task 2678 |        eval time =     565.72 ms /     9 tokens (   70.71 ms per token,    14.14 tokens per second)
ollama-1  | slot print_timing: id  0 | task 2678 |       total time =    5744.59 ms /   379 tokens
ollama-1  | slot print_timing: id  0 | task 2678 |    graphs reused =       1884
ollama-1  | slot      release: id  0 | task 2678 | stop processing: n_tokens = 729, truncated = 0
ollama-1  | srv  update_slots: all slots are idle
ollama-1  | [GIN] 2026/10/08 - 05:53:39 | 200 | 47.970246291s |      172.21.0.4 | POST     "/api/generate"
ollama-1  | srv  server_strea: conv_id= (empty=1)
ollama-1  | slot get_availabl: id  0 | task -1 |  - checking sim = 0.445 (350/787) > 0.100
ollama-1  | slot get_availabl: id  0 | task -1 | selected slot by LCP similarity, f_sim_best = 0.445 (> 0.100 thold), f_keep = 0.480
ollama-1  | srv  get_availabl: updating prompt cache
ollama-1  | srv   prompt_save:  - saving prompt with length 729, total state size = 91.134 MiB (draft: 0.000 MiB)
ollama-1  | srv          load:  - looking for better prompt, base f_keep = 0.480, f_sim = 0.445
ollama-1  | srv          load:    - prompt with length     782, lcp =     350, f_keep = 0.448, f_sim = 0.445
ollama-1  | srv          load:    - prompt with length     794, lcp =     350, f_keep = 0.441, f_sim = 0.445
ollama-1  | srv          load:    - prompt with length     753, lcp =     350, f_keep = 0.465, f_sim = 0.445
ollama-1  | srv          load:    - prompt with length     730, lcp =     350, f_keep = 0.479, f_sim = 0.445
ollama-1  | srv          load:    - prompt with length     828, lcp =     350, f_keep = 0.423, f_sim = 0.445
ollama-1  | srv          load:    - prompt with length     851, lcp =     350, f_keep = 0.411, f_sim = 0.445
ollama-1  | srv          load:    - prompt with length     844, lcp =     350, f_keep = 0.415, f_sim = 0.445
ollama-1  | srv          load:    - prompt with length     846, lcp =     350, f_keep = 0.414, f_sim = 0.445
ollama-1  | srv          load:    - prompt with length     892, lcp =     350, f_keep = 0.392, f_sim = 0.445
ollama-1  | srv          load:    - prompt with length     780, lcp =     350, f_keep = 0.449, f_sim = 0.445
ollama-1  | srv          load:    - prompt with length     730, lcp =     350, f_keep = 0.479, f_sim = 0.445
ollama-1  | srv          load:    - prompt with length     796, lcp =     787, f_keep = 0.989, f_sim = 1.000
ollama-1  | srv          load:    - prompt with length     709, lcp =     350, f_keep = 0.494, f_sim = 0.445
ollama-1  | srv          load:    - prompt with length     728, lcp =     350, f_keep = 0.481, f_sim = 0.445
ollama-1  | srv          load:    - prompt with length     790, lcp =     350, f_keep = 0.443, f_sim = 0.445
ollama-1  | srv          load:    - prompt with length     729, lcp =     350, f_keep = 0.480, f_sim = 0.445
ollama-1  | srv          load:  - found better prompt with f_keep = 0.989, f_sim = 1.000
ollama-1  | srv        update:  - cache state: 15 prompts, 1473.396 MiB (limits: 8192.000 MiB, 4096 tokens, 65529 est)
ollama-1  | srv        update:    - prompt 0x36524940:     782 tokens, checkpoints:  0,    97.760 MiB
ollama-1  | srv        update:    - prompt 0x36524a40:     794 tokens, checkpoints:  0,    99.260 MiB
ollama-1  | srv        update:    - prompt 0x36521d10:     753 tokens, checkpoints:  0,    94.134 MiB
ollama-1  | srv        update:    - prompt 0x36521c60:     730 tokens, checkpoints:  0,    91.259 MiB
ollama-1  | srv        update:    - prompt 0x36521bb0:     828 tokens, checkpoints:  0,   103.510 MiB
ollama-1  | srv        update:    - prompt 0x36537930:     851 tokens, checkpoints:  0,   106.385 MiB
ollama-1  | srv        update:    - prompt 0x3652bd10:     844 tokens, checkpoints:  0,   105.510 MiB
ollama-1  | srv        update:    - prompt 0x3724fc20:     846 tokens, checkpoints:  0,   105.760 MiB
ollama-1  | srv        update:    - prompt 0x3651c680:     892 tokens, checkpoints:  0,   111.511 MiB
ollama-1  | srv        update:    - prompt 0x3715ca80:     780 tokens, checkpoints:  0,    97.510 MiB
ollama-1  | srv        update:    - prompt 0x37b80950:     730 tokens, checkpoints:  0,    91.259 MiB
ollama-1  | srv        update:    - prompt 0x37264940:     709 tokens, checkpoints:  0,    88.634 MiB
ollama-1  | srv        update:    - prompt 0x36522570:     728 tokens, checkpoints:  0,    91.009 MiB
ollama-1  | srv        update:    - prompt 0x364ffda0:     790 tokens, checkpoints:  0,    98.760 MiB
ollama-1  | srv        update:    - prompt 0x36510eb0:     729 tokens, checkpoints:  0,    91.134 MiB
ollama-1  | srv  get_availabl: prompt cache update took 59.99 ms
ollama-1  | slot launch_slot_: id  0 | task -1 | sampler chain: logits -> ?penalties -> ?dry -> ?top-n-sigma -> top-k -> ?typical -> top-p -> ?min-p -> ?xtc -> temp-ext -> dist 
ollama-1  | slot launch_slot_: id  0 | task -1 | sampler params: 
ollama-1  | 	repeat_last_n = 64, repeat_penalty = 1.000, frequency_penalty = 0.000, presence_penalty = 0.000
ollama-1  | 	dry_multiplier = 0.000, dry_base = 1.750, dry_allowed_length = 2, dry_penalty_last_n = 64
ollama-1  | 	top_k = 40, top_p = 0.900, min_p = 0.000, xtc_probability = 0.000, xtc_threshold = 0.100, typical_p = 1.000, top_n_sigma = -1.000, temp = 0.000
ollama-1  | 	mirostat = 0, mirostat_lr = 0.100, mirostat_ent = 5.000, adaptive_target = -1.000, adaptive_decay = 0.900
ollama-1  | slot launch_slot_: id  0 | task 2688 | processing task, is_child = 0
ollama-1  | slot   operator(): id  0 | task 2688 | new prompt, n_ctx_slot = 4096, n_keep = 4, task.n_tokens = 787
ollama-1  | slot   operator(): id  0 | task 2688 | need to evaluate at least 1 token for each active slot (n_past = 787, task.n_tokens() = 787)
ollama-1  | slot   operator(): id  0 | task 2688 | n_past was set to 786
ollama-1  | slot   operator(): id  0 | task 2688 | cached n_tokens = 786, memory_seq_rm [786, end)
ollama-1  | slot init_sampler: id  0 | task 2688 | init sampler, took 0.06 ms, tokens: text = 787, total = 787
ollama-1  | [GIN] 2026/10/08 - 05:53:39 | 200 |      37.832µs |       127.0.0.1 | HEAD     "/"
ollama-1  | [GIN] 2026/10/08 - 05:53:39 | 200 |    1.484805ms |       127.0.0.1 | GET      "/api/tags"
ollama-1  | slot print_timing: id  0 | task 2688 | prompt eval time =      70.46 ms /     1 tokens (   70.46 ms per token,    14.19 tokens per second)
ollama-1  | slot print_timing: id  0 | task 2688 |        eval time =     625.97 ms /    10 tokens (   69.55 ms per token,    14.38 tokens per second)
ollama-1  | slot print_timing: id  0 | task 2688 |       total time =     696.43 ms /    11 tokens
ollama-1  | slot print_timing: id  0 | task 2688 |    graphs reused =       1893
ollama-1  | slot      release: id  0 | task 2688 | stop processing: n_tokens = 796, truncated = 0
ollama-1  | srv  update_slots: all slots are idle
ollama-1  | [GIN] 2026/10/08 - 05:53:40 | 200 | 46.580335039s |      172.21.0.4 | POST     "/api/generate"
ollama-1  | srv  server_strea: conv_id= (empty=1)
ollama-1  | slot get_availabl: id  0 | task -1 |  - checking sim = 0.499 (350/701) > 0.100
ollama-1  | slot get_availabl: id  0 | task -1 | selected slot by LCP similarity, f_sim_best = 0.499 (> 0.100 thold), f_keep = 0.440
ollama-1  | srv  get_availabl: updating prompt cache
ollama-1  | srv   prompt_save:  - saving prompt with length 796, total state size = 99.510 MiB (draft: 0.000 MiB)
ollama-1  | srv          load:  - looking for better prompt, base f_keep = 0.440, f_sim = 0.499
ollama-1  | srv          load:    - prompt with length     782, lcp =     350, f_keep = 0.448, f_sim = 0.499
ollama-1  | srv          load:    - prompt with length     794, lcp =     350, f_keep = 0.441, f_sim = 0.499
ollama-1  | srv          load:    - prompt with length     753, lcp =     350, f_keep = 0.465, f_sim = 0.499
ollama-1  | srv          load:    - prompt with length     730, lcp =     350, f_keep = 0.479, f_sim = 0.499
ollama-1  | srv          load:    - prompt with length     828, lcp =     350, f_keep = 0.423, f_sim = 0.499
ollama-1  | srv          load:    - prompt with length     851, lcp =     350, f_keep = 0.411, f_sim = 0.499
ollama-1  | srv          load:    - prompt with length     844, lcp =     350, f_keep = 0.415, f_sim = 0.499
ollama-1  | srv          load:    - prompt with length     846, lcp =     350, f_keep = 0.414, f_sim = 0.499
ollama-1  | srv          load:    - prompt with length     892, lcp =     350, f_keep = 0.392, f_sim = 0.499
ollama-1  | srv          load:    - prompt with length     780, lcp =     350, f_keep = 0.449, f_sim = 0.499
ollama-1  | srv          load:    - prompt with length     730, lcp =     350, f_keep = 0.479, f_sim = 0.499
ollama-1  | srv          load:    - prompt with length     709, lcp =     701, f_keep = 0.989, f_sim = 1.000
ollama-1  | srv          load:    - prompt with length     728, lcp =     350, f_keep = 0.481, f_sim = 0.499
ollama-1  | srv          load:    - prompt with length     790, lcp =     350, f_keep = 0.443, f_sim = 0.499
ollama-1  | srv          load:    - prompt with length     729, lcp =     350, f_keep = 0.480, f_sim = 0.499
ollama-1  | srv          load:    - prompt with length     796, lcp =     350, f_keep = 0.440, f_sim = 0.499
ollama-1  | srv          load:  - found better prompt with f_keep = 0.989, f_sim = 1.000
ollama-1  | srv        update:  - cache state: 15 prompts, 1484.272 MiB (limits: 8192.000 MiB, 4096 tokens, 65529 est)
ollama-1  | srv        update:    - prompt 0x36524940:     782 tokens, checkpoints:  0,    97.760 MiB
ollama-1  | srv        update:    - prompt 0x36524a40:     794 tokens, checkpoints:  0,    99.260 MiB
ollama-1  | srv        update:    - prompt 0x36521d10:     753 tokens, checkpoints:  0,    94.134 MiB
ollama-1  | srv        update:    - prompt 0x36521c60:     730 tokens, checkpoints:  0,    91.259 MiB
ollama-1  | srv        update:    - prompt 0x36521bb0:     828 tokens, checkpoints:  0,   103.510 MiB
ollama-1  | srv        update:    - prompt 0x36537930:     851 tokens, checkpoints:  0,   106.385 MiB
ollama-1  | srv        update:    - prompt 0x3652bd10:     844 tokens, checkpoints:  0,   105.510 MiB
ollama-1  | srv        update:    - prompt 0x3724fc20:     846 tokens, checkpoints:  0,   105.760 MiB
ollama-1  | srv        update:    - prompt 0x3651c680:     892 tokens, checkpoints:  0,   111.511 MiB
ollama-1  | srv        update:    - prompt 0x3715ca80:     780 tokens, checkpoints:  0,    97.510 MiB
ollama-1  | srv        update:    - prompt 0x37b80950:     730 tokens, checkpoints:  0,    91.259 MiB
ollama-1  | srv        update:    - prompt 0x36522570:     728 tokens, checkpoints:  0,    91.009 MiB
ollama-1  | srv        update:    - prompt 0x364ffda0:     790 tokens, checkpoints:  0,    98.760 MiB
ollama-1  | srv        update:    - prompt 0x36510eb0:     729 tokens, checkpoints:  0,    91.134 MiB
ollama-1  | srv        update:    - prompt 0x3651cdf0:     796 tokens, checkpoints:  0,    99.510 MiB
ollama-1  | srv  get_availabl: prompt cache update took 65.45 ms
ollama-1  | slot launch_slot_: id  0 | task -1 | sampler chain: logits -> ?penalties -> ?dry -> ?top-n-sigma -> top-k -> ?typical -> top-p -> ?min-p -> ?xtc -> temp-ext -> dist 
ollama-1  | slot launch_slot_: id  0 | task -1 | sampler params: 
ollama-1  | 	repeat_last_n = 64, repeat_penalty = 1.000, frequency_penalty = 0.000, presence_penalty = 0.000
ollama-1  | 	dry_multiplier = 0.000, dry_base = 1.750, dry_allowed_length = 2, dry_penalty_last_n = 64
ollama-1  | 	top_k = 40, top_p = 0.900, min_p = 0.000, xtc_probability = 0.000, xtc_threshold = 0.100, typical_p = 1.000, top_n_sigma = -1.000, temp = 0.000
ollama-1  | 	mirostat = 0, mirostat_lr = 0.100, mirostat_ent = 5.000, adaptive_target = -1.000, adaptive_decay = 0.900
ollama-1  | slot launch_slot_: id  0 | task 2699 | processing task, is_child = 0
ollama-1  | slot   operator(): id  0 | task 2699 | new prompt, n_ctx_slot = 4096, n_keep = 4, task.n_tokens = 701
ollama-1  | slot   operator(): id  0 | task 2699 | need to evaluate at least 1 token for each active slot (n_past = 701, task.n_tokens() = 701)
ollama-1  | slot   operator(): id  0 | task 2699 | n_past was set to 700
ollama-1  | slot   operator(): id  0 | task 2699 | cached n_tokens = 700, memory_seq_rm [700, end)
ollama-1  | slot init_sampler: id  0 | task 2699 | init sampler, took 0.07 ms, tokens: text = 701, total = 701
ollama-1  | slot print_timing: id  0 | task 2699 | prompt eval time =      69.40 ms /     1 tokens (   69.40 ms per token,    14.41 tokens per second)
ollama-1  | slot print_timing: id  0 | task 2699 |        eval time =     532.22 ms /     9 tokens (   66.53 ms per token,    15.03 tokens per second)
ollama-1  | slot print_timing: id  0 | task 2699 |       total time =     601.62 ms /    10 tokens
ollama-1  | slot print_timing: id  0 | task 2699 |    graphs reused =       1901
ollama-1  | slot      release: id  0 | task 2699 | stop processing: n_tokens = 709, truncated = 0
ollama-1  | srv  update_slots: all slots are idle
ollama-1  | [GIN] 2026/10/08 - 05:53:40 | 200 | 46.207450629s |      172.21.0.4 | POST     "/api/generate"
ollama-1  | srv  server_strea: conv_id= (empty=1)
ollama-1  | slot get_availabl: id  0 | task -1 |  - checking sim = 0.602 (351/583) > 0.100
ollama-1  | slot get_availabl: id  0 | task -1 | selected slot by LCP similarity, f_sim_best = 0.602 (> 0.100 thold), f_keep = 0.495
ollama-1  | srv  get_availabl: updating prompt cache
ollama-1  | srv   prompt_save:  - saving prompt with length 709, total state size = 88.634 MiB (draft: 0.000 MiB)
ollama-1  | srv          load:  - looking for better prompt, base f_keep = 0.495, f_sim = 0.602
ollama-1  | srv          load:    - prompt with length     782, lcp =     350, f_keep = 0.448, f_sim = 0.600
ollama-1  | srv          load:    - prompt with length     794, lcp =     350, f_keep = 0.441, f_sim = 0.600
ollama-1  | srv          load:    - prompt with length     753, lcp =     350, f_keep = 0.465, f_sim = 0.600
ollama-1  | srv          load:    - prompt with length     730, lcp =     350, f_keep = 0.479, f_sim = 0.600
ollama-1  | srv          load:    - prompt with length     828, lcp =     350, f_keep = 0.423, f_sim = 0.600
ollama-1  | srv          load:    - prompt with length     851, lcp =     350, f_keep = 0.411, f_sim = 0.600
ollama-1  | srv          load:    - prompt with length     844, lcp =     350, f_keep = 0.415, f_sim = 0.600
ollama-1  | srv          load:    - prompt with length     846, lcp =     350, f_keep = 0.414, f_sim = 0.600
ollama-1  | srv          load:    - prompt with length     892, lcp =     350, f_keep = 0.392, f_sim = 0.600
ollama-1  | srv          load:    - prompt with length     780, lcp =     350, f_keep = 0.449, f_sim = 0.600
ollama-1  | srv          load:    - prompt with length     730, lcp =     350, f_keep = 0.479, f_sim = 0.600
ollama-1  | srv          load:    - prompt with length     728, lcp =     350, f_keep = 0.481, f_sim = 0.600
ollama-1  | srv          load:    - prompt with length     790, lcp =     350, f_keep = 0.443, f_sim = 0.600
ollama-1  | srv          load:    - prompt with length     729, lcp =     350, f_keep = 0.480, f_sim = 0.600
ollama-1  | srv          load:    - prompt with length     796, lcp =     350, f_keep = 0.440, f_sim = 0.600
ollama-1  | srv          load:    - prompt with length     709, lcp =     351, f_keep = 0.495, f_sim = 0.602
ollama-1  | srv        update:  - cache state: 16 prompts, 1572.906 MiB (limits: 8192.000 MiB, 4096 tokens, 65529 est)
ollama-1  | srv        update:    - prompt 0x36524940:     782 tokens, checkpoints:  0,    97.760 MiB
ollama-1  | srv        update:    - prompt 0x36524a40:     794 tokens, checkpoints:  0,    99.260 MiB
ollama-1  | srv        update:    - prompt 0x36521d10:     753 tokens, checkpoints:  0,    94.134 MiB
ollama-1  | srv        update:    - prompt 0x36521c60:     730 tokens, checkpoints:  0,    91.259 MiB
ollama-1  | srv        update:    - prompt 0x36521bb0:     828 tokens, checkpoints:  0,   103.510 MiB
ollama-1  | srv        update:    - prompt 0x36537930:     851 tokens, checkpoints:  0,   106.385 MiB
ollama-1  | srv        update:    - prompt 0x3652bd10:     844 tokens, checkpoints:  0,   105.510 MiB
ollama-1  | srv        update:    - prompt 0x3724fc20:     846 tokens, checkpoints:  0,   105.760 MiB
ollama-1  | srv        update:    - prompt 0x3651c680:     892 tokens, checkpoints:  0,   111.511 MiB
ollama-1  | srv        update:    - prompt 0x3715ca80:     780 tokens, checkpoints:  0,    97.510 MiB
ollama-1  | srv        update:    - prompt 0x37b80950:     730 tokens, checkpoints:  0,    91.259 MiB
ollama-1  | srv        update:    - prompt 0x36522570:     728 tokens, checkpoints:  0,    91.009 MiB
ollama-1  | srv        update:    - prompt 0x364ffda0:     790 tokens, checkpoints:  0,    98.760 MiB
ollama-1  | srv        update:    - prompt 0x36510eb0:     729 tokens, checkpoints:  0,    91.134 MiB
ollama-1  | srv        update:    - prompt 0x3651cdf0:     796 tokens, checkpoints:  0,    99.510 MiB
ollama-1  | srv        update:    - prompt 0x37264940:     709 tokens, checkpoints:  0,    88.634 MiB
ollama-1  | srv  get_availabl: prompt cache update took 35.59 ms
ollama-1  | slot launch_slot_: id  0 | task -1 | sampler chain: logits -> ?penalties -> ?dry -> ?top-n-sigma -> top-k -> ?typical -> top-p -> ?min-p -> ?xtc -> temp-ext -> dist 
ollama-1  | slot launch_slot_: id  0 | task -1 | sampler params: 
ollama-1  | 	repeat_last_n = 64, repeat_penalty = 1.000, frequency_penalty = 0.000, presence_penalty = 0.000
ollama-1  | 	dry_multiplier = 0.000, dry_base = 1.750, dry_allowed_length = 2, dry_penalty_last_n = 64
ollama-1  | 	top_k = 40, top_p = 0.900, min_p = 0.000, xtc_probability = 0.000, xtc_threshold = 0.100, typical_p = 1.000, top_n_sigma = -1.000, temp = 0.000
ollama-1  | 	mirostat = 0, mirostat_lr = 0.100, mirostat_ent = 5.000, adaptive_target = -1.000, adaptive_decay = 0.900
ollama-1  | slot launch_slot_: id  0 | task 2709 | processing task, is_child = 0
ollama-1  | slot   operator(): id  0 | task 2709 | new prompt, n_ctx_slot = 4096, n_keep = 4, task.n_tokens = 583
ollama-1  | slot   operator(): id  0 | task 2709 | cached n_tokens = 351, memory_seq_rm [351, end)
ollama-1  | slot init_sampler: id  0 | task 2709 | init sampler, took 0.04 ms, tokens: text = 583, total = 583
ollama-1  | slot print_timing: id  0 | task 2709 | prompt eval time =    3295.44 ms /   232 tokens (   14.20 ms per token,    70.40 tokens per second)
ollama-1  | slot print_timing: id  0 | task 2709 |        eval time =     535.25 ms /     9 tokens (   66.91 ms per token,    14.95 tokens per second)
ollama-1  | slot print_timing: id  0 | task 2709 |       total time =    3830.69 ms /   241 tokens
ollama-1  | slot print_timing: id  0 | task 2709 |    graphs reused =       1908
ollama-1  | slot      release: id  0 | task 2709 | stop processing: n_tokens = 591, truncated = 0
ollama-1  | srv  update_slots: all slots are idle
ollama-1  | [GIN] 2026/10/08 - 05:53:44 | 200 | 46.807509468s |      172.21.0.4 | POST     "/api/generate"
ollama-1  | srv  server_strea: conv_id= (empty=1)
ollama-1  | slot get_availabl: id  0 | task -1 |  - checking sim = 0.568 (350/616) > 0.100
ollama-1  | slot get_availabl: id  0 | task -1 | selected slot by LCP similarity, f_sim_best = 0.568 (> 0.100 thold), f_keep = 0.592
ollama-1  | slot launch_slot_: id  0 | task -1 | sampler chain: logits -> ?penalties -> ?dry -> ?top-n-sigma -> top-k -> ?typical -> top-p -> ?min-p -> ?xtc -> temp-ext -> dist 
ollama-1  | slot launch_slot_: id  0 | task -1 | sampler params: 
ollama-1  | 	repeat_last_n = 64, repeat_penalty = 1.000, frequency_penalty = 0.000, presence_penalty = 0.000
ollama-1  | 	dry_multiplier = 0.000, dry_base = 1.750, dry_allowed_length = 2, dry_penalty_last_n = 64
ollama-1  | 	top_k = 40, top_p = 0.900, min_p = 0.000, xtc_probability = 0.000, xtc_threshold = 0.100, typical_p = 1.000, top_n_sigma = -1.000, temp = 0.000
ollama-1  | 	mirostat = 0, mirostat_lr = 0.100, mirostat_ent = 5.000, adaptive_target = -1.000, adaptive_decay = 0.900
ollama-1  | slot launch_slot_: id  0 | task 2719 | processing task, is_child = 0
ollama-1  | slot   operator(): id  0 | task 2719 | new prompt, n_ctx_slot = 4096, n_keep = 4, task.n_tokens = 616
ollama-1  | slot   operator(): id  0 | task 2719 | cached n_tokens = 350, memory_seq_rm [350, end)
ollama-1  | slot init_sampler: id  0 | task 2719 | init sampler, took 0.06 ms, tokens: text = 616, total = 616
ollama-1  | slot print_timing: id  0 | task 2719 | prompt eval time =    3819.23 ms /   266 tokens (   14.36 ms per token,    69.65 tokens per second)
ollama-1  | slot print_timing: id  0 | task 2719 |        eval time =     618.37 ms /    10 tokens (   68.71 ms per token,    14.55 tokens per second)
ollama-1  | slot print_timing: id  0 | task 2719 |       total time =    4437.60 ms /   276 tokens
ollama-1  | slot print_timing: id  0 | task 2719 |    graphs reused =       1916
ollama-1  | slot      release: id  0 | task 2719 | stop processing: n_tokens = 625, truncated = 0
ollama-1  | srv  update_slots: all slots are idle
ollama-1  | [GIN] 2026/10/08 - 05:53:49 | 200 | 48.139609607s |      172.21.0.4 | POST     "/api/generate"
ollama-1  | srv  server_strea: conv_id= (empty=1)
ollama-1  | slot get_availabl: id  0 | task -1 |  - checking sim = 0.522 (352/674) > 0.100
ollama-1  | slot get_availabl: id  0 | task -1 | selected slot by LCP similarity, f_sim_best = 0.522 (> 0.100 thold), f_keep = 0.563
ollama-1  | slot launch_slot_: id  0 | task -1 | sampler chain: logits -> ?penalties -> ?dry -> ?top-n-sigma -> top-k -> ?typical -> top-p -> ?min-p -> ?xtc -> temp-ext -> dist 
ollama-1  | slot launch_slot_: id  0 | task -1 | sampler params: 
ollama-1  | 	repeat_last_n = 64, repeat_penalty = 1.000, frequency_penalty = 0.000, presence_penalty = 0.000
ollama-1  | 	dry_multiplier = 0.000, dry_base = 1.750, dry_allowed_length = 2, dry_penalty_last_n = 64
ollama-1  | 	top_k = 40, top_p = 0.900, min_p = 0.000, xtc_probability = 0.000, xtc_threshold = 0.100, typical_p = 1.000, top_n_sigma = -1.000, temp = 0.000
ollama-1  | 	mirostat = 0, mirostat_lr = 0.100, mirostat_ent = 5.000, adaptive_target = -1.000, adaptive_decay = 0.900
ollama-1  | slot launch_slot_: id  0 | task 2730 | processing task, is_child = 0
ollama-1  | slot   operator(): id  0 | task 2730 | new prompt, n_ctx_slot = 4096, n_keep = 4, task.n_tokens = 674
ollama-1  | slot   operator(): id  0 | task 2730 | cached n_tokens = 352, memory_seq_rm [352, end)
ollama-1  | slot init_sampler: id  0 | task 2730 | init sampler, took 0.05 ms, tokens: text = 674, total = 674
ollama-1  | [GIN] 2026/10/08 - 05:53:49 | 200 |      26.378µs |       127.0.0.1 | HEAD     "/"
ollama-1  | [GIN] 2026/10/08 - 05:53:49 | 200 |    1.228015ms |       127.0.0.1 | GET      "/api/tags"
ollama-1  | slot print_timing: id  0 | task 2730 | prompt eval time =    4597.24 ms /   322 tokens (   14.28 ms per token,    70.04 tokens per second)
ollama-1  | slot print_timing: id  0 | task 2730 |        eval time =     474.76 ms /     8 tokens (   67.82 ms per token,    14.74 tokens per second)
ollama-1  | slot print_timing: id  0 | task 2730 |       total time =    5072.00 ms /   330 tokens
ollama-1  | slot print_timing: id  0 | task 2730 |    graphs reused =       1922
ollama-1  | slot      release: id  0 | task 2730 | stop processing: n_tokens = 681, truncated = 0
ollama-1  | srv  update_slots: all slots are idle
ollama-1  | [GIN] 2026/10/08 - 05:53:54 | 200 | 51.519125628s |      172.21.0.4 | POST     "/api/generate"
ollama-1  | srv  server_strea: conv_id= (empty=1)
ollama-1  | slot get_availabl: id  0 | task -1 |  - checking sim = 0.634 (350/552) > 0.100
ollama-1  | slot get_availabl: id  0 | task -1 | selected slot by LCP similarity, f_sim_best = 0.634 (> 0.100 thold), f_keep = 0.514
ollama-1  | slot launch_slot_: id  0 | task -1 | sampler chain: logits -> ?penalties -> ?dry -> ?top-n-sigma -> top-k -> ?typical -> top-p -> ?min-p -> ?xtc -> temp-ext -> dist 
ollama-1  | slot launch_slot_: id  0 | task -1 | sampler params: 
ollama-1  | 	repeat_last_n = 64, repeat_penalty = 1.000, frequency_penalty = 0.000, presence_penalty = 0.000
ollama-1  | 	dry_multiplier = 0.000, dry_base = 1.750, dry_allowed_length = 2, dry_penalty_last_n = 64
ollama-1  | 	top_k = 40, top_p = 0.900, min_p = 0.000, xtc_probability = 0.000, xtc_threshold = 0.100, typical_p = 1.000, top_n_sigma = -1.000, temp = 0.000
ollama-1  | 	mirostat = 0, mirostat_lr = 0.100, mirostat_ent = 5.000, adaptive_target = -1.000, adaptive_decay = 0.900
ollama-1  | slot launch_slot_: id  0 | task 2739 | processing task, is_child = 0
ollama-1  | slot   operator(): id  0 | task 2739 | new prompt, n_ctx_slot = 4096, n_keep = 4, task.n_tokens = 552
ollama-1  | slot   operator(): id  0 | task 2739 | cached n_tokens = 350, memory_seq_rm [350, end)
ollama-1  | slot init_sampler: id  0 | task 2739 | init sampler, took 0.07 ms, tokens: text = 552, total = 552
ollama-1  | slot print_timing: id  0 | task 2739 | prompt eval time =    2831.82 ms /   202 tokens (   14.02 ms per token,    71.33 tokens per second)
ollama-1  | slot print_timing: id  0 | task 2739 |        eval time =     534.18 ms /     9 tokens (   66.77 ms per token,    14.98 tokens per second)
ollama-1  | slot print_timing: id  0 | task 2739 |       total time =    3366.00 ms /   211 tokens
ollama-1  | slot print_timing: id  0 | task 2739 |    graphs reused =       1929
ollama-1  | slot      release: id  0 | task 2739 | stop processing: n_tokens = 560, truncated = 0
ollama-1  | srv  update_slots: all slots are idle
ollama-1  | [GIN] 2026/10/08 - 05:53:57 | 200 |  49.02779819s |      172.21.0.4 | POST     "/api/generate"
ollama-1  | srv  server_strea: conv_id= (empty=1)
ollama-1  | slot get_availabl: id  0 | task -1 |  - checking sim = 0.729 (350/480) > 0.100
ollama-1  | slot get_availabl: id  0 | task -1 | selected slot by LCP similarity, f_sim_best = 0.729 (> 0.100 thold), f_keep = 0.625
ollama-1  | slot launch_slot_: id  0 | task -1 | sampler chain: logits -> ?penalties -> ?dry -> ?top-n-sigma -> top-k -> ?typical -> top-p -> ?min-p -> ?xtc -> temp-ext -> dist 
ollama-1  | slot launch_slot_: id  0 | task -1 | sampler params: 
ollama-1  | 	repeat_last_n = 64, repeat_penalty = 1.000, frequency_penalty = 0.000, presence_penalty = 0.000
ollama-1  | 	dry_multiplier = 0.000, dry_base = 1.750, dry_allowed_length = 2, dry_penalty_last_n = 64
ollama-1  | 	top_k = 40, top_p = 0.900, min_p = 0.000, xtc_probability = 0.000, xtc_threshold = 0.100, typical_p = 1.000, top_n_sigma = -1.000, temp = 0.000
ollama-1  | 	mirostat = 0, mirostat_lr = 0.100, mirostat_ent = 5.000, adaptive_target = -1.000, adaptive_decay = 0.900
ollama-1  | slot launch_slot_: id  0 | task 2749 | processing task, is_child = 0
ollama-1  | slot   operator(): id  0 | task 2749 | new prompt, n_ctx_slot = 4096, n_keep = 4, task.n_tokens = 480
ollama-1  | slot   operator(): id  0 | task 2749 | cached n_tokens = 350, memory_seq_rm [350, end)
ollama-1  | slot init_sampler: id  0 | task 2749 | init sampler, took 0.05 ms, tokens: text = 480, total = 480
ollama-1  | [GIN] 2026/10/08 - 05:54:00 | 200 |       27.49µs |       127.0.0.1 | HEAD     "/"
ollama-1  | [GIN] 2026/10/08 - 05:54:00 | 200 |    1.427404ms |       127.0.0.1 | GET      "/api/tags"
ollama-1  | slot print_timing: id  0 | task 2749 | prompt eval time =    1921.32 ms /   130 tokens (   14.78 ms per token,    67.66 tokens per second)
ollama-1  | slot print_timing: id  0 | task 2749 |        eval time =     609.86 ms /    10 tokens (   67.76 ms per token,    14.76 tokens per second)
ollama-1  | slot print_timing: id  0 | task 2749 |       total time =    2531.18 ms /   140 tokens
ollama-1  | slot print_timing: id  0 | task 2749 |    graphs reused =       1937
ollama-1  | slot      release: id  0 | task 2749 | stop processing: n_tokens = 489, truncated = 0
ollama-1  | srv  update_slots: all slots are idle
ollama-1  | [GIN] 2026/10/08 - 05:54:00 | 200 | 49.660691847s |      172.21.0.4 | POST     "/api/generate"
ollama-1  | srv  server_strea: conv_id= (empty=1)
ollama-1  | slot get_availabl: id  0 | task -1 |  - checking sim = 0.648 (350/540) > 0.100
ollama-1  | slot get_availabl: id  0 | task -1 | selected slot by LCP similarity, f_sim_best = 0.648 (> 0.100 thold), f_keep = 0.716
ollama-1  | slot launch_slot_: id  0 | task -1 | sampler chain: logits -> ?penalties -> ?dry -> ?top-n-sigma -> top-k -> ?typical -> top-p -> ?min-p -> ?xtc -> temp-ext -> dist 
ollama-1  | slot launch_slot_: id  0 | task -1 | sampler params: 
ollama-1  | 	repeat_last_n = 64, repeat_penalty = 1.000, frequency_penalty = 0.000, presence_penalty = 0.000
ollama-1  | 	dry_multiplier = 0.000, dry_base = 1.750, dry_allowed_length = 2, dry_penalty_last_n = 64
ollama-1  | 	top_k = 40, top_p = 0.900, min_p = 0.000, xtc_probability = 0.000, xtc_threshold = 0.100, typical_p = 1.000, top_n_sigma = -1.000, temp = 0.000
ollama-1  | 	mirostat = 0, mirostat_lr = 0.100, mirostat_ent = 5.000, adaptive_target = -1.000, adaptive_decay = 0.900
ollama-1  | slot launch_slot_: id  0 | task 2760 | processing task, is_child = 0
ollama-1  | slot   operator(): id  0 | task 2760 | new prompt, n_ctx_slot = 4096, n_keep = 4, task.n_tokens = 540
ollama-1  | slot   operator(): id  0 | task 2760 | cached n_tokens = 350, memory_seq_rm [350, end)
ollama-1  | slot init_sampler: id  0 | task 2760 | init sampler, took 0.04 ms, tokens: text = 540, total = 540
ollama-1  | slot print_timing: id  0 | task 2760 | prompt eval time =    2770.71 ms /   190 tokens (   14.58 ms per token,    68.57 tokens per second)
ollama-1  | slot print_timing: id  0 | task 2760 |        eval time =     528.42 ms /     9 tokens (   66.05 ms per token,    15.14 tokens per second)
ollama-1  | slot print_timing: id  0 | task 2760 |       total time =    3299.13 ms /   199 tokens
ollama-1  | slot print_timing: id  0 | task 2760 |    graphs reused =       1944
ollama-1  | slot      release: id  0 | task 2760 | stop processing: n_tokens = 548, truncated = 0
ollama-1  | srv  update_slots: all slots are idle
ollama-1  | [GIN] 2026/10/08 - 05:54:03 | 200 | 50.665657116s |      172.21.0.4 | POST     "/api/generate"
ollama-1  | srv  server_strea: conv_id= (empty=1)
ollama-1  | slot get_availabl: id  0 | task -1 |  - checking sim = 0.794 (350/441) > 0.100
ollama-1  | slot get_availabl: id  0 | task -1 | selected slot by LCP similarity, f_sim_best = 0.794 (> 0.100 thold), f_keep = 0.639
ollama-1  | slot launch_slot_: id  0 | task -1 | sampler chain: logits -> ?penalties -> ?dry -> ?top-n-sigma -> top-k -> ?typical -> top-p -> ?min-p -> ?xtc -> temp-ext -> dist 
ollama-1  | slot launch_slot_: id  0 | task -1 | sampler params: 
ollama-1  | 	repeat_last_n = 64, repeat_penalty = 1.000, frequency_penalty = 0.000, presence_penalty = 0.000
ollama-1  | 	dry_multiplier = 0.000, dry_base = 1.750, dry_allowed_length = 2, dry_penalty_last_n = 64
ollama-1  | 	top_k = 40, top_p = 0.900, min_p = 0.000, xtc_probability = 0.000, xtc_threshold = 0.100, typical_p = 1.000, top_n_sigma = -1.000, temp = 0.000
ollama-1  | 	mirostat = 0, mirostat_lr = 0.100, mirostat_ent = 5.000, adaptive_target = -1.000, adaptive_decay = 0.900
ollama-1  | slot launch_slot_: id  0 | task 2770 | processing task, is_child = 0
ollama-1  | slot   operator(): id  0 | task 2770 | new prompt, n_ctx_slot = 4096, n_keep = 4, task.n_tokens = 441
ollama-1  | slot   operator(): id  0 | task 2770 | cached n_tokens = 350, memory_seq_rm [350, end)
ollama-1  | slot init_sampler: id  0 | task 2770 | init sampler, took 0.04 ms, tokens: text = 441, total = 441
ollama-1  | slot print_timing: id  0 | task 2770 | prompt eval time =    1363.49 ms /    91 tokens (   14.98 ms per token,    66.74 tokens per second)
ollama-1  | slot print_timing: id  0 | task 2770 |        eval time =     549.27 ms /     9 tokens (   68.66 ms per token,    14.56 tokens per second)
ollama-1  | slot print_timing: id  0 | task 2770 |       total time =    1912.77 ms /   100 tokens
ollama-1  | slot print_timing: id  0 | task 2770 |    graphs reused =       1951
ollama-1  | slot      release: id  0 | task 2770 | stop processing: n_tokens = 449, truncated = 0
ollama-1  | srv  update_slots: all slots are idle
ollama-1  | [GIN] 2026/10/08 - 05:54:05 | 200 | 50.067172951s |      172.21.0.4 | POST     "/api/generate"
ollama-1  | srv  server_strea: conv_id= (empty=1)
ollama-1  | slot get_availabl: id  0 | task -1 |  - checking sim = 0.489 (350/716) > 0.100
ollama-1  | slot get_availabl: id  0 | task -1 | selected slot by LCP similarity, f_sim_best = 0.489 (> 0.100 thold), f_keep = 0.780
ollama-1  | slot launch_slot_: id  0 | task -1 | sampler chain: logits -> ?penalties -> ?dry -> ?top-n-sigma -> top-k -> ?typical -> top-p -> ?min-p -> ?xtc -> temp-ext -> dist 
ollama-1  | slot launch_slot_: id  0 | task -1 | sampler params: 
ollama-1  | 	repeat_last_n = 64, repeat_penalty = 1.000, frequency_penalty = 0.000, presence_penalty = 0.000
ollama-1  | 	dry_multiplier = 0.000, dry_base = 1.750, dry_allowed_length = 2, dry_penalty_last_n = 64
ollama-1  | 	top_k = 40, top_p = 0.900, min_p = 0.000, xtc_probability = 0.000, xtc_threshold = 0.100, typical_p = 1.000, top_n_sigma = -1.000, temp = 0.000
ollama-1  | 	mirostat = 0, mirostat_lr = 0.100, mirostat_ent = 5.000, adaptive_target = -1.000, adaptive_decay = 0.900
ollama-1  | slot launch_slot_: id  0 | task 2780 | processing task, is_child = 0
ollama-1  | slot   operator(): id  0 | task 2780 | new prompt, n_ctx_slot = 4096, n_keep = 4, task.n_tokens = 716
ollama-1  | slot   operator(): id  0 | task 2780 | cached n_tokens = 350, memory_seq_rm [350, end)
ollama-1  | slot init_sampler: id  0 | task 2780 | init sampler, took 0.06 ms, tokens: text = 716, total = 716
ollama-1  | [GIN] 2026/10/08 - 05:54:11 | 200 |       28.41µs |       127.0.0.1 | HEAD     "/"
ollama-1  | [GIN] 2026/10/08 - 05:54:11 | 200 |    2.020163ms |       127.0.0.1 | GET      "/api/tags"
ollama-1  | slot print_timing: id  0 | task 2780 | prompt eval time =    5202.16 ms /   366 tokens (   14.21 ms per token,    70.36 tokens per second)
ollama-1  | slot print_timing: id  0 | task 2780 |        eval time =     529.56 ms /     9 tokens (   66.19 ms per token,    15.11 tokens per second)
ollama-1  | slot print_timing: id  0 | task 2780 |       total time =    5731.71 ms /   375 tokens
ollama-1  | slot print_timing: id  0 | task 2780 |    graphs reused =       1958
ollama-1  | slot      release: id  0 | task 2780 | stop processing: n_tokens = 724, truncated = 0
ollama-1  | srv  update_slots: all slots are idle
ollama-1  | [GIN] 2026/10/08 - 05:54:12 | 200 | 54.977446581s |      172.21.0.4 | POST     "/api/generate"
ollama-1  | srv  server_strea: conv_id= (empty=1)
ollama-1  | slot get_availabl: id  0 | task -1 |  - checking sim = 0.612 (350/572) > 0.100
ollama-1  | slot get_availabl: id  0 | task -1 | selected slot by LCP similarity, f_sim_best = 0.612 (> 0.100 thold), f_keep = 0.483
ollama-1  | srv  get_availabl: updating prompt cache
ollama-1  | srv   prompt_save:  - saving prompt with length 724, total state size = 90.509 MiB (draft: 0.000 MiB)
ollama-1  | srv          load:  - looking for better prompt, base f_keep = 0.483, f_sim = 0.612
ollama-1  | srv          load:    - prompt with length     782, lcp =     350, f_keep = 0.448, f_sim = 0.612
ollama-1  | srv          load:    - prompt with length     794, lcp =     350, f_keep = 0.441, f_sim = 0.612
ollama-1  | srv          load:    - prompt with length     753, lcp =     352, f_keep = 0.467, f_sim = 0.615
ollama-1  | srv          load:    - prompt with length     730, lcp =     350, f_keep = 0.479, f_sim = 0.612
ollama-1  | srv          load:    - prompt with length     828, lcp =     350, f_keep = 0.423, f_sim = 0.612
ollama-1  | srv          load:    - prompt with length     851, lcp =     350, f_keep = 0.411, f_sim = 0.612
ollama-1  | srv          load:    - prompt with length     844, lcp =     350, f_keep = 0.415, f_sim = 0.612
ollama-1  | srv          load:    - prompt with length     846, lcp =     350, f_keep = 0.414, f_sim = 0.612
ollama-1  | srv          load:    - prompt with length     892, lcp =     350, f_keep = 0.392, f_sim = 0.612
ollama-1  | srv          load:    - prompt with length     780, lcp =     350, f_keep = 0.449, f_sim = 0.612
ollama-1  | srv          load:    - prompt with length     730, lcp =     350, f_keep = 0.479, f_sim = 0.612
ollama-1  | srv          load:    - prompt with length     728, lcp =     350, f_keep = 0.481, f_sim = 0.612
ollama-1  | srv          load:    - prompt with length     790, lcp =     350, f_keep = 0.443, f_sim = 0.612
ollama-1  | srv          load:    - prompt with length     729, lcp =     350, f_keep = 0.480, f_sim = 0.612
ollama-1  | srv          load:    - prompt with length     796, lcp =     350, f_keep = 0.440, f_sim = 0.612
ollama-1  | srv          load:    - prompt with length     709, lcp =     350, f_keep = 0.494, f_sim = 0.612
ollama-1  | srv          load:    - prompt with length     724, lcp =     350, f_keep = 0.483, f_sim = 0.612
ollama-1  | srv        update:  - cache state: 17 prompts, 1663.415 MiB (limits: 8192.000 MiB, 4096 tokens, 65529 est)
ollama-1  | srv        update:    - prompt 0x36524940:     782 tokens, checkpoints:  0,    97.760 MiB
ollama-1  | srv        update:    - prompt 0x36524a40:     794 tokens, checkpoints:  0,    99.260 MiB
ollama-1  | srv        update:    - prompt 0x36521d10:     753 tokens, checkpoints:  0,    94.134 MiB
ollama-1  | srv        update:    - prompt 0x36521c60:     730 tokens, checkpoints:  0,    91.259 MiB
ollama-1  | srv        update:    - prompt 0x36521bb0:     828 tokens, checkpoints:  0,   103.510 MiB
ollama-1  | srv        update:    - prompt 0x36537930:     851 tokens, checkpoints:  0,   106.385 MiB
ollama-1  | srv        update:    - prompt 0x3652bd10:     844 tokens, checkpoints:  0,   105.510 MiB
ollama-1  | srv        update:    - prompt 0x3724fc20:     846 tokens, checkpoints:  0,   105.760 MiB
ollama-1  | srv        update:    - prompt 0x3651c680:     892 tokens, checkpoints:  0,   111.511 MiB
ollama-1  | srv        update:    - prompt 0x3715ca80:     780 tokens, checkpoints:  0,    97.510 MiB
ollama-1  | srv        update:    - prompt 0x37b80950:     730 tokens, checkpoints:  0,    91.259 MiB
ollama-1  | srv        update:    - prompt 0x36522570:     728 tokens, checkpoints:  0,    91.009 MiB
ollama-1  | srv        update:    - prompt 0x364ffda0:     790 tokens, checkpoints:  0,    98.760 MiB
ollama-1  | srv        update:    - prompt 0x36510eb0:     729 tokens, checkpoints:  0,    91.134 MiB
ollama-1  | srv        update:    - prompt 0x3651cdf0:     796 tokens, checkpoints:  0,    99.510 MiB
ollama-1  | srv        update:    - prompt 0x37264940:     709 tokens, checkpoints:  0,    88.634 MiB
ollama-1  | srv        update:    - prompt 0x37a562a0:     724 tokens, checkpoints:  0,    90.509 MiB
ollama-1  | srv  get_availabl: prompt cache update took 49.01 ms
ollama-1  | slot launch_slot_: id  0 | task -1 | sampler chain: logits -> ?penalties -> ?dry -> ?top-n-sigma -> top-k -> ?typical -> top-p -> ?min-p -> ?xtc -> temp-ext -> dist 
ollama-1  | slot launch_slot_: id  0 | task -1 | sampler params: 
ollama-1  | 	repeat_last_n = 64, repeat_penalty = 1.000, frequency_penalty = 0.000, presence_penalty = 0.000
ollama-1  | 	dry_multiplier = 0.000, dry_base = 1.750, dry_allowed_length = 2, dry_penalty_last_n = 64
ollama-1  | 	top_k = 40, top_p = 0.900, min_p = 0.000, xtc_probability = 0.000, xtc_threshold = 0.100, typical_p = 1.000, top_n_sigma = -1.000, temp = 0.000
ollama-1  | 	mirostat = 0, mirostat_lr = 0.100, mirostat_ent = 5.000, adaptive_target = -1.000, adaptive_decay = 0.900
ollama-1  | slot launch_slot_: id  0 | task 2790 | processing task, is_child = 0
ollama-1  | slot   operator(): id  0 | task 2790 | new prompt, n_ctx_slot = 4096, n_keep = 4, task.n_tokens = 572
ollama-1  | slot   operator(): id  0 | task 2790 | cached n_tokens = 350, memory_seq_rm [350, end)
ollama-1  | slot init_sampler: id  0 | task 2790 | init sampler, took 0.05 ms, tokens: text = 572, total = 572
ollama-1  | slot print_timing: id  0 | task 2790 | prompt eval time =    3226.23 ms /   222 tokens (   14.53 ms per token,    68.81 tokens per second)
ollama-1  | slot print_timing: id  0 | task 2790 |        eval time =     471.58 ms /     8 tokens (   67.37 ms per token,    14.84 tokens per second)
ollama-1  | slot print_timing: id  0 | task 2790 |       total time =    3697.82 ms /   230 tokens
ollama-1  | slot print_timing: id  0 | task 2790 |    graphs reused =       1964
ollama-1  | slot      release: id  0 | task 2790 | stop processing: n_tokens = 579, truncated = 0
ollama-1  | srv  update_slots: all slots are idle
ollama-1  | [GIN] 2026/10/08 - 05:54:16 | 200 | 56.960794067s |      172.21.0.4 | POST     "/api/generate"
ollama-1  | srv  server_strea: conv_id= (empty=1)
ollama-1  | slot get_availabl: id  0 | task -1 |  - checking sim = 0.790 (350/443) > 0.100
ollama-1  | slot get_availabl: id  0 | task -1 | selected slot by LCP similarity, f_sim_best = 0.790 (> 0.100 thold), f_keep = 0.604
ollama-1  | slot launch_slot_: id  0 | task -1 | sampler chain: logits -> ?penalties -> ?dry -> ?top-n-sigma -> top-k -> ?typical -> top-p -> ?min-p -> ?xtc -> temp-ext -> dist 
ollama-1  | slot launch_slot_: id  0 | task -1 | sampler params: 
ollama-1  | 	repeat_last_n = 64, repeat_penalty = 1.000, frequency_penalty = 0.000, presence_penalty = 0.000
ollama-1  | 	dry_multiplier = 0.000, dry_base = 1.750, dry_allowed_length = 2, dry_penalty_last_n = 64
ollama-1  | 	top_k = 40, top_p = 0.900, min_p = 0.000, xtc_probability = 0.000, xtc_threshold = 0.100, typical_p = 1.000, top_n_sigma = -1.000, temp = 0.000
ollama-1  | 	mirostat = 0, mirostat_lr = 0.100, mirostat_ent = 5.000, adaptive_target = -1.000, adaptive_decay = 0.900
ollama-1  | slot launch_slot_: id  0 | task 2799 | processing task, is_child = 0
ollama-1  | slot   operator(): id  0 | task 2799 | new prompt, n_ctx_slot = 4096, n_keep = 4, task.n_tokens = 443
ollama-1  | slot   operator(): id  0 | task 2799 | cached n_tokens = 350, memory_seq_rm [350, end)
ollama-1  | slot init_sampler: id  0 | task 2799 | init sampler, took 0.05 ms, tokens: text = 443, total = 443
ollama-1  | slot print_timing: id  0 | task 2799 | prompt eval time =    1388.22 ms /    93 tokens (   14.93 ms per token,    66.99 tokens per second)
ollama-1  | slot print_timing: id  0 | task 2799 |        eval time =     521.66 ms /     9 tokens (   65.21 ms per token,    15.34 tokens per second)
ollama-1  | slot print_timing: id  0 | task 2799 |       total time =    1909.88 ms /   102 tokens
ollama-1  | slot print_timing: id  0 | task 2799 |    graphs reused =       1971
ollama-1  | slot      release: id  0 | task 2799 | stop processing: n_tokens = 451, truncated = 0
ollama-1  | srv  update_slots: all slots are idle
ollama-1  | [GIN] 2026/10/08 - 05:54:18 | 200 | 55.787399153s |      172.21.0.4 | POST     "/api/generate"
ollama-1  | srv  server_strea: conv_id= (empty=1)
ollama-1  | slot get_availabl: id  0 | task -1 |  - checking sim = 0.640 (350/547) > 0.100
ollama-1  | slot get_availabl: id  0 | task -1 | selected slot by LCP similarity, f_sim_best = 0.640 (> 0.100 thold), f_keep = 0.776
ollama-1  | slot launch_slot_: id  0 | task -1 | sampler chain: logits -> ?penalties -> ?dry -> ?top-n-sigma -> top-k -> ?typical -> top-p -> ?min-p -> ?xtc -> temp-ext -> dist 
ollama-1  | slot launch_slot_: id  0 | task -1 | sampler params: 
ollama-1  | 	repeat_last_n = 64, repeat_penalty = 1.000, frequency_penalty = 0.000, presence_penalty = 0.000
ollama-1  | 	dry_multiplier = 0.000, dry_base = 1.750, dry_allowed_length = 2, dry_penalty_last_n = 64
ollama-1  | 	top_k = 40, top_p = 0.900, min_p = 0.000, xtc_probability = 0.000, xtc_threshold = 0.100, typical_p = 1.000, top_n_sigma = -1.000, temp = 0.000
ollama-1  | 	mirostat = 0, mirostat_lr = 0.100, mirostat_ent = 5.000, adaptive_target = -1.000, adaptive_decay = 0.900
ollama-1  | slot launch_slot_: id  0 | task 2809 | processing task, is_child = 0
ollama-1  | slot   operator(): id  0 | task 2809 | new prompt, n_ctx_slot = 4096, n_keep = 4, task.n_tokens = 547
ollama-1  | slot   operator(): id  0 | task 2809 | cached n_tokens = 350, memory_seq_rm [350, end)
ollama-1  | slot init_sampler: id  0 | task 2809 | init sampler, took 0.04 ms, tokens: text = 547, total = 547
ollama-1  | slot print_timing: id  0 | task 2809 | prompt eval time =    2870.87 ms /   197 tokens (   14.57 ms per token,    68.62 tokens per second)
ollama-1  | slot print_timing: id  0 | task 2809 |        eval time =     469.68 ms /     8 tokens (   67.10 ms per token,    14.90 tokens per second)
ollama-1  | slot print_timing: id  0 | task 2809 |       total time =    3340.56 ms /   205 tokens
ollama-1  | slot print_timing: id  0 | task 2809 |    graphs reused =       1977
ollama-1  | slot      release: id  0 | task 2809 | stop processing: n_tokens = 554, truncated = 0
ollama-1  | srv  update_slots: all slots are idle
ollama-1  | [GIN] 2026/10/08 - 05:54:21 | 200 | 58.004723383s |      172.21.0.4 | POST     "/api/generate"
ollama-1  | srv  server_strea: conv_id= (empty=1)
ollama-1  | slot get_availabl: id  0 | task -1 |  - checking sim = 0.771 (351/455) > 0.100
ollama-1  | slot get_availabl: id  0 | task -1 | selected slot by LCP similarity, f_sim_best = 0.771 (> 0.100 thold), f_keep = 0.634
ollama-1  | slot launch_slot_: id  0 | task -1 | sampler chain: logits -> ?penalties -> ?dry -> ?top-n-sigma -> top-k -> ?typical -> top-p -> ?min-p -> ?xtc -> temp-ext -> dist 
ollama-1  | slot launch_slot_: id  0 | task -1 | sampler params: 
ollama-1  | 	repeat_last_n = 64, repeat_penalty = 1.000, frequency_penalty = 0.000, presence_penalty = 0.000
ollama-1  | 	dry_multiplier = 0.000, dry_base = 1.750, dry_allowed_length = 2, dry_penalty_last_n = 64
ollama-1  | 	top_k = 40, top_p = 0.900, min_p = 0.000, xtc_probability = 0.000, xtc_threshold = 0.100, typical_p = 1.000, top_n_sigma = -1.000, temp = 0.000
ollama-1  | 	mirostat = 0, mirostat_lr = 0.100, mirostat_ent = 5.000, adaptive_target = -1.000, adaptive_decay = 0.900
ollama-1  | slot launch_slot_: id  0 | task 2818 | processing task, is_child = 0
ollama-1  | slot   operator(): id  0 | task 2818 | new prompt, n_ctx_slot = 4096, n_keep = 4, task.n_tokens = 455
ollama-1  | slot   operator(): id  0 | task 2818 | cached n_tokens = 351, memory_seq_rm [351, end)
ollama-1  | slot init_sampler: id  0 | task 2818 | init sampler, took 0.05 ms, tokens: text = 455, total = 455
ollama-1  | [GIN] 2026/10/08 - 05:54:22 | 200 |      27.753µs |       127.0.0.1 | HEAD     "/"
ollama-1  | [GIN] 2026/10/08 - 05:54:22 | 200 |    1.339266ms |       127.0.0.1 | GET      "/api/tags"
ollama-1  | slot print_timing: id  0 | task 2818 | prompt eval time =    1476.16 ms /   104 tokens (   14.19 ms per token,    70.45 tokens per second)
ollama-1  | slot print_timing: id  0 | task 2818 |        eval time =     586.96 ms /    10 tokens (   65.22 ms per token,    15.33 tokens per second)
ollama-1  | slot print_timing: id  0 | task 2818 |       total time =    2063.12 ms /   114 tokens
ollama-1  | slot print_timing: id  0 | task 2818 |    graphs reused =       1985
ollama-1  | slot      release: id  0 | task 2818 | stop processing: n_tokens = 464, truncated = 0
ollama-1  | srv  update_slots: all slots are idle
ollama-1  | [GIN] 2026/10/08 - 05:54:24 | 200 | 52.432025486s |      172.21.0.4 | POST     "/api/generate"
ollama-1  | srv  server_strea: conv_id= (empty=1)
ollama-1  | slot get_availabl: id  0 | task -1 |  - checking sim = 0.443 (351/793) > 0.100
ollama-1  | slot get_availabl: id  0 | task -1 | selected slot by LCP similarity, f_sim_best = 0.443 (> 0.100 thold), f_keep = 0.756
ollama-1  | slot launch_slot_: id  0 | task -1 | sampler chain: logits -> ?penalties -> ?dry -> ?top-n-sigma -> top-k -> ?typical -> top-p -> ?min-p -> ?xtc -> temp-ext -> dist 
ollama-1  | slot launch_slot_: id  0 | task -1 | sampler params: 
ollama-1  | 	repeat_last_n = 64, repeat_penalty = 1.000, frequency_penalty = 0.000, presence_penalty = 0.000
ollama-1  | 	dry_multiplier = 0.000, dry_base = 1.750, dry_allowed_length = 2, dry_penalty_last_n = 64
ollama-1  | 	top_k = 40, top_p = 0.900, min_p = 0.000, xtc_probability = 0.000, xtc_threshold = 0.100, typical_p = 1.000, top_n_sigma = -1.000, temp = 0.000
ollama-1  | 	mirostat = 0, mirostat_lr = 0.100, mirostat_ent = 5.000, adaptive_target = -1.000, adaptive_decay = 0.900
ollama-1  | slot launch_slot_: id  0 | task 2829 | processing task, is_child = 0
ollama-1  | slot   operator(): id  0 | task 2829 | new prompt, n_ctx_slot = 4096, n_keep = 4, task.n_tokens = 793
ollama-1  | slot   operator(): id  0 | task 2829 | cached n_tokens = 351, memory_seq_rm [351, end)
ollama-1  | slot init_sampler: id  0 | task 2829 | init sampler, took 0.09 ms, tokens: text = 793, total = 793
ollama-1  | slot print_timing: id  0 | task 2829 | prompt eval time =    6337.32 ms /   442 tokens (   14.34 ms per token,    69.75 tokens per second)
ollama-1  | slot print_timing: id  0 | task 2829 |        eval time =     493.44 ms /     8 tokens (   70.49 ms per token,    14.19 tokens per second)
ollama-1  | slot print_timing: id  0 | task 2829 |       total time =    6830.76 ms /   450 tokens
ollama-1  | slot print_timing: id  0 | task 2829 |    graphs reused =       1991
ollama-1  | slot      release: id  0 | task 2829 | stop processing: n_tokens = 800, truncated = 0
ollama-1  | srv  update_slots: all slots are idle
ollama-1  | [GIN] 2026/10/08 - 05:54:30 | 200 | 58.114957803s |      172.21.0.4 | POST     "/api/generate"
ollama-1  | srv  server_strea: conv_id= (empty=1)
ollama-1  | slot get_availabl: id  0 | task -1 |  - checking sim = 0.570 (351/616) > 0.100
ollama-1  | slot get_availabl: id  0 | task -1 | selected slot by LCP similarity, f_sim_best = 0.570 (> 0.100 thold), f_keep = 0.439
ollama-1  | srv  get_availabl: updating prompt cache
ollama-1  | srv   prompt_save:  - saving prompt with length 800, total state size = 100.010 MiB (draft: 0.000 MiB)
ollama-1  | srv          load:  - looking for better prompt, base f_keep = 0.439, f_sim = 0.570
ollama-1  | srv          load:    - prompt with length     782, lcp =     350, f_keep = 0.448, f_sim = 0.568
ollama-1  | srv          load:    - prompt with length     794, lcp =     350, f_keep = 0.441, f_sim = 0.568
ollama-1  | srv          load:    - prompt with length     753, lcp =     350, f_keep = 0.465, f_sim = 0.568
ollama-1  | srv          load:    - prompt with length     730, lcp =     350, f_keep = 0.479, f_sim = 0.568
ollama-1  | srv          load:    - prompt with length     828, lcp =     350, f_keep = 0.423, f_sim = 0.568
ollama-1  | srv          load:    - prompt with length     851, lcp =     351, f_keep = 0.412, f_sim = 0.570
ollama-1  | srv          load:    - prompt with length     844, lcp =     350, f_keep = 0.415, f_sim = 0.568
ollama-1  | srv          load:    - prompt with length     846, lcp =     351, f_keep = 0.415, f_sim = 0.570
ollama-1  | srv          load:    - prompt with length     892, lcp =     350, f_keep = 0.392, f_sim = 0.568
ollama-1  | srv          load:    - prompt with length     780, lcp =     351, f_keep = 0.450, f_sim = 0.570
ollama-1  | srv          load:    - prompt with length     730, lcp =     351, f_keep = 0.481, f_sim = 0.570
ollama-1  | srv          load:    - prompt with length     728, lcp =     351, f_keep = 0.482, f_sim = 0.570
ollama-1  | srv          load:    - prompt with length     790, lcp =     350, f_keep = 0.443, f_sim = 0.568
ollama-1  | srv          load:    - prompt with length     729, lcp =     351, f_keep = 0.481, f_sim = 0.570
ollama-1  | srv          load:    - prompt with length     796, lcp =     350, f_keep = 0.440, f_sim = 0.568
ollama-1  | srv          load:    - prompt with length     709, lcp =     350, f_keep = 0.494, f_sim = 0.568
ollama-1  | srv          load:    - prompt with length     724, lcp =     351, f_keep = 0.485, f_sim = 0.570
ollama-1  | srv          load:    - prompt with length     800, lcp =     351, f_keep = 0.439, f_sim = 0.570
ollama-1  | srv        update:  - cache state: 18 prompts, 1763.425 MiB (limits: 8192.000 MiB, 4096 tokens, 65529 est)
ollama-1  | srv        update:    - prompt 0x36524940:     782 tokens, checkpoints:  0,    97.760 MiB
ollama-1  | srv        update:    - prompt 0x36524a40:     794 tokens, checkpoints:  0,    99.260 MiB
ollama-1  | srv        update:    - prompt 0x36521d10:     753 tokens, checkpoints:  0,    94.134 MiB
ollama-1  | srv        update:    - prompt 0x36521c60:     730 tokens, checkpoints:  0,    91.259 MiB
ollama-1  | srv        update:    - prompt 0x36521bb0:     828 tokens, checkpoints:  0,   103.510 MiB
ollama-1  | srv        update:    - prompt 0x36537930:     851 tokens, checkpoints:  0,   106.385 MiB
ollama-1  | srv        update:    - prompt 0x3652bd10:     844 tokens, checkpoints:  0,   105.510 MiB
ollama-1  | srv        update:    - prompt 0x3724fc20:     846 tokens, checkpoints:  0,   105.760 MiB
ollama-1  | srv        update:    - prompt 0x3651c680:     892 tokens, checkpoints:  0,   111.511 MiB
ollama-1  | srv        update:    - prompt 0x3715ca80:     780 tokens, checkpoints:  0,    97.510 MiB
ollama-1  | srv        update:    - prompt 0x37b80950:     730 tokens, checkpoints:  0,    91.259 MiB
ollama-1  | srv        update:    - prompt 0x36522570:     728 tokens, checkpoints:  0,    91.009 MiB
ollama-1  | srv        update:    - prompt 0x364ffda0:     790 tokens, checkpoints:  0,    98.760 MiB
ollama-1  | srv        update:    - prompt 0x36510eb0:     729 tokens, checkpoints:  0,    91.134 MiB
ollama-1  | srv        update:    - prompt 0x3651cdf0:     796 tokens, checkpoints:  0,    99.510 MiB
ollama-1  | srv        update:    - prompt 0x37264940:     709 tokens, checkpoints:  0,    88.634 MiB
ollama-1  | srv        update:    - prompt 0x37a562a0:     724 tokens, checkpoints:  0,    90.509 MiB
ollama-1  | srv        update:    - prompt 0x36996dc0:     800 tokens, checkpoints:  0,   100.010 MiB
ollama-1  | srv  get_availabl: prompt cache update took 46.53 ms
ollama-1  | slot launch_slot_: id  0 | task -1 | sampler chain: logits -> ?penalties -> ?dry -> ?top-n-sigma -> top-k -> ?typical -> top-p -> ?min-p -> ?xtc -> temp-ext -> dist 
ollama-1  | slot launch_slot_: id  0 | task -1 | sampler params: 
ollama-1  | 	repeat_last_n = 64, repeat_penalty = 1.000, frequency_penalty = 0.000, presence_penalty = 0.000
ollama-1  | 	dry_multiplier = 0.000, dry_base = 1.750, dry_allowed_length = 2, dry_penalty_last_n = 64
ollama-1  | 	top_k = 40, top_p = 0.900, min_p = 0.000, xtc_probability = 0.000, xtc_threshold = 0.100, typical_p = 1.000, top_n_sigma = -1.000, temp = 0.000
ollama-1  | 	mirostat = 0, mirostat_lr = 0.100, mirostat_ent = 5.000, adaptive_target = -1.000, adaptive_decay = 0.900
ollama-1  | slot launch_slot_: id  0 | task 2838 | processing task, is_child = 0
ollama-1  | slot   operator(): id  0 | task 2838 | new prompt, n_ctx_slot = 4096, n_keep = 4, task.n_tokens = 616
ollama-1  | slot   operator(): id  0 | task 2838 | cached n_tokens = 351, memory_seq_rm [351, end)
ollama-1  | slot init_sampler: id  0 | task 2838 | init sampler, took 0.05 ms, tokens: text = 616, total = 616
ollama-1  | [GIN] 2026/10/08 - 05:54:32 | 200 |      28.667µs |       127.0.0.1 | HEAD     "/"
ollama-1  | [GIN] 2026/10/08 - 05:54:32 | 200 |    3.296717ms |       127.0.0.1 | GET      "/api/tags"
ollama-1  | slot print_timing: id  0 | task 2838 | prompt eval time =    3811.88 ms /   265 tokens (   14.38 ms per token,    69.52 tokens per second)
ollama-1  | slot print_timing: id  0 | task 2838 |        eval time =     542.42 ms /     9 tokens (   67.80 ms per token,    14.75 tokens per second)
ollama-1  | slot print_timing: id  0 | task 2838 |       total time =    4354.31 ms /   274 tokens
ollama-1  | slot print_timing: id  0 | task 2838 |    graphs reused =       1998
ollama-1  | slot      release: id  0 | task 2838 | stop processing: n_tokens = 624, truncated = 0
ollama-1  | srv  update_slots: all slots are idle
ollama-1  | [GIN] 2026/10/08 - 05:54:35 | 200 |          1m1s |      172.21.0.4 | POST     "/api/generate"
ollama-1  | srv  server_strea: conv_id= (empty=1)
ollama-1  | slot get_availabl: id  0 | task -1 |  - checking sim = 0.567 (351/619) > 0.100
ollama-1  | slot get_availabl: id  0 | task -1 | selected slot by LCP similarity, f_sim_best = 0.567 (> 0.100 thold), f_keep = 0.562
ollama-1  | slot launch_slot_: id  0 | task -1 | sampler chain: logits -> ?penalties -> ?dry -> ?top-n-sigma -> top-k -> ?typical -> top-p -> ?min-p -> ?xtc -> temp-ext -> dist 
ollama-1  | slot launch_slot_: id  0 | task -1 | sampler params: 
ollama-1  | 	repeat_last_n = 64, repeat_penalty = 1.000, frequency_penalty = 0.000, presence_penalty = 0.000
ollama-1  | 	dry_multiplier = 0.000, dry_base = 1.750, dry_allowed_length = 2, dry_penalty_last_n = 64
ollama-1  | 	top_k = 40, top_p = 0.900, min_p = 0.000, xtc_probability = 0.000, xtc_threshold = 0.100, typical_p = 1.000, top_n_sigma = -1.000, temp = 0.000
ollama-1  | 	mirostat = 0, mirostat_lr = 0.100, mirostat_ent = 5.000, adaptive_target = -1.000, adaptive_decay = 0.900
ollama-1  | slot launch_slot_: id  0 | task 2848 | processing task, is_child = 0
ollama-1  | slot   operator(): id  0 | task 2848 | new prompt, n_ctx_slot = 4096, n_keep = 4, task.n_tokens = 619
ollama-1  | slot   operator(): id  0 | task 2848 | cached n_tokens = 351, memory_seq_rm [351, end)
ollama-1  | slot init_sampler: id  0 | task 2848 | init sampler, took 0.07 ms, tokens: text = 619, total = 619
ollama-1  | slot print_timing: id  0 | task 2848 | prompt eval time =    3894.62 ms /   268 tokens (   14.53 ms per token,    68.81 tokens per second)
ollama-1  | slot print_timing: id  0 | task 2848 |        eval time =     542.03 ms /     9 tokens (   67.75 ms per token,    14.76 tokens per second)
ollama-1  | slot print_timing: id  0 | task 2848 |       total time =    4436.66 ms /   277 tokens
ollama-1  | slot print_timing: id  0 | task 2848 |    graphs reused =       2005
ollama-1  | slot      release: id  0 | task 2848 | stop processing: n_tokens = 627, truncated = 0
ollama-1  | srv  update_slots: all slots are idle
ollama-1  | [GIN] 2026/10/08 - 05:54:41 | 200 |          1m4s |      172.21.0.4 | POST     "/api/generate"
ollama-1  | srv  server_strea: conv_id= (empty=1)
ollama-1  | slot get_availabl: id  0 | task -1 |  - checking sim = 0.807 (351/435) > 0.100
ollama-1  | slot get_availabl: id  0 | task -1 | selected slot by LCP similarity, f_sim_best = 0.807 (> 0.100 thold), f_keep = 0.560
ollama-1  | slot launch_slot_: id  0 | task -1 | sampler chain: logits -> ?penalties -> ?dry -> ?top-n-sigma -> top-k -> ?typical -> top-p -> ?min-p -> ?xtc -> temp-ext -> dist 
ollama-1  | slot launch_slot_: id  0 | task -1 | sampler params: 
ollama-1  | 	repeat_last_n = 64, repeat_penalty = 1.000, frequency_penalty = 0.000, presence_penalty = 0.000
ollama-1  | 	dry_multiplier = 0.000, dry_base = 1.750, dry_allowed_length = 2, dry_penalty_last_n = 64
ollama-1  | 	top_k = 40, top_p = 0.900, min_p = 0.000, xtc_probability = 0.000, xtc_threshold = 0.100, typical_p = 1.000, top_n_sigma = -1.000, temp = 0.000
ollama-1  | 	mirostat = 0, mirostat_lr = 0.100, mirostat_ent = 5.000, adaptive_target = -1.000, adaptive_decay = 0.900
ollama-1  | slot launch_slot_: id  0 | task 2858 | processing task, is_child = 0
ollama-1  | slot   operator(): id  0 | task 2858 | new prompt, n_ctx_slot = 4096, n_keep = 4, task.n_tokens = 435
ollama-1  | slot   operator(): id  0 | task 2858 | cached n_tokens = 351, memory_seq_rm [351, end)
ollama-1  | slot init_sampler: id  0 | task 2858 | init sampler, took 0.04 ms, tokens: text = 435, total = 435
ollama-1  | slot print_timing: id  0 | task 2858 | prompt eval time =    1216.44 ms /    84 tokens (   14.48 ms per token,    69.05 tokens per second)
ollama-1  | slot print_timing: id  0 | task 2858 |        eval time =     535.05 ms /     9 tokens (   66.88 ms per token,    14.95 tokens per second)
ollama-1  | slot print_timing: id  0 | task 2858 |       total time =    1751.50 ms /    93 tokens
ollama-1  | slot print_timing: id  0 | task 2858 |    graphs reused =       2012
ollama-1  | slot      release: id  0 | task 2858 | stop processing: n_tokens = 443, truncated = 0
ollama-1  | srv  update_slots: all slots are idle
ollama-1  | [GIN] 2026/10/08 - 05:54:43 | 200 |          1m1s |      172.21.0.4 | POST     "/api/generate"
ollama-1  | srv  server_strea: conv_id= (empty=1)
ollama-1  | slot get_availabl: id  0 | task -1 |  - checking sim = 0.553 (351/635) > 0.100
ollama-1  | slot get_availabl: id  0 | task -1 | selected slot by LCP similarity, f_sim_best = 0.553 (> 0.100 thold), f_keep = 0.792
ollama-1  | slot launch_slot_: id  0 | task -1 | sampler chain: logits -> ?penalties -> ?dry -> ?top-n-sigma -> top-k -> ?typical -> top-p -> ?min-p -> ?xtc -> temp-ext -> dist 
ollama-1  | slot launch_slot_: id  0 | task -1 | sampler params: 
ollama-1  | 	repeat_last_n = 64, repeat_penalty = 1.000, frequency_penalty = 0.000, presence_penalty = 0.000
ollama-1  | 	dry_multiplier = 0.000, dry_base = 1.750, dry_allowed_length = 2, dry_penalty_last_n = 64
ollama-1  | 	top_k = 40, top_p = 0.900, min_p = 0.000, xtc_probability = 0.000, xtc_threshold = 0.100, typical_p = 1.000, top_n_sigma = -1.000, temp = 0.000
ollama-1  | 	mirostat = 0, mirostat_lr = 0.100, mirostat_ent = 5.000, adaptive_target = -1.000, adaptive_decay = 0.900
ollama-1  | slot launch_slot_: id  0 | task 2868 | processing task, is_child = 0
ollama-1  | slot   operator(): id  0 | task 2868 | new prompt, n_ctx_slot = 4096, n_keep = 4, task.n_tokens = 635
ollama-1  | slot   operator(): id  0 | task 2868 | cached n_tokens = 351, memory_seq_rm [351, end)
ollama-1  | slot init_sampler: id  0 | task 2868 | init sampler, took 0.08 ms, tokens: text = 635, total = 635
ollama-1  | [GIN] 2026/10/08 - 05:54:44 | 200 |      27.862µs |       127.0.0.1 | HEAD     "/"
ollama-1  | [GIN] 2026/10/08 - 05:54:44 | 200 |    1.395324ms |       127.0.0.1 | GET      "/api/tags"
ollama-1  | slot print_timing: id  0 | task 2868 | prompt eval time =    4036.01 ms /   284 tokens (   14.21 ms per token,    70.37 tokens per second)
ollama-1  | slot print_timing: id  0 | task 2868 |        eval time =     540.97 ms /     9 tokens (   67.62 ms per token,    14.79 tokens per second)
ollama-1  | slot print_timing: id  0 | task 2868 |       total time =    4576.98 ms /   293 tokens
ollama-1  | slot print_timing: id  0 | task 2868 |    graphs reused =       2019
ollama-1  | slot      release: id  0 | task 2868 | stop processing: n_tokens = 643, truncated = 0
ollama-1  | srv  update_slots: all slots are idle
ollama-1  | [GIN] 2026/10/08 - 05:54:47 | 200 |          1m5s |      172.21.0.4 | POST     "/api/generate"
ollama-1  | srv  server_strea: conv_id= (empty=1)
ollama-1  | slot get_availabl: id  0 | task -1 |  - checking sim = 0.749 (350/467) > 0.100
ollama-1  | slot get_availabl: id  0 | task -1 | selected slot by LCP similarity, f_sim_best = 0.749 (> 0.100 thold), f_keep = 0.544
ollama-1  | slot launch_slot_: id  0 | task -1 | sampler chain: logits -> ?penalties -> ?dry -> ?top-n-sigma -> top-k -> ?typical -> top-p -> ?min-p -> ?xtc -> temp-ext -> dist 
ollama-1  | slot launch_slot_: id  0 | task -1 | sampler params: 
ollama-1  | 	repeat_last_n = 64, repeat_penalty = 1.000, frequency_penalty = 0.000, presence_penalty = 0.000
ollama-1  | 	dry_multiplier = 0.000, dry_base = 1.750, dry_allowed_length = 2, dry_penalty_last_n = 64
ollama-1  | 	top_k = 40, top_p = 0.900, min_p = 0.000, xtc_probability = 0.000, xtc_threshold = 0.100, typical_p = 1.000, top_n_sigma = -1.000, temp = 0.000
ollama-1  | 	mirostat = 0, mirostat_lr = 0.100, mirostat_ent = 5.000, adaptive_target = -1.000, adaptive_decay = 0.900
ollama-1  | slot launch_slot_: id  0 | task 2878 | processing task, is_child = 0
ollama-1  | slot   operator(): id  0 | task 2878 | new prompt, n_ctx_slot = 4096, n_keep = 4, task.n_tokens = 467
ollama-1  | slot   operator(): id  0 | task 2878 | cached n_tokens = 350, memory_seq_rm [350, end)
ollama-1  | slot init_sampler: id  0 | task 2878 | init sampler, took 0.05 ms, tokens: text = 467, total = 467
ollama-1  | slot print_timing: id  0 | task 2878 | prompt eval time =    1712.84 ms /   117 tokens (   14.64 ms per token,    68.31 tokens per second)
ollama-1  | slot print_timing: id  0 | task 2878 |        eval time =     599.86 ms /    10 tokens (   66.65 ms per token,    15.00 tokens per second)
ollama-1  | slot print_timing: id  0 | task 2878 |       total time =    2312.70 ms /   127 tokens
ollama-1  | slot print_timing: id  0 | task 2878 |    graphs reused =       2027
ollama-1  | slot      release: id  0 | task 2878 | stop processing: n_tokens = 476, truncated = 0
ollama-1  | srv  update_slots: all slots are idle
ollama-1  | [GIN] 2026/10/08 - 05:54:50 | 200 |          1m5s |      172.21.0.4 | POST     "/api/generate"
ollama-1  | srv  server_strea: conv_id= (empty=1)
ollama-1  | slot get_availabl: id  0 | task -1 |  - checking sim = 0.545 (350/642) > 0.100
ollama-1  | slot get_availabl: id  0 | task -1 | selected slot by LCP similarity, f_sim_best = 0.545 (> 0.100 thold), f_keep = 0.735
ollama-1  | slot launch_slot_: id  0 | task -1 | sampler chain: logits -> ?penalties -> ?dry -> ?top-n-sigma -> top-k -> ?typical -> top-p -> ?min-p -> ?xtc -> temp-ext -> dist 
ollama-1  | slot launch_slot_: id  0 | task -1 | sampler params: 
ollama-1  | 	repeat_last_n = 64, repeat_penalty = 1.000, frequency_penalty = 0.000, presence_penalty = 0.000
ollama-1  | 	dry_multiplier = 0.000, dry_base = 1.750, dry_allowed_length = 2, dry_penalty_last_n = 64
ollama-1  | 	top_k = 40, top_p = 0.900, min_p = 0.000, xtc_probability = 0.000, xtc_threshold = 0.100, typical_p = 1.000, top_n_sigma = -1.000, temp = 0.000
ollama-1  | 	mirostat = 0, mirostat_lr = 0.100, mirostat_ent = 5.000, adaptive_target = -1.000, adaptive_decay = 0.900
ollama-1  | slot launch_slot_: id  0 | task 2889 | processing task, is_child = 0
ollama-1  | slot   operator(): id  0 | task 2889 | new prompt, n_ctx_slot = 4096, n_keep = 4, task.n_tokens = 642
ollama-1  | slot   operator(): id  0 | task 2889 | cached n_tokens = 350, memory_seq_rm [350, end)
ollama-1  | slot init_sampler: id  0 | task 2889 | init sampler, took 0.05 ms, tokens: text = 642, total = 642
ollama-1  | [GIN] 2026/10/08 - 05:54:54 | 200 |       26.23µs |       127.0.0.1 | HEAD     "/"
ollama-1  | [GIN] 2026/10/08 - 05:54:54 | 200 |    1.225765ms |       127.0.0.1 | GET      "/api/tags"
ollama-1  | slot print_timing: id  0 | task 2889 | prompt eval time =    4258.60 ms /   292 tokens (   14.58 ms per token,    68.57 tokens per second)
ollama-1  | slot print_timing: id  0 | task 2889 |        eval time =     469.26 ms /     8 tokens (   67.04 ms per token,    14.92 tokens per second)
ollama-1  | slot print_timing: id  0 | task 2889 |       total time =    4727.85 ms /   300 tokens
ollama-1  | slot print_timing: id  0 | task 2889 |    graphs reused =       2033
ollama-1  | slot      release: id  0 | task 2889 | stop processing: n_tokens = 649, truncated = 0
ollama-1  | srv  update_slots: all slots are idle
ollama-1  | [GIN] 2026/10/08 - 05:54:54 | 200 |         1m10s |      172.21.0.4 | POST     "/api/generate"
ollama-1  | srv  server_strea: conv_id= (empty=1)
ollama-1  | slot get_availabl: id  0 | task -1 |  - checking sim = 0.579 (351/606) > 0.100
ollama-1  | slot get_availabl: id  0 | task -1 | selected slot by LCP similarity, f_sim_best = 0.579 (> 0.100 thold), f_keep = 0.541
ollama-1  | slot launch_slot_: id  0 | task -1 | sampler chain: logits -> ?penalties -> ?dry -> ?top-n-sigma -> top-k -> ?typical -> top-p -> ?min-p -> ?xtc -> temp-ext -> dist 
ollama-1  | slot launch_slot_: id  0 | task -1 | sampler params: 
ollama-1  | 	repeat_last_n = 64, repeat_penalty = 1.000, frequency_penalty = 0.000, presence_penalty = 0.000
ollama-1  | 	dry_multiplier = 0.000, dry_base = 1.750, dry_allowed_length = 2, dry_penalty_last_n = 64
ollama-1  | 	top_k = 40, top_p = 0.900, min_p = 0.000, xtc_probability = 0.000, xtc_threshold = 0.100, typical_p = 1.000, top_n_sigma = -1.000, temp = 0.000
ollama-1  | 	mirostat = 0, mirostat_lr = 0.100, mirostat_ent = 5.000, adaptive_target = -1.000, adaptive_decay = 0.900
ollama-1  | slot launch_slot_: id  0 | task 2898 | processing task, is_child = 0
ollama-1  | slot   operator(): id  0 | task 2898 | new prompt, n_ctx_slot = 4096, n_keep = 4, task.n_tokens = 606
ollama-1  | slot   operator(): id  0 | task 2898 | cached n_tokens = 351, memory_seq_rm [351, end)
ollama-1  | slot init_sampler: id  0 | task 2898 | init sampler, took 0.07 ms, tokens: text = 606, total = 606
ollama-1  | slot print_timing: id  0 | task 2898 | prompt eval time =    3685.93 ms /   255 tokens (   14.45 ms per token,    69.18 tokens per second)
ollama-1  | slot print_timing: id  0 | task 2898 |        eval time =     601.39 ms /    10 tokens (   66.82 ms per token,    14.97 tokens per second)
ollama-1  | slot print_timing: id  0 | task 2898 |       total time =    4287.32 ms /   265 tokens
ollama-1  | slot print_timing: id  0 | task 2898 |    graphs reused =       2041
ollama-1  | slot      release: id  0 | task 2898 | stop processing: n_tokens = 615, truncated = 0
ollama-1  | srv  update_slots: all slots are idle
ollama-1  | [GIN] 2026/10/08 - 05:54:59 | 200 |         1m13s |      172.21.0.4 | POST     "/api/generate"
ollama-1  | srv  server_strea: conv_id= (empty=1)
ollama-1  | slot get_availabl: id  0 | task -1 |  - checking sim = 0.837 (350/418) > 0.100
ollama-1  | slot get_availabl: id  0 | task -1 | selected slot by LCP similarity, f_sim_best = 0.837 (> 0.100 thold), f_keep = 0.569
ollama-1  | slot launch_slot_: id  0 | task -1 | sampler chain: logits -> ?penalties -> ?dry -> ?top-n-sigma -> top-k -> ?typical -> top-p -> ?min-p -> ?xtc -> temp-ext -> dist 
ollama-1  | slot launch_slot_: id  0 | task -1 | sampler params: 
ollama-1  | 	repeat_last_n = 64, repeat_penalty = 1.000, frequency_penalty = 0.000, presence_penalty = 0.000
ollama-1  | 	dry_multiplier = 0.000, dry_base = 1.750, dry_allowed_length = 2, dry_penalty_last_n = 64
ollama-1  | 	top_k = 40, top_p = 0.900, min_p = 0.000, xtc_probability = 0.000, xtc_threshold = 0.100, typical_p = 1.000, top_n_sigma = -1.000, temp = 0.000
ollama-1  | 	mirostat = 0, mirostat_lr = 0.100, mirostat_ent = 5.000, adaptive_target = -1.000, adaptive_decay = 0.900
ollama-1  | slot launch_slot_: id  0 | task 2909 | processing task, is_child = 0
ollama-1  | slot   operator(): id  0 | task 2909 | new prompt, n_ctx_slot = 4096, n_keep = 4, task.n_tokens = 418
ollama-1  | slot   operator(): id  0 | task 2909 | cached n_tokens = 350, memory_seq_rm [350, end)
ollama-1  | slot init_sampler: id  0 | task 2909 | init sampler, took 0.05 ms, tokens: text = 418, total = 418
ollama-1  | slot print_timing: id  0 | task 2909 | prompt eval time =     990.84 ms /    68 tokens (   14.57 ms per token,    68.63 tokens per second)
ollama-1  | slot print_timing: id  0 | task 2909 |        eval time =     539.79 ms /     9 tokens (   67.47 ms per token,    14.82 tokens per second)
ollama-1  | slot print_timing: id  0 | task 2909 |       total time =    1530.63 ms /    77 tokens
ollama-1  | slot print_timing: id  0 | task 2909 |    graphs reused =       2048
ollama-1  | slot      release: id  0 | task 2909 | stop processing: n_tokens = 426, truncated = 0
ollama-1  | srv  update_slots: all slots are idle
ollama-1  | [GIN] 2026/10/08 - 05:55:00 | 200 |         1m10s |      172.21.0.4 | POST     "/api/generate"
ollama-1  | srv  server_strea: conv_id= (empty=1)
ollama-1  | slot get_availabl: id  0 | task -1 |  - checking sim = 0.556 (350/630) > 0.100
ollama-1  | slot get_availabl: id  0 | task -1 | selected slot by LCP similarity, f_sim_best = 0.556 (> 0.100 thold), f_keep = 0.822
ollama-1  | slot launch_slot_: id  0 | task -1 | sampler chain: logits -> ?penalties -> ?dry -> ?top-n-sigma -> top-k -> ?typical -> top-p -> ?min-p -> ?xtc -> temp-ext -> dist 
ollama-1  | slot launch_slot_: id  0 | task -1 | sampler params: 
ollama-1  | 	repeat_last_n = 64, repeat_penalty = 1.000, frequency_penalty = 0.000, presence_penalty = 0.000
ollama-1  | 	dry_multiplier = 0.000, dry_base = 1.750, dry_allowed_length = 2, dry_penalty_last_n = 64
ollama-1  | 	top_k = 40, top_p = 0.900, min_p = 0.000, xtc_probability = 0.000, xtc_threshold = 0.100, typical_p = 1.000, top_n_sigma = -1.000, temp = 0.000
ollama-1  | 	mirostat = 0, mirostat_lr = 0.100, mirostat_ent = 5.000, adaptive_target = -1.000, adaptive_decay = 0.900
ollama-1  | slot launch_slot_: id  0 | task 2919 | processing task, is_child = 0
ollama-1  | slot   operator(): id  0 | task 2919 | new prompt, n_ctx_slot = 4096, n_keep = 4, task.n_tokens = 630
ollama-1  | slot   operator(): id  0 | task 2919 | cached n_tokens = 350, memory_seq_rm [350, end)
ollama-1  | slot init_sampler: id  0 | task 2919 | init sampler, took 0.07 ms, tokens: text = 630, total = 630
ollama-1  | [GIN] 2026/10/08 - 05:55:04 | 200 |      28.491µs |       127.0.0.1 | HEAD     "/"
ollama-1  | [GIN] 2026/10/08 - 05:55:04 | 200 |    1.338633ms |       127.0.0.1 | GET      "/api/tags"
ollama-1  | slot print_timing: id  0 | task 2919 | prompt eval time =    4040.58 ms /   280 tokens (   14.43 ms per token,    69.30 tokens per second)
ollama-1  | slot print_timing: id  0 | task 2919 |        eval time =     603.63 ms /    10 tokens (   67.07 ms per token,    14.91 tokens per second)
ollama-1  | slot print_timing: id  0 | task 2919 |       total time =    4644.21 ms /   290 tokens
ollama-1  | slot print_timing: id  0 | task 2919 |    graphs reused =       2056
ollama-1  | slot      release: id  0 | task 2919 | stop processing: n_tokens = 639, truncated = 0
ollama-1  | srv  update_slots: all slots are idle
ollama-1  | [GIN] 2026/10/08 - 05:55:05 | 200 |         1m13s |      172.21.0.4 | POST     "/api/generate"
ollama-1  | srv  server_strea: conv_id= (empty=1)
ollama-1  | slot get_availabl: id  0 | task -1 |  - checking sim = 0.485 (350/721) > 0.100
ollama-1  | slot get_availabl: id  0 | task -1 | selected slot by LCP similarity, f_sim_best = 0.485 (> 0.100 thold), f_keep = 0.548
ollama-1  | slot launch_slot_: id  0 | task -1 | sampler chain: logits -> ?penalties -> ?dry -> ?top-n-sigma -> top-k -> ?typical -> top-p -> ?min-p -> ?xtc -> temp-ext -> dist 
ollama-1  | slot launch_slot_: id  0 | task -1 | sampler params: 
ollama-1  | 	repeat_last_n = 64, repeat_penalty = 1.000, frequency_penalty = 0.000, presence_penalty = 0.000
ollama-1  | 	dry_multiplier = 0.000, dry_base = 1.750, dry_allowed_length = 2, dry_penalty_last_n = 64
ollama-1  | 	top_k = 40, top_p = 0.900, min_p = 0.000, xtc_probability = 0.000, xtc_threshold = 0.100, typical_p = 1.000, top_n_sigma = -1.000, temp = 0.000
ollama-1  | 	mirostat = 0, mirostat_lr = 0.100, mirostat_ent = 5.000, adaptive_target = -1.000, adaptive_decay = 0.900
ollama-1  | slot launch_slot_: id  0 | task 2930 | processing task, is_child = 0
ollama-1  | slot   operator(): id  0 | task 2930 | new prompt, n_ctx_slot = 4096, n_keep = 4, task.n_tokens = 721
ollama-1  | slot   operator(): id  0 | task 2930 | cached n_tokens = 350, memory_seq_rm [350, end)
ollama-1  | slot init_sampler: id  0 | task 2930 | init sampler, took 0.08 ms, tokens: text = 721, total = 721
ollama-1  | slot print_timing: id  0 | task 2930 | prompt eval time =    5219.40 ms /   371 tokens (   14.07 ms per token,    71.08 tokens per second)
ollama-1  | slot print_timing: id  0 | task 2930 |        eval time =     473.81 ms /     8 tokens (   67.69 ms per token,    14.77 tokens per second)
ollama-1  | slot print_timing: id  0 | task 2930 |       total time =    5693.21 ms /   379 tokens
ollama-1  | slot print_timing: id  0 | task 2930 |    graphs reused =       2062
ollama-1  | slot      release: id  0 | task 2930 | stop processing: n_tokens = 728, truncated = 0
ollama-1  | srv  update_slots: all slots are idle
ollama-1  | [GIN] 2026/10/08 - 05:55:12 | 200 |         1m16s |      172.21.0.4 | POST     "/api/generate"
ollama-1  | srv  server_strea: conv_id= (empty=1)
ollama-1  | slot get_availabl: id  0 | task -1 |  - checking sim = 0.752 (351/467) > 0.100
ollama-1  | slot get_availabl: id  0 | task -1 | selected slot by LCP similarity, f_sim_best = 0.752 (> 0.100 thold), f_keep = 0.482
ollama-1  | srv  get_availabl: updating prompt cache
ollama-1  | srv   prompt_save:  - saving prompt with length 728, total state size = 91.009 MiB (draft: 0.000 MiB)
ollama-1  | srv         alloc:  - prompt is already in the cache, skipping
ollama-1  | srv          load:  - looking for better prompt, base f_keep = 0.482, f_sim = 0.752
ollama-1  | srv          load:    - prompt with length     782, lcp =     350, f_keep = 0.448, f_sim = 0.749
ollama-1  | srv          load:    - prompt with length     794, lcp =     350, f_keep = 0.441, f_sim = 0.749
ollama-1  | srv          load:    - prompt with length     753, lcp =     350, f_keep = 0.465, f_sim = 0.749
ollama-1  | srv          load:    - prompt with length     730, lcp =     350, f_keep = 0.479, f_sim = 0.749
ollama-1  | srv          load:    - prompt with length     828, lcp =     350, f_keep = 0.423, f_sim = 0.749
ollama-1  | srv          load:    - prompt with length     851, lcp =     351, f_keep = 0.412, f_sim = 0.752
ollama-1  | srv          load:    - prompt with length     844, lcp =     350, f_keep = 0.415, f_sim = 0.749
ollama-1  | srv          load:    - prompt with length     846, lcp =     351, f_keep = 0.415, f_sim = 0.752
ollama-1  | srv          load:    - prompt with length     892, lcp =     350, f_keep = 0.392, f_sim = 0.749
ollama-1  | srv          load:    - prompt with length     780, lcp =     351, f_keep = 0.450, f_sim = 0.752
ollama-1  | srv          load:    - prompt with length     730, lcp =     351, f_keep = 0.481, f_sim = 0.752
ollama-1  | srv          load:    - prompt with length     728, lcp =     351, f_keep = 0.482, f_sim = 0.752
ollama-1  | srv          load:    - prompt with length     790, lcp =     350, f_keep = 0.443, f_sim = 0.749
ollama-1  | srv          load:    - prompt with length     729, lcp =     351, f_keep = 0.481, f_sim = 0.752
ollama-1  | srv          load:    - prompt with length     796, lcp =     350, f_keep = 0.440, f_sim = 0.749
ollama-1  | srv          load:    - prompt with length     709, lcp =     350, f_keep = 0.494, f_sim = 0.749
ollama-1  | srv          load:    - prompt with length     724, lcp =     351, f_keep = 0.485, f_sim = 0.752
ollama-1  | srv          load:    - prompt with length     800, lcp =     351, f_keep = 0.439, f_sim = 0.752
ollama-1  | srv        update:  - cache state: 18 prompts, 1763.425 MiB (limits: 8192.000 MiB, 4096 tokens, 65529 est)
ollama-1  | srv        update:    - prompt 0x36524940:     782 tokens, checkpoints:  0,    97.760 MiB
ollama-1  | srv        update:    - prompt 0x36524a40:     794 tokens, checkpoints:  0,    99.260 MiB
ollama-1  | srv        update:    - prompt 0x36521d10:     753 tokens, checkpoints:  0,    94.134 MiB
ollama-1  | srv        update:    - prompt 0x36521c60:     730 tokens, checkpoints:  0,    91.259 MiB
ollama-1  | srv        update:    - prompt 0x36521bb0:     828 tokens, checkpoints:  0,   103.510 MiB
ollama-1  | srv        update:    - prompt 0x36537930:     851 tokens, checkpoints:  0,   106.385 MiB
ollama-1  | srv        update:    - prompt 0x3652bd10:     844 tokens, checkpoints:  0,   105.510 MiB
ollama-1  | srv        update:    - prompt 0x3724fc20:     846 tokens, checkpoints:  0,   105.760 MiB
ollama-1  | srv        update:    - prompt 0x3651c680:     892 tokens, checkpoints:  0,   111.511 MiB
ollama-1  | srv        update:    - prompt 0x3715ca80:     780 tokens, checkpoints:  0,    97.510 MiB
ollama-1  | srv        update:    - prompt 0x37b80950:     730 tokens, checkpoints:  0,    91.259 MiB
ollama-1  | srv        update:    - prompt 0x36522570:     728 tokens, checkpoints:  0,    91.009 MiB
ollama-1  | srv        update:    - prompt 0x364ffda0:     790 tokens, checkpoints:  0,    98.760 MiB
ollama-1  | srv        update:    - prompt 0x36510eb0:     729 tokens, checkpoints:  0,    91.134 MiB
ollama-1  | srv        update:    - prompt 0x3651cdf0:     796 tokens, checkpoints:  0,    99.510 MiB
ollama-1  | srv        update:    - prompt 0x37264940:     709 tokens, checkpoints:  0,    88.634 MiB
ollama-1  | srv        update:    - prompt 0x37a562a0:     724 tokens, checkpoints:  0,    90.509 MiB
ollama-1  | srv        update:    - prompt 0x36996dc0:     800 tokens, checkpoints:  0,   100.010 MiB
ollama-1  | srv  get_availabl: prompt cache update took 0.05 ms
ollama-1  | slot launch_slot_: id  0 | task -1 | sampler chain: logits -> ?penalties -> ?dry -> ?top-n-sigma -> top-k -> ?typical -> top-p -> ?min-p -> ?xtc -> temp-ext -> dist 
ollama-1  | slot launch_slot_: id  0 | task -1 | sampler params: 
ollama-1  | 	repeat_last_n = 64, repeat_penalty = 1.000, frequency_penalty = 0.000, presence_penalty = 0.000
ollama-1  | 	dry_multiplier = 0.000, dry_base = 1.750, dry_allowed_length = 2, dry_penalty_last_n = 64
ollama-1  | 	top_k = 40, top_p = 0.900, min_p = 0.000, xtc_probability = 0.000, xtc_threshold = 0.100, typical_p = 1.000, top_n_sigma = -1.000, temp = 0.000
ollama-1  | 	mirostat = 0, mirostat_lr = 0.100, mirostat_ent = 5.000, adaptive_target = -1.000, adaptive_decay = 0.900
ollama-1  | slot launch_slot_: id  0 | task 2939 | processing task, is_child = 0
ollama-1  | slot   operator(): id  0 | task 2939 | new prompt, n_ctx_slot = 4096, n_keep = 4, task.n_tokens = 467
ollama-1  | slot   operator(): id  0 | task 2939 | cached n_tokens = 351, memory_seq_rm [351, end)
ollama-1  | slot init_sampler: id  0 | task 2939 | init sampler, took 0.05 ms, tokens: text = 467, total = 467
ollama-1  | slot print_timing: id  0 | task 2939 | prompt eval time =    1655.31 ms /   116 tokens (   14.27 ms per token,    70.08 tokens per second)
ollama-1  | slot print_timing: id  0 | task 2939 |        eval time =     531.30 ms /     9 tokens (   66.41 ms per token,    15.06 tokens per second)
ollama-1  | slot print_timing: id  0 | task 2939 |       total time =    2186.60 ms /   125 tokens
ollama-1  | slot print_timing: id  0 | task 2939 |    graphs reused =       2069
ollama-1  | slot      release: id  0 | task 2939 | stop processing: n_tokens = 475, truncated = 0
ollama-1  | srv  update_slots: all slots are idle
ollama-1  | [GIN] 2026/10/08 - 05:55:15 | 200 |         1m18s |      172.21.0.4 | POST     "/api/generate"
ollama-1  | srv  server_strea: conv_id= (empty=1)
ollama-1  | slot get_availabl: id  0 | task -1 |  - checking sim = 0.840 (351/418) > 0.100
ollama-1  | slot get_availabl: id  0 | task -1 | selected slot by LCP similarity, f_sim_best = 0.840 (> 0.100 thold), f_keep = 0.739
ollama-1  | slot launch_slot_: id  0 | task -1 | sampler chain: logits -> ?penalties -> ?dry -> ?top-n-sigma -> top-k -> ?typical -> top-p -> ?min-p -> ?xtc -> temp-ext -> dist 
ollama-1  | slot launch_slot_: id  0 | task -1 | sampler params: 
ollama-1  | 	repeat_last_n = 64, repeat_penalty = 1.000, frequency_penalty = 0.000, presence_penalty = 0.000
ollama-1  | 	dry_multiplier = 0.000, dry_base = 1.750, dry_allowed_length = 2, dry_penalty_last_n = 64
ollama-1  | 	top_k = 40, top_p = 0.900, min_p = 0.000, xtc_probability = 0.000, xtc_threshold = 0.100, typical_p = 1.000, top_n_sigma = -1.000, temp = 0.000
ollama-1  | 	mirostat = 0, mirostat_lr = 0.100, mirostat_ent = 5.000, adaptive_target = -1.000, adaptive_decay = 0.900
ollama-1  | slot launch_slot_: id  0 | task 2949 | processing task, is_child = 0
ollama-1  | slot   operator(): id  0 | task 2949 | new prompt, n_ctx_slot = 4096, n_keep = 4, task.n_tokens = 418
ollama-1  | slot   operator(): id  0 | task 2949 | cached n_tokens = 351, memory_seq_rm [351, end)
ollama-1  | slot init_sampler: id  0 | task 2949 | init sampler, took 0.04 ms, tokens: text = 418, total = 418
ollama-1  | [GIN] 2026/10/08 - 05:55:16 | 200 |      32.973µs |       127.0.0.1 | HEAD     "/"
ollama-1  | [GIN] 2026/10/08 - 05:55:16 | 200 |     853.865µs |       127.0.0.1 | GET      "/api/tags"
ollama-1  | slot print_timing: id  0 | task 2949 | prompt eval time =     974.07 ms /    67 tokens (   14.54 ms per token,    68.78 tokens per second)
ollama-1  | slot print_timing: id  0 | task 2949 |        eval time =     683.23 ms /    11 tokens (   68.32 ms per token,    14.64 tokens per second)
ollama-1  | slot print_timing: id  0 | task 2949 |       total time =    1657.29 ms /    78 tokens
ollama-1  | slot print_timing: id  0 | task 2949 |    graphs reused =       2078
ollama-1  | slot      release: id  0 | task 2949 | stop processing: n_tokens = 428, truncated = 0
ollama-1  | srv  update_slots: all slots are idle
ollama-1  | [GIN] 2026/10/08 - 05:55:16 | 200 |         1m13s |      172.21.0.4 | POST     "/api/generate"
ollama-1  | srv  server_strea: conv_id= (empty=1)
ollama-1  | slot get_availabl: id  0 | task -1 |  - checking sim = 0.519 (350/675) > 0.100
ollama-1  | slot get_availabl: id  0 | task -1 | selected slot by LCP similarity, f_sim_best = 0.519 (> 0.100 thold), f_keep = 0.818
ollama-1  | slot launch_slot_: id  0 | task -1 | sampler chain: logits -> ?penalties -> ?dry -> ?top-n-sigma -> top-k -> ?typical -> top-p -> ?min-p -> ?xtc -> temp-ext -> dist 
ollama-1  | slot launch_slot_: id  0 | task -1 | sampler params: 
ollama-1  | 	repeat_last_n = 64, repeat_penalty = 1.000, frequency_penalty = 0.000, presence_penalty = 0.000
ollama-1  | 	dry_multiplier = 0.000, dry_base = 1.750, dry_allowed_length = 2, dry_penalty_last_n = 64
ollama-1  | 	top_k = 40, top_p = 0.900, min_p = 0.000, xtc_probability = 0.000, xtc_threshold = 0.100, typical_p = 1.000, top_n_sigma = -1.000, temp = 0.000
ollama-1  | 	mirostat = 0, mirostat_lr = 0.100, mirostat_ent = 5.000, adaptive_target = -1.000, adaptive_decay = 0.900
ollama-1  | slot launch_slot_: id  0 | task 2961 | processing task, is_child = 0
ollama-1  | slot   operator(): id  0 | task 2961 | new prompt, n_ctx_slot = 4096, n_keep = 4, task.n_tokens = 675
ollama-1  | slot   operator(): id  0 | task 2961 | cached n_tokens = 350, memory_seq_rm [350, end)
ollama-1  | slot init_sampler: id  0 | task 2961 | init sampler, took 0.07 ms, tokens: text = 675, total = 675
ollama-1  | slot print_timing: id  0 | task 2961 | prompt eval time =    4699.09 ms /   325 tokens (   14.46 ms per token,    69.16 tokens per second)
ollama-1  | slot print_timing: id  0 | task 2961 |        eval time =     575.02 ms /     9 tokens (   71.88 ms per token,    13.91 tokens per second)
ollama-1  | slot print_timing: id  0 | task 2961 |       total time =    5274.10 ms /   334 tokens
ollama-1  | slot print_timing: id  0 | task 2961 |    graphs reused =       2085
ollama-1  | slot      release: id  0 | task 2961 | stop processing: n_tokens = 683, truncated = 0
ollama-1  | srv  update_slots: all slots are idle
ollama-1  | [GIN] 2026/10/08 - 05:55:22 | 200 |         1m15s |      172.21.0.4 | POST     "/api/generate"
ollama-1  | srv  server_strea: conv_id= (empty=1)
ollama-1  | slot get_availabl: id  0 | task -1 |  - checking sim = 0.689 (350/508) > 0.100
ollama-1  | slot get_availabl: id  0 | task -1 | selected slot by LCP similarity, f_sim_best = 0.689 (> 0.100 thold), f_keep = 0.512
ollama-1  | slot launch_slot_: id  0 | task -1 | sampler chain: logits -> ?penalties -> ?dry -> ?top-n-sigma -> top-k -> ?typical -> top-p -> ?min-p -> ?xtc -> temp-ext -> dist 
ollama-1  | slot launch_slot_: id  0 | task -1 | sampler params: 
ollama-1  | 	repeat_last_n = 64, repeat_penalty = 1.000, frequency_penalty = 0.000, presence_penalty = 0.000
ollama-1  | 	dry_multiplier = 0.000, dry_base = 1.750, dry_allowed_length = 2, dry_penalty_last_n = 64
ollama-1  | 	top_k = 40, top_p = 0.900, min_p = 0.000, xtc_probability = 0.000, xtc_threshold = 0.100, typical_p = 1.000, top_n_sigma = -1.000, temp = 0.000
ollama-1  | 	mirostat = 0, mirostat_lr = 0.100, mirostat_ent = 5.000, adaptive_target = -1.000, adaptive_decay = 0.900
ollama-1  | slot launch_slot_: id  0 | task 2971 | processing task, is_child = 0
ollama-1  | slot   operator(): id  0 | task 2971 | new prompt, n_ctx_slot = 4096, n_keep = 4, task.n_tokens = 508
ollama-1  | slot   operator(): id  0 | task 2971 | cached n_tokens = 350, memory_seq_rm [350, end)
ollama-1  | slot init_sampler: id  0 | task 2971 | init sampler, took 0.06 ms, tokens: text = 508, total = 508
ollama-1  | slot print_timing: id  0 | task 2971 | prompt eval time =    2302.44 ms /   158 tokens (   14.57 ms per token,    68.62 tokens per second)
ollama-1  | slot print_timing: id  0 | task 2971 |        eval time =     610.20 ms /    10 tokens (   67.80 ms per token,    14.75 tokens per second)
ollama-1  | slot print_timing: id  0 | task 2971 |       total time =    2912.63 ms /   168 tokens
ollama-1  | slot print_timing: id  0 | task 2971 |    graphs reused =       2092
ollama-1  | slot      release: id  0 | task 2971 | stop processing: n_tokens = 517, truncated = 0
ollama-1  | srv  update_slots: all slots are idle
ollama-1  | [GIN] 2026/10/08 - 05:55:24 | 200 |         1m16s |      172.21.0.4 | POST     "/api/generate"
ollama-1  | srv  server_strea: conv_id= (empty=1)
ollama-1  | slot get_availabl: id  0 | task -1 |  - checking sim = 0.526 (350/666) > 0.100
ollama-1  | slot get_availabl: id  0 | task -1 | selected slot by LCP similarity, f_sim_best = 0.526 (> 0.100 thold), f_keep = 0.677
ollama-1  | slot launch_slot_: id  0 | task -1 | sampler chain: logits -> ?penalties -> ?dry -> ?top-n-sigma -> top-k -> ?typical -> top-p -> ?min-p -> ?xtc -> temp-ext -> dist 
ollama-1  | slot launch_slot_: id  0 | task -1 | sampler params: 
ollama-1  | 	repeat_last_n = 64, repeat_penalty = 1.000, frequency_penalty = 0.000, presence_penalty = 0.000
ollama-1  | 	dry_multiplier = 0.000, dry_base = 1.750, dry_allowed_length = 2, dry_penalty_last_n = 64
ollama-1  | 	top_k = 40, top_p = 0.900, min_p = 0.000, xtc_probability = 0.000, xtc_threshold = 0.100, typical_p = 1.000, top_n_sigma = -1.000, temp = 0.000
ollama-1  | 	mirostat = 0, mirostat_lr = 0.100, mirostat_ent = 5.000, adaptive_target = -1.000, adaptive_decay = 0.900
ollama-1  | slot launch_slot_: id  0 | task 2982 | processing task, is_child = 0
ollama-1  | slot   operator(): id  0 | task 2982 | new prompt, n_ctx_slot = 4096, n_keep = 4, task.n_tokens = 666
ollama-1  | slot   operator(): id  0 | task 2982 | cached n_tokens = 350, memory_seq_rm [350, end)
ollama-1  | slot init_sampler: id  0 | task 2982 | init sampler, took 0.07 ms, tokens: text = 666, total = 666
ollama-1  | [GIN] 2026/10/08 - 05:55:26 | 200 |      29.249µs |       127.0.0.1 | HEAD     "/"
ollama-1  | [GIN] 2026/10/08 - 05:55:26 | 200 |    1.446303ms |       127.0.0.1 | GET      "/api/tags"
ollama-1  | slot print_timing: id  0 | task 2982 | prompt eval time =    4511.14 ms /   316 tokens (   14.28 ms per token,    70.05 tokens per second)
ollama-1  | slot print_timing: id  0 | task 2982 |        eval time =     540.10 ms /     9 tokens (   67.51 ms per token,    14.81 tokens per second)
ollama-1  | slot print_timing: id  0 | task 2982 |       total time =    5051.24 ms /   325 tokens
ollama-1  | slot print_timing: id  0 | task 2982 |    graphs reused =       2099
ollama-1  | slot      release: id  0 | task 2982 | stop processing: n_tokens = 674, truncated = 0
ollama-1  | srv  update_slots: all slots are idle
ollama-1  | [GIN] 2026/10/08 - 05:55:30 | 200 |         1m17s |      172.21.0.4 | POST     "/api/generate"
ollama-1  | srv  server_strea: conv_id= (empty=1)
ollama-1  | slot get_availabl: id  0 | task -1 |  - checking sim = 0.627 (350/558) > 0.100
ollama-1  | slot get_availabl: id  0 | task -1 | selected slot by LCP similarity, f_sim_best = 0.627 (> 0.100 thold), f_keep = 0.519
ollama-1  | slot launch_slot_: id  0 | task -1 | sampler chain: logits -> ?penalties -> ?dry -> ?top-n-sigma -> top-k -> ?typical -> top-p -> ?min-p -> ?xtc -> temp-ext -> dist 
ollama-1  | slot launch_slot_: id  0 | task -1 | sampler params: 
ollama-1  | 	repeat_last_n = 64, repeat_penalty = 1.000, frequency_penalty = 0.000, presence_penalty = 0.000
ollama-1  | 	dry_multiplier = 0.000, dry_base = 1.750, dry_allowed_length = 2, dry_penalty_last_n = 64
ollama-1  | 	top_k = 40, top_p = 0.900, min_p = 0.000, xtc_probability = 0.000, xtc_threshold = 0.100, typical_p = 1.000, top_n_sigma = -1.000, temp = 0.000
ollama-1  | 	mirostat = 0, mirostat_lr = 0.100, mirostat_ent = 5.000, adaptive_target = -1.000, adaptive_decay = 0.900
ollama-1  | slot launch_slot_: id  0 | task 2992 | processing task, is_child = 0
ollama-1  | slot   operator(): id  0 | task 2992 | new prompt, n_ctx_slot = 4096, n_keep = 4, task.n_tokens = 558
ollama-1  | slot   operator(): id  0 | task 2992 | cached n_tokens = 350, memory_seq_rm [350, end)
ollama-1  | slot init_sampler: id  0 | task 2992 | init sampler, took 0.04 ms, tokens: text = 558, total = 558
ollama-1  | slot print_timing: id  0 | task 2992 | prompt eval time =    2910.47 ms /   208 tokens (   13.99 ms per token,    71.47 tokens per second)
ollama-1  | slot print_timing: id  0 | task 2992 |        eval time =     535.17 ms /     9 tokens (   66.90 ms per token,    14.95 tokens per second)
ollama-1  | slot print_timing: id  0 | task 2992 |       total time =    3445.64 ms /   217 tokens
ollama-1  | slot print_timing: id  0 | task 2992 |    graphs reused =       2106
ollama-1  | slot      release: id  0 | task 2992 | stop processing: n_tokens = 566, truncated = 0
ollama-1  | srv  update_slots: all slots are idle
ollama-1  | [GIN] 2026/10/08 - 05:55:33 | 200 |         1m19s |      172.21.0.4 | POST     "/api/generate"
ollama-1  | srv  server_strea: conv_id= (empty=1)
ollama-1  | slot get_availabl: id  0 | task -1 |  - checking sim = 0.589 (350/594) > 0.100
ollama-1  | slot get_availabl: id  0 | task -1 | selected slot by LCP similarity, f_sim_best = 0.589 (> 0.100 thold), f_keep = 0.618
ollama-1  | slot launch_slot_: id  0 | task -1 | sampler chain: logits -> ?penalties -> ?dry -> ?top-n-sigma -> top-k -> ?typical -> top-p -> ?min-p -> ?xtc -> temp-ext -> dist 
ollama-1  | slot launch_slot_: id  0 | task -1 | sampler params: 
ollama-1  | 	repeat_last_n = 64, repeat_penalty = 1.000, frequency_penalty = 0.000, presence_penalty = 0.000
ollama-1  | 	dry_multiplier = 0.000, dry_base = 1.750, dry_allowed_length = 2, dry_penalty_last_n = 64
ollama-1  | 	top_k = 40, top_p = 0.900, min_p = 0.000, xtc_probability = 0.000, xtc_threshold = 0.100, typical_p = 1.000, top_n_sigma = -1.000, temp = 0.000
ollama-1  | 	mirostat = 0, mirostat_lr = 0.100, mirostat_ent = 5.000, adaptive_target = -1.000, adaptive_decay = 0.900
ollama-1  | slot launch_slot_: id  0 | task 3002 | processing task, is_child = 0
ollama-1  | slot   operator(): id  0 | task 3002 | new prompt, n_ctx_slot = 4096, n_keep = 4, task.n_tokens = 594
ollama-1  | slot   operator(): id  0 | task 3002 | cached n_tokens = 350, memory_seq_rm [350, end)
ollama-1  | slot init_sampler: id  0 | task 3002 | init sampler, took 0.05 ms, tokens: text = 594, total = 594
ollama-1  | [GIN] 2026/10/08 - 05:55:36 | 200 |      29.543µs |       127.0.0.1 | HEAD     "/"
ollama-1  | [GIN] 2026/10/08 - 05:55:36 | 200 |    1.600474ms |       127.0.0.1 | GET      "/api/tags"
ollama-1  | slot print_timing: id  0 | task 3002 | prompt eval time =    3384.24 ms /   244 tokens (   13.87 ms per token,    72.10 tokens per second)
ollama-1  | slot print_timing: id  0 | task 3002 |        eval time =     529.75 ms /     9 tokens (   66.22 ms per token,    15.10 tokens per second)
ollama-1  | slot print_timing: id  0 | task 3002 |       total time =    3913.99 ms /   253 tokens
ollama-1  | slot print_timing: id  0 | task 3002 |    graphs reused =       2113
ollama-1  | slot      release: id  0 | task 3002 | stop processing: n_tokens = 602, truncated = 0
ollama-1  | srv  update_slots: all slots are idle
ollama-1  | [GIN] 2026/10/08 - 05:55:37 | 200 |         1m23s |      172.21.0.4 | POST     "/api/generate"
ollama-1  | srv  server_strea: conv_id= (empty=1)
ollama-1  | slot get_availabl: id  0 | task -1 |  - checking sim = 0.676 (350/518) > 0.100
ollama-1  | slot get_availabl: id  0 | task -1 | selected slot by LCP similarity, f_sim_best = 0.676 (> 0.100 thold), f_keep = 0.581
ollama-1  | slot launch_slot_: id  0 | task -1 | sampler chain: logits -> ?penalties -> ?dry -> ?top-n-sigma -> top-k -> ?typical -> top-p -> ?min-p -> ?xtc -> temp-ext -> dist 
ollama-1  | slot launch_slot_: id  0 | task -1 | sampler params: 
ollama-1  | 	repeat_last_n = 64, repeat_penalty = 1.000, frequency_penalty = 0.000, presence_penalty = 0.000
ollama-1  | 	dry_multiplier = 0.000, dry_base = 1.750, dry_allowed_length = 2, dry_penalty_last_n = 64
ollama-1  | 	top_k = 40, top_p = 0.900, min_p = 0.000, xtc_probability = 0.000, xtc_threshold = 0.100, typical_p = 1.000, top_n_sigma = -1.000, temp = 0.000
ollama-1  | 	mirostat = 0, mirostat_lr = 0.100, mirostat_ent = 5.000, adaptive_target = -1.000, adaptive_decay = 0.900
ollama-1  | slot launch_slot_: id  0 | task 3012 | processing task, is_child = 0
ollama-1  | slot   operator(): id  0 | task 3012 | new prompt, n_ctx_slot = 4096, n_keep = 4, task.n_tokens = 518
ollama-1  | slot   operator(): id  0 | task 3012 | cached n_tokens = 350, memory_seq_rm [350, end)
ollama-1  | slot init_sampler: id  0 | task 3012 | init sampler, took 0.06 ms, tokens: text = 518, total = 518
ollama-1  | slot print_timing: id  0 | task 3012 | prompt eval time =    2474.16 ms /   168 tokens (   14.73 ms per token,    67.90 tokens per second)
ollama-1  | slot print_timing: id  0 | task 3012 |        eval time =     574.55 ms /     9 tokens (   71.82 ms per token,    13.92 tokens per second)
ollama-1  | slot print_timing: id  0 | task 3012 |       total time =    3048.71 ms /   177 tokens
ollama-1  | slot print_timing: id  0 | task 3012 |    graphs reused =       2120
ollama-1  | slot      release: id  0 | task 3012 | stop processing: n_tokens = 526, truncated = 0
ollama-1  | srv  update_slots: all slots are idle
ollama-1  | [GIN] 2026/10/08 - 05:55:40 | 200 |         1m25s |      172.21.0.4 | POST     "/api/generate"
ollama-1  | srv  server_strea: conv_id= (empty=1)
ollama-1  | slot get_availabl: id  0 | task -1 |  - checking sim = 0.636 (350/550) > 0.100
ollama-1  | slot get_availabl: id  0 | task -1 | selected slot by LCP similarity, f_sim_best = 0.636 (> 0.100 thold), f_keep = 0.665
ollama-1  | slot launch_slot_: id  0 | task -1 | sampler chain: logits -> ?penalties -> ?dry -> ?top-n-sigma -> top-k -> ?typical -> top-p -> ?min-p -> ?xtc -> temp-ext -> dist 
ollama-1  | slot launch_slot_: id  0 | task -1 | sampler params: 
ollama-1  | 	repeat_last_n = 64, repeat_penalty = 1.000, frequency_penalty = 0.000, presence_penalty = 0.000
ollama-1  | 	dry_multiplier = 0.000, dry_base = 1.750, dry_allowed_length = 2, dry_penalty_last_n = 64
ollama-1  | 	top_k = 40, top_p = 0.900, min_p = 0.000, xtc_probability = 0.000, xtc_threshold = 0.100, typical_p = 1.000, top_n_sigma = -1.000, temp = 0.000
ollama-1  | 	mirostat = 0, mirostat_lr = 0.100, mirostat_ent = 5.000, adaptive_target = -1.000, adaptive_decay = 0.900
ollama-1  | slot launch_slot_: id  0 | task 3022 | processing task, is_child = 0
ollama-1  | slot   operator(): id  0 | task 3022 | new prompt, n_ctx_slot = 4096, n_keep = 4, task.n_tokens = 550
ollama-1  | slot   operator(): id  0 | task 3022 | cached n_tokens = 350, memory_seq_rm [350, end)
ollama-1  | slot init_sampler: id  0 | task 3022 | init sampler, took 0.04 ms, tokens: text = 550, total = 550
ollama-1  | slot print_timing: id  0 | task 3022 | prompt eval time =    2936.73 ms /   200 tokens (   14.68 ms per token,    68.10 tokens per second)
ollama-1  | slot print_timing: id  0 | task 3022 |        eval time =     595.40 ms /    10 tokens (   66.16 ms per token,    15.12 tokens per second)
ollama-1  | slot print_timing: id  0 | task 3022 |       total time =    3532.13 ms /   210 tokens
ollama-1  | slot print_timing: id  0 | task 3022 |    graphs reused =       2128
ollama-1  | slot      release: id  0 | task 3022 | stop processing: n_tokens = 559, truncated = 0
ollama-1  | srv  update_slots: all slots are idle
ollama-1  | [GIN] 2026/10/08 - 05:55:45 | 200 |         1m28s |      172.21.0.4 | POST     "/api/generate"
ollama-1  | srv  server_strea: conv_id= (empty=1)
ollama-1  | slot get_availabl: id  0 | task -1 |  - checking sim = 0.498 (350/703) > 0.100
ollama-1  | slot get_availabl: id  0 | task -1 | selected slot by LCP similarity, f_sim_best = 0.498 (> 0.100 thold), f_keep = 0.626
ollama-1  | slot launch_slot_: id  0 | task -1 | sampler chain: logits -> ?penalties -> ?dry -> ?top-n-sigma -> top-k -> ?typical -> top-p -> ?min-p -> ?xtc -> temp-ext -> dist 
ollama-1  | slot launch_slot_: id  0 | task -1 | sampler params: 
ollama-1  | 	repeat_last_n = 64, repeat_penalty = 1.000, frequency_penalty = 0.000, presence_penalty = 0.000
ollama-1  | 	dry_multiplier = 0.000, dry_base = 1.750, dry_allowed_length = 2, dry_penalty_last_n = 64
ollama-1  | 	top_k = 40, top_p = 0.900, min_p = 0.000, xtc_probability = 0.000, xtc_threshold = 0.100, typical_p = 1.000, top_n_sigma = -1.000, temp = 0.000
ollama-1  | 	mirostat = 0, mirostat_lr = 0.100, mirostat_ent = 5.000, adaptive_target = -1.000, adaptive_decay = 0.900
ollama-1  | slot launch_slot_: id  0 | task 3033 | processing task, is_child = 0
ollama-1  | slot   operator(): id  0 | task 3033 | new prompt, n_ctx_slot = 4096, n_keep = 4, task.n_tokens = 703
ollama-1  | slot   operator(): id  0 | task 3033 | cached n_tokens = 350, memory_seq_rm [350, end)
ollama-1  | slot init_sampler: id  0 | task 3033 | init sampler, took 0.08 ms, tokens: text = 703, total = 703
ollama-1  | [GIN] 2026/10/08 - 05:55:48 | 200 |      22.039µs |       127.0.0.1 | HEAD     "/"
ollama-1  | [GIN] 2026/10/08 - 05:55:48 | 200 |    1.339984ms |       127.0.0.1 | GET      "/api/tags"
ollama-1  | slot print_timing: id  0 | task 3033 | prompt eval time =    5003.16 ms /   353 tokens (   14.17 ms per token,    70.56 tokens per second)
ollama-1  | slot print_timing: id  0 | task 3033 |        eval time =     612.77 ms /    10 tokens (   68.09 ms per token,    14.69 tokens per second)
ollama-1  | slot print_timing: id  0 | task 3033 |       total time =    5615.93 ms /   363 tokens
ollama-1  | slot print_timing: id  0 | task 3033 |    graphs reused =       2136
ollama-1  | slot      release: id  0 | task 3033 | stop processing: n_tokens = 712, truncated = 0
ollama-1  | srv  update_slots: all slots are idle
ollama-1  | [GIN] 2026/10/08 - 05:55:51 | 200 |         1m30s |      172.21.0.4 | POST     "/api/generate"
ollama-1  | srv  server_strea: conv_id= (empty=1)
ollama-1  | slot get_availabl: id  0 | task -1 |  - checking sim = 0.448 (350/781) > 0.100
ollama-1  | slot get_availabl: id  0 | task -1 | selected slot by LCP similarity, f_sim_best = 0.448 (> 0.100 thold), f_keep = 0.492
ollama-1  | srv  get_availabl: updating prompt cache
ollama-1  | srv   prompt_save:  - saving prompt with length 712, total state size = 89.009 MiB (draft: 0.000 MiB)
ollama-1  | srv          load:  - looking for better prompt, base f_keep = 0.492, f_sim = 0.448
ollama-1  | srv          load:    - prompt with length     782, lcp =     350, f_keep = 0.448, f_sim = 0.448
ollama-1  | srv          load:    - prompt with length     794, lcp =     350, f_keep = 0.441, f_sim = 0.448
ollama-1  | srv          load:    - prompt with length     753, lcp =     350, f_keep = 0.465, f_sim = 0.448
ollama-1  | srv          load:    - prompt with length     730, lcp =     350, f_keep = 0.479, f_sim = 0.448
ollama-1  | srv          load:    - prompt with length     828, lcp =     350, f_keep = 0.423, f_sim = 0.448
ollama-1  | srv          load:    - prompt with length     851, lcp =     350, f_keep = 0.411, f_sim = 0.448
ollama-1  | srv          load:    - prompt with length     844, lcp =     350, f_keep = 0.415, f_sim = 0.448
ollama-1  | srv          load:    - prompt with length     846, lcp =     350, f_keep = 0.414, f_sim = 0.448
ollama-1  | srv          load:    - prompt with length     892, lcp =     350, f_keep = 0.392, f_sim = 0.448
ollama-1  | srv          load:    - prompt with length     780, lcp =     350, f_keep = 0.449, f_sim = 0.448
ollama-1  | srv          load:    - prompt with length     730, lcp =     350, f_keep = 0.479, f_sim = 0.448
ollama-1  | srv          load:    - prompt with length     728, lcp =     350, f_keep = 0.481, f_sim = 0.448
ollama-1  | srv          load:    - prompt with length     790, lcp =     781, f_keep = 0.989, f_sim = 1.000
ollama-1  | srv          load:    - prompt with length     729, lcp =     350, f_keep = 0.480, f_sim = 0.448
ollama-1  | srv          load:    - prompt with length     796, lcp =     350, f_keep = 0.440, f_sim = 0.448
ollama-1  | srv          load:    - prompt with length     709, lcp =     350, f_keep = 0.494, f_sim = 0.448
ollama-1  | srv          load:    - prompt with length     724, lcp =     350, f_keep = 0.483, f_sim = 0.448
ollama-1  | srv          load:    - prompt with length     800, lcp =     350, f_keep = 0.438, f_sim = 0.448
ollama-1  | srv          load:    - prompt with length     712, lcp =     350, f_keep = 0.492, f_sim = 0.448
ollama-1  | srv          load:  - found better prompt with f_keep = 0.989, f_sim = 1.000
ollama-1  | srv        update:  - cache state: 18 prompts, 1753.674 MiB (limits: 8192.000 MiB, 4096 tokens, 65529 est)
ollama-1  | srv        update:    - prompt 0x36524940:     782 tokens, checkpoints:  0,    97.760 MiB
ollama-1  | srv        update:    - prompt 0x36524a40:     794 tokens, checkpoints:  0,    99.260 MiB
ollama-1  | srv        update:    - prompt 0x36521d10:     753 tokens, checkpoints:  0,    94.134 MiB
ollama-1  | srv        update:    - prompt 0x36521c60:     730 tokens, checkpoints:  0,    91.259 MiB
ollama-1  | srv        update:    - prompt 0x36521bb0:     828 tokens, checkpoints:  0,   103.510 MiB
ollama-1  | srv        update:    - prompt 0x36537930:     851 tokens, checkpoints:  0,   106.385 MiB
ollama-1  | srv        update:    - prompt 0x3652bd10:     844 tokens, checkpoints:  0,   105.510 MiB
ollama-1  | srv        update:    - prompt 0x3724fc20:     846 tokens, checkpoints:  0,   105.760 MiB
ollama-1  | srv        update:    - prompt 0x3651c680:     892 tokens, checkpoints:  0,   111.511 MiB
ollama-1  | srv        update:    - prompt 0x3715ca80:     780 tokens, checkpoints:  0,    97.510 MiB
ollama-1  | srv        update:    - prompt 0x37b80950:     730 tokens, checkpoints:  0,    91.259 MiB
ollama-1  | srv        update:    - prompt 0x36522570:     728 tokens, checkpoints:  0,    91.009 MiB
ollama-1  | srv        update:    - prompt 0x36510eb0:     729 tokens, checkpoints:  0,    91.134 MiB
ollama-1  | srv        update:    - prompt 0x3651cdf0:     796 tokens, checkpoints:  0,    99.510 MiB
ollama-1  | srv        update:    - prompt 0x37264940:     709 tokens, checkpoints:  0,    88.634 MiB
ollama-1  | srv        update:    - prompt 0x37a562a0:     724 tokens, checkpoints:  0,    90.509 MiB
ollama-1  | srv        update:    - prompt 0x36996dc0:     800 tokens, checkpoints:  0,   100.010 MiB
ollama-1  | srv        update:    - prompt 0x37256510:     712 tokens, checkpoints:  0,    89.009 MiB
ollama-1  | srv  get_availabl: prompt cache update took 69.48 ms
ollama-1  | slot launch_slot_: id  0 | task -1 | sampler chain: logits -> ?penalties -> ?dry -> ?top-n-sigma -> top-k -> ?typical -> top-p -> ?min-p -> ?xtc -> temp-ext -> dist 
ollama-1  | slot launch_slot_: id  0 | task -1 | sampler params: 
ollama-1  | 	repeat_last_n = 64, repeat_penalty = 1.000, frequency_penalty = 0.000, presence_penalty = 0.000
ollama-1  | 	dry_multiplier = 0.000, dry_base = 1.750, dry_allowed_length = 2, dry_penalty_last_n = 64
ollama-1  | 	top_k = 40, top_p = 0.900, min_p = 0.000, xtc_probability = 0.000, xtc_threshold = 0.100, typical_p = 1.000, top_n_sigma = -1.000, temp = 0.000
ollama-1  | 	mirostat = 0, mirostat_lr = 0.100, mirostat_ent = 5.000, adaptive_target = -1.000, adaptive_decay = 0.900
ollama-1  | slot launch_slot_: id  0 | task 3044 | processing task, is_child = 0
ollama-1  | slot   operator(): id  0 | task 3044 | new prompt, n_ctx_slot = 4096, n_keep = 4, task.n_tokens = 781
ollama-1  | slot   operator(): id  0 | task 3044 | need to evaluate at least 1 token for each active slot (n_past = 781, task.n_tokens() = 781)
ollama-1  | slot   operator(): id  0 | task 3044 | n_past was set to 780
ollama-1  | slot   operator(): id  0 | task 3044 | cached n_tokens = 780, memory_seq_rm [780, end)
ollama-1  | slot init_sampler: id  0 | task 3044 | init sampler, took 0.07 ms, tokens: text = 781, total = 781
ollama-1  | slot print_timing: id  0 | task 3044 | prompt eval time =      69.84 ms /     1 tokens (   69.84 ms per token,    14.32 tokens per second)
ollama-1  | slot print_timing: id  0 | task 3044 |        eval time =     625.33 ms /    10 tokens (   69.48 ms per token,    14.39 tokens per second)
ollama-1  | slot print_timing: id  0 | task 3044 |       total time =     695.17 ms /    11 tokens
ollama-1  | slot print_timing: id  0 | task 3044 |    graphs reused =       2145
ollama-1  | slot      release: id  0 | task 3044 | stop processing: n_tokens = 790, truncated = 0
ollama-1  | srv  update_slots: all slots are idle
ollama-1  | [GIN] 2026/10/08 - 05:55:52 | 200 |         1m30s |      172.21.0.4 | POST     "/api/generate"
ollama-1  | srv  server_strea: conv_id= (empty=1)
ollama-1  | slot get_availabl: id  0 | task -1 |  - checking sim = 0.642 (350/545) > 0.100
ollama-1  | slot get_availabl: id  0 | task -1 | selected slot by LCP similarity, f_sim_best = 0.642 (> 0.100 thold), f_keep = 0.443
ollama-1  | srv  get_availabl: updating prompt cache
ollama-1  | srv   prompt_save:  - saving prompt with length 790, total state size = 98.760 MiB (draft: 0.000 MiB)
ollama-1  | srv          load:  - looking for better prompt, base f_keep = 0.443, f_sim = 0.642
ollama-1  | srv          load:    - prompt with length     782, lcp =     350, f_keep = 0.448, f_sim = 0.642
ollama-1  | srv          load:    - prompt with length     794, lcp =     350, f_keep = 0.441, f_sim = 0.642
ollama-1  | srv          load:    - prompt with length     753, lcp =     350, f_keep = 0.465, f_sim = 0.642
ollama-1  | srv          load:    - prompt with length     730, lcp =     350, f_keep = 0.479, f_sim = 0.642
ollama-1  | srv          load:    - prompt with length     828, lcp =     350, f_keep = 0.423, f_sim = 0.642
ollama-1  | srv          load:    - prompt with length     851, lcp =     351, f_keep = 0.412, f_sim = 0.644
ollama-1  | srv          load:    - prompt with length     844, lcp =     350, f_keep = 0.415, f_sim = 0.642
ollama-1  | srv          load:    - prompt with length     846, lcp =     351, f_keep = 0.415, f_sim = 0.644
ollama-1  | srv          load:    - prompt with length     892, lcp =     350, f_keep = 0.392, f_sim = 0.642
ollama-1  | srv          load:    - prompt with length     780, lcp =     351, f_keep = 0.450, f_sim = 0.644
ollama-1  | srv          load:    - prompt with length     730, lcp =     351, f_keep = 0.481, f_sim = 0.644
ollama-1  | srv          load:    - prompt with length     728, lcp =     351, f_keep = 0.482, f_sim = 0.644
ollama-1  | srv          load:    - prompt with length     729, lcp =     351, f_keep = 0.481, f_sim = 0.644
ollama-1  | srv          load:    - prompt with length     796, lcp =     350, f_keep = 0.440, f_sim = 0.642
ollama-1  | srv          load:    - prompt with length     709, lcp =     350, f_keep = 0.494, f_sim = 0.642
ollama-1  | srv          load:    - prompt with length     724, lcp =     351, f_keep = 0.485, f_sim = 0.644
ollama-1  | srv          load:    - prompt with length     800, lcp =     351, f_keep = 0.439, f_sim = 0.644
ollama-1  | srv          load:    - prompt with length     712, lcp =     352, f_keep = 0.494, f_sim = 0.646
ollama-1  | srv          load:    - prompt with length     790, lcp =     350, f_keep = 0.443, f_sim = 0.642
ollama-1  | srv          load:  - found better prompt with f_keep = 0.494, f_sim = 0.646
ollama-1  | srv        update:  - cache state: 18 prompts, 1763.425 MiB (limits: 8192.000 MiB, 4096 tokens, 65529 est)
ollama-1  | srv        update:    - prompt 0x36524940:     782 tokens, checkpoints:  0,    97.760 MiB
ollama-1  | srv        update:    - prompt 0x36524a40:     794 tokens, checkpoints:  0,    99.260 MiB
ollama-1  | srv        update:    - prompt 0x36521d10:     753 tokens, checkpoints:  0,    94.134 MiB
ollama-1  | srv        update:    - prompt 0x36521c60:     730 tokens, checkpoints:  0,    91.259 MiB
ollama-1  | srv        update:    - prompt 0x36521bb0:     828 tokens, checkpoints:  0,   103.510 MiB
ollama-1  | srv        update:    - prompt 0x36537930:     851 tokens, checkpoints:  0,   106.385 MiB
ollama-1  | srv        update:    - prompt 0x3652bd10:     844 tokens, checkpoints:  0,   105.510 MiB
ollama-1  | srv        update:    - prompt 0x3724fc20:     846 tokens, checkpoints:  0,   105.760 MiB
ollama-1  | srv        update:    - prompt 0x3651c680:     892 tokens, checkpoints:  0,   111.511 MiB
ollama-1  | srv        update:    - prompt 0x3715ca80:     780 tokens, checkpoints:  0,    97.510 MiB
ollama-1  | srv        update:    - prompt 0x37b80950:     730 tokens, checkpoints:  0,    91.259 MiB
ollama-1  | srv        update:    - prompt 0x36522570:     728 tokens, checkpoints:  0,    91.009 MiB
ollama-1  | srv        update:    - prompt 0x36510eb0:     729 tokens, checkpoints:  0,    91.134 MiB
ollama-1  | srv        update:    - prompt 0x3651cdf0:     796 tokens, checkpoints:  0,    99.510 MiB
ollama-1  | srv        update:    - prompt 0x37264940:     709 tokens, checkpoints:  0,    88.634 MiB
ollama-1  | srv        update:    - prompt 0x37a562a0:     724 tokens, checkpoints:  0,    90.509 MiB
ollama-1  | srv        update:    - prompt 0x36996dc0:     800 tokens, checkpoints:  0,   100.010 MiB
ollama-1  | srv        update:    - prompt 0x364ffda0:     790 tokens, checkpoints:  0,    98.760 MiB
ollama-1  | srv  get_availabl: prompt cache update took 55.48 ms
ollama-1  | slot launch_slot_: id  0 | task -1 | sampler chain: logits -> ?penalties -> ?dry -> ?top-n-sigma -> top-k -> ?typical -> top-p -> ?min-p -> ?xtc -> temp-ext -> dist 
ollama-1  | slot launch_slot_: id  0 | task -1 | sampler params: 
ollama-1  | 	repeat_last_n = 64, repeat_penalty = 1.000, frequency_penalty = 0.000, presence_penalty = 0.000
ollama-1  | 	dry_multiplier = 0.000, dry_base = 1.750, dry_allowed_length = 2, dry_penalty_last_n = 64
ollama-1  | 	top_k = 40, top_p = 0.900, min_p = 0.000, xtc_probability = 0.000, xtc_threshold = 0.100, typical_p = 1.000, top_n_sigma = -1.000, temp = 0.000
ollama-1  | 	mirostat = 0, mirostat_lr = 0.100, mirostat_ent = 5.000, adaptive_target = -1.000, adaptive_decay = 0.900
ollama-1  | slot launch_slot_: id  0 | task 3055 | processing task, is_child = 0
ollama-1  | slot   operator(): id  0 | task 3055 | new prompt, n_ctx_slot = 4096, n_keep = 4, task.n_tokens = 545
ollama-1  | slot   operator(): id  0 | task 3055 | cached n_tokens = 352, memory_seq_rm [352, end)
ollama-1  | slot init_sampler: id  0 | task 3055 | init sampler, took 0.04 ms, tokens: text = 545, total = 545
ollama-1  | slot print_timing: id  0 | task 3055 | prompt eval time =    2765.72 ms /   193 tokens (   14.33 ms per token,    69.78 tokens per second)
ollama-1  | slot print_timing: id  0 | task 3055 |        eval time =     598.47 ms /    10 tokens (   66.50 ms per token,    15.04 tokens per second)
ollama-1  | slot print_timing: id  0 | task 3055 |       total time =    3364.19 ms /   203 tokens
ollama-1  | slot print_timing: id  0 | task 3055 |    graphs reused =       2153
ollama-1  | slot      release: id  0 | task 3055 | stop processing: n_tokens = 554, truncated = 0
ollama-1  | srv  update_slots: all slots are idle
ollama-1  | [GIN] 2026/10/08 - 05:55:55 | 200 |         1m33s |      172.21.0.4 | POST     "/api/generate"
ollama-1  | srv  server_strea: conv_id= (empty=1)
ollama-1  | slot get_availabl: id  0 | task -1 |  - checking sim = 0.720 (350/486) > 0.100
ollama-1  | slot get_availabl: id  0 | task -1 | selected slot by LCP similarity, f_sim_best = 0.720 (> 0.100 thold), f_keep = 0.632
ollama-1  | slot launch_slot_: id  0 | task -1 | sampler chain: logits -> ?penalties -> ?dry -> ?top-n-sigma -> top-k -> ?typical -> top-p -> ?min-p -> ?xtc -> temp-ext -> dist 
ollama-1  | slot launch_slot_: id  0 | task -1 | sampler params: 
ollama-1  | 	repeat_last_n = 64, repeat_penalty = 1.000, frequency_penalty = 0.000, presence_penalty = 0.000
ollama-1  | 	dry_multiplier = 0.000, dry_base = 1.750, dry_allowed_length = 2, dry_penalty_last_n = 64
ollama-1  | 	top_k = 40, top_p = 0.900, min_p = 0.000, xtc_probability = 0.000, xtc_threshold = 0.100, typical_p = 1.000, top_n_sigma = -1.000, temp = 0.000
ollama-1  | 	mirostat = 0, mirostat_lr = 0.100, mirostat_ent = 5.000, adaptive_target = -1.000, adaptive_decay = 0.900
ollama-1  | slot launch_slot_: id  0 | task 3066 | processing task, is_child = 0
ollama-1  | slot   operator(): id  0 | task 3066 | new prompt, n_ctx_slot = 4096, n_keep = 4, task.n_tokens = 486
ollama-1  | slot   operator(): id  0 | task 3066 | cached n_tokens = 350, memory_seq_rm [350, end)
ollama-1  | slot init_sampler: id  0 | task 3066 | init sampler, took 0.05 ms, tokens: text = 486, total = 486
ollama-1  | slot print_timing: id  0 | task 3066 | prompt eval time =    1950.76 ms /   136 tokens (   14.34 ms per token,    69.72 tokens per second)
ollama-1  | slot print_timing: id  0 | task 3066 |        eval time =     534.54 ms /     9 tokens (   66.82 ms per token,    14.97 tokens per second)
ollama-1  | slot print_timing: id  0 | task 3066 |       total time =    2485.30 ms /   145 tokens
ollama-1  | slot print_timing: id  0 | task 3066 |    graphs reused =       2160
ollama-1  | slot      release: id  0 | task 3066 | stop processing: n_tokens = 494, truncated = 0
ollama-1  | srv  update_slots: all slots are idle
ollama-1  | [GIN] 2026/10/08 - 05:55:58 | 200 |         1m34s |      172.21.0.4 | POST     "/api/generate"
ollama-1  | srv  server_strea: conv_id= (empty=1)
ollama-1  | slot get_availabl: id  0 | task -1 |  - checking sim = 0.631 (350/555) > 0.100
ollama-1  | slot get_availabl: id  0 | task -1 | selected slot by LCP similarity, f_sim_best = 0.631 (> 0.100 thold), f_keep = 0.709
ollama-1  | slot launch_slot_: id  0 | task -1 | sampler chain: logits -> ?penalties -> ?dry -> ?top-n-sigma -> top-k -> ?typical -> top-p -> ?min-p -> ?xtc -> temp-ext -> dist 
ollama-1  | slot launch_slot_: id  0 | task -1 | sampler params: 
ollama-1  | 	repeat_last_n = 64, repeat_penalty = 1.000, frequency_penalty = 0.000, presence_penalty = 0.000
ollama-1  | 	dry_multiplier = 0.000, dry_base = 1.750, dry_allowed_length = 2, dry_penalty_last_n = 64
ollama-1  | 	top_k = 40, top_p = 0.900, min_p = 0.000, xtc_probability = 0.000, xtc_threshold = 0.100, typical_p = 1.000, top_n_sigma = -1.000, temp = 0.000
ollama-1  | 	mirostat = 0, mirostat_lr = 0.100, mirostat_ent = 5.000, adaptive_target = -1.000, adaptive_decay = 0.900
ollama-1  | slot launch_slot_: id  0 | task 3076 | processing task, is_child = 0
ollama-1  | slot   operator(): id  0 | task 3076 | new prompt, n_ctx_slot = 4096, n_keep = 4, task.n_tokens = 555
ollama-1  | slot   operator(): id  0 | task 3076 | cached n_tokens = 350, memory_seq_rm [350, end)
ollama-1  | slot init_sampler: id  0 | task 3076 | init sampler, took 0.04 ms, tokens: text = 555, total = 555
ollama-1  | [GIN] 2026/10/08 - 05:55:58 | 200 |      29.687µs |       127.0.0.1 | HEAD     "/"
ollama-1  | [GIN] 2026/10/08 - 05:55:58 | 200 |    1.444829ms |       127.0.0.1 | GET      "/api/tags"
ollama-1  | slot print_timing: id  0 | task 3076 | prompt eval time =    2982.70 ms /   205 tokens (   14.55 ms per token,    68.73 tokens per second)
ollama-1  | slot print_timing: id  0 | task 3076 |        eval time =     536.89 ms /     9 tokens (   67.11 ms per token,    14.90 tokens per second)
ollama-1  | slot print_timing: id  0 | task 3076 |       total time =    3519.59 ms /   214 tokens
ollama-1  | slot print_timing: id  0 | task 3076 |    graphs reused =       2167
ollama-1  | slot      release: id  0 | task 3076 | stop processing: n_tokens = 563, truncated = 0
ollama-1  | srv  update_slots: all slots are idle
ollama-1  | [GIN] 2026/10/08 - 05:56:01 | 200 |         1m34s |      172.21.0.4 | POST     "/api/generate"
ollama-1  | srv  server_strea: conv_id= (empty=1)
ollama-1  | slot get_availabl: id  0 | task -1 |  - checking sim = 0.417 (350/839) > 0.100
ollama-1  | slot get_availabl: id  0 | task -1 | selected slot by LCP similarity, f_sim_best = 0.417 (> 0.100 thold), f_keep = 0.622
ollama-1  | slot launch_slot_: id  0 | task -1 | sampler chain: logits -> ?penalties -> ?dry -> ?top-n-sigma -> top-k -> ?typical -> top-p -> ?min-p -> ?xtc -> temp-ext -> dist 
ollama-1  | slot launch_slot_: id  0 | task -1 | sampler params: 
ollama-1  | 	repeat_last_n = 64, repeat_penalty = 1.000, frequency_penalty = 0.000, presence_penalty = 0.000
ollama-1  | 	dry_multiplier = 0.000, dry_base = 1.750, dry_allowed_length = 2, dry_penalty_last_n = 64
ollama-1  | 	top_k = 40, top_p = 0.900, min_p = 0.000, xtc_probability = 0.000, xtc_threshold = 0.100, typical_p = 1.000, top_n_sigma = -1.000, temp = 0.000
ollama-1  | 	mirostat = 0, mirostat_lr = 0.100, mirostat_ent = 5.000, adaptive_target = -1.000, adaptive_decay = 0.900
ollama-1  | slot launch_slot_: id  0 | task 3086 | processing task, is_child = 0
ollama-1  | slot   operator(): id  0 | task 3086 | new prompt, n_ctx_slot = 4096, n_keep = 4, task.n_tokens = 839
ollama-1  | slot   operator(): id  0 | task 3086 | cached n_tokens = 350, memory_seq_rm [350, end)
ollama-1  | slot init_sampler: id  0 | task 3086 | init sampler, took 0.09 ms, tokens: text = 839, total = 839
ollama-1  | [GIN] 2026/10/08 - 05:56:08 | 200 |      26.031µs |       127.0.0.1 | HEAD     "/"
ollama-1  | [GIN] 2026/10/08 - 05:56:08 | 200 |    1.429957ms |       127.0.0.1 | GET      "/api/tags"
ollama-1  | slot print_timing: id  0 | task 3086 | prompt eval time =    6911.78 ms /   489 tokens (   14.13 ms per token,    70.75 tokens per second)
ollama-1  | slot print_timing: id  0 | task 3086 |        eval time =     479.52 ms /     8 tokens (   68.50 ms per token,    14.60 tokens per second)
ollama-1  | slot print_timing: id  0 | task 3086 |       total time =    7391.30 ms /   497 tokens
ollama-1  | slot print_timing: id  0 | task 3086 |    graphs reused =       2173
ollama-1  | slot      release: id  0 | task 3086 | stop processing: n_tokens = 846, truncated = 0
ollama-1  | srv  update_slots: all slots are idle
ollama-1  | [GIN] 2026/10/08 - 05:56:09 | 200 |         1m41s |      172.21.0.4 | POST     "/api/generate"
ollama-1  | srv  server_strea: conv_id= (empty=1)
ollama-1  | slot get_availabl: id  0 | task -1 |  - checking sim = 0.797 (350/439) > 0.100
ollama-1  | slot get_availabl: id  0 | task -1 | selected slot by LCP similarity, f_sim_best = 0.797 (> 0.100 thold), f_keep = 0.414
ollama-1  | srv  get_availabl: updating prompt cache
ollama-1  | srv   prompt_save:  - saving prompt with length 846, total state size = 105.760 MiB (draft: 0.000 MiB)
ollama-1  | srv         alloc:  - prompt is already in the cache, skipping
ollama-1  | srv          load:  - looking for better prompt, base f_keep = 0.414, f_sim = 0.797
ollama-1  | srv          load:    - prompt with length     782, lcp =     350, f_keep = 0.448, f_sim = 0.797
ollama-1  | srv          load:    - prompt with length     794, lcp =     350, f_keep = 0.441, f_sim = 0.797
ollama-1  | srv          load:    - prompt with length     753, lcp =     350, f_keep = 0.465, f_sim = 0.797
ollama-1  | srv          load:    - prompt with length     730, lcp =     350, f_keep = 0.479, f_sim = 0.797
ollama-1  | srv          load:    - prompt with length     828, lcp =     350, f_keep = 0.423, f_sim = 0.797
ollama-1  | srv          load:    - prompt with length     851, lcp =     350, f_keep = 0.411, f_sim = 0.797
ollama-1  | srv          load:    - prompt with length     844, lcp =     350, f_keep = 0.415, f_sim = 0.797
ollama-1  | srv          load:    - prompt with length     846, lcp =     350, f_keep = 0.414, f_sim = 0.797
ollama-1  | srv          load:    - prompt with length     892, lcp =     350, f_keep = 0.392, f_sim = 0.797
ollama-1  | srv          load:    - prompt with length     780, lcp =     350, f_keep = 0.449, f_sim = 0.797
ollama-1  | srv          load:    - prompt with length     730, lcp =     350, f_keep = 0.479, f_sim = 0.797
ollama-1  | srv          load:    - prompt with length     728, lcp =     350, f_keep = 0.481, f_sim = 0.797
ollama-1  | srv          load:    - prompt with length     729, lcp =     350, f_keep = 0.480, f_sim = 0.797
ollama-1  | srv          load:    - prompt with length     796, lcp =     350, f_keep = 0.440, f_sim = 0.797
ollama-1  | srv          load:    - prompt with length     709, lcp =     350, f_keep = 0.494, f_sim = 0.797
ollama-1  | srv          load:    - prompt with length     724, lcp =     350, f_keep = 0.483, f_sim = 0.797
ollama-1  | srv          load:    - prompt with length     800, lcp =     350, f_keep = 0.438, f_sim = 0.797
ollama-1  | srv          load:    - prompt with length     790, lcp =     350, f_keep = 0.443, f_sim = 0.797
ollama-1  | srv        update:  - cache state: 18 prompts, 1763.425 MiB (limits: 8192.000 MiB, 4096 tokens, 65529 est)
ollama-1  | srv        update:    - prompt 0x36524940:     782 tokens, checkpoints:  0,    97.760 MiB
ollama-1  | srv        update:    - prompt 0x36524a40:     794 tokens, checkpoints:  0,    99.260 MiB
ollama-1  | srv        update:    - prompt 0x36521d10:     753 tokens, checkpoints:  0,    94.134 MiB
ollama-1  | srv        update:    - prompt 0x36521c60:     730 tokens, checkpoints:  0,    91.259 MiB
ollama-1  | srv        update:    - prompt 0x36521bb0:     828 tokens, checkpoints:  0,   103.510 MiB
ollama-1  | srv        update:    - prompt 0x36537930:     851 tokens, checkpoints:  0,   106.385 MiB
ollama-1  | srv        update:    - prompt 0x3652bd10:     844 tokens, checkpoints:  0,   105.510 MiB
ollama-1  | srv        update:    - prompt 0x3724fc20:     846 tokens, checkpoints:  0,   105.760 MiB
ollama-1  | srv        update:    - prompt 0x3651c680:     892 tokens, checkpoints:  0,   111.511 MiB
ollama-1  | srv        update:    - prompt 0x3715ca80:     780 tokens, checkpoints:  0,    97.510 MiB
ollama-1  | srv        update:    - prompt 0x37b80950:     730 tokens, checkpoints:  0,    91.259 MiB
ollama-1  | srv        update:    - prompt 0x36522570:     728 tokens, checkpoints:  0,    91.009 MiB
ollama-1  | srv        update:    - prompt 0x36510eb0:     729 tokens, checkpoints:  0,    91.134 MiB
ollama-1  | srv        update:    - prompt 0x3651cdf0:     796 tokens, checkpoints:  0,    99.510 MiB
ollama-1  | srv        update:    - prompt 0x37264940:     709 tokens, checkpoints:  0,    88.634 MiB
ollama-1  | srv        update:    - prompt 0x37a562a0:     724 tokens, checkpoints:  0,    90.509 MiB
ollama-1  | srv        update:    - prompt 0x36996dc0:     800 tokens, checkpoints:  0,   100.010 MiB
ollama-1  | srv        update:    - prompt 0x364ffda0:     790 tokens, checkpoints:  0,    98.760 MiB
ollama-1  | srv  get_availabl: prompt cache update took 0.05 ms
ollama-1  | slot launch_slot_: id  0 | task -1 | sampler chain: logits -> ?penalties -> ?dry -> ?top-n-sigma -> top-k -> ?typical -> top-p -> ?min-p -> ?xtc -> temp-ext -> dist 
ollama-1  | slot launch_slot_: id  0 | task -1 | sampler params: 
ollama-1  | 	repeat_last_n = 64, repeat_penalty = 1.000, frequency_penalty = 0.000, presence_penalty = 0.000
ollama-1  | 	dry_multiplier = 0.000, dry_base = 1.750, dry_allowed_length = 2, dry_penalty_last_n = 64
ollama-1  | 	top_k = 40, top_p = 0.900, min_p = 0.000, xtc_probability = 0.000, xtc_threshold = 0.100, typical_p = 1.000, top_n_sigma = -1.000, temp = 0.000
ollama-1  | 	mirostat = 0, mirostat_lr = 0.100, mirostat_ent = 5.000, adaptive_target = -1.000, adaptive_decay = 0.900
ollama-1  | slot launch_slot_: id  0 | task 3095 | processing task, is_child = 0
ollama-1  | slot   operator(): id  0 | task 3095 | new prompt, n_ctx_slot = 4096, n_keep = 4, task.n_tokens = 439
ollama-1  | slot   operator(): id  0 | task 3095 | cached n_tokens = 350, memory_seq_rm [350, end)
ollama-1  | slot init_sampler: id  0 | task 3095 | init sampler, took 0.04 ms, tokens: text = 439, total = 439
ollama-1  | slot print_timing: id  0 | task 3095 | prompt eval time =    1297.55 ms /    89 tokens (   14.58 ms per token,    68.59 tokens per second)
ollama-1  | slot print_timing: id  0 | task 3095 |        eval time =     537.20 ms /     9 tokens (   67.15 ms per token,    14.89 tokens per second)
ollama-1  | slot print_timing: id  0 | task 3095 |       total time =    1834.75 ms /    98 tokens
ollama-1  | slot print_timing: id  0 | task 3095 |    graphs reused =       2180
ollama-1  | slot      release: id  0 | task 3095 | stop processing: n_tokens = 447, truncated = 0
ollama-1  | srv  update_slots: all slots are idle
ollama-1  | [GIN] 2026/10/08 - 05:56:10 | 200 |         1m34s |      172.21.0.4 | POST     "/api/generate"
ollama-1  | srv  server_strea: conv_id= (empty=1)
ollama-1  | slot get_availabl: id  0 | task -1 |  - checking sim = 0.751 (350/466) > 0.100
ollama-1  | slot get_availabl: id  0 | task -1 | selected slot by LCP similarity, f_sim_best = 0.751 (> 0.100 thold), f_keep = 0.783
ollama-1  | slot launch_slot_: id  0 | task -1 | sampler chain: logits -> ?penalties -> ?dry -> ?top-n-sigma -> top-k -> ?typical -> top-p -> ?min-p -> ?xtc -> temp-ext -> dist 
ollama-1  | slot launch_slot_: id  0 | task -1 | sampler params: 
ollama-1  | 	repeat_last_n = 64, repeat_penalty = 1.000, frequency_penalty = 0.000, presence_penalty = 0.000
ollama-1  | 	dry_multiplier = 0.000, dry_base = 1.750, dry_allowed_length = 2, dry_penalty_last_n = 64
ollama-1  | 	top_k = 40, top_p = 0.900, min_p = 0.000, xtc_probability = 0.000, xtc_threshold = 0.100, typical_p = 1.000, top_n_sigma = -1.000, temp = 0.000
ollama-1  | 	mirostat = 0, mirostat_lr = 0.100, mirostat_ent = 5.000, adaptive_target = -1.000, adaptive_decay = 0.900
ollama-1  | slot launch_slot_: id  0 | task 3105 | processing task, is_child = 0
ollama-1  | slot   operator(): id  0 | task 3105 | new prompt, n_ctx_slot = 4096, n_keep = 4, task.n_tokens = 466
ollama-1  | slot   operator(): id  0 | task 3105 | cached n_tokens = 350, memory_seq_rm [350, end)
ollama-1  | slot init_sampler: id  0 | task 3105 | init sampler, took 0.04 ms, tokens: text = 466, total = 466
ollama-1  | slot print_timing: id  0 | task 3105 | prompt eval time =    1666.65 ms /   116 tokens (   14.37 ms per token,    69.60 tokens per second)
ollama-1  | slot print_timing: id  0 | task 3105 |        eval time =     466.98 ms /     8 tokens (   66.71 ms per token,    14.99 tokens per second)
ollama-1  | slot print_timing: id  0 | task 3105 |       total time =    2133.64 ms /   124 tokens
ollama-1  | slot print_timing: id  0 | task 3105 |    graphs reused =       2186
ollama-1  | slot      release: id  0 | task 3105 | stop processing: n_tokens = 473, truncated = 0
ollama-1  | srv  update_slots: all slots are idle
ollama-1  | [GIN] 2026/10/08 - 05:56:13 | 200 |         1m34s |      172.21.0.4 | POST     "/api/generate"
ollama-1  | srv  server_strea: conv_id= (empty=1)
ollama-1  | slot get_availabl: id  0 | task -1 |  - checking sim = 0.534 (350/655) > 0.100
ollama-1  | slot get_availabl: id  0 | task -1 | selected slot by LCP similarity, f_sim_best = 0.534 (> 0.100 thold), f_keep = 0.740
ollama-1  | slot launch_slot_: id  0 | task -1 | sampler chain: logits -> ?penalties -> ?dry -> ?top-n-sigma -> top-k -> ?typical -> top-p -> ?min-p -> ?xtc -> temp-ext -> dist 
ollama-1  | slot launch_slot_: id  0 | task -1 | sampler params: 
ollama-1  | 	repeat_last_n = 64, repeat_penalty = 1.000, frequency_penalty = 0.000, presence_penalty = 0.000
ollama-1  | 	dry_multiplier = 0.000, dry_base = 1.750, dry_allowed_length = 2, dry_penalty_last_n = 64
ollama-1  | 	top_k = 40, top_p = 0.900, min_p = 0.000, xtc_probability = 0.000, xtc_threshold = 0.100, typical_p = 1.000, top_n_sigma = -1.000, temp = 0.000
ollama-1  | 	mirostat = 0, mirostat_lr = 0.100, mirostat_ent = 5.000, adaptive_target = -1.000, adaptive_decay = 0.900
ollama-1  | slot launch_slot_: id  0 | task 3114 | processing task, is_child = 0
ollama-1  | slot   operator(): id  0 | task 3114 | new prompt, n_ctx_slot = 4096, n_keep = 4, task.n_tokens = 655
ollama-1  | slot   operator(): id  0 | task 3114 | cached n_tokens = 350, memory_seq_rm [350, end)
ollama-1  | slot init_sampler: id  0 | task 3114 | init sampler, took 0.07 ms, tokens: text = 655, total = 655
ollama-1  | slot print_timing: id  0 | task 3114 | prompt eval time =    4331.31 ms /   305 tokens (   14.20 ms per token,    70.42 tokens per second)
ollama-1  | slot print_timing: id  0 | task 3114 |        eval time =     546.00 ms /     9 tokens (   68.25 ms per token,    14.65 tokens per second)
ollama-1  | slot print_timing: id  0 | task 3114 |       total time =    4877.31 ms /   314 tokens
ollama-1  | slot print_timing: id  0 | task 3114 |    graphs reused =       2193
ollama-1  | slot      release: id  0 | task 3114 | stop processing: n_tokens = 663, truncated = 0
ollama-1  | srv  update_slots: all slots are idle
ollama-1  | [GIN] 2026/10/08 - 05:56:19 | 200 |         1m38s |      172.21.0.4 | POST     "/api/generate"
ollama-1  | srv  server_strea: conv_id= (empty=1)
ollama-1  | slot get_availabl: id  0 | task -1 |  - checking sim = 0.738 (350/474) > 0.100
ollama-1  | slot get_availabl: id  0 | task -1 | selected slot by LCP similarity, f_sim_best = 0.738 (> 0.100 thold), f_keep = 0.528
ollama-1  | slot launch_slot_: id  0 | task -1 | sampler chain: logits -> ?penalties -> ?dry -> ?top-n-sigma -> top-k -> ?typical -> top-p -> ?min-p -> ?xtc -> temp-ext -> dist 
ollama-1  | slot launch_slot_: id  0 | task -1 | sampler params: 
ollama-1  | 	repeat_last_n = 64, repeat_penalty = 1.000, frequency_penalty = 0.000, presence_penalty = 0.000
ollama-1  | 	dry_multiplier = 0.000, dry_base = 1.750, dry_allowed_length = 2, dry_penalty_last_n = 64
ollama-1  | 	top_k = 40, top_p = 0.900, min_p = 0.000, xtc_probability = 0.000, xtc_threshold = 0.100, typical_p = 1.000, top_n_sigma = -1.000, temp = 0.000
ollama-1  | 	mirostat = 0, mirostat_lr = 0.100, mirostat_ent = 5.000, adaptive_target = -1.000, adaptive_decay = 0.900
ollama-1  | slot launch_slot_: id  0 | task 3124 | processing task, is_child = 0
ollama-1  | slot   operator(): id  0 | task 3124 | new prompt, n_ctx_slot = 4096, n_keep = 4, task.n_tokens = 474
ollama-1  | slot   operator(): id  0 | task 3124 | cached n_tokens = 350, memory_seq_rm [350, end)
ollama-1  | slot init_sampler: id  0 | task 3124 | init sampler, took 0.04 ms, tokens: text = 474, total = 474
ollama-1  | [GIN] 2026/10/08 - 05:56:20 | 200 |      42.601µs |       127.0.0.1 | HEAD     "/"
ollama-1  | [GIN] 2026/10/08 - 05:56:20 | 200 |     973.261µs |       127.0.0.1 | GET      "/api/tags"
ollama-1  | slot print_timing: id  0 | task 3124 | prompt eval time =    1785.57 ms /   124 tokens (   14.40 ms per token,    69.45 tokens per second)
ollama-1  | slot print_timing: id  0 | task 3124 |        eval time =     457.46 ms /     8 tokens (   65.35 ms per token,    15.30 tokens per second)
ollama-1  | slot print_timing: id  0 | task 3124 |       total time =    2243.03 ms /   132 tokens
ollama-1  | slot print_timing: id  0 | task 3124 |    graphs reused =       2199
ollama-1  | slot      release: id  0 | task 3124 | stop processing: n_tokens = 481, truncated = 0
ollama-1  | srv  update_slots: all slots are idle
ollama-1  | [GIN] 2026/10/08 - 05:56:22 | 200 |         1m32s |      172.21.0.4 | POST     "/api/generate"
ollama-1  | srv  server_strea: conv_id= (empty=1)
ollama-1  | slot get_availabl: id  0 | task -1 |  - checking sim = 0.845 (350/414) > 0.100
ollama-1  | slot get_availabl: id  0 | task -1 | selected slot by LCP similarity, f_sim_best = 0.845 (> 0.100 thold), f_keep = 0.728
ollama-1  | slot launch_slot_: id  0 | task -1 | sampler chain: logits -> ?penalties -> ?dry -> ?top-n-sigma -> top-k -> ?typical -> top-p -> ?min-p -> ?xtc -> temp-ext -> dist 
ollama-1  | slot launch_slot_: id  0 | task -1 | sampler params: 
ollama-1  | 	repeat_last_n = 64, repeat_penalty = 1.000, frequency_penalty = 0.000, presence_penalty = 0.000
ollama-1  | 	dry_multiplier = 0.000, dry_base = 1.750, dry_allowed_length = 2, dry_penalty_last_n = 64
ollama-1  | 	top_k = 40, top_p = 0.900, min_p = 0.000, xtc_probability = 0.000, xtc_threshold = 0.100, typical_p = 1.000, top_n_sigma = -1.000, temp = 0.000
ollama-1  | 	mirostat = 0, mirostat_lr = 0.100, mirostat_ent = 5.000, adaptive_target = -1.000, adaptive_decay = 0.900
ollama-1  | slot launch_slot_: id  0 | task 3133 | processing task, is_child = 0
ollama-1  | slot   operator(): id  0 | task 3133 | new prompt, n_ctx_slot = 4096, n_keep = 4, task.n_tokens = 414
ollama-1  | slot   operator(): id  0 | task 3133 | cached n_tokens = 350, memory_seq_rm [350, end)
ollama-1  | slot init_sampler: id  0 | task 3133 | init sampler, took 0.04 ms, tokens: text = 414, total = 414
ollama-1  | slot print_timing: id  0 | task 3133 | prompt eval time =     929.02 ms /    64 tokens (   14.52 ms per token,    68.89 tokens per second)
ollama-1  | slot print_timing: id  0 | task 3133 |        eval time =     599.29 ms /    10 tokens (   66.59 ms per token,    15.02 tokens per second)
ollama-1  | slot print_timing: id  0 | task 3133 |       total time =    1528.32 ms /    74 tokens
ollama-1  | slot print_timing: id  0 | task 3133 |    graphs reused =       2207
ollama-1  | slot      release: id  0 | task 3133 | stop processing: n_tokens = 423, truncated = 0
ollama-1  | srv  update_slots: all slots are idle
ollama-1  | [GIN] 2026/10/08 - 05:56:23 | 200 |         1m33s |      172.21.0.4 | POST     "/api/generate"
ollama-1  | srv  server_strea: conv_id= (empty=1)
ollama-1  | slot get_availabl: id  0 | task -1 |  - checking sim = 0.708 (351/496) > 0.100
ollama-1  | slot get_availabl: id  0 | task -1 | selected slot by LCP similarity, f_sim_best = 0.708 (> 0.100 thold), f_keep = 0.830
ollama-1  | slot launch_slot_: id  0 | task -1 | sampler chain: logits -> ?penalties -> ?dry -> ?top-n-sigma -> top-k -> ?typical -> top-p -> ?min-p -> ?xtc -> temp-ext -> dist 
ollama-1  | slot launch_slot_: id  0 | task -1 | sampler params: 
ollama-1  | 	repeat_last_n = 64, repeat_penalty = 1.000, frequency_penalty = 0.000, presence_penalty = 0.000
ollama-1  | 	dry_multiplier = 0.000, dry_base = 1.750, dry_allowed_length = 2, dry_penalty_last_n = 64
ollama-1  | 	top_k = 40, top_p = 0.900, min_p = 0.000, xtc_probability = 0.000, xtc_threshold = 0.100, typical_p = 1.000, top_n_sigma = -1.000, temp = 0.000
ollama-1  | 	mirostat = 0, mirostat_lr = 0.100, mirostat_ent = 5.000, adaptive_target = -1.000, adaptive_decay = 0.900
ollama-1  | slot launch_slot_: id  0 | task 3144 | processing task, is_child = 0
ollama-1  | slot   operator(): id  0 | task 3144 | new prompt, n_ctx_slot = 4096, n_keep = 4, task.n_tokens = 496
ollama-1  | slot   operator(): id  0 | task 3144 | cached n_tokens = 351, memory_seq_rm [351, end)
ollama-1  | slot init_sampler: id  0 | task 3144 | init sampler, took 0.05 ms, tokens: text = 496, total = 496
ollama-1  | slot print_timing: id  0 | task 3144 | prompt eval time =    2115.23 ms /   145 tokens (   14.59 ms per token,    68.55 tokens per second)
ollama-1  | slot print_timing: id  0 | task 3144 |        eval time =     655.21 ms /    11 tokens (   65.52 ms per token,    15.26 tokens per second)
ollama-1  | slot print_timing: id  0 | task 3144 |       total time =    2770.44 ms /   156 tokens
ollama-1  | slot print_timing: id  0 | task 3144 |    graphs reused =       2216
ollama-1  | slot      release: id  0 | task 3144 | stop processing: n_tokens = 506, truncated = 0
ollama-1  | srv  update_slots: all slots are idle
ollama-1  | [GIN] 2026/10/08 - 05:56:26 | 200 |         1m35s |      172.21.0.4 | POST     "/api/generate"
ollama-1  | srv  server_strea: conv_id= (empty=1)
ollama-1  | slot get_availabl: id  0 | task -1 |  - checking sim = 0.580 (351/605) > 0.100
ollama-1  | slot get_availabl: id  0 | task -1 | selected slot by LCP similarity, f_sim_best = 0.580 (> 0.100 thold), f_keep = 0.694
ollama-1  | slot launch_slot_: id  0 | task -1 | sampler chain: logits -> ?penalties -> ?dry -> ?top-n-sigma -> top-k -> ?typical -> top-p -> ?min-p -> ?xtc -> temp-ext -> dist 
ollama-1  | slot launch_slot_: id  0 | task -1 | sampler params: 
ollama-1  | 	repeat_last_n = 64, repeat_penalty = 1.000, frequency_penalty = 0.000, presence_penalty = 0.000
ollama-1  | 	dry_multiplier = 0.000, dry_base = 1.750, dry_allowed_length = 2, dry_penalty_last_n = 64
ollama-1  | 	top_k = 40, top_p = 0.900, min_p = 0.000, xtc_probability = 0.000, xtc_threshold = 0.100, typical_p = 1.000, top_n_sigma = -1.000, temp = 0.000
ollama-1  | 	mirostat = 0, mirostat_lr = 0.100, mirostat_ent = 5.000, adaptive_target = -1.000, adaptive_decay = 0.900
ollama-1  | slot launch_slot_: id  0 | task 3156 | processing task, is_child = 0
ollama-1  | slot   operator(): id  0 | task 3156 | new prompt, n_ctx_slot = 4096, n_keep = 4, task.n_tokens = 605
ollama-1  | slot   operator(): id  0 | task 3156 | cached n_tokens = 351, memory_seq_rm [351, end)
ollama-1  | slot init_sampler: id  0 | task 3156 | init sampler, took 0.07 ms, tokens: text = 605, total = 605
ollama-1  | slot print_timing: id  0 | task 3156 | prompt eval time =    3676.77 ms /   254 tokens (   14.48 ms per token,    69.08 tokens per second)
ollama-1  | slot print_timing: id  0 | task 3156 |        eval time =     538.67 ms /     9 tokens (   67.33 ms per token,    14.85 tokens per second)
ollama-1  | slot print_timing: id  0 | task 3156 |       total time =    4215.44 ms /   263 tokens
ollama-1  | slot print_timing: id  0 | task 3156 |    graphs reused =       2223
ollama-1  | slot      release: id  0 | task 3156 | stop processing: n_tokens = 613, truncated = 0
ollama-1  | srv  update_slots: all slots are idle
ollama-1  | [GIN] 2026/10/08 - 05:56:30 | 200 |         1m34s |      172.21.0.4 | POST     "/api/generate"
ollama-1  | srv  server_strea: conv_id= (empty=1)
ollama-1  | slot get_availabl: id  0 | task -1 |  - checking sim = 0.572 (350/612) > 0.100
ollama-1  | slot get_availabl: id  0 | task -1 | selected slot by LCP similarity, f_sim_best = 0.572 (> 0.100 thold), f_keep = 0.571
ollama-1  | slot launch_slot_: id  0 | task -1 | sampler chain: logits -> ?penalties -> ?dry -> ?top-n-sigma -> top-k -> ?typical -> top-p -> ?min-p -> ?xtc -> temp-ext -> dist 
ollama-1  | slot launch_slot_: id  0 | task -1 | sampler params: 
ollama-1  | 	repeat_last_n = 64, repeat_penalty = 1.000, frequency_penalty = 0.000, presence_penalty = 0.000
ollama-1  | 	dry_multiplier = 0.000, dry_base = 1.750, dry_allowed_length = 2, dry_penalty_last_n = 64
ollama-1  | 	top_k = 40, top_p = 0.900, min_p = 0.000, xtc_probability = 0.000, xtc_threshold = 0.100, typical_p = 1.000, top_n_sigma = -1.000, temp = 0.000
ollama-1  | 	mirostat = 0, mirostat_lr = 0.100, mirostat_ent = 5.000, adaptive_target = -1.000, adaptive_decay = 0.900
ollama-1  | slot launch_slot_: id  0 | task 3166 | processing task, is_child = 0
ollama-1  | slot   operator(): id  0 | task 3166 | new prompt, n_ctx_slot = 4096, n_keep = 4, task.n_tokens = 612
ollama-1  | slot   operator(): id  0 | task 3166 | cached n_tokens = 350, memory_seq_rm [350, end)
ollama-1  | slot init_sampler: id  0 | task 3166 | init sampler, took 0.04 ms, tokens: text = 612, total = 612
ollama-1  | [GIN] 2026/10/08 - 05:56:30 | 200 |      30.328µs |       127.0.0.1 | HEAD     "/"
ollama-1  | [GIN] 2026/10/08 - 05:56:30 | 200 |    1.001709ms |       127.0.0.1 | GET      "/api/tags"
ollama-1  | slot print_timing: id  0 | task 3166 | prompt eval time =    3743.81 ms /   262 tokens (   14.29 ms per token,    69.98 tokens per second)
ollama-1  | slot print_timing: id  0 | task 3166 |        eval time =     463.34 ms /     8 tokens (   66.19 ms per token,    15.11 tokens per second)
ollama-1  | slot print_timing: id  0 | task 3166 |       total time =    4207.15 ms /   270 tokens
ollama-1  | slot print_timing: id  0 | task 3166 |    graphs reused =       2229
ollama-1  | slot      release: id  0 | task 3166 | stop processing: n_tokens = 619, truncated = 0
ollama-1  | srv  update_slots: all slots are idle
ollama-1  | [GIN] 2026/10/08 - 05:56:34 | 200 |         1m36s |      172.21.0.4 | POST     "/api/generate"
ollama-1  | srv  server_strea: conv_id= (empty=1)
ollama-1  | slot get_availabl: id  0 | task -1 |  - checking sim = 0.615 (350/569) > 0.100
ollama-1  | slot get_availabl: id  0 | task -1 | selected slot by LCP similarity, f_sim_best = 0.615 (> 0.100 thold), f_keep = 0.565
ollama-1  | slot launch_slot_: id  0 | task -1 | sampler chain: logits -> ?penalties -> ?dry -> ?top-n-sigma -> top-k -> ?typical -> top-p -> ?min-p -> ?xtc -> temp-ext -> dist 
ollama-1  | slot launch_slot_: id  0 | task -1 | sampler params: 
ollama-1  | 	repeat_last_n = 64, repeat_penalty = 1.000, frequency_penalty = 0.000, presence_penalty = 0.000
ollama-1  | 	dry_multiplier = 0.000, dry_base = 1.750, dry_allowed_length = 2, dry_penalty_last_n = 64
ollama-1  | 	top_k = 40, top_p = 0.900, min_p = 0.000, xtc_probability = 0.000, xtc_threshold = 0.100, typical_p = 1.000, top_n_sigma = -1.000, temp = 0.000
ollama-1  | 	mirostat = 0, mirostat_lr = 0.100, mirostat_ent = 5.000, adaptive_target = -1.000, adaptive_decay = 0.900
ollama-1  | slot launch_slot_: id  0 | task 3175 | processing task, is_child = 0
ollama-1  | slot   operator(): id  0 | task 3175 | new prompt, n_ctx_slot = 4096, n_keep = 4, task.n_tokens = 569
ollama-1  | slot   operator(): id  0 | task 3175 | cached n_tokens = 350, memory_seq_rm [350, end)
ollama-1  | slot init_sampler: id  0 | task 3175 | init sampler, took 0.06 ms, tokens: text = 569, total = 569
ollama-1  | slot print_timing: id  0 | task 3175 | prompt eval time =    3159.84 ms /   219 tokens (   14.43 ms per token,    69.31 tokens per second)
ollama-1  | slot print_timing: id  0 | task 3175 |        eval time =     754.45 ms /    11 tokens (   75.45 ms per token,    13.25 tokens per second)
ollama-1  | slot print_timing: id  0 | task 3175 |       total time =    3914.30 ms /   230 tokens
ollama-1  | slot print_timing: id  0 | task 3175 |    graphs reused =       2238
ollama-1  | slot      release: id  0 | task 3175 | stop processing: n_tokens = 579, truncated = 0
ollama-1  | srv  update_slots: all slots are idle
ollama-1  | [GIN] 2026/10/08 - 05:56:38 | 200 |         1m37s |      172.21.0.4 | POST     "/api/generate"
ollama-1  | srv  server_strea: conv_id= (empty=1)
ollama-1  | slot get_availabl: id  0 | task -1 |  - checking sim = 0.680 (350/515) > 0.100
ollama-1  | slot get_availabl: id  0 | task -1 | selected slot by LCP similarity, f_sim_best = 0.680 (> 0.100 thold), f_keep = 0.604
ollama-1  | slot launch_slot_: id  0 | task -1 | sampler chain: logits -> ?penalties -> ?dry -> ?top-n-sigma -> top-k -> ?typical -> top-p -> ?min-p -> ?xtc -> temp-ext -> dist 
ollama-1  | slot launch_slot_: id  0 | task -1 | sampler params: 
ollama-1  | 	repeat_last_n = 64, repeat_penalty = 1.000, frequency_penalty = 0.000, presence_penalty = 0.000
ollama-1  | 	dry_multiplier = 0.000, dry_base = 1.750, dry_allowed_length = 2, dry_penalty_last_n = 64
ollama-1  | 	top_k = 40, top_p = 0.900, min_p = 0.000, xtc_probability = 0.000, xtc_threshold = 0.100, typical_p = 1.000, top_n_sigma = -1.000, temp = 0.000
ollama-1  | 	mirostat = 0, mirostat_lr = 0.100, mirostat_ent = 5.000, adaptive_target = -1.000, adaptive_decay = 0.900
ollama-1  | slot launch_slot_: id  0 | task 3187 | processing task, is_child = 0
ollama-1  | slot   operator(): id  0 | task 3187 | new prompt, n_ctx_slot = 4096, n_keep = 4, task.n_tokens = 515
ollama-1  | slot   operator(): id  0 | task 3187 | cached n_tokens = 350, memory_seq_rm [350, end)
ollama-1  | slot init_sampler: id  0 | task 3187 | init sampler, took 0.05 ms, tokens: text = 515, total = 515
ollama-1  | [GIN] 2026/10/08 - 05:56:40 | 200 |      29.602µs |       127.0.0.1 | HEAD     "/"
ollama-1  | [GIN] 2026/10/08 - 05:56:40 | 200 |    1.440953ms |       127.0.0.1 | GET      "/api/tags"
ollama-1  | slot print_timing: id  0 | task 3187 | prompt eval time =    2444.49 ms /   165 tokens (   14.82 ms per token,    67.50 tokens per second)
ollama-1  | slot print_timing: id  0 | task 3187 |        eval time =     620.25 ms /    10 tokens (   68.92 ms per token,    14.51 tokens per second)
ollama-1  | slot print_timing: id  0 | task 3187 |       total time =    3064.74 ms /   175 tokens
ollama-1  | slot print_timing: id  0 | task 3187 |    graphs reused =       2246
ollama-1  | slot      release: id  0 | task 3187 | stop processing: n_tokens = 524, truncated = 0
ollama-1  | srv  update_slots: all slots are idle
ollama-1  | [GIN] 2026/10/08 - 05:56:41 | 200 |         1m35s |      172.21.0.4 | POST     "/api/generate"
ollama-1  | srv  server_strea: conv_id= (empty=1)
ollama-1  | slot get_availabl: id  0 | task -1 |  - checking sim = 0.868 (350/403) > 0.100
ollama-1  | slot get_availabl: id  0 | task -1 | selected slot by LCP similarity, f_sim_best = 0.868 (> 0.100 thold), f_keep = 0.668
ollama-1  | slot launch_slot_: id  0 | task -1 | sampler chain: logits -> ?penalties -> ?dry -> ?top-n-sigma -> top-k -> ?typical -> top-p -> ?min-p -> ?xtc -> temp-ext -> dist 
ollama-1  | slot launch_slot_: id  0 | task -1 | sampler params: 
ollama-1  | 	repeat_last_n = 64, repeat_penalty = 1.000, frequency_penalty = 0.000, presence_penalty = 0.000
ollama-1  | 	dry_multiplier = 0.000, dry_base = 1.750, dry_allowed_length = 2, dry_penalty_last_n = 64
ollama-1  | 	top_k = 40, top_p = 0.900, min_p = 0.000, xtc_probability = 0.000, xtc_threshold = 0.100, typical_p = 1.000, top_n_sigma = -1.000, temp = 0.000
ollama-1  | 	mirostat = 0, mirostat_lr = 0.100, mirostat_ent = 5.000, adaptive_target = -1.000, adaptive_decay = 0.900
ollama-1  | slot launch_slot_: id  0 | task 3198 | processing task, is_child = 0
ollama-1  | slot   operator(): id  0 | task 3198 | new prompt, n_ctx_slot = 4096, n_keep = 4, task.n_tokens = 403
ollama-1  | slot   operator(): id  0 | task 3198 | cached n_tokens = 350, memory_seq_rm [350, end)
ollama-1  | slot init_sampler: id  0 | task 3198 | init sampler, took 0.07 ms, tokens: text = 403, total = 403
ollama-1  | slot print_timing: id  0 | task 3198 | prompt eval time =     799.68 ms /    53 tokens (   15.09 ms per token,    66.28 tokens per second)
ollama-1  | slot print_timing: id  0 | task 3198 |        eval time =     527.71 ms /     9 tokens (   65.96 ms per token,    15.16 tokens per second)
ollama-1  | slot print_timing: id  0 | task 3198 |       total time =    1327.39 ms /    62 tokens
ollama-1  | slot print_timing: id  0 | task 3198 |    graphs reused =       2253
ollama-1  | slot      release: id  0 | task 3198 | stop processing: n_tokens = 411, truncated = 0
ollama-1  | srv  update_slots: all slots are idle
ollama-1  | [GIN] 2026/10/08 - 05:56:43 | 200 |         1m35s |      172.21.0.4 | POST     "/api/generate"
ollama-1  | srv  server_strea: conv_id= (empty=1)
ollama-1  | slot get_availabl: id  0 | task -1 |  - checking sim = 0.603 (350/580) > 0.100
ollama-1  | slot get_availabl: id  0 | task -1 | selected slot by LCP similarity, f_sim_best = 0.603 (> 0.100 thold), f_keep = 0.852
ollama-1  | slot launch_slot_: id  0 | task -1 | sampler chain: logits -> ?penalties -> ?dry -> ?top-n-sigma -> top-k -> ?typical -> top-p -> ?min-p -> ?xtc -> temp-ext -> dist 
ollama-1  | slot launch_slot_: id  0 | task -1 | sampler params: 
ollama-1  | 	repeat_last_n = 64, repeat_penalty = 1.000, frequency_penalty = 0.000, presence_penalty = 0.000
ollama-1  | 	dry_multiplier = 0.000, dry_base = 1.750, dry_allowed_length = 2, dry_penalty_last_n = 64
ollama-1  | 	top_k = 40, top_p = 0.900, min_p = 0.000, xtc_probability = 0.000, xtc_threshold = 0.100, typical_p = 1.000, top_n_sigma = -1.000, temp = 0.000
ollama-1  | 	mirostat = 0, mirostat_lr = 0.100, mirostat_ent = 5.000, adaptive_target = -1.000, adaptive_decay = 0.900
ollama-1  | slot launch_slot_: id  0 | task 3208 | processing task, is_child = 0
ollama-1  | slot   operator(): id  0 | task 3208 | new prompt, n_ctx_slot = 4096, n_keep = 4, task.n_tokens = 580
ollama-1  | slot   operator(): id  0 | task 3208 | cached n_tokens = 350, memory_seq_rm [350, end)
ollama-1  | slot init_sampler: id  0 | task 3208 | init sampler, took 0.06 ms, tokens: text = 580, total = 580
ollama-1  | slot print_timing: id  0 | task 3208 | prompt eval time =    3296.34 ms /   230 tokens (   14.33 ms per token,    69.77 tokens per second)
ollama-1  | slot print_timing: id  0 | task 3208 |        eval time =     598.03 ms /    10 tokens (   66.45 ms per token,    15.05 tokens per second)
ollama-1  | slot print_timing: id  0 | task 3208 |       total time =    3894.36 ms /   240 tokens
ollama-1  | slot print_timing: id  0 | task 3208 |    graphs reused =       2261
ollama-1  | slot      release: id  0 | task 3208 | stop processing: n_tokens = 589, truncated = 0
ollama-1  | srv  update_slots: all slots are idle
ollama-1  | [GIN] 2026/10/08 - 05:56:48 | 200 |         1m31s |      172.21.0.4 | POST     "/api/generate"
ollama-1  | srv  server_strea: conv_id= (empty=1)
ollama-1  | slot get_availabl: id  0 | task -1 |  - checking sim = 0.829 (350/422) > 0.100
ollama-1  | slot get_availabl: id  0 | task -1 | selected slot by LCP similarity, f_sim_best = 0.829 (> 0.100 thold), f_keep = 0.594
ollama-1  | slot launch_slot_: id  0 | task -1 | sampler chain: logits -> ?penalties -> ?dry -> ?top-n-sigma -> top-k -> ?typical -> top-p -> ?min-p -> ?xtc -> temp-ext -> dist 
ollama-1  | slot launch_slot_: id  0 | task -1 | sampler params: 
ollama-1  | 	repeat_last_n = 64, repeat_penalty = 1.000, frequency_penalty = 0.000, presence_penalty = 0.000
ollama-1  | 	dry_multiplier = 0.000, dry_base = 1.750, dry_allowed_length = 2, dry_penalty_last_n = 64
ollama-1  | 	top_k = 40, top_p = 0.900, min_p = 0.000, xtc_probability = 0.000, xtc_threshold = 0.100, typical_p = 1.000, top_n_sigma = -1.000, temp = 0.000
ollama-1  | 	mirostat = 0, mirostat_lr = 0.100, mirostat_ent = 5.000, adaptive_target = -1.000, adaptive_decay = 0.900
ollama-1  | slot launch_slot_: id  0 | task 3219 | processing task, is_child = 0
ollama-1  | slot   operator(): id  0 | task 3219 | new prompt, n_ctx_slot = 4096, n_keep = 4, task.n_tokens = 422
ollama-1  | slot   operator(): id  0 | task 3219 | cached n_tokens = 350, memory_seq_rm [350, end)
ollama-1  | slot init_sampler: id  0 | task 3219 | init sampler, took 0.05 ms, tokens: text = 422, total = 422
ollama-1  | slot print_timing: id  0 | task 3219 | prompt eval time =    1072.10 ms /    72 tokens (   14.89 ms per token,    67.16 tokens per second)
ollama-1  | slot print_timing: id  0 | task 3219 |        eval time =     528.56 ms /     9 tokens (   66.07 ms per token,    15.14 tokens per second)
ollama-1  | slot print_timing: id  0 | task 3219 |       total time =    1600.66 ms /    81 tokens
ollama-1  | slot print_timing: id  0 | task 3219 |    graphs reused =       2268
ollama-1  | slot      release: id  0 | task 3219 | stop processing: n_tokens = 430, truncated = 0
ollama-1  | srv  update_slots: all slots are idle
ollama-1  | [GIN] 2026/10/08 - 05:56:50 | 200 |         1m32s |      172.21.0.4 | POST     "/api/generate"
ollama-1  | srv  server_strea: conv_id= (empty=1)
ollama-1  | slot get_availabl: id  0 | task -1 |  - checking sim = 0.396 (350/884) > 0.100
ollama-1  | slot get_availabl: id  0 | task -1 | selected slot by LCP similarity, f_sim_best = 0.396 (> 0.100 thold), f_keep = 0.814
ollama-1  | slot launch_slot_: id  0 | task -1 | sampler chain: logits -> ?penalties -> ?dry -> ?top-n-sigma -> top-k -> ?typical -> top-p -> ?min-p -> ?xtc -> temp-ext -> dist 
ollama-1  | slot launch_slot_: id  0 | task -1 | sampler params: 
ollama-1  | 	repeat_last_n = 64, repeat_penalty = 1.000, frequency_penalty = 0.000, presence_penalty = 0.000
ollama-1  | 	dry_multiplier = 0.000, dry_base = 1.750, dry_allowed_length = 2, dry_penalty_last_n = 64
ollama-1  | 	top_k = 40, top_p = 0.900, min_p = 0.000, xtc_probability = 0.000, xtc_threshold = 0.100, typical_p = 1.000, top_n_sigma = -1.000, temp = 0.000
ollama-1  | 	mirostat = 0, mirostat_lr = 0.100, mirostat_ent = 5.000, adaptive_target = -1.000, adaptive_decay = 0.900
ollama-1  | slot launch_slot_: id  0 | task 3229 | processing task, is_child = 0
ollama-1  | slot   operator(): id  0 | task 3229 | new prompt, n_ctx_slot = 4096, n_keep = 4, task.n_tokens = 884
ollama-1  | slot   operator(): id  0 | task 3229 | cached n_tokens = 350, memory_seq_rm [350, end)
ollama-1  | [GIN] 2026/10/08 - 05:56:52 | 200 |      19.782µs |       127.0.0.1 | HEAD     "/"
ollama-1  | [GIN] 2026/10/08 - 05:56:52 | 200 |     870.388µs |       127.0.0.1 | GET      "/api/tags"
ollama-1  | slot print_timing: id  0 | task 3229 | prompt processing, n_tokens =    512, progress = 0.98, t =   7.30 s / 70.15 tokens per second
ollama-1  | slot   operator(): id  0 | task 3229 | cached n_tokens = 862, memory_seq_rm [862, end)
ollama-1  | slot init_sampler: id  0 | task 3229 | init sampler, took 0.13 ms, tokens: text = 884, total = 884
ollama-1  | slot print_timing: id  0 | task 3229 | prompt eval time =    7712.61 ms /   534 tokens (   14.44 ms per token,    69.24 tokens per second)
ollama-1  | slot print_timing: id  0 | task 3229 |        eval time =     544.98 ms /     9 tokens (   68.12 ms per token,    14.68 tokens per second)
ollama-1  | slot print_timing: id  0 | task 3229 |       total time =    8257.59 ms /   543 tokens
ollama-1  | slot print_timing: id  0 | task 3229 |    graphs reused =       2275
ollama-1  | slot      release: id  0 | task 3229 | stop processing: n_tokens = 892, truncated = 0
ollama-1  | srv  update_slots: all slots are idle
ollama-1  | [GIN] 2026/10/08 - 05:56:58 | 200 |         1m32s |      172.21.0.4 | POST     "/api/generate"
ollama-1  | srv  server_strea: conv_id= (empty=1)
ollama-1  | slot get_availabl: id  0 | task -1 |  - checking sim = 0.514 (350/681) > 0.100
ollama-1  | slot get_availabl: id  0 | task -1 | selected slot by LCP similarity, f_sim_best = 0.514 (> 0.100 thold), f_keep = 0.392
ollama-1  | srv  get_availabl: updating prompt cache
ollama-1  | srv   prompt_save:  - saving prompt with length 892, total state size = 111.511 MiB (draft: 0.000 MiB)
ollama-1  | srv         alloc:  - prompt is already in the cache, skipping
ollama-1  | srv          load:  - looking for better prompt, base f_keep = 0.392, f_sim = 0.514
ollama-1  | srv          load:    - prompt with length     782, lcp =     350, f_keep = 0.448, f_sim = 0.514
ollama-1  | srv          load:    - prompt with length     794, lcp =     350, f_keep = 0.441, f_sim = 0.514
ollama-1  | srv          load:    - prompt with length     753, lcp =     350, f_keep = 0.465, f_sim = 0.514
ollama-1  | srv          load:    - prompt with length     730, lcp =     350, f_keep = 0.479, f_sim = 0.514
ollama-1  | srv          load:    - prompt with length     828, lcp =     350, f_keep = 0.423, f_sim = 0.514
ollama-1  | srv          load:    - prompt with length     851, lcp =     350, f_keep = 0.411, f_sim = 0.514
ollama-1  | srv          load:    - prompt with length     844, lcp =     350, f_keep = 0.415, f_sim = 0.514
ollama-1  | srv          load:    - prompt with length     846, lcp =     350, f_keep = 0.414, f_sim = 0.514
ollama-1  | srv          load:    - prompt with length     892, lcp =     350, f_keep = 0.392, f_sim = 0.514
ollama-1  | srv          load:    - prompt with length     780, lcp =     350, f_keep = 0.449, f_sim = 0.514
ollama-1  | srv          load:    - prompt with length     730, lcp =     350, f_keep = 0.479, f_sim = 0.514
ollama-1  | srv          load:    - prompt with length     728, lcp =     350, f_keep = 0.481, f_sim = 0.514
ollama-1  | srv          load:    - prompt with length     729, lcp =     350, f_keep = 0.480, f_sim = 0.514
ollama-1  | srv          load:    - prompt with length     796, lcp =     350, f_keep = 0.440, f_sim = 0.514
ollama-1  | srv          load:    - prompt with length     709, lcp =     350, f_keep = 0.494, f_sim = 0.514
ollama-1  | srv          load:    - prompt with length     724, lcp =     350, f_keep = 0.483, f_sim = 0.514
ollama-1  | srv          load:    - prompt with length     800, lcp =     350, f_keep = 0.438, f_sim = 0.514
ollama-1  | srv          load:    - prompt with length     790, lcp =     350, f_keep = 0.443, f_sim = 0.514
ollama-1  | srv        update:  - cache state: 18 prompts, 1763.425 MiB (limits: 8192.000 MiB, 4096 tokens, 65529 est)
ollama-1  | srv        update:    - prompt 0x36524940:     782 tokens, checkpoints:  0,    97.760 MiB
ollama-1  | srv        update:    - prompt 0x36524a40:     794 tokens, checkpoints:  0,    99.260 MiB
ollama-1  | srv        update:    - prompt 0x36521d10:     753 tokens, checkpoints:  0,    94.134 MiB
ollama-1  | srv        update:    - prompt 0x36521c60:     730 tokens, checkpoints:  0,    91.259 MiB
ollama-1  | srv        update:    - prompt 0x36521bb0:     828 tokens, checkpoints:  0,   103.510 MiB
ollama-1  | srv        update:    - prompt 0x36537930:     851 tokens, checkpoints:  0,   106.385 MiB
ollama-1  | srv        update:    - prompt 0x3652bd10:     844 tokens, checkpoints:  0,   105.510 MiB
ollama-1  | srv        update:    - prompt 0x3724fc20:     846 tokens, checkpoints:  0,   105.760 MiB
ollama-1  | srv        update:    - prompt 0x3651c680:     892 tokens, checkpoints:  0,   111.511 MiB
ollama-1  | srv        update:    - prompt 0x3715ca80:     780 tokens, checkpoints:  0,    97.510 MiB
ollama-1  | srv        update:    - prompt 0x37b80950:     730 tokens, checkpoints:  0,    91.259 MiB
ollama-1  | srv        update:    - prompt 0x36522570:     728 tokens, checkpoints:  0,    91.009 MiB
ollama-1  | srv        update:    - prompt 0x36510eb0:     729 tokens, checkpoints:  0,    91.134 MiB
ollama-1  | srv        update:    - prompt 0x3651cdf0:     796 tokens, checkpoints:  0,    99.510 MiB
ollama-1  | srv        update:    - prompt 0x37264940:     709 tokens, checkpoints:  0,    88.634 MiB
ollama-1  | srv        update:    - prompt 0x37a562a0:     724 tokens, checkpoints:  0,    90.509 MiB
ollama-1  | srv        update:    - prompt 0x36996dc0:     800 tokens, checkpoints:  0,   100.010 MiB
ollama-1  | srv        update:    - prompt 0x364ffda0:     790 tokens, checkpoints:  0,    98.760 MiB
ollama-1  | srv  get_availabl: prompt cache update took 0.05 ms
ollama-1  | slot launch_slot_: id  0 | task -1 | sampler chain: logits -> ?penalties -> ?dry -> ?top-n-sigma -> top-k -> ?typical -> top-p -> ?min-p -> ?xtc -> temp-ext -> dist 
ollama-1  | slot launch_slot_: id  0 | task -1 | sampler params: 
ollama-1  | 	repeat_last_n = 64, repeat_penalty = 1.000, frequency_penalty = 0.000, presence_penalty = 0.000
ollama-1  | 	dry_multiplier = 0.000, dry_base = 1.750, dry_allowed_length = 2, dry_penalty_last_n = 64
ollama-1  | 	top_k = 40, top_p = 0.900, min_p = 0.000, xtc_probability = 0.000, xtc_threshold = 0.100, typical_p = 1.000, top_n_sigma = -1.000, temp = 0.000
ollama-1  | 	mirostat = 0, mirostat_lr = 0.100, mirostat_ent = 5.000, adaptive_target = -1.000, adaptive_decay = 0.900
ollama-1  | slot launch_slot_: id  0 | task 3240 | processing task, is_child = 0
ollama-1  | slot   operator(): id  0 | task 3240 | new prompt, n_ctx_slot = 4096, n_keep = 4, task.n_tokens = 681
ollama-1  | slot   operator(): id  0 | task 3240 | cached n_tokens = 350, memory_seq_rm [350, end)
ollama-1  | slot init_sampler: id  0 | task 3240 | init sampler, took 0.05 ms, tokens: text = 681, total = 681
ollama-1  | [GIN] 2026/10/08 - 05:57:02 | 200 |      27.273µs |       127.0.0.1 | HEAD     "/"
ollama-1  | [GIN] 2026/10/08 - 05:57:02 | 200 |    1.415032ms |       127.0.0.1 | GET      "/api/tags"
ollama-1  | slot print_timing: id  0 | task 3240 | prompt eval time =    4752.78 ms /   331 tokens (   14.36 ms per token,    69.64 tokens per second)
ollama-1  | slot print_timing: id  0 | task 3240 |        eval time =     538.28 ms /     9 tokens (   67.29 ms per token,    14.86 tokens per second)
ollama-1  | slot print_timing: id  0 | task 3240 |       total time =    5291.06 ms /   340 tokens
ollama-1  | slot print_timing: id  0 | task 3240 |    graphs reused =       2282
ollama-1  | slot      release: id  0 | task 3240 | stop processing: n_tokens = 689, truncated = 0
ollama-1  | srv  update_slots: all slots are idle
ollama-1  | [GIN] 2026/10/08 - 05:57:03 | 200 |         1m37s |      172.21.0.4 | POST     "/api/generate"
ollama-1  | srv  server_strea: conv_id= (empty=1)
ollama-1  | slot get_availabl: id  0 | task -1 |  - checking sim = 0.756 (350/463) > 0.100
ollama-1  | slot get_availabl: id  0 | task -1 | selected slot by LCP similarity, f_sim_best = 0.756 (> 0.100 thold), f_keep = 0.508
ollama-1  | slot launch_slot_: id  0 | task -1 | sampler chain: logits -> ?penalties -> ?dry -> ?top-n-sigma -> top-k -> ?typical -> top-p -> ?min-p -> ?xtc -> temp-ext -> dist 
ollama-1  | slot launch_slot_: id  0 | task -1 | sampler params: 
ollama-1  | 	repeat_last_n = 64, repeat_penalty = 1.000, frequency_penalty = 0.000, presence_penalty = 0.000
ollama-1  | 	dry_multiplier = 0.000, dry_base = 1.750, dry_allowed_length = 2, dry_penalty_last_n = 64
ollama-1  | 	top_k = 40, top_p = 0.900, min_p = 0.000, xtc_probability = 0.000, xtc_threshold = 0.100, typical_p = 1.000, top_n_sigma = -1.000, temp = 0.000
ollama-1  | 	mirostat = 0, mirostat_lr = 0.100, mirostat_ent = 5.000, adaptive_target = -1.000, adaptive_decay = 0.900
ollama-1  | slot launch_slot_: id  0 | task 3250 | processing task, is_child = 0
ollama-1  | slot   operator(): id  0 | task 3250 | new prompt, n_ctx_slot = 4096, n_keep = 4, task.n_tokens = 463
ollama-1  | slot   operator(): id  0 | task 3250 | cached n_tokens = 350, memory_seq_rm [350, end)
ollama-1  | slot init_sampler: id  0 | task 3250 | init sampler, took 0.04 ms, tokens: text = 463, total = 463
ollama-1  | slot print_timing: id  0 | task 3250 | prompt eval time =    1595.73 ms /   113 tokens (   14.12 ms per token,    70.81 tokens per second)
ollama-1  | slot print_timing: id  0 | task 3250 |        eval time =     590.33 ms /    10 tokens (   65.59 ms per token,    15.25 tokens per second)
ollama-1  | slot print_timing: id  0 | task 3250 |       total time =    2186.07 ms /   123 tokens
ollama-1  | slot print_timing: id  0 | task 3250 |    graphs reused =       2290
ollama-1  | slot      release: id  0 | task 3250 | stop processing: n_tokens = 472, truncated = 0
ollama-1  | srv  update_slots: all slots are idle
ollama-1  | [GIN] 2026/10/08 - 05:57:06 | 200 |         1m36s |      172.21.0.4 | POST     "/api/generate"
ollama-1  | srv  server_strea: conv_id= (empty=1)
ollama-1  | slot get_availabl: id  0 | task -1 |  - checking sim = 0.553 (350/633) > 0.100
ollama-1  | slot get_availabl: id  0 | task -1 | selected slot by LCP similarity, f_sim_best = 0.553 (> 0.100 thold), f_keep = 0.742
ollama-1  | slot launch_slot_: id  0 | task -1 | sampler chain: logits -> ?penalties -> ?dry -> ?top-n-sigma -> top-k -> ?typical -> top-p -> ?min-p -> ?xtc -> temp-ext -> dist 
ollama-1  | slot launch_slot_: id  0 | task -1 | sampler params: 
ollama-1  | 	repeat_last_n = 64, repeat_penalty = 1.000, frequency_penalty = 0.000, presence_penalty = 0.000
ollama-1  | 	dry_multiplier = 0.000, dry_base = 1.750, dry_allowed_length = 2, dry_penalty_last_n = 64
ollama-1  | 	top_k = 40, top_p = 0.900, min_p = 0.000, xtc_probability = 0.000, xtc_threshold = 0.100, typical_p = 1.000, top_n_sigma = -1.000, temp = 0.000
ollama-1  | 	mirostat = 0, mirostat_lr = 0.100, mirostat_ent = 5.000, adaptive_target = -1.000, adaptive_decay = 0.900
ollama-1  | slot launch_slot_: id  0 | task 3261 | processing task, is_child = 0
ollama-1  | slot   operator(): id  0 | task 3261 | new prompt, n_ctx_slot = 4096, n_keep = 4, task.n_tokens = 633
ollama-1  | slot   operator(): id  0 | task 3261 | cached n_tokens = 350, memory_seq_rm [350, end)
ollama-1  | slot init_sampler: id  0 | task 3261 | init sampler, took 0.05 ms, tokens: text = 633, total = 633
ollama-1  | slot print_timing: id  0 | task 3261 | prompt eval time =    4053.28 ms /   283 tokens (   14.32 ms per token,    69.82 tokens per second)
ollama-1  | slot print_timing: id  0 | task 3261 |        eval time =     552.34 ms /     9 tokens (   69.04 ms per token,    14.48 tokens per second)
ollama-1  | slot print_timing: id  0 | task 3261 |       total time =    4605.62 ms /   292 tokens
ollama-1  | slot print_timing: id  0 | task 3261 |    graphs reused =       2297
ollama-1  | slot      release: id  0 | task 3261 | stop processing: n_tokens = 641, truncated = 0
ollama-1  | srv  update_slots: all slots are idle
ollama-1  | [GIN] 2026/10/08 - 05:57:10 | 200 |         1m39s |      172.21.0.4 | POST     "/api/generate"
ollama-1  | srv  server_strea: conv_id= (empty=1)
ollama-1  | slot get_availabl: id  0 | task -1 |  - checking sim = 0.453 (350/772) > 0.100
ollama-1  | slot get_availabl: id  0 | task -1 | selected slot by LCP similarity, f_sim_best = 0.453 (> 0.100 thold), f_keep = 0.546
ollama-1  | slot launch_slot_: id  0 | task -1 | sampler chain: logits -> ?penalties -> ?dry -> ?top-n-sigma -> top-k -> ?typical -> top-p -> ?min-p -> ?xtc -> temp-ext -> dist 
ollama-1  | slot launch_slot_: id  0 | task -1 | sampler params: 
ollama-1  | 	repeat_last_n = 64, repeat_penalty = 1.000, frequency_penalty = 0.000, presence_penalty = 0.000
ollama-1  | 	dry_multiplier = 0.000, dry_base = 1.750, dry_allowed_length = 2, dry_penalty_last_n = 64
ollama-1  | 	top_k = 40, top_p = 0.900, min_p = 0.000, xtc_probability = 0.000, xtc_threshold = 0.100, typical_p = 1.000, top_n_sigma = -1.000, temp = 0.000
ollama-1  | 	mirostat = 0, mirostat_lr = 0.100, mirostat_ent = 5.000, adaptive_target = -1.000, adaptive_decay = 0.900
ollama-1  | slot launch_slot_: id  0 | task 3271 | processing task, is_child = 0
ollama-1  | slot   operator(): id  0 | task 3271 | new prompt, n_ctx_slot = 4096, n_keep = 4, task.n_tokens = 772
ollama-1  | slot   operator(): id  0 | task 3271 | cached n_tokens = 350, memory_seq_rm [350, end)
ollama-1  | slot init_sampler: id  0 | task 3271 | init sampler, took 0.06 ms, tokens: text = 772, total = 772
ollama-1  | [GIN] 2026/10/08 - 05:57:12 | 200 |      21.498µs |       127.0.0.1 | HEAD     "/"
ollama-1  | [GIN] 2026/10/08 - 05:57:12 | 200 |    1.505794ms |       127.0.0.1 | GET      "/api/tags"
ollama-1  | slot print_timing: id  0 | task 3271 | prompt eval time =    5993.60 ms /   422 tokens (   14.20 ms per token,    70.41 tokens per second)
ollama-1  | slot print_timing: id  0 | task 3271 |        eval time =     542.33 ms /     9 tokens (   67.79 ms per token,    14.75 tokens per second)
ollama-1  | slot print_timing: id  0 | task 3271 |       total time =    6535.93 ms /   431 tokens
ollama-1  | slot print_timing: id  0 | task 3271 |    graphs reused =       2304
ollama-1  | slot      release: id  0 | task 3271 | stop processing: n_tokens = 780, truncated = 0
ollama-1  | srv  update_slots: all slots are idle
ollama-1  | [GIN] 2026/10/08 - 05:57:19 | 200 |         1m44s |      172.21.0.4 | POST     "/api/generate"
ollama-1  | srv  server_strea: conv_id= (empty=1)
ollama-1  | slot get_availabl: id  0 | task -1 |  - checking sim = 0.639 (350/548) > 0.100
ollama-1  | slot get_availabl: id  0 | task -1 | selected slot by LCP similarity, f_sim_best = 0.639 (> 0.100 thold), f_keep = 0.449
ollama-1  | srv  get_availabl: updating prompt cache
ollama-1  | srv   prompt_save:  - saving prompt with length 780, total state size = 97.510 MiB (draft: 0.000 MiB)
ollama-1  | srv         alloc:  - prompt is already in the cache, skipping
ollama-1  | srv          load:  - looking for better prompt, base f_keep = 0.449, f_sim = 0.639
ollama-1  | srv          load:    - prompt with length     782, lcp =     350, f_keep = 0.448, f_sim = 0.639
ollama-1  | srv          load:    - prompt with length     794, lcp =     350, f_keep = 0.441, f_sim = 0.639
ollama-1  | srv          load:    - prompt with length     753, lcp =     350, f_keep = 0.465, f_sim = 0.639
ollama-1  | srv          load:    - prompt with length     730, lcp =     350, f_keep = 0.479, f_sim = 0.639
ollama-1  | srv          load:    - prompt with length     828, lcp =     350, f_keep = 0.423, f_sim = 0.639
ollama-1  | srv          load:    - prompt with length     851, lcp =     350, f_keep = 0.411, f_sim = 0.639
ollama-1  | srv          load:    - prompt with length     844, lcp =     350, f_keep = 0.415, f_sim = 0.639
ollama-1  | srv          load:    - prompt with length     846, lcp =     350, f_keep = 0.414, f_sim = 0.639
ollama-1  | srv          load:    - prompt with length     892, lcp =     350, f_keep = 0.392, f_sim = 0.639
ollama-1  | srv          load:    - prompt with length     780, lcp =     350, f_keep = 0.449, f_sim = 0.639
ollama-1  | srv          load:    - prompt with length     730, lcp =     350, f_keep = 0.479, f_sim = 0.639
ollama-1  | srv          load:    - prompt with length     728, lcp =     350, f_keep = 0.481, f_sim = 0.639
ollama-1  | srv          load:    - prompt with length     729, lcp =     350, f_keep = 0.480, f_sim = 0.639
ollama-1  | srv          load:    - prompt with length     796, lcp =     350, f_keep = 0.440, f_sim = 0.639
ollama-1  | srv          load:    - prompt with length     709, lcp =     350, f_keep = 0.494, f_sim = 0.639
ollama-1  | srv          load:    - prompt with length     724, lcp =     350, f_keep = 0.483, f_sim = 0.639
ollama-1  | srv          load:    - prompt with length     800, lcp =     350, f_keep = 0.438, f_sim = 0.639
ollama-1  | srv          load:    - prompt with length     790, lcp =     350, f_keep = 0.443, f_sim = 0.639
ollama-1  | srv        update:  - cache state: 18 prompts, 1763.425 MiB (limits: 8192.000 MiB, 4096 tokens, 65529 est)
ollama-1  | srv        update:    - prompt 0x36524940:     782 tokens, checkpoints:  0,    97.760 MiB
ollama-1  | srv        update:    - prompt 0x36524a40:     794 tokens, checkpoints:  0,    99.260 MiB
ollama-1  | srv        update:    - prompt 0x36521d10:     753 tokens, checkpoints:  0,    94.134 MiB
ollama-1  | srv        update:    - prompt 0x36521c60:     730 tokens, checkpoints:  0,    91.259 MiB
ollama-1  | srv        update:    - prompt 0x36521bb0:     828 tokens, checkpoints:  0,   103.510 MiB
ollama-1  | srv        update:    - prompt 0x36537930:     851 tokens, checkpoints:  0,   106.385 MiB
ollama-1  | srv        update:    - prompt 0x3652bd10:     844 tokens, checkpoints:  0,   105.510 MiB
ollama-1  | srv        update:    - prompt 0x3724fc20:     846 tokens, checkpoints:  0,   105.760 MiB
ollama-1  | srv        update:    - prompt 0x3651c680:     892 tokens, checkpoints:  0,   111.511 MiB
ollama-1  | srv        update:    - prompt 0x3715ca80:     780 tokens, checkpoints:  0,    97.510 MiB
ollama-1  | srv        update:    - prompt 0x37b80950:     730 tokens, checkpoints:  0,    91.259 MiB
ollama-1  | srv        update:    - prompt 0x36522570:     728 tokens, checkpoints:  0,    91.009 MiB
ollama-1  | srv        update:    - prompt 0x36510eb0:     729 tokens, checkpoints:  0,    91.134 MiB
ollama-1  | srv        update:    - prompt 0x3651cdf0:     796 tokens, checkpoints:  0,    99.510 MiB
ollama-1  | srv        update:    - prompt 0x37264940:     709 tokens, checkpoints:  0,    88.634 MiB
ollama-1  | srv        update:    - prompt 0x37a562a0:     724 tokens, checkpoints:  0,    90.509 MiB
ollama-1  | srv        update:    - prompt 0x36996dc0:     800 tokens, checkpoints:  0,   100.010 MiB
ollama-1  | srv        update:    - prompt 0x364ffda0:     790 tokens, checkpoints:  0,    98.760 MiB
ollama-1  | srv  get_availabl: prompt cache update took 0.10 ms
ollama-1  | slot launch_slot_: id  0 | task -1 | sampler chain: logits -> ?penalties -> ?dry -> ?top-n-sigma -> top-k -> ?typical -> top-p -> ?min-p -> ?xtc -> temp-ext -> dist 
ollama-1  | slot launch_slot_: id  0 | task -1 | sampler params: 
ollama-1  | 	repeat_last_n = 64, repeat_penalty = 1.000, frequency_penalty = 0.000, presence_penalty = 0.000
ollama-1  | 	dry_multiplier = 0.000, dry_base = 1.750, dry_allowed_length = 2, dry_penalty_last_n = 64
ollama-1  | 	top_k = 40, top_p = 0.900, min_p = 0.000, xtc_probability = 0.000, xtc_threshold = 0.100, typical_p = 1.000, top_n_sigma = -1.000, temp = 0.000
ollama-1  | 	mirostat = 0, mirostat_lr = 0.100, mirostat_ent = 5.000, adaptive_target = -1.000, adaptive_decay = 0.900
ollama-1  | slot launch_slot_: id  0 | task 3281 | processing task, is_child = 0
ollama-1  | slot   operator(): id  0 | task 3281 | new prompt, n_ctx_slot = 4096, n_keep = 4, task.n_tokens = 548
ollama-1  | slot   operator(): id  0 | task 3281 | cached n_tokens = 350, memory_seq_rm [350, end)
ollama-1  | slot init_sampler: id  0 | task 3281 | init sampler, took 0.06 ms, tokens: text = 548, total = 548
ollama-1  | slot print_timing: id  0 | task 3281 | prompt eval time =    2833.12 ms /   198 tokens (   14.31 ms per token,    69.89 tokens per second)
ollama-1  | slot print_timing: id  0 | task 3281 |        eval time =     537.77 ms /     9 tokens (   67.22 ms per token,    14.88 tokens per second)
ollama-1  | slot print_timing: id  0 | task 3281 |       total time =    3370.89 ms /   207 tokens
ollama-1  | slot print_timing: id  0 | task 3281 |    graphs reused =       2311
ollama-1  | slot      release: id  0 | task 3281 | stop processing: n_tokens = 556, truncated = 0
ollama-1  | srv  update_slots: all slots are idle
ollama-1  | [GIN] 2026/10/08 - 05:57:22 | 200 |         1m47s |      172.21.0.4 | POST     "/api/generate"
ollama-1  | [GIN] 2026/10/08 - 05:57:24 | 200 |      16.824µs |       127.0.0.1 | HEAD     "/"
ollama-1  | [GIN] 2026/10/08 - 05:57:24 | 200 |    1.385481ms |       127.0.0.1 | GET      "/api/tags"
ollama-1  | [GIN] 2026/10/08 - 05:57:34 | 200 |      15.555µs |       127.0.0.1 | HEAD     "/"
ollama-1  | [GIN] 2026/10/08 - 05:57:34 | 200 |     675.558µs |       127.0.0.1 | GET      "/api/tags"
ollama-1  | [GIN] 2026/10/08 - 05:57:44 | 200 |      15.047µs |       127.0.0.1 | HEAD     "/"
ollama-1  | [GIN] 2026/10/08 - 05:57:44 | 200 |      619.09µs |       127.0.0.1 | GET      "/api/tags"
ollama-1  | [GIN] 2026/10/08 - 05:57:56 | 200 |      15.726µs |       127.0.0.1 | HEAD     "/"
ollama-1  | [GIN] 2026/10/08 - 05:57:56 | 200 |     618.926µs |       127.0.0.1 | GET      "/api/tags"
ollama-1  | [GIN] 2026/10/08 - 05:58:06 | 200 |      15.081µs |       127.0.0.1 | HEAD     "/"
ollama-1  | [GIN] 2026/10/08 - 05:58:06 | 200 |     649.057µs |       127.0.0.1 | GET      "/api/tags"
ollama-1  | [GIN] 2026/10/08 - 05:58:16 | 200 |      15.686µs |       127.0.0.1 | HEAD     "/"
ollama-1  | [GIN] 2026/10/08 - 05:58:16 | 200 |     669.424µs |       127.0.0.1 | GET      "/api/tags"
ollama-1  | [GIN] 2026/10/08 - 05:58:28 | 200 |      24.034µs |       127.0.0.1 | HEAD     "/"
ollama-1  | [GIN] 2026/10/08 - 05:58:28 | 200 |     725.777µs |       127.0.0.1 | GET      "/api/tags"
ollama-1  | [GIN] 2026/10/08 - 05:58:38 | 200 |      26.513µs |       127.0.0.1 | HEAD     "/"
ollama-1  | [GIN] 2026/10/08 - 05:58:38 | 200 |     616.319µs |       127.0.0.1 | GET      "/api/tags"
ollama-1  | [GIN] 2026/10/08 - 05:58:48 | 200 |      22.535µs |       127.0.0.1 | HEAD     "/"
ollama-1  | [GIN] 2026/10/08 - 05:58:48 | 200 |     626.302µs |       127.0.0.1 | GET      "/api/tags"
ollama-1  | [GIN] 2026/10/08 - 05:59:00 | 200 |      15.048µs |       127.0.0.1 | HEAD     "/"
ollama-1  | [GIN] 2026/10/08 - 05:59:00 | 200 |    1.419403ms |       127.0.0.1 | GET      "/api/tags"
ollama-1  | [GIN] 2026/10/08 - 05:59:10 | 200 |      16.284µs |       127.0.0.1 | HEAD     "/"
ollama-1  | [GIN] 2026/10/08 - 05:59:10 | 200 |     688.772µs |       127.0.0.1 | GET      "/api/tags"
ollama-1  | [GIN] 2026/10/08 - 05:59:20 | 200 |      15.945µs |       127.0.0.1 | HEAD     "/"
ollama-1  | [GIN] 2026/10/08 - 05:59:20 | 200 |     692.291µs |       127.0.0.1 | GET      "/api/tags"
ollama-1  | [GIN] 2026/10/08 - 05:59:32 | 200 |      14.488µs |       127.0.0.1 | HEAD     "/"
ollama-1  | [GIN] 2026/10/08 - 05:59:32 | 200 |    5.405628ms |       127.0.0.1 | GET      "/api/tags"
ollama-1  | [GIN] 2026/10/08 - 05:59:42 | 200 |      16.915µs |       127.0.0.1 | HEAD     "/"
ollama-1  | [GIN] 2026/10/08 - 05:59:42 | 200 |     671.173µs |       127.0.0.1 | GET      "/api/tags"
ollama-1  | [GIN] 2026/10/08 - 05:59:52 | 200 |      14.528µs |       127.0.0.1 | HEAD     "/"
ollama-1  | [GIN] 2026/10/08 - 05:59:52 | 200 |     673.217µs |       127.0.0.1 | GET      "/api/tags"
ollama-1  | [GIN] 2026/10/08 - 06:00:04 | 200 |      15.213µs |       127.0.0.1 | HEAD     "/"
ollama-1  | [GIN] 2026/10/08 - 06:00:04 | 200 |     711.108µs |       127.0.0.1 | GET      "/api/tags"
ollama-1  | [GIN] 2026/10/08 - 06:00:14 | 200 |      15.163µs |       127.0.0.1 | HEAD     "/"
ollama-1  | [GIN] 2026/10/08 - 06:00:14 | 200 |     630.198µs |       127.0.0.1 | GET      "/api/tags"
ollama-1  | [GIN] 2026/10/08 - 06:00:24 | 200 |      15.883µs |       127.0.0.1 | HEAD     "/"
ollama-1  | [GIN] 2026/10/08 - 06:00:24 | 200 |     888.651µs |       127.0.0.1 | GET      "/api/tags"
ollama-1  | [GIN] 2026/10/08 - 06:00:36 | 200 |      15.142µs |       127.0.0.1 | HEAD     "/"
ollama-1  | [GIN] 2026/10/08 - 06:00:36 | 200 |     752.663µs |       127.0.0.1 | GET      "/api/tags"
ollama-1  | [GIN] 2026/10/08 - 06:00:46 | 200 |      24.925µs |       127.0.0.1 | HEAD     "/"
ollama-1  | [GIN] 2026/10/08 - 06:00:46 | 200 |      621.63µs |       127.0.0.1 | GET      "/api/tags"
ollama-1  | [GIN] 2026/10/08 - 06:00:56 | 200 |      15.452µs |       127.0.0.1 | HEAD     "/"
ollama-1  | [GIN] 2026/10/08 - 06:00:56 | 200 |     625.729µs |       127.0.0.1 | GET      "/api/tags"
ollama-1  | [GIN] 2026/10/08 - 06:01:08 | 200 |      17.381µs |       127.0.0.1 | HEAD     "/"
ollama-1  | [GIN] 2026/10/08 - 06:01:08 | 200 |     683.033µs |       127.0.0.1 | GET      "/api/tags"
ollama-1  | [GIN] 2026/10/08 - 06:01:10 | 200 |      52.435µs |      172.21.0.1 | GET      "/api/ps"
ollama-1  | [GIN] 2026/10/08 - 06:01:11 | 200 |       15.08µs |       127.0.0.1 | HEAD     "/"
ollama-1  | [GIN] 2026/10/08 - 06:01:11 | 200 |      22.465µs |       127.0.0.1 | GET      "/api/ps"
